"draw","source_draw","id","assumed_model","alpha_0","alpha_1","alpha_2","alpha_3","nu_0","nu_1","tau"
1,3,"s15","m3",-0.38448355145269,-0.639976856531643,-0.10899456781551,-0.94110916328663,-0.639118276403318,-0.0302689436068001,1.33704072069552
2,18,"s15","m3",-0.196973804372746,-0.580942012157587,-0.150328533327557,-0.833881392989089,-0.379097039953442,0.294758391385224,1.48230625840514
3,20,"s15","m3",-0.243778856649068,-0.704821248250831,-0.0224500447059626,-0.899251495271491,-0.0807988927328256,-0.184424820317867,1.60264546164818
4,37,"s15","m3",-0.168217321377472,-0.688479953750925,-0.0346807914892739,-0.884547762367421,-0.0964217964293838,0.177361043044776,1.31708725268318
5,49,"s15","m3",-0.204010468723335,-0.763699299216748,-0.253968262902268,-0.930701532368167,-0.732488020535454,0.0230316896638827,1.73530197314288
6,55,"s15","m3",-0.116502801908488,-0.679550508651752,-0.0353142975901413,-0.898455022016395,-0.188173261956124,-0.152894135676298,1.00958863500314
7,68,"s15","m3",-0.197878997851083,-0.638455900331794,-0.0386492333379039,-0.914254972535797,-0.268281255470866,-0.128117484194253,1.30310923107099
8,72,"s15","m3",-0.240259197489808,-0.786279140393199,-0.188787335330153,-0.972604150763573,-0.141543192477008,-0.139991699431532,1.52603805882985
9,74,"s15","m3",-0.263061081923317,-0.551046601001701,-0.157605819637869,-0.890176972677138,-0.282453340504758,0.194316881068587,1.31922429077549
10,77,"s15","m3",-0.28071034113951,-0.599691454871673,-0.0751498960043889,-0.925900558373207,-0.581200319770945,-0.0341980409058735,1.1756883799464
11,86,"s15","m3",-0.194217124651521,-0.736025710662543,-0.130416484879594,-0.867928049923947,-0.139818551604657,-0.18664230968884,1.47934243704103
12,97,"s15","m3",-0.14601774334642,-0.747978275850071,-0.222501516967999,-0.876603898935997,-0.623603179801979,-0.17546112061369,1.98737061660246
13,116,"s15","m3",-0.152425291954414,-0.725992945169528,-0.180506807539031,-0.838955933848419,-0.317179816141577,-0.0457298181675788,1.39138477444516
14,119,"s15","m3",-0.117338540444628,-0.71735914854125,-0.0587311064108677,-0.880100930310821,-0.0392325261895048,0.036064394061508,1.08331886853906
15,126,"s15","m3",-0.243856302454237,-0.565878439034031,-0.120287701742064,-0.891872199824571,-0.313553445881266,0.221346403398902,1.26691763768994
16,133,"s15","m3",-0.188021988647168,-0.730692143808841,-0.0410176174353013,-0.920720083193662,-0.0805949443779505,-0.094453621328355,1.64521544819765
17,146,"s15","m3",-0.138940417378334,-0.725127166403518,-0.0801537401734135,-0.904091893493738,-0.0238131563606712,0.000617311409280154,1.15043358510539
18,160,"s15","m3",-0.361665998887592,-0.682361951014896,-0.151101391425739,-0.873428645628432,-0.468410278759538,0.0955073001087938,1.41649725482754
19,177,"s15","m3",-0.177513863296657,-0.689184273649865,-0.0273849934283111,-0.950934971024103,-0.24859208116754,-0.146773013599393,1.37903926746044
20,192,"s15","m3",-0.172234742310355,-0.714872344247682,-0.158736695745311,-0.84925170769113,-0.428855562943536,0.0830393152146231,1.41741665754173
21,196,"s15","m3",-0.124889892596854,-0.59453854145157,-0.0894004224343739,-0.860942516315657,-0.115129039251335,0.197920901588745,1.08938645828125
22,204,"s15","m3",-0.293315933757514,-0.71674908810086,-0.197001850423927,-0.92327523799934,-0.310710046231198,-0.0850336469170431,1.77868114679998
23,209,"s15","m3",-0.265128641385737,-0.799953699727326,-0.11600108995471,-1.04907229693842,-0.265108871444902,-0.308242693398635,1.82153424525049
24,215,"s15","m3",-0.245343543997873,-0.75165043249549,-0.329784551305198,-1.0449849657193,-0.466921677083475,0.10999026267106,1.84906809827181
25,216,"s15","m3",-0.427564586826374,-0.743641135502883,-0.130326198438895,-0.880643879109686,-0.374016271237592,-0.0364360823293136,1.74980575894528
26,230,"s15","m3",-0.0466362046193563,-0.605515727010521,-0.0225445226205352,-0.74287673794772,0.234267121542391,0.202496655665272,0.782028319560399
27,234,"s15","m3",-0.185813216975067,-0.673195149472075,-0.103760193180145,-0.939128308518338,-0.0677972543187973,-0.0720216162586752,1.96212785572215
28,251,"s15","m3",-0.175328195463211,-0.652306293483874,-0.0281022613784656,-0.905343644705312,-0.134389556483894,0.0341447986793426,1.5511027940318
29,258,"s15","m3",-0.23257343954712,-0.680192878693732,-0.100987210101113,-0.88362226063741,-0.343416420882723,-0.0355166341411785,1.06392262899552
30,286,"s15","m3",-0.241581741046383,-0.710247063074171,-0.222190734380182,-0.940039565322247,-0.323993135666961,-0.0567237039189536,2.00979205705453
31,287,"s15","m3",-0.300714059818782,-0.682321782130151,-0.200827652751996,-1.07065409814679,-0.434275200541703,-0.183035357415227,1.71753297739669
32,290,"s15","m3",-0.294533488156599,-0.683663463383317,-0.164052884412136,-0.946973366680356,-0.821068325146734,0.00263154227608179,1.3428095801253
33,313,"s15","m3",-0.222895249315109,-0.612509659782415,-0.0901770683305979,-0.904661375375022,-0.374949745080206,0.0480643284935062,0.934367270394987
34,319,"s15","m3",-0.261562677665087,-0.732631263074511,-0.185020755773436,-0.879178504155672,-0.432721774461982,-0.0855468905027956,1.58382227751233
35,320,"s15","m3",-0.201151637868478,-0.68537517570959,-0.112562875176119,-0.91841348124375,-0.322273338530521,0.0385016329533069,1.00290152705649
36,355,"s15","m3",-0.225590258898698,-0.700079239681168,-0.0958130453731213,-0.8980052177791,-0.478278092432124,0.0556585519282076,1.38725348670881
37,357,"s15","m3",-0.271797193326955,-0.732853044899684,-0.0552451155427967,-0.973284102712549,-0.329059295915779,-0.0554147770856724,1.97975633231221
38,395,"s15","m3",-0.16258373899845,-0.743571183830773,-0.00958525696656792,-0.879007214335717,-0.195757205762822,-0.151513287029116,1.29822356038692
39,457,"s15","m3",-0.245094695358003,-0.646121025744291,-0.126092418876031,-0.861639650334905,-0.402703846965053,0.12261576196107,1.23840025274473
40,461,"s15","m3",-0.257772664821908,-0.769247414310555,-0.095748898235092,-0.88629154147119,-0.239387697172564,-0.108127072902934,1.63329368837194
41,482,"s15","m3",-0.300293442855597,-0.691226679048378,-0.0596890569780781,-0.934497413735744,-0.404324436511153,0.0237974661710567,1.40510643463351
42,516,"s15","m3",-0.259191270869784,-0.624246230142316,-0.224327170365901,-0.902121596902275,-0.418694469817142,-0.054361976517251,1.51355664829685
43,530,"s15","m3",-0.198817161017204,-0.672052686630792,-0.1389112634858,-0.976202244128558,-0.304262541828564,-0.0103018830216162,1.96589799852747
44,630,"s15","m3",-0.0860120535283722,-0.682082061821114,-0.0346336963489113,-0.8791688021619,-0.156931888401293,-0.166638737150903,1.37847179478542
45,632,"s15","m3",-0.190909853301884,-0.675899129665657,-0.16629405241965,-0.996344004464571,-0.35213713905802,0.0935408233159878,1.61468572676484
46,646,"s15","m3",-0.12103848731318,-0.559902922369888,-0.034870687749747,-0.84466906641903,-0.447864859412386,0.0822448538334255,0.548160109966991
47,651,"s15","m3",-0.183355280744492,-0.649518292705523,-0.12853684482423,-0.829836239909838,-0.452433453011143,0.0950898587540363,1.23202222327127
48,653,"s15","m3",-0.209702386226038,-0.668775403462756,-0.237517337571821,-0.874556680853627,-0.426479534189367,0.0964236295360267,1.67895205652877
49,675,"s15","m3",-0.123462276572846,-0.60113019411061,-0.00425031791648557,-0.909295902203422,-0.120611832469101,-0.266046345885711,1.1926745223453
50,683,"s15","m3",-0.287179151589889,-0.659118408879477,-0.184984939271607,-0.795530483860882,-0.382184733519635,0.198328738811573,1.05368110373435
51,689,"s15","m3",-0.2889409757305,-0.782281403273094,-0.238672329934049,-0.966045281127246,-0.385758254456761,-0.0123446684497038,2.49901228519661
52,719,"s15","m3",-0.174803940127237,-0.723603655190724,-0.043680698270527,-1.00627246979046,-0.534908528408103,-0.0176238886690048,1.56021746699724
53,767,"s15","m3",-0.238106726312095,-0.71482819809477,-0.161931795578738,-0.941375761907643,-0.343561944271714,0.0604861430661782,1.2924681824622
54,773,"s15","m3",-0.130047664315359,-0.671527853083108,-0.121540039552423,-0.963048931896875,-0.264884027145915,-0.239148213792615,1.58287318356466
55,789,"s15","m3",-0.278120620929004,-0.807079531401312,-0.0810079630590683,-1.02290451745937,-0.228308628068517,-0.122021411551194,2.04520948491719
56,796,"s15","m3",-0.169810532577192,-0.662296660875105,-0.144054830257386,-0.903175882885941,-0.301885104835027,-0.0962718625496664,1.6521708495547
57,802,"s15","m3",-0.181634351727866,-0.659428434828539,-0.102937520387753,-0.844104925548226,-0.0918450941744338,0.0362478263194467,0.79904220562799
58,812,"s15","m3",-0.180569495463458,-0.525732057228322,-0.129167347066642,-0.902258062304508,-0.319812097614375,0.209001401109398,1.22808207561378
59,820,"s15","m3",-0.208763391858409,-0.680714722500737,-0.0275307413542504,-0.911466363675867,-0.706036519437543,-0.0716391279477696,1.52549820270631
60,823,"s15","m3",-0.269449339870572,-0.69098978641785,-0.230117119127088,-1.00471285578894,-0.633566301363571,-0.0697285313553086,1.96609217923291
61,836,"s15","m3",-0.0890737322139036,-0.61615586102444,-0.0793180200377231,-0.849678435429319,-0.138354604200128,0.031133832338106,0.692706791592435
62,838,"s15","m3",-0.150540772794821,-0.673055455779061,-0.165828294785601,-0.98826565461206,-0.310306588809268,-0.0941777969480502,1.44921666568811
63,846,"s15","m3",-0.267696153499876,-0.746959389926806,-0.0615086991279956,-0.977824550237158,-0.490177757519588,0.000973845995211522,2.28196321576728
64,859,"s15","m3",-0.228509923635705,-0.763968180498687,-0.163964143823914,-0.945129495161492,-0.348040471950375,-0.0418143706239207,1.91648092904469
65,862,"s15","m3",-0.172340186561137,-0.628885785831729,0.0332235723726438,-0.92481950119102,-0.196747754083254,-0.0908081254938851,1.12200485190456
66,867,"s15","m3",-0.265990686360415,-0.509560016146222,-0.177376393159147,-0.766992154654704,-0.531597399923579,0.0711539392778893,0.468201507626991
67,875,"s15","m3",-0.332540286193577,-0.8335782497463,-0.0883592545251057,-0.923217830568877,-0.50233301082309,-0.11838036992245,1.51720191935715
68,877,"s15","m3",-0.297376571702264,-0.788080220785145,-0.195309118415777,-0.971639686716947,-0.348025763322397,0.0726409395004434,1.8158881075444
69,891,"s15","m3",-0.205691081093194,-0.712026356456073,-0.17814817732281,-0.94721561374048,-0.55223264948458,-0.0977730449241171,1.62303087238254
70,916,"s15","m3",-0.167486641937934,-0.782886938247565,-0.244496686452243,-0.917886852988418,-0.21661951720968,-0.0247682479238416,1.99723131696565
71,927,"s15","m3",-0.229502561555371,-0.697296453401371,-0.156689517063769,-0.958581423737035,-0.862998116695797,0.0587219774396864,1.77675279760482
72,938,"s15","m3",-0.2224210489702,-0.614302710150846,-0.10467609413305,-0.903295236387633,-0.365095882027368,0.0116848145249393,1.533020024783
73,946,"s15","m3",-0.271736450382484,-0.6663201379734,-0.0265717710441382,-0.897433642012495,-0.122897297631975,0.0653045923708865,1.65715725596242
74,947,"s15","m3",-0.300055595419244,-0.773583392120357,-0.275630267250566,-1.00100777838942,-0.758582924352545,-0.17948890978477,2.19885056997573
75,956,"s15","m3",-0.214417768591711,-0.653334460046682,-0.0401490630305899,-0.834242016697102,-0.453905061736014,0.120029468391386,0.913406026665751
76,958,"s15","m3",-0.253481206074512,-0.707005722703655,-0.14736352172236,-0.977968538667357,-0.647084358952295,-0.190116802509842,1.76758231681088
77,963,"s15","m3",-0.203608726355252,-0.842395808226198,-0.0676556687441758,-0.985530204258008,-0.255604515968602,-0.228659604425451,1.68265276672558
78,977,"s15","m3",-0.243657743683683,-0.753652976252917,-0.109089082675938,-0.910851155963976,-0.533706335611452,-0.0674010244348924,1.62592993274084
79,981,"s15","m3",-0.248831158788141,-0.587186649463868,-0.147392026366962,-0.868742849887511,-0.349942589820733,0.241583144974261,1.3668067751155
80,988,"s15","m3",-0.0793838585189832,-0.741705443697702,-0.158307695109439,-0.895159774687743,-0.131251373781039,0.0405890433188035,1.51121796307582
81,1016,"s15","m3",-0.238040778273048,-0.65369676936777,-0.270459802144276,-0.907325193666075,-0.500279536854703,0.0975697580537614,1.352053875717
82,1025,"s15","m3",-0.230723437722551,-0.704168905269991,-0.149178141335786,-0.883617534529475,-0.59117573456471,-0.021861733338141,1.46694094348738
83,1029,"s15","m3",-0.154858197895495,-0.739671265530141,-0.0675038976202286,-0.944095163175023,-0.180807280511822,-0.212069704365545,2.0815690794675
84,1031,"s15","m3",-0.207658913945267,-0.809912338108057,-0.116114796918194,-0.858663635038797,-0.265894203499024,-0.195782106905625,1.70558316337305
85,1048,"s15","m3",-0.22121698296595,-0.682447872346476,-0.065898291442288,-0.886396249956361,-0.217805013251689,-0.233044051762755,1.46504079689379
86,1055,"s15","m3",-0.16028829746765,-0.561713798776436,-0.124143982992444,-0.875248661980171,-0.543909630055772,0.235894384633602,1.22557981727956
87,1072,"s15","m3",-0.236607729707156,-0.605861561735973,-0.0906637174020415,-0.889239370752091,-0.681534185562924,-0.00317719081765769,1.26180538427469
88,1081,"s15","m3",-0.225886411928953,-0.693611174959003,-0.0947166415800761,-0.921869590899906,-0.339592183121816,-0.10458108388968,1.56385715868805
89,1084,"s15","m3",-0.192378287250236,-0.69778102862568,-0.0954620036769291,-0.887487130231755,-0.323906829897161,0.0794202662673344,1.57230417957785
90,1133,"s15","m3",-0.285359940320622,-0.684767825864663,-0.2072097894207,-0.887885880026203,-0.570766593975632,0.0209020010202867,1.62454254370046
91,1140,"s15","m3",-0.152256353516342,-0.669012065439258,-0.172177225141006,-0.935738797751138,-0.184867011994495,0.211990329427517,1.67205587924945
92,1162,"s15","m3",-0.24926775654078,-0.749931273314389,-0.16969036908,-0.83843360832772,-0.206866649268797,-0.0232036778460249,1.55389538245227
93,1165,"s15","m3",-0.128871654874023,-0.67961579756975,-0.0522596599327294,-0.893211122951596,0.144427281620122,0.029882976111504,1.2984045277385
94,1169,"s15","m3",-0.196766206892845,-0.584596823576417,-0.0832026053198956,-0.826304319723087,-0.188317153885771,0.152253063098052,1.12087387836148
95,1177,"s15","m3",-0.236176642210543,-0.650246668919212,-0.200794935582913,-0.925363700547436,-0.41665571654194,-0.127374059504989,1.21651639566666
96,1182,"s15","m3",-0.165967378496216,-0.624183251692444,-0.108603572843147,-0.877831093037694,-0.293628188332104,0.0974638434723913,1.13118944741894
97,1213,"s15","m3",-0.139837787815048,-0.66163390081656,0.0455532231266748,-0.811493517022949,0.151630849518291,0.141185567563332,1.01226623230112
98,1218,"s15","m3",-0.356440600566415,-0.705551743363405,-0.229821264561821,-1.02610419128615,-0.490077094076468,-0.13437016550939,1.91205786661777
99,1225,"s15","m3",-0.226633155449907,-0.722209396035443,-0.198983588258983,-0.984256667111462,-0.253408944779327,8.118942646064e-05,2.04964545755627
100,1238,"s15","m3",-0.14102540779461,-0.663287559422868,-0.167056553708107,-0.859520156485331,-0.468350444929039,0.0578267175283376,1.30499826478699
101,1246,"s15","m3",-0.198219839307297,-0.632770146865085,-0.0871543330479493,-1.01971627853986,-0.286171431902148,-0.0610969138951892,1.94489688066093
102,1247,"s15","m3",-0.12131874249983,-0.627070686792912,-0.132522590408553,-0.853269120969941,-0.114631817944243,0.178370451279145,0.856751949748549
103,1297,"s15","m3",-0.158197698257992,-0.635587582089145,-0.0749860870575285,-0.834929030556335,0.0538220550831079,-0.00319506662819312,1.23652027280154
104,1306,"s15","m3",-0.174787519783148,-0.671260955186834,-0.0273822679368792,-0.920316601864034,-0.17679660118974,-0.170284735922627,1.26476309840324
105,1327,"s15","m3",-0.170181086360927,-0.73525551176538,-0.105344750561518,-0.961385411550985,-0.362714355903239,-0.116296540289045,1.9233929305621
106,1330,"s15","m3",-0.128136807482618,-0.836300736529797,-0.132569321989726,-0.986782432155971,-0.368780251638828,-0.121976750093666,2.02247686217755
107,1331,"s15","m3",-0.263164812418138,-0.753397005111151,-0.140315219650269,-0.9294715077231,-0.303971622446472,-0.109697104441915,1.64659545605498
108,1341,"s15","m3",-0.239257844775455,-0.720833939319093,-0.215765421450837,-0.990038808083594,-0.0744195026022324,0.0528539505306296,2.10813938454885
109,1366,"s15","m3",-0.232174021495932,-0.744435401506002,-0.170943912060314,-1.01441717275277,-0.381652136528892,-0.00636579728295021,2.03364040698609
110,1372,"s15","m3",-0.254177234074413,-0.698210348954738,-0.136039524433218,-1.00172255865473,-0.57426463628048,-0.0834867081949336,1.62131199305889
111,1374,"s15","m3",-0.260479060014655,-0.626254606342644,-0.199203964815148,-0.953037505904832,-0.466998329147447,0.0259488529587324,1.68792453705026
112,1391,"s15","m3",-0.238216125245005,-0.718426779007482,-0.226739669806411,-0.940005822440074,-0.320188215690891,0.00699538274992936,1.59701474473461
113,1395,"s15","m3",-0.15910478431251,-0.762247327625888,-0.13075066681958,-1.05147225393743,-0.0870956241213819,-0.178010220193133,1.9236661590677
114,1402,"s15","m3",-0.175588261242197,-0.72008902002673,-0.220103068949102,-0.929865272218402,-0.466196691064151,-0.250987361166612,1.47087225919174
115,1418,"s15","m3",-0.286906966196887,-0.707485455979603,-0.0863047621724283,-0.983978639753439,-0.590971946272756,-0.096590171946628,1.52813405360568
116,1419,"s15","m3",-0.0787489928627434,-0.725245756475408,-0.060440137770024,-0.901526108137989,-0.00279177213076642,0.178967753495529,1.43269101761472
117,1457,"s15","m3",-0.231211943865068,-0.642721342371951,-0.11141466916222,-1.06633092527991,-0.521541345642255,-0.0112010249121746,1.57034867578798
118,1461,"s15","m3",-0.220559996200988,-0.794964501202558,-0.12469072669675,-0.966128271966976,-0.022222176293324,-0.215295047482186,1.92231682402295
119,1467,"s15","m3",-0.242054521095006,-0.678998171057432,-0.0690079940340438,-0.982426897060343,-0.156051337596128,-0.104787968763486,1.19841303356669
120,1491,"s15","m3",-0.154504710124034,-0.667241405124308,-0.0672049544134589,-0.935228757262171,-0.32103497222395,0.00992637041669758,1.25222230794084
121,1494,"s15","m3",-0.236382126089713,-0.698941027343429,-0.106439438412752,-0.845773862530549,-0.629171752106874,0.181831520219638,1.45847218832645
122,1496,"s15","m3",-0.280572600731251,-0.630555296883088,-0.0935800951225478,-0.866168008732768,-0.554818635400154,-0.056397157613244,1.00021613546025
123,1507,"s15","m3",-0.161863579625419,-0.556940537779435,-0.0896207920025263,-0.880898684478297,0.012287843755829,0.156034575310616,1.14033410337901
124,1518,"s15","m3",-0.171304222361124,-0.792713386097366,-0.141920701972615,-0.967350614169645,-0.278349720232225,-0.126545130888008,1.78246254301863
125,1520,"s15","m3",-0.258628823952929,-0.697069266119676,-0.163821374885012,-0.962898315431838,-0.351575408430598,0.0764717698878088,2.03123537300895
126,1536,"s15","m3",-0.287250402123031,-0.741742602542754,-0.0668587687354238,-0.917084352045891,-0.560822560336821,0.0219682540885392,1.54162668995912
127,1541,"s15","m3",-0.198506031189627,-0.763431599945646,-0.188452377668739,-0.990827190505157,-0.676023494317273,-0.169817576503279,1.20297238282581
128,1542,"s15","m3",-0.319512116880498,-0.848051130796725,-0.142270961023898,-0.955440298946385,-0.608929082565203,-0.423498318010407,1.67250358092118
129,1552,"s15","m3",-0.265391718631489,-0.720253635407508,-0.10507210559422,-0.838067608081177,-0.325615138528332,-0.0361626974222632,1.20259270926768
130,1557,"s15","m3",-0.246588323994614,-0.63330493964026,-0.0519140796779979,-0.895339981468434,-0.308998103802466,-0.0177408939901422,1.46641258329827
131,1558,"s15","m3",-0.243996418983335,-0.77959129820369,-0.225784070162983,-0.969042053178326,-0.314066196451665,-0.207927439269857,2.05703602649206
132,1564,"s15","m3",-0.148790314233237,-0.592319991925742,-0.0721370685800623,-0.852806663507184,-0.172184253119193,0.192771266939761,0.788682475236715
133,1576,"s15","m3",-0.186891464957666,-0.692517771720626,-0.0412795980742092,-0.993019646932738,-0.294946255535586,-0.0564579337355769,1.54920808235216
134,1614,"s15","m3",-0.189655470424434,-0.68772460270012,-0.0530542336486234,-1.04750749011143,-0.286029195641805,-0.0277144102001265,1.58912137749274
135,1621,"s15","m3",-0.118429465059167,-0.652666654916516,-0.0415100250290724,-0.894952345106593,-0.346993689469125,0.0274299959323786,1.71438273558541
136,1622,"s15","m3",-0.159083051930316,-0.630658423380513,-0.152284620286436,-0.898641222982954,-0.30723604776237,0.058245578460629,1.49323703365121
137,1627,"s15","m3",-0.161472718244098,-0.663389064366449,-0.11726830289382,-0.876992329979151,-0.363381676797332,0.0601695621365254,1.78391886395462
138,1628,"s15","m3",-0.166397248658037,-0.720296386147403,-0.247693606941596,-0.89686953758583,-0.075524358456389,0.121171075962083,1.28446491870271
139,1645,"s15","m3",-0.277575030450117,-0.777359574878172,-0.252006514022356,-0.910750563510087,-0.759220088624724,-0.11169336906999,1.59307775926736
140,1707,"s15","m3",-0.263003953406312,-0.668850204941951,-0.0999536583489656,-1.0076335119575,-0.682926899425143,0.0632892910242021,1.95436831261116
141,1727,"s15","m3",-0.107547959823249,-0.715219310806997,-0.0694359899810932,-0.896011175603938,-0.149912792126435,-0.0822759851710326,1.48190627465035
142,1728,"s15","m3",-0.103406682527027,-0.661117635479239,-0.134922126390955,-0.908344837441645,-0.273060270157815,0.0688207863841438,1.01003770193236
143,1736,"s15","m3",-0.204956178483278,-0.659707437226132,-0.144405908593378,-0.995972559610698,-0.156520431757619,0.0984964276857023,1.3324290852369
144,1742,"s15","m3",-0.170350960746299,-0.657465368603999,-0.0687132928350563,-0.976768186993337,-0.305297291394504,0.0676398212605613,1.80574051822889
145,1752,"s15","m3",-0.227039026007674,-0.671570430157795,-0.10487331195432,-0.902152129328619,-0.216745252099958,0.0918750022733072,1.88005348419424
146,1762,"s15","m3",-0.257886336128816,-0.754589933824115,-0.0708910494173075,-1.00488852767417,-0.118088324246157,-0.00927969590955507,1.46434805732403
147,1763,"s15","m3",-0.194289460312002,-0.61879536469161,-0.100476079650765,-0.901321040650561,-0.627839199660147,0.0344716123038035,1.19226930606043
148,1769,"s15","m3",-0.23193496293991,-0.639915854839395,-0.0468819413857571,-0.846268655848642,0.0249296357758957,0.169992396709982,1.41547335680781
149,1811,"s15","m3",-0.250555183765815,-0.650955647368263,-0.016856864594274,-1.03815326427144,-0.264553125807444,0.0687528757930898,2.29213191526324
150,1812,"s15","m3",-0.173588282858689,-0.694072604857262,-0.110786968003836,-0.891040608779937,-0.305616034109843,0.0492312192807085,1.45404190424823
151,1829,"s15","m3",-0.301542207594343,-0.705104050512843,-0.0662417560233438,-0.929934086694227,-0.419044136975745,-0.109153054096281,1.49821172932465
152,1834,"s15","m3",-0.348739147933561,-0.790670604662309,-0.157912639599504,-0.946032310657583,-0.505855332414764,-0.0294691606518335,1.82060737741748
153,1835,"s15","m3",-0.269561092774508,-0.577032170468299,-0.167481470882534,-0.805940522094758,-0.311273418828396,0.0183121214128202,1.02356566106824
154,1854,"s15","m3",-0.264116739445694,-0.648424624579907,-0.180727410226434,-0.892727581945684,-0.229298357625613,0.0578049484538785,1.51303449485785
155,1855,"s15","m3",-0.221863744591443,-0.681889560533462,-0.173640356612859,-0.868210003967592,-0.642172421579365,0.181532735698636,1.40315117815639
156,1876,"s15","m3",-0.212011229949058,-0.677094960041144,-0.0712258725501669,-0.947676011482577,-0.055496039677304,-0.0404160269047653,1.5446043868635
157,1879,"s15","m3",-0.191413545274017,-0.734534810910737,-0.0965037621840262,-0.957058499145035,-0.171745641357374,-0.284777034580555,1.81743728520414
158,1896,"s15","m3",-0.21622677948506,-0.695334222753455,-0.0512416870150376,-0.99842677405324,-0.260155202001168,-0.154902396168082,1.9936840407674
159,1902,"s15","m3",-0.223026151508676,-0.743446338733709,-0.238864909766056,-0.928281065692648,-0.55741896669535,-0.0215467494261492,1.74902874143915
160,1903,"s15","m3",-0.290128440658395,-0.68684651919154,-0.089419108774429,-0.863790779800526,-0.498198660395096,-0.0180315863127093,1.13565501399056
161,1904,"s15","m3",-0.160552624003148,-0.697768675249185,-0.0712955365790364,-0.767914841730398,-0.337906028485306,0.0852185898577171,1.23098901587433
162,1911,"s15","m3",-0.260304748975554,-0.720328789193043,-0.226826121247311,-0.933924614641245,-0.402905749673846,-0.125806966938899,1.63526932093883
163,1950,"s15","m3",-0.202021602544342,-0.702904068016493,-0.117153527921545,-0.970432527572379,-0.0876222429092893,-0.205396260136007,1.70709531149376
164,1957,"s15","m3",-0.200246163386521,-0.655018338448645,0.0401081425831128,-0.925502321957046,-0.0791919088562062,0.013862061163717,1.33292281410274
165,2033,"s15","m3",-0.29879201940176,-0.836057764325225,-0.212762633199612,-0.997762258558436,-0.501771485280853,-0.14013148879708,2.0656072629998
166,2039,"s15","m3",-0.227813635058804,-0.711909914982539,-0.0774350089860365,-0.963592840650003,-0.0987001751618983,-0.00245695528823652,1.83769844187621
167,2062,"s15","m3",-0.111958880885498,-0.590412540478568,-0.122092845526519,-0.916017462826891,-0.266682760843855,0.027729118325074,1.37478332851637
168,2065,"s15","m3",-0.319878274435228,-0.809302991191001,-0.190519143833085,-0.975139800126431,-0.542963069746224,-0.0978899798417577,2.01312105628364
169,2078,"s15","m3",-0.347927949814309,-0.666123310480195,-0.10540788000424,-1.01236559354603,-0.293735232324154,0.00130208678975251,2.02288423643224
170,2080,"s15","m3",-0.219042569974836,-0.681769242660007,-0.0264695890797272,-0.933743821293026,-0.159968171663327,-0.0764453480710948,1.5673614552225
171,2083,"s15","m3",-0.283454966049122,-0.706757369157941,-0.133622176303817,-0.901953672662375,-0.39438040739768,-0.0407812467168015,1.79945535114535
172,2091,"s15","m3",-0.142565932451145,-0.785382561850735,-0.0494481243335977,-1.04293198577526,-0.0151652058200249,0.0378792107541566,2.22900972494198
173,2092,"s15","m3",-0.181654476035448,-0.773778300022886,-0.135849493612382,-0.955857888565873,-0.28715360084758,-0.0796260928466726,1.64429461788571
174,2103,"s15","m3",-0.242182841982789,-0.620119323575734,-0.0927815614986636,-0.99094744025101,-0.0670986680348259,-0.0610905597132611,1.39585121098408
175,2140,"s15","m3",-0.280154984219742,-0.605272181644706,-0.0882716035299365,-0.899130436063149,-0.415246680861398,-0.0687782235211077,1.76772069744919
176,2149,"s15","m3",-0.202277292104375,-0.6268969930554,-0.215493143849335,-0.807391267021036,-0.301807350638788,0.00283275602517598,0.986747820467437
177,2162,"s15","m3",-0.1835584520892,-0.719989872188172,-0.161617353828912,-0.811342653730945,-0.220060861520675,0.0640433312606101,1.27050132735005
178,2217,"s15","m3",-0.336320638236488,-0.714209075440203,-0.0855567108905563,-0.887494516485533,-0.367461971213861,-0.156035517320809,1.32884675396036
179,2227,"s15","m3",-0.190923698084582,-0.741872222980076,-0.141477437507989,-0.847563494743445,-0.689286298699347,-0.000889733260426184,1.25967789211327
180,2249,"s15","m3",-0.216853075960275,-0.753683196700888,-0.305829009343786,-0.948318826533151,-0.331522754304075,-0.029392795953793,1.97910890967795
181,2257,"s15","m3",-0.268458988577353,-0.75060795428693,-0.00995543763282126,-0.94049057454535,-0.0432939760150074,-0.0410400484320128,1.749889683236
182,2264,"s15","m3",-0.293843060294722,-0.634031195991793,-0.062522255390964,-0.776368012310544,-0.517813968782263,-0.0146813642528627,1.07608027994683
183,2272,"s15","m3",-0.234611424658051,-0.776711596138344,-0.124871949436544,-0.885142319894223,-0.417902626312237,-0.0698311374990871,1.49991306225991
184,2312,"s15","m3",-0.245418862519016,-0.68664343555795,-0.173759106357589,-0.932505576652781,-0.454247089644932,-0.0805041369286882,1.95865210688273
185,2314,"s15","m3",-0.240664203916449,-0.72820732581702,-0.0884229935939452,-0.93278374647961,-0.341713368852803,0.00486758575013873,1.53003922432473
186,2330,"s15","m3",-0.19247942860121,-0.623035102598801,-0.0829427628358585,-0.798221646003374,-0.275119057740301,0.213789017368747,0.845452414247641
187,2333,"s15","m3",-0.108103483952051,-0.679381901897463,-0.129620617351033,-0.981685087523443,-0.180438920464735,-0.0163876006860353,1.1365602443889
188,2341,"s15","m3",-0.184774658816561,-0.592503264550502,-0.116841501358113,-0.919245352709858,-0.312340400717455,0.0580195682306491,0.968822320426344
189,2352,"s15","m3",-0.14410995732181,-0.680933575854655,-0.0838823133240655,-0.925264837178118,-0.23188380149794,-0.0312559284172467,1.45431945162029
190,2363,"s15","m3",-0.226551108009881,-0.79733787347856,-0.0623164826755167,-0.990622228155346,-0.284766766989353,-0.0854749475941373,1.80679056354568
191,2385,"s15","m3",-0.109307655659563,-0.639388022418526,-0.150630246399569,-0.894099508071924,-0.169059290512152,-0.0994194264365415,1.12462848382091
192,2391,"s15","m3",-0.191932644985945,-0.690381859992539,-0.265682579710358,-0.93060623249746,-0.410199143438176,-0.0687342902466775,1.38564615621668
193,2439,"s15","m3",-0.144325169647575,-0.68830046686537,-0.0779733958840652,-0.909415578599474,0.00764659794143683,0.000835600490721188,1.18084046192847
194,2452,"s15","m3",-0.167865393685479,-0.729066682399603,-0.105109403811235,-1.05671664224689,-0.0961326286442703,-0.126972667425857,1.55111798959234
195,2469,"s15","m3",-0.285371742401275,-0.655117223974478,-0.190208203671156,-0.871865022141852,-0.592623373373283,0.149600283202664,1.37597992602934
196,2472,"s15","m3",-0.253213880227138,-0.755525321095676,-0.167857739735736,-0.89363100234055,-0.435092389928915,0.00526428362988791,1.46936436041752
197,2476,"s15","m3",-0.24360109238374,-0.70854686683596,-0.10796598115285,-0.963889562262092,-0.17795870789148,-0.00253920198671193,1.79374233618201
198,2477,"s15","m3",-0.157855854395285,-0.668995507093365,-0.0988230919349441,-0.940505638838567,-0.339937894982271,0.0148901801128047,1.82170239399136
199,2498,"s15","m3",-0.14175623656848,-0.667124241908025,-0.163369824499331,-0.803198372684189,-0.160370953274203,-0.00795764748698965,0.707878947671515
200,2519,"s15","m3",-0.197901538231798,-0.726803604251025,-0.155296981366175,-0.953787961184357,-0.250025085970713,-0.0224320163298828,1.89564332026477
201,2542,"s15","m3",-0.187424887497477,-0.658752746798037,-0.011915011901901,-0.976852177156048,-0.478215041673661,0.00347918806701924,1.58038045338484
202,2548,"s15","m3",-0.164095438365549,-0.710210047673758,-0.152815125000859,-0.85640457645262,-0.318840453465541,0.0438139316940482,1.67231333494721
203,2554,"s15","m3",-0.25757091582673,-0.700120185528542,-0.143222508064761,-0.953322229619672,-0.422737915678844,0.0232038004111124,1.73777855461184
204,2558,"s15","m3",-0.229446233209545,-0.616448780488184,-0.073925703037794,-0.855524609258767,-0.281673509541912,0.079310872203495,1.11363183549298
205,2589,"s15","m3",-0.27553984020274,-0.693157188841041,-0.119592268837436,-0.797325945118832,-0.481165470258653,-0.119639178409975,0.950179224054275
206,2615,"s15","m3",-0.151363593988006,-0.709885259218268,-0.0401694435536446,-1.00869571551639,-0.0168699562813026,-0.00392783022168617,2.20715108314106
207,2632,"s15","m3",-0.283000709777142,-0.749451399584066,-0.117155751115258,-0.894698698009389,-0.331516804008273,-0.14898154533354,1.31762868509508
208,2653,"s15","m3",-0.396504939094383,-0.804152489701735,-0.114139444388947,-1.04470532047345,-0.578744875688928,-0.129523756995125,2.13613543161699
209,2662,"s15","m3",-0.151332556458861,-0.674429075728168,-0.0932457869420848,-0.914277172427422,-0.0281615893532009,0.0351064642073766,1.4201347365222
210,2665,"s15","m3",-0.340293674258429,-0.749768015985894,-0.186856546889991,-0.959409372355127,-0.691289841672262,-0.158063579015947,1.70518197425233
211,2679,"s15","m3",-0.176245386574612,-0.802194101534948,-0.00204957716481584,-1.01514758258237,-0.0665837089054202,-0.336834287103771,2.14484395664877
212,2695,"s15","m3",-0.18748894761122,-0.720928223790348,-0.251766231729344,-1.06790408420181,-0.238547655161775,-0.386139415139544,1.85767797601498
213,2711,"s15","m3",-0.268952302228213,-0.63503402057436,-0.0478227706541649,-0.961772802354452,-0.245503898657458,-0.0387298860251665,1.95997493570048
214,2715,"s15","m3",-0.269615726509495,-0.662890246716298,-0.0783138882959837,-0.954246959713525,-0.329821452410485,0.0796037296109238,1.53890978581485
215,2748,"s15","m3",-0.215615002344228,-0.631269132239756,0.0163870933469378,-0.871686026384438,-0.0602189488457188,0.198149289543262,1.63057536074153
216,2768,"s15","m3",-0.203164459225738,-0.704609817298065,-0.126674570586,-0.894123307493183,-0.128879035648477,0.00552300363162948,1.17812589715236
217,2779,"s15","m3",-0.239526352860914,-0.74348550816137,-0.107531752395045,-0.924554096143034,-0.663156940271715,-0.17750982703286,1.48522234248616
218,2801,"s15","m3",-0.275261853506243,-0.744397008199661,-0.240621582358639,-0.944452366685039,-0.768263384516959,-0.0701639054078965,1.38291933238838
219,2803,"s15","m3",-0.240129136182709,-0.742520136640124,-0.133937098820551,-0.968602913058912,-0.253945610682647,-0.0288243903873498,1.91138588147652
220,2817,"s15","m3",-0.0644980452127607,-0.585002488529508,-0.0600613524187125,-0.85511877180966,-0.257952521941358,-0.00128898064827015,0.746203890925476
221,2826,"s15","m3",-0.189556949269485,-0.756400935331225,-0.0935512379762405,-1.0115636225565,-0.369635681549851,-0.0904723772725001,1.55667175712011
222,2848,"s15","m3",-0.166595417102263,-0.641605913671205,-0.181735682405132,-0.825829713434733,-0.566112858778165,0.19260995506402,1.1589335220023
223,2863,"s15","m3",-0.203409544430485,-0.662709031493009,-0.20776293783623,-0.939354550156636,-0.536933586110022,0.0623973219752139,1.64944323200122
224,2873,"s15","m3",-0.19912774783494,-0.70256425739158,-0.112153598102732,-0.955651496262761,-0.786473702108732,-0.00440286729644629,1.67827927392406
225,2886,"s15","m3",-0.137020394118904,-0.648049421350363,-0.122533845879203,-0.90852681905931,-0.355151185165028,0.170155373537693,1.36928674546687
226,2894,"s15","m3",-0.164150115550545,-0.760290961770102,-0.220133332085007,-0.973026336489224,-0.382643425946229,-0.274895783833678,1.51835126424161
227,2911,"s15","m3",-0.234853300899738,-0.612714970651424,-0.0882336960376474,-1.0397313576052,-0.298267730296737,0.0132584131838126,2.03363419857047
228,2932,"s15","m3",-0.175321479680308,-0.658171018247507,-0.0333536588249795,-0.798269210823314,0.0409823524645336,-0.089034585290059,1.03014189115923
229,2940,"s15","m3",-0.216100134752355,-0.681677795250632,-0.247207790961771,-0.872831583489443,-0.365054915380415,0.0885030893437213,1.77727130696306
230,2947,"s15","m3",-0.255877148028965,-0.767089624568727,-0.179525200838298,-0.912562107429893,-0.443461040108321,-0.0852328799758826,1.42051736534751
231,2952,"s15","m3",-0.121617146600958,-0.594804556564202,-0.0891004150012395,-0.804003945518766,-0.141689891370807,0.222992208498822,1.14146041117836
232,2954,"s15","m3",-0.185997278354825,-0.66785008619548,-0.19530355444183,-0.93487313914488,-0.523151489907333,-0.0812903907348469,1.45267568018698
233,2969,"s15","m3",-0.253667362008964,-0.67898519765934,-0.129989738232837,-0.900420027761488,-0.224402433473434,-0.0807509526333465,1.23194977657717
234,2971,"s15","m3",-0.320151401393484,-0.767638709826304,-0.239526824565758,-0.955201613387164,-0.700837461256705,-0.192331663482721,1.47738692051944
235,2974,"s15","m3",-0.159922860898149,-0.708851598992145,-0.244723017789012,-0.842127504808238,-0.453442100231237,-0.00643728349773293,1.54399009516367
236,2987,"s15","m3",-0.101868386283928,-0.6603213397157,-0.179776984334263,-0.954487126226176,-0.210165280128403,-0.170638450788602,1.28914164320534
237,2992,"s15","m3",-0.0989715324426834,-0.669827689413345,-0.0182620495118638,-0.859333928217658,0.0384205486323436,0.00221682258052726,0.725276530775195
238,3004,"s15","m3",-0.197131497075531,-0.566871683035093,-0.0789748883361438,-0.900057854408922,-0.0851436215428854,0.00864318996205781,0.777728291890177
239,3007,"s15","m3",-0.110763206706485,-0.70606547204242,0.00150214208292745,-0.911371924596712,-0.151493820718392,-0.0672723107864858,1.48566113233601
240,3027,"s15","m3",-0.202234586195805,-0.685563369611335,-0.0571680293741858,-0.866364452802982,-0.172144102060401,-0.123328544073678,1.68038776303832
241,3031,"s15","m3",-0.140921437973447,-0.759716017508052,-0.145183340328755,-0.959869734250709,-0.213593455353229,0.0743015782447365,1.68435886048128
242,3032,"s15","m3",-0.192754026477949,-0.651133585812991,-0.0996138741572585,-0.936496411132115,-0.615768214707396,-0.0404467579491676,1.48504540792352
243,3049,"s15","m3",-0.345949706089466,-0.628338918567573,-0.135036791071212,-0.87477425141163,-0.278270467497238,0.0262441970354471,0.900924188960397
244,3065,"s15","m3",-0.288213804067407,-0.738720539447203,-0.163579781187015,-1.03926721908467,-0.635598335329084,-0.27163787579651,2.21808928365898
245,3068,"s15","m3",-0.105525298895632,-0.779501322856649,-0.13480029788012,-0.943994725253289,-0.27641868117984,-0.0292199563005186,1.52298397073575
246,3093,"s15","m3",-0.281981309829001,-0.735691375172175,-0.101604802733407,-0.949048437569204,-0.200164710742859,-0.121552390932453,2.24747289871092
247,3099,"s15","m3",-0.201133657333896,-0.63948407843118,-0.0694639625331352,-0.803223748665828,-0.159695073173093,0.259386879075675,0.95898819204813
248,3101,"s15","m3",-0.169655829010603,-0.623941186880691,-0.147760804535136,-0.842781524073352,-0.276919013716678,0.150430036281324,1.01307054236442
249,3108,"s15","m3",-0.200791153090889,-0.68739394142122,-0.305234045554817,-0.871799181911465,-0.54013152076607,0.013997591634152,1.37769732465133
250,3122,"s15","m3",-0.220174837961958,-0.797280296936595,-0.031420771007872,-1.01091697788738,-0.340592556240607,-0.0848680688747482,1.81043217180548
251,3139,"s15","m3",-0.28303080485717,-0.67769810479814,-0.224648893805025,-0.849855898516738,-0.758623561952556,0.141221959544123,1.50649205788901
252,3159,"s15","m3",-0.123257231057243,-0.681737921384023,0.00888117582210438,-1.00977431045464,0.117322055163862,-0.0411901888697389,1.46929361825144
253,3177,"s15","m3",-0.141430083606971,-0.723350292257815,-0.100418305856291,-0.968589526000922,0.0319167744078724,-0.230228297696573,1.68899146431172
254,3189,"s15","m3",-0.269423418224675,-0.711810633364017,-0.136457359172473,-0.89359571262112,-0.369002673442182,-0.0952819910121131,1.82448490817982
255,3204,"s15","m3",-0.151063935114416,-0.673129147368214,-0.0212134410665749,-0.941060977567486,-0.312125744203699,-0.0937012374496758,1.36200408603554
256,3211,"s15","m3",-0.159365386674633,-0.861443331392519,-0.173683158001957,-0.950112026717094,-0.305423358479423,-0.0938603184692322,1.86569188382372
257,3214,"s15","m3",-0.167639024972241,-0.733296783950208,-0.0445909565388986,-0.758258925868096,-0.211234356453583,0.0110323940206198,0.805126774481635
258,3216,"s15","m3",-0.159471105945377,-0.682991063240887,-0.191139360715865,-0.894909381878466,-0.128618166395673,0.0706565609717367,1.63364382330104
259,3268,"s15","m3",-0.229259600258783,-0.597891789398752,-0.25469483493307,-0.812380398701178,-0.483130990381077,0.235390991409961,1.36608494410089
260,3307,"s15","m3",-0.189122909328068,-0.655640002572902,-0.165874676685467,-0.879713772578867,-0.488130695055006,-0.0470632992563844,1.28269183489497
261,3312,"s15","m3",-0.199909570501605,-0.712547879846272,-0.177084592230896,-1.01325520624155,-0.497518016163682,-0.222688009109292,1.44840360204023
262,3313,"s15","m3",-0.100902210053525,-0.705272069364038,-0.000872687925094879,-0.784036041241212,0.098625387489003,0.125690746383517,1.19435365974283
263,3321,"s15","m3",-0.27485757767625,-0.691847275117809,-0.159568004415051,-0.925264383483307,-0.230109675443269,-0.0173007207211333,1.86247086361863
264,3322,"s15","m3",-0.155095347033196,-0.707231212761795,-0.0498812862344282,-0.872202762039498,-0.192910038467902,0.196648153516479,1.19145117755276
265,3326,"s15","m3",-0.342900528540479,-0.813218168848223,-0.0978367511337651,-0.862625126812567,-0.327516040980168,-0.0792989016461703,1.62416157599247
266,3331,"s15","m3",-0.269685179936703,-0.663232930621963,-0.145245597207308,-0.794901861342271,-0.330433251033785,0.118158127230796,1.06722169860383
267,3352,"s15","m3",-0.206389701991175,-0.722949710701965,-0.0776137540207057,-0.945714642146429,-0.375382833615369,-0.0396248111941156,1.46525989234946
268,3361,"s15","m3",-0.106334506123733,-0.698124046973425,-0.14530337822264,-0.826939710822835,-0.372859842717196,-0.0546252490533458,1.38095017945839
269,3366,"s15","m3",-0.197534388771933,-0.681012840088186,-0.137527484700135,-0.993499524246207,-0.157334584999839,-0.048704582141033,1.85565681155039
270,3375,"s15","m3",-0.131531655709564,-0.661843506740626,-0.166507791933543,-0.960255181468707,-0.402738311438429,0.0817663838317731,1.16504295659948
271,3378,"s15","m3",-0.311731194292196,-0.746183984484871,-0.0972144910006141,-0.889405740549761,-0.186707815859478,-0.109118286229685,1.6710702799939
272,3391,"s15","m3",-0.241449163697551,-0.776478482649548,-0.104842309010501,-0.965254866306962,-0.324508159883173,-0.00610168411397663,1.69823140396806
273,3399,"s15","m3",-0.342541302398374,-0.769561461682883,-0.296006696986097,-0.987114870208742,-0.690357231446175,-0.0927698420995394,2.10762912208427
274,3403,"s15","m3",-0.214493235359122,-0.615816486660767,-0.179844027386951,-0.868015373098292,-0.705291535193839,0.024917907359731,1.66204587446222
275,3425,"s15","m3",-0.238533471169167,-0.753289055759857,-0.146768791156401,-0.971047461667437,-0.379357071787042,-0.241659419017077,1.49471706591166
276,3453,"s15","m3",-0.207046022695068,-0.65062201285207,-0.18142323805086,-0.902274960394622,-0.262258400796504,0.0964181323969312,1.36006127728797
277,3487,"s15","m3",-0.249910181296133,-0.736511394758508,-0.175953492697613,-0.915610427836618,-0.470855999684678,-0.17040464080581,1.49156669236351
278,3510,"s15","m3",-0.344556544730209,-0.682076498922145,-0.124896396207145,-0.969596532983203,-0.652042532008221,-0.0159815120312746,1.74258022139123
279,3528,"s15","m3",-0.128305754546467,-0.742305133759705,-0.114411026822459,-0.949696364716391,-0.125399397470162,-0.0955849024869191,1.61785159452045
280,3532,"s15","m3",-0.139981109716222,-0.64975912519693,-0.0350012374194623,-0.859166088988329,-0.0973852563598012,-0.0289003225221846,1.03742231867506
281,3535,"s15","m3",-0.27429270956611,-0.769247745215847,-0.225144183103939,-0.847172616267972,-0.285212887215067,-0.00652771163345897,1.33599873798536
282,3549,"s15","m3",-0.275734448097264,-0.724769142226601,-0.178569176365666,-0.907047056665922,-0.457510868037807,-0.118224417267333,1.72662258514705
283,3561,"s15","m3",-0.330613177471293,-0.692102636335599,-0.108600023065113,-0.926469549543444,-0.83608817517314,-0.0515474665961344,1.48530363123908
284,3566,"s15","m3",-0.0175523603501267,-0.789659577403186,-0.0424070917320587,-0.854964618605779,-0.143284229617213,0.0320205910358796,1.84824574354458
285,3585,"s15","m3",-0.182527762440605,-0.820580211453838,-0.282116280808415,-0.864248985709359,-0.598489901651726,-0.0394269208720539,1.67925041754522
286,3586,"s15","m3",-0.199964297229025,-0.611023731504956,-0.124096544269264,-0.898105099545159,-0.190973169304288,-0.00742123381439805,1.26331432828499
287,3597,"s15","m3",-0.126996038658866,-0.53797200301603,-0.0530882315030413,-0.849001454698955,-0.0213421819211891,0.342119577185888,0.859117002459577
288,3614,"s15","m3",-0.219389019685701,-0.788746422425404,-0.174871413053562,-0.974678715927231,-0.412838046793004,-0.300167350828386,1.59564354910719
289,3617,"s15","m3",-0.213107792486615,-0.676025106568905,-0.22944601366869,-0.862263051831447,-0.350182985936529,0.0573609734880331,1.61831534472724
290,3622,"s15","m3",-0.181867568521536,-0.639250591107383,-0.10786924613407,-0.979629326494112,-0.114905273626325,-0.151371900886457,1.17106004869489
291,3636,"s15","m3",-0.2509618293012,-0.767729517442008,-0.165072262385144,-0.98542062841183,-0.471730846301033,-0.0750573635419715,1.7005904416459
292,3646,"s15","m3",-0.130411466080551,-0.680262108219569,-0.195001278391071,-0.912900359779192,-0.139545265372369,0.142040604221879,1.65709141460563
293,3664,"s15","m3",-0.239526090719002,-0.706159870036324,-0.135462911075609,-0.963672322339614,-0.212398644391879,-0.0644957599955471,1.48184186301918
294,3671,"s15","m3",-0.415445388298653,-0.768971936280154,-0.228146322843304,-0.979534718871749,-0.720815094094537,-0.149849427509387,1.68519726967613
295,3673,"s15","m3",-0.307275117954289,-0.677036796761275,-0.108675129167228,-0.875329164338282,-0.32552001427451,-0.0308107728818144,1.7891547431557
296,3682,"s15","m3",-0.191321082707163,-0.708544149424413,-0.141536740456421,-0.938983536719507,0.0194633714925899,-0.113653978486595,1.99440138400988
297,3693,"s15","m3",-0.220746363137695,-0.731521856342091,-0.14978441339771,-0.903591252795947,-0.62499086235231,0.052126845826611,1.78803201635139
298,3695,"s15","m3",-0.317658367720167,-0.729889346457462,-0.208771586759137,-1.0810484361183,-0.303690191181235,-0.117339633776556,2.20163511762384
299,3699,"s15","m3",-0.205622992096039,-0.655559975462376,-0.0648339626427021,-0.899888147117312,-0.106754802176184,-0.0467001268882366,1.43098915034043
300,3702,"s15","m3",-0.23415623704393,-0.694624570823988,-0.16705560061702,-0.954613567385319,-0.438458848844117,-0.110217031644568,1.41671420217957
301,3710,"s15","m3",-0.228513568731857,-0.70286214917109,-0.20639063841642,-0.910822199265005,-0.372912981075517,-0.0800566421385973,1.36062160299415
302,3723,"s15","m3",-0.313796358436022,-0.75659504699519,-0.146243534809206,-1.00406688939198,-0.359141752348057,-0.126752650746115,1.69759422459052
303,3741,"s15","m3",-0.221279454276749,-0.748050124949802,-0.185551765536166,-0.930056145092559,-0.364301796980479,-0.231793859503342,1.76161984651022
304,3762,"s15","m3",-0.196452061808181,-0.733481854049149,-0.16201644610038,-0.959723661182703,-0.422541165732878,-0.249877184241273,1.94035947073223
305,3764,"s15","m3",-0.0836404278981221,-0.734393153479113,0.0534363537304244,-0.94424856157289,-0.0390073113709965,-0.0263235528650537,1.80713073773415
306,3765,"s15","m3",-0.194530656063699,-0.676509055973104,-0.112064150615244,-0.872444294455874,-0.292077080374963,0.0965328951727008,1.25242238080651
307,3775,"s15","m3",-0.177475325275235,-0.665988625086345,-0.049092235902012,-0.912808186468861,-0.103832271281769,0.0678454992954988,1.37371383550793
308,3777,"s15","m3",-0.241924823086314,-0.639251821931846,-0.174260836717448,-0.946099280995499,-0.480175787293559,-0.0736289464048917,1.4248341544567
309,3781,"s15","m3",-0.189960461451785,-0.733377994011176,-0.106450829516757,-0.958141223224377,-0.248337995987228,-0.147323496271482,1.81620383633917
310,3788,"s15","m3",-0.217603779959842,-0.598010951821687,-0.191155879272286,-0.925920333617925,-0.533171975765018,0.143172209992247,1.70209551936313
311,3801,"s15","m3",-0.225811165032256,-0.631137369901158,0.000380560546689715,-0.903060676538084,-0.214871427898185,0.129502949386599,1.24418996349581
312,3820,"s15","m3",-0.111856045999413,-0.677971193955123,-0.15321803847085,-0.94500514507615,-0.165445449275439,-0.000809870993322378,1.23316285163002
313,3836,"s15","m3",-0.0931333016155261,-0.775879521214086,-0.0989649513766866,-1.09112505357446,-0.232460708291307,-0.259725339245392,1.61639028199268
314,3842,"s15","m3",-0.205759548335845,-0.7291176743756,-0.232205917179075,-0.956294586657718,-0.587414044339158,-0.172248292956818,2.05217382158116
315,3848,"s15","m3",-0.0544551130180808,-0.597935310332062,0.00274786697875085,-0.783744948615437,-0.168180270846481,0.0372967489481518,0.535808984591067
316,3849,"s15","m3",-0.279852970168608,-0.701017534488156,-0.0834684899193611,-0.979936131257878,-0.290349028341592,-0.048734036084277,1.82509629304607
317,3850,"s15","m3",-0.252050685326946,-0.645683786659477,-0.0333038740343695,-0.884502595923639,-0.263512226569041,0.128868260879714,1.38256125035435
318,3860,"s15","m3",-0.214024331725831,-0.761005917423738,-0.0823694039107208,-0.937533893115089,-0.266158357682564,-0.0694871302193977,1.58548418861288
319,3895,"s15","m3",-0.082224021075942,-0.726925724532452,-0.165348243610354,-0.848118635549687,-0.112754697820789,-0.0869121561786907,1.45612671732477
320,3902,"s15","m3",-0.297928720148881,-0.702534906432881,-0.0830989846129927,-0.95351960572445,-0.0949881225003935,0.132481818471457,2.06235672604907
321,3904,"s15","m3",-0.295463673420727,-0.724172875965524,-0.05371183589558,-0.904311383777221,-0.323707635329868,0.0453422206597816,1.47739783798623
322,3933,"s15","m3",-0.130059289453913,-0.720595805116033,-0.155232107504955,-0.87029872580707,-0.459515807286586,-0.0190208628123528,1.42383781890287
323,3937,"s15","m3",-0.316623927193404,-0.653888322246534,-0.150274702336997,-0.899464271947821,-0.504629363679382,0.0480887716908819,1.21015546981876
324,3948,"s15","m3",-0.0831926209271288,-0.635762044232089,-0.0283379583826623,-0.920943463362642,0.0818640474042556,-0.140647273527157,1.40716187091568
325,3959,"s15","m3",-0.199234901148657,-0.588367278069521,-0.0286466986936215,-0.794713014888782,-0.142760229963722,0.175516669906192,1.20108995977538
326,3968,"s15","m3",-0.176419742231426,-0.704831507571092,-0.182608349155342,-1.03149351657303,-0.141695629385919,-0.154795814362408,1.76278541308465
327,3977,"s15","m3",-0.308115604673049,-0.677626274530907,-0.20498632829294,-1.01575278492406,-0.264721186146962,-0.152152514967991,1.64047365326242
328,3978,"s15","m3",-0.287402733970577,-0.682371526765508,-0.176492717423726,-0.939759411069911,-0.629504831545708,0.0478963653906946,1.93598551675415
329,3998,"s15","m3",-0.240788754308462,-0.648883054832773,-0.203333359361678,-1.00177183809549,-0.324350986086878,-0.010970210254165,1.66973852191266
330,4010,"s15","m3",-0.162220676158769,-0.679777506634083,-0.252090070441896,-0.933740554579968,-0.357345684426003,-0.0687508803414247,1.42039702469012
331,4036,"s15","m3",-0.287439597293004,-0.638566935851849,-0.0642548069162634,-0.950466650407198,-0.0344147552131609,-0.0473077724675563,1.365173564363
332,4045,"s15","m3",-0.184958226004932,-0.662338893405805,-0.216279957536181,-0.943902971940253,-0.330369776027202,0.0476855762971971,1.37049909794371
333,4048,"s15","m3",-0.196256437400258,-0.693257286513299,-0.11739266257866,-0.938803142116168,-0.145822809719668,-0.130555678791614,1.647277802108
334,4061,"s15","m3",-0.181151045280583,-0.675448203385413,-0.0586497326325221,-0.822590078932322,-0.194778865489943,0.105356939979365,1.18179273664815
335,4084,"s15","m3",-0.226690057533974,-0.686992247811374,-0.199967364779045,-0.92163923712526,-0.0955441966929323,0.0667422284745245,1.69590378328115
336,4092,"s15","m3",-0.0668097770347089,-0.793502043493294,-0.0045933164385131,-0.98028544190079,0.0214822319840318,-0.133496448552404,1.69190800058648
337,4097,"s15","m3",-0.276576762367544,-0.75224116429745,-0.215404488416917,-0.969599490267819,-0.350578843539222,0.0150445382816163,1.84399440023635
338,4124,"s15","m3",-0.165665023655568,-0.783038535228651,-0.0369348031691048,-1.04851996501898,-0.25933448600659,-0.151129402800502,1.73713812892295
339,4127,"s15","m3",-0.206218793763716,-0.765077116613733,-0.0187226498949295,-0.936508932712047,-0.295210873177433,-0.0587536726106246,1.55689120837177
340,4134,"s15","m3",-0.147398470353794,-0.670482120799442,-0.114685535926927,-0.948845616652834,-0.227548727927268,-0.127110315161891,1.59315508216719
341,4165,"s15","m3",-0.230858162490115,-0.700514590130825,-0.110959248369516,-0.986284836163789,-0.37885134244549,-0.139627903204462,1.52478451593526
342,4175,"s15","m3",-0.213807143480186,-0.727521677668995,-0.0553486877537987,-0.911204956323398,0.0537187499369841,-0.248294788232838,1.17067072260186
343,4182,"s15","m3",-0.124393897020529,-0.65197408599677,-0.0551453513268213,-0.867245551056701,-0.0976253917261684,0.0640286766064636,1.39980078226028
344,4207,"s15","m3",-0.14554877553994,-0.703856904608775,-0.169676715834323,-0.822354821537087,-0.334145811922581,0.172419650161534,1.55670365479524
345,4227,"s15","m3",-0.320299003513391,-0.665834698762266,-0.203036623159188,-0.909974098637855,-0.456728558773684,0.15111308433768,1.67342008556165
346,4235,"s15","m3",-0.322852931071575,-0.67922639197776,-0.25441831929002,-0.881972837603423,-0.82352958742045,-0.13560791891773,1.50891720688215
347,4243,"s15","m3",-0.281309268890096,-0.631267430500755,-0.109423569464642,-0.833040043845783,-0.673770170024731,0.126942477187119,1.51654618937227
348,4252,"s15","m3",-0.285469106852998,-0.691296006383096,-0.158855574027419,-0.947910421155574,-0.405527110690619,0.184883395272436,1.63621143116094
349,4255,"s15","m3",-0.150876084109662,-0.70377946815197,-0.0838112345805157,-0.891695384161616,-0.0562934548889586,-0.0143442312048844,1.0761540080595
350,4263,"s15","m3",-0.163414358848777,-0.675340315353711,-0.107487459122529,-0.962877663033064,-0.0861514636268763,-0.0405050845678234,1.33669157120015
351,4264,"s15","m3",-0.158321861718797,-0.655470101010684,-0.0681400762478691,-0.830613964375118,-0.148382430814889,-0.0504847088117483,1.56885948017682
352,4265,"s15","m3",-0.163255476899337,-0.822999994771716,-0.171078963030395,-0.947690431813649,-0.31176304361156,-0.00430389759829351,1.78930749920935
353,4266,"s15","m3",-0.237800581354654,-0.713687849461861,-0.0302223052761538,-0.917966805888254,-0.395159094823736,-0.0477206349392059,1.69866428356823
354,4279,"s15","m3",-0.208316570288881,-0.595232347404786,0.0150356398499516,-0.9525107634482,-0.000448592527312268,0.0570475686972076,1.29033639622969
355,4311,"s15","m3",-0.243177143037938,-0.711361916802932,-0.203525402411683,-1.0653590888825,-0.483285465206593,-0.163089535960406,2.20270441219657
356,4314,"s15","m3",-0.227606857268292,-0.793798545255099,-0.153707930915932,-0.922730992778322,-0.504860637862764,-0.194196755907108,1.97830900793634
357,4316,"s15","m3",-0.19236356265286,-0.640073063230917,-0.208066122120919,-0.962540531284886,-0.149972600828665,-0.0493350812896659,1.51224234631047
358,4318,"s15","m3",-0.116775922922551,-0.696584870422265,-0.247681219535302,-0.87668946427844,-0.401705927159538,0.0876957482531316,1.6199347899448
359,4325,"s15","m3",-0.106577767758182,-0.763500385145195,-0.091281165074633,-0.878291062112894,-0.13550471571645,0.0126133287052342,1.59900390998101
360,4340,"s15","m3",-0.243616898600929,-0.693568280001364,-0.129432770206646,-0.862184852631516,-0.429287271439769,-0.0728966347346679,1.48707927458948
361,4360,"s15","m3",-0.252586353952769,-0.776907553015454,-0.179198262672218,-1.03103170331478,-0.750025485011651,-0.195800475597983,2.15865974690698
362,4378,"s15","m3",-0.196621636058456,-0.690312611869599,-0.262948875538069,-0.93465180132372,-0.446601617957032,-0.0615103768913555,1.32402245092666
363,4393,"s15","m3",-0.156571531639693,-0.590218784917694,-0.0712890499329475,-0.857232339396733,-0.0403794088105419,-0.000542140998503507,1.1113592932352
364,4412,"s15","m3",-0.248839801053362,-0.748499309353407,0.0083070672168089,-1.02153084893115,-0.29895422092008,-0.103554659481242,1.84488312837338
365,4418,"s15","m3",-0.23577837220706,-0.591335950728752,-0.182429625721576,-0.826944889584908,-0.46375187817938,0.0987798308682738,1.25201840815359
366,4428,"s15","m3",-0.189316159266932,-0.702029895328875,-0.200340572191358,-0.951277801069641,-0.300771527763478,0.0893707733355032,1.69898199694196
367,4432,"s15","m3",-0.189818577523829,-0.757517641566057,-0.013386546943209,-0.997697553517533,-0.374666882253044,-0.0292686462168818,1.66915883484151
368,4437,"s15","m3",-0.192985617245504,-0.713594913281323,-0.127526287217001,-1.01154828609192,-0.220006716531238,-0.0453286322889718,1.95001003289688
369,4453,"s15","m3",-0.27121497431356,-0.666985964004289,-0.279976628725881,-0.848336674735095,-0.936300457428647,0.0232025311222591,1.0167814383263
370,4468,"s15","m3",-0.25441829444672,-0.65244008400494,0.014431818663082,-0.916056065531562,0.0389601057662579,0.04412685081977,0.927520839320252
371,4469,"s15","m3",-0.235200438750223,-0.748833834648941,-0.14750428567185,-0.811863814252078,-0.557583279768848,-0.117145600862554,1.14715965523585
372,4474,"s15","m3",-0.20227038097233,-0.736133359132008,-0.187208410688282,-0.90158324521385,-0.531262492254587,-0.0624113864348285,1.9047019595573
373,4476,"s15","m3",-0.0811664551767588,-0.687544932951903,0.00567945492676112,-0.973356869993102,0.113534437712661,-0.0238612071102115,1.22467671117656
374,4480,"s15","m3",-0.276840921396899,-0.761217276275777,-0.148572710586113,-0.913304228689134,-0.503645542554152,0.0809761155054875,1.49892580975399
375,4489,"s15","m3",-0.188998636912239,-0.623417829488602,-0.159139894842865,-0.900464572145921,-0.22576562256269,0.166904333340687,1.4641164866646
376,4496,"s15","m3",-0.163916318385631,-0.676457905463671,-0.106971437617533,-1.07585710384657,-0.233306132701926,-0.0483119893199104,1.69954274342873
377,4498,"s15","m3",-0.192607544611354,-0.823714765913623,-0.105177217737192,-0.888686096181733,-0.410062314020493,-0.233179709173688,1.78285183874273
378,4504,"s15","m3",-0.20006807396497,-0.735765630408939,-0.248184697739951,-0.937009311489375,-0.29259011170742,-0.132904733823253,1.47198101016015
379,4506,"s15","m3",-0.241098193798072,-0.652793817596661,-0.109852573406994,-1.01827519133214,-0.246387744256757,0.0894166000060973,1.86518630081411
380,4516,"s15","m3",-0.139287368741741,-0.730120354334162,-0.0563734047537374,-0.935453664631448,-0.3088005331694,-0.073636550215411,0.88250373409368
381,4543,"s15","m3",-0.248175372511609,-0.72562843176355,-0.190827032795801,-0.915850701073771,-0.54627631428226,-0.335957022095938,1.72179204328845
382,4546,"s15","m3",-0.169059001646853,-0.605680569983881,-0.199029929897379,-0.806601210711007,-0.402922368212986,0.0273562710621461,1.15982103125236
383,4566,"s15","m3",-0.165788860419123,-0.747470321679827,-0.147137662491961,-0.89047845097225,-0.0583887355988965,0.0612502070037023,1.37314176367268
384,4572,"s15","m3",-0.162565827500983,-0.768418368063116,-0.171131683933884,-1.03543526652025,-0.408431962022155,-0.0621556137843128,1.98559592444033
385,4587,"s15","m3",-0.2009800277248,-0.650431460133285,-0.171381047909718,-0.885796071755928,-0.290879910902941,-0.0595633658808758,1.79461677637041
386,4620,"s15","m3",-0.243857924092169,-0.73950604978207,-0.110197355681341,-0.959869234991603,-0.274179409885229,-0.099179587254213,1.66522497421243
387,4623,"s15","m3",-0.256435207882119,-0.694312735574879,-0.0528930064976144,-0.984434581888974,-0.0457497412884621,0.0953006820837647,1.82063181789613
388,4641,"s15","m3",-0.311786047277982,-0.674477936904744,-0.100128880900461,-0.977062898795103,-0.667945203034426,-0.00239863922393041,1.72545568578511
389,4644,"s15","m3",-0.256315697946715,-0.774658130988287,-0.117561127062752,-0.933274345651408,0.00265572126085577,0.0117344432248825,1.74969854726593
390,4669,"s15","m3",-0.202511053001321,-0.777668516831321,-0.196556451539431,-1.03171179654004,-0.352589344046888,-0.120567460621087,2.04679252377882
391,4674,"s15","m3",-0.26470364870227,-0.573733538895918,-0.098506144624914,-0.890497562356794,-0.360115380172249,0.234758704077163,1.26643614837348
392,4676,"s15","m3",-0.140877235465062,-0.747687698515434,-0.10071491949287,-0.977063582677245,-0.197386119800712,-0.208354121927955,1.0156057186651
393,4680,"s15","m3",-0.233734464357611,-0.593097233903082,-0.0846240095958789,-0.868877850266583,-0.531112463684375,0.0305258461647494,0.949638031588264
394,4687,"s15","m3",-0.379422546765147,-0.657931583230197,-0.109735854328509,-0.979414317757985,-0.453006308477942,-0.0568177659204481,1.82951686861547
395,4688,"s15","m3",-0.270294725134822,-0.68462538939493,-0.161971386980727,-0.947081736158607,-0.40544272199204,0.0886677997216903,1.61040390272998
396,4693,"s15","m3",-0.0785954501664308,-0.635916413605991,-0.199867816003184,-0.922863963378924,-0.223710868565108,-0.0396346768749706,1.33670094556169
397,4707,"s15","m3",-0.239045347797155,-0.606342303956145,-0.0722283595036661,-0.914590838323508,-0.570594555737708,0.0446122146596248,1.26594243937222
398,4729,"s15","m3",-0.186386518725936,-0.720923476793141,-0.151948726602165,-0.930368415030483,-0.224108742973125,0.032566370428647,1.56041653642776
399,4748,"s15","m3",-0.191011711263221,-0.734633014818478,-0.135946359615679,-0.982410386362966,-0.430238049951211,-0.207740764158771,1.64368389634035
400,4757,"s15","m3",-0.229251274698123,-0.702864002146135,-0.141425308613311,-0.951062576125259,-0.50344053074689,-0.139883822984301,1.87033387808772
401,4787,"s15","m3",-0.152673400435031,-0.62584842555161,-0.178037816188248,-0.829272331666629,-0.302575355626815,0.0102467240011322,1.26931871604137
402,4804,"s15","m3",-0.206734290133096,-0.680456248358328,-0.182653634276475,-0.890956424074445,-0.253397379760931,-0.056279906546639,1.22126166093719
403,4810,"s15","m3",-0.219889047876318,-0.595588093104338,-0.159562057716439,-0.895489215881879,-0.643478337267668,0.245823392327175,1.30306650292139
404,4819,"s15","m3",-0.269485539207056,-0.756899198663196,-0.044072206552476,-1.10656344757733,-0.118093308982773,-0.563628313435525,2.0610847961907
405,4822,"s15","m3",-0.194055274238261,-0.739694508529371,0.0532632244413141,-0.891710355509448,-0.076492520403474,0.109552251474037,1.08595955635415
406,4826,"s15","m3",-0.186787807541736,-0.689968485540825,-0.240199292676977,-0.86675367659729,-0.580320833213175,-0.0640383239908064,1.40436871363335
407,4870,"s15","m3",-0.167644508230218,-0.672470286209757,-0.110869599346472,-0.91987743088137,-0.439618861951759,-0.0724663633304506,1.44761466410315
408,4872,"s15","m3",-0.170497931640919,-0.56208977382835,-0.0555491318557464,-0.889072386458913,-0.206209779078143,0.0777022944571569,0.894864728185862
409,4876,"s15","m3",-0.102739179222435,-0.651729766429761,-0.129719182227749,-0.975831350468997,-0.253079054368849,-0.0634591576115409,1.25965311121632
410,4879,"s15","m3",-0.167231075120266,-0.680138118684225,-0.078518141726838,-0.893169735340622,-0.291235030621744,-0.205712085362075,1.25813266872853
411,4881,"s15","m3",-0.194404316558635,-0.726580170170963,-0.114563290057643,-0.863587620360519,-0.343063236893144,0.0194196791899369,1.04102556869699
412,4889,"s15","m3",-0.21584818349234,-0.832425394499179,-0.0993699738081497,-0.924706445307128,-0.432091537444987,-0.0861156389531298,1.51525714323076
413,4950,"s15","m3",-0.262253768713234,-0.750474862166169,-0.126085521975622,-0.877573558503673,-0.329911768106381,-0.141671031017907,1.24014303990901
414,4957,"s15","m3",-0.09255853487067,-0.726944547602997,-0.220743648139595,-0.886283858761272,-0.0949313519772429,-0.0467543968708829,1.21602727748075
415,4969,"s15","m3",-0.199876154040463,-0.622014896918239,-0.163317906010757,-0.867882592261083,-0.391193509002247,-0.0528322720975641,1.6138019587755
416,4988,"s15","m3",-0.313330468759431,-0.756030479063158,-0.0631091068346226,-0.909806080587305,-0.581593447915147,0.0410688288239248,1.7949795446286
417,4996,"s15","m3",-0.11652134532663,-0.735502813447715,-0.0658630300238689,-0.810007624296888,-0.190843215639927,0.11274764601702,1.2686780270714
418,5003,"s15","m3",-0.182950058992239,-0.727274468566159,-0.206347836369317,-0.779687090828848,-0.359860747031939,0.258101762878548,1.15739605323827
419,5020,"s15","m3",-0.143988136896584,-0.619282912489128,-0.0444333090073654,-0.854942224093373,-0.0316687904805286,0.137942797566154,1.43205021411086
420,5021,"s15","m3",-0.222789299245278,-0.644603338548129,-0.0557755319408833,-0.958891796981279,-0.159795923045191,-0.0956541772453668,1.96107831472837
421,5028,"s15","m3",-0.257944421645737,-0.75801777182253,-0.110751217308804,-0.948216506439552,-0.217077532405497,-0.0702008542577758,1.84191699495995
422,5041,"s15","m3",-0.179371222567902,-0.654028013796283,-0.153216870789685,-0.880410811567645,-0.434683963194487,0.0209042006260435,1.32798784022536
423,5053,"s15","m3",-0.186977123068552,-0.666869041917645,-0.146674915296796,-0.822713440992695,-0.243941298930876,0.0792161902220139,0.943533861383511
424,5063,"s15","m3",-0.114035845117759,-0.63557515521745,-0.0283625821888975,-0.8969026089834,-0.142778166260683,0.0997445990637819,1.02068929424456
425,5070,"s15","m3",-0.150839926897149,-0.636255545090991,-0.163749583073329,-0.800668379087183,-0.140613960672115,0.037906732638936,1.59741784513835
426,5077,"s15","m3",-0.325191010013743,-0.644628138904445,-0.170451306408203,-0.935309526171196,-0.397738690163134,0.166503346874608,1.53778937636039
427,5122,"s15","m3",-0.293052962202316,-0.855200338845626,-0.135500054211565,-1.03563482074111,-0.289719346828935,-0.42809837402621,2.22387558864018
428,5136,"s15","m3",-0.264982133889661,-0.71703016126367,-0.198792736855337,-1.02869329481429,-0.73320782272557,-0.010699083190625,1.51700281646608
429,5149,"s15","m3",-0.216230608602804,-0.676234585403181,-0.0838082765400137,-0.89106131164587,-0.351713338873863,-0.144350502867132,1.53041010204038
430,5174,"s15","m3",-0.252884610156623,-0.660300042185715,-0.111297341709169,-0.939567848948706,-0.144824468640859,-0.0937946189534732,1.58857455345907
431,5198,"s15","m3",-0.0975791900617551,-0.677874851035833,-0.0245528750522789,-0.762726921497783,-0.177844601244692,0.00203922432048862,1.13449038391182
432,5207,"s15","m3",-0.168307301176313,-0.779609997569946,-0.245928274106043,-0.911624432777908,-0.203172744678186,-0.0167534148738319,2.00777735001171
433,5211,"s15","m3",-0.110215676351981,-0.592798360289765,-0.012302601584086,-0.811389173578518,-0.118545843434703,0.147494256951381,0.894087189374004
434,5217,"s15","m3",-0.182044325136342,-0.644067778332053,-0.19010092312764,-0.794259526710999,-0.478949918990193,0.0152557147831906,0.890746613535378
435,5240,"s15","m3",-0.226763818066504,-0.749062271821783,-0.209006468352682,-0.976151459951698,-0.614861591294404,-0.124472819431089,1.59576678560674
436,5243,"s15","m3",-0.271507939654651,-0.642474658271252,-0.0736523620942576,-0.895147609300603,-0.31210231522007,-0.00676437006160432,1.4100251982699
437,5245,"s15","m3",-0.15727700911175,-0.695345403605967,-0.263849616906596,-0.898009345409195,-0.650729241905037,-0.0681780878489542,1.5432990792449
438,5251,"s15","m3",-0.153511219467413,-0.741925400457564,-0.0493169529947887,-0.890766438613496,-0.191178573012027,-0.0391232173181849,1.65589885342379
439,5256,"s15","m3",-0.221403949178872,-0.649249399530226,-0.161981825315811,-0.865284494510332,-0.194374710414002,-0.0367428299057833,1.46549181767148
440,5266,"s15","m3",-0.208409637577035,-0.617560875763958,-0.17621426571494,-0.848988132920395,-0.0832053531770688,0.214330188838868,1.2813822809231
441,5270,"s15","m3",-0.152424719629574,-0.661738333023185,0.00922688690874904,-0.863493550328907,-0.149367642705922,-0.0412012341792084,1.68770357155385
442,5281,"s15","m3",-0.170019097792946,-0.686430301930297,-0.0807153463721688,-0.850805079580778,-0.353794759506487,-0.0610013259655894,1.08244862463607
443,5283,"s15","m3",-0.101463929183839,-0.627136374332645,-0.114440380866334,-0.857065558568577,-0.210939216166047,0.135934059284578,1.24013864601582
444,5295,"s15","m3",-0.190313916119548,-0.675318644066133,-0.0396220269577627,-0.950465172067706,-0.14646661925632,0.106533866254722,1.49190896428632
445,5311,"s15","m3",-0.137685168205943,-0.795749462038468,-0.0921611452870455,-1.03052383666473,-0.166109193650883,-0.178485659170645,1.77137740315082
446,5318,"s15","m3",-0.196714527524009,-0.620916843497843,0.0142208266067967,-0.859900129060424,-0.218713861322688,-0.0240919868404754,0.944000605175402
447,5335,"s15","m3",-0.296157118900855,-0.691060727617386,-0.142174796995266,-0.914715242502901,-0.412298227370177,0.192159692975899,1.5726259148167
448,5339,"s15","m3",-0.202481757841335,-0.676680189298012,-0.18699443153965,-0.927903348073935,-0.411411244456663,0.169714919066057,1.53961342608024
449,5355,"s15","m3",-0.261143712217365,-0.747065609411004,-0.131314819274954,-0.983080055436782,-0.271486904203946,-0.134137620897069,1.74355805863826
450,5362,"s15","m3",-0.23043991406798,-0.692617733914145,-0.140047639502628,-0.977477815489298,-0.692534461777982,0.0165306618680577,1.93534813599472
451,5367,"s15","m3",0.000877689710227517,-0.63750993396287,-0.0563507242493311,-0.803802549631355,0.060136892432837,0.129372864965183,0.996550174344015
452,5375,"s15","m3",-0.294637361742634,-0.728091187939336,-0.21322660717118,-1.01181923902688,-0.620484156491801,-0.0371740516124698,1.75537934167047
453,5384,"s15","m3",-0.0753771823426351,-0.61388848635633,0.0496335566203793,-0.875752124255762,0.0726674222633985,-0.0051050219302288,0.72512382622813
454,5397,"s15","m3",-0.15515063789163,-0.682580362591378,-0.0892525437172041,-0.840784543678739,-0.107989676596016,0.0567501846518908,1.00976095599067
455,5422,"s15","m3",-0.258315051255883,-0.734031031054941,-0.160350921100804,-0.87208945545675,-0.218265066860843,0.0762708896779266,1.89289243410197
456,5439,"s15","m3",-0.188200959992137,-0.518496290115495,-0.074055945311295,-0.702445784381055,-0.472559502275398,0.185026466118308,0.546616657923839
457,5455,"s15","m3",-0.0867097104415626,-0.667232510165065,-0.112541453062299,-0.851718651575676,-0.410566867201402,-0.0473362282819649,1.31655647408935
458,5459,"s15","m3",-0.24242697371929,-0.615435321697521,-0.101940226599516,-0.963824078139173,-0.473278178538432,-0.067118384263865,1.25545505408066
459,5462,"s15","m3",-0.141547790580691,-0.601653231524847,-0.0481901992654762,-0.816354141726989,-0.0216454939305022,0.216064067954484,1.28749248124989
460,5475,"s15","m3",-0.250427995535618,-0.728945933335962,-0.0776561201286572,-0.959193532409435,-0.126226029432179,-0.372113552074195,1.96264510504865
461,5476,"s15","m3",-0.316039885724093,-0.743925560954994,-0.116672877859347,-0.925361276380066,-0.148561308587925,-0.141036086861017,2.05490527807411
462,5481,"s15","m3",-0.11899557277538,-0.766228759172739,-0.0411678457154693,-0.817237918143319,-0.0996270267865743,-0.0292383296411085,0.959504870453175
463,5489,"s15","m3",-0.230289506954337,-0.680412336174097,-0.0640994690073621,-0.851154697489124,-0.0549030185198499,-0.053679049284836,1.39964719399207
464,5491,"s15","m3",-0.154797764786357,-0.664821157651565,-0.106745954751972,-0.946844189357059,-0.0390425643004341,-0.0549021942796531,1.17398171670147
465,5500,"s15","m3",-0.228789792044444,-0.729205490236223,-0.163471733549897,-0.901274354917824,-0.239141255924406,-0.148428220444238,1.31410879764423
466,5505,"s15","m3",-0.166918204510307,-0.742513686305273,-0.140627200890063,-0.96625441227029,-0.414338335949498,-0.159326592962478,1.921448308942
467,5508,"s15","m3",-0.362827651943247,-0.653321623718992,-0.178140276223632,-0.927145203193088,-0.589301212241363,-0.0129531149432266,1.61851945094772
468,5511,"s15","m3",-0.166131906884873,-0.609514686162699,-0.153369074141716,-0.823303508813455,-0.302866698632362,0.104594923816584,1.05575000133373
469,5532,"s15","m3",-0.183917169986467,-0.766091093545926,-0.0664007064640035,-0.910381165199074,-0.21921674749493,-0.112286187197014,1.13069733823889
470,5549,"s15","m3",-0.280947578165897,-0.705575964116597,-0.207736750460538,-0.871030960700521,-0.545108597347402,0.0145806025584671,1.01954821937293
471,5557,"s15","m3",-0.178543512465968,-0.759399654179559,-0.161302262228703,-0.883955403068813,-0.30851305051408,-0.0361424579059297,1.94666399147502
472,5562,"s15","m3",-0.231931081942957,-0.729486006942842,-0.104668939533586,-0.984067079415335,-0.326208455576614,-0.171124877467671,2.02482384085172
473,5575,"s15","m3",-0.26811728705547,-0.743829343113302,-0.161808115022589,-0.970841905066758,-0.449362847764783,-0.216371924042548,2.44131944154756
474,5578,"s15","m3",-0.116985939700312,-0.783732397327584,-0.311514148391854,-0.977482847153845,-0.529716260772332,-0.101483978202686,1.97742429661489
475,5589,"s15","m3",-0.209232941968526,-0.73810575325826,-0.274900436223419,-0.963944673663689,-0.324481910991555,-0.243689340328696,1.70011768234556
476,5596,"s15","m3",-0.175740523139692,-0.775757406244968,-0.172734022065478,-0.922036752329282,-0.473617126660777,-0.033412001210028,1.83486627206945
477,5612,"s15","m3",-0.227963786081031,-0.737432819715951,-0.170241715182857,-0.97632406954025,-0.269704674912897,-0.0185541181497107,1.23246851399697
478,5619,"s15","m3",-0.22048815488114,-0.616499779771533,-0.150351239830016,-0.869186434347561,-0.352708647272717,0.204937597617449,1.47723996623868
479,5621,"s15","m3",-0.200178279204391,-0.705792271479615,-0.203679798528098,-0.936066377848295,-0.56980180859564,-0.034609878679837,1.69273624190595
480,5624,"s15","m3",-0.264812270647797,-0.811833041462115,-0.0462994489588245,-0.947191593075992,-0.24502989458429,-0.211641381401299,2.03266213642737
481,5626,"s15","m3",-0.1965646396354,-0.70444145663836,-0.0994113338566577,-0.972330553795888,-0.132788433651361,-0.0825673241560771,1.30231495675307
482,5643,"s15","m3",-0.254749061736305,-0.720980179439251,-0.135549573194191,-0.939342618181338,-0.44025435583743,-0.270196102796974,1.81832161984868
483,5646,"s15","m3",-0.213281246188305,-0.644391397850054,-0.082080373443063,-0.897233779934887,-0.466096935067949,-0.0734136826871823,1.14005963511065
484,5654,"s15","m3",-0.272988379260356,-0.717525342890164,-0.127901655125004,-1.01868515913715,-0.628367641272243,-0.18062012223479,1.82533777708669
485,5665,"s15","m3",-0.310608772757045,-0.761445679184277,-0.192467711641761,-1.00292513869804,-0.327056020716525,-0.124691173840844,2.12712137416439
486,5668,"s15","m3",-0.180213679854357,-0.673137730668535,-0.0668217855475496,-0.94306309646824,-0.272835985173677,0.00529314012246947,1.37214721347919
487,5677,"s15","m3",-0.212897293080053,-0.70839307505864,-0.217562908900026,-0.914039580236615,-0.288722126629264,0.147645168739004,1.58557825060103
488,5687,"s15","m3",-0.289744991863704,-0.693979471641165,-0.160188589656966,-0.941495643787429,-0.468578514814063,-0.00831733078058948,1.49886006110392
489,5688,"s15","m3",-0.225373353156995,-0.710533502830422,-0.161637178168309,-0.940689395793898,-0.463295400467018,-0.0263378300717222,1.61150079864931
490,5704,"s15","m3",-0.207336907833622,-0.747373812120344,-0.0503662123321151,-1.03899215764881,-0.234105795635287,-0.168220285551427,1.81594218037465
491,5711,"s15","m3",-0.165303546012792,-0.670794816617005,-0.030960698181502,-0.852724739753952,-0.458612742887532,-0.0220456665707386,1.38657311964768
492,5738,"s15","m3",-0.18400949940086,-0.718498199528563,-0.101338222164145,-0.962345427555898,-0.361201545493852,-0.229599210378344,1.6675377239248
493,5752,"s15","m3",-0.235452157382473,-0.718861665096012,-0.0962693089722627,-0.979190806218536,-0.340922750001545,0.0104588976276006,1.60057271242726
494,5756,"s15","m3",-0.274982090566765,-0.667952914437401,-0.125891386718559,-0.876187732808153,-0.268649856037501,0.261529029941639,1.51766523220213
495,5759,"s15","m3",-0.205078614509457,-0.562169882334195,-0.0540552520735155,-0.893669774213621,-0.276504630543491,0.0924852927931374,0.789628920174839
496,5773,"s15","m3",-0.288612476651031,-0.823330355194911,-0.0803532930571894,-1.02808946264272,-0.461245355023473,-0.361219664960521,1.99533842285447
497,5776,"s15","m3",-0.277122644700128,-0.632732091665009,-0.188689150478014,-0.782512375783956,-0.275877778087986,0.163979750666658,1.31140386101164
498,5808,"s15","m3",-0.245477150270768,-0.716002911134615,-0.163260382641798,-0.972748055143058,-0.299178462163845,-0.0435314929491646,2.03159742939676
499,5819,"s15","m3",-0.168491182269123,-0.72972024471718,-0.0355967299771669,-0.941447214633873,-0.102707366034974,-0.13188932107483,1.32926322061443
500,5821,"s15","m3",-0.187004060611397,-0.774831566846655,-0.136331406543884,-0.938483586687738,-0.491305045449679,-0.0997959571555345,1.90599103945524
501,5827,"s15","m3",-0.146768939982147,-0.661201737614607,-0.105485979648643,-0.916615309945661,-0.286185230484648,-0.0650588744200569,1.05238968380793
502,5841,"s15","m3",-0.188532708530304,-0.732629136749437,-0.0305862236937952,-1.02705617456107,-0.307077439654823,-0.147720637514024,1.93618658952273
503,5859,"s15","m3",-0.380171579475062,-0.764479578587401,-0.328228089698317,-0.951657449371318,-0.670472640262108,-0.138874281126253,1.66253762652516
504,5861,"s15","m3",-0.209153145875556,-0.756790865621803,-0.104519573145433,-1.00910594433964,-0.433056012394112,-0.158757647315869,1.99337537333701
505,5876,"s15","m3",-0.0817593787464893,-0.696543304724743,-0.042413677884629,-0.814456377448795,-0.293772247327514,-0.163122247964246,1.4381196153065
506,5892,"s15","m3",-0.216073316170876,-0.63521082337563,-0.035135026485083,-0.828986067608012,-0.225289776313223,0.302565118278036,0.923326618136553
507,5902,"s15","m3",-0.238342716280018,-0.756165184617343,-0.102964254443254,-0.896207331448363,-0.322870859653114,-0.124457686981422,1.14816785412415
508,5908,"s15","m3",-0.26031031686456,-0.696614013605636,-0.0913897973751407,-0.966981951535532,-0.617692986698703,-0.307741054103956,1.15122087498857
509,5934,"s15","m3",-0.20716370780783,-0.689454054548335,-0.241094645962378,-0.82487291893952,-0.419702302521174,0.119042028195294,1.43203264321205
510,5941,"s15","m3",-0.158566840292385,-0.633782792081479,-0.262026646779014,-0.886678327034668,-0.562919513887961,0.102264751861808,1.37316132828132
511,5954,"s15","m3",-0.199631390125311,-0.629249236491605,-0.155428445290188,-0.978639776927708,-0.348753940393891,0.213788954215649,2.00698474629043
512,5968,"s15","m3",-0.296456747258699,-0.644808443061152,-0.126164183119467,-0.836922750285589,-0.664869555588354,0.0465325325758143,1.24886692780983
513,5991,"s15","m3",-0.204210237196372,-0.767074704092886,-0.184285323006251,-0.987823667988498,-0.380230412057859,-0.104588340637693,2.09508812112211
514,6015,"s15","m3",-0.235897631103849,-0.700239120108801,-0.220042993067819,-0.851049095774036,-0.586270094904761,0.0491322880555233,1.78440687769591
515,6020,"s15","m3",-0.175064010530373,-0.764260541912629,-0.0688442147227767,-0.981733129186566,-0.195846239749463,-0.28335386388494,1.43428560487543
516,6021,"s15","m3",-0.143768914650803,-0.729139772506102,-0.105329659248,-0.893529169118012,-0.465725331471303,-0.0607043847466886,1.47197512719382
517,6026,"s15","m3",-0.296962420511169,-0.813280586814961,-0.223956389385416,-0.946669871653912,-0.377659684776433,0.00652200653743383,1.65055300686007
518,6050,"s15","m3",-0.193570705048154,-0.653086802414416,-0.12225963092377,-0.873536337140222,-0.238572343685492,-0.0381459252557313,1.44612018557808
519,6054,"s15","m3",-0.229238724852707,-0.554069239375604,-0.031633378039966,-0.78864643957419,-0.251390438163333,0.153912323386484,1.22043035304607
520,6066,"s15","m3",-0.346303938479053,-0.81447976177448,-0.308668622637679,-0.925354585910112,-0.976059146908019,-0.0500365983084208,1.59178781715538
521,6067,"s15","m3",-0.228573949989709,-0.759275946931683,-0.217246092005959,-1.01657655416041,-0.231088898186783,-0.172031836776029,1.90514623331927
522,6069,"s15","m3",-0.209929560988404,-0.719118251758033,-0.205781245942076,-0.974252297064061,-0.386661957592381,-0.0439595946979372,1.92177374052169
523,6077,"s15","m3",-0.173051457619388,-0.758577767422106,0.0588895329626962,-1.03428067323584,-0.413144470102497,-0.0499368590559545,1.67983145954837
524,6086,"s15","m3",-0.243626661184014,-0.715910150138215,-0.104168608929881,-0.935520219930083,-0.158857404888633,-0.203346122977193,1.59050692808774
525,6093,"s15","m3",-0.223640572065566,-0.721980582606076,-0.201392745450826,-0.864273101758138,-0.450293061599763,0.107684455413071,1.95914657662319
526,6097,"s15","m3",-0.212171158215452,-0.675494637619804,-0.208325186011131,-0.906461770559056,-0.307883108918482,0.137157660264895,1.79527883158922
527,6111,"s15","m3",-0.253298298990919,-0.666793854794713,-0.229015104351652,-0.954045122563231,-0.861767099175229,-0.104285642502437,1.59980401106184
528,6112,"s15","m3",-0.197940789772113,-0.72984906433238,-0.103502596245479,-0.85181848024651,-0.235468909970826,0.0296524168360834,1.77861454433224
529,6129,"s15","m3",-0.248891380478887,-0.699485101980831,-0.189692341957712,-0.944189029311991,-0.154553631035655,0.0226159111844813,1.81234972702623
530,6155,"s15","m3",-0.263164207879619,-0.816636112301303,-0.104157100532607,-1.07106824616296,-0.544086555708563,-0.11126963690235,2.26081898711405
531,6160,"s15","m3",-0.206228142357376,-0.737786862654374,-0.104190091214999,-0.94730470257391,-0.466305977950125,-0.0636531153303581,1.55140632641769
532,6176,"s15","m3",-0.346095614536635,-0.683330977125443,-0.233073358832214,-0.968688764440154,-0.745342039082453,0.151181423190741,1.7521202514018
533,6182,"s15","m3",-0.175467780391382,-0.782066070419482,-0.104667126975591,-0.961992304278942,-0.388466244047206,-0.0702531630308163,1.5603763945616
534,6194,"s15","m3",-0.0522650978743621,-0.574057476328428,-0.101091466041339,-0.872752475882246,-0.280629389737778,-0.0396709303982034,1.20411613799158
535,6197,"s15","m3",-0.195593292317153,-0.641915872283554,-0.0680414346729364,-0.926209973884211,-0.0698853959906545,0.080033716198934,1.57862309611435
536,6204,"s15","m3",-0.161057727953677,-0.745089090170031,-0.213588541106556,-0.918079302238139,-0.443551464520082,-0.138049205774585,1.73643198853963
537,6218,"s15","m3",-0.26251254732215,-0.779122310722732,-0.211230340777272,-1.04617068912857,-0.687472869853824,-0.223816912985971,2.14790457031718
538,6234,"s15","m3",-0.243826034776892,-0.659473834021514,-0.103708098266302,-0.904521959234333,-0.155674296573132,-0.0841539525438136,1.20531552166621
539,6251,"s15","m3",-0.0690572171657307,-0.693342248265077,-0.11566024110904,-0.813775147103088,-0.0925841932503058,0.0117668957499583,1.52899399255621
540,6262,"s15","m3",-0.23868687928704,-0.701837706321351,-0.12991463384916,-0.96338369341908,-0.112249149288683,-0.0774669945878902,1.92694758264356
541,6264,"s15","m3",-0.303865271521093,-0.664143953952676,-0.0736214597946164,-0.923599145949731,-0.315310634513017,-0.0095467098334887,1.46264323665106
542,6269,"s15","m3",-0.246413039428393,-0.61876627314327,-0.170410743628947,-0.940445486553129,-0.466249714602842,0.0971948291050462,1.76516944295634
543,6317,"s15","m3",-0.197323670547451,-0.688346955822162,-0.162795305392145,-0.925150300760881,-0.349164412751876,-0.210869826816302,0.976082297078998
544,6322,"s15","m3",-0.115333755915185,-0.705061283024275,-0.041200980524375,-0.853307195871913,-0.269293804037842,0.134144098962831,1.1059748848286
545,6348,"s15","m3",-0.279812585971764,-0.690515123718613,-0.0366447887988553,-1.01665593216412,-0.410726129849028,-0.0545110092512972,1.69521553050297
546,6363,"s15","m3",-0.270514518935233,-0.712544835279157,-0.148538023107113,-0.92497216006856,-0.362630346768152,-0.0216655871528953,1.39791526686522
547,6380,"s15","m3",-0.206690118498521,-0.650815678725291,-0.171325382769733,-0.987265296435293,-0.221922252504932,-0.0374579025066414,1.54138367516983
548,6385,"s15","m3",-0.141162674415358,-0.689378870564212,-0.0359777622622679,-0.970027971694218,-0.194792511894905,0.0272230978262695,1.64451205339627
549,6411,"s15","m3",-0.186241784680215,-0.799739213136731,-0.109327978427602,-0.882251979563949,-0.42014147088004,0.0114417197813465,1.65284573359147
550,6434,"s15","m3",-0.233298364471899,-0.688988929841612,-0.152198852906893,-0.90813570623791,-0.565737268586086,-0.188082135821925,1.39483841422451
551,6441,"s15","m3",-0.18021860119515,-0.71905474651061,-0.0439136083811187,-0.929907842074375,-0.182261178941879,-0.0781354512766438,1.38011731931924
552,6443,"s15","m3",-0.175469231299017,-0.722561270107914,-0.0756288403975505,-1.0140208438348,-0.408918579112491,-0.184908654680474,1.78417679561529
553,6449,"s15","m3",-0.256500061642128,-0.629711063203111,-0.230388753833134,-0.899569451739917,-0.429835823326125,0.1443857796974,1.44758253826437
554,6454,"s15","m3",-0.115031706593015,-0.707951499303732,-0.22777007909155,-0.941858126260552,-0.240088164372573,-0.0341618602303669,0.944481834803246
555,6478,"s15","m3",-0.179218537251212,-0.778676481006512,-0.158170321137023,-1.00292417965838,-0.334437093137194,-0.106073106806867,1.89524869915256
556,6500,"s15","m3",-0.176286820038778,-0.608563064456401,-0.185292209097367,-0.933507394281207,-0.704816718107505,-0.0239243245610551,1.05346574896509
557,6503,"s15","m3",-0.298470125897725,-0.654331549513942,-0.180498913202907,-0.932232877061092,-0.328518490521925,-0.214858622136684,1.79217935828423
558,6510,"s15","m3",-0.173547200333904,-0.72170052755263,-0.143959843441773,-0.964951797075014,-0.171474746851383,-0.0402968449073617,1.30888520370847
559,6517,"s15","m3",-0.236368576049797,-0.766174365719918,-0.184347067434026,-0.977913467606872,-0.298832154226824,-0.112482810293689,1.63798958110696
560,6528,"s15","m3",-0.162038366652548,-0.653998335604705,-0.0749066111507792,-0.856914514072803,-0.124235078579138,0.00625787649181157,1.56796949283243
561,6575,"s15","m3",-0.213289958653565,-0.734230954799932,-0.152056853426347,-0.963496184030842,-0.393624266631029,-0.0592852727851742,1.82239093143678
562,6593,"s15","m3",-0.224415714366913,-0.675019875803813,-0.135873125114342,-0.913988266690833,-0.225885911123328,0.0284049581694496,1.83098466597739
563,6600,"s15","m3",-0.266489119656697,-0.612704344199752,-0.178495649540818,-0.923554874783929,-0.284114477659034,0.0951448307829126,1.54644552773762
564,6619,"s15","m3",-0.187468173868186,-0.605996189155782,0.00791679052285256,-0.813779347684354,-0.0779718250815821,0.0875795956441996,1.21575814419359
565,6641,"s15","m3",-0.254229408425543,-0.730941216532215,-0.17724900981756,-0.866632288560789,-0.199513804020379,-0.126634140177722,1.56601697680515
566,6654,"s15","m3",-0.27335858328461,-0.709092454626071,-0.0509688110492581,-1.0219236877334,-0.206371794426443,-0.310846661516388,1.71545690543973
567,6659,"s15","m3",-0.310825931891341,-0.724625329578355,-0.271554512145208,-0.954645292312364,-0.567434661797564,-0.170458321604356,1.63291155016178
568,6661,"s15","m3",-0.149125212775472,-0.707968628924778,-0.125537142851682,-0.992653582546682,-0.304015704594289,-0.221907323987791,1.52168849313211
569,6677,"s15","m3",-0.0766320150394067,-0.574198062472077,-0.0827624433608358,-0.837561473239762,-0.178838393168816,0.172174244939431,0.760053010272314
570,6693,"s15","m3",-0.0816083160140015,-0.672551589201755,-0.0750059861420264,-0.856648266524837,-0.108723816452602,0.111788052989475,0.932468455847266
571,6715,"s15","m3",-0.227945803381968,-0.627732244835803,-0.171844363008848,-0.776552998114425,-0.370454647338764,-0.217022321977916,0.899616908618963
572,6716,"s15","m3",-0.346342376826727,-0.72946242455968,-0.230813264443211,-0.973986906578282,-0.66892891110409,0.0580724355842104,1.95378588454069
573,6738,"s15","m3",-0.170770772704521,-0.692023355711468,-0.0815726371020896,-0.860795467946514,-0.194683849593642,-0.0106695099353465,1.18331886250835
574,6751,"s15","m3",-0.284248682743494,-0.692344135227504,-0.102822093553811,-0.819745811557457,-0.361980313597194,-0.00163695280171843,1.41687603396706
575,6767,"s15","m3",-0.282987395730029,-0.693741087952904,-0.068558171850323,-0.87390847428484,-0.315055870432623,-0.108144677743534,1.23574931690482
576,6772,"s15","m3",-0.227641627079984,-0.697586308692724,-0.0698083103044561,-0.818782462323458,-0.258773935960864,0.207135724582165,1.24397739788283
577,6782,"s15","m3",-0.185445807954042,-0.761085750531716,-0.156476150886525,-0.913611513718751,-0.618663929612541,-0.0423329856137787,1.54014239663746
578,6789,"s15","m3",-0.262273310213135,-0.72556401922269,-0.106284276933056,-0.95994352333336,-0.301603066742713,-0.0961284677663709,2.28459457921595
579,6804,"s15","m3",-0.141453827694886,-0.726188750944443,-0.0108278492633872,-1.00357913709047,-0.197477377946732,-0.164550177260999,1.98666005287952
580,6817,"s15","m3",-0.278941477986023,-0.668419893080088,-0.0726059424667301,-0.869245959893956,-0.320815683296602,-0.0460788279491497,1.2598785062245
581,6846,"s15","m3",-0.176504901192017,-0.754571103788573,-0.201657466185018,-0.994790320274782,-0.438313645376152,0.00687395872566863,1.89377650723594
582,6853,"s15","m3",-0.167347415852835,-0.692369397095793,-0.0770110825530028,-0.885492200292067,-0.0764460569319026,-0.0910393133982758,1.11160638951935
583,6860,"s15","m3",-0.250257998776461,-0.68728232061244,-0.0620847989371464,-0.941256805468267,-0.421098235362961,-0.00768284977950184,1.44789323889471
584,6868,"s15","m3",-0.172668761215784,-0.71345970156152,-0.0646078732994018,-0.910921877348977,-0.239847071976433,0.0449987264714649,1.3309639358031
585,6870,"s15","m3",-0.367652369834412,-0.689885901160023,-0.183112104902977,-1.00628725687908,-0.595135643132397,-0.396486011109976,1.69818985771461
586,6875,"s15","m3",-0.149151707474258,-0.759420466673408,-0.0949384261264079,-0.946813312181114,-0.198681853734768,-0.00425484406658791,1.19072309142248
587,6876,"s15","m3",-0.178133186634201,-0.708357892977127,-0.122385710835488,-0.934142539631839,-0.306856279450467,-0.185518540348281,1.81344567090773
588,6880,"s15","m3",-0.200234705675944,-0.686818214039725,-0.147268316240651,-0.90732569632978,-0.212410050120774,0.198380821659719,1.57200382456922
589,6893,"s15","m3",-0.210795745055189,-0.621320399588796,-0.178084513389558,-0.952217351303246,-0.563270963248698,-0.0443849411297438,1.47505261936124
590,6895,"s15","m3",-0.243637535977916,-0.714853771557483,-0.0340067581147147,-0.967921428402882,-0.160452949626374,-0.0829079706365435,1.7490302577469
591,6913,"s15","m3",-0.246513776705282,-0.733607080344164,-0.213515747447986,-1.02288094276355,-0.166275495734732,-0.0797118113766983,1.81460802413072
592,6937,"s15","m3",-0.246563560284311,-0.718258459005418,-0.193307089011156,-0.951170355304418,-0.728707936952609,-0.00170556961476078,1.58059265890039
593,6955,"s15","m3",-0.201675003636321,-0.651137024750862,-0.0127557478415733,-0.928578954092355,-0.116099897690462,-0.140117232069666,1.19692226527447
594,6962,"s15","m3",-0.214044794470591,-0.694885022935384,-0.121091537493269,-0.998091205642487,-0.427506273860131,-0.221741569797833,1.53625444723128
595,6964,"s15","m3",-0.359425374962488,-0.707276758496364,-0.23603342370975,-0.923115879992597,-0.978232334351954,-0.153212047240793,1.65862651501736
596,6969,"s15","m3",-0.234625476806902,-0.669954115640086,-0.242568384112698,-0.877867375420919,-0.749700285832601,0.121900511685091,1.40455151176941
597,6976,"s15","m3",-0.322441524320382,-0.754603250385413,-0.0205339074444965,-0.881799035924448,-0.196874094652698,-0.0984245707706422,1.80664373947495
598,6979,"s15","m3",-0.210742138053139,-0.734179929715783,-0.0310502600290666,-0.915089727077305,-0.200641458645322,-0.0765252605121241,1.69119333179808
599,6980,"s15","m3",-0.286132106687917,-0.720995648818916,-0.0754073401898243,-0.985757846848381,-0.0524182568213306,-0.197051436923157,2.02848908066645
600,7007,"s15","m3",-0.201625380865341,-0.61740727329038,-0.0825734749072885,-0.876009588355307,-0.572980267369897,0.0317799246817795,1.06733706868836
601,7025,"s15","m3",-0.288574687614233,-0.748002323528594,-0.218859285888457,-0.999271240140007,-0.746796943222778,-0.337043113175035,2.18386053327927
602,7028,"s15","m3",-0.239816745291628,-0.780090201626917,-0.152676999754753,-0.935088925891968,-0.348821225968697,-0.167642032997743,1.59693583625399
603,7031,"s15","m3",-0.186730851742279,-0.706370004637181,-0.0822710300307365,-0.997988546010015,-0.231556687216984,0.00993926146426631,1.58050634095864
604,7032,"s15","m3",-0.170511597560584,-0.57843910388062,-0.0726867720584399,-0.835411283398421,-0.319260603571086,0.0573665211731004,0.669240874454881
605,7067,"s15","m3",-0.226635080659319,-0.702059688711611,-0.0713093311923022,-0.975552963809414,-0.495105344208315,-0.0686076814419927,1.81408415004894
606,7074,"s15","m3",-0.134212214618787,-0.669543966980896,-0.0654903485838536,-0.956011899134534,-0.166175290189947,0.00231779577397637,1.90776599979728
607,7088,"s15","m3",-0.134407922445417,-0.640290820425927,-0.0523551107035372,-0.901511733473099,0.0634267926330477,0.063263340311595,1.42558463020113
608,7098,"s15","m3",-0.261670960269852,-0.790241269617773,-0.152886835132899,-0.931018972506396,-0.504650607070335,-0.178617312339799,1.5054931076543
609,7197,"s15","m3",-0.210013083560429,-0.746915545189851,-0.149461371862551,-0.920175145843133,-0.331874272008729,-0.110234786782515,1.22868109950857
610,7206,"s15","m3",-0.228213683814793,-0.701535762974858,-0.184537479902628,-1.00201409112205,-0.424893138041977,-0.0647949891368448,1.39449556852157
611,7213,"s15","m3",-0.176098409943078,-0.778518246820945,-0.0898413215690638,-0.995935680313471,-0.0543975032348469,-0.0900511326352427,2.02099165525294
612,7223,"s15","m3",-0.199910065604047,-0.735892756091094,-0.183534241705226,-0.954533999909784,-0.155470171113138,-0.149475371629583,1.73365945299148
613,7234,"s15","m3",-0.309514319993,-0.686083585134358,-0.0702419016308047,-0.997269674102611,-0.269718455653662,-0.114234420895653,1.41736294700281
614,7236,"s15","m3",-0.222545589560847,-0.703102018367755,-0.0159966633436134,-0.882141671823286,-0.229917476301872,0.00655452547202668,1.15005807149147
615,7297,"s15","m3",-0.132807412548926,-0.660289280184781,-0.0864458969170339,-0.786221648607897,-0.0327871825436254,0.178525136187117,1.14750106037126
616,7311,"s15","m3",-0.15793542088213,-0.715481193772056,-0.121731273655375,-0.963117099480065,-0.187393397966577,0.0209825265629383,1.56091814791323
617,7314,"s15","m3",-0.243451761992173,-0.731391009539225,-0.218507033136837,-0.890760132108944,-0.685832773523425,0.0415779489003515,1.29524302666058
618,7317,"s15","m3",-0.230201195934151,-0.632518581030748,-0.204634027352639,-0.894683820256636,-0.573302844211814,0.0571384245426621,1.21702696808031
619,7333,"s15","m3",-0.23398787205017,-0.665944506535732,-0.248971574739404,-0.891166220657792,-0.302631456069715,-0.0581470882440343,1.58793189688877
620,7341,"s15","m3",-0.171674870870767,-0.765546639204357,-0.0257413762604606,-0.968443202953394,-0.192571481099263,-0.10230382847294,1.89832328870767
621,7360,"s15","m3",-0.338069811869162,-0.599226836333671,-0.105904287647936,-0.943917571167753,-0.509978577757413,0.0148993376581317,1.74916759653646
622,7363,"s15","m3",-0.123169188472307,-0.607531654998006,-0.131064405911344,-0.85521614478021,-0.00722321149925696,0.105172531591714,1.0947784916538
623,7369,"s15","m3",-0.118249995958499,-0.805061269398796,-0.142059503367697,-0.9549619254998,-0.329515219043464,-0.0566705147120483,1.98326443305605
624,7380,"s15","m3",-0.214251700071635,-0.73244154702805,-0.0232430042464758,-1.00177857897342,-0.192142961852777,-0.122797278008253,1.75013734679703
625,7391,"s15","m3",-0.232213502444712,-0.685295461379039,-0.125882353596261,-0.931811734078839,-0.424412789584336,-0.0685881943913581,1.63694567761173
626,7404,"s15","m3",-0.0611661777089022,-0.670630584650505,0.000630868020369931,-0.889883976639613,-0.25885798443063,-0.118527770769873,1.03188607276248
627,7409,"s15","m3",-0.255186582916344,-0.609973471650533,-0.140600494718363,-0.949287342573074,-0.277885540565254,0.0483999445633417,1.49273245893333
628,7416,"s15","m3",-0.171844159204645,-0.646531178870744,-0.0613553129192772,-0.932667094631662,-0.05182879190556,-0.0199998795523821,1.51991421961264
629,7418,"s15","m3",-0.17431642014438,-0.57969252241189,-0.00951647387946065,-0.835994762946821,-0.389289265635966,0.196880559993027,1.17575106260747
630,7431,"s15","m3",-0.243269719043065,-0.68346486031801,-0.0839357192274872,-0.828710174691872,-0.293459996554472,0.0956405206726546,1.49645162746239
631,7443,"s15","m3",-0.369735860381923,-0.742635224942239,-0.26443485596808,-0.981142587176212,-0.767817198431044,-0.0883916216269082,1.8102520948568
632,7451,"s15","m3",-0.224036447622743,-0.660618819307867,-0.188262395868053,-0.851000438558121,-0.585379353246331,0.0342772027304685,1.53188578070718
633,7469,"s15","m3",-0.298030460392158,-0.746498626545976,-0.236085211248979,-1.04632179119566,-0.557763714605397,0.0770856893410523,1.94458096390066
634,7492,"s15","m3",-0.262810544653802,-0.714107983143797,-0.138940678277334,-0.988889768188851,-0.643713755610807,-0.0662391401567341,2.3359482414957
635,7502,"s15","m3",-0.151515302298327,-0.662729164160242,-0.0866462593577769,-0.996985949469012,-0.273867074490779,0.0240809277707418,1.53853917641279
636,7513,"s15","m3",-0.219352357692303,-0.666923235759088,-0.112041715542059,-0.91404921555928,-0.143194031555323,0.0557836823542305,1.7106379872621
637,7526,"s15","m3",-0.217388131723785,-0.700495161511003,-0.103381843520231,-0.90044211504121,-0.169949570112343,-0.0122081701820505,1.85203579804692
638,7527,"s15","m3",-0.257059304681369,-0.658166024668949,-0.0809458678506483,-0.942898014342648,-0.987535186989223,-0.0163308140863211,1.89451525470587
639,7538,"s15","m3",-0.286322284548624,-0.679207538464027,-0.103186600642769,-0.877854561851117,-0.154371940315757,-0.210934815990793,1.59985474719584
640,7539,"s15","m3",-0.175305827747857,-0.71065382370519,-0.224554903490456,-0.966248994559649,-0.377458287605508,-0.231960929442287,1.65309163299446
641,7550,"s15","m3",-0.240956773758814,-0.682009234292809,-0.157824198239852,-0.851199624957011,-0.475545976023702,0.243216153169532,1.4577529246085
642,7554,"s15","m3",-0.257425625362716,-0.689541172438834,-0.149085897244115,-1.00745230692543,-0.42404057928754,0.0216429195444882,1.66592178569924
643,7596,"s15","m3",-0.214126591040724,-0.665373156446716,-0.0874561168576367,-0.974533945077813,-0.134255990476998,-0.0606509589031707,1.43021552848172
644,7616,"s15","m3",-0.152155819187524,-0.710746512097423,-0.0856408959766237,-0.90081095662178,-0.457193455294894,-0.130335825425378,1.72147912978157
645,7621,"s15","m3",-0.191338267776329,-0.663244815259924,-0.0966743509657452,-0.965801469939473,-0.262837607606804,-0.109475396534401,1.60726121630171
646,7624,"s15","m3",-0.128093172234509,-0.754641550998205,-0.130998993959866,-0.856121344178343,-0.204678747888271,-0.0656792988639173,1.07267187808192
647,7625,"s15","m3",-0.203305188607258,-0.702621433707125,-0.144110717361027,-0.820217426171952,-0.426585039913507,0.104095336750137,1.37695974943093
648,7635,"s15","m3",-0.259334938085905,-0.669927333254104,-0.176291454186725,-0.98408431002524,-0.79298380896527,-0.257655910706519,1.79276686138781
649,7656,"s15","m3",-0.211301764013532,-0.695429083007696,-0.050039867695599,-0.91687766011144,-0.063809941139783,-0.0841518480812777,1.59821254194577
650,7657,"s15","m3",-0.245423471444702,-0.720617827427315,-0.206879813452229,-0.907768589912411,-0.415245273528085,0.0904027145167024,1.51612620289087
651,7663,"s15","m3",-0.166518917396856,-0.619669253732101,-0.0262861194689192,-0.885825176211789,-0.00244421172811631,0.227365015636783,1.0333880018448
652,7664,"s15","m3",-0.24788530650791,-0.767654483561347,-0.0952074361932682,-0.87779366444136,-0.0778641152893679,-0.163430285122853,1.57477885010708
653,7680,"s15","m3",-0.124456437979407,-0.703264068477429,-0.0918847220663049,-0.880164679531626,0.00556707555017623,-0.0527389328525512,1.46451753186909
654,7706,"s15","m3",-0.170273938861261,-0.743639655638463,-0.104503609661612,-1.01088692383368,0.0335066224489894,-0.227412221722662,1.36830729652609
655,7722,"s15","m3",-0.187223151190364,-0.651901742828876,-0.178446369692021,-0.894485790755922,-0.196077899888132,-0.0304962126820966,2.16809918083726
656,7724,"s15","m3",-0.267498184943569,-0.72562892447001,-0.22815903490779,-0.983932338929908,-0.576185743473113,-0.0530124149103334,1.63103140558382
657,7726,"s15","m3",-0.232010348050955,-0.698578469110137,0.004053379252595,-0.944827186453496,-0.301668586426608,-0.00680243367548954,1.31654541754908
658,7737,"s15","m3",-0.165255437593121,-0.66061709119411,-0.132942899619235,-0.913372128403654,-0.450581704885319,0.233933264640628,1.65299528620684
659,7742,"s15","m3",-0.274988791341025,-0.682988679563884,-0.0596216634812796,-0.903277967450035,-0.169834702234591,-0.150683975734164,1.26841565416021
660,7750,"s15","m3",-0.127084571257302,-0.664341961431331,-0.119896161475133,-0.93853908347468,-0.223839188476449,0.117122315235864,1.43582955121118
661,7754,"s15","m3",-0.189151133716609,-0.764778851669156,-0.328008888332149,-0.90185539276808,-0.210672146796225,-0.119149688688219,2.09128068219754
662,7756,"s15","m3",-0.217816762833539,-0.652124466336213,-0.177832114718313,-0.908657093086465,-0.306127554474537,-0.075425542572568,1.7157737697754
663,7763,"s15","m3",-0.146952460135186,-0.629019063626651,-0.230132734445074,-0.846004259712741,-0.37045744679486,0.133986434679438,1.46856426940863
664,7764,"s15","m3",-0.227035165435568,-0.789798063278266,-0.134369122871507,-0.804121023605686,-0.469205623317354,0.0455933832972305,1.41276293267683
665,7770,"s15","m3",-0.266994316348915,-0.704337623981992,-0.0905545414872924,-0.912370239749609,-0.521736475015209,0.0462448913933061,1.4030619812891
666,7777,"s15","m3",-0.259217918877918,-0.661482026321332,-0.00960096968756623,-0.919001913329759,-0.0909169294202099,0.0116150092024113,1.61996584278929
667,7785,"s15","m3",-0.10071997832333,-0.64897989518592,-0.169516827939121,-0.953970502761041,0.0680150243507693,-0.0570633914459075,1.68321462106055
668,7808,"s15","m3",-0.220248376779729,-0.54820262851513,-0.277896147705275,-0.791946230778459,-0.963900012432393,0.204276000778122,0.819239896745068
669,7830,"s15","m3",-0.1303817602439,-0.78326400010755,-0.0695108832678358,-0.876761321516499,-0.242963613225619,-0.0760550183874505,1.36438879836389
670,7843,"s15","m3",-0.248579142193548,-0.684650263574344,-0.188318650855981,-0.904768240799484,-0.455558973342359,-0.0396213453338275,1.88876174388172
671,7845,"s15","m3",-0.315877495595733,-0.762051579825834,-0.17630484508564,-0.999637630920358,-0.436458088099071,-0.142624417061378,2.08637055223107
672,7860,"s15","m3",-0.286068729346102,-0.633822374467735,-0.168185778518867,-0.800651922887958,-0.19218123605311,0.18707904379148,1.10413385515492
673,7874,"s15","m3",-0.205443565072546,-0.746164966444279,-0.203682980443664,-1.02198945512586,-0.335476906759893,0.0531713910386478,1.635479503382
674,7904,"s15","m3",-0.252892186141644,-0.663644841024693,-0.10165242749082,-0.988372936338644,-0.242524493307828,0.108811975880984,1.72130752337198
675,7913,"s15","m3",-0.254429689148633,-0.678860532139836,-0.137762106476814,-0.910718927826095,-0.365113073287674,0.0155734227350182,1.76402893602126
676,7919,"s15","m3",-0.227848990854875,-0.656358203681624,-0.119513397223132,-0.923434454231364,-0.33519536271058,0.0925188383647863,1.62535029509783
677,7920,"s15","m3",-0.247185177753615,-0.764124513889865,-0.31846741054868,-0.855844130375523,-1.23707825194277,-0.208927871456093,1.61379969491118
678,7935,"s15","m3",-0.240208209866002,-0.688893257047941,-0.140141919037709,-0.856475853322748,-0.303575431630282,-0.0596968643289578,1.74986110668754
679,7937,"s15","m3",-0.204383645037682,-0.735326870351696,-0.0318881529924626,-0.914386856190397,-0.297176104010291,-0.0687351403682301,1.19061027352324
680,7958,"s15","m3",-0.275028102064454,-0.652748236555104,-0.097910660216985,-1.02217665673421,-0.415663007023057,-0.199851680756631,1.63869457894344
681,7988,"s15","m3",-0.22477339462965,-0.727891869891343,-0.227468132017759,-0.818163695687369,-0.394132910725886,0.104613752898062,1.32355047905432
682,7990,"s15","m3",-0.189323935757675,-0.824197590668233,-0.114570115400814,-1.09105416378068,-0.149333587498958,-0.414181596758084,1.92498192812286
683,8001,"s15","m3",-0.19121320253591,-0.640199107605139,-0.0417215699716747,-0.875014221598475,-0.275863637490809,0.0763096541183875,1.18641246160874
684,8006,"s15","m3",-0.262640810023363,-0.723493545451911,-0.136883522188066,-0.887802227093358,-0.292384722984122,-0.021327271803233,1.85180583675724
685,8030,"s15","m3",-0.331214022635024,-0.850262882257678,-0.19227920561114,-0.919676481097048,-0.635013290373301,-0.236826271145734,1.71717884548521
686,8043,"s15","m3",-0.375256731205284,-0.747956345954968,-0.155117726310615,-0.876815675616185,-0.557152198184598,0.0848671375997673,1.60669606473361
687,8052,"s15","m3",-0.242809240661671,-0.59338613959649,-0.0937528724641721,-0.8112034622412,-0.488306243089394,0.118359058024841,1.09879538039229
688,8088,"s15","m3",-0.289265893367936,-0.627419271071173,-0.161000931307132,-0.933744770965769,-0.465538977769103,0.134819234970402,1.48158020840816
689,8120,"s15","m3",-0.166820342224741,-0.665486168886404,-0.0921885091080174,-0.887278644079275,-0.221387623447332,0.0530232259806848,1.29327894400147
690,8125,"s15","m3",-0.241131226891704,-0.676149245978573,-0.184737383789058,-0.993786470835796,-0.471000192663886,-0.0595789683002178,1.90205330577132
691,8132,"s15","m3",-0.204204200865267,-0.694038327155432,-0.0398560376154096,-0.865041990051444,0.0937689387056603,-0.214117229606307,1.342949459634
692,8153,"s15","m3",-0.161017272741549,-0.631562332352292,-0.207798888340877,-0.862181451072217,-0.524706458980539,0.0109486639390309,1.27573029588199
693,8160,"s15","m3",-0.224902778867418,-0.568968343108484,-0.0799227787886855,-0.80294701842621,-0.5826401906456,0.142899376732702,1.14638952668792
694,8165,"s15","m3",-0.232699319296451,-0.711812319689529,-0.0322120515362417,-0.881191499355919,-0.451043830041487,0.0614396971430379,1.59321041241388
695,8167,"s15","m3",-0.205898840385663,-0.665473548325853,-0.23260536316344,-0.870487887459716,-0.176979720915816,0.223693305110729,1.05036127362527
696,8172,"s15","m3",-0.195500091832798,-0.780772484761986,-0.0762319278087397,-0.918521035650654,-0.474434201264874,0.0193412643237653,1.7222173208365
697,8178,"s15","m3",-0.382969494843091,-0.84056985654617,-0.103922777865132,-1.02321329165891,-0.681137744350745,-0.331437459579547,1.69245567766305
698,8187,"s15","m3",-0.180121177933308,-0.65041840438665,-0.187187867064569,-0.864691566966677,-0.355798000638102,0.0829913857226756,1.11794223645857
699,8202,"s15","m3",-0.235778625294199,-0.658094095809913,-0.087965733215842,-0.926653976368961,-0.228867338024489,0.105648387926535,1.40155666409905
700,8205,"s15","m3",-0.164113711284479,-0.711054601893013,-0.154603751256441,-1.03446104080345,-0.0766159896134632,-0.116631607594469,1.66926969529799
701,8231,"s15","m3",-0.141464833944976,-0.680597419394761,-0.0991305050021368,-0.955218398398366,-0.404527532751178,-0.120674078821466,1.30858379299322
702,8240,"s15","m3",-0.18864317044281,-0.772963604486712,-0.156957574264746,-0.896001804991004,-0.447389711223566,0.00670240882538705,1.75002855152541
703,8246,"s15","m3",-0.235993625718521,-0.755857475925588,-0.0694156781196269,-1.01043910129298,0.0202731960497102,-0.14695472453318,2.45638322237525
704,8263,"s15","m3",-0.191260215686017,-0.640425481008258,-0.0948701487430838,-0.884965361298847,-0.162023710276401,-0.0122519495285477,1.49475374873756
705,8268,"s15","m3",-0.127753990675164,-0.589679686147679,-0.00821817778568098,-0.726505672881249,-0.070277173739769,0.241860324983129,0.531551989184283
706,8276,"s15","m3",-0.194336832164048,-0.689273862445457,-0.0702624510292697,-0.900131718016462,-0.190159152991012,0.00268834387262719,1.4377745642421
707,8283,"s15","m3",-0.141220659465886,-0.709537461457062,-0.109377593430912,-0.880989161361619,-0.15893656536184,-0.00703252875094596,1.68040654887552
708,8298,"s15","m3",-0.317005204131909,-0.634075144550158,-0.252022929881551,-0.873348959627836,-0.801875289223851,-0.0336413826049531,1.7037786058449
709,8317,"s15","m3",-0.27152116891455,-0.662816098364603,-0.0780615858927069,-0.840211498206257,-0.49757823549497,0.0155101425125326,0.888855340618646
710,8319,"s15","m3",-0.218247426618403,-0.757184123294422,-0.0892801808906868,-0.977224677037088,-0.369913645857655,-0.118960659586544,1.45452511196152
711,8323,"s15","m3",-0.197439597733064,-0.673791124145647,-0.159851479735903,-0.840288091075843,-0.162551235489056,-0.0818455375772919,1.11598497275343
712,8343,"s15","m3",-0.256219848917407,-0.728635944629733,-0.196055678929355,-0.93698004353896,-0.409956311234373,-0.318591788362114,2.22594625091113
713,8365,"s15","m3",-0.234528758324304,-0.669425629920059,-0.180018658087572,-0.899051560303591,-0.671207099980671,-0.0605341372969272,1.44605275881989
714,8371,"s15","m3",-0.293351302748573,-0.640372976857039,-0.128218754478636,-0.98881380869969,-0.525942986088356,-0.0874879480500455,1.32889968212734
715,8386,"s15","m3",-0.307119212323691,-0.738061890366568,-0.140453460502152,-0.947131815988142,-0.516580454173208,-0.140247287258143,1.65527184122713
716,8410,"s15","m3",-0.135859009238167,-0.588000662639447,-0.092459825927987,-0.847137403717994,0.0309978790033006,-0.113876903735857,1.23681657587756
717,8428,"s15","m3",-0.268855155026384,-0.704720738674838,-0.0429863835352611,-0.992517563999779,-0.43789829700108,0.0325633458678566,1.7032374273263
718,8430,"s15","m3",-0.191575755192161,-0.762545476702755,-0.0218313504922525,-0.906552716221731,-0.387303126323175,-0.0714396968567934,1.44944057826943
719,8434,"s15","m3",-0.282104740000317,-0.70705219364203,-0.0549161193019644,-0.938220817352987,-0.157464961449232,-0.134060579641491,1.17013713480158
720,8480,"s15","m3",-0.154802598468055,-0.765473383485609,-0.0613260039741177,-1.01701951956514,-0.0702251338341256,0.0214072464262864,1.70930412548008
721,8488,"s15","m3",-0.235242287061594,-0.644351448707232,-0.119387316056742,-0.891690703310856,-0.422354065086636,0.0231447365110015,0.951066098747456
722,8490,"s15","m3",-0.266013743604111,-0.763780716280337,-0.110881082865193,-1.04170558650891,-0.49859966407167,-0.272997654950482,2.35410529637857
723,8497,"s15","m3",-0.279528779561146,-0.699697578028102,-0.130070354837181,-0.839578147293584,-0.491490500402105,0.0698862702200371,1.22491931110838
724,8509,"s15","m3",-0.168764465326069,-0.649872053015673,-0.224554892625106,-0.931546734552159,-0.587687742261367,0.182757186358966,1.94159079762325
725,8510,"s15","m3",-0.174586239869974,-0.65942288327143,-0.0626199723855839,-0.904367610875127,-0.0671947887080898,-0.0522159589467447,1.51878138398163
726,8533,"s15","m3",-0.283325601821558,-0.795452055180678,-0.116258619734776,-0.969860451546352,-0.388694813398071,-0.180684190334518,1.98826582340957
727,8535,"s15","m3",-0.193268543683421,-0.7289422890513,-0.135454100210103,-0.926745506201289,-0.323398749473418,-0.151202859676217,1.70620400464339
728,8540,"s15","m3",-0.184039815187129,-0.633048261685217,-0.175133964271632,-0.873997868456535,-0.487781235120281,-0.0112609168742346,1.54845713911573
729,8555,"s15","m3",-0.249142337032277,-0.657977327441159,-0.153790901248799,-0.798979019575261,-0.809766128778717,0.196768860895191,1.17789345862699
730,8565,"s15","m3",-0.178236571210655,-0.758056860271122,-0.0449410486421856,-0.956705968751431,-0.16338306337795,-0.107775914204081,1.42458172120942
731,8566,"s15","m3",-0.168744699071094,-0.706461411926297,-0.219330363308227,-0.931233760126534,-0.161746451318844,-0.0212955618312411,1.75203727937489
732,8573,"s15","m3",-0.186219224022323,-0.683765882455748,-0.193885389856844,-0.939309468447996,-0.422119065153937,0.0843833423975196,1.82883518860941
733,8579,"s15","m3",-0.272945914325327,-0.719075349973049,-0.164222897649067,-1.00571548798756,-0.74778786615304,-0.107983745937074,1.87784903068166
734,8586,"s15","m3",-0.163676174013058,-0.648404388244751,-0.12698192772394,-0.873634906893229,-0.121776885310013,0.0204928064653655,1.44605693942973
735,8598,"s15","m3",-0.150673222979623,-0.607480314748104,0.0180437398986333,-0.839796555184872,-0.00739606899447704,0.00266988641345286,0.93417072300182
736,8600,"s15","m3",-0.147062757527469,-0.749494591521042,0.00297485527152957,-0.905887359457128,-0.208114461152951,0.118746437487344,1.56735723542863
737,8605,"s15","m3",-0.239507243790822,-0.74529822668636,-0.215373216618352,-1.04496587350049,-0.348972504994952,-0.259268570631185,1.87228641304297
738,8614,"s15","m3",-0.173865829376052,-0.611947614548008,-0.124623789187774,-0.944852189433107,-0.340986395343085,0.172787344558065,1.57251698650645
739,8616,"s15","m3",-0.161176209670252,-0.730676321495192,-0.0949331596752496,-0.843342324718863,-0.151517899828966,-0.0482959993126408,1.39532903156069
740,8640,"s15","m3",-0.15927133858143,-0.64943962351008,-0.137196589156062,-0.850038716078465,-0.420407023060139,0.0887046342182761,1.27727805938919
741,8658,"s15","m3",-0.18235552229049,-0.621387451996341,-0.0920153510837699,-0.839545276547371,-0.206032543267423,0.155843609646906,1.08045388498538
742,8666,"s15","m3",-0.224911837145837,-0.677618969432029,-0.055765001584875,-0.977525271805496,-0.061672650662106,-0.229117477699451,1.31734371494201
743,8684,"s15","m3",-0.203971716214105,-0.70347491138677,-0.0817597593769332,-1.03245019574803,-0.369540597730944,-0.0885890422859679,1.63071482038796
744,8713,"s15","m3",-0.148024119707268,-0.663043812174314,-0.00512736461854545,-0.926622520020875,-0.178250799480531,-0.00896130078212592,1.02638508186684
745,8718,"s15","m3",-0.202824023236134,-0.739595528241851,-0.124814445844407,-0.851257042547071,-0.278010058708076,0.0275112806549244,1.04392829704226
746,8720,"s15","m3",-0.193970830228311,-0.7605407203276,-0.137885724145007,-1.04560329015269,-0.278567740473376,-0.158532959531611,2.06358203698867
747,8736,"s15","m3",-0.195901281112099,-0.657265268112537,-0.150016295462405,-0.95410929377508,-0.322074345653891,-0.0952370945993087,1.24763901534118
748,8767,"s15","m3",-0.268273465756998,-0.722841905069335,-0.155859835940945,-0.90319473977376,-0.387413794049675,-0.0748130071726957,1.41882050067917
749,8794,"s15","m3",-0.281321605531231,-0.733364214293705,-0.267405233585189,-0.951723527159495,-0.4065801664582,-0.138837739848577,2.107886303219
750,8795,"s15","m3",-0.282475358025448,-0.802146100052026,-0.112521660544913,-1.09650887481301,-0.286795016666346,-0.115225334227165,2.06697956272413
751,8799,"s15","m3",-0.229036954912472,-0.74887681735746,-0.101905728597987,-0.866799909676441,-0.529522419148072,-0.0123966890941382,1.33786487516009
752,8808,"s15","m3",-0.211737453409581,-0.675264052898994,-0.171962966596695,-0.901906251945751,-0.437246920735388,0.0349062597715298,1.52853663512956
753,8818,"s15","m3",-0.157728646095649,-0.666837406242633,-0.0697676216840778,-0.878624312537762,-0.058039029676078,-0.0317062191443018,1.3474547424096
754,8819,"s15","m3",-0.278429500024967,-0.769303299251374,-0.1935965604871,-0.931299916937428,-0.309778113628539,0.0986482776387493,1.71633710422473
755,8834,"s15","m3",-0.253661251011341,-0.679213008681735,-0.111114668532091,-1.0004699094237,-0.509415751114586,-0.0967880794155354,1.52544296341662
756,8836,"s15","m3",-0.192900571319501,-0.684844633248369,-0.0413964526088289,-0.889567610666675,-0.0913406470220693,0.0202038784981796,1.12208414152642
757,8843,"s15","m3",-0.153362846075763,-0.707193125117545,-0.0887104819320991,-0.965752449108173,-0.504811990391379,-0.0292489927335322,2.00406641626992
758,8859,"s15","m3",-0.300886366234742,-0.767900919544623,-0.241451533042156,-0.96998774476831,-0.685494089033771,-0.16597610429301,1.77819107587643
759,8871,"s15","m3",-0.225425446037293,-0.665592374130309,-0.0764031096683333,-0.846433654175225,-0.322445077044633,-0.0509389800435829,1.58713300883807
760,8877,"s15","m3",-0.203648961213727,-0.67732426611751,-0.0675909428511133,-0.874881277962982,-0.224012799901862,0.00478813775718285,1.46841627679497
761,8899,"s15","m3",-0.120717692362,-0.746059971643074,-0.0931238380949672,-0.973953578135954,-0.285973873932397,-0.195009291116721,1.59372080452849
762,8902,"s15","m3",-0.177185588164804,-0.625101661145668,-0.204407248668671,-0.907317692110866,-0.602930016123069,0.0553670367805645,1.28907483110406
763,8917,"s15","m3",-0.256611923660853,-0.684942389110797,-0.0665449788012,-0.947211870220672,-0.473611034883814,-0.0697076386408562,1.88880912150198
764,8919,"s15","m3",-0.202360866121134,-0.74890349921907,-0.156252831329858,-1.03874618367058,-0.229922391804397,-0.389273802184655,2.14823838305803
765,8923,"s15","m3",-0.214200472210574,-0.67429583957043,-0.188494686886935,-0.960788657708287,-0.390771674710368,-0.0930051516434666,1.52649377714064
766,8940,"s15","m3",-0.0657993600529608,-0.678300410147131,-0.0547480226353882,-0.901174437197854,-0.404069753303948,-0.00974487468722206,1.4526547874796
767,8960,"s15","m3",-0.269701253905946,-0.668402599121275,-0.101402300781897,-0.906552922171505,-0.337011422800542,0.0340598941890776,1.70120702260559
768,8961,"s15","m3",-0.27318759404008,-0.620081191356563,-0.145383334685786,-0.917089255727665,-0.220010096620287,0.124620255307531,1.47261158893875
769,8968,"s15","m3",-0.215838141913625,-0.656374186956204,-0.140763546308324,-0.92122975716366,-0.471089445378027,0.0752034517201351,1.08368622716193
770,8988,"s15","m3",-0.130395093565818,-0.560387457520941,-0.170754625399789,-0.892480032948931,-0.479597425368335,0.0334184023453537,1.05981707053933
771,8990,"s15","m3",-0.137583571032809,-0.772453402848946,-0.0436072891304776,-0.898118485916349,-0.159507341675686,-0.309694029340394,1.60344400279393
772,9009,"s15","m3",-0.248530658267574,-0.690663274378148,-0.0650926675631215,-0.994785426026333,-0.131510375848495,0.0242960469861415,1.70848877971682
773,9010,"s15","m3",-0.181842638276652,-0.711376394943478,-0.107389573778472,-0.865588734930979,-0.292691180737698,0.0324312967223159,0.998520253222394
774,9016,"s15","m3",-0.256281750539388,-0.696640167715236,-0.112742390412605,-0.921956807664473,-0.443756704366291,-0.137635934271362,1.61128627092018
775,9044,"s15","m3",-0.221111617580547,-0.606487133767214,-0.0550449960254305,-0.914674304997813,-0.344827746700752,0.00189304168973669,1.08742378168222
776,9046,"s15","m3",-0.298773806816977,-0.746053122551034,-0.247240804403867,-0.985901281614434,-0.392756566798567,0.018622061319164,1.63685787940408
777,9056,"s15","m3",-0.243616697762211,-0.762891112802487,-0.0505923042037066,-0.87412449515096,-0.207457219238943,-0.0684370305196679,1.42360611559194
778,9057,"s15","m3",-0.358194968100902,-0.675543331944799,-0.243113319382641,-0.994818462236478,-0.386569738467818,-0.290514021330092,2.0607695446324
779,9063,"s15","m3",-0.225617670745507,-0.796891088450254,-0.168341963155621,-1.02234065663722,-0.0839484760082276,-0.0812443633374261,2.01504601340738
780,9066,"s15","m3",-0.182805552995087,-0.84567340851077,-0.191425719999757,-1.07188058462859,-0.419733442869185,-0.320949380064051,2.37899549802941
781,9081,"s15","m3",-0.0613687868834977,-0.779158512227406,-0.0122224383456645,-0.912323606335957,-0.12969707888142,-0.0175116439631766,1.35030254382179
782,9144,"s15","m3",-0.18242201629506,-0.738776483589881,-0.230833931444863,-0.95622142116018,-0.700607807822344,-0.186569966347378,1.5681224698501
783,9148,"s15","m3",-0.163273487499793,-0.702994979246495,-0.144128835797372,-0.950764643723343,-0.127929432440975,-0.176141230356742,1.81561541365237
784,9162,"s15","m3",-0.212275387783601,-0.632311222150894,-0.067103379589024,-0.900774560913098,-0.572788085011857,-0.0664394862268644,1.27138190761914
785,9163,"s15","m3",-0.291938637209772,-0.691341340923216,-0.138373912896422,-0.965722196820802,-0.791606142944883,0.0182870077932312,1.29046645062966
786,9196,"s15","m3",-0.113372989422704,-0.585323199433804,-0.205743513865783,-0.782186468614145,-0.318192992864097,0.0304098862059973,1.10592898771971
787,9217,"s15","m3",-0.290990111900663,-0.673835159018778,-0.253812852871071,-0.989006737048205,-0.422718974916913,-0.133227903965503,1.65708875418237
788,9234,"s15","m3",-0.155897041734645,-0.701551482118859,-0.087925103674185,-0.936487940657222,-0.140780460515346,-0.00568693278713585,1.81827910777093
789,9236,"s15","m3",-0.165603539357955,-0.695249735712855,-0.0490160375464377,-0.921265625282507,-0.0987633863215724,-0.150101247946877,1.00111234624108
790,9241,"s15","m3",-0.183303103254264,-0.713254134830668,-0.0460493668160746,-0.976451102740916,-0.30505076818585,0.0546361311186057,0.973302829493359
791,9280,"s15","m3",-0.1738720957525,-0.675781973310003,-0.121051947131138,-0.90264559861223,-0.365491120082716,-0.212354622715136,1.41469373716034
792,9282,"s15","m3",-0.310566253453317,-0.66808188893399,-0.349935251962373,-0.938037424004345,-1.38102563705067,-0.133511312996108,1.63912289241236
793,9291,"s15","m3",-0.224804429727257,-0.700177529458893,-0.175274646104616,-0.861194573329924,-0.466451573307194,0.00831087555669157,1.20730101957163
794,9301,"s15","m3",-0.220877371908896,-0.731692525831557,-0.269979973867016,-0.966310474244312,-0.450634682449557,-0.0200781228968075,1.72538587660314
795,9308,"s15","m3",-0.224578031791073,-0.658133556462352,-0.117763350102299,-1.01992478908008,-0.433092760946438,0.0517908294766029,2.01181061647985
796,9312,"s15","m3",-0.213066219755047,-0.590842721228626,-0.0596322508452086,-0.84513234890393,-0.143387758876267,0.0720984048909893,1.22864337652293
797,9327,"s15","m3",-0.323750195939941,-0.715465145568525,-0.249396802401196,-0.902316855902172,-0.358241450734927,-0.0722901843488665,1.43522936302518
798,9332,"s15","m3",-0.182839875201455,-0.759781081729598,-0.026577781047306,-0.902286745613613,0.0139358898181044,-0.41850971635325,1.21823558623416
799,9341,"s15","m3",-0.34393331053719,-0.716451935981091,-0.101110344050526,-0.890283521917036,-0.122101663632007,0.0611900663586327,1.57034020320867
800,9362,"s15","m3",-0.25287482675762,-0.604714393392238,-0.100910810457689,-0.860080248153285,-0.229529675758228,0.0984055585919382,1.22528161873554
801,9378,"s15","m3",-0.262913212173215,-0.657734666757968,-0.180486728970448,-0.84810955330524,-0.341958464473167,0.220366778724288,1.66536324962213
802,9393,"s15","m3",-0.191627028050012,-0.624471220139248,-0.1091030856807,-0.883721984215654,-0.224588191245492,0.147655820464656,1.17175319074194
803,9397,"s15","m3",-0.320666720874302,-0.701352131052404,-0.163176736955248,-0.877559518938019,-0.567668004052212,-0.0589777895483959,1.58115756753454
804,9400,"s15","m3",-0.173265969574673,-0.59061489804482,-0.0479223303276799,-0.860089380027606,-0.00925744857536391,-0.0184271844617631,1.05152927219587
805,9415,"s15","m3",-0.150338062854535,-0.81148852516081,-0.190200815964666,-0.973796293568669,-0.211025623082018,-0.203839036519508,2.17801859678738
806,9418,"s15","m3",-0.332678851099223,-0.812576316319331,-0.162207997056125,-1.0383314065803,-0.285326657162523,-0.166755328932145,2.01518754335673
807,9426,"s15","m3",-0.180565158354916,-0.645101928415349,-0.119632619953577,-0.876054478366438,-0.547613486746557,0.135848178716584,1.45889992465312
808,9444,"s15","m3",-0.175743106762544,-0.710979568759314,-0.0560262461687697,-0.950621303192348,-0.122962650863174,-0.140039366496031,1.15536075901424
809,9449,"s15","m3",-0.116426495465669,-0.646964414007978,-0.144504320527384,-0.96698695025444,-0.22244906002327,-0.194690448842334,1.32179255486993
810,9461,"s15","m3",-0.126818945736341,-0.604121555770793,-0.0684745721369946,-0.834323782488172,-0.339968583858745,0.122685997441532,0.90301235200007
811,9467,"s15","m3",-0.239682693493395,-0.735317890129744,-0.274092910175712,-0.932567686816682,-0.694150309093327,-0.13590258486674,1.79815951119224
812,9483,"s15","m3",-0.191500609125662,-0.65209853977628,-0.136028890679041,-0.920357162207664,-0.363236821086003,0.144083097537185,1.42386434591126
813,9487,"s15","m3",-0.353420413471952,-0.736149929442667,-0.263882145162785,-0.990650401745931,-0.683398081457695,-0.199029268101614,1.70143297019321
814,9492,"s15","m3",-0.340659535024265,-0.715705333433884,-0.159057346675906,-0.986076836536458,-0.199053779228358,0.0919172670475607,2.08767760032212
815,9527,"s15","m3",-0.272556847016407,-0.652540453558067,-0.0170343606759144,-0.890451835026375,-0.0234961668933115,0.0432956757924675,1.12549327745723
816,9528,"s15","m3",-0.292797433212815,-0.722114709135075,-0.279715546221773,-0.958914014153233,-0.870325988966771,-0.211958695691774,2.09989311383638
817,9543,"s15","m3",-0.185728846728637,-0.681228955716363,-0.0999516438834667,-0.906098680680913,-0.183554390560878,-0.22572376369089,1.38164821812064
818,9545,"s15","m3",-0.160038051709128,-0.636414067122791,-0.139721432947282,-0.823559437206434,-0.323711477196328,0.128044714233022,1.13139591060281
819,9555,"s15","m3",-0.211656914138111,-0.814693670318427,-0.182885280190619,-0.979944823829673,-0.538752521126142,-0.0861190881800825,1.30196423302793
820,9578,"s15","m3",-0.179863800531156,-0.701320819155849,-0.116620422460216,-0.853778370357528,-0.239950872259459,0.00943329854853356,1.22374321684652
821,9615,"s15","m3",-0.240427867521343,-0.590447833363418,-0.114553908206534,-0.780546368353983,-0.32315976523306,0.165167667540831,0.993848522250139
822,9617,"s15","m3",-0.268594763041688,-0.778213808666903,-0.123198464496347,-0.942232803633313,-0.193292411881449,-0.0889797915891724,2.22913030739726
823,9627,"s15","m3",-0.275843119920637,-0.75215459460364,-0.172073749798883,-0.883630121146403,-0.660126813111639,0.125270808276576,1.36671674203391
824,9635,"s15","m3",-0.221949816788548,-0.768624078886843,-0.266317890527716,-0.975413030601728,-0.503112703951821,-0.0746910772800329,1.65313948484478
825,9649,"s15","m3",-0.246666363651693,-0.669158046126749,-0.0775775275035694,-0.894698970165257,-0.244572231190829,0.0611366324981638,1.70054223194702
826,9662,"s15","m3",-0.280125368325615,-0.753049462381352,-0.154843468388426,-0.892761569015559,-0.476160574013194,0.0618506366625232,1.22899473589023
827,9667,"s15","m3",-0.213528322675655,-0.707092660146863,-0.157590236693042,-1.06444159153318,-0.338951270050056,-0.1245777395548,1.76759710490933
828,9681,"s15","m3",-0.203574320202245,-0.612307071369953,-0.0668766318867638,-0.829992180966881,-0.251436628448907,0.0261140837594884,1.41240196436095
829,9695,"s15","m3",-0.282323907910954,-0.736440173365379,-0.123017855711073,-0.963622828974368,-0.162175019012496,-0.0406641734600951,1.95975810185498
830,9699,"s15","m3",-0.15726996356019,-0.685937584123551,-0.179874368295606,-0.894008420744765,-0.378779165472874,0.1335235935151,1.38189760122054
831,9700,"s15","m3",-0.206921749757343,-0.785729330090802,-0.101076355123071,-0.980618684936228,-0.341880718544505,-0.116119184848369,1.55588609047413
832,9706,"s15","m3",-0.280345364990374,-0.67103937103919,-0.281778034295103,-0.927800783083126,-0.861284883147804,-0.0737452976733752,1.47593313056679
833,9740,"s15","m3",-0.234353333744724,-0.714596667157651,-0.153352228075695,-0.932366073012444,-0.226604903794177,0.0789979296271775,1.42065168682793
834,9752,"s15","m3",-0.226880803341934,-0.705125843124925,-0.366704644304563,-1.00510380819436,-0.808462153911757,-0.0886124335297005,1.55358914086181
835,9755,"s15","m3",-0.207801739433997,-0.608122133596652,-0.096807540449993,-0.917668308323355,-0.193920461554526,0.130811188116158,1.15204285489117
836,9771,"s15","m3",-0.267730607086322,-0.658580800419226,-0.0890040827861515,-0.952027260393256,-0.370731988169103,-0.0496220646871268,1.64419136602798
837,9793,"s15","m3",-0.30180409221328,-0.710316172403443,-0.241296289776413,-0.952944718506822,-0.507951584105679,-0.074931987294104,1.46416940584261
838,9798,"s15","m3",-0.301244614366161,-0.67017701287772,-0.150072572097832,-0.875026437965942,-0.199079710359087,0.0516524090591151,2.0659936609979
839,9801,"s15","m3",-0.155763649236943,-0.712477095026467,-0.0822196277068736,-0.834215626467739,-0.10815472469764,-0.0272909385176288,1.24776068256771
840,9822,"s15","m3",-0.261813961944768,-0.693314935247818,-0.198175933663712,-1.01723026490482,-0.643018532119058,-0.223670523072871,1.63683223590008
841,9855,"s15","m3",-0.228371070260096,-0.791508110785833,0.00663670706251134,-1.02002357040902,0.0254895682060745,-0.156522229731263,1.80525805425593
842,9858,"s15","m3",-0.154971659383536,-0.665139893355134,-0.205155088803088,-0.858529149489399,-0.420918290553013,-0.139266910582761,0.96974606108721
843,9874,"s15","m3",-0.158653044710125,-0.656537201334207,-0.134812050631494,-0.889686201399215,-0.371011222853859,-0.183202398914561,1.25558785322764
844,9880,"s15","m3",-0.326096823676476,-0.64468855205791,-0.129960745070856,-0.883937010066565,-0.525480103977609,0.0648703623568594,0.831407537885313
845,9889,"s15","m3",-0.15054059820999,-0.709041898597788,-0.150757865373728,-0.93551706011611,-0.437736683040391,-0.0255676140699052,1.5173213798469
846,9899,"s15","m3",-0.184902503138743,-0.654067618606789,-0.216255990155301,-0.838189273773325,-0.557589225621536,0.0246673381488681,0.711165983853445
847,9906,"s15","m3",-0.271424370815204,-0.74459779286477,-0.190738601159889,-0.959043938511467,-0.262339808695615,-0.317752441779802,1.47513526374203
848,9908,"s15","m3",-0.25024656486003,-0.723573001932896,-0.120380324255573,-0.862046811054343,-0.380709507458693,0.0162619037258724,1.30012829511333
849,9914,"s15","m3",-0.325638958399967,-0.664444882881349,-0.153815836341572,-0.88316117047585,-0.504070515583227,0.00158133072934385,1.52544843402953
850,9918,"s15","m3",-0.256441456536886,-0.737304076389724,-0.0904412386354173,-1.00439071333266,-0.368154215294202,-0.0853423277704208,1.76295072117231
851,9940,"s15","m3",-0.0890239885967457,-0.558904443333636,-0.11549275242395,-0.905404517100211,-0.284112880445784,0.0983018095330633,1.06980872635546
852,9942,"s15","m3",-0.208366152261041,-0.62934897238313,-0.106680241467938,-0.834550334590862,-0.391410047936131,0.065226444129022,1.21647796400722
853,9991,"s15","m3",-0.3422723356328,-0.795619615997363,-0.0852894426003866,-1.04509496564046,-0.175895081223252,-0.120388906289048,2.04948116127855
854,10012,"s15","m3",-0.202988902686632,-0.818446107323867,-0.129965479935484,-0.986490527465797,-0.402951036450274,-0.123303416859339,1.79937954218061
855,10020,"s15","m3",-0.130792250142664,-0.738800469984932,-0.139412062372534,-0.941983973957845,-0.393031812650907,-0.409430054827852,1.73819324943574
856,10041,"s15","m3",-0.1985659737002,-0.658484093258235,-0.0293997685115956,-0.875121395019443,-0.302026345209476,0.127564858744723,1.10745970563794
857,10052,"s15","m3",-0.329646957563947,-0.755681695835208,-0.106710216527299,-0.935706858891197,-0.658528942263192,-0.13114600773191,1.26531431539967
858,10054,"s15","m3",-0.253344423585745,-0.684911060782367,-0.175735668046522,-0.970198452774885,-0.294801407389455,-0.0249030072169257,1.54791259549914
859,10075,"s15","m3",-0.195951745275832,-0.762248460333068,-0.106351511448131,-1.00436602843913,-0.370835111015875,-0.241353491299784,1.26333981346824
860,10076,"s15","m3",-0.25553986223912,-0.745158788873376,-0.0290735619740074,-0.95910665149976,-0.468556857713182,-0.120590155936163,1.87711848105066
861,10105,"s15","m3",-0.187791132049666,-0.73960516205098,-0.0677243455083086,-0.942491586765387,-0.475215506721401,-0.0332518978431458,2.01062639556351
862,10119,"s15","m3",-0.194524176677245,-0.633133313640391,-0.10978247935678,-0.944638784495947,-0.172794086997187,0.0421988159256976,1.55112736603069
863,10131,"s15","m3",-0.279123232954598,-0.79524582418876,-0.153148702859814,-0.98248045718491,-0.619165691742067,-0.0959385879209146,1.89115716985631
864,10149,"s15","m3",-0.297888182835528,-0.743275866025689,-0.197122037786224,-0.9415700014153,-0.430702526249086,0.0570645597189491,1.84716820174821
865,10150,"s15","m3",-0.138747100382399,-0.786770430768524,-0.11978760716442,-0.970813366444117,-0.159183769693695,-0.202754439249279,1.59530974469081
866,10157,"s15","m3",-0.203120652906362,-0.706181590710641,-0.138480305361624,-0.887011011960107,-0.235200297575994,-0.0955997929147051,1.69341803292883
867,10169,"s15","m3",-0.26330408050295,-0.617347459890919,-0.111110689000632,-0.885967860406609,-0.40824888099055,0.0729252530452277,1.07471857353605
868,10175,"s15","m3",-0.167981045254638,-0.785311544533796,-0.201203906814677,-0.981584683104786,-0.384838100911856,-0.0417507067804222,1.54363983806009
869,10178,"s15","m3",-0.170764714274149,-0.772573627100184,-0.124269241170546,-0.968898042419105,-0.182571980401656,-0.0774456478699457,2.06180958023511
870,10180,"s15","m3",-0.340680699925692,-0.78699550620665,-0.195857313509787,-1.02972412632653,-0.642712902916711,-0.204875224063703,2.14592650667982
871,10183,"s15","m3",-0.219838611780898,-0.684234255583083,-0.114624314414502,-0.928064835666619,-0.478221719741077,-0.0250449742499354,1.74928046171472
872,10197,"s15","m3",-0.265123316747221,-0.664013501349507,-0.0970218682702204,-0.775705272217489,-0.293516757624297,0.129885103957169,0.614316911853176
873,10209,"s15","m3",-0.285717033556506,-0.655910160275986,-0.159812350762206,-0.901349216540558,-0.33487309586325,0.0665513433804401,1.43763988343209
874,10211,"s15","m3",-0.0869200339949358,-0.742316053910376,-0.185256585967171,-1.00476170764041,-0.125395592434308,0.0706070475359966,1.97471782314903
875,10227,"s15","m3",-0.158256405305537,-0.740943644536419,-0.0665338393986276,-0.952806148779444,-0.126499454668873,-0.106217865501064,1.88398607200309
876,10247,"s15","m3",-0.158454175705783,-0.662767192033837,-0.100490846668817,-0.949903922488646,-0.271183533058799,-0.0215338472934569,1.27188793993519
877,10256,"s15","m3",-0.258312137826005,-0.572566175872968,-0.188982844548291,-0.824750001399862,-0.639959982123838,0.118499485362056,1.26757940277244
878,10257,"s15","m3",-0.174759027592819,-0.698364124904133,-0.129717975733871,-0.960885309607187,-0.165936142372577,-0.175502321886267,1.61511266915342
879,10272,"s15","m3",-0.301042675172231,-0.729913519520705,-0.111466813964384,-1.04396180741832,-0.386048445872102,-0.102794108046828,1.94645023724924
880,10283,"s15","m3",-0.249519249585636,-0.683235066006767,-0.112008674102399,-0.936279112366982,-0.0303839368591726,0.0088261569947721,1.93738837074615
881,10298,"s15","m3",-0.180216574481078,-0.736485925754847,-0.113196334906839,-0.8887847177631,-0.556222977939346,-0.130476834239522,1.7577532926962
882,10300,"s15","m3",-0.120756709970029,-0.773496222964937,-0.0612543372972528,-0.899443906261514,-0.305894975528786,-0.346752974499303,1.41402442264834
883,10314,"s15","m3",-0.30473384012321,-0.672100080649424,-0.0373479994831767,-0.934489870840151,-0.493500072776417,-0.0527144083858546,1.26343754708532
884,10324,"s15","m3",-0.144161014842829,-0.673660253688374,-0.0924885995080989,-0.929755425570798,-0.156570501620882,-0.0526578686929163,2.05460423270262
885,10336,"s15","m3",-0.22291850335582,-0.736205127343722,-0.0426709350094085,-0.883258645894856,0.010769941994626,-0.0115842471996518,1.21440719471763
886,10389,"s15","m3",-0.240142718099869,-0.609067836844704,-0.297436827996146,-0.817583661367145,-0.553066394814789,-0.00938651016754262,0.775451767729415
887,10391,"s15","m3",-0.183343293540141,-0.768325292298305,-0.177288909704627,-1.01254689984996,-0.168280259358453,-0.0313319851146819,2.0850718810443
888,10414,"s15","m3",-0.293008052703202,-0.698788861511589,-0.227833180707362,-0.951630033163634,-0.68754290138526,-0.0282785536578887,1.8059158884206
889,10418,"s15","m3",-0.30557345372083,-0.705664830163606,-0.0682489634965262,-0.872915229077119,-0.564228391631415,-0.0437997775067791,1.17962614097831
890,10431,"s15","m3",-0.0928664673835546,-0.640658629119505,-0.0407445370688451,-0.824139865434296,-0.0646298037357637,-0.0708937356482769,0.746920114195444
891,10442,"s15","m3",-0.230000447132774,-0.726649764708218,-0.072880506514573,-0.937873017072637,-0.413392040310072,-0.0358749502839735,1.80026027854652
892,10475,"s15","m3",-0.240306937761616,-0.657358892090575,-0.258519207927155,-0.882046842969726,-0.661904018635569,0.0910791621224944,1.82413709197082
893,10491,"s15","m3",-0.258695013661566,-0.625637443544408,-0.120353492784433,-0.909702643891327,-0.0963275700880159,0.0298583226280709,1.19555189307114
894,10499,"s15","m3",-0.275494734556169,-0.698905672638738,-0.0716738977330146,-0.887788547581861,-0.341728144543455,-0.0829550401334337,1.59492012283609
895,10501,"s15","m3",-0.263803334477009,-0.564891303743671,-0.118504799002811,-0.866783309199487,-0.456709784857304,0.0378759463312074,1.2269509101514
896,10512,"s15","m3",-0.151212290902686,-0.716015855230827,-0.133257321047007,-0.814440125969387,-0.224935604220076,0.090835634458241,0.856982724486476
897,10518,"s15","m3",-0.0567777365586301,-0.819609690619811,-0.0541604844019717,-0.923330935393787,-0.156731179438402,0.0214643784695725,1.80112193950436
898,10558,"s15","m3",-0.214156777151112,-0.685851966404846,-0.146242869248142,-0.910475746520001,-0.288851234043621,-0.17619460786302,1.66537667025151
899,10605,"s15","m3",-0.3960205852342,-0.666099039222684,-0.159979030118593,-0.985627710709923,-0.677525876315631,-0.098086667933624,1.66303805247153
900,10609,"s15","m3",-0.172988878370224,-0.746446609988669,-0.135759930313644,-1.00003360159044,-0.241626606737028,0.0019978054085862,1.90876964245633
901,10616,"s15","m3",-0.216792361783892,-0.746664409643777,-0.0765974993502653,-0.931954536821191,-0.222731397170816,0.0354748655060558,1.34470691927239
902,10622,"s15","m3",-0.0962467821370925,-0.691345456712855,0.00585347141197078,-0.878075476601997,-0.191960954158216,-0.0184361219983405,1.47769968848003
903,10631,"s15","m3",-0.131899283499934,-0.687878918771243,-0.0438247464049247,-0.871807723386601,-0.191162020940793,0.0424824059424968,1.37299117055945
904,10632,"s15","m3",-0.235834068065625,-0.814568618792312,-0.0783907541316736,-0.960661849646696,-0.210979900964307,-0.116826027084178,1.80264072484308
905,10634,"s15","m3",-0.21978162521856,-0.724014580964484,-0.152666990528617,-0.766563277813792,-0.406313548986882,0.0992611632421677,1.33888831714059
906,10656,"s15","m3",-0.265597001364921,-0.719850281109222,-0.268571464536299,-0.938829276902412,-0.768351075183431,-0.0446877508245327,1.50840117523165
907,10658,"s15","m3",-0.169708336017223,-0.658285549583276,-0.179178490259555,-0.802889838123939,-0.258727563527128,0.163966708886699,1.08784724866091
908,10665,"s15","m3",-0.179941891384855,-0.797490678689766,-0.170535117437457,-0.96092472656384,-0.481577090686349,0.0244371454904586,2.20169082124056
909,10675,"s15","m3",-0.402091452905517,-0.708264441391368,-0.195243247842996,-0.921438387951822,-0.331499504348811,0.126825040625673,1.51358259971115
910,10685,"s15","m3",-0.15719108033828,-0.70092574522293,-0.135074577346886,-0.953421811538058,-0.258532793060569,-0.111310849041773,1.16340513506555
911,10708,"s15","m3",-0.269478945210207,-0.687843488957755,-0.128381067907162,-1.00700875679555,-0.378519016394545,-0.193838586092764,1.95965120267886
912,10709,"s15","m3",-0.206312623847577,-0.730009883452725,-0.0815153248499715,-0.9184701617499,-0.175059037196772,-0.00688325860665282,1.32046441612855
913,10715,"s15","m3",-0.223701407235063,-0.755590524558815,-0.217173503149061,-0.926122014145444,-0.436124087814468,-0.0607274481850821,1.73876204166657
914,10716,"s15","m3",-0.278693541946817,-0.722759227033756,-0.22773029579358,-0.959332097583149,-0.350794853368321,0.0861086667295113,1.42361587760298
915,10726,"s15","m3",-0.17724494162059,-0.675396914926308,-0.200783878988154,-0.921554970165156,-0.398213346265075,-0.0204859773887053,1.70446400397849
916,10735,"s15","m3",-0.175015397739802,-0.713230355792738,-0.214040478868008,-0.945720698312489,-0.504504577903645,0.0338577187914185,1.16102203514895
917,10747,"s15","m3",-0.201997460478523,-0.666505367063556,-0.135423173019385,-0.934805246755512,-0.20644322239305,-0.0916293065973832,1.50162386485206
918,10751,"s15","m3",-0.277452910984218,-0.695240024490385,-0.24393335806043,-0.942413237405148,-0.831563301105015,-0.0327943350771222,2.0329845020955
919,10759,"s15","m3",-0.299981477855675,-0.626441638967373,-0.138596428733837,-0.855375131206816,-0.264734238164154,-0.021116932919507,1.37539153282681
920,10788,"s15","m3",-0.167004755931317,-0.667713928171012,-0.0289169408724793,-0.92451154026253,-0.11282060441198,0.126782707594955,1.35321152953769
921,10795,"s15","m3",-0.158713172010231,-0.609511637065299,-0.174661574382909,-0.932938014237591,0.0917131372386983,-0.0229219581569811,1.40623616999652
922,10800,"s15","m3",-0.297080021308887,-0.681612685830209,-0.223372976898289,-0.874856686735661,-0.720804992292711,0.0528788603565224,1.70053624881445
923,10812,"s15","m3",-0.241175199446309,-0.755071895149447,-0.0455037424452396,-0.913481186947043,-0.036506088062245,-0.157678357318482,1.48598585869267
924,10816,"s15","m3",-0.300034814941176,-0.769830519685481,-0.206393070059195,-1.08234919863104,-0.230341317177677,-0.300780217172142,2.35408583993967
925,10819,"s15","m3",-0.262645185736001,-0.65951807211832,-0.066727354286181,-0.871574973504023,-0.387692903122619,0.117681257940092,1.43384080626041
926,10839,"s15","m3",-0.212474587172315,-0.676599424306211,-0.143980670931046,-0.860098854112496,-0.261207112688014,-0.0318778204084684,1.25516778972796
927,10842,"s15","m3",-0.238183069747431,-0.69284001902039,-0.182345581358833,-0.987636805186866,-0.373950843101652,-0.0959668945287504,1.92806352436683
928,10845,"s15","m3",-0.207081052352703,-0.705963020095193,-0.141098633916494,-0.855728169331957,-0.0252022073327956,-0.0783073658258922,1.67993585674393
929,10865,"s15","m3",-0.133251546421577,-0.694881130423352,-0.108541257507444,-0.874219190202862,-0.146857980386201,-0.197714367107263,1.31316284426604
930,10869,"s15","m3",-0.14363651141705,-0.688562586298243,-0.178143014880537,-0.916746104489591,-0.212413497564011,-0.099392848110426,1.67702562190872
931,10876,"s15","m3",-0.202050012085755,-0.800710697870846,-0.0888886447416665,-0.933832498757372,-0.0745490587432452,0.116814778411639,1.39230430418148
932,10889,"s15","m3",-0.308716182073448,-0.63726454478359,-0.338632318748322,-1.04253063273655,-0.521155059612641,-0.00581894904557642,2.01681322995539
933,10890,"s15","m3",-0.27079657119843,-0.675901805387996,-0.0658421157318543,-0.931715343498671,-0.0900057676017369,0.198243775008298,1.42315159229811
934,10892,"s15","m3",-0.123838567609348,-0.733586442393239,-0.115383713948836,-1.01915053222261,-0.237662491606514,0.0459626988526495,2.13151049026784
935,10900,"s15","m3",-0.354281120352985,-0.698769335744744,-0.235835526885206,-0.994458859540382,-0.650939674302621,-0.0404564955330082,2.00084676690957
936,10959,"s15","m3",-0.181011098840035,-0.659737680602182,-0.155104964739773,-0.96466210689353,-0.564663661806002,0.077865945320419,1.82994286358613
937,10968,"s15","m3",-0.267380933868538,-0.697735827752024,-0.24892782692874,-0.940970613320396,-0.625126457666131,0.0012574389749893,1.9034039883617
938,10973,"s15","m3",-0.114186372179462,-0.643846535268854,-0.0287116919153771,-0.991709995926027,-0.376646512840682,-0.216939392388739,1.37701173199427
939,10978,"s15","m3",-0.113381139447786,-0.696819141941404,-0.19999376575309,-0.908030904780238,-0.139679734522315,-0.0651720536293588,1.4220934723274
940,10980,"s15","m3",-0.159905180892713,-0.743332365536424,-0.111276098003567,-0.908206853814217,0.0299260886958802,-0.0519667815667949,1.6923172706817
941,10989,"s15","m3",-0.226674838414148,-0.708497292847362,-0.102979183142637,-0.849593455225905,-0.30350409466076,0.0883882100874936,1.30823120616052
942,10991,"s15","m3",-0.216226578868879,-0.624502669544859,-0.131587473658922,-0.977133960793139,-0.16121030788707,-0.0384241171164591,1.31183972977992
943,11005,"s15","m3",-0.0747340616442325,-0.606899128018331,-0.0514370235502546,-0.923215168360109,0.0445247921370811,-0.0868736932957103,1.20725388924785
944,11022,"s15","m3",-0.19984450696034,-0.772937523650874,-0.14764336903593,-1.02255049770167,-0.248005525319787,-0.250718612400551,1.56582352199803
945,11037,"s15","m3",-0.197149449097995,-0.618472914552648,-0.143609749621042,-0.823906285829485,-0.182389904711438,0.166902185014248,0.972647860214149
946,11048,"s15","m3",-0.207737164050484,-0.686582257388454,-0.180868302304965,-0.904406360298303,-0.591654914678695,-0.240568722987389,1.35400449945097
947,11058,"s15","m3",-0.163249109132127,-0.748944463363477,-0.229170315105655,-0.9632701565167,-0.442539297467872,0.0750836968131245,1.64450700328665
948,11065,"s15","m3",-0.249677867037583,-0.653523313120823,-0.222644280217971,-0.898375780404526,-1.02056380175414,-0.020738184271524,1.24279386513657
949,11068,"s15","m3",-0.255311523021364,-0.777577571020802,-0.0872751134682679,-0.884107660451161,-0.341334266799874,-0.0560136084158958,1.25963497981947
950,11090,"s15","m3",-0.237064971959876,-0.730861674860075,-0.12528770746095,-0.967076433240724,-0.175678814935063,-0.120215594841291,1.33677864463338
951,11091,"s15","m3",-0.332169810020829,-0.71978882819241,-0.0904414068664309,-0.955452282775944,-0.520208002814053,-0.0230979651914952,1.54645239872007
952,11115,"s15","m3",-0.227462485331403,-0.658498326870984,-0.194418291718738,-0.779140484158563,-0.742255436451118,0.0499874324294401,1.11294377928328
953,11122,"s15","m3",-0.341759829787022,-0.630348133991745,-0.135246522950687,-0.895320003908877,-0.497607412325292,0.0112768910235966,1.7175393045287
954,11157,"s15","m3",-0.184031433277553,-0.680863204245069,-0.0510129105597399,-0.83408000431112,-0.289259679780268,0.0858501539984974,1.53918733235425
955,11160,"s15","m3",-0.218930491094816,-0.695636493933215,-0.125833008531603,-0.933358042194129,-0.99622748571007,-0.0362180437190894,1.32374061341022
956,11171,"s15","m3",-0.23803950968633,-0.671360203711399,-0.0794858371693955,-0.882397761204377,-0.231406546588329,0.10641939325951,1.48297918469199
957,11173,"s15","m3",-0.221328193009018,-0.663808687184875,-0.135560852564451,-0.891572532848785,-0.124693513110335,-0.0552027763792112,1.28831668631644
958,11201,"s15","m3",-0.113749943086106,-0.727101170225373,-0.110636939542544,-0.973835103981158,0.0600586856920149,-0.13366921622167,1.19820008026083
959,11230,"s15","m3",-0.3670249064636,-0.733892063854889,-0.276387447834875,-0.93763092912852,-0.679648960917917,0.0471673891464858,1.92294202654081
960,11236,"s15","m3",-0.371973406407747,-0.731306036265975,-0.161400166790253,-0.868205823111577,-0.288286549808227,1.5717953854081e-05,1.52724158520853
961,11247,"s15","m3",-0.140631792281885,-0.75104920081045,-0.162150912608136,-0.887841371198847,-0.26859191270032,-0.157975773148014,0.930534460411583
962,11252,"s15","m3",-0.166779960859995,-0.68038482458146,-0.0687221801864054,-0.878786208654424,-0.126358338410141,0.0975779279290823,1.77552267410283
963,11260,"s15","m3",-0.180229228928659,-0.728129668071779,-0.109739596902142,-0.95174704559316,-0.464365394604978,-0.138483667738156,1.72445578284883
964,11264,"s15","m3",-0.202803852074888,-0.737217280653687,-0.264919454621265,-0.940202368642944,-0.441212736784578,-0.0314475716535908,1.39338506474869
965,11268,"s15","m3",-0.13426618009112,-0.546786683625343,0.010946561058252,-0.676667479866188,-0.355994188205379,0.312141844707166,0.958758844378031
966,11270,"s15","m3",-0.115748793511429,-0.700847754298396,0.0285116677204753,-0.97825784872822,0.0699685657387135,-0.13686919878692,1.35178060369533
967,11273,"s15","m3",-0.327816797875334,-0.689325407360515,-0.13392136443782,-0.997175563306875,-0.605428228297217,-0.168900966985342,1.76614089954704
968,11274,"s15","m3",-0.228287479874659,-0.678082033798111,-0.0385909628026054,-0.794914254181052,-0.207621191946754,0.068574583585863,1.31226138082687
969,11275,"s15","m3",-0.2191009416546,-0.718539158218233,-0.113311736908487,-0.995110092564115,-0.365873898204877,-0.267980167823609,2.11390725795486
970,11276,"s15","m3",-0.182707329526464,-0.664963612407243,-0.0619150562963865,-0.950196133470144,-0.23429535201752,0.0441894078709754,1.23973415042128
971,11278,"s15","m3",-0.252783020723713,-0.727472082550383,-0.00802579631686262,-0.948270648249971,-0.242403474843496,-0.213633735225699,1.83424951038546
972,11300,"s15","m3",-0.231743099200731,-0.680855049978924,-0.147073040344598,-0.96381809773055,-0.0719175466873429,0.00831161430130216,1.77485603978373
973,11301,"s15","m3",-0.176902633456855,-0.717175624264165,-0.10616623601186,-0.962030484529167,0.0024057435124861,-0.160980859719989,1.76859511119213
974,11303,"s15","m3",-0.156494875420238,-0.660550054634095,-0.070817723559144,-0.865392370217268,-0.168441657949301,0.0367742381578905,1.41200610104794
975,11310,"s15","m3",-0.115327185083553,-0.667686168310788,-0.0589332805122093,-0.942978957277243,-0.010036292008357,-0.0394736363375078,1.53246513400027
976,11323,"s15","m3",-0.0395556061771427,-0.73421106964264,-0.0239476441817288,-0.934624977290656,0.0673948071140628,-0.162718995927345,1.5930840100679
977,11324,"s15","m3",-0.245372383462055,-0.724115344156183,-0.0621982903780316,-0.9532763040033,-0.38860808309141,-0.150986099209732,1.22721831522099
978,11326,"s15","m3",-0.178542605659043,-0.751912644611323,-0.013782664968724,-0.871785801616118,-0.0251501880351293,-0.0827052956061631,1.05179794732233
979,11340,"s15","m3",-0.13666042990635,-0.716519861654508,-0.0556938018501341,-0.940843410900859,-0.138586336913567,-0.044051082881706,1.72949926623524
980,11341,"s15","m3",-0.302124259332283,-0.647341690537593,-0.12189555072302,-0.917611699001228,-0.252128047780746,-0.1350020299827,1.36902972441554
981,11344,"s15","m3",-0.178700725175777,-0.699136356007407,-0.179582878964655,-0.884624678394285,-0.185124459834009,-0.0531448649180162,1.42269032384843
982,11380,"s15","m3",-0.169893914574212,-0.619114042496331,-0.100223958711813,-0.897049768818721,-0.64916832365601,0.025550811389381,1.02418250864281
983,11389,"s15","m3",-0.0669913883116993,-0.707705011283003,-0.135816807274802,-0.92593317102426,-0.141512650758334,-0.0315622386896657,1.62148854771216
984,11438,"s15","m3",-0.224762700947016,-0.714442569164244,-0.205831866185164,-0.835505269956902,-0.321158059861382,0.0933972799560891,1.46949046206692
985,11440,"s15","m3",-0.200206170098103,-0.723104850060663,-0.122319915483028,-0.940610918627365,-0.359658035460994,-0.278234417424179,1.17629650190779
986,11441,"s15","m3",-0.205774780263383,-0.699979690110192,-0.0891575450540695,-0.915944100209537,-0.155115943409013,0.0111755964943032,1.55161355988821
987,11453,"s15","m3",-0.263779822933215,-0.709057475924809,-0.109111049137937,-1.00748371313032,-0.52502804687655,-0.0137735699026975,2.21474945539776
988,11458,"s15","m3",-0.234832466468293,-0.763559296182756,-0.114972944949402,-0.882255407405123,-0.530938657324706,-0.187621380157058,1.59267385418078
989,11509,"s15","m3",-0.222913317037286,-0.730097774155171,-0.0342675949139974,-1.0231446220729,-0.21549343587727,-0.151419197787056,1.70481974571004
990,11520,"s15","m3",-0.136940716353676,-0.558270220226895,-0.0618916751294119,-0.794396166115673,0.0334850924223045,0.194877881386192,0.908525532674124
991,11521,"s15","m3",-0.177430579852345,-0.715873675629201,-0.0847815432003354,-0.90595168210215,-0.302632441786537,-0.0793744346114588,1.55686874322573
992,11523,"s15","m3",-0.275116985484678,-0.690942896701047,-0.146284938862551,-0.864903034397658,-0.0937372171971899,0.0106972493562825,1.41298741705954
993,11534,"s15","m3",-0.22798325854763,-0.747522556457686,-0.103293569396599,-0.913811696753945,-0.604035478619602,-0.398722275881733,1.41631726303268
994,11565,"s15","m3",-0.265171505183955,-0.696198627912373,-0.169325875084775,-0.852671950630994,-0.725882926501913,0.189962819122206,1.65255479127299
995,11578,"s15","m3",-0.244615842085049,-0.704032751153137,-0.112663241527978,-1.05502342568324,-0.30933540814538,-0.243010092637886,2.1194325884364
996,11594,"s15","m3",-0.195586638319532,-0.74195365462287,-0.207550498502145,-0.883294399042703,-0.315908849534022,-0.0454379533549095,1.53087102210402
997,11606,"s15","m3",-0.14787560786442,-0.691469261162822,-0.0850246765407959,-0.893705955467086,-0.22579189515371,-0.163861755524925,1.93140725499117
998,11608,"s15","m3",-0.21592251158933,-0.68457130627563,-0.185171323669039,-0.882859230352228,-0.471872087944768,-0.0879682235319856,1.02003394740739
999,11617,"s15","m3",-0.208956442834543,-0.707089069942697,-0.161415172982209,-0.842944749707163,-0.366206945162131,0.107760683787931,1.3703854591817
1000,11634,"s15","m3",-0.250692631811787,-0.608705714379773,-0.100594076364222,-0.974090913500334,-0.462935451125441,-0.11257033886117,2.06152516629151
1001,11649,"s15","m3",-0.21285408265227,-0.721221032358482,-0.0989492224707019,-0.906542001378671,-0.085284930722796,-0.00760737161357628,1.93046850842796
1002,11655,"s15","m3",-0.325706396998713,-0.621139586219413,-0.102956357897005,-0.87611755810254,-0.544694821982485,0.164845356323384,0.95167803713277
1003,11659,"s15","m3",-0.30995451833121,-0.768946877480225,-0.111353891893903,-1.03717779889805,-0.517060018559419,-0.454610298675469,2.09479473009691
1004,11661,"s15","m3",-0.253758276746661,-0.703099738742224,-0.131124609966693,-0.956419034623985,-0.148979777222335,-0.2678499482046,1.55222823107922
1005,11666,"s15","m3",-0.144817789813918,-0.742188536543176,-0.0577991564181331,-0.841301326207485,-0.237575985273945,-0.0186879723429861,1.28351572154639
1006,11676,"s15","m3",-0.234202423623449,-0.773455161422372,-0.166288568407606,-0.932591674141152,-0.292565242212271,0.038178633303125,2.12997889881235
1007,11683,"s15","m3",-0.283457594201503,-0.62961968503352,-0.228285216964869,-0.889380940893149,-0.7556552022322,-0.0207144867093473,0.962892310179886
1008,11712,"s15","m3",-0.0947027514411629,-0.572020218468979,-0.0803592740850386,-0.788529829193763,-0.328021618817814,0.167154789126031,1.19529424889868
1009,11724,"s15","m3",-0.162245057108221,-0.679759143367404,-0.193319476451566,-0.968850087232918,-0.515761005867791,0.188625389906462,1.31817870552707
1010,11728,"s15","m3",-0.226206803793459,-0.708409649123811,-0.216672914503324,-0.889503984344647,-0.184855526810796,-0.109094965384216,1.31665035036305
1011,11738,"s15","m3",-0.273351121022344,-0.80125424364276,-0.161994803248506,-0.998359909160099,-0.371193402117578,-0.283587929894453,2.04881683493141
1012,11739,"s15","m3",-0.283537147193077,-0.721285368345885,-0.1444577626826,-1.00937566516308,-0.446012755439982,-0.307204464688508,2.20599346123749
1013,11769,"s15","m3",-0.142295500848658,-0.717435665682629,-0.0940874092295793,-0.931463203987569,-0.357962959015337,-0.126946115281379,1.84864055789297
1014,11774,"s15","m3",-0.264522250312343,-0.75533141632542,-0.122210323265724,-0.934851163872031,-0.472715050249069,-0.027113220868123,1.57780687693902
1015,11788,"s15","m3",-0.179012882726445,-0.68126140760609,-0.21403971330458,-0.826546030497609,-0.261129045861788,0.106822072121684,1.06147683933164
1016,11791,"s15","m3",-0.20547867577113,-0.725133992752009,-0.22987597176704,-1.0510147542511,-0.253547897643003,-0.122768825837675,2.03508204310635
1017,11811,"s15","m3",-0.173275267924501,-0.727686555230659,-0.204612229710211,-0.975917524959322,-0.415506496599437,-0.036384058865127,1.82955371902839
1018,11840,"s15","m3",-0.316927828384087,-0.708471034034077,-0.273330431615448,-0.978984343409696,-0.399375095725903,0.105703709035582,1.9289542614722
1019,11859,"s15","m3",-0.255417398905614,-0.62389689430912,-0.151724077821685,-0.931098994019872,-0.350606024705339,-0.261566004281585,1.23838014909621
1020,11879,"s15","m3",-0.169552302619231,-0.579336594876527,-0.203387372877755,-0.796050876860794,-0.78140365101428,0.243971194643527,0.671190561001011
1021,11887,"s15","m3",-0.241627469623967,-0.729682532374849,-0.217410524640359,-1.03016671362509,-0.634344421075643,-0.165234445423579,1.76892945517854
1022,11920,"s15","m3",-0.248043362336156,-0.588162703693787,-0.148638037843156,-0.839923398642595,-0.587564622880762,0.147019572569504,1.29419923535733
1023,11935,"s15","m3",-0.238092265949402,-0.758191074976597,-0.069172761835205,-1.03544870949424,-0.481504519948162,-0.0147003822776175,1.75338813385846
1024,11941,"s15","m3",-0.216516911556901,-0.660242714160038,-0.152362608322868,-0.952468252482438,-0.299130163159684,-0.0517266974396734,1.88102998409119
1025,11966,"s15","m3",-0.279306900684736,-0.747895566267064,-0.0450473391943215,-0.915394109786464,-0.326874291621232,-0.0536074346476445,1.9491103045582
1026,11980,"s15","m3",-0.266915665064229,-0.687618801921415,-0.0840278382548448,-0.96187125940563,-0.242885394329147,-0.0187791362641723,1.52637963976356
1027,12021,"s15","m3",-0.306498225794145,-0.683669685034407,-0.193066076810816,-0.904834629645336,-0.472252501393195,-0.0509190741730298,1.75292432227926
1028,12037,"s15","m3",-0.291122079120996,-0.799531347069037,0.00104999324534837,-0.943327499487984,-0.100751464897937,-0.108252533866511,1.56755933144672
1029,12098,"s15","m3",-0.215952226394947,-0.650169998770454,-0.181798833175173,-0.927979050307502,-0.33171708365332,-0.0342467946225705,1.64441918984076
1030,12136,"s15","m3",-0.281523203522148,-0.684547308994607,-0.0307087238087938,-0.868684283084083,-0.374742948935273,-0.039214599734954,1.38578490771479
1031,12148,"s15","m3",-0.208955578590624,-0.741681092607974,-0.137712095297247,-0.951878220769832,-0.290622195318002,-0.169346427140163,1.39237748874378
1032,12151,"s15","m3",-0.161444464535678,-0.62064406894802,-0.0164310258249016,-0.896771903127921,-0.336574622946087,-0.0502527930982022,1.18335403937969
1033,12152,"s15","m3",-0.158203989467548,-0.721855930293861,-0.0340629333747769,-0.888615564435273,-0.203571270975602,-3.43256974661074e-05,1.42510685817313
1034,12187,"s15","m3",-0.234577230171522,-0.642271332342456,-0.139818426769642,-0.845120108141495,-0.230347430476974,-0.105493323943352,1.30828468831387
1035,12204,"s15","m3",-0.213043008606247,-0.742784778616667,-0.138918747751918,-0.953229534390533,-0.391554297227431,-0.152950434549629,1.95536064640811
1036,12243,"s15","m3",-0.157769872815482,-0.645172041139838,-0.0953919788819911,-0.950855945310021,-0.366474627469585,-0.0886366088493274,1.30510965698683
1037,12255,"s15","m3",-0.291559973295417,-0.809202827581191,-0.313322019722164,-1.04704846993512,-0.307287928387137,0.00807772410561049,2.49596181092281
1038,12263,"s15","m3",-0.204180085908798,-0.645342274647909,-0.220095384881121,-0.865072350950925,-0.621248523824678,0.111909745098339,1.68871909806714
1039,12277,"s15","m3",-0.0985124577856191,-0.655951053228966,-0.15944264658258,-0.974855819534213,-0.151692832757113,0.0421698680789304,1.68698552079122
1040,12300,"s15","m3",-0.246923565179424,-0.734365658058143,-0.179635702317425,-0.91155627545412,-0.509702086044493,0.0450004903456077,1.78729934507724
1041,12314,"s15","m3",-0.213896250273373,-0.680604678857488,-0.194368397854484,-0.942192764703507,-0.3018214162252,-0.145051926080493,2.01994750294366
1042,12330,"s15","m3",-0.220879206884238,-0.7166214878054,-0.206044189175202,-0.883256325378542,-0.657913503370251,-0.185184453448827,2.00190980691531
1043,12350,"s15","m3",-0.167802581126697,-0.59634687620527,-0.0744890003179411,-0.839573505992286,-0.263359065468308,0.0687245891727326,1.18738098809708
1044,12357,"s15","m3",-0.206088473336289,-0.59647619092733,-0.0899594748946584,-0.858102323560104,-0.324691901606027,-0.0151427518526509,1.11995788118661
1045,12386,"s15","m3",-0.198261013178095,-0.712768564954583,-0.142538233109419,-0.960542777155746,-0.397397157167638,-0.0900493251075163,1.2030553409047
1046,12411,"s15","m3",-0.199748732923141,-0.608536538843076,-0.0690726386039212,-0.92516813730695,-0.169591747877075,-0.209024270213538,1.52952715423855
1047,12418,"s15","m3",-0.240102162758438,-0.638617268198167,-0.198032992773246,-0.839328878097928,-0.659002191746037,-0.033248704974226,1.30187222284905
1048,12422,"s15","m3",-0.286961647766739,-0.667720288422339,-0.0210990176761198,-1.11413950701552,-0.238859133325561,-0.0486158055853062,1.99572430227267
1049,12431,"s15","m3",-0.174612719103368,-0.720854956725838,-0.00867271528146703,-0.95423057340231,-0.0802614544182651,-0.241579049521303,1.80181377926158
1050,12447,"s15","m3",-0.0617645355447463,-0.756380309619405,-0.112018240229314,-0.976207829569736,-0.0284790561091392,-0.0412364685152998,1.74908510409015
1051,12450,"s15","m3",-0.279791444409642,-0.706351756603758,-0.172367998869577,-0.912500789712639,-0.214454485057834,0.0973202471675603,2.01545781438842
1052,12451,"s15","m3",-0.252278134281781,-0.610575938449781,-0.157028812414254,-0.870363621188172,-0.447484394079519,0.152533683443279,1.24885061794126
1053,12463,"s15","m3",-0.198091136927462,-0.663987949089004,-0.0855125399102157,-0.843227144337659,-0.095636312032507,0.0171834270870449,1.48823954393163
1054,12468,"s15","m3",-0.308194873439301,-0.713681201379502,-0.0988714836179952,-0.894042801819754,-0.368079210371366,0.0181675511170278,1.21080488275271
1055,12485,"s15","m3",-0.264279126054433,-0.670070885250974,-0.109023070424056,-0.97220511657386,-0.232967909438744,-0.0814838501765709,1.46035549414963
1056,12486,"s15","m3",-0.262663367657603,-0.713905250152494,-0.108944482913324,-0.944277043298441,-0.252858339849167,-0.0775727851438462,1.66987751515968
1057,12504,"s15","m3",-0.297999911651731,-0.557855203198942,-0.164311603648847,-0.888454567689079,-0.411106433772205,-0.0744443451343626,1.15365572154386
1058,12518,"s15","m3",-0.29598750790425,-0.670056988017876,-0.109525033513538,-0.968251464599753,-0.149695870711437,-0.13949583376773,2.0365151451883
1059,12530,"s15","m3",-0.0856166348489392,-0.554339207564345,-0.0551336925312527,-0.823596604332884,0.0185255221905426,0.0779236450069107,0.841746234375119
1060,12537,"s15","m3",-0.267168593256463,-0.619337309496419,-0.19180229294253,-0.83201378514645,-0.427821277807971,0.246120404880692,0.910786974379587
1061,12547,"s15","m3",-0.333281473858018,-0.619373532967821,-0.290122390456827,-0.90569157474104,-0.956543906690652,0.0605257659763847,1.34601969858266
1062,12570,"s15","m3",-0.153237632853311,-0.664652495488173,0.0016214117165839,-1.00825130616004,-0.545422904575659,0.0514824759428887,1.50463420514822
1063,12573,"s15","m3",-0.138911040112326,-0.651091734842234,-0.12716843196198,-0.863470302799705,-0.293920372690241,-0.0606104288589909,1.55807646197521
1064,12583,"s15","m3",-0.182350684759358,-0.674686957175242,-0.0961475729764261,-0.949973833831006,-0.224748183787612,0.101754180813462,1.617132835887
1065,12611,"s15","m3",-0.21774926130908,-0.68612166211288,-0.120522957052104,-0.855473143197087,-0.284821559436562,0.149061699433398,1.43769209381773
1066,12616,"s15","m3",-0.168136318678348,-0.71776006352211,-0.0134007212014452,-0.967576367449506,-0.552561172446184,-0.119958284359404,1.5817322604593
1067,12635,"s15","m3",-0.154555736845483,-0.734710987713284,-0.0496125949320953,-0.975631886759385,-0.151017813000238,-0.0372615837194802,1.95201561527666
1068,12658,"s15","m3",-0.336847447810541,-0.691644503200085,-0.182266368920699,-0.948428271390596,-0.829741671742411,-0.0463886752406883,1.49086810250202
1069,12661,"s15","m3",-0.15141370276559,-0.667815417102046,-0.203097334979518,-0.954921959576954,-0.600020301774663,0.056540101291166,1.45856113498942
1070,12662,"s15","m3",-0.207779649612111,-0.697114687063837,-0.0854739809814924,-0.928844529299399,0.0121884334616542,-0.074130341463992,1.67300112659824
1071,12709,"s15","m3",-0.231505607473203,-0.584774380338907,-0.184885141045342,-0.812868769394313,-0.300854995206122,0.136947959178976,1.14162359025927
1072,12726,"s15","m3",-0.17579954315933,-0.705435349249619,-0.177460866732725,-0.856207635996386,-0.20620101250346,-0.131149849575522,1.03003023597063
1073,12741,"s15","m3",-0.0595317851597615,-0.678305030834124,-0.024615618381604,-0.902557143631123,-0.135071941634464,0.124818624100794,1.16729663333041
1074,12749,"s15","m3",-0.211132606701516,-0.671271986725368,-0.137853888801045,-0.921077348328579,-0.346702792135326,-0.0113220090659825,1.5684076857492
1075,12752,"s15","m3",-0.133936693184831,-0.633577668464429,-0.0291059403296006,-0.928244028287022,0.0736849527545191,-0.0811965069477975,1.24126434556743
1076,12764,"s15","m3",-0.27018819335263,-0.629672948658032,-0.232104265184925,-0.827568180856208,-0.545134169377321,0.101445787225045,1.04515675235174
1077,12765,"s15","m3",-0.287260109067482,-0.800898409974632,-0.206557587743119,-0.965379120156275,-0.398744789709847,-0.0865343152893388,1.64128521863124
1078,12768,"s15","m3",-0.173438744217571,-0.706815652981944,-0.102622781265087,-0.886059031564546,-0.345794605161954,0.142708738531077,1.7693019405974
1079,12771,"s15","m3",-0.21508386038655,-0.657051864282705,-0.143224737854655,-0.957436377569633,-0.432132625971218,-0.0387895448728832,1.88512836642771
1080,12804,"s15","m3",-0.25715007176358,-0.703269486519001,-0.123577597165555,-0.904510123316257,-0.0220120621892053,-0.102231182146651,1.55578335221403
1081,12805,"s15","m3",-0.226821216680029,-0.633908765197453,-0.079015710107286,-0.904821426062642,-0.312698198916016,0.046318677071611,1.32521206776534
1082,12828,"s15","m3",-0.238843066870656,-0.702917962137057,-0.171425602311694,-1.01010870898142,-0.461224378499124,-0.26115120938206,1.93030911171861
1083,12830,"s15","m3",-0.1698815731711,-0.653823132633975,-0.0848903981518462,-0.903720157010845,-0.257606807012931,-0.0421629701171413,1.42843078276726
1084,12836,"s15","m3",-0.227970495007267,-0.655075701096521,-0.160306989444848,-0.8989069023289,-0.251422571752575,0.0360335975497551,1.08854136558592
1085,12867,"s15","m3",-0.248216854418997,-0.743998087884659,-0.101808835118986,-0.987896081042795,-0.286921199296539,-0.0733445049506296,2.21206842259557
1086,12880,"s15","m3",-0.144174619600931,-0.671850439704566,-0.0950119527671516,-0.838522388347742,-0.186234747319125,0.040932261541551,1.17913888617111
1087,12884,"s15","m3",-0.361489190353536,-0.725973480681737,-0.223536438322232,-0.966802690335329,-0.376765906813024,-0.0442000042231831,1.58800816621819
1088,12890,"s15","m3",-0.201353918760752,-0.757911839034904,-0.202490258977812,-0.975675173631334,-0.0865565972239964,-0.196517082599394,2.14453628482456
1089,12909,"s15","m3",-0.306984345220941,-0.77153064442021,-0.0982129986689141,-1.01053502306301,-0.3732960995192,-0.0591196944833956,2.00073823987678
1090,12911,"s15","m3",-0.305985651405139,-0.70649300909848,-0.154479578843795,-0.887556674980586,-0.516102669115935,-0.00155617934946559,0.98744481952807
1091,12919,"s15","m3",-0.201977267458579,-0.687389337343783,-0.0382293080698203,-0.826393703450166,-0.122151751765361,-0.191391925665666,1.30201983657173
1092,12923,"s15","m3",-0.129349899153106,-0.639286024647432,-0.118773647011333,-0.823206055220704,-0.367530009840015,0.0359505672385807,0.920603897561844
1093,12928,"s15","m3",-0.0810769465613209,-0.631781958833137,-0.11373421969614,-0.787026431189022,-0.129194938459087,0.16563532151592,1.21229258713407
1094,12947,"s15","m3",-0.0873555147235527,-0.741667520649138,-0.202674293543086,-0.893735826021765,-0.139044177976302,-0.132768671577305,1.56859602130072
1095,12951,"s15","m3",-0.215419810426483,-0.765354378346353,-0.094186459482812,-1.0025958510956,-0.60965704443612,-0.473377782984863,1.57484974271089
1096,12954,"s15","m3",-0.274039131052943,-0.762466849515402,-0.133889066957258,-1.02395291797547,-0.375743672338883,-0.441074188242119,1.91605005619091
1097,12967,"s15","m3",-0.225202117706055,-0.654462519643612,-0.041692260404088,-0.847650841671823,-0.391808527877276,0.0232907408705815,1.27930765083645
1098,12969,"s15","m3",-0.202287830885351,-0.610914797521066,-0.0824553309471858,-0.876095092676081,-0.200194419552452,0.122069772811438,1.48400887487715
1099,12989,"s15","m3",-0.21400838412641,-0.692113994336178,-0.176951895424607,-1.04867913107332,-0.362386424460206,-0.0491829763308794,2.04318895975612
1100,12996,"s15","m3",-0.259723678511173,-0.793971273671,-0.274933573691976,-0.920369640670792,-0.495236151314008,-0.0373682224247841,1.72870349140801
1101,12998,"s15","m3",-0.32673302233656,-0.708527650905368,-0.187878547606739,-0.959415330789074,-0.264527707581083,0.0616432878372059,1.99619634066493
1102,13003,"s15","m3",-0.201489592292363,-0.668714192187067,-0.151075699903192,-0.966742153842899,-0.327609258741888,-0.0376295423898136,1.31666296174402
1103,13022,"s15","m3",-0.125939715477958,-0.649298692994352,-0.197590022189413,-0.809128828827116,-0.382019320931904,0.0695298690967268,1.03950692940328
1104,13038,"s15","m3",-0.258090393703904,-0.664590103784839,-0.0940259919073173,-0.900157351608809,-0.325785981546699,0.22062898643857,1.33749297794561
1105,13051,"s15","m3",-0.251977214725614,-0.81352212910358,-0.0311637364477462,-0.985699110221177,-0.381922296096,-0.381360245410873,1.90638184268808
1106,13074,"s15","m3",-0.111121057113264,-0.623014595277989,-0.165363754089424,-0.737013256069187,-0.147740497736701,0.151059927519998,0.692136285866591
1107,13075,"s15","m3",-0.223995424676801,-0.631948297796969,-0.0880219027781463,-0.880005364010085,-0.181118981912907,0.182949644496924,1.08832573925396
1108,13076,"s15","m3",-0.156593466010549,-0.648024897815793,-0.110073336097954,-0.736993089003179,-0.408362053074902,0.150485859698216,1.22980822995331
1109,13080,"s15","m3",-0.171857898254219,-0.596792681872181,-0.101786262140785,-0.91834396330189,-0.0326198078110992,-0.0614258967224435,1.16138367357043
1110,13082,"s15","m3",-0.275067188263864,-0.743868100763426,-0.129414317007846,-0.979079859766422,-0.512502603163004,-0.037334852902687,1.82186808850313
1111,13088,"s15","m3",-0.259587067815019,-0.749006878280667,-0.262660837390271,-1.00731089497319,-0.587966325147881,-0.0527553266276244,2.13006321309724
1112,13114,"s15","m3",-0.126691417337936,-0.595548596266357,-0.0751638524421598,-0.819080700024341,-0.125868380751303,0.132346867404063,1.25299456277417
1113,13119,"s15","m3",-0.189143955011687,-0.621179838230311,-0.0569696916610553,-0.96523814110461,-0.202035879668733,0.160874657699124,1.37919453255808
1114,13130,"s15","m3",-0.26250975155542,-0.692326690176237,-0.194762243879586,-0.963562541020023,-0.529300827950877,0.146381507659036,1.69589200104367
1115,13133,"s15","m3",-0.214853437512181,-0.727905211482513,-0.0871672644783021,-0.837219893510418,-0.337375911205927,0.0290570104567805,1.35804595666212
1116,13152,"s15","m3",-0.22449910267524,-0.801015977405093,-0.17666021406263,-0.908717265989012,-0.507755454028277,-0.0733275013864864,1.97067828366641
1117,13153,"s15","m3",-0.271095148041148,-0.670319413586444,-0.0875905311524254,-0.93501321557995,-0.439904447786203,0.0832213651293188,1.59425739554756
1118,13165,"s15","m3",-0.15818074100082,-0.767997187408591,-0.162630596253965,-0.877615779768074,-0.406271643965748,0.122498983287822,1.70208492449712
1119,13210,"s15","m3",-0.266098214332593,-0.658305140082025,-0.0713090758123065,-0.921900494022592,-0.663812505891925,0.0223150275265632,1.31914077168724
1120,13215,"s15","m3",-0.156163301541355,-0.610765431540099,-0.063999643247229,-0.816157819109887,-0.136730211570879,-0.0740726504051897,1.08970613924412
1121,13223,"s15","m3",-0.229479714840917,-0.675925176830917,-0.127968413745503,-0.911122081143635,-0.361888924222371,0.114111351605501,1.5161351236768
1122,13224,"s15","m3",-0.214440151264134,-0.61027765179,-0.151431702773489,-0.924601479613916,-0.427853865032645,-0.0940857508387097,1.17347145711284
1123,13238,"s15","m3",-0.261130237337977,-0.662074345883164,-0.138126642771841,-1.01080394971577,-0.542272895116007,-0.112654564562341,2.35253743914586
1124,13239,"s15","m3",-0.262452215661612,-0.776689686499428,-0.0828553084008869,-0.965692562500723,-0.0605815609456039,-0.125113557478448,1.58693627934386
1125,13251,"s15","m3",-0.29513361612852,-0.784686075969301,-0.203159816483479,-0.911978485009081,-0.665874191316457,-0.198175710226062,1.70463934440785
1126,13258,"s15","m3",-0.218962317668397,-0.585598990202889,-0.136401948634301,-0.814365585289447,-0.695111343757875,0.0864836605417207,0.951781009939988
1127,13261,"s15","m3",-0.0817379265674934,-0.586121593327533,-0.0698770524683009,-0.87941892565595,0.0573022647676605,-0.0141048544918251,1.0691420693585
1128,13271,"s15","m3",-0.11939715859982,-0.741849562736924,-0.133061421889074,-1.03795086746509,-0.254438206480625,-0.297753860460567,1.70717311935045
1129,13274,"s15","m3",-0.306137108229325,-0.711271449239577,-0.142181230387018,-0.991551902138931,-0.741071574653562,-0.135852731406875,2.03606470235845
1130,13283,"s15","m3",-0.162281154496513,-0.725913284092129,-0.0325313755992802,-0.925923924254511,-0.0287503855909123,-0.00794601309399265,1.86281947610757
1131,13289,"s15","m3",-0.147530198310487,-0.703658119507785,-0.119210335781767,-0.879220769456466,-0.387270507844857,-0.174721679438888,1.42085681262786
1132,13335,"s15","m3",-0.227015912713988,-0.665990619408289,-0.190749820782662,-0.91162479981764,-0.517751912430869,0.126218612526962,1.45325891387832
1133,13336,"s15","m3",-0.28048500787373,-0.647379764723256,-0.0121078044098732,-0.9889862120629,-0.578904878026995,-0.0285623028019154,2.17875664675464
1134,13344,"s15","m3",-0.261372325115351,-0.724527475263364,-0.123384881091572,-0.981536463430095,-0.410553590741499,0.104591345806437,1.48928694985133
1135,13346,"s15","m3",-0.202342841513781,-0.799210270461098,-0.231218791879725,-0.918939864091783,-0.293678403752906,-0.1946946293837,1.94810279764832
1136,13351,"s15","m3",-0.175895739340535,-0.762748903055118,-0.0578431477027233,-0.889555319787383,-0.142849120837231,-0.057015503683525,1.24212679016744
1137,13357,"s15","m3",-0.0440834311015337,-0.605678861427806,0.0481652633081016,-0.780190776256264,0.0629026898515964,0.231939105862092,0.786654341791529
1138,13399,"s15","m3",-0.155998295511065,-0.678056463427154,-0.0607930738425163,-0.965978019356233,-0.168491692330991,-0.0703079029735641,1.28978403482305
1139,13402,"s15","m3",-0.238059365322107,-0.61240896440632,-0.0210232037664421,-0.904983889092459,-0.407510345912194,0.140013394084545,1.43441792278455
1140,13403,"s15","m3",-0.105330326306581,-0.775512095253719,-0.16693679743241,-0.931687945481881,-0.164062333330788,-0.0449252594474844,1.80761630947817
1141,13416,"s15","m3",-0.223159867761126,-0.70786723964693,-0.162702673541179,-0.933875022860578,-0.52068199211765,-0.0526238048417175,1.72804736764271
1142,13420,"s15","m3",-0.253866020696135,-0.616764931564885,-0.0527569880973591,-0.837763099595217,-0.284915017892089,0.0552218803048637,1.19838591149411
1143,13435,"s15","m3",-0.299614702444671,-0.72374135596068,-0.133105269490335,-0.875612492508078,-0.471884925134242,0.17945533703271,1.57313007314927
1144,13450,"s15","m3",-0.251439213497844,-0.70276346501863,-0.106513772040862,-0.92311342888245,-0.0531345823350948,-0.00053145077079917,1.57489882653493
1145,13459,"s15","m3",-0.202825695429,-0.638086120916317,-0.18400793644767,-0.864227065876294,-0.320649603334937,0.0753915553921442,1.31080999301087
1146,13475,"s15","m3",-0.171535345357364,-0.699792740347038,-0.206464587596649,-0.932299826140502,-0.412168797022605,-0.0255123576573604,1.61777965938075
1147,13482,"s15","m3",-0.23477836539186,-0.661748596167331,-0.197743369518932,-0.903550313939095,-0.232215467282512,0.0937669154206004,1.53476390321817
1148,13502,"s15","m3",-0.17338379934983,-0.721391478458129,-0.134943036635822,-0.862443929999591,-0.110174657668817,-0.131620329962591,1.30882589642417
1149,13504,"s15","m3",-0.31799651619241,-0.61071422994311,-0.145225648492131,-0.895912523100441,-0.32928880268949,-0.135636407557241,1.40465053159219
1150,13517,"s15","m3",-0.162964520294655,-0.703000110025362,-0.152925451874375,-0.817402110382684,-0.462528907398153,0.159292963789787,1.48244405913624
1151,13526,"s15","m3",-0.0998875489459525,-0.583538799681326,-0.178257119953962,-0.834993473536495,-0.181883594177612,0.155678608300993,1.50978600709935
1152,13530,"s15","m3",-0.163295490216841,-0.646201678575252,-0.142196255930294,-0.84446933774295,-0.092033206319282,0.0648183121826096,1.28279767315108
1153,13552,"s15","m3",-0.234913556781689,-0.634234879866916,-0.0445780630684526,-0.831009724005136,-0.0720242135278941,0.113794640212471,1.39268065372175
1154,13584,"s15","m3",-0.218932584550842,-0.652614480136563,-0.116371464741273,-0.97165665270543,-0.423052755743182,-0.155185606389105,1.53154404191452
1155,13586,"s15","m3",-0.180683790198301,-0.658119639178728,-0.0515241666256165,-0.948862361023801,0.0137230711109188,-0.0294679241611638,1.65928783915052
1156,13621,"s15","m3",-0.125141685962761,-0.690596477509747,-0.041658229596437,-0.905606657104069,-0.19972769919813,-0.0726285622938172,1.12608623645863
1157,13667,"s15","m3",-0.298716082019847,-0.595386451128977,-0.077896248332271,-0.811644623003536,-0.442093085590174,-0.00410633432869362,0.88127271681538
1158,13674,"s15","m3",-0.384453462404475,-0.675755256346002,-0.0897880824621274,-0.966429656735922,-0.967119587519197,-0.0569673180778553,2.24584712113507
1159,13682,"s15","m3",-0.259635378597245,-0.752702101390752,-0.23513645194706,-0.93688976247258,-0.358308205824604,-0.184686580417765,1.64802317588544
1160,13689,"s15","m3",-0.275846455417268,-0.716015019867617,-0.218804506541231,-0.958680693150953,-0.443926105738058,-0.0683157666010278,1.85431532208609
1161,13696,"s15","m3",-0.256399420180256,-0.742986314340708,-0.180722664896748,-0.97265852470068,-0.356035975505422,-0.17305391637089,1.7179134086049
1162,13710,"s15","m3",-0.327448651265746,-0.683964388818846,-0.156615957187437,-0.814836089841664,-0.491807789063331,0.0773158458653493,1.46071059700316
1163,13713,"s15","m3",-0.125724326932949,-0.789137356971375,-0.164950703293889,-1.02338997538382,0.0852266924293405,-0.0353703558659194,2.21451086996583
1164,13717,"s15","m3",-0.263931644104415,-0.71383452197191,-0.231320532039217,-1.06583083915127,-0.221732603587587,-0.163000689071793,1.4996952335232
1165,13724,"s15","m3",-0.19489462932058,-0.670621636900617,-0.185656036096165,-0.942596045651464,-0.297270928260612,-0.0817407645273823,1.53534185546121
1166,13743,"s15","m3",-0.218054652080431,-0.78994867613753,-0.182864417899481,-0.925287839733812,-0.721187642387867,-0.0741090371357977,1.69408925107521
1167,13749,"s15","m3",-0.120311250595701,-0.664149291436627,0.0491721491587474,-0.883344340367678,0.172513395068883,0.112900184743516,1.53583709549612
1168,13752,"s15","m3",-0.303272005819618,-0.802046988803649,-0.254651060224061,-0.987168678315341,-0.644383491309645,0.0238877783128466,2.22719079908072
1169,13761,"s15","m3",-0.154593597127443,-0.680898189658331,-0.0184346113266259,-0.968266413098554,-0.165471536188941,-0.0824908887916126,1.84412633242443
1170,13762,"s15","m3",-0.0574010895204856,-0.618222547673386,-0.0368192729965124,-0.851420327472699,0.0783602047934152,0.319011956197371,1.21945887301132
1171,13765,"s15","m3",-0.186917035952145,-0.76368660396627,-0.121380640759262,-0.919107148745166,-0.00185042445375824,-0.124633411249592,1.92782204905693
1172,13811,"s15","m3",-0.241132778143658,-0.70945675149347,-0.0396767585666407,-0.918620176540288,-0.48242172665348,-0.0276729961058671,1.4545316110221
1173,13821,"s15","m3",-0.266462788525353,-0.6588394069972,-0.0629869319031878,-0.936382247799464,-0.555080482490689,0.0354637679517392,1.57158071177739
1174,13822,"s15","m3",-0.353664382906281,-0.647250599946932,-0.242763202999038,-0.796523710345195,-0.50549735817294,0.0432152626877641,1.32789799963977
1175,13833,"s15","m3",-0.421360958601667,-0.700778027089251,-0.0961078501962227,-1.00029783356598,-0.5761206042766,0.064116672369001,1.64217515703091
1176,13837,"s15","m3",-0.16591699384409,-0.701172380791763,-0.172306089788392,-0.873518113173302,-0.394488890826262,-0.0791879510107579,1.50036652525192
1177,13842,"s15","m3",-0.246296588702533,-0.720964122549258,-0.209847653209939,-0.914082926454783,-0.617040786879646,-0.280511350833183,1.4383142896498
1178,13850,"s15","m3",-0.25058462684189,-0.721843516686824,-0.170308205463838,-0.875147194756863,-0.583921264501774,-0.127962904840155,1.59076476595267
1179,13862,"s15","m3",-0.286714473654068,-0.684767384538991,-0.167096300722718,-0.887983568487789,-0.2904937224741,-0.151116648609679,1.15526638107178
1180,13867,"s15","m3",-0.249687149644399,-0.839750469720468,-0.215895483964012,-1.0503820965828,-0.582457165663073,-0.238105230930332,2.24258712391139
1181,13872,"s15","m3",-0.0952795649412429,-0.765303129156304,-0.194678455383102,-0.898597832195869,-0.521516326157472,0.121575420954847,1.35108524353345
1182,13886,"s15","m3",-0.300454359491262,-0.687448421115922,-0.00519020720068397,-0.902899145563781,-0.190679502125909,0.0941325881469728,1.50429336905877
1183,13887,"s15","m3",-0.187614089866431,-0.668319712585002,-0.101951356972495,-0.895420355652774,-0.12047562279847,-0.0995006842677231,1.51912021975203
1184,13898,"s15","m3",-0.0402570854818744,-0.701534659283225,-0.0903457233307056,-0.849805239847813,0.0226209824199612,-0.125151983413277,0.846818163220381
1185,13900,"s15","m3",-0.237202021594313,-0.66204791843115,-0.237423073542373,-0.93363006129932,-0.499067937316575,0.182089353074752,1.80056360550324
1186,13903,"s15","m3",-0.346786985883923,-0.737679523688465,-0.393182312806586,-0.946786309027243,-0.990575794488418,0.0529048833317528,1.41577915792723
1187,13904,"s15","m3",-0.0680925988516179,-0.667093802151442,-0.0820358335838808,-0.921765820802728,-0.0628851237335722,0.077349463499448,1.26790667683057
1188,13906,"s15","m3",-0.187729730577889,-0.663401893139808,-0.210949663835592,-0.910869672167035,-0.29463765493151,-0.0719223886127037,1.05433899180968
1189,13960,"s15","m3",-0.230294293459995,-0.768228529351682,-0.170452989945944,-0.945583655197153,-0.144047624779577,-0.11870228510761,1.5350463568983
1190,13986,"s15","m3",-0.119779344485899,-0.653868097594106,-0.0936308868469035,-0.951856244871044,-0.334734596351179,-0.0155401832391338,1.46018599398956
1191,13996,"s15","m3",-0.148976811859589,-0.695772108393866,-0.118395316600611,-0.840342114151121,-0.058113517805709,-0.024397195869979,1.05207863056792
1192,14001,"s15","m3",-0.26680472399241,-0.747737976308436,-0.108377929813357,-0.961920761715763,-0.0860095154063742,0.0966470165846109,2.00816703151738
1193,14012,"s15","m3",-0.224303493436084,-0.661353250580507,-0.164903314216314,-0.851053554159504,-0.362500237671922,0.0776699677014298,1.17850484253274
1194,14048,"s15","m3",-0.211245068025355,-0.68902750294848,-0.082825066141672,-0.958210620310052,-0.485860509000928,-0.133502216959814,1.8833705526778
1195,14049,"s15","m3",-0.196260188279163,-0.780467644824527,-0.171983975900708,-0.845316249775685,-0.325777851144774,-0.0442356654351936,1.22986370565179
1196,14063,"s15","m3",-0.13983900735677,-0.679484895857382,-0.162928912007609,-0.937977243334945,-0.375292088167746,0.11197941917439,1.88592458990393
1197,14069,"s15","m3",-0.225755849464714,-0.772807752549907,-0.109746271187673,-0.841239866982322,-0.195603435150204,-0.0331989451338529,1.56938824134013
1198,14095,"s15","m3",-0.18056942507769,-0.693870618864727,-0.0828904073055549,-0.886940544793643,-0.101853288918735,0.268244566067796,1.65617860414783
1199,14106,"s15","m3",-0.129910159601856,-0.681313195199972,-0.127886475467001,-0.844445919494554,-0.335056748865376,0.0852455247620436,1.23589977161803
1200,14110,"s15","m3",-0.214060238898522,-0.679279571490852,-0.098490859115671,-0.894532505077203,-0.343234184218566,-0.00152549994860087,1.19090409782689
1201,14112,"s15","m3",-0.343743874014473,-0.685337278854114,-0.101510490985705,-0.939936078520134,-0.649955987247886,0.15990491124961,1.69299950186268
1202,14118,"s15","m3",-0.0968258909109884,-0.75429437234649,0.00782174135907224,-0.892119944501512,-0.171802407299487,-0.104267198871203,1.61311709407148
1203,14126,"s15","m3",-0.258860728174576,-0.748196623862779,-0.230747270780251,-0.921174831204128,-0.824475880888659,0.122617037879896,1.97756171883642
1204,14141,"s15","m3",-0.191005118596293,-0.717446805033722,-0.103530036348796,-0.881416993083907,-0.184489303887619,0.0133615164046127,1.62489998560605
1205,14150,"s15","m3",-0.322549059005765,-0.660014258806618,-0.168820883047654,-1.00323294830908,-0.675923135606699,0.237652736878708,1.9505416241532
1206,14154,"s15","m3",-0.22543820658814,-0.666982650785388,-0.134978979844688,-0.870559827585292,-0.640347021352558,-0.12747940574673,1.50709489659795
1207,14179,"s15","m3",-0.121020469170441,-0.724181997369049,-0.0956187565057307,-1.02482121812866,-0.144931896574543,-0.301750042238602,1.48912657937515
1208,14186,"s15","m3",-0.183681836370149,-0.676003270187405,-0.140563216249328,-0.989336365109484,-0.320938103197476,-0.092329041715267,1.38520196680134
1209,14205,"s15","m3",-0.198750540228521,-0.718251913044312,-0.184927804258989,-0.968393061895813,-0.15324474448031,-0.0747382751651644,1.43071952953504
1210,14208,"s15","m3",-0.225978838770089,-0.749036981949681,-0.131750945117497,-1.03722800805621,-0.294415731089118,-0.0423660806743864,2.03953687147851
1211,14212,"s15","m3",-0.194595909740177,-0.712018055406585,-0.0172088629429433,-0.922652655203023,-0.0681074844856162,-0.211970966191664,1.77386585281546
1212,14238,"s15","m3",-0.259312738702552,-0.711518507342007,-0.264022144997199,-0.946837330811223,-0.473428480724504,-0.302917200958576,1.45891128426761
1213,14246,"s15","m3",-0.156301972769722,-0.622388054600868,-0.124798609475496,-0.957010757962519,-0.142429760917644,0.200423617674208,1.25474497567642
1214,14264,"s15","m3",-0.190459683812095,-0.788989897275626,-0.246889651153707,-0.924417682323664,-0.349113542731417,-0.00125087360126609,1.67616729295879
1215,14278,"s15","m3",-0.220072165855809,-0.710841375514077,-0.0354683836905481,-0.986897765595777,-0.0372414440165942,-0.00807034291920615,1.6758527039842
1216,14292,"s15","m3",-0.207694112429372,-0.689245690174716,-0.256437516255663,-0.874276068310622,-0.244357281490477,0.0648046870472569,1.80683562624315
1217,14297,"s15","m3",-0.249511353551496,-0.632975826807366,-0.192412739461799,-0.902532920842575,-0.555118052442263,0.0973611840685732,1.72342546340611
1218,14304,"s15","m3",-0.123112675599317,-0.643868333772126,-0.228253235558003,-0.916869854388477,-0.25501295745567,-0.0439447859492267,1.46262728370109
1219,14307,"s15","m3",-0.193335877975283,-0.731892143897693,-0.15515185984581,-0.931878003305997,-0.254003324966802,0.0163432987610397,2.10811188319814
1220,14325,"s15","m3",-0.35071859455672,-0.734534298897564,-0.129937369271989,-0.978310909091137,-0.503564624171069,-0.146880453496804,1.67312919632995
1221,14326,"s15","m3",-0.139726573485969,-0.701398954932156,-0.156990852694666,-0.994882155052751,-0.172936234214415,-0.121052952780049,2.13928075057854
1222,14351,"s15","m3",-0.190920569403691,-0.70415389957616,-0.179629016685338,-1.0647523780578,-0.12316325102052,-0.108440484508687,2.58310895933501
1223,14352,"s15","m3",-0.116022417343271,-0.633085628217041,-0.112139116365351,-0.895912007317767,-0.161938746575637,-0.106329773788845,1.21428152698242
1224,14362,"s15","m3",-0.0681055676565853,-0.692449200527397,0.0399996026047859,-0.892199094107857,-0.16386114064542,-0.0943471243981299,1.0854988667301
1225,14378,"s15","m3",-0.137991435272091,-0.75313837922177,-0.130500397440693,-0.996540507051321,-0.111065315480597,-0.0660086427199982,1.2973159708218
1226,14382,"s15","m3",-0.232802750416151,-0.833905138432549,-0.0598524936409981,-0.964454514654449,-0.317771942391678,-0.210733558727934,1.41260468051283
1227,14387,"s15","m3",-0.194434040694784,-0.7020568665213,-0.0102342501990731,-1.01359504628713,-0.115929043656003,0.0337477848536321,1.23811744098171
1228,14408,"s15","m3",-0.162957310864907,-0.650146655728125,-0.161263484819299,-0.897399429479529,-0.118037327744316,0.188800878686351,1.55632931297377
1229,14424,"s15","m3",-0.204018133189112,-0.750232421034169,-0.175227899341344,-0.936192863857777,-0.363430453852402,-0.0207852296305104,1.95685508896684
1230,14426,"s15","m3",-0.236850991358701,-0.59069200663653,-0.0931782214076728,-0.892885178937776,-0.353874813816746,0.0761780083166965,1.09249718718771
1231,14456,"s15","m3",-0.186010053511769,-0.565845921761971,-0.135055858831656,-0.913479823294908,-0.515604687430898,0.240267612851959,1.0997351996387
1232,14464,"s15","m3",-0.184831320253912,-0.718169951528546,-0.342982301264319,-0.980541878764079,-0.782956674145945,-0.0484001244638014,1.73889659359517
1233,14488,"s15","m3",-0.325665241907216,-0.648293136461651,-0.121021194396751,-1.03196206673302,-0.332374659233194,-0.0936376342311871,1.68943906177823
1234,14496,"s15","m3",-0.100037153113149,-0.538390695004081,-0.0367641266205433,-0.778195483708541,0.058681865923263,0.269074513471487,0.602664638291521
1235,14509,"s15","m3",-0.198864999242191,-0.719884827568174,-0.103070633235975,-1.00322708363012,-0.251485406177423,-0.0346383951681231,1.91399439708578
1236,14537,"s15","m3",-0.237900980507169,-0.641270633618584,-0.160768840773565,-0.859282462519275,-0.196089258798257,0.0400124279399286,1.41248820022573
1237,14545,"s15","m3",-0.194182564969949,-0.776317164763031,-0.120248648483057,-1.04867241370518,-0.0178487554571163,-0.345218097785086,1.83094837822028
1238,14546,"s15","m3",-0.298315169785305,-0.704808842577492,-0.18633210139224,-0.92734792883148,-0.325086136406781,0.0550351763262568,1.67949089345111
1239,14553,"s15","m3",-0.23719459485596,-0.74049493625236,-0.0882758804413493,-0.927939770930261,-0.415667812617133,0.00986113351627229,1.59566473299426
1240,14563,"s15","m3",-0.186753290390546,-0.666394256605809,-0.0239382144095298,-0.875834252260905,-0.188985337600873,0.109943251953496,1.41408885526746
1241,14594,"s15","m3",-0.222892367644225,-0.65193871647247,-0.054107894880852,-0.870104352121595,-0.388650468983353,0.0174427062065478,1.2829336377031
1242,14605,"s15","m3",-0.154394539767957,-0.675309040616622,-0.231989512364975,-0.837291255345805,-0.145657792514999,0.0688500730098033,0.918122775272652
1243,14636,"s15","m3",-0.26281811805681,-0.821436384545036,-0.100124910820621,-0.987490272403325,-0.242889323907734,-0.193796915023204,1.75362375787013
1244,14638,"s15","m3",-0.160193332521032,-0.773157034094485,-0.0541544613757617,-0.907563820336368,-0.21281029161356,-0.278853975489773,1.10393521356377
1245,14654,"s15","m3",-0.151345705989749,-0.696125632389551,-0.0212457022460049,-0.886638963068705,-0.00310521932285597,-0.0913154333879238,1.4884017952556
1246,14671,"s15","m3",-0.227319188716254,-0.689993463822689,-0.199315316057161,-0.953599880082982,-0.213809123625258,-0.112629145321294,1.66036746442961
1247,14672,"s15","m3",-0.157625883802809,-0.659745554836353,-0.0929655135464066,-0.88814694600499,-0.0546069434789855,-0.0638859742691898,1.74631663648927
1248,14674,"s15","m3",-0.182585359693111,-0.739241251526134,-0.155726789206198,-0.956788487130646,-0.125349881780321,0.142983662009588,1.85202114956617
1249,14686,"s15","m3",-0.280963012598627,-0.761837306168766,-0.193426565672266,-0.955060170049726,-0.862052231367792,-0.233658406691286,1.84563050876517
1250,14706,"s15","m3",-0.198344919881745,-0.750694220661505,-0.0648524134411752,-1.00534031219669,-0.141701211625167,0.0664835522289215,1.72593744060724
1251,14712,"s15","m3",-0.233999828627391,-0.719764376777469,-0.181422157156437,-0.972424564599212,-0.253196566630261,-0.214129731086879,1.88239579607339
1252,14746,"s15","m3",-0.250978960787018,-0.713516777059818,-0.0279497057545096,-1.00693573412024,-0.313575609769081,-0.111819781236269,1.76415522909355
1253,14756,"s15","m3",-0.0636457723507249,-0.608537439606977,0.0116505517673215,-0.911082892400957,-0.176395235653403,0.0952668093048846,1.06596427623115
1254,14760,"s15","m3",-0.279188119455085,-0.677613807924283,-0.0592932078675032,-1.00465387062202,0.0426743469238533,0.023517243091033,2.09753216763475
1255,14777,"s15","m3",-0.349167192052556,-0.587398094595154,-0.108795903097167,-0.933613642611449,-0.361601467509582,-0.0989104528741194,1.3692734657396
1256,14794,"s15","m3",-0.179852064974157,-0.641563432246308,-0.216220858726434,-0.936060860868402,-0.120956848228195,0.024827158875674,1.44032771384153
1257,14825,"s15","m3",-0.236931954054933,-0.812625151333848,-0.16417606799214,-0.95727481198375,-0.264691684445878,0.0536480282461688,1.63825522050463
1258,14828,"s15","m3",-0.192782774862388,-0.735480911001147,-0.106651237258221,-0.86232123388572,-0.245728936418347,-0.259838087359556,1.24679900167344
1259,14840,"s15","m3",-0.064952274141291,-0.718501424670273,-0.177951726826836,-0.867059662096678,-0.0367715353825085,-0.0714638619438498,1.48026031610483
1260,14848,"s15","m3",-0.193846028974038,-0.622958435281783,-0.0569140109830243,-0.88423704707824,-0.0815357678216252,0.276210510948485,1.31834858212488
1261,14864,"s15","m3",-0.190347450262762,-0.746697190462797,-0.120517596548675,-0.883631502957004,-0.43039837832742,-0.060064540063849,1.62809972639443
1262,14867,"s15","m3",-0.201250685014413,-0.701021855982626,-0.144979106555465,-0.878882785571211,-0.628877803728301,-0.088356010901296,1.66835056587812
1263,14868,"s15","m3",-0.13650720484768,-0.708629131525266,-0.165044895354916,-0.963652602309621,-0.430627949681106,0.0969943113002453,1.21048384438051
1264,14885,"s15","m3",-0.224070502031446,-0.65892371208558,-0.092270056540737,-0.92621121890012,-0.126651874570451,0.0287768900988591,1.31107183577078
1265,14886,"s15","m3",-0.201110432313651,-0.691475115413978,-0.170083172165721,-0.806893796800948,-0.539431150428693,0.0477506528752225,1.37961216327111
1266,14894,"s15","m3",-0.225662559014602,-0.669002522083083,-0.136302391147638,-0.933870738460286,-0.202754291808699,-0.0415052285838647,1.52181231295235
1267,14899,"s15","m3",-0.204197860315488,-0.834388051338525,0.0424078605974733,-0.928790383453551,0.0169726460134913,0.0360187849162811,1.44552527410712
1268,14904,"s15","m3",-0.101005383357821,-0.72932045872208,-0.0600318167395674,-0.960082460383794,0.0421817290641285,-0.301068351940595,1.61106933706571
1269,14934,"s15","m3",-0.280815694471968,-0.672587656036808,-0.176016690219032,-0.90493987714312,-0.730100162198259,-0.0961342043286496,1.78839396572781
1270,14937,"s15","m3",-0.112305444590696,-0.631071891011149,-0.0567013603650314,-0.902530647584883,-0.213180986967939,-0.00391712802262694,1.00145295270758
1271,14957,"s15","m3",-0.189910419653065,-0.698939418094614,-0.175498307624729,-0.88421050546287,-0.376340543298858,0.121388688663957,1.70740188390181
1272,14973,"s15","m3",-0.272192312918126,-0.735553290156517,-0.107745777642996,-0.995480351386375,-0.400123361950211,-0.140505567068607,1.6213095513271
1273,14991,"s15","m3",-0.229450904996193,-0.754621283187709,-0.107606916374396,-0.968594235446861,-0.406395792070506,-0.0293380288755117,1.4863026816881
1274,14999,"s15","m3",-0.197148438081816,-0.692227051016993,-0.127544949354699,-0.831146311193095,-0.467690715818091,-0.0470808942674954,0.847893755695815
1275,15013,"s15","m3",-0.164164170266686,-0.675830394605518,0.0453064860271949,-0.989225789328349,-0.019642430023569,0.122930891204669,1.90832709947901
1276,15035,"s15","m3",-0.0822613815568519,-0.700007977880012,-0.000219665346142568,-0.816321476592452,-0.0338710681882145,0.139668503760432,0.786170807447404
1277,15044,"s15","m3",-0.0524507122231187,-0.706168327030878,-0.000321898590705583,-0.971413970719773,0.0902837671973147,-0.0708222439847429,1.72908735310182
1278,15052,"s15","m3",-0.177889417900544,-0.692884192925596,-0.151514245841919,-0.946045875223077,-0.302287359285294,0.0433750851401168,1.80652179280821
1279,15073,"s15","m3",-0.132720182053928,-0.619699949629015,-0.0831403165896828,-0.936999362303841,-0.22490676274519,0.10048300162627,1.36584555349394
1280,15078,"s15","m3",-0.202188430819313,-0.6984348624747,-0.118482511040699,-0.898691662796854,-0.1136299723847,-0.0302177275951722,1.5024929091925
1281,15088,"s15","m3",-0.181218935365973,-0.628193233269732,-0.167465113793231,-0.896319521655022,-0.557845848751664,0.0293988925208681,1.69385360737524
1282,15093,"s15","m3",-0.27037766089776,-0.766545519388388,-0.115780664083704,-0.970735435703853,-0.254224258186165,0.00726790784620485,1.53082860415649
1283,15104,"s15","m3",-0.223092729173348,-0.764439080411499,-0.211483410953051,-1.01827300864804,-0.22790629209954,-0.181379507769849,1.64788818503275
1284,15127,"s15","m3",-0.0916985223624694,-0.755765849999267,-0.166333337417602,-0.86978588122995,0.0469349329309714,0.00818560627191993,1.78943645077794
1285,15143,"s15","m3",-0.167485840999668,-0.709794615759953,-0.105719108602154,-0.878512637049569,-0.355091320918301,-0.0268065620857395,1.68116780842753
1286,15168,"s15","m3",-0.190736277230272,-0.708355032181136,0.0122676851338188,-0.988026743830205,-0.0307953154140213,-0.165243912934514,1.7416867596998
1287,15175,"s15","m3",-0.236430301095564,-0.85559997384775,-0.141252429649913,-0.963381123976656,-0.0668257844294415,-0.217472206320885,1.58137061017032
1288,15176,"s15","m3",-0.281605043448227,-0.638765219740768,-0.119179349475594,-0.879145143338501,-0.140478093826162,0.0948693659218211,1.78707609914518
1289,15191,"s15","m3",-0.168092705643065,-0.674792577130678,-0.0746036542343319,-0.908407571001108,-0.397707420434621,-0.1325962406722,1.11437284666123
1290,15220,"s15","m3",-0.146950005514717,-0.698114374715659,-0.0336851275210815,-0.910728282966638,-0.0847272425633197,-0.0275055955202353,1.50749411609443
1291,15225,"s15","m3",-0.028270154749255,-0.542856920639315,-0.0851225530201259,-0.727263592937235,0.0331448174516693,0.192168023675089,0.685074706047254
1292,15242,"s15","m3",-0.243163080378572,-0.678613151825373,-0.0924323020629446,-0.862636834700546,-0.281358807154088,0.0928430016244832,1.36430393210484
1293,15259,"s15","m3",-0.276434925483706,-0.671901986043338,-0.146732778260645,-0.871728098337787,-0.343312276052132,0.126048333321732,1.42215121908394
1294,15269,"s15","m3",-0.283084997207174,-0.749246253208003,-0.0752855797476884,-0.875122655127711,-0.336751273827235,-0.101854612961258,1.51194645519735
1295,15276,"s15","m3",-0.3175069876048,-0.679369587781104,-0.136888451911905,-0.774508636834261,-0.735609419634984,0.0178447876666188,0.886067820847505
1296,15294,"s15","m3",-0.314258839586729,-0.67800526789077,-0.161940950609392,-0.930975473078627,-0.434414207379258,0.0551363872089248,1.6301583877244
1297,15295,"s15","m3",-0.292136918842154,-0.684382101921085,-0.106510745070581,-0.974053972795328,-0.171546486506066,-0.0790189502772783,1.85047150805193
1298,15312,"s15","m3",-0.29999690892888,-0.769331108910227,-0.16955411399098,-0.932087124267443,-0.786176331176818,-0.229456904895258,1.9375722599629
1299,15317,"s15","m3",-0.184931720363977,-0.58742549000916,0.0301604446543014,-0.910103415332112,-0.0583478069548747,0.0821932343734506,1.33555146546465
1300,15333,"s15","m3",-0.268416463003884,-0.712109385499623,-0.184868928429656,-0.911450452936612,-0.723374805930933,-0.0544587620504349,1.48243820428403
1301,15350,"s15","m3",-0.231444849733847,-0.773257898771884,-0.206527813529504,-0.894998952051034,-0.374248095999191,-0.141569605415067,1.71192268870659
1302,15356,"s15","m3",-0.267808757843896,-0.759019043997575,-0.0736023948449991,-0.891988324866679,-0.593141171305056,-0.066853999511272,1.37749475463506
1303,15364,"s15","m3",-0.230530812492993,-0.670007283525466,-0.107131018759717,-0.799249131936764,-0.447573274005179,0.0760762925561425,1.17300256767927
1304,15369,"s15","m3",-0.1410005469583,-0.737885075876902,-0.129703495254842,-0.880867706057267,-0.16168082899996,-0.144696302467028,1.2684453920392
1305,15376,"s15","m3",-0.338602730162513,-0.833297577217838,-0.179463640682257,-0.978444828363804,-0.568028074455018,-0.285705510925095,1.63165880266657
1306,15377,"s15","m3",-0.267442834174306,-0.800060617921676,-0.10484705355344,-0.86802165909785,-0.587597918472754,0.0671012369959397,1.41308230148021
1307,15405,"s15","m3",-0.285087420643001,-0.72896053180559,-0.135976021976455,-0.926874148888979,-0.61242517368842,0.0366917248985939,1.25019192882977
1308,15419,"s15","m3",-0.260833845585303,-0.782315227708225,-0.168673683861477,-0.929953619998827,-0.324326621831623,0.0780391191863057,1.93161125309674
1309,15424,"s15","m3",-0.24585021433373,-0.741170519933165,-0.216542691855761,-0.907369924815045,-0.61437897139527,-0.0556314518756674,1.44143717110953
1310,15481,"s15","m3",-0.236380071824382,-0.618573176025286,-0.133737205179899,-0.868729034409809,-0.451458145447632,-0.00716994496142259,1.36869540758367
1311,15493,"s15","m3",-0.176406815051561,-0.643618010345439,-0.08499871314821,-0.895290386273987,-0.171238795706085,0.108077022240628,1.44883611269826
1312,15498,"s15","m3",-0.251178933500955,-0.752009107557653,-0.294683731383382,-0.96230606596239,-0.399249070441596,0.0172828707889638,1.87258371405077
1313,15508,"s15","m3",-0.269160627087733,-0.657090143266602,-0.0897068859786317,-0.879608041785074,-0.506644227979047,0.0379368157054982,1.44095626490872
1314,15515,"s15","m3",-0.335455302637713,-0.681382509483022,-0.198671165163689,-0.987994132683995,-0.5684709330093,0.00107669820922716,1.69031587596197
1315,15516,"s15","m3",-0.268632898037926,-0.706716943589145,-0.186058364574302,-0.914296184456379,-0.219921509037126,-0.0563007848254919,1.68321680150077
1316,15529,"s15","m3",-0.160936275735394,-0.763155733566334,-0.0663775601456154,-0.979571747033112,-0.0960665716429835,-0.0929013854356499,1.55876694367323
1317,15548,"s15","m3",-0.138056280368074,-0.697384407450772,-0.182469273348672,-0.912203056028425,-0.234293677143615,-0.108588130488441,1.1781253407497
1318,15564,"s15","m3",-0.227201725957898,-0.754705276280903,-0.187960769388833,-0.965790863696599,-0.451693436195685,-0.00399042950134706,1.63979972790242
1319,15568,"s15","m3",-0.152580374524194,-0.772378353096183,-0.241283787187466,-0.946155387416874,-0.463781926327865,-0.00118885355074847,1.68408613029265
1320,15571,"s15","m3",-0.182094360814758,-0.675124884395564,-0.12946001808184,-0.899125932162085,-0.25164652306104,0.0901176322967874,1.59339318277521
1321,15588,"s15","m3",-0.173844833973496,-0.793559054733735,-0.0559561063715409,-0.897055394731018,-0.0353393769241528,-0.12268058968581,1.82085741763793
1322,15599,"s15","m3",-0.233343471497344,-0.768382662489652,-0.0501916440760748,-0.913613341768363,-0.182996492587661,0.117917979747289,1.81185832733158
1323,15602,"s15","m3",-0.31160350026903,-0.669744013429414,-0.241099076863995,-0.951000258305614,-0.468206045665962,0.0640799547877697,1.97989699870237
1324,15625,"s15","m3",-0.153825538894962,-0.702040844672757,-0.0200963961383223,-1.00564918525795,-0.0927059514999938,-0.192158817748965,1.53276736704339
1325,15628,"s15","m3",-0.0994342765914679,-0.775627510051167,-0.206417563446619,-0.861463297667697,-0.14715798135564,-0.0770994475573429,1.61702969303452
1326,15638,"s15","m3",-0.108723756172039,-0.662766584799786,-0.131519588295744,-0.901232010643197,-0.488545249446442,0.167184796423922,1.19913168433657
1327,15647,"s15","m3",-0.171836707752885,-0.70027287224835,-0.0174419227408165,-0.91827834947337,-0.159543531190934,-0.177508057040701,1.15132222816961
1328,15656,"s15","m3",-0.189219351740914,-0.665196065977862,-0.0109633791882396,-0.888114525924204,-0.152249933764938,0.104796497958855,1.24391972075777
1329,15674,"s15","m3",-0.296410368188,-0.754651835609626,-0.155458450357011,-1.0312999021489,-0.502148556804822,-0.0616098601110666,1.77124780561842
1330,15698,"s15","m3",-0.172822374913324,-0.761901549666008,-0.155623297504944,-0.859784749538571,-0.0443999796897554,0.0211267510179372,1.27850056143382
1331,15711,"s15","m3",-0.170593255708314,-0.675330609185176,-0.0813358276398576,-0.958407286974489,-0.093289602891892,-0.0138520399188109,1.34467101971129
1332,15718,"s15","m3",-0.175859746503442,-0.741743460186888,-0.15678117216684,-0.970128112741698,-0.195303711471367,0.0372584413265655,1.8274476135348
1333,15732,"s15","m3",-0.181895922665011,-0.643388294524728,-0.0672154810882928,-0.781654572795258,-0.808406508516353,-0.278439318014044,0.845986228062348
1334,15745,"s15","m3",-0.192682399150154,-0.6756708184422,-0.134805782012498,-0.88318533424263,-0.5320821583076,-0.0353817714146213,1.29922001209578
1335,15746,"s15","m3",-0.28367771179864,-0.647655093771434,-0.0987723373959107,-0.891040704523588,-0.435160712718202,-0.0446075950418779,1.88407615927205
1336,15762,"s15","m3",-0.154287165177442,-0.690237007891215,-0.177251426806164,-1.01329602282619,-0.390042268398757,-0.062770708838801,1.75558986227854
1337,15774,"s15","m3",-0.182113655063577,-0.739913607983969,-0.114790107003676,-1.03807230277284,-0.259858454729697,-0.281847263158881,2.4303635537762
1338,15787,"s15","m3",-0.126849876383899,-0.606539735575125,-0.0836495194979674,-0.782745072654694,-0.125981757348381,-0.0756281589435333,0.774625906951716
1339,15795,"s15","m3",-0.191443764635074,-0.642755154878653,-0.0480089181893948,-0.946043014950921,-0.136311166846198,-0.139705219956063,1.02377131680094
1340,15796,"s15","m3",-0.207142094100033,-0.671606053395924,-0.107219785800733,-0.932246132676297,-0.436141640212631,0.047036432368237,1.64665619929648
1341,15799,"s15","m3",-0.178847690224733,-0.629936025213889,-0.252548854850475,-0.789015299477113,-0.389674265806744,-0.109964246878446,1.03406439452997
1342,15839,"s15","m3",-0.198548932536623,-0.714291216217242,-0.080150309902874,-0.906813528339402,-0.263922272268541,-0.0306940267478454,1.04729583200837
1343,15858,"s15","m3",-0.150765120434082,-0.6746778454257,-0.145615699662632,-0.993339660976362,-0.431286543097062,0.0305672040593493,1.4771253620288
1344,15859,"s15","m3",-0.166535545476513,-0.678759090311466,-0.0531050401965289,-0.960501959804069,-0.140347567691474,0.00550881665776405,1.97448300687669
1345,15877,"s15","m3",-0.0793391251412996,-0.69584230873068,-0.196296831557856,-0.906810238354656,-0.581507746313892,-0.0816004132985698,1.69985719996922
1346,15878,"s15","m3",-0.203876663495264,-0.77570843171431,-0.103030273478405,-1.04281102979085,-0.343593107207338,-0.216234018194545,2.07116908065301
1347,15885,"s15","m3",-0.146830300074342,-0.702621898002594,0.0179571881332244,-0.917779062849804,0.0300965550884277,-0.05255824766295,1.23003715532945
1348,15886,"s15","m3",-0.219870998879066,-0.720045021041063,-0.178653989326486,-1.02275532128511,-0.46617160235138,-0.0901893294486517,2.21582812027843
1349,15891,"s15","m3",-0.340150534866776,-0.659854519067302,-0.194931262271059,-0.826100716667494,-0.46920033284671,0.0237947308603222,1.50566235218272
1350,15893,"s15","m3",-0.247562943491098,-0.657451487593299,-0.0372346197237159,-0.839340561493877,-0.254245304683623,0.0793102797078392,1.26030649078519
1351,15897,"s15","m3",-0.330249569131816,-0.713679526666504,-0.235352202192322,-0.802647678537739,-0.430295178918882,0.0952244118954268,1.88729137653383
1352,15914,"s15","m3",-0.168198821883362,-0.705214562077612,-0.115810093020481,-0.957267711180874,-0.193667135633367,-0.0523986241887209,1.45075714837594
1353,15915,"s15","m3",-0.101176382773289,-0.653125053542097,-0.136344798901558,-0.918952937644167,-0.113595965482798,0.0718937516415527,1.24369348364919
1354,15925,"s15","m3",-0.184532516819615,-0.650857583506023,-0.0677237060291671,-0.884440608409046,0.0620328406480697,-0.00771442293290103,1.33249027302928
1355,15960,"s15","m3",-0.238604561900298,-0.734694698532995,-0.16132342874277,-1.02486884557353,-0.282462846996471,0.0170496375815683,1.75621170581416
1356,15964,"s15","m3",-0.17413904886772,-0.745220626196282,-0.0676704428504397,-0.951901491607307,-0.35470866406324,0.0399638302554959,1.96377031312511
1357,15969,"s15","m3",-0.185071870500781,-0.636514339874868,-0.13453016071213,-0.924654196824767,-0.341994011670205,0.109135897160825,1.08052277172603
1358,15970,"s15","m3",-0.118900121088038,-0.60673569944731,-0.0485736430674178,-0.883673788274295,-0.275100310510045,-0.0806805877583332,1.05720862648147
1359,15985,"s15","m3",-0.21886018441009,-0.677325469941016,-0.165275668031432,-0.940021768726576,-0.439254549589192,-0.107041548595547,1.50731763787873
1360,15992,"s15","m3",-0.298112500231328,-0.725166220327779,-0.152205720327211,-1.02961248358953,-0.252534163221056,-0.0841334899871174,1.91653715553161
1361,15996,"s15","m3",-0.16554290291045,-0.733439275006682,0.0232671547981588,-0.8810572479132,-0.053580890219493,-0.185184542790105,1.65731468117603
1362,16027,"s15","m3",-0.171766905266344,-0.660934098416077,-0.0554561099416477,-0.786357250503987,-0.789068538757546,-0.27867851844266,0.93976540410697
1363,16032,"s15","m3",-0.208177939919146,-0.653511256362926,-0.0409461182023412,-0.846150835413064,-0.403974050440516,0.0294377382585934,0.856205785719127
1364,16039,"s15","m3",-0.136627611219922,-0.648003368335913,-0.123494048682741,-0.881302200478715,-0.237700649064619,0.0996568449965683,1.55939601125353
1365,16040,"s15","m3",-0.276878649830031,-0.813039573553876,-0.223000508975446,-0.961866830189281,-0.443984341081325,-0.219848478268742,2.09957514322478
1366,16054,"s15","m3",-0.236519022647285,-0.718332711558793,-0.0648702037009606,-0.931034085441727,-0.510681424175134,-0.198925743873746,1.98838741983608
1367,16058,"s15","m3",-0.285909431233621,-0.686119835729087,-0.236440369001916,-0.897023641950932,-0.403595681617472,0.146728746470582,1.68681332697285
1368,16092,"s15","m3",-0.17056254907439,-0.687603555145246,-0.0847226220589256,-0.872088619944276,-0.384643457268428,-0.0374136823426345,0.878847255728549
1369,16095,"s15","m3",-0.318901380393887,-0.736545448908655,-0.119179937428691,-0.902571078833758,-0.376434902936748,-0.0992670061374278,1.67406528907694
1370,16099,"s15","m3",-0.248390666740193,-0.721795775386512,-0.21284057768573,-0.955475150783843,-0.415790999882104,-0.142414131135272,1.7351604220959
1371,16112,"s15","m3",-0.196377635730239,-0.75034970075884,-0.110522896543026,-0.894064119818241,-0.265716080065264,0.0735810501127348,1.52974625190502
1372,16113,"s15","m3",-0.292653497219041,-0.633948459327544,-0.212248789977922,-0.903576529956227,-0.401225031148518,-0.00441241688388126,1.67991296018449
1373,16114,"s15","m3",-0.166466487494987,-0.647075877365227,-0.0928448613938447,-0.953517900447831,-0.211871088931845,0.0850734673212216,1.46434368993084
1374,16141,"s15","m3",-0.168274664298509,-0.786788230874058,-0.0849765103457532,-0.983279128501172,-0.437570606873964,-0.225929130236707,1.65248911103945
1375,16143,"s15","m3",-0.309446240584166,-0.679117001273461,-0.110729851624904,-0.969605831287726,-0.463061687596425,0.0947392292227807,2.4427034013203
1376,16157,"s15","m3",-0.257840779616745,-0.623966501882586,-0.177629464276713,-0.96844471007659,-0.328586035744197,0.0700411448269616,1.20205437910059
1377,16168,"s15","m3",-0.308219955113296,-0.704787424922948,-0.0851772003120016,-0.979019422739015,-0.322851278860192,0.036496064402955,1.92189621309371
1378,16171,"s15","m3",-0.210133092134192,-0.623111315990933,-0.0792264046465107,-0.890238199362546,-0.0273587121634823,0.0447059445921975,1.22317556682331
1379,16208,"s15","m3",-0.169237395723389,-0.697031034096985,-0.149884382731186,-0.988113369104393,-0.361516447709802,-0.0746574816710448,1.40762747094248
1380,16219,"s15","m3",-0.274014809544112,-0.731848658203746,-0.132832434829691,-1.02874121419351,-0.590850482919538,0.0417797241874356,1.86914431831628
1381,16221,"s15","m3",-0.156162173527771,-0.780807045956783,-0.00416870164979138,-0.951998768038512,-0.0551931924920215,-0.192680383038825,1.2559703652804
1382,16237,"s15","m3",-0.149842194296544,-0.681912638017323,-0.151525752022211,-0.875608242280263,-0.449127843374477,0.0577706992133612,1.37312045492429
1383,16240,"s15","m3",-0.150452097391688,-0.799430509293784,-0.156084497383644,-0.958749507070881,-0.132512207376459,-0.159111863000557,2.05945747753437
1384,16263,"s15","m3",-0.151350195769506,-0.915840765081997,-0.114255344441084,-1.02307452177501,-0.120702669183172,-0.24072665861871,1.92002629987183
1385,16266,"s15","m3",-0.23476453979368,-0.688671440828847,-0.214540984403507,-0.953850919187123,-0.194576113953532,-0.224144769631313,2.01595470826659
1386,16274,"s15","m3",-0.227273710986272,-0.693924792722505,-0.0427838811822493,-0.875209287801091,-0.331124379077974,-0.087340209460984,1.06968967619318
1387,16282,"s15","m3",-0.317696736391992,-0.791477771594338,-0.231819385330726,-1.0251488124381,-0.565719805170405,-0.133311427886873,2.50253459370787
1388,16289,"s15","m3",-0.302997816099371,-0.836048534565074,-0.261005951237168,-0.910268073425216,-0.586255645125532,-0.290071441917561,1.74107143034109
1389,16310,"s15","m3",-0.132341535870215,-0.758607406275997,-0.113426326642454,-0.962388323776751,-0.0494020007156704,-0.0929564778305981,1.4514489301496
1390,16330,"s15","m3",-0.201469292452121,-0.703829770890334,-0.121737979515994,-0.925425809617843,-0.541188517270574,-0.0627833560165608,1.32332425011313
1391,16346,"s15","m3",-0.21718621151885,-0.72259812755802,-0.26485709275147,-0.984277820186182,-0.786232833228684,-0.0770372175178496,1.44656404180572
1392,16378,"s15","m3",-0.191960895986051,-0.757746863121987,-0.0900239352117547,-0.997217274243796,-0.196424304128184,-0.162657119227094,1.83367545479892
1393,16380,"s15","m3",-0.11475201315294,-0.854312788405533,-0.115825701150776,-0.976154571370598,-0.118189113470747,0.0298446613041412,1.98744886453627
1394,16381,"s15","m3",-0.137673302648787,-0.665053440459149,-0.0545760044768317,-0.95060943625823,-0.164669593572002,-0.082678085624602,1.01192426566964
1395,16394,"s15","m3",-0.147179959502959,-0.672802204584115,-0.138481839550478,-0.87071915015919,-0.372655314746773,0.217888758606162,1.75819564632207
1396,16432,"s15","m3",-0.119219420964977,-0.790769454936162,-0.166368672943233,-1.00478386114096,-0.370950658196207,-0.145974171518375,1.72554645848337
1397,16444,"s15","m3",-0.165549020691916,-0.705345553047751,-0.0619332107521231,-0.896023454240391,-0.474668434209009,0.024805012134866,1.18247338489553
1398,16451,"s15","m3",-0.199655745878665,-0.663946586766723,-0.245739718822893,-0.898443324344295,-0.191566319361029,0.174207898494241,1.69784945210186
1399,16465,"s15","m3",-0.121645106509142,-0.67308987302271,-0.0727902204141533,-0.730429240095974,-0.0348162768330148,0.0950324511430233,1.11333802713154
1400,16474,"s15","m3",-0.280685535358667,-0.758216818917546,-0.199983401401005,-0.919780909066793,-0.420994059339037,-0.100851123300109,1.32899726705171
1401,16483,"s15","m3",-0.123291836713458,-0.667102324837034,-0.0794010659504496,-0.905450756876841,-0.283336122678304,0.124108413740011,1.61137377119586
1402,16488,"s15","m3",-0.213346153751104,-0.643025946132847,-0.0511207440508213,-0.949986602093152,-0.337996794812116,0.135102897304919,1.78866909292152
1403,16494,"s15","m3",-0.101732326490785,-0.611900488208811,0.0137026327217061,-0.914440536339841,-0.0205771913177283,-0.0296563876167162,1.0776965699375
1404,16520,"s15","m3",-0.194858897042388,-0.784641372436411,-0.172344778602968,-1.02131596261385,-0.591180186856591,0.146781312633626,1.8633227290934
1405,16526,"s15","m3",-0.177780590791307,-0.607226550524423,0.0132385757035316,-0.832307463693359,-0.161754935792764,-0.0485947636053627,1.10771076496926
1406,16531,"s15","m3",-0.267828048637221,-0.812446564544108,-0.13708606143182,-0.843689464012755,-0.517595959618244,-0.0933326942287468,1.06538408905043
1407,16537,"s15","m3",-0.166238280257994,-0.736958828741304,-0.0836923568317479,-1.00105778363645,-0.207103941076601,-0.124305656125896,1.52700580930008
1408,16564,"s15","m3",-0.30622906343082,-0.676245111619767,-0.108168595027766,-0.936707190694673,-0.72290732427896,0.0723912970407884,1.7760451671564
1409,16568,"s15","m3",-0.198914607756123,-0.7326622939832,-0.185993968751459,-0.908025835622236,-0.193392789591634,-0.223330813758657,1.6040320349692
1410,16573,"s15","m3",-0.363499859569492,-0.76666926706935,-0.113762204914402,-0.906481521375652,-0.536344077433349,-0.00125458422042533,1.8719966797573
1411,16591,"s15","m3",-0.222036369763347,-0.702761399898998,-0.0187428968769227,-0.879600102910004,-0.0943736578981594,-0.124964581369558,1.47521287969326
1412,16617,"s15","m3",-0.217864131260182,-0.709593419308353,-0.162384668207913,-1.0141605160498,-0.331888746742335,0.0784519622977314,2.31230703935019
1413,16635,"s15","m3",-0.15960085908998,-0.541629371384084,-0.0127259806529432,-0.87825827487636,-0.168564785038496,0.0448110755385709,0.964115975460012
1414,16637,"s15","m3",-0.218953395077423,-0.790749303164149,-0.0322069248738265,-0.873817022497329,-0.263339851298753,-0.0134400413314483,1.70383238150847
1415,16650,"s15","m3",-0.196961910169739,-0.667195024449669,-0.00284944843629478,-0.84344409788536,-0.0401472863701377,0.0153876149074571,1.06795812712921
1416,16653,"s15","m3",-0.239754597972139,-0.691620622097175,-0.206511183988532,-0.953413646946872,-0.193355983821314,-0.338772326399995,1.32515612650668
1417,16659,"s15","m3",-0.132421872215307,-0.569983719195462,0.0154714645996063,-0.835729695834676,-0.0842379336943915,0.146784365842033,0.613021934936029
1418,16670,"s15","m3",-0.246481309344126,-0.677468277727745,-0.146409335119028,-0.805642030068928,-0.769291413579833,-0.0970642071908484,1.21164158668681
1419,16675,"s15","m3",-0.36815376527472,-0.678788609017444,-0.0944218316852722,-0.817414246089818,-0.451113276037848,-0.0948499658789988,1.12850560493696
1420,16686,"s15","m3",-0.101121463592699,-0.696323291070647,-0.133289056961666,-0.859647323686137,-0.341831085650446,-0.0616636704508335,1.26119791644019
1421,16698,"s15","m3",-0.24035668407737,-0.665423646335202,-0.0923360244021512,-0.925924189324795,-0.212343090781333,-0.0783978550993796,1.35266982887388
1422,16708,"s15","m3",-0.242647165574251,-0.742108743935785,-0.197213512530588,-0.87278790796202,-0.62590830096097,-0.179597034165591,1.52188814226039
1423,16738,"s15","m3",-0.266063013069352,-0.701557928865557,-0.250437640176384,-0.980266598990979,-0.596711312460044,-0.18982974928992,1.60328676881565
1424,16767,"s15","m3",-0.115798586166395,-0.638543912186758,-0.0801062170029604,-0.831900230705892,-0.0785401458825324,0.157901690529317,1.22274302728221
1425,16771,"s15","m3",-0.249842037338339,-0.613228562934288,-0.141051143953456,-0.844046653679744,-0.627302925133248,-0.0236696007966591,1.10956993322101
1426,16790,"s15","m3",-0.0858257445085132,-0.710055722005898,0.0190158908785527,-0.815682500473173,0.130046100460985,0.016327086122682,1.19205247123523
1427,16794,"s15","m3",-0.231727478390833,-0.689875845430742,-0.18487753301794,-0.896321122696314,-0.30585189743797,-0.0220018779923191,1.53324022955821
1428,16800,"s15","m3",-0.30299869703894,-0.73603272326282,-0.205034075079185,-0.965516880929602,-0.454667713631584,-0.218970892058592,1.6413361308884
1429,16802,"s15","m3",-0.264335308917548,-0.783097069289316,-0.167165147505444,-0.964508712358584,-0.661559700507606,-0.129672387112686,2.35454139332045
1430,16833,"s15","m3",-0.28481600126678,-0.676447035385665,-0.164632471689251,-0.964135521099983,-0.268870918455844,0.109101488769419,1.5567067967792
1431,16839,"s15","m3",-0.261256864159564,-0.730460910421156,-0.071345455459453,-0.815794549450533,-0.203304085669486,-0.0470285082931383,1.5657631976913
1432,16850,"s15","m3",-0.225081155826923,-0.696097243946274,-0.0809088215064927,-0.855656696832709,-0.336679772877364,-0.0267618772951842,1.13042743674215
1433,16856,"s15","m3",-0.322688118398056,-0.73385004739156,-0.175514558986988,-0.879245455263601,-0.431198888702349,0.127277439090831,1.29506902988757
1434,16869,"s15","m3",-0.231924620491767,-0.639563436537051,-0.0544490894751712,-0.79407919763633,-0.480058917972813,-0.0555388035948906,1.07499486771312
1435,16877,"s15","m3",-0.230751483691974,-0.720511551343733,-0.117979805576703,-0.995916265433614,-0.44695379407544,-0.190421070781436,1.64022714826775
1436,16889,"s15","m3",-0.26584619271916,-0.717288049517,-0.149469088964507,-0.930686222786456,-0.592304350107755,-0.15203052626367,1.22886921615263
1437,16901,"s15","m3",-0.297613084672083,-0.583934151176129,-0.0463967272604103,-0.905960557170161,-0.227303321052529,0.121419963739872,1.58976702925507
1438,16912,"s15","m3",-0.0956899932994057,-0.6862813545194,-0.0835581663434292,-0.854146311106294,-0.0740353406686581,0.0493488680239378,1.42532868673918
1439,16937,"s15","m3",-0.194638145110078,-0.761334228263832,-0.0478490280877424,-0.985363789604846,-0.188868777961546,-0.165523604023094,1.82667159925113
1440,16938,"s15","m3",-0.212762579980677,-0.56318242411501,-0.0788752242984693,-0.858915123045197,-0.338434792807054,-0.0228166613486548,0.871709042634719
1441,16939,"s15","m3",-0.224831818519083,-0.74755815428687,-0.0137719846004055,-0.942425116329108,-0.370628361800702,-0.187366864187036,1.57883721615322
1442,16946,"s15","m3",-0.225005929595208,-0.658703760121377,-0.131904367953703,-0.926635309350174,-0.329355478724766,-0.0337141633635678,2.17280774380977
1443,16971,"s15","m3",-0.27643073455186,-0.601975547439632,-0.13446193021606,-0.771149846468698,-0.737825530733596,0.0735139745430504,0.748693345536
1444,16977,"s15","m3",-0.346048865289711,-0.808534069250901,-0.285027511159079,-1.03519434900044,-0.429071711617418,-0.0874070215022759,1.8491290859439
1445,16995,"s15","m3",-0.157608964035328,-0.704502534808296,-0.169006042886532,-0.857283479397671,-0.561475629134406,0.13999834653493,1.13090959209902
1446,16998,"s15","m3",-0.273656471882916,-0.729085651161514,-0.144591026757272,-0.92516808360603,-0.22538007286792,-0.00572711324992565,1.94095006717964
1447,17002,"s15","m3",-0.222169103037293,-0.726664182155765,-0.142185242132144,-1.00331923068664,-0.102373523122692,-0.108412444558519,2.02475594615973
1448,17010,"s15","m3",-0.280393636748205,-0.678264453346311,-0.0947491187388168,-0.949915093055722,-0.0711759889280363,-0.110637353478386,1.80186409158625
1449,17031,"s15","m3",-0.256537665251347,-0.796058941169888,-0.22925052185098,-0.982793290023302,-0.684123166862511,0.0405441803517315,2.23161496544736
1450,17036,"s15","m3",-0.134412061130211,-0.693014186233186,-0.0655238002607416,-0.869414688219574,-0.212901450780026,0.0773354392385581,1.8638322735945
1451,17042,"s15","m3",-0.24900353530424,-0.572934786666045,-0.0623614842268272,-0.818449357787933,-0.396824463874917,0.127516310887967,0.760487705040949
1452,17063,"s15","m3",-0.281855810955268,-0.627982941021241,-0.198824419518499,-0.910368665896906,-0.210119527550114,0.139908227147558,1.24798937094262
1453,17065,"s15","m3",-0.189117121590587,-0.66655513210128,-0.156076918275189,-0.9730979848406,-0.225962252208329,-0.0777703094265701,1.4043123930413
1454,17076,"s15","m3",-0.168566923789285,-0.632225887873715,-0.139366050608788,-0.855788974512855,-0.290876805673441,0.171831373311268,1.29941820238867
1455,17097,"s15","m3",-0.191563686496257,-0.660142584942109,-0.121115446906766,-0.887816802331968,-0.212697804033303,0.135179188967546,1.25212810538931
1456,17099,"s15","m3",-0.142084328416414,-0.573203501026832,-0.0983483825236936,-0.762571971205771,-0.401238522711692,0.17202758205858,0.44471987290213
1457,17112,"s15","m3",-0.318641487127669,-0.67056783153791,-0.203279848909039,-0.860801110490276,-0.4456924802735,0.125069336817121,1.42016569998651
1458,17117,"s15","m3",-0.0864118196061429,-0.718114954236336,-0.0101085532603039,-0.889100951851685,-0.190340789869715,-0.0121392627441643,0.742969076732417
1459,17118,"s15","m3",-0.128191519056522,-0.649038538242259,-0.105465705593774,-0.883511123843534,-0.204853121235962,0.0341971121182511,1.52409828491299
1460,17125,"s15","m3",-0.101228815258032,-0.677423101415087,-0.220757441563567,-0.873613651287979,-0.0307863315715362,0.117640634690175,1.63569410674114
1461,17137,"s15","m3",-0.154324802652515,-0.690006495858634,-0.0235684505847042,-0.975067417428716,-0.203600170647475,-0.178859842940742,1.38168425802286
1462,17171,"s15","m3",-0.212809906801894,-0.664570070303892,-0.170505158947221,-0.945838781945212,-0.244721620570465,0.0347075406671482,1.668399542518
1463,17176,"s15","m3",-0.260019751217697,-0.662227109740388,-0.13983735000404,-0.855402881391906,-0.274710487091467,0.0668479839563195,1.77157008048526
1464,17191,"s15","m3",-0.0628977443055325,-0.642639572459494,-0.0702736667862542,-0.924654417962789,-0.100135517681849,0.095208915201614,1.34384273120105
1465,17206,"s15","m3",-0.15634948826939,-0.749270462386411,-0.110922918197429,-1.02345504523947,-0.443304907874136,-0.0611686271361214,2.21355205899781
1466,17239,"s15","m3",-0.334639420180593,-0.703958658494664,-0.22514144613826,-0.99480477995379,-0.363106580279008,-0.0375660803590828,1.76309499283473
1467,17273,"s15","m3",-0.241957640467896,-0.710372519219859,-0.143327206693621,-0.875442191465998,-0.33152997144302,-0.0621686719579266,1.25074565902098
1468,17281,"s15","m3",-0.243556395706918,-0.738398247941802,-0.207868882291351,-0.893672320199621,-0.234318957279882,-0.0910502562435846,1.64739921449264
1469,17297,"s15","m3",-0.118880430992305,-0.640678174009387,-0.101792563482658,-0.83561390116283,-0.0634062601724084,0.0661273046093185,1.23915868423384
1470,17300,"s15","m3",-0.197409780806054,-0.62903883112098,-0.0847898476912969,-0.855215177888814,-0.0288289207483576,0.0927662966722634,1.15632266157926
1471,17305,"s15","m3",-0.0829555409159386,-0.529876012070781,-0.0987863444546094,-0.87133142190279,-0.0979441937411258,0.0930875902925009,0.605051958882615
1472,17312,"s15","m3",-0.257526974293226,-0.740136907056731,-0.175089563268673,-1.02981190027127,-0.320956762232815,-0.123644964475959,1.993486794253
1473,17313,"s15","m3",-0.173627370556906,-0.752515409759628,-0.143519064909797,-0.904219120291217,-0.414055853929966,-0.201276110280051,1.3583068425306
1474,17331,"s15","m3",-0.266112000638757,-0.671413221045881,-0.268243119608361,-1.09790969224597,-0.427467778280037,-0.0866988020177656,2.2396062680434
1475,17359,"s15","m3",-0.347026480198466,-0.863306559630964,-0.208145951687686,-0.925920912129738,-0.542891064682364,-0.29493428970905,2.21578327547694
1476,17362,"s15","m3",-0.177744585733117,-0.588219653804365,-0.247160455114005,-0.904316602348819,-0.374272498936128,0.132800303035785,0.930432735494651
1477,17365,"s15","m3",-0.203633453274603,-0.646654558846698,-0.127320658450646,-0.957339863158165,-0.243010818349438,-0.183845106695256,1.82990882773678
1478,17385,"s15","m3",-0.208563911415958,-0.597308545542158,-0.218929125776545,-0.923335297717559,-0.658767592534062,0.0940112040635598,1.69951189547985
1479,17388,"s15","m3",-0.196420717726523,-0.60783666454809,-0.0341624718107061,-0.986188677894915,-0.253365404569265,-0.152158709368997,0.925046222773234
1480,17403,"s15","m3",-0.218722034628434,-0.703759231109309,-0.222701802493906,-0.921513605412842,-0.387954426752573,-0.145185512184041,1.43189827580286
1481,17410,"s15","m3",-0.357507983292151,-0.814882003935126,-0.318861146022502,-1.03792033281897,-0.677132160468917,-0.271921623272506,2.08267707698465
1482,17424,"s15","m3",-0.274177576527025,-0.772399543082512,-0.196966796395111,-1.0142491890353,-0.535876936438635,-0.559343909049947,1.91974186981494
1483,17426,"s15","m3",-0.272057618826341,-0.699739796732644,-0.197080361699476,-0.8755812449656,-0.612404731649937,-0.181695624147247,1.60768596013173
1484,17449,"s15","m3",-0.138345421581416,-0.596442904237262,-0.0589807526683977,-0.816991989976436,-0.0998804286138065,0.102478683343061,0.833594671200123
1485,17465,"s15","m3",-0.13474785629813,-0.705651971228759,-0.0942395562726432,-0.877314093820588,-0.320073662399897,-0.0766098224706273,1.52480872180345
1486,17474,"s15","m3",-0.20614145338404,-0.732571651982199,-0.171163683653291,-0.865444740852129,-0.435543183839903,-0.0420595196935034,1.73980829812335
1487,17506,"s15","m3",-0.263990052989281,-0.690852830057883,-0.151823139233631,-1.07818776226696,-0.610927493984995,-0.189725619705336,1.78314677939157
1488,17507,"s15","m3",-0.280847004441634,-0.70379801893465,-0.195404030544239,-0.858639127996383,-0.241227113521636,-0.0895101716816578,1.51984344899181
1489,17509,"s15","m3",-0.149232318872009,-0.625110999955686,-0.136798191250249,-0.876176885826789,-0.134594080202358,0.125739320380014,1.03643687136551
1490,17526,"s15","m3",-0.209752615696904,-0.652763166745856,-0.211862581526518,-0.939023583047174,-0.537598313877944,-0.0287396268462515,1.72229414557647
1491,17537,"s15","m3",-0.270924596902715,-0.695492033941647,-0.180697775941353,-0.970780557653798,-0.383384049458376,-0.154051769232771,1.8150488171469
1492,17544,"s15","m3",-0.0757650472624098,-0.696969682427625,-0.0981391956543504,-0.77249280885847,-0.132574827007733,0.0858978330234074,0.778957778078235
1493,17561,"s15","m3",-0.136625842477813,-0.713068995120984,-0.0634041234377178,-0.957745105939944,-0.0973592266083411,-0.0620546879556573,1.48327445352744
1494,17583,"s15","m3",-0.141259681867426,-0.685478550892315,-0.114682119417984,-0.941614807983823,-0.242558804562437,-0.195315215867252,1.57840530934259
1495,17595,"s15","m3",-0.212669198581937,-0.666230173900477,-0.0659220732875902,-0.936932690028958,-0.519653555755646,0.0761971656093522,1.67242979753835
1496,17615,"s15","m3",-0.228195558484431,-0.763272620067775,-0.361728489338884,-0.952530609664244,-0.323505863679431,-0.102824765607284,1.78057952824754
1497,17624,"s15","m3",-0.153323920444636,-0.708794744335937,-0.107897172522489,-0.900987205281495,-0.111494311383026,-0.146637622654481,1.48999586407215
1498,17636,"s15","m3",-0.0869778732271382,-0.556234892741885,-0.0754387154711867,-0.79692508326593,-0.0131704723876946,0.182828857994446,0.586000206022984
1499,17655,"s15","m3",-0.258211268977957,-0.679255525559162,-0.165746248724967,-0.851539419122296,-0.315582763021966,0.0440013394205374,1.53179675818741
1500,17673,"s15","m3",-0.28608632222841,-0.657969694058759,-0.0730724304696571,-0.932901693275967,-0.400334130048706,-0.0183455989259388,1.56003185521586
1501,17702,"s15","m3",-0.311141865248372,-0.641003198762104,-0.0435990425615575,-0.920176546086575,-0.351010239298095,0.00308142282664839,1.69166569473329
1502,17705,"s15","m3",-0.167916710297922,-0.570200033674772,-0.0608169490431318,-0.831409657522725,-0.266735676379297,0.135224813582465,0.6957731783989
1503,17707,"s15","m3",-0.208035101554133,-0.646207095553122,-0.129520520264952,-0.85268286750597,-0.17648486239543,0.113120076496617,1.58278385194024
1504,17711,"s15","m3",-0.233095118357122,-0.625181316976758,-0.145357282023055,-0.849390636307668,-0.538840258133159,0.02840736607269,1.43058809239148
1505,17717,"s15","m3",-0.233081409772705,-0.762805079862305,-0.0835394050942412,-0.886595681112148,-0.3943104265024,-0.236427108484569,1.0389561924268
1506,17739,"s15","m3",-0.175178141227404,-0.694953753759089,-0.012391902807227,-1.08685447024286,-0.0686772066587874,0.000377819630283997,2.10791867637351
1507,17744,"s15","m3",-0.184240640001644,-0.688661399349297,-0.198554191777161,-0.970335163508682,-0.198525235325772,-0.0885885639925901,1.83422407138335
1508,17772,"s15","m3",-0.332446938982665,-0.697983816592022,-0.133811932821234,-0.926406264187009,-0.539019412695514,-0.0874336675356068,1.53601584906338
1509,17780,"s15","m3",-0.285221974673212,-0.65740910252745,-0.149365189876833,-0.88430038891104,-0.251077252264371,0.0138184432482654,1.44912120587863
1510,17798,"s15","m3",-0.197908530826921,-0.753297684321365,-0.211042361283072,-0.948456872563928,-0.358969976934035,-0.214543635292965,1.64178403844084
1511,17830,"s15","m3",-0.143559877463351,-0.705698507435039,-0.110245240421872,-0.848491512318481,-0.173245820460768,-0.0670579576541361,0.774714819339193
1512,17832,"s15","m3",-0.205348840823388,-0.738567114296565,0.00745742234492444,-0.906769787239659,-0.14258242751742,-0.106208550179914,1.54848369270392
1513,17835,"s15","m3",-0.300920410213868,-0.774647865598131,-0.0269176926744584,-0.976935993873097,-0.405667580081741,-0.20381934876781,2.04951855317474
1514,17841,"s15","m3",-0.251057454560275,-0.785405755777917,-0.11238207444122,-0.911510181622371,-0.276364675372312,-0.0427174270224361,1.78082835907081
1515,17849,"s15","m3",-0.257060753877768,-0.736142051040416,-0.211833963943326,-0.891923427061823,-0.44879785016815,-0.19184287260284,1.85106081839453
1516,17880,"s15","m3",-0.240235519142279,-0.807947611552257,-0.186147892039715,-0.972362980259432,-0.465384708503744,-0.109689072272746,1.930330171046
1517,17890,"s15","m3",-0.365118551031517,-0.7392464777985,-0.243116569716956,-0.957720529543291,-1.0060952171016,0.187233090419393,1.78078151464943
1518,17896,"s15","m3",-0.275203785453947,-0.729473305783086,-0.158890667819909,-0.832977692624686,-0.270422390222835,-0.141361074581196,1.48086725221075
1519,17903,"s15","m3",-0.232769174525676,-0.741813908923693,-0.0803757736566334,-0.915591140295172,-0.171227046149696,0.17387229217899,1.93990054622173
1520,17907,"s15","m3",-0.180260677822159,-0.819437265915108,-0.0633857312684323,-1.104134722875,-0.259331285944581,-0.0614751818987558,2.41299315219128
1521,17959,"s15","m3",-0.0933310432983193,-0.651897145822876,-0.0552780764871859,-0.807807777571445,-0.283269967906823,0.047023917784732,1.10216263660951
1522,17963,"s15","m3",-0.293449084845253,-0.791490791858368,-0.0876027874500143,-1.06597678530376,-0.504597124691268,-0.14825079320833,1.8090799528683
1523,17994,"s15","m3",-0.175405232331333,-0.722864219226702,-0.0809769940609231,-0.858983234516158,-0.0528661824788912,0.0600167769837874,1.5922741114037
1524,18008,"s15","m3",-0.173908041388406,-0.682747534646783,-0.263647719076361,-0.943295435283707,-0.116670420817816,-0.0973492492231906,1.65570255125638
1525,18016,"s15","m3",-0.255726131010399,-0.70166349993162,-0.272180903174363,-1.04477187497465,-0.563837175502881,0.00921228721783517,1.67267020489911
1526,18019,"s15","m3",-0.189198682952233,-0.804023452029799,-0.07911011646989,-0.95985784202558,-0.357085027493871,-0.0616128508701486,1.19940536960566
1527,18031,"s15","m3",-0.197656304576868,-0.701185236751282,-0.158460432544517,-1.02218427618191,-0.294349303281521,-0.158705393201174,1.65766134005859
1528,18034,"s15","m3",-0.254170249838919,-0.70891755378088,-0.208898394568089,-0.859711435289802,-0.26274580333989,-0.0998639800912378,1.06570915319201
1529,18057,"s15","m3",-0.110577714436513,-0.686534873262932,-0.183114406060955,-0.842134167956665,-0.142499824705506,-0.0515264614810474,1.03228639800216
1530,18060,"s15","m3",-0.158926964497904,-0.619222266848589,-0.105153621023139,-0.90436214691629,-0.195184737203486,-0.0475578617462133,0.824131720810275
1531,18086,"s15","m3",-0.186121334099764,-0.702449964105647,-0.158203874518713,-0.819203074349309,-0.61730793521324,-0.0106079528291394,1.50724037720578
1532,18087,"s15","m3",-0.17388352903385,-0.69935624255648,-0.039195603933274,-0.889718804178673,-0.0241812069566166,0.129145918814955,1.4312448512294
1533,18090,"s15","m3",-0.154002773685595,-0.799203752616505,-0.171310129397018,-0.952193486521203,-0.112987510218236,-0.187239259985557,1.72558936141177
1534,18095,"s15","m3",-0.198729182714314,-0.651151426997079,-0.0069572273802703,-0.785980160170625,-0.275484982980958,-0.0395306069294436,0.827576108736918
1535,18097,"s15","m3",-0.223880049042703,-0.633102537507837,-0.138611925718754,-0.816183121021826,-0.353468279344413,0.185579820804082,1.06589421122811
1536,18100,"s15","m3",-0.249768347456566,-0.761071572071082,-0.108749340168843,-0.908323531102919,-0.266662747756398,0.0330621291951497,1.15558859899822
1537,18108,"s15","m3",-0.24407881980662,-0.720786550547389,-0.20449797607878,-0.86473479183135,-0.340101772168864,0.0307691423078576,1.59358498214784
1538,18135,"s15","m3",-0.0701925007829973,-0.83169185867694,-0.0738971619830018,-0.951624286838053,-0.116511014664952,-0.101589002431979,1.8130407328718
1539,18136,"s15","m3",-0.213357510764324,-0.627627654362718,-0.087181937077403,-0.84303644986088,-0.219940574654575,0.0270389603766271,1.08396317028686
1540,18143,"s15","m3",-0.178124148799158,-0.865044822051505,-0.110951798919777,-0.970320106406179,-0.190389061758431,-0.274903363017308,1.31891833235998
1541,18149,"s15","m3",-0.160883457273276,-0.815708836179173,-0.205434048187049,-0.957829396526772,-0.0607302402264446,-0.184598633122193,1.65388942780371
1542,18151,"s15","m3",-0.169352662759056,-0.609567311119363,-0.184565151775309,-0.85072864273169,-0.162225847265204,0.156664992328296,1.39884946384117
1543,18193,"s15","m3",-0.0323962544756313,-0.553011554686469,-0.00382253008874557,-0.840148824566214,0.236409738734928,0.0876080610827392,0.588333703051177
1544,18195,"s15","m3",-0.292638340686189,-0.68642685793266,-0.248484123549749,-0.986677447914186,-0.577359248650502,0.108345641996093,1.90535616429612
1545,18198,"s15","m3",-0.154213705402208,-0.716794246198701,-0.12736875662077,-0.976892018502148,-0.480774638138695,-0.20784719547313,1.3833262374623
1546,18199,"s15","m3",-0.0970353277203874,-0.712279012848327,-0.169890090327978,-0.871610234824246,-0.0811499144988827,-0.00488389471456153,0.97807473016634
1547,18207,"s15","m3",-0.203891592995289,-0.66191255875366,-0.130368290762964,-0.925285572080905,-0.689898479395912,0.064862820362785,1.21024211897866
1548,18211,"s15","m3",-0.268345259389895,-0.810600845257342,-0.119765759243573,-0.976489618818147,-0.270853837181299,-0.23466356933267,1.96416676051384
1549,18224,"s15","m3",-0.213796128578175,-0.702396184894731,-0.215814330600453,-0.850132931204994,-0.341842626901144,0.0184068693329234,1.68285437612965
1550,18234,"s15","m3",-0.130402061903853,-0.726051632635342,-0.158762773510974,-0.869810589471293,-0.325312033475657,-0.021575475562079,1.24186357038466
1551,18250,"s15","m3",-0.213279236591647,-0.709560758266083,-0.0548998192777456,-0.994482421671962,-0.131799917714738,-0.183518647719026,1.49813469926992
1552,18254,"s15","m3",-0.239404474520236,-0.729968680038122,-0.115055001791564,-0.97778550703936,-0.549274157949019,-0.350454517789696,1.4875408192211
1553,18269,"s15","m3",-0.245653064228365,-0.66974848023513,-0.180717391624406,-0.951055410135402,-0.386805023414031,0.0264601061869887,1.28967191458619
1554,18294,"s15","m3",-0.0951412935002342,-0.68282425769969,-0.121924979263648,-0.863800948639934,-0.132247369600235,-0.124392472612649,1.53188220631944
1555,18305,"s15","m3",-0.153188085666584,-0.677596525617393,-0.104882361577252,-0.983401415742997,-0.502409385275277,-0.0162422416778218,1.40955470158023
1556,18313,"s15","m3",-0.157168069902715,-0.777740130949421,-0.070737048643587,-0.933610657853372,-0.267331162521275,-0.00908842947376987,1.26206516674478
1557,18314,"s15","m3",-0.152007711327549,-0.58483243324399,-0.0771398036481199,-0.933794543092443,-0.0347682537336217,0.034150228050085,1.37471142718107
1558,18333,"s15","m3",-0.197678030610956,-0.667485473872795,-0.223208672986225,-0.929620417517393,-0.237844227674423,-0.0389245636968807,1.98924234787593
1559,18368,"s15","m3",-0.141441303281483,-0.706068527604659,-0.101638926384322,-0.971784000452834,-0.393769646160365,-0.0208110278945151,1.98982301695366
1560,18396,"s15","m3",-0.28437723295108,-0.754860077630813,-0.21626632164072,-1.00155863815484,-0.490845760803017,-0.257241198327919,1.50907842936149
1561,18415,"s15","m3",-0.167756799558489,-0.677567316506402,-0.104509411770692,-0.858543200119307,-0.394767137903668,0.0846813927297986,1.52322117329756
1562,18430,"s15","m3",-0.345565173073937,-0.636509417019514,-0.061586985766304,-0.960090750570522,-0.402816801697367,0.0066913529052743,1.32163138190911
1563,18437,"s15","m3",-0.223436218391615,-0.616340607034052,-0.167116046304101,-0.844821984297149,-0.488125979715589,0.174563195545771,1.22441371382967
1564,18476,"s15","m3",-0.317254804011571,-0.668311306086036,-0.0687672145240845,-0.901295714878473,-0.328864580246191,0.104458129473789,1.26288609218776
1565,18493,"s15","m3",-0.340900610562049,-0.793004759113519,-0.0952177500811779,-1.03711640422184,-0.623912200514992,-0.384839205408452,2.07311129750127
1566,18501,"s15","m3",-0.242309114038299,-0.741082013814732,-0.167652783819202,-0.97085021521725,-0.311467005946918,-0.318113588857211,1.70754065842213
1567,18519,"s15","m3",-0.278138597650764,-0.6727290048247,-0.101486909925629,-0.959290774904028,-0.26448154080226,0.00120375460410654,1.82161784771506
1568,18530,"s15","m3",-0.191454641762589,-0.763075841584527,-0.225458569743621,-0.975989257907542,-0.645797331194421,-0.19161022634012,1.55185715112212
1569,18533,"s15","m3",-0.193040046633301,-0.674673459955226,-0.150036564407304,-0.894100145333782,-0.751231274597609,0.0331445418416692,1.20183148247351
1570,18546,"s15","m3",-0.211524850587799,-0.618474015947192,-0.1779325717639,-0.953429140592337,-0.178746050215031,0.0822932199875577,1.49462315354104
1571,18577,"s15","m3",-0.143659468558665,-0.648341423927236,-0.15082695610876,-0.911123090836099,-0.462080953654155,0.0107496076122543,1.3393390670705
1572,18578,"s15","m3",-0.241718260917272,-0.607481476305564,-0.00638595069717921,-0.828973282454968,0.00148244953260201,0.00202339143209687,1.18012462339677
1573,18616,"s15","m3",-0.246291539848684,-0.730652486105553,-0.219324105252327,-0.908738416435113,-0.475150243960044,-0.177419649006185,1.52725658243623
1574,18629,"s15","m3",-0.167535748605748,-0.536276166485377,-0.0883864853123349,-0.886972664547788,-0.326411655790548,0.083560135352841,0.788378734430235
1575,18647,"s15","m3",-0.253158568481077,-0.69407264985014,-0.0449472847859979,-0.902674915168582,-0.315037329457731,-0.0399423281320638,1.40975264129484
1576,18650,"s15","m3",-0.406979535863733,-0.761202571854534,-0.201853711266695,-0.904502889322648,-0.76639159636324,-0.0703833179754719,1.39302354084662
1577,18656,"s15","m3",-0.137251542254364,-0.697100757228829,-0.127916335146677,-0.942801539492326,-0.178216643542045,0.0149091808874804,1.64698487019582
1578,18667,"s15","m3",-0.149210164119737,-0.795969838928845,-0.0876863682916392,-0.897461413998891,-0.239550651626096,-0.0648187795532865,1.52692365530024
1579,18668,"s15","m3",-0.200841189186811,-0.680351973354501,-0.187714179782643,-0.934763436446279,-0.493393606823617,-0.0422650925228921,1.3085977804984
1580,18672,"s15","m3",-0.18303893515885,-0.742758668743385,-0.106243199336879,-0.966368614760414,-0.331872826901023,-0.17248805734959,1.66833773713443
1581,18674,"s15","m3",-0.194695278282909,-0.780483043038594,-0.103858771995719,-0.924751014430352,-0.448627464912465,-0.0505425033403586,1.96999575096529
1582,18718,"s15","m3",-0.169619782553562,-0.710859756176194,-0.0637474892181949,-0.885251667709891,-0.111650072829708,-0.00254472518260308,0.982802215267005
1583,18726,"s15","m3",-0.177745011936625,-0.76182015218225,-0.00647089875153151,-1.02526308742922,-0.167892093238172,-0.420236811840336,1.76402538354329
1584,18762,"s15","m3",-0.147517212266225,-0.656508230568819,-0.113994981188118,-0.917474568534815,-0.169299619149676,-0.245152370500284,0.912746533899907
1585,18771,"s15","m3",-0.189332233200601,-0.715051243458631,-0.194865329019138,-0.930787822179432,-0.0467767599251528,-0.0821595531597585,1.50715593432933
1586,18825,"s15","m3",-0.157476715337616,-0.695609458780849,-0.202820350686378,-0.960644124941172,-0.192706359920891,-0.0641863976625009,1.41795843056585
1587,18836,"s15","m3",-0.266936179597054,-0.740560603360296,-0.0398171824308252,-0.902128271041563,-0.0560378826144717,-0.286998835114496,1.17726876369042
1588,18863,"s15","m3",-0.187617922184214,-0.699721490278435,-0.10388020814073,-0.864145257209031,-0.293932446247344,-0.0317085759763719,0.982259411393763
1589,18865,"s15","m3",-0.221936626512515,-0.744878620846389,-0.221512473210203,-0.971831252322836,-0.422358551190777,-0.0279910408292916,2.07410341581194
1590,18867,"s15","m3",-0.174054144204574,-0.688467831674017,-0.160802942736978,-0.880217979749079,-0.205662979501157,0.105392993922899,1.5000927999809
1591,18894,"s15","m3",-0.148346140035469,-0.745357392208756,-0.147233697306127,-0.902357247069244,-0.364539431642031,0.106907203312058,1.54483576796456
1592,18923,"s15","m3",-0.182310870643913,-0.738167289328419,-0.0709692237903615,-1.05153817776577,-0.287872607135062,-0.150468507497124,1.75314144360477
1593,18926,"s15","m3",-0.27277953413491,-0.788804259202757,-0.131394643209769,-0.948097044150491,-0.34658748513951,-0.144561164621228,1.99191357085329
1594,18939,"s15","m3",-0.12391448221166,-0.771464503300823,-0.10283001933509,-0.877975741082534,-0.29406387486079,-0.314630804951457,1.55002831095206
1595,18947,"s15","m3",-0.15847395042779,-0.787016564066191,-0.176003108688816,-0.926709019840528,-0.603630931848347,-0.0640056976638769,1.8609488496174
1596,18951,"s15","m3",-0.236266924665476,-0.737609617547384,-0.139048271189628,-0.932596263899593,-0.222006227331979,-0.232935698738495,1.60763541278504
1597,18955,"s15","m3",-0.145037763122847,-0.752255758858471,-0.24136325335437,-1.00300426770637,-0.357550150077133,-0.190064768572012,1.76697316453502
1598,18956,"s15","m3",-0.190281798758592,-0.675794627750191,-0.0592460998808,-0.979538849995925,-0.145115924240365,-0.0884106083753095,1.77880227902305
1599,18958,"s15","m3",-0.170843903537214,-0.844259322506549,-0.120485089159923,-1.0137427232821,-0.168021670930854,-0.0340198038319532,1.91839882694658
1600,18978,"s15","m3",-0.166137578892497,-0.741104066469534,-0.0238360239477183,-0.880442145919905,-0.206384272895481,-0.0490221763405838,1.05354203071077
1601,18983,"s15","m3",-0.166142666027966,-0.790970325406047,-0.130678391491595,-0.992735708273037,-0.362530610191049,-0.0856412014001735,1.79269136381038
1602,18987,"s15","m3",-0.249287794511419,-0.732231747359719,-0.0660278948189618,-0.950926262883425,-0.0438388102578189,0.111302337527304,1.42183817502761
1603,19009,"s15","m3",-0.156655775896478,-0.672462138087002,-0.022460425046567,-0.947657790475739,-0.257980219181022,0.104052925984073,1.9900585487061
1604,19017,"s15","m3",-0.254918548677835,-0.734748790122838,-0.189309472149208,-0.941730060335781,-0.654095505972877,-0.117350066365671,2.3804278699073
1605,19022,"s15","m3",-0.150916377383904,-0.683880759074767,0.0131317595568055,-0.942766865148608,-0.0682930877211682,-0.0321979710330171,1.69343332933952
1606,19069,"s15","m3",-0.146982387829006,-0.69555972926433,-0.0998069740173247,-0.904355438442615,-0.147796130626679,0.0869653958079549,1.42647338466392
1607,19072,"s15","m3",-0.263629056265344,-0.710883076498011,-0.140349336194428,-0.858983863253621,-1.08050692580834,-0.13756203723126,1.23947354586345
1608,19073,"s15","m3",-0.230121190638054,-0.614941787162337,-0.131131438691553,-0.824451443579234,-0.317228639220827,0.055007773479185,1.16408330052697
1609,19075,"s15","m3",-0.143102098724315,-0.664631692707892,-0.144608246328944,-0.850698766868903,-0.427059912709808,0.0992891337403254,1.11980124573666
1610,19103,"s15","m3",-0.211645445377196,-0.734936010311587,-0.0811015832148975,-0.919142591899677,-0.369323884991293,-0.0097918603146315,1.58133788230584
1611,19107,"s15","m3",-0.227236501829383,-0.722664934265348,-0.142253386307352,-0.966444011428105,-0.401690256144606,-0.133862576995877,1.39268993096484
1612,19119,"s15","m3",-0.25638891236897,-0.786175065836958,-0.232394135854535,-0.965568417759866,-0.402399027807918,-0.0470654413442663,1.7640544340483
1613,19120,"s15","m3",-0.158578258165677,-0.748156770337922,-0.120589056955797,-0.971152587159621,-0.282150516320925,-0.0722801603252691,1.54558358170094
1614,19124,"s15","m3",-0.135810512922322,-0.61994654341875,0.00341875430537926,-0.972939522372271,-0.153913861377095,0.0196199140436512,1.21014459128
1615,19138,"s15","m3",-0.207862847813239,-0.687403145745837,-0.0460237245594995,-0.801194761065763,-0.109786643639389,0.0857965760641198,1.06931022183427
1616,19140,"s15","m3",-0.129250383866105,-0.653203500327981,0.0324437533323947,-0.890214765246835,-0.0608425231261333,-0.0107285458162165,1.18670002453873
1617,19156,"s15","m3",-0.0534458728326888,-0.724949397970115,-0.100273746629423,-0.893360823321325,-0.214858515019077,-0.137795144938109,0.773584200613289
1618,19159,"s15","m3",-0.193191844328098,-0.661144020935783,-0.155127301092301,-0.822294849641453,-0.427265891573708,-0.0282778481933935,1.04931205582222
1619,19176,"s15","m3",-0.131669878227888,-0.664454183618423,-0.045893319085025,-0.805835422378989,-0.233921137310815,0.139168927614276,1.04674150028561
1620,19186,"s15","m3",-0.298512378658342,-0.815888416266598,-0.221795256833049,-1.06059432535045,-0.518480090241175,-0.194527941256406,2.70896184393899
1621,19210,"s15","m3",-0.0940941191128555,-0.598976292867695,-0.0551638670744293,-0.871944654456899,0.0276939365568761,0.0906677270827048,1.13072516785082
1622,19219,"s15","m3",-0.225074738958548,-0.717696210708303,-0.209339941685788,-0.881887018405048,-0.53302900095655,0.0532384561407596,1.44340458128104
1623,19224,"s15","m3",-0.209083015623806,-0.740158090519153,-0.0833918305455,-0.999087116069935,-0.287410902341648,-0.311418498107449,1.77412339939594
1624,19256,"s15","m3",-0.20139629375581,-0.701858234834303,-0.148516771276063,-0.953725962064291,-0.413736640379545,0.0199628303738242,2.24291609818064
1625,19259,"s15","m3",-0.195085934793742,-0.690553559654305,-0.177561101623452,-0.954406542323856,-0.408105754217806,0.00654816401931411,1.55491111395568
1626,19276,"s15","m3",-0.193587128241631,-0.709904774267617,-0.0778565002188123,-0.804625657339385,-0.172153283681752,-0.131282527220479,1.07716261335769
1627,19285,"s15","m3",-0.201781133542878,-0.727110909202784,-0.170244323560312,-0.871609054686885,-0.0949490683480733,-0.0770206107157756,1.48061305620314
1628,19288,"s15","m3",-0.254280601935206,-0.736697641079729,-0.266724153035446,-1.02451040292742,-0.545514772284913,-0.194172259644781,1.9662782265709
1629,19294,"s15","m3",-0.256928811984746,-0.703523398238456,-0.140805971150063,-0.865464512497834,-0.449095430461107,0.00638028704550956,1.08130485645798
1630,19296,"s15","m3",-0.263521919824743,-0.699458499177718,-0.206303288818841,-0.956437323504581,-0.819399408310314,-0.175052103463954,2.04005162578547
1631,19306,"s15","m3",-0.20200251708373,-0.534089408015566,-0.0575424606044632,-0.745963521973398,-0.246905718216754,0.179529508984441,0.775210808862643
1632,19309,"s15","m3",-0.277128887321005,-0.681314744356666,-0.268280266716803,-0.956518871477317,-0.230054589205126,-0.0458039300053821,1.94585995349543
1633,19312,"s15","m3",-0.168695812307648,-0.665022612932894,-0.129438673666169,-0.895300879320823,-0.108830776663847,0.00182013137495228,0.8396059825601
1634,19319,"s15","m3",-0.246569822116924,-0.698887822958314,-0.198129146940374,-0.92252376918361,-0.400029603422399,0.0468976241454217,1.95552441107962
1635,19322,"s15","m3",-0.127519053447913,-0.707246566398564,-0.0644250174367615,-0.838672692067328,-0.105810715324433,-0.040594724958393,1.44791396653481
1636,19326,"s15","m3",-0.206265882005044,-0.704808662367177,-0.179530991382768,-0.905028196206851,-0.449342988375028,0.150176876877272,1.66109858156072
1637,19331,"s15","m3",-0.173671866448771,-0.93157784593438,-0.134282189703171,-1.01075710408588,-0.304629460591012,-0.504148138532079,1.81509367274787
1638,19343,"s15","m3",-0.118095262438922,-0.743984523303081,-0.0844829186144776,-0.953342924485541,0.0773006886656076,-0.0330817691355576,1.48333433456782
1639,19368,"s15","m3",-0.143427963339165,-0.698751142472901,-0.0554663767897616,-0.930296743727662,-0.0578367827635959,-0.0265424683176808,1.52308709721016
1640,19384,"s15","m3",-0.140758134537323,-0.627640258217143,-0.047985361925346,-0.832858691080296,-0.477126634851635,-0.08436286673232,1.04063766612156
1641,19391,"s15","m3",-0.190711325020254,-0.603088827188541,-0.176030917426983,-0.854475237283287,-0.341219804780842,0.12015761497596,1.38747334333338
1642,19394,"s15","m3",-0.271948703083294,-0.606766515118666,-0.175793245221717,-0.89639499711966,-0.49624624490644,-0.165133857612783,1.73622093866299
1643,19397,"s15","m3",-0.15731026330114,-0.554996703680009,-0.199348232923755,-0.797275883409423,-0.45529874309473,-0.0638982078285176,0.784083996278564
1644,19405,"s15","m3",-0.163250614131838,-0.682619129288381,-0.112866853890721,-0.903817410299888,0.0706257051392197,0.0794419455592908,1.77711890161481
1645,19413,"s15","m3",-0.226307216526345,-0.699322951519844,-0.139405302484508,-0.963254909616458,-0.341696384808016,0.117042572406068,1.75253577220433
1646,19467,"s15","m3",-0.325142837710987,-0.778569134323239,-0.127438162588714,-1.01489797268597,-0.401338864435691,-0.0590399247588371,1.95259414383484
1647,19474,"s15","m3",-0.274881387961643,-0.720519953731783,-0.186539035745629,-0.931030586058052,-0.676786204993383,-0.0568643055169133,1.62665123880588
1648,19481,"s15","m3",-0.214935376956851,-0.743130248540796,-0.226845558306517,-0.896203982921787,-0.436655234155536,0.138247672834807,1.87449109706417
1649,19485,"s15","m3",-0.247541484499807,-0.617671375519656,-0.121751182244912,-0.959081290479746,-0.385260043399369,0.117069598846634,1.68872935340512
1650,19512,"s15","m3",-0.17036925680091,-0.777008047022653,-0.128907856110148,-1.02309990700992,-0.162007587472741,-0.219966651417706,1.72231220425576
1651,19520,"s15","m3",-0.139229618714289,-0.73286872420375,-0.13089217620474,-0.889585994838386,-0.0659945116327968,0.00939605773686607,0.978384017438556
1652,19551,"s15","m3",-0.196441799392729,-0.705047241759039,-0.207934259381158,-1.01432861293181,-0.243865644862787,-0.131036541489151,1.59310022943782
1653,19554,"s15","m3",-0.171817131199342,-0.713268489634595,-0.177843595552301,-0.920160609456397,-0.18235738349403,0.00792905113536688,1.92535088922646
1654,19556,"s15","m3",-0.107090908860225,-0.58953546929179,-0.0716089658822244,-0.896710554009471,-0.34272866565138,0.150998818061808,1.57304099401626
1655,19569,"s15","m3",-0.290223421596787,-0.838234736800024,-0.130205876515021,-1.10246976860137,-0.19948316872724,-0.0894951425200608,2.17492794781287
1656,19586,"s15","m3",-0.179950308505197,-0.619967800151473,-0.0711706589246565,-0.909889219505094,-0.266784478624063,-0.213020687518286,1.18025599413726
1657,19587,"s15","m3",-0.17021988904094,-0.794458201549617,-0.217516123706961,-1.03525664038604,-0.397574855379644,-0.0372828699503043,2.02753496295979
1658,19595,"s15","m3",-0.336681096094363,-0.711379151090323,-0.135896236744658,-0.988513856283379,-0.246658926883265,-0.146967531207599,1.76074210819611
1659,19616,"s15","m3",-0.181472826990138,-0.795176140455691,-0.0932236529058975,-1.02693985843677,-0.331561709217997,-0.0762453962917501,2.06756366324495
1660,19632,"s15","m3",-0.254226007780432,-0.817653598132462,-0.249419415505813,-0.975348358846046,-0.493552231680342,-0.144382099068767,1.84810228215941
1661,19644,"s15","m3",-0.136314278769115,-0.701631503465634,-0.12128020938564,-0.970323889363872,-0.235346170059881,0.217366911446238,1.3719219839267
1662,19664,"s15","m3",-0.121083813546467,-0.746579831897438,-0.0280073576472332,-0.890403165662315,-0.124253124301167,-0.244291412896312,1.24317315592533
1663,19671,"s15","m3",-0.254147282285788,-0.731511374256436,-0.229920783809731,-0.96924528837752,-0.46570650009351,-0.240194764931645,1.70556531305928
1664,19679,"s15","m3",-0.27993045738537,-0.767047196626057,-0.164360831192002,-0.876984605632033,-0.31695866657131,0.0414951752934351,1.28772354168255
1665,19684,"s15","m3",-0.173761095187556,-0.655704527422946,-0.0656146757177876,-0.848105481341239,-0.432399602255226,0.251963966256408,1.29428519356638
1666,19688,"s15","m3",-0.163757900317991,-0.707808117780373,-0.158295054070321,-0.85598278818788,-0.397503878220924,-0.0781577601610793,1.47668742084046
1667,19721,"s15","m3",-0.21722553572917,-0.736213494801603,-0.161636745170388,-0.904641665774824,-0.303035783460371,0.183511768934864,1.55335368514497
1668,19736,"s15","m3",-0.168404616626083,-0.753186978175171,-0.236936414238437,-0.899936335302355,-0.568529180174183,-0.245591028888511,1.70819135282002
1669,19746,"s15","m3",-0.297063576918644,-0.795194537888036,-0.218839603457508,-0.959435651039093,-0.23138060676664,-0.0412848351580722,1.69608262456815
1670,19752,"s15","m3",-0.233608701969267,-0.714181363019515,-0.138535409438568,-0.981126335386888,-0.0853077767228699,-0.0633446677327521,1.85825565048427
1671,19753,"s15","m3",-0.182228016778991,-0.687774005131189,-0.127945586028497,-0.951113984213223,-0.326166605608044,-0.00142550025258571,1.34201171483649
1672,19766,"s15","m3",-0.217284460469956,-0.770209453922011,-0.236311700682105,-0.860761195285118,-0.684168519765559,-0.00754741758892191,1.91807955188062
1673,19798,"s15","m3",-0.192731086195134,-0.719124832865497,-0.132361158778359,-0.915407998970609,-0.136215013753488,-0.0490176396892387,1.75308350997115
1674,19806,"s15","m3",-0.228837435705086,-0.649296582560636,-0.0378948891050497,-0.866108620030101,-0.244053751803792,0.0580887863134591,1.04226023558889
1675,19814,"s15","m3",-0.216053002508814,-0.595068075109184,0.070541448455846,-0.807775857243756,9.46753867751143e-08,-0.00720117291135511,0.685302947334658
1676,19831,"s15","m3",-0.168283934357341,-0.655701525882338,-0.0530025558427758,-0.91177738162677,-0.400873137066249,0.0296467934839283,1.09081668633586
1677,19847,"s15","m3",-0.0821265092625483,-0.695253007853494,-0.0543825465305832,-0.898426511450393,0.0333775713867924,-0.0872582754060587,1.16765480805064
1678,19869,"s15","m3",-0.222366923695736,-0.81691722551949,-0.00720375768830008,-0.876450271051236,-0.281842539469168,-0.127755595378465,1.56410944180734
1679,19871,"s15","m3",-0.160373024694426,-0.729429033113392,0.00905138156109766,-0.839458266512685,-0.0796201401440449,-0.0185624380479528,1.12455524717307
1680,19878,"s15","m3",-0.115512682933122,-0.67695410226644,-0.0230095045864071,-0.858114731644855,-0.122124544546326,0.0202990093618326,1.12372766708682
1681,19886,"s15","m3",-0.252723031941178,-0.709743246015278,-0.185866951441205,-0.941818596677942,-0.545017247658918,-0.120197053869547,1.61640587524966
1682,19887,"s15","m3",-0.336078080116935,-0.66308723601982,-0.16690866364105,-0.920052150223108,-1.09220484672904,0.0300251309711955,1.63348045993909
1683,19892,"s15","m3",-0.229181946134409,-0.684004414958332,-0.225544053275077,-0.878939769715798,-0.412930488348284,0.113038066903364,1.58545269032945
1684,19896,"s15","m3",-0.267902656609589,-0.720814797706136,-0.139989598900944,-0.957240516077686,-0.37639290775029,-0.241593308445437,1.36893385739097
1685,19897,"s15","m3",-0.150749757243761,-0.735765591614636,-0.117994669305225,-0.911418806938237,0.0030578170836315,0.0482336665827137,1.41854086587161
1686,19910,"s15","m3",-0.172190508227634,-0.765460589233326,-0.102315767008366,-0.94810344097844,-0.169755196084933,-0.161789724362171,1.84795993468016
1687,19913,"s15","m3",-0.158669143072991,-0.737055986271794,-0.0807812083397789,-0.888941613234602,-0.171566078419814,0.0354567372924229,1.2913145347234
1688,19916,"s15","m3",-0.253837098740346,-0.748547752218386,-0.152268647426918,-0.943627986703057,-0.723489934038482,0.0261397410732874,1.78654653221128
1689,19918,"s15","m3",-0.168674539639122,-0.572649796243016,-0.0495268022670842,-0.900042257874114,-0.280788019351063,0.134491017460559,1.18626372072499
1690,19921,"s15","m3",-0.234680320696755,-0.608631160242033,-0.117440509909466,-0.857559879332828,-0.296382400261282,0.110621593154918,1.4128226007207
1691,19934,"s15","m3",-0.297697548878011,-0.703499745734417,-0.124408909765205,-0.990526620428221,-0.174431695940388,-0.0341296166734562,1.74795237867174
1692,19936,"s15","m3",-0.198442384484982,-0.768723635990163,-0.0298192836003849,-0.950047833009371,-0.0363145270423203,-0.188482428427462,1.60729736961581
1693,19945,"s15","m3",-0.119619920681988,-0.698317824962982,-0.137803151819234,-0.982522924495763,0.00114544081529108,-0.0840802222636423,1.76078427983248
1694,19962,"s15","m3",-0.122626267851472,-0.649581737315675,-0.0950005163662693,-0.84968254673314,-0.0601034626152947,0.0782557308596957,1.10589830905661
1695,19972,"s15","m3",-0.255032387371769,-0.643401053976487,-0.308076792822733,-0.992409460708802,-1.04029565786201,0.0351555783842886,1.60159250025855
1696,19996,"s15","m3",-0.227448925039332,-0.683125759535181,-0.122667314942058,-0.945954856437655,-0.254367248893154,-0.0755572123781323,1.61397513725188
1697,20013,"s15","m3",-0.0547230983076916,-0.576011074185781,-0.075973695953644,-0.813236148881127,-0.222790917685431,0.135505009761761,1.2108994494891
1698,20023,"s15","m3",-0.172977557909165,-0.791730219247805,-0.0711634795397163,-0.898215455426433,-0.0837688363757718,-0.0540134849900366,1.36248042793147
1699,20026,"s15","m3",-0.18320294592229,-0.617734267685853,-0.108598892511672,-0.85015356846123,-0.199499247159799,-0.0609088772590738,1.46167897458095
1700,20029,"s15","m3",-0.230463154927978,-0.764801690193853,-0.129611989388911,-0.962227591507097,-0.214527248931291,-0.104971341944422,1.86035427592013
1701,20034,"s15","m3",-0.224752499590986,-0.563863905604824,-0.0805889168060241,-0.818343761556624,-0.350248646377836,0.090474907214044,1.04414532976482
1702,20036,"s15","m3",-0.183900051178365,-0.685133405729617,-0.221878027055803,-0.91943561564091,-0.38111871414525,-0.0401436421800892,1.35647223391573
1703,20080,"s15","m3",-0.219498453404349,-0.758801088749326,-0.114550773993936,-0.877200699215134,-0.173681225059619,0.0490888805688288,1.68177661082811
1704,20087,"s15","m3",-0.208192686208913,-0.668758458200563,-0.169851931313302,-0.942692402560154,-0.36766401333682,-0.191414454294319,1.46308531251033
1705,20090,"s15","m3",-0.0721484728944134,-0.707967888228378,-0.00548746956205498,-0.92023967763352,-0.163548651526305,-0.0484863108365299,1.40387399476013
1706,20103,"s15","m3",-0.284691457989989,-0.655291278892775,-0.179996523827419,-0.911830870463688,-0.627866998999963,0.077340441370556,1.29836668835237
1707,20108,"s15","m3",-0.165799768832703,-0.658281946613127,-0.0349740735781094,-0.918452990254236,-0.5964248227502,-0.32734367830586,1.02065881939211
1708,20113,"s15","m3",-0.277452737348926,-0.793973778457942,-0.208117843412608,-0.883738780545406,-0.299481145206877,0.052290883246946,1.63125394860166
1709,20116,"s15","m3",-0.23870551523345,-0.746720782511954,-0.0752463376968634,-0.965085285534677,-0.396086328448364,-0.0709419268324386,1.88630477978133
1710,20156,"s15","m3",-0.198730407715958,-0.733717482088722,-0.195423219396631,-0.967309747148944,-0.386851870037585,-0.0142392346438469,1.51449242979323
1711,20161,"s15","m3",-0.197683655056347,-0.745002847788929,-0.0787369162949788,-0.985269863281208,-0.229791821260046,-0.17771152093473,1.76036184442857
1712,20166,"s15","m3",-0.274431972806974,-0.740208077055805,-0.117018190410472,-0.998579314742246,-0.649943937045746,-0.0460176783105009,1.43421624424892
1713,20214,"s15","m3",-0.219780668248365,-0.681131007093284,-0.0811488639945052,-0.936148510279213,-0.489232523902526,-0.107245737729754,1.35326546060766
1714,20237,"s15","m3",-0.13518938147783,-0.656564827511901,-0.216017324416171,-0.897832342916937,-0.645095737428886,-0.146679423493964,1.19783876041032
1715,20239,"s15","m3",-0.301163619444497,-0.793145466945207,-0.20783251573308,-1.03654197256126,-0.376640245148587,-0.0363284442877665,1.93642860072116
1716,20241,"s15","m3",-0.261295243046793,-0.507027719657312,-0.147249344660968,-0.865567262830634,-0.433396451190068,0.171725787457575,1.24275774645183
1717,20245,"s15","m3",-0.101317858282519,-0.737080676546282,-0.0899312383931244,-1.00101954159548,0.0557966447501213,-0.18890265019794,1.85686494656524
1718,20272,"s15","m3",-0.186558988862206,-0.628171102738973,0.0175778830896433,-0.736706438507553,-0.193884079168804,0.12046336533191,0.81303263010938
1719,20287,"s15","m3",-0.246345105375861,-0.782939998736365,-0.146157199952183,-0.910139728169103,-0.465723314501853,0.0576162687044418,1.4783470093435
1720,20290,"s15","m3",-0.174431943009342,-0.713976235529884,-0.117725251204895,-0.91436679103035,-0.24366283003139,0.0490890754792572,1.07640376373778
1721,20294,"s15","m3",-0.218168692097461,-0.74919322154791,-0.171414392916738,-0.931199640202189,-0.700676518837287,-0.0370413706987887,1.75422326930745
1722,20300,"s15","m3",-0.238012331860136,-0.766972506838745,-0.199050445837672,-1.00584727096283,-0.454848135534,-0.0642063732161004,1.82217722470449
1723,20325,"s15","m3",-0.191853896329118,-0.603361297899496,-0.165783136946138,-0.878042968136991,-0.356175150612319,0.0772061740483574,1.21681600753824
1724,20331,"s15","m3",-0.122376338036956,-0.71839256080525,-0.175118869469948,-0.824854756029272,-0.177259008681177,0.0967782525844151,0.922771780881127
1725,20351,"s15","m3",-0.125941981425294,-0.732380240077421,-0.13689734586349,-0.869368035233171,-0.0265692944313247,0.0497078471484318,1.49621264375458
1726,20360,"s15","m3",-0.0423368392679171,-0.66130026280472,-0.0355396271223134,-0.915864971832812,-0.274001683070619,-0.0446897000193169,1.12981179834228
1727,20362,"s15","m3",-0.155370938154634,-0.620085434783815,-0.0631111555714812,-0.864128231867763,-0.339252402987848,0.0774695200206034,0.92021918551457
1728,20370,"s15","m3",-0.250706548830481,-0.746694174668719,-0.146501814002408,-0.9764225895669,-0.558631911311771,-0.0958522301581923,1.84919136849352
1729,20387,"s15","m3",-0.198166054225084,-0.734727709655039,-0.165286152112076,-1.02632158341387,-0.717739362390987,-0.0560063417467193,2.31066039701305
1730,20388,"s15","m3",-0.237521616653704,-0.613999687434834,-0.113740097031975,-0.850126903458357,-0.20510903181433,0.183891631637767,1.44510628889649
1731,20428,"s15","m3",-0.230639146764201,-0.640018588377596,-0.101067967644401,-0.939346757224778,-0.332558710357731,-0.0280878274685863,1.34408974030993
1732,20444,"s15","m3",-0.20949628607687,-0.717537091339663,-0.214191326258435,-0.79937635593389,-0.361579632560511,-0.0197173599256284,1.18038414161275
1733,20448,"s15","m3",-0.231745246175178,-0.709668449755444,-0.179615601073255,-0.905554501099182,-0.739945505214652,0.0329224092871887,1.54701981757211
1734,20451,"s15","m3",-0.185395528926351,-0.64933981672498,-0.0346274427749957,-0.926763453070866,-0.0921336996339354,0.186564358737757,1.55686909196444
1735,20472,"s15","m3",-0.260769208120242,-0.765932552107267,-0.147975668270793,-1.0104987963152,-0.449941826596896,-0.17474824725508,1.79836687519814
1736,20486,"s15","m3",-0.18374515915359,-0.665982070910531,-0.124071946085974,-0.95949240287243,-0.475377929815446,-0.165274685396821,1.61163388559722
1737,20490,"s15","m3",-0.199536083282062,-0.786682278715846,-0.144620566798695,-0.873788730894577,-0.239582122186758,-0.225236293389392,1.03586784606472
1738,20508,"s15","m3",-0.0659217211474641,-0.655366830766475,-0.0660757773279961,-0.849530150988512,-0.0108381148359283,0.0768342482570834,0.840997165691057
1739,20511,"s15","m3",-0.218040113424433,-0.675342701606418,-0.0847835388505801,-0.956289833352874,-0.396870483375571,-0.177756650582557,1.66063294473575
1740,20513,"s15","m3",-0.161823262714958,-0.689372703390329,-0.162562466241827,-1.04409234735472,-0.549738241412665,-0.301268015841941,1.8811602079248
1741,20514,"s15","m3",-0.318591820884444,-0.725935267326918,-0.111745670650172,-0.96779944927052,-0.417413161283056,-0.0869449933605401,1.56504647434946
1742,20533,"s15","m3",-0.230856419174987,-0.707535807983877,-0.0345669946256527,-1.02285974879547,-0.254833432526723,0.0286293657371524,2.14069831536486
1743,20556,"s15","m3",-0.214986205003777,-0.648827285653365,-0.153022055481963,-0.866072073847207,-0.460871839657792,0.0544346082062564,1.76718432478944
1744,20562,"s15","m3",-0.120139000585383,-0.688291350482761,-0.118222913137207,-0.802508421098119,-0.205346536557222,-0.00774431766087328,1.04662069794916
1745,20568,"s15","m3",-0.0897974799335262,-0.755152783854575,-0.0955735303989895,-0.91548737367288,0.0643306407547267,0.0619025290826096,1.42629887988458
1746,20600,"s15","m3",-0.11967202479894,-0.694574328090072,-0.168375781901953,-0.902845254641454,-0.366465476957434,0.0552928122693217,1.46044044573303
1747,20609,"s15","m3",-0.20806382760562,-0.6677253894379,-0.186786909516793,-0.890985065912022,-0.450490736645056,0.0602441753989061,1.18631996292955
1748,20618,"s15","m3",-0.378194347053398,-0.736687461735739,-0.111490224823989,-0.969188605737117,-0.354792035137224,-0.112761987751059,2.03144514178112
1749,20625,"s15","m3",-0.32162433149757,-0.574527774261691,-0.129281963185274,-0.856288435419314,-0.429622287711057,0.118571106094151,0.91257450620219
1750,20657,"s15","m3",-0.303410068981217,-0.77348642887725,-0.064422919002009,-0.986358018590835,-0.244451869434587,-0.161543721702715,1.77670440223593
1751,20682,"s15","m3",-0.199325275558924,-0.828676486098765,-0.239466536314131,-0.906626347145935,-0.403706017352572,-0.338214223301831,1.3829376080198
1752,20716,"s15","m3",-0.214919092549977,-0.704728473099927,-0.16045983896726,-0.986287005268388,-0.337869710312473,-0.0407439591153056,1.68758511913466
1753,20719,"s15","m3",-0.203651798549489,-0.594876231016108,-0.168188280177525,-0.861394287260254,-0.431023467222722,0.144162676430521,1.23886573483601
1754,20723,"s15","m3",-0.173123131605664,-0.663041433818169,-0.141655473938787,-0.898853713925944,-0.300390719184617,0.000334934841779723,0.976183605705665
1755,20746,"s15","m3",-0.217264585172077,-0.673369903019972,-0.0652316166908157,-0.861711066947009,-0.15325246604682,0.0122746367434276,1.43170896455827
1756,20750,"s15","m3",-0.243171677001619,-0.645814659885247,-0.14508011438698,-0.938022533320502,-0.52660902462817,-0.0382021433396788,1.60343858589277
1757,20753,"s15","m3",-0.139867171352273,-0.707566587534003,-0.10033849390432,-0.982873011759685,-0.457763437090068,0.121834955982764,1.58092427292209
1758,20763,"s15","m3",-0.227963443690777,-0.724358410992103,-0.0609733063403742,-0.973716979764832,-0.265403528006256,-0.0239714281096374,1.94818565211841
1759,20768,"s15","m3",-0.21846504178553,-0.692724228877037,-0.103639262008687,-0.875092299163894,-0.25115494449916,-0.000843382475400287,1.15313591645978
1760,20790,"s15","m3",-0.225555238908171,-0.654637885244373,-0.164653322543728,-0.965339258703392,-0.194090401504458,0.0725687453693801,1.99458205218392
1761,20811,"s15","m3",-0.186696593283193,-0.747100771435899,-0.138889976561545,-0.861244394987031,-0.334573596145488,-0.219679473661415,1.64575390643209
1762,20821,"s15","m3",-0.164451917914043,-0.639151518829176,-0.0584670124554561,-0.90963517117093,-0.17971386471037,-0.0693912049151144,1.5073213435427
1763,20823,"s15","m3",-0.165474871027199,-0.676803269127232,-0.0860177514533963,-0.999140251455858,-0.328083672401626,-0.040808740607649,1.37211760869708
1764,20828,"s15","m3",-0.0979404496527683,-0.653675819770295,-0.188451305384272,-0.820857320368642,-0.00266357751798621,0.0232515633900055,1.14808218173091
1765,20831,"s15","m3",-0.207916078389877,-0.68876804829892,-0.2843833489068,-0.885145440483512,-0.63882163115831,0.107873388636113,1.69594600113567
1766,20852,"s15","m3",-0.119516682069207,-0.730941718770355,-0.121818120481905,-0.908116442454888,-0.478263721324108,0.13588766350081,1.3165367320051
1767,20883,"s15","m3",-0.214325838808495,-0.636811014017609,-0.0776274256840435,-0.940411417700432,-0.22038916503066,-0.0398701920837713,1.0383291317038
1768,20886,"s15","m3",-0.232555353030189,-0.650713228821079,-0.0587075995341249,-1.00069968498675,-0.511618404565635,-0.0371588065573588,1.84757496734566
1769,20891,"s15","m3",-0.177582027325333,-0.685307983639744,-0.0205171913778181,-0.888111840762607,-0.167867525016429,-0.0249521711375255,0.900228149180276
1770,20905,"s15","m3",-0.118748345420686,-0.621810094840196,-0.143240819079664,-0.903114640058561,-0.234211430603902,0.277165077733296,1.24290592221262
1771,20910,"s15","m3",-0.194786280415846,-0.703057777570227,-0.114906049883409,-0.86986228504364,-0.273670881736345,0.071718151667641,1.28191114272126
1772,20912,"s15","m3",-0.296176900462747,-0.799060978184888,-0.158307248461386,-0.961043772848809,-0.327287289777883,0.00126920461815839,1.82879942729156
1773,20928,"s15","m3",-0.134289475046334,-0.702525196238318,-0.1260773412932,-0.976061327648324,-0.350036915521928,-0.00747251104910441,1.99481029513217
1774,20946,"s15","m3",-0.187734590247609,-0.734275871561906,-0.177000725102264,-0.90642307362237,-0.462658466053504,-0.160299651078973,1.48321903807364
1775,20956,"s15","m3",-0.212632634519974,-0.703715842928617,-0.154548812920787,-0.909740983474469,-0.420425402669155,0.127862380508959,1.78407987139612
1776,20967,"s15","m3",-0.176957291568957,-0.663831845225798,-0.109395946218428,-0.937042735236299,-0.312850420891432,-0.0855152039616198,1.76849122687926
1777,20973,"s15","m3",-0.132203020108063,-0.670338064815472,0.00127684960424721,-0.887309686199347,-0.23348649482955,0.0341673890534925,1.51109450888179
1778,20981,"s15","m3",-0.249910685177721,-0.66858650350094,-0.125515739458075,-0.881383704187874,-0.267273782314874,0.0911356891637461,1.70085428062885
1779,20996,"s15","m3",-0.303761541156231,-0.668685909836075,-0.0709407526918046,-0.893402592025399,-0.610939764210654,-0.0539732257474129,1.54206347526371
1780,20997,"s15","m3",-0.208380546874805,-0.760600010698761,-0.154343534495426,-0.988691878597664,-0.499376651042514,-0.0546769238556119,1.84926451930147
1781,21012,"s15","m3",-0.186847329122484,-0.62347033907392,-0.0673883472833011,-0.93774918007147,-0.153792754069943,0.0342575544518323,1.58311727316429
1782,21013,"s15","m3",-0.157136659504937,-0.803169807097873,-0.0685217285901503,-1.00040456942237,-0.259979653198515,-0.342391878645624,1.35107921042593
1783,21016,"s15","m3",-0.159267294832898,-0.611023380787973,-0.0808231615489718,-0.859191551885613,-0.395158176486255,0.114743624583891,1.04631403910959
1784,21033,"s15","m3",-0.142751760414126,-0.659714850825154,-0.0570483666624028,-0.959335535447323,-0.191906863018805,0.179483661864492,1.1726522815884
1785,21054,"s15","m3",-0.212004768256533,-0.593200652312044,-0.177751036965254,-0.810279167848516,-0.412937777492132,0.214588528591654,1.12572070068618
1786,21073,"s15","m3",-0.205715773248746,-0.716563691241096,-0.152153238519967,-0.84802364765077,-0.297492387272955,-0.012148412437437,1.40613777175119
1787,21080,"s15","m3",-0.209183304557065,-0.694660340706459,-0.26250419293066,-0.927373831455957,-0.283678806214797,-0.112844402663125,1.62515026044965
1788,21086,"s15","m3",-0.274526715896992,-0.718228092902221,-0.107308018508437,-0.910988676131894,-0.317888115515851,-0.0817357134447848,1.43822020731815
1789,21095,"s15","m3",-0.223479925881981,-0.669600976017173,-0.0883602920534621,-0.935487645745848,-0.300387446760711,0.0881519053488628,1.52165087272576
1790,21100,"s15","m3",-0.191988383368902,-0.775791657306147,-0.144499517465358,-1.04683093430755,-0.0774970455722294,-0.264202117569874,1.6798030572444
1791,21106,"s15","m3",-0.271572528789671,-0.742544663323372,-0.256001071280518,-0.975480784903337,-0.779583619598533,-0.160851759662124,1.85389601703428
1792,21119,"s15","m3",-0.158741061876358,-0.71426556264366,0.0236303489706706,-0.825835811895411,-0.00399027589303707,0.0135856583832463,0.975576364574912
1793,21141,"s15","m3",-0.192770617272086,-0.742214452139379,-0.15859980374789,-0.892143616005165,-0.169749227238422,-0.0442501111451007,1.40646046066646
1794,21155,"s15","m3",-0.209467988142455,-0.647982373749511,-0.130771001213069,-0.899329609980018,-0.124689755171648,0.0976542343306864,1.44100528416117
1795,21161,"s15","m3",-0.323181481751673,-0.743791062081459,-0.237425986524258,-0.972055076476178,-0.867185951956959,-0.0869493940717713,2.02164313844511
1796,21167,"s15","m3",-0.301993006456983,-0.509357564235513,-0.143884222396377,-0.842176192594186,-0.544638724764536,0.122550922167743,0.931636804909943
1797,21169,"s15","m3",-0.321442315718887,-0.704452215317253,-0.0849388248368266,-0.93081130442702,-0.532718361412383,0.0146266971291859,1.99403883427705
1798,21172,"s15","m3",-0.25235243913378,-0.609892200800847,-0.128253501426761,-0.825226896599352,-0.315175922176516,0.105197246952818,1.02109967687909
1799,21187,"s15","m3",-0.218143845846331,-0.739937676592322,-0.214901029134957,-0.968407228550543,-0.252462575370058,-0.14885589891578,1.54288379427882
1800,21193,"s15","m3",-0.338955645662264,-0.724976580871124,-0.17653391192038,-0.913487672080891,-0.60965238798059,0.0231259021230129,1.975971633323
1801,21197,"s15","m3",-0.13300993094267,-0.711142850280911,-0.0310434455508583,-0.90698925983145,-0.0556905939635483,0.0119775037098217,1.22722141795269
1802,21206,"s15","m3",-0.1155455443859,-0.778820113386224,-0.102894363668244,-0.842563981594549,-0.0393982705359607,0.10197339309904,1.28211574794437
1803,21209,"s15","m3",-0.204530319078224,-0.736634160140067,-0.126592906500447,-1.04726014052223,-0.282546577378471,-0.153337955923242,1.80823632526003
1804,21213,"s15","m3",-0.171019277177259,-0.634824559246927,-0.139432622397372,-0.880662278115003,-0.723805785501469,-0.140406562518292,1.1846428831493
1805,21216,"s15","m3",-0.202881024670843,-0.681485545487204,-0.0988623005672378,-0.909349491119232,-0.27664015957633,-0.0897672859618538,1.0103859375369
1806,21225,"s15","m3",-0.200662120636696,-0.80440178944674,-0.108523979079583,-0.903548554297377,-0.180325919043656,-0.111821903389721,2.05211072331798
1807,21227,"s15","m3",-0.274164617007123,-0.853166653776156,-0.109884738736551,-0.999070044885678,-0.449219895471475,-0.174520032049268,1.76471952530733
1808,21228,"s15","m3",-0.217821806485383,-0.85417001229575,-0.0450090391860487,-0.925227538726184,-0.195556764044058,-0.282128481665741,1.71615238446385
1809,21250,"s15","m3",-0.246369584078133,-0.714049054044275,0.0341613808414182,-1.08734681760144,-0.0938475296453176,-0.206096648546797,2.38335369184358
1810,21267,"s15","m3",-0.131879225317182,-0.731795897277792,-0.0589475814486677,-0.938058668150757,-0.140803046157412,-0.0754123663070454,1.59160798794131
1811,21286,"s15","m3",-0.301148783084434,-0.786473517528626,-0.182106773953846,-1.01696317194851,-0.693651076513045,-0.027836852544945,1.59172577505996
1812,21292,"s15","m3",-0.14964907967254,-0.65675236002502,-0.186188947746595,-0.942615247784272,-0.158638210006341,-0.0331399444621126,1.49750670815416
1813,21293,"s15","m3",-0.155671396897601,-0.706597868389158,-0.123356673868465,-0.930006472712249,-0.214890402051499,-0.0782480462395256,1.26499126503379
1814,21297,"s15","m3",-0.285652413481597,-0.845454447502665,0.000609158585898846,-1.05056369661776,-0.33212774559877,-0.253784398739351,1.83630919979403
1815,21361,"s15","m3",-0.140540294063965,-0.648156427959945,-0.0347616006638417,-0.869186001608088,-0.150422665742031,0.0889289935299546,1.07316549830586
1816,21371,"s15","m3",-0.214981972234511,-0.707403729217328,-0.16175323690771,-0.84240877404499,-0.468511190755789,0.133338967975955,1.29012675124823
1817,21378,"s15","m3",-0.176330139306172,-0.712589106739929,-0.219402797563175,-0.823937656915794,-0.486002826338426,-0.0459371834006874,1.37775164048671
1818,21379,"s15","m3",-0.191990628145596,-0.655924418071071,-0.133712851667169,-0.904864413514832,-0.925462675112599,0.00209623680323033,1.45402309482589
1819,21394,"s15","m3",-0.18534611217967,-0.661204800275743,-0.266601956343226,-1.03882571186219,-0.365647360483043,0.0302407850176223,1.93668677504932
1820,21400,"s15","m3",-0.156947056058392,-0.685195278012007,-0.0856599346306048,-0.882951806308155,-0.470519981130072,-0.0120581145178505,1.52715817231638
1821,21452,"s15","m3",-0.183207214503616,-0.605980414760185,-0.12121563252964,-0.853145818536732,-0.0540994833999473,0.0338561899525214,1.41817096216299
1822,21456,"s15","m3",-0.236208972230999,-0.799722580019837,-0.0871902164583807,-0.984803823511804,-0.033958953393745,-0.274118191197411,2.06158683012437
1823,21475,"s15","m3",-0.305800856128436,-0.696922348735265,-0.229303941214112,-0.956421575205313,-0.779008083112454,-0.124565460115507,1.61823338754432
1824,21519,"s15","m3",-0.154722021749131,-0.72436883625754,-0.145595386614356,-0.903023331824394,-0.226347798144866,-0.246249631730606,1.57699967235538
1825,21523,"s15","m3",-0.244022221003216,-0.641078062924589,-0.0287752104119879,-0.820070559317798,-0.0928806895838744,0.106584347061875,1.3406246895834
1826,21528,"s15","m3",-0.111993862886322,-0.679213378381083,-0.0594458724696555,-0.903545571262204,-0.110033002449589,-0.31042360386557,1.66202907227425
1827,21531,"s15","m3",-0.184437168090514,-0.743399901614508,-0.174003321426678,-0.970565878673348,-0.256971783020477,-0.0363801870971568,1.4161873301713
1828,21554,"s15","m3",-0.260578461483553,-0.724439208605873,-0.180205987602268,-0.930247513756079,-0.143621869749801,0.0470901465543607,1.17795615527702
1829,21555,"s15","m3",-0.233436052094712,-0.684509805866018,-0.0909579402831375,-0.92344661923167,-0.0500083940498297,-0.0157378295546485,1.62969823578045
1830,21563,"s15","m3",-0.145334457404137,-0.693720233638385,-0.0791936021818008,-0.811709219771635,-0.234479479531823,-0.0751406213326967,1.01117401923107
1831,21567,"s15","m3",-0.15311500847502,-0.692669156157213,-0.113155393229409,-0.901464490908267,-0.284007440400051,-0.0978702961405665,0.961623965638095
1832,21568,"s15","m3",-0.152768985200434,-0.672243020041394,-0.154943891872268,-0.897297361433805,-0.181684073720937,-0.0107247980846501,1.29657044196406
1833,21599,"s15","m3",-0.183564364009021,-0.747803505622423,-0.0479716440783715,-0.857715657603647,-0.192797797725573,-0.0391062598117452,1.53176840692845
1834,21602,"s15","m3",-0.298969220272581,-0.66473390973038,-0.19665151701446,-0.990923477313856,-0.485366278690849,-0.172421444606426,1.68266547206679
1835,21603,"s15","m3",-0.235380130153841,-0.682131022694269,-0.112667910988138,-0.91312040727802,-0.301028975058181,-0.00767111020976667,1.53273227281111
1836,21612,"s15","m3",-0.188099837824001,-0.798588809825512,-0.12872851008013,-0.96534061193037,-0.158456403198475,-0.0612124912606651,1.640384357804
1837,21629,"s15","m3",-0.254050579827729,-0.6401240378068,-0.0804493611752365,-0.9158161911736,-0.434322925914072,0.0120141586408511,1.30903653000506
1838,21635,"s15","m3",-0.251153619219177,-0.64621338252079,-0.0749510680565126,-0.85143346950098,-0.308371567386191,0.104704659932112,1.44118200140596
1839,21636,"s15","m3",-0.185008954170901,-0.760167645447468,-0.224216059149069,-0.957254648379761,-0.372845985406258,-0.203170297204816,1.62413749004535
1840,21652,"s15","m3",-0.181102212941888,-0.598844087891031,-0.161374799558403,-0.966269327033589,-0.201227762555298,0.141746943337391,1.40554795248128
1841,21677,"s15","m3",-0.204494336867452,-0.706744353383954,-0.25705837025518,-0.968023815824312,-0.460406348094802,-0.169279116254858,1.86746390066398
1842,21682,"s15","m3",-0.125174087722884,-0.654835081869539,-0.0751622651597771,-0.902488910275558,0.0158093584908014,0.0654943955726612,1.47046079377846
1843,21715,"s15","m3",-0.196976713054372,-0.562496078922179,-0.104805107683201,-0.856475857148554,-0.289907715282438,0.0674747633836946,1.16187663153254
1844,21726,"s15","m3",-0.249707729727536,-0.75943098319306,-0.145591688238031,-0.951945647670373,-0.00793998560045726,-0.342281134614577,1.68592019030462
1845,21733,"s15","m3",-0.226379635643654,-0.719765908798126,-0.171807732123046,-1.07293011430784,-0.701637320148832,-0.0118592771498995,1.94182407593087
1846,21749,"s15","m3",-0.244548273719131,-0.697398879622275,-0.154798138255249,-0.940630505175769,-0.355726523963389,-0.0379524574992289,1.52717917465046
1847,21767,"s15","m3",-0.159526959767973,-0.707010043258504,-0.129244472366217,-0.866651786660469,-0.0533052024576248,0.15232727329397,1.22544842383152
1848,21771,"s15","m3",-0.272571922874385,-0.737098271380643,-0.0981154967151701,-0.817403772843734,-0.535317689898433,-0.180520935030195,1.14253753400806
1849,21775,"s15","m3",-0.246410746600002,-0.766274784293047,-0.209643327779447,-1.07001985349411,-0.229005684980031,-0.11163920493846,1.77221076626795
1850,21781,"s15","m3",-0.179113177555983,-0.759859817570376,-0.23653375652187,-0.971120983620054,-0.275953351728381,-0.362876661137044,1.69296370356399
1851,21788,"s15","m3",-0.220039655623044,-0.789064268048697,-0.0586450935353488,-1.01464855887817,-0.073298524418956,-0.123962159663053,1.70483896650961
1852,21790,"s15","m3",-0.253207663346261,-0.809632027051702,-0.175692232371811,-0.95788902465045,-0.296238172096038,-0.190236682911866,1.79628510069041
1853,21809,"s15","m3",-0.199361872105934,-0.74894628304934,-0.100332819157638,-0.960958347173782,-0.190330504974488,-0.17189944871127,2.03943672952957
1854,21811,"s15","m3",-0.187104629354642,-0.668978901596068,-0.0746616921268119,-0.895663533849578,-0.334916658811742,0.0170688128163546,1.25706936676113
1855,21821,"s15","m3",-0.218953601416464,-0.620776459008419,-0.219824351166405,-0.801135038813534,-0.413297747606854,0.0684046501521147,0.786807791692563
1856,21824,"s15","m3",-0.187717562989103,-0.650687963289639,-0.0994744141917475,-0.991473880535059,-0.412543058353727,-0.102493399642346,1.20052921447703
1857,21853,"s15","m3",-0.135529891075425,-0.727180172153454,-0.182436324889454,-0.882719560137031,-0.547173274301683,0.0970375724736306,1.33245038684328
1858,21854,"s15","m3",-0.151931321627878,-0.715410256009018,-0.10577518237535,-0.901314215368978,0.00521850092979456,0.0596771070494068,1.3131608459573
1859,21858,"s15","m3",-0.189341668721854,-0.653922938035251,-0.131888219816915,-0.913889759366747,-0.166338221120137,0.0387741894641161,1.18164680650932
1860,21866,"s15","m3",-0.199919629796322,-0.802475851125206,-0.070769432746885,-1.05755648450043,-0.23372228837794,-0.077640167082351,2.18475575871678
1861,21875,"s15","m3",-0.137749378718455,-0.768122947093009,-0.196780430191923,-1.06079685803813,-0.26568395036202,-0.175079818718621,1.76391894198079
1862,21894,"s15","m3",-0.121356752060564,-0.653849572555559,-0.232115228838185,-0.92074184610936,-0.0445052553352455,-0.0525589525151125,0.879956793764783
1863,21897,"s15","m3",-0.296968228675496,-0.668272717464427,-0.098524301641903,-0.844989638518535,-0.428707797105439,-0.0340078592480596,1.50394853583235
1864,21901,"s15","m3",-0.274586030012276,-0.765746494347342,-0.322291530788457,-0.949305676863578,-1.01514741734177,-0.204552303863959,1.78079154690503
1865,21903,"s15","m3",-0.181780717727972,-0.657274785595878,-0.0932228723633681,-0.963469788439751,-0.236731045835911,0.0156363794029691,1.61751079720019
1866,21917,"s15","m3",-0.123700832868401,-0.753147999383135,-0.115303394619828,-0.872113217032557,-0.151812741112244,-0.0162744791291688,1.4506553333353
1867,21923,"s15","m3",-0.230772329955122,-0.728959120306037,-0.0923490400902291,-0.843331434748278,-0.427696618430883,-0.0738472433158681,1.88807055811352
1868,21927,"s15","m3",-0.0979711781020259,-0.636445600904443,-0.247954250985826,-0.88106629110181,-0.0830192450174751,-0.0463916356944564,0.998478954779845
1869,21928,"s15","m3",-0.23811072745158,-0.710639250430963,-0.255052478053787,-1.07644645999884,-0.395736266122822,-0.126948427718646,1.94270830847342
1870,21938,"s15","m3",-0.142416481126339,-0.713734183207376,-0.122542992331897,-0.954716792119526,-0.365065032556885,-0.05719291611327,1.74493424499222
1871,21950,"s15","m3",-0.164078182550247,-0.710775447914319,-0.0973789064219153,-0.903253502326368,-0.233394960529494,0.0340317138670085,1.54742248404486
1872,21957,"s15","m3",-0.104050522666957,-0.639616901891156,-0.0906825417030537,-0.89431140356344,0.0512574596428754,0.124849125989042,1.57588276725068
1873,21973,"s15","m3",-0.133284488394213,-0.603399495842649,0.0183113616289651,-0.812320978717621,-0.0527402758886717,0.211793917136599,1.03068596305121
1874,21978,"s15","m3",-0.296580710590449,-0.679620683810987,-0.0970683779014775,-0.939979550265096,-0.173759844994368,0.0117244615607116,1.46734701073503
1875,21988,"s15","m3",-0.19738701360945,-0.633442513899222,-0.114110022432154,-0.953504518533718,-0.184979631110009,-0.0113571305950114,1.78671224086494
1876,22014,"s15","m3",-0.399153820331514,-0.622816444554776,-0.144291375065143,-0.900574437746648,-0.654578741899518,-0.140582060013376,1.52660334423251
1877,22031,"s15","m3",-0.166265491934879,-0.630292965473954,-0.111577618187083,-0.978292378325925,-0.379826454862176,0.0672770509619328,1.3732317535907
1878,22038,"s15","m3",-0.134459603925525,-0.616298335371304,-0.10209212563985,-0.847885406294984,-0.237596990611947,0.0292023102458063,1.2641921498524
1879,22047,"s15","m3",-0.34670102561416,-0.771167327290697,-0.159786962882459,-1.01372663072663,-0.53377726144537,-0.118465929572551,2.08805946098085
1880,22050,"s15","m3",-0.168187736682271,-0.599501293197685,-0.15931235413302,-0.91680779894754,-0.392862846080142,-0.0602440386502031,1.20216487970809
1881,22055,"s15","m3",-0.249706659339655,-0.657519809072265,0.0223435570718878,-0.841398046878206,-0.0713942698414881,0.109000779637486,0.95678682157222
1882,22075,"s15","m3",-0.247019444526967,-0.687716882336869,-0.288661308530428,-0.912609194313117,-0.583947714674602,-0.105246518316651,1.19513686886226
1883,22095,"s15","m3",-0.209795132206284,-0.714986418492528,-0.13547559907853,-0.930919279829335,-0.123274749265784,0.0745129027261104,1.64731875238374
1884,22162,"s15","m3",-0.277226716737919,-0.708099783387446,-0.339292379264134,-0.979007056108846,-0.61860098202457,0.000213548072315038,2.08609972448225
1885,22183,"s15","m3",-0.210222801814242,-0.773110204835712,-0.0583419728839631,-0.946740103714562,-0.145057311560575,-0.139693582296703,1.22507193870089
1886,22196,"s15","m3",-0.326822125471746,-0.699235121780669,-0.120900150246184,-0.800217861661985,-0.60486184721923,-0.212847993582646,1.13122998885668
1887,22199,"s15","m3",-0.276812100094631,-0.736166530301675,-0.0708722896604724,-0.936017414592946,-0.423684215347501,-0.141246872809369,1.47233391469066
1888,22201,"s15","m3",-0.224402436771465,-0.796992054975307,-0.062216871928517,-1.00987242109688,-0.179696896709555,-0.0629413385689322,2.02541574900872
1889,22213,"s15","m3",-0.3169098653365,-0.747719492257486,-0.147170178959212,-0.96702637243834,-0.600799621599011,-0.272705096551981,1.60788690884428
1890,22216,"s15","m3",-0.238059088506315,-0.729842202503986,-0.161504555216337,-1.03580597474103,-0.249107343928785,-0.109973721640517,2.25663139482925
1891,22229,"s15","m3",-0.149377568417546,-0.669457883081225,-0.113257462306264,-0.875979029382606,-0.316960409817102,0.142485914825273,1.25423222957744
1892,22233,"s15","m3",-0.185179314052,-0.675312963214973,-0.065285423401379,-0.942547721743663,-0.0967584035938252,-0.103738959431152,1.02642823419614
1893,22234,"s15","m3",-0.294098944329332,-0.706802562030065,-0.0583205760701902,-0.98474866699046,-0.457121481102121,-0.0424496361475951,1.44724396718985
1894,22238,"s15","m3",-0.262945457846846,-0.73751673977148,-0.0672983257052221,-0.988057673096764,-0.194431087251893,-0.1654400976692,1.65606854329045
1895,22245,"s15","m3",-0.197185193124992,-0.557241432831044,-0.195390871533668,-0.870382538232024,-0.328589023560134,0.185707143977339,1.11906206487351
1896,22250,"s15","m3",-0.296564366868238,-0.737395923673431,-0.223798293735571,-1.01379245621888,-0.502221145082715,-0.126967425307337,1.73188491545873
1897,22271,"s15","m3",-0.257174419676968,-0.613046388598052,-0.0593295204884574,-0.90466353220003,-0.439549463800613,-0.0421544660231948,1.13713175275931
1898,22276,"s15","m3",-0.148786387323891,-0.674728275447564,-0.0906931481091089,-0.88248453842283,-0.204292259677119,-0.161727809409576,1.34939422667664
1899,22287,"s15","m3",-0.27554673295192,-0.746455309031958,-0.230216279687623,-0.981936239676114,-0.418570538875361,0.0431181975206161,2.13249293873682
1900,22297,"s15","m3",-0.261871214139054,-0.770945109353552,-0.165554174582484,-0.968489720646933,-0.319952457399329,-0.0254980886084951,2.07708808520089
1901,22304,"s15","m3",-0.295246250919071,-0.64529594312445,-0.0826051244153075,-0.89963678264676,-1.10381684992815,0.114690691637438,1.22999738361808
1902,22307,"s15","m3",-0.312357684012353,-0.700385031709313,-0.21461172378946,-0.896630934453389,-0.749037921451902,-0.118123774234557,1.69951047070073
1903,22323,"s15","m3",-0.0893435297918985,-0.750084258750487,-0.0980291594082366,-0.776486752263755,0.105243467007489,-0.081322289793908,1.2475763115954
1904,22331,"s15","m3",-0.107752445569266,-0.801160238777812,0.0220211321243356,-0.931044818463906,-0.116130182304493,-0.300521840346364,1.36567660176718
1905,22339,"s15","m3",-0.164460594846806,-0.740911954533584,-0.133049037021723,-0.939251866480208,-0.0376096127916359,-0.0779187845214008,1.74458413610552
1906,22351,"s15","m3",-0.328935412171983,-0.720431879068368,-0.141967206219298,-0.941546963413109,-0.723519283170029,-0.144140056195244,1.44769984424775
1907,22372,"s15","m3",-0.0512772887366655,-0.646259859638119,-0.0202580016317642,-1.00365859111138,-0.0590811605263604,-0.0141375457821242,1.90547801059263
1908,22375,"s15","m3",-0.0752067386604709,-0.677495832104738,0.083830855080293,-0.854517746871058,0.0840892153015929,0.0589765049668457,0.743823677029123
1909,22379,"s15","m3",-0.160549722299117,-0.706242304728885,-0.142262940357066,-0.857985952118397,-0.360244004098328,-0.079371998102548,1.08774065365982
1910,22414,"s15","m3",-0.207757877771459,-0.792494829004747,-0.0964288419281627,-0.93304687956119,-0.40449684650467,0.0324472947203935,1.37801660657964
1911,22431,"s15","m3",-0.249506887026334,-0.639355523806436,-0.156837921831609,-0.866213767614719,-0.582772793041445,0.245936640824187,1.14694412217896
1912,22434,"s15","m3",-0.144520240405279,-0.648694348013898,-0.164734982607705,-0.889171336183225,-0.451918069991479,0.128786642734988,1.71272993497887
1913,22439,"s15","m3",-0.294038140095194,-0.725274580932476,-0.187205989436696,-0.977231671299175,-0.527416828083516,0.0600818844078232,1.63258393756808
1914,22452,"s15","m3",-0.205258182664902,-0.687856529272131,-0.200732791108907,-0.92836176005819,-0.39694349584089,-0.0150334246532077,1.14404317129482
1915,22453,"s15","m3",-0.125403248081866,-0.732254929234926,-0.140451679591409,-0.891792531759243,-0.103160996118086,-0.0780127260479469,1.30826056499796
1916,22475,"s15","m3",-0.206902856822451,-0.751939542109732,-0.188427606927475,-0.956723883103278,-0.508321595794214,-0.0431612980349358,1.52891693976595
1917,22482,"s15","m3",-0.161470689515925,-0.709701852808776,-0.0572163565722243,-0.931247150408839,-0.0712817580842012,-0.0914347174253343,1.51689771164153
1918,22484,"s15","m3",-0.266695059183416,-0.730471697168199,-0.154427641657292,-0.945421983548147,-0.252647526621622,0.0358457297757758,1.80067797966902
1919,22486,"s15","m3",-0.147782200399636,-0.744520954392329,-0.0544266565748554,-0.927139664545654,-0.476235902554046,-0.234361420786719,1.3543109707435
1920,22488,"s15","m3",-0.242769660924656,-0.697465146218957,-0.102940892839329,-0.969752759739337,-0.251609462853886,0.107372162577513,1.52169707155519
1921,22494,"s15","m3",-0.196931648263189,-0.713789438353292,-0.129577425122164,-0.806101902379432,-0.135037277542803,-0.0804050214440475,1.30547009537586
1922,22501,"s15","m3",-0.183828647913253,-0.663954914962308,-0.0650280771960236,-0.887340646608432,-0.0118215939546334,0.0522826385207382,1.20246515294265
1923,22517,"s15","m3",-0.322099629802768,-0.690004059677358,-0.205342740232879,-0.964175764631839,-0.707212044406809,-0.0896218419573934,1.9152311077687
1924,22519,"s15","m3",-0.273491291006777,-0.588427758961156,-0.195784964991322,-0.999734410290166,-0.336621774900141,0.00638951428813053,1.59778449170875
1925,22561,"s15","m3",-0.216388757240703,-0.73441636433363,-0.118116142793478,-0.824753765658156,-0.146569967077722,-0.0810969452582786,1.43979997646788
1926,22585,"s15","m3",-0.27420420103187,-0.66309351078474,-0.231237068779967,-0.891266085138135,-0.343852726357655,-0.0181907772025081,1.13347206888967
1927,22588,"s15","m3",-0.257959228943792,-0.635192979042614,-0.0904503407155963,-0.887571579114962,-0.161440407521531,0.0157721984717022,1.43650844986456
1928,22591,"s15","m3",-0.172855430371287,-0.672955949821916,0.0324708324087169,-0.974764065184875,-0.110443189463847,-0.192388109464869,1.61598248974947
1929,22594,"s15","m3",-0.211738077570961,-0.771751934333421,-0.168752888946113,-1.02331397511533,-0.0972530500368968,-0.0927807853064426,1.76444896924628
1930,22606,"s15","m3",-0.234883293324055,-0.72941150573557,-0.181682783741066,-0.855439641114566,-0.30317394919349,0.0375444502133218,1.83845024297145
1931,22627,"s15","m3",-0.244621177287953,-0.76150083778355,-0.256212020954859,-0.94347523842857,-0.740641977155531,-0.397670786388074,1.58350298728885
1932,22651,"s15","m3",-0.339696171188066,-0.679413942848461,-0.154410310868442,-0.882682825683098,-0.679983193249914,-0.0393260766412974,1.47395564464663
1933,22673,"s15","m3",-0.255055647916976,-0.672561434307831,-0.150450861400123,-0.895557961056089,-0.553913418842642,0.12723006233658,1.19972637377824
1934,22675,"s15","m3",-0.200061643061451,-0.682592538885967,-0.212782242987664,-0.915609893634869,-0.26831918416837,0.049657752510882,1.61012255266214
1935,22676,"s15","m3",-0.186479819694805,-0.662481955025415,-0.208287903982246,-0.824045547063899,-0.275524019447614,0.202789303761702,1.31944121070441
1936,22683,"s15","m3",-0.1697378688554,-0.610195166770019,-0.0882854256807866,-0.857905592342831,-0.198246745210534,0.129827470446881,0.95397525448086
1937,22707,"s15","m3",-0.223760348681538,-0.673917483166986,-0.202596760825344,-0.964227822370887,-0.54695447640296,-0.339649423694516,1.36612860534224
1938,22712,"s15","m3",-0.137812428200632,-0.682174977791852,-0.0419738968566748,-0.892289405621285,0.0566910447712273,-0.014289824553589,1.52209451973899
1939,22729,"s15","m3",-0.334190690641846,-0.708316072456284,-0.122142465792897,-1.03287198596292,-0.73746737383695,-0.130437791880002,2.03394541172893
1940,22745,"s15","m3",-0.142724071112041,-0.654836575251783,-0.0479338754367298,-0.869043124841048,-0.0306569354638143,-0.0884370152284217,1.38767152604167
1941,22755,"s15","m3",-0.202521336258632,-0.626917135048226,-0.0858383672285555,-0.867910191963014,-0.314128087090413,0.162829986024172,1.42962058470339
1942,22757,"s15","m3",-0.196334831570024,-0.659150935694992,-0.110544790711407,-0.882469595124634,0.0559503394660207,0.0797780296737438,1.18775959958245
1943,22765,"s15","m3",-0.219635646895979,-0.615806652116848,-0.0502216159793534,-0.944131271698057,-0.322925602694722,-0.14665236251408,1.40400569094237
1944,22773,"s15","m3",-0.239388689070798,-0.690385950807392,-0.227894673705939,-0.958777756476892,-0.280764659376749,-0.192951733494811,1.52107117195345
1945,22787,"s15","m3",-0.0877470147268215,-0.621989482328783,-0.0791611015705005,-1.01134335737268,-0.277443026714949,-0.068677575939962,1.35701631150086
1946,22821,"s15","m3",-0.305720696911685,-0.691344008730378,-0.164684085060325,-0.952306086429857,-0.290598404400424,-0.0747919765791716,2.09527745869808
1947,22826,"s15","m3",-0.145121168332223,-0.722991018282203,-0.0553872465138572,-0.964351044120301,-0.20535867262469,-0.0825972391127754,1.24378893647856
1948,22829,"s15","m3",-0.178862112119415,-0.639637591280272,-0.00634786175104445,-0.892629257756778,-0.299047328414304,0.123087344187064,1.49842582153415
1949,22845,"s15","m3",-0.139246788131252,-0.618993693203945,-0.0139998018131225,-0.858684828287168,-0.154283952719944,-0.0180151921519152,1.43107045737892
1950,22860,"s15","m3",-0.14897270497853,-0.663698474689955,-0.171787764332051,-0.986029423786646,-0.282824765603793,0.132482498122416,1.30510359804087
1951,22869,"s15","m3",-0.230460113157097,-0.725722136237629,-0.0507986310048839,-1.02447517294907,-0.1597660047304,-0.0883691629403435,1.61250448337509
1952,22875,"s15","m3",-0.288931409923443,-0.743430012687722,-0.108204480385807,-0.838815397487529,-0.223271656165897,-0.0529486787022064,1.76571312005747
1953,22940,"s15","m3",-0.287950408742655,-0.710582422639403,-0.101095903815756,-0.93968150337718,-0.838482426401296,-0.13387419895937,1.78232812365136
1954,22942,"s15","m3",-0.245919003984666,-0.614768162924494,-0.159977280833424,-0.93551351095477,-0.344165304039387,0.0109751210873196,1.31955648907654
1955,22971,"s15","m3",-0.243611330695231,-0.728593078466973,-0.133691094464031,-1.02651083444929,-0.534524448550487,-0.437164391713524,1.63536391184505
1956,22974,"s15","m3",-0.30955779750546,-0.768539550095019,-0.0705654681033819,-1.07228499278567,-0.28152548290763,-0.348033965359816,2.28188104591176
1957,22982,"s15","m3",-0.219986401652315,-0.678800785091754,-0.0339305578264266,-0.985350196277534,-0.265307794986525,0.0836793825298868,1.24135651904488
1958,22987,"s15","m3",-0.27402920602679,-0.655532500417588,-0.194708945836805,-0.947318137145734,-0.389789450260671,-0.0789053752408712,1.34360660006308
1959,22989,"s15","m3",-0.271767888901058,-0.601352157579421,-0.173853321013508,-0.83724502799445,-0.728671346103068,0.158819913328067,1.36147413629828
1960,23024,"s15","m3",-0.300892911848129,-0.733426457227717,-0.103820034683209,-0.881014503078822,-0.356236679123013,-0.112383124864863,1.56942406860307
1961,23032,"s15","m3",-0.212211007045151,-0.543443547185225,0.0214146275873437,-0.763303278816402,-0.248899534585033,0.251330778904338,0.922411398720071
1962,23042,"s15","m3",-0.271944204280499,-0.758943779819052,-0.0889942499886459,-0.978702191271533,-0.0560785667135224,-0.0907339152353899,2.27054012707108
1963,23048,"s15","m3",-0.225052522250986,-0.572764955018742,-0.0921468518904159,-0.830606435892587,-0.182507784148347,0.109050669517125,1.28241248534208
1964,23049,"s15","m3",-0.161819987736003,-0.679973153329476,-0.0520441093052752,-0.842335100943549,-0.00942859998886043,0.0528383419786525,1.60486967945753
1965,23055,"s15","m3",-0.0871409841060728,-0.627970071755462,-0.144813567816388,-0.938037447624927,-0.134636776018071,0.0565321218265641,1.16039606033638
1966,23135,"s15","m3",-0.179518532074423,-0.745423080605638,-0.0744934367913048,-0.939791933933382,0.100348656632539,-0.0594466868582924,2.06966616775628
1967,23160,"s15","m3",-0.297946902665433,-0.724205700232857,-0.120776472323339,-0.939675556910043,-0.120973463033514,0.0959097546294136,2.02399147243669
1968,23173,"s15","m3",-0.246264493233416,-0.704374835404192,-0.112122095024027,-0.896370070646974,-0.128077149550097,-0.128638639854113,1.24228191190003
1969,23177,"s15","m3",-0.211597408116161,-0.672354637590547,-0.180680907114536,-0.925678713709452,-0.961335012913534,-0.0522086474874532,1.37213622444001
1970,23182,"s15","m3",-0.233020918635445,-0.69530600939111,-0.0951177249982451,-0.907836793166739,-0.0753190127664287,-0.0511608478168981,1.46667320516941
1971,23217,"s15","m3",-0.275499209328643,-0.678304632903092,-0.183556019687803,-0.914553398579038,-0.626721498546551,0.04784930368458,1.51615086810107
1972,23221,"s15","m3",-0.194636168410862,-0.784664938193438,-0.123162806071022,-0.899669337913171,-0.216356939088486,-0.227535429896311,1.42738095658347
1973,23222,"s15","m3",-0.27452654366846,-0.62994372007971,-0.0787901587669705,-0.958468092103281,-0.856001576117985,-0.0527861720764734,1.59502579391014
1974,23232,"s15","m3",-0.20442133981073,-0.735371337423916,-0.134826928607575,-0.850641326599113,-0.318355357406731,-0.0376274198808564,1.2352442094206
1975,23248,"s15","m3",-0.308287831524643,-0.735488250755487,-0.0834491491816541,-0.963243160326856,-0.369853746349161,-0.123854655002508,1.71092415256317
1976,23250,"s15","m3",-0.264635562986984,-0.711464163217763,-0.17125005483341,-0.913952659624067,-0.304806977979878,0.215306095753158,1.53983359925525
1977,23251,"s15","m3",-0.185625225077961,-0.74252571664496,0.0154784187310043,-1.03436459492679,-0.310205887610099,-0.183370616355164,1.66845568667969
1978,23256,"s15","m3",-0.280540893917886,-0.844306908273968,-0.1679902772849,-1.00099651409944,-0.178520806801106,-0.327250919683122,1.45510894660512
1979,23261,"s15","m3",-0.155831629161343,-0.617849013777965,-0.238025570031112,-0.865506851005918,-0.244352710000173,0.0268279280148055,1.30911386775521
1980,23273,"s15","m3",-0.268496538021998,-0.716225748070312,-0.271800437600251,-0.986693905042685,-0.677963901954139,0.102023110481986,2.10361492869257
1981,23300,"s15","m3",-0.198127209235232,-0.699008554281967,-0.101233812122339,-1.05334949631248,-0.549241585425662,-0.164136235674054,1.64456843646529
1982,23345,"s15","m3",-0.173316770756113,-0.70595583289032,-0.196038720742254,-0.917147391269763,-0.137644290318964,-0.0509638875455354,1.98938808637875
1983,23352,"s15","m3",-0.163326520197116,-0.611170482840542,-0.0627479863449382,-0.823320956704129,-0.33464075696994,0.206820150099317,1.15465408693342
1984,23359,"s15","m3",-0.285288678295935,-0.723844586901088,-0.0654299331091392,-0.842551571938167,-0.499872370148749,-0.0419602675718574,1.60265815048366
1985,23413,"s15","m3",-0.252877290052625,-0.654114565428027,-0.186129029776316,-0.897464480860491,-0.702817588813189,0.0767063789711427,1.13717836833257
1986,23416,"s15","m3",-0.184493258038454,-0.740146200671118,-0.196070270062498,-0.844599877722355,-0.305963111652001,0.102537141752686,1.37372429713711
1987,23436,"s15","m3",-0.16786103831997,-0.778211240800716,-0.0262163480240096,-0.976142136236305,-0.191574702032289,-0.0853797532039793,1.7805207440402
1988,23441,"s15","m3",-0.179383065511771,-0.666857365684263,-0.127422007534414,-0.882341477374264,-0.508935241699464,-0.118436966316109,1.46713356949711
1989,23454,"s15","m3",-0.202034976304985,-0.707078069456754,-0.171268833518128,-0.970243861149064,-0.338939349049802,-0.150711100765466,1.70427569999454
1990,23481,"s15","m3",-0.205378651564479,-0.639211474510722,-0.185985206136016,-0.868208693568686,-0.434402596063441,-0.0264214501047009,1.22063368672722
1991,23492,"s15","m3",-0.22295932608928,-0.649497639519693,-0.164697861178969,-0.949831432510755,-0.284172131902054,0.170964901692209,1.68840591048619
1992,23497,"s15","m3",-0.22695240207037,-0.779853385729352,-0.1289229369216,-0.997015994094749,-0.369097051550788,-0.0962719759590887,1.64697039361214
1993,23518,"s15","m3",-0.169068279710468,-0.759572308273098,-0.0777097887806022,-1.02237665612313,-0.309962166464165,-0.182911277657214,1.90843258102316
1994,23529,"s15","m3",-0.119668725003216,-0.703223864416037,-0.193591782137012,-0.890894346307721,-0.49340391818787,0.127716827404482,1.40007785855113
1995,23553,"s15","m3",-0.277284968772243,-0.65391923198353,-0.0929611146054607,-0.874655726988859,-0.315113661390776,0.187875789399594,1.62686934986612
1996,23558,"s15","m3",-0.235858473613839,-0.598881629000873,-0.0547319475807578,-0.883401286394408,-0.237031867364008,0.0979338498781679,1.57985116783157
1997,23594,"s15","m3",-0.217381220666711,-0.659002084585828,-0.0577368308934053,-0.928919572013249,-0.116581909456382,-0.139174374473483,1.08673969237816
1998,23598,"s15","m3",-0.185442501070569,-0.622826150872035,-0.111156286704906,-0.859001137914867,-0.16924517863888,-0.0151380705397629,1.29993317669309
1999,23599,"s15","m3",-0.312970642802765,-0.647031071516783,-0.134990442523207,-0.852728303772621,-0.219514626791474,-0.00654208060675962,1.28360135274871
2000,23606,"s15","m3",-0.249534666550297,-0.782930599015899,-0.0972929123461704,-0.959508228577665,-0.26400038558956,0.103193468438148,1.78215356436759
2001,23610,"s15","m3",-0.148794256837392,-0.621998200908492,-0.0101976937297678,-0.879438366867305,-0.197442912723439,-0.106398012120042,0.934319094459772
2002,23619,"s15","m3",-0.104814857215032,-0.681737205120947,-0.0585949866438234,-0.961850718880256,0.0281866469255926,-0.152453192081981,1.4480591299923
2003,23628,"s15","m3",-0.179377816240224,-0.788922137315812,-0.0668556316214199,-0.892326160999208,-0.238966593388692,0.0683333470272938,1.73308007256965
2004,23631,"s15","m3",-0.208790037252582,-0.693219967117938,-0.10111383833738,-0.962409855337932,0.0674626217937401,-0.297490868612425,1.31745319245471
2005,23663,"s15","m3",-0.288216336016943,-0.728844649504042,-0.174818742953959,-1.03444579217112,-0.65691873596602,-0.174240876594952,1.83092358818559
2006,23669,"s15","m3",-0.201446134729906,-0.64622009736843,-0.034173085851861,-0.916827484587085,-0.31919506838872,0.0408245520487881,1.14140235336063
2007,23686,"s15","m3",-0.18747764337746,-0.732736516386287,-0.0590630694182427,-0.903250168783801,-0.169658777328765,-0.200980406375093,1.57121384691243
2008,23693,"s15","m3",-0.196282133395267,-0.596793895820965,-0.067319338545692,-0.852890619612528,-0.130206645588052,0.243603005861583,1.08335154530472
2009,23694,"s15","m3",-0.213361266343171,-0.722106443886886,-0.109257997577965,-0.921045734360952,-0.0729952233988023,-0.0455057854558226,1.78524806503626
2010,23695,"s15","m3",-0.237792947129161,-0.60226282047918,-0.125032182463201,-0.875038140915624,-0.299078534589537,0.0811855836505485,1.02277588657089
2011,23710,"s15","m3",-0.250783412540257,-0.644246100069509,-0.162651839290142,-0.928535829343413,-0.520499858953787,0.00576793538145593,1.48362371365657
2012,23711,"s15","m3",-0.0632191416887598,-0.648819236343991,-0.0814869574151922,-0.829874033231799,-0.252307319191058,0.0580697501253031,1.28707309232996
2013,23715,"s15","m3",-0.153562257247954,-0.759681167786767,-0.152211181196366,-0.96243684251693,-0.0872985825440587,-0.0692356357174026,1.50101406923762
2014,23723,"s15","m3",-0.189531000132522,-0.685586563576603,-0.241359743698398,-0.90929231815248,-0.472676427701945,-0.00380722502325894,1.44931157051564
2015,23736,"s15","m3",-0.185864740570829,-0.67234028104719,-0.0608826815239721,-0.885709697289324,-0.321978572499179,-0.0370449635181363,1.23085310466889
2016,23744,"s15","m3",-0.22568256886665,-0.59749801484328,-0.131273675885584,-0.874757883879693,-0.192030872423203,0.0285751913609226,1.5116696918536
2017,23752,"s15","m3",-0.187667677651841,-0.669583921628278,-0.152867790772379,-0.941452946519628,-0.399224999753519,-0.0159517024989473,1.41045234358443
2018,23753,"s15","m3",-0.239091932136576,-0.683630525133159,-0.164579396213798,-1.09049549271819,-0.310072737355954,-0.13767513769762,1.85192396249967
2019,23756,"s15","m3",-0.192631016794456,-0.643046439772811,-0.117738884062367,-0.838384300625525,-0.34783435860723,0.078316887340483,1.45292174736172
2020,23773,"s15","m3",-0.228678638878778,-0.758751476026031,-0.0505874583136773,-0.867579620879899,-0.18066290805262,0.0252514649556891,1.68785221989333
2021,23789,"s15","m3",-0.0501601508360605,-0.674742587243541,-0.173850309605398,-0.958345890157552,-0.215813717457972,-0.085339145591647,1.48294336020787
2022,23790,"s15","m3",-0.201814412150267,-0.656642091763607,-0.0423324744330688,-0.976886800565311,-0.39682409574429,-0.053711786676708,1.46751503594991
2023,23791,"s15","m3",-0.273844124909933,-0.728063201713238,-0.101767411685109,-0.98946148652253,-0.577647440020589,0.0106988414843879,1.82397674857343
2024,23797,"s15","m3",-0.293367006358907,-0.697793147618483,-0.117530394631401,-0.838305028351145,-0.385086655650978,-0.113703472816181,1.40315488448614
2025,23812,"s15","m3",-0.211714130034998,-0.668972849453326,-0.145530572515771,-0.966355578175284,-0.228205599931047,-0.117626961959006,1.26892630363757
2026,23820,"s15","m3",-0.133126181092211,-0.685651756000704,-0.219790943064588,-0.805265868480281,-0.0596800095171,0.190391363186249,1.43027456981989
2027,23823,"s15","m3",-0.318182262677381,-0.671149828034333,-0.0367230805703532,-1.04916531597906,-0.516091688440912,-0.187048597800209,1.45540569371572
2028,23827,"s15","m3",-0.218621787511355,-0.670680062654708,-0.140904247728494,-1.05684160294194,-0.441248303362884,-0.228300403754958,0.897273406502291
2029,23833,"s15","m3",-0.215784708735102,-0.673667599814931,-0.162086426317824,-0.885803031876371,-0.48490050098493,-0.0976646743727384,1.43364195355006
2030,23843,"s15","m3",-0.319193540286097,-0.804367875336789,-0.1901899837638,-0.949416910815373,-0.509946465474944,-0.119973230347883,1.92041890549365
2031,23849,"s15","m3",-0.284333704992887,-0.702332677421559,-0.117861876974229,-0.875932788490256,-0.126480456754079,-0.0454591985380216,1.39077859168458
2032,23850,"s15","m3",-0.243650744712105,-0.731013723696372,-0.138056193034467,-0.929235735825013,-0.380730840889972,0.0979296496814153,1.49230548830543
2033,23867,"s15","m3",-0.155819485370844,-0.704125453192376,-0.142304483731323,-0.936702841081544,-0.207645975092396,0.0310576012782931,1.66646163330762
2034,23868,"s15","m3",-0.125183718079347,-0.607746027124087,-0.21659941023282,-0.835407166488313,-0.259076527209611,0.154083972733229,1.06686176005129
2035,23876,"s15","m3",-0.2304102479493,-0.740655898617072,-0.101920313215343,-0.918123548106534,-0.448448013487838,-0.0762548957364147,1.10672764363236
2036,23878,"s15","m3",-0.179067113277986,-0.74411371894073,-0.0510595372384567,-0.814290415796779,-0.109857317544833,-0.144535443844812,1.15212357279018
2037,23892,"s15","m3",-0.142985068460145,-0.560593058780007,-0.0487121258731738,-0.891402373136093,0.119923211924359,0.00818943444033352,1.11050241357062
2038,23895,"s15","m3",-0.219557527208689,-0.711657919185535,-0.0916596535846101,-0.993200196506607,-0.315159184276262,-0.200738306353666,1.70611252649852
2039,23899,"s15","m3",-0.111953901428447,-0.687770670215014,-0.0391491280075858,-0.768448621130678,-0.39748915457893,0.0220581780173766,0.75928494309238
2040,23939,"s15","m3",-0.162796473826258,-0.617433174025015,-0.0577304914549817,-0.885891879482696,0.0846220274743823,0.0515006045648084,0.966019006868071
2041,23944,"s15","m3",-0.101592461918194,-0.673774804680001,-0.193815395136267,-0.809483112918396,-0.0217952845258391,-0.15250712220185,1.02068089876709
2042,23949,"s15","m3",-0.216964727308529,-0.695921096143368,-0.163697244035981,-0.908653167409505,-0.359063387503344,0.00447718019911399,1.89028026154184
2043,23955,"s15","m3",-0.327853757429667,-0.67732537583121,-0.154546485460716,-0.935849311129482,-0.609341224327485,0.0647108258878932,1.89957619368719
2044,23957,"s15","m3",-0.23960346247862,-0.70169243402713,-0.149446773544909,-1.07110557283017,-0.297257857676075,-0.376077568901156,2.01797472804021
2045,23969,"s15","m3",-0.192701764756267,-0.697572464045756,-0.144112603198404,-0.902103038573044,-0.385267251824126,-0.0480321159808599,1.61490861338697
2046,23986,"s15","m3",-0.234750823610165,-0.754365634541263,-0.00867514753559149,-0.879963170640049,-0.217050419851863,-0.173518588674966,1.14745793064738
2047,23990,"s15","m3",-0.17753117036017,-0.683741566988793,-0.117794842093296,-0.870688406061939,-0.0719300062878783,-0.157763924087972,1.28108610925306
2048,23991,"s15","m3",-0.284507345255087,-0.723524753967455,-0.10100896108845,-1.02556216631513,0.0531294200422706,-0.00903204218608266,2.43510114044304
