"draw","source_draw","id","assumed_model","alpha_0","nu_0","nu_1","tau"
1,28,"s10","m0",0.0151720611980949,-0.361953407917177,-0.355355790443921,-3.07220529637782
2,29,"s10","m0",0.0555941880071801,-0.317090048139328,-0.202265482312179,-3.30422425426071
3,34,"s10","m0",-0.0105656526291737,-0.382058286447887,-0.407491523587548,-1.83591492516918
4,50,"s10","m0",0.0588249321666946,-0.124644034113001,-0.386234043875894,-2.43629505990979
5,58,"s10","m0",0.00140681780850347,-0.324806059171336,-0.237658760615289,-2.27451871827246
6,82,"s10","m0",0.00247692522476957,-0.51484197963469,-0.329636498814454,-1.57192176505275
7,102,"s10","m0",0.0176035125277944,-0.402735844296264,-0.237158630142409,-1.79191551823034
8,115,"s10","m0",0.052022832019875,-0.146193314803219,-0.221643484887366,-2.2080535253629
9,124,"s10","m0",-0.043599612521009,-0.45405507197859,-0.269146880539065,-1.27786852924101
10,127,"s10","m0",0.00220832313599457,-0.39234522960627,-0.25059098979864,-1.1567469610921
11,157,"s10","m0",-0.0235033874550039,-0.287485133541227,-0.402644168502272,-1.97004885735715
12,169,"s10","m0",-0.0285721478374589,-0.549663561562064,-0.466914028310978,-2.42632171706851
13,210,"s10","m0",-0.0425979256921527,-0.507258231483498,-0.432335185665909,-1.03764158546924
14,233,"s10","m0",-0.00401516617732302,-0.326049212723541,-0.145966173492427,-1.33981150974087
15,239,"s10","m0",-0.0298467335045418,-0.457116966858215,-0.232271141349921,-2.47697819690677
16,259,"s10","m0",-0.0645989578089022,-0.737514090658441,-0.35700920635493,-1.15189467767127
17,272,"s10","m0",0.0653329433380586,-0.258401979833957,-0.182762743713173,-2.17801826871545
18,277,"s10","m0",0.0213191436931181,-0.475901645649014,-0.235277834892131,-2.44728173431116
19,279,"s10","m0",0.0156914535174402,-0.35931639606424,-0.170856701602392,-2.28451154687195
20,298,"s10","m0",0.0197734041008063,-0.36489133214122,-0.245730557517495,-1.4199462433811
21,313,"s10","m0",-0.0379936025434926,-0.405280817978879,-0.219200011095517,-0.931044078446054
22,323,"s10","m0",0.00583058531011873,-0.229229138797511,-0.187475867877239,-1.09766758900373
23,331,"s10","m0",0.00151856432565355,-0.284026683118281,-0.20899201824442,-1.43384172412465
24,343,"s10","m0",0.0025598067282649,-0.267139535234433,-0.305116090230391,-1.28770948632178
25,372,"s10","m0",0.0353087037742601,-0.375831270035552,-0.32168128104332,-1.45831598148913
26,384,"s10","m0",0.0142919567956693,-0.28945078923443,-0.351071714851475,-2.07944670399575
27,385,"s10","m0",0.0297882848050147,-0.194975824293247,-0.21044410740325,-1.91135109361878
28,389,"s10","m0",-0.0525561812153465,-0.516287788724483,-0.30335830419032,-0.638613154283941
29,394,"s10","m0",-0.0170619954402239,-0.548618522866148,-0.481629872403785,-3.19054160966407
30,409,"s10","m0",0.0158234386197594,-0.37755505430883,-0.382958314593664,-1.98591362589026
31,431,"s10","m0",0.0117245996076638,-0.213056819456574,-0.351507532062836,-1.71252544777606
32,433,"s10","m0",-0.0351163965732172,-0.450851561460292,-0.299138196460753,-1.4278269965651
33,449,"s10","m0",0.0633644226970532,-0.415305346933741,-0.230809887869001,-2.50810420266961
34,452,"s10","m0",0.0402158301318475,-0.271374644764943,-0.22233066686079,-1.94890094361659
35,456,"s10","m0",-0.0349184067051173,-0.415164681579519,-0.475260157413248,-1.70751189645636
36,469,"s10","m0",0.0142183747914286,-0.553884499062489,-0.314182887597398,-1.4569101613585
37,503,"s10","m0",-0.034911452710874,-0.360128677912662,-0.465309753306006,-1.58974111442929
38,525,"s10","m0",-0.0437074352945361,-0.637503375773836,-0.232504373314892,-1.29848762708186
39,552,"s10","m0",0.0640713200104538,-0.339702278756787,-0.217244836493745,-3.08831557498316
40,563,"s10","m0",0.0132972002409915,-0.455284348269727,-0.299571315251884,-1.98454967258667
41,565,"s10","m0",0.0667477476893034,-0.119428039138006,-0.109822880990286,-1.87785179251706
42,583,"s10","m0",-0.00129809125330098,-0.57438565303019,-0.217831488489815,-1.75023905166541
43,597,"s10","m0",0.0214988384720825,-0.538862858302096,-0.457843499273506,-3.05425111170139
44,602,"s10","m0",-0.00270138602823313,-0.353096490373308,-0.22348836583656,-1.97585211614016
45,607,"s10","m0",-0.0388914536705236,-0.593579293457373,-0.452415865205202,-1.12531163920234
46,608,"s10","m0",-0.0255254103781504,-0.386895405523209,-0.358468319788145,-1.28293666499188
47,637,"s10","m0",0.00640036080755595,-0.266278376710613,-0.295463713134759,-1.59301768758698
48,641,"s10","m0",0.057749653084456,-0.268506256062118,-0.182980625301162,-1.38226155597277
49,656,"s10","m0",-0.022908564297003,-0.504372378473577,-0.306974504085853,-1.83705763562938
50,701,"s10","m0",-0.00235373061463609,-0.284018008709014,-0.165603956498536,-1.29539054573156
51,717,"s10","m0",-0.0691428383158277,-0.392938714705563,-0.401146911597616,-0.191003718042105
52,724,"s10","m0",-0.00653714055900318,-0.21622639647256,-0.327063325737937,-1.75971579303681
53,738,"s10","m0",-0.00158326161168348,-0.248172794566014,-0.24128515030826,-2.25151760113306
54,756,"s10","m0",0.0545180024204607,-0.335531803851674,-0.259535924679454,-2.76098815517878
55,793,"s10","m0",0.0310859443833142,-0.381467070376443,-0.400123483051791,-2.21441143858035
56,816,"s10","m0",0.0370007374116321,-0.336679103812595,-0.13652000334902,-1.80886620872445
57,824,"s10","m0",-0.0114075093224489,-0.486494678523455,-0.472501254094727,-1.44355801561612
58,831,"s10","m0",-0.00213391948169356,-0.691847100274639,-0.249077215975951,-2.00718712916087
59,840,"s10","m0",-0.0576954593114116,-0.860617656004034,-0.578093771201515,-1.03878300213453
60,868,"s10","m0",0.0156211910647218,-0.239313800309674,-0.273591948530729,-2.53165002424615
61,870,"s10","m0",-0.00658621923900686,-0.391150279011865,-0.2689613932661,-1.68260808043532
62,874,"s10","m0",0.0408585254984393,-0.322777427262549,-0.205927188084983,-2.81846624263141
63,876,"s10","m0",0.0256290936099607,-0.219602014991735,-0.364801446159141,-2.09423052756221
64,879,"s10","m0",0.0350802769441031,-0.278654689292343,-0.267651104602806,-1.80665210006515
65,931,"s10","m0",-0.066809491407646,-0.635314486158048,-0.396173800870239,-0.955238558680987
66,947,"s10","m0",0.0133352833369273,-0.361297700694627,-0.228258342863057,-1.38111886688461
67,952,"s10","m0",-0.0101589135507489,-0.464524548742739,-0.212730384488272,-1.5472287146243
68,964,"s10","m0",0.0644452364163039,-0.296518389729366,-0.186912150853131,-2.35713163136673
69,989,"s10","m0",-0.0127135455072122,-0.343450896343224,-0.375909805732771,-1.87567991219258
70,1001,"s10","m0",-0.107156426903237,-0.340219647542027,-0.617309887632769,-1.23891837227262
71,1016,"s10","m0",0.0259169645153322,-0.412406910329254,-0.114954561698092,-2.43451543680243
72,1026,"s10","m0",-0.00510138954777792,-0.606902190012537,-0.230322100381554,-2.22717349262043
73,1049,"s10","m0",0.016509496295189,-0.386249739431101,-0.328982671000694,-2.18315249133658
74,1052,"s10","m0",0.00638883066118449,-0.384847421817071,-0.388112776402924,-1.8406225806007
75,1073,"s10","m0",0.0151440311817391,-0.386385129049966,-0.2793597083067,-1.63843612515954
76,1087,"s10","m0",-0.00897920285611757,-0.543410893907528,-0.199361866887123,-1.64160989131943
77,1088,"s10","m0",-0.0537621364952666,-0.500543668050246,-0.123027064145042,-0.480200546940447
78,1110,"s10","m0",0.0997825895050622,-0.357923669448001,-0.100027656004392,-2.26990182546685
79,1116,"s10","m0",0.024513501453115,-0.575442005345436,-0.266445412811776,-2.29031328810756
80,1133,"s10","m0",0.0329793058272041,-0.321359877485105,-0.266275478202666,-2.62896427907459
81,1149,"s10","m0",-0.0299801780623586,-0.456151483702258,-0.471548403202936,-2.28674972894303
82,1154,"s10","m0",-0.0464196013582523,-0.452735094217526,-0.34240162555526,-2.35568190120928
83,1156,"s10","m0",-0.000972137061873028,-0.443462497831316,-0.263113642165518,-1.36152304936649
84,1159,"s10","m0",0.0430951873880082,-0.295305199159799,-0.260345855164639,-2.37054537029518
85,1177,"s10","m0",-0.00788415617322748,-0.250862382347298,-0.371394987892803,-1.39713729611601
86,1189,"s10","m0",0.0798623136305052,-0.15388092837745,-0.153032175074969,-1.76931929401324
87,1198,"s10","m0",0.0298103345713835,-0.626182952232741,-0.231603168396319,-1.42743180568356
88,1199,"s10","m0",-0.00830036133376507,-0.618705087801551,-0.196242336277883,-1.86360889773889
89,1201,"s10","m0",-0.0327242093128877,-0.673352018542879,-0.284386033569583,-1.31521343725573
90,1217,"s10","m0",-0.0133047275532388,-0.516317072365093,-0.330544418758347,-2.06303120804249
91,1243,"s10","m0",0.0369328199527946,-0.274877967189622,-0.390955939405881,-1.46218878934528
92,1258,"s10","m0",-0.0017973479929005,-0.251091212677287,-0.308446006520412,-1.07564249054951
93,1282,"s10","m0",0.0836206606933264,-0.226757497926286,-0.0410028861126074,-2.51002862181028
94,1289,"s10","m0",0.0246886111650746,-0.494624059501107,-0.229215086438116,-1.67324560968537
95,1291,"s10","m0",0.0418521638053555,-0.322602283643886,-0.219709837752156,-2.3103882940981
96,1295,"s10","m0",-0.0218481708288261,-0.572889842479493,-0.332335390996202,-1.28798093682874
97,1308,"s10","m0",-0.0319668836617293,-0.575582643280585,-0.365181133329622,-1.13822090846625
98,1323,"s10","m0",0.0537938253245793,-0.341785865659254,-0.20699292299712,-2.00158776976305
99,1340,"s10","m0",-0.0440656667809634,-0.504740811792786,-0.3484139774697,-1.6586317403361
100,1341,"s10","m0",0.0240137715095829,-0.281714892304609,-0.198017296877232,-1.72049209667799
101,1358,"s10","m0",0.011056428361963,-0.380120423510032,-0.454336037176333,-1.48220618777299
102,1362,"s10","m0",0.00977516067215807,-0.371524987864678,-0.224982415906612,-1.92894622391722
103,1389,"s10","m0",-0.0126538899198041,-0.612495239252995,-0.300674368573821,-1.56320114514137
104,1395,"s10","m0",-0.00146235734974156,-0.533615286148864,-0.322975999575414,-1.38363942104041
105,1398,"s10","m0",0.00977592143720227,-0.443329948310816,-0.394753187599092,-1.81192729925395
106,1400,"s10","m0",0.0620591173450709,-0.282861392049325,-0.31822130501748,-2.38651623576441
107,1406,"s10","m0",0.0204591077203673,-0.292549060611461,-0.184071743024311,-2.716911942686
108,1413,"s10","m0",0.0224109657962002,-0.422028912509729,-0.298446135668043,-1.92352254975528
109,1422,"s10","m0",0.0329126139494151,-0.355330498527599,-0.16713560407642,-2.76968209719062
110,1425,"s10","m0",0.00961919569896549,-0.450341655669541,-0.254258201033584,-0.976886557122533
111,1441,"s10","m0",0.0205606489996478,-0.29051261777529,-0.327236555660615,-2.64552481083933
112,1442,"s10","m0",-0.0590916091807602,-0.523007103738448,-0.600695302708962,-0.826416497732407
113,1449,"s10","m0",0.00284297755766395,-0.411578995984104,-0.143775054542821,-1.69009977463701
114,1450,"s10","m0",-0.0790693054799082,-0.641481805708915,-0.490670910958585,-0.851710550663383
115,1467,"s10","m0",0.0492567173669081,-0.356661723754146,-0.21289631084397,-2.11789693967235
116,1472,"s10","m0",0.0397263834381481,-0.316072339772105,-0.260270202529527,-1.14297982591376
117,1475,"s10","m0",-0.0461638903356378,-0.34874195596677,-0.427587337685428,-1.37308881034405
118,1483,"s10","m0",0.0218180176013027,-0.55550138584302,-0.288197267682222,-1.94971769934965
119,1500,"s10","m0",-0.0272058901040898,-0.267907351833841,-0.253403998839024,-1.17811509465266
120,1506,"s10","m0",0.00939046990254248,-0.438702946471078,-0.334739038570929,-1.72972454182898
121,1542,"s10","m0",0.0230490623642562,-0.449892457274657,-0.153676903736184,-1.28822817288047
122,1544,"s10","m0",-0.0115171382741298,-0.413709781324384,-0.464250682204339,-1.29224264625206
123,1559,"s10","m0",-0.0216375849073773,-0.441503764954659,-0.258701755532672,-1.82635026262327
124,1579,"s10","m0",0.0125941793210731,-0.301547394349889,-0.241425348192944,-1.22313919243677
125,1588,"s10","m0",0.0208158952595706,-0.32239135661131,-0.258659278338523,-2.33832215981753
126,1594,"s10","m0",-0.0831711921503533,-0.37687355953991,-0.478905502969352,-0.947908872710906
127,1596,"s10","m0",0.0068148981565768,-0.338754966437404,-0.278472326090891,-2.3960013965423
128,1603,"s10","m0",0.0115095605296546,-0.43235955339074,-0.332160278199886,-1.20808715485156
129,1606,"s10","m0",-0.0254687289718329,-0.555860471860602,-0.367848044152649,-0.875303752016806
130,1649,"s10","m0",0.0232602285559866,-0.308199249741784,-0.454300770123442,-2.13471786604155
131,1655,"s10","m0",0.0285765669255267,-0.271416204793812,-0.367166607518579,-2.19973503679516
132,1657,"s10","m0",-0.0673228042508705,-0.273767871354527,-0.376514328791656,-1.01682419197493
133,1694,"s10","m0",-0.039329918264952,-0.392633783410056,-0.370621152898714,-1.2904426951749
134,1698,"s10","m0",0.0128948845232264,-0.413592856463374,-0.282636425021415,-2.41486679310318
135,1708,"s10","m0",-0.00438562127795335,-0.436555979700398,-0.287166025609039,-1.80958834123067
136,1720,"s10","m0",0.00181214836278538,-0.38042025379051,-0.290735466589783,-1.40186362071427
137,1728,"s10","m0",-0.0168202559123804,-0.358973587143119,-0.417971748014162,-1.23754024536652
138,1731,"s10","m0",-0.00853243365664539,-0.350032511205863,-0.433140488789433,-1.9046152648202
139,1756,"s10","m0",0.073775305916742,-0.318422233218764,-0.170566150496076,-1.71566840396657
140,1787,"s10","m0",0.00466562752414528,-0.417203426382325,-0.318404491700504,-1.25606080441129
141,1799,"s10","m0",-0.00788971092723553,-0.417558536210572,-0.235965108488243,-1.73759740837111
142,1802,"s10","m0",-0.00379708062455304,-0.399207724247525,-0.181903045138845,-1.2122903010019
143,1810,"s10","m0",0.0513480597666097,-0.437747212098394,-0.110709909325914,-2.10217015879943
144,1827,"s10","m0",-0.0323096665855785,-0.637003093544414,-0.438135667110239,-2.01258363681292
145,1828,"s10","m0",0.0635902036578734,-0.303967416209888,-0.182780185043102,-2.86154363173467
146,1851,"s10","m0",0.0294077984686444,-0.533843870137163,-0.290474718276257,-1.32812265194268
147,1858,"s10","m0",0.0440526024347744,-0.339241200520077,-0.370696194092876,-2.19331646249001
148,1860,"s10","m0",0.0237997273764277,-0.352713654731386,-0.364574990460296,-1.33180955269768
149,1896,"s10","m0",0.0164251910046159,-0.40912955922351,-0.16626819991523,-1.30586247156708
150,1908,"s10","m0",0.0255876268297545,-0.365868667278972,-0.330651436147201,-1.80601315715033
151,1912,"s10","m0",0.0360593759782041,-0.202170685874441,-0.246159350749821,-2.07197592218443
152,1934,"s10","m0",0.0356590302433937,-0.296049023605146,-0.322571711769913,-2.29748155338488
153,1942,"s10","m0",-0.0508916623103902,-0.679551755471274,-0.528454500076267,-0.980661308523746
154,1953,"s10","m0",-0.0214996631424357,-0.453768544004607,-0.217031799918506,-1.69990544499727
155,1959,"s10","m0",0.0565407567544359,-0.225901066438479,-0.216981576919458,-1.70131092439993
156,1973,"s10","m0",0.0479324050734556,-0.246115477244101,-0.417179169094435,-2.34773662112771
157,1975,"s10","m0",0.00202330737632335,-0.347591254221466,-0.336000399439473,-1.66233871934602
158,1982,"s10","m0",0.0507034678006031,-0.437323752122879,-0.330809523239641,-2.55930361711144
159,1988,"s10","m0",0.0426978957304242,-0.411763786713219,-0.130367705072247,-1.69054458751497
160,1997,"s10","m0",-0.0483243095349123,-0.692294613753603,-0.354935301410131,-1.33298117322751
161,1998,"s10","m0",0.0464344687516519,-0.286028544181357,-0.27111527788959,-1.93655354944836
162,2001,"s10","m0",-0.0205249706503396,-0.474392321811197,-0.28795150757474,-0.765116850752437
163,2016,"s10","m0",0.0132936146362856,-0.480297042154952,-0.484070661064883,-2.59784432074156
164,2022,"s10","m0",-0.0154824580851555,-0.327929502934507,-0.303444828052505,-1.38694160778421
165,2030,"s10","m0",-0.0563079977509522,-0.670602510395526,-0.403764949860929,-1.5474138043286
166,2034,"s10","m0",-0.0044743041765685,-0.469769687640517,-0.179669081670337,-1.78214851061154
167,2041,"s10","m0",-0.00611237791598031,-0.377127502079846,-0.331418158054143,-2.6836890267387
168,2069,"s10","m0",0.0135885895996709,-0.38088551178718,-0.193712534437526,-2.50429257736485
169,2072,"s10","m0",-0.0064271416979826,-0.347617768310859,-0.304333689199213,-0.870400239533234
170,2079,"s10","m0",0.0204128027476681,-0.300453145882707,-0.280904212434475,-2.9053676807784
171,2092,"s10","m0",0.0694306222362142,-0.232852628442236,-0.136962089683726,-2.15516027035511
172,2118,"s10","m0",-0.0302886099989348,-0.600286854687283,-0.327158183124143,-1.9823813054887
173,2120,"s10","m0",-0.0168322816594938,-0.458144734245802,-0.259843949020073,-2.23048618242617
174,2124,"s10","m0",0.0241463629801267,-0.502952169541002,-0.362079459892535,-1.63267503388428
175,2126,"s10","m0",0.00971494294973416,-0.383020998415227,-0.372855018513699,-1.39293184464259
176,2139,"s10","m0",0.0585060898325149,-0.353603442623857,-0.268708120543629,-1.18521297131818
177,2190,"s10","m0",0.0459450511060279,-0.34422943031099,-0.239358868201722,-1.86112002431465
178,2201,"s10","m0",0.0129112338771258,-0.479216352794956,-0.296858903851653,-1.89562444850356
179,2209,"s10","m0",-0.0358340119675976,-0.403570508886446,-0.334334948379414,-1.38861299162139
180,2233,"s10","m0",0.0748538292662229,-0.227268934903594,-0.118410158990768,-1.68532179532214
181,2236,"s10","m0",0.0430050282710195,-0.455367607218032,-0.164121472709125,-1.89773278261512
182,2262,"s10","m0",0.0459651443653089,-0.107313845335886,-0.0452688637148974,-1.34927655929656
183,2278,"s10","m0",0.0354863305196213,-0.333791962626857,-0.285646412726023,-1.89969745807496
184,2300,"s10","m0",-0.0243671933343347,-0.494218312105543,-0.458212545214752,-1.95123284687336
185,2320,"s10","m0",0.00629164446578714,-0.390325829957556,-0.33730454588706,-2.04485299991093
186,2364,"s10","m0",-0.0105342312822813,-0.47212900058223,-0.461369905558345,-1.49423783985816
187,2375,"s10","m0",0.0421060719446567,-0.273812524056029,-0.269352292253336,-2.42221205640968
188,2379,"s10","m0",-0.0085752773411644,-0.391359718608064,-0.295792246453641,-1.42448938048556
189,2432,"s10","m0",0.0403836943140032,-0.389085927771075,-0.121399399146924,-2.24443420165978
190,2475,"s10","m0",0.0379331021351435,-0.169152789180975,-0.107883380599066,-1.72791939639335
191,2476,"s10","m0",0.00515540513674198,-0.342418513222461,-0.366927880194833,-2.83733610189014
192,2477,"s10","m0",-0.0104105085213451,-0.307811513103528,-0.311396732635919,-1.30534254576575
193,2494,"s10","m0",0.0562682109452872,-0.389735842143949,-0.236582804500686,-3.60765494565712
194,2517,"s10","m0",0.0385779637405813,-0.400876804095403,-0.154932660821507,-1.64271033497611
195,2530,"s10","m0",-0.00817426606969098,-0.322110421598695,-0.411200063548754,-1.42872552900005
196,2535,"s10","m0",0.0382758556698094,-0.300996677580847,-0.336858159314221,-2.39861604688361
197,2541,"s10","m0",0.0148712595595222,-0.402355250678853,-0.276831610201399,-2.59753601557734
198,2550,"s10","m0",0.0183978063385586,-0.5217839480157,-0.195553861434235,-1.29864570753608
199,2589,"s10","m0",-0.0104767965795052,-0.454094136395792,-0.360198232030911,-2.44540881916646
200,2590,"s10","m0",-0.00675264588486712,-0.51135865077492,-0.340631538144852,-1.55610643601911
201,2591,"s10","m0",0.0180246167271366,-0.382777757850259,-0.19749203582515,-2.12572154458905
202,2599,"s10","m0",-0.0352540431210115,-0.392626127786476,-0.504138170420089,-0.89666924196378
203,2606,"s10","m0",0.0366049107746111,-0.374597172366711,-0.230413323548081,-2.31762806830828
204,2613,"s10","m0",-0.03444015323512,-0.457701455773223,-0.24811012247906,-1.44207651708768
205,2640,"s10","m0",0.0483938110763276,-0.423090724422495,-0.300436040090603,-1.50859658426324
206,2641,"s10","m0",0.0137586816418924,-0.294308321091819,-0.16221406782674,-1.45202427348059
207,2642,"s10","m0",-0.00368612373910857,-0.26404183158031,-0.41349632239993,-1.70045267286871
208,2665,"s10","m0",-0.0453412707619752,-0.427626114342203,-0.343731359762525,-3.4705782112536
209,2699,"s10","m0",0.0350815580909272,-0.338268304306112,-0.119144209527349,-1.2113173014293
210,2707,"s10","m0",-0.0295311910151627,-0.608287004964883,-0.38403740990451,-0.897561552609457
211,2745,"s10","m0",-0.0448710635119679,-0.436112273610374,-0.401127992997563,-1.27085306680924
212,2749,"s10","m0",0.0160914319288053,-0.346525203831663,-0.292365701703814,-2.18242178855698
213,2760,"s10","m0",0.0213689861783991,-0.457504498323341,-0.275849321134907,-2.46540693949461
214,2766,"s10","m0",0.00795376658443269,-0.394750932629631,-0.316961082821042,-2.11354415588107
215,2767,"s10","m0",-0.0772373087467837,-0.296729317946513,-0.469056283123247,-1.01639962744929
216,2786,"s10","m0",0.0508650838313534,-0.34008132326882,-0.053803726476843,-2.22009179868147
217,2787,"s10","m0",-0.0423730908794931,-0.416126293391886,-0.555875097778913,-0.550255423295157
218,2811,"s10","m0",-0.0266513245739541,-0.381487632651293,-0.352266621827151,-1.52311728314378
219,2817,"s10","m0",-0.0120803063600941,-0.54420308601709,-0.15876510866389,-1.94767138843947
220,2825,"s10","m0",-0.00520535927620086,-0.231092521701608,-0.379253715097111,-2.35638356642801
221,2840,"s10","m0",0.0286852268954738,-0.492388571310593,-0.29583057509287,-1.57021729768105
222,2853,"s10","m0",0.083037159725972,-0.313464457280866,-0.231825879605073,-1.90574228940228
223,2854,"s10","m0",0.0581576853275206,-0.402457859300814,-0.254425957489638,-2.05750477684791
224,2862,"s10","m0",0.0465489907768329,-0.330830980361615,-0.223925459043532,-1.58454807411098
225,2875,"s10","m0",0.0788011130314717,-0.414922954191789,-0.0709843390303967,-2.29311799569552
226,2886,"s10","m0",-0.0398064638559012,-0.576174796515698,-0.457142151506287,-1.44900848832841
227,2895,"s10","m0",-0.0225167702988332,-0.514265925917995,-0.239323194114814,-1.06455320730867
228,2910,"s10","m0",-0.0420147755755627,-0.585577834322564,-0.453978024639726,-0.469333469347554
229,2984,"s10","m0",0.0560542347585342,-0.297344022104376,-0.21739051954816,-1.7592518029387
230,2989,"s10","m0",-0.00130239904356861,-0.411927559710015,-0.416566718406862,-1.82596184674999
231,2991,"s10","m0",-0.0320694750519087,-0.412076194691082,-0.435069211969204,-1.24304487371817
232,3012,"s10","m0",-0.000979403383953113,-0.456848405977336,-0.234882739371414,-2.3983215510502
233,3015,"s10","m0",0.0182341553072893,-0.439259807959763,-0.383884240141695,-1.42071999457743
234,3023,"s10","m0",0.0129035275804337,-0.447173667276745,-0.236218001165714,-1.58593352385757
235,3067,"s10","m0",-0.0402345220408021,-0.47778948686508,-0.196655867600068,-1.25532835006383
236,3074,"s10","m0",0.0679967286572679,-0.266324792721687,-0.230646357010688,-2.94488797922029
237,3076,"s10","m0",0.0255553444736159,-0.418357143933879,-0.283344002376706,-3.39400394433011
238,3078,"s10","m0",0.0203670082435093,-0.348773508362306,-0.368176559231104,-1.39746905006706
239,3094,"s10","m0",-0.0589845914585988,-0.39519791446409,-0.604620708263478,-1.22176233936297
240,3114,"s10","m0",0.027169331447982,-0.385285659923093,-0.274605268152682,-2.1302788193676
241,3116,"s10","m0",-0.0184292120436192,-0.453423097181979,-0.248397757803692,-1.16237057609192
242,3123,"s10","m0",-0.00205864322051168,-0.61272899458878,-0.173879445833521,-1.62729371640229
243,3129,"s10","m0",0.00347909285792384,-0.61124322880245,-0.148734807922513,-2.44923307550051
244,3189,"s10","m0",0.0456627602276848,-0.354917226710573,-0.159700599681968,-1.52141406420686
245,3197,"s10","m0",-0.0254429434766079,-0.492686042502264,-0.531874189133802,-1.74734353561484
246,3199,"s10","m0",0.0457831222762515,-0.337805866838088,-0.225136774161268,-1.63320132116301
247,3203,"s10","m0",-0.00532428239294328,-0.437202812610576,-0.298445620320426,-1.5413313506755
248,3207,"s10","m0",0.0390284331578528,-0.288901090022735,-0.146670062045588,-1.99457517494735
249,3215,"s10","m0",-0.0612357665732139,-0.639722701536405,-0.368565178351868,-1.99520313309184
250,3217,"s10","m0",0.032428338718378,-0.419378500329619,-0.376526861469059,-2.84941248142852
251,3273,"s10","m0",0.00101995032743472,-0.444556944711463,-0.332234241454134,-2.1950840652177
252,3279,"s10","m0",0.0370335350147186,-0.216390539984345,-0.171111394657776,-2.35081922264113
253,3284,"s10","m0",0.00112610004012174,-0.353526760722985,-0.419136738358348,-1.65917596013338
254,3289,"s10","m0",-0.0519712615977137,-0.446462945938139,-0.122977700116647,-1.53587276260458
255,3290,"s10","m0",-0.00829780503742475,-0.260970714227712,-0.34565081766938,-1.85733823048184
256,3305,"s10","m0",0.0201071492340592,-0.580297009234136,-0.282544500977163,-2.05286229460192
257,3314,"s10","m0",-0.00301817517562926,-0.596719780188715,-0.197679501832681,-1.62019250626321
258,3316,"s10","m0",-0.0103631108798233,-0.456036933384628,-0.390884666604011,-2.04439459105933
259,3317,"s10","m0",-0.0397158847502461,-0.809573395229969,-0.258646391401997,-1.19991103186632
260,3326,"s10","m0",-0.0219919744274467,-0.476064182999989,-0.384725886224647,-1.85466796997306
261,3328,"s10","m0",-0.015322176778992,-0.770897085983013,-0.3557477006663,-1.31574602161955
262,3331,"s10","m0",-0.00438217765546883,-0.389597715323708,-0.239071723549467,-1.26982616642917
263,3333,"s10","m0",0.0521827964232567,-0.27784571526592,-0.301908487194873,-2.54034235592007
264,3351,"s10","m0",0.0158757266043786,-0.392091318671954,-0.216127083003884,-1.43531479291284
265,3374,"s10","m0",0.04257579911023,-0.410726229816494,-0.0933854721374246,-1.76988692811549
266,3384,"s10","m0",-0.0346017455464386,-0.430972334614988,-0.238098563394072,-0.941599653761095
267,3391,"s10","m0",-0.0299545391190094,-0.570974766649121,-0.480648709035246,-1.48344103463344
268,3414,"s10","m0",0.00592526476817847,-0.397585744347543,-0.194349395255404,-1.68127501512672
269,3417,"s10","m0",0.0330448341597035,-0.464617616424785,-0.397498749575043,-1.76324038589034
270,3435,"s10","m0",-0.0563396923793302,-0.323368216099246,-0.253080954173368,-1.83206669437136
271,3470,"s10","m0",0.06603689369463,-0.481458096352466,-0.296463417086924,-2.96704541808038
272,3481,"s10","m0",0.009632926249647,-0.374752567518368,-0.228843233830894,-2.76044569906082
273,3513,"s10","m0",-0.0146684831736096,-0.363622237373314,-0.179065993394042,-2.34789619891659
274,3534,"s10","m0",-0.0674194481588085,-0.437160161125249,-0.25782904506962,-1.05914129319131
275,3536,"s10","m0",0.0621032776758347,-0.100492935724559,-0.0983115559411359,-2.15744500442378
276,3537,"s10","m0",0.0140616991259498,-0.336278415579532,-0.333671722062152,-2.48452341544547
277,3542,"s10","m0",0.0271472843074999,-0.191637722854814,-0.44421978102575,-2.35655270106799
278,3545,"s10","m0",0.00130226700028821,-0.401942879602284,-0.238107276434445,-1.59051709434224
279,3549,"s10","m0",0.0637110639294572,-0.349615814299531,-0.213858080092878,-1.67938017399176
280,3574,"s10","m0",0.0611855161486829,-0.316802081459821,-0.142336248895283,-1.04358697593996
281,3584,"s10","m0",-0.0322463734090106,-0.439269557019807,-0.262604458835741,-1.53437629019936
282,3598,"s10","m0",0.02104801273657,-0.413021542893058,-0.28920476227269,-2.5354773035556
283,3612,"s10","m0",-0.0429474968612519,-0.435567267516689,-0.327731010678437,-1.16441041942437
284,3631,"s10","m0",0.0481445216489382,-0.256057102222051,-0.200763451736844,-2.40528891977307
285,3650,"s10","m0",0.0145886437652126,-0.483310188881908,-0.319460026631627,-1.63987925914002
286,3665,"s10","m0",-0.00395871602413194,-0.401453595642843,-0.465186538917342,-2.17681869605243
287,3693,"s10","m0",0.0662557170175773,-0.276076355139355,-0.191221336284282,-2.56103282462925
288,3736,"s10","m0",0.042518769157394,-0.186245269145283,-0.432666085976101,-2.10048817237412
289,3737,"s10","m0",0.0282341762584494,-0.464210887496704,-0.282653547358747,-1.48523627870653
290,3749,"s10","m0",0.0756211093222923,-0.407919184808796,-0.18863797080956,-2.91924193728922
291,3752,"s10","m0",0.0571021479620615,-0.584939661824869,-0.196580128447828,-1.52741310026753
292,3757,"s10","m0",0.0156065677099871,-0.304539868084682,-0.274087102920512,-2.26055559766151
293,3766,"s10","m0",0.0901214800531758,-0.317393756787194,-0.059644232576133,-1.83983380876252
294,3780,"s10","m0",0.00808601576944079,-0.255966800776374,-0.435600591888611,-0.984174193910107
295,3782,"s10","m0",-0.0177724192522018,-0.423587520513533,-0.321482248002452,-1.43452784007953
296,3784,"s10","m0",0.0339704942483114,-0.337358379021015,-0.181158908555547,-1.79265352462214
297,3790,"s10","m0",0.00484929837275619,-0.450675307448658,-0.344022522130525,-1.32052887367035
298,3796,"s10","m0",-0.0795059799509819,-0.409703598667445,-0.330734736426635,-0.589736135291965
299,3802,"s10","m0",0.00550117898804034,-0.506844695125897,-0.267701906772695,-1.88193749152566
300,3809,"s10","m0",0.0320221061296064,-0.555276920958125,-0.279251484764596,-2.39397203693108
301,3825,"s10","m0",0.0341769052557616,-0.276078414939984,-0.124068140242369,-1.69676964069383
302,3839,"s10","m0",0.00652326252753873,-0.428923121762747,-0.189845652868568,-2.30897288440206
303,3875,"s10","m0",0.018423914027145,-0.380749162666699,-0.238205405110845,-1.65174984945669
304,3884,"s10","m0",-0.0188889964733756,-0.49456552618286,-0.50553137583813,-1.45279873023444
305,3886,"s10","m0",-0.0153975649989485,-0.411719990326981,-0.248405490612711,-2.04311554243901
306,3916,"s10","m0",0.00190910907380368,-0.394322832913636,-0.283045346652737,-1.59407945329239
307,3969,"s10","m0",-0.0373897305451178,-0.454133939387563,-0.455941025530177,-1.58736530726204
308,3995,"s10","m0",0.0362771267337519,-0.67934368007245,-0.222100473824961,-3.43623803846655
309,4001,"s10","m0",0.0105417619611454,-0.476634572180119,-0.246399008008148,-2.22068629262519
310,4037,"s10","m0",0.00348497216162844,-0.400456902696582,-0.2168725353073,-1.71993537223951
311,4043,"s10","m0",0.0597615256959883,-0.284391704652881,-0.151842473478711,-2.00884546314741
312,4079,"s10","m0",-0.00860643332090924,-0.42426569007755,-0.234820756235427,-1.54787167134947
313,4089,"s10","m0",-0.0132844973527107,-0.596639894494547,-0.242247540131929,-1.15329355726792
314,4099,"s10","m0",-0.0740644976777101,-0.537878125785979,-0.609757144464388,-1.42203731733891
315,4104,"s10","m0",-0.101105584176872,-0.556152519253473,-0.454238398545488,-1.29126119968632
316,4112,"s10","m0",-0.0479959377843399,-0.644682447887931,-0.334287724522397,-1.76354637728421
317,4113,"s10","m0",-0.0139979193191163,-0.535950424745538,-0.339093425709056,-2.42781142957259
318,4137,"s10","m0",0.0247330908933512,-0.273159979081605,-0.291413124891952,-2.3085402656279
319,4164,"s10","m0",0.0622431858634499,-0.386064591511885,-0.0831682800395576,-2.73759292061201
320,4209,"s10","m0",-0.0506027062153195,-0.477712455733918,-0.3689791273068,-1.71574059739118
321,4228,"s10","m0",0.0542522022709243,-0.30576379440424,-0.127106316700722,-1.83371802616142
322,4237,"s10","m0",0.0079013385077152,-0.28376402021227,-0.447856983310568,-1.44252693055494
323,4255,"s10","m0",-0.0444682170781937,-0.533037830717705,-0.336236599702306,-1.02935507219822
324,4260,"s10","m0",-0.0286844387810362,-0.459145193108032,-0.412945039023295,-1.12300473470525
325,4264,"s10","m0",0.000444927542959379,-0.481184809929191,-0.146280726414549,-1.71361930092253
326,4273,"s10","m0",0.0184943151600593,-0.202021554500029,-0.285399590050975,-1.18008584658785
327,4288,"s10","m0",-0.0556433501523032,-0.332986379160243,-0.54847634500138,-1.8429323121618
328,4301,"s10","m0",0.0325052541163146,-0.18433196464621,-0.22250637560933,-2.36357959221589
329,4334,"s10","m0",-0.0699331147445935,-0.621172673022725,-0.472080690571799,-0.83093127295766
330,4344,"s10","m0",-0.0699696151070815,-0.40600598746702,-0.251782338901403,-1.23319834236383
331,4367,"s10","m0",-0.0295930487443835,-0.636223493517168,-0.300286906392843,-1.30015644512253
332,4383,"s10","m0",0.0252920436874345,-0.24813506066023,-0.203836885423808,-1.81279730677629
333,4390,"s10","m0",0.00215778953096211,-0.394396869011247,-0.360705937742739,-1.23089944162328
334,4401,"s10","m0",0.059055752724124,-0.210501978936972,-0.213431827215978,-2.34611073406026
335,4410,"s10","m0",-0.0139283642360305,-0.415726189290643,-0.230840128362342,-1.74718717638953
336,4415,"s10","m0",0.0397182418982459,-0.358660088217615,-0.108603546854814,-2.15600290215613
337,4421,"s10","m0",0.0424816363132661,-0.310831934066797,-0.10263244206414,-1.31871552918819
338,4429,"s10","m0",-0.0161443889598537,-0.275064281511168,-0.265180710118825,-1.39658819071209
339,4435,"s10","m0",-0.0121032416552001,-0.360873424309559,-0.443930526597913,-2.32659323901699
340,4452,"s10","m0",-1.51105131253903e-05,-0.368231392214791,-0.462879940614299,-1.90918657068557
341,4454,"s10","m0",-0.0268437703476752,-0.480065114641995,-0.357929600504532,-3.09204970723959
342,4471,"s10","m0",0.0250254832770248,-0.371979358883366,-0.321238032130975,-2.17896687686195
343,4476,"s10","m0",-0.00421227531983002,-0.234620382622937,-0.400953121876662,-2.36609864220373
344,4477,"s10","m0",-0.0254653342517955,-0.561456114652654,-0.369097534334666,-0.9263125651271
345,4481,"s10","m0",-0.00159237538139312,-0.406643148383519,-0.370685038311822,-1.64505263947403
346,4492,"s10","m0",0.0196909774771072,-0.310118494157039,-0.361664259850909,-2.4644780527192
347,4495,"s10","m0",0.0527267885439405,-0.256628426817206,-0.301584443663328,-2.22249952837296
348,4496,"s10","m0",0.0146170798610248,-0.497837992244945,-0.328906812460472,-1.48937147494511
349,4503,"s10","m0",0.00807314904835015,-0.418800332848935,-0.252542044898391,-1.41807141795469
350,4508,"s10","m0",0.00175444881576224,-0.212080856756205,-0.221420761215862,-1.59222596462261
351,4512,"s10","m0",-0.0527126186942313,-0.765174107761168,-0.655365943635947,-1.46883701051371
352,4536,"s10","m0",0.00996495488921626,-0.258288354419778,-0.318836636097711,-2.8277012963434
353,4549,"s10","m0",0.0226498067331082,-0.201724142719483,-0.251883215800357,-1.73110267416907
354,4578,"s10","m0",0.007458283808881,-0.405466951136455,-0.338168881703589,-1.8435158942122
355,4602,"s10","m0",0.0010229008384077,-0.372318719338457,-0.300957769116046,-2.36076579351421
356,4614,"s10","m0",0.0085190243458586,-0.455178627138028,-0.35725064793582,-2.86060627405982
357,4615,"s10","m0",-0.0310206494945199,-0.566352675662637,-0.476837645450367,-1.54509681470033
358,4619,"s10","m0",0.0172229895299782,-0.314323429431901,-0.334428639240628,-0.725357231040356
359,4638,"s10","m0",0.0417821199557827,-0.190213398368006,-0.244282775009522,-2.76090709012113
360,4654,"s10","m0",0.0201133022735331,-0.283796472333534,-0.33260317753514,-1.73206797655534
361,4655,"s10","m0",0.0120594165348423,-0.379703221651246,-0.315982971261908,-1.26927227639267
362,4656,"s10","m0",-0.0189810137491049,-0.427369513468693,-0.545663734605284,-3.0643464262952
363,4659,"s10","m0",-0.0184568619414338,-0.434484030149046,-0.392972998415351,-1.20034507516597
364,4674,"s10","m0",0.0146062535353245,-0.283765912241456,-0.226630542590287,-1.58246367739878
365,4676,"s10","m0",0.0113760929715064,-0.576921971191916,-0.338490310243358,-1.91520082699687
366,4677,"s10","m0",-0.0109293051713292,-0.604278222865369,-0.145905594916368,-1.29078644944782
367,4697,"s10","m0",-0.0337302180483346,-0.481942458381903,-0.370468688199774,-1.87511024966903
368,4736,"s10","m0",0.042749095210259,-0.294686014325286,-0.221369868901707,-1.38918124395325
369,4744,"s10","m0",0.0169074743848956,-0.367854455823816,-0.242606856924046,-1.26583300317849
370,4759,"s10","m0",-0.0414014847691123,-0.495829139528753,-0.35700479130712,-1.77905533116363
371,4760,"s10","m0",0.00429665750904928,-0.435973631392497,-0.370899550945341,-2.07329929481867
372,4774,"s10","m0",0.0553189649392861,-0.246432642880405,-0.369262458024504,-2.14973478125737
373,4777,"s10","m0",-0.0117490302494531,-0.404063982555038,-0.314121541857882,-2.55775891105937
374,4785,"s10","m0",0.0310243643076883,-0.474134036060686,-0.192959634156718,-1.77965561731926
375,4787,"s10","m0",-0.0340642195465501,-0.681696083022227,-0.321215168945874,-1.06509305724887
376,4810,"s10","m0",0.0221746691288977,-0.524967476339245,-0.33151147403782,-1.99318609952947
377,4816,"s10","m0",-0.00485221259578651,-0.328852790962288,-0.240908161784209,-2.50391678272416
378,4861,"s10","m0",-0.0467974353449782,-0.614800733959104,-0.549794977239078,-1.77160890378207
379,4886,"s10","m0",-0.0339576951499229,-0.656142875542826,-0.267190421088747,-0.143426501412364
380,4901,"s10","m0",0.0100108465044219,-0.381608351695493,-0.348455099637723,-2.4897035005454
381,4916,"s10","m0",-0.0391838098389813,-0.489993598394096,-0.441418930961644,-0.974808578042188
382,4920,"s10","m0",0.0230851783541253,-0.180866110054164,-0.237090317102934,-1.53271753089126
383,4941,"s10","m0",-0.0240658708233269,-0.371766426774781,-0.37447958593333,-1.70415675902854
384,4944,"s10","m0",-0.0103877298596321,-0.354673970366488,-0.477451576433923,-2.75555580431697
385,4966,"s10","m0",0.00345997499578414,-0.36456196689902,-0.322930960372958,-1.75340877771276
386,5007,"s10","m0",-0.00139269983304013,-0.399225652820167,-0.183531219628153,-1.80959343820077
387,5011,"s10","m0",0.0094215135192687,-0.385771018935628,-0.337668753211073,-2.34674952939737
388,5012,"s10","m0",0.0440703021457515,-0.355415337238869,-0.41646398057148,-3.36442839232032
389,5031,"s10","m0",-0.00189041698642317,-0.214988787517916,-0.302927558193516,-0.577295319381194
390,5032,"s10","m0",0.0417031548033644,-0.438926162872888,-0.26254029270251,-2.19042241706692
391,5088,"s10","m0",0.00406753027162574,-0.297159960937355,-0.499081178837542,-1.34643877395472
392,5096,"s10","m0",-0.0358587098959264,-0.497358424138025,-0.268776056244912,-2.03871334843437
393,5116,"s10","m0",0.0457068653337102,-0.301673973348758,-0.0869638503206202,-1.68122971604412
394,5141,"s10","m0",0.0193736290899136,-0.278554424994121,-0.263186650909762,-2.31688503157657
395,5159,"s10","m0",0.00288097130507516,-0.274555235198868,-0.280165857064099,-2.42199878477662
396,5162,"s10","m0",-0.00390219201642637,-0.51206703656035,-0.536028627529277,-2.6397168945117
397,5183,"s10","m0",-0.0311477899850986,-0.365843259535909,-0.316331028557516,-0.565795625455865
398,5195,"s10","m0",0.0131798006469715,-0.512948725176998,-0.192197764325651,-1.12416837408748
399,5196,"s10","m0",0.0745808516826206,-0.270058523604796,-0.119266603502519,-2.38179965652154
400,5205,"s10","m0",-0.00231113742390778,-0.242195853328919,-0.415203871870538,-1.85518604237892
401,5209,"s10","m0",0.0144072016380649,-0.476525698944816,-0.331069136730203,-2.32501657934103
402,5227,"s10","m0",-0.00724715470040853,-0.497386563408912,-0.223650328653123,-1.59454137508549
403,5239,"s10","m0",0.0733133404403726,-0.097884238096767,-0.16423170450625,-1.82014657505705
404,5258,"s10","m0",0.0232334034318687,-0.291301729152444,-0.456876554722396,-2.63934107848438
405,5261,"s10","m0",-0.0181635749273213,-0.433541146091681,-0.360678997826325,-1.94958835569527
406,5262,"s10","m0",0.00673891467122663,-0.417497195798508,-0.534017853112627,-2.09953269961344
407,5270,"s10","m0",0.000671953564090347,-0.52487238255923,-0.308003248559951,-1.97631997887614
408,5275,"s10","m0",0.0350865430123872,-0.20096058874862,-0.0396528747460636,-2.18847388665786
409,5284,"s10","m0",0.00198692333584085,-0.365737371117986,-0.340111309088576,-1.7254508169265
410,5309,"s10","m0",0.0324744827505533,-0.392579378774687,-0.191730531522349,-1.79375787663169
411,5310,"s10","m0",0.0322230914180653,-0.409236891033166,-0.31607467741005,-3.94406402795707
412,5316,"s10","m0",-0.02345260312469,-0.365530029369569,-0.51497211806542,-0.895979236175213
413,5340,"s10","m0",0.0136760242641637,-0.476907260939342,-0.225110434023136,-2.52107433264757
414,5343,"s10","m0",-0.0300981460762591,-0.745654514190119,-0.351935592874281,-0.842790536478208
415,5346,"s10","m0",0.0204035960290372,-0.412395658299926,-0.279267980728059,-1.50111812153613
416,5347,"s10","m0",-0.00777298132345351,-0.614901980716833,-0.392824057506682,-2.28548813882939
417,5367,"s10","m0",-0.0397392527943575,-0.538057384722037,-0.572542583575001,-1.82966846280468
418,5372,"s10","m0",0.0253822185918486,-0.291659948135574,-0.344571833903923,-1.81343892096582
419,5374,"s10","m0",0.0200477889511886,-0.347119136809393,-0.362781387925301,-2.39242894555118
420,5375,"s10","m0",0.0168994101950111,-0.231064943030178,-0.216101026516439,-0.906617850864323
421,5379,"s10","m0",0.034671780595581,-0.32693832708956,-0.218486152447262,-1.83539993799726
422,5387,"s10","m0",-0.0323237803973466,-0.285042611340383,-0.370140643414781,-1.76123943194601
423,5396,"s10","m0",-0.0629728999454364,-0.415507949939813,-0.461917220906654,-2.06973999917045
424,5417,"s10","m0",0.00045557057866375,-0.230627929667911,-0.106818949041144,-1.42392486436493
425,5421,"s10","m0",-0.0015457945155962,-0.401849626448468,-0.469209228486867,-2.98836228745687
426,5440,"s10","m0",-0.0515408164827416,-0.501298557769634,-0.370991256956971,-2.25020225220184
427,5463,"s10","m0",0.0106593067611448,-0.57181957788283,-0.340961240317864,-0.757450595060518
428,5466,"s10","m0",0.0403891394633048,-0.312818940801428,-0.139976870391853,-2.0229398933915
429,5469,"s10","m0",-0.0251651196770944,-0.524907188859951,-0.410066751903145,-2.35298593371765
430,5496,"s10","m0",0.0183506743612372,-0.205728704916667,-0.153709604413906,-1.68176922846995
431,5502,"s10","m0",-0.0478789404193906,-0.474170242105314,-0.34219385306234,-0.637791867564292
432,5519,"s10","m0",0.0262137569098501,-0.39411362894785,-0.211766431616916,-1.49860904436127
433,5529,"s10","m0",-0.0159013017163866,-0.547070691632644,-0.343066778468195,-1.90653671728906
434,5533,"s10","m0",0.00654533542626948,-0.207991801650683,-0.247422876922811,-0.824404378515973
435,5548,"s10","m0",-0.0525281648189185,-0.510238785382655,-0.414890182758827,-1.61513818321222
436,5553,"s10","m0",0.00961409855643432,-0.293300240577335,-0.277945954946479,-1.11219859997753
437,5574,"s10","m0",0.0106690461898873,-0.498011595792575,-0.201417502143405,-0.927401557248876
438,5595,"s10","m0",-0.0224432259379619,-0.480717270352721,-0.311080152568344,-1.07867539451953
439,5603,"s10","m0",-0.0143162196326946,-0.618733212901914,-0.547385836206938,-1.68046549735103
440,5605,"s10","m0",-0.0213585314451761,-0.466514458718697,-0.552460074529012,-0.997342441915475
441,5611,"s10","m0",0.0652357180081553,-0.300861244378909,-0.144169931252355,-2.13635068574525
442,5617,"s10","m0",-0.0119494143929068,-0.452022467861052,-0.340574092565171,-2.67284779117282
443,5619,"s10","m0",-0.0469575170846472,-0.350646591914542,-0.323322235052953,-1.49971742332273
444,5620,"s10","m0",-0.0153229211598795,-0.38864399703322,-0.529697756219702,-1.95622332223042
445,5648,"s10","m0",-0.0117853614828054,-0.424010155168491,-0.230058891954134,-1.72280103029118
446,5662,"s10","m0",0.0500368242170382,-0.275653427644014,-0.200489271571495,-1.51819396959345
447,5663,"s10","m0",0.0719158455730658,-0.242335040274679,-0.202613335264267,-1.86300681165669
448,5671,"s10","m0",-0.0507380856886828,-0.562694921880499,-0.469468408153052,-1.27788221758131
449,5692,"s10","m0",0.00339388495305623,-0.311547256033662,-0.432051234684215,-2.11934279924545
450,5706,"s10","m0",-0.00739529937110184,-0.380170705676496,-0.389052086743406,-1.70869814034382
451,5719,"s10","m0",-0.00098132813199242,-0.240569005235053,-0.309976936076538,-1.22756501164716
452,5726,"s10","m0",0.0205759526012881,-0.599422311366862,-0.17960454330832,-1.4533336451584
453,5768,"s10","m0",0.0596758647969976,-0.2116829956565,-0.408380320559975,-1.63857580714296
454,5769,"s10","m0",0.0387462183109585,-0.22600405509291,-0.233515005051769,-1.90024379553677
455,5774,"s10","m0",-0.0556273122648094,-0.520485821640891,-0.535481311057139,-0.733448334952842
456,5788,"s10","m0",-0.00875783440553929,-0.476394123705777,-0.398686311435047,-1.6511170936535
457,5793,"s10","m0",0.0279540131185891,-0.225718426045059,-0.2536127962823,-1.83428734115495
458,5798,"s10","m0",-0.0251892605577727,-0.536371266643924,-0.331950018324883,-1.04451892957575
459,5808,"s10","m0",0.0228405046446486,-0.507315621432157,-0.319636807616768,-3.04210189507041
460,5863,"s10","m0",0.0451320225341738,-0.303359073634875,-0.281706661714425,-1.72857766137648
461,5877,"s10","m0",-0.0288965530169175,-0.398164814296272,-0.438391954911368,-1.45183027251395
462,5884,"s10","m0",0.00422018938384464,-0.466175542429519,-0.388497094291642,-1.90675904940896
463,5885,"s10","m0",-0.0230375341984195,-0.288204951380809,-0.247486487266454,-0.905705069088068
464,5898,"s10","m0",0.025247056697595,-0.436485563427307,-0.204138167221471,-1.5844423674072
465,5925,"s10","m0",0.00939317930995577,-0.432674220877688,-0.335070789949598,-1.20531680550394
466,5942,"s10","m0",0.0501994411184297,-0.293953692791418,-0.296511503382645,-1.55467189260004
467,5979,"s10","m0",0.0136985733619501,-0.488757318377487,-0.233898586402767,-1.62310086267039
468,5986,"s10","m0",-0.00736616362200245,-0.453376142710172,-0.298576832484078,-1.26068760531863
469,6011,"s10","m0",-0.0158537524603649,-0.503524183908312,-0.162191281217515,-1.40436313915764
470,6048,"s10","m0",0.000438763813360842,-0.2901734651053,-0.227139053446871,-1.47037008747555
471,6053,"s10","m0",-0.00579406531085732,-0.095804483934512,-0.356689726631187,-1.36960001310174
472,6065,"s10","m0",0.00670906870944356,-0.3757660308381,-0.352821484768935,-1.83606046823515
473,6083,"s10","m0",0.00153827686589381,-0.555050273056432,-0.29312026348493,-1.21650644736557
474,6097,"s10","m0",-0.0149800738803679,-0.536554655056966,-0.518799806430065,-2.15888504214443
475,6103,"s10","m0",0.0459968663340069,-0.208912885240058,-0.331517947050204,-1.94479001424071
476,6105,"s10","m0",0.0394802036498254,-0.297832771184168,-0.127460237970202,-2.42543345571943
477,6109,"s10","m0",-0.0143441108021065,-0.400651563989652,-0.446498119957045,-1.98658307345427
478,6129,"s10","m0",-0.0284118041278344,-0.392174305951506,-0.42870319075096,-1.70709085189244
479,6141,"s10","m0",-0.0785010062288438,-0.622468243431434,-0.506237068805509,-2.18313570375885
480,6157,"s10","m0",0.00837270449203233,-0.288417393555522,-0.260817167452241,-2.10540500177774
481,6159,"s10","m0",0.00565635417219758,-0.363202234814496,-0.29932148528058,-1.16107634230914
482,6164,"s10","m0",-0.0641113707859055,-0.496342635296469,-0.258626327793738,-0.411237675953247
483,6171,"s10","m0",0.0377014891623015,-0.237638668198764,-0.246862679848454,-2.14544484740471
484,6174,"s10","m0",0.0471008276985743,-0.573688525540513,-0.253117614092175,-1.45061080304827
485,6175,"s10","m0",0.0319982227110354,-0.332908905639731,-0.105335145917787,-1.59020402334577
486,6195,"s10","m0",0.0553611930632554,-0.173468411068566,-0.191366886734502,-2.04604984933275
487,6213,"s10","m0",-0.0407439994830423,-0.767245676956562,-0.376173095582529,-1.4771659508856
488,6218,"s10","m0",0.0204850692008499,-0.40620381987623,-0.126283252486557,-2.31468987936751
489,6219,"s10","m0",-0.0541478892986221,-0.478017418891296,-0.41656877197544,-0.552770603245572
490,6237,"s10","m0",-0.00096843819596704,-0.606653622804178,-0.273868572626774,-2.5332842633828
491,6240,"s10","m0",0.00386138317439654,-0.343814748043051,-0.404370520542889,-1.70056971630414
492,6243,"s10","m0",0.0615275610655844,-0.320994440588411,-0.286298871535478,-2.48294392140491
493,6250,"s10","m0",-0.0574318429359949,-0.510849459199942,-0.29802575163771,-1.89113473377627
494,6273,"s10","m0",0.0178498066829922,-0.403145420814827,-0.269184075848026,-1.62650192277353
495,6281,"s10","m0",-0.0162839599976814,-0.391573857761794,-0.525715543638027,-1.46493900197087
496,6289,"s10","m0",0.0220980082803611,-0.307154275765355,-0.196445397701872,-1.79160559613957
497,6301,"s10","m0",0.000660602986617391,-0.254787889631542,-0.226641901211209,-1.12765817501734
498,6311,"s10","m0",0.0680180460272207,-0.212508243347783,-0.136502070860342,-2.81100839373673
499,6312,"s10","m0",0.0207800189122398,-0.496438574596441,-0.0709847696966181,-2.04132219198019
500,6329,"s10","m0",0.0406813568720011,-0.45182444945463,-0.156789747208112,-2.30653123612201
501,6333,"s10","m0",-0.0156205737812319,-0.409353740602524,-0.366714938676693,-0.853271160441447
502,6356,"s10","m0",0.0386020644820755,-0.402148846644149,-0.0900427402090062,-2.97637765879256
503,6359,"s10","m0",0.00291371751299086,-0.452515031437615,-0.170490348966812,-1.36282104029365
504,6375,"s10","m0",0.0605201479024218,-0.241378324304303,-0.174346340928882,-2.47499552461905
505,6377,"s10","m0",0.0491139806425237,-0.422783370212711,-0.251681130671374,-1.96261553559121
506,6382,"s10","m0",-0.0556162772902843,-0.370820495529842,-0.272563942463896,-0.581439123525634
507,6388,"s10","m0",-0.00896977339455014,-0.433602222956932,-0.221091207518218,-1.32072730844121
508,6396,"s10","m0",-0.0290419055211626,-0.371709335473735,-0.359719800366128,-0.676035007169173
509,6423,"s10","m0",-0.0503295840035382,-0.503999309887387,-0.368312729661543,-1.45591516811522
510,6442,"s10","m0",0.054913783465408,-0.408555171620343,-0.1913792678124,-1.76088054360021
511,6447,"s10","m0",-0.00463533256757948,-0.499214941936472,-0.34930967430099,-1.41127480117678
512,6450,"s10","m0",0.0154878828665425,-0.56848327291615,-0.239342543861926,-1.77606484383195
513,6452,"s10","m0",-0.0419950809796188,-0.530504441972414,-0.387763456541243,-1.51566358763869
514,6472,"s10","m0",-0.00484313022568112,-0.377557928476076,-0.281966634605036,-1.85859575841733
515,6480,"s10","m0",0.0471949044474186,-0.238841134254053,-0.05973704789114,-1.0103966434665
516,6485,"s10","m0",0.00857890775257006,-0.59909836928281,-0.320085545990918,-3.01090484796919
517,6496,"s10","m0",0.032768414700301,-0.310904543853864,-0.197166029158476,-1.64996084281788
518,6498,"s10","m0",-0.0178711694792934,-0.537094178257641,-0.19981898235563,-1.41695380561451
519,6502,"s10","m0",0.0809702216479505,-0.284459123292582,-0.462029494447861,-3.09226680669249
520,6515,"s10","m0",-0.00814619964257141,-0.420608508114218,-0.299443680129928,-1.49705798281969
521,6535,"s10","m0",-0.0695260134514019,-0.537468266604784,-0.526149393917064,-2.21579643312172
522,6549,"s10","m0",0.00228672470094604,-0.572417303532875,-0.335100745520603,-1.42077770407429
523,6556,"s10","m0",-0.051745539263952,-0.529799700358166,-0.540928182541247,-0.897346857159488
524,6560,"s10","m0",0.0331377698610574,-0.406968927314719,-0.301571374252528,-2.49440155952786
525,6566,"s10","m0",-0.060081695046601,-0.62088262946375,-0.311212861580367,-0.965381919375954
526,6571,"s10","m0",0.033581123323106,-0.394988355332299,-0.148864232347205,-3.31257870776959
527,6575,"s10","m0",-0.0269749499999773,-0.455566954693458,-0.364286686138952,-2.61034469200515
528,6577,"s10","m0",0.00922636360660998,-0.390584586800533,-0.246658263582484,-2.25945444158957
529,6578,"s10","m0",0.0210426114922694,-0.221388951973942,-0.181927901828684,-1.53510776274865
530,6583,"s10","m0",-0.0553098324894151,-0.58552709521866,-0.45448835706893,-1.16892125834681
531,6596,"s10","m0",0.0251552733710279,-0.346044992398728,-0.322882822834459,-2.07988996570836
532,6632,"s10","m0",0.0343163199654527,-0.372500406297361,-0.363174127127055,-1.07969676365498
533,6633,"s10","m0",0.0883914958057306,-0.308278310489443,-0.20245500670818,-2.15113296833306
534,6650,"s10","m0",0.018413426493636,-0.300342094523395,-0.345411666318776,-2.50559798713762
535,6667,"s10","m0",0.056699954852991,-0.311158864195592,-0.332399840232146,-2.52050550881907
536,6702,"s10","m0",-0.0101822490981779,-0.456854556528123,-0.409992312183072,-1.03424148400097
537,6716,"s10","m0",0.00112553440091651,-0.3429713960624,-0.449662047697768,-1.00092844907941
538,6729,"s10","m0",0.0260779453808003,-0.425014267474775,-0.179089452156108,-1.13075773425162
539,6734,"s10","m0",0.0113591054207593,-0.389546276077869,-0.236448819544565,-2.21521387447231
540,6736,"s10","m0",-0.0321875286111948,-0.460545592289558,-0.282978752089118,-1.23333207399739
541,6739,"s10","m0",0.00733613606841008,-0.830171476686426,-0.320863178619228,-1.47094491504197
542,6746,"s10","m0",-0.0113296576446181,-0.382802850840524,-0.401989389160521,-1.64424383365825
543,6772,"s10","m0",0.012754988376571,-0.470308339417879,-0.11350585569194,-1.18643548986992
544,6800,"s10","m0",0.00866175040997279,-0.401722454088551,-0.322316077623623,-2.28467696102209
545,6842,"s10","m0",0.0321255157998659,-0.340767220643058,-0.422483004122884,-2.01077159342495
546,6859,"s10","m0",0.039392904025289,-0.312890713204671,-0.0313344402061665,-1.63561825768503
547,6865,"s10","m0",0.0438139237903714,-0.217985967422663,-0.167033446753489,-1.88990783636532
548,6875,"s10","m0",0.00079968646003653,-0.486211164997414,-0.253953877925306,-1.51839455240075
549,6892,"s10","m0",0.016545004170535,-0.469982606889394,-0.426743934727905,-2.02429704211766
550,6903,"s10","m0",0.0176004085300348,-0.224665214876123,-0.249167967586644,-2.39832015295808
551,6909,"s10","m0",-0.0350798322109233,-0.423700575309289,-0.354439359313257,-1.53368167665313
552,6912,"s10","m0",0.067984565233048,-0.295666024497917,-0.215857557147967,-2.71391727435244
553,6947,"s10","m0",-0.0174635023891156,-0.845340218841814,-0.363267751068613,-1.7300710949408
554,6960,"s10","m0",-0.0298337276454058,-0.376297725225665,-0.525954665511871,-1.39372829279082
555,6961,"s10","m0",0.0246993465551078,-0.23981509089711,-0.192391752812403,-1.97792410262122
556,7018,"s10","m0",-0.0149252896858081,-0.41023188502742,-0.254947513317166,-2.18035048045035
557,7028,"s10","m0",0.00739271634726039,-0.490481764881215,-0.306904663230757,-1.39344892750211
558,7032,"s10","m0",-0.0207102371244474,-0.485487296999047,-0.365008770141601,-1.39366106341542
559,7046,"s10","m0",0.0267677236595678,-0.311113513059103,-0.355297049601211,-2.2855970400817
560,7049,"s10","m0",-0.0309021063607989,-0.378826990407382,-0.353695743322837,-1.11745954170555
561,7060,"s10","m0",-0.047551067161001,-0.561286471313695,-0.43209854428876,-1.34128155647947
562,7063,"s10","m0",0.0121708289614386,-0.374914302366213,-0.370063991117825,-1.88932765694118
563,7066,"s10","m0",0.00694268550286513,-0.359648159822422,-0.2947573007284,-1.82430777446638
564,7086,"s10","m0",0.0346823437240815,-0.312222199845853,-0.244228309786504,-2.87747685377346
565,7087,"s10","m0",-0.0624880028164563,-0.381529658613163,-0.308629470384493,-1.49989455050347
566,7091,"s10","m0",-0.00859920656790281,-0.639951976786639,-0.251624652395409,-1.21329852316597
567,7104,"s10","m0",0.0547255420365918,-0.136039729908327,-0.233351023670518,-1.00958994827829
568,7112,"s10","m0",-0.0331396793974946,-0.363936416388877,-0.385191312857343,-2.25959417612777
569,7115,"s10","m0",-0.0809962904783067,-0.641177238677661,-0.382309395054256,-0.771997640914907
570,7144,"s10","m0",0.0144888681963089,-0.393801211944606,-0.239764955471664,-1.75806493043347
571,7146,"s10","m0",0.0505726960898222,-0.245002435799695,-0.241036382430646,-2.56496570137122
572,7148,"s10","m0",-0.010884953470383,-0.442685429240942,-0.259986936747923,-2.43360879480212
573,7157,"s10","m0",-0.064935965095212,-0.414625433626456,-0.396659272748995,-0.236970570138485
574,7164,"s10","m0",0.00270573381500471,-0.399024983280604,-0.219027717373974,-1.20561104085065
575,7173,"s10","m0",0.0447676420318391,-0.159672365378951,-0.247973827047229,-1.86813111782839
576,7184,"s10","m0",0.00422315659851723,-0.635688898053692,-0.174145215279819,-1.70876677649831
577,7185,"s10","m0",0.0403339346056876,-0.258741989643534,-0.213020102566535,-1.87703196139019
578,7194,"s10","m0",0.00867465122613707,-0.431096241653011,-0.269075351116593,-0.848907847963359
579,7195,"s10","m0",0.0292335600047427,-0.472282379586248,-0.214886820562904,-2.51134916400832
580,7203,"s10","m0",-0.00871040079901919,-0.512474477169072,-0.395394122126485,-2.40942714491047
581,7226,"s10","m0",0.0310598572414973,-0.258422075185783,-0.222332407435681,-2.74768460715847
582,7241,"s10","m0",0.0191172910297504,-0.28593296234296,-0.287711419100382,-2.55593679357696
583,7246,"s10","m0",-0.040057967179404,-0.543460673152345,-0.645545894957228,-1.3005825915067
584,7250,"s10","m0",-0.0338871222136879,-0.261740670599229,-0.261914035191021,-1.69257308154139
585,7274,"s10","m0",0.0675424742646194,-0.267601954640398,-0.116411129245494,-3.22229294986173
586,7287,"s10","m0",-0.00965846664813036,-0.365770019106732,-0.315889805199252,-2.00848255193119
587,7293,"s10","m0",-0.00453493639358887,-0.515941058507435,-0.394195738163396,-1.24048655914693
588,7318,"s10","m0",0.0656824487723868,-0.336542661871292,-0.313995982129553,-2.08105181127181
589,7319,"s10","m0",0.0685599498947511,-0.210633318930286,-0.155077160745432,-3.28507270458525
590,7325,"s10","m0",-0.0394555267846634,-0.515359573497458,-0.497181823456581,-1.22040941141869
591,7330,"s10","m0",0.00859998229490614,-0.455343895642646,-0.170341580446089,-1.49726793102125
592,7336,"s10","m0",0.0456664655564527,-0.336255310080372,-0.163275843080462,-2.09510821685321
593,7347,"s10","m0",-0.00120738177416159,-0.480941151324396,-0.389874012456897,-1.29548156906662
594,7353,"s10","m0",0.0173753250744174,-0.292974815004086,-0.188454569455123,-2.18898696698672
595,7369,"s10","m0",0.0111933887834177,-0.316549008394632,-0.300374588147438,-1.1193834680264
596,7380,"s10","m0",0.0139154002704906,-0.444065652837026,-0.150816675601149,-2.38956703026417
597,7386,"s10","m0",-0.0400619661319251,-0.568592527983482,-0.404741303219366,-1.59827112072668
598,7388,"s10","m0",0.0486335678174164,-0.346047536195999,-0.333180445463717,-1.30868661477267
599,7389,"s10","m0",-0.0165723319575542,-0.391329663352377,-0.456142908492266,-2.50690901714077
600,7401,"s10","m0",0.0113696978601295,-0.27597898577466,-0.409951127612983,-1.53841015103286
601,7415,"s10","m0",-0.0137141174113911,-0.527511334903475,-0.387079360354919,-2.27830705424139
602,7426,"s10","m0",-0.0150209736464394,-0.302363548689193,-0.455826086501459,-1.09926210676984
603,7427,"s10","m0",-0.0658939547934211,-0.725158275982238,-0.377894070520181,-0.63209793714708
604,7428,"s10","m0",-0.0011820472218643,-0.434596803345558,-0.189700939416073,-1.14445567090509
605,7431,"s10","m0",0.0184926392560814,-0.463225181755501,-0.278092512174862,-1.5673272850704
606,7463,"s10","m0",0.0147663735352067,-0.244157068235723,-0.206560351795471,-2.48803621169731
607,7483,"s10","m0",-0.0215062058927966,-0.297380039075422,-0.294542532545282,-1.33106589390306
608,7500,"s10","m0",-0.00299705065716457,-0.405657635256734,-0.228100487752037,-1.50750727749833
609,7525,"s10","m0",-0.0100486787114169,-0.408645662687064,-0.418392577978253,-1.25899071425863
610,7526,"s10","m0",-0.0307755007506126,-0.7287091400143,-0.393356449137676,-1.41989569937201
611,7533,"s10","m0",-0.0595637673717586,-0.547538328244585,-0.259659201803668,-1.11691014724383
612,7537,"s10","m0",-0.012604352562456,-0.438417503891285,-0.425926940716684,-1.62702011083089
613,7538,"s10","m0",-0.0164383985420518,-0.597143490808966,-0.248507786897328,-1.12076408465352
614,7540,"s10","m0",0.0224135147872828,-0.201647219642186,-0.300627043778429,-1.24727033432714
615,7556,"s10","m0",0.0341852223162493,-0.23322161879303,-0.325764673780277,-1.95768319141813
616,7586,"s10","m0",0.0172728568248174,-0.420278096535271,-0.329667634194398,-1.68223885083496
617,7589,"s10","m0",0.0405211757615978,-0.478936134976485,-0.29997977875794,-2.31709016087343
618,7592,"s10","m0",-0.0410508309663648,-0.318981750486482,-0.349804362311155,-0.559119653881768
619,7608,"s10","m0",-0.0196806453715338,-0.400940530056316,-0.52392164780257,-1.67839153705401
620,7660,"s10","m0",-0.00494781888218265,-0.322791913690935,-0.352945209246074,-1.97663779152145
621,7663,"s10","m0",0.0180048417393953,-0.384025401275725,-0.232102316966924,-1.74534672731428
622,7686,"s10","m0",-0.0304972508038556,-0.388626678177132,-0.343056564342437,-0.768327929436348
623,7709,"s10","m0",0.03006471679706,-0.372239142594214,-0.223529409982165,-3.0811053251648
624,7730,"s10","m0",-0.021272504983509,-0.475591280874603,-0.395280295401281,-1.1457148978304
625,7731,"s10","m0",0.0135702708825484,-0.426276220106364,-0.327235642419895,-2.3346683685381
626,7736,"s10","m0",0.0165603491439759,-0.309090726689269,-0.305639239847941,-2.27073685861431
627,7737,"s10","m0",-0.0172928628381717,-0.462958622298392,-0.399521562824136,-2.54744776851042
628,7765,"s10","m0",0.0441759902903807,-0.341551312658578,-0.423971498437943,-2.2459342138542
629,7778,"s10","m0",0.0353863295970468,-0.336719825271071,-0.228762048068498,-2.53822713380158
630,7787,"s10","m0",-0.0325139029381723,-0.517785861962298,-0.343323054328423,-0.704009059204646
631,7790,"s10","m0",0.0196136314606919,-0.433232735714834,-0.206024137864735,-3.09838470014091
632,7819,"s10","m0",-0.0423397712494338,-0.33990052126669,-0.356031040604221,-1.11354466129656
633,7820,"s10","m0",-0.00424520870270793,-0.446774382687452,-0.263873777443473,-1.9444789030493
634,7867,"s10","m0",-0.0340813885265953,-0.404873050553662,-0.525056375805294,-1.06428219484753
635,7903,"s10","m0",-0.00346355116751466,-0.432362807879117,-0.492501557000146,-2.42276235312709
636,7925,"s10","m0",-0.0118728709356,-0.603133639296626,-0.288657271071443,-1.45598671725658
637,7936,"s10","m0",0.0187286006904111,-0.320244420542404,-0.213794391228859,-1.60536755971885
638,7972,"s10","m0",-0.0308503710614538,-0.587543151519245,-0.352851222980283,-2.24121699607045
639,7987,"s10","m0",0.0307019702767659,-0.458049468316989,-0.280781842551775,-2.38406757744516
640,7991,"s10","m0",-0.0501303032518057,-0.518262786092697,-0.476956733079216,-0.830874235637013
641,7994,"s10","m0",-0.0266235575107213,-0.458128046289382,-0.513201648479681,-1.43760965202232
642,8002,"s10","m0",-0.010008642322002,-0.549411546242106,-0.442001713562049,-2.26784730752199
643,8006,"s10","m0",0.0725406582640496,-0.281572514173726,-0.0666279118791465,-1.72485087952511
644,8008,"s10","m0",-0.0253662837425361,-0.432461854976501,-0.262322277075037,-0.940386842049566
645,8024,"s10","m0",0.0896589973642708,-0.277268867105963,-0.249469860349777,-1.55033589763114
646,8037,"s10","m0",0.0409717082123132,-0.495057800670899,-0.228374214649256,-1.63192032702435
647,8048,"s10","m0",-0.0790635261896452,-0.458824363663381,-0.497630041212014,-1.43278166655345
648,8062,"s10","m0",0.00938808039471854,-0.486909213681413,-0.14942017108116,-1.68875944472581
649,8074,"s10","m0",0.0169555842343193,-0.496930717510544,-0.26310925704841,-2.05083833183046
650,8078,"s10","m0",0.0192951155429349,-0.318674549295041,-0.356841095066827,-2.63931550263584
651,8098,"s10","m0",-0.0428076961375489,-0.522325075843663,-0.351500121887652,-2.2166488934013
652,8103,"s10","m0",0.0372273865567443,-0.355613491882615,-0.310788724708882,-2.20750097446211
653,8104,"s10","m0",-0.0110126419312921,-0.39658825561727,-0.434232161967434,-1.09211203633293
654,8112,"s10","m0",0.0253658676436884,-0.404740311194799,-0.253643322545946,-2.07567464512493
655,8122,"s10","m0",0.0415447018332234,-0.367542569550874,-0.237727892603649,-3.05280849589176
656,8139,"s10","m0",0.0327796132696965,-0.333467724828986,-0.218471859201002,-1.5297499058179
657,8150,"s10","m0",-0.0148328846304176,-0.618721117746836,-0.467247751143772,-2.30297750436269
658,8152,"s10","m0",-0.0298226792414313,-0.593030015782061,-0.390323507897069,-1.45912590574053
659,8157,"s10","m0",0.0552198740841727,-0.104274523407794,-0.137147666547305,-2.13870508773895
660,8160,"s10","m0",0.0400999544067441,-0.321775202446351,-0.284387334567514,-2.78470117847577
661,8167,"s10","m0",0.0135757598210471,-0.292167002838889,-0.362253827579206,-2.46654724267129
662,8172,"s10","m0",-0.0258209983596746,-0.481560332265925,-0.263740263028509,-1.54420992605422
663,8173,"s10","m0",0.0059815857078436,-0.332140614959477,-0.314926647787802,-3.35535284969645
664,8187,"s10","m0",0.0079808871630214,-0.385102258888612,-0.211490156500074,-1.88417815975655
665,8202,"s10","m0",0.0151879098111901,-0.450633903908299,-0.226191641345447,-2.59604915448242
666,8217,"s10","m0",-0.00438872085848448,-0.442009659358181,-0.277666058231384,-2.70980076794916
667,8237,"s10","m0",-0.0510897100242285,-0.547003838247778,-0.425290816260411,-1.36921811696343
668,8253,"s10","m0",0.0472906717176094,-0.45608327981355,-0.413816774096028,-2.50348494004108
669,8285,"s10","m0",0.0324808887009293,-0.22388827714125,-0.198763908902109,-1.63397154425204
670,8286,"s10","m0",-0.0448639037894384,-0.529560342963753,-0.447867790405015,-0.60833711419743
671,8291,"s10","m0",0.0124016492620625,-0.48177590474067,-0.290394428527633,-1.58967414849264
672,8300,"s10","m0",0.0301489449996484,-0.349053311966344,-0.188473180297269,-2.01818418924488
673,8301,"s10","m0",-0.0248601686221771,-0.453759039951363,-0.368968726471166,-2.23996032418381
674,8326,"s10","m0",0.00899529827055914,-0.301141959025618,-0.169013007823339,-0.669189799466565
675,8333,"s10","m0",0.0449197013689018,-0.375951946760898,-0.182891288611258,-1.81904806285752
676,8342,"s10","m0",-0.00144961738298301,-0.451618278206659,-0.311500262155351,-1.62496334531855
677,8397,"s10","m0",0.0171823105471649,-0.305464911803157,-0.260033572545975,-1.87778549619249
678,8399,"s10","m0",0.029350303686791,-0.376490456586972,-0.260695088283934,-1.5573579214022
679,8417,"s10","m0",-0.0549908138589337,-0.600613254553399,-0.383041060726878,-1.15982445483988
680,8427,"s10","m0",0.0326120316978064,-0.461196384520997,-0.14983540710306,-2.06254525405086
681,8428,"s10","m0",0.0120907221088729,-0.32052955941582,-0.319704166301505,-2.10814137051157
682,8480,"s10","m0",0.022960124240649,-0.33599800488254,-0.29616404287005,-1.57075100387523
683,8505,"s10","m0",-0.024343652155258,-0.518489533113685,-0.343719184326599,-1.54829371192017
684,8507,"s10","m0",0.0454106064212868,-0.269826561381322,-0.175501736288721,-1.69693383332889
685,8508,"s10","m0",0.0284552974224832,-0.309416817115542,-0.152436246904762,-2.03748228316462
686,8515,"s10","m0",0.0145004794193762,-0.417866062481063,-0.343698465432109,-1.20937803232712
687,8520,"s10","m0",8.74399841353027e-05,-0.377498676389643,-0.370659544390114,-1.93452736427884
688,8521,"s10","m0",-0.0924024522419647,-0.462913053603632,-0.398057918930821,-1.1436309112262
689,8527,"s10","m0",-0.00298382678405977,-0.35432646643109,-0.332327562251191,-1.70405109044788
690,8531,"s10","m0",-0.0370298036627672,-0.447418595805164,-0.496583765589561,-1.04624794921657
691,8533,"s10","m0",0.000172573982330718,-0.543394772807983,-0.266333284141485,-2.55712678965157
692,8540,"s10","m0",-0.0228840552039226,-0.586810767203406,-0.264116277688823,-1.24449046721578
693,8547,"s10","m0",0.0408673995549378,-0.259175955384022,-0.251640472726092,-1.60653771423601
694,8550,"s10","m0",-0.0185336415527503,-0.297530733598076,-0.746736357854618,-2.46067668919419
695,8567,"s10","m0",-0.0136564268962218,-0.442849021332813,-0.289611919182115,-1.18896864505393
696,8593,"s10","m0",0.0147073041984142,-0.320804206271974,-0.176194763323757,-1.21910005472051
697,8615,"s10","m0",0.0217740761104787,-0.334810351978516,-0.429922998012761,-1.14347458075183
698,8624,"s10","m0",0.0435663990580809,-0.495203308890722,-0.245247486285536,-1.8681883600259
699,8627,"s10","m0",0.0242217679410482,-0.524963523437708,-0.311463601905013,-2.28937396682224
700,8634,"s10","m0",-0.0288803636482496,-0.494560989309374,-0.402538699032327,-1.54668387291255
701,8646,"s10","m0",0.043655180473247,-0.1982418688599,-0.232394117023156,-2.32082875296543
702,8651,"s10","m0",0.0307418134739839,-0.431539129258901,-0.216459447400753,-2.09615787780995
703,8666,"s10","m0",0.055109013133845,-0.365695904207591,-0.233289951356413,-1.60382423854584
704,8677,"s10","m0",0.015607248987453,-0.472753629437886,-0.362017539618877,-1.58529307534317
705,8679,"s10","m0",0.0028178066852655,-0.408967433635442,-0.308029684698818,-1.49664256366956
706,8703,"s10","m0",0.082923034836132,-0.19701077410399,-0.208334171576335,-2.61092067537375
707,8713,"s10","m0",0.052446169596866,-0.404196863536223,-0.356493067765401,-1.32510739657466
708,8715,"s10","m0",-0.0125761158743876,-0.414160600949571,-0.391391154004353,-1.05109802478236
709,8723,"s10","m0",-0.0184622195002925,-0.537227559414157,-0.213898669216149,-1.70656879906113
710,8724,"s10","m0",0.0463954391104671,-0.527569261831506,-0.1610770922926,-2.69463427544053
711,8739,"s10","m0",0.0170822690316058,-0.422642587284585,-0.456913579228914,-2.45484419660214
712,8741,"s10","m0",-0.0170878877363862,-0.652765606633937,-0.356395045152513,-2.70620785253827
713,8743,"s10","m0",0.0420867461555517,-0.376177346026082,-0.193698022608955,-1.4829656897758
714,8744,"s10","m0",-0.00981403956246651,-0.48755162682607,-0.320833368640122,-2.20490101961768
715,8746,"s10","m0",0.00747033498769805,-0.376424325947181,-0.29691962192746,-1.4209818537598
716,8762,"s10","m0",-0.04821318412531,-0.565425129041685,-0.432267852425279,-1.2332149170638
717,8781,"s10","m0",0.0268108152330932,-0.288669784551457,-0.381794159391662,-2.24757683197226
718,8784,"s10","m0",-2.17632843448256e-05,-0.320742659218871,-0.438416140410475,-2.07508559994879
719,8796,"s10","m0",0.00556264997676189,-0.379624626800029,-0.373399853458101,-1.05934587016857
720,8818,"s10","m0",-0.0401475817163791,-0.627960881028976,-0.458714129504355,-2.12471294676652
721,8833,"s10","m0",0.0229190451441158,-0.41941336807598,-0.353368375059501,-1.61943328812629
722,8849,"s10","m0",0.0545958446482181,-0.52986514385825,-0.110184944845159,-2.96298172216773
723,8851,"s10","m0",-0.0934239810540204,-0.709747533592113,-0.307132746708388,-0.274943255241782
724,8872,"s10","m0",0.0471056866563407,-0.285338800634407,-0.177967410828477,-1.27453410249728
725,8894,"s10","m0",0.0841482392856299,-0.193295529232034,-0.241401310176936,-2.1952466211163
726,8933,"s10","m0",-0.000414102368070534,-0.323465722916899,-0.446587320699357,-1.64180288618171
727,8938,"s10","m0",-0.0320143769189634,-0.485014015265038,-0.350273416191841,-0.933880122356046
728,8947,"s10","m0",0.0129232255666239,-0.201783778031132,-0.219565249950613,-0.669275458312023
729,8964,"s10","m0",-0.000308540358319863,-0.269596156004775,-0.202769919721884,-2.53527124305608
730,8971,"s10","m0",0.0194332378504188,-0.308819527268196,-0.235563526695336,-1.81502121834347
731,8980,"s10","m0",-0.0169022569472289,-0.490912747378415,-0.39198861671429,-1.87311536458192
732,8996,"s10","m0",-0.0155866923366267,-0.255681599597967,-0.39364603622429,-1.86988894203135
733,9001,"s10","m0",0.0332490450304734,-0.41308125853848,-0.344737457212972,-2.3440766666886
734,9011,"s10","m0",0.0431942061127932,-0.472114967656281,-0.243464138835734,-2.13443090011426
735,9050,"s10","m0",-0.0104720162731298,-0.39476650203469,-0.275649346879667,-1.03459118861357
736,9072,"s10","m0",-0.0239533871507022,-0.43814547764907,-0.330164184735935,-1.69640449862572
737,9086,"s10","m0",0.0282529896564155,-0.327245022089868,-0.192169508272663,-2.63353979100509
738,9090,"s10","m0",0.0267604779813195,-0.336270341886365,-0.404986950658721,-2.03159621836689
739,9106,"s10","m0",0.0401890464803808,-0.346000323686303,-0.217473736440882,-2.77833165694934
740,9111,"s10","m0",-0.0729836990171011,-0.372228333413068,-0.345075265006727,-0.634019363410413
741,9114,"s10","m0",0.0453050725685116,-0.246191161470044,-0.136563510727643,-2.1606307064184
742,9128,"s10","m0",-0.0134872408898557,-0.427678241873671,-0.394070391286153,-2.18531607902677
743,9129,"s10","m0",-0.0349243341946217,-0.327521198789449,-0.299427796324993,-2.04906908294759
744,9171,"s10","m0",0.0134588145564177,-0.48728321242138,-0.16313306001373,-1.6159629987669
745,9178,"s10","m0",0.0643600849210573,-0.388228407376403,-0.218121977962421,-1.45038733651362
746,9180,"s10","m0",-0.00742079208952603,-0.383236606761957,-0.563265600421655,-1.40798861225415
747,9191,"s10","m0",-0.0259072217370817,-0.431738922092507,-0.623708448102151,-1.65105796181458
748,9209,"s10","m0",0.0695208820383643,-0.179717679565506,-0.131674595071877,-2.71330085490964
749,9220,"s10","m0",0.0246812709174188,-0.295288858964534,-0.409444650302672,-2.23799164550416
750,9224,"s10","m0",0.0718838934229951,-0.375366786428666,-0.127673534112296,-1.83093751520941
751,9232,"s10","m0",0.0271966484687696,-0.425158313152092,-0.309396789796766,-1.34958306154558
752,9243,"s10","m0",0.0120738342969142,-0.542464062039404,-0.268081584774299,-2.62447597628599
753,9244,"s10","m0",-0.00629117946890945,-0.212397000145455,-0.231102577992201,-1.5740232216631
754,9276,"s10","m0",-0.065132286330082,-0.654975475619543,-0.376497321190078,-0.797121743363664
755,9293,"s10","m0",0.0590699513812771,-0.400732165178574,-0.242842658661956,-1.88210526913848
756,9304,"s10","m0",-0.00114240031231822,-0.410034408109314,-0.473458718706045,-1.77272752167429
757,9314,"s10","m0",0.0211662212029058,-0.31867805132968,-0.167597609029212,-2.12084255155995
758,9315,"s10","m0",0.0290968899314272,-0.25599283633604,-0.394488942590769,-1.34235629303799
759,9319,"s10","m0",0.0338908448344578,-0.585753197619804,-0.204446264234077,-1.92189368355455
760,9320,"s10","m0",0.00152653907082505,-0.274410877979459,-0.310023558181856,-1.12108554161789
761,9326,"s10","m0",0.00407414168519867,-0.480514444224889,-0.307045017954566,-1.90323582821452
762,9329,"s10","m0",-0.030083547937375,-0.327264168104447,-0.390779117654688,-0.573267182264664
763,9331,"s10","m0",0.00839336556814915,-0.436017160723734,-0.283744166320125,-1.94696940302374
764,9338,"s10","m0",-0.0305755345508286,-0.365423564897965,-0.35038599288066,-1.35881737329558
765,9347,"s10","m0",0.0754194432953934,-0.239233128773209,-0.114161218119773,-2.95170938848391
766,9350,"s10","m0",-0.0658568408073047,-0.492240482778843,-0.379975424767417,-0.73451813765717
767,9353,"s10","m0",0.0555344006804193,-0.537917107480188,-0.168336660793449,-2.88573698872977
768,9359,"s10","m0",-0.0314850290238703,-0.401723910014633,-0.306940878816346,-2.27920773172522
769,9375,"s10","m0",-0.0631169644980209,-0.456843272911973,-0.32971572913571,-1.18990866314629
770,9377,"s10","m0",-0.0148351301657748,-0.30512523853501,-0.329308382897021,-1.53623102578981
771,9397,"s10","m0",0.000452196481925331,-0.392915121221358,-0.2498742567444,-1.13119434432623
772,9402,"s10","m0",-0.0207386535376683,-0.493324496881554,-0.54978319866069,-2.07090574519644
773,9433,"s10","m0",0.0362937931536918,-0.302985709297654,-0.432415626343366,-2.10989232379717
774,9440,"s10","m0",-0.036371724413033,-0.490844537119218,-0.239184134112488,-1.68526667717157
775,9445,"s10","m0",0.0173831417816414,-0.360374383615335,-0.162601994001694,-1.45836540323848
776,9448,"s10","m0",-0.051295284394462,-0.635286853856208,-0.408577952683836,-1.60889327491011
777,9451,"s10","m0",0.00164734143690571,-0.484049992452357,-0.411414090330758,-1.505939730121
778,9458,"s10","m0",-0.0195746792972506,-0.505280985355001,-0.250180477318055,-0.993448034802933
779,9463,"s10","m0",-0.0272811577841216,-0.306446105408071,-0.415901070229849,-2.24634734859407
780,9475,"s10","m0",-0.0116672610049837,-0.422417091351929,-0.450604894634615,-1.45386009987909
781,9483,"s10","m0",-0.0175879962306303,-0.678074115651668,-0.423926130426699,-1.09831114028885
782,9491,"s10","m0",0.0339164934658334,-0.394327841858261,-0.269591186978141,-1.97467147340522
783,9497,"s10","m0",-0.0271958379443726,-0.489452229751409,-0.267785314179717,-1.91984183426019
784,9503,"s10","m0",0.00462542764251664,-0.587750253917439,-0.283063650452474,-2.02237969861013
785,9507,"s10","m0",-0.000426305818427676,-0.474845583704748,-0.279466254980855,-1.42153513739469
786,9512,"s10","m0",-0.0271617424705715,-0.360166353417806,-0.269100770928744,-1.89395028347802
787,9519,"s10","m0",-0.00896032819969942,-0.541481948691201,-0.314662854750406,-1.47141539890617
788,9545,"s10","m0",0.0126665298213387,-0.337446518198223,-0.416704167881887,-1.83302537316556
789,9551,"s10","m0",-0.0308865661651084,-0.315816398590686,-0.370891557353347,-1.92119996443589
790,9555,"s10","m0",0.048313592581799,-0.221309573955504,-0.0930844448424281,-2.67497737589983
791,9579,"s10","m0",-9.14248732866796e-05,-0.409277150954606,-0.390748459151998,-2.5314950987522
792,9585,"s10","m0",0.0384841108785838,-0.412320908988696,-0.156642403605714,-1.80776560266344
793,9596,"s10","m0",-0.0157863505805673,-0.5704581577806,-0.312330103879724,-1.1965099465769
794,9599,"s10","m0",-0.00886461507034362,-0.500215898542664,-0.172295788211748,-1.97379069296512
795,9611,"s10","m0",-0.0536272313606885,-0.57589245770448,-0.312212518521051,-1.09566228321256
796,9615,"s10","m0",0.0681885081774159,-0.216244881440769,-0.180916393821483,-2.08732073381692
797,9618,"s10","m0",0.00722548586151309,-0.539569373840755,-0.365294632871498,-1.25438351931164
798,9624,"s10","m0",-0.0180388381433581,-0.413791859686051,-0.394438012641587,-1.30047919322412
799,9625,"s10","m0",0.0451174997604554,-0.289091886489201,-0.186961985210332,-1.80372059194006
800,9638,"s10","m0",0.00479661787246896,-0.333819123327821,-0.450635853626005,-1.61058395368158
801,9648,"s10","m0",-0.0601279078918736,-0.529342422673081,-0.528542211545107,-1.2773066699385
802,9653,"s10","m0",0.0274641973406055,-0.260986638236182,-0.251796721256765,-1.05503824355155
803,9655,"s10","m0",-0.0210895730103205,-0.480428769517088,-0.326246903600871,-1.55401283337767
804,9673,"s10","m0",-0.0579363452475826,-0.299103494959778,-0.15306520486614,-1.35994182274554
805,9703,"s10","m0",-0.015434285822779,-0.429640264190658,-0.348933517265219,-1.42503588989939
806,9718,"s10","m0",0.0288728047604002,-0.123699512989761,-0.1535285203907,-1.24077059308046
807,9728,"s10","m0",0.0367364747236309,-0.429804450518413,-0.162031636630316,-1.73639735324065
808,9740,"s10","m0",-0.0213050266340768,-0.260617565298175,-0.32620434226952,-1.38239357079627
809,9763,"s10","m0",-0.0139170190791936,-0.302057296085686,-0.345016831445478,-1.70814332919411
810,9780,"s10","m0",0.00756528616887352,-0.350574019013318,-0.225746739507149,-1.47624507885751
811,9781,"s10","m0",-0.0990512977976634,-0.658948349270523,-0.3631770886941,-0.362436211212495
812,9783,"s10","m0",0.0365365646802997,-0.361140993908813,-0.337614423754629,-2.57338241842649
813,9797,"s10","m0",0.0123400223532418,-0.336147703149855,-0.246261476215093,-2.06165716339074
814,9798,"s10","m0",0.0882251159313205,-0.298543451337389,-0.158708391268134,-2.85238205757545
815,9804,"s10","m0",-0.00271367765364292,-0.399723494759933,-0.377068665724213,-1.40007295719183
816,9820,"s10","m0",0.0125944787854979,-0.440627847877362,-0.241663684831707,-2.47220492884019
817,9822,"s10","m0",-0.0216229575561582,-0.403637799161222,-0.422493340956254,-1.89545771427485
818,9845,"s10","m0",-0.0256643214433911,-0.613896850316657,-0.382180156175088,-1.04979210667368
819,9852,"s10","m0",0.0396489206634257,-0.336966567343183,-0.288581659767561,-2.77949947510336
820,9855,"s10","m0",0.0047071436402157,-0.409494318546477,-0.160162463216517,-1.63904614006897
821,9859,"s10","m0",0.0334486546463605,-0.465273493319569,-0.18496348059744,-1.52223255833614
822,9888,"s10","m0",0.0316051398530353,-0.405625861342549,-0.283535465363127,-3.24442498668986
823,9904,"s10","m0",0.0646725829598771,-0.28044154593206,-0.162898695395242,-2.11585204083288
824,9908,"s10","m0",0.0528479736199681,-0.259428809437512,-0.23213075012994,-2.1478760163674
825,9947,"s10","m0",0.0359828555889739,-0.354095907614465,-0.184228768206744,-1.49497240497754
826,9956,"s10","m0",-0.0142572170176633,-0.408447437098276,-0.407418851852006,-1.40302134368157
827,9960,"s10","m0",0.0140532052383023,-0.442745308752503,-0.402945782611705,-2.75254937843085
828,9994,"s10","m0",0.0522194319480096,-0.28402234368531,-0.163940132328165,-2.58781332212798
829,10016,"s10","m0",-0.011941958341623,-0.35916867512415,-0.354832040310638,-2.43736884980226
830,10022,"s10","m0",-0.00745880811628321,-0.170943320700186,-0.220489359495864,-1.58158507200551
831,10042,"s10","m0",-0.0145423297931604,-0.449325562166139,-0.311064527963398,-2.25829871656185
832,10084,"s10","m0",0.0328501801699145,-0.269116080068183,-0.240606704673667,-1.87203027648039
833,10120,"s10","m0",0.0161523266654209,-0.258196018735853,-0.287159212391232,-2.79505731926369
834,10125,"s10","m0",0.0428099014539309,-0.300283181350253,-0.211536036298017,-1.85824206859724
835,10138,"s10","m0",0.0487843013419848,-0.188426447678102,-0.172630042660206,-1.70228967342136
836,10161,"s10","m0",0.00284373986719122,-0.343127655764704,-0.383760658194141,-1.68634041499739
837,10177,"s10","m0",0.0389246588025893,-0.347161680699971,-0.337656237280055,-2.27563379209269
838,10185,"s10","m0",-0.0505881952156153,-0.442390275939146,-0.375209440014817,-1.0253479150336
839,10195,"s10","m0",-0.00283574948861613,-0.462418226251443,-0.367638657169838,-1.69818849047479
840,10206,"s10","m0",-0.00240993808346057,-0.405608085488667,-0.362572041193169,-1.59811611729052
841,10222,"s10","m0",0.00100006486187565,-0.342792210466496,-0.418177103648109,-1.37495968543871
842,10232,"s10","m0",0.0650168007093876,-0.250895513117238,-0.116323910623447,-1.99420418733365
843,10234,"s10","m0",0.0188223299561137,-0.35183202434691,-0.351738361660845,-1.44834035939992
844,10239,"s10","m0",0.00542158534596641,-0.435175494818733,-0.215938568486849,-1.07910984344884
845,10252,"s10","m0",-0.0111279037288555,-0.524782243441855,-0.241516856297194,-1.13676649226012
846,10261,"s10","m0",0.0595195252243218,-0.269478366988678,-0.154595850788468,-3.5162843752139
847,10272,"s10","m0",-0.114239350840841,-0.539948638183047,-0.407260527597621,-0.91209646935897
848,10290,"s10","m0",-0.00886102456425907,-0.470289314411328,-0.361815712640498,-1.76663828599979
849,10305,"s10","m0",-0.0147213603805593,-0.473400459513916,-0.513483463149543,-2.1320210686398
850,10308,"s10","m0",0.0188066919805029,-0.417284769352795,-0.513668988875308,-1.89703376224017
851,10309,"s10","m0",0.0524934117101576,-0.34966839141045,-0.237674267610492,-2.49114037500016
852,10310,"s10","m0",-0.0281592392499834,-0.474495032050776,-0.329366945721197,-1.12682757969789
853,10314,"s10","m0",-0.0281347040069882,-0.362503823305045,-0.113722594353267,-1.24349473116183
854,10319,"s10","m0",0.00745392104010848,-0.544892562702143,-0.43521485505669,-1.34597470755254
855,10320,"s10","m0",-0.0136354784105948,-0.334908385017246,-0.373547760484002,-1.18135894818123
856,10349,"s10","m0",-0.0203137243083,-0.408508496491059,-0.127221420185838,-0.905149104878237
857,10355,"s10","m0",0.055208865788598,-0.423156017423717,-0.357938952750448,-2.43164638663143
858,10366,"s10","m0",0.0821441233328274,-0.217602080956895,-0.117310014876088,-2.78313481920273
859,10377,"s10","m0",0.0443599131421387,-0.304610912653047,-0.101855720317964,-1.24895407076898
860,10406,"s10","m0",-0.0149054999332441,-0.447948107474323,-0.311118228325433,-1.26221818387227
861,10409,"s10","m0",0.0628797377220985,-0.218170101684619,-0.358007117440304,-1.59323683480984
862,10418,"s10","m0",0.035652154264125,-0.258981195736484,-0.257228933033078,-2.21016803304698
863,10421,"s10","m0",0.0102512053806848,-0.385361133507447,-0.296088068654419,-2.20364028552348
864,10430,"s10","m0",-0.0106951989404414,-0.54574921384063,-0.143357564426061,-1.51310368820392
865,10439,"s10","m0",-0.009900189146627,-0.467864434257373,-0.363847916474786,-1.55486132021648
866,10451,"s10","m0",0.0171460916397908,-0.477011239598804,-0.143526773165002,-1.69549713627301
867,10452,"s10","m0",0.0178842975165137,-0.311577796721646,-0.177799969596352,-1.59821648595475
868,10480,"s10","m0",-0.0611638849739878,-0.856277316666971,-0.228089293063394,-0.647925156528694
869,10485,"s10","m0",0.0117388904076895,-0.532312537959359,-0.308385635791085,-2.57706249612172
870,10504,"s10","m0",-0.0609124292686983,-0.528382444210889,-0.288295337779677,-1.74346255085028
871,10531,"s10","m0",0.0123215542169257,-0.413515073290723,-0.258929803671802,-2.15005615011578
872,10541,"s10","m0",0.00954513037192763,-0.428700398073666,-0.358255909650361,-1.86538824035509
873,10566,"s10","m0",0.0406291109293431,-0.477616659750991,-0.210021818303655,-2.19524925410776
874,10568,"s10","m0",0.0202648747452991,-0.42915842773548,-0.137955652367946,-0.568132426119063
875,10575,"s10","m0",0.0717627715736091,-0.15727729138479,-0.133067268458959,-1.54385977924897
876,10576,"s10","m0",0.016329461149474,-0.356676439001896,-0.398508856342874,-1.64354429192712
877,10592,"s10","m0",-0.00550584232651511,-0.548694120121195,-0.448795807486398,-1.81762366040152
878,10596,"s10","m0",0.0302540151698681,-0.419493622794346,-0.237408203986197,-2.6160828004033
879,10607,"s10","m0",0.0222444240613826,-0.364068626175732,-0.281104557202621,-1.17170633181801
880,10629,"s10","m0",-0.0402917271773309,-0.695399869158148,-0.308533003478985,-1.25711661678475
881,10634,"s10","m0",0.0106633816611844,-0.377683265756205,-0.634328989141688,-3.26836809838286
882,10637,"s10","m0",0.0182438547644417,-0.347263158242939,-0.280834907518442,-1.61373116770823
883,10646,"s10","m0",0.0271135269224454,-0.230121701024126,-0.232453901194753,-1.2958060564057
884,10678,"s10","m0",-0.00663042582402125,-0.406281982762973,-0.340441146982777,-1.38581782813801
885,10688,"s10","m0",-0.0267814237049142,-0.316231247177803,-0.375245767141916,-1.55068618925683
886,10691,"s10","m0",-0.0303679901608788,-0.688843512350618,-0.281670677787398,-1.32465916753025
887,10705,"s10","m0",0.0488410296190092,-0.236853156514968,-0.276512761115331,-2.95292419850125
888,10712,"s10","m0",0.00352723125089803,-0.226702175204485,-0.151734027883719,-1.51231468119912
889,10719,"s10","m0",0.0703268162675526,-0.254400796828201,-0.117221334376882,-1.93363669375287
890,10725,"s10","m0",-0.00764222002611715,-0.607136036804095,-0.163651571388455,-2.2788918925978
891,10743,"s10","m0",-0.0139784857372553,-0.427748007289319,-0.539779070901554,-1.79141685616693
892,10744,"s10","m0",0.0435746631653459,-0.297835676670004,-0.331440924039248,-0.640115740054163
893,10746,"s10","m0",-0.0210310849258974,-0.489895800304374,-0.243148694155307,-1.28480100554456
894,10768,"s10","m0",-0.00529643995206449,-0.551544693802306,-0.351686982025633,-1.83088591731894
895,10769,"s10","m0",0.0349949725987766,-0.304481102107628,-0.155608261912101,-2.89016467048407
896,10775,"s10","m0",-0.0139661009444388,-0.389248466553197,-0.485814352871852,-1.35617957718511
897,10787,"s10","m0",0.0328285847195671,-0.0764170213806347,-0.279684180099351,-0.949217382887234
898,10789,"s10","m0",0.041438026189122,-0.533721016510948,-0.148786072538886,-2.16070124918213
899,10793,"s10","m0",0.0324076487799086,-0.332495022595002,-0.348314615064647,-1.70729885232904
900,10810,"s10","m0",0.0338624801256547,-0.292335190249646,-0.104632879743632,-2.77458579991441
901,10841,"s10","m0",0.0497256239903684,-0.314265761525034,-0.194809379909082,-2.36746270255775
902,10862,"s10","m0",0.0231041827715842,-0.320475280817469,-0.227947232831578,-2.31718933119707
903,10902,"s10","m0",-0.0166700251822215,-0.490958099516755,-0.257425796194158,-1.54723395039989
904,10912,"s10","m0",0.00454959808482282,-0.458153222350968,-0.262564795852507,-2.57212667344165
905,10921,"s10","m0",0.04174995750306,-0.30086827278299,-0.222758881138703,-1.41708322446413
906,10929,"s10","m0",-0.0209236629931098,-0.339827235555056,-0.311072614081427,-2.10309800117767
907,10936,"s10","m0",0.0639595142855206,-0.189532135221916,-0.167032235302301,-1.7831841357975
908,10941,"s10","m0",0.0251379460107619,-0.32315668755012,-0.189454283655459,-1.78719801386501
909,10963,"s10","m0",0.0625685611883765,-0.327717466877335,-0.161921235893948,-2.36786420563797
910,10974,"s10","m0",-0.0428811266456979,-0.303070378348288,-0.478411243780597,-2.12853235825409
911,10988,"s10","m0",-0.0207873913619854,-0.515660991819393,-0.317010225845224,-1.41042479338739
912,10994,"s10","m0",-0.0615337444903927,-0.435895392207749,-0.432674738137272,-1.24435714716532
913,11021,"s10","m0",0.0151436651384472,-0.440915522576694,-0.351081436911915,-1.7166772410465
914,11030,"s10","m0",0.0122235519825342,-0.417812511036366,-0.307217842138892,-2.24162358944691
915,11042,"s10","m0",0.0225661566085845,-0.421375194028469,-0.342834801462156,-1.75415091866672
916,11100,"s10","m0",-0.0363158680631672,-0.504556296723082,-0.373486871797537,-1.04100702100652
917,11101,"s10","m0",0.0189618848323052,-0.427882715619784,-0.313867148610972,-2.24202334018719
918,11124,"s10","m0",-0.0266786899261074,-0.475469763026348,-0.344989114433857,-1.66895078676851
919,11156,"s10","m0",0.0668510019860141,-0.136752271245964,-0.242386769315006,-2.68724464115076
920,11157,"s10","m0",0.0304993856727915,-0.30381821372766,-0.149065684394481,-0.745500092532258
921,11189,"s10","m0",0.0557812236955571,-0.201354455227601,-0.265760272819914,-1.64683980662107
922,11207,"s10","m0",0.00709925785850748,-0.347712252858186,-0.325680310316907,-1.11596415628698
923,11218,"s10","m0",0.00871566793246614,-0.314379754723932,-0.215413754401948,-2.32717924305178
924,11236,"s10","m0",-0.00962326270780777,-0.476424923425681,-0.361614640191589,-2.08207443257724
925,11239,"s10","m0",-0.0495223126489851,-0.460063320883059,-0.543083811939353,-1.42779215080488
926,11242,"s10","m0",0.00351986282578952,-0.50817406133982,-0.272294706225088,-1.97929529950385
927,11248,"s10","m0",-0.0211040234460049,-0.401270909314827,-0.328662215621343,-1.35488162996391
928,11253,"s10","m0",0.0632762174358685,-0.320477972737852,-0.27557719005383,-1.97428996432839
929,11262,"s10","m0",-0.0203421188162045,-0.288906154596617,-0.438753636928776,-2.2609495334663
930,11278,"s10","m0",0.0466326739904218,-0.289302260040979,-0.347975956616248,-1.92447284412117
931,11303,"s10","m0",0.0627256469875711,-0.247454167963757,-0.190668699129328,-1.67502953125063
932,11324,"s10","m0",0.0226661623139983,-0.319664845527135,-0.325227932576144,-1.6874352286035
933,11329,"s10","m0",-0.000580789504567009,-0.244861367479287,-0.233259139894968,-1.50053436723436
934,11331,"s10","m0",-0.0142259562728458,-0.397683106787794,-0.269206188789842,-1.34518686692546
935,11339,"s10","m0",0.0178557561154311,-0.510699584267737,-0.32365196510273,-2.18241281295672
936,11347,"s10","m0",-0.0290166033829448,-0.718884982745237,-0.274298452793411,-1.43564766263146
937,11359,"s10","m0",0.0348189454164022,-0.268882442550739,-0.463799539463163,-1.77038908561376
938,11369,"s10","m0",0.0186556835235526,-0.236903898029015,-0.0685883290649719,-1.09185031569813
939,11375,"s10","m0",-0.0271121148358655,-0.382440925523623,-0.319274196449495,-1.22324099067729
940,11386,"s10","m0",0.0260619209736044,-0.414882615990689,-0.318650210495461,-1.96119486163815
941,11391,"s10","m0",0.0319431317212247,-0.197630769333971,-0.454948615753307,-2.74762003720528
942,11396,"s10","m0",0.0284475202862753,-0.291366698370613,-0.217747016728155,-2.74822030499643
943,11409,"s10","m0",-0.0473060488666612,-0.327226433500402,-0.359766902514663,-1.14580018855083
944,11412,"s10","m0",0.0103619343098713,-0.347627851021063,-0.228701297576283,-2.54300433906903
945,11427,"s10","m0",0.0469852948780565,-0.315063531754268,-0.433451895768954,-2.03690571032816
946,11432,"s10","m0",-0.042694552648436,-0.590627074623001,-0.256301625428769,-1.41058099542743
947,11439,"s10","m0",0.0535931810208018,-0.473575536434216,-0.451722222536067,-1.99631435047251
948,11451,"s10","m0",0.0656615092774813,-0.302219869207342,-0.155988107362298,-2.23559442744712
949,11461,"s10","m0",-0.0335897586557777,-0.504944662315738,-0.272129582509321,-0.789960939691875
950,11464,"s10","m0",-0.0318148322219194,-0.552241960896011,-0.565732141033756,-2.07579803100008
951,11478,"s10","m0",0.0419453849833017,-0.231502643203525,-0.281262198330456,-2.01690878748872
952,11491,"s10","m0",0.0146922085645198,-0.391268538178736,-0.230978975573742,-1.64098186221987
953,11496,"s10","m0",-0.0348742937649451,-0.44304458090468,-0.208923911041256,-1.62843623067147
954,11499,"s10","m0",-0.00148136338260012,-0.3008980463146,-0.332912910276086,-2.11864891063951
955,11515,"s10","m0",-0.0376433767005475,-0.463913417027828,-0.294816169314073,-1.0017911734521
956,11520,"s10","m0",0.0458113680493961,-0.225840408874427,-0.270406837910664,-2.11061501408083
957,11530,"s10","m0",-0.0620855005767404,-0.560762990904042,-0.319848966231176,-0.842106854793919
958,11542,"s10","m0",-0.0410127872170858,-0.47735357113846,-0.248646601734148,-0.584821611901373
959,11545,"s10","m0",0.00231279905637737,-0.344172373795441,-0.247820402680759,-1.45884487894576
960,11570,"s10","m0",0.000969497645013214,-0.508008830869109,-0.356277999392553,-2.47859327167734
961,11573,"s10","m0",-0.0262101075438763,-0.648965727239563,-0.388343956525915,-1.9893075675655
962,11589,"s10","m0",0.0490708305388758,-0.353043741651118,-0.0538697273232433,-2.48356995912366
963,11593,"s10","m0",0.00694919929802961,-0.348408648260734,-0.344622844782882,-1.85371080895939
964,11606,"s10","m0",0.00446942265204176,-0.352030181556992,-0.0420369761971242,-1.58782857715341
965,11607,"s10","m0",0.00932463120571682,-0.403014268140131,-0.197103221609259,-2.73689440384455
966,11639,"s10","m0",0.0162733345278221,-0.425271729729261,-0.201782112069942,-1.87740433256954
967,11668,"s10","m0",0.0221345484063052,-0.355678272845399,-0.334227446605281,-1.55288788314382
968,11700,"s10","m0",0.00647515184241811,-0.41437405445999,-0.184506361916698,-1.985584324475
969,11702,"s10","m0",0.0327928848169695,-0.276548794789918,-0.314280114204726,-2.06476134394424
970,11718,"s10","m0",-0.0657576613470823,-0.431878157273726,-0.259271904985951,-1.16892476758937
971,11719,"s10","m0",0.00164302845035144,-0.301970584449204,-0.433139328400635,-1.71826656573373
972,11727,"s10","m0",0.0229852252236882,-0.458081947454627,-0.222382989061877,-1.09928564122693
973,11737,"s10","m0",-0.0199101191409687,-0.492497139623388,-0.32174289603519,-0.753700928743284
974,11741,"s10","m0",0.0445472432719614,-0.413741661874779,-0.265092795513234,-1.73838477266154
975,11747,"s10","m0",0.0743379654218548,-0.251798379837501,-0.23445582300231,-2.21023367996896
976,11749,"s10","m0",-0.0333357118282425,-0.553336014816281,-0.278862570942515,-1.09508345567381
977,11760,"s10","m0",0.00309080823798631,-0.311564415086349,-0.281158400786117,-1.25720913616164
978,11777,"s10","m0",0.0414797149259995,-0.311380746987351,-0.187145441824702,-2.44055157920669
979,11782,"s10","m0",0.0517201335824627,-0.228393253113954,-0.12164855513809,-1.69906878708105
980,11785,"s10","m0",-0.0187889991063598,-0.438626631796621,-0.276788292114993,-2.00649504469899
981,11797,"s10","m0",0.00078968815498507,-0.383186016969606,-0.128249283301056,-0.871946745905253
982,11807,"s10","m0",0.0076014488083092,-0.170043392601647,-0.206375162580865,-2.64168958086384
983,11820,"s10","m0",0.0308619000415754,-0.196376353652674,-0.252822628554311,-1.94228247605116
984,11824,"s10","m0",-0.00955030798900992,-0.487591847023328,-0.219747615084664,-0.921250146472137
985,11828,"s10","m0",0.0250525298515785,-0.528032435653413,-0.313502163693841,-1.66210039327894
986,11840,"s10","m0",-0.0243519928899133,-0.339424933777302,-0.337227912201372,-0.721189287926862
987,11847,"s10","m0",0.0132100597688422,-0.372678836880626,-0.346431291300086,-1.32702227911312
988,11854,"s10","m0",0.0305873551209501,-0.30453085457521,-0.25635145035877,-1.94513599961416
989,11855,"s10","m0",-0.0207401402698441,-0.588564401947601,-0.271512069974237,-1.70904124497093
990,11860,"s10","m0",0.0200739658994829,-0.322118978026451,-0.385064476056771,-1.9695591850337
991,11878,"s10","m0",0.0483062926864406,-0.344762964570647,-0.215108842197651,-1.94013050761755
992,11894,"s10","m0",0.00708588919933997,-0.396353863173208,-0.234966403887135,-1.89586713182167
993,11896,"s10","m0",0.017844313192018,-0.202573739890057,-0.256919951455305,-1.25766001970523
994,11903,"s10","m0",-0.0261952817630208,-0.504415162481452,-0.352217967828496,-1.38187544756907
995,11904,"s10","m0",-0.0103939274378616,-0.547654402104717,-0.254878255019679,-1.32796837398754
996,11920,"s10","m0",0.0347734361824869,-0.369230013378449,-0.235536071556292,-2.00682006901603
997,11923,"s10","m0",-0.053680444361404,-0.33987638340845,-0.268854283208681,-0.670747030965853
998,11925,"s10","m0",-0.0333942858626367,-0.463392657418172,-0.410891166726092,-1.13939686478865
999,11936,"s10","m0",0.00708808849555954,-0.287955274920194,-0.412916325244598,-1.79123247035952
1000,11937,"s10","m0",0.00776068219404932,-0.240434499081438,-0.300753176157487,-1.35107979953528
1001,11946,"s10","m0",0.0164388833237354,-0.365198001352471,-0.219005695317912,-2.50570716587734
1002,11955,"s10","m0",-0.0651587359055593,-0.299364879802066,-0.534354497800125,-0.950951578918801
1003,11981,"s10","m0",0.040156622330028,-0.219259310777285,-0.111223715363035,-2.49813341770933
1004,12002,"s10","m0",0.0157814438255816,-0.330007119186027,-0.0746955559183607,-2.21984695112644
1005,12014,"s10","m0",-0.0103463482701553,-0.434883518597126,-0.189343454988349,-1.26564019655337
1006,12020,"s10","m0",0.0545176221118979,-0.210834475120775,-0.238340801613908,-1.6905092605039
1007,12028,"s10","m0",0.00534019584679561,-0.52963474707705,-0.396543524668858,-1.64780704184112
1008,12059,"s10","m0",-0.0364576181507838,-0.556387476169195,-0.36551168377641,-1.74210880768306
1009,12069,"s10","m0",-0.0334930344471633,-0.406711929764018,-0.227515542367172,-1.68194211674137
1010,12072,"s10","m0",-0.0370578647733652,-0.405673639773694,-0.358889280988117,-1.57022352579399
1011,12085,"s10","m0",0.0101500988284443,-0.287815237985456,-0.383576297136235,-1.91320945961232
1012,12106,"s10","m0",0.0223073785751271,-0.469982870563884,-0.275421053015824,-1.51960662718815
1013,12110,"s10","m0",-0.00769544108426748,-0.353218614822131,-0.20362545713295,-1.50213225666204
1014,12129,"s10","m0",0.0395219481642343,-0.395756452882442,-0.175094758788739,-1.95409729176561
1015,12130,"s10","m0",-0.027774474105828,-0.511713853246124,-0.26710124867516,-2.66055179578205
1016,12134,"s10","m0",-0.00351721132986179,-0.382025052550293,-0.339822127087677,-1.59255808826846
1017,12136,"s10","m0",-0.00567872880187825,-0.438576575845568,-0.469354971925287,-1.87050135620988
1018,12138,"s10","m0",-0.00534731991307904,-0.434257012261871,-0.31558070819219,-1.28607831485145
1019,12146,"s10","m0",-0.0143659389471956,-0.457505434910413,-0.358485810121173,-1.43954526975931
1020,12160,"s10","m0",0.0356431125336303,-0.376985897586479,-0.202559402031564,-1.81858903234601
1021,12170,"s10","m0",0.0327198112910482,-0.456206045219212,-0.098151304932916,-1.65419943014712
1022,12178,"s10","m0",-0.00744040817842527,-0.500897171604612,-0.11999142348013,-1.23253432730134
1023,12205,"s10","m0",-0.0440800571459926,-0.417948517629654,-0.296850869945468,-1.16811523760662
1024,12209,"s10","m0",0.0132140360824937,-0.381256209982684,-0.190419792307524,-0.947700213521065
1025,12217,"s10","m0",0.0120877225313356,-0.433294432293413,-0.464965769545383,-1.21041967903004
1026,12233,"s10","m0",0.0371564362757936,-0.46532611638885,-0.181680383037331,-1.90420511518838
1027,12248,"s10","m0",-0.0287635710160939,-0.421401796955575,-0.214490897892722,-1.51261659467256
1028,12264,"s10","m0",-0.0335614256580907,-0.344909933836195,-0.411428414814417,-1.32777166274191
1029,12265,"s10","m0",-0.0015673127444493,-0.396310174590214,-0.464159904852199,-1.79022770800917
1030,12297,"s10","m0",-0.0211951376452949,-0.439461593616554,-0.160195150933313,-2.0309227389989
1031,12307,"s10","m0",-0.0623626196327234,-0.717782478745637,-0.362144949756838,-1.12561737014003
1032,12322,"s10","m0",0.0467078187639103,-0.329859302904487,-0.263279407388585,-1.88798558028072
1033,12325,"s10","m0",0.00589033361972622,-0.63436277958952,-0.42916721765588,-2.6399641233432
1034,12332,"s10","m0",-0.0244193913323788,-0.659273218872552,-0.417760203228236,-1.55233060974038
1035,12339,"s10","m0",0.0938040971465675,-0.331165712239471,-0.093089839866054,-2.23768591640147
1036,12348,"s10","m0",-0.000417466688531901,-0.584738429590856,-0.456166641462617,-1.670450619292
1037,12355,"s10","m0",0.0197768510322245,-0.479416179710897,-0.281322140704436,-1.07277449603341
1038,12370,"s10","m0",0.0173665153104093,-0.349914528517909,-0.249402047040614,-2.10706288610706
1039,12382,"s10","m0",-0.0205229659291654,-0.412148123293198,-0.533984291512735,-1.68311082020257
1040,12394,"s10","m0",0.0270238961729009,-0.399230049413541,-0.194296614983055,-1.94947034223289
1041,12403,"s10","m0",0.00796312848278084,-0.434345617802733,-0.480402070354704,-2.34943167685907
1042,12443,"s10","m0",0.00208122931576036,-0.474481458801538,-0.278903696838073,-1.80595406498783
1043,12453,"s10","m0",-0.0158673485382903,-0.592889356142457,-0.310863474990202,-2.43443295104074
1044,12457,"s10","m0",0.0441331269251492,-0.450428204129782,-0.252487977929937,-1.83682873425725
1045,12490,"s10","m0",0.0422316412721832,-0.0937646147897885,-0.25755801627545,-1.61594671935417
1046,12496,"s10","m0",-0.000664380166369296,-0.516425527142161,-0.345758986061778,-1.94787292165316
1047,12503,"s10","m0",0.0382409846536031,-0.350074231080967,-0.0867696978093612,-1.9615563986135
1048,12520,"s10","m0",0.0357954461664868,-0.220445104052697,-0.133449064372921,-1.03781693242208
1049,12521,"s10","m0",-0.030814348958184,-0.366693595904585,-0.345026882853911,-1.062766676796
1050,12537,"s10","m0",0.0104566331432752,-0.509188007542428,-0.226630100395129,-1.55089309617035
1051,12547,"s10","m0",-0.0270037896853815,-0.244500180555406,-0.336821918262305,-0.237415424354396
1052,12560,"s10","m0",0.021623029822927,-0.328990450549453,-0.281488898645076,-1.40371221142731
1053,12570,"s10","m0",0.0161359214900003,-0.294164103032339,-0.259150011086351,-2.04917131368206
1054,12575,"s10","m0",-0.031444891754899,-0.607337271296477,-0.48293715209667,-0.824849777667498
1055,12578,"s10","m0",-0.0546940338443707,-0.4370397928504,-0.422421957625699,-1.7600529669787
1056,12582,"s10","m0",-0.0362850814906148,-0.442602237076143,-0.379284353366916,-1.2347452570033
1057,12583,"s10","m0",-0.0176515757304521,-0.555241570023964,-0.215645275248489,-1.21408013399423
1058,12587,"s10","m0",0.0573024701986135,-0.461403654625424,-0.2733266986038,-3.10466545954104
1059,12620,"s10","m0",-0.0089487634690484,-0.468830301731463,-0.269761176791115,-1.93561885850463
1060,12622,"s10","m0",-0.0109337666449738,-0.407242904241719,-0.473328949339431,-2.27921899291298
1061,12629,"s10","m0",0.0323653251293372,-0.332509790753618,-0.258560438725834,-2.36360242789804
1062,12649,"s10","m0",0.0565576714323477,-0.506905871999102,-0.224075490912592,-2.01077450566645
1063,12665,"s10","m0",-0.0394442607800077,-0.519124708128661,-0.393653729272274,-0.836431686873696
1064,12671,"s10","m0",-0.0610674971385709,-0.520578273441652,-0.328366332254023,-1.21243588497096
1065,12672,"s10","m0",-0.0556769190219553,-0.785580463715779,-0.259017382699482,-1.2308967118859
1066,12677,"s10","m0",-0.0136069855438201,-0.338786370506368,-0.238358324680123,-1.60137078013181
1067,12681,"s10","m0",-0.0200157224740604,-0.359099381604505,-0.442568598864352,-1.43385840603725
1068,12712,"s10","m0",0.0015399841258816,-0.409874913489373,-0.284218828281745,-2.2774835006363
1069,12723,"s10","m0",-0.0266634924708693,-0.605838300335257,-0.143237202989319,-1.37766287406503
1070,12728,"s10","m0",-0.0233531409860064,-0.3506325180193,-0.23064608867729,-1.2100152606652
1071,12743,"s10","m0",0.0199126328624464,-0.494881532758701,-0.289649831626377,-2.47744620950776
1072,12751,"s10","m0",0.0346646811201789,-0.114954561201266,-0.248025033853278,-1.92251439596089
1073,12754,"s10","m0",0.012878856787159,-0.356931208330478,-0.455550077178481,-1.51127248755935
1074,12757,"s10","m0",0.0487090316254294,-0.285908436654897,-0.20207341941192,-1.95349461499681
1075,12769,"s10","m0",0.000565700054863212,-0.373383325693854,-0.349771358244418,-1.51358745029546
1076,12802,"s10","m0",0.00400992868419259,-0.234763150161213,-0.307535473421263,-1.7933988415343
1077,12806,"s10","m0",-0.010452473778008,-0.344585090247075,-0.315180170334406,-2.35863701754952
1078,12813,"s10","m0",0.010672411043957,-0.407431075835848,-0.25974994688975,-2.36356973567593
1079,12833,"s10","m0",0.0268485200875789,-0.333857625692777,-0.15937001674892,-1.28772426541221
1080,12851,"s10","m0",0.0100399753667683,-0.388804149760569,-0.264347569730782,-1.52946992832817
1081,12858,"s10","m0",-0.0104584015007489,-0.432831527142324,-0.271219927575762,-1.25423204826979
1082,12876,"s10","m0",0.0148371639017083,-0.383535338718853,-0.281052506729643,-1.27203203900349
1083,12882,"s10","m0",-0.00765143184755095,-0.38822082634793,-0.366110424383363,-1.27182270714549
1084,12898,"s10","m0",0.0327979985955488,-0.253875122333725,-0.259205360287228,-2.37306879237099
1085,12908,"s10","m0",0.0151703046694243,-0.436133449721669,-0.44086993092311,-1.48217311627826
1086,12917,"s10","m0",-0.0410304027912107,-0.528459601770006,-0.378493164473145,-1.23811015520878
1087,12942,"s10","m0",0.00799962312669467,-0.513119784627906,-0.366356652409527,-1.69090316714037
1088,12948,"s10","m0",-0.0344857149883673,-0.671177797966915,-0.352200686629945,-1.72399972421112
1089,12953,"s10","m0",0.00380701477930716,-0.404983718797401,-0.271871859757773,-2.26490234094495
1090,12956,"s10","m0",-0.0264007795416276,-0.432841930809027,-0.337589238845001,-0.329449843756081
1091,12974,"s10","m0",0.0313883272641029,-0.617688649404258,-0.198028308010599,-2.16782550098752
1092,12988,"s10","m0",0.0170506346816869,-0.428705993452654,-0.34236305443993,-3.19596521615017
1093,12999,"s10","m0",0.0405340948016009,-0.237457657923967,-0.188176515013591,-2.10779204550361
1094,13010,"s10","m0",0.0548160190561705,-0.190332745347091,-0.1262104823711,-2.14261816449425
1095,13020,"s10","m0",-0.0653096688708942,-0.647073006090589,-0.529831726701699,-1.01594339405046
1096,13031,"s10","m0",0.00262899484626648,-0.49148912484388,-0.330494171255615,-2.30517730610694
1097,13035,"s10","m0",0.0103006812469599,-0.524823028649978,-0.419521444693867,-1.24383015709624
1098,13041,"s10","m0",0.043569220079222,-0.384412613895333,-0.134982372075754,-2.27237694254664
1099,13064,"s10","m0",0.0397685746194315,-0.259956492613201,-0.241070806234776,-0.663013014771748
1100,13108,"s10","m0",0.024851915140168,-0.336052888053636,-0.423402058699948,-1.96643297370997
1101,13109,"s10","m0",0.0249414975024053,-0.32489495448992,-0.13404468470597,-1.17200595872333
1102,13125,"s10","m0",-0.0287646034752518,-0.447703815145911,-0.243337312890922,-0.905230046100352
1103,13130,"s10","m0",-0.0259668958625514,-0.535276983976951,-0.326022361875233,-1.82029455179122
1104,13146,"s10","m0",0.0337268525746448,-0.29559008257266,-0.25884595232438,-2.20362278632728
1105,13153,"s10","m0",-0.00141101719805689,-0.340995007035725,-0.254596304233456,-1.83675063629957
1106,13155,"s10","m0",-0.00124369724897444,-0.46518274191323,-0.42321912903564,-1.51319199477088
1107,13171,"s10","m0",-0.0130948559269326,-0.419011061067239,-0.369404144144199,-1.77438550479411
1108,13175,"s10","m0",0.0108185265342035,-0.139769350735044,-0.188019869762632,-0.98353088080306
1109,13210,"s10","m0",-0.100472514487625,-0.569742651103138,-0.276493604117268,-0.447127878560663
1110,13223,"s10","m0",-0.0310591229580913,-0.400326521231092,-0.378122553479151,-0.830176836299223
1111,13225,"s10","m0",0.00576671820644357,-0.619221554317844,-0.295421807857203,-1.5123569622028
1112,13245,"s10","m0",0.00292597570200008,-0.48111396614697,-0.376723401575516,-2.65219517515905
1113,13250,"s10","m0",-0.035218543276716,-0.584084965477399,-0.416050264920855,-1.69673389737398
1114,13254,"s10","m0",0.00785717323584223,-0.268830366829458,-0.301532148634299,-2.2354020411922
1115,13262,"s10","m0",0.0410283721011594,-0.413238258748294,-0.273176315986204,-2.3350119277181
1116,13274,"s10","m0",0.0270993198260983,-0.214724808408612,-0.313277270502247,-1.95520586197012
1117,13284,"s10","m0",0.0119776701118469,-0.324789879593146,-0.190854755486367,-1.28457183143191
1118,13297,"s10","m0",-0.0149126037224121,-0.530768976333763,-0.373420869296738,-1.19122256812939
1119,13302,"s10","m0",0.022500221427221,-0.324952308663191,-0.210617321225973,-1.81989092461061
1120,13304,"s10","m0",0.0303481138923557,-0.244248167776397,-0.0849256081253018,-1.85160319298012
1121,13311,"s10","m0",0.0465369836092369,-0.272677010161187,-0.282086543738923,-1.48440131814648
1122,13323,"s10","m0",0.0132014431586733,-0.390525066948889,-0.168786024545836,-1.57403797078198
1123,13329,"s10","m0",0.016285416126161,-0.59482455760219,-0.351916975517072,-1.84911058089766
1124,13343,"s10","m0",0.0170555169167514,-0.312542112389997,-0.3788095930004,-2.84924761625273
1125,13345,"s10","m0",0.0107387228133787,-0.407327092054228,-0.225197451099032,-0.882196007770597
1126,13347,"s10","m0",-0.0327534532787435,-0.499884937469277,-0.257009080897377,-1.44180224455964
1127,13358,"s10","m0",-0.00690384846785775,-0.435925450448643,-0.270947094514904,-1.7980032792267
1128,13380,"s10","m0",0.0288075963547806,-0.403851102232806,-0.147235907074426,-1.91615636642094
1129,13381,"s10","m0",0.0150649265905674,-0.472076424426646,-0.121397279115835,-2.26437238781498
1130,13421,"s10","m0",0.00705022676937167,-0.459254776413813,-0.242280505070183,-3.01965724670095
1131,13424,"s10","m0",0.0410876262348598,-0.287073114613321,-0.182313683788656,-2.70265678905498
1132,13456,"s10","m0",0.0123214006450278,-0.177494904243279,-0.368955675291898,-1.82938549210337
1133,13463,"s10","m0",0.0344671154038341,-0.296517467782488,-0.154978536856507,-1.93867606095428
1134,13470,"s10","m0",0.0326747787200509,-0.274122042152783,-0.427040136076175,-1.92801145961255
1135,13478,"s10","m0",-0.00314014645924678,-0.66248851930563,-0.330565572421399,-2.51492063978731
1136,13499,"s10","m0",-0.000262409005082123,-0.2535962722675,-0.364711977588321,-1.1763319483772
1137,13513,"s10","m0",0.0220693447651078,-0.429257507958882,-0.226977156441413,-2.15771439674128
1138,13515,"s10","m0",0.0626033517707174,-0.315804689774233,-0.31188113060006,-1.88693290332455
1139,13526,"s10","m0",0.0293299290053955,-0.417014727936727,-0.206877148826307,-1.59181259495707
1140,13527,"s10","m0",0.0353566639004672,-0.383465242181016,-0.367662070750924,-2.11462123538832
1141,13533,"s10","m0",0.0657319377100601,-0.165616883731091,-0.180968349896897,-2.10096460452339
1142,13535,"s10","m0",0.0438198044587398,-0.34080433453595,-0.266208142145198,-2.97472496717973
1143,13570,"s10","m0",0.012402147330676,-0.481264279894567,-0.243803707046028,-1.19751172341513
1144,13585,"s10","m0",-0.0476832564751961,-0.344426115861259,-0.328235772434633,-0.428734601897951
1145,13592,"s10","m0",0.0198091242173006,-0.517970613061289,-0.343911380043821,-2.54409254011127
1146,13599,"s10","m0",0.0179249730277093,-0.436965010828234,-0.359567366065044,-1.66420060902864
1147,13607,"s10","m0",0.00829404591693398,-0.398186639399389,-0.425128968608818,-2.70583665981746
1148,13610,"s10","m0",-0.0057803266648481,-0.33078492188356,-0.368392217526345,-1.66774513011856
1149,13611,"s10","m0",0.0266201974468882,-0.376651084162199,-0.16484975501079,-2.1419861288287
1150,13639,"s10","m0",-0.00604053564804077,-0.450876403390894,-0.402704759183456,-2.02399005253789
1151,13640,"s10","m0",-0.0361226611302054,-0.338139020546064,-0.544687864516918,-1.20219961876094
1152,13647,"s10","m0",-0.00587153476752161,-0.472809006232537,-0.269823403565948,-1.98115364550224
1153,13651,"s10","m0",-0.0242249241983937,-0.357450335138679,-0.297779109072979,-2.27819248103028
1154,13674,"s10","m0",-0.0228080159002001,-0.387514961383472,-0.27502194539817,-0.996622478647982
1155,13711,"s10","m0",0.0191573688411851,-0.365313728673197,-0.243626419691452,-1.69094935353312
1156,13713,"s10","m0",0.0183693067845579,-0.389485414182504,-0.181913740741096,-1.45630485703541
1157,13725,"s10","m0",0.00359655615776754,-0.498024775207759,-0.236089956843007,-1.70378820780407
1158,13729,"s10","m0",-0.0465489313345938,-0.547263921960896,-0.318626431433203,-1.30125635115571
1159,13750,"s10","m0",0.0571311598228178,-0.238470515333456,-0.204927582463702,-1.9960555424761
1160,13773,"s10","m0",-0.032142685706206,-0.476095603851589,-0.297306162819182,-1.64924642215149
1161,13774,"s10","m0",-0.0574255273714797,-0.412835916707722,-0.218207613131397,-0.70798567372822
1162,13777,"s10","m0",0.0243008714573865,-0.203549798620845,-0.273766735501536,-2.18642283770992
1163,13779,"s10","m0",-0.0253991085469385,-0.56728233761581,-0.292626029912539,-1.74757623643545
1164,13795,"s10","m0",-0.0529443539821905,-0.606559759595508,-0.16775286628025,-1.12367694366616
1165,13803,"s10","m0",-0.0152096411726265,-0.412930115296748,-0.25181712457243,-1.82921994721054
1166,13825,"s10","m0",0.0560928175275024,-0.194157778245808,-0.177765866873903,-3.16700877846507
1167,13829,"s10","m0",-0.0207302768792441,-0.295124594183214,-0.336339023403584,-1.46451718407465
1168,13837,"s10","m0",0.0445968494770342,-0.144113588034209,-0.26987223278788,-1.06066610153639
1169,13844,"s10","m0",0.026583470554475,-0.345803204025604,-0.250932019483493,-2.2119490998364
1170,13848,"s10","m0",-0.0206587290003124,-0.476472415359979,-0.343844007783496,-2.20173828591337
1171,13863,"s10","m0",-0.015401026080593,-0.686283689265434,-0.217558641826873,-2.10297485368092
1172,13892,"s10","m0",0.029474723541594,-0.396942208718327,-0.30683944562663,-1.7561856431098
1173,13907,"s10","m0",-0.0798950071497549,-0.485353073887729,-0.652878064570602,-0.495730356814968
1174,13914,"s10","m0",-0.0215553201453766,-0.511633471515166,-0.325733319992549,-0.868219223892434
1175,13919,"s10","m0",-0.0373159036334015,-0.52255948186662,-0.465270341438609,-1.13110514495935
1176,13920,"s10","m0",0.0431652773838479,-0.378171690611056,-0.201464099162587,-1.77483153392688
1177,13939,"s10","m0",-0.0403032057310546,-0.547811036754943,-0.330575643792647,-1.46670235637659
1178,13957,"s10","m0",-0.0274798309715278,-0.293524514751414,-0.357500946670141,-1.55630277787794
1179,13969,"s10","m0",-0.00629901337436329,-0.524117904292138,-0.47249698968465,-1.60659841013934
1180,13970,"s10","m0",0.0212185071550197,-0.3507098687619,-0.429868134997427,-1.97049126068398
1181,13974,"s10","m0",0.0306907523168184,-0.319283534817967,-0.249408556428599,-2.03521216861244
1182,13980,"s10","m0",-0.0366379204898197,-0.612774111213829,-0.480632731928564,-1.68880146827662
1183,13982,"s10","m0",-0.0170002360949795,-0.372262258461877,-0.375686681343983,-1.49975752406193
1184,13997,"s10","m0",0.0285536421052314,-0.309698158350424,-0.31292833279331,-1.80047088195686
1185,14024,"s10","m0",0.0379861809284653,-0.296314014691386,-0.329092707226293,-2.55028424428324
1186,14033,"s10","m0",-0.0167771921263826,-0.423764905921243,-0.103364884870836,-1.04294087997132
1187,14036,"s10","m0",0.0462095903091775,-0.309145472850188,-0.135078981341119,-1.6369856435532
1188,14046,"s10","m0",0.00139966141943777,-0.481951627561126,-0.228179098620716,-1.67178024484351
1189,14059,"s10","m0",-0.0574697197850941,-0.391129910234063,-0.328905397432389,-0.862101182162724
1190,14070,"s10","m0",-0.0123632044897914,-0.273552237223599,-0.361185099957416,-0.936905836455398
1191,14074,"s10","m0",0.0627620539296546,-0.328181865969652,-0.128512289643659,-2.0083672598674
1192,14109,"s10","m0",0.0131139942916881,-0.164396581804746,-0.1508172706011,-2.27058373214523
1193,14137,"s10","m0",0.0517310602997417,-0.370508905730846,-0.150842414731385,-1.52157313082345
1194,14166,"s10","m0",-0.00365619801297998,-0.508332713016508,-0.240252719471524,-0.727431784104675
1195,14171,"s10","m0",-0.00715243587741871,-0.469257019823998,-0.185692379086648,-0.844814667543057
1196,14174,"s10","m0",0.0379580997184026,-0.420686918321956,-0.236253897944903,-2.28218655177428
1197,14194,"s10","m0",-0.00910898896985424,-0.365253464980247,-0.351299905509541,-1.24579536223131
1198,14215,"s10","m0",-0.0316127567617108,-0.551375769663289,-0.156436136284524,-1.33009728890128
1199,14221,"s10","m0",-0.00889341785156329,-0.341371988160454,-0.355661799940418,-2.18591412706376
1200,14229,"s10","m0",-0.0081882330096152,-0.491255023200729,-0.22879416801654,-1.27918892393558
1201,14233,"s10","m0",0.0306255178685234,-0.473012029353065,-0.394409383932841,-2.43366599947881
1202,14241,"s10","m0",0.0087054842886849,-0.559741044681717,-0.211349464017194,-2.13620463215375
1203,14252,"s10","m0",0.0206708852719291,-0.426790698945343,-0.397332219860786,-2.04795088731476
1204,14267,"s10","m0",0.00934943845760169,-0.214658165905375,-0.295469654640819,-1.6698517301372
1205,14294,"s10","m0",0.0349774177146472,-0.446165274186333,-0.238475698608551,-1.61055009213656
1206,14298,"s10","m0",-0.00477079233734109,-0.44069011013404,-0.222835675079361,-1.89668181864407
1207,14325,"s10","m0",0.0587111704287859,-0.221289747698609,-0.217136383784326,-2.70803419445865
1208,14327,"s10","m0",0.0126121541325461,-0.521513761701306,-0.354881842016516,-1.60355090052227
1209,14337,"s10","m0",-0.010728679236214,-0.464262779615949,-0.395601537074576,-2.02427862646534
1210,14342,"s10","m0",0.0468635448516497,-0.476581498482817,-0.196437113271515,-2.39773993594226
1211,14345,"s10","m0",0.0201297448235719,-0.491150937738021,-0.257896335754301,-1.25979169103089
1212,14360,"s10","m0",-0.0553979087752647,-0.539319349872369,-0.517213595421957,-0.894379296150053
1213,14370,"s10","m0",-0.0165321952191497,-0.519143830963095,-0.264694624156207,-0.673676363359794
1214,14374,"s10","m0",0.0151129830789379,-0.315672951359633,-0.207166397151227,-1.83988806132254
1215,14385,"s10","m0",0.0323019239602303,-0.298933356045083,-0.262665365434661,-1.59133719215617
1216,14406,"s10","m0",-0.0319694352959931,-0.438137381900414,-0.23873203231537,-1.13083677914503
1217,14407,"s10","m0",-0.0255999397310895,-0.460784412386855,-0.415511563014666,-1.66343012412758
1218,14412,"s10","m0",-0.000676379189093002,-0.524424919410624,-0.281131128222203,-1.31138611969715
1219,14507,"s10","m0",0.0481292084909823,-0.358345139184033,-0.309469830186632,-2.01984246569983
1220,14512,"s10","m0",-0.0641467425274077,-0.545694487455525,-0.562533758893039,-1.11478874925399
1221,14532,"s10","m0",0.0207757155037656,-0.362011326409314,-0.262214840049046,-1.77103285452245
1222,14541,"s10","m0",0.0372884235348358,-0.291138780478726,-0.259672156721486,-1.39324331777227
1223,14547,"s10","m0",-0.0359641687728197,-0.401770025277669,-0.382305624570411,-1.66915721489272
1224,14556,"s10","m0",-0.043625371641218,-0.534256806154439,-0.395731546572005,-1.57634421725427
1225,14558,"s10","m0",0.0175668750455996,-0.321566236943968,-0.112242535114627,-1.59579562253925
1226,14563,"s10","m0",-0.00374550634946706,-0.440186912597444,-0.220955031029646,-1.64175195394572
1227,14590,"s10","m0",0.0119239847718366,-0.40175110112421,-0.284962976386358,-2.583399917886
1228,14592,"s10","m0",0.035496579946227,-0.270886956247781,-0.264045492831128,-2.42395828090658
1229,14594,"s10","m0",-0.065632856775786,-0.449222364623096,-0.378822587661261,-1.12246279193689
1230,14606,"s10","m0",-0.0399003263320465,-0.426709106172281,-0.36895518483634,-1.52456023104293
1231,14608,"s10","m0",0.0141249855800882,-0.375405923487996,-0.221675511484598,-2.66754005332572
1232,14610,"s10","m0",0.0133181223285884,-0.383108433949843,-0.263656341022701,-1.45887964634252
1233,14611,"s10","m0",-0.00680706924217742,-0.345718466187869,-0.305340732100589,-2.22704864339849
1234,14644,"s10","m0",-0.0267074463836958,-0.405025427083563,-0.235968890068839,-0.831211738478646
1235,14654,"s10","m0",0.0531198819698463,-0.264813058156842,-0.274909325570934,-1.97650858100181
1236,14695,"s10","m0",-0.0259548301644111,-0.455011729690369,-0.155353851436707,-2.0506041948681
1237,14696,"s10","m0",-0.0268001770446856,-0.399938616344959,-0.486736433716789,-1.88568492855962
1238,14714,"s10","m0",0.0310375756521975,-0.660872556139918,-0.245455171963833,-1.32382084190792
1239,14715,"s10","m0",-0.00193356382756652,-0.448626451294654,-0.417766861195135,-2.18773594090511
1240,14743,"s10","m0",-0.00117993510830861,-0.387666860736577,-0.360485039452113,-1.85735827739328
1241,14745,"s10","m0",0.0506907572228977,-0.236940330495612,-0.331655162248869,-2.11529343573356
1242,14763,"s10","m0",-0.0127436062615592,-0.407010173551714,-0.272794657036708,-1.0780128018903
1243,14774,"s10","m0",-0.0320564649513883,-0.499903487461501,-0.266677140619714,-1.24039501394839
1244,14780,"s10","m0",-0.0156947690620601,-0.328815907760255,-0.219522690186208,-2.12968097429685
1245,14790,"s10","m0",0.000542736278114028,-0.619591070916747,-0.47877528348595,-2.10987198680458
1246,14794,"s10","m0",-0.033977221469512,-0.465510302751472,-0.240294428121175,-1.85662749216427
1247,14805,"s10","m0",0.0205030093780297,-0.309299980011727,-0.247409986744678,-1.32406384556367
1248,14806,"s10","m0",0.0386247248647788,-0.478160093375309,-0.277657759485194,-1.67286952476463
1249,14830,"s10","m0",0.0349893257356209,-0.231519676887697,-0.202697700170525,-1.14728535591978
1250,14850,"s10","m0",0.0674829274666549,-0.390135662579481,-0.192900204407828,-1.89783760658322
1251,14856,"s10","m0",0.071084575248172,-0.4201224473925,-0.273398670439347,-1.65420208278183
1252,14863,"s10","m0",-0.0432330937283246,-0.438116342598076,-0.512171158405765,-1.52474283322737
1253,14864,"s10","m0",-0.042941542818373,-0.447269220888443,-0.297870170728582,-0.920143184100971
1254,14869,"s10","m0",-0.00680281182792691,-0.392962632553334,-0.323069573181535,-1.18056920146522
1255,14870,"s10","m0",-0.0306207689089639,-0.430197788415366,-0.279938720363071,-1.24096212009607
1256,14872,"s10","m0",0.00632369372003137,-0.463908615599656,-0.307283490365354,-1.779915359327
1257,14873,"s10","m0",0.00482819242709598,-0.310795770709919,-0.161307240024962,-1.42177790805481
1258,14875,"s10","m0",-0.0231157942387173,-0.304226529066904,-0.43004766728371,-1.22336256276971
1259,14889,"s10","m0",-0.0605188887726031,-0.546895831521186,-0.681224450684665,-1.88878108649255
1260,14890,"s10","m0",0.025431926100043,-0.162486008782048,-0.201700824238246,-1.38406452096243
1261,14891,"s10","m0",0.0147360942284531,-0.303537718591263,-0.250164216254558,-1.73425935537665
1262,14893,"s10","m0",0.0496950689538982,-0.350412015356886,-0.247997430583634,-2.74262266973774
1263,14899,"s10","m0",0.0185144806716062,-0.575328606056357,-0.273342641016856,-2.0306472918904
1264,14905,"s10","m0",-0.00268983092642084,-0.319883572147749,-0.389882473202884,-0.937863717375847
1265,14913,"s10","m0",-0.0206618171361348,-0.378279788575153,-0.307467581117106,-1.47395183022958
1266,14947,"s10","m0",0.0211727091798824,-0.337362021802166,-0.311164949779751,-1.53734403444792
1267,14957,"s10","m0",-0.036719762057139,-0.41667308900216,-0.342199156047412,-0.942660656555584
1268,14985,"s10","m0",0.0194352836552882,-0.471065114414981,-0.256476136180375,-1.88106637209243
1269,15000,"s10","m0",-0.0155732480333012,-0.356794004323596,-0.289626485244592,-1.20706610773096
1270,15005,"s10","m0",-0.0188138171530938,-0.375672840803073,-0.282375604267675,-1.52606858646718
1271,15018,"s10","m0",-0.0089645627739538,-0.352885557769826,-0.354147816105752,-2.69284270892095
1272,15029,"s10","m0",-0.0168949507175703,-0.542350799150614,-0.361112541180915,-1.18211558820366
1273,15030,"s10","m0",0.0242785324363438,-0.271032188475488,-0.432444190914428,-1.14053564863687
1274,15033,"s10","m0",0.00123427552376922,-0.340383730849084,-0.45524102747942,-1.82339510643581
1275,15070,"s10","m0",-0.00772006440740644,-0.404864439118391,-0.164650845668674,-2.31525960930306
1276,15078,"s10","m0",-0.0218381060198472,-0.277940891546096,-0.4477490809176,-1.62215786035987
1277,15084,"s10","m0",0.0415660553100326,-0.292711118865442,-0.357912498786992,-2.48440587562128
1278,15091,"s10","m0",-0.0117421150820439,-0.510694887496287,-0.320346918005469,-1.08810771243845
1279,15097,"s10","m0",-0.0182578177026736,-0.557263992687177,-0.426093459064107,-1.12116457893838
1280,15100,"s10","m0",-0.0550670013737175,-0.459861714062782,-0.30938865732673,-1.80766376966059
1281,15105,"s10","m0",0.0478094245838608,-0.296601505318931,-0.112991383631063,-3.38242646668986
1282,15109,"s10","m0",0.0303387363451425,-0.317098977639718,-0.159481507139187,-1.90492411375154
1283,15123,"s10","m0",0.0666201553167329,-0.313559301494784,-0.216721885535298,-3.08502822019801
1284,15126,"s10","m0",-0.0557974719742013,-0.57274454426532,-0.288055317216279,-1.13857959186887
1285,15131,"s10","m0",-0.0390230658303922,-0.550387547879782,-0.365877955590909,-1.623952750989
1286,15166,"s10","m0",0.010911593264267,-0.435718966025181,-0.312160156055688,-1.45321796410448
1287,15170,"s10","m0",0.0260138488008582,-0.364968246298217,-0.395253352843566,-2.84242676949926
1288,15221,"s10","m0",-0.0152542087942896,-0.297074428260415,-0.345901825402431,-2.02486656006857
1289,15233,"s10","m0",-0.0429534431277814,-0.356414593686741,-0.391814056699869,-0.643341653336593
1290,15235,"s10","m0",0.0179405191382023,-0.309509379147531,-0.316037566411931,-2.47079628566597
1291,15246,"s10","m0",0.0609147867641465,-0.14546326204893,-0.291572815923533,-2.5466857362628
1292,15249,"s10","m0",0.0034528354192656,-0.567804225434657,-0.208572204198902,-1.71151374881378
1293,15256,"s10","m0",0.0625901950272544,-0.182396751149926,-0.129546884700924,-2.80130256793059
1294,15257,"s10","m0",0.00624683249539784,-0.42257907871006,-0.190800907252234,-1.50684278569739
1295,15263,"s10","m0",-0.0082849416884124,-0.319340381363737,-0.340102809937697,-1.14207381418404
1296,15268,"s10","m0",0.0752751753783725,-0.169428945083404,-0.132304062723673,-2.04963336827543
1297,15275,"s10","m0",0.0236981201419799,-0.450027584522459,-0.312232164753843,-1.56924864179008
1298,15299,"s10","m0",0.0150399703903236,-0.430303486816939,-0.133422494495028,-1.21177814918876
1299,15313,"s10","m0",0.026316363589826,-0.31160511296256,-0.299073055115313,-3.17300997298926
1300,15314,"s10","m0",-0.0152988797388183,-0.376198486843777,-0.20116741993045,-1.35792375622039
1301,15316,"s10","m0",-0.0234000746876854,-0.537759122455735,-0.486690812756572,-1.61242112210046
1302,15339,"s10","m0",0.00972253780183745,-0.280526687778947,-0.120237624646071,-1.89064473269083
1303,15375,"s10","m0",0.0454105019769585,-0.427163480196339,-0.405907472990323,-2.5044346177153
1304,15384,"s10","m0",0.0414015696706054,-0.168829796110138,-0.310877040167525,-2.21399427161173
1305,15389,"s10","m0",0.02195048687378,-0.278603583622291,-0.0561488620844002,-2.7391235094248
1306,15399,"s10","m0",-0.0060490546561087,-0.461220395963632,-0.30167869695376,-2.45477552314904
1307,15403,"s10","m0",-0.0170026879917417,-0.483253445215085,-0.327503912048168,-1.68114239643065
1308,15436,"s10","m0",-0.00738890911024298,-0.377949407126851,-0.223932658265135,-3.0270397690917
1309,15472,"s10","m0",-0.0247959123515947,-0.538971878371927,-0.289346068969715,-1.09244736869598
1310,15479,"s10","m0",0.034473145781946,-0.29184985641321,-0.15734797084513,-1.60332122341403
1311,15544,"s10","m0",-0.0150036053923746,-0.430602743653164,-0.265350532553537,-1.28952331223862
1312,15552,"s10","m0",0.0124703929526937,-0.476041582219165,-0.425450809578768,-1.27309159971257
1313,15562,"s10","m0",-0.00311566764066029,-0.453948250485245,-0.331876892970559,-1.95484636041999
1314,15581,"s10","m0",0.0665439260731872,-0.395780080173062,-0.339844420058306,-1.99092855097326
1315,15591,"s10","m0",0.0460470996453246,-0.349829596303027,-0.11677919717874,-1.85122671204629
1316,15608,"s10","m0",-0.0391786559142676,-0.505172130551554,-0.375655750788881,-2.16918014388879
1317,15642,"s10","m0",0.00231731187399684,-0.442032420027938,-0.199329831695714,-2.26049562374181
1318,15649,"s10","m0",0.00186169978866633,-0.230638462695893,-0.294294058791393,-1.08944708917204
1319,15653,"s10","m0",0.0215741731891767,-0.267706048425086,-0.163191137660685,-1.49112288949795
1320,15662,"s10","m0",0.0222170740597862,-0.290182604136517,-0.423993237042836,-1.79297475677403
1321,15695,"s10","m0",0.00107571942619535,-0.267298945138984,-0.177011686200559,-1.59931791501225
1322,15709,"s10","m0",-0.0344692861030105,-0.527146695599008,-0.287428036990674,-1.89086057697739
1323,15726,"s10","m0",0.0551364277501659,-0.416523443136009,-0.320180158486035,-2.60569984390721
1324,15731,"s10","m0",-0.00824059849564618,-0.432836455442289,-0.34521960483213,-1.43386090175092
1325,15737,"s10","m0",-0.0320639499574836,-0.511376013390313,-0.434849433142881,-1.12150443825288
1326,15794,"s10","m0",-0.023379883123167,-0.523671308262914,-0.359217055216353,-1.29217815739827
1327,15797,"s10","m0",0.0103088297599542,-0.298842616085181,-0.342776914393828,-1.88076607989652
1328,15802,"s10","m0",-0.00764501775116058,-0.583692848141754,-0.428355952294323,-1.84547128174867
1329,15803,"s10","m0",-0.0280617526703122,-0.470206741698514,-0.34388928985615,-1.2765941852471
1330,15824,"s10","m0",0.0300159468204685,-0.454135932987991,-0.205099848386051,-1.47118375628926
1331,15834,"s10","m0",0.0326591614234246,-0.248091411938574,-0.41897909779447,-1.94399151722556
1332,15837,"s10","m0",0.00757816560210719,-0.314647194245958,-0.25026954708749,-1.19819429416698
1333,15840,"s10","m0",0.0258207624272292,-0.365037910248773,-0.283452014588932,-2.13902844739221
1334,15873,"s10","m0",0.00709404215859242,-0.686554554151132,-0.181722078403053,-1.68302807057676
1335,15887,"s10","m0",-0.00277883263980809,-0.250319554143924,-0.353510091565149,-1.09168299271918
1336,15899,"s10","m0",0.0194150907398187,-0.288323585225754,-0.246087363382546,-1.52227821110951
1337,15905,"s10","m0",-0.0159818766045119,-0.521049059579021,-0.432985610323122,-2.77642037413641
1338,15912,"s10","m0",-0.0505983082346415,-0.342503303257789,-0.388326465789089,-1.10116745307346
1339,15913,"s10","m0",0.00619308305999266,-0.648860566282209,-0.261793866095462,-2.03371523904732
1340,15915,"s10","m0",0.0744694800470059,-0.436889911532902,-0.120168933851263,-2.15731176127071
1341,15935,"s10","m0",-0.0575236253368384,-0.685028122860593,-0.341661647070134,-1.26356928151427
1342,15965,"s10","m0",0.0377095212181179,-0.179970734628199,-0.39594621411611,-1.50824794191428
1343,15975,"s10","m0",0.0304156006041274,-0.449308313003549,-0.208778846214803,-1.53821230653443
1344,15986,"s10","m0",0.0529147739071064,-0.185801940135084,-0.170616819507044,-2.3410852053136
1345,16003,"s10","m0",0.0401849530942182,-0.348182204235905,-0.285683870123505,-1.9892719746985
1346,16017,"s10","m0",-0.00058614129285603,-0.389213864709747,-0.280610768957927,-1.48200167817347
1347,16043,"s10","m0",-0.021483339265614,-0.424538770731198,-0.438121854370323,-1.9574864594821
1348,16075,"s10","m0",0.00531925349793003,-0.625595154582522,-0.31946177546712,-1.1038348648039
1349,16088,"s10","m0",0.038492804045344,-0.298052526585463,-0.363315416283275,-2.25113566990745
1350,16099,"s10","m0",0.0205892575396026,-0.366957411281963,-0.310107815664171,-3.23295957144048
1351,16118,"s10","m0",0.0151323199495142,-0.313842163391832,-0.228124521773122,-2.4495416143976
1352,16141,"s10","m0",0.0396048244509076,-0.024774488320741,-0.274340663313164,-1.50598287818964
1353,16147,"s10","m0",0.0200314508682369,-0.401772447304546,-0.279980699435023,-1.31644185011026
1354,16156,"s10","m0",0.0732108637430328,-0.181527743295295,-0.20773458830933,-1.55140174719747
1355,16170,"s10","m0",-0.0109648594299571,-0.270884937785322,-0.455169405583934,-1.79381687417051
1356,16176,"s10","m0",0.00870652978120164,-0.234103712652874,-0.273832583397135,-1.89306352512867
1357,16195,"s10","m0",-0.0140201845074342,-0.447237613548291,-0.463296892467378,-1.40746721061628
1358,16201,"s10","m0",0.0577438084089223,-0.326311474942132,-0.19679700753767,-3.98102783866574
1359,16208,"s10","m0",0.0215759630741113,-0.325451146807683,-0.269871594411487,-2.22871498620488
1360,16231,"s10","m0",-0.0438118318528939,-0.500854915324597,-0.397492050856673,-0.939874524169045
1361,16252,"s10","m0",0.0394215839186727,-0.363906570357988,-0.4508655617522,-1.92062203754288
1362,16255,"s10","m0",0.0554396421145515,-0.269761810083416,-0.0707037717279156,-1.76159405720382
1363,16269,"s10","m0",0.0401916044829747,-0.201244622950634,-0.427095872184051,-1.79866994990044
1364,16271,"s10","m0",0.0334636744665826,-0.229019746291435,-0.163643818291651,-1.89315936189499
1365,16273,"s10","m0",0.0197726712906784,-0.329809007176337,-0.311303366873604,-2.7735702311202
1366,16277,"s10","m0",-0.0324847514393189,-0.399353161416172,-0.418256174347938,-1.01123360805961
1367,16278,"s10","m0",0.0293770545168301,-0.405293550862961,-0.507921274080735,-1.92737046552791
1368,16284,"s10","m0",0.0114500739997228,-0.282140770266216,-0.0442679035402175,-2.52104072271026
1369,16294,"s10","m0",0.0169310324075526,-0.249819327933364,-0.371952158551245,-2.3465853941935
1370,16302,"s10","m0",0.0262589118060688,-0.263212578028926,-0.218407409981196,-1.75823139216493
1371,16308,"s10","m0",-0.0315992568366405,-0.443357187331815,-0.402362737422796,-1.77559422860686
1372,16314,"s10","m0",-0.0153642659890685,-0.481750407093224,-0.345622334609633,-1.72228766218556
1373,16328,"s10","m0",0.0593750879134818,-0.179471463498555,-0.13393672780145,-1.28016583418899
1374,16370,"s10","m0",-0.0126553124693645,-0.34104177196728,-0.421070224055545,-0.966274244289808
1375,16372,"s10","m0",0.00841111600258787,-0.452811739886396,-0.337621549700164,-3.06966788932883
1376,16380,"s10","m0",0.031362653875373,-0.306640853573517,-0.174163549601135,-1.47490292960891
1377,16387,"s10","m0",-0.0240819936510788,-0.382706013321035,-0.558576175343526,-1.24433683494991
1378,16394,"s10","m0",-0.0254476368450146,-0.365864408241783,-0.371402907213573,-1.08510122281281
1379,16410,"s10","m0",-0.00271893753745616,-0.516738812041287,-0.269906958929577,-2.6413064413148
1380,16426,"s10","m0",0.0196492040605716,-0.305748986395221,-0.250293659234888,-1.61038980508291
1381,16427,"s10","m0",-0.0179161272110417,-0.449180542869841,-0.431301588218864,-1.32707563462703
1382,16438,"s10","m0",-0.0864687070425253,-0.334286160460884,-0.337716768394085,-1.00481961901935
1383,16459,"s10","m0",0.0286160681312461,-0.278203396493978,-0.252374769753181,-1.87762856431659
1384,16462,"s10","m0",0.0210993574812657,-0.568434278243849,-0.182825968289548,-2.1323032247957
1385,16467,"s10","m0",0.0138818144559296,-0.207558359302737,-0.0981632570170477,-2.38155095171921
1386,16468,"s10","m0",0.0322565306582754,-0.366182557373592,-0.244759366946493,-2.3438179379638
1387,16484,"s10","m0",0.0555029171084199,-0.359259817906055,-0.0632458311668333,-2.10590985761087
1388,16500,"s10","m0",-0.00625334647745704,-0.410431289264234,-0.319575620769593,-1.40678749970705
1389,16506,"s10","m0",-0.0322571025716356,-0.554737326954173,-0.45294403715385,-1.3705581133477
1390,16530,"s10","m0",0.0359234968202336,-0.177240376286446,-0.422061132793799,-1.74681234998833
1391,16531,"s10","m0",0.0308450715578946,-0.393196756300051,-0.265410389996269,-1.74537826963765
1392,16556,"s10","m0",-0.0659978214998577,-0.535679672896125,-0.389535583046002,-0.984123093886751
1393,16573,"s10","m0",0.0386448589151665,-0.205423184575329,-0.134707556362983,-1.75328662038867
1394,16576,"s10","m0",-0.014385555063296,-0.378174806130179,-0.150618496041231,-1.30622997425127
1395,16580,"s10","m0",0.0201019912996792,-0.300321767968608,-0.468507119877001,-2.2608248834871
1396,16595,"s10","m0",0.0539721734918197,-0.401515660646599,-0.123002306989558,-2.39160757819411
1397,16606,"s10","m0",-0.0192786058022368,-0.496035209130175,-0.23123571665993,-1.76299032916282
1398,16615,"s10","m0",0.0523936022358797,-0.143198412845088,-0.194906352099327,-1.55049116814578
1399,16618,"s10","m0",0.00571110413619855,-0.576796533422184,-0.297542749493747,-0.93010804126826
1400,16620,"s10","m0",-0.00402719341463718,-0.34301387245088,-0.277503965098027,-0.904761409946729
1401,16637,"s10","m0",-0.00285170419812828,-0.324186971965448,-0.399749925085728,-2.18665558561513
1402,16643,"s10","m0",-0.0460699226061576,-0.399312853256882,-0.331220820007708,-1.6371136995138
1403,16644,"s10","m0",0.0182033497229307,-0.269953337362512,-0.0239566228474369,-2.67825422979832
1404,16646,"s10","m0",0.0332557527091551,-0.230150685039918,-0.24926660110306,-2.14642091084992
1405,16647,"s10","m0",-0.0394478098353686,-0.692417294240418,-0.428580461426297,-0.848283469039942
1406,16652,"s10","m0",0.0192831316173815,-0.231984147509061,-0.144730215094529,-1.93033962072321
1407,16654,"s10","m0",0.0360821661124991,-0.384541713027059,-0.401175056625022,-2.76161677435975
1408,16658,"s10","m0",-0.0394572017557482,-0.46047734036715,-0.260078745618854,-1.37824649552798
1409,16662,"s10","m0",0.0825022196455539,-0.302128835092822,-0.0965025136370558,-2.25464806617206
1410,16683,"s10","m0",-0.0522821788808335,-0.430691141410992,-0.529470463702541,-1.31474846870255
1411,16701,"s10","m0",0.0186352254256566,-0.362359490149554,-0.245232430001801,-1.33815394932143
1412,16717,"s10","m0",0.0320569977811556,-0.271117553441806,-0.215469593168611,-2.32804548953713
1413,16720,"s10","m0",-0.0470376684580567,-0.453950168408613,-0.469171688534978,-0.802261999616058
1414,16747,"s10","m0",0.00675038472199214,-0.303455196920745,-0.20586385171135,-1.96281257325959
1415,16751,"s10","m0",0.0434831915930561,-0.273718060775675,-0.15765025927764,-2.51565141158161
1416,16781,"s10","m0",-0.0197089780100807,-0.280017586317821,-0.368579660538555,-1.98396259060639
1417,16783,"s10","m0",-0.0107533571571041,-0.361845905677039,-0.171619995071285,-1.57981154317349
1418,16784,"s10","m0",0.00183177298136004,-0.54403321538429,-0.223431030464164,-0.875974264089329
1419,16789,"s10","m0",-0.0342064811068128,-0.344525190312879,-0.49659377101613,-1.39297508400701
1420,16802,"s10","m0",0.0100725890767283,-0.302320265133271,-0.156583548782715,-1.92762269709962
1421,16804,"s10","m0",-0.0234345692705301,-0.299124918485535,-0.368118097624756,-1.10539706348467
1422,16843,"s10","m0",-0.109184099180999,-0.423501445075749,-0.410608744432827,-0.209804858279951
1423,16845,"s10","m0",0.00923448827275719,-0.625012395033118,-0.403894898892954,-2.57868658989466
1424,16849,"s10","m0",-0.0133505520227946,-0.508280379699605,-0.303264553638811,-2.43238521297037
1425,16870,"s10","m0",0.00950815662894646,-0.42645810275623,-0.20299100043193,-2.27195580633897
1426,16875,"s10","m0",0.0211959476542987,-0.147855265145102,-0.154775048213846,-1.45228165638231
1427,16886,"s10","m0",0.0230112309988369,-0.60509732477904,-0.293966277102051,-1.64394018202724
1428,16929,"s10","m0",-0.0313515079659373,-0.614425409046983,-0.175439806433523,-0.787664286063199
1429,16949,"s10","m0",0.00392117187008238,-0.488276397459246,-0.256983684809009,-2.23484476316585
1430,16979,"s10","m0",0.0201214447540358,-0.349628292235052,-0.233615168867786,-1.5816745217777
1431,16988,"s10","m0",0.037181856821347,-0.322232565517305,-0.140776484323064,-1.88974949982059
1432,16989,"s10","m0",0.0237945520918993,-0.422801801637586,-0.15859314292617,-1.77113705140139
1433,16998,"s10","m0",0.0256578935997263,-0.362880406080582,-0.304691029935326,-1.00821895022001
1434,17002,"s10","m0",-0.0325933103046499,-0.38459396994387,-0.37267430499376,-0.889929350015583
1435,17014,"s10","m0",0.00051308302062043,-0.278427324488915,-0.333386155130397,-1.58942612513522
1436,17019,"s10","m0",-0.00498643656417955,-0.404402368718373,-0.206400267256538,-2.32098256825011
1437,17044,"s10","m0",0.0234835502943447,-0.4232519035634,-0.470904231131397,-1.82614345089818
1438,17051,"s10","m0",0.0329944083429576,-0.149110630567815,-0.265111647026171,-1.56722370047205
1439,17055,"s10","m0",0.0453458976265077,-0.407928586251297,-0.412141185744547,-2.38398004257248
1440,17056,"s10","m0",-0.0473168055915502,-0.516156356663665,-0.471801982487977,-1.02482309458137
1441,17061,"s10","m0",0.0408435358324275,-0.272268687067913,-0.197038870625014,-0.853178376719213
1442,17069,"s10","m0",0.0329929762997343,-0.480094721091871,-0.295509053775718,-2.07809346470953
1443,17100,"s10","m0",0.0182552843171827,-0.363484369758039,-0.143001171281796,-2.53582565759662
1444,17111,"s10","m0",0.0592053917111381,-0.34887914173795,-0.208051938836678,-1.65083097215035
1445,17113,"s10","m0",0.0139208947516554,-0.316863372897388,-0.265854908243951,-1.03683358184412
1446,17144,"s10","m0",-0.00166297703916642,-0.350981854092177,-0.29639094375958,-1.86553642740884
1447,17154,"s10","m0",-0.0398658554121981,-0.359553428864514,-0.505768314853259,-1.14573195232868
1448,17175,"s10","m0",0.020966468948228,-0.468039622348867,-0.308736183766866,-3.069918705583
1449,17181,"s10","m0",-0.0070831651747136,-0.577032654474002,-0.353130294240668,-1.88433140842358
1450,17214,"s10","m0",0.0203094008004181,-0.276641808291977,-0.190344724921239,-0.988733159692196
1451,17224,"s10","m0",0.0160177671300493,-0.390509741056819,-0.255741716726225,-1.96261207553905
1452,17227,"s10","m0",0.0670710169227238,-0.223987821874624,-0.289905102099215,-1.64790860968128
1453,17248,"s10","m0",0.0845296496314552,-0.281402954869404,-0.183521660789624,-2.56688412348681
1454,17251,"s10","m0",0.0228164810856071,-0.478193871926351,-0.207437178603431,-3.12093208621124
1455,17254,"s10","m0",-0.0666853926343854,-0.474367365965459,-0.507898746454903,-1.2530635403229
1456,17269,"s10","m0",-0.0176329209354947,-0.376891929997267,-0.336157643468597,-1.18860116085107
1457,17285,"s10","m0",0.0624603711245631,-0.404653300186028,-0.132255636649183,-1.93709477730476
1458,17308,"s10","m0",0.0569681499785235,-0.365329240694442,-0.168383150199015,-2.42872898285889
1459,17318,"s10","m0",0.0268269992242349,-0.513960319408391,-0.289832104953734,-1.80462837852843
1460,17319,"s10","m0",-0.0130669129097979,-0.543730752310841,-0.293481584984433,-1.52414410553506
1461,17326,"s10","m0",-0.0304475090525804,-0.363370769437739,-0.449940471405746,-1.21040417122421
1462,17327,"s10","m0",-0.0197076627004524,-0.494312782907913,-0.447724508873504,-1.01280801914877
1463,17339,"s10","m0",-0.00267981995891354,-0.53362830406262,-0.350095058209941,-1.51267574785678
1464,17355,"s10","m0",-0.0676474759629994,-0.535890135695312,-0.434510407448218,-0.499541277890869
1465,17359,"s10","m0",-0.0872633338939624,-0.672442173025297,-0.49158443071712,-0.919595949581543
1466,17360,"s10","m0",0.0100799845477988,-0.417265028057958,-0.212130906197288,-1.47739887671401
1467,17363,"s10","m0",-0.00670272515631783,-0.445537882779521,-0.214399014068764,-1.68648178375722
1468,17366,"s10","m0",-0.00914950921836085,-0.502331544976072,-0.384022102848534,-1.28405708183676
1469,17371,"s10","m0",-0.00837918861445334,-0.521577702847642,-0.449831487220408,-1.47409617306851
1470,17393,"s10","m0",0.00335378806134396,-0.448731371964215,-0.251232227205005,-1.69977058539737
1471,17402,"s10","m0",-0.0517354205099803,-0.359870596794345,-0.30339070865768,-1.09464906331978
1472,17413,"s10","m0",0.0301897503809768,-0.214540298783432,-0.204141301287284,-1.90361388139493
1473,17415,"s10","m0",0.0274642508887917,-0.309574217878049,-0.363447294357744,-1.50972272833975
1474,17417,"s10","m0",-0.0682779615312361,-0.49804205613544,-0.493036676920223,-1.48545323490508
1475,17423,"s10","m0",-0.00817237097188873,-0.552306354696124,-0.261729028467682,-1.42347794183265
1476,17429,"s10","m0",-0.0379179772215564,-0.354865789742044,-0.187498637775913,-1.14322731282173
1477,17437,"s10","m0",-0.0882010402258903,-0.579926849017,-0.318339083167146,-0.587919030126781
1478,17440,"s10","m0",0.0270584880037122,-0.334721112270346,-0.103737267757632,-1.54023050341767
1479,17460,"s10","m0",0.0531498667844373,-0.295602475025386,-0.400833544551188,-1.77259266127127
1480,17473,"s10","m0",0.0333764404163636,-0.0716836513270374,-0.27588206402131,-1.49020734745578
1481,17482,"s10","m0",-0.000770990326315357,-0.328619256836441,-0.297238882572022,-2.13243661793899
1482,17484,"s10","m0",-0.0152166160650536,-0.370833533726563,-0.338928732360947,-1.28119768922421
1483,17492,"s10","m0",0.0374018356318026,-0.186288952304895,-0.374855757780037,-2.06355010455395
1484,17496,"s10","m0",-0.00245062801886469,-0.260068612980899,-0.364919207560301,-2.12177094523183
1485,17499,"s10","m0",-0.00425637171536911,-0.407520253110611,-0.168961031383561,-1.68954383450544
1486,17545,"s10","m0",0.00392130370464521,-0.714812084278738,-0.21035554826997,-1.17430743257516
1487,17553,"s10","m0",-0.0481586870441639,-0.452497134439281,-0.367619537133712,-1.37327129686826
1488,17584,"s10","m0",0.0162037414120737,-0.440149750414144,-0.476097696188929,-1.60301087276077
1489,17592,"s10","m0",0.0162899836723404,-0.42861194010034,-0.369525874624798,-1.38322726197972
1490,17597,"s10","m0",-0.0379775893465766,-0.609647497486535,-0.51801316274933,-1.75525545718054
1491,17605,"s10","m0",0.0438832912574829,-0.360867485324625,-0.278618788382574,-1.58282635973528
1492,17632,"s10","m0",0.04208906335354,-0.426599749955153,-0.422691724021874,-2.66144427200179
1493,17636,"s10","m0",-0.0053510889244938,-0.299343382430715,-0.338951472960004,-1.64435181037241
1494,17646,"s10","m0",0.0741491766475873,-0.258543374140846,-0.265960146230742,-2.47780955598091
1495,17655,"s10","m0",0.0612775120902911,-0.331573582363087,-0.11566832349434,-2.20504507848475
1496,17657,"s10","m0",0.0486325701634092,-0.451255448470215,-0.170373295839611,-2.04873108703444
1497,17663,"s10","m0",-0.0187589868186699,-0.455299465198414,-0.387388275817054,-0.683742000193859
1498,17665,"s10","m0",0.0201451958926744,-0.256779319755624,-0.394398910991406,-1.72086061476208
1499,17666,"s10","m0",-0.0403712698945529,-0.620642625260438,-0.26319216894751,-2.15433899267149
1500,17671,"s10","m0",0.0267765674120806,-0.480638190293338,-0.315831696062575,-1.74201879780358
1501,17672,"s10","m0",0.0508631724217537,-0.32735614056883,-0.245634886169975,-1.83483726275129
1502,17700,"s10","m0",0.0294436005201885,-0.408847288783843,-0.304231224808439,-1.13730264395145
1503,17711,"s10","m0",-0.0350579768127854,-0.645843326153072,-0.58104206486929,-1.89986591097786
1504,17725,"s10","m0",-0.0220396862222676,-0.448745098090066,-0.258104016435689,-1.35132570020171
1505,17730,"s10","m0",-0.0408952477840268,-0.532015502206672,-0.334851853065836,-1.53147841657097
1506,17738,"s10","m0",-0.0521851155495894,-0.568709243442106,-0.588265625006946,-2.85616580331733
1507,17743,"s10","m0",-0.0119339005099742,-0.555228988820556,-0.270906138694154,-1.50843183477133
1508,17746,"s10","m0",0.0327484367204273,-0.4095503991072,-0.374644136787576,-1.49559159722008
1509,17797,"s10","m0",-0.0246180593810125,-0.392258388930529,-0.244050898736494,-0.983469587402051
1510,17807,"s10","m0",-0.0344399316498308,-0.478990952349403,-0.675215836395158,-1.65446131199114
1511,17812,"s10","m0",-0.0716917511242878,-0.500150263809025,-0.480602245775251,-0.810535034431168
1512,17816,"s10","m0",0.00600583990394207,-0.333969054384978,-0.180326084266782,-1.50302115224436
1513,17820,"s10","m0",0.000396923882356676,-0.373648116672334,-0.302181087262638,-1.47926971215247
1514,17824,"s10","m0",0.0129510444189227,-0.311309666844767,-0.134768245704083,-1.30691026720259
1515,17848,"s10","m0",0.00986869460479232,-0.342688283820807,-0.309495004247464,-2.16975929580015
1516,17849,"s10","m0",0.036323759127555,-0.294320368433518,-0.255032953979726,-1.58577319106068
1517,17850,"s10","m0",-0.0334121955218134,-0.605437659514265,-0.288989882281516,-0.961131972649019
1518,17857,"s10","m0",0.0301454914486792,-0.411156003354555,-0.0617068671925409,-2.6801938359499
1519,17862,"s10","m0",0.0359160868578311,-0.579961093038788,-0.15789983373061,-2.49688631366083
1520,17871,"s10","m0",0.0297333892147329,-0.297105654245403,-0.381208120555357,-3.27472097820625
1521,17904,"s10","m0",-0.00918787461734425,-0.439087205252803,-0.234270032793726,-1.98016735512225
1522,17915,"s10","m0",0.0175242870104539,-0.569674531896427,-0.400758522906932,-2.03656199508681
1523,17936,"s10","m0",0.038920176048286,-0.327130486203592,-0.211959205752011,-1.5301733587253
1524,17942,"s10","m0",-0.0328242460734327,-0.773843672601737,-0.206712994825946,-1.2513901087579
1525,17947,"s10","m0",0.00731104698495833,-0.330631211075026,-0.114358235784652,-2.01601544194902
1526,17955,"s10","m0",0.0153204473769727,-0.353049521023907,-0.191909806073552,-0.821231747818899
1527,17960,"s10","m0",0.0651474334448587,-0.558491069495595,-0.31654506304016,-1.72450064723002
1528,17962,"s10","m0",-0.00608077756613543,-0.509150937909576,-0.33245938931656,-1.49571495441154
1529,17963,"s10","m0",0.000568373147892516,-0.421460511406776,-0.337114775887885,-2.17688464200697
1530,17966,"s10","m0",0.034170431024497,-0.301774915003571,-0.258832684138126,-2.43726476529078
1531,17970,"s10","m0",0.0244800784571636,-0.433853926861676,-0.259477558837994,-0.865044855070594
1532,17985,"s10","m0",0.0606490619706398,-0.22378257161262,-0.156057197091893,-2.10986459677873
1533,17987,"s10","m0",0.00956948936165013,-0.47303640042188,-0.19957254349468,-1.21354482601063
1534,17995,"s10","m0",-0.0161737668845134,-0.708755195695342,-0.231216861776113,-1.65112761328039
1535,18001,"s10","m0",0.0305172067192577,-0.39282683006655,-0.440786567852884,-1.59040192118739
1536,18006,"s10","m0",0.0546694429549203,-0.299494645992103,-0.247762996641843,-2.45561713337629
1537,18007,"s10","m0",0.00527555294179488,-0.29215512196177,-0.138713257989384,-1.25881932753161
1538,18036,"s10","m0",-0.0390708112893051,-0.687243135530805,-0.408107488533345,-0.84890430269582
1539,18068,"s10","m0",-0.00722062928273454,-0.359315854414059,-0.358340831770538,-2.45709564292282
1540,18075,"s10","m0",0.0209451055221164,-0.265093600854478,-0.204275616084366,-1.10151703154046
1541,18090,"s10","m0",-0.0458259905063227,-0.405774097050027,-0.503968090763109,-0.787834749290072
1542,18100,"s10","m0",-0.083951986326862,-0.69275015511999,-0.576408668730508,-1.41959307444355
1543,18112,"s10","m0",-0.0231140306291473,-0.465515409994304,-0.200609404916611,-1.42037072627915
1544,18140,"s10","m0",0.00883918681138302,-0.314422757547321,-0.198605622846385,-1.37440757105473
1545,18159,"s10","m0",0.0516233964389466,-0.338210304031386,-0.147123329299725,-1.26490545626506
1546,18178,"s10","m0",0.0123122658683448,-0.357188816567422,-0.213905579197048,-1.44423144972813
1547,18182,"s10","m0",0.0456651608379943,-0.241850946371946,-0.155184093663005,-1.62945206291397
1548,18183,"s10","m0",-0.029092626893794,-0.418937301664013,-0.241660086085387,-0.897461872171172
1549,18193,"s10","m0",0.0193477355806633,-0.321408427499715,-0.20148371488359,-2.36372312230486
1550,18210,"s10","m0",-0.0306700252534464,-0.486759854315424,-0.417600921616661,-0.621113512357606
1551,18214,"s10","m0",-0.0100711437869425,-0.334051619570769,-0.322000053858908,-1.28409316111027
1552,18252,"s10","m0",0.0121962105043604,-0.427369506723184,-0.417223846866983,-1.84664367799339
1553,18256,"s10","m0",0.0310243990452832,-0.248524822003199,-0.30842980536473,-2.46688755901118
1554,18272,"s10","m0",-0.0332793748162474,-0.372949040095617,-0.662555813628293,-0.918845211293587
1555,18276,"s10","m0",-0.0618336786316007,-0.451876448106964,-0.41062336455768,-1.45104060681404
1556,18283,"s10","m0",-0.00175872829104555,-0.527282162716242,-0.180411153801774,-2.58912697585016
1557,18285,"s10","m0",0.0490104210771662,-0.212452331422812,-0.18436065152844,-2.37127093228356
1558,18287,"s10","m0",0.0165131120076369,-0.340950992329329,-0.236265445663324,-2.00686522862961
1559,18306,"s10","m0",-0.00412367689307896,-0.436381122175467,-0.26376270202556,-1.64944895215753
1560,18314,"s10","m0",-0.0267221634327854,-0.415505643797741,-0.233490020943787,-1.91841350255939
1561,18317,"s10","m0",0.027923512505105,-0.350950674086569,-0.263582915576722,-2.0575453290562
1562,18352,"s10","m0",-0.00146681724089579,-0.431394682050489,-0.231313707801182,-1.53601031808842
1563,18382,"s10","m0",0.000582698409302451,-0.400241201441025,-0.292809594008774,-1.55199945512603
1564,18385,"s10","m0",0.0232257891509271,-0.299814203810378,-0.265423788559694,-2.08453335386029
1565,18388,"s10","m0",0.0445921798931748,-0.311764189863927,-0.0996977739854976,-2.24813356364938
1566,18396,"s10","m0",0.0341999535689555,-0.388348213612578,-0.382944306169225,-2.09190728242553
1567,18401,"s10","m0",-0.0061784855938648,-0.29404566909715,-0.582886748910563,-1.29938545106981
1568,18409,"s10","m0",0.0363537426435394,-0.35908935998717,-0.222683891587938,-1.70184532221166
1569,18413,"s10","m0",0.00132060237230543,-0.328974660863503,-0.589224327128501,-1.76163889010491
1570,18432,"s10","m0",0.0408715196452514,-0.316459783830327,-0.153508451423026,-2.0230083235744
1571,18436,"s10","m0",-0.0416131871072638,-0.53475455742965,-0.254765911354679,-0.781459375625395
1572,18475,"s10","m0",-0.0411462523975453,-0.607345816062405,-0.483676650468459,-0.572706437876878
1573,18490,"s10","m0",-0.0224773284189554,-0.350221873653847,-0.304655469355334,-0.688681878280109
1574,18499,"s10","m0",-0.000261143371268991,-0.321148499881996,-0.377830319267843,-1.84392157343172
1575,18512,"s10","m0",0.0460851995488798,-0.237498556711359,-0.167477923643252,-1.10473057316539
1576,18513,"s10","m0",0.0519403022156152,-0.201112047627651,-0.153987922161554,-3.09512939228493
1577,18519,"s10","m0",0.0223599304341301,-0.533147968928518,-0.277208591710393,-2.54434157083565
1578,18531,"s10","m0",-0.0314901781571202,-0.443748372780694,-0.525476189961012,-1.20619821967518
1579,18543,"s10","m0",-0.017380647076677,-0.30867761625619,-0.26440675135946,-0.765628704169272
1580,18552,"s10","m0",0.0509862500707954,-0.393865632993293,-0.143608301341781,-1.607405485305
1581,18559,"s10","m0",-0.0337114302864762,-0.523735076105726,-0.429519663024348,-1.06141239005819
1582,18561,"s10","m0",-0.0434499015322714,-0.616527574942245,-0.284523045705062,-1.16473399833118
1583,18578,"s10","m0",-0.0202231794199601,-0.389306900897812,-0.371388325450416,-0.948168279448397
1584,18580,"s10","m0",-0.0253839657642517,-0.586278271224673,-0.317853599743493,-1.50094250499574
1585,18582,"s10","m0",0.0417531429334431,-0.254481618888537,-0.393937487355675,-1.88793488737455
1586,18584,"s10","m0",0.089404977975439,-0.20112857989788,-0.268028632830705,-2.72576562098451
1587,18606,"s10","m0",0.0299910226456127,-0.30423932451549,-0.330810844057638,-2.50206326065145
1588,18607,"s10","m0",0.0420325127429272,-0.488031266062676,-0.331984041763711,-1.89754407055152
1589,18623,"s10","m0",0.0515064354628642,-0.222527743744941,-0.288090844163331,-2.34551066853051
1590,18629,"s10","m0",-0.00281413652549598,-0.400440830277008,-0.224329999443438,-2.03742932029091
1591,18639,"s10","m0",-0.0171023788470968,-0.462512112938888,-0.275919698090201,-2.11814045679944
1592,18646,"s10","m0",0.0240894464368127,-0.446162674669431,-0.226273834976541,-1.38871007552517
1593,18670,"s10","m0",-0.0279385295960042,-0.422036235180539,-0.352592344217788,-1.87168798789752
1594,18680,"s10","m0",-0.00411529902913737,-0.359630093558738,-0.280888661690941,-1.95131251434542
1595,18687,"s10","m0",-0.0652798438224758,-0.499430155974844,-0.311469656541117,-1.2395386636097
1596,18690,"s10","m0",-0.000694171006792902,-0.397837443764343,-0.385209737181495,-1.34440454450688
1597,18694,"s10","m0",-0.0466989183839126,-0.490277775316806,-0.238004518168265,-1.39107896858241
1598,18695,"s10","m0",-0.00143004645398627,-0.457302638510213,-0.243610052731425,-2.47316712426515
1599,18714,"s10","m0",0.0635905605243054,-0.287012725484151,-0.177939857969799,-2.0765274110139
1600,18755,"s10","m0",0.0429655066026931,-0.403554905304789,-0.204622055086423,-2.31332914995749
1601,18767,"s10","m0",-0.0249672100201173,-0.335414533604332,-0.308535785198553,-1.64780492617853
1602,18768,"s10","m0",0.0132665979463156,-0.440656707130591,-0.176387819756578,-1.57145549634
1603,18773,"s10","m0",0.030832326634975,-0.389983128563714,-0.236863829863939,-0.84667228770896
1604,18792,"s10","m0",-0.000310033848939428,-0.334117546943549,-0.143538909409271,-1.25678166835887
1605,18797,"s10","m0",0.027176973620513,-0.374739664584727,-0.142586601323788,-1.96073223240392
1606,18800,"s10","m0",-0.0178708478042219,-0.415318102880091,-0.2330047121852,-0.834465065347723
1607,18807,"s10","m0",-0.00872613475885583,-0.349905429255712,-0.3123104040516,-2.64955748949083
1608,18814,"s10","m0",-0.0278405307305397,-0.296552710237477,-0.393944405079033,-0.528302842228632
1609,18816,"s10","m0",0.0312149852429858,-0.424425232350339,-0.30936454793392,-2.69660716505738
1610,18849,"s10","m0",0.00611923190237646,-0.383471764178045,-0.241471374002945,-1.30560408767978
1611,18860,"s10","m0",-0.0235292235686189,-0.477702126308554,-0.282281467607016,-0.941791818015334
1612,18881,"s10","m0",-0.00162849621227674,-0.358147706056985,-0.232259004074213,-1.71337459884729
1613,18890,"s10","m0",0.0276777442707222,-0.350974681847554,-0.298533266221694,-1.77740641085542
1614,18926,"s10","m0",0.0193278776502447,-0.384429860642707,-0.27262991710024,-2.09854819674424
1615,18940,"s10","m0",-0.0376860667387117,-0.530767439485051,-0.336731309185129,-2.04612653224835
1616,18941,"s10","m0",0.0157921443566709,-0.324300975750611,-0.311633402934391,-1.5833814408408
1617,18960,"s10","m0",-0.0317886892258403,-0.522141854653468,-0.369097897909261,-1.97091741507721
1618,18968,"s10","m0",0.0415151103390301,-0.337644218971456,-0.236848096943478,-2.48889790534198
1619,18983,"s10","m0",-0.00272902336119007,-0.403767347530451,-0.460392018817101,-2.14349328203854
1620,18987,"s10","m0",-0.00587975869387396,-0.325449068044541,-0.265853792437108,-1.70479752133132
1621,18989,"s10","m0",0.00802987380242826,-0.435874410654712,-0.3067361583614,-1.68237470639716
1622,18990,"s10","m0",-0.0139819761207956,-0.450085076174449,-0.319560692371072,-1.0129228006676
1623,19014,"s10","m0",0.0730704114227638,-0.503167861369534,-0.212413297404281,-2.56841044915528
1624,19017,"s10","m0",-0.0121528945494431,-0.581076708964299,-0.223204479232596,-1.81357460625901
1625,19019,"s10","m0",-0.0307954763365994,-0.221836881490009,-0.318553054581804,-1.18558435240652
1626,19032,"s10","m0",0.015999222773902,-0.186156501194643,-0.242213640076392,-2.75843121855722
1627,19036,"s10","m0",-0.0310903365597047,-0.423925538019539,-0.34005943806811,-1.03731575777865
1628,19069,"s10","m0",0.0263859316308329,-0.426455280028497,-0.387898598925698,-2.49423834991959
1629,19075,"s10","m0",0.0282513061107601,-0.195809959099653,-0.418343369621211,-2.2279794967747
1630,19090,"s10","m0",0.0043093828280935,-0.395785351452053,-0.35049009486413,-1.77114864461025
1631,19093,"s10","m0",-0.0167399812516219,-0.234613348491524,-0.224416274195483,-2.26037863270684
1632,19096,"s10","m0",-0.0181191806067252,-0.567486727517188,-0.423888142623415,-2.43233901430712
1633,19131,"s10","m0",0.0102276894192132,-0.505000500134233,-0.313704685991393,-1.43143432597844
1634,19168,"s10","m0",0.0496422351535564,-0.313612777248598,-0.161455098013394,-2.93017936386195
1635,19173,"s10","m0",-0.0419454371508171,-0.36494679235442,-0.22307638455067,-1.06696307783061
1636,19186,"s10","m0",-0.0371571259773714,-0.51763389690579,-0.301747453235597,-1.78995269321139
1637,19199,"s10","m0",0.0638656252783705,-0.197200274954448,-0.0997819103030821,-2.87851171273574
1638,19227,"s10","m0",0.0643123135206495,-0.331333681818215,-0.243850325103096,-2.35832802105576
1639,19229,"s10","m0",-0.00245675857726692,-0.422183782454858,-0.183930719990637,-1.9094020735109
1640,19252,"s10","m0",-0.0279428598381057,-0.634919093071225,-0.225434124121491,-2.27125450164077
1641,19271,"s10","m0",-0.0185774149710668,-0.259256431961942,-0.39471136661614,-1.54855034191863
1642,19290,"s10","m0",-0.040428161957165,-0.391735295554704,-0.26174108756135,-2.00177758740815
1643,19297,"s10","m0",0.0263489401708853,-0.478228620602351,-0.398210412580759,-2.41371731443839
1644,19299,"s10","m0",0.0195676096221535,-0.257608023753113,-0.248706377989479,-1.78199994356169
1645,19305,"s10","m0",-0.0401904068154611,-0.399571188645982,-0.481835662012803,-1.69829090583701
1646,19323,"s10","m0",0.0184421620278116,-0.422068302770351,-0.393632180174622,-1.6585218984323
1647,19327,"s10","m0",0.045999450493279,-0.382272945395675,-0.117846042681017,-1.92541702084491
1648,19329,"s10","m0",-0.00568014407053548,-0.472377152557866,-0.311858738451101,-2.52438191469258
1649,19339,"s10","m0",-0.01936273274627,-0.334063301279258,-0.195888581771013,-2.67745550891285
1650,19359,"s10","m0",0.0100709119483454,-0.269637815795648,-0.325350782371124,-1.40001626479879
1651,19368,"s10","m0",0.0388432346060825,-0.412782026876436,-0.277656097262861,-1.31972528025637
1652,19384,"s10","m0",0.00469470826434312,-0.252185834826166,-0.308412590421564,-2.0214297428288
1653,19390,"s10","m0",0.0422158302121578,-0.25343828533818,-0.248832230064722,-2.67932069899998
1654,19404,"s10","m0",0.0566023115539313,-0.211187623065606,-0.233871303683359,-2.44845632417412
1655,19409,"s10","m0",-0.0187660807247721,-0.401443574635848,-0.339609036080724,-1.28192543070062
1656,19411,"s10","m0",-0.0671626369978277,-0.698642986325045,-0.299158343905343,-1.89360551637794
1657,19413,"s10","m0",0.0168417381982454,-0.360034940984773,-0.23241102394561,-2.22431513070998
1658,19449,"s10","m0",-0.0161043089021092,-0.484698893403978,-0.333185163847,-1.47721821286733
1659,19450,"s10","m0",0.0295400036593364,-0.260838881290681,-0.323845408532609,-2.93188115896788
1660,19452,"s10","m0",0.0359066016816945,-0.352470127591296,-0.178790361560519,-1.94010719384733
1661,19474,"s10","m0",-0.0799333848051122,-0.403960662400552,-0.582970013826108,-0.892264424377478
1662,19479,"s10","m0",0.0111797990034151,-0.357321068526468,-0.303904579884856,-1.47579372688329
1663,19556,"s10","m0",-0.000736045554160816,-0.681150594722011,-0.201023210978857,-1.74010546915831
1664,19566,"s10","m0",0.0207589494937278,-0.353563785579123,-0.229859835379063,-2.22611310287342
1665,19574,"s10","m0",-0.0203920395813695,-0.391266800644526,-0.343498980686115,-1.97384196936429
1666,19601,"s10","m0",0.00218523114213213,-0.421786384200047,-0.367594347772777,-2.85221525992824
1667,19606,"s10","m0",0.0268767090814682,-0.335585512649446,-0.252435086749258,-2.06696449392136
1668,19609,"s10","m0",0.0208832597820286,-0.369754503833303,-0.180541717099212,-1.42117277318312
1669,19652,"s10","m0",-0.0160445417282505,-0.325098115554911,-0.241258314535347,-2.01425469138207
1670,19661,"s10","m0",0.0381530713578442,-0.24441897475106,-0.22606468767185,-1.81569244748046
1671,19664,"s10","m0",0.033832525464954,-0.411436760797483,-0.314670670883631,-2.41520337807252
1672,19673,"s10","m0",-0.00374291384206662,-0.380005579915418,-0.143208287194555,-2.20402832220323
1673,19676,"s10","m0",-0.00162859296069372,-0.49682577148812,-0.329182174599125,-3.02900871763498
1674,19678,"s10","m0",0.0155044604408995,-0.280079587801917,-0.143773417560648,-1.51801357821093
1675,19681,"s10","m0",0.0217291273888994,-0.310998953134067,-0.26949743603357,-1.72299258363829
1676,19682,"s10","m0",0.0337456431571904,-0.340780552991954,-0.350025069276903,-2.20870803486681
1677,19691,"s10","m0",0.0158432202418965,-0.671455288622417,-0.511002472612845,-1.68921881713875
1678,19693,"s10","m0",-0.0255190204805794,-0.500314516232198,-0.328096067082807,-1.34675796222344
1679,19702,"s10","m0",0.00713145434101654,-0.385162438760975,-0.414965228073364,-2.10944450321178
1680,19720,"s10","m0",-0.039331093022372,-0.598614363966646,-0.374898511727382,-0.792893171192601
1681,19724,"s10","m0",-0.00334687428287623,-0.296959142343381,-0.217885002250253,-0.902289377662978
1682,19735,"s10","m0",-0.0250821946508147,-0.520122537752535,-0.402713226753443,-1.10295104808022
1683,19749,"s10","m0",0.0522175099599057,-0.328640896022808,-0.248665599244032,-2.0553390631854
1684,19755,"s10","m0",0.0450936799537524,-0.262778144037475,-0.444558669218033,-2.3794450814468
1685,19785,"s10","m0",-0.0242482543343199,-0.402775465596493,-0.407485861054345,-1.5334707220253
1686,19789,"s10","m0",0.0111260049090403,-0.487287176089314,-0.279270733991666,-1.86131600753813
1687,19809,"s10","m0",-0.0603443525418948,-0.741965836490623,-0.291174025836609,-1.80209180254896
1688,19818,"s10","m0",0.0337127051049513,-0.383758736745001,-0.0937347219103258,-2.40553986050072
1689,19819,"s10","m0",0.0201031906905387,-0.556564573629374,-0.178719492265643,-2.45043900014445
1690,19821,"s10","m0",-0.0315109383967453,-0.450683200553682,-0.302863486991894,-2.37394275763921
1691,19829,"s10","m0",-0.0292494489607994,-0.309471548556995,-0.382975633698007,-1.24795032569761
1692,19837,"s10","m0",0.0104323805255836,-0.401847991482034,-0.12947256614315,-2.41759199049923
1693,19862,"s10","m0",-0.00709736685216346,-0.463431185682058,-0.152694858920397,-1.49788572321687
1694,19867,"s10","m0",-0.0411971709231011,-0.471509385229003,-0.367492002655553,-1.91698521098712
1695,19890,"s10","m0",0.0601484367486973,-0.487806395772902,-0.295665238245333,-2.31088520025772
1696,19899,"s10","m0",-0.00958247211966936,-0.382650431655187,-0.270651031755529,-2.28199760629437
1697,19907,"s10","m0",0.018292024749895,-0.370163075845045,-0.373671126557153,-2.3421243924175
1698,19916,"s10","m0",0.052366123382708,-0.408874989652657,-0.214795614416299,-1.70181280131175
1699,19937,"s10","m0",0.0256803537859263,-0.386010712398262,-0.306765636000784,-1.71002349239891
1700,19984,"s10","m0",0.000360117431336315,-0.323608456508153,-0.257266772354181,-1.49745483979337
1701,19991,"s10","m0",0.00632298272801843,-0.378937620095503,-0.170221813095111,-2.31618042886903
1702,19998,"s10","m0",-0.0896629490943045,-0.507243779574221,-0.554072446447599,-0.682452074124814
1703,20000,"s10","m0",-0.0292746660964669,-0.660007883803277,-0.461089602711489,-1.58814593730135
1704,20028,"s10","m0",-0.0705538582397746,-0.534707328112047,-0.418129316146898,-0.577634085850195
1705,20071,"s10","m0",0.00918742847567026,-0.377267822612294,-0.141631336397671,-1.40604714306312
1706,20082,"s10","m0",0.0337044944807502,-0.223250087354229,-0.455583613967979,-1.55316911585232
1707,20099,"s10","m0",-0.0153901849261093,-0.43675672014658,-0.2201880759446,-0.928824548285715
1708,20104,"s10","m0",0.0200044680519186,-0.364445092319155,-0.199342511965656,-2.15687009981989
1709,20105,"s10","m0",0.0494992036772827,-0.274212972729084,-0.106492446318243,-1.83802942717195
1710,20130,"s10","m0",-0.00857075558046464,-0.391406350729244,-0.355232186553503,-1.52112420730543
1711,20171,"s10","m0",0.00594203299029295,-0.387441583055812,-0.27590859960118,-1.96281082384387
1712,20175,"s10","m0",-0.0298045133612198,-0.619998532575495,-0.538991028881758,-1.28547195546859
1713,20223,"s10","m0",-0.00995075972904313,-0.544374822057347,-0.388812858644877,-1.52749250726478
1714,20226,"s10","m0",0.0199042521013983,-0.477488510558974,-0.252792182800968,-2.27199006286239
1715,20240,"s10","m0",-0.0408004797540673,-0.398848510937673,-0.359960278302062,-0.711368539041391
1716,20270,"s10","m0",0.0564391233109103,-0.394533060967065,-0.195554374369136,-2.66188391267917
1717,20288,"s10","m0",-0.0216423839722763,-0.419516479585398,-0.315038796388126,-1.51130630612201
1718,20320,"s10","m0",0.0162492079977106,-0.397611873326339,-0.184397360079571,-1.32843519746396
1719,20322,"s10","m0",-0.0496037778848858,-0.466543542284109,-0.291575809941729,-1.99362935072131
1720,20338,"s10","m0",0.0489970800359667,-0.439034765645257,-0.189573316769985,-2.45208808670193
1721,20351,"s10","m0",0.0258547891811449,-0.472485615025942,-0.224316482909998,-1.57435418120281
1722,20397,"s10","m0",0.0551541556561481,-0.329104935145291,-0.118304972267972,-1.85744256419346
1723,20423,"s10","m0",0.00131137763901416,-0.379390898806617,-0.429205929031509,-1.94714376711866
1724,20447,"s10","m0",-0.029644677311382,-0.304034447473898,-0.48503306075488,-2.16171514238064
1725,20450,"s10","m0",0.022182290360525,-0.348423040562641,-0.286278550795331,-1.90057366564328
1726,20478,"s10","m0",0.0423213107633019,-0.215482317901427,-0.350722611345587,-1.90366645462419
1727,20480,"s10","m0",0.0249781657297516,-0.491749994994489,-0.200271988485744,-1.35455196518882
1728,20510,"s10","m0",-0.0212447180513643,-0.512826264460407,-0.305925936482481,-0.755342362321862
1729,20520,"s10","m0",0.0296576685134414,-0.421710604077173,-0.180553820650052,-1.11896860294858
1730,20522,"s10","m0",0.0374088670314195,-0.344483321208574,-0.257319842951484,-2.14626771290295
1731,20525,"s10","m0",-0.0203318964866191,-0.487818783300272,-0.308459948124385,-3.06110408126772
1732,20546,"s10","m0",-0.0208374116285701,-0.424369087547817,-0.415930019333992,-1.49094384797089
1733,20547,"s10","m0",0.0147851418514105,-0.318012953296465,-0.195377390480567,-0.862175714194811
1734,20555,"s10","m0",0.0111779100105357,-0.245568825994501,-0.156985001153796,-2.22130828292633
1735,20561,"s10","m0",-0.00334530003281296,-0.334664715828114,-0.347452520439513,-1.44822110431849
1736,20594,"s10","m0",0.0392810330506559,-0.487347796964716,-0.180199009623427,-2.14991779328738
1737,20601,"s10","m0",0.0131016048616046,-0.317418444699034,-0.273045285345163,-2.42038584804206
1738,20612,"s10","m0",0.0557164289902229,-0.426506130642295,-0.383463057270863,-1.95808357075851
1739,20615,"s10","m0",-0.0305114247630903,-0.557907881488746,-0.388860231989394,-1.04911469727788
1740,20624,"s10","m0",-0.0173668578762671,-0.536598090296679,-0.318212729786045,-1.80121624137842
1741,20632,"s10","m0",0.0616688334374221,-0.245101266526521,-0.270672580801143,-2.09882980954679
1742,20641,"s10","m0",0.0107330481266914,-0.521494663064492,-0.199145139503241,-1.71735676066191
1743,20658,"s10","m0",-0.033836687735853,-0.525224019674572,-0.506813698615655,-1.29266227850954
1744,20672,"s10","m0",0.038913702816654,-0.265929534235511,-0.243479358733387,-2.02762585935896
1745,20694,"s10","m0",0.0057702599163507,-0.43659915691013,-0.515709567928286,-1.93787954498916
1746,20703,"s10","m0",0.00389313810090746,-0.511906785516904,-0.257501289227476,-1.82594241668188
1747,20714,"s10","m0",-0.019758596628018,-0.322773273740053,-0.225497931456053,-1.79340023757384
1748,20719,"s10","m0",0.0370200553379219,-0.601874518661067,-0.113950277935167,-3.04257211904401
1749,20727,"s10","m0",-0.00285947409111755,-0.468886233786057,-0.274822919167713,-1.9147841392531
1750,20760,"s10","m0",0.0413888045828087,-0.364228085499143,-0.216456844516288,-0.980620292500394
1751,20773,"s10","m0",0.013743794610759,-0.481245407517666,-0.218397191205343,-1.26543694199934
1752,20776,"s10","m0",0.0081160382082673,-0.412909782171556,-0.230530715651419,-2.80851626640477
1753,20792,"s10","m0",0.0271193511657272,-0.339767393413277,-0.431685520352774,-1.41128834356534
1754,20804,"s10","m0",-0.0504977783667693,-0.530108325247875,-0.641117785627113,-2.87590170325918
1755,20813,"s10","m0",0.0371081943690802,-0.159048777641018,-0.336863819716259,-1.96530012631356
1756,20825,"s10","m0",-0.00375342344956711,-0.382553039281915,-0.226840197255257,-1.7214258619026
1757,20838,"s10","m0",-0.0127441900211242,-0.383244409060937,-0.239686242668409,-1.34489079290416
1758,20840,"s10","m0",0.0082117876797711,-0.367707438799351,-0.394476343852318,-1.6362137912169
1759,20872,"s10","m0",0.0511150956558004,-0.327448572515414,-0.163562825413706,-2.55434684286526
1760,20874,"s10","m0",-0.0749319214542827,-0.349424812185609,-0.522563349323461,-0.770765875199603
1761,20886,"s10","m0",0.019754584150629,-0.225947878510958,-0.346621420469421,-2.07188452862499
1762,20887,"s10","m0",-0.0681059566599614,-0.697260974455126,-0.521860998160897,-0.82193144698171
1763,20894,"s10","m0",-0.0247908451243535,-0.395919507768343,-0.355886301196677,-2.06015227018829
1764,20897,"s10","m0",-0.0313454140411776,-0.566797507461198,-0.515201584350729,-2.07439928199011
1765,20899,"s10","m0",0.000128844349427836,-0.303455504440243,-0.231889253959152,-1.33860398151524
1766,20902,"s10","m0",0.0295877217815706,-0.447418293542615,-0.168923035608154,-1.17602121038266
1767,20906,"s10","m0",0.00790962240078055,-0.256003918960242,-0.362102651716685,-1.05263746359219
1768,20922,"s10","m0",0.00111414542193454,-0.236089421857521,-0.41096296370292,-1.55170574507942
1769,20930,"s10","m0",0.025417508473284,-0.399017960596746,-0.5148298751813,-2.33885144141582
1770,20931,"s10","m0",0.0502557338963935,-0.353503914861393,-0.282323979099228,-1.04085588635129
1771,20973,"s10","m0",-0.00819181391034952,-0.366708630843209,-0.3328644994278,-1.49291170428387
1772,20984,"s10","m0",-0.0793185444588491,-0.523352287759935,-0.358620434805593,-0.898402330828404
1773,20986,"s10","m0",0.0666531284381388,-0.318375955969843,-0.311740861679811,-2.03424632526532
1774,21013,"s10","m0",-0.0372168144234514,-0.259758651660845,-0.397410827642414,-1.14807108440054
1775,21052,"s10","m0",0.0117366330606896,-0.554895763673476,-0.292006229959646,-1.88153417900458
1776,21054,"s10","m0",0.0097569928484538,-0.47774636978844,-0.39504176849198,-2.13070368529569
1777,21060,"s10","m0",0.037030509449439,-0.433882202711999,-0.151715393445069,-3.17878295721826
1778,21073,"s10","m0",0.0295976697421624,-0.26084836156399,-0.190238757505529,-1.72375760348795
1779,21075,"s10","m0",0.0119127037245372,-0.405144381627589,-0.29020243103512,-0.93371824023619
1780,21082,"s10","m0",0.00766599199653142,-0.313830946598861,-0.338331421713565,-1.79859003374197
1781,21086,"s10","m0",0.0152706088123496,-0.525608880120994,-0.271531452229724,-1.8021716012045
1782,21087,"s10","m0",-0.00339761880716187,-0.371946499407556,-0.225557493671284,-1.49786425041292
1783,21094,"s10","m0",0.00976759090927727,-0.461508388213577,-0.29373882163955,-1.6835785070348
1784,21113,"s10","m0",-0.0222789938495047,-0.30476591937953,-0.312076388472483,-0.824817985706274
1785,21120,"s10","m0",-0.0633876331440979,-0.560498039078948,-0.369069359810993,-1.72009516841019
1786,21121,"s10","m0",-0.130961236907958,-0.809683196964793,-0.494316693328,0.200221674321206
1787,21133,"s10","m0",0.0174421990904296,-0.349246180003,-0.147545054860724,-2.36035311213479
1788,21148,"s10","m0",0.0147051386912626,-0.361415144016308,-0.162790683671104,-2.30165318784778
1789,21150,"s10","m0",-0.0123616977893468,-0.40261944090906,-0.393175350168997,-1.37114905698217
1790,21160,"s10","m0",0.0757087836156156,-0.358252583339618,-0.250449793738562,-2.52816939003391
1791,21168,"s10","m0",0.0482555524855553,-0.256179497687762,-0.317309938056396,-1.13902484166928
1792,21184,"s10","m0",0.00415006751139032,-0.255914091925454,-0.403795106320732,-1.41974109320672
1793,21189,"s10","m0",-0.00256472346795885,-0.428973886863517,-0.397590647870092,-0.926077803029143
1794,21203,"s10","m0",-0.0146905463619706,-0.413882441922718,-0.301288696134061,-1.53563951694473
1795,21212,"s10","m0",0.0229141887977102,-0.45293912924085,-0.110550218075032,-2.33388272532724
1796,21219,"s10","m0",-0.00791839970931753,-0.37604261107291,-0.317227949045313,-1.69619423619057
1797,21235,"s10","m0",0.0581333728540729,-0.391712358412002,-0.186205763032126,-1.40919888589763
1798,21237,"s10","m0",-0.0210066276920126,-0.411336788869885,-0.399946444888437,-1.41867998994229
1799,21268,"s10","m0",-0.044841522728904,-0.34947476433527,-0.343237112877967,-1.0642971005905
1800,21312,"s10","m0",-0.0286514480484668,-0.540755503603694,-0.433358254757301,-2.2907220692305
1801,21348,"s10","m0",-0.0145947930594976,-0.397129809914216,-0.347727097482094,-1.98627443403952
1802,21352,"s10","m0",0.0451766074736766,-0.274396970273839,-0.21296059058422,-1.55366880473656
1803,21378,"s10","m0",0.0275547426771995,-0.26748563718095,-0.306626421959608,-2.42967562019082
1804,21392,"s10","m0",-0.027593065187778,-0.486396201090371,-0.591001174060153,-1.58457734553426
1805,21423,"s10","m0",0.0122217518238435,-0.430746204146062,-0.219887585732484,-2.81561371477906
1806,21440,"s10","m0",-0.0499667977359041,-0.359223041203834,-0.372834972336674,-1.35218000257737
1807,21456,"s10","m0",0.0135256162150066,-0.317500394450699,-0.330126465646296,-1.33434163962258
1808,21457,"s10","m0",0.0142635838765504,-0.489226896741486,-0.377684204880959,-2.70620227560942
1809,21464,"s10","m0",-0.0333620961553746,-0.695776396014804,-0.288772917666511,-1.26200870985539
1810,21467,"s10","m0",-0.0419141871909835,-0.460411067736863,-0.349432294848798,-0.960174978127969
1811,21468,"s10","m0",0.0386912590359447,-0.241179333210471,-0.280391418113946,-1.87104064424288
1812,21487,"s10","m0",0.0428970046581175,-0.313231029828461,-0.234647073870538,-1.07408676037021
1813,21491,"s10","m0",-0.0136594228142823,-0.308523308430444,-0.454723097000197,-1.18252270703026
1814,21492,"s10","m0",-0.0100166060990065,-0.479044847689473,-0.198513496290502,-0.567870730793714
1815,21509,"s10","m0",-0.00397327840941239,-0.436157833861829,-0.27596660391647,-2.57886292354936
1816,21511,"s10","m0",0.0254585796218309,-0.373445804546699,-0.137977549590752,-0.565642570624366
1817,21530,"s10","m0",0.0190834545630589,-0.403786865013053,-0.334901312492382,-1.73521097986608
1818,21531,"s10","m0",0.0329661458989724,-0.284039344585217,-0.168811456179848,-1.50725438885117
1819,21534,"s10","m0",0.00743998744561731,-0.313480190157784,-0.425140785761505,-2.00939458081767
1820,21540,"s10","m0",-0.0200181043795465,-0.550639586924513,-0.490179738353169,-1.94526082867129
1821,21542,"s10","m0",0.0358968188973767,-0.438324504340415,-0.296359626260611,-2.3701991690458
1822,21543,"s10","m0",0.0356045285058848,-0.337062820766353,-0.306852079885846,-2.29581332915284
1823,21547,"s10","m0",0.0398691326744557,-0.347815731595225,-0.176976138315273,-2.56945063846677
1824,21556,"s10","m0",0.00279914891754854,-0.433879044377283,-0.440659850561035,-1.47543775530714
1825,21588,"s10","m0",0.0581454771932057,-0.324678006536289,-0.292724692384987,-1.93873507643158
1826,21591,"s10","m0",-0.0186953785922431,-0.457579077456144,-0.261520063849313,-0.870650896720223
1827,21601,"s10","m0",0.013253026606899,-0.592263162181614,-0.188232053498463,-1.99331856849052
1828,21646,"s10","m0",-0.0220279164525423,-0.439495714393874,-0.411790657379454,-1.37869210588515
1829,21657,"s10","m0",-0.0472104983064767,-0.59718437704643,-0.42316368935377,-1.65003710354843
1830,21691,"s10","m0",0.0191214664364785,-0.309658540095852,-0.267590234887576,-1.45135292715035
1831,21711,"s10","m0",0.0242447558019372,-0.29927271150862,-0.191718456127514,-2.19017821034372
1832,21712,"s10","m0",0.0516659832986298,-0.544608055390357,-0.207653534490474,-2.45641395806158
1833,21715,"s10","m0",0.0673647304910695,-0.417646281380665,-0.20299385132597,-2.6714878598445
1834,21724,"s10","m0",-0.0471243544400447,-0.37940703957004,-0.447964034809993,-1.37278151532334
1835,21749,"s10","m0",0.0288713378095459,-0.328238197163001,-0.325547386623663,-2.09735561135638
1836,21758,"s10","m0",-0.0100459805131449,-0.446968545858354,-0.243179407424195,-1.5716083942631
1837,21766,"s10","m0",-0.00901488876797303,-0.566990901630572,-0.289325667218057,-1.05370988342051
1838,21770,"s10","m0",0.0311355328514405,-0.501161366948135,-0.400583092196414,-1.65252595172877
1839,21776,"s10","m0",0.0581217077521372,-0.342421020630983,-0.406448450693323,-1.70938246035389
1840,21783,"s10","m0",-0.0690972349588245,-0.454509216285794,-0.664677802139717,-0.744148996611259
1841,21792,"s10","m0",0.0259128531490534,-0.341979950887801,-0.0902389064920477,-1.60831380094761
1842,21801,"s10","m0",0.0500046349447096,-0.423820556219725,-0.0666518175225321,-2.28562390528253
1843,21811,"s10","m0",0.0106261161850172,-0.341266363111129,-0.530378083897036,-1.34861613977275
1844,21815,"s10","m0",-0.0149922520940169,-0.306347423768436,-0.212932820569227,-2.75335502299363
1845,21825,"s10","m0",-0.0130471187631442,-0.478614404183928,-0.234204034844508,-0.889352522318138
1846,21839,"s10","m0",-0.00170021744587826,-0.296944696030355,-0.382672969823104,-1.52806009967105
1847,21853,"s10","m0",0.0116770601984326,-0.425699546523066,-0.404574460591657,-1.7949788237999
1848,21861,"s10","m0",-0.00233051979825743,-0.464540339675832,-0.295684731962396,-0.911691563593124
1849,21866,"s10","m0",0.0441612748106127,-0.298933872770178,-0.161963832904643,-1.68593576699215
1850,21868,"s10","m0",0.034662840340043,-0.452258417126993,-0.36955897470262,-1.58378417528148
1851,21874,"s10","m0",-0.0159283735143071,-0.461742168788343,-0.315314533859357,-1.40695378122726
1852,21876,"s10","m0",-0.046603654604763,-0.641877004877981,-0.497953460478709,-2.26381266784282
1853,21878,"s10","m0",0.0809675341914364,-0.251543835138635,-0.037205994079265,-1.75284494235712
1854,21886,"s10","m0",0.0223205775075003,-0.490947481210088,-0.214638882785152,-1.6406770764287
1855,21896,"s10","m0",-0.0311241631726603,-0.50363012085676,-0.330418752335596,-1.0064606697503
1856,21897,"s10","m0",-0.00114165211042233,-0.305086782458318,-0.313694319756258,-1.30182287078684
1857,21900,"s10","m0",0.00575959464011639,-0.409441913938671,-0.311378932504966,-1.63479451537265
1858,21904,"s10","m0",0.0108237364729959,-0.506567332968705,-0.282496332455224,-1.09602661310604
1859,21909,"s10","m0",-0.0144035987828188,-0.378614681973369,-0.560501922872239,-1.60687284513045
1860,21922,"s10","m0",0.0321924565377,-0.337508957935879,-0.0982365121712228,-1.44705035755292
1861,21949,"s10","m0",0.02336491358537,-0.378412445496032,-0.314517163212447,-2.17132203357401
1862,21951,"s10","m0",0.00363083278114367,-0.261773056644434,-0.343495004555407,-1.60061885056134
1863,21982,"s10","m0",0.00702958017865146,-0.390021787898955,-0.418044638630346,-2.22217870252782
1864,21984,"s10","m0",0.0435488577963875,-0.219181045061713,-0.330545832844256,-2.47239188447925
1865,21993,"s10","m0",0.0269504993773784,-0.571111555729494,-0.271914344494593,-2.82838520011433
1866,21994,"s10","m0",0.0446601218564258,-0.135878331246961,-0.203768650600896,-2.2634273732438
1867,22005,"s10","m0",0.018376107252118,-0.369471860604755,-0.228319608137856,-2.21149197960216
1868,22012,"s10","m0",-0.0119272429536726,-0.647394439342414,-0.296021649606345,-1.50986950469738
1869,22020,"s10","m0",0.0533945195105457,-0.382541388221071,-0.243732371812316,-2.50489877560512
1870,22065,"s10","m0",-0.0246570120780166,-0.516439680276636,-0.449834822020371,-1.6277832981776
1871,22075,"s10","m0",0.0238249855803544,-0.294164689730567,-0.156184145233808,-1.66985985401409
1872,22076,"s10","m0",0.00085274396123115,-0.255480073805913,-0.324303424690308,-1.44287169213178
1873,22089,"s10","m0",-0.0271481864211277,-0.390484933192337,-0.283755777048447,-1.30694660896639
1874,22096,"s10","m0",-0.0333323932686361,-0.451365788678659,-0.369733211740244,-2.28514555445171
1875,22102,"s10","m0",0.0199456883788615,-0.427635403720725,-0.388232974550675,-2.40268764588742
1876,22119,"s10","m0",-0.00130681655216656,-0.360297327565805,-0.276268653651812,-1.55857758910914
1877,22124,"s10","m0",0.0293387057260805,-0.259409219877415,-0.280332381198921,-1.87761340999467
1878,22142,"s10","m0",-0.0351020882332367,-0.372401653454173,-0.34512485193062,-0.228291944539122
1879,22144,"s10","m0",-0.0584069199497533,-0.474522774395725,-0.428452814240932,-0.502539791236961
1880,22152,"s10","m0",-0.0247383172094674,-0.448331457510318,-0.188308265782996,-0.967874132010544
1881,22182,"s10","m0",0.0156942085864329,-0.52070673637245,-0.30090836164911,-1.7559210786068
1882,22202,"s10","m0",0.042403835218331,-0.358259281587216,-0.0758809688834348,-1.63247594913928
1883,22204,"s10","m0",0.0565340953117459,-0.126447480667037,-0.103691750044586,-1.95019166883851
1884,22212,"s10","m0",-0.0380191830005449,-0.532115160676419,-0.254119773569531,-1.67814806251251
1885,22228,"s10","m0",-0.00886790717205871,-0.41854591947952,-0.328678899093363,-1.64702216483582
1886,22241,"s10","m0",-0.0263216785939965,-0.39696710860983,-0.29646894129699,-1.83830893398344
1887,22244,"s10","m0",0.0198144230161059,-0.270534764711202,-0.188321078180058,-2.45261655487436
1888,22273,"s10","m0",-0.0131443838270319,-0.385154762787755,-0.331426783141653,-1.2020175475797
1889,22279,"s10","m0",-0.0235666386061192,-0.408307793541013,-0.275256311301212,-1.0861600131334
1890,22286,"s10","m0",0.0252899204065275,-0.347728665328426,-0.316797169097371,-1.5769930819213
1891,22291,"s10","m0",-0.0200163499392285,-0.46329616797318,-0.370866931025769,-1.06859495593584
1892,22292,"s10","m0",-0.00040381650236608,-0.577425239668971,-0.276534990468984,-2.79207595626072
1893,22304,"s10","m0",0.0361852511110045,-0.511406107614723,-0.199485981487613,-1.66417118301214
1894,22308,"s10","m0",-0.00292438591267808,-0.482519559178545,-0.519892474974157,-3.71036706060239
1895,22311,"s10","m0",0.0396776692714746,-0.204081225822655,-0.236323378721917,-2.4355153486272
1896,22315,"s10","m0",0.0170940757200151,-0.269787260016618,-0.129129708202506,-1.24784931582211
1897,22323,"s10","m0",-0.015013434341233,-0.363962632794487,-0.365651209724677,-2.08110758148434
1898,22330,"s10","m0",0.00541626034471852,-0.252972217283423,-0.314873788779795,-2.08421114651932
1899,22334,"s10","m0",-0.0108391786790606,-0.347629552062199,-0.254727120786548,-0.589853406992081
1900,22335,"s10","m0",0.0343790032975578,-0.446947619784503,-0.191048980237855,-1.58647963352658
1901,22337,"s10","m0",0.0546841095021911,-0.259622923322212,-0.21897985488676,-2.44374183640499
1902,22341,"s10","m0",-0.0324524141037022,-0.543644174807731,-0.512575665845617,-0.998425101535126
1903,22343,"s10","m0",-0.012370026384377,-0.423410698685032,-0.322398449210427,-1.67909052395369
1904,22349,"s10","m0",-0.00670281143476944,-0.334455801782335,-0.350475761126365,-1.70619004747914
1905,22387,"s10","m0",-0.0511002975144527,-0.409282522566938,-0.409915875179655,-1.94888661271647
1906,22407,"s10","m0",-0.00566667357177561,-0.555035840918374,-0.418998059265138,-0.967702765167616
1907,22438,"s10","m0",-0.0305544919084643,-0.25183870470227,-0.415331741205159,-1.5178141490502
1908,22440,"s10","m0",-0.055925506334104,-0.634079760562124,-0.252099843955721,-2.73671771296592
1909,22454,"s10","m0",0.0361779470476335,-0.293125727032141,-0.12978945698873,-1.52499337337457
1910,22457,"s10","m0",-0.0252905554326716,-0.453917630345778,-0.36337616933326,-1.90498963860568
1911,22470,"s10","m0",0.0374115007729029,-0.349707723121351,-0.188203864466137,-2.22024615640206
1912,22493,"s10","m0",0.0242383053042295,-0.452930681115606,-0.314072649595497,-2.31517003254496
1913,22495,"s10","m0",0.0461417790800442,-0.39879532505553,-0.204129149290128,-2.81190214372581
1914,22505,"s10","m0",0.0734039215818842,-0.182451347816485,-0.181564239243134,-2.2169807566881
1915,22511,"s10","m0",-0.031384401587022,-0.540479814061552,-0.327358986063281,-1.84445041874911
1916,22524,"s10","m0",0.0113281765483152,-0.216835444310844,-0.274113398179451,-2.17240305560912
1917,22529,"s10","m0",0.0442633268442314,-0.439759928051857,-0.227100545296266,-2.55382830723023
1918,22543,"s10","m0",0.051510454446938,-0.232738255851114,-0.2123409423149,-1.70907021020247
1919,22553,"s10","m0",-0.0510776748846457,-0.413405858600455,-0.374245406713361,-0.329295243134438
1920,22584,"s10","m0",0.0201332152856206,-0.328228517755418,-0.223465473158117,-1.2704593114382
1921,22587,"s10","m0",0.0434742787077481,-0.414664098366455,-0.274938781119443,-1.70116028712865
1922,22615,"s10","m0",0.0437815019417249,-0.305163036343483,-0.1302148874228,-2.1323418640332
1923,22630,"s10","m0",-0.0538092071702656,-0.73868400201842,-0.247875290498952,-1.05806232769687
1924,22645,"s10","m0",-0.0185384310763771,-0.451611389422235,-0.396067642998375,-1.09011594406513
1925,22658,"s10","m0",0.0204392754213134,-0.240536697226832,-0.220502613444564,-1.52405190034507
1926,22664,"s10","m0",-0.0119666942814948,-0.449615511963794,-0.5354987881675,-1.74702819086423
1927,22685,"s10","m0",0.00223015349065642,-0.393505134314471,-0.350302492735149,-2.34280742738235
1928,22687,"s10","m0",-0.0268035001821809,-0.366065274105116,-0.442199621460292,-1.46965248434267
1929,22690,"s10","m0",0.0232659106397575,-0.200375844941546,-0.251621137374847,-0.78957276987719
1930,22691,"s10","m0",-0.000215545487879676,-0.432604120982167,-0.448487476427356,-1.43810824704143
1931,22696,"s10","m0",0.0107984731921993,-0.493661045411471,-0.382774486575762,-2.22957778682525
1932,22697,"s10","m0",-0.0122974125327235,-0.443047770539429,-0.318569655142545,-1.97224438056082
1933,22702,"s10","m0",0.0101527417753545,-0.254196421460488,-0.364725205105407,-2.24798527984645
1934,22710,"s10","m0",-0.00823437725282516,-0.706374698836987,-0.281967809542751,-0.946493362317081
1935,22714,"s10","m0",-0.027512906502168,-0.541081746636273,-0.333647883976426,-0.733294672834697
1936,22723,"s10","m0",-0.0359174913889509,-0.392288178830826,-0.270187872795922,-1.08743932042682
1937,22745,"s10","m0",-0.013737082913716,-0.274819310611088,-0.249697817017736,-2.57471644299321
1938,22756,"s10","m0",-0.0347594011348369,-0.576154312405531,-0.389021535235542,-1.76501807168322
1939,22772,"s10","m0",0.062716375891001,-0.253162616154925,-0.186836359648895,-3.14460775332756
1940,22779,"s10","m0",0.064933360519124,-0.273010527025619,-0.060964022234307,-2.3890760100048
1941,22802,"s10","m0",0.00218833369262988,-0.505263502260304,-0.252855095344893,-2.04232249939253
1942,22813,"s10","m0",-0.0459551603469174,-0.366065905373604,-0.559571121752803,-0.86598175365568
1943,22822,"s10","m0",0.0362165667011064,-0.454803460850923,-0.0821148141179701,-2.45713017927475
1944,22838,"s10","m0",-0.0286858149132114,-0.429191323745748,-0.320085596574518,-1.06965252081728
1945,22887,"s10","m0",0.0536169617960912,-0.27984453962274,-0.194893381612762,-1.77481878264869
1946,22889,"s10","m0",-0.0418994507002103,-0.626636588584497,-0.271834006764715,-1.63815407176277
1947,22898,"s10","m0",-0.0255600662842098,-0.580172030660832,-0.597718274746864,-1.66806440438207
1948,22903,"s10","m0",0.0798647044781368,-0.264071954973445,-0.00753989911578009,-2.54979428465254
1949,22911,"s10","m0",0.0161797972237676,-0.553662814553635,-0.195908765010496,-2.09889618044388
1950,22915,"s10","m0",0.0317148947826207,-0.376325951174725,-0.0990993136862913,-1.74704947886222
1951,22942,"s10","m0",-0.00324421506994488,-0.275752202795629,-0.106066104030401,-1.83259945581459
1952,22988,"s10","m0",0.0082031353996914,-0.344310617193848,-0.26509031862988,-1.23146890135235
1953,22989,"s10","m0",0.00689239493865908,-0.392733954315191,-0.201901982197936,-1.93804505681895
1954,22990,"s10","m0",-0.00638485186936176,-0.437259401980949,-0.343269013466082,-1.2777811987463
1955,22998,"s10","m0",0.000168407061084962,-0.397384184926582,-0.237688039378554,-1.84467748490315
1956,23000,"s10","m0",0.0655840190741451,-0.256270360038853,-0.195686940909775,-1.95380748684399
1957,23003,"s10","m0",0.0574066616374017,-0.359224290074368,-0.217975572619612,-1.88741658061358
1958,23050,"s10","m0",-0.00421150494274,-0.385269681079862,-0.408670284657854,-2.14478733000407
1959,23051,"s10","m0",0.0550323723075829,-0.218561705279458,-0.211384105401246,-3.80914063778204
1960,23088,"s10","m0",0.0134215317669497,-0.543951499551749,-0.410314444298841,-1.51711496323965
1961,23091,"s10","m0",-0.00485586615105704,-0.368163394567682,-0.427375812198466,-1.3839160982796
1962,23103,"s10","m0",0.040885420986527,-0.438380032654327,-0.156576561042286,-1.67266754834975
1963,23104,"s10","m0",-0.0154843391578999,-0.453908585242968,-0.28701166175664,-1.15612311106494
1964,23111,"s10","m0",0.0215999133118335,-0.361379841323911,-0.304904378698816,-0.763296850322607
1965,23140,"s10","m0",-0.04077811550667,-0.419983784174229,-0.309726790667043,-1.25929546149791
1966,23148,"s10","m0",-0.0500425559914365,-0.441240649632222,-0.395821770642725,-0.804590515027465
1967,23158,"s10","m0",0.0189028551871199,-0.506290978498132,-0.347384522444852,-1.48849400814044
1968,23170,"s10","m0",-0.0386863368411716,-0.43381422012257,-0.166022919613638,-1.73274823253477
1969,23179,"s10","m0",0.00697219344072237,-0.397909062005454,-0.287816901726758,-1.96188753829191
1970,23209,"s10","m0",0.0292450829636784,-0.303020444737089,-0.172871494707073,-1.49346537592152
1971,23212,"s10","m0",0.0611701124828145,-0.231792567431054,-0.258531015193351,-2.57364115868956
1972,23252,"s10","m0",5.70078777441009e-05,-0.423796654613007,-0.379054444652995,-0.708300294102984
1973,23275,"s10","m0",0.0406948132907587,-0.315234898830772,-0.173624881618271,-2.24444616430198
1974,23284,"s10","m0",-0.0727295776036993,-0.395298842733129,-0.510777276756762,-0.371069622269403
1975,23291,"s10","m0",0.0105806930742176,-0.281529556092763,-0.252133877841975,-2.79508837607283
1976,23295,"s10","m0",0.00212724380376006,-0.312239554538828,-0.309580296438019,-1.32697539653539
1977,23297,"s10","m0",0.0398392103897242,-0.275543998012149,-0.07436837664623,-2.09056290868476
1978,23301,"s10","m0",-0.0219883792498868,-0.365909237457749,-0.357165581682311,-0.746373254928995
1979,23302,"s10","m0",0.0348686727626653,-0.28843906615847,-0.22942231591348,-1.47364431419485
1980,23306,"s10","m0",0.0186064088097543,-0.400268685207485,-0.18973150832117,-2.31870050486543
1981,23307,"s10","m0",0.0151435330174048,-0.197751208759814,-0.479988605952505,-1.34277223374286
1982,23310,"s10","m0",-0.0556033179431316,-0.664093342795715,-0.258517369429565,-0.936818828276949
1983,23354,"s10","m0",-0.00685935117911486,-0.402271735115959,-0.303244521128672,-1.49743782995309
1984,23355,"s10","m0",0.00962983190077903,-0.218676286349519,-0.307460210614969,-1.81176073687654
1985,23357,"s10","m0",-0.0562316732885827,-0.378563997792723,-0.481486924697633,-1.07163764119656
1986,23374,"s10","m0",0.0533459267696544,-0.274865637879239,-0.466340975966448,-1.51118997809359
1987,23403,"s10","m0",0.0343572019669602,-0.374832831262627,-0.253426576764093,-1.42198038626849
1988,23406,"s10","m0",0.00506142869508025,-0.507497810061485,-0.242028977470694,-1.63355857840038
1989,23412,"s10","m0",-0.0352042651496143,-0.496907385419848,-0.289007930769072,-1.41692409702637
1990,23413,"s10","m0",-0.033879777940397,-0.420542761292725,-0.348859607420872,-1.57773905223611
1991,23436,"s10","m0",-0.0245083271928368,-0.393502175924278,-0.290840134520061,-1.9590889558751
1992,23469,"s10","m0",0.0224130358622597,-0.380579402337513,-0.28743797640313,-1.78074050800361
1993,23488,"s10","m0",0.0133021676678492,-0.663380587393672,-0.496529251091282,-1.7355317248402
1994,23491,"s10","m0",0.00175464923469625,-0.515512408221319,-0.14694885537083,-1.53373934951731
1995,23492,"s10","m0",-0.0217125112768915,-0.158705254939024,-0.351310626408901,-1.52640788641254
1996,23498,"s10","m0",0.0233188959307431,-0.454651015301524,-0.195966630712794,-2.03016336097906
1997,23502,"s10","m0",-0.0669959870732596,-0.627826921595526,-0.519156800379044,-1.65228307268866
1998,23503,"s10","m0",0.00157343765633187,-0.330383869680876,-0.26188980764721,-1.59321778144812
1999,23517,"s10","m0",-0.0324335688414644,-0.561522163575652,-0.510750940190586,-2.01638760694272
2000,23518,"s10","m0",0.0143373747968296,-0.538720876431941,-0.269899967507022,-1.45373567266382
2001,23525,"s10","m0",0.0488279805939714,-0.42360434004751,-0.174345641948218,-2.13387280294865
2002,23533,"s10","m0",-0.0264353486127614,-0.499123435419876,-0.329146431644807,-1.78467713581591
2003,23534,"s10","m0",0.0017283342431204,-0.37503308942798,-0.392681100661383,-1.76342042324017
2004,23538,"s10","m0",-0.0512085054053092,-0.609259924161807,-0.374741700631667,-1.82214478087296
2005,23551,"s10","m0",0.00427304661450951,-0.441443418162243,-0.368304008033065,-1.54181411907318
2006,23557,"s10","m0",0.0209126986988198,-0.376130122703719,-0.248900735895668,-1.47366390793929
2007,23563,"s10","m0",0.000523765438547782,-0.405142670028929,-0.176067601988971,-2.0670699185338
2008,23564,"s10","m0",0.0134777326125453,-0.330256834961289,-0.269366676396868,-1.46656674713875
2009,23593,"s10","m0",0.0050969774483514,-0.527944813488702,-0.175341840038776,-1.77473797068228
2010,23599,"s10","m0",-0.0382303479628751,-0.522908173819853,-0.30574835719565,-1.96037914691219
2011,23601,"s10","m0",0.0572997683011069,-0.336278770697957,-0.104214601833795,-1.65537847070249
2012,23606,"s10","m0",0.0751537656840121,-0.266891819543816,-0.283166170055772,-2.01061244469981
2013,23613,"s10","m0",0.0104452920529817,-0.479366836928591,-0.214028064565534,-1.19629023913307
2014,23616,"s10","m0",0.0384047902599957,-0.329512647319174,-0.41302805412523,-1.91722869154362
2015,23663,"s10","m0",-0.0377131277389925,-0.402115872542055,-0.365533560530566,-0.801250900923785
2016,23667,"s10","m0",-0.0800286984896479,-0.634281674128446,-0.415334000466456,-0.618221372897646
2017,23675,"s10","m0",-0.0351319294801056,-0.5766033314819,-0.467263391488403,-2.1947336296745
2018,23692,"s10","m0",-0.0027891882197448,-0.376471742168312,-0.337057650818007,-0.965177902697083
2019,23708,"s10","m0",-0.035488253569416,-0.434600138786764,-0.500681692476568,-0.79439456589306
2020,23727,"s10","m0",-0.0556891006268295,-0.654591367725555,-0.314433302598673,-1.44725899822599
2021,23731,"s10","m0",0.0508398080835668,-0.411422571713818,-0.09890233983642,-2.23072793066354
2022,23736,"s10","m0",-0.011511019254817,-0.26095480427902,-0.256111738476902,-2.67769468417644
2023,23761,"s10","m0",0.00554407289695086,-0.492367390828929,-0.206129829907197,-2.24626248072253
2024,23768,"s10","m0",-0.0154198266270472,-0.378320911459176,-0.277320205945648,-2.24692862591372
2025,23772,"s10","m0",0.00132615132692403,-0.430775957895584,-0.315327685885474,-1.06325034752857
2026,23776,"s10","m0",0.0550985128890933,-0.26568731529507,-0.165100389018762,-2.55255989155673
2027,23782,"s10","m0",-0.0245880252387856,-0.454179387171195,-0.139091138211216,-1.18181869322812
2028,23789,"s10","m0",0.0427957002867353,-0.399883222277762,-0.286378596779676,-1.04276242707857
2029,23800,"s10","m0",0.0686808489455278,-0.390359200765389,-0.146191345271279,-2.32515498109082
2030,23802,"s10","m0",-0.00345743786618514,-0.396412814539519,-0.345486355848619,-2.08715626565664
2031,23820,"s10","m0",-0.00651023166040849,-0.684964470072199,-0.247706188326027,-1.9273149158419
2032,23829,"s10","m0",-0.0458573431357794,-0.487767324196782,-0.503783280837421,-1.31233047240594
2033,23833,"s10","m0",0.0274285504871824,-0.255908337259315,-0.36788294248705,-1.5835613190835
2034,23839,"s10","m0",0.0554610158866051,-0.441947059137866,-0.329819033278797,-2.82599238847057
2035,23842,"s10","m0",-0.0258547352501612,-0.315559436741566,-0.195106641042302,-1.36772662600595
2036,23860,"s10","m0",0.0253578359108865,-0.395620067724622,-0.302617231844275,-1.63685157028972
2037,23870,"s10","m0",-0.00202098754582991,-0.553963122924762,-0.360110964105588,-2.08306720107787
2038,23907,"s10","m0",-0.00604339537954046,-0.466457165502672,-0.297941926430603,-2.11765802333143
2039,23911,"s10","m0",0.0705794178853963,-0.427119237732151,-0.158365196429771,-2.49304812661015
2040,23916,"s10","m0",0.0159772959900754,-0.616419229038341,-0.311774880869785,-2.05772857180907
2041,23951,"s10","m0",-0.0667214357248371,-0.472752658990595,-0.378143576834602,-1.77410504602124
2042,23955,"s10","m0",-0.0119469656055019,-0.428337549978783,-0.354797767966309,-1.18780567362946
2043,23956,"s10","m0",0.0117409786988008,-0.462069109157384,-0.339803655999551,-1.85041236157286
2044,23957,"s10","m0",0.028246360579195,-0.542410502032991,-0.336595276616206,-1.74669296525645
2045,23966,"s10","m0",-0.00199644168919002,-0.394932169871576,-0.194290720324845,-2.61968813980177
2046,23986,"s10","m0",-0.0482322646081841,-0.533339191826987,-0.198875860122161,-0.769731360259133
2047,23996,"s10","m0",0.0297317515445489,-0.184626783522352,-0.384928765146965,-2.12700678016576
2048,23999,"s10","m0",-0.0412321231482811,-0.468939062683451,-0.536245762308263,-1.74742320362421
