"draw","source_draw","id","assumed_model","alpha_0","nu_0","nu_1","tau"
1,9,"s14","m0",-0.274473368771853,0.0190538022622873,0.429729574893901,1.3004362071825
2,16,"s14","m0",-0.325646871982919,-0.220609415028465,0.422012386556099,1.40199962862625
3,46,"s14","m0",-0.401385951713044,-0.277337066593342,0.297486195039177,1.69559744817322
4,48,"s14","m0",-0.457741063514582,-0.721317832104477,0.343436104759756,1.66891378360046
5,53,"s14","m0",-0.267199684565704,-0.0836177335452858,0.373914255631308,1.12592996183004
6,56,"s14","m0",-0.271873165376739,-0.141139820648544,0.466881305091129,1.25834778223459
7,57,"s14","m0",-0.345815279862417,-0.0207064317900094,0.326774835434366,1.55412886091217
8,58,"s14","m0",-0.324827645223106,-0.0035362621098759,0.444146441874472,1.50449139575011
9,71,"s14","m0",-0.307538533141175,-0.106899303178106,0.434604153665858,1.35350132506722
10,86,"s14","m0",-0.27509395900518,0.115612193273087,0.324850825322702,1.25175784310126
11,96,"s14","m0",-0.248077103260446,-0.198205003926507,0.423501796322603,1.25593346778498
12,118,"s14","m0",-0.368764777776769,-0.703708973301237,0.359452476272622,1.51046704252346
13,119,"s14","m0",-0.27393588640973,-0.225342497221849,0.405161625946908,1.1916130549165
14,120,"s14","m0",-0.293763524972163,-0.14877558458498,0.498750484779719,1.26784563555268
15,132,"s14","m0",-0.343768111742953,-0.531618338222672,0.363937917948611,1.34338473863265
16,135,"s14","m0",-0.308374676727402,-0.51893017220444,0.415615678589217,1.23681650281548
17,143,"s14","m0",-0.217329464253571,-0.0415289037937599,0.491320767848244,1.09127398249446
18,149,"s14","m0",-0.330237992779576,-0.304170054037285,0.387311391433545,1.74654788065526
19,176,"s14","m0",-0.278422262761399,-0.242680041701649,0.455329505138405,1.18959604907967
20,177,"s14","m0",-0.268302245771607,-0.152110618065694,0.424501214645781,1.14722793480222
21,191,"s14","m0",-0.134872824249397,-0.0294876070538472,0.491750062766802,0.803132665819165
22,194,"s14","m0",-0.266143286816476,-0.0405722181573815,0.425731298158368,1.1716399338475
23,205,"s14","m0",-0.31641091159683,-0.444504544273956,0.413604988399775,1.15258245072215
24,215,"s14","m0",-0.262060115191141,-0.178948643357817,0.458136056128883,1.13090292832615
25,220,"s14","m0",-0.28265070887754,-0.157382028732343,0.468637263248192,1.19219818882192
26,230,"s14","m0",-0.189445579245966,-0.133961799845042,0.54241330544426,0.926589038310397
27,242,"s14","m0",-0.337671125329604,-0.124426967670872,0.382269045862025,1.48420293259752
28,266,"s14","m0",-0.219916847128378,-0.0125229102535514,0.408471376028978,1.06416529598797
29,284,"s14","m0",-0.29524645516669,-0.275667614555089,0.383620816322069,1.28742384964888
30,297,"s14","m0",-0.244495374643523,-0.0711272083104644,0.461095093738919,1.17249685446195
31,303,"s14","m0",-0.202748890966416,0.0710489637739983,0.423177065830733,0.996329356033762
32,315,"s14","m0",-0.288856256741344,-0.166370593046498,0.464288835195566,1.33173459350324
33,325,"s14","m0",-0.271639532028185,-0.153366100134124,0.51356033414172,1.1908947638433
34,328,"s14","m0",-0.285211720736309,-0.0822817657314088,0.504256658566351,1.350454516938
35,348,"s14","m0",-0.231939351765128,0.0224887241056484,0.460675844465776,1.11726719352145
36,354,"s14","m0",-0.257247512501686,-0.197526087532991,0.544320328411387,1.21140776310058
37,357,"s14","m0",-0.257267001480214,-0.256144195840897,0.395980637031008,1.15028678612069
38,362,"s14","m0",-0.263663116717881,-0.0797809907344696,0.458672904693305,1.09488158547566
39,387,"s14","m0",-0.256923074275982,-0.34527163225001,0.457688758792263,1.15668562543835
40,393,"s14","m0",-0.238764456295612,-0.213538557097575,0.413205483477871,0.971694839366681
41,397,"s14","m0",-0.298667598110199,-0.12148581207504,0.321911816517546,1.24400972977668
42,405,"s14","m0",-0.337547591515662,-0.498479624644915,0.427356963347737,1.3970065732984
43,417,"s14","m0",-0.425978921661171,-0.420356783462593,0.292896611509492,1.78713659263885
44,426,"s14","m0",-0.283537346320686,-0.106089816104539,0.431311905808349,1.1766410149329
45,428,"s14","m0",-0.420606049243916,-0.281599414502661,0.282063061049895,1.80952416747631
46,434,"s14","m0",-0.346087127381063,-0.441084603125056,0.33249440175741,1.56010058415107
47,446,"s14","m0",-0.306181117276433,-0.214093485134517,0.379594648414047,1.18889411718877
48,466,"s14","m0",-0.36956962588706,-0.265470817436562,0.278619345764681,1.65686649314951
49,468,"s14","m0",-0.33628405409202,-0.303204622278337,0.425004589499801,1.67021495238547
50,469,"s14","m0",-0.338924898288347,-0.115731369911281,0.47523680713238,1.74822314050997
51,473,"s14","m0",-0.169254709223315,-0.0791391620381027,0.465535720183276,0.711785204231781
52,474,"s14","m0",-0.292304446735084,0.0630695332632726,0.418988853668825,1.5287014035983
53,486,"s14","m0",-0.241864916939533,-0.256683121247596,0.430892973788811,1.08058621626267
54,490,"s14","m0",-0.281927838721577,-0.289849541049844,0.443081226852099,1.13607236338211
55,500,"s14","m0",-0.351180845505005,-0.350434834242039,0.288843976317368,1.36448031901997
56,501,"s14","m0",-0.138501143479381,0.0372319550781892,0.603353532862403,0.751325273051257
57,519,"s14","m0",-0.3440893527227,-0.214495507500902,0.305584125702337,1.34149829536075
58,527,"s14","m0",-0.3260185258987,-0.264656911687453,0.411951468037302,1.42260107239323
59,533,"s14","m0",-0.201804682539148,0.0139684437926372,0.557467786720399,1.07436256829028
60,535,"s14","m0",-0.26105589463037,-0.292613251795775,0.464594621582761,1.3577361478732
61,554,"s14","m0",-0.181829851611891,0.0481686455297231,0.604219962767991,0.987667933855049
62,573,"s14","m0",-0.293562857362426,-0.0811054262639529,0.266017313815682,1.35089294834634
63,576,"s14","m0",-0.331214933897428,-0.505536497877659,0.346385505102218,1.38310826551034
64,578,"s14","m0",-0.362160889725799,-0.281517063763259,0.356018586885799,1.55046233372722
65,588,"s14","m0",-0.338902011635642,-0.744305265405713,0.397161796514391,1.46017274358867
66,608,"s14","m0",-0.325150339960252,-0.473803257755937,0.430942397227043,1.49833438371564
67,636,"s14","m0",-0.331330043763685,-0.415359356388788,0.26276573354351,1.28374164944784
68,646,"s14","m0",-0.201603525047248,0.0128019949308276,0.453229133633731,0.975959881876117
69,662,"s14","m0",-0.337255289616259,-0.492596713869353,0.498272315817657,1.39147746271736
70,664,"s14","m0",-0.429396733042276,-0.574338652987727,0.287166520206169,1.62252028031349
71,690,"s14","m0",-0.278564953263986,-0.286748597566239,0.429771792979623,1.22691256748268
72,698,"s14","m0",-0.301779293966149,-0.00433870577537469,0.477358139682056,1.54416760340032
73,702,"s14","m0",-0.365521419272661,-0.185747884323035,0.245834679333558,1.41828954786033
74,715,"s14","m0",-0.329644979778681,0.0430383544965023,0.420257097348168,1.6457915326483
75,719,"s14","m0",-0.343939897957446,-0.425706594649016,0.183398891465281,1.47806188952849
76,723,"s14","m0",-0.181285485710172,-0.121297713810254,0.43544512861353,0.83036199261698
77,746,"s14","m0",-0.27495548296316,-0.0809226824430574,0.439824367719013,1.30453761991721
78,762,"s14","m0",-0.267457268776578,-0.0391282876356959,0.539798843517811,1.28972265203849
79,769,"s14","m0",-0.232681203709928,0.0547641139642246,0.341939405449028,1.06669799695114
80,782,"s14","m0",-0.280908228562406,-0.176472376540432,0.411646174491699,1.20017432547676
81,788,"s14","m0",-0.225253147843081,-0.0163543615592475,0.379212065092457,1.16981016167458
82,797,"s14","m0",-0.172788421903189,-0.0959274866358139,0.452152450556142,0.821440633159232
83,798,"s14","m0",-0.349033477912409,-0.323652363817576,0.334861739171017,1.45016393461007
84,808,"s14","m0",-0.341181183244405,-0.10257378908483,0.369215302090113,1.73390596938404
85,818,"s14","m0",-0.285758032211117,-0.347764850768063,0.397037778835933,1.26271943820486
86,830,"s14","m0",-0.325412416865435,-0.336523886719887,0.420686388177522,1.56182829479958
87,854,"s14","m0",-0.348124337702809,-0.329957140248923,0.383412320408578,1.49656005505232
88,862,"s14","m0",-0.347443220405501,-0.372086293267121,0.348156017743021,1.41904152405399
89,867,"s14","m0",-0.372984522917873,-0.576299680786202,0.393982192925578,1.72651253992033
90,874,"s14","m0",-0.304044910053926,-0.188669661182561,0.419086840185612,1.22517236964294
91,880,"s14","m0",-0.26003410349108,-0.0475691191176902,0.536829712786391,1.27424997347503
92,920,"s14","m0",-0.255281256851662,-0.160147134897451,0.350965109522724,1.21354229086024
93,951,"s14","m0",-0.360961903721644,-0.356286229200916,0.318511897585304,1.50870131807115
94,975,"s14","m0",-0.289530983658498,-0.225049318345229,0.413432413408297,1.30853321233792
95,999,"s14","m0",-0.221247599209246,0.0628260597667051,0.529516875211077,1.13201615542866
96,1018,"s14","m0",-0.373276450067553,-0.216337427750361,0.292706035353921,1.55515550867608
97,1032,"s14","m0",-0.239782472731813,-0.365490028639942,0.467406975222382,1.16551580318402
98,1065,"s14","m0",-0.329073072163057,-0.314390630157618,0.386372454676314,1.33734524237226
99,1091,"s14","m0",-0.318513911995569,-0.317236596321769,0.354912121439018,1.52325205458127
100,1092,"s14","m0",-0.405519784437199,-0.494189018807434,0.202285777106285,1.44689876627182
101,1102,"s14","m0",-0.221081643708264,-0.115148330480936,0.537240224138134,1.07737735488289
102,1105,"s14","m0",-0.361824860977518,-0.316516565594156,0.356719056939092,1.48214181519534
103,1138,"s14","m0",-0.286162039024221,-0.349519320922877,0.372695449570296,1.22321212364683
104,1157,"s14","m0",-0.352641053016933,-0.221599184769148,0.422711196288215,1.44194865204922
105,1168,"s14","m0",-0.353713164034687,-0.655945325225674,0.452151565225674,1.67567762177757
106,1175,"s14","m0",-0.279040365456269,-0.0678966720911782,0.430306723806127,1.20027730862585
107,1208,"s14","m0",-0.270205172038515,-0.130887069985036,0.47407117858851,1.27925290024936
108,1211,"s14","m0",-0.372182586212113,-0.302149311496591,0.187015986608133,1.53478293643786
109,1258,"s14","m0",-0.391572187825252,-0.457708828085219,0.239000075141938,1.68797764755279
110,1268,"s14","m0",-0.204883151229138,0.0152936940957544,0.549290198569743,1.19513708948605
111,1269,"s14","m0",-0.338840431962291,-0.203285481852742,0.308202490877939,1.39270011560345
112,1284,"s14","m0",-0.205020736992229,-0.538363091427526,0.388317367542095,0.875700590774519
113,1285,"s14","m0",-0.356747245777582,-0.352628045828493,0.32553939492045,1.55867724849371
114,1286,"s14","m0",-0.20470643711836,-0.238932493087143,0.43996066223964,0.883064964436283
115,1293,"s14","m0",-0.302069159516258,-0.304070871010436,0.41884532983821,1.37716822876266
116,1298,"s14","m0",-0.229056690698687,-0.0670922825968512,0.531942146504291,1.13531397928108
117,1311,"s14","m0",-0.302750788482471,-0.440920707245245,0.377066403145937,1.27313146416335
118,1328,"s14","m0",-0.328895596289575,-0.256894588571591,0.439338966921774,1.49818026483717
119,1337,"s14","m0",-0.298104575317019,-0.358790776587696,0.278620453739756,1.19746064879658
120,1365,"s14","m0",-0.283554791324261,-0.10856167060465,0.376962954224615,1.2163054037863
121,1369,"s14","m0",-0.276821506774034,-0.27546719054047,0.302864144737116,1.41004811660264
122,1385,"s14","m0",-0.294877266453052,-0.444873052800687,0.325108488312005,1.14305131337898
123,1399,"s14","m0",-0.28534358242088,-0.259773557448305,0.411162409432347,1.19559337454729
124,1427,"s14","m0",-0.35522572554963,-0.190205695446865,0.364663125851089,1.58940548517495
125,1450,"s14","m0",-0.280234863402734,-0.175025068820194,0.451477260432061,1.19370423840048
126,1480,"s14","m0",-0.362501641380288,-0.257761943179409,0.405566350884682,1.56693090863236
127,1485,"s14","m0",-0.331583038590023,-0.200320483582535,0.291780329313378,1.43615777862483
128,1492,"s14","m0",-0.321689436483209,-0.00843346494054674,0.323831253633832,1.46588170726088
129,1505,"s14","m0",-0.373157620090166,-0.507095993185391,0.214764092386581,1.2513186662154
130,1525,"s14","m0",-0.25192311194462,-0.126338552939057,0.474187236053371,1.1400303528724
131,1532,"s14","m0",-0.321846151001334,-0.173123863672376,0.379374555820371,1.42255347255772
132,1539,"s14","m0",-0.382868417960494,-0.50806973902125,0.353444838579296,1.31990092770167
133,1544,"s14","m0",-0.328704672562753,-0.107198422083956,0.425385632758951,1.53586744644474
134,1550,"s14","m0",-0.237128229354684,-0.0775224010704682,0.579110378243499,1.09746364887417
135,1619,"s14","m0",-0.259262432595159,-0.0345960911984338,0.43387491287296,1.27732898840829
136,1632,"s14","m0",-0.369823577776929,-0.152858316258013,0.239262611956378,1.56942696709075
137,1639,"s14","m0",-0.240779187221872,-0.115195121460367,0.494643445388491,1.02712114108078
138,1668,"s14","m0",-0.282409778668391,0.000345706824974242,0.305457678542023,1.10628162490776
139,1689,"s14","m0",-0.33125789723403,-0.264891010501428,0.344213324870165,1.32903196523646
140,1701,"s14","m0",-0.436881946818704,-0.467662024412216,0.27973010706552,1.92134800370631
141,1715,"s14","m0",-0.305001946463726,-0.374442769495466,0.424561439980698,1.18630097207397
142,1737,"s14","m0",-0.280815803697605,-0.0500735030685326,0.480916086085611,1.46765110420385
143,1741,"s14","m0",-0.267778836872757,-0.160434313119868,0.534460425548567,1.28298882555996
144,1744,"s14","m0",-0.198830697409932,0.0200059848689722,0.394092964237145,0.880801324266602
145,1749,"s14","m0",-0.322172211437633,-0.287956077223956,0.293487289885327,1.37065671290113
146,1753,"s14","m0",-0.371558079988406,-0.183811682506696,0.27765900725457,1.46794859501307
147,1778,"s14","m0",-0.321114678581389,-0.086540738553434,0.435626401781549,1.49162100999021
148,1796,"s14","m0",-0.284913041633576,-0.142114525193424,0.457896336758053,1.24788850708644
149,1802,"s14","m0",-0.277021030493133,-0.225749100139162,0.515924878029944,1.3971492216937
150,1803,"s14","m0",-0.3382917705348,-0.172639905584153,0.325021225207722,1.51524276223485
151,1805,"s14","m0",-0.284158687798787,-0.217037180659853,0.431161596286846,1.35731015160713
152,1833,"s14","m0",-0.274350310526834,-0.0542276685186922,0.370716772443952,1.05392172656737
153,1836,"s14","m0",-0.26261204913942,-0.246262886620025,0.473676479226696,1.10003827413368
154,1847,"s14","m0",-0.275782794201024,-0.117351981225493,0.464055187431586,1.25630911910472
155,1885,"s14","m0",-0.337287581170678,-0.228349023863439,0.350016992550974,1.53723251198032
156,1902,"s14","m0",-0.398904803163919,-0.217335521494256,0.425442264757784,1.78292081569009
157,1933,"s14","m0",-0.363855692993473,-0.238402575708204,0.181006707788428,1.27111811128989
158,1948,"s14","m0",-0.318541582112182,-0.270466114500338,0.296603930412639,1.32350240260923
159,1957,"s14","m0",-0.215572221161216,-0.291698028611074,0.418828112944078,0.838612027240795
160,1969,"s14","m0",-0.401733673969964,-0.457958139868246,0.254256494963754,1.60940029605221
161,1975,"s14","m0",-0.359995908157063,-0.273041328905196,0.32003393792379,1.42348220225945
162,1987,"s14","m0",-0.380060705346958,-0.274485513124932,0.361599527645324,1.68420356193909
163,1989,"s14","m0",-0.391039163175075,-0.589554100005594,0.334278380298787,1.60329334003274
164,2020,"s14","m0",-0.300121480734756,-0.210745442374216,0.470798480355167,1.24292595463777
165,2022,"s14","m0",-0.374615558777012,-0.519080240456535,0.176317407017874,1.46098977968516
166,2025,"s14","m0",-0.270838841664087,-0.0688103858629918,0.373988140243123,1.05145302933147
167,2033,"s14","m0",-0.330640818088743,-0.162750185251666,0.466220046210854,1.43129427589111
168,2035,"s14","m0",-0.185562586144899,0.00632921867638802,0.521971596275576,0.858577435420768
169,2047,"s14","m0",-0.276949851213926,-0.19976632021503,0.502233705065992,1.24103250728896
170,2057,"s14","m0",-0.306487158954103,-0.206123982115207,0.460492004165181,1.59586917135353
171,2063,"s14","m0",-0.399700740326545,-0.565328419195287,0.252236501628843,1.73917278268928
172,2064,"s14","m0",-0.377073188844704,-0.194146598959707,0.297751081950325,1.56653141327102
173,2075,"s14","m0",-0.288736369829837,-0.14088936127328,0.38099366526628,1.11819426726017
174,2076,"s14","m0",-0.311808031882703,-0.494106113552544,0.266824594086753,1.34103684907479
175,2078,"s14","m0",-0.277736729512665,-0.0820593893246256,0.416090589903376,1.27498228083698
176,2084,"s14","m0",-0.226946847397906,-0.263707377173399,0.500081801335133,1.12768540858567
177,2096,"s14","m0",-0.284617854772934,-0.0712603800728941,0.489033016113429,1.25920488240176
178,2108,"s14","m0",-0.302290574762187,-0.263510657629998,0.447831859291042,1.20737748133104
179,2116,"s14","m0",-0.292797715428762,-0.335468961431229,0.499427759791335,1.44828135404887
180,2144,"s14","m0",-0.2131716516715,0.0321696738378177,0.55178491840033,1.17814943645866
181,2149,"s14","m0",-0.290619148876132,-0.132786502665496,0.42768678035675,1.33810903750805
182,2153,"s14","m0",-0.258254055107734,-0.130616117120239,0.41736727615021,1.35930650894791
183,2157,"s14","m0",-0.285371170645081,-0.109424923918223,0.298210586970229,1.30034699023653
184,2166,"s14","m0",-0.37132369673241,-0.279480123600097,0.193629618891984,1.50237333017292
185,2171,"s14","m0",-0.166196778282529,0.0786322242372048,0.484974978663482,0.866812984834644
186,2189,"s14","m0",-0.350103667456631,-0.435289390073225,0.229454408003139,1.52909662042749
187,2202,"s14","m0",-0.349363944787766,-0.522101814602357,0.270053378733017,1.41258137977307
188,2214,"s14","m0",-0.350510753309224,-0.524362889361813,0.356661226823672,1.47184775874414
189,2219,"s14","m0",-0.245917746267842,-0.11565273985538,0.450709043834721,1.14177843864138
190,2233,"s14","m0",-0.219487906453918,-0.311086647707857,0.404760897758156,0.999891976028866
191,2235,"s14","m0",-0.360868797590391,-0.401263133165349,0.261865915410255,1.54588287973791
192,2247,"s14","m0",-0.23448308854212,-0.14322062863833,0.482107545254588,0.817914487297903
193,2252,"s14","m0",-0.278073223044802,-0.452450778807119,0.462694105111317,1.12704600334784
194,2253,"s14","m0",-0.289935051083515,-0.229102696945336,0.389617502483525,1.2667724668285
195,2262,"s14","m0",-0.250343061169287,-0.0518805296440887,0.44713214244858,1.08798134499581
196,2265,"s14","m0",-0.306602547968399,-0.25380981854148,0.293962774159415,1.31241316525806
197,2285,"s14","m0",-0.252120320723508,-0.23405876229864,0.424274446482618,1.15997393633104
198,2289,"s14","m0",-0.393065505784208,-0.349736838239056,0.401314275017431,1.47671013463223
199,2294,"s14","m0",-0.271867990314534,-0.244151021954059,0.454068128093483,1.09517464172155
200,2322,"s14","m0",-0.325386724852109,-0.00302353727043916,0.302268188597765,1.49486732664881
201,2331,"s14","m0",-0.272258800887447,-0.165151492068457,0.343852166932542,1.2931637582006
202,2339,"s14","m0",-0.295761741672681,-0.28289561343229,0.415269145025414,1.43013048884888
203,2341,"s14","m0",-0.179981364758628,0.0175465185595718,0.545013675499115,0.96299536516112
204,2346,"s14","m0",-0.253047756696481,0.0304372800368857,0.492980735613308,1.27454565781335
205,2354,"s14","m0",-0.351077360328366,-0.494411270072511,0.361209012172673,1.56927191853073
206,2369,"s14","m0",-0.258074223925246,-0.127510397143107,0.493761092757201,1.291048283743
207,2389,"s14","m0",-0.303951573555689,-0.20836837879729,0.383183924497047,1.50571099330265
208,2396,"s14","m0",-0.204145452913319,-0.120394335882227,0.583916483089591,1.07250967531162
209,2400,"s14","m0",-0.282109294226201,-0.0599504329674722,0.502248872181828,1.20621456857279
210,2416,"s14","m0",-0.239979198163179,-0.021972783628791,0.504118232163369,1.31533083468709
211,2417,"s14","m0",-0.24395456578518,-0.34934484455073,0.38368592730145,0.863461858977134
212,2432,"s14","m0",-0.325433578712149,-0.376006125512252,0.41153634991708,1.07527343555215
213,2442,"s14","m0",-0.204499453660737,0.158249069643523,0.458621318196389,0.79367166381097
214,2454,"s14","m0",-0.32592168315107,-0.224601507677912,0.423686770603316,1.46692886095951
215,2459,"s14","m0",-0.272837529233748,-0.146686770598542,0.425344596799232,1.2431452633334
216,2465,"s14","m0",-0.376011360128895,-0.339916373244317,0.365394664385671,1.75214812088033
217,2474,"s14","m0",-0.297996052436906,-0.234859276870325,0.395763552793863,1.39256667618709
218,2475,"s14","m0",-0.379782588534684,-0.555002961920336,0.315608283143117,1.49380175863681
219,2493,"s14","m0",-0.40534274551028,-0.455393801873527,0.387125416760094,1.74398528390334
220,2501,"s14","m0",-0.237626523297471,-0.0561266859375436,0.447966903581542,0.991719009418558
221,2505,"s14","m0",-0.222857411966531,-0.127350723571409,0.560000687659545,1.08029155836967
222,2509,"s14","m0",-0.383650256528358,-0.459003312972075,0.307293919362155,1.44652541951318
223,2510,"s14","m0",-0.30572008305178,-0.151120786546975,0.454762811059507,1.38822938411901
224,2520,"s14","m0",-0.228319482389531,0.136975633681416,0.426458328782295,1.01394822285124
225,2562,"s14","m0",-0.338164695295075,-0.13396677925808,0.28156019804096,1.4125641285205
226,2566,"s14","m0",-0.283652654391971,-0.52283620781792,0.451172873706274,1.19435111447297
227,2578,"s14","m0",-0.279515171964344,-0.224195614724828,0.478293568150282,1.09148177952022
228,2584,"s14","m0",-0.323145986735894,-0.30877665719079,0.397805398019591,1.51056491044359
229,2604,"s14","m0",-0.233269590406079,-0.136222685962523,0.570904739479316,1.28341328134348
230,2606,"s14","m0",-0.248371901309032,0.0807756290929855,0.423180193407006,1.12879877285123
231,2609,"s14","m0",-0.307199836559614,-0.192335975666701,0.324522921260777,1.18561788468716
232,2620,"s14","m0",-0.362352140749628,-0.109870455277299,0.210164799374735,1.31748829866279
233,2657,"s14","m0",-0.358882519224871,-0.29210812460204,0.313682646621217,1.7151484057117
234,2658,"s14","m0",-0.314475547903319,-0.113338816769628,0.401447889923198,1.41316031183065
235,2663,"s14","m0",-0.283429569488791,-0.195114906071333,0.490381168842007,1.40189653513762
236,2709,"s14","m0",-0.354916142332429,-0.473537808347143,0.334906800328902,1.35848432683401
237,2734,"s14","m0",-0.222597692103251,-0.122501708865492,0.546282925645584,1.25053812201925
238,2744,"s14","m0",-0.340105274692273,-0.158700241433319,0.324490814839461,1.41375814203015
239,2745,"s14","m0",-0.37781747219081,-0.318203815181779,0.359657765838926,1.60406164500021
240,2750,"s14","m0",-0.339843010743721,-0.192454023708004,0.225555261582695,1.29911245495612
241,2780,"s14","m0",-0.283757902102621,-0.109400754171916,0.428282746265331,1.24788644476554
242,2795,"s14","m0",-0.363238185500764,-0.309574996861207,0.221730975607978,1.53645633457081
243,2815,"s14","m0",-0.197845667239954,-0.41052517549767,0.546935762967791,1.06556620468376
244,2818,"s14","m0",-0.185850923086196,0.0745057061043643,0.498663494218064,1.22749478090149
245,2857,"s14","m0",-0.390359283010534,-0.462059714826734,0.158510736352694,1.5634552092992
246,2873,"s14","m0",-0.282851099258881,-0.123537882485334,0.383154822632986,1.11695571956404
247,2902,"s14","m0",-0.351746985019658,-0.508148557553053,0.404550736456925,1.4369466990852
248,2904,"s14","m0",-0.404399033773182,-0.540401681825724,0.236056309075993,1.65445978769225
249,2905,"s14","m0",-0.353006553240912,-0.193432867651589,0.343698674738385,1.47313352699853
250,2913,"s14","m0",-0.304268289840312,0.00670736421522832,0.452596265172297,1.33790229121911
251,2928,"s14","m0",-0.317474763106226,-0.269647274033971,0.434828161747873,1.40833065132068
252,2934,"s14","m0",-0.287103613158806,-0.208609184959207,0.342031311146182,1.18066501429298
253,2948,"s14","m0",-0.292436528209637,-0.425021971327681,0.503263762385114,1.10334741531356
254,2950,"s14","m0",-0.34209554398782,-0.303725452501954,0.389592149693302,1.56778324577484
255,2971,"s14","m0",-0.380723410461509,-0.299097660961617,0.254309864430113,1.45284198920247
256,2976,"s14","m0",-0.310721631704025,-0.327527662832951,0.2686136508542,1.20671645836708
257,2988,"s14","m0",-0.314239691368361,0.00419292789701784,0.332505704866874,1.42886164470113
258,3003,"s14","m0",-0.24520262844276,-0.212094939943146,0.572668316574692,1.24180681517161
259,3010,"s14","m0",-0.304242732073494,-0.231143702451407,0.369029641656603,1.25230800160162
260,3015,"s14","m0",-0.299768862888303,-0.065760443378644,0.494748305724234,1.35298658843401
261,3019,"s14","m0",-0.382436021497863,-0.504694232753347,0.288454707137438,1.6066378185109
262,3033,"s14","m0",-0.302102530910785,-0.189230134750154,0.47082082998397,1.37304811835336
263,3035,"s14","m0",-0.332859970101049,-0.088444704139316,0.332067915179811,1.53375118277349
264,3043,"s14","m0",-0.292078945472926,-0.317497517623133,0.403158903030138,1.34810666661485
265,3070,"s14","m0",-0.416807857684085,-0.799420709377194,0.189631123035899,1.67176058381204
266,3089,"s14","m0",-0.271842135470619,-0.330232278710603,0.460797845193883,1.29618174604502
267,3102,"s14","m0",-0.134807128134989,0.0133216147045294,0.50239922618061,0.882093662629255
268,3110,"s14","m0",-0.243834047450794,-0.186841926582565,0.531293911174202,0.997858414928664
269,3115,"s14","m0",-0.208616490136987,-0.0190971299006276,0.498964425195759,1.06384201969925
270,3121,"s14","m0",-0.316051638874096,-0.21817949025108,0.428775876565971,1.57328658401734
271,3131,"s14","m0",-0.325892752440482,-0.474766483938027,0.28602196667737,1.37154366750938
272,3137,"s14","m0",-0.23626889941143,-0.00022118400067837,0.501681264406214,1.04730938241756
273,3140,"s14","m0",-0.206048020702846,0.035067970608171,0.458440279936557,1.15670771947052
274,3181,"s14","m0",-0.397843957712104,-0.340370970478625,0.404251196308753,1.72965633885624
275,3200,"s14","m0",-0.226274487446365,-0.0351186659181322,0.450150128556619,1.09331453192626
276,3208,"s14","m0",-0.204834487997245,-0.140867279673837,0.537635080477077,1.10691811120796
277,3226,"s14","m0",-0.440831211678,-0.70026296275665,0.224450526833619,1.7132559221154
278,3231,"s14","m0",-0.214157814359153,-0.274284741483755,0.419440140744142,0.729515992501971
279,3241,"s14","m0",-0.394888639464723,-0.504468682090159,0.351885632508481,1.92102020533963
280,3244,"s14","m0",-0.312724859796664,-0.281513822265398,0.450491669056038,1.51310977327226
281,3260,"s14","m0",-0.217079582605035,-0.151431069520437,0.447803155339948,1.2034428510303
282,3269,"s14","m0",-0.250509853030379,-0.13736178667852,0.412664082829975,1.17292321192552
283,3272,"s14","m0",-0.332065113564702,-0.326125410906966,0.517799794824911,1.55805934532239
284,3286,"s14","m0",-0.348931815106655,-0.171217446902656,0.534869235551229,1.45251559756361
285,3322,"s14","m0",-0.281522610493937,-0.106435554008757,0.407939081599239,1.2509183422676
286,3344,"s14","m0",-0.294559008914967,-0.600672899231357,0.356934661697808,1.07807069109783
287,3379,"s14","m0",-0.390599066284093,-0.477160390910153,0.370520348626258,1.68701904852168
288,3382,"s14","m0",-0.317647655998866,-0.281867810946381,0.309699296095156,1.12356809457432
289,3406,"s14","m0",-0.413173632022996,-0.439747770408779,0.16957680460458,1.7037100016189
290,3411,"s14","m0",-0.374150764763211,-0.249726430884473,0.486610202089564,1.74152140906278
291,3425,"s14","m0",-0.305944332368373,-0.380603446807693,0.377152594795709,1.4381569789875
292,3428,"s14","m0",-0.18813632620584,-0.12260540831387,0.424137843921054,1.03868588731063
293,3452,"s14","m0",-0.273977174411875,-0.290291041750673,0.515633443849029,1.29252335145787
294,3457,"s14","m0",-0.233303772631253,-0.0336662941397023,0.549358625535382,1.3532700090902
295,3475,"s14","m0",-0.387096888027155,-0.455842717583084,0.11426999343009,1.62662873792645
296,3479,"s14","m0",-0.314302051192262,-0.299709949588355,0.451389195893791,1.4501392493186
297,3481,"s14","m0",-0.283369530166799,-0.23502397084406,0.483729377494292,1.34645441215581
298,3512,"s14","m0",-0.358300557349307,-0.27460561384723,0.42241497967683,1.46736481721365
299,3559,"s14","m0",-0.289358256984846,-0.400418797884554,0.31853189143244,1.23927831337083
300,3562,"s14","m0",-0.270215622073309,-0.163892722463332,0.474079461088622,1.3322100973694
301,3606,"s14","m0",-0.340527250788963,-0.409586354502074,0.364705457230263,1.30184769127851
302,3611,"s14","m0",-0.234024350988827,-0.220537640085967,0.509071758507281,1.1491802590077
303,3615,"s14","m0",-0.353840621636589,-0.132089864032173,0.419706845362233,1.58217789653353
304,3654,"s14","m0",-0.317592136663406,-0.232469613283632,0.48538962422483,1.34363104611692
305,3656,"s14","m0",-0.276137669108135,-0.216274412156914,0.462160406024123,1.20094865519685
306,3657,"s14","m0",-0.250566540637406,-0.080273069899067,0.450132337297459,1.21598565266232
307,3681,"s14","m0",-0.312425718003155,-0.339074604436622,0.303472414887388,1.42377429410556
308,3685,"s14","m0",-0.270128201595847,-0.303323768303581,0.373574340635349,1.1910051732441
309,3692,"s14","m0",-0.219883813112698,-0.257968572267138,0.4196270020577,0.964577147987044
310,3722,"s14","m0",-0.296105410616192,-0.198501349671793,0.397427746373098,1.40817103935977
311,3739,"s14","m0",-0.192282356336405,-0.0976449380007491,0.354931951743586,0.882531645506827
312,3740,"s14","m0",-0.349704146378495,-0.344231222672419,0.3001389635719,1.4522874996151
313,3768,"s14","m0",-0.258313099919055,0.094063917645286,0.452766695551445,1.40757012821372
314,3769,"s14","m0",-0.304931590951479,-0.323691915500853,0.308888120465325,1.15499527474773
315,3793,"s14","m0",-0.376953477322798,-0.511600592197328,0.456335433849707,1.73927127849062
316,3816,"s14","m0",-0.330027777584898,-0.218352948422959,0.334452876375487,1.38298713393017
317,3827,"s14","m0",-0.257755879478394,-0.254092836725716,0.351713120870721,1.13627451672959
318,3857,"s14","m0",-0.230281173382574,0.0508493382949624,0.45327789135317,1.17800762123547
319,3862,"s14","m0",-0.302350779504948,0.00255681950011861,0.432924730540562,1.32814266410938
320,3863,"s14","m0",-0.238171089554917,-0.126043357762672,0.504385678332689,1.10602096958952
321,3879,"s14","m0",-0.224343960945326,-0.176129079444369,0.417682330443031,1.12260264385121
322,3881,"s14","m0",-0.267132586227803,-0.0639446013009602,0.336808063146322,1.17435771542962
323,3883,"s14","m0",-0.415628425223357,-0.290639557300643,0.154661878830507,1.5293499620712
324,3887,"s14","m0",-0.317724319692766,-0.161208859895253,0.428175962365167,1.55948089092806
325,3926,"s14","m0",-0.296927655286057,-0.102165572214126,0.520992351407314,1.54483930236381
326,3930,"s14","m0",-0.214862114839487,-0.102190890357092,0.326227163365782,1.09817651823527
327,3950,"s14","m0",-0.188946524530337,-0.173796888638393,0.554652113640086,0.992352741710193
328,3958,"s14","m0",-0.310372993309816,-0.10030033161067,0.421763328801959,1.3946555031275
329,3961,"s14","m0",-0.270835634803729,-0.388225351920735,0.427871977675345,1.24185793630037
330,3978,"s14","m0",-0.341160720838547,-0.0323483945123216,0.457314614808636,1.50030109513908
331,3981,"s14","m0",-0.374570104877523,-0.46180121797348,0.401764015959942,1.60319326822588
332,3984,"s14","m0",-0.336888388651626,-0.690423190042152,0.219197788587329,1.11849362069387
333,3990,"s14","m0",-0.309898937875099,-0.359947257977774,0.474707369233246,1.23014861363277
334,3994,"s14","m0",-0.245191316644621,-0.295630837286574,0.527390618422118,1.05369518915709
335,3997,"s14","m0",-0.270063943551684,0.0405576496192973,0.395809056747846,1.13376381006745
336,4000,"s14","m0",-0.29063117624049,-0.0981954692004745,0.419108290762666,1.35898316734362
337,4003,"s14","m0",-0.299581975367378,0.10896730257764,0.436619903409331,1.45495780026228
338,4041,"s14","m0",-0.356841387175754,-0.248696229245275,0.374564812769966,1.58100201487712
339,4057,"s14","m0",-0.229981491458134,-0.0408950236026757,0.537923340220961,1.28694275434177
340,4069,"s14","m0",-0.31762280291687,-0.442711614068402,0.32022729192056,1.22119303814599
341,4089,"s14","m0",-0.315473487087982,-0.412504453174459,0.317051693457933,1.4963859780018
342,4105,"s14","m0",-0.311825061410087,-0.36852531762134,0.37941608569574,1.21819222773731
343,4118,"s14","m0",-0.381042879122667,-0.577770988484745,0.259623491473928,1.64078563487306
344,4145,"s14","m0",-0.369142368215903,-0.376809565953736,0.252031685528039,1.2928404998579
345,4162,"s14","m0",-0.323012887904457,-0.385384123695005,0.398718631336472,1.3762710093799
346,4185,"s14","m0",-0.301947774923889,-0.139485148077065,0.417051319776492,1.36806724186202
347,4186,"s14","m0",-0.202911963604061,-0.173291640598167,0.48462151151014,0.97105079761371
348,4197,"s14","m0",-0.252698363448431,-0.341773234840229,0.338530205178625,1.01401813544196
349,4205,"s14","m0",-0.336837938650804,-0.114593778384057,0.391101860729685,1.44979406332727
350,4213,"s14","m0",-0.316739600513829,-0.320180175917679,0.451703175244514,1.46981759955498
351,4226,"s14","m0",-0.122863744119512,0.111184667802743,0.538381402409948,0.695507926294909
352,4234,"s14","m0",-0.201057869890222,0.0508626997392673,0.609621613481589,1.01632826485465
353,4238,"s14","m0",-0.277462641601498,-0.153814241960685,0.472782276471037,1.16256123852318
354,4258,"s14","m0",-0.240206221964894,-0.109004191472817,0.470758861423834,1.03449296422152
355,4262,"s14","m0",-0.380975888840702,-0.267705896441849,0.352836691174446,1.61337259752272
356,4266,"s14","m0",-0.400115962615891,-0.6608981065608,0.240574171797002,1.57827174010144
357,4269,"s14","m0",-0.189308296321084,-0.0565689906315516,0.410536852219244,0.800594063043829
358,4274,"s14","m0",-0.377076944645841,-0.584942787815475,0.370972267099784,1.39379448132496
359,4296,"s14","m0",-0.386676181827024,-0.434133092080567,0.388827421690634,1.42237758829713
360,4300,"s14","m0",-0.284031941345104,-0.12866887760867,0.493546108064947,1.16959592121363
361,4305,"s14","m0",-0.317613422030883,0.0144132651693669,0.352254629694016,1.54593687582638
362,4309,"s14","m0",-0.32097171943351,-0.193239039985579,0.422743812783543,1.30690327661523
363,4332,"s14","m0",-0.304747072687827,-0.180209217881129,0.354264179758591,1.54437540459935
364,4342,"s14","m0",-0.105667818394527,0.179692856850532,0.64521947893443,0.730527638973303
365,4343,"s14","m0",-0.336885873401452,-0.390007936877574,0.32780638161511,1.68474570816595
366,4352,"s14","m0",-0.303565243598215,-0.690000126276462,0.419835592301126,1.21657265215235
367,4360,"s14","m0",-0.295021090174711,-0.217853737773298,0.411399991535093,1.32222083521719
368,4361,"s14","m0",-0.226249777658683,-0.120205719926591,0.58852481836677,1.03889921935858
369,4379,"s14","m0",-0.295801032619901,0.0868676618623593,0.484168435476131,1.35465582035861
370,4383,"s14","m0",-0.275410026881718,-0.508480397932105,0.344043168693834,1.23486124251575
371,4392,"s14","m0",-0.356952230830551,-0.260867887869516,0.327571154513441,1.44037670753907
372,4408,"s14","m0",-0.254113037532178,0.0191637198675774,0.507134667997303,1.05504241688821
373,4427,"s14","m0",-0.301900571625874,-0.284570718507555,0.329636874113318,1.2195706911258
374,4436,"s14","m0",-0.309536540090821,-0.28635884432224,0.425961821051767,1.27838996884744
375,4450,"s14","m0",-0.321034663022302,-0.363046641174806,0.391853404959645,1.38843884470448
376,4477,"s14","m0",-0.411495912825321,-0.553279350518116,0.24846896799463,1.59429117733246
377,4484,"s14","m0",-0.361761721045116,-0.48871027699624,0.336148586489182,1.1819108097673
378,4488,"s14","m0",-0.300698877147486,-0.196861141981627,0.340390402542226,1.2977161328449
379,4491,"s14","m0",-0.296659566785613,-0.370002830952753,0.436763867806233,1.20816711657194
380,4495,"s14","m0",-0.307662978799381,-0.097458210464738,0.395617623201548,1.30473346549848
381,4498,"s14","m0",-0.390285241428381,-0.411319898586031,0.274568267235466,1.63305038346926
382,4504,"s14","m0",-0.358302097939801,-0.165150614726151,0.428606484123795,1.50823842010925
383,4528,"s14","m0",-0.312585594046356,-0.413245141405862,0.371189805916209,1.27577437458553
384,4542,"s14","m0",-0.22522420820574,-0.14588063920885,0.588821655286055,1.18732515325081
385,4556,"s14","m0",-0.255712381275003,-0.304276492230942,0.45653594763943,1.17297705215871
386,4564,"s14","m0",-0.38839886563461,-0.407533027980821,0.197900125061305,1.41844670890999
387,4575,"s14","m0",-0.23312576595718,-0.0975795952377122,0.413539675518348,1.02645936709962
388,4576,"s14","m0",-0.320729374599318,-0.0540173584906848,0.528341220337999,1.52526653353934
389,4591,"s14","m0",-0.36124318070061,-0.690196106747215,0.362519724935667,1.70011203312828
390,4592,"s14","m0",-0.316796584305866,-0.440962972646054,0.430954809216075,1.51187262445234
391,4600,"s14","m0",-0.268041448726814,-0.0810923729591629,0.378031625080635,1.40700583795524
392,4603,"s14","m0",-0.349123153347463,-0.424076896593563,0.458929061609417,1.39457376114841
393,4604,"s14","m0",-0.273797045634664,-0.13817932159175,0.486789046968408,1.27258321076075
394,4605,"s14","m0",-0.230741090834423,-0.156239570502707,0.526814238478022,1.17569789377093
395,4607,"s14","m0",-0.293293002149703,-0.349505594704384,0.431153836096983,1.28025329818509
396,4614,"s14","m0",-0.189920176581928,-0.000355787947316021,0.393826009799973,0.953717401268552
397,4621,"s14","m0",-0.3480627822226,-0.215633596613218,0.449082065833687,1.37272924605551
398,4626,"s14","m0",-0.410861194262273,-0.535327361663253,0.238963544426054,1.61974092753448
399,4640,"s14","m0",-0.373664445375669,-0.273943731139858,0.287080862580191,1.56542004568558
400,4643,"s14","m0",-0.35251138105572,-0.71476591894207,0.219390735355104,1.55212810040956
401,4647,"s14","m0",-0.306901969400093,-0.293501903866757,0.355022146965065,1.40854177071163
402,4649,"s14","m0",-0.243065963758686,-0.137848602450234,0.480180052694802,0.851093907929906
403,4678,"s14","m0",-0.309897725334141,-0.267090065625972,0.377510873893717,1.37378380636934
404,4692,"s14","m0",-0.187121311022594,0.0588901105046731,0.47095891670373,1.01018777713001
405,4701,"s14","m0",-0.376897370319284,-0.103574002408398,0.430090917907398,1.70930627094628
406,4703,"s14","m0",-0.230507002441888,-0.211166622437878,0.388503040861739,1.00725706472125
407,4709,"s14","m0",-0.288392084239845,-0.266732586382984,0.467586451396286,1.25746822414113
408,4712,"s14","m0",-0.300937815787672,-0.308840168558476,0.314449839369007,1.3285327626665
409,4718,"s14","m0",-0.243423010131657,-0.277926067780988,0.567639234992183,1.29706493438658
410,4722,"s14","m0",-0.314142968959186,-0.249292449145303,0.496826225656419,1.36800056677642
411,4728,"s14","m0",-0.305272181484653,-0.0499224188087196,0.385200684316795,1.38890966071994
412,4739,"s14","m0",-0.340329155429758,-0.268058690432231,0.386335536263522,1.26276789437671
413,4744,"s14","m0",-0.269059300918047,-0.292321658736571,0.306613704735963,1.20280595893266
414,4747,"s14","m0",-0.281629062079712,-0.414193811923368,0.367411635967162,1.42807418698073
415,4759,"s14","m0",-0.297775206125771,-0.49107607143227,0.230102707118797,1.1511348052157
416,4765,"s14","m0",-0.176864062683641,0.0240782085177193,0.509547090325876,0.777125457338545
417,4772,"s14","m0",-0.310019408542924,-0.234839500397618,0.353159461706298,1.28856973099505
418,4791,"s14","m0",-0.273717106343548,-0.177870252785811,0.369220884689363,1.15478829678803
419,4796,"s14","m0",-0.300191168069571,-0.263835712752767,0.277690832355847,1.20665917062934
420,4811,"s14","m0",-0.29610168693979,-0.26663982397633,0.380736335907601,1.39545846448125
421,4826,"s14","m0",-0.257669473343036,-0.216970464431953,0.419027233521336,1.11979701639383
422,4875,"s14","m0",-0.306563828189853,-0.270183802359121,0.385838686433198,1.27252370919495
423,4880,"s14","m0",-0.241791151087104,-0.125448770352571,0.345694874950603,0.92753469573895
424,4888,"s14","m0",-0.309693653214673,-0.353917015637927,0.452236050156478,1.25925241707173
425,4930,"s14","m0",-0.259472212976054,-0.185851829010458,0.376580893983233,1.06179763746082
426,4931,"s14","m0",-0.257568466967322,-0.0503984713185648,0.406977863418325,1.42137169928688
427,4940,"s14","m0",-0.225420632015226,-0.20550722672983,0.566223279195859,1.01426787959141
428,4983,"s14","m0",-0.243463828136188,-0.356692439552356,0.40414711984723,0.911150741125011
429,5045,"s14","m0",-0.337406387614519,-0.334461913040196,0.231578654128462,1.44898758594632
430,5080,"s14","m0",-0.407167627818865,-0.282882447503358,0.284845068307167,1.59115057720131
431,5084,"s14","m0",-0.275695367483251,-0.362703923943032,0.552862947503082,1.24137332939005
432,5089,"s14","m0",-0.378705474855925,-0.291416698649325,0.30637711389628,1.88176856673481
433,5097,"s14","m0",-0.263052351188968,-0.130172459820758,0.418437604935217,1.00066688522982
434,5119,"s14","m0",-0.331815693100035,-0.156926231864529,0.283334853554062,1.25570215424169
435,5120,"s14","m0",-0.351343849726922,-0.365132364153918,0.372403135393546,1.42311802326462
436,5124,"s14","m0",-0.275975752196149,-0.351856249730191,0.289426093535034,1.45000319183283
437,5132,"s14","m0",-0.297690771352492,-0.177996072385883,0.411141068710696,1.02752794639126
438,5136,"s14","m0",-0.243640707433295,-0.124390669079358,0.465310056228486,1.03995221297888
439,5142,"s14","m0",-0.329378304912981,-0.267705484374022,0.373406960241966,1.40030746524273
440,5152,"s14","m0",-0.316880865145027,-0.190406036653164,0.447733802417581,1.37347957711883
441,5173,"s14","m0",-0.326255701324419,-0.473263753808073,0.461019933598729,1.34641080605957
442,5185,"s14","m0",-0.337880116609527,-0.424818827757179,0.281346248099171,1.27975903103179
443,5188,"s14","m0",-0.254237927477413,-0.0143515708947076,0.348096638990314,1.31651259444765
444,5190,"s14","m0",-0.360888844317881,-0.723236313134608,0.393716238893907,1.62403397592578
445,5191,"s14","m0",-0.314155236358793,-0.17776581930652,0.4331463695699,1.34994846752101
446,5226,"s14","m0",-0.336833794236333,-0.553113967352075,0.374147046536184,1.50662126386026
447,5245,"s14","m0",-0.192310420699245,-0.16544428709303,0.547216077960225,1.0044331633097
448,5246,"s14","m0",-0.319379587454161,-0.176106024131312,0.483399354986503,1.58619982804516
449,5255,"s14","m0",-0.327856351264924,-0.278467229039713,0.356586590372111,1.23965609998616
450,5268,"s14","m0",-0.437299668218029,-0.477729685831671,0.261336499763464,1.88593425333064
451,5301,"s14","m0",-0.329730528913549,-0.450760927404954,0.368638939011828,1.47778379574986
452,5303,"s14","m0",-0.358062490191188,-0.223051792241723,0.303873059377315,1.33883282519729
453,5311,"s14","m0",-0.329534469436408,-0.105521326617336,0.373860613724478,1.4753764954524
454,5319,"s14","m0",-0.319690095989645,-0.262742054149602,0.152935797123453,1.54339266762081
455,5329,"s14","m0",-0.256427545069651,-0.350704422486334,0.419081352057044,1.17131838224451
456,5332,"s14","m0",-0.269336877526733,-0.246694793353916,0.411851292967418,1.35671195442938
457,5340,"s14","m0",-0.201396082737359,-0.0770583717677517,0.491437399138699,0.948073590039112
458,5348,"s14","m0",-0.279151833637406,-0.175648820042911,0.340997469050143,1.22783359995414
459,5362,"s14","m0",-0.214481384585873,-0.022406001472475,0.563474812048494,1.14868786105382
460,5380,"s14","m0",-0.321193692464146,-0.267832937265293,0.391724309887954,1.30682731083776
461,5400,"s14","m0",-0.322677224457301,-0.377434025927527,0.375392525475114,1.48977725864298
462,5408,"s14","m0",-0.318323824147116,-0.350189746121789,0.403005601390438,1.23683695695599
463,5463,"s14","m0",-0.338386842822757,-0.338178420431222,0.32869480583491,1.43701457136864
464,5483,"s14","m0",-0.323120597617098,-0.437036518189425,0.42800768223887,1.37838849906811
465,5506,"s14","m0",-0.272885384044909,-0.142650694847202,0.496998778074337,1.16946011111866
466,5515,"s14","m0",-0.247645423616905,-0.116705244886998,0.476531027351437,1.12716086931321
467,5535,"s14","m0",-0.170457147902226,0.073162192809558,0.43678028627966,0.835666955199987
468,5545,"s14","m0",-0.333700999942817,-0.311490395815936,0.401721876731271,1.57322417047639
469,5554,"s14","m0",-0.28158371176495,-0.157397248904324,0.36844094775121,1.16073186662231
470,5564,"s14","m0",-0.303790134192813,-0.149299213566397,0.398772965916986,1.49035354229858
471,5571,"s14","m0",-0.210413569311697,0.0777738534662026,0.485021529878981,1.01459489728292
472,5595,"s14","m0",-0.250824825683293,-0.0976044216166804,0.43916319367501,1.27204951141249
473,5597,"s14","m0",-0.335989319756775,-0.126235581146638,0.342772975108428,1.35755995326198
474,5604,"s14","m0",-0.330632676553561,-0.440392438002991,0.39697181280038,1.42998344055685
475,5611,"s14","m0",-0.290648406544947,-0.173128307471025,0.408443749369787,1.190173000213
476,5617,"s14","m0",-0.335546913668567,-0.129026416312657,0.437016434711107,1.49650651729938
477,5622,"s14","m0",-0.242051358585324,-0.0433660419240545,0.466097635102174,1.23907657281628
478,5632,"s14","m0",-0.14493854719127,0.072718913611337,0.520786638322351,0.893553723063811
479,5645,"s14","m0",-0.335298434054925,-0.290618521955802,0.359924398014333,1.43156702191704
480,5649,"s14","m0",-0.266032369827408,0.180965903870961,0.394158028422007,1.46518226826803
481,5667,"s14","m0",-0.302673118848402,-0.154429848816982,0.412212445013432,1.15363098198101
482,5670,"s14","m0",-0.228822584642779,0.00792578359359785,0.49699418453989,0.964661868417258
483,5699,"s14","m0",-0.333898155747876,-0.228138943083813,0.427780966024414,1.42113849137338
484,5705,"s14","m0",-0.327401096326371,-0.0784057276607311,0.357693959361038,1.3082772975231
485,5708,"s14","m0",-0.149993025338167,-0.113324844309304,0.55734816572982,0.782034477312549
486,5710,"s14","m0",-0.283568474234602,-0.425274841045446,0.444805168288839,1.07860758480588
487,5723,"s14","m0",-0.317812182407916,-0.251695487035324,0.362402612971271,1.18527195106103
488,5735,"s14","m0",-0.286328932208098,-0.224645010519295,0.342572656767178,1.3402729888128
489,5741,"s14","m0",-0.274786112523257,-0.438296541812247,0.330253815415166,1.15564304125322
490,5743,"s14","m0",-0.390876548038,-0.701283082118226,0.335614396916069,1.52204103049299
491,5749,"s14","m0",-0.309451481413018,-0.122877976911432,0.383794072698934,1.29035419324899
492,5754,"s14","m0",-0.366713491343379,-0.599614221509914,0.377411707343248,1.52766856916923
493,5759,"s14","m0",-0.260480015897483,-0.306624368074835,0.427893251730988,1.19844464632787
494,5761,"s14","m0",-0.391011571112827,-0.31079989614762,0.257084860922862,1.62922468481745
495,5776,"s14","m0",-0.356927722319617,-0.4548018998642,0.198718231636066,1.34243513493238
496,5807,"s14","m0",-0.249559283555642,-0.154997734033729,0.496246871851884,1.12429470382641
497,5811,"s14","m0",-0.177601231506496,0.18707605917798,0.485196452557736,1.12293662922953
498,5831,"s14","m0",-0.288868562690062,-0.225759165389266,0.537162525926443,1.32006775836188
499,5850,"s14","m0",-0.2648203829199,-0.107298356757624,0.465417113465607,1.23334143290848
500,5852,"s14","m0",-0.261446503645531,-0.0832160360401007,0.470489518606474,1.27747841284332
501,5871,"s14","m0",-0.364048787018193,-0.358723684449501,0.338631769492232,1.46652961331748
502,5889,"s14","m0",-0.347678229256892,-0.332016510412462,0.36747123665162,1.38770929320755
503,5895,"s14","m0",-0.280906202434068,-0.341569186368242,0.55130200893633,1.46119665323525
504,5900,"s14","m0",-0.327121732974474,-0.511546648400015,0.258292832042924,1.1727295513116
505,5909,"s14","m0",-0.132449562492266,0.210763439614631,0.597238854929329,0.729675547963687
506,5923,"s14","m0",-0.256217683149873,-0.0248171437655161,0.425743930557255,1.05524635770738
507,5928,"s14","m0",-0.22312431239504,-0.012570486409457,0.476831897855847,1.11394373208939
508,5941,"s14","m0",-0.337090828396969,-0.115154748863187,0.324700900425734,1.54010453609015
509,5945,"s14","m0",-0.250249036058901,0.0229913024989594,0.448455523817992,1.18499601514864
510,5956,"s14","m0",-0.257955680618857,0.0839046853199245,0.4707706294178,1.11668683131447
511,5961,"s14","m0",-0.25739838732748,-0.273452669019072,0.366520522531443,0.926071520903096
512,5984,"s14","m0",-0.329737418681491,-0.364845145064853,0.264612504367435,1.4968715425612
513,5997,"s14","m0",-0.277819349332036,-0.118118067976513,0.420587286847576,1.15625906421739
514,6010,"s14","m0",-0.351352485208508,-0.327649301046547,0.275162251553483,1.53356268459376
515,6019,"s14","m0",-0.276261521453533,-0.170453406153376,0.394800796159198,1.24930254062748
516,6026,"s14","m0",-0.277308640383279,-0.233864951659264,0.456908070747158,1.19027008249652
517,6029,"s14","m0",-0.299811641397405,-0.0934164613775645,0.398419650745076,1.18963708051927
518,6041,"s14","m0",-0.347652150703602,-0.190846580796576,0.49754799005167,1.50518910443256
519,6057,"s14","m0",-0.39247598190695,-0.650172103682355,0.447519671682185,1.39270056330446
520,6061,"s14","m0",-0.232581757884875,0.0169902604042408,0.4652499321503,1.13419135870616
521,6068,"s14","m0",-0.431590764450192,-0.293627754900668,0.214051755293724,1.77785795830372
522,6085,"s14","m0",-0.31661104446248,-0.102246704758768,0.361889831886665,1.2532847214805
523,6098,"s14","m0",-0.337984278743561,-0.280126365027898,0.356483889957789,1.63103809071104
524,6104,"s14","m0",-0.293255516964729,-0.259829062952847,0.463178949313403,1.31186732058698
525,6109,"s14","m0",-0.166352549992417,0.0551102459962591,0.607480001493661,0.903736578775534
526,6113,"s14","m0",-0.28513006792836,0.0142150928377323,0.447922780980734,1.25472910601205
527,6127,"s14","m0",-0.331888421768527,-0.494483881114235,0.361434549235759,1.38574184697854
528,6132,"s14","m0",-0.280810098100012,-0.319429475664093,0.52986449728826,1.49554961862824
529,6152,"s14","m0",-0.352079525738083,-0.467678705934328,0.334482763934716,1.3666121137536
530,6153,"s14","m0",-0.121068174025991,-0.00329484460861618,0.599843934971252,0.842174849636847
531,6164,"s14","m0",-0.269521346912012,-0.362100539067154,0.515977255256121,1.19834498164366
532,6172,"s14","m0",-0.16697254084203,0.0214358053726367,0.598859704473428,0.812500831669534
533,6198,"s14","m0",-0.241038427577504,-0.0459795218198798,0.474993983177433,1.14658076946049
534,6212,"s14","m0",-0.238118000042173,-0.235073948631859,0.550119576879611,1.00325974443879
535,6215,"s14","m0",-0.309805849757574,-0.209015412780974,0.391048865691198,1.40000688488102
536,6245,"s14","m0",-0.260376077792146,-0.21558723865535,0.421060339903986,1.17810754714418
537,6262,"s14","m0",-0.326755607004917,-0.319674700830531,0.540154265576727,1.26762896289244
538,6272,"s14","m0",-0.148895323893097,0.0451126306512882,0.524357869326476,0.817641122183909
539,6291,"s14","m0",-0.242861527201781,-0.109855570843576,0.458999724862645,1.17772381398314
540,6302,"s14","m0",-0.341490899136321,-0.506379323174352,0.416325520859368,1.46753291742581
541,6305,"s14","m0",-0.34479330362663,-0.281991131387864,0.366051066979485,1.21454334425329
542,6315,"s14","m0",-0.367175890189917,-0.117949195064114,0.297754403919016,1.52994879945411
543,6332,"s14","m0",-0.253287722802813,-0.115778173784904,0.427314152772308,1.0710063127456
544,6344,"s14","m0",-0.239386615933591,-0.228306171373806,0.47242174429485,1.07463359544435
545,6346,"s14","m0",-0.202978908168716,0.0233540377624441,0.480320162459349,1.16534849178784
546,6362,"s14","m0",-0.369424119718852,-0.401623967697017,0.253856430721055,1.4257574098656
547,6410,"s14","m0",-0.200079686426671,0.125996258138733,0.488399036963868,0.957442211080631
548,6438,"s14","m0",-0.406418112741257,-0.409525119679728,0.253898746187516,1.72848462376191
549,6461,"s14","m0",-0.180357491866702,-0.152403750757257,0.42897216224069,0.981079770559283
550,6465,"s14","m0",-0.287916997623989,-0.0217244074523916,0.433923666275107,1.28265892525892
551,6481,"s14","m0",-0.224810985548983,-0.182651501533541,0.50742473650375,1.01572196216523
552,6492,"s14","m0",-0.319683539633274,-0.195659002926928,0.456003676417184,1.50173143435511
553,6493,"s14","m0",-0.307443681447789,-0.520901895502012,0.418384326686847,1.44847667346295
554,6501,"s14","m0",-0.285020663095964,-0.0108838989374579,0.490614446920056,1.39504460573972
555,6508,"s14","m0",-0.294211268364983,-0.316085465707801,0.47684664065612,1.39439536166275
556,6523,"s14","m0",-0.227941990863269,0.0146588010962281,0.461001430878025,1.04357850063372
557,6549,"s14","m0",-0.156563424858238,0.0152187518492961,0.612032583747378,0.746583407389581
558,6573,"s14","m0",-0.218108450407775,0.00227874818052533,0.416421266502589,1.05359979807366
559,6610,"s14","m0",-0.176620094836094,-0.0626656815820342,0.488041618229731,0.653710107441665
560,6619,"s14","m0",-0.355029963213571,-0.321800065769453,0.240104567925837,1.5095635480904
561,6623,"s14","m0",-0.394411858294361,-0.391342435016351,0.412719732578713,1.60145259504264
562,6643,"s14","m0",-0.335281311176802,-0.419509882719296,0.389548840152413,1.3503825768941
563,6654,"s14","m0",-0.283430923053392,-0.0738448149693876,0.400250956382485,1.4032519532835
564,6683,"s14","m0",-0.217311540909206,-0.076097272142682,0.337206787849377,1.21323723658588
565,6686,"s14","m0",-0.201085941105589,-0.0388446525817078,0.544097145276067,0.947181688042183
566,6695,"s14","m0",-0.203309715905533,-0.212831797044197,0.435393336284441,0.808626098331131
567,6706,"s14","m0",-0.287525098493536,-0.158872623901953,0.450803048545603,1.4619460142885
568,6724,"s14","m0",-0.323746661535448,-0.182458251909136,0.406341484860405,1.32731538956102
569,6725,"s14","m0",-0.206322303021248,-0.0128625305593884,0.577151849112609,1.08765321170758
570,6756,"s14","m0",-0.29386492603029,-0.103728919293174,0.382694517243862,1.29375414454233
571,6781,"s14","m0",-0.253051933491207,0.00300176083607611,0.509552638103684,1.29171092250192
572,6804,"s14","m0",-0.232828378826983,-0.128797963178513,0.39965406626657,0.697222232233302
573,6806,"s14","m0",-0.290399040036845,-0.0897974426344806,0.359908842841046,1.35390852600739
574,6812,"s14","m0",-0.230273741490323,-0.236203538233257,0.4358237309019,1.04928370782909
575,6823,"s14","m0",-0.281847236151139,-0.135451873322697,0.328226224082734,1.24747230082264
576,6827,"s14","m0",-0.327618790085766,-0.189926942272732,0.442421489584058,1.3804741801096
577,6846,"s14","m0",-0.299340027695449,-0.106173005811387,0.520910036537144,1.3416824402184
578,6852,"s14","m0",-0.289547908357945,-0.025436805130573,0.473798293638083,1.41565455732461
579,6863,"s14","m0",-0.288476356002253,-0.253118412157959,0.422227503005257,1.38938676046164
580,6878,"s14","m0",-0.344629388423422,-0.148449861283275,0.452381754461322,1.69932732602101
581,6907,"s14","m0",-0.200621461164238,-0.1270337550909,0.415872985976635,1.10082754284348
582,6915,"s14","m0",-0.290620376698806,-0.287123925502983,0.482866187688477,1.24499790924834
583,6929,"s14","m0",-0.169751526876267,-0.00445984192546259,0.473724692002955,0.839972718752502
584,6954,"s14","m0",-0.342877372414707,-0.129359234521013,0.333167805508581,1.75542576114194
585,6984,"s14","m0",-0.176371197193457,0.173006191210411,0.481160604267282,0.909340051470515
586,6988,"s14","m0",-0.331828804110007,-0.37801979101621,0.336338926362082,1.32870102411683
587,6997,"s14","m0",-0.243327899352613,-0.13124273996024,0.471109968304495,1.27600670995728
588,7013,"s14","m0",-0.239385610102665,-0.305354679222291,0.502151803758646,0.980042423113328
589,7017,"s14","m0",-0.208265801027084,0.222876156006118,0.4691586824582,0.977170128205203
590,7028,"s14","m0",-0.304624726480818,-0.262535737193083,0.480797381674416,1.06339626188253
591,7055,"s14","m0",-0.354265625145528,-0.494775031978387,0.271601868300607,1.41083560909477
592,7071,"s14","m0",-0.186707022987221,0.0617396199170473,0.559477545243602,0.784379847912251
593,7094,"s14","m0",-0.309967030844363,-0.469391332787972,0.446767254373078,1.34085099043653
594,7108,"s14","m0",-0.25943179857484,-0.0735519089478576,0.390444778407874,1.23559188521975
595,7118,"s14","m0",-0.283726043860128,-0.153072989115357,0.506684177951568,1.51939724622753
596,7120,"s14","m0",-0.37671662091141,-0.0496162946163713,0.383952339639849,1.76599979283969
597,7128,"s14","m0",-0.306703244391762,-0.282074301645688,0.426713416744924,1.38310669246275
598,7142,"s14","m0",-0.182011079195902,-0.0240178929219424,0.631435089860487,0.989660194536566
599,7160,"s14","m0",-0.265511096046642,0.015351539358625,0.532268811837591,1.33682613648994
600,7177,"s14","m0",-0.332328579578995,-0.544864264997772,0.389932751373348,1.66172549444829
601,7185,"s14","m0",-0.361867581985324,-0.301611733722215,0.352271871207025,1.41392757034289
602,7198,"s14","m0",-0.35393139394569,-0.528076421444217,0.31769763940912,1.50405089837445
603,7230,"s14","m0",-0.287444802008667,-0.0205157173934162,0.491556927602144,1.25120022064469
604,7235,"s14","m0",-0.207106247376299,0.0327481863529797,0.582428719609681,1.09886304877398
605,7238,"s14","m0",-0.205493056388233,-0.0390149089188389,0.447838836118054,0.674793258562425
606,7247,"s14","m0",-0.344737369688338,-0.201178030069232,0.300450913681018,1.5146293511481
607,7251,"s14","m0",-0.313037463534357,-0.0847094335142539,0.424866166356457,1.36761696237478
608,7268,"s14","m0",-0.384336606447529,-0.41919082895105,0.253163073482836,1.64282612327686
609,7270,"s14","m0",-0.307171245393797,-0.270016558805727,0.445094793039543,1.19342156595237
610,7279,"s14","m0",-0.276192804145148,-0.0765046168279386,0.413674804891067,1.26177458716353
611,7297,"s14","m0",-0.24564680398962,-0.207154076248662,0.448639032310957,1.05898442951875
612,7305,"s14","m0",-0.343022877489362,-0.38355085793171,0.388830734607628,1.54017130358691
613,7324,"s14","m0",-0.0859740354578616,0.13042143608914,0.619160571709815,0.788218057978922
614,7329,"s14","m0",-0.318199644639049,-0.212247992888069,0.284880809191163,1.35939375569858
615,7332,"s14","m0",-0.306136585270792,-0.312099223623172,0.586950289129805,1.55807153791016
616,7353,"s14","m0",-0.33435915908615,-0.366346404034537,0.35388749039047,1.51056593717233
617,7355,"s14","m0",-0.287638700984059,-0.332082876654151,0.34020412625111,1.04585291030562
618,7361,"s14","m0",-0.287286125438452,-0.224166629421118,0.280700141856708,1.07561340407428
619,7364,"s14","m0",-0.33419650392687,-0.232392667155464,0.389685993138301,1.48418393081548
620,7367,"s14","m0",-0.221492177397994,-0.106444675923493,0.457489020663324,0.987486773469735
621,7391,"s14","m0",-0.318941414537967,-0.0846756158667226,0.351555963980006,1.41212627863012
622,7410,"s14","m0",-0.323371894590217,-0.267215579079647,0.308049429357702,1.3641864948789
623,7422,"s14","m0",-0.300011105399857,-0.184775744598336,0.515302582656817,1.29283405156629
624,7429,"s14","m0",-0.245714903432662,-0.266360502008319,0.454538168040394,1.17405873257049
625,7431,"s14","m0",-0.265284771977762,-0.253999410261727,0.351884046343235,1.3256199316498
626,7436,"s14","m0",-0.226534734283682,-0.241989017517868,0.56951057173244,1.09185676975285
627,7468,"s14","m0",-0.273770873074654,-0.112106329096637,0.27148216908398,1.32897576878469
628,7479,"s14","m0",-0.276807815472417,-0.0428531402087573,0.417658700585566,1.11881854510978
629,7492,"s14","m0",-0.34790929563909,-0.575175105167491,0.33995736101825,1.36125578606816
630,7494,"s14","m0",-0.294682914157266,-0.309466089780532,0.532543323363597,1.38134040190238
631,7496,"s14","m0",-0.358356408412369,-0.448722285078978,0.394040389248372,1.45918509950233
632,7505,"s14","m0",-0.245124281992286,-0.154809398193271,0.554720966679692,1.12511407693013
633,7514,"s14","m0",-0.259847782641031,-0.154706899638064,0.506844508065472,1.18394631313113
634,7537,"s14","m0",-0.271031716347232,-0.118315238726051,0.509025758954188,1.39153526912138
635,7545,"s14","m0",-0.125920276645327,0.0130481305298209,0.530248896517398,0.618064633901433
636,7559,"s14","m0",-0.155055778559459,0.110907085350674,0.505068156579961,0.688902350716158
637,7570,"s14","m0",-0.303523152371697,0.0224391627911473,0.488415166393705,1.47757585551085
638,7605,"s14","m0",-0.247923257807137,-0.167181081258185,0.45731275725553,1.30987350749116
639,7620,"s14","m0",-0.303406668398395,0.00382702771599485,0.425647935282171,1.59530276362601
640,7622,"s14","m0",-0.322198806387692,-0.385401730092184,0.402174054115361,1.28160616507389
641,7626,"s14","m0",-0.26892962509094,-0.251741164923487,0.442359298445173,1.22273121521711
642,7673,"s14","m0",-0.134686376951011,0.120347212662513,0.518755186430264,0.707543811121403
643,7680,"s14","m0",-0.230598973267207,-0.138051015367703,0.51579287517747,0.820264160554316
644,7684,"s14","m0",-0.290610156489167,-0.189826720795612,0.352959717267978,1.284005488454
645,7687,"s14","m0",-0.289585177591075,-0.190456232218331,0.41387687482363,1.38040654658273
646,7703,"s14","m0",-0.246032322026854,-0.224673802742123,0.429704644682343,1.08962346359647
647,7707,"s14","m0",-0.289879565064602,-0.185399718903815,0.504196685897246,1.29230873915044
648,7708,"s14","m0",-0.374124395344829,-0.440594372586283,0.234409736329142,1.48225312970833
649,7731,"s14","m0",-0.212639022326113,0.0837478131454015,0.447023341727831,0.979171934954794
650,7747,"s14","m0",-0.358869556858341,-0.474713015834183,0.381060723734017,1.53659287819572
651,7749,"s14","m0",-0.351502421845264,-0.266092458626236,0.391642014406348,1.53676672670153
652,7758,"s14","m0",-0.138890008463311,-0.0375552832042602,0.602612127926992,0.859869066243083
653,7790,"s14","m0",-0.305508577519148,-0.328574702368963,0.310796338483887,1.16981344393366
654,7791,"s14","m0",-0.191222410997353,0.104721789764267,0.489205563798911,1.11529170503262
655,7810,"s14","m0",-0.313900752863554,-0.188581136741803,0.384129039352838,1.39857728572049
656,7813,"s14","m0",-0.213673452701839,-0.176245026489404,0.442180865140232,0.737824370638373
657,7821,"s14","m0",-0.30588354545952,-0.284435427216691,0.394273862917409,1.25178243447836
658,7824,"s14","m0",-0.260308136857853,-0.0932283385822044,0.461014413647324,1.22494448547514
659,7851,"s14","m0",-0.227264931738448,0.0216276871758828,0.423326336601058,1.39048475075541
660,7867,"s14","m0",-0.372964612403074,-0.257206572028729,0.327915389462708,1.74845857978371
661,7871,"s14","m0",-0.360259910639799,-0.329126053166248,0.177355404922884,1.41372291434168
662,7875,"s14","m0",-0.261776195336872,-0.166409345700715,0.355477919927415,1.13879402811226
663,7877,"s14","m0",-0.22436842651238,-0.149117517504869,0.419025231780878,1.2069705055271
664,7884,"s14","m0",-0.232649165729843,-0.0737698906870892,0.518169836099761,1.18595225629283
665,7892,"s14","m0",-0.301802619528891,-0.194224235160955,0.383384125340488,1.24867229447548
666,7893,"s14","m0",-0.212038468149331,-0.19867747126775,0.39818044722669,0.891775208141879
667,7915,"s14","m0",-0.307795067070923,-0.41263638096881,0.438530303267423,1.50122902791079
668,7944,"s14","m0",-0.325399270146291,-0.327175555301756,0.371600285780246,1.49980265310153
669,7976,"s14","m0",-0.284631037201103,-0.191813525112287,0.464027197822268,1.37816637557465
670,7979,"s14","m0",-0.211616596967194,0.0190986540116939,0.510872998824568,0.812481896125202
671,8038,"s14","m0",-0.294105380217477,-0.1406632671564,0.38832686327711,1.38206007152052
672,8039,"s14","m0",-0.400022760921104,-0.759060867984992,0.239639966759156,1.7568162167313
673,8047,"s14","m0",-0.454735095231198,-0.578371068801406,0.274360504945121,1.91583411450758
674,8066,"s14","m0",-0.239339786277006,-0.109822091721207,0.500967676524044,1.27166488630683
675,8068,"s14","m0",-0.28852969709896,-0.200776703589023,0.416609306177169,1.39328335548045
676,8074,"s14","m0",-0.282804555162359,-0.228099558359215,0.394167411788355,1.18050157615051
677,8082,"s14","m0",-0.27212399598212,-0.212591437350176,0.359830136211671,1.1292776824077
678,8094,"s14","m0",-0.250015133113326,-0.200629249254857,0.399908225317335,1.05586785318426
679,8099,"s14","m0",-0.267391183524567,-0.0305762045855616,0.43077830042921,1.15813374944533
680,8101,"s14","m0",-0.319546032461643,-0.184407746876777,0.427919368737203,1.47636485111645
681,8110,"s14","m0",-0.292811893618994,-0.0981737880216732,0.358391885032676,1.35266081457238
682,8126,"s14","m0",-0.28744197129002,-0.0863188552653129,0.389346815691594,1.13960914967186
683,8173,"s14","m0",-0.301753399436326,-0.428647598245874,0.446050105710629,1.41441648339196
684,8177,"s14","m0",-0.240069292294983,-0.100891915179078,0.53420812192118,1.11899554659647
685,8201,"s14","m0",-0.234755325906414,-0.137000401190597,0.509692655619977,1.03763788650889
686,8206,"s14","m0",-0.379906090183708,-0.321050628814707,0.380677934595047,1.54086894608305
687,8222,"s14","m0",-0.26220087514615,0.031450575245752,0.476520922779908,1.2010190584963
688,8233,"s14","m0",-0.376566054915242,-0.0269336678399846,0.370186051256672,1.39130165848828
689,8236,"s14","m0",-0.302425453644171,-0.192856294146375,0.320568964734038,1.34639961096772
690,8242,"s14","m0",-0.320875324459559,-0.37577933178165,0.337406382294174,1.20114310638529
691,8273,"s14","m0",-0.168656460250137,0.00402818181744894,0.506484378234607,0.915137952721665
692,8283,"s14","m0",-0.40592685194863,-0.598760522494401,0.258499307221955,1.69479906124683
693,8294,"s14","m0",-0.241869637291237,0.00871605127158606,0.506068041350577,1.17385349403344
694,8299,"s14","m0",-0.28001196236758,-0.177438009234581,0.349836323628771,1.23338281335466
695,8332,"s14","m0",-0.189920365109817,-0.078928903470466,0.527748770098193,0.937683564872375
696,8351,"s14","m0",-0.363799204806867,-0.377516259962615,0.397758076638389,1.45026416178304
697,8363,"s14","m0",-0.303414327043341,-0.147368248181413,0.446932119763885,1.35808857890354
698,8367,"s14","m0",-0.29674856180938,-0.147340067873449,0.312701204165904,1.30781419784508
699,8371,"s14","m0",-0.374927904320521,-0.467262719258873,0.353756401080505,1.38822305592112
700,8380,"s14","m0",-0.382727083716019,-0.596185928203047,0.264805012515346,1.50410423619456
701,8386,"s14","m0",-0.229228887270847,-0.157742417780303,0.459524950775688,1.09060388904011
702,8390,"s14","m0",-0.223472630334115,0.0359613193228308,0.495814334958601,1.11013198683205
703,8393,"s14","m0",-0.301834749226974,-0.283580146882421,0.418416242260807,1.34473610988327
704,8396,"s14","m0",-0.279513745411416,-0.268498336401042,0.330151734074451,1.01006198676425
705,8402,"s14","m0",-0.360868028570376,-0.606465824517389,0.336570930461799,1.29153842537591
706,8415,"s14","m0",-0.266451123895237,-0.268348191390351,0.431407407810956,1.32873095242416
707,8425,"s14","m0",-0.31922886809409,-0.0340868205552898,0.303715606877485,1.30413948275869
708,8434,"s14","m0",-0.224612349371705,-0.000994956016201162,0.437558481698718,1.0960331959341
709,8435,"s14","m0",-0.172911295127685,0.0366054585599045,0.399174157270312,0.893736933829552
710,8446,"s14","m0",-0.257381902105914,0.0182562274888659,0.499479163052257,1.45546166975666
711,8453,"s14","m0",-0.34981782715814,-0.47834089125077,0.340803530870322,1.51098080152661
712,8491,"s14","m0",-0.215719422837743,-0.0305467498251894,0.399758937931208,1.11164500032113
713,8508,"s14","m0",-0.348053882831173,-0.109546544556632,0.399823703990726,1.58651144417844
714,8513,"s14","m0",-0.351191698174802,-0.236722989261739,0.408806579048224,1.39635573590264
715,8520,"s14","m0",-0.202435818414326,-0.0583027872433558,0.506224270099588,0.988916335350803
716,8521,"s14","m0",-0.267061779974815,-0.0267523648274321,0.444448802711077,1.32800064957541
717,8537,"s14","m0",-0.193704909326347,0.0507252070872307,0.478758235675493,0.821006543166945
718,8540,"s14","m0",-0.336292062476266,-0.302101472495813,0.209170586159565,1.44711733075526
719,8545,"s14","m0",-0.205920853187582,0.154731356196768,0.33075911068843,1.05857411145784
720,8565,"s14","m0",-0.282998339022603,-0.345359957046877,0.407335837409211,1.18327570124782
721,8566,"s14","m0",-0.197065756620536,0.0196346732071625,0.472977399368083,0.894153161353047
722,8583,"s14","m0",-0.218138911094009,-0.083222877190767,0.392774242117196,0.839995876566574
723,8609,"s14","m0",-0.260474852232841,-0.201572010900906,0.407577200143014,1.13131612419653
724,8611,"s14","m0",-0.350043371002405,-0.381045709042899,0.330345661175728,1.28782317707627
725,8619,"s14","m0",-0.269605880205354,-0.48996205466295,0.413803134488631,1.4383522121661
726,8623,"s14","m0",-0.288837854010387,-0.070982521658236,0.413246431697965,1.34873584834447
727,8627,"s14","m0",-0.290527647051251,-0.339740697189817,0.370854407218681,1.15505615160789
728,8635,"s14","m0",-0.289367466791163,-0.116738718165497,0.405684996446557,1.17482760961134
729,8652,"s14","m0",-0.384682408283498,-0.397536415332221,0.368012289227417,1.50580578843995
730,8656,"s14","m0",-0.194536135920888,-0.026849081317648,0.470095971486103,0.854940813269933
731,8664,"s14","m0",-0.24431768619275,-0.265378431539151,0.443617727920933,0.925009179632906
732,8681,"s14","m0",-0.185250008100084,0.0322364066933054,0.532357747172301,1.02464679116841
733,8682,"s14","m0",-0.407586674468157,-0.478895498253505,0.164033653540318,1.49209269583764
734,8685,"s14","m0",-0.312129027817364,-0.247526312046725,0.396333875061811,1.33737649344276
735,8705,"s14","m0",-0.292831150533528,-0.282344954971349,0.464963514650607,1.42301865774797
736,8710,"s14","m0",-0.340915335618947,-0.523336262687214,0.431022638217302,1.74566371093743
737,8721,"s14","m0",-0.273401273011033,0.033557005783513,0.417457613452389,1.23983370051752
738,8731,"s14","m0",-0.321959489066496,-0.645791647785088,0.31926088508439,1.39645778687078
739,8734,"s14","m0",-0.270895199014043,-0.326137469934397,0.484522060314647,1.27063426958042
740,8755,"s14","m0",-0.213051423179779,-0.0268214431036605,0.613179479207347,1.07653301744827
741,8761,"s14","m0",-0.337464841078319,-0.307106742615864,0.360047720835346,1.3537517592871
742,8785,"s14","m0",-0.352262727034578,-0.272715513090347,0.438682634298365,1.52683143468482
743,8790,"s14","m0",-0.330176805889457,-0.160156289383216,0.281570681416595,1.40051798100724
744,8802,"s14","m0",-0.301487229725236,-0.0911235773963211,0.494454255091395,1.26718475782345
745,8805,"s14","m0",-0.32292247381597,-0.269986676631667,0.407538467986136,1.43560491037834
746,8810,"s14","m0",-0.355086295860524,-0.545895703149685,0.290325722590579,1.5463621061177
747,8820,"s14","m0",-0.251817209730498,-0.201927132658725,0.456709286118176,1.18488694494416
748,8822,"s14","m0",-0.281494484290832,-0.422784041495129,0.483181405601767,1.16267299347443
749,8823,"s14","m0",-0.262362937958587,-0.112112566949572,0.487488573988709,1.20134045088507
750,8827,"s14","m0",-0.201460994182702,-0.129443873438554,0.476817034198184,0.988103604556379
751,8845,"s14","m0",-0.269012862971493,0.060097789022615,0.496396525390084,1.34035790743455
752,8849,"s14","m0",-0.232876152868003,-0.248424870835341,0.543871735053096,1.05288575571735
753,8862,"s14","m0",-0.138802390062042,0.196331879547142,0.493567556499068,0.789785055278222
754,8866,"s14","m0",-0.203675785479916,0.041663528688694,0.503533294139878,1.05033992977103
755,8886,"s14","m0",-0.313498560329038,-0.411916998605853,0.434265990500342,1.44749329732289
756,8910,"s14","m0",-0.354783913103202,-0.317176746708679,0.290506353045945,1.30247177162292
757,8913,"s14","m0",-0.271384032407299,-0.2766115951082,0.376440598906198,1.32874812870123
758,8916,"s14","m0",-0.285553018786644,-0.226711239052795,0.378049915216731,1.1651240915661
759,8917,"s14","m0",-0.131602702263514,0.119641632635975,0.617952967711205,0.764418106463136
760,8921,"s14","m0",-0.253403252753055,0.0516601212226808,0.452938452516753,1.13380036136387
761,8922,"s14","m0",-0.290813362855259,-0.216593690180296,0.313340733489716,1.2542246024863
762,8939,"s14","m0",-0.266693035532093,-0.329656831791309,0.4417135056413,1.16053738292777
763,8945,"s14","m0",-0.295377302053842,-0.230107435076861,0.418227463347524,1.50293152463104
764,8950,"s14","m0",-0.180869054214514,0.100392839499379,0.590167286459369,0.879282767616692
765,8968,"s14","m0",-0.309002604689381,-0.436444259330269,0.374334866110471,1.34298275211155
766,8990,"s14","m0",-0.361927903175459,-0.227080411927255,0.344847336403005,1.62612268273134
767,8995,"s14","m0",-0.36372678302393,-0.331212124531509,0.282516882953094,1.33715386471205
768,9003,"s14","m0",-0.262862431054276,-0.0710433304251166,0.426598735080717,1.15390307428976
769,9006,"s14","m0",-0.297923012481071,-0.25119980014627,0.49596472364238,1.46227381443477
770,9008,"s14","m0",-0.344577694606492,-0.393468221904071,0.418352326329452,1.51272204066138
771,9013,"s14","m0",-0.182518082619321,0.0651263445382341,0.474749115524631,0.812016339724401
772,9017,"s14","m0",-0.262143225042118,-0.0110716374970164,0.369517222464917,1.10454169387372
773,9031,"s14","m0",-0.348763717733003,-0.53205737142852,0.400902653222301,1.47311136212381
774,9033,"s14","m0",-0.404310565319363,-0.540768355403618,0.484847824506552,1.58274894873861
775,9041,"s14","m0",-0.361732318142254,-0.428178164881386,0.315283302408224,1.42933892105652
776,9042,"s14","m0",-0.235348324479859,-0.0333066591570805,0.560080262093662,1.15328408723136
777,9046,"s14","m0",-0.218222585948625,-0.0989534814315179,0.38361129910158,1.29689205127458
778,9049,"s14","m0",-0.363831074939646,-1.05037341357076,0.386558238140905,1.5663129108746
779,9072,"s14","m0",-0.371879068334464,-0.327817305690946,0.381568432088858,1.67439230924615
780,9087,"s14","m0",-0.347680926360155,-0.484313122353461,0.387816494861356,1.55922685067678
781,9096,"s14","m0",-0.294928318496149,-0.384012495607251,0.416170505254143,1.08149755402546
782,9108,"s14","m0",-0.305500896741034,-0.066705248723012,0.414853384174219,1.53996417669667
783,9112,"s14","m0",-0.378970511331859,-0.468677022132609,0.191911976747156,1.47912486638035
784,9117,"s14","m0",-0.403321073304248,-0.704183034646594,0.471860730623598,1.61287923376752
785,9127,"s14","m0",-0.35963068853682,-0.403429560280408,0.406536526585852,1.45666261720983
786,9129,"s14","m0",-0.27652891237646,-0.176951877999751,0.442339548441165,1.37691080382317
787,9143,"s14","m0",-0.355450199718153,-0.462066849403311,0.39799000746211,1.54387749672495
788,9158,"s14","m0",-0.315561917069381,-0.686628384963522,0.428553299729906,1.59501169058206
789,9177,"s14","m0",-0.278879221328878,-0.141427596609932,0.487495946058215,1.25784959689023
790,9179,"s14","m0",-0.280349390756421,-0.122772438472686,0.500196835038168,1.17529869579302
791,9210,"s14","m0",-0.0722273926440332,0.194986466453905,0.691491866041774,0.558778496205786
792,9214,"s14","m0",-0.276365135533741,-0.294140026550098,0.444656003637012,1.41413483171853
793,9217,"s14","m0",-0.316046592490722,-0.378730763190659,0.293682143309656,1.32184250612302
794,9218,"s14","m0",-0.368899349879708,-0.181477804765506,0.337605136252073,1.44635106026954
795,9246,"s14","m0",-0.2767640150975,0.107356864579016,0.487512811989708,1.32326374651661
796,9248,"s14","m0",-0.375192027053188,-0.215342417597912,0.373375981432785,1.63581564929648
797,9267,"s14","m0",-0.346345509746131,-0.165355033333416,0.473894177042496,1.51553134865577
798,9270,"s14","m0",-0.26925895365177,-0.125142118107298,0.378468062797646,1.2960113544195
799,9293,"s14","m0",-0.278536725398205,-0.222463811401768,0.421215772756854,1.24470170901618
800,9306,"s14","m0",-0.328761073890611,-0.153949793976731,0.308694842361653,1.61935069919369
801,9319,"s14","m0",-0.24962902033771,-0.0622910301557022,0.454257075958982,1.2659162276941
802,9323,"s14","m0",-0.300923018913351,-0.312028179800695,0.4407457893816,1.34561606933015
803,9336,"s14","m0",-0.237390663702916,0.00826863497544547,0.460221790194277,1.12662119750318
804,9348,"s14","m0",-0.367706974975256,-0.400380215175169,0.414689644952046,1.64904687741891
805,9369,"s14","m0",-0.331803098627302,-0.212849540549129,0.442912098346136,1.58051085238577
806,9387,"s14","m0",-0.415047707350329,-0.71802358530257,0.327689056586767,1.7336476473828
807,9412,"s14","m0",-0.304757140294117,-0.0714098125238401,0.403139333552466,1.28390626996092
808,9418,"s14","m0",-0.305368630697773,-0.441253232022291,0.341996279505942,1.23082061278406
809,9434,"s14","m0",-0.260853171975792,-0.244680268567402,0.419137404759001,1.20401108970931
810,9459,"s14","m0",-0.241620583533964,-0.244276792552074,0.531726812146314,0.989973450129181
811,9499,"s14","m0",-0.240483602305402,-0.0476075325585993,0.426247084980627,0.824053924028101
812,9519,"s14","m0",-0.319096846096028,-0.392664178513162,0.341513508941594,1.41511217914355
813,9529,"s14","m0",-0.288742338031435,-0.19724075163648,0.402884191347566,1.19484208666127
814,9555,"s14","m0",-0.280063192267565,-0.110828019760454,0.465889613643582,1.16700565572409
815,9558,"s14","m0",-0.439684481997227,-0.310433726321316,0.239155387589602,1.87681261784191
816,9567,"s14","m0",-0.160033013802279,-0.132472602375522,0.435250888729796,0.528587640724279
817,9568,"s14","m0",-0.38002670912028,-0.0445127576979428,0.373026406883135,1.40067446806513
818,9578,"s14","m0",-0.188516436743719,0.150418475132165,0.547386953263101,1.04972190732022
819,9582,"s14","m0",-0.292622990414404,-0.372587528205615,0.475654424448613,1.27680197221982
820,9615,"s14","m0",-0.289917894621568,-0.280581585317395,0.489728280637482,1.22367688875883
821,9616,"s14","m0",-0.447339212745417,-0.506504827285542,0.287074776225597,1.85198995692836
822,9620,"s14","m0",-0.234643496591473,-0.0942519573774942,0.466984169784684,1.11799214498878
823,9625,"s14","m0",-0.201403447325985,-0.0464789857640232,0.513620874694058,1.08185596983963
824,9647,"s14","m0",-0.331159210574461,-0.168524957873094,0.417265219327198,1.61803137041817
825,9669,"s14","m0",-0.332482599375515,-0.248874614101511,0.412727783126675,1.4122911740676
826,9674,"s14","m0",-0.305736048894606,-0.333248364184024,0.409142852171096,1.14308654420143
827,9704,"s14","m0",-0.284044456454609,-0.208269695664686,0.358614557574797,1.17373068679398
828,9707,"s14","m0",-0.221066569576116,-0.261780343852631,0.528750897574158,1.04358697359275
829,9755,"s14","m0",-0.28715970386814,-0.226704828317609,0.363160863278108,1.36592828639321
830,9768,"s14","m0",-0.420640097239205,-0.743653180858442,0.183467217104677,1.63304858637273
831,9774,"s14","m0",-0.27296098856984,-0.114494609294805,0.499777114715714,1.25213866036512
832,9779,"s14","m0",-0.343556118330327,-0.0160091875213045,0.300162750266667,1.38505049680772
833,9786,"s14","m0",-0.307798196758352,-0.174645079064259,0.303693947761967,1.30300189726485
834,9787,"s14","m0",-0.382222725950466,-0.495384651522629,0.380688942133747,1.46035173291858
835,9812,"s14","m0",-0.262663133346555,0.064656856531665,0.520922994281103,1.38089166059683
836,9813,"s14","m0",-0.365960588743097,-0.335173957014212,0.270789947579608,1.48091323142319
837,9830,"s14","m0",-0.182308173600341,-0.214716906512388,0.49230119891375,0.689740133485512
838,9841,"s14","m0",-0.265442374838865,-0.311664889483744,0.421843044939954,1.03133089344942
839,9845,"s14","m0",-0.301717940072044,-0.566104803468064,0.294853862624142,1.26021677186318
840,9889,"s14","m0",-0.327328966053597,-0.318645177159479,0.489262577300733,1.50633494487133
841,9890,"s14","m0",-0.047770971123811,0.157091866255509,0.57614916295714,0.469057889336111
842,9907,"s14","m0",-0.309802880004806,-0.20254883671639,0.305821055050281,1.15458031784035
843,9914,"s14","m0",-0.211602144790505,0.0596625421501141,0.466861970653053,1.14131736167887
844,9936,"s14","m0",-0.317962483983396,-0.3795837132193,0.366713173874007,1.4246238033453
845,9976,"s14","m0",-0.233902985543512,-0.0721342224400778,0.328797966175715,1.04279775662555
846,9985,"s14","m0",-0.280541406281289,-0.51570323971624,0.378634803458078,1.23028665722861
847,9996,"s14","m0",-0.260168558607448,-0.250496311691567,0.284481050533051,0.987176970617592
848,10030,"s14","m0",-0.292878070696998,-0.175063668607316,0.328568229566089,1.19915550037416
849,10054,"s14","m0",-0.268661374221803,-0.0255942004564886,0.5035725386359,1.17126576218265
850,10063,"s14","m0",-0.318078781047602,-0.40059826274388,0.31798393644356,1.40032401167178
851,10083,"s14","m0",-0.304304357976589,-0.318690670447226,0.366185830058451,1.1834962066509
852,10085,"s14","m0",-0.386025719475521,-0.526644652881828,0.276042930209044,1.62077160175534
853,10093,"s14","m0",-0.332578047742469,-0.108082146571152,0.403110426653221,1.26447254319932
854,10126,"s14","m0",-0.273345576825468,-0.0838305205821416,0.441080950430734,1.3170002069722
855,10131,"s14","m0",-0.240477381614813,-0.198011143507591,0.437459708735156,1.15589966620399
856,10153,"s14","m0",-0.271871642485574,-0.00458708286572315,0.484923366339989,1.21880354953889
857,10156,"s14","m0",-0.30977567241263,-0.0919593115220302,0.506356398187117,1.38870983382471
858,10162,"s14","m0",-0.193061404804692,0.0958846165626148,0.564860400411886,1.14685081951698
859,10163,"s14","m0",-0.187782118708409,0.155728635042609,0.417197348018676,0.960040340742686
860,10190,"s14","m0",-0.243073917372522,-0.169338600998725,0.428086480211874,1.22671447240811
861,10215,"s14","m0",-0.440541773896581,-0.624161523375727,0.344019551366979,2.0758543647468
862,10229,"s14","m0",-0.256332935999028,-0.0990464496965878,0.369464875917939,1.03800932365315
863,10237,"s14","m0",-0.30007919733164,-0.210534093779513,0.386419405154299,1.40882818360283
864,10246,"s14","m0",-0.292147532999702,-0.0582590453348429,0.492134307765378,1.24202931795457
865,10258,"s14","m0",-0.316726457482725,-0.273802473447505,0.333535862057914,1.17246099782962
866,10269,"s14","m0",-0.259154893001995,-0.0551853837822763,0.468972848057982,1.29988716180631
867,10273,"s14","m0",-0.185187390825979,0.0320142398342152,0.515001986513146,1.0904942334941
868,10287,"s14","m0",-0.105243515036259,0.115032029363981,0.607043787654114,0.750843741677473
869,10326,"s14","m0",-0.197974308160556,0.0316221290648023,0.594633113617292,0.983591037625393
870,10346,"s14","m0",-0.164941009827034,0.0696256204039762,0.510073493250977,0.775182797671231
871,10351,"s14","m0",-0.290239518859768,-0.403914828806311,0.442578480145095,1.13507358713523
872,10374,"s14","m0",-0.232204881127133,-0.20636480532482,0.432130865795964,1.17108533793602
873,10376,"s14","m0",-0.332478447739938,-0.207310153313856,0.363621431955702,1.36389512362322
874,10384,"s14","m0",-0.226457340979647,-0.0759372295943292,0.557044444061937,1.17830131969025
875,10385,"s14","m0",-0.300873835406669,-0.25273421464721,0.535411772099993,1.44259750705228
876,10401,"s14","m0",-0.217124485269964,-0.253244692019043,0.461268001316357,1.12959642618813
877,10422,"s14","m0",-0.36032918972308,-0.266963360952325,0.32120956859898,1.43874239433989
878,10443,"s14","m0",-0.300122305311453,-0.204361582067422,0.472158589894121,1.38763439979191
879,10454,"s14","m0",-0.306138856699246,-0.222140518529474,0.396875496751033,1.27319936346935
880,10472,"s14","m0",-0.283045740881067,0.0253270723736281,0.517397950348889,1.40942977105138
881,10476,"s14","m0",-0.234325230410789,-0.0109057190548036,0.411966660661183,1.07070186297846
882,10480,"s14","m0",-0.22293075737063,-0.0838637803551329,0.511614278040712,1.15040648835234
883,10481,"s14","m0",-0.229661765685795,-0.224876076438402,0.419929282559902,0.933642545517102
884,10495,"s14","m0",-0.281673513573364,-0.207111641760676,0.530532498947731,1.09117648240448
885,10531,"s14","m0",-0.327412211319292,-0.271195483325064,0.279315899099207,1.55449567285996
886,10534,"s14","m0",-0.199652268778131,0.155699168841103,0.490940325232632,0.858855855264289
887,10541,"s14","m0",-0.403969883894068,-0.568732754386909,0.261910826829401,1.5256494304645
888,10542,"s14","m0",-0.30756033216065,-0.0751946400083148,0.358923149722833,1.46165434602737
889,10544,"s14","m0",-0.325302461969408,-0.170674133588928,0.355100973756189,1.48899989200703
890,10553,"s14","m0",-0.247080488425414,-0.179366422984082,0.455722670360633,1.1928967480745
891,10556,"s14","m0",-0.260077142538893,-0.199704369056185,0.399635967619779,1.04830389497515
892,10574,"s14","m0",-0.226396451861477,-0.0133610442125857,0.601643780109691,1.3099565872936
893,10584,"s14","m0",-0.253419847910348,-0.344155080967616,0.368038823304054,0.894394143261987
894,10589,"s14","m0",-0.349185879275847,-0.435022136499078,0.304311133036886,1.29052724121744
895,10599,"s14","m0",-0.315253970594841,-0.389740191167968,0.476448711038044,1.4805480994232
896,10601,"s14","m0",-0.365481777925116,-0.459066540866413,0.225377202867037,1.58547903183995
897,10632,"s14","m0",-0.224914594191026,-0.172681763677818,0.486297115683558,1.01128671546704
898,10658,"s14","m0",-0.238145202208182,-0.023570657990491,0.520730882721246,1.1437943327516
899,10666,"s14","m0",-0.293699715922591,-0.208171979772949,0.39441455771479,1.30806943990055
900,10670,"s14","m0",-0.444075587794815,-0.311192338224822,0.265243728254998,1.79124169195148
901,10677,"s14","m0",-0.258077084875811,-0.271014092015981,0.471446264711313,1.05567521234782
902,10720,"s14","m0",-0.196756108407182,-0.0159052394325105,0.516394300458203,0.9359262612591
903,10752,"s14","m0",-0.168611189349094,-0.0594863032359406,0.570273664830571,0.784938459671
904,10754,"s14","m0",-0.307366848297634,-0.168737656084019,0.309345751909243,1.41938838881656
905,10761,"s14","m0",-0.266483533464534,-0.388147484023751,0.449933622359324,1.2312747003366
906,10778,"s14","m0",-0.294675558506984,-0.221357213345825,0.459908501429802,1.35914521005375
907,10821,"s14","m0",-0.232189130658498,-0.0761449289593755,0.478415613801447,1.13498604275934
908,10845,"s14","m0",-0.267749243561108,-0.0420151434207389,0.430832003458247,1.43290402394017
909,10868,"s14","m0",-0.227192996529645,-0.0880063725644188,0.437497660629687,1.06299456973283
910,10879,"s14","m0",-0.313960222842269,-0.176830182534221,0.440138949505015,1.29645882952525
911,10882,"s14","m0",-0.291597328406934,-0.0764753803792056,0.291785589915402,1.12965320148257
912,10892,"s14","m0",-0.258594498838974,-0.0788815686865293,0.475694637053179,1.18173102991398
913,10896,"s14","m0",-0.332873985175991,-0.372853933815877,0.245529335840319,1.29188582399655
914,10897,"s14","m0",-0.181211694147194,-0.0306467847286004,0.512726478672519,0.824960792471069
915,10898,"s14","m0",-0.134093583025944,-0.0250078598489286,0.490666830345651,0.509287147850568
916,10904,"s14","m0",-0.37758733070125,-0.256190288765192,0.336383275378591,1.41716819607127
917,10911,"s14","m0",-0.116134982135186,0.137103086438211,0.522137093371122,0.653355126096189
918,10919,"s14","m0",-0.236497989579798,-0.0800410352952321,0.398737581133384,1.10072793049664
919,10933,"s14","m0",-0.331042306958197,-0.344037057888669,0.291834685883965,1.34855736684614
920,10945,"s14","m0",-0.241311841646301,-0.121621099315068,0.558920034973311,1.16448296097758
921,10957,"s14","m0",-0.306501849723027,-0.158059463757299,0.344035031725658,1.41193379131348
922,10966,"s14","m0",-0.347254592985846,-0.244807735564617,0.330173527068128,1.57711599733746
923,11000,"s14","m0",-0.324080636541758,-0.13804827906364,0.393567808246205,1.5424158930212
924,11007,"s14","m0",-0.28854655039962,-0.350795347718469,0.496807585766073,1.23510660430628
925,11015,"s14","m0",-0.148389485412648,-0.178497582248051,0.545641927429453,0.721258808909358
926,11029,"s14","m0",-0.296931057823418,-0.176960599554985,0.326851270354648,1.2791376876228
927,11053,"s14","m0",-0.380460292867894,-0.288782641985462,0.386685111045098,1.47883146359362
928,11060,"s14","m0",-0.196895906491618,0.0413822520576489,0.560091218188492,0.832288751524402
929,11067,"s14","m0",-0.364565317152448,-0.308785185596588,0.359605071525413,1.53668570984453
930,11083,"s14","m0",-0.329159752273219,-0.358904170443279,0.416567682266618,1.43433410378184
931,11093,"s14","m0",-0.319693491757277,-0.160622156752768,0.297670570838487,1.29634712520756
932,11107,"s14","m0",-0.293569313605952,-0.260594342532306,0.415562325142063,1.07499285785609
933,11115,"s14","m0",-0.341604403379566,-0.721786868166708,0.327937815250247,1.4960963163633
934,11117,"s14","m0",-0.303709385565416,-0.310972546889516,0.465636812860995,1.52612509362372
935,11135,"s14","m0",-0.258838102246182,-0.0835525705835233,0.462957213405028,1.12053625139177
936,11140,"s14","m0",-0.219765414862868,-0.113209703949384,0.467812167092966,0.956272904367004
937,11162,"s14","m0",-0.442368945439245,-0.851376337710958,0.325865273507741,1.93460928571572
938,11182,"s14","m0",-0.218430080464793,-0.0368066969954333,0.51349491571247,1.08861228513023
939,11195,"s14","m0",-0.295564654853437,-0.117783492308246,0.421744230146312,1.41302093116307
940,11201,"s14","m0",-0.275210333118267,-0.290991603893209,0.493924535760732,1.36709338970638
941,11225,"s14","m0",-0.223346373033364,-0.0165050670333464,0.450186331570936,1.18745138698683
942,11226,"s14","m0",-0.336324472454935,-0.157438064260671,0.517964638117516,1.53502181500443
943,11228,"s14","m0",-0.238897569772468,-0.104012297013983,0.55803213161629,1.17454396904799
944,11239,"s14","m0",-0.267045041026766,-0.210640023873835,0.397980567720364,1.13234108949338
945,11258,"s14","m0",-0.239658045394831,-0.293943386363062,0.546227282368666,1.14882653189362
946,11259,"s14","m0",-0.231822084579291,0.0787157579569833,0.418709682195094,1.04118539269904
947,11267,"s14","m0",-0.228413841728147,-0.0845583233218027,0.483366276179361,1.11834890804256
948,11273,"s14","m0",-0.295347333494985,-0.410744774339566,0.3692435232163,1.237560448896
949,11289,"s14","m0",-0.204981589142415,-0.0490337793340362,0.573164453128163,1.02888931818294
950,11290,"s14","m0",-0.289460516320586,-0.325631793304431,0.35772206672574,1.27582748535544
951,11291,"s14","m0",-0.320907429412042,-0.382200336748777,0.334967334051032,1.32922197441743
952,11305,"s14","m0",-0.287337475689272,-0.27318865248449,0.364062576852308,1.2682598610566
953,11316,"s14","m0",-0.332477814090618,-0.200288496218709,0.408278487283702,1.5606455597941
954,11326,"s14","m0",-0.270002677757494,-0.140844681791771,0.508618183191554,1.26634339973005
955,11337,"s14","m0",-0.227473453018444,-0.0335060955973916,0.542429763522835,1.09034728375916
956,11354,"s14","m0",-0.284746215130339,-0.439758537246476,0.369659051683133,1.13930856506558
957,11356,"s14","m0",-0.356422149032097,-0.554983797967254,0.328971956451981,1.27616254692779
958,11358,"s14","m0",-0.244079258272274,-0.0561808118937041,0.488642505130516,1.28389281307361
959,11360,"s14","m0",-0.326582221532175,-0.258028841684816,0.398666621596611,1.36250174705815
960,11374,"s14","m0",-0.333376912789707,-0.397903905606462,0.367719289045381,1.35318687532805
961,11382,"s14","m0",-0.2437435069523,0.007278619055276,0.396849227336957,1.22093424010448
962,11388,"s14","m0",-0.265191322265575,-0.0450947004469742,0.519369639033028,0.985927721306431
963,11389,"s14","m0",-0.290252113614351,0.109711024307734,0.429844032191153,1.41110253747373
964,11394,"s14","m0",-0.317629248196024,-0.309100526788578,0.400154817033869,1.19870677467069
965,11398,"s14","m0",-0.258654655684334,-0.415905647244206,0.50283440726652,1.19188024352585
966,11439,"s14","m0",-0.269036474441299,-0.213084597304979,0.429087702985336,1.05191520306888
967,11444,"s14","m0",-0.377148768190175,-0.409831057609198,0.223859047095197,1.59059640969317
968,11467,"s14","m0",-0.300814358022156,-0.0444780651280831,0.372274748481154,1.30234598366958
969,11498,"s14","m0",-0.261847754095713,-0.288345142347489,0.439668028646107,1.06063426711201
970,11518,"s14","m0",-0.210072672353154,-0.0383241403855463,0.469419501949362,0.90799905318146
971,11525,"s14","m0",-0.336019632594365,-0.313843449553717,0.451759250770399,1.54606324607942
972,11538,"s14","m0",-0.257895929244204,-0.06254416088392,0.523707859848555,1.27566839700359
973,11570,"s14","m0",-0.349559087918037,-0.255746041272688,0.354150377407835,1.52310974009392
974,11572,"s14","m0",-0.33456468488136,-0.177462601195799,0.38798825156075,1.40793688387516
975,11589,"s14","m0",-0.236607869471246,-0.09154171236063,0.45610368477833,1.07137181949042
976,11598,"s14","m0",-0.316395565056764,-0.345604778735613,0.32154913703905,1.44021941430407
977,11630,"s14","m0",-0.286002245644635,-0.150676041965587,0.324413624745906,1.12074374462783
978,11648,"s14","m0",-0.243630999839832,-0.19228544584949,0.361639403210031,1.34845763118165
979,11650,"s14","m0",-0.270997009171495,-0.188758005432462,0.462259469721838,1.36222400225906
980,11666,"s14","m0",-0.326076647851079,-0.328147190261433,0.421715402973321,1.43120829299069
981,11669,"s14","m0",-0.385880630145587,-0.529416658413804,0.295212348189369,1.36136706568829
982,11674,"s14","m0",-0.292653476208253,-0.174179294111688,0.363041433602254,1.26340328626062
983,11680,"s14","m0",-0.28908060774139,0.0124532715624554,0.421445652865115,1.16479293794496
984,11684,"s14","m0",-0.349373121280493,-0.175615195133837,0.248330360324658,1.41420705705717
985,11712,"s14","m0",-0.292560715354922,-0.279962900584157,0.373425108881929,1.25980837517383
986,11713,"s14","m0",-0.201037268706767,0.0738309496869577,0.531940356126897,1.00848276381473
987,11719,"s14","m0",-0.361115290952299,-0.157874962653023,0.468185604211685,1.81586830595814
988,11729,"s14","m0",-0.267340895591447,0.00209592443203818,0.431712627337085,1.07305664937037
989,11754,"s14","m0",-0.282201872553153,-0.115014010113983,0.533953412084505,1.30106768564746
990,11780,"s14","m0",-0.327055005627913,-0.242324976164753,0.480456086456511,1.50810688976174
991,11787,"s14","m0",-0.149499550997532,0.0641761586420767,0.552067338824353,0.923236280263724
992,11796,"s14","m0",-0.214567968342586,-0.137337958365669,0.371673070776136,0.791925701161045
993,11797,"s14","m0",-0.286891032961279,-0.175234681389397,0.331465003100166,1.20800236646108
994,11801,"s14","m0",-0.288562081106004,-0.0545318782627973,0.476465212812853,1.33478084752541
995,11823,"s14","m0",-0.160718645751736,0.228534639397365,0.591681957900797,1.03823760351047
996,11841,"s14","m0",-0.385700647027922,-0.756840687137178,0.378503814745566,1.516796170167
997,11843,"s14","m0",-0.2113130694081,0.250566343357802,0.485660510838242,1.12531348159655
998,11846,"s14","m0",-0.362724297572397,-0.478143271491996,0.292737689073818,1.4754362797003
999,11874,"s14","m0",-0.36693174853737,-0.504122536601959,0.49002663413725,1.69071237378003
1000,11878,"s14","m0",-0.235206590615709,-0.270102888972516,0.400870136400603,1.01634167350085
1001,11888,"s14","m0",-0.335114858203742,-0.252324240819813,0.358828452224208,1.39784763504677
1002,11901,"s14","m0",-0.235528873797781,-0.157272800363729,0.420576212601286,1.19405763029601
1003,11917,"s14","m0",-0.28655901880817,-0.183194530353665,0.47882434970977,1.28913912468145
1004,11933,"s14","m0",-0.325631914501026,-0.261042581274487,0.41171513652223,1.75603324310131
1005,11951,"s14","m0",-0.237911511029496,-0.0641206987037068,0.558300917348908,1.22226910019166
1006,11974,"s14","m0",-0.299019666617085,0.00429205972966909,0.472424795862858,1.33014493898581
1007,11976,"s14","m0",-0.307398163964138,-0.40509364974559,0.433461194781612,1.36410038300482
1008,11996,"s14","m0",-0.359185432157438,-0.219155977816337,0.296548669410039,1.63505705288302
1009,12006,"s14","m0",-0.26274236969221,-0.0422245991160367,0.456684711729361,1.21699856859962
1010,12019,"s14","m0",-0.384584713201746,-0.241261049988068,0.286725244490797,1.64776289294389
1011,12021,"s14","m0",-0.29968872881035,-0.271879088950315,0.460719357049946,1.34971946734386
1012,12031,"s14","m0",-0.40205472691323,-0.509434342224229,0.38060877874489,1.7931112064252
1013,12060,"s14","m0",-0.200882395910122,0.0545356709201605,0.487134141062356,1.05437763042971
1014,12079,"s14","m0",-0.272609135793093,-0.109310248591827,0.487775193764283,1.31784393876185
1015,12087,"s14","m0",-0.310056863689323,-0.302949798679136,0.360729672951407,1.34732068420698
1016,12099,"s14","m0",-0.349151747430777,-0.733538710539188,0.380301263143934,1.46610822287307
1017,12107,"s14","m0",-0.261889768312487,-0.141309986202774,0.411273900298156,1.23257340691638
1018,12128,"s14","m0",-0.264493639717694,-0.20152292717291,0.494480079949019,1.22665250070377
1019,12157,"s14","m0",-0.22484562201176,-0.0312563048896159,0.582342844441356,1.42612514406006
1020,12159,"s14","m0",-0.314241333860261,-0.37395346448678,0.430836220622773,1.3147689915925
1021,12168,"s14","m0",-0.248153152085398,-0.114750804473729,0.483680000921267,1.10519210214246
1022,12188,"s14","m0",-0.250912915945471,0.0352733756643196,0.433035307666493,1.14437380692312
1023,12216,"s14","m0",-0.241623694625745,0.101667058196776,0.468145511205417,1.17224687499048
1024,12224,"s14","m0",-0.249255911681743,0.12613950525789,0.593167712529347,1.29111961792092
1025,12228,"s14","m0",-0.311780839876416,-0.167922123793631,0.455901700389404,1.41044763277875
1026,12231,"s14","m0",-0.411427836366154,-0.770673208968606,0.295739319186206,1.63652906631593
1027,12236,"s14","m0",-0.257145154894749,0.0497796291719142,0.356729898895508,1.09829005313712
1028,12243,"s14","m0",-0.334520389243941,-0.340300282928306,0.441044786385986,1.43965429757324
1029,12270,"s14","m0",-0.259895420632137,-0.0913648289730675,0.460443171783338,1.28895040659619
1030,12282,"s14","m0",-0.341229899212887,-0.42265644996127,0.322476516961379,1.45717093676709
1031,12299,"s14","m0",-0.266921640782691,-0.38522608023843,0.429266226554328,1.44847848453936
1032,12314,"s14","m0",-0.343151594380637,-0.238339576678366,0.456461946425499,1.42724435710088
1033,12322,"s14","m0",-0.316027650980373,-0.285254858606066,0.393845257184583,1.43098360773952
1034,12354,"s14","m0",-0.238379609240409,-0.0554299825672117,0.39849874578271,1.38998168884585
1035,12359,"s14","m0",-0.357476803209983,-0.221056763631316,0.334113771749051,1.53045480070114
1036,12360,"s14","m0",-0.254338406615396,-0.197985664344963,0.337152689653835,1.32182804560042
1037,12366,"s14","m0",-0.265825811489146,-0.387965605428734,0.467375687719839,1.39562107561302
1038,12370,"s14","m0",-0.275572017483735,-0.140483750727285,0.462051589805037,1.32313813811068
1039,12398,"s14","m0",-0.379739842407772,-0.257823135901393,0.35041143149724,1.59423933322283
1040,12413,"s14","m0",-0.331235044467326,-0.325888714465037,0.429816644723108,1.30620781747054
1041,12428,"s14","m0",-0.350359794684144,-0.265301176946367,0.326244477996465,1.57878077590604
1042,12438,"s14","m0",-0.132383467389165,0.128002193241332,0.554541822275001,0.829431391572411
1043,12455,"s14","m0",-0.218982933819532,-0.231046789451367,0.425868637312526,1.12255207173668
1044,12466,"s14","m0",-0.360498843663301,-0.055055711821426,0.388396665468486,1.7617943053542
1045,12474,"s14","m0",-0.372259024915577,-0.29324926203137,0.325545229870565,1.25220862596252
1046,12484,"s14","m0",-0.17656353805746,0.00650237773208944,0.498669864455026,0.789824704772369
1047,12485,"s14","m0",-0.242783698883808,-0.0243085983580879,0.478960219392888,1.23680315352453
1048,12490,"s14","m0",-0.230891085881857,-0.101224111804527,0.529199727436034,0.993925113867762
1049,12506,"s14","m0",-0.243995217498405,-0.23817658026858,0.487410988242819,1.2056814542864
1050,12519,"s14","m0",-0.258385311939815,-0.0325460768650708,0.45623820903308,1.17038961888806
1051,12524,"s14","m0",-0.319576165534707,-0.363986171755298,0.359324626696171,1.41126449745142
1052,12529,"s14","m0",-0.426092372330187,-0.535751427234265,0.391432143008744,1.83852232868408
1053,12532,"s14","m0",-0.150347723554971,0.163528483969671,0.623566827716845,0.89147006114675
1054,12535,"s14","m0",-0.224314656276761,-0.0230052988059131,0.459220155947452,0.954377139823534
1055,12546,"s14","m0",-0.307874695981721,-0.244755334005035,0.427457574900382,1.47740437900125
1056,12559,"s14","m0",-0.2473560195339,-0.174728152105894,0.471680346295001,1.29581098428475
1057,12569,"s14","m0",-0.324706236074157,-0.311369494580774,0.261198309831727,1.52838922414607
1058,12578,"s14","m0",-0.265117872856092,0.0583403454080556,0.437501723588884,1.05952705549475
1059,12581,"s14","m0",-0.365890460602586,-0.300019726562772,0.379102399599893,1.50224994861185
1060,12590,"s14","m0",-0.366759974562774,-0.0718611669404099,0.389555454842033,1.6700629147902
1061,12617,"s14","m0",-0.320656060147081,-0.602230017784418,0.418225845678952,1.22963031324699
1062,12620,"s14","m0",-0.26697015211196,0.0128165936024117,0.431685582529982,1.13797982816869
1063,12621,"s14","m0",-0.260288579822352,-0.160548301953743,0.398347386393264,0.919727501633555
1064,12627,"s14","m0",-0.26739588622555,-0.100044777261542,0.487446717303447,1.27644220417526
1065,12653,"s14","m0",-0.386839413103591,-0.375951484013634,0.284323163874734,1.49560073860118
1066,12656,"s14","m0",-0.282824508620538,-0.286584535766746,0.494126608815918,1.10929920974118
1067,12676,"s14","m0",-0.34833126448148,-0.477169475891425,0.201389096108009,1.40215743501088
1068,12684,"s14","m0",-0.183907448802002,0.12443675954014,0.581162068225117,0.927891044026382
1069,12693,"s14","m0",-0.306252412468763,-0.153162437309877,0.512876593112357,1.26152665738944
1070,12694,"s14","m0",-0.321705230077837,-0.159131448377115,0.417469566550537,1.31862752054293
1071,12704,"s14","m0",-0.268832608627803,-0.13532751989902,0.498321241593061,1.24080575205147
1072,12714,"s14","m0",-0.335491332054448,-0.186026859194973,0.409656728581761,1.44705574949475
1073,12719,"s14","m0",-0.197463670815316,-0.143914409624913,0.52971715587398,0.919601096899683
1074,12724,"s14","m0",-0.26887349657312,-0.0740311838572293,0.362701713722624,1.05280079775386
1075,12751,"s14","m0",-0.220589766865636,-0.054780222198144,0.436245278726705,1.12825073441506
1076,12757,"s14","m0",-0.302461828886132,-0.231686236849533,0.383119545800054,1.11768999955722
1077,12761,"s14","m0",-0.39561689682556,-0.492873088729784,0.310510939825049,1.87681155722451
1078,12770,"s14","m0",-0.384075183568445,-0.427176019111332,0.319483931069815,1.65278839990391
1079,12778,"s14","m0",-0.35229136714294,-0.187604860246241,0.34741313256923,1.40901871985843
1080,12813,"s14","m0",-0.41237431457142,-0.232579042046177,0.288074286527456,1.61881529169424
1081,12820,"s14","m0",-0.353507734090898,-0.207961949997924,0.320827332790256,1.66629012884182
1082,12835,"s14","m0",-0.254258360032099,-0.119147445026579,0.458722452331641,1.05793739173295
1083,12854,"s14","m0",-0.314425746442469,-0.0956431291224409,0.3852955376403,1.57496874488247
1084,12874,"s14","m0",-0.20942258236358,-0.203799945552263,0.449983790894559,0.958920017955815
1085,12889,"s14","m0",-0.360613145260453,-0.232936114946396,0.330991855020922,1.48991537748774
1086,12892,"s14","m0",-0.241098355426168,-0.137092080115347,0.431949144912125,1.08595095171802
1087,12916,"s14","m0",-0.312809669356998,-0.200958974776412,0.46275383745181,1.43032261545805
1088,12921,"s14","m0",-0.323095672051562,-0.407069895751943,0.494032548009121,1.6070149208516
1089,12941,"s14","m0",-0.255739077141415,-0.200321956161792,0.556830643138335,1.29856728560622
1090,12969,"s14","m0",-0.307429117793514,-0.0807551024920022,0.36015684525759,1.19848671552081
1091,12987,"s14","m0",-0.318087047419422,-0.389597416527318,0.484825273864803,1.47693635434567
1092,12998,"s14","m0",-0.330084684858315,-0.453705377410898,0.339233517354734,1.37919319353539
1093,13003,"s14","m0",-0.23711505340942,-0.165578049606537,0.478012671725758,0.980272657497847
1094,13004,"s14","m0",-0.368088036864997,-0.410329393902342,0.424126820684425,1.62804874173191
1095,13020,"s14","m0",-0.161998935479889,0.122264758743539,0.470121219185632,0.869416975855328
1096,13035,"s14","m0",-0.215355123738246,-0.146707633286952,0.423441026972418,0.724386419938184
1097,13037,"s14","m0",-0.242544859403106,-0.13996192346528,0.316837342989902,1.01307048334711
1098,13049,"s14","m0",-0.320822865338042,-0.374484256935217,0.302281854464112,1.51700756581467
1099,13065,"s14","m0",-0.341733204137746,-0.290415421142752,0.3511349546216,1.66039329727341
1100,13068,"s14","m0",-0.222128532596998,0.0392719133155381,0.427041193737132,1.07359726414956
1101,13072,"s14","m0",-0.421630698818734,-0.39404450445921,0.367312171844733,1.72265384210152
1102,13081,"s14","m0",-0.316052470871378,-0.234381896498443,0.489306899422091,1.50629933908591
1103,13090,"s14","m0",-0.290921175106249,-0.123489967148139,0.447309116487042,1.30478540903093
1104,13100,"s14","m0",-0.31927022380451,-0.281459368643359,0.30250640985053,1.37798153097982
1105,13111,"s14","m0",-0.468075607667539,-0.826172175573013,0.234438409238192,1.74848276927795
1106,13131,"s14","m0",-0.269152706541536,-0.0466038572642094,0.48743863876895,1.28129827476252
1107,13146,"s14","m0",-0.267785268813157,-0.364973005480551,0.493283473590914,1.2548960948
1108,13157,"s14","m0",-0.221804132012957,-0.0889017649387293,0.465212590547861,1.05053076271115
1109,13159,"s14","m0",-0.250757308572558,0.0227102657253431,0.377159847420284,1.09382451208607
1110,13169,"s14","m0",-0.167292828495016,0.010512980907603,0.573853751762904,0.941287376338481
1111,13201,"s14","m0",-0.293153773074823,-0.0222489531528311,0.352435099634139,1.2669235781461
1112,13202,"s14","m0",-0.252750458568183,-0.0472132760404909,0.415358553096092,1.22284289723795
1113,13205,"s14","m0",-0.136410991584033,-0.0261233819380036,0.549963020996265,0.859966509101561
1114,13206,"s14","m0",-0.368709295342217,-0.224388062921745,0.321565895647107,1.55097444688091
1115,13218,"s14","m0",-0.371681499480978,-0.312539845318132,0.321290513463031,1.67043724347003
1116,13249,"s14","m0",-0.241111219414744,-0.253716576564353,0.568906835159236,0.980203260822149
1117,13258,"s14","m0",-0.285115287599885,-0.217354426765748,0.285637599731386,1.22426934831129
1118,13263,"s14","m0",-0.350668537791739,-0.151964823135513,0.36944117870462,1.55575758692344
1119,13265,"s14","m0",-0.348654198105724,-0.336490606362962,0.311508890681969,1.47500263777149
1120,13280,"s14","m0",-0.370565715245782,-0.5790750877136,0.36198552091942,1.34872536835507
1121,13321,"s14","m0",-0.216950363349332,-0.166520395416609,0.510001729713535,1.14035844021545
1122,13325,"s14","m0",-0.303214351271508,-0.114844826372723,0.424295249625332,1.37984670840916
1123,13331,"s14","m0",-0.289113193300383,-0.228802063466064,0.422791009956157,1.17931470481497
1124,13337,"s14","m0",-0.310001410651516,0.0328775772712644,0.413941799604232,1.19474040909613
1125,13341,"s14","m0",-0.346533981672543,-0.336234143807866,0.400989285187168,1.50141032820992
1126,13345,"s14","m0",-0.364018061621683,-0.0342101894590907,0.449422802214809,1.51559966647463
1127,13357,"s14","m0",-0.332613590828836,-0.322617328132806,0.384696875227175,1.21327004598062
1128,13363,"s14","m0",-0.338519798011748,-0.391230225319827,0.382151672883139,1.27415652763083
1129,13381,"s14","m0",-0.289918566073175,-0.166872639002748,0.461479812836132,1.48301388995905
1130,13385,"s14","m0",-0.267642089771349,-0.249867936007689,0.556278271822135,1.38321183467658
1131,13386,"s14","m0",-0.445525817804022,-0.533924244926043,0.386105585841271,1.75795259593336
1132,13435,"s14","m0",-0.191466400650019,0.0164677405939779,0.615025475168172,1.27562591021171
1133,13440,"s14","m0",-0.250258013217683,-0.0904293421216452,0.51666193249553,1.14820424352349
1134,13447,"s14","m0",-0.411529327419235,-0.294149591243002,0.179084902549853,1.61624214682753
1135,13449,"s14","m0",-0.327521375758272,-0.384278447505366,0.440825013851209,1.14568610766666
1136,13451,"s14","m0",-0.272500282396572,-0.0884232504432563,0.42720203848232,1.31881389815133
1137,13467,"s14","m0",-0.305487958939453,-0.115310596169779,0.411941469551681,1.39236340429423
1138,13475,"s14","m0",-0.373688620264141,-0.251057207146778,0.343032460360161,1.39223117293221
1139,13483,"s14","m0",-0.163895095476424,-0.0305915848909531,0.556768281863312,1.0411297987446
1140,13486,"s14","m0",-0.294603286618802,-0.252487410504029,0.449962938564576,1.16179241868282
1141,13488,"s14","m0",-0.304274886759122,-0.224608560518949,0.455297062178164,1.32978154670298
1142,13498,"s14","m0",-0.300733752925991,-0.462360778865262,0.452932992607063,1.39720409727494
1143,13509,"s14","m0",-0.323735821400486,-0.280055269888848,0.47947367109401,1.25089489480663
1144,13532,"s14","m0",-0.196618970155253,0.166997706544779,0.448837977217785,1.01133701134401
1145,13543,"s14","m0",-0.271495813539638,-0.376055516358387,0.491132794841928,1.08158104895215
1146,13550,"s14","m0",-0.125265776499132,0.137125621130471,0.577784677457883,0.871615629114345
1147,13567,"s14","m0",-0.348713881755823,-0.0803687477402689,0.227991210347865,1.58280927009236
1148,13579,"s14","m0",-0.19286580841863,-0.0582683277732104,0.499393097460119,1.03396215571793
1149,13592,"s14","m0",-0.339677271095506,-0.348876619089188,0.393412463464607,1.37636684485952
1150,13593,"s14","m0",-0.209809722659369,-0.31580629284764,0.536389725503489,0.999279024043215
1151,13617,"s14","m0",-0.327486934897559,-0.273799426217158,0.453870278383892,1.47307219568687
1152,13625,"s14","m0",-0.38254569559711,-0.294510511505852,0.319863248545988,1.62659147993481
1153,13631,"s14","m0",-0.36757377443096,-0.228738853678668,0.324301566028806,1.51902431965564
1154,13639,"s14","m0",-0.261039272268786,-0.108266780994627,0.375688439240779,1.19373413870974
1155,13642,"s14","m0",-0.238870643130089,-0.0614649830356776,0.53207957562731,1.14521584122569
1156,13658,"s14","m0",-0.312630773110138,-0.186518290915483,0.205495233971893,1.23333747473588
1157,13666,"s14","m0",-0.236985339234613,0.0428320147238683,0.486434269703939,1.14197639229551
1158,13690,"s14","m0",-0.218947005329949,-0.0500676961766285,0.489462815780518,1.11350279906937
1159,13702,"s14","m0",-0.206554424438957,-0.135679914560288,0.577002039844231,0.875654402346284
1160,13717,"s14","m0",-0.395845249869341,-0.448514618783133,0.215500762257737,1.64389407272017
1161,13726,"s14","m0",-0.218693412519315,-0.0990953875959665,0.530590959890411,1.07084424781676
1162,13746,"s14","m0",-0.315933030215568,-0.567979276203821,0.448907087234462,1.41358060148288
1163,13797,"s14","m0",-0.285475938724016,-0.266119499596494,0.385338615160245,1.22702407816141
1164,13798,"s14","m0",-0.279138919087102,-0.0306724426254204,0.512917522033662,1.27164196307016
1165,13814,"s14","m0",-0.217264327484623,-0.171227854974445,0.516458576855051,1.11721049270843
1166,13820,"s14","m0",-0.278044527449651,-0.222531993953292,0.403641564523492,1.27171619468478
1167,13824,"s14","m0",-0.165893277672579,0.0715048667908482,0.533323855571057,0.663117948257314
1168,13828,"s14","m0",-0.30485448917949,-0.226171974498804,0.345108325745018,1.05688478070599
1169,13858,"s14","m0",-0.345432149531482,-0.352896849293044,0.354626845766094,1.5434900804093
1170,13869,"s14","m0",-0.149622601371671,-0.126248702349185,0.617195282239616,0.901989225263822
1171,13875,"s14","m0",-0.331529916682139,-0.2321361365768,0.385988028075467,1.18824704104613
1172,13890,"s14","m0",-0.187303304109541,-0.17302872379942,0.540616073639141,0.707005212913439
1173,13891,"s14","m0",-0.326710713538612,-0.541533619476778,0.351534610484131,1.24469248262652
1174,13915,"s14","m0",-0.294108212055912,-0.224573784101236,0.397501363924969,1.30282688821119
1175,13925,"s14","m0",-0.360702134592557,-0.31405158420028,0.349129042731273,1.45887944261688
1176,13926,"s14","m0",-0.294759061262288,-0.167019017560534,0.365460519157036,1.17981904358326
1177,13930,"s14","m0",-0.255343902392245,-0.319907330577332,0.353844527570847,1.02201479578721
1178,13940,"s14","m0",-0.151600484134001,-0.116049992707754,0.490558710022436,0.685161070722711
1179,13954,"s14","m0",-0.249478639761871,-0.0654944607001129,0.540075673036206,1.33621330561276
1180,13968,"s14","m0",-0.318282651699279,-0.516890213373606,0.337146951050998,1.31080809303653
1181,13976,"s14","m0",-0.272346917791089,-0.39911126592578,0.573291136095018,1.13984748710003
1182,14025,"s14","m0",-0.295432548192136,-0.290241230978216,0.359241823323819,1.34804638227208
1183,14029,"s14","m0",-0.204853949941582,0.0608377012636332,0.523666211965061,0.896585717383573
1184,14031,"s14","m0",-0.369972162900969,-0.46046144076304,0.330592938806362,1.40779775904993
1185,14043,"s14","m0",-0.300701000471631,-0.401122888821097,0.426558795506088,1.38773285376009
1186,14049,"s14","m0",-0.280606885108098,-0.1947352189452,0.358804025528024,1.2615335467328
1187,14076,"s14","m0",-0.249140845656124,0.0848168823071478,0.464815966371373,1.25062554617013
1188,14087,"s14","m0",-0.291213393706154,-0.125225826852654,0.395266278930289,1.29282975917888
1189,14105,"s14","m0",-0.347092202498964,-0.121730908101581,0.332886567084834,1.71625078802671
1190,14118,"s14","m0",-0.24580602596562,-0.285324055869604,0.380875277845608,1.04967146883984
1191,14130,"s14","m0",-0.370054241493035,-0.451986537980866,0.203948597375645,1.28905452312293
1192,14137,"s14","m0",-0.328705215983894,-0.160430585113796,0.435287798875725,1.70118483184001
1193,14142,"s14","m0",-0.292483825401773,-0.222536959145875,0.534554542704226,1.26787099338308
1194,14147,"s14","m0",-0.261585084171561,0.0538313728294478,0.36444052752284,1.03603980654027
1195,14164,"s14","m0",-0.353531460428156,0.0206157859090863,0.308485930649769,1.60688954998456
1196,14175,"s14","m0",-0.202635531852684,0.0826856048636622,0.505046066697903,1.12337152775349
1197,14198,"s14","m0",-0.409503190864817,-0.337436928435051,0.350362760763801,1.92991480849735
1198,14202,"s14","m0",-0.26184000377442,-0.120590632904866,0.431537349050044,1.16875558077894
1199,14204,"s14","m0",-0.326078166804258,-0.193088449874561,0.356865096421605,1.26467165834577
1200,14207,"s14","m0",-0.303300821529195,-0.375732562901129,0.358163938273529,1.2062886318327
1201,14209,"s14","m0",-0.255028730329462,-0.0684324966296799,0.52781126421464,1.07890651629251
1202,14212,"s14","m0",-0.312322698008043,-0.345761739159952,0.35671645104764,1.34815619046406
1203,14213,"s14","m0",-0.324417058921876,-0.327889785444573,0.325858177366268,1.30155606407488
1204,14224,"s14","m0",-0.214728172366624,-0.00985269484865442,0.504899316685995,1.06182916643807
1205,14238,"s14","m0",-0.357946166097707,-0.570582439506402,0.305901961576002,1.4203514083441
1206,14245,"s14","m0",-0.342387994923791,-0.224393911555378,0.388058004821337,1.33582231633278
1207,14246,"s14","m0",-0.315709092702386,-0.152512035834517,0.340010993488723,1.40503343615362
1208,14251,"s14","m0",-0.372651054494823,-0.0989955342834667,0.376398918602911,1.54629041187652
1209,14253,"s14","m0",-0.286320544882673,-0.167567979368135,0.459050027470706,1.55392575526119
1210,14280,"s14","m0",-0.26100709881196,-0.279938094345941,0.429115641185399,1.13211575039588
1211,14281,"s14","m0",-0.173312302036375,0.0198845169189713,0.568773491580703,1.01484816956887
1212,14292,"s14","m0",-0.309200423257953,-0.248437170202034,0.256278597853307,1.34890517085961
1213,14295,"s14","m0",-0.322453723370153,-0.0405039040454369,0.391895379651654,1.38056922610107
1214,14319,"s14","m0",-0.244715664740321,0.173261137538801,0.422101806798508,1.28865789852324
1215,14337,"s14","m0",-0.303403351382704,-0.410645751961659,0.409832251620688,1.36754908583146
1216,14338,"s14","m0",-0.339836445378356,-0.270585369164228,0.46287115007229,1.38822247488281
1217,14359,"s14","m0",-0.25930869707702,-0.188607983518843,0.392154944049066,1.31537726559707
1218,14377,"s14","m0",-0.181461257024719,-0.0985880399935849,0.572848822369653,0.842677060945689
1219,14378,"s14","m0",-0.389107470594242,-0.542651199357595,0.28889691893519,1.49799978469445
1220,14405,"s14","m0",-0.210260847427292,-0.0466449828158229,0.493935009464136,0.859181522927351
1221,14408,"s14","m0",-0.311582842914177,-0.330293797818693,0.477155703007268,1.42087848972277
1222,14409,"s14","m0",-0.274418976318328,-0.284121415882812,0.419513960019735,1.25667799566557
1223,14419,"s14","m0",-0.29774780770228,-0.404479379590954,0.410101166851223,1.29567413568823
1224,14440,"s14","m0",-0.304958591834552,-0.0821963405629837,0.367866444604406,1.3441189761381
1225,14449,"s14","m0",-0.295081834274299,-0.0441719137266977,0.358542157689026,1.09847268996054
1226,14450,"s14","m0",-0.385965590886226,-0.255256521403122,0.331714127048062,1.86506648121333
1227,14456,"s14","m0",-0.270973252523221,-0.178609449144883,0.414828524642008,1.28407801533272
1228,14465,"s14","m0",-0.338836782568576,-0.358421485222362,0.394293915295037,1.51313713518751
1229,14479,"s14","m0",-0.311241493432505,-0.299556177090519,0.423605502429049,1.43246026582629
1230,14491,"s14","m0",-0.346310421882899,-0.0602640508375051,0.432975199138736,1.57348258048481
1231,14523,"s14","m0",-0.231471424624245,0.0116531438040702,0.417120983071565,0.967117697063157
1232,14529,"s14","m0",-0.399004365087702,-0.467175802171649,0.333745505466199,1.72809305335736
1233,14534,"s14","m0",-0.419571829573449,-0.772520568065848,0.196935927282789,1.72853663112597
1234,14536,"s14","m0",-0.330837209284386,-0.136822150483558,0.473605420027517,1.52083488775436
1235,14560,"s14","m0",-0.243355732712954,-0.138792896487104,0.4884708366197,1.01684118687105
1236,14565,"s14","m0",-0.228620825736541,-0.00693408523579853,0.552631746398721,1.1910571305049
1237,14611,"s14","m0",-0.37554538797006,-0.495982207416321,0.291569190736064,1.45617922865363
1238,14615,"s14","m0",-0.319460629218838,-0.219627853468008,0.402562731473658,1.47152722029152
1239,14631,"s14","m0",-0.260316887269703,-0.147670970603743,0.26580631011984,1.07846103478742
1240,14655,"s14","m0",-0.297614514690905,-0.130240749383096,0.353206499790311,1.17741189327994
1241,14673,"s14","m0",-0.254720050433575,-0.246985943667753,0.371893356843669,1.0802574796474
1242,14674,"s14","m0",-0.207809018207535,-0.217116727442721,0.527119192820347,1.11254121489188
1243,14679,"s14","m0",-0.279617279500253,-0.171615903076536,0.350271269354745,1.10640527042421
1244,14684,"s14","m0",-0.257266836351158,-0.0637823530731587,0.500437778476414,1.09290226798316
1245,14697,"s14","m0",-0.275476856531994,-0.178426682333843,0.440012393422666,1.27438502973459
1246,14699,"s14","m0",-0.266570265292109,-0.22125369211196,0.42856461096784,1.12600489291861
1247,14723,"s14","m0",-0.303476155028167,-0.299399175689783,0.305388373186199,1.25156253906929
1248,14726,"s14","m0",-0.235473647236547,-0.0247490394293251,0.494071376265598,1.11534724880832
1249,14729,"s14","m0",-0.273534800948987,-0.400171100815915,0.33057346657313,1.12777603281621
1250,14736,"s14","m0",-0.111312333252398,-0.0243730862455879,0.579974215068037,0.616092306933871
1251,14745,"s14","m0",-0.346911518256207,-0.223544822967992,0.345127874220972,1.56899238451271
1252,14764,"s14","m0",-0.265512206031553,-0.115119785923008,0.460099928066146,1.24293523478394
1253,14781,"s14","m0",-0.336686740958936,-0.546685478035654,0.326385055734655,1.1275795190777
1254,14790,"s14","m0",-0.254722117471107,-0.246330641469627,0.369998840837827,1.07009297270997
1255,14851,"s14","m0",-0.206694599138697,-0.0118722982224785,0.488753332928709,1.08506122832006
1256,14857,"s14","m0",-0.252098108922172,-0.224346295453662,0.527484224724374,1.02976948279599
1257,14865,"s14","m0",-0.363035271984712,-0.265324425190697,0.374215630022229,1.42139170490573
1258,14877,"s14","m0",-0.211688305293279,0.0278188637111189,0.43374385129529,1.02071394880871
1259,14879,"s14","m0",-0.282442068845124,-0.0455975764583654,0.464333310625024,1.28284897329789
1260,14881,"s14","m0",-0.284945714215116,-0.242477117699443,0.319262439713503,1.28413928112125
1261,14882,"s14","m0",-0.191911964600351,0.264409602760878,0.472373643689241,0.983353877887124
1262,14883,"s14","m0",-0.266672005090185,-0.178376823369779,0.503138503672545,1.22758757879392
1263,14907,"s14","m0",-0.230428079927777,-0.124814897292189,0.449105387935288,0.968798806248136
1264,14932,"s14","m0",-0.307533057492859,-0.46186036724722,0.423229603962204,1.46619090202785
1265,14934,"s14","m0",-0.371634190438303,-0.345909783936676,0.257433644390986,1.55644887766229
1266,14956,"s14","m0",-0.28564360675057,-0.309043210450305,0.443301995638582,1.32839987678449
1267,14966,"s14","m0",-0.326366893896805,-0.303042399389174,0.269521005310756,1.49509157864033
1268,14980,"s14","m0",-0.371078077109902,-0.605184459933381,0.352813287866106,1.76607090071259
1269,14985,"s14","m0",-0.24680650014614,0.0554708198959498,0.473245745220789,1.14705371205398
1270,14988,"s14","m0",-0.245456894545441,-0.0217402047493399,0.423436882223737,1.15234124296536
1271,15021,"s14","m0",-0.265628293696791,-0.236567491561822,0.449364801856993,1.19355114651701
1272,15030,"s14","m0",-0.366890473487218,-0.194206560040166,0.350321301688185,1.83139035052651
1273,15039,"s14","m0",-0.120751288416789,-0.0334468953456877,0.580640339339284,0.459142405132225
1274,15045,"s14","m0",-0.19705040016804,-0.0166918467460944,0.514537014436652,0.951208110618385
1275,15047,"s14","m0",-0.395753200599524,-0.63241215838107,0.357204155149937,1.62091577286301
1276,15049,"s14","m0",-0.26765943858635,-0.435087700039822,0.415454327091559,1.12025159139448
1277,15053,"s14","m0",-0.397819176042878,-0.410528509280124,0.354393286249229,1.42637236100742
1278,15059,"s14","m0",-0.29725901301758,-0.0161370396492486,0.464814192907054,1.57329143306968
1279,15126,"s14","m0",-0.303981710056018,-0.187378549933405,0.439635931593395,1.39499741223038
1280,15134,"s14","m0",-0.222809913558095,0.0951066809823787,0.51434132223338,1.07654256233796
1281,15141,"s14","m0",-0.160218386584433,-0.135311516051395,0.505290219170079,0.832394941086716
1282,15144,"s14","m0",-0.277855495883847,-0.15009445015069,0.468444599789247,1.28759051381632
1283,15149,"s14","m0",-0.304260464805005,-0.145100688350611,0.379035955067717,1.24770904062873
1284,15166,"s14","m0",-0.181908067006784,0.187406920898314,0.594188475414517,0.966868712932242
1285,15170,"s14","m0",-0.33486628386292,-0.457557125823565,0.366423741019596,1.40373939582764
1286,15175,"s14","m0",-0.39103293121926,-0.434986564546306,0.338871691228387,1.53368865395362
1287,15185,"s14","m0",-0.208345495679793,-0.072717217431195,0.391221759824152,0.956392200172604
1288,15210,"s14","m0",-0.315915149039967,-0.484550356481952,0.47748197593916,1.37524570710598
1289,15218,"s14","m0",-0.270844850216623,0.0379787574287752,0.474590413358442,1.18373942618465
1290,15219,"s14","m0",-0.119249645599264,0.212318525396593,0.559757808529411,0.683438953669415
1291,15220,"s14","m0",-0.311340828045676,-0.124946863721734,0.446385076654456,1.31497692136826
1292,15221,"s14","m0",-0.256883400950126,-0.0498595060867827,0.292627704568896,1.07180520335883
1293,15228,"s14","m0",-0.265515900518213,-0.289299080053733,0.415339636138353,1.30708413827884
1294,15249,"s14","m0",-0.272320009462063,-0.00974684445829517,0.426141418113117,1.31093094198888
1295,15253,"s14","m0",-0.240904703779619,-0.221895920637784,0.502318687966178,1.04761955749897
1296,15258,"s14","m0",-0.305137198967083,-0.211854519741507,0.323915625510236,1.34715157998836
1297,15272,"s14","m0",-0.279446135396633,-0.120807310172114,0.531874027801609,1.37353634193889
1298,15290,"s14","m0",-0.294828257607532,-0.102783972152929,0.411475831996828,1.35087477003726
1299,15314,"s14","m0",-0.364416845896796,-0.27807911529201,0.203455356909169,1.29960175107414
1300,15344,"s14","m0",-0.315715835951882,-0.303759472431417,0.324507664856722,1.41012396176096
1301,15347,"s14","m0",-0.193122929424042,0.0181981447656365,0.571455846138323,1.14254801838336
1302,15350,"s14","m0",-0.314050803747459,-0.497373232011524,0.337993451805645,1.42955650369815
1303,15364,"s14","m0",-0.276529406417344,-0.15034918157361,0.43670727845482,1.26474842244238
1304,15368,"s14","m0",-0.326262129409064,-0.427115575002039,0.246283257359919,1.38733669916634
1305,15377,"s14","m0",-0.390347304888862,-0.410991727137817,0.340320574348666,1.92137248240209
1306,15397,"s14","m0",-0.295680386141133,-0.210697818750882,0.318483321265102,1.19445643283575
1307,15400,"s14","m0",-0.178179312756285,-0.0607551151327945,0.404076430124162,0.893289732511642
1308,15426,"s14","m0",-0.250336948769309,-0.101119957458421,0.564137660962805,1.18680160760273
1309,15441,"s14","m0",-0.307020938638467,-0.368310589451138,0.342799070811294,1.48003804419306
1310,15445,"s14","m0",-0.262224500077639,0.0010740465371949,0.406887367043696,1.18637026092858
1311,15458,"s14","m0",-0.365226755163135,-0.516042584091619,0.406480564809593,1.48247179394399
1312,15459,"s14","m0",-0.318946391969876,-0.310670626117571,0.438069404439665,1.32295434031492
1313,15470,"s14","m0",-0.31355918510636,-0.665622155188908,0.357992080564986,1.28827663611362
1314,15479,"s14","m0",-0.216880557971095,0.0349685437528283,0.406690996330254,0.72554328320773
1315,15480,"s14","m0",-0.362954920567173,-0.342062544397722,0.374994276955407,1.65387814351195
1316,15486,"s14","m0",-0.297588440509105,-0.16607624482515,0.40255175285886,1.34325737188392
1317,15490,"s14","m0",-0.381467003456642,-0.324936663500539,0.287776222688436,1.60841641612097
1318,15532,"s14","m0",-0.345651781499477,-0.302276178404355,0.46832948983709,1.57493935333184
1319,15533,"s14","m0",-0.322285659280966,-0.123026588999376,0.402577705974848,1.45652507263622
1320,15549,"s14","m0",-0.323085496759629,-0.327553521430933,0.449333986102231,1.35811866727798
1321,15551,"s14","m0",-0.260808114950104,0.0356905810921829,0.560847651402941,1.24621158253005
1322,15556,"s14","m0",-0.25078545013279,-0.0294764041151611,0.457734364162498,1.13027952171527
1323,15563,"s14","m0",-0.325944541674562,-0.161511538008747,0.34978379921199,1.51619513380506
1324,15577,"s14","m0",-0.246987687392246,-0.1797545697974,0.51854305798927,1.27084930645737
1325,15578,"s14","m0",-0.181142889629957,0.056730574537425,0.453655576382822,0.876407902688361
1326,15585,"s14","m0",-0.20017043172662,-0.0971689119085565,0.537966009354322,0.934493110389886
1327,15606,"s14","m0",-0.177079840670865,-0.00668277443956151,0.523402415095846,0.928324084247887
1328,15610,"s14","m0",-0.266328518801431,-0.104112704530729,0.399802504516479,1.32386931036633
1329,15612,"s14","m0",-0.28349632498004,-0.268476933560149,0.416952852802787,1.1299127702965
1330,15616,"s14","m0",-0.198673905457644,-0.0762421110067079,0.466486304795286,0.939581217899526
1331,15626,"s14","m0",-0.235088635325561,-0.204240433297055,0.461601684420529,1.18265165630762
1332,15633,"s14","m0",-0.331842169490841,-0.147645870941644,0.386197400761749,1.40180017180718
1333,15635,"s14","m0",-0.291547591612518,-0.217312833682778,0.417387043615876,1.45731321780925
1334,15638,"s14","m0",-0.302522491344576,-0.525127619562093,0.483860644712559,1.13208373784557
1335,15647,"s14","m0",-0.296600131694037,-0.15290226424515,0.450243313736766,1.43130511083367
1336,15658,"s14","m0",-0.218254840782262,0.0381008112654614,0.445834245111162,1.15080398128178
1337,15675,"s14","m0",-0.295278508578829,-0.00220827259060029,0.39659762934843,1.30381058976798
1338,15678,"s14","m0",-0.358950798090853,-0.312382096654909,0.357647799785549,1.71876515338728
1339,15683,"s14","m0",-0.422777659684641,-0.77159559888968,0.21356253777004,1.8202485660165
1340,15687,"s14","m0",-0.306163575711982,-0.0755854239459393,0.329752474662974,1.47496443831444
1341,15714,"s14","m0",-0.268955026119555,-0.335600436345618,0.385491014433472,1.11803526125973
1342,15728,"s14","m0",-0.345425873723658,-0.180225720326065,0.436745814484797,1.49020088272043
1343,15731,"s14","m0",-0.260979555510885,-0.22261190470694,0.335419030571034,1.18860352971896
1344,15744,"s14","m0",-0.280947643956813,-0.148474032725313,0.387385310440285,1.22306156659625
1345,15747,"s14","m0",-0.342586156697569,-0.313553915076406,0.306898776820174,1.25069108423412
1346,15758,"s14","m0",-0.355817822797202,-0.362154979134149,0.253633442226988,1.51851935895217
1347,15778,"s14","m0",-0.309846407370238,-0.453467198400097,0.37517586796796,1.1641374388189
1348,15788,"s14","m0",-0.30446080530829,-0.220696164102751,0.456308664260435,1.15261179872197
1349,15800,"s14","m0",-0.220620341976002,-0.0432072398525414,0.380249497924926,1.02003647060548
1350,15833,"s14","m0",-0.381417486559741,-0.264867910994258,0.290761642069196,1.79125362934643
1351,15842,"s14","m0",-0.258292997134617,-0.0980563763856616,0.379928871943635,0.985737182421177
1352,15847,"s14","m0",-0.429701669234588,-0.431979035117813,0.170316772050663,1.70521110742949
1353,15863,"s14","m0",-0.337922588217136,-0.126993406341303,0.391195989479923,1.51644176845731
1354,15866,"s14","m0",-0.250567075862183,-0.216909638298397,0.305869078298461,1.30301090848723
1355,15871,"s14","m0",-0.328932732888217,-0.302445659502483,0.448291180100132,1.41671986900042
1356,15874,"s14","m0",-0.158509241422552,0.0305647347039249,0.580941543270603,0.815136672625638
1357,15876,"s14","m0",-0.243677057598948,0.041259500921136,0.563479587609493,1.29007684753172
1358,15880,"s14","m0",-0.318169826968719,-0.12958779894972,0.389845205118243,1.38696332709658
1359,15884,"s14","m0",-0.27745751818018,-0.000594537746202568,0.364809002302894,1.26277851666041
1360,15900,"s14","m0",-0.303944942116308,-0.169212452398688,0.449963670078099,1.37780682181502
1361,15916,"s14","m0",-0.220763255020123,-0.0617043618850934,0.496646405409979,1.0569858850797
1362,15923,"s14","m0",-0.197510432321321,0.103410901053291,0.479190200107575,0.820210216872025
1363,15940,"s14","m0",-0.251430667738866,-0.206472344074815,0.479676226750436,1.17122477961523
1364,15942,"s14","m0",-0.356591543527783,-0.375014048282895,0.240754192548917,1.50365264431788
1365,15957,"s14","m0",-0.24253267457997,0.121082306553354,0.463877050547251,1.19949795408927
1366,15963,"s14","m0",-0.329965202077693,-0.325701192006591,0.41054714249005,1.40325184131358
1367,15966,"s14","m0",-0.268343998771297,-0.0985021563427383,0.476078457830106,1.30262453021075
1368,16004,"s14","m0",-0.372403206830461,-0.58316197048186,0.339577059660771,1.45630500796205
1369,16010,"s14","m0",-0.383083622163714,-0.294023959478882,0.1864688188683,1.71838275874877
1370,16017,"s14","m0",-0.197446194445877,0.0925470903117462,0.544711882983693,0.956167253700568
1371,16021,"s14","m0",-0.224190304962164,-0.19705101494736,0.499779143804253,1.05732398085165
1372,16030,"s14","m0",-0.290329724146252,-0.256149582556195,0.301822215264594,1.15066070979701
1373,16040,"s14","m0",-0.268914663543895,-0.256967146377782,0.419828582620498,1.21419197478931
1374,16044,"s14","m0",-0.271225563016781,0.122702224568595,0.397784408432695,1.01195308447327
1375,16050,"s14","m0",-0.301448896249702,-0.490775456948793,0.378726924452004,1.30913196128604
1376,16054,"s14","m0",-0.145357806779054,0.00356037416753067,0.49220605711532,0.790206248008448
1377,16064,"s14","m0",-0.290737516037867,-0.255533622993211,0.457146558444048,1.23535362796792
1378,16075,"s14","m0",-0.234246364560699,-0.0091231370638521,0.40893097911357,1.17115091338849
1379,16080,"s14","m0",-0.217936954279439,-0.243696796225069,0.521489485550591,0.856299530884256
1380,16094,"s14","m0",-0.297346054770279,-0.29160643238831,0.428848028665514,1.4190477759544
1381,16133,"s14","m0",-0.280792589286265,-0.101387254463269,0.414235405586571,1.36513588675706
1382,16150,"s14","m0",-0.239971418925408,0.0690215412579654,0.392244392752048,1.38384848802039
1383,16163,"s14","m0",-0.2687485341849,-0.0140352649027033,0.527969176222162,1.28897856458878
1384,16164,"s14","m0",-0.334656587542013,-0.412422726600876,0.403082703809829,1.42150985350592
1385,16169,"s14","m0",-0.25173151599698,0.0411025025348919,0.374856968097027,1.13929549605059
1386,16175,"s14","m0",-0.31812006656208,-0.567870119150998,0.325780435487317,1.29558119066712
1387,16199,"s14","m0",-0.34374552291683,-0.276946759439092,0.254409135967503,1.3114096948152
1388,16203,"s14","m0",-0.269204046266174,-0.117586085589706,0.531483857733274,1.01485232058931
1389,16216,"s14","m0",-0.290819641238128,-0.292458166785678,0.51576978115557,1.33022091034255
1390,16217,"s14","m0",-0.350941533012254,-0.326607388742283,0.413452184371146,1.66380045419441
1391,16222,"s14","m0",-0.258760074059883,-0.173843136214807,0.475689775524211,1.15002476337228
1392,16229,"s14","m0",-0.354568132294757,-0.495745381434089,0.327982930090321,1.66863975828554
1393,16244,"s14","m0",-0.267915742532324,-0.287372077629938,0.405840784844646,1.29910676883022
1394,16260,"s14","m0",-0.25164242444722,0.0706297681794318,0.440199072939503,1.18596530067551
1395,16278,"s14","m0",-0.270719117906302,-0.281457517521391,0.44176618220618,1.26803578920915
1396,16280,"s14","m0",-0.325227045286725,-0.498115180445556,0.357254565719637,1.28654708408124
1397,16281,"s14","m0",-0.219991646215675,0.0141550386562023,0.476867237338127,1.06963496010571
1398,16283,"s14","m0",-0.340005650305298,-0.275883856404358,0.462023858908396,1.63926420433474
1399,16302,"s14","m0",-0.28576312905704,-0.24628971828994,0.445557999148723,1.10436579524658
1400,16334,"s14","m0",-0.28272226402199,-0.298827055127775,0.44831027669477,1.13095824867068
1401,16383,"s14","m0",-0.28975054785243,0.075339201708979,0.468512623176756,1.5414651019719
1402,16385,"s14","m0",-0.287454321908818,-0.235378589669708,0.451032486073436,1.15737698721562
1403,16402,"s14","m0",-0.25967809840796,-0.106378005099776,0.536028286665669,1.23526760929681
1404,16427,"s14","m0",-0.380722162288573,-0.756885113744887,0.346571857189148,1.69059378150885
1405,16432,"s14","m0",-0.32269715924577,-0.538438586362688,0.429213693515206,1.50547720866684
1406,16443,"s14","m0",-0.265538867790143,-0.319035913111991,0.407763330794119,0.980683579623158
1407,16445,"s14","m0",-0.360061636414219,-0.399111235938256,0.367296867019866,1.5358605800613
1408,16446,"s14","m0",-0.282111035951726,-0.0445176242378161,0.328753988430296,1.25917258311147
1409,16452,"s14","m0",-0.334155294293512,-0.0530105672306067,0.207045322876886,1.42930697785834
1410,16462,"s14","m0",-0.331934185950896,-0.432713264478614,0.420295929099016,1.17238035361631
1411,16472,"s14","m0",-0.234664922664861,-0.00941727244013964,0.504166475013251,1.18680887776263
1412,16475,"s14","m0",-0.282683958698824,-0.336056835220407,0.371023913052025,1.27120791623753
1413,16493,"s14","m0",-0.330304244290647,-0.383996384713503,0.341293747296687,1.48323041786572
1414,16494,"s14","m0",-0.313049042911299,-0.257540620857752,0.371103479734746,1.42485727682977
1415,16503,"s14","m0",-0.264593780885693,-0.168114535623308,0.412143620192124,1.13292800066686
1416,16527,"s14","m0",-0.340697285852181,-0.452965041060794,0.417561051827738,1.54407316731475
1417,16529,"s14","m0",-0.244003231440682,-0.655768922855256,0.469480645242847,1.0682904544945
1418,16535,"s14","m0",-0.23364356086387,-0.00823763940438115,0.54391101013365,1.19748286985396
1419,16550,"s14","m0",-0.336440231802811,-0.254309010119462,0.319369443406142,1.47931760040324
1420,16554,"s14","m0",-0.348591401901844,-0.393419379349564,0.396118460008171,1.16447338310591
1421,16555,"s14","m0",-0.33607027877334,-0.219674717177237,0.202849597960086,1.42197391708829
1422,16563,"s14","m0",-0.289032576163993,0.0254134040483637,0.437180817221429,1.22693114878479
1423,16571,"s14","m0",-0.343773942870648,-0.290586359801848,0.195322533022984,1.39804405639434
1424,16595,"s14","m0",-0.262678126288836,-0.193482781405978,0.458381119337835,1.24637279565361
1425,16599,"s14","m0",-0.302977578822283,-0.067903143217123,0.427389902840857,1.406628451275
1426,16609,"s14","m0",-0.340416208246131,-0.22503518021335,0.367155428327132,1.41479447542073
1427,16629,"s14","m0",-0.310943147512968,-0.194729792164394,0.436685518676289,1.49286086739499
1428,16638,"s14","m0",-0.308504521715161,-0.319225883817265,0.467844730294946,1.38564589340921
1429,16643,"s14","m0",-0.288606332991945,-0.189892310853502,0.477176018017511,1.33864078437185
1430,16647,"s14","m0",-0.342888445988188,-0.372766004158509,0.346236936538827,1.52402529092724
1431,16653,"s14","m0",-0.32534630689998,-0.38713310372053,0.405168353064836,1.35909839128957
1432,16658,"s14","m0",-0.362969115296354,-0.39008001100706,0.446777602595213,1.47140771983535
1433,16661,"s14","m0",-0.338904556354536,-0.194568714782153,0.392844975371129,1.50910688715443
1434,16662,"s14","m0",-0.306368774394908,-0.257909516424678,0.445997221019257,1.4879388385954
1435,16668,"s14","m0",-0.38564921192866,-0.666893818521023,0.382783969822085,1.5532185723178
1436,16673,"s14","m0",-0.265656098178925,-0.0753213318955335,0.427359932008869,1.10047376211982
1437,16713,"s14","m0",-0.166328248890669,0.106277468278332,0.581546126767528,0.792848417438222
1438,16716,"s14","m0",-0.28516440190976,-0.0484124275219954,0.2534189348851,1.35264793771278
1439,16742,"s14","m0",-0.284044130673961,-0.280421174906255,0.481667707457417,1.34155379871034
1440,16753,"s14","m0",-0.270560458820793,-0.155992509013948,0.462348586643208,1.30969954292045
1441,16762,"s14","m0",-0.314276815370961,-0.169165285978926,0.323272930787853,1.35904682965687
1442,16770,"s14","m0",-0.261626305846804,-0.0881593708978552,0.39378674975196,1.1701637589434
1443,16777,"s14","m0",-0.181905262954201,0.029055103252302,0.457454390337145,0.85042459410706
1444,16815,"s14","m0",-0.302422486243939,-0.242816137026292,0.308482859732194,1.17814039227984
1445,16816,"s14","m0",-0.376522544036353,-0.282801764196955,0.360027270391333,1.49403998976487
1446,16836,"s14","m0",-0.342945822771025,-0.315919263923438,0.539919821873645,1.39236254889817
1447,16839,"s14","m0",-0.301118586366557,-0.23572498399552,0.388041836145074,1.19747925218667
1448,16847,"s14","m0",-0.345118111743315,-0.214260700744169,0.349333088536783,1.17672837546255
1449,16850,"s14","m0",-0.333471369411619,-0.143584593182795,0.373316745144957,1.56688816247744
1450,16868,"s14","m0",-0.237400160387929,-0.110867406808693,0.657597127861353,1.11106624908879
1451,16902,"s14","m0",-0.348660640656123,-0.140744908420053,0.297314116513833,1.20004230281482
1452,16905,"s14","m0",-0.243105448984908,-0.153011657087693,0.432883102901594,0.821917562908252
1453,16909,"s14","m0",-0.174299293074619,-0.146481498102934,0.564495003045518,0.735167003018312
1454,16918,"s14","m0",-0.216049595078173,0.160682639485106,0.475306257419674,1.01887189949537
1455,16952,"s14","m0",-0.343379698629604,-0.183553706753664,0.404284493392207,1.58423787713267
1456,16958,"s14","m0",-0.198346694398899,-0.210536970738853,0.560690216566388,0.826956948700297
1457,16969,"s14","m0",-0.231188618668744,-0.239275379474345,0.460286208073898,0.928136403731397
1458,16974,"s14","m0",-0.245175892178628,-0.287164132306255,0.448064249976935,1.20005153595496
1459,16982,"s14","m0",-0.252838634907015,-0.0583559640604043,0.545348323594853,1.11675051359787
1460,16998,"s14","m0",-0.300364215112381,-0.338549374649517,0.389984825783608,1.16115343971579
1461,17028,"s14","m0",-0.348466401270362,-0.616298093604592,0.427083769618583,1.34132614742357
1462,17029,"s14","m0",-0.213053471818587,0.051347582063478,0.530236988412694,1.25093978873885
1463,17032,"s14","m0",-0.314684990249127,-0.300517339394453,0.406595789207141,1.45847575334706
1464,17038,"s14","m0",-0.246120548637299,-0.196556445114668,0.397625717312625,1.08718627708619
1465,17066,"s14","m0",-0.393709470575646,-0.474521965780105,0.25102278126857,1.55719751849123
1466,17070,"s14","m0",-0.196809065155555,-0.0257258810346767,0.495458426486155,0.996724490492264
1467,17081,"s14","m0",-0.291502158273226,-0.291294850162132,0.388133189708479,1.4303558684559
1468,17082,"s14","m0",-0.242401931469596,0.062358161840801,0.416160884232077,1.10946256176138
1469,17096,"s14","m0",-0.366058302157326,-0.354736459139643,0.266090504422178,1.48328768189871
1470,17099,"s14","m0",-0.406458813068188,-0.435361136390895,0.316480010639436,1.70423560198133
1471,17110,"s14","m0",-0.288377377725537,-0.192627138801645,0.383912263276636,1.22407795610485
1472,17116,"s14","m0",-0.330732085811681,-0.278556329318529,0.398360758150129,1.61853118812855
1473,17119,"s14","m0",-0.291048806031485,-0.192249655925149,0.464946792162015,1.28924228408457
1474,17145,"s14","m0",-0.199853508908177,-0.0158475896799812,0.63955094698716,1.02029771841094
1475,17160,"s14","m0",-0.287390519399388,0.0200581883375218,0.383689499272197,1.11494612702592
1476,17172,"s14","m0",-0.337978007489939,-0.286659775838134,0.449819274645556,1.36458237040852
1477,17174,"s14","m0",-0.276770158871091,-0.165969269863953,0.320710018302518,1.1131741661543
1478,17177,"s14","m0",-0.283008580908709,-0.30850993923277,0.466849607701485,1.22155954870968
1479,17182,"s14","m0",-0.244588342191189,-0.0464749199472839,0.424361118085688,1.1236409245119
1480,17183,"s14","m0",-0.262715399755758,-0.224857280110627,0.506226434681696,1.02971912817364
1481,17198,"s14","m0",-0.28972017620938,-0.215502224715165,0.308394883200636,1.13657747666913
1482,17218,"s14","m0",-0.235887589937769,-0.00436593933940534,0.43919868755171,1.20173349774822
1483,17220,"s14","m0",-0.224614043014361,-0.00176399806172422,0.398401527143415,1.14697727098786
1484,17224,"s14","m0",-0.230134768241873,-0.124689287398002,0.472336199562894,1.02505591756397
1485,17237,"s14","m0",-0.248961876295418,-0.0270762886648727,0.408582975235333,1.32639432545532
1486,17241,"s14","m0",-0.298567945743296,-0.474858466315547,0.484293368344473,1.17619736651864
1487,17297,"s14","m0",-0.24884066120222,-0.0209950534683713,0.532737922500816,1.24891273715669
1488,17314,"s14","m0",-0.265797458895681,-0.0960572549256919,0.329057112461821,1.17195844229981
1489,17315,"s14","m0",-0.328805170157576,-0.0960209322263269,0.389018086631075,1.50661332563194
1490,17337,"s14","m0",-0.318526747012018,-0.423589310104822,0.323673596424865,1.35360070938273
1491,17339,"s14","m0",-0.36778536369348,-0.174080654798436,0.230333752331338,1.58144018925948
1492,17367,"s14","m0",-0.290956216285406,0.0176691116672,0.417146984779128,1.39286902407356
1493,17382,"s14","m0",-0.381389683081719,-0.483985794464143,0.28185124267695,1.54610281334636
1494,17383,"s14","m0",-0.397485696098395,-0.508480791425061,0.29079790929727,1.62965193854231
1495,17389,"s14","m0",-0.31198719095592,-0.138066393972721,0.452502484164012,1.45814836364543
1496,17396,"s14","m0",-0.26945995729449,-0.058255692079341,0.531077782882158,1.24972439054583
1497,17412,"s14","m0",-0.350617762454631,-0.353715979347932,0.41389016109313,1.49394175200673
1498,17416,"s14","m0",-0.253295779393292,-0.023267604925239,0.417321383033923,1.19165974928067
1499,17429,"s14","m0",-0.313589445504386,-0.239318639252476,0.42422657204623,1.28945919949891
1500,17454,"s14","m0",-0.224450915913824,-0.00920902144121298,0.456390668197575,1.15392353569533
1501,17461,"s14","m0",-0.311532281445733,-0.425950842967886,0.30365013369578,1.56484096126223
1502,17465,"s14","m0",-0.305622644341744,-0.253482788308763,0.346920539091646,1.24944938266344
1503,17495,"s14","m0",-0.250360798351249,-0.329796369319128,0.465166039657545,1.07048189629079
1504,17499,"s14","m0",-0.318825525739459,-0.456908947332865,0.408080895634815,1.24033278398831
1505,17501,"s14","m0",-0.386335736165696,-0.414480142200536,0.271154765750745,1.48877047616753
1506,17526,"s14","m0",-0.217108035412956,0.101807324266266,0.50037894388578,0.993238621397733
1507,17529,"s14","m0",-0.44247884244407,-0.311609316739268,0.276994395179866,1.94221870977187
1508,17550,"s14","m0",-0.291388565959935,-0.216367539565684,0.438578328765873,1.27682621549925
1509,17561,"s14","m0",-0.315353387798025,-0.251608894348555,0.443777345514576,1.3967754289873
1510,17576,"s14","m0",-0.311236575607366,-0.067687747093926,0.433757101130258,1.37289468316536
1511,17578,"s14","m0",-0.264163128619489,-0.0997431523018283,0.427679898700025,1.26574066602947
1512,17592,"s14","m0",-0.284704161097139,-0.255108502795307,0.384086895247642,1.18442605916114
1513,17637,"s14","m0",-0.267168650962887,0.029786371559809,0.462795640699745,1.36693908947997
1514,17648,"s14","m0",-0.359402495805927,-0.261412305164634,0.313172351958604,1.39328560855632
1515,17654,"s14","m0",-0.380962012221167,-0.319335919642456,0.356759818344033,1.44848781406687
1516,17660,"s14","m0",-0.333806869791935,-0.667932680200523,0.350213637772648,1.48439905890601
1517,17666,"s14","m0",-0.259182226004112,-0.243344867059088,0.355648880051536,1.1532958202483
1518,17671,"s14","m0",-0.325092430524362,-0.546127597784719,0.470189506224964,1.31676704937266
1519,17675,"s14","m0",-0.304127280254382,-0.11651480116648,0.401568055030529,1.25054468207679
1520,17676,"s14","m0",-0.238044439349342,-0.312069210892811,0.529548243576851,1.203136396982
1521,17708,"s14","m0",-0.253362087479334,0.0992388686460854,0.435995479339224,1.21785629976218
1522,17732,"s14","m0",-0.336164330378063,-0.2689029384079,0.350155396894431,1.50196576822448
1523,17754,"s14","m0",-0.385160779608596,-0.431833051486381,0.281670749743721,1.55405516578889
1524,17758,"s14","m0",-0.245713696111022,-0.0817142485699173,0.321001079424067,1.0468306474644
1525,17767,"s14","m0",-0.244683282524248,-0.160225478342151,0.353913275493591,1.21552023007639
1526,17784,"s14","m0",-0.339121485835676,-0.136323841707388,0.316800032270735,1.52040240266673
1527,17790,"s14","m0",-0.299701479885992,-0.188398750736767,0.302920477773862,1.32381871641763
1528,17791,"s14","m0",-0.282937606450433,-0.0850185377260784,0.394678102155283,1.21954027098113
1529,17804,"s14","m0",-0.253473621388272,-0.191759792768295,0.443497152811017,1.11925893403921
1530,17808,"s14","m0",-0.438461079114221,-0.789848917360195,0.269817425542899,1.69498001073452
1531,17822,"s14","m0",-0.408618764962985,-0.479476382331954,0.274616715608099,1.5540926386671
1532,17829,"s14","m0",-0.306897153293358,-0.219915578014641,0.421139752691112,1.35669093599491
1533,17860,"s14","m0",-0.287814871024353,-0.145748313047043,0.468141614135638,1.42299228927134
1534,17861,"s14","m0",-0.273127589414291,-0.149693181532266,0.46949445021809,1.21341865646516
1535,17882,"s14","m0",-0.303513411639989,-0.218761823836245,0.378131536757499,1.35551604003889
1536,17888,"s14","m0",-0.45417313117454,-0.561029888527495,0.368551203937758,1.79843798637237
1537,17930,"s14","m0",-0.223092298969786,-0.103469396520487,0.505966925474404,1.20350880371868
1538,17932,"s14","m0",-0.353756351263915,-0.586942715810703,0.375400151971469,1.61265821279184
1539,17942,"s14","m0",-0.345712884428913,-0.270774564019659,0.342409226471889,1.483707494742
1540,17946,"s14","m0",-0.238708142153205,0.0387728787174115,0.520383792481852,1.09472635928092
1541,17958,"s14","m0",-0.205569800113497,-0.0825559046953617,0.438901807582704,1.1210218812332
1542,17965,"s14","m0",-0.252007005310301,0.175864268093999,0.556138204973208,1.35629846483573
1543,17967,"s14","m0",-0.359925647019923,-0.284790445272607,0.227598502000996,1.53639879692519
1544,17970,"s14","m0",-0.29152420348123,-0.32421310595535,0.365635626680859,1.30686852201711
1545,17972,"s14","m0",-0.254563636429761,-0.131505290661422,0.533681858010541,1.1727563960294
1546,18013,"s14","m0",-0.307879744031677,-0.182041275251142,0.502106601067279,1.25006356116015
1547,18032,"s14","m0",-0.383644039055758,-0.606072544650065,0.406216129722636,1.67537843377492
1548,18052,"s14","m0",-0.270287970675632,-0.196665916727656,0.475930334689548,1.27054269881926
1549,18072,"s14","m0",-0.258042382924692,-0.134174736109972,0.385066162175243,1.12414528188506
1550,18073,"s14","m0",-0.259965741933031,-0.218643651063625,0.516763606420922,1.15408324004472
1551,18086,"s14","m0",-0.288111196186643,0.0140446252875841,0.463732953900297,1.35853908024995
1552,18101,"s14","m0",-0.233746767124172,-0.336035605624692,0.503768768325408,1.0892159771941
1553,18111,"s14","m0",-0.343061347669899,-0.179992685256252,0.439141931086945,1.49210229063514
1554,18118,"s14","m0",-0.326623531428182,-0.248670668924495,0.389476181329439,1.56723299116277
1555,18145,"s14","m0",-0.30517984303181,-0.403501619757586,0.37876163538684,1.35109200349454
1556,18160,"s14","m0",-0.273820664600612,-0.136168928037437,0.503204476817335,1.1844475376507
1557,18171,"s14","m0",-0.209690142580524,-0.150983577102265,0.461047964622439,0.875160706546652
1558,18184,"s14","m0",-0.343041681225935,-0.288319528456313,0.391614329424439,1.43468903431963
1559,18186,"s14","m0",-0.236703161946029,-0.157221165872862,0.402739317541725,1.27286482459262
1560,18187,"s14","m0",-0.286170055275196,-0.131651196494136,0.456310257032538,1.33388304378111
1561,18202,"s14","m0",-0.297444203221901,-0.26695864446206,0.528596868094391,1.22720985501436
1562,18204,"s14","m0",-0.40715237942516,-0.506264456039203,0.271010736476888,1.80173628584566
1563,18205,"s14","m0",-0.361033968634714,-0.293244654322656,0.325100275698432,1.65253196294358
1564,18207,"s14","m0",-0.339806022753388,-0.24544477731501,0.455431764218377,1.48216250519172
1565,18241,"s14","m0",-0.234271227448922,0.169550209778837,0.47223546267871,1.06696859826701
1566,18255,"s14","m0",-0.279647683200755,-0.205060840088644,0.469778436151092,1.35455473691789
1567,18270,"s14","m0",-0.252503427413092,-0.0675279531851221,0.499460661187542,1.1688076725627
1568,18279,"s14","m0",-0.400653026552553,-0.632238957232028,0.283445209568177,1.68169804254224
1569,18282,"s14","m0",-0.318747900014959,-0.110605500879225,0.366427476820968,1.363452310506
1570,18302,"s14","m0",-0.221137303632116,-0.241603469882412,0.496676837820717,1.07740859883307
1571,18311,"s14","m0",-0.333636420482677,-0.261136398447524,0.398315176595039,1.63723373837711
1572,18322,"s14","m0",-0.290429963083399,-0.0727269957581632,0.37226322469265,1.23632767095628
1573,18330,"s14","m0",-0.286258271269515,-0.20953956407289,0.392997289165453,1.28575753451379
1574,18335,"s14","m0",-0.407066989495714,-0.586947774022155,0.134009151073631,1.46893590486701
1575,18338,"s14","m0",-0.273601158915026,0.0271385071622907,0.347731424513154,0.988488074900868
1576,18346,"s14","m0",-0.2361534850572,-0.0661084458082129,0.545387540165414,1.15979784933803
1577,18349,"s14","m0",-0.291290031180846,-0.258749764531979,0.394937492564991,1.40903601201952
1578,18353,"s14","m0",-0.413342027168739,-0.539948624620629,0.333399260826227,1.68440266063722
1579,18375,"s14","m0",-0.347014264809044,-0.447252882133884,0.315898656556891,1.49273542580949
1580,18378,"s14","m0",-0.266429663426319,-0.0182047336071525,0.32062164876445,1.30284173466436
1581,18383,"s14","m0",-0.29527423799923,-0.039052754154695,0.294434438399889,1.17885861406023
1582,18399,"s14","m0",-0.315256464872226,-0.346529298911763,0.364319260909994,1.31940394286788
1583,18421,"s14","m0",-0.1951080483057,0.0286080476932595,0.475864751783184,1.01147620552808
1584,18423,"s14","m0",-0.309456018997044,-0.448678785302188,0.394909267528181,1.24679096066596
1585,18426,"s14","m0",-0.241328684664608,-0.115401522371817,0.512291589735173,1.21940748622602
1586,18428,"s14","m0",-0.318274420805826,-0.164987371151288,0.420911648897308,1.41500136934933
1587,18432,"s14","m0",-0.312170025677558,-0.321995424131399,0.291358001494154,1.31675019381935
1588,18433,"s14","m0",-0.267256511513562,-0.0559643043863995,0.357165341021571,0.96235993077456
1589,18442,"s14","m0",-0.282965459076028,-0.191069175096275,0.382601836415522,1.38438937132445
1590,18444,"s14","m0",-0.393314005406178,-0.878135281272058,0.405276836037498,1.66284358447474
1591,18446,"s14","m0",-0.302398940530446,-0.304209503582619,0.410155801980811,1.06623837413764
1592,18479,"s14","m0",-0.206266039767877,-0.19970051336509,0.418801914256548,0.85658397061303
1593,18494,"s14","m0",-0.25676550786382,-0.102165491201866,0.54562148101683,1.2231385880525
1594,18500,"s14","m0",-0.352525997720158,-0.416723747988588,0.420666287655421,1.45371003724555
1595,18512,"s14","m0",-0.268577162743506,-0.363627699029996,0.571557944852197,1.1574211848189
1596,18519,"s14","m0",-0.293726920553466,-0.189906653969503,0.475986368658363,1.36052102008857
1597,18531,"s14","m0",-0.253325988238391,-0.24969767934891,0.361733101765157,1.08534899123836
1598,18538,"s14","m0",-0.251082763797342,-0.0912978481828341,0.386633073826294,1.37345804372194
1599,18543,"s14","m0",-0.347065462265039,-0.417494735263015,0.436122266177456,1.6507689623544
1600,18569,"s14","m0",-0.240567603087247,-0.00780350037159973,0.434510501121293,1.05852809558772
1601,18575,"s14","m0",-0.306889991773563,-0.273745405968704,0.274566305576359,1.17732779011942
1602,18590,"s14","m0",-0.390440407444487,-0.545425661747593,0.428444836577383,1.4609540801054
1603,18604,"s14","m0",-0.335091278238069,-0.152061641243335,0.325698488845526,1.42980007174625
1604,18625,"s14","m0",-0.359528985550555,-0.140041164510094,0.34914771730721,1.3683777695297
1605,18635,"s14","m0",-0.327867391262009,-0.283589972782917,0.346863619568916,1.54850432471268
1606,18643,"s14","m0",-0.249198270412116,-0.0236469467736122,0.538565470832203,1.25060348808301
1607,18654,"s14","m0",-0.203944617893907,-0.167730438114247,0.577057529010039,0.940863403783573
1608,18671,"s14","m0",-0.363443761477195,-0.277530239362106,0.364279267367972,1.54225627878488
1609,18689,"s14","m0",-0.216058465132552,0.0935536262146205,0.468663340288844,1.01756409505909
1610,18702,"s14","m0",-0.337141532002606,-0.290539910222333,0.166415471911431,1.69620581223139
1611,18707,"s14","m0",-0.283879663998539,-0.0168184191917926,0.393012084629387,1.26367000820812
1612,18712,"s14","m0",-0.314923724235153,-0.214264657032288,0.348153381821893,1.45259339924037
1613,18714,"s14","m0",-0.331415646877553,-0.372629469129178,0.363899059046901,1.45154790677083
1614,18724,"s14","m0",-0.308417391245908,-0.138400105813622,0.362439250704787,1.32509874264999
1615,18728,"s14","m0",-0.242895184041123,-0.162411935668002,0.390464080942709,1.01913208819829
1616,18731,"s14","m0",-0.287722718542921,-0.155490466870936,0.440928057976187,1.278508953179
1617,18737,"s14","m0",-0.265029889500413,-0.0541430092721469,0.412661360270868,1.24420143491045
1618,18745,"s14","m0",-0.283838003697333,-0.242466337895897,0.425274706403175,1.17989284944602
1619,18768,"s14","m0",-0.215786270217369,0.0482325000583969,0.523577723451881,0.869436080791374
1620,18806,"s14","m0",-0.353690440622471,-0.210788792026284,0.258700085435878,1.63493719356267
1621,18818,"s14","m0",-0.269116272572668,0.000542718034361594,0.399839550910515,1.41583873911999
1622,18823,"s14","m0",-0.342783160287409,-0.308480683398319,0.371080337312652,1.421711015006
1623,18833,"s14","m0",-0.265780195158784,0.0820675483609688,0.360777619220092,1.14066751656782
1624,18834,"s14","m0",-0.264972666111862,-0.178573201915103,0.454570212648492,0.895938625468599
1625,18865,"s14","m0",-0.357520494220275,-0.255906609347962,0.213674526105051,1.43413570651204
1626,18867,"s14","m0",-0.243463482911336,-0.111909646375249,0.487205194347595,1.01548098643963
1627,18882,"s14","m0",-0.361365705944072,-0.212680241184135,0.467548197253984,1.58005116689133
1628,18888,"s14","m0",-0.389162352625729,-0.373152475610701,0.357383370827661,1.54270181761457
1629,18897,"s14","m0",-0.266806129860406,-0.114871559903077,0.448150156241669,1.28140968076368
1630,18900,"s14","m0",-0.350302421442313,-0.348476775237675,0.336369976851273,1.46393826470092
1631,18914,"s14","m0",-0.339851250272808,-0.145459898648357,0.329568094555948,1.41247345155479
1632,18945,"s14","m0",-0.396258394185475,-0.505722212061956,0.248955386463776,1.52345629430896
1633,18948,"s14","m0",-0.329678501291171,-0.0791932936981761,0.38859868388373,1.46697359623324
1634,18952,"s14","m0",-0.275848740565718,-0.021452143609785,0.430850946647325,1.50906153128324
1635,18958,"s14","m0",-0.323900382592091,-0.141296306439281,0.296152017557276,1.13353808766237
1636,18972,"s14","m0",-0.207046374913996,0.0587338706923661,0.476657396316828,0.672818020360592
1637,18989,"s14","m0",-0.330086323807589,-0.256107163503964,0.345270663608127,1.46925346764178
1638,19010,"s14","m0",-0.294703640614104,-0.372642447971777,0.429572459521136,1.35861321406248
1639,19035,"s14","m0",-0.34148621293251,-0.152242599845842,0.425836285230055,1.59635285119087
1640,19062,"s14","m0",-0.207951587677582,0.0223545798370318,0.558478420327657,1.03908543375819
1641,19071,"s14","m0",-0.0715053439424493,0.068952552801649,0.64966844512803,0.503556255855652
1642,19075,"s14","m0",-0.315020151679574,-0.14220467805639,0.339383621655639,1.34467892983564
1643,19083,"s14","m0",-0.367418373227923,-0.118900705283331,0.179949875779716,1.71719291627073
1644,19087,"s14","m0",-0.372282648786303,-0.564606568407471,0.179652332722401,1.36594630186667
1645,19089,"s14","m0",-0.15685633823087,0.0245410311986983,0.535469950899463,0.708269777046679
1646,19093,"s14","m0",-0.271829402301002,-0.107567598702873,0.482774190176799,1.09668848417434
1647,19101,"s14","m0",-0.240005945212952,-0.0315318593300771,0.484438345998951,0.989094267001823
1648,19109,"s14","m0",-0.298274223420944,-0.428867361432587,0.357021790449531,1.28737145951369
1649,19110,"s14","m0",-0.186145248516694,-0.0322203635379109,0.537245050030164,0.93455857100002
1650,19124,"s14","m0",-0.291473934967206,-0.216883078784887,0.383210576657575,1.42286540866985
1651,19134,"s14","m0",-0.210185519176102,-0.0257966936924014,0.567295833092789,0.986608249994899
1652,19139,"s14","m0",-0.287261123164364,-0.360867982544313,0.466210637017199,1.32030104856881
1653,19140,"s14","m0",-0.193663910885996,0.136679120398246,0.463106639667324,0.866095348449532
1654,19143,"s14","m0",-0.347549406845444,-0.27004846736163,0.35772026687721,1.29807245285527
1655,19145,"s14","m0",-0.389023605863452,-0.487765349739494,0.338982975655965,1.59931937115511
1656,19152,"s14","m0",-0.259343242692757,-0.0762016740988744,0.43700505716033,1.19156052786419
1657,19163,"s14","m0",-0.254446490756529,-0.168791607796035,0.402682073613683,1.11742512303201
1658,19173,"s14","m0",-0.308963057238217,-0.29981908621327,0.498064026386665,1.28089753911858
1659,19176,"s14","m0",-0.0557163319732955,0.196895010858049,0.52990990336434,0.138738520564729
1660,19199,"s14","m0",-0.168544174370695,-0.211114409629031,0.628873499110842,1.13734163269185
1661,19200,"s14","m0",-0.299661884459601,-0.10575787482601,0.297674396153221,1.2436316035817
1662,19211,"s14","m0",-0.227076488996591,-0.161710295065807,0.443788472878411,0.880405143996114
1663,19229,"s14","m0",-0.303215457763612,-0.398450625762225,0.393750887497352,1.29313587800959
1664,19237,"s14","m0",-0.200778828754758,-0.192877152497062,0.388835418619314,0.919443176117645
1665,19242,"s14","m0",-0.3030740083898,-0.286555921507435,0.361065500398077,1.30005633587766
1666,19244,"s14","m0",-0.2441168122776,-0.123268823861801,0.355775041008026,1.13580906994149
1667,19250,"s14","m0",-0.249217168753819,-0.18159108948058,0.543278746910915,1.28826753447892
1668,19269,"s14","m0",-0.156649970607898,0.119685877087016,0.593513345827971,0.864166958649053
1669,19272,"s14","m0",-0.264345345262792,-0.247698826716829,0.468607660918397,1.29601035380999
1670,19273,"s14","m0",-0.236197189588477,0.055659156302184,0.48607334815498,1.08930370143836
1671,19282,"s14","m0",-0.380656478364967,-0.267405268631794,0.305689866127387,1.84638053940928
1672,19284,"s14","m0",-0.28857020091841,-0.304785475807555,0.460423862207829,1.10567814112856
1673,19356,"s14","m0",-0.263801022291037,0.0584025969441856,0.493008992741643,1.10509115432064
1674,19368,"s14","m0",-0.35178468645744,-0.260963999937723,0.33989309791116,1.53623265755487
1675,19426,"s14","m0",-0.240751889423637,-0.143021064930268,0.255217538964142,0.936853166366035
1676,19442,"s14","m0",-0.238782057089335,-0.228754941999684,0.500713733050297,1.20175385937337
1677,19465,"s14","m0",-0.247469319854352,-0.272790261022379,0.520004252855504,1.17567617106556
1678,19468,"s14","m0",-0.244960017497313,-0.24791875725318,0.462086099283324,1.26700524752488
1679,19470,"s14","m0",-0.151233945885285,0.120689668120278,0.553807982078213,0.79604817619675
1680,19473,"s14","m0",-0.289410113075927,-0.181039935531615,0.436435246860396,1.3863728566544
1681,19479,"s14","m0",-0.20237444620399,-0.270713537483868,0.528198188229232,0.841536805734333
1682,19487,"s14","m0",-0.253317137721585,-0.410323212412404,0.45834045810941,1.05127402519616
1683,19500,"s14","m0",-0.33496835428813,-0.586864607173889,0.187320570827082,1.42135149691844
1684,19511,"s14","m0",-0.332486089740259,-0.167400471539495,0.439106027070365,1.57268430757672
1685,19518,"s14","m0",-0.301194628099679,-0.00138637347479196,0.424335260882992,1.42150274838474
1686,19520,"s14","m0",-0.243753417490246,0.121606503327788,0.379243965968658,1.25885474729906
1687,19528,"s14","m0",-0.220606039191617,-0.108417260593523,0.529144248031325,1.00100562307313
1688,19547,"s14","m0",-0.297075387749055,-0.350054067763944,0.380315096758909,1.32237129824188
1689,19550,"s14","m0",-0.254837738958608,-0.448559234510974,0.449990280476789,1.15108474336046
1690,19552,"s14","m0",-0.313696805208916,-0.389817408694698,0.438836881786195,1.46024153087476
1691,19575,"s14","m0",-0.249355551294211,-0.141210893884163,0.452596615777781,1.01721251759305
1692,19578,"s14","m0",-0.390031833609852,-0.380816721881382,0.428795277913902,1.64211487330681
1693,19598,"s14","m0",-0.252957291216687,0.09902311788551,0.555399265406017,1.27255229739833
1694,19615,"s14","m0",-0.315031336465935,-0.319959621777248,0.52084164777676,1.45712374757333
1695,19643,"s14","m0",-0.365018267943658,-0.596061235072229,0.492028975821928,1.50386872085104
1696,19651,"s14","m0",-0.343976286918378,-0.268647066281223,0.409433201364633,1.65424394771397
1697,19660,"s14","m0",-0.310483391877292,-0.279334885243344,0.360314301197586,1.33552768563186
1698,19680,"s14","m0",-0.2507131410179,-0.0102864444679956,0.421834719570771,1.08713606762833
1699,19703,"s14","m0",-0.359646039946093,-0.359020725047672,0.395250799301875,1.50933191249778
1700,19713,"s14","m0",-0.231892115757367,0.0589076501045835,0.488809633122658,1.12609911652547
1701,19734,"s14","m0",-0.276907214950747,-0.0312020757049222,0.354819810912044,1.18025171105281
1702,19744,"s14","m0",-0.365761528565791,-0.161304757424781,0.292375724411553,1.52224171246104
1703,19754,"s14","m0",-0.225284198699698,-0.1732277437021,0.490705286798249,1.30741876066597
1704,19758,"s14","m0",-0.260023674800596,-0.0338570179152845,0.489119099911599,1.22080332917005
1705,19767,"s14","m0",-0.23550491196727,0.00476822152200837,0.436018360326482,1.01250205850585
1706,19773,"s14","m0",-0.281353938232531,-0.379700384002372,0.390559099899705,1.05750265848832
1707,19792,"s14","m0",-0.215247955228499,-0.0669918499232423,0.420874013066138,1.17904209591251
1708,19801,"s14","m0",-0.298841061633862,-0.207068539478176,0.403631040820487,1.3495199131851
1709,19806,"s14","m0",-0.394574080419494,-0.420699518162513,0.253528063021309,1.75138516684703
1710,19827,"s14","m0",-0.362261900740369,-0.613619307208062,0.40357456154837,1.62385139944412
1711,19856,"s14","m0",-0.237224770247762,0.147378294082048,0.483029400452457,1.14568715141225
1712,19877,"s14","m0",-0.302849691460405,-0.13990609903984,0.35870765439866,1.21256867127931
1713,19883,"s14","m0",-0.296606186675352,-0.455571258436442,0.416950421687508,1.04114292857488
1714,19893,"s14","m0",-0.281433502383802,-0.185322729875928,0.433238905926678,1.20136394975521
1715,19894,"s14","m0",-0.243502633828709,-0.0624620088526579,0.538568316566966,1.14015471275691
1716,19898,"s14","m0",-0.22765537045017,-0.266820049857954,0.305671557189372,0.975366724758404
1717,19900,"s14","m0",-0.227355074500424,-0.134534614272387,0.515913423154004,0.870374354916034
1718,19909,"s14","m0",-0.326972788109023,-0.0994693193897208,0.188298539275509,1.1764043535297
1719,19912,"s14","m0",-0.261173813001568,-0.142417397969081,0.46421523205387,1.08456377737687
1720,19941,"s14","m0",-0.240399430280596,-0.120807387402339,0.546841463805929,1.06352771791066
1721,19978,"s14","m0",-0.200722306545698,-0.140950188659246,0.500717042856781,0.732727479752572
1722,19997,"s14","m0",-0.279402381467977,-0.126955123202595,0.365531529051478,1.18180230768636
1723,20007,"s14","m0",-0.316824688538764,-0.342240593452971,0.353256626695373,1.22436601119077
1724,20029,"s14","m0",-0.278947312007326,-0.0242295185085717,0.381714628567655,1.59241423672169
1725,20031,"s14","m0",-0.284185391569389,-0.138931214805684,0.413984985613364,1.46904551381719
1726,20034,"s14","m0",-0.352608621032043,-0.227938521474843,0.281340797339967,1.36631078279553
1727,20039,"s14","m0",-0.377488050759704,-0.421888347753101,0.453018101941833,1.65721916476174
1728,20058,"s14","m0",-0.322337585100964,-0.121839821619534,0.435291423446065,1.489001640744
1729,20070,"s14","m0",-0.306691759836813,-0.406522096975696,0.465957852895672,1.4143312863599
1730,20080,"s14","m0",-0.376556996137514,-0.472354426694711,0.26034537906789,1.83984546122278
1731,20102,"s14","m0",-0.256525142960075,-0.335584668703766,0.475902671143287,1.25194314599429
1732,20107,"s14","m0",-0.231771716180484,-0.44313171573964,0.478213591873139,1.23007931118565
1733,20111,"s14","m0",-0.315346899423369,-0.53091409563056,0.213361125117582,1.52948776617488
1734,20122,"s14","m0",-0.412606158539453,-0.246730818141931,0.429746742580504,1.74660540740359
1735,20143,"s14","m0",-0.282123679507165,-0.191535478268249,0.436525753589764,1.08550292380068
1736,20150,"s14","m0",-0.298684921365683,-0.31770603238384,0.356817872053515,1.35386161082472
1737,20153,"s14","m0",-0.261169615898387,-0.26231068013008,0.391885845350679,1.21107162462846
1738,20161,"s14","m0",-0.377962737556874,-0.365448922808552,0.395330449097614,1.65260229350982
1739,20163,"s14","m0",-0.285884332370589,-0.222504327514839,0.54246336506815,1.30627302527515
1740,20175,"s14","m0",-0.314890895318963,-0.342653342873523,0.388187068168285,1.46254469501812
1741,20211,"s14","m0",-0.261486974791089,-0.154431790262336,0.438049575440069,1.15074965156489
1742,20227,"s14","m0",-0.290457348469711,-0.0690951499220028,0.342678882242432,1.19921521580932
1743,20230,"s14","m0",-0.264437081203915,-0.0996870133844915,0.46070542199321,1.35338693191014
1744,20240,"s14","m0",-0.273368357798938,0.0376790065084067,0.364100161548504,1.24276141779641
1745,20280,"s14","m0",-0.266914075859567,-0.0367722514946023,0.391265904988897,1.09602539695056
1746,20292,"s14","m0",-0.289272007330748,-0.087158928920977,0.399585589353582,1.30969454137417
1747,20301,"s14","m0",-0.418429732694357,-0.357033708719737,0.242153397615916,1.57453712593645
1748,20310,"s14","m0",-0.299684618513382,-0.222905783636274,0.422749944811661,1.36198701793856
1749,20311,"s14","m0",-0.17726542311789,0.017582429874259,0.413624076893276,0.817870558436605
1750,20322,"s14","m0",-0.307187785940083,-0.40832089322449,0.432829491908947,1.48989367826401
1751,20347,"s14","m0",-0.38245519171975,-0.317922861317774,0.368186190043334,1.50871733558539
1752,20356,"s14","m0",-0.223565945359761,0.026912333271787,0.561105914741761,1.2397850195632
1753,20363,"s14","m0",-0.312176954211876,-0.407098365937043,0.335770258909224,1.42451402167804
1754,20366,"s14","m0",-0.338391015504274,-0.403307728495927,0.410019851911702,1.41422676739652
1755,20377,"s14","m0",-0.26294556235762,-0.047236875268814,0.489350837924471,1.31957887147249
1756,20396,"s14","m0",-0.413339788913621,-1.11066573125559,0.264908940222462,1.68152760426347
1757,20397,"s14","m0",-0.306875824753754,-0.0508486293948932,0.401121848211918,1.3863817446518
1758,20406,"s14","m0",-0.374878041547695,-0.282049367007626,0.364237993276083,1.58600205464182
1759,20436,"s14","m0",-0.211172284710459,-0.0750407419283923,0.520355880156244,1.03441762507942
1760,20444,"s14","m0",-0.269207500674996,-0.350397723721568,0.501754019314603,1.32129249197586
1761,20445,"s14","m0",-0.301847980130534,-0.272518203066708,0.414953841026348,1.38957352119854
1762,20453,"s14","m0",-0.247258337256186,-0.484812853265785,0.435079986802071,0.9351416654556
1763,20456,"s14","m0",-0.245047413539583,0.177920218994864,0.465256381916834,1.2163025701799
1764,20464,"s14","m0",-0.337786204491917,-0.254622977031022,0.322097637649194,1.43378233059905
1765,20465,"s14","m0",-0.223621908020244,0.105852772447841,0.355398212389835,1.05324535533378
1766,20499,"s14","m0",-0.311532157375563,-0.0676250832217067,0.347264265882442,1.43187423866322
1767,20503,"s14","m0",-0.460349073089038,-0.489692632869046,0.230169405771722,2.00658879810048
1768,20509,"s14","m0",-0.286954876887656,-0.295116643695835,0.371605279704656,1.29395306191558
1769,20511,"s14","m0",-0.342900499194509,-0.543867388453525,0.26650010778001,1.5039175801531
1770,20534,"s14","m0",-0.277298353408379,-0.269467584553032,0.347069546112886,1.09677046972155
1771,20569,"s14","m0",-0.299553701563236,-0.0175671936843885,0.377607261507275,1.44640628287701
1772,20587,"s14","m0",-0.00529918149151631,0.369419886783776,0.672334019654112,0.305933151949432
1773,20590,"s14","m0",-0.163630498347987,0.0962220647552658,0.525086629533506,0.805956868247756
1774,20604,"s14","m0",-0.22988008198379,-0.0269011542968825,0.430941043501325,1.09418757704589
1775,20609,"s14","m0",-0.197486364682908,-0.354170970913306,0.52926902631754,0.825510480342793
1776,20615,"s14","m0",-0.256692435595859,-0.185885241711037,0.398857073456119,1.08107624423295
1777,20624,"s14","m0",-0.230861415483254,-0.160985475766074,0.35570726513874,0.993179375125672
1778,20630,"s14","m0",-0.342455532823488,-0.328302669078843,0.350045273552668,1.66284892270046
1779,20631,"s14","m0",-0.374369179889388,-0.393915043267413,0.433296618053943,1.51977336001557
1780,20633,"s14","m0",-0.355059909605477,-0.334153151092322,0.424439273667543,1.45189697922819
1781,20643,"s14","m0",-0.367351143838436,-0.211799315457881,0.298246312854521,1.61083170695129
1782,20701,"s14","m0",-0.18604105622439,0.09860805089428,0.60058703287582,1.02825828106169
1783,20708,"s14","m0",-0.28049000344123,-0.0712395572393894,0.470849410048459,1.50234577538093
1784,20718,"s14","m0",-0.211884544467602,-0.146441274241303,0.460346424929077,0.983336524366783
1785,20728,"s14","m0",-0.234468191568869,-0.276341190687528,0.453520014235785,1.12122072364374
1786,20734,"s14","m0",-0.147280394555207,0.151585555549058,0.68257602811158,0.852513210201097
1787,20740,"s14","m0",-0.362449353617619,-0.591926634346632,0.308535583167256,1.42919193108618
1788,20746,"s14","m0",-0.323805095275346,-0.184297820512779,0.39730390605945,1.5016531148601
1789,20754,"s14","m0",-0.292053074079452,-0.345239090110273,0.456285146192713,1.16918439775475
1790,20770,"s14","m0",-0.167529213547909,0.136360547806937,0.471854922946326,0.751894373662045
1791,20771,"s14","m0",-0.346105210854337,-0.45702529225686,0.377961871151277,1.53011304027489
1792,20809,"s14","m0",-0.190746239573612,0.0112241859032166,0.507462746402723,0.967726116632128
1793,20811,"s14","m0",-0.347465598678043,-0.101563767757249,0.263819858126737,1.5078306983691
1794,20817,"s14","m0",-0.273214529184318,-0.138294939570775,0.280874340604188,1.2109815909142
1795,20819,"s14","m0",-0.255873702928127,-0.0868101255606018,0.449911863429865,1.05970070850164
1796,20828,"s14","m0",-0.248234422710141,-0.188799436578311,0.567550571219778,1.04883949682572
1797,20834,"s14","m0",-0.377392860808971,-0.743867265375653,0.371533939308666,1.33342794698446
1798,20870,"s14","m0",-0.271294813934885,-0.348405015801639,0.430990926314187,1.36891510266749
1799,20886,"s14","m0",-0.24505347237488,-0.208772698586531,0.536396931552372,1.23910418610803
1800,20889,"s14","m0",-0.257879517528961,-0.167745289582424,0.45715974440585,1.23318900786805
1801,20926,"s14","m0",-0.284530353367135,-0.321116144775197,0.420880564250736,1.13378426285704
1802,20937,"s14","m0",-0.343645607877908,-0.425000026998348,0.287811299838724,1.69813760146587
1803,20941,"s14","m0",-0.28817355644573,-0.19728125864646,0.490098847156146,1.23934879761586
1804,20947,"s14","m0",-0.365289526270513,-0.322069110765066,0.380939326613595,1.53079957541484
1805,20964,"s14","m0",-0.17024605191118,0.111914428747023,0.581705231123919,1.09602641189178
1806,20970,"s14","m0",-0.314068958305306,-0.287012972793267,0.444004799182571,1.41853932022781
1807,21018,"s14","m0",-0.328073614633291,-0.427333130465718,0.549963876121511,1.4509159812117
1808,21021,"s14","m0",-0.263196082379866,-0.351346718535385,0.416912371411157,1.09250927552618
1809,21038,"s14","m0",-0.25310125913025,0.00481445164671962,0.411023288894162,1.32871020124532
1810,21050,"s14","m0",-0.301172857828745,-0.347672932502806,0.489186058939474,1.25370441996862
1811,21052,"s14","m0",-0.245433785154563,-0.0195487519936449,0.480370931223356,1.17957247893911
1812,21057,"s14","m0",-0.328253786803921,-0.307931718587708,0.254552355693294,1.4295091389017
1813,21083,"s14","m0",-0.291323040755231,-0.139526834290293,0.43570875359878,1.25548320303981
1814,21090,"s14","m0",-0.381848946907387,-0.179313959456394,0.370246839126131,1.52745685089252
1815,21091,"s14","m0",-0.241748003186259,-0.1361599350454,0.453486222682174,1.13903954303603
1816,21097,"s14","m0",-0.331384251310423,-0.322161088282256,0.543398984648985,1.55621964006209
1817,21105,"s14","m0",-0.255145556259855,-0.0497641463218695,0.43124409634553,1.10742736712562
1818,21143,"s14","m0",-0.353679857938707,-0.353789091227621,0.366136406595087,1.49549887424044
1819,21161,"s14","m0",-0.252654226056087,-0.379864643012907,0.426526681213665,1.17765841589079
1820,21178,"s14","m0",-0.220024142940879,-0.344478731765963,0.49058769173934,1.0409821497761
1821,21182,"s14","m0",-0.381550315901399,-0.196620749488179,0.249739774211089,1.63294639936734
1822,21185,"s14","m0",-0.29072955755404,-0.257560542148987,0.441557521013404,1.41818462726293
1823,21217,"s14","m0",-0.35624949848425,-0.393878676036446,0.444580253097594,1.61968240527585
1824,21222,"s14","m0",-0.239720999693253,-0.0732886513405816,0.427820317574289,1.16473828742432
1825,21233,"s14","m0",-0.261274326009013,-0.384810861079151,0.364537032240489,0.95291748925461
1826,21246,"s14","m0",-0.257037878368774,-0.00479513254589737,0.314394645829781,1.00986941173486
1827,21267,"s14","m0",-0.235513086933086,-0.0613752671623258,0.506207492972023,1.2090345341019
1828,21269,"s14","m0",-0.339988742819747,-0.254335609854247,0.33601789245956,1.53555629505636
1829,21284,"s14","m0",-0.257093941836277,-0.0447827827216226,0.375378295213754,1.118800177156
1830,21286,"s14","m0",-0.240591023023659,-0.0789336353161839,0.454779762009534,1.02261533783592
1831,21288,"s14","m0",-0.21555214948346,0.0172772891280016,0.492912807631064,0.933107247026737
1832,21293,"s14","m0",-0.073509214635495,0.0839621676401938,0.61037487277105,0.490571524367639
1833,21311,"s14","m0",-0.339992335167263,-0.141699626837425,0.295157096026778,1.43602379928705
1834,21312,"s14","m0",-0.182740174512075,0.210518929329695,0.545740836056667,1.02018066525832
1835,21315,"s14","m0",-0.116381348740554,0.0790455909763026,0.547420421670718,0.614032863450397
1836,21321,"s14","m0",-0.249842662305171,0.0174265681454128,0.477512494451451,1.02623091134465
1837,21347,"s14","m0",-0.307452007978611,-0.232753154645165,0.355128435875886,1.17484625361194
1838,21350,"s14","m0",-0.243080214648255,-0.18717463346552,0.531043643041207,0.976456865805737
1839,21351,"s14","m0",-0.310296485455647,-0.619560304519345,0.380770514679574,1.16338254316122
1840,21360,"s14","m0",-0.309700913836605,-0.364141050345614,0.427116988336516,1.29251649197009
1841,21361,"s14","m0",-0.283896023052709,0.138010174109295,0.411810104194378,1.19283737278821
1842,21376,"s14","m0",-0.277209308867254,-0.304450407179209,0.374191816135807,1.3701170214692
1843,21377,"s14","m0",-0.314635861294671,-0.0789399922693549,0.469421371817064,1.31166278139114
1844,21382,"s14","m0",-0.245765004783039,0.155641903530015,0.555280932099581,1.22359738309604
1845,21404,"s14","m0",-0.221944966368035,-0.160247551655465,0.483462478724867,1.13419434938556
1846,21410,"s14","m0",-0.198786297601916,0.0686383580939077,0.356306208157138,0.98110592237507
1847,21413,"s14","m0",-0.201761719620878,-0.03371012301336,0.549401684154835,0.983648332211472
1848,21419,"s14","m0",-0.337124729669838,-0.362388927658031,0.412635190423253,1.36939392486012
1849,21443,"s14","m0",-0.23410815790355,-0.053936097340661,0.494805907090985,1.25529031272685
1850,21457,"s14","m0",-0.338554807585131,-0.311311918195656,0.50468508167261,1.560919603523
1851,21467,"s14","m0",-0.289267153624111,-0.430482975096028,0.389480643749898,1.05709914776183
1852,21509,"s14","m0",-0.207418430292453,-0.0848219055500035,0.53362198479026,1.11256162741701
1853,21519,"s14","m0",-0.132416530636014,0.149248930827696,0.583693677618641,0.775767498894454
1854,21541,"s14","m0",-0.285937767985756,-0.137823936190251,0.138518735470491,1.18135759383318
1855,21565,"s14","m0",-0.372358302298386,-0.257250386519064,0.388539082524533,1.34351868759945
1856,21570,"s14","m0",-0.384909264570123,-0.25658194736661,0.292917612647205,1.44038000756877
1857,21580,"s14","m0",-0.452099973797629,-0.860783111402699,0.33704598826591,1.82276701374637
1858,21582,"s14","m0",-0.316555880247081,-0.215034382279336,0.42127072551237,1.43091421305687
1859,21585,"s14","m0",-0.302103773698086,-0.0160291126096193,0.289511469852532,1.37613174273105
1860,21606,"s14","m0",-0.34838156156558,-0.166887988736812,0.32732563698139,1.30369221057873
1861,21615,"s14","m0",-0.324166289379669,-0.0550955494672593,0.244078164627078,1.50258060273616
1862,21625,"s14","m0",-0.280805157130263,-0.345516225855477,0.40595914199036,1.24078212487138
1863,21632,"s14","m0",-0.333270972463499,-0.542581829355192,0.340457152031111,1.04545738997987
1864,21634,"s14","m0",-0.277033116682644,-0.0682309190659542,0.353330346188736,1.38520567908624
1865,21650,"s14","m0",-0.33411273100518,-0.247522138179241,0.386781304020819,1.44497059758048
1866,21651,"s14","m0",-0.280730610602979,-0.342500856669856,0.346551545341974,1.21413274661871
1867,21674,"s14","m0",-0.270206944205972,-0.138810616148173,0.450748641190212,1.4281167723985
1868,21689,"s14","m0",-0.336586052140058,-0.378474253239504,0.414241636977282,1.5378869717188
1869,21707,"s14","m0",-0.281527053522916,-0.617198014119219,0.312298832221681,1.12902799801806
1870,21733,"s14","m0",-0.299421953850278,-0.198568868325614,0.440907325847388,1.28509428172372
1871,21741,"s14","m0",-0.307439119265719,-0.341890733357203,0.366520198959051,1.249236044022
1872,21750,"s14","m0",-0.395281339299672,-0.717321980612301,0.218397608450826,1.42042545587734
1873,21755,"s14","m0",-0.345555894862523,-0.27075047615082,0.310879787419722,1.30517108461882
1874,21764,"s14","m0",-0.232036398083624,0.0403886742699458,0.432899895947364,0.947063526254869
1875,21771,"s14","m0",-0.319240348402412,-0.454934223044772,0.404365182336809,1.21225534340726
1876,21779,"s14","m0",-0.332792003409704,-0.48836933302637,0.324928688759748,1.36073473323328
1877,21800,"s14","m0",-0.258472221859033,-0.0617675767116765,0.457722221256898,1.23772538718291
1878,21803,"s14","m0",-0.339361790897268,-0.265461429628283,0.451343164360047,1.51194797653065
1879,21808,"s14","m0",-0.296754708387672,-0.139249188457413,0.350497479488277,1.14325866868296
1880,21829,"s14","m0",-0.280978440869487,-0.548379813117942,0.395041461982651,1.10868447367912
1881,21833,"s14","m0",-0.331056825147884,-0.314954339985912,0.266784380596816,1.5024849667484
1882,21834,"s14","m0",-0.397967128357823,-0.235851935352827,0.358208375329804,1.6302147613698
1883,21842,"s14","m0",-0.319129389097634,-0.210766242056553,0.3279469598503,1.50479269082175
1884,21846,"s14","m0",-0.360249139667179,-0.326084770627985,0.318852717755435,1.30431304912577
1885,21851,"s14","m0",-0.365261604926251,-0.713606376451819,0.230769653282254,1.55346830830636
1886,21860,"s14","m0",-0.312626597636815,-0.10516252970537,0.380427187597812,1.37320441418575
1887,21903,"s14","m0",-0.287438356957473,-0.175421606547327,0.40893593213791,1.32974691328778
1888,21945,"s14","m0",-0.298710207214574,-0.235035117423806,0.416828654213787,1.45939731259229
1889,21954,"s14","m0",-0.434292535501343,-0.451311813761481,0.283006874902781,1.63922053587684
1890,21961,"s14","m0",-0.278219068242012,0.0247952055959699,0.479335962848017,1.18696098939797
1891,21966,"s14","m0",-0.299891291930523,-0.302178003218188,0.358315148509794,1.35627930181813
1892,21971,"s14","m0",-0.286362780082961,-0.0172717188357162,0.381720985760102,1.44909823181943
1893,21973,"s14","m0",-0.318979282480531,-0.0520572292798992,0.368910354402726,1.47807493712698
1894,22024,"s14","m0",-0.255626697361703,-0.215677802092738,0.366600666015188,1.06427096473639
1895,22027,"s14","m0",-0.297986193214803,-0.339190519619247,0.44324154440172,1.22032498381736
1896,22039,"s14","m0",-0.36313892209988,-0.312084350727595,0.397545552234461,1.67983568693825
1897,22043,"s14","m0",-0.262641974156761,-0.30281302146273,0.371909047794107,1.09373704963561
1898,22049,"s14","m0",-0.372732967527567,-0.468129635274635,0.264272836140073,1.38149810199582
1899,22073,"s14","m0",-0.179036151114393,-0.082490692267309,0.552282096015349,0.923135659942232
1900,22095,"s14","m0",-0.323687129137629,-0.204494527134206,0.308300906888996,1.32255758161249
1901,22097,"s14","m0",-0.310127726813023,-0.29930392462928,0.436859444699425,1.40592786249449
1902,22109,"s14","m0",-0.258207925468598,-0.041794622965364,0.39397862335533,1.11636211330401
1903,22121,"s14","m0",-0.220967162874842,-0.258779872751828,0.451921520996323,0.949971840512374
1904,22142,"s14","m0",-0.310270291640919,-0.217760828100943,0.467955361733139,1.32166771461063
1905,22151,"s14","m0",-0.206567923750031,0.0950141893911838,0.431290661812282,1.2427522340258
1906,22155,"s14","m0",-0.348867965320975,-0.261660232707051,0.343911738485445,1.57013935471299
1907,22167,"s14","m0",-0.372461154954653,-0.395458502635907,0.335170592532391,1.72808629675298
1908,22173,"s14","m0",-0.337106570396522,-0.43819159594112,0.487491967716345,1.62865038075636
1909,22182,"s14","m0",-0.250527680250801,-0.207787119153201,0.495576631200812,1.29523710421088
1910,22186,"s14","m0",-0.220418254847248,0.0326946103612067,0.538639057019934,1.06856228312096
1911,22202,"s14","m0",-0.221288578086348,0.0867408951978973,0.542290986809724,1.19035062932164
1912,22218,"s14","m0",-0.32627970023953,-0.166366308639114,0.236323582748568,1.39495777662745
1913,22235,"s14","m0",-0.344457053164861,-0.325712218485943,0.446995182858239,1.36147561546072
1914,22254,"s14","m0",-0.262291312611498,0.00592722433312259,0.473883450370849,1.45331618396867
1915,22256,"s14","m0",-0.230562076881959,-0.202115601529891,0.580721225624269,1.03107109663021
1916,22268,"s14","m0",-0.319324260515271,-0.140774354902281,0.342205486404509,1.35281372541616
1917,22282,"s14","m0",-0.270245893494541,-0.123769212078513,0.454412852349341,1.21315251008203
1918,22302,"s14","m0",-0.276204619132633,-0.250437447519715,0.396256348022278,1.02895438044253
1919,22303,"s14","m0",-0.21051563149955,-0.205363680981519,0.531208844887243,1.00362186327589
1920,22321,"s14","m0",-0.268859695362313,-0.308039510197423,0.375142137548798,0.917960906081627
1921,22329,"s14","m0",-0.386622973718169,-0.369303773121391,0.281690561098675,1.53488463905234
1922,22364,"s14","m0",-0.195913868322819,0.0724959605603485,0.477282404615262,1.08712635460616
1923,22378,"s14","m0",-0.166905799496846,-0.218051933335748,0.449507230062278,0.679468575743764
1924,22403,"s14","m0",-0.340837569061087,-0.250771211799337,0.331356268928168,1.50068179763845
1925,22415,"s14","m0",-0.216424860799894,-0.020934593962645,0.517370554246315,1.02389863611753
1926,22439,"s14","m0",-0.286111490396458,-0.309512548367065,0.50402968667682,1.19371197825895
1927,22461,"s14","m0",-0.351146354681937,-0.45991500823626,0.362382136764343,1.46921007334949
1928,22467,"s14","m0",-0.264367487921364,-0.0790524994919567,0.531001905628642,1.31885091710923
1929,22495,"s14","m0",-0.334743934567887,-0.207317353579545,0.266554085308291,1.62127253382146
1930,22507,"s14","m0",-0.419916352598163,-0.559876060501272,0.186888363149407,1.68002896412186
1931,22525,"s14","m0",-0.260807977347618,-0.188251370133189,0.378969789605933,1.09304556668584
1932,22533,"s14","m0",-0.234913647799214,-0.0353333076401054,0.489241678630101,1.19983846476541
1933,22537,"s14","m0",-0.309740203829586,-0.242278826654719,0.356182525174213,1.36741143262687
1934,22570,"s14","m0",-0.365201255300374,-0.923333789949564,0.333699308480897,1.46352183821891
1935,22580,"s14","m0",-0.340277782809735,-0.221313240845456,0.312178418286946,1.4776413161786
1936,22594,"s14","m0",-0.256962332780465,-0.291235412203117,0.383475521641182,1.13326235939822
1937,22603,"s14","m0",-0.234152141964351,0.0541820477912016,0.411755003692903,1.10499223987044
1938,22604,"s14","m0",-0.347919815944214,-0.212767764289148,0.462199981379465,1.64463207575164
1939,22628,"s14","m0",-0.38205648695602,-0.318333413942974,0.285503059034814,1.56099882972638
1940,22639,"s14","m0",-0.168686568755494,0.0440333867278329,0.620312489672121,0.743216513982822
1941,22643,"s14","m0",-0.265608849568749,-0.211641566196609,0.458390947856435,1.20502424367795
1942,22679,"s14","m0",-0.259902858748002,-0.0615018546824119,0.334110062041064,1.05278455905695
1943,22682,"s14","m0",-0.283348798133824,-0.257652335912118,0.380013552070173,1.22350666995392
1944,22685,"s14","m0",-0.24153564943661,-0.247517858977123,0.478537023071502,1.07356194729651
1945,22686,"s14","m0",-0.267553708634634,-0.0694992950032608,0.407758714690826,1.11275108992027
1946,22698,"s14","m0",-0.295985982950424,-0.245435473376491,0.456385493411541,1.35898760829182
1947,22709,"s14","m0",-0.237011664939967,0.0755560597282628,0.480492037416763,1.11499996443412
1948,22716,"s14","m0",-0.270983247955974,-0.0619413481826904,0.449754781410143,1.13120039077511
1949,22724,"s14","m0",-0.254024983599301,-0.0838174363040768,0.448707708445896,1.08259420794153
1950,22763,"s14","m0",-0.195408709106174,-0.275477147657217,0.523621689409295,0.901915423821015
1951,22765,"s14","m0",-0.274869600658477,-0.0917723031337896,0.525596371217412,1.36667582789277
1952,22768,"s14","m0",-0.330670452240347,-0.33961333120145,0.410106138139951,1.48876736099648
1953,22792,"s14","m0",-0.244005215910866,0.0177945142827384,0.526083825951971,1.16973042955505
1954,22793,"s14","m0",-0.261325659025602,-0.0698842111205875,0.375383313317215,1.27825668081841
1955,22804,"s14","m0",-0.184489666866787,-0.0419782911698288,0.594518304601382,0.955410826227057
1956,22812,"s14","m0",-0.294446813689181,-0.316049041293828,0.420255181502412,1.19508428134373
1957,22830,"s14","m0",-0.289550600771096,-0.249526550326755,0.283838312040961,1.3773274421707
1958,22841,"s14","m0",-0.24350262334744,-0.193886864575834,0.44185022546345,1.17284652886937
1959,22850,"s14","m0",-0.267359021125284,-0.584281340425424,0.419261905371672,1.10545296515913
1960,22863,"s14","m0",-0.27281464176212,-0.128335570079233,0.444537376627817,1.15996888735753
1961,22876,"s14","m0",-0.282728769939727,-0.292127836747112,0.433768323376788,1.15536976404189
1962,22881,"s14","m0",-0.331511154352268,-0.100470769779447,0.339245933725189,1.38667537801819
1963,22883,"s14","m0",-0.245884490294536,-0.131613731626308,0.472590455874716,1.00380382948135
1964,22887,"s14","m0",-0.267081086791321,-0.0460350011155121,0.443422126654897,1.07963141748986
1965,22924,"s14","m0",-0.35116404558496,-0.227809004755264,0.220378458263766,1.43313750374723
1966,22939,"s14","m0",-0.208521593469966,-0.000225902364327381,0.542162855348585,1.00845445795304
1967,22956,"s14","m0",-0.328419146259729,-0.409080818638929,0.336415313235483,1.41869777620704
1968,22961,"s14","m0",-0.335689558403854,-0.0742588909413943,0.315197648621313,1.61221760145733
1969,22999,"s14","m0",-0.306933876994938,-0.379168403278784,0.489253759036795,1.31584935282881
1970,23010,"s14","m0",-0.339956513301442,-0.0775845014104819,0.474593278137631,1.68070133774259
1971,23019,"s14","m0",-0.355818755802779,-0.452518615691431,0.376087744499961,1.36228175376638
1972,23037,"s14","m0",-0.269153733919444,-0.277465017569181,0.432142793936745,1.22727969392309
1973,23051,"s14","m0",-0.321022019332927,-0.260634919036519,0.357981656234604,1.46078082033026
1974,23055,"s14","m0",-0.348787034199107,-0.211081050545288,0.404096909288629,1.48741014431911
1975,23056,"s14","m0",-0.250152703556257,0.00800073498969425,0.401843913889088,1.21107587891452
1976,23085,"s14","m0",-0.21339684412345,-0.110545649584731,0.494911680552758,0.968430358739486
1977,23094,"s14","m0",-0.299377012098831,-0.171850687560181,0.51695268806032,1.28657432249203
1978,23096,"s14","m0",-0.321224399372098,-0.402455664382327,0.433338780368938,1.25436834662967
1979,23103,"s14","m0",-0.324209593285673,-0.270394979053921,0.459127426994507,1.35248053529908
1980,23129,"s14","m0",-0.234491380093405,-0.100490535714286,0.488774369753853,1.18638019978517
1981,23158,"s14","m0",-0.316441825649037,-0.136795677648521,0.374928998875423,1.2596484011679
1982,23166,"s14","m0",-0.395411735932539,-0.358225410818163,0.435674940641823,1.54889915566797
1983,23170,"s14","m0",-0.243917052524011,0.0617236110905974,0.381945969933887,1.27186765034854
1984,23185,"s14","m0",-0.44062188750903,-0.700344736795968,0.287979172231503,1.70115688527719
1985,23189,"s14","m0",-0.264896603721971,-0.193695636189726,0.347813821321649,1.19047178022641
1986,23201,"s14","m0",-0.322040431356015,-0.390479470163638,0.449737663385757,1.18615113370098
1987,23210,"s14","m0",-0.286705395791135,-0.112101283253385,0.300933748479158,1.4140581064221
1988,23219,"s14","m0",-0.358297897062326,-0.362643201790668,0.269466597140911,1.54119035925378
1989,23261,"s14","m0",-0.277405798010079,-0.0753694515271194,0.441898532165663,1.18062117709117
1990,23264,"s14","m0",-0.345233298097542,-0.47541407083819,0.277170228325551,1.5092594515119
1991,23266,"s14","m0",-0.284210155083566,-0.183769383111281,0.56391225059286,1.37646883998836
1992,23278,"s14","m0",-0.42917701297782,-0.452259720597044,0.362449031635075,1.840552148827
1993,23287,"s14","m0",-0.318929778947239,-0.101511648857559,0.45023137138903,1.41507185461781
1994,23290,"s14","m0",-0.235187838423761,-0.0365496376631825,0.533508995920442,1.13735873136214
1995,23295,"s14","m0",-0.233051153439543,-0.077020317078914,0.391071466208313,1.04220882459475
1996,23312,"s14","m0",-0.29400182712717,-0.322313257058756,0.36703732171889,1.16428212611604
1997,23317,"s14","m0",-0.327046048353056,-0.146471377850645,0.40230716966863,1.39016371238824
1998,23330,"s14","m0",-0.38132096799991,-0.547671187603367,0.302050888405024,1.685572206091
1999,23348,"s14","m0",-0.211527485746125,0.178789795041797,0.545332070021721,1.14860434546963
2000,23352,"s14","m0",-0.262423353507271,-0.356832478459144,0.390535911774926,1.27239982866866
2001,23361,"s14","m0",-0.338405546854182,-0.204439841148373,0.433393196796744,1.5173097214199
2002,23362,"s14","m0",-0.217149954050798,-0.14980246852266,0.426152724161983,1.06655369096747
2003,23364,"s14","m0",-0.36615076382663,-0.629726406207904,0.26353830444673,1.36936811677506
2004,23366,"s14","m0",-0.254789394580079,-0.237691207479663,0.453138306612355,1.22025566521718
2005,23371,"s14","m0",-0.390644368133375,-0.367280686705032,0.228256172682948,1.53447476596194
2006,23428,"s14","m0",-0.208531155907483,-0.0654297929467093,0.499932651192406,0.916858965147728
2007,23429,"s14","m0",-0.175226508709737,-0.116737985120865,0.489727847240914,0.902267559355122
2008,23442,"s14","m0",-0.290818478519879,-0.15827032661347,0.453669090889739,1.28217740549622
2009,23458,"s14","m0",-0.194772744904226,0.0616701179053267,0.581879779319499,1.15976987470991
2010,23468,"s14","m0",-0.219387361082537,-0.225569722820551,0.564680844769775,1.03977740289678
2011,23473,"s14","m0",-0.290978185379278,-0.193825319305465,0.292911136222322,1.32865522686223
2012,23506,"s14","m0",-0.315256190489404,-0.319812564913575,0.455208892105624,1.47066358688476
2013,23524,"s14","m0",-0.238774081694873,-0.00543990893142482,0.515140513954432,1.21649697666399
2014,23570,"s14","m0",-0.284570315218439,-0.146775811953977,0.37697410055711,1.23588517820994
2015,23587,"s14","m0",-0.385861741860682,-0.661310984214273,0.301631274332294,1.65806826957082
2016,23595,"s14","m0",-0.265373563634576,-0.268859316546189,0.509205812927498,1.31861740363088
2017,23601,"s14","m0",-0.277772045696171,-0.183743645506006,0.461380322406863,1.34915411399544
2018,23604,"s14","m0",-0.324155074206932,-0.128439216049654,0.417096982514817,1.52048130132747
2019,23611,"s14","m0",-0.273450176613423,-0.0398131724745937,0.375132858520917,1.16042031383397
2020,23619,"s14","m0",-0.310673970880703,-0.354315937294439,0.463987369566105,1.28794500907361
2021,23620,"s14","m0",-0.27421724800065,-0.267265278080471,0.51576133550779,1.15166245958249
2022,23623,"s14","m0",-0.198668335598923,0.137869687082611,0.52039268184766,0.85079430444939
2023,23625,"s14","m0",-0.169879483934756,0.00401437154083265,0.466811197187804,0.925572635387886
2024,23644,"s14","m0",-0.401888163022997,-0.235559798236031,0.255789528204795,1.56193907297559
2025,23659,"s14","m0",-0.323429148383852,-0.403035703980578,0.377743465912427,1.3448852396392
2026,23660,"s14","m0",-0.294955913015674,-0.272449324311254,0.39897968569147,1.08010278614398
2027,23694,"s14","m0",-0.345702506078108,-0.168704124634946,0.320428359416693,1.45745914868797
2028,23731,"s14","m0",-0.273685261773045,-0.0791462846535296,0.449395790233115,1.14529586291256
2029,23743,"s14","m0",-0.312458245028803,-0.207883266633626,0.460465241152748,1.3735713520132
2030,23755,"s14","m0",-0.220697708629795,-0.282034839198448,0.47479299944036,0.845432455297152
2031,23772,"s14","m0",-0.278377023801822,-0.14278103790815,0.377183205890873,1.29333236752018
2032,23788,"s14","m0",-0.250623772589282,-0.126746658023257,0.332187107937379,1.01968934425069
2033,23793,"s14","m0",-0.262932913516872,-0.246000623562642,0.485452374623792,1.28239231436267
2034,23801,"s14","m0",-0.382312699446501,-0.426999990609517,0.356570153381899,1.52385198737295
2035,23803,"s14","m0",-0.227908395730236,-0.178690649137324,0.460586934803914,1.04884906653276
2036,23832,"s14","m0",-0.316068021906004,-0.0795235320839076,0.465434580210781,1.50221705589153
2037,23841,"s14","m0",-0.269397236715236,-0.140934425084991,0.407153430986938,1.04173803011935
2038,23848,"s14","m0",-0.38946619055983,-0.192292602197765,0.386879771660397,1.7747000780471
2039,23858,"s14","m0",-0.357920632892407,-0.0811117175025934,0.221704799140963,1.52523493335071
2040,23887,"s14","m0",-0.286416670632698,-0.136683915273817,0.413644970972868,1.26823080466232
2041,23899,"s14","m0",-0.243410746252171,-0.262571831276563,0.444413070889309,0.972312407524048
2042,23907,"s14","m0",-0.27030297700701,-0.163410581353254,0.384117377653831,1.36514526613177
2043,23918,"s14","m0",-0.37840562121902,-0.490670345927538,0.397081603121611,1.70107018737598
2044,23927,"s14","m0",-0.292662626941483,-0.087175330034122,0.44273713253027,1.01549822455401
2045,23945,"s14","m0",-0.28249282364257,-0.131272008466467,0.436524951423572,1.12933437837316
2046,23972,"s14","m0",-0.374572670869475,-0.254534412460537,0.350186908974628,1.5343910323835
2047,23994,"s14","m0",-0.26843159649187,-0.0254867462495193,0.450092433157599,1.31288233829613
2048,23999,"s14","m0",-0.2474613814227,0.191229563982218,0.452173127865052,1.29576778724276
