"draw","source_draw","id","assumed_model","alpha_0","alpha_1","nu_0","nu_1","tau"
1,3,"s15","m1",-0.889269040690631,-0.808305656651056,0.631792622185366,-0.670400900130405,0.994418324022447
2,18,"s15","m1",-0.855016196425645,-0.748888380671387,0.591102966499992,-0.49564804778345,0.919067091974124
3,20,"s15","m1",-0.904837489900654,-0.879285836550937,0.53495651668393,-0.504616290409772,1.35374459139207
4,37,"s15","m1",-0.773790821755437,-0.720553303968364,0.662729470996787,0.125223421948032,0.698641473702144
5,49,"s15","m1",-0.881692740845497,-0.841654286220685,0.45255021978536,-0.285082839742374,1.08212443491214
6,55,"s15","m1",-0.889221386621867,-0.813899411690919,0.626107298489351,-0.642574016775296,1.44144258757127
7,68,"s15","m1",-0.831423109902012,-0.837566099860449,0.54512269925327,-0.40730052873988,1.27623790185012
8,72,"s15","m1",-1.02926327656748,-0.896361629919982,0.38703907705943,-0.508242727675526,1.56560311479368
9,74,"s15","m1",-1.00789291265793,-0.858523598887116,0.504377410470917,-0.534729152843846,1.61146000396396
10,77,"s15","m1",-0.891398291361417,-0.858512996066317,0.459498209980303,-0.761827459986036,1.39269851204
11,86,"s15","m1",-0.876589273144795,-0.936496992275997,0.482702506598038,-0.610169105433071,1.55950402148889
12,97,"s15","m1",-0.795160567507885,-0.88145059530153,0.484509246826185,-0.383397202720877,1.3337836035306
13,116,"s15","m1",-0.992738243130489,-0.969420247206204,0.237671523507267,-0.83340826164231,1.67740023348802
14,119,"s15","m1",-0.965974451606111,-0.865631132781547,0.589881930441671,-0.626159535279158,1.52100226720676
15,126,"s15","m1",-0.974596820395584,-0.819231517306843,0.331011117998468,-0.447303208803179,1.34387242768263
16,133,"s15","m1",-0.886775911510551,-0.856043156600678,0.551139132906555,-1.03415350393015,1.36286913602223
17,146,"s15","m1",-0.990572572212509,-0.856968145919117,0.440955792602454,-0.591341448028864,1.4960149796945
18,160,"s15","m1",-0.94534209550227,-0.831940585584572,0.548433253940306,-0.599887289393458,1.21389424831256
19,177,"s15","m1",-0.910976646076558,-0.811819568818245,0.464846818676772,-0.431299170091148,1.21634303520852
20,192,"s15","m1",-0.948089059215186,-0.899329991842044,0.432654730592109,-1.0405602839177,1.56002451718675
21,196,"s15","m1",-0.879486321389076,-0.856821610134424,0.576660373441148,-0.346944778690278,1.25708162572695
22,204,"s15","m1",-0.90727432940435,-0.821288758204134,0.649562439486871,-0.54399299618339,1.10234246142158
23,209,"s15","m1",-0.830504622561762,-0.845039508918041,0.571443134819398,-0.66487480075807,1.38034459607035
24,215,"s15","m1",-0.931293853675267,-0.853283027608462,0.555392375508559,-0.280904457842942,1.45123258878657
25,216,"s15","m1",-1.01195116525614,-0.924905552245551,0.283098101767166,-0.875849833002054,1.51664004717965
26,230,"s15","m1",-0.802545069681115,-0.774778964579549,0.708113026127771,-0.0864580256240452,1.04525229251831
27,234,"s15","m1",-0.925686612139425,-0.87698505631022,0.456728195579964,-0.418490770790186,1.21476196415767
28,251,"s15","m1",-0.963002109437263,-0.890471380743742,0.432560669449966,-0.77916002643124,1.78338170776955
29,258,"s15","m1",-1.04012426128613,-0.960088040466287,0.567610864622001,-0.704533956322714,1.62266960400788
30,286,"s15","m1",-0.954843957960328,-0.803703096632556,0.400288876843451,-0.581872003590386,1.35670698573019
31,287,"s15","m1",-0.801453864652057,-0.79308717073067,0.581670946447788,-0.421253695914404,0.888305943988424
32,290,"s15","m1",-0.953958771144675,-0.914412871904238,0.327317097858747,-0.79580087902232,1.42676583727615
33,313,"s15","m1",-0.840806943662889,-0.829241217868708,0.501408912992784,-0.221894599264007,1.03632087093546
34,319,"s15","m1",-0.947385419221918,-0.903706049775336,0.340857156608386,-0.780630176368093,1.09528964700376
35,320,"s15","m1",-0.832377956815524,-0.845743070960198,0.483211124543473,-0.629325796855541,1.12149159452707
36,355,"s15","m1",-0.862455533845893,-0.888776881003254,0.455077491068136,-0.295824131343262,1.20739779442828
37,357,"s15","m1",-0.962460338645276,-0.859776744899839,0.464825419106421,-0.965216557056462,1.38439857863576
38,395,"s15","m1",-0.907100629227541,-0.845948791289139,0.489858376650908,-0.88385274961942,1.3337755157892
39,457,"s15","m1",-1.00474816375129,-0.784938650411575,0.350649486018244,-0.50482036731154,1.35332817234605
40,461,"s15","m1",-0.860645187874917,-0.760889029285224,0.634846655167588,-0.253496093654275,1.21386822702988
41,482,"s15","m1",-0.949264712695529,-0.877758189086848,0.416302526001012,-0.687507267277332,1.52251511683645
42,516,"s15","m1",-0.937180344351194,-0.832160769363107,0.435065152467291,-0.527458756708489,1.39423453373647
43,530,"s15","m1",-0.958554649444596,-0.936998033408004,0.498643873620101,-0.285986206901705,1.41289226018812
44,630,"s15","m1",-0.932287110592424,-0.896532824118717,0.432721419688844,-0.48493585907068,1.57659743270929
45,632,"s15","m1",-1.01476284136778,-0.934059183869385,0.300938411297886,-0.619282984194427,1.69012193497289
46,646,"s15","m1",-0.943834978631709,-0.926860173455275,0.374580055233554,-1.01877967277428,1.72977229627026
47,651,"s15","m1",-0.945216586247886,-0.849564473147616,0.55063886518819,-0.740951881022993,1.46005635408582
48,653,"s15","m1",-0.927765553981615,-0.952789690150467,0.529254711681268,-1.16762823756069,1.60218719284116
49,675,"s15","m1",-0.934304589591706,-0.850792863358604,0.251617740458464,-0.517073458540096,1.23872684491357
50,683,"s15","m1",-1.02124107482219,-0.849514697704308,0.620123186614189,-0.290203253782469,1.80605414179002
51,689,"s15","m1",-0.90595184643385,-0.83833521386306,0.533097406710368,-0.305046538288939,1.44033582593485
52,719,"s15","m1",-1.01615841137421,-0.983459321749849,0.279824676015979,-1.49354601472416,1.80487916280624
53,767,"s15","m1",-0.875578389312271,-0.829539915496145,0.605674049368672,-0.461685456565032,1.2013165095745
54,773,"s15","m1",-0.797507060378932,-0.857651712318374,0.437111426867446,-0.442532045931088,1.12501509614673
55,789,"s15","m1",-0.867890520065068,-0.82314871325154,0.485400083426693,-0.259749735129087,0.968781236997283
56,796,"s15","m1",-0.915748443992916,-0.935437658851029,0.385709739714115,-0.568136107723912,1.38912337935633
57,802,"s15","m1",-0.892381586888676,-0.856387413220181,0.422329527662831,-0.482418156728826,1.21029462215104
58,812,"s15","m1",-0.934740318394607,-0.853109241483958,0.491522574047465,-0.477660249543572,1.40327495133308
59,820,"s15","m1",-0.96976865131518,-0.957431999479828,0.372103586284297,-0.79164641895449,1.58893891699054
60,823,"s15","m1",-0.925990011482033,-0.829239957408334,0.521997067496327,-1.15779046706898,1.26750364718299
61,836,"s15","m1",-0.897396313531682,-0.856575144269053,0.552760601424833,-0.701571109954003,1.34807321448195
62,838,"s15","m1",-0.863465264622422,-0.84476981721734,0.466213939320636,-0.993651015155277,1.0352466746646
63,846,"s15","m1",-0.840467636368368,-0.829815590188594,0.514922830818828,-0.209295880133125,1.16033066462867
64,859,"s15","m1",-0.94891257781128,-0.846771093823111,0.62558840778706,-0.48143494562714,1.64198220280944
65,862,"s15","m1",-0.947874574662795,-0.930566315324346,0.383450908408097,-0.579938289738895,1.56164716168304
66,867,"s15","m1",-1.02949373584508,-0.96273407569931,0.419217287835581,-0.785026675495543,1.9141946625146
67,875,"s15","m1",-0.943862433849483,-0.876425266251011,0.389189247756095,-0.55099455777669,1.36229648965947
68,877,"s15","m1",-0.89281139817003,-0.908159217754717,0.375926693102562,-0.777576372824463,1.29886442448004
69,891,"s15","m1",-0.808225522024525,-0.840271352293396,0.568149426867611,-0.493851246723249,1.08702587202129
70,916,"s15","m1",-0.930449895150812,-0.918162456649615,0.598598553983859,-0.544563575443023,1.62397133727815
71,927,"s15","m1",-0.93952926561411,-0.891625853819853,0.444676870689237,-0.53162875720347,1.48739410580275
72,938,"s15","m1",-0.967250664542718,-0.935218354134644,0.44554454642688,-0.925274184234118,1.64400530508966
73,946,"s15","m1",-0.88449733515034,-0.904263006980719,0.571270366154659,-0.506892467343512,1.23322745874336
74,947,"s15","m1",-1.01140969909133,-0.917229364281446,0.317728892349476,-1.04866013634453,1.59810081911922
75,956,"s15","m1",-0.897532238737845,-0.918381462252615,0.536268817992697,-0.711665251701547,1.53080367600469
76,958,"s15","m1",-0.925337165655711,-0.852576706646836,0.490015952502649,-0.38297613020264,1.38134220794163
77,963,"s15","m1",-0.987196286643937,-0.909815211383282,0.399461344829812,-0.687827088139595,1.77064667179822
78,977,"s15","m1",-0.817109965996957,-0.760631779547035,0.663839002669816,-0.483045435547612,0.887942065403683
79,981,"s15","m1",-0.870669387645351,-0.778673118917352,0.341076539729216,-0.268479853058032,1.103691761435
80,988,"s15","m1",-0.834886500596718,-0.924091520208196,0.526535429699501,-0.407239365092926,1.13557301723576
81,1016,"s15","m1",-0.858880014129193,-0.769137915864352,0.443846303474285,-0.350974352990574,0.898340623373468
82,1025,"s15","m1",-0.882007276321676,-0.784278026982045,0.546843170821228,-0.171697596559934,1.07218518214105
83,1029,"s15","m1",-0.91324232740623,-0.889588859046905,0.518582200208709,-0.69247517477034,1.36564331701356
84,1031,"s15","m1",-0.916491197857775,-0.849983096120836,0.580634792662451,-0.522803885219235,1.22004996595767
85,1048,"s15","m1",-0.818201972889957,-0.799497768853374,0.517732757960243,-0.318411821301448,1.01907628923085
86,1055,"s15","m1",-0.940719590359526,-0.850552523454866,0.550142284497048,-0.429537985070054,1.30114741680825
87,1072,"s15","m1",-0.932001691466832,-0.827012512179291,0.61267561329251,-0.741309854359648,1.50154088933902
88,1081,"s15","m1",-0.904402865893908,-0.800576437293807,0.546130964484929,-0.813244306528881,0.911508541649012
89,1084,"s15","m1",-0.966180228399653,-0.886900512796092,0.492158683274563,-0.398162897605629,1.3997705824247
90,1133,"s15","m1",-0.852465707951554,-0.812150246866944,0.541372105978891,-0.533173022848922,1.04409254887519
91,1140,"s15","m1",-1.00298893506633,-0.888070513508767,0.410533758743976,-0.780575807973397,1.64173942995129
92,1162,"s15","m1",-0.822786647352996,-0.854161767296741,0.432469770921508,-0.0529682540290237,1.05893174403914
93,1165,"s15","m1",-0.966701334558029,-0.809119523336311,0.583945431923875,-0.50621052358043,1.40874722503629
94,1169,"s15","m1",-0.908943276396899,-0.842212377651718,0.473111041988916,-0.286863016159302,1.38167192563018
95,1177,"s15","m1",-0.874621499658118,-0.780507279722617,0.559278010582643,-0.4844704605553,1.0872054199838
96,1182,"s15","m1",-0.921930603288457,-0.882899240805272,0.422438604057817,-0.61377551226547,1.52969482915472
97,1213,"s15","m1",-0.981329673849522,-0.937180613518883,0.45168173525194,-0.356299732129893,1.72211543523108
98,1218,"s15","m1",-0.906532828740069,-0.788299334838351,0.525540924888404,-0.115493233223547,1.19546159238293
99,1225,"s15","m1",-0.955473983620134,-0.879186047292303,0.418061122768853,-0.752448979025561,1.52975997693499
100,1238,"s15","m1",-0.986844501232513,-0.8761772329114,0.30781283070148,-0.952071602716413,1.33243190377069
101,1246,"s15","m1",-0.983936004941702,-0.920627244309722,0.409681148396954,-0.538902214735893,1.64515947444858
102,1247,"s15","m1",-0.972774334210493,-0.915284960338513,0.466498003446944,-0.570190732262906,1.56907846776256
103,1297,"s15","m1",-0.933272673304695,-0.908452596274879,0.347299726008983,-0.609999999811042,1.47475182136488
104,1306,"s15","m1",-0.889380446555155,-0.815662841117567,0.44405639980151,-0.680490324941831,1.12257082370451
105,1327,"s15","m1",-0.916978128169127,-0.872399209464413,0.517617342429358,-0.690880322745935,1.317081064301
106,1330,"s15","m1",-0.948338528002046,-0.801411750881399,0.455157333028635,-0.389015832664175,1.36094463697072
107,1331,"s15","m1",-0.905769762537636,-0.891272331962532,0.527427350611317,-0.364573637152263,1.59684589977597
108,1341,"s15","m1",-0.819805376901701,-0.806631932446526,0.403473932930313,-0.587949018121035,1.03573889490927
109,1366,"s15","m1",-0.783320747005293,-0.752554752113822,0.631465650662156,-0.275594344663754,0.975758075144894
110,1372,"s15","m1",-0.904633231908846,-0.825828166389991,0.593582981011786,-0.410205096912445,1.55963436595946
111,1374,"s15","m1",-0.916847458930401,-0.88876099240022,0.401118530147251,-1.41659946018684,1.22199525295869
112,1391,"s15","m1",-1.0062771946567,-0.971362606720814,0.405769525418951,-0.647840091500271,1.6185881010256
113,1395,"s15","m1",-0.885685607920043,-0.797518155453424,0.577045155030949,-0.298372775974835,1.16529856347985
114,1402,"s15","m1",-0.933484027347242,-0.893138748977242,0.554716411202966,-0.816265802235179,1.5416842685423
115,1418,"s15","m1",-0.874906571574478,-0.832591293928079,0.447634521555194,-0.282530200046872,0.987179740116235
116,1419,"s15","m1",-1.01404076734267,-0.929303228552415,0.33674664455183,-1.18757848043161,1.3294941030888
117,1457,"s15","m1",-0.910319809511233,-0.871926462131066,0.434326598644114,-0.364398964629882,1.38516886884504
118,1461,"s15","m1",-0.853513398621101,-0.771814777978883,0.717601077706632,-0.418839337967754,1.0765519008896
119,1467,"s15","m1",-0.91459451538006,-0.836299325862381,0.3524834922093,-0.604965177880224,1.22841027863968
120,1491,"s15","m1",-0.91271944722968,-0.845882485527007,0.563689148293882,-0.303100366947801,1.17045044712874
121,1494,"s15","m1",-0.9272066524078,-0.863843248993439,0.505629919325966,-0.793844011654785,1.40815253391907
122,1496,"s15","m1",-0.961974241468277,-0.835173574420806,0.601047941594688,-0.546626726391422,1.4691817740726
123,1507,"s15","m1",-0.873786840570477,-0.853185726487365,0.355193390259948,-0.537691140968194,1.27950307123686
124,1518,"s15","m1",-0.918706889049829,-0.841324758062004,0.472507662693454,-0.1619003478117,1.23257184332802
125,1520,"s15","m1",-1.07908780440552,-0.962971657347731,0.341530234046352,-0.669244117666697,1.78199753444088
126,1536,"s15","m1",-0.779901890477264,-0.736068791041211,0.717281501691227,-0.146739149203011,0.726919457561063
127,1541,"s15","m1",-0.820019144762058,-0.784828082493062,0.59358424780541,-0.602659930029225,1.05947467454208
128,1542,"s15","m1",-0.95997614744824,-0.847183997641472,0.588361959818186,-0.742189068083894,1.31026388972103
129,1552,"s15","m1",-0.933688403194795,-0.856954837111293,0.465669532538434,-0.546067744472621,1.23580673070992
130,1557,"s15","m1",-0.958573281047073,-0.84514999914493,0.431580841425063,-0.110622235462973,1.22447574320531
131,1558,"s15","m1",-0.933432661169449,-0.866529543147811,0.469551481084497,-0.52013448794241,1.44423619777252
132,1564,"s15","m1",-0.965949471628186,-0.866880573712467,0.477309349416402,-0.643697925376978,1.59331200115745
133,1576,"s15","m1",-0.95710165994663,-0.894953252097329,0.47952156987251,-0.653475572699626,1.58998007681835
134,1614,"s15","m1",-0.954783409859504,-0.863529161900334,0.407892994926301,-0.497222256396492,1.42179554831479
135,1621,"s15","m1",-0.94703795830887,-0.862115701126893,0.298182125002921,-0.910173021027352,1.52979893621071
136,1622,"s15","m1",-0.906563420487792,-0.860528531177562,0.493465428365565,-0.532592016109076,1.52508748879737
137,1627,"s15","m1",-0.93999372681057,-0.870605853599936,0.2824104138834,-0.433295535664966,1.54620187407943
138,1628,"s15","m1",-0.843958458358106,-0.695697029347265,0.685231168100195,-0.253487439610633,0.957885961899593
139,1645,"s15","m1",-0.92978582110399,-0.917997634660303,0.473493469616373,-0.798841978110359,1.46189056655094
140,1707,"s15","m1",-0.962765415047921,-0.830079298293948,0.550908629312142,-0.265559870319372,1.46886014524484
141,1727,"s15","m1",-0.925082730055005,-0.90080189560001,0.420742509551661,-0.424178505896188,1.31457362444333
142,1728,"s15","m1",-0.938668449542851,-0.841688140357127,0.522354873708139,-0.393346063558415,1.3007944994481
143,1736,"s15","m1",-0.979994057450272,-0.901278168028857,0.375509540248789,-0.447937064064224,1.68084642700267
144,1742,"s15","m1",-0.921693694317516,-0.846871479026555,0.310897687067041,-0.354836459270913,1.2980600505897
145,1752,"s15","m1",-0.939200631828307,-0.873311241253721,0.403441401377755,-0.420581205072933,1.32432650541942
146,1762,"s15","m1",-0.931325633382052,-0.911447490201974,0.412904013073834,-0.99727638452369,1.38766706062867
147,1763,"s15","m1",-0.910622025043277,-0.882251926144747,0.588906558859691,-0.809478826192847,1.30013078733649
148,1769,"s15","m1",-0.878421588561348,-0.838822074700123,0.502015275401003,-0.489516967616344,1.18322135888254
149,1811,"s15","m1",-1.03747897592695,-0.856742538063443,0.365120327654438,-0.796047669962459,1.51464952604502
150,1812,"s15","m1",-0.924502649721004,-0.870714105395657,0.522649153685306,-0.244342521285806,1.66576782606612
151,1829,"s15","m1",-0.903620890820019,-0.832581639437074,0.530699129455769,-0.486300221521363,1.4209299467141
152,1834,"s15","m1",-0.88471998082259,-0.744655102341566,0.405446259719528,-0.254532772626076,0.955707163374436
153,1835,"s15","m1",-0.933248986763267,-0.884689333068929,0.503490861384572,-1.40268267543356,1.38992951253575
154,1854,"s15","m1",-0.865698775853926,-0.901697886253039,0.590203417535607,-0.513403656781776,1.38592669678284
155,1855,"s15","m1",-0.931409951085283,-0.830246912977542,0.423848224955827,-0.659961601043588,1.16320774235249
156,1876,"s15","m1",-0.885554046355121,-0.897283581966651,0.467503848790802,-0.515220615262849,1.13663064543961
157,1879,"s15","m1",-0.841515937500373,-0.744525011642101,0.446599587391957,-0.195418433415205,0.946372168478452
158,1896,"s15","m1",-0.878497999497174,-0.918707719738762,0.522131877479165,-0.635799513454258,1.32820115968415
159,1902,"s15","m1",-0.898574770992463,-0.817838948334229,0.563381082532376,-0.580318249114254,1.03233485930556
160,1903,"s15","m1",-0.955041041006777,-0.937317490033777,0.497112263752448,-0.423830732082636,1.83493850516836
161,1904,"s15","m1",-0.863043407684041,-0.812552024783691,0.578771869370946,-0.266361280343454,1.31249668342717
162,1911,"s15","m1",-0.873371108847847,-0.779230521838702,0.61165965509953,-0.49254550145462,1.25075770733044
163,1950,"s15","m1",-0.953505957259786,-0.950782722498518,0.463405340300382,-0.858489973159192,1.7526623921311
164,1957,"s15","m1",-0.896377310903245,-0.808730324579384,0.51241776496523,-0.216735600266142,1.23218005861833
165,2033,"s15","m1",-0.840066044448401,-0.783845337638039,0.571749817522405,-0.631949579049417,0.998119005930051
166,2039,"s15","m1",-0.936874537816695,-0.85020140003602,0.485138532993263,-0.826059437309823,1.00752276383869
167,2062,"s15","m1",-0.935920473849257,-0.895807962958936,0.59171363384336,-0.574972147815706,1.34225008013815
168,2065,"s15","m1",-0.90936965892182,-0.858775319592733,0.461549087076549,-0.038932887294341,1.4535940155877
169,2078,"s15","m1",-0.923047443408612,-0.895713985446393,0.457112023544577,-0.285209852673123,1.54928475876033
170,2080,"s15","m1",-1.04754445017809,-0.985123369976883,0.36509876431044,-1.20432728122677,1.92993446365464
171,2083,"s15","m1",-0.869801206166987,-0.848778062014497,0.400122707045136,-0.407792433444873,1.2773740018249
172,2091,"s15","m1",-0.912667796719046,-0.854545486989819,0.665208882318289,-0.507552624077402,1.31624291333355
173,2092,"s15","m1",-1.01520923058659,-0.883787252044758,0.514788437495615,-0.660176920912487,1.60087693182978
174,2103,"s15","m1",-0.87043141917693,-0.781903636085184,0.731155557773997,-0.181613222722066,0.95172385931206
175,2140,"s15","m1",-0.857826054560576,-0.847473985292051,0.478542671438211,-0.374305131729189,1.16438336100454
176,2149,"s15","m1",-0.899956308253585,-0.863288000900217,0.294451153132116,-0.784219823895893,1.47515696632806
177,2162,"s15","m1",-0.944433903088046,-0.874846412223785,0.506096809778018,-1.18063994421014,1.41689416573441
178,2217,"s15","m1",-0.858362204145013,-0.832831963026764,0.498323088206261,-0.231955862048872,1.15061023517623
179,2227,"s15","m1",-0.91122839823813,-0.8648292732107,0.553468211855583,-0.218198241364976,1.0857487934833
180,2249,"s15","m1",-0.927552703931818,-0.881614703738126,0.373718710879473,-0.463212145952135,1.26148569872483
181,2257,"s15","m1",-0.871991786434776,-0.806543020741393,0.486367032293445,-0.49312701776024,1.34047629864969
182,2264,"s15","m1",-1.00190349719216,-0.915086370550656,0.334422648508849,-1.17886794117309,1.51386647269903
183,2272,"s15","m1",-0.988889966714141,-0.878436571192874,0.334528269190626,-1.28627484283392,1.32996346177426
184,2312,"s15","m1",-0.908470361210557,-0.84830060598973,0.624095827885867,-0.576104226236991,1.1222079824244
185,2314,"s15","m1",-0.963321697889075,-0.910869458126019,0.409204015102938,-0.63839038660345,1.37716116658586
186,2330,"s15","m1",-0.891601236167901,-0.910152778577038,0.441206070660135,-0.485328210809864,1.29900981315733
187,2333,"s15","m1",-0.858173659288146,-0.740135149524086,0.668387193162562,-0.180655922978307,0.927050043505896
188,2341,"s15","m1",-0.944082066435491,-0.847405005074569,0.525534388307846,-1.04003781484945,1.26239316305189
189,2352,"s15","m1",-0.850303331751748,-0.820632446523014,0.54469995868258,-0.302093923129328,1.10147506406067
190,2363,"s15","m1",-0.87519123390781,-0.822610413402894,0.613941903375804,-0.606066564840423,1.24220124895481
191,2385,"s15","m1",-0.904164157841969,-0.857743268958122,0.532007569886057,-0.436082358628745,1.35212824590808
192,2391,"s15","m1",-0.966324150043235,-0.942918535666029,0.396793878279485,-0.71170388639858,1.48580821377981
193,2439,"s15","m1",-0.957129759283419,-0.90495589378213,0.428838169090391,-0.966504747207624,1.56888122190543
194,2452,"s15","m1",-0.946106818357784,-0.875841080022715,0.455023257656725,-0.761793042609865,1.38402084856094
195,2469,"s15","m1",-0.873361037429496,-0.916951225841034,0.612013778775213,-0.263306462797152,1.46716808375661
196,2472,"s15","m1",-1.00470590682025,-0.947276220286292,0.388232484927666,-1.02179225773743,1.74920531358733
197,2476,"s15","m1",-0.972108560231154,-0.866588403925563,0.372458382990144,-0.413656372337512,1.27309065150992
198,2477,"s15","m1",-0.88528401043581,-0.844471641302943,0.643798032250923,-0.645273490748859,1.28522956779073
199,2498,"s15","m1",-0.893090533061317,-0.837480199698771,0.546116973864117,-0.470302604306478,1.35083900665627
200,2519,"s15","m1",-0.924645768101868,-0.819923017466491,0.522419936424405,-0.604126867900876,1.04388614704879
201,2542,"s15","m1",-0.911231886765046,-0.765186082475023,0.573881953809463,-0.479637103859963,1.19099703010143
202,2548,"s15","m1",-0.832546074059801,-0.826165628783859,0.339511586809063,-0.330259249029757,1.14830620265199
203,2554,"s15","m1",-0.928927884463241,-0.810414542981277,0.598848621460707,-0.542836529365147,1.30389618655891
204,2558,"s15","m1",-0.942692027794402,-0.832549195458749,0.545996945077676,-0.653075384773465,1.35540661741339
205,2589,"s15","m1",-0.925299792444817,-0.843324785099919,0.41878506769611,-1.0327692383714,1.24136815232145
206,2615,"s15","m1",-0.979902546036266,-0.902925614697721,0.290857118204723,-0.602911517589362,1.40805622424238
207,2632,"s15","m1",-0.898773696729481,-0.814045154925481,0.608969372245158,-0.131805818539824,1.19312965191914
208,2653,"s15","m1",-0.82014904926212,-0.870550684520054,0.529100592200338,-0.42604915875233,1.08579090893627
209,2662,"s15","m1",-0.943526789417496,-0.950213814089433,0.537551760134653,-0.809630881038724,1.52575796621336
210,2665,"s15","m1",-1.08010909367554,-0.964245769493639,0.33362106434566,-0.644749362872905,1.80781744459209
211,2679,"s15","m1",-0.885267027972378,-0.877795219089232,0.376663268257001,-0.863257642694103,1.15600497290637
212,2695,"s15","m1",-0.912781193853899,-0.869055401424548,0.480083909987178,-0.766188610533147,1.31174146438084
213,2711,"s15","m1",-0.934362671437433,-0.945492163657058,0.341861519653214,-0.857055082752366,1.43871580234488
214,2715,"s15","m1",-0.843187457700256,-0.858031566840797,0.552358299769945,-0.397895683370456,0.847765482759826
215,2748,"s15","m1",-0.937784286120441,-0.851229632298155,0.546243288559707,-1.36500476885174,1.14800044507939
216,2768,"s15","m1",-0.871933506200646,-0.813980485692802,0.542601258899827,-0.472628064787747,1.17630925513091
217,2779,"s15","m1",-0.937111947791631,-0.920680189442947,0.357871688376887,-0.991917986312614,1.55232393256943
218,2801,"s15","m1",-0.948913544383045,-0.934845881620292,0.47097512863843,-0.643030951642885,1.5357540911714
219,2803,"s15","m1",-0.971908540832862,-0.897208143408835,0.314305076743351,-0.641741185588475,1.37146848007071
220,2817,"s15","m1",-0.902516398811744,-0.94341672090329,0.441606601680195,-0.547396189089288,1.55188434151564
221,2826,"s15","m1",-0.929324861078317,-0.834188502083825,0.420273433138006,-0.405045213400802,1.19546986344103
222,2848,"s15","m1",-0.917825685403839,-0.862015588989486,0.331998746885398,-0.631217009262695,1.22657959612383
223,2863,"s15","m1",-0.90762289115944,-0.852236501562461,0.400710297164194,-0.773590322974026,1.16332464008661
224,2873,"s15","m1",-0.926736783930615,-0.827792320026362,0.462867951893574,-0.335958747822283,1.53602592135678
225,2886,"s15","m1",-0.864621481493174,-0.790605794013621,0.645826882615719,-0.348863815969006,1.10629278190775
226,2894,"s15","m1",-0.922810740551867,-0.824548464345772,0.448226204402535,-0.690607829009097,1.1656713677884
227,2911,"s15","m1",-0.970909837816455,-0.851722243444993,0.653114836514594,-1.15639881180541,1.60003404184469
228,2932,"s15","m1",-0.798799089018495,-0.788293474190874,0.643136098740355,-0.43416746457467,0.967329156561302
229,2940,"s15","m1",-0.913616683659785,-0.85119987126406,0.445930395927153,-0.334772374805038,1.24658101807577
230,2947,"s15","m1",-1.03187130290342,-0.879934845591844,0.456383272916344,-0.620686812298878,1.50007073812682
231,2952,"s15","m1",-0.88837715053584,-0.808331166234276,0.727512645915326,-0.320682584779692,1.28815126996927
232,2954,"s15","m1",-1.04114226522556,-0.899348150697785,0.296268227535192,-0.734669038009732,1.43030043145387
233,2969,"s15","m1",-0.952033363742039,-0.87582912223482,0.498049358272273,-0.403405590622623,1.58523599453257
234,2971,"s15","m1",-0.997797541945276,-0.960331892528293,0.34258700558026,-0.676200581225955,1.65575343921205
235,2974,"s15","m1",-0.93767255468346,-0.900730125497382,0.498921006857386,-0.724225644789612,1.51097969690913
236,2987,"s15","m1",-1.03126230406771,-0.841019907517192,0.448188239267963,-0.948385022244757,1.42054527109849
237,2992,"s15","m1",-0.999882662966512,-1.00151780496249,0.482134448253099,-0.709360049272562,1.82941323419012
238,3004,"s15","m1",-1.00026116307305,-0.828264351954797,0.291097635734324,-0.629019940325371,1.34231139853839
239,3007,"s15","m1",-0.898522633212726,-0.83978417921358,0.457798345486015,-0.47101479075749,0.939036940734084
240,3027,"s15","m1",-0.99509561313221,-0.973272573513593,0.445114809390332,-0.376716207454053,1.85696149324829
241,3031,"s15","m1",-0.951381448834185,-0.831034095948652,0.452531227471037,-0.303329487993992,1.556020644343
242,3032,"s15","m1",-0.844806912987582,-0.86207564516504,0.388765730157315,-0.872012043066028,1.17634656692111
243,3049,"s15","m1",-0.926159500474229,-0.838495320363746,0.529555521241695,-0.576456247580798,1.29369712282252
244,3065,"s15","m1",-0.919837098460426,-0.877216599398442,0.381281830852122,-0.29659777094475,1.18133607960902
245,3068,"s15","m1",-0.937176858057432,-0.928778780578969,0.200128815934554,-0.596732457365454,1.51781902955719
246,3093,"s15","m1",-0.917476072777177,-0.887745002748036,0.494545284258197,-0.662150160063744,1.4037424414449
247,3099,"s15","m1",-0.867936227618258,-0.824310328226398,0.520561541140407,-0.926725680376374,1.15737277167293
248,3101,"s15","m1",-0.837756603411608,-0.789230028330801,0.330146612825503,-0.489037740821267,1.00254447117817
249,3108,"s15","m1",-0.981984513413928,-0.915729606297982,0.268970097754845,-0.462215451791992,1.46913127290112
250,3122,"s15","m1",-0.875440123747436,-0.890879533746184,0.55875894159646,-0.58189433600293,1.32966294451123
251,3139,"s15","m1",-0.898346564005233,-0.866440624010684,0.605765294148766,-0.400250068172078,1.35329997975834
252,3159,"s15","m1",-0.985555433037453,-0.929146935779555,0.309427360658423,-0.342218377636175,1.60413522453359
253,3177,"s15","m1",-0.927712549471214,-0.911595919153838,0.547243636044856,-0.645958890858132,1.38418891969602
254,3189,"s15","m1",-1.01079532177627,-0.859486800422129,0.369438633478535,-0.400965908824708,1.26949856718246
255,3204,"s15","m1",-1.00724498251188,-0.944199999458758,0.332671678178068,-0.684742543790247,1.60114867987089
256,3211,"s15","m1",-0.938053225984144,-0.792295654372209,0.369732611577591,-0.421448994992325,1.24672355504955
257,3214,"s15","m1",-0.879870023455887,-0.863119631373446,0.442249477171655,-0.400865676568246,1.39891281562207
258,3216,"s15","m1",-0.875930697465645,-0.814123171717573,0.589060177718035,-0.467802192075708,1.27181764717377
259,3268,"s15","m1",-0.855299177899699,-0.838525753889783,0.262414620159485,-1.20510012010426,1.20316717574472
260,3307,"s15","m1",-0.821467340044795,-0.858843334131754,0.643626863798767,-0.525943881734125,1.16957431348277
261,3312,"s15","m1",-0.900716970747048,-0.806121874543557,0.603928467095087,-0.503601848317218,1.29868933878629
262,3313,"s15","m1",-0.998258022997908,-0.933906877775253,0.431370753422776,-0.401692581140806,1.85501934544393
263,3321,"s15","m1",-0.922680895294387,-0.75787494418455,0.574222648607949,-0.307919571723849,1.24184744704933
264,3322,"s15","m1",-0.919922590580079,-0.902092913128699,0.468150713503657,-0.461111509050579,1.40249153156632
265,3326,"s15","m1",-0.93794949639421,-0.849611812484928,0.402814836079554,-0.871090091298965,1.35438392155523
266,3331,"s15","m1",-0.922378402800328,-0.838057669543725,0.292939377870532,-0.541186063003355,1.45199300217477
267,3352,"s15","m1",-0.798309577589177,-0.82410490068365,0.721106980617841,-0.41561234697371,1.07964345230965
268,3361,"s15","m1",-1.00507898816863,-0.880172757226501,0.37923193728021,-0.678116093123484,1.69363844914231
269,3366,"s15","m1",-0.887062386949221,-0.793469381721438,0.534418682587544,-0.635239550442581,1.18350629450249
270,3375,"s15","m1",-1.01670357783863,-0.93288822926583,0.301438580647625,-0.749645190528357,1.63956806147119
271,3378,"s15","m1",-0.871980575107048,-0.78809810881904,0.490552640762182,-0.266186783750555,1.22421475992743
272,3391,"s15","m1",-0.934531417618111,-0.889125711325147,0.347068900496057,-0.556927150305743,1.2784503224858
273,3399,"s15","m1",-0.996510148634392,-0.873255367972858,0.410027357289244,-0.459890801995831,1.65288483569988
274,3403,"s15","m1",-0.947777413302446,-0.895326448209325,0.275691743785877,-0.666099878685507,1.54442473273206
275,3425,"s15","m1",-0.950846913890837,-0.840117853560948,0.451944201887193,-0.748876310059917,1.49471126648363
276,3453,"s15","m1",-0.945847340384546,-0.835283430327463,0.365873550232825,-0.584196158076516,1.47240229650302
277,3487,"s15","m1",-0.944331105144473,-0.900823743308517,0.506242614990619,-0.735426285955712,1.52583474131906
278,3510,"s15","m1",-0.931996645289375,-0.913577008416516,0.329545673247748,-0.69489401654111,1.67828936884981
279,3528,"s15","m1",-0.964527188778209,-0.908775921623289,0.362683625131152,-0.850721609270268,1.58521565687038
280,3532,"s15","m1",-0.928544077044654,-0.890525231345362,0.591184632089075,-0.341444424780543,1.29283140233575
281,3535,"s15","m1",-0.863357379500403,-0.896856498672674,0.518382916424161,-0.125312825449613,1.50932819241621
282,3549,"s15","m1",-0.877223312473335,-0.816723198226846,0.520036138594822,-0.397397312770038,1.14830773414162
283,3561,"s15","m1",-0.883855310006058,-0.860725252118617,0.376853516768819,-0.288745440107577,1.33524500874572
284,3566,"s15","m1",-0.946906192997038,-0.864196003399228,0.419755079164144,-0.327096297186621,1.47363669119084
285,3585,"s15","m1",-0.934439147826759,-0.887668365965525,0.579844691296641,-0.858791926430423,1.44597921080602
286,3586,"s15","m1",-0.948884491084925,-0.849747768682766,0.607001931769139,-0.621005063346969,1.42149383142234
287,3597,"s15","m1",-0.883196174334454,-0.837356385319988,0.48468974559937,-0.32286255302857,1.06287968313092
288,3614,"s15","m1",-0.984648195336395,-0.873781528190654,0.329174060029863,-0.740985941949669,1.81339131983411
289,3617,"s15","m1",-0.942041071446815,-0.91830770593279,0.443957354716334,-0.586996283806605,1.30188891461374
290,3622,"s15","m1",-0.92340360182034,-0.866022083428894,0.449416865490058,-0.305889697542732,1.65799951869531
291,3636,"s15","m1",-1.0229985085844,-0.943874114542782,0.389998499511383,-0.74808152546865,1.94442781737465
292,3646,"s15","m1",-0.934453396486965,-0.794695626013668,0.589766862374834,-0.465095385804168,1.17760484895991
293,3664,"s15","m1",-0.884270625112157,-0.834714932905079,0.617856861464874,-0.553610228061785,1.45903925457087
294,3671,"s15","m1",-1.04017909661185,-0.911383154805013,0.437040192454847,-0.671888640568361,1.7007651262101
295,3673,"s15","m1",-0.796844868788719,-0.72125410181048,0.435271109935237,-0.240225987166095,0.653577490706407
296,3682,"s15","m1",-0.855164587852311,-0.882934911286867,0.541909462608536,-0.439272824147004,1.36256612480028
297,3693,"s15","m1",-0.985862271242976,-0.85342394068827,0.398472255745504,-0.334614278552848,1.4725732876669
298,3695,"s15","m1",-0.969362147358646,-0.87509397847053,0.441450333395791,-0.766242613074832,1.40415438790157
299,3699,"s15","m1",-0.889325183291054,-0.770570805206353,0.516035930784079,-0.180489894864159,1.08399747030331
300,3702,"s15","m1",-0.793038794045211,-0.757602339179716,0.772544529678188,-0.399055870076573,0.870528822169409
301,3710,"s15","m1",-1.03901413418068,-0.817490396024973,0.421626060772143,-1.00906231977432,1.50521253844312
302,3723,"s15","m1",-0.909171880722653,-0.80856738604999,0.50400247806186,-0.472377223713201,1.22258119704457
303,3741,"s15","m1",-0.945109261359365,-0.805361822169512,0.593011952146665,-0.647070700445813,1.41197589585597
304,3762,"s15","m1",-0.920293846103074,-0.878552266772463,0.742518276403685,-0.390148209527339,1.51913991426456
305,3764,"s15","m1",-0.956711196289912,-0.849653259433536,0.406736127904914,-0.178335395899569,1.49035850892833
306,3765,"s15","m1",-0.877703236848406,-0.810447589056222,0.528349970165342,-0.593779150965559,1.48203916145628
307,3775,"s15","m1",-0.924985731196801,-0.822558762339892,0.611355383250154,-0.632851281000121,1.35251018946623
308,3777,"s15","m1",-0.887254482330444,-0.787742818708127,0.61536559600558,-0.539459316064696,1.11521196156229
309,3781,"s15","m1",-1.00712274092549,-0.901521951657875,0.457023962430529,-0.728901489169593,1.59762838452933
310,3788,"s15","m1",-1.02008692004045,-0.958922127224745,0.0619779129347893,-0.559369795392859,1.70687369186617
311,3801,"s15","m1",-0.871157413978947,-0.85981815971701,0.384771688844281,-0.726302038350714,1.36047373788465
312,3820,"s15","m1",-0.9528827471564,-0.972915685129247,0.360580909567532,-1.00686811078556,1.54209262938053
313,3836,"s15","m1",-0.904233906640184,-0.866188588420432,0.515600003096857,-0.744656317606991,1.38837534867633
314,3842,"s15","m1",-0.973501899239927,-0.867514316158853,0.56374709915087,-0.42798504182409,1.30570266639923
315,3848,"s15","m1",-0.966229876829724,-0.80438570423901,0.335811093284862,-0.179044844655474,1.35415399355895
316,3849,"s15","m1",-0.862725663080888,-0.804186795004058,0.544780256093431,-0.563851633279161,1.04296609976083
317,3850,"s15","m1",-0.952658844677008,-0.912377899287861,0.430799813708384,-0.370664130079509,1.54398059723646
318,3860,"s15","m1",-0.927576084422406,-0.795713378101297,0.452206511728749,-0.435398094015001,1.46524353200972
319,3895,"s15","m1",-0.976878355366372,-0.825996225768775,0.364560919703072,-0.853319426521586,1.22123981690855
320,3902,"s15","m1",-1.00244350635941,-0.923513964491442,0.425805222478906,-0.10551432710519,1.73494903033531
321,3904,"s15","m1",-0.973717850736849,-0.839887521778386,0.280926845066629,-0.545182727718314,1.32640421678208
322,3933,"s15","m1",-0.973990141885686,-0.887406243249377,0.576480277104597,-0.4361405040501,1.45994761433736
323,3937,"s15","m1",-0.916094004907223,-0.921936286155442,0.5097713422208,-1.00741655762667,1.38245974544038
324,3948,"s15","m1",-0.880803623613623,-0.841051582358605,0.566697696355366,-0.382220828464171,1.40010106049058
325,3959,"s15","m1",-0.861385481184293,-0.813881837720505,0.476445586162519,-0.318886579087216,0.973300383920373
326,3968,"s15","m1",-0.952806689706011,-0.8753446924588,0.414157360006588,-0.58184482480791,1.17202112910172
327,3977,"s15","m1",-0.974740085637518,-0.961251510811677,0.368699463422111,-0.414848573290494,1.58492170352589
328,3978,"s15","m1",-0.972733763213048,-0.848006429538816,0.526920415925283,-0.533160648557561,1.43574817730152
329,3998,"s15","m1",-0.872844444761361,-0.77355124482945,0.606429219476248,-0.236423076642674,1.01903176625051
330,4010,"s15","m1",-0.94114900361702,-0.859783659767521,0.568215775738024,-0.483284974642534,1.5399034061864
331,4036,"s15","m1",-0.878379847636468,-0.861435869552509,0.455665517780497,-0.700843402804953,1.45633213458461
332,4045,"s15","m1",-0.909359699743261,-0.875464562442595,0.530225752580178,-0.671118694127035,1.3911617791506
333,4048,"s15","m1",-0.915209934222643,-0.855220053634879,0.48076935094864,-0.430496974912899,1.40437050148918
334,4061,"s15","m1",-0.883340613057235,-0.865193174634553,0.632598226928591,-0.405933774515964,1.42023701960967
335,4084,"s15","m1",-0.993671142621344,-0.926576340948384,0.40109975077954,-1.17489313762936,1.4058685864218
336,4092,"s15","m1",-0.939726974112233,-0.865927344609485,0.492848157603709,-1.00643274706905,1.19514700483249
337,4097,"s15","m1",-0.952371853370612,-0.764000833326397,0.480695238685095,-0.885712483129968,1.16460039767411
338,4124,"s15","m1",-0.868283229207952,-0.893366849665246,0.445098339947947,-0.544649019439989,1.20635047758554
339,4127,"s15","m1",-0.867597441643303,-0.839107215527653,0.419283224289233,-0.486101884360571,1.1043375122109
340,4134,"s15","m1",-0.856887475396148,-0.746199906311923,0.47101183264673,-0.254722766954028,1.11747886533886
341,4165,"s15","m1",-0.902704791119854,-0.839989478458145,0.566638964078614,-0.41555500301225,1.29527288868404
342,4175,"s15","m1",-0.902800343720664,-0.88332954107439,0.53103595128439,-0.526285292548273,1.54955588871162
343,4182,"s15","m1",-0.953953704487176,-0.867176891587985,0.526319375210064,-0.772289833757548,1.3487262577183
344,4207,"s15","m1",-0.917542508937256,-0.800653589714958,0.41325306434655,-0.532379997606866,1.21980433663906
345,4227,"s15","m1",-0.932269514360003,-0.930706036233534,0.510646001052585,-0.487724767298752,1.48588514106856
346,4235,"s15","m1",-0.958510518620746,-0.815831558371379,0.643131576335886,-0.574282173538621,1.28343643594647
347,4243,"s15","m1",-0.942755363535102,-0.83162682705424,0.451398545770794,-0.353198689266849,1.53043692024428
348,4252,"s15","m1",-0.997585727411687,-0.929809421520947,0.432800890588784,-1.35825736081924,1.62088728808505
349,4255,"s15","m1",-0.979733498714569,-0.866106079072914,0.44358127955912,-0.806679896443713,1.47973114875758
350,4263,"s15","m1",-1.03805557337283,-0.885854533641202,0.369929343084021,-0.445812719073193,1.55347219024858
351,4264,"s15","m1",-1.0436918800441,-0.933347206790546,0.302944641402419,-0.602001042116438,1.6489395129375
352,4265,"s15","m1",-0.948351281576427,-0.894413887031196,0.257235771934959,-1.03609784975921,1.4814334099624
353,4266,"s15","m1",-0.866537162065466,-0.887179130334102,0.364886234448968,-0.48395220470536,1.08368593899432
354,4279,"s15","m1",-0.916862152436306,-0.862740366039899,0.365059460696063,-0.6518996722225,1.39976498612767
355,4311,"s15","m1",-0.910269175396565,-0.850191232491188,0.386209994275818,-0.683961540924387,1.30400303827631
356,4314,"s15","m1",-0.957161884302083,-0.892918325939917,0.3778795371542,-0.918893494252947,1.46753414101178
357,4316,"s15","m1",-0.928860801495131,-0.845775916394856,0.725629693363341,-0.768883334815761,1.39426928713599
358,4318,"s15","m1",-0.894139589041801,-0.784972455802032,0.600828878497115,-0.563851507787342,0.801769268632103
359,4325,"s15","m1",-0.969840001645708,-0.955163779433255,0.498056761219643,-0.861367656288552,1.55391841210684
360,4340,"s15","m1",-0.868032612653698,-0.800838354565653,0.435719826580638,-0.457355553292082,1.21095753991047
361,4360,"s15","m1",-0.828742079234886,-0.742275836703084,0.544571935452547,-0.450537163848083,1.11062849966019
362,4378,"s15","m1",-0.888859349156902,-0.784326606476809,0.581638860690217,-0.468505892042554,1.22465435420147
363,4393,"s15","m1",-0.868489892134836,-0.873198021721955,0.560372982061988,-0.481672252470462,1.15970347834001
364,4412,"s15","m1",-0.920821317975597,-0.761633533274583,0.609158891631014,-0.56331799204711,1.10397174279217
365,4418,"s15","m1",-0.915022879113753,-0.851731700904338,0.30638177090449,-0.504073888983375,1.41815220200885
366,4428,"s15","m1",-0.944002342835755,-0.932038085268491,0.294223550676898,-0.499796739631975,1.45084773462661
367,4432,"s15","m1",-0.95231315112408,-0.91515069195977,0.428693711305503,-0.236786060664204,1.64522494706873
368,4437,"s15","m1",-0.953400129790231,-0.93854849358822,0.329786607424998,-0.324001066932857,1.49258532225541
369,4453,"s15","m1",-0.903362614376699,-0.792493141867485,0.414422823209619,-0.175433340437156,1.07696488150254
370,4468,"s15","m1",-0.954063769066132,-0.89959094300753,0.391560783478532,-0.97278173504481,1.65704786857408
371,4469,"s15","m1",-0.810232579216051,-0.818933366977765,0.595365542524079,-0.655848725801264,1.12721696310415
372,4474,"s15","m1",-0.977893662702353,-0.828996650725513,0.570453821881859,-0.562622102998413,1.5760133377724
373,4476,"s15","m1",-0.911462664975431,-0.941511231710542,0.356599742084713,-0.772922494423094,1.69358309023155
374,4480,"s15","m1",-0.819284050812807,-0.816760123207459,0.548386931527769,-0.389930894038908,1.04232343904143
375,4489,"s15","m1",-1.0013172369689,-0.939812621554309,0.250903800443535,-0.635840743770512,1.41378340763705
376,4496,"s15","m1",-0.838567595528328,-0.766801347854074,0.646746427414982,-0.433139716491128,1.08047214714055
377,4498,"s15","m1",-0.92087332501169,-0.887756349563393,0.410334801339103,-0.386994946642053,1.41395344427623
378,4504,"s15","m1",-0.945593641777194,-0.875371557139163,0.525438229780539,-0.617018091747701,1.32776516766683
379,4506,"s15","m1",-0.932970787451428,-0.869576717541908,0.527964495953208,-0.896616865101705,1.59637304760938
380,4516,"s15","m1",-0.879867964322344,-0.874606120837453,0.454590825684877,-0.383072129834258,1.30559843044769
381,4543,"s15","m1",-0.946034805536573,-0.854743327466129,0.585705215147747,-0.294731567825365,1.56451794797842
382,4546,"s15","m1",-0.896000760673421,-0.752649674880863,0.434963180721052,-0.284851682010611,0.91944048161696
383,4566,"s15","m1",-0.884007536233475,-0.839432275074909,0.52686400338372,-0.621982621385108,1.26547576402283
384,4572,"s15","m1",-0.838482218174869,-0.831285591434448,0.579194979100768,-0.368472274289924,1.13270161046784
385,4587,"s15","m1",-0.989543629647008,-0.92797312155556,0.513650702729659,-0.761458488133112,1.36748337560773
386,4620,"s15","m1",-0.990145448321247,-0.925902204266239,0.380216122666899,-0.755662218647728,1.57692501247968
387,4623,"s15","m1",-0.979045493598626,-0.899446583829826,0.425985467975084,-0.707255694154061,1.7943749152215
388,4641,"s15","m1",-0.96353110975666,-0.903796151925172,0.477199548341174,-0.514432741250566,1.54076887141251
389,4644,"s15","m1",-0.745479343676593,-0.770987369151301,0.695169376306246,-0.267130376987743,0.963498845409557
390,4669,"s15","m1",-0.993535728062076,-0.944407892543313,0.420357306114509,-0.597160583585198,1.48233300903181
391,4674,"s15","m1",-0.819947576763116,-0.781087264920581,0.645311422260039,-0.858431031055804,1.06864185088883
392,4676,"s15","m1",-0.956325561208635,-0.869260210321425,0.419631290548515,-0.782555804978389,1.45005722794157
393,4680,"s15","m1",-0.856246891213384,-0.892543017470875,0.375981535520138,-0.58990614896652,1.36853039991456
394,4687,"s15","m1",-0.877977159409724,-0.903266868126075,0.547848510595512,-0.577008291286598,1.26856981177115
395,4688,"s15","m1",-0.839007301934071,-0.879178147247236,0.464539572796709,-0.697377318386026,1.19131341462526
396,4693,"s15","m1",-0.862512205641923,-0.79730156711239,0.549304533625704,-0.631916830727022,0.927814264260522
397,4707,"s15","m1",-0.898688335353248,-0.845121680075054,0.605964673388455,-0.659713057429205,1.32507455805841
398,4729,"s15","m1",-0.92290782176717,-0.818626226681547,0.38428608318724,-0.506229430653019,1.31231642767788
399,4748,"s15","m1",-0.928806254246937,-0.845780029348195,0.465972582470157,-0.667760096297152,1.30905456821462
400,4757,"s15","m1",-0.921457309596171,-0.907226860239017,0.450563960554704,-0.435497176135971,1.32896261004098
401,4787,"s15","m1",-0.994964299318287,-0.906963587072311,0.547453198479348,-1.12769783393285,1.49199079711198
402,4804,"s15","m1",-0.935988280008846,-0.889759608537566,0.393571388349253,-0.868447614150354,1.64188108817483
403,4810,"s15","m1",-0.800412071142175,-0.767507209534781,0.353861274262015,-0.330915324827189,0.76490875873591
404,4819,"s15","m1",-0.910198817144546,-0.837013117785647,0.465545435649991,-0.468211984123289,1.35460236445859
405,4822,"s15","m1",-0.927101217441491,-0.880417842231183,0.37664338126076,-0.6724735645183,1.35550542107251
406,4826,"s15","m1",-0.89438604976353,-0.822990222032778,0.53532250493487,-0.496045963997152,1.21987199573584
407,4870,"s15","m1",-0.898205396833037,-0.812221371558367,0.511376320048143,-0.330251380360851,1.34472405850668
408,4872,"s15","m1",-0.881089629353818,-0.84155987388268,0.525348380608751,-0.429214993345855,1.15556113168279
409,4876,"s15","m1",-0.986891228127673,-0.868982911619141,0.621535336070775,-0.782419239538018,1.73921422209696
410,4879,"s15","m1",-0.80274378540751,-0.805451220483556,0.469977620747519,-0.52929352630506,1.07472647542874
411,4881,"s15","m1",-1.04679230567218,-0.928842459484962,0.522010733579354,-0.23577376377577,1.77915080420471
412,4889,"s15","m1",-0.896405069985633,-0.837757660805048,0.585810867924535,-0.6334111970847,1.27571417812384
413,4950,"s15","m1",-0.952316731318547,-0.913549785703557,0.467456979614437,-0.441407733428306,1.61528190596718
414,4957,"s15","m1",-0.847340773287002,-0.772555118381593,0.569672839036557,-0.613675064642147,0.849545782322958
415,4969,"s15","m1",-0.9566903332517,-0.922647005333788,0.395984271260484,-1.05217492711157,1.7676857210618
416,4988,"s15","m1",-1.03109624560814,-0.902946718452157,0.384833103376974,-0.778789482843057,1.94509564463468
417,4996,"s15","m1",-0.941912651874908,-0.863611139326067,0.325917776233631,-1.2281325686763,1.4179902991383
418,5003,"s15","m1",-0.843561298034881,-0.808124817622966,0.526132597873089,-0.943341310083062,1.06140444552731
419,5020,"s15","m1",-0.949958918100962,-0.856155924260448,0.493865207982857,-0.883933845030039,1.28315025278649
420,5021,"s15","m1",-0.889430784327886,-0.88308274483571,0.54199643880862,-0.589779902502861,1.52411212742632
421,5028,"s15","m1",-0.865177256353866,-0.931085303135294,0.37329632824474,-0.592695543944465,1.40464705339208
422,5041,"s15","m1",-1.00600903140639,-0.865498830174228,0.37434362807057,-0.477902510791062,1.47317842739515
423,5053,"s15","m1",-0.959537862438388,-0.822906403008034,0.466471828071607,-0.697654630138282,1.41881283495879
424,5063,"s15","m1",-0.822423011850259,-0.830081815018702,0.539133428697618,0.18796275060327,1.11161362970257
425,5070,"s15","m1",-0.965913760582409,-0.906199334910968,0.478119588549335,-0.392424673045249,1.40376607199896
426,5077,"s15","m1",-0.811125000274803,-0.760142052063508,0.549036990315869,-0.405666197686178,1.0306656572759
427,5122,"s15","m1",-0.931680208892001,-0.899899744591367,0.506583709107771,-0.646569268187445,1.48658601547543
428,5136,"s15","m1",-0.982608840646007,-0.950734554279818,0.431500361070234,-0.399133810421061,1.71441317060966
429,5149,"s15","m1",-0.992655979769505,-0.887503974414941,0.510622359276284,-0.749275324869737,1.26966537649326
430,5174,"s15","m1",-0.916616919985589,-0.888953090720455,0.338410575097251,-0.820904345793178,1.45826524268085
431,5198,"s15","m1",-0.910704121391278,-0.850228402895291,0.423438857188697,-0.780101855449785,1.07819362459273
432,5207,"s15","m1",-0.869814751995728,-0.846785968085682,0.552717765625387,-0.242795563050027,1.21631118635012
433,5211,"s15","m1",-0.867422563682338,-0.777738014839899,0.583818642798035,-0.251257295910857,1.09963966073405
434,5217,"s15","m1",-0.909340550365503,-0.861936674917922,0.418439690305774,-0.554938346470761,1.46158047438057
435,5240,"s15","m1",-0.852907101814287,-0.790284238239186,0.667163542224205,-0.629262836175739,1.21133520812087
436,5243,"s15","m1",-0.855823555370884,-0.819254069362681,0.502160786919731,-0.380621263297804,1.16004131201982
437,5245,"s15","m1",-0.964904717067276,-0.929988142185349,0.373954676813658,-0.751340319570657,1.52631391540887
438,5251,"s15","m1",-0.941148770245353,-0.875148206411544,0.4912460826044,-0.575967473999039,1.62447096687244
439,5256,"s15","m1",-0.921783591992112,-0.952573855057115,0.381206843598912,-0.752060432938177,1.40444567453209
440,5266,"s15","m1",-0.914442991858677,-0.88793127845216,0.455001158707119,-0.336679891398489,1.26561604380412
441,5270,"s15","m1",-0.967172671204701,-0.896422431046648,0.416660503619241,-0.724379310725962,1.3747577572642
442,5281,"s15","m1",-0.901921784260127,-0.840828130216287,0.561588361664254,-0.473242323355408,0.983890053138805
443,5283,"s15","m1",-0.892327783715949,-0.851849918500146,0.499669540651347,-0.536490247015963,1.32996722128178
444,5295,"s15","m1",-0.969494117601994,-0.898484934701209,0.305274706830206,-0.805639185195571,1.57039155782668
445,5311,"s15","m1",-0.954614961189231,-0.845720022795958,0.389939539078226,-1.00332861180873,1.33911404676174
446,5318,"s15","m1",-0.838668009379057,-0.851905939316065,0.483083108627596,-0.600785664695562,1.22996920340008
447,5335,"s15","m1",-0.889205228507657,-0.855762667175313,0.38444780380191,-0.925112865991957,1.38829312722078
448,5339,"s15","m1",-0.93429262728834,-0.846316716182584,0.492635315969119,-0.254581723910608,1.27397957200301
449,5355,"s15","m1",-0.912324391665824,-0.887414895865528,0.363780393091063,-0.587151425557021,1.60295151619879
450,5362,"s15","m1",-0.915834223194476,-0.894716875219263,0.459359795238494,-0.476009313926753,1.40004983518391
451,5367,"s15","m1",-0.969387461993682,-0.909924623828394,0.427082680776858,-0.717423154818745,1.45935425156631
452,5375,"s15","m1",-0.936878003332965,-0.861457190954295,0.601535495914587,-0.751948614811346,1.37367582955892
453,5384,"s15","m1",-0.864736017255333,-0.857458667662418,0.558864419070687,-0.407963374195261,1.16893241764123
454,5397,"s15","m1",-0.906134461976127,-0.919050101684335,0.454270041826991,-0.281710647957502,1.29158222694962
455,5422,"s15","m1",-1.0625030513701,-0.885030449335921,0.467342994745457,-0.605197054672644,1.59678679218164
456,5439,"s15","m1",-0.885090402350876,-0.80498462195914,0.538485167494394,-0.665798589632656,1.13832175639816
457,5455,"s15","m1",-0.880518750187133,-0.833464625940585,0.61527715836821,-0.44570168154175,1.21899587898238
458,5459,"s15","m1",-0.901891585526354,-0.845263434025617,0.49742818778143,-0.75927695596131,1.2918647463137
459,5462,"s15","m1",-0.958111075203508,-0.829938966253503,0.473852207607984,-0.701649949406514,1.15476207966635
460,5475,"s15","m1",-0.958507394716987,-0.832163536130318,0.581396610655812,-0.886799451162592,1.50320587258884
461,5476,"s15","m1",-0.995833862617655,-0.864473699835944,0.449097621921105,-0.66204533158518,1.49520668291868
462,5481,"s15","m1",-0.93888191010192,-0.905971011305055,0.303118813182779,-0.746603048898594,1.51016732432157
463,5489,"s15","m1",-0.890350422600045,-0.81411771092418,0.61283876551315,-0.453539040713682,1.09802779004629
464,5491,"s15","m1",-0.953994541619993,-0.818878598297334,0.322066636229315,-0.675792438110462,1.12758333947
465,5500,"s15","m1",-0.957331116315116,-0.93977761693787,0.482247559059302,-0.866311530230555,1.56997788412562
466,5505,"s15","m1",-0.883999722678761,-0.863701370190604,0.508151010101434,-0.710001594068696,1.2120454118028
467,5508,"s15","m1",-0.91942312555844,-0.88861354503311,0.424305022378365,-0.415828422873027,1.2759155049589
468,5511,"s15","m1",-0.93197483170957,-0.872687194515913,0.410246815090404,-0.508285337665113,1.48481668308034
469,5532,"s15","m1",-0.992727282399967,-0.937888527439225,0.383294800263927,-0.664793482467317,1.59345022636373
470,5549,"s15","m1",-0.812618603405822,-0.788716570745756,0.655039397879193,-0.554650605069259,1.30359690739699
471,5557,"s15","m1",-0.909446984665929,-0.894480229441547,0.191519608992649,-0.865254096210311,1.38468180350586
472,5562,"s15","m1",-0.913726342010679,-0.861185776043353,0.632876131686556,-0.170480520082175,1.71648742238739
473,5575,"s15","m1",-0.983954484171187,-0.9985705570884,0.49631255266572,-1.58274318080973,1.84316472331858
474,5578,"s15","m1",-0.879053774319896,-0.850989599446158,0.657157456004101,-0.945669898501699,1.27933047298757
475,5589,"s15","m1",-0.864219422166607,-0.83734370541259,0.632601728742529,-0.312664694151454,1.10336834712901
476,5596,"s15","m1",-0.98679548573979,-0.87752356573814,0.52052347954382,-0.373920388399497,1.4654566220393
477,5612,"s15","m1",-0.954087116803959,-0.87840086412955,0.445683286665011,-1.04148337989722,1.59941651348842
478,5619,"s15","m1",-0.905238463850047,-0.846031917808315,0.304548898499389,-0.335655847082623,1.29312582394145
479,5621,"s15","m1",-0.894580935645669,-0.898328938198268,0.598511569723056,-0.687233896900836,1.29782501591907
480,5624,"s15","m1",-0.874855619736899,-0.782815508178051,0.54494134376951,-0.561893271303137,1.28010461158533
481,5626,"s15","m1",-1.00121225128303,-0.918293660575741,0.441937674737718,-0.947131248364956,1.67566582776919
482,5643,"s15","m1",-0.850129810971032,-0.809276278345046,0.450544557524302,-0.589609907537526,1.24010730121426
483,5646,"s15","m1",-0.856178396215002,-0.829110449037388,0.562468553734886,-0.465014902452469,1.2373646016636
484,5654,"s15","m1",-0.93147640910764,-0.844224254018306,0.47791550283943,-0.619359650197289,1.29646477595839
485,5665,"s15","m1",-0.883209833646314,-0.80187127047907,0.47180853387727,-0.318665711435836,1.12812624838269
486,5668,"s15","m1",-0.804839149907409,-0.775812285919094,0.679877886458709,-0.386189179141987,0.952369184900749
487,5677,"s15","m1",-0.945638922278175,-0.883578320209406,0.401571232381515,-0.655066594655873,1.37714807588765
488,5687,"s15","m1",-0.957492289611978,-0.869888633596818,0.463729355181436,-0.716712124859093,1.40423266162248
489,5688,"s15","m1",-0.976591727963144,-0.88028362883599,0.264848342319524,-0.661177626528215,1.47209336683077
490,5704,"s15","m1",-0.88408901480795,-0.896773640610049,0.343201214444483,-0.765978424042579,1.61765928723446
491,5711,"s15","m1",-0.9053621455759,-0.892014910250663,0.6371061024249,-0.873439273055704,1.6031154691803
492,5738,"s15","m1",-0.903354296407414,-0.87174465781273,0.444735557968827,-0.591244831294291,1.1402623872221
493,5752,"s15","m1",-0.957931640277627,-0.94332764173123,0.249630437528649,-0.55119406396168,1.53277253918525
494,5756,"s15","m1",-0.887028324521051,-0.90980193964539,0.354358402689363,-1.07542937742671,1.39945844902516
495,5759,"s15","m1",-0.904469668058916,-0.845212937191623,0.442648763640369,-0.566573367272713,1.08363885385755
496,5773,"s15","m1",-0.817800728735539,-0.845230472789045,0.466032006223706,-0.590400386289992,1.00203740293009
497,5776,"s15","m1",-0.868526000122575,-0.771433607171415,0.56217986667208,-0.401905548579005,1.09251787943875
498,5808,"s15","m1",-0.893418703152814,-0.80771308929315,0.526279133734199,-0.652052566510491,1.05047598254029
499,5819,"s15","m1",-0.899257939204968,-0.85913936407648,0.453739848521851,-0.560677324316155,1.48597298993754
500,5821,"s15","m1",-0.851195696823346,-0.800212686787744,0.418716947093023,-0.626740578895533,1.02933613036118
501,5827,"s15","m1",-0.895655400052198,-0.868188612306935,0.555242969571801,-0.844610333214378,1.41211276196934
502,5841,"s15","m1",-0.928482653527888,-0.834091250548901,0.422783718293713,-0.598273967146442,1.17271704565081
503,5859,"s15","m1",-0.858530458804269,-0.825022996108742,0.620172315377053,-0.172787986696602,1.25005447341429
504,5861,"s15","m1",-0.973176052810717,-0.887442498400615,0.45913806657246,-0.642753866864804,1.57796707873879
505,5876,"s15","m1",-0.921875845538854,-0.833634623289117,0.525303427164051,-0.51712630401902,1.41353770932969
506,5892,"s15","m1",-0.834871059216974,-0.750281737620728,0.506942694733778,-0.349721656619569,0.947507498847713
507,5902,"s15","m1",-0.856905857540972,-0.918072523859745,0.582666056260329,-0.445406084663782,1.30720298334073
508,5908,"s15","m1",-0.85385556109805,-0.814140029488219,0.561923435855316,-0.517027906967739,1.1896258112759
509,5934,"s15","m1",-0.982279143986209,-0.897228738555802,0.50698096112696,-1.01820782705864,1.47306667125731
510,5941,"s15","m1",-0.95598608479692,-0.898032509704297,0.477587002065652,-0.583441504809186,1.71645089427838
511,5954,"s15","m1",-0.901625303619279,-0.888324192828953,0.32908786059696,-1.25322044906227,1.35910379393575
512,5968,"s15","m1",-0.882104743596202,-0.862097542926841,0.495233418793985,-0.123786829471741,1.28669860030029
513,5991,"s15","m1",-0.878011607925798,-0.897541348506968,0.607931370726462,-0.651600224845072,1.24217781074803
514,6015,"s15","m1",-0.923201015947441,-0.841373336684244,0.4205013992419,-0.308294039700413,1.25145337993993
515,6020,"s15","m1",-0.957661236786158,-0.788218198225165,0.566516733359432,-0.568453292394173,1.40740401114633
516,6021,"s15","m1",-0.889952322001464,-0.841037782606447,0.641405349757504,-0.0308117342871648,1.49994988233057
517,6026,"s15","m1",-0.955663443040781,-0.85645048834812,0.380640186919168,-0.667964652881717,1.28719904938513
518,6050,"s15","m1",-0.834143585242168,-0.758740230487791,0.457295956150391,-0.224796834881794,0.893159856145706
519,6054,"s15","m1",-0.889600106463878,-0.786870072263174,0.691787520336361,-0.165683250810417,1.199606292805
520,6066,"s15","m1",-0.948752656951693,-0.912384321153839,0.443164238674461,-0.398380289945018,1.45133322966553
521,6067,"s15","m1",-0.919500260350077,-0.840817658456708,0.491727371812807,-0.853507487134477,1.11464055335797
522,6069,"s15","m1",-0.913239055884501,-0.833723004170408,0.535942139648825,-0.439612782095381,1.21482024662451
523,6077,"s15","m1",-0.888688570377085,-0.783222094912297,0.713488121572576,-0.870375880151359,1.16795068019373
524,6086,"s15","m1",-0.921306903960884,-0.826567506897278,0.572099982854087,-0.163672015864835,1.54651024181627
525,6093,"s15","m1",-0.963055718733217,-0.909244133613721,0.415907022986667,-0.79494842320451,1.51261622105993
526,6097,"s15","m1",-1.10838042886493,-0.903340999312038,0.333668147759424,-1.13323831737224,1.95561328770055
527,6111,"s15","m1",-0.90861812502361,-0.85962569440749,0.317030784914605,-0.554743458897859,1.33365836812379
528,6112,"s15","m1",-0.966327583489355,-0.899784055804138,0.420892130437741,-0.834333315524604,1.47371994014043
529,6129,"s15","m1",-0.935823392826203,-0.908812457117292,0.493914604391251,-0.593569575279375,1.43620021641206
530,6155,"s15","m1",-0.97315497559138,-0.912377325173116,0.435933137721346,-0.192543011309079,1.63320472851195
531,6160,"s15","m1",-0.893809355040583,-0.956055827503683,0.317858439199725,-0.698572016198026,1.3058434743952
532,6176,"s15","m1",-0.991370719368763,-0.90778905083497,0.336455224341785,-0.168306840866347,1.49852915120687
533,6182,"s15","m1",-0.908992343856495,-0.874160385125911,0.428747879610752,-0.506746410494181,1.41195839021732
534,6194,"s15","m1",-0.850714324494676,-0.778885379346999,0.44203475629279,-0.186530242326532,0.91495638149245
535,6197,"s15","m1",-0.850196890618238,-0.816556308085488,0.451044422801288,-0.506569380517436,0.826538231132429
536,6204,"s15","m1",-0.920443681039422,-0.881703471228487,0.509084485766763,-0.448449113725282,1.36540665692593
537,6218,"s15","m1",-0.836106802328386,-0.800744929760943,0.496444278314635,-0.221646825278603,1.03275652954389
538,6234,"s15","m1",-0.874440189303901,-0.855182451354065,0.481073211561588,-0.338480101416485,1.04812570925555
539,6251,"s15","m1",-0.839193430162783,-0.79848933112654,0.613326739157049,-0.903952849738367,1.07230324456123
540,6262,"s15","m1",-1.01767653770586,-0.831340233012673,0.462335818242894,-0.484955384553129,1.32394759976118
541,6264,"s15","m1",-0.928612988589077,-0.809641774913755,0.526421633238217,-0.632415260242238,1.15777619937581
542,6269,"s15","m1",-1.00915012534995,-0.930560666930345,0.332971189005257,-1.36908684245787,1.76484671435841
543,6317,"s15","m1",-0.966872768009009,-0.890802797503561,0.440062167547604,-0.682004005044843,1.73321593075984
544,6322,"s15","m1",-0.951665240545158,-0.890787930255421,0.318795277153953,-0.841317603070799,1.55251393815293
545,6348,"s15","m1",-0.966766127032602,-0.842444993667872,0.5413127004413,-0.419860929179054,1.46977736355435
546,6363,"s15","m1",-0.822013620645967,-0.683876109304373,0.71311102961537,-0.407846989303724,0.76082801036541
547,6380,"s15","m1",-0.934608558821976,-0.843320234322837,0.512271785035949,-0.716039557021488,1.29956956002566
548,6385,"s15","m1",-0.836284045143406,-0.844306525642439,0.627462871323192,-0.380002320710238,1.00097466734623
549,6411,"s15","m1",-0.946663664638406,-0.867583729837762,0.427640399939652,-0.345286243510279,1.66731321707567
550,6434,"s15","m1",-0.906067220548088,-0.859919580905531,0.468282847077278,-0.51556729781562,1.33566316537228
551,6441,"s15","m1",-0.974545161957795,-0.808714658160731,0.547819654146912,-0.736982524900447,1.3308655687911
552,6443,"s15","m1",-0.92096217817339,-0.91366328355783,0.534870484519893,-0.774505333468595,1.65808230083372
553,6449,"s15","m1",-0.923537634686314,-0.88277932009879,0.588244692594556,-0.319653180627885,1.25383830966951
554,6454,"s15","m1",-0.829325627807512,-0.854137348726075,0.556919461394324,-0.90870800805339,1.15858580518188
555,6478,"s15","m1",-0.886485359134185,-0.8927901065232,0.522710267073253,-0.626665884854341,1.28925735669867
556,6500,"s15","m1",-0.801362531018966,-0.796789723110776,0.489658462209923,-0.521696026822097,0.818243945992782
557,6503,"s15","m1",-0.965928603431264,-0.911532735818731,0.475319004623975,-0.510821227378384,1.62789873173197
558,6510,"s15","m1",-0.925181122698761,-0.842786429604995,0.617019013207162,-0.384457214731064,1.29197998076636
559,6517,"s15","m1",-0.963931046098339,-0.910186011012206,0.440049731642864,-0.370150684802791,1.64174258665158
560,6528,"s15","m1",-0.886857449138207,-0.842034647909059,0.360884310187452,-0.362471488505479,1.0234263618852
561,6575,"s15","m1",-0.997209572428479,-0.909871569975844,0.54782447006679,-0.881113663943101,1.39937405293691
562,6593,"s15","m1",-0.780490469708657,-0.810400241367508,0.671181557115812,-0.257029172165088,0.77329908339157
563,6600,"s15","m1",-0.859312182351714,-0.811413893248577,0.531475138433428,-0.327099353439053,1.21719145418808
564,6619,"s15","m1",-0.935521784913578,-0.863328865594363,0.560116442545671,-0.669087507210582,1.43578238907302
565,6641,"s15","m1",-0.95099280709158,-0.838451478569753,0.291395790547699,-0.310543093961051,1.49935785038886
566,6654,"s15","m1",-0.8848344634059,-0.8785655477605,0.517242144234282,-0.801574082410697,1.42107220704807
567,6659,"s15","m1",-0.887060560278211,-0.785487376475985,0.527160750421278,-0.125371729477206,1.19045225453152
568,6661,"s15","m1",-0.927838962202512,-0.825733602793291,0.469495932942211,-0.394270214988303,1.15422230035462
569,6677,"s15","m1",-0.924869955676581,-0.855176435180141,0.521144945126498,-1.0029634073139,1.40413663577714
570,6693,"s15","m1",-0.842012903138805,-0.726602392766741,0.622926089956526,-0.44543439944891,0.729432066500335
571,6715,"s15","m1",-0.952516776665152,-0.796168095065731,0.54697134175461,-0.345394603784572,1.28083429423802
572,6716,"s15","m1",-1.00032996091395,-0.875358545709684,0.256422425510186,-0.47033312740079,1.53349725487604
573,6738,"s15","m1",-0.85620863821891,-0.929591683393924,0.312415690396013,-0.89199784662147,1.39726418811157
574,6751,"s15","m1",-1.00395966786417,-0.951251894149359,0.121552825346155,-1.39443279515539,1.42623271529877
575,6767,"s15","m1",-0.954050199863715,-0.890734100678749,0.285286949903461,-0.801016542394222,1.29732754706885
576,6772,"s15","m1",-0.940810354907063,-0.849763031906045,0.416360647296687,-0.677447781903667,1.31986478803591
577,6782,"s15","m1",-0.819781486493036,-0.755976547801286,0.678746886093514,-0.194643204254008,1.03061307634105
578,6789,"s15","m1",-1.00055937891778,-0.858564729642212,0.472133136019612,-0.714035182526397,1.37360306382118
579,6804,"s15","m1",-0.85129590933282,-0.825199783093946,0.595103884432646,-0.432289195800477,1.16025235234308
580,6817,"s15","m1",-0.902857633606944,-0.848528488120456,0.490150070278171,-0.612818302206778,1.19053949302802
581,6846,"s15","m1",-0.89175831345961,-0.844759519343874,0.448796671526326,-0.860600463729506,1.21101621977675
582,6853,"s15","m1",-0.88220501496309,-0.837531464362211,0.580256487908074,-0.995183672600454,1.31326843914664
583,6860,"s15","m1",-0.934608118883216,-0.84562513029814,0.552806329788214,-0.579358974837801,1.35177441213749
584,6868,"s15","m1",-0.968436829020497,-0.894843930506591,0.426924166042735,-0.319516936528866,1.47442803271245
585,6870,"s15","m1",-0.874226426502162,-0.839102264175317,0.562589456608718,-0.392741360348843,1.21760927841008
586,6875,"s15","m1",-0.996730894364962,-0.924575110419416,0.511832725296959,-0.794335446860249,1.74679173477999
587,6876,"s15","m1",-0.906028913333713,-0.81741567157469,0.506678500993233,-0.567660352806409,1.32270992101303
588,6880,"s15","m1",-0.881641316631928,-0.821505915259987,0.42974905366074,-0.433456390996308,1.21644706144529
589,6893,"s15","m1",-0.98754517705444,-0.890604288531267,0.218074801047949,-0.843826920417528,1.34372440094894
590,6895,"s15","m1",-0.939316880178267,-0.94214089822278,0.295598850306457,-1.33876078299353,1.38346964579013
591,6913,"s15","m1",-0.871843990495228,-0.776459960799885,0.531415126031898,-0.411199626452604,1.0548642515485
592,6937,"s15","m1",-0.85498633007462,-0.870289558909132,0.477811507910813,-0.35206073870225,1.14561983610956
593,6955,"s15","m1",-0.976764697612771,-0.863769385780302,0.277406300277316,-0.441593398577961,1.47072654762042
594,6962,"s15","m1",-0.980404589628517,-0.933362683296813,0.354664234213302,-0.718798397404745,1.52864847570042
595,6964,"s15","m1",-0.903283132588238,-0.843231548635769,0.500206059894334,-0.332867399296549,1.30177913063533
596,6969,"s15","m1",-0.959186660245413,-0.896277127937625,0.454871924066994,-0.925459461856205,1.44871140995009
597,6976,"s15","m1",-0.997981175978469,-0.932408938077137,0.3450380738048,-0.680051710373224,1.55192540935126
598,6979,"s15","m1",-0.880868076557418,-0.80874848270076,0.494959442949014,-0.771402154912232,1.32407545808942
599,6980,"s15","m1",-0.954189953427119,-0.84544273398613,0.423614579330587,-0.933564223073529,1.19170322122326
600,7007,"s15","m1",-0.931431979925196,-0.915585846044841,0.439845997004232,-0.287599107259029,1.43360839147137
601,7025,"s15","m1",-0.930192945707395,-0.859017412578746,0.583434566987166,-0.696986658941748,1.39293304320167
602,7028,"s15","m1",-0.867902512591107,-0.843168088730247,0.289484872464265,-0.671298170577088,1.2523415678297
603,7031,"s15","m1",-0.97069946840622,-0.83444613460586,0.470409673124045,-0.343599149975732,1.35536826465539
604,7032,"s15","m1",-0.947715942046434,-0.875292236253643,0.585629372524402,-0.887466087431529,1.45355366632512
605,7067,"s15","m1",-0.841370266733114,-0.803197223798014,0.593128743372686,-0.261081134250088,1.11935036109284
606,7074,"s15","m1",-0.976154363432023,-0.875395927097298,0.293835434551591,-0.667912117092524,1.26744100750182
607,7088,"s15","m1",-0.959005939748603,-0.953617104086964,0.359338708479007,-0.472128467547702,1.78215547145737
608,7098,"s15","m1",-0.967151170035049,-0.873794136198456,0.537513284086952,-0.686154856174095,1.63866435017306
609,7197,"s15","m1",-1.00625306732286,-0.864593236848081,0.487462374195757,-0.427569814275353,1.34976451973119
610,7206,"s15","m1",-0.991410662655598,-0.950777726906794,0.325288542756035,-1.12813359975633,1.42573901458875
611,7213,"s15","m1",-0.831970767230931,-0.791660683668556,0.663902111629198,-0.234402175838525,1.0088493516993
612,7223,"s15","m1",-0.893680830810559,-0.84271128375499,0.567427929058971,-0.377569743317386,1.24117374129149
613,7234,"s15","m1",-0.877071437724323,-0.840962470345298,0.548140754958053,-0.837529268722924,1.30106912951934
614,7236,"s15","m1",-0.94835336751123,-0.812577014267076,0.448918356874885,-0.529715103575577,1.39584795752022
615,7297,"s15","m1",-0.911241236003391,-0.838861350913966,0.560274586490839,-0.72873055624435,1.22436818913314
616,7311,"s15","m1",-0.98391743514243,-0.894963386903521,0.421860791931635,-0.617476618524464,1.47502551289948
617,7314,"s15","m1",-0.907886892429122,-0.868256399989472,0.460850880864613,-0.979533615264293,1.29395605542923
618,7317,"s15","m1",-0.877994495288719,-0.834475624982942,0.40552729614987,-0.524497087875747,1.22545693464465
619,7333,"s15","m1",-0.92692630358174,-0.87040919806198,0.533750672698705,-0.750843733799848,1.57314915485288
620,7341,"s15","m1",-0.919057223177742,-0.921976237922433,0.31633315388013,-0.178878629462256,1.58480208442126
621,7360,"s15","m1",-0.898198925514374,-0.860946035892296,0.569610364436137,-0.713821737214406,1.41233799109538
622,7363,"s15","m1",-0.897502831855612,-0.852533411293272,0.464367197407438,-0.835260121923943,1.0550799768517
623,7369,"s15","m1",-0.972820371914305,-0.88235250717739,0.457256183430644,-0.251965049778328,1.57529821513348
624,7380,"s15","m1",-0.843640542199913,-0.69386389785546,0.578550000164029,-0.244013009915616,0.794234678460657
625,7391,"s15","m1",-1.00840563742525,-0.888242609015319,0.394631512360521,-0.746306759679162,1.74359760321308
626,7404,"s15","m1",-0.900122908579313,-0.841908236143004,0.609049651787189,-0.357520199240249,1.37391029519524
627,7409,"s15","m1",-1.01012572871156,-0.949303427259281,0.393660550592001,-0.621413882142871,1.5563712168547
628,7416,"s15","m1",-0.880757494568254,-0.829119682480403,0.563572775968708,-0.259107309808259,1.40274173965741
629,7418,"s15","m1",-0.97091269781677,-0.858686550688946,0.502725792895222,-0.794328979788258,1.6677411441782
630,7431,"s15","m1",-0.91260966065985,-0.916229228688083,0.496635894955801,-0.89455730269946,1.60599650004039
631,7443,"s15","m1",-0.894164440813207,-0.896133258214951,0.48657477173731,-0.618020439327741,1.55012775960637
632,7451,"s15","m1",-0.906912300052784,-0.828324462762859,0.508489262708871,-0.66256163925903,1.37839206789628
633,7469,"s15","m1",-0.899159740871403,-0.784997291279046,0.496825662184537,-0.564729369251591,1.0926934529676
634,7492,"s15","m1",-0.932675658854289,-0.835891876049665,0.433834323699204,-0.536189546625887,1.22517626892016
635,7502,"s15","m1",-0.972735764996928,-0.922825961032167,0.532006807937891,-0.57614031783937,1.6249829315034
636,7513,"s15","m1",-0.96269259658831,-0.8886848480161,0.4966349250792,-0.502663619960277,1.40775400783866
637,7526,"s15","m1",-0.91034770630643,-0.875285197128951,0.434680949689488,-0.750482522392568,1.42896007880052
638,7527,"s15","m1",-0.842246016917933,-0.851460236621683,0.597430631991461,-1.02895337862765,1.32092784621518
639,7538,"s15","m1",-0.922169651427364,-0.877363711040151,0.384228682807264,-0.392514891557475,1.45147489413534
640,7539,"s15","m1",-0.933183679289092,-0.92116139748792,0.538800497567438,-0.695053431212879,1.42496609077533
641,7550,"s15","m1",-0.859942190934222,-0.797731397388323,0.621206044431377,-0.279805746349836,1.03827252976012
642,7554,"s15","m1",-0.968195587989207,-0.846168208078579,0.519658206595642,-0.685401934031297,1.38144192946562
643,7596,"s15","m1",-0.867114942059872,-0.801176865844877,0.665347137003344,-0.0393827137258997,1.20374122807626
644,7616,"s15","m1",-0.911315658312297,-0.802941652876983,0.500268077493429,-0.494077821865883,1.30170417950978
645,7621,"s15","m1",-0.953430115346737,-0.941398903759673,0.443190535920118,-0.773067610671053,1.56007468116111
646,7624,"s15","m1",-0.738674057611763,-0.721710143602064,0.558736291805823,-0.00378498671775037,0.61681781715024
647,7625,"s15","m1",-0.862232935978094,-0.821805677781923,0.662679061802397,-0.380058948658319,1.16694896933093
648,7635,"s15","m1",-0.878801493238453,-0.957528228159003,0.545924607158454,-0.504756716451438,1.53996465733878
649,7656,"s15","m1",-0.867015822617391,-0.847562683406289,0.392117379842314,-0.671396190369398,1.2098786838009
650,7657,"s15","m1",-0.957681381122322,-0.928837241257623,0.500378612837433,-0.597831574589331,1.27731817199538
651,7663,"s15","m1",-0.880585732414942,-0.856134435822637,0.619399659906571,-0.553704297352122,1.40262395836326
652,7664,"s15","m1",-0.944414790405472,-0.900773550852534,0.338266923855335,-0.390412393053832,1.39777138090612
653,7680,"s15","m1",-0.807923414153621,-0.720660943351386,0.597765462415659,-0.08737806297439,0.885776594664881
654,7706,"s15","m1",-0.932979701592157,-0.877560069493083,0.420363350637679,-0.56869095308328,1.38359065543433
655,7722,"s15","m1",-0.920960156959893,-0.863757607081406,0.515025068643408,-0.0156274314107861,1.63222844380369
656,7724,"s15","m1",-0.873263370049621,-0.792684150720218,0.409538319935571,-0.768827915016001,0.999123712918248
657,7726,"s15","m1",-0.86962631324254,-0.818137594050675,0.701846429530587,-0.557706617794706,1.37466471801645
658,7737,"s15","m1",-0.871804005522999,-0.899732717917309,0.495236939289097,-0.164113094331088,1.30495084310273
659,7742,"s15","m1",-0.884791238065329,-0.862496707791242,0.569537608049127,-0.601262737460748,0.994044756593645
660,7750,"s15","m1",-1.00312734747643,-0.966891825557813,0.346831172328203,-1.16079040939962,1.84314786827073
661,7754,"s15","m1",-0.953980373400893,-0.913708324374545,0.390323878939754,-1.14206307676692,1.42801103879029
662,7756,"s15","m1",-0.894948566546995,-0.867977133244462,0.534586818145326,-0.710351133437439,1.36054366697931
663,7763,"s15","m1",-1.06486069213428,-0.960900434372531,0.191060999858686,-0.785520265259206,1.68338964867671
664,7764,"s15","m1",-0.894475646020988,-0.856175469957384,0.637693256780163,-0.363947268057482,1.48835096301236
665,7770,"s15","m1",-0.915772791894468,-0.901865692874256,0.421648950127962,-0.726377449186389,1.30108052794007
666,7777,"s15","m1",-0.847005487930293,-0.835611867029588,0.613740952320847,-0.428007136695889,1.03023115168962
667,7785,"s15","m1",-0.883786185375122,-0.849769145328126,0.383228576524547,-0.809851437638016,1.00553294740446
668,7808,"s15","m1",-0.845847298236664,-0.799194957660863,0.52579316148731,-0.402101252970759,1.30104351243664
669,7830,"s15","m1",-0.89012357226666,-0.830419010084161,0.598513600958105,-0.518481071947641,1.1993869485422
670,7843,"s15","m1",-1.06772654235306,-0.940322806899955,0.299677912989216,-0.442458125008088,1.77612282223342
671,7845,"s15","m1",-0.914703123015184,-0.828089009793253,0.620390627139062,-0.692434497882327,1.26448728217098
672,7860,"s15","m1",-0.97008158084123,-0.811082112116253,0.440224593946384,-0.29038687463975,1.33687086639856
673,7874,"s15","m1",-0.911461742767031,-0.826732696147631,0.463275091052923,-0.252545945710721,1.45700417211882
674,7904,"s15","m1",-1.0151031984702,-0.916871291675221,0.380554095443842,-0.775406415912372,1.88327978042129
675,7913,"s15","m1",-0.953537434219446,-0.890223658281905,0.423138852675993,-0.497706530488274,1.42694549800754
676,7919,"s15","m1",-0.877865117849963,-0.808724979382678,0.483688619283429,0.0397999337798435,1.18596751982575
677,7920,"s15","m1",-0.970022949854598,-0.85292352358499,0.348542712840029,-0.344224645571095,1.50154661283607
678,7935,"s15","m1",-0.900187789309645,-0.801768394186046,0.588136177306748,-0.593988637785603,1.29295572970841
679,7937,"s15","m1",-0.886514877146215,-0.831004629144046,0.579749193792291,-0.748929155437554,1.26054601439276
680,7958,"s15","m1",-0.908716369102115,-0.888955169575814,0.383122942072555,-0.650563130821446,1.59916222986025
681,7988,"s15","m1",-0.914103047664961,-0.861362709097686,0.640412375352383,-0.540852670981718,1.29606091433242
682,7990,"s15","m1",-0.860274889413485,-0.834680523017391,0.480212984106629,-0.403433374391535,1.22651844018061
683,8001,"s15","m1",-0.937794311408445,-0.860398169932203,0.354997122385573,-1.17494048044268,1.4583663766059
684,8006,"s15","m1",-0.835915841272129,-0.777644363400747,0.469734326243859,-0.80738155747256,1.19206505487245
685,8030,"s15","m1",-0.969445426282981,-0.905556716050777,0.407960979650392,-0.870979233684732,1.60710765194843
686,8043,"s15","m1",-0.9724908409484,-0.912699914428907,0.302786765290118,-0.980786894857561,1.43368038377127
687,8052,"s15","m1",-0.97058994757454,-0.826877700581486,0.572016767513283,-0.733438698982617,1.54605185238464
688,8088,"s15","m1",-0.934493690609632,-0.884861350178655,0.441897964694265,-0.644300383363309,1.19746954766679
689,8120,"s15","m1",-0.910903461262647,-0.862854975974534,0.568051899841869,-0.603826130928935,1.29738158115519
690,8125,"s15","m1",-0.945180902163225,-0.919764014829738,0.332726708361539,-0.798877817306239,1.47852462288466
691,8132,"s15","m1",-0.952449181655512,-0.86116001620658,0.346049117840701,-0.270924967999374,1.40229179123252
692,8153,"s15","m1",-0.955789502370454,-0.884475969378812,0.524155284947124,-0.843875740490922,1.51621676865255
693,8160,"s15","m1",-0.892405979980491,-0.828747385177392,0.533207452532403,-0.189904407584538,1.28229779324043
694,8165,"s15","m1",-0.824856962175266,-0.806121256873529,0.517491153860281,-0.492264518767864,1.11662768865902
695,8167,"s15","m1",-0.867628438133395,-0.818210416962533,0.680130393424226,-0.0288378950578667,1.46994117745185
696,8172,"s15","m1",-0.843665954786796,-0.816302072234344,0.452741779111604,0.0747188456461768,1.07835616759346
697,8178,"s15","m1",-0.962099320257005,-0.765199175104398,0.443093645707244,-0.840918628763488,1.30960124472978
698,8187,"s15","m1",-0.930932836116556,-0.87842553227824,0.340352617647619,-0.575069547269104,1.27846202481757
699,8202,"s15","m1",-0.875718236666812,-0.811130831261224,0.482378569049292,-0.361127909861082,1.05891697070639
700,8205,"s15","m1",-0.880324637316174,-0.851464159867538,0.465569889857076,-1.01044671495808,1.08970666337534
701,8231,"s15","m1",-0.939814031126844,-0.880496963715648,0.457451442410579,-0.475896587592016,1.44812604734379
702,8240,"s15","m1",-0.891845223565282,-0.883296161129516,0.432672234406731,-0.521518043318754,1.53907010677612
703,8246,"s15","m1",-0.974829073204037,-0.888243025791146,0.374596901464985,-0.308096119569788,1.39098485741209
704,8263,"s15","m1",-1.00216006000787,-0.904053808233372,0.545990690289234,-0.492201328306806,1.66243273765384
705,8268,"s15","m1",-0.860343349398322,-0.86661421808202,0.454568326806746,-0.113785582307253,1.22284518810579
706,8276,"s15","m1",-1.01902846524017,-0.865424069303612,0.442728698403199,-0.390326925433033,1.91063315396481
707,8283,"s15","m1",-0.916270935359398,-0.849050085548863,0.582620469447519,-0.584815648808018,1.44913859868101
708,8298,"s15","m1",-0.983066955172196,-0.800674598253373,0.56449266391051,-0.759520639074389,1.68420248933587
709,8317,"s15","m1",-0.946126992137377,-0.82144929991508,0.562875622416457,-0.305473014054162,1.55780814611173
710,8319,"s15","m1",-0.87444371819286,-0.851413111625609,0.550900465963465,-0.621624417789219,1.41545851247438
711,8323,"s15","m1",-0.985080680215829,-0.931392086780223,0.518519812752644,-0.959677684713694,1.40959771073155
712,8343,"s15","m1",-0.901040098917039,-0.825050211393002,0.518046942259877,-0.317744151500728,1.35145387571159
713,8365,"s15","m1",-0.937468627983464,-0.839209457458937,0.510835419581882,-0.394198292554688,1.30505154382613
714,8371,"s15","m1",-1.00551494520532,-0.86214613842624,0.402457270029455,-0.306542786721909,1.53279269991927
715,8386,"s15","m1",-0.851539591555996,-0.86741453187968,0.522991587201333,-0.620958653699556,1.0742760747027
716,8410,"s15","m1",-0.765329880857987,-0.798237614079122,0.595401485643066,-0.425158556770224,0.88365215496966
717,8428,"s15","m1",-0.899443123476813,-0.742006541662699,0.460617689120532,-0.23205958131534,1.18700506547637
718,8430,"s15","m1",-0.985970110102414,-0.880613309663626,0.445263967898419,-0.791259671286401,1.5156034028643
719,8434,"s15","m1",-0.978399763572811,-0.832716841201653,0.467419213735741,-0.660211933694229,1.14242051646102
720,8480,"s15","m1",-0.902331423400105,-0.788444604705624,0.496552671294229,-0.281198136760477,1.28884632550978
721,8488,"s15","m1",-0.910400627014117,-0.784120762664181,0.416470744054459,-0.507924300732631,1.11927051559042
722,8490,"s15","m1",-0.998928131402608,-0.928504690803205,0.457041464701874,-0.869962014937488,1.72445126645055
723,8497,"s15","m1",-0.913695110875854,-0.828468440359968,0.732076814921384,-0.437810259719845,1.39531391547805
724,8509,"s15","m1",-0.937556197598409,-0.866361184983632,0.510046385634339,-0.697720581762502,1.45187189146731
725,8510,"s15","m1",-0.868481484435421,-0.863585717348625,0.644802759469364,-0.769017645594834,1.42793411102432
726,8533,"s15","m1",-0.956660819956178,-0.958785757222866,0.193507483208955,-0.642777725422969,1.60975228957467
727,8535,"s15","m1",-0.972413434029476,-0.89221518213994,0.500667240854327,-0.90759863244424,1.69255057705127
728,8540,"s15","m1",-0.856207895322988,-0.805609930656316,0.563656263416072,-0.216713854264625,1.21181604747509
729,8555,"s15","m1",-0.883747537199532,-0.847716089402138,0.469823147949113,-0.507400038936675,1.48179972468324
730,8565,"s15","m1",-0.823945944896412,-0.75085079935591,0.596923417528877,-0.232630348181306,0.785839922858589
731,8566,"s15","m1",-1.0209977373041,-0.870103595802256,0.417730974002392,-0.429016703986142,1.64197111683631
732,8573,"s15","m1",-0.923081784139513,-0.893544069247436,0.473350490704059,-0.898811838447046,1.27832965373742
733,8579,"s15","m1",-0.897919837503815,-0.841843024663984,0.609820114579887,-0.229014880523704,1.18927499956038
734,8586,"s15","m1",-0.931968770151824,-0.863780656270351,0.482571363814565,-0.369421213100325,1.45002056739154
735,8598,"s15","m1",-1.0169911987163,-0.959607775942875,0.417043718070957,-0.57396830453899,1.77283690217972
736,8600,"s15","m1",-0.972394373863643,-0.848552037001832,0.491237644824747,-0.375175115345466,1.49113910871103
737,8605,"s15","m1",-0.986696524354807,-0.916013887684033,0.382353553527088,-0.704791850972811,1.48565084816797
738,8614,"s15","m1",-0.940733379371454,-0.904761318788381,0.260102349389378,-0.996081585224343,1.35383270714711
739,8616,"s15","m1",-0.924696355158881,-0.848441361826328,0.534705762330825,-0.774427785719761,1.15209156487003
740,8640,"s15","m1",-0.916192066482423,-0.833187767725519,0.62265529706994,-0.654583546161884,1.33331121150837
741,8658,"s15","m1",-0.972421882130251,-0.847744626256559,0.376740605330727,-0.801608830530842,1.45161930411651
742,8666,"s15","m1",-0.883809993086087,-0.89008993095405,0.544932316368548,-0.421885625804124,1.4485428476006
743,8684,"s15","m1",-0.920963190811539,-0.864565018443848,0.459982778877993,-0.465154569355391,1.41124380002042
744,8713,"s15","m1",-0.901484279198806,-0.860667728645862,0.594834230502318,-0.642767149854521,1.49142894879346
745,8718,"s15","m1",-0.769626480089355,-0.749066993919867,0.593629323917141,-0.265521843647744,0.820946417570566
746,8720,"s15","m1",-0.891229358003286,-0.888404188204,0.48894025057233,-0.414055053901649,1.33635879954844
747,8736,"s15","m1",-0.880920160482727,-0.79925303164272,0.639544025638085,-0.267856382793514,1.0669484339797
748,8767,"s15","m1",-0.96384650870802,-0.859434959846983,0.40753455974702,-0.498815084664284,1.34424815612957
749,8794,"s15","m1",-0.755806309365134,-0.70233952539729,0.776506830257562,-0.0977933460432868,0.792106329644712
750,8795,"s15","m1",-0.892392419466635,-0.813317974922631,0.424429019140464,-0.496332510559282,1.40600535560672
751,8799,"s15","m1",-0.88784823980557,-0.894186658444251,0.464058315558307,-0.519798177019446,1.30116284197121
752,8808,"s15","m1",-0.819541231435211,-0.7975405298724,0.677894461245359,-0.67276222087411,1.08856655088019
753,8818,"s15","m1",-0.949193379727439,-0.833320910955563,0.49903231741619,-0.397265830363914,1.43330813243883
754,8819,"s15","m1",-0.91438584213406,-0.915049844607619,0.513104886294138,-0.367832412376222,1.23810150798683
755,8834,"s15","m1",-0.892443902648079,-0.882513478223802,0.449504478424392,-0.562868551966141,1.30826379028833
756,8836,"s15","m1",-0.952428674581723,-0.848914117524673,0.52023726690544,-0.613996300641634,1.36546356560688
757,8843,"s15","m1",-0.922881383716205,-0.812766396602643,0.524464399252774,-0.428275632766666,1.37306833620208
758,8859,"s15","m1",-0.947366307282936,-0.881855584283949,0.374220325776226,-0.888601441467396,1.43836364029963
759,8871,"s15","m1",-0.834968992775324,-0.775756414059901,0.674772827897073,-0.406708616892503,1.22603112269424
760,8877,"s15","m1",-0.866162160953004,-0.908453297448607,0.469841181787062,-0.591399908247183,1.27170478465691
761,8899,"s15","m1",-0.880101226229076,-0.873292012775943,0.635132581914642,-0.668250387936801,1.30124266183811
762,8902,"s15","m1",-0.886246290886821,-0.899417400619774,0.622758809773348,-0.901887049585458,1.38691938288853
763,8917,"s15","m1",-0.816123971511998,-0.822212950859615,0.49442828322501,-0.216395491845457,0.918751681268124
764,8919,"s15","m1",-0.959486880569305,-0.76875551676234,0.578126375226715,-0.26220854453694,1.25854731155973
765,8923,"s15","m1",-0.902886050565376,-0.925168314723272,0.314158648702203,-0.427154271271796,1.28844541150477
766,8940,"s15","m1",-0.872991992091034,-0.82413957242635,0.462122109200152,-0.460899311738218,0.934912631286676
767,8960,"s15","m1",-0.87385584150445,-0.791410508680519,0.588979479638675,-0.230294094332235,1.22263036900295
768,8961,"s15","m1",-0.917457759034675,-0.829429356916247,0.3529334399929,-0.36766663318189,1.44438635108819
769,8968,"s15","m1",-0.821308032258208,-0.80757272515941,0.579455457789145,-0.533436057599227,1.23228865833397
770,8988,"s15","m1",-0.887833539211996,-0.849231814673557,0.544985961761387,-0.641013535994854,1.16143482556269
771,8990,"s15","m1",-0.978799587384299,-0.947565045617845,0.503088217177218,-0.956076489525531,1.6384397638229
772,9009,"s15","m1",-0.984922221366954,-0.922521288334784,0.303024152150963,-0.847560465189469,1.49597947855137
773,9010,"s15","m1",-0.934049914815417,-0.819663090180034,0.618168451807392,-0.234995651786574,1.5027457249271
774,9016,"s15","m1",-0.98439571445167,-0.832500010715737,0.393987837000483,-0.688145805839638,1.30220636416079
775,9044,"s15","m1",-0.96880266556008,-0.875505414031722,0.483741199233816,-0.237328072203013,1.6722143357957
776,9046,"s15","m1",-0.91373118221627,-0.839458410937469,0.597890399142742,-0.316593456648796,1.32192769076312
777,9056,"s15","m1",-0.902524632779398,-0.785054073555378,0.448280482690205,-0.561773959676001,1.20504172383743
778,9057,"s15","m1",-0.988851156276184,-0.90871469286914,0.344428202519243,-0.487727624883223,1.56829519199018
779,9063,"s15","m1",-0.873124670484947,-0.756685541402398,0.622241497373302,-0.207754821793852,1.26106468222916
780,9066,"s15","m1",-0.80980203920159,-0.814376773531484,0.622275323315205,-0.189547846448778,1.36484032730111
781,9081,"s15","m1",-0.786341263840527,-0.770251256574803,0.574618347134151,-0.341979136457019,0.874720574968816
782,9144,"s15","m1",-0.864341437746519,-0.771347681820075,0.706692898391225,-0.395238103242561,0.88313071735294
783,9148,"s15","m1",-0.909226737583594,-0.817573672611959,0.567773968170482,-0.563413423585704,1.28762216048786
784,9162,"s15","m1",-0.895983535031083,-0.814566621664712,0.680344811999732,-0.292345035103805,1.48867314810091
785,9163,"s15","m1",-0.99433229397885,-0.889644615802065,0.431173546342075,-0.324427830348688,1.48422488843433
786,9196,"s15","m1",-0.941433333990095,-0.873915285735775,0.321747400369439,-0.716771222930473,1.4108479711115
787,9217,"s15","m1",-0.95139552234845,-0.845530662252858,0.410549244968139,-0.363316481125841,1.52537237607564
788,9234,"s15","m1",-1.01338897181802,-0.924618957892878,0.291575967164446,-0.708752514140252,1.61695977756452
789,9236,"s15","m1",-0.871235178673654,-0.76067005358261,0.578153568757354,-0.15655360384815,1.27676829251033
790,9241,"s15","m1",-0.939577653566602,-0.904643648059118,0.499598554365933,-0.882870694480301,1.45504348094808
791,9280,"s15","m1",-0.972006658118813,-0.978768776673609,0.404620560367108,-0.876012615084008,1.64193310623572
792,9282,"s15","m1",-0.851226319774859,-0.826391013215624,0.45298522357145,-0.214864015870226,1.2539828763414
793,9291,"s15","m1",-0.853334210736169,-0.865108474185298,0.472896019817563,-0.475791518080989,1.19520244830212
794,9301,"s15","m1",-0.891086513119373,-0.86805502537499,0.442593327612625,-0.776441333754053,1.28159040738803
795,9308,"s15","m1",-1.02946071708762,-0.916600716703395,0.434470189977678,-0.666064700706966,1.77308165200729
796,9312,"s15","m1",-0.906154962432373,-0.737184597042477,0.604942997305933,-0.411244057077548,1.25921511478858
797,9327,"s15","m1",-0.993747367553099,-0.922039568848989,0.438082989072539,-0.751104393287341,1.58786173126189
798,9332,"s15","m1",-0.889540297598816,-0.793147947751971,0.543156563619353,-0.832387207998884,1.3842395496044
799,9341,"s15","m1",-1.02149247861009,-0.880169215684397,0.526102694579224,-0.833142364337413,1.75037154484366
800,9362,"s15","m1",-0.864941973028174,-0.885249682424925,0.456924763303318,-0.520091245781062,1.33105864171549
801,9378,"s15","m1",-0.868224314808378,-0.818336903839105,0.477718146101522,-0.532148985889873,1.18959682397127
802,9393,"s15","m1",-0.936085104898943,-0.918126650192958,0.465297285729845,-0.268931825621554,1.5517723737275
803,9397,"s15","m1",-0.988888934058535,-0.88149341939329,0.517526895950233,-0.660644549707138,1.46976612934254
804,9400,"s15","m1",-0.817078854624384,-0.784902212538713,0.711234483948015,-0.410533841668253,1.0498350412144
805,9415,"s15","m1",-0.888901112039972,-0.758438876248149,0.633481946550877,-0.706896675166529,1.04127618832925
806,9418,"s15","m1",-0.977096257458957,-0.915959466345275,0.502109038833743,-0.486865542796029,1.4793466046518
807,9426,"s15","m1",-0.902086200338156,-0.828251416532818,0.643101211259415,-0.422677022483869,1.19197163732203
808,9444,"s15","m1",-0.85516071533907,-0.797137323195809,0.56200879894161,-0.240075418854934,0.911165315712101
809,9449,"s15","m1",-0.769130526056397,-0.843429961353858,0.581918302453611,-0.199934338351188,0.984644310479431
810,9461,"s15","m1",-0.843698707060628,-0.782417175732989,0.55750451002341,-0.452863547110063,0.905042998555631
811,9467,"s15","m1",-0.926975929510626,-0.802683949676716,0.563469190102028,-0.593836953152664,1.22823314668611
812,9483,"s15","m1",-0.880621142896535,-0.872461124182318,0.609974361095386,-0.312250825705975,1.42384023287892
813,9487,"s15","m1",-0.961596313034113,-0.892644253448972,0.428013782398209,-0.558257051459596,1.51724498935134
814,9492,"s15","m1",-0.895119641351609,-0.794172223878171,0.576846706184308,-0.818020216042698,1.04946702002798
815,9527,"s15","m1",-0.951883653460198,-0.849093161709089,0.336670938202398,-0.80718081942366,1.39221894691986
816,9528,"s15","m1",-0.970074965909262,-0.903263434924224,0.50269548685086,-0.867017344454141,1.47204606437095
817,9543,"s15","m1",-0.918834204398826,-0.874066939882585,0.518940082990684,-0.480659811245437,1.1008244020733
818,9545,"s15","m1",-0.91343128255393,-0.803723837613613,0.529847736727476,-0.454677455781335,1.4155443258137
819,9555,"s15","m1",-0.920549224723367,-0.815899535834549,0.589623964666159,-0.044032791105154,1.16191893736759
820,9578,"s15","m1",-0.874146341809404,-0.828989833905987,0.695025979733457,-0.334491105196434,1.10162948037615
821,9615,"s15","m1",-0.938552107771051,-0.924340472337787,0.405647552098763,-0.612844178044068,1.56527367994688
822,9617,"s15","m1",-0.859232115292615,-0.814208139896462,0.520310433300576,-0.222191917451459,1.29294477322105
823,9627,"s15","m1",-0.934692542320205,-0.901050884092465,0.350906225246885,-0.600126913266817,1.45706056629097
824,9635,"s15","m1",-0.949027577399387,-0.859699243475052,0.683418904011718,-0.636282761816505,1.49846218772781
825,9649,"s15","m1",-1.02451716099074,-0.907203791778001,0.382805970841263,-0.451533617973117,1.28762844747207
826,9662,"s15","m1",-0.978168605372652,-0.85412730484742,0.456652480631916,-1.07722115543051,1.52937460568869
827,9667,"s15","m1",-0.921621005908442,-0.889083920781597,0.524644134241478,-0.625377728813249,1.50536077975982
828,9681,"s15","m1",-0.98299243970036,-0.918908345953659,0.395056011095064,-0.572415633967357,1.73242146131168
829,9695,"s15","m1",-0.860240916978893,-0.84489043774555,0.542599596617331,-0.35266160060418,1.13205051605362
830,9699,"s15","m1",-0.873239039597643,-0.818921625040231,0.654788062348686,-0.17374701916409,1.33115029533594
831,9700,"s15","m1",-0.92659690466273,-0.932331081769434,0.38528829733881,-0.743970328466204,1.49085822098635
832,9706,"s15","m1",-0.895063012494441,-0.825811201672603,0.506066583855656,-0.567844304730342,1.31439007632656
833,9740,"s15","m1",-0.861594905602705,-0.861766943037077,0.518531109303617,-0.32033425711965,1.28661508469931
834,9752,"s15","m1",-0.944652225304607,-0.846284848728938,0.510842357503172,-0.803044690419588,1.20674556198129
835,9755,"s15","m1",-0.909909269531946,-0.747443211582867,0.442440815560718,-0.644304980713949,1.15276401992099
836,9771,"s15","m1",-1.04213071924172,-0.956724320223784,0.136532311680336,-0.79937461619885,1.73289085854189
837,9793,"s15","m1",-1.07945185752609,-0.936628197237745,0.23717343464719,-0.944815995174711,1.71553179316155
838,9798,"s15","m1",-0.978948666919977,-0.933319453313956,0.232941687840756,-0.825922648925983,1.47610315893859
839,9801,"s15","m1",-1.00133736759377,-0.96117699920684,0.457472984818185,-0.802245929078136,1.70356051570083
840,9822,"s15","m1",-0.893775979145815,-0.84782074819734,0.37066947622619,-0.941277656953255,1.17161421726409
841,9855,"s15","m1",-0.981246244661953,-0.898663207917557,0.437396355672435,-1.18325303178417,1.17647364731774
842,9858,"s15","m1",-0.87030279681861,-0.854565222122071,0.509837758774283,-0.100311468508149,1.2871333678404
843,9874,"s15","m1",-0.9476771906327,-0.835951798487131,0.426301239715495,-0.66613734426006,1.43173630739004
844,9880,"s15","m1",-0.899646541490132,-0.811046508637494,0.625425481397744,-0.234333825005627,1.16390186840161
845,9889,"s15","m1",-0.874621739019497,-0.805763912349196,0.434487910734724,-0.270055922630311,1.10510343050419
846,9899,"s15","m1",-0.973142238125425,-0.93575915738918,0.515861990593349,-0.44636343417513,1.7164424173755
847,9906,"s15","m1",-0.8074792121172,-0.827478636452271,0.562623647402438,-0.62297144227827,1.00640933938259
848,9908,"s15","m1",-0.927921039934752,-0.88905539064396,0.507040678132583,-1.1166246855616,1.65312764821757
849,9914,"s15","m1",-0.804327412629784,-0.799455372477464,0.689751520188473,-0.623035232173978,1.14331984002584
850,9918,"s15","m1",-0.992035189776673,-0.84715612310267,0.493327832312201,-0.33983327914713,1.57768525031936
851,9940,"s15","m1",-0.880097794905998,-0.837936788297724,0.530506840676068,-0.639601951488377,1.31224725952639
852,9942,"s15","m1",-0.878688553607969,-0.781631375310396,0.489775670777759,-0.28703409720354,1.13053541540623
853,9991,"s15","m1",-0.93240840225358,-0.811714661989803,0.55395994817113,-0.391656949993864,1.34427845045217
854,10012,"s15","m1",-0.899106314208649,-0.947347966481835,0.388195112698751,-0.600450259283216,1.19541713113234
855,10020,"s15","m1",-0.871958768757297,-0.895862081986361,0.370067609926974,-0.328989380796122,1.17208733483195
856,10041,"s15","m1",-0.918923846179211,-0.803111499324894,0.599282741402915,-0.666092695311063,1.21064265002494
857,10052,"s15","m1",-0.880449550407109,-0.862185733072028,0.61086627833284,-0.251535868673013,1.17194236658146
858,10054,"s15","m1",-0.893511605288621,-0.863519722118961,0.591142030397118,-0.377321238090215,1.11764256671392
859,10075,"s15","m1",-0.901300667433463,-0.869403563314024,0.212872464683533,-0.313068728234296,1.21591815223733
860,10076,"s15","m1",-0.926924647653018,-0.817707075485814,0.543124292146512,-0.7538681274234,1.14056264267372
861,10105,"s15","m1",-0.900346513152991,-0.817339411559016,0.608306363676853,-0.219933933626575,1.24164264536413
862,10119,"s15","m1",-0.950428509282377,-0.914488421981668,0.475498293441517,-0.993037299559206,1.56764055421177
863,10131,"s15","m1",-1.03316743736568,-0.95251017117165,0.164557385955943,-0.871001282557842,1.64563119812673
864,10149,"s15","m1",-0.915132765428459,-0.823848856914542,0.615247156959487,-0.593250717214794,1.5415403335081
865,10150,"s15","m1",-0.779640051540669,-0.730135101095751,0.741610424354107,-0.232547143478294,0.854890783719385
866,10157,"s15","m1",-1.00444340236026,-0.930662456587757,0.0771131307261576,-0.955878461412061,1.37128886366113
867,10169,"s15","m1",-0.897310772558401,-0.856808405738681,0.545263238774179,-0.509485042531008,1.29396280223525
868,10175,"s15","m1",-0.926776352369523,-0.925717572975447,0.239118461497256,-0.596014285389561,1.64066459100852
869,10178,"s15","m1",-0.813566045889556,-0.772094373291351,0.477749462266932,-0.373872935501195,0.883620527434726
870,10180,"s15","m1",-0.796751509567742,-0.778759018625668,0.653903133761136,-0.393112582978293,0.750349134159135
871,10183,"s15","m1",-0.95075621148032,-0.851582982884082,0.380268488608829,-0.157078560981726,1.56456998806471
872,10197,"s15","m1",-0.87226511388004,-0.851819825552983,0.511017191293818,-0.309500483544263,1.18383185050738
873,10209,"s15","m1",-0.837621067799619,-0.837476112909771,0.574933827159998,-0.268861798045913,1.30607072361825
874,10211,"s15","m1",-0.880794112779139,-0.811630101485361,0.482915673869257,-0.656535420441833,1.1060010277203
875,10227,"s15","m1",-1.0176985177413,-0.91296476292245,0.433774194667417,-0.596718662029537,1.9440292663324
876,10247,"s15","m1",-0.828429048901628,-0.821108500215365,0.637733747354161,-0.312270464888714,1.03269465356773
877,10256,"s15","m1",-0.938384336523616,-0.84154336981145,0.449404298976362,-0.766773469454728,1.02401976453907
878,10257,"s15","m1",-0.889141005667987,-0.848884287670829,0.601145582750515,-0.841374010699604,1.4080627973577
879,10272,"s15","m1",-0.870823397360441,-0.860382119139045,0.568347297444385,-0.402053687613006,1.32591449602575
880,10283,"s15","m1",-0.9637649017253,-0.871978082207536,0.420642180876882,-0.534465632868753,1.69488299657438
881,10298,"s15","m1",-0.915213647895968,-0.81699429683736,0.398468216069093,-0.944612853754928,1.32315458039968
882,10300,"s15","m1",-0.844024304940595,-0.808816960403407,0.372399445072434,-0.656512003911697,0.938991346496426
883,10314,"s15","m1",-0.937054826630301,-0.891906584423916,0.448637651842171,-0.868641643272786,1.18592323037134
884,10324,"s15","m1",-0.979643934539942,-0.870742035849861,0.399604693554447,-0.871015363487532,1.47439745583657
885,10336,"s15","m1",-0.922061807007803,-0.818551887949153,0.576807072397479,-0.696938616852937,1.27454684353188
886,10389,"s15","m1",-0.938406673088865,-0.929003347639094,0.466282086594601,-0.548596291163426,1.4306690632911
887,10391,"s15","m1",-0.958098469889973,-0.836124294944594,0.528553417004978,-0.56864460247661,1.48955030621479
888,10414,"s15","m1",-0.956059881908523,-0.906474009740042,0.360168982928576,-0.604894563297061,1.34468780009918
889,10418,"s15","m1",-0.901556029754027,-0.858760306678885,0.498861812573193,-0.560232893929955,1.458485612173
890,10431,"s15","m1",-0.896066724683641,-0.889304085926929,0.480251449375931,-1.26699354293755,1.29843514632554
891,10442,"s15","m1",-0.998118691669138,-0.821674598317547,0.536276824864095,-0.537094875452392,1.4494443837645
892,10475,"s15","m1",-0.989333420701893,-0.905537182264252,0.309869768380027,-1.54689872513242,1.71124653024106
893,10491,"s15","m1",-0.85956567333048,-0.808008407000466,0.705943940670212,-1.33166044438921,1.2939727456652
894,10499,"s15","m1",-0.966483882143612,-0.962932060655992,0.330789806033439,-0.390686994664015,1.94263226377497
895,10501,"s15","m1",-0.953597609719243,-0.932547802177025,0.357516114913565,-0.935523023401155,1.43393528219377
896,10512,"s15","m1",-0.909084804735278,-0.864056738032459,0.525975348416459,-0.802071845094173,1.54804497444589
897,10518,"s15","m1",-0.893145449730747,-0.932663338116209,0.48093261144779,-0.369590097049852,1.17557729984471
898,10558,"s15","m1",-0.895871342734288,-0.845301067681427,0.586384595861957,-0.78909612595247,1.36165223410753
899,10605,"s15","m1",-1.03630531871061,-0.93153074466723,0.270300104852059,-0.669289218133378,1.80817501992418
900,10609,"s15","m1",-0.975090843504154,-0.818667872867574,0.176476972422019,-0.613700231204921,1.38798959954568
901,10616,"s15","m1",-0.884213405441767,-0.846441252396841,0.556909172941924,-0.57785127855003,1.08795092461323
902,10622,"s15","m1",-0.958303977097578,-0.793761059803922,0.575491451136855,-0.527830123654499,1.41764966774182
903,10631,"s15","m1",-0.8391513242175,-0.817489646934793,0.588280237380038,-0.174990286367692,1.23207947634207
904,10632,"s15","m1",-0.902106784704993,-0.889423004633404,0.358677709798896,-0.819738944054591,1.25735168204283
905,10634,"s15","m1",-0.793532726175775,-0.84990120944525,0.537508831482286,-0.672372056403824,1.10696384927464
906,10656,"s15","m1",-1.00302351280079,-0.884295711249722,0.454348766067864,-0.383673749620511,1.48857084735295
907,10658,"s15","m1",-0.971135844129584,-0.810604041319556,0.499707258624085,-0.320381977201253,1.39607905301567
908,10665,"s15","m1",-0.895273365371107,-0.871051149814293,0.483635703421049,-0.621526788872206,1.07338654812302
909,10675,"s15","m1",-0.897399995925588,-0.824771617499471,0.542928851586969,-0.44017178446286,1.15234551574178
910,10685,"s15","m1",-0.936876101449927,-0.922792892792948,0.457806763416198,-0.812850754169805,1.49451018192431
911,10708,"s15","m1",-1.02883687502448,-0.889187616203299,0.330861121447216,-0.900332756061822,1.57727209315328
912,10709,"s15","m1",-0.893763928580696,-0.817797046495452,0.517733745757441,-0.666258993000824,1.19549951050777
913,10715,"s15","m1",-0.871687093739661,-0.870567033591164,0.566464384090913,-0.722087498141561,1.54270697946335
914,10716,"s15","m1",-0.91630601487314,-0.876925509469622,0.401387652639706,-0.542627257175603,1.38046165895389
915,10726,"s15","m1",-0.917322296347806,-0.913977644934985,0.505817592544905,-0.837388355628546,1.53910932426181
916,10735,"s15","m1",-0.996725181295675,-0.837630080963361,0.403559031662181,-1.02928684632361,1.62456926291026
917,10747,"s15","m1",-0.942613197103451,-0.931933534919533,0.36842208230368,-0.927632164248355,1.32741602742899
918,10751,"s15","m1",-0.996760266996949,-0.933078325958445,0.527351666211779,-0.695857422507029,1.48731039410247
919,10759,"s15","m1",-0.904035431466709,-0.835627698660556,0.561668848821513,-0.483124297634723,1.32121516373693
920,10788,"s15","m1",-0.910134293637535,-0.791644622757405,0.467205597171206,-0.36029551753447,1.11467786651463
921,10795,"s15","m1",-0.968871557334226,-0.852386998148234,0.554763029783097,-1.41295027400303,1.58445498885999
922,10800,"s15","m1",-0.89339049927367,-0.819659291793676,0.621380761734108,-0.469571754665314,1.33742487877994
923,10812,"s15","m1",-0.897663403842507,-0.806773352080682,0.244685371111002,-0.701998950180236,1.24368193672448
924,10816,"s15","m1",-0.972601931074672,-0.940362093959429,0.442249992313242,-0.450443067859485,1.40203957948443
925,10819,"s15","m1",-0.972562910331474,-0.851872613024755,0.396507340737676,-0.75499572338684,1.26289284189814
926,10839,"s15","m1",-0.837181769480572,-0.801570249552369,0.573308644057931,-0.329022516925139,0.89950770469699
927,10842,"s15","m1",-0.897038552019758,-0.875057222888835,0.37883018909268,-0.728751838163912,1.25556964667875
928,10845,"s15","m1",-1.00787460946317,-0.867088972012833,0.484523533705142,-0.671574091061252,1.33245856686813
929,10865,"s15","m1",-1.00830004824919,-0.912156727344288,0.438488716284819,-1.05945744884003,1.68208663118864
930,10869,"s15","m1",-0.921800802496902,-0.839916372148019,0.526085371657268,-0.581277994224494,1.19416509946538
931,10876,"s15","m1",-0.966300376448081,-0.828242528663253,0.605661644200433,-0.408822890713934,1.51874880296966
932,10889,"s15","m1",-0.907739362274963,-0.876461189038662,0.454932048244444,-0.22377197322026,1.27211388547414
933,10890,"s15","m1",-0.90582148759894,-0.795480996268585,0.393080261268242,-0.304758389970134,1.08608030015774
934,10892,"s15","m1",-1.02113616059843,-0.967476176784494,0.270173076904327,-0.689059954810956,1.68246079999916
935,10900,"s15","m1",-0.865201861264514,-0.820303653284348,0.533376052971501,-0.30734245108617,1.05194819035904
936,10959,"s15","m1",-0.961254364663468,-0.884192259552516,0.272653042335646,-0.664637914083502,1.48330428921299
937,10968,"s15","m1",-0.912653540504632,-0.898973626848124,0.553586792172879,-0.496231020342162,1.45909436992843
938,10973,"s15","m1",-0.885678864070811,-0.818894836136193,0.677932079008268,-0.431815896846114,1.35692730293233
939,10978,"s15","m1",-0.890778392220979,-0.908701204513939,0.651940354340476,-0.463414516775587,1.57251432365538
940,10980,"s15","m1",-0.88188817878662,-0.886558733627625,0.480233858365549,-0.855852573393369,1.25407095297784
941,10989,"s15","m1",-0.946696699896645,-0.876832837971268,0.32028504168379,-0.511729617807889,1.44657159567736
942,10991,"s15","m1",-0.855790221546754,-0.830804097752126,0.571865174487029,-0.106057789467222,1.21393509714251
943,11005,"s15","m1",-0.888979441949235,-0.71878819881264,0.575541319618003,-0.65644524532715,1.1871155418217
944,11022,"s15","m1",-0.987546594260649,-0.90299674192086,0.26817156500532,-0.583884120937783,1.37123746862955
945,11037,"s15","m1",-0.825935932966534,-0.837078498064531,0.636057218889853,-0.446076971880634,1.11445795935022
946,11048,"s15","m1",-0.946243045582268,-0.871277816588805,0.27845414667824,-0.502617261677511,1.18620808187833
947,11058,"s15","m1",-0.906969356336177,-0.814575604640596,0.459320337760469,-0.437250935024739,1.20632439914141
948,11065,"s15","m1",-0.933503570416725,-0.835626703667461,0.531888161489405,-0.324872407591343,1.39679869891637
949,11068,"s15","m1",-0.880123474571302,-0.870770514448937,0.48078316082491,-0.487418573833211,1.11422996239709
950,11090,"s15","m1",-0.883210726511519,-0.79092021135201,0.528183094239682,-0.149142429220903,1.11138924699508
951,11091,"s15","m1",-0.891154077634103,-0.931150294578462,0.463975073373308,-0.849702027532644,1.48689733487349
952,11115,"s15","m1",-0.827595472103048,-0.775898653023838,0.528135309352737,-0.573510479571356,0.801025268857946
953,11122,"s15","m1",-0.843648490706155,-0.832380908223505,0.418972332452445,-0.540728833654844,1.08031480420994
954,11157,"s15","m1",-0.973110270529692,-0.903140818515677,0.477803627369075,-0.700441110893373,1.55928949538353
955,11160,"s15","m1",-0.906729632659688,-0.829886891321316,0.442573303611803,-0.570532939163381,1.4518521440511
956,11171,"s15","m1",-0.876311891520079,-0.847167793615728,0.631697848086058,-0.491168697865724,1.33496750516735
957,11173,"s15","m1",-0.87294060448555,-0.819743930229062,0.39740015105241,-0.35513196405073,1.16848233845553
958,11201,"s15","m1",-0.910169886112465,-0.861133275881817,0.612486647299392,-0.645423754938746,1.39906433886158
959,11230,"s15","m1",-0.925658407102887,-0.955259754502119,0.403274964234143,-0.700221719853496,1.52285307568876
960,11236,"s15","m1",-0.995879881472473,-0.961808693597697,0.345432736169414,-0.584692305176371,1.57281506740566
961,11247,"s15","m1",-0.916115986617584,-0.844295415402674,0.477266626891717,-0.818623233364125,1.44140969878054
962,11252,"s15","m1",-0.795180448631327,-0.758330506415645,0.690839304763928,-0.056663217408469,0.701196438911893
963,11260,"s15","m1",-0.96366714139919,-0.902484020125401,0.48551316885758,-0.216510256335005,1.65982977616878
964,11264,"s15","m1",-0.93906504568274,-0.813924179872706,0.397240601655417,-0.172384383272947,1.29803733292744
965,11268,"s15","m1",-0.985641625581789,-0.834627172658056,0.579340123487089,-0.709561585877406,1.32380451279788
966,11270,"s15","m1",-0.942105271182507,-0.839575686742166,0.463057754822804,-0.907821559620603,1.4822715481835
967,11273,"s15","m1",-0.820269789959617,-0.83555393353581,0.649729048415186,-0.371378536720862,1.05280617472671
968,11274,"s15","m1",-0.946152818834305,-0.895948939928406,0.483707257403256,-0.439379563761071,1.49296658275184
969,11275,"s15","m1",-0.98894291127603,-0.806872144728483,0.449562674288543,-0.598082334363245,1.09738638216961
970,11276,"s15","m1",-0.938070342111531,-0.912064411650851,0.574039272566845,-0.86006382880023,1.58024527531366
971,11278,"s15","m1",-0.948021674558203,-0.843116228794784,0.533866864649538,-1.11085898407687,1.53149000122692
972,11300,"s15","m1",-0.942501881958849,-0.839426846672363,0.57812932381705,-0.875804891944693,1.51527129895823
973,11301,"s15","m1",-1.04091898901791,-0.936938328937491,0.424588947328974,-0.988271609232953,1.72803352218031
974,11303,"s15","m1",-0.94838417220046,-0.851705078680289,0.408739528601565,-0.628001974815663,1.34014672442958
975,11310,"s15","m1",-0.95772764180934,-0.849516904563393,0.496287185173333,-0.45312755461221,1.48947066544778
976,11323,"s15","m1",-0.892110404141216,-0.896558930510467,0.314715937207446,-0.469260069716052,1.28770019314655
977,11324,"s15","m1",-0.843214944164452,-0.777263300267555,0.619451621529508,-0.310209207845865,1.12968283665368
978,11326,"s15","m1",-0.800334767001929,-0.856825932076775,0.582928729562999,-0.50014182823517,1.02050380094088
979,11340,"s15","m1",-0.897006157300822,-0.87294248812697,0.579698409954728,-0.504046744718715,1.17513732251714
980,11341,"s15","m1",-0.91242976320308,-0.865241032835703,0.642076005325394,-0.458342967706847,1.05169397873877
981,11344,"s15","m1",-0.895602100666176,-0.849955987748739,0.582763350390273,-0.743106290790215,1.26883930208827
982,11380,"s15","m1",-0.862158397623674,-0.867172089391031,0.3928113527406,-0.530107508454639,1.19915724360524
983,11389,"s15","m1",-0.927723455400531,-0.858626373319394,0.461327606168263,-0.410051887513852,1.41946411780291
984,11438,"s15","m1",-0.843570591759854,-0.764810750081229,0.744170302191688,-0.390617679114878,1.08674532836094
985,11440,"s15","m1",-0.984807062502827,-0.93925265286346,0.34622599288333,-0.992721027086261,1.59171071792527
986,11441,"s15","m1",-0.918093218628953,-0.859713016118413,0.473915814983451,-0.22073972991452,1.57883521943727
987,11453,"s15","m1",-0.747518059121455,-0.76112902793461,0.655975181746943,-0.127617537707091,0.90048313495163
988,11458,"s15","m1",-0.971132683593864,-0.9135893159597,0.611342985905811,-0.920061918705035,1.68163177756582
989,11509,"s15","m1",-0.761423428179535,-0.841755167458107,0.681382549770456,-0.487665637787701,0.995773004463148
990,11520,"s15","m1",-0.849596613296848,-0.80904479320576,0.406259938845208,-0.234619566678863,1.19641170645287
991,11521,"s15","m1",-1.00154158925007,-0.909728886341414,0.433269506946202,-0.796696356825565,1.47018759522141
992,11523,"s15","m1",-0.9183442389413,-0.763024225178001,0.577420218095589,-0.532982792956859,1.20111160452038
993,11534,"s15","m1",-0.868871172768218,-0.773990835499455,0.72422503969251,-0.573196871812823,0.937070245795437
994,11565,"s15","m1",-0.934384715823295,-0.825607930092422,0.403644322483087,-0.582502386014401,1.17562562266286
995,11578,"s15","m1",-0.873047018215183,-0.848415557960266,0.643543317769002,-0.450552679915012,1.06401633142889
996,11594,"s15","m1",-0.939272533921463,-0.882528923765087,0.328738490733725,-0.403009079612244,1.48027081063114
997,11606,"s15","m1",-0.919469004840028,-0.894224732626567,0.444351288571488,-0.726676825740843,1.40588362716248
998,11608,"s15","m1",-0.962066083205078,-0.84876519903824,0.319833211016759,-0.19570046718092,1.54604520824218
999,11617,"s15","m1",-0.84968879940878,-0.870978011421352,0.385901089067144,-0.825306634833333,1.07593781165641
1000,11634,"s15","m1",-0.934368519173401,-0.871036957705269,0.560847574427561,-0.556343001929122,1.03187269971873
1001,11649,"s15","m1",-0.893757948696903,-0.863620440211994,0.568608750486395,-0.388124619994551,1.3690162319087
1002,11655,"s15","m1",-0.927661640954926,-0.873170786460164,0.387478914141867,-0.14450873180062,1.2358466675723
1003,11659,"s15","m1",-0.986872374171801,-0.851839429927798,0.47463585110882,-0.83653383860579,1.45194277795795
1004,11661,"s15","m1",-0.940831556638642,-0.856941880858888,0.453902963346201,-1.03539879191328,1.28866917379783
1005,11666,"s15","m1",-0.885565696719159,-0.796726842396214,0.446839062071909,-0.38843649123846,1.22351135201494
1006,11676,"s15","m1",-0.953267741475185,-0.862661892724296,0.370490136395438,-0.291542804076411,1.31347373894581
1007,11683,"s15","m1",-0.840674425199502,-0.768034481040566,0.558310951092516,-0.344083528553354,1.21627492277281
1008,11712,"s15","m1",-0.816436007522592,-0.772191963698563,0.589714631107812,-0.403518111912394,0.931080975873843
1009,11724,"s15","m1",-0.926162376016822,-0.827422359335105,0.491823147862557,-0.584433578758669,1.31932717593942
1010,11728,"s15","m1",-0.976788693061604,-0.887658509726007,0.362151819680966,-0.780628177035244,1.3759099211735
1011,11738,"s15","m1",-0.967863695761241,-0.916493666547611,0.463512604677026,-0.605705174289929,1.60524638558618
1012,11739,"s15","m1",-0.829447175385743,-0.74978449801357,0.464852044432301,-0.218922202803091,0.829381826761345
1013,11769,"s15","m1",-0.930513722207113,-0.861164785738701,0.561489703244111,-0.162566123061678,1.35480344794479
1014,11774,"s15","m1",-1.01405799118781,-0.974815397650952,0.361985248634075,-0.705777944446413,1.82115494030155
1015,11788,"s15","m1",-0.887651527725691,-0.818564843088328,0.392847366177121,-0.451440602250289,1.11991034182133
1016,11791,"s15","m1",-0.909277074475681,-0.859284140445911,0.492744846429441,-0.643151280759772,1.40422447260901
1017,11811,"s15","m1",-1.0156725468218,-0.866952239311727,0.464795869461278,-0.69033478246562,1.46378608160602
1018,11840,"s15","m1",-0.96703021822032,-0.808240490445432,0.50638132697198,-0.276601823324251,1.26545922743795
1019,11859,"s15","m1",-0.923074786575053,-0.852699525936684,0.420216885661359,-0.305671667812411,1.28700502299306
1020,11879,"s15","m1",-0.868968841671299,-0.782139592183092,0.482623388838908,0.016918860028767,1.10713136115714
1021,11887,"s15","m1",-0.85733597648062,-0.869896888013413,0.531802037544737,0.0582412586665843,1.19441218314528
1022,11920,"s15","m1",-0.92447924907109,-0.867241526296042,0.37308609068501,-1.26309982406172,1.47233614186041
1023,11935,"s15","m1",-0.872068444856074,-0.81608212755771,0.485132220102802,-0.362241355998294,1.25917529286932
1024,11941,"s15","m1",-0.937147703234679,-0.882070963271997,0.382544614778091,-0.326134015098134,1.48711027883801
1025,11966,"s15","m1",-0.903719108195782,-0.858982623530846,0.475735484424537,-0.645914514234412,1.31390988061624
1026,11980,"s15","m1",-0.842144645602424,-0.802028805955657,0.478199771688426,-0.53845099016549,1.12520966040701
1027,12021,"s15","m1",-0.842228568651106,-0.821228660649121,0.536593837027737,-0.625543656130424,1.12815278226434
1028,12037,"s15","m1",-0.892915853863696,-0.828258440460347,0.522457689942495,-0.619137481911293,1.19810863425222
1029,12098,"s15","m1",-0.931959565194303,-0.92135201973547,0.364595563777741,-1.07948150437892,1.56292793409835
1030,12136,"s15","m1",-0.761986260608221,-0.723953705564846,0.670195926586759,-0.236318857534162,0.722970747996429
1031,12148,"s15","m1",-0.925391537686324,-0.858049096913962,0.536029579001792,-0.307893810898485,1.19318155255743
1032,12151,"s15","m1",-0.985041386142182,-0.865729722299689,0.446350271637494,-0.711740685005777,1.57738112149389
1033,12152,"s15","m1",-0.893477029289589,-0.876148648098087,0.569644157261267,-0.372859726452551,1.18153057487457
1034,12187,"s15","m1",-0.898922766818993,-0.898528926765579,0.377115561302105,-0.786231502993705,1.13827213550761
1035,12204,"s15","m1",-0.913405215366009,-0.889866916455987,0.459761156168877,-0.259605208496341,1.37313783809669
1036,12243,"s15","m1",-0.913125831939789,-0.890759003558945,0.400088452740456,-0.999449873492632,1.43927767057659
1037,12255,"s15","m1",-0.935317975405776,-0.808803345399741,0.515919511782508,-0.318606722919145,1.37408358943665
1038,12263,"s15","m1",-0.891738413598989,-0.914877022061172,0.481001760210566,-0.922504000589784,1.13464288753319
1039,12277,"s15","m1",-0.943934811107834,-0.803756948850155,0.61064355254231,-0.510510438066429,1.31435610696599
1040,12300,"s15","m1",-0.88782436833299,-0.80963570025828,0.494001275149541,-0.369435615248422,1.3804317515571
1041,12314,"s15","m1",-1.0146612828222,-0.87123922526756,0.480683376136383,-0.97385220124029,1.68392754700195
1042,12330,"s15","m1",-0.935018918514106,-0.918491777149527,0.302027993705268,-0.324364647019967,1.52759577131061
1043,12350,"s15","m1",-0.899271940155123,-0.833920549939213,0.607881314937552,-0.461481047592055,1.43464344869686
1044,12357,"s15","m1",-0.907315761732699,-0.9010044592488,0.681110477631107,-0.498435049530085,1.42002705525055
1045,12386,"s15","m1",-0.807921161323463,-0.750777569191134,0.693442781136245,-0.0675914973262251,0.927933009661524
1046,12411,"s15","m1",-0.926521823841087,-0.875678807964134,0.473166254619752,-0.895535728114642,1.43233156332894
1047,12418,"s15","m1",-0.99946489018726,-0.924570670595226,0.429137398619566,-0.623109533823975,1.38428982808344
1048,12422,"s15","m1",-0.883848360671243,-0.77398517344252,0.556957214206951,-0.38549847096524,1.18219607931992
1049,12431,"s15","m1",-0.909815576586254,-0.794441072093575,0.437532690507127,-0.403019408287849,1.23928252708718
1050,12447,"s15","m1",-0.915667467890126,-0.850504653346945,0.430934560061404,-0.35069107913873,1.2053286542941
1051,12450,"s15","m1",-0.910595394819083,-0.833774662265987,0.451011530479217,-0.494952811367404,1.59706517734642
1052,12451,"s15","m1",-0.983586752140003,-0.914073690698452,0.428573720880451,-0.260395963311176,1.56436068965037
1053,12463,"s15","m1",-0.844473006891939,-0.733569294718997,0.586642306072953,-0.409819171463456,1.09004716786464
1054,12468,"s15","m1",-0.913537725735168,-0.872108274793943,0.441948387792596,-0.696468953778304,1.27756247782701
1055,12485,"s15","m1",-0.929471105197776,-0.856706731358559,0.459272191725497,-0.540336031798267,1.45653535430232
1056,12486,"s15","m1",-0.921140478136186,-0.840579171176128,0.383496645268527,-0.610051462902132,1.09042851961838
1057,12504,"s15","m1",-0.941813849245597,-0.906073183253486,0.476950982623851,-0.76967437052177,1.52917288674121
1058,12518,"s15","m1",-0.943030300457422,-0.868665360136738,0.442543145891647,-0.623996452943301,1.24985218099436
1059,12530,"s15","m1",-0.891280400556003,-0.786251960611753,0.465647889251948,-0.440021323702627,1.1362546602132
1060,12537,"s15","m1",-0.895822972523018,-0.867417756140767,0.610004492129301,-0.516664759267437,1.28053970804493
1061,12547,"s15","m1",-0.89273130741233,-0.877042159032895,0.589785853410175,-0.942407597953935,1.37218565826074
1062,12570,"s15","m1",-0.916242696679692,-0.942262508103366,0.319436236596917,-1.08383039939384,1.28629663405135
1063,12573,"s15","m1",-0.881275391039515,-0.805864587147578,0.623348052417197,-0.350543889970836,0.989934255356472
1064,12583,"s15","m1",-0.889150376381769,-0.85387961018585,0.390194491094759,-0.734402623344974,1.28612609235858
1065,12611,"s15","m1",-0.897723060524609,-0.872815293022117,0.540209842500236,-0.295334029497357,1.21833432315669
1066,12616,"s15","m1",-0.991492551469054,-0.963430680587891,0.189925248202001,-0.92894457877494,1.3398997228325
1067,12635,"s15","m1",-0.898069639004365,-0.798842732756172,0.533838001874066,-0.367924149037811,1.18485777485544
1068,12658,"s15","m1",-0.926238793320767,-0.888093224325351,0.408669628426747,-0.597551224388653,1.39542008710276
1069,12661,"s15","m1",-0.924787169498997,-0.853319159918161,0.507489990522377,-0.710720757984538,1.23056959446286
1070,12662,"s15","m1",-0.976795163071063,-0.92792435127703,0.592542740278673,-1.02279600840324,1.70446449457857
1071,12709,"s15","m1",-0.976271290112304,-0.933134812879081,0.455297724473386,-0.722940313699865,1.79835903769846
1072,12726,"s15","m1",-0.940366371268463,-0.89007793151274,0.419131230465813,-0.903762222300688,1.33221909145737
1073,12741,"s15","m1",-0.863943851198849,-0.814215410946821,0.43313041581016,-0.406828961271008,1.17767404443234
1074,12749,"s15","m1",-0.952840791607705,-0.834896405805947,0.332473326732461,-0.294859790653454,1.3613233089353
1075,12752,"s15","m1",-0.881728941601852,-0.912190999359168,0.407098242749925,-0.615751609463734,1.261329883468
1076,12764,"s15","m1",-0.818380741896415,-0.749644982503664,0.589049121519454,-0.456532816072468,0.910549518863765
1077,12765,"s15","m1",-0.966226527221969,-0.848641449130987,0.507039060470906,-0.738646389869077,1.26647576940342
1078,12768,"s15","m1",-0.944547863954279,-0.896447606621543,0.372831301459195,-0.585298030617322,1.27690125719434
1079,12771,"s15","m1",-0.986755778890387,-0.916359813500474,0.308781597340536,-1.00519627585515,1.77771242079594
1080,12804,"s15","m1",-0.87650863208583,-0.876549956882541,0.459504437510393,-0.370370005236451,1.18726267400079
1081,12805,"s15","m1",-0.909233028220946,-0.870564999768318,0.465222930947038,-1.10876725254082,1.28138969638942
1082,12828,"s15","m1",-0.939831473678363,-0.881207867145277,0.465241200026535,-0.331160352823616,1.23399223127043
1083,12830,"s15","m1",-0.900046945453283,-0.89259971496654,0.575499616991764,-0.550892575366012,1.58870409050752
1084,12836,"s15","m1",-0.911407941209523,-0.835732578436876,0.495978163430949,-0.434048662122176,1.18345283483852
1085,12867,"s15","m1",-1.01927468828033,-0.903236746756986,0.324573784334015,-0.408323796553173,1.33224506560389
1086,12880,"s15","m1",-0.939309988517405,-0.87824072426114,0.631208927575064,-0.781996532417646,1.27256960096084
1087,12884,"s15","m1",-0.856939488693686,-0.797697233393041,0.624042155329872,-0.792570052753858,1.25028574218837
1088,12890,"s15","m1",-0.966289173608492,-0.849212264828543,0.623436331493685,-0.881841368386839,1.60899779019877
1089,12909,"s15","m1",-0.881558041324856,-0.864330022258809,0.517061579006473,-0.385897495101669,1.15329270656993
1090,12911,"s15","m1",-0.860059259455079,-0.857729491828234,0.468033487406311,-0.488989917310141,1.38292481404053
1091,12919,"s15","m1",-0.962568526920506,-0.917754082101813,0.39808719432786,-0.436035446970175,1.56150301819102
1092,12923,"s15","m1",-0.818880644830755,-0.767308884420437,0.717271601263976,-0.264580316401149,1.19653968767107
1093,12928,"s15","m1",-0.979348867454858,-0.897754217513754,0.388718199068493,-0.742337815196023,1.64558970982727
1094,12947,"s15","m1",-0.96268157677822,-0.854931955055301,0.481009711331211,-0.434951315632043,1.50003314622029
1095,12951,"s15","m1",-0.866233684531921,-0.834660247015501,0.544465317954639,-0.815254697050648,1.06354502932412
1096,12954,"s15","m1",-0.845570784930118,-0.778238139081411,0.628036605128785,-0.0509572150800323,1.0188424510064
1097,12967,"s15","m1",-0.927683868020744,-0.81326024204316,0.628271021312847,-0.708936505142367,1.1923598423956
1098,12969,"s15","m1",-0.821937141629008,-0.801206890976467,0.570870259060891,-0.196023828529747,1.13391593155933
1099,12989,"s15","m1",-0.889356380814005,-0.856064539013578,0.438607089004679,-0.544078784477909,1.31461002748628
1100,12996,"s15","m1",-0.910170788363523,-0.890011896464588,0.643898771136563,-0.621513941533335,1.32063477932273
1101,12998,"s15","m1",-0.9111742881039,-0.771716473668823,0.67935277317741,-0.359011120122287,1.23632050733008
1102,13003,"s15","m1",-0.859560357190005,-0.818463247334696,0.662753848797116,-0.382017974517875,1.23426735646334
1103,13022,"s15","m1",-1.06587703185705,-0.935388452038298,0.467824101036193,-0.613388838004416,1.90986879378513
1104,13038,"s15","m1",-0.94621004551699,-0.892101162605429,0.363138213639078,-1.01654578019103,1.40991967001806
1105,13051,"s15","m1",-0.940578678356604,-0.863903976366437,0.478914179448604,-0.326292377730267,1.40865282190096
1106,13074,"s15","m1",-0.928208826516244,-0.927678137173917,0.462167999791903,-0.919442759117789,1.67205558133454
1107,13075,"s15","m1",-0.866178687606941,-0.835283923718542,0.465025376030533,-0.571980903080435,0.923918617400487
1108,13076,"s15","m1",-0.914993981610726,-0.93280096918549,0.545699751951899,-0.754506212190714,1.27848097210262
1109,13080,"s15","m1",-0.903628514180166,-0.889917919518145,0.608365463281774,-0.696071083172347,1.37351973086209
1110,13082,"s15","m1",-0.935886083598206,-0.882967711149126,0.429520122120227,-0.294485988120631,1.29855626205265
1111,13088,"s15","m1",-0.916985668497746,-0.827484463815391,0.515237431270176,-0.482977266750888,1.094285867953
1112,13114,"s15","m1",-0.96158797151631,-0.874592590553057,0.401600778273139,-0.192282411128535,1.53781455049978
1113,13119,"s15","m1",-0.879552762764895,-0.795665459276929,0.704312250649641,-0.466045703552241,1.28391886310316
1114,13130,"s15","m1",-0.791560513347807,-0.761930810948629,0.503931551580969,-0.0598631290084659,0.834416479192183
1115,13133,"s15","m1",-0.946333258099115,-0.95261459573791,0.355942373877696,-1.0592922122603,1.6360243212833
1116,13152,"s15","m1",-0.879499964373464,-0.846655515490797,0.607795352878246,-0.671734014896047,1.26391956835641
1117,13153,"s15","m1",-0.88727318047985,-0.889098360640351,0.679611015588781,-0.64396282222947,1.28481453745914
1118,13165,"s15","m1",-0.83462902078873,-0.781468723570752,0.591284882301675,-0.22299530876754,1.01944245973123
1119,13210,"s15","m1",-0.884413789065793,-0.868508044201709,0.421056765334879,-0.757670966366118,1.43568925776816
1120,13215,"s15","m1",-0.959705529367817,-0.869358739363785,0.407662106100475,-0.610330661855648,1.39075458067323
1121,13223,"s15","m1",-0.9634942173669,-0.918507925969794,0.316062561096096,-0.550421388944841,1.44185585442066
1122,13224,"s15","m1",-1.03404073114759,-0.928577717740968,0.331486970939432,-0.848345264333083,1.77415321774621
1123,13238,"s15","m1",-0.839851703512648,-0.788105065582012,0.558207315097585,-0.470344088489848,0.929153554601458
1124,13239,"s15","m1",-0.963615979641693,-0.828907290085084,0.665333272679519,-0.69421712839925,1.46355130338996
1125,13251,"s15","m1",-0.891151285221295,-0.841349392194075,0.353644825124409,-0.846984871049821,1.26748327142799
1126,13258,"s15","m1",-1.01150387840543,-0.87639639709248,0.469365451646157,-0.968108109274267,1.62378417822338
1127,13261,"s15","m1",-0.866175806601814,-0.837224605889285,0.707108531790129,-0.862685206474736,1.35166614368134
1128,13271,"s15","m1",-0.805209168276359,-0.792992022248677,0.513455199732122,-0.832410122382531,1.08086429768764
1129,13274,"s15","m1",-0.878390794582004,-0.792309253994304,0.691432518921121,-0.275607209639812,0.964450388761643
1130,13283,"s15","m1",-1.00882013599512,-0.900240201146251,0.438851261120618,-0.906160192838316,1.59655034669134
1131,13289,"s15","m1",-0.872338123284071,-0.819098091973548,0.638336175615981,-0.432084050068378,1.27283620613155
1132,13335,"s15","m1",-0.918173668149094,-0.824498108301726,0.64017556936571,-0.391994539143274,1.34845510926832
1133,13336,"s15","m1",-0.916950113252553,-0.86966245348553,0.395441572982626,-0.611506606857678,1.17329281907876
1134,13344,"s15","m1",-0.929116427984772,-0.860901454076871,0.378689140958925,-0.8668604643234,1.13132700987334
1135,13346,"s15","m1",-0.928755771178514,-0.967554358112895,0.366839636085362,-1.31685383941326,1.28071384362859
1136,13351,"s15","m1",-0.904088986982125,-0.807017427477956,0.595510323769526,-0.65841029538304,1.34419553959565
1137,13357,"s15","m1",-0.908594617685609,-0.786690303399072,0.623821340945997,-0.859335154976314,1.01373383062315
1138,13399,"s15","m1",-0.959001304012789,-0.915309454605849,0.392500249688803,-0.311400513874476,1.53858175611537
1139,13402,"s15","m1",-0.9242864395612,-0.871663605047777,0.388741958293994,-0.499870029784266,1.61862733523716
1140,13403,"s15","m1",-0.812144955385598,-0.751235043483065,0.503142611930375,-0.301337775501909,0.988792009413443
1141,13416,"s15","m1",-0.958453661517134,-0.85169704218706,0.61653604699781,-0.678350048288147,1.39503566037946
1142,13420,"s15","m1",-0.815950594724084,-0.81531741294382,0.509043684015378,-0.34450878364047,0.950513100804987
1143,13435,"s15","m1",-0.937840403238628,-0.892375548193934,0.403948718523023,-0.459145613376792,1.36685045000784
1144,13450,"s15","m1",-0.885133081636487,-0.865798446325799,0.546955246137405,-0.353629244218277,1.31973405265704
1145,13459,"s15","m1",-0.873615750070519,-0.84768456661189,0.474123281533418,-0.123373980515659,1.18822937385015
1146,13475,"s15","m1",-0.846362171028173,-0.845674567477134,0.550667602027894,-0.998304115858054,1.19735898430675
1147,13482,"s15","m1",-0.928064991523972,-0.850600418992158,0.576390168299573,-0.491508710865552,1.24830038243135
1148,13502,"s15","m1",-0.947488088399584,-0.799036376790241,0.626817644991298,-0.780975200360454,1.10303638059396
1149,13504,"s15","m1",-1.01345159131514,-0.910586139181924,0.332920210150882,-0.597084860525525,1.55296398132667
1150,13517,"s15","m1",-0.946413779837096,-0.883942133588315,0.483906575106937,-0.58644938523064,1.41550879426194
1151,13526,"s15","m1",-0.976335459845296,-0.935798722374247,0.423466042630886,-0.794954049281657,1.37469233935286
1152,13530,"s15","m1",-0.891805246232254,-0.797453455269147,0.573137169999356,-0.625447814155858,0.997570147214819
1153,13552,"s15","m1",-0.759963679554775,-0.757721441517387,0.541275403108729,-0.148357105582058,1.00353896649258
1154,13584,"s15","m1",-0.870590536943231,-0.837491842138532,0.586788546579543,-0.283519816984222,1.14725522231491
1155,13586,"s15","m1",-0.991396562832433,-0.91272137628514,0.25853571923299,-0.978109052587274,1.56055647283525
1156,13621,"s15","m1",-0.878996842771486,-0.893829615357209,0.514914719096556,-0.548129687153758,1.26790439112009
1157,13667,"s15","m1",-0.879582498632211,-0.830855631257526,0.561915761719708,-0.910059219561026,1.31691053266983
1158,13674,"s15","m1",-0.954831555142119,-0.886737423393823,0.464276686266339,-0.282384088816293,1.67078938371587
1159,13682,"s15","m1",-0.906081821217834,-0.844398303082718,0.512119885508727,-0.615464420557563,1.14224121138
1160,13689,"s15","m1",-1.0027672985804,-0.910472130593987,0.435073783314409,-0.791165458076597,1.70397470230305
1161,13696,"s15","m1",-0.920084976384429,-0.844166962707828,0.363789559028063,-0.452189947081188,1.29726497979812
1162,13710,"s15","m1",-0.859765573504545,-0.812244303551126,0.574996711685202,-0.70223892552351,1.10543914844217
1163,13713,"s15","m1",-0.914949722015821,-0.899388057462736,0.531265423847483,-0.556536756819951,1.38801410984265
1164,13717,"s15","m1",-0.943068470981583,-0.86161042532527,0.40821626127038,-0.606667372440769,1.30229145629645
1165,13724,"s15","m1",-0.915110088664218,-0.83435557484023,0.50837426416521,-1.02246585636313,1.29326707606465
1166,13743,"s15","m1",-0.949512242788951,-0.926908138972752,0.356949062172063,-0.818668084988805,1.38804806093975
1167,13749,"s15","m1",-0.910517548052364,-0.763054511821758,0.503124863955814,-0.265116951266269,1.13600919874485
1168,13752,"s15","m1",-0.792872022948526,-0.837258059486658,0.540936054503992,-0.298237797152315,1.02225365339424
1169,13761,"s15","m1",-0.968533166024268,-0.922137619288443,0.336365794274752,-0.605578942808697,1.60297401544296
1170,13762,"s15","m1",-0.84615919244797,-0.772788010202027,0.684991768467881,-0.627918005944063,0.972051531018668
1171,13765,"s15","m1",-0.916966387121225,-0.919928130079146,0.485163046502157,-0.853394839021946,1.49658008011424
1172,13811,"s15","m1",-0.959976109967494,-0.886863373091991,0.374674511796808,-0.442285021440613,1.17221359991384
1173,13821,"s15","m1",-0.868784982897524,-0.867068862795584,0.512924194706443,-0.697392485778039,1.29561227544361
1174,13822,"s15","m1",-0.955913799452553,-0.819709608119075,0.389785265304165,-0.195893797356993,1.36001025168683
1175,13833,"s15","m1",-0.890400596331552,-0.805470934546719,0.66920297895537,-0.843044465803956,1.24237992311134
1176,13837,"s15","m1",-0.930943492886185,-0.862698410364762,0.485238370011575,-0.284826304124476,1.30020704264343
1177,13842,"s15","m1",-0.8973265491685,-0.798119993563934,0.724393026734456,-0.333396509633347,1.26252584631601
1178,13850,"s15","m1",-0.864360745172384,-0.769357976555101,0.462478740338347,-0.37712104818643,1.12725594862985
1179,13862,"s15","m1",-0.858672345298619,-0.768842529079304,0.465825911793256,-0.558831473808804,0.983188565741704
1180,13867,"s15","m1",-0.957484348217407,-0.867031410832672,0.564162614269774,-1.21049376604168,1.44179138526055
1181,13872,"s15","m1",-0.909565800522012,-0.813605642430697,0.392690762768442,-0.484999551770991,1.35239082382153
1182,13886,"s15","m1",-1.01516929639189,-0.889013064710273,0.332563342075522,-0.486735710347387,1.64076042304143
1183,13887,"s15","m1",-0.803647218901598,-0.826710558254458,0.543640209874078,-0.589834730470424,0.965657788251898
1184,13898,"s15","m1",-0.856919860682695,-0.755715786950632,0.600767460317857,-0.306116104157617,1.19255658147296
1185,13900,"s15","m1",-1.05636468384326,-0.989374702829964,0.222624994224742,-0.815216359779138,1.69780795683805
1186,13903,"s15","m1",-0.864109859400201,-0.819738653509822,0.449247218257889,-0.610862149979282,1.44429494673556
1187,13904,"s15","m1",-0.895261820537915,-0.859341601654194,0.534555383866171,-0.493280345319493,1.3281286138092
1188,13906,"s15","m1",-1.02911622906301,-0.875124130965206,0.238740771730446,-0.375161511395888,1.52853043257001
1189,13960,"s15","m1",-0.891491644219205,-0.827801568730924,0.345117011485711,-0.822259018721715,1.19287098819314
1190,13986,"s15","m1",-0.973800584258944,-0.88577293242714,0.469741993273563,-0.958464372573625,1.50063338964962
1191,13996,"s15","m1",-0.845437563553876,-0.780394394675674,0.746792540656237,-0.164723530800419,0.996593658279201
1192,14001,"s15","m1",-0.872405613367764,-0.831030494288521,0.63003888483741,-0.178729245491183,1.33881843468931
1193,14012,"s15","m1",-0.951049890271029,-0.857312090010748,0.530930620492269,-0.535182008417721,1.42350921531838
1194,14048,"s15","m1",-0.957104472895662,-0.793387914779458,0.563519550994175,-0.0740658880781751,1.19082056599993
1195,14049,"s15","m1",-0.934464439137435,-0.854997237602123,0.713487697497556,-0.553738234247505,1.51662524998426
1196,14063,"s15","m1",-1.03536553481971,-0.905558263346635,0.431013231426028,-0.61665322868837,1.60473165655161
1197,14069,"s15","m1",-1.01255117987852,-0.882821129801509,0.379130996294315,-0.79590984514378,1.62069308743884
1198,14095,"s15","m1",-0.951219049962818,-0.893554559431436,0.328631974412295,-0.932026425034693,1.42114002386936
1199,14106,"s15","m1",-0.883095697607899,-0.815063663427658,0.596654529949862,-0.426270117843109,1.33722594354521
1200,14110,"s15","m1",-0.939020734445622,-0.828299432883119,0.552649206485669,-0.212582169523113,1.42582208410464
1201,14112,"s15","m1",-0.932124831298994,-0.869398276148821,0.483566901092008,-0.747047047605425,1.48558085015859
1202,14118,"s15","m1",-0.9359035847907,-0.871582376430929,0.49005436197426,-0.259098967734365,1.33791484294715
1203,14126,"s15","m1",-0.903869078209906,-0.85643712652544,0.451876235249576,-0.654307340774357,1.37710838717974
1204,14141,"s15","m1",-0.891124574625447,-0.767155012254851,0.584149835680528,-0.641878830017338,0.975764977263057
1205,14150,"s15","m1",-0.900550707426596,-0.744072680819814,0.60546261885711,-0.507739784521699,0.863387825008105
1206,14154,"s15","m1",-0.960804734431016,-0.939936572770262,0.368423052700611,-0.440772984272615,1.52554069072387
1207,14179,"s15","m1",-0.982875706701217,-0.879721339410538,0.539244297025028,-0.755403377094494,1.34311543658789
1208,14186,"s15","m1",-0.956392776627257,-0.863353857480336,0.52300860091933,-0.889013589199829,1.43643920195981
1209,14205,"s15","m1",-0.965715115080355,-0.897729083226674,0.362425183841743,-1.1165623813403,1.52449568110343
1210,14208,"s15","m1",-0.884322467350289,-0.849097495095266,0.617179677286474,-0.911044533402359,1.38906721677296
1211,14212,"s15","m1",-0.881649727594694,-0.85161998078416,0.433700232060656,-0.554842933563206,1.25794959242711
1212,14238,"s15","m1",-0.903154744149296,-0.859274627513491,0.467439817509576,-0.278048100181013,1.46763042184642
1213,14246,"s15","m1",-0.899774035361438,-0.839594405723549,0.504188309564195,-0.446515780956504,1.45352973759994
1214,14264,"s15","m1",-0.893984013867137,-0.828251842844747,0.564009446125451,-0.643744093149474,1.51733196348698
1215,14278,"s15","m1",-0.998226448741005,-0.863609998371563,0.271942460901378,-0.918090291271605,1.43561888490233
1216,14292,"s15","m1",-0.822543710212048,-0.786015840591613,0.676084458536052,-0.0611211058602841,1.07818750905725
1217,14297,"s15","m1",-0.871735591377427,-0.804446936637349,0.551962596998577,-0.768811062744898,0.992221752421699
1218,14304,"s15","m1",-0.816009858235905,-0.786673285150428,0.60751641008296,-0.324325310963044,1.2460352095056
1219,14307,"s15","m1",-0.834742242552557,-0.838028390551815,0.583187130783938,-0.561783454601937,1.14372646325035
1220,14325,"s15","m1",-0.962092421025539,-0.90234975818866,0.334407063458076,-0.496233640748792,1.48888686189255
1221,14326,"s15","m1",-0.900522646643333,-0.879169346758109,0.578972435224411,-0.743008097678549,1.44902321398924
1222,14351,"s15","m1",-0.912289718115497,-0.78966245524592,0.446928429261315,-0.513545587151753,1.15528112478177
1223,14352,"s15","m1",-0.910580340824154,-0.864507526832423,0.48387840757608,-0.840512147107596,1.15870068412217
1224,14362,"s15","m1",-0.881460435541161,-0.861810243378642,0.636452837874053,-0.891470740535615,1.19206624488124
1225,14378,"s15","m1",-0.934709343093795,-0.879531848856568,0.519678264888084,-0.708386419446723,1.28423015018899
1226,14382,"s15","m1",-1.01398354145185,-0.917871428749245,0.485133808424619,-0.67477657430686,1.37218909263075
1227,14387,"s15","m1",-0.879747361857264,-0.808436927466407,0.609252115063194,-0.180137429152093,1.29519987416653
1228,14408,"s15","m1",-0.926071558582422,-0.832612499347174,0.302679041205313,-0.273138150880656,1.18047041626192
1229,14424,"s15","m1",-0.92000406927234,-0.815657683790051,0.539170357605685,-0.589178834064698,1.41670929146669
1230,14426,"s15","m1",-1.02627879382681,-0.930186743367138,0.398586537401471,-0.963593007145127,1.52491413756108
1231,14456,"s15","m1",-0.984041776110744,-0.853442402327342,0.428096549456457,-0.341695911653245,1.39038085325607
1232,14464,"s15","m1",-0.919575619662905,-0.899234885648864,0.497955553706548,-0.366515322558254,1.63608514533723
1233,14488,"s15","m1",-0.939617360800079,-0.850430648343246,0.519940895114165,-0.880363911581907,1.39577910660468
1234,14496,"s15","m1",-0.899531950283809,-0.84072390672166,0.512643849731682,-0.472820963153823,1.36589345438089
1235,14509,"s15","m1",-0.94386297670773,-0.947932106348985,0.296914450349544,-0.614642717345685,1.52417916840914
1236,14537,"s15","m1",-0.861817223846518,-0.862233586183841,0.393728643222457,-0.758033531999342,1.23248671291018
1237,14545,"s15","m1",-0.917957214580676,-0.816920116493236,0.465405654679039,-0.393910253217345,1.33712893926604
1238,14546,"s15","m1",-0.923087568994647,-0.78597915338669,0.556169453908162,-0.45530600012959,1.2553919940555
1239,14553,"s15","m1",-0.915033115347696,-0.865883677535585,0.461546473531644,-0.489062001109094,1.2259016588297
1240,14563,"s15","m1",-0.974997330806201,-0.917998089675347,0.544428910814872,-0.541995567885268,1.44760992457321
1241,14594,"s15","m1",-0.98097118626233,-0.833448297775753,0.444736460474841,-0.65549993475742,1.54858357675734
1242,14605,"s15","m1",-0.944728174596628,-0.823508393192441,0.524119518167822,-0.934585638916905,1.43153506936444
1243,14636,"s15","m1",-0.871138155344458,-0.852862075164838,0.553276608894709,-0.782920928028819,1.14936150877544
1244,14638,"s15","m1",-0.796125746252435,-0.735036478323373,0.568324388842836,-0.0523237385854878,0.826930696682039
1245,14654,"s15","m1",-0.857816362158789,-0.802059168368667,0.768111588333157,-0.404437396678979,1.04593611529046
1246,14671,"s15","m1",-0.887358714553945,-0.866820521465905,0.455868254889643,-0.404883276501307,1.22505840688612
1247,14672,"s15","m1",-0.958745086513873,-0.85557870090417,0.521033365663313,-0.344016802919368,1.59397665058855
1248,14674,"s15","m1",-0.853711682686805,-0.833447316621708,0.506804110890819,-0.536812173913409,1.24183722486724
1249,14686,"s15","m1",-0.78549858931903,-0.722518905281079,0.669693776367507,-0.269891951886836,0.761625254640187
1250,14706,"s15","m1",-0.924655512782266,-0.834033992086307,0.570034095119509,-0.461584814717054,1.51043849619385
1251,14712,"s15","m1",-0.984099292486014,-0.950914328655128,0.508941289190267,-0.532380378200081,1.43880982669346
1252,14746,"s15","m1",-0.896301820106134,-0.867317759802547,0.628189703994298,-0.382904419340112,1.38498262664074
1253,14756,"s15","m1",-0.807952768977494,-0.809659079759324,0.534006678814386,-0.347596224597047,1.01016264803913
1254,14760,"s15","m1",-0.902963961011702,-0.833837584432016,0.565454989015436,-0.282106590656258,1.29875167126885
1255,14777,"s15","m1",-1.00137343646598,-0.973164864778649,0.414295287660213,-1.07483800796602,1.79073628639064
1256,14794,"s15","m1",-0.888475495948787,-0.835061049042902,0.477445825525961,-0.495975422449022,1.23561031893699
1257,14825,"s15","m1",-0.871900022175588,-0.835151209664733,0.52544777482029,0.000782346152676909,1.04593451399603
1258,14828,"s15","m1",-0.905726301107884,-0.866131828635963,0.528346442691102,-0.969858463173297,1.26058228830871
1259,14840,"s15","m1",-0.949654099713738,-1.00081166539833,0.31893110140401,-1.09243485232194,1.58372098870004
1260,14848,"s15","m1",-0.86847677873718,-0.75742172386263,0.58972110606771,-0.413445278229595,1.12816293261411
1261,14864,"s15","m1",-0.917094272544471,-0.820144874369588,0.517558552588596,-0.41562476670335,1.51068559533876
1262,14867,"s15","m1",-0.874461122035881,-0.84626648848931,0.499495912799553,-0.609194154929494,1.16621798294486
1263,14868,"s15","m1",-0.951977796488861,-0.905571758937485,0.425766924726133,-0.654430689095612,1.4782359897494
1264,14885,"s15","m1",-0.935380092398567,-0.790653733606372,0.437675754416793,-0.539725300706761,1.02364545826189
1265,14886,"s15","m1",-0.842276514560493,-0.784880992480002,0.605640718728919,-0.47889044947487,0.925339755075942
1266,14894,"s15","m1",-0.914284159674094,-0.893013511883899,0.437165466228392,-0.690038922455353,1.26944664784365
1267,14899,"s15","m1",-0.884989016482422,-0.879179463352759,0.678209419319549,-0.423014169716445,1.19584996902818
1268,14904,"s15","m1",-0.996059540697714,-0.891946480973706,0.437050725081302,-0.593895226790759,1.39371543248766
1269,14934,"s15","m1",-0.973049075315718,-0.749084522221904,0.55209163784877,-0.857440205106793,1.28354296961233
1270,14937,"s15","m1",-0.925525874625912,-0.926090075274686,0.506183646021779,-0.68019926078801,1.51358654747784
1271,14957,"s15","m1",-0.904390088807478,-0.900285771961679,0.519754389881311,-0.439815116643862,1.32193834569544
1272,14973,"s15","m1",-0.889247044336122,-0.889328379413048,0.499250631497015,-0.682910278800549,1.22594244116823
1273,14991,"s15","m1",-0.974687280625035,-0.899841541795557,0.369323477222228,-0.78554929797643,1.33093110997988
1274,14999,"s15","m1",-0.927879885775303,-0.845905547980366,0.481521574097093,-0.308308317182436,1.60270033297732
1275,15013,"s15","m1",-0.88366005441767,-0.842779047444337,0.246831067542926,-0.472047977738843,1.12015987893461
1276,15035,"s15","m1",-0.881977607744628,-0.749583477108164,0.618066551770665,-0.831799376318521,0.993908712112861
1277,15044,"s15","m1",-0.962333896751329,-0.830461640671727,0.403860497040661,-0.87232768106476,1.41819553802945
1278,15052,"s15","m1",-0.940927217543008,-0.920522655068466,0.511423897872857,-0.349805526225869,1.56155874591981
1279,15073,"s15","m1",-0.925508317057677,-0.813301652527418,0.478701333167851,-0.207861257301858,1.37595340948201
1280,15078,"s15","m1",-0.882534706562633,-0.748358417617237,0.671785288896292,-0.203694309431046,1.09879296765792
1281,15088,"s15","m1",-0.93284862595146,-0.922611086081055,0.420085879327065,-0.651713519664336,1.42012881198277
1282,15093,"s15","m1",-0.961056737099144,-0.869002377155021,0.425977472642987,-0.399234019796038,1.49682883261202
1283,15104,"s15","m1",-0.890391967482089,-0.826797123195902,0.542980645133151,-0.490352415321153,1.00234085875698
1284,15127,"s15","m1",-0.865263994819055,-0.824565727967464,0.676149222635739,-0.816441385251697,1.27856016315608
1285,15143,"s15","m1",-0.902347342867863,-0.874728155511933,0.547009156559269,-0.503595870311197,1.27929774620601
1286,15168,"s15","m1",-0.868537731706635,-0.88292336459966,0.608218539985485,-0.355703792965817,1.3243195198433
1287,15175,"s15","m1",-0.902852827578037,-0.876667494701962,0.485930984173835,-0.880650052407108,1.42680061892282
1288,15176,"s15","m1",-0.924133667519572,-0.901234411473355,0.42607232651987,-0.809088417040727,1.53539426357396
1289,15191,"s15","m1",-1.02196414923555,-0.877030533317108,0.37871393055121,-1.03488078821186,1.75295601328344
1290,15220,"s15","m1",-0.95832909466061,-0.973773630106537,0.243792791692952,-0.644733332065579,1.53790162436359
1291,15225,"s15","m1",-0.864648284985464,-0.845232130468518,0.631650350638479,-0.0553535180577587,1.28634514209172
1292,15242,"s15","m1",-0.928304788587185,-0.925788790924133,0.390573579220855,-0.515322216897424,1.3033657700819
1293,15259,"s15","m1",-0.865714259271564,-0.782302260628275,0.394169960558861,-0.0469554653051716,0.90783971906324
1294,15269,"s15","m1",-0.923296311166095,-0.853933711019554,0.532687284784952,-0.59242030777009,1.17321700257817
1295,15276,"s15","m1",-0.977559713113863,-0.916338563400996,0.55926398663201,-0.566666833177404,1.62250866104427
1296,15294,"s15","m1",-0.933131548970789,-0.834191309720077,0.526060782970613,-0.456702457848992,1.3830244620068
1297,15295,"s15","m1",-0.903388015261513,-0.870249502063593,0.446196264335374,-0.774867142462594,1.27741751002141
1298,15312,"s15","m1",-0.92259792896155,-0.931689925622028,0.495662530236949,-0.40505235284332,1.25471975563647
1299,15317,"s15","m1",-0.950221024178563,-0.9007183756722,0.332078314701071,-0.726150605686476,1.41877612484257
1300,15333,"s15","m1",-0.859967613336934,-0.864110542652597,0.468367790533814,-0.19943322640648,1.37515714751137
1301,15350,"s15","m1",-0.929490994330025,-0.845607518111401,0.418265408603457,-0.551307709140198,1.32576073693484
1302,15356,"s15","m1",-0.889907234292695,-0.776475620997041,0.3755155302086,-0.503883603296758,1.2346227580438
1303,15364,"s15","m1",-0.963362980346118,-0.854134832052882,0.343528546968662,-0.25612931404584,1.60751961135272
1304,15369,"s15","m1",-0.883279358662199,-0.812237474972281,0.427005887775936,-0.698956755866058,0.965860935824892
1305,15376,"s15","m1",-0.853209281775571,-0.787886859351536,0.437675775217293,-0.473096085529254,1.10134057146669
1306,15377,"s15","m1",-0.889398315791021,-0.827977882292803,0.661192301103968,-0.172196971320349,1.09623451294268
1307,15405,"s15","m1",-0.930786364700924,-0.836978928941602,0.668146189928922,-0.639480241603975,1.4847243957766
1308,15419,"s15","m1",-0.804990076132467,-0.805228825115078,0.684687340162084,-0.121502178991519,1.0097450342416
1309,15424,"s15","m1",-0.755245355381157,-0.829153402222484,0.563104143666391,-0.36395853586451,1.02682185098327
1310,15481,"s15","m1",-0.874027833092174,-0.944508183468246,0.503166815294542,-0.702921384781065,1.47228153080403
1311,15493,"s15","m1",-0.919685235659015,-0.91643533561622,0.441217306604847,-0.704437308150282,1.51453958230623
1312,15498,"s15","m1",-0.886104392052803,-0.90441020306156,0.484947078961831,-0.758858537990101,1.34078464677551
1313,15508,"s15","m1",-0.882626189480264,-0.873779916666523,0.659153699022587,-0.345594550778763,1.23594751064294
1314,15515,"s15","m1",-0.99540790063004,-0.905779077824592,0.27224390662219,-0.894347893902543,1.47093018374581
1315,15516,"s15","m1",-0.962785933215997,-0.890962757240891,0.449920997699665,-0.75402431086265,1.47348967399791
1316,15529,"s15","m1",-0.907626785310085,-0.844961498528995,0.523149380300923,-0.196247623108766,1.20906489916702
1317,15548,"s15","m1",-0.918111016520411,-0.913948245381225,0.422831902572629,-0.72310901289616,1.40175558835566
1318,15564,"s15","m1",-0.912654338800462,-0.848365631993038,0.312687849392373,-0.719216660281603,1.28595075092421
1319,15568,"s15","m1",-0.87598762316039,-0.797376452199964,0.6204643949403,-0.490823507066006,1.03608911752848
1320,15571,"s15","m1",-0.914078118720214,-0.906129666446134,0.496843715633172,-0.7356305231814,1.79821309855568
1321,15588,"s15","m1",-0.930532980840129,-0.891133895948277,0.356197122370561,-0.418265920683341,1.39469015764529
1322,15599,"s15","m1",-0.891460610641105,-0.897856369711436,0.25896498721545,-1.08533615310777,1.00248319602834
1323,15602,"s15","m1",-0.971852604349488,-0.921697205119692,0.358225695560408,-0.698716144232173,1.59291309985786
1324,15625,"s15","m1",-0.876314110123708,-0.840385293256763,0.695534090913901,-0.89812188693922,1.37401887744409
1325,15628,"s15","m1",-0.923987103371529,-0.892726928402201,0.467786144107192,-0.659537235730984,1.20925502267062
1326,15638,"s15","m1",-1.05637819665038,-0.93140112831423,0.374654421940524,-0.921309172434459,2.06290167733881
1327,15647,"s15","m1",-0.856615598401928,-0.834214074881826,0.605317569549906,-0.610650340125422,1.21542943442943
1328,15656,"s15","m1",-0.946625381909642,-0.90453789848041,0.413245474201531,-0.533163459020148,1.43218665797561
1329,15674,"s15","m1",-0.989642212824334,-0.83973247950333,0.519158995088931,-0.358569005654818,1.73377869488551
1330,15698,"s15","m1",-0.877308524941348,-0.819206864339833,0.420170132051831,-0.21618069268143,1.48173378975854
1331,15711,"s15","m1",-0.967794778212628,-0.929835141743669,0.38199986668911,-0.8240359642829,1.73882637811037
1332,15718,"s15","m1",-0.882773605798823,-0.829507123338239,0.692702540640172,-0.638167350192659,1.31974074173496
1333,15732,"s15","m1",-0.934021344944,-0.903095215875505,0.632598668501114,-0.475269879643977,1.23383471777334
1334,15745,"s15","m1",-0.962239220565479,-0.879516257150548,0.550685163453551,-0.400023143613964,1.38423025758725
1335,15746,"s15","m1",-0.975352070480516,-0.862203983996447,0.539096961422539,-0.943503285427686,1.58822153903043
1336,15762,"s15","m1",-0.904912679341787,-0.838187033641991,0.548860418892136,-0.827496023665982,1.42326186943521
1337,15774,"s15","m1",-0.92261270806165,-0.872712780504536,0.359636745023261,-0.80691002355871,1.08066342575117
1338,15787,"s15","m1",-0.865860002767908,-0.937542433833866,0.516309586938674,-0.56450606814269,1.52741762914847
1339,15795,"s15","m1",-1.00865524299316,-0.963447026859865,0.245174030790234,-1.10589139936837,1.75506182780122
1340,15796,"s15","m1",-0.960203120274825,-0.83814593962971,0.469592881194812,-1.10763693806477,1.24312704945356
1341,15799,"s15","m1",-0.916712905060967,-0.858050570868317,0.324259929469296,-0.362813343041676,1.2496214318011
1342,15839,"s15","m1",-0.988339663203004,-0.861531751344431,0.279673308908636,-0.865897356521232,1.35709513605841
1343,15858,"s15","m1",-1.02462103368926,-0.87840396742368,0.592394047342323,-0.767761416520555,1.82987054584789
1344,15859,"s15","m1",-0.916758630055968,-0.882703752157512,0.524476847115837,-1.02161057496477,1.45623665194308
1345,15877,"s15","m1",-1.02031659647522,-0.878825214618292,0.461557654021856,-0.634140911890538,1.45246017422885
1346,15878,"s15","m1",-0.90130924386595,-0.83269565625561,0.55661989822938,-0.920427592151598,1.13710775825211
1347,15885,"s15","m1",-0.869153702377308,-0.789935440284044,0.565382525980806,-0.683944034315707,1.12275136189572
1348,15886,"s15","m1",-1.02570467174124,-0.899296462958891,0.354023807878198,-0.532951694514939,1.72598953716806
1349,15891,"s15","m1",-0.974665304501212,-0.837037895035567,0.450359074632035,-0.893154090780367,1.34289971433167
1350,15893,"s15","m1",-1.0220116698984,-0.967772009906306,0.297952476721518,-0.856628203870005,1.52947842231298
1351,15897,"s15","m1",-0.988581530647599,-0.925146473812675,0.286917214466127,-0.431296081353234,1.41675941907458
1352,15914,"s15","m1",-0.933028389552417,-0.8668900118388,0.516456867412513,-0.176431580769276,1.2973320190663
1353,15915,"s15","m1",-1.0091606711921,-0.903455269569482,0.377335568512542,-0.844395255737109,1.54463338420308
1354,15925,"s15","m1",-0.908038176371756,-0.844138655322463,0.485359404538197,-0.550339254360375,1.32613041579444
1355,15960,"s15","m1",-0.96466874777984,-0.930021008053467,0.419431921667563,-0.693791056226366,1.7297266642388
1356,15964,"s15","m1",-0.903952055194394,-0.811860386812131,0.575396341360194,-0.410203495449386,1.18453385683511
1357,15969,"s15","m1",-0.997783620458104,-0.820654038076223,0.385362449177747,-0.196812357310896,1.45227801915176
1358,15970,"s15","m1",-0.940459032436915,-0.86022575221136,0.322411081452991,-0.329277191000592,1.14931498433922
1359,15985,"s15","m1",-0.863374666661534,-0.787253864676289,0.677709339649286,-0.3044510711954,1.29325635162862
1360,15992,"s15","m1",-0.874358575266583,-0.897003099075099,0.378109300752941,-0.243832026340318,1.12224717017085
1361,15996,"s15","m1",-0.939831373222845,-0.847965180854171,0.397778652736345,-0.451599384492074,1.23829445334602
1362,16027,"s15","m1",-0.978724969106654,-0.914502360383188,0.27617755382532,-0.553400990166712,1.54082764308987
1363,16032,"s15","m1",-0.944380146131568,-0.893488810428978,0.665739698610446,-0.68106545268797,1.38336190828602
1364,16039,"s15","m1",-0.979692676784395,-0.902964360097029,0.250331746165256,-0.584942106376295,1.51087204324711
1365,16040,"s15","m1",-0.93161610683251,-0.84525491541724,0.276730282127118,-1.01876182136871,1.15457611291379
1366,16054,"s15","m1",-0.919274530792776,-0.84968889043374,0.372453756563427,-0.669311853670582,1.11087127097594
1367,16058,"s15","m1",-0.908768676130706,-0.921952560268872,0.394449820917354,-0.513442256118368,1.18725801457122
1368,16092,"s15","m1",-0.937189504628172,-0.811070996425564,0.511226610702932,-0.452536068382891,1.26323978753148
1369,16095,"s15","m1",-0.950382384548299,-0.861065088650274,0.561767775467509,-0.829806087677558,1.11275402429576
1370,16099,"s15","m1",-1.05389651760052,-0.89638365045889,0.408738209605303,-0.481304408363537,1.8917187087995
1371,16112,"s15","m1",-1.06993667065433,-0.921630451066289,0.38421939656266,-0.605519875995078,1.65527544317297
1372,16113,"s15","m1",-0.935732264742438,-0.919481771304252,0.441964638225568,-0.83546719354558,1.5732690917857
1373,16114,"s15","m1",-0.810795065941782,-0.784560468618275,0.574076132523172,-0.449103472730533,0.800924119512517
1374,16141,"s15","m1",-0.866239937787445,-0.798913701049902,0.713722011940307,-0.422137422358933,1.14593661381034
1375,16143,"s15","m1",-0.88828022689283,-0.825581078342288,0.670090449856534,-0.358024687786034,1.34690263365811
1376,16157,"s15","m1",-0.965788427755842,-0.890575954487848,0.596965682611129,-0.596112115329079,1.44481112095048
1377,16168,"s15","m1",-0.856427004504133,-0.839443887278612,0.763746094350949,-0.248866892761682,1.11509358469381
1378,16171,"s15","m1",-0.9717371501769,-0.877930260492464,0.579772750980893,-0.563407415515983,1.54791621016202
1379,16208,"s15","m1",-0.976706544449569,-0.812057185576815,0.513260452270731,-0.654551158017487,1.3770749772319
1380,16219,"s15","m1",-0.994814828145805,-0.892082307185143,0.550430655639914,-1.41745659010712,1.58575296948968
1381,16221,"s15","m1",-0.821917205058155,-0.698482337430883,0.694680165997022,-0.411308830209385,1.0884564459935
1382,16237,"s15","m1",-1.01283903547449,-0.94838150494809,0.479552853610622,-1.0620736107027,1.625575992791
1383,16240,"s15","m1",-0.898013773509627,-0.826230583782032,0.460326138990217,-0.586915183331227,1.40404910741941
1384,16263,"s15","m1",-0.893018174236616,-0.850670782590567,0.387733675245627,-0.601203086950013,1.10700404474943
1385,16266,"s15","m1",-0.861039289303008,-0.839810753690322,0.595791312530454,-0.604301915716611,1.16462453147345
1386,16274,"s15","m1",-1.03789155980556,-0.898486890530354,0.358831082417636,-0.634857092019823,1.59482261293239
1387,16282,"s15","m1",-0.850344506516289,-0.821280662536346,0.581804147056823,-0.225884355770817,1.21872146105892
1388,16289,"s15","m1",-0.906580017273854,-0.874785497397341,0.458756786307266,-0.789361882400111,1.33187323279532
1389,16310,"s15","m1",-0.910316279365961,-0.821869751331286,0.593023502979866,-0.616294935753929,1.39265983568134
1390,16330,"s15","m1",-0.826907004732357,-0.769146113502143,0.531309635669574,-0.390391799958911,1.22316078059248
1391,16346,"s15","m1",-0.96332642927082,-0.856874502408082,0.499400152328276,-0.334883991805636,1.43827907437321
1392,16378,"s15","m1",-0.965695819559356,-0.891930919284941,0.484185979613597,-0.0523780667649111,1.70903622670192
1393,16380,"s15","m1",-0.920237403859427,-0.838549345526285,0.445844935233703,-0.260390866745569,1.44736747663542
1394,16381,"s15","m1",-0.91829680433106,-0.921342395783909,0.556569906173944,-0.409718421286382,1.52320201851884
1395,16394,"s15","m1",-0.902371450207735,-0.887915237020477,0.259687398270781,-0.60505290978791,1.17100360815343
1396,16432,"s15","m1",-0.990744980757459,-0.9445181861267,0.445249101333084,-0.779490601373132,1.44426200571416
1397,16444,"s15","m1",-0.856501369121727,-0.868944758698199,0.579125180176334,-0.372642095147876,1.25784382582552
1398,16451,"s15","m1",-0.968179844380759,-0.915179037091886,0.451298902358765,-1.17807986523659,1.52464313645185
1399,16465,"s15","m1",-0.863705424236177,-0.850208101543472,0.564356238532457,-0.145573557753074,1.15030061154292
1400,16474,"s15","m1",-0.834837114493092,-0.787889991146978,0.635371266628732,-0.221406393762464,1.20423826478976
1401,16483,"s15","m1",-0.855261810673377,-0.84459077501883,0.546055488957612,-0.216149704954936,1.02155607684148
1402,16488,"s15","m1",-0.983196910954302,-0.826673288517536,0.624697888965616,-0.756721199680849,1.45519475362343
1403,16494,"s15","m1",-0.842510779027861,-0.789918261135797,0.628643654602682,-0.519882635864409,0.955591438626177
1404,16520,"s15","m1",-1.03017520675808,-0.9272206931115,0.385994384279625,-0.835167857237077,1.94261387751422
1405,16526,"s15","m1",-0.944791448520219,-0.935785745644544,0.454541288171128,-0.307546928020271,1.73587447630178
1406,16531,"s15","m1",-0.923854239254817,-0.872906765218769,0.565596370286746,-0.549126161572567,1.5372127883919
1407,16537,"s15","m1",-0.907722956957237,-0.883506630733015,0.506993045035487,-0.641572555464558,1.33737884147392
1408,16564,"s15","m1",-0.934950294468402,-0.896304205725205,0.367164968984197,-0.604002455116245,1.44284927686982
1409,16568,"s15","m1",-0.919368917849154,-0.802406417380619,0.470469216524973,-0.912602176973863,1.11011003304067
1410,16573,"s15","m1",-1.00130111564459,-0.856172229746394,0.435402769435181,-0.819204327917292,1.6707212383581
1411,16591,"s15","m1",-0.913547587155421,-0.862494184494016,0.329225431089422,-0.786373704430064,1.22523478850426
1412,16617,"s15","m1",-0.983763998062928,-0.821054543701267,0.555378741646847,-0.581932579466336,1.34507886748208
1413,16635,"s15","m1",-0.875125399618524,-0.852310959676616,0.555033334367603,-0.272438626766512,1.31653941284937
1414,16637,"s15","m1",-0.950014717651077,-0.88279417699794,0.261081666087625,-0.725243766703634,1.307392299297
1415,16650,"s15","m1",-0.940730093717458,-0.788867072898937,0.535899460487242,-0.320601554558182,1.25602716418282
1416,16653,"s15","m1",-0.956285246012473,-0.856799603439345,0.338068645018971,-0.666572225097756,1.50217364866636
1417,16659,"s15","m1",-0.94695951412775,-0.874089140289841,0.578748818339917,-0.477028152780423,1.25338888670344
1418,16670,"s15","m1",-0.954829745703184,-0.846649263889527,0.463981757412987,-0.693245429947972,1.74988280718953
1419,16675,"s15","m1",-0.809783158030146,-0.738939562622732,0.506123238173712,-0.124235788942041,0.957320512493203
1420,16686,"s15","m1",-0.953479035773373,-0.898384446240029,0.449451236524973,-0.826936256042255,1.73076596667495
1421,16698,"s15","m1",-0.938288375661532,-0.88788304268069,0.281866069861519,-0.367737612588645,1.21100233113103
1422,16708,"s15","m1",-0.886490366345501,-0.859198996668117,0.42934954216561,-0.479817767527303,1.0977066332711
1423,16738,"s15","m1",-0.883634908034118,-0.856603339806497,0.605040309849794,-0.262391828015031,0.927706994201909
1424,16767,"s15","m1",-1.0018530428407,-0.904079274279241,0.476310506659684,-0.408706506734,1.52194162168519
1425,16771,"s15","m1",-0.939096582210507,-0.899138025119623,0.384614580072326,-0.31537394833184,1.37748655969669
1426,16790,"s15","m1",-0.900048350265606,-0.861052419484703,0.449124369967761,-0.458421961031701,1.32819690419124
1427,16794,"s15","m1",-0.795840768413922,-0.774728681117796,0.573260280657496,-0.0552754353237283,1.21981628951585
1428,16800,"s15","m1",-0.900813183464736,-0.828225885475057,0.501677519997888,-0.495494770758119,1.20684326089248
1429,16802,"s15","m1",-0.868708111946529,-0.819137802338658,0.544523520742739,-0.47932898650513,1.25920221009769
1430,16833,"s15","m1",-0.896460120028431,-0.913476010053132,0.346482386532803,-0.469934390353611,1.22963494735902
1431,16839,"s15","m1",-0.910236803933931,-0.82771049456452,0.357732919655437,-0.384411842310503,1.24768823795695
1432,16850,"s15","m1",-0.921898444701815,-0.885198109339478,0.389190307551593,-0.844725927154444,1.48751332833672
1433,16856,"s15","m1",-0.87619074905513,-0.886144712065838,0.573085033918001,-0.501580586329206,1.19731704273497
1434,16869,"s15","m1",-0.919940865761025,-0.903792201340726,0.49986833980981,-0.337660426767243,1.647940235733
1435,16877,"s15","m1",-0.907292383376192,-0.866937157263606,0.421089394043429,-0.347411954571981,1.34241486367725
1436,16889,"s15","m1",-0.926318420453233,-0.865104828709701,0.603257744465586,-0.285925214328668,1.13123995674543
1437,16901,"s15","m1",-0.922342018603907,-0.82939276214291,0.55231333595372,-0.286522732574601,1.29483812052381
1438,16912,"s15","m1",-0.86923971989264,-0.827528772968227,0.543378483919963,-0.195217473574915,1.28044936760206
1439,16937,"s15","m1",-0.945016330307252,-0.878005519041411,0.501710713660902,-1.34278934156131,1.5677000582661
1440,16938,"s15","m1",-0.87349961119077,-0.831611752650826,0.46047002228178,-0.369332886519001,1.11947437290003
1441,16939,"s15","m1",-0.922538126685718,-0.8674426341203,0.496111454580114,-0.41455609516962,1.2235317350711
1442,16946,"s15","m1",-0.978035269798015,-0.824898316137876,0.498622295378436,-0.807342119678004,1.20825400606864
1443,16971,"s15","m1",-0.993416251416361,-0.887368362084806,0.322682199416329,-0.39429568722677,1.48410882303639
1444,16977,"s15","m1",-0.919273940245429,-0.851879278746243,0.744984668929369,-0.742581073792682,1.36843402998527
1445,16995,"s15","m1",-0.887158736906085,-0.84413651909439,0.29948572392386,-0.371636628413661,1.40865925692811
1446,16998,"s15","m1",-0.948521543325185,-0.834632202356546,0.601635305390475,-0.655399709844643,1.25764595677809
1447,17002,"s15","m1",-0.930397782488615,-0.900100424974793,0.612293654100424,-0.488299763414508,1.62711733831003
1448,17010,"s15","m1",-0.862333927958157,-0.78114579613926,0.486375344910797,-0.377662281952748,1.03463079454333
1449,17031,"s15","m1",-0.983172857152466,-0.897182104602088,0.390670649411362,-0.943320011610418,1.68007175801473
1450,17036,"s15","m1",-0.863574962997696,-0.834657679880322,0.640232766601149,-0.687288797489111,0.970617477092847
1451,17042,"s15","m1",-0.918255030400595,-0.937125796700386,0.498128644151364,-0.743657585119936,1.43033511809943
1452,17063,"s15","m1",-0.886574378276533,-0.790427618585419,0.588487774069054,-0.361881752128431,1.45935023823954
1453,17065,"s15","m1",-0.951603971736769,-0.875803235967155,0.55130798448034,-0.738914534839257,1.43887330340709
1454,17076,"s15","m1",-0.96358074067489,-0.934079923018088,0.214209284553035,-0.670805777479788,1.59616227338666
1455,17097,"s15","m1",-0.84443785056629,-0.779479541100098,0.441137685641218,-0.36240916312133,1.09728467709239
1456,17099,"s15","m1",-0.946714900627943,-0.944089266522735,0.334848819365069,-0.39990222691251,1.51284461025844
1457,17112,"s15","m1",-0.847883580746897,-0.802252730086326,0.532872051438237,-0.548781718269207,1.23018330696214
1458,17117,"s15","m1",-0.989927073565118,-0.867113024551713,0.489383844521419,-0.743875183345093,1.39109332170403
1459,17118,"s15","m1",-0.818303650072668,-0.849699847345729,0.387025031763269,-0.493869398063139,1.10351938568097
1460,17125,"s15","m1",-0.965608727197626,-0.895469888121685,0.272816925294677,-0.500758055113732,1.54052099875056
1461,17137,"s15","m1",-0.965325267738844,-0.850582506822502,0.57909638988537,-0.283645347559889,1.44805367513889
1462,17171,"s15","m1",-0.939137795139168,-0.896253383323093,0.479554455642501,-0.819596223674101,1.57623772926679
1463,17176,"s15","m1",-0.910451101683202,-0.934675098636475,0.50690141864965,-0.863740165986626,1.51435091096565
1464,17191,"s15","m1",-0.905557677390207,-0.902463597126793,0.326044277745014,-0.242659390902368,1.29977703114909
1465,17206,"s15","m1",-0.944920982679282,-0.801002858008501,0.511806525021609,-0.406808234757028,1.4804575166476
1466,17239,"s15","m1",-0.906283855428228,-0.820478138312634,0.630158808634875,-0.3823125170317,1.28183381067309
1467,17273,"s15","m1",-0.840954924823321,-0.772652199722144,0.599250955095266,-0.458462365049698,1.06205877578302
1468,17281,"s15","m1",-0.956565369182963,-0.842012334252884,0.65919141402469,-0.586143306967624,1.30417296577881
1469,17297,"s15","m1",-0.915593995950207,-0.764878615749597,0.58259150369963,-0.355115299688428,1.31302804670637
1470,17300,"s15","m1",-0.920144863669518,-0.840792652192891,0.264595614664995,-0.620406840338458,1.22499754014368
1471,17305,"s15","m1",-0.877094313776586,-0.856111942963416,0.630881819464803,-0.454947364219301,1.22725606078958
1472,17312,"s15","m1",-0.903203114835975,-0.802291697948759,0.561429686211914,-0.392436323474455,1.36713491004452
1473,17313,"s15","m1",-0.999684708309899,-0.850562977314199,0.523170563145556,-0.75811322275848,1.59001372329986
1474,17331,"s15","m1",-0.852638129676905,-0.788428868125328,0.522661113374166,-0.281478717896487,1.38754661541672
1475,17359,"s15","m1",-0.906584136359511,-0.886519061019237,0.543499373402389,-0.347097797417939,1.54555619761488
1476,17362,"s15","m1",-0.967611500908711,-0.884970234036233,0.460263227747823,-0.492641013102817,1.23551111445422
1477,17365,"s15","m1",-0.953511305939699,-0.875169660833233,0.441820745439372,-0.424336587394705,1.41484853213292
1478,17385,"s15","m1",-0.852283491000705,-0.847075091288453,0.356266511486532,-0.790868740583533,1.11599962939148
1479,17388,"s15","m1",-0.864895961044745,-0.81312541362165,0.514108480864566,-0.35601643400551,0.950395889203539
1480,17403,"s15","m1",-0.813063980422287,-0.75969570586142,0.581145062982086,-0.321971690547145,0.866001155833004
1481,17410,"s15","m1",-0.896553676107729,-0.827236514879828,0.496849239856079,-0.289434217351513,1.46941395023472
1482,17424,"s15","m1",-0.926878317476365,-0.905802607873812,0.530294134468183,-0.379064674779824,1.51033212973939
1483,17426,"s15","m1",-0.859357591198613,-0.844322105742072,0.453414127200427,-0.583486822929427,1.05339476822984
1484,17449,"s15","m1",-0.903356469351845,-0.851232522285723,0.680762008865087,-0.660651609446578,1.41290445157307
1485,17465,"s15","m1",-0.879502605043567,-0.709302430200147,0.59845873669031,-0.202721983659352,0.849186846574283
1486,17474,"s15","m1",-0.975086673123393,-0.845966479756802,0.421299297266447,-0.644072455443197,1.42516056069337
1487,17506,"s15","m1",-0.994230333427033,-0.945225395636733,0.474806315150558,-0.321921054317526,1.78588156019771
1488,17507,"s15","m1",-0.87381710026223,-0.776557722021955,0.676674593169145,-0.313712376910324,0.832973258543457
1489,17509,"s15","m1",-0.879614666409576,-0.823439046999476,0.590598419450381,-0.384952782901114,1.23976570300454
1490,17526,"s15","m1",-0.88934759818067,-0.802597324984017,0.487084285481273,-0.419697382544165,1.41842222290173
1491,17537,"s15","m1",-0.954310141862307,-0.902104306872244,0.565938944254915,-0.547595476629261,1.5172399852813
1492,17544,"s15","m1",-0.965519911403103,-0.872916437036995,0.442064610807471,-0.490293424778826,1.51418091398769
1493,17561,"s15","m1",-0.922476388492403,-0.835224652309274,0.476392637356654,-0.608033219786519,1.03141080650785
1494,17583,"s15","m1",-0.954759561750827,-0.774603659122381,0.491266146611994,-0.514286339922003,1.14954748992378
1495,17595,"s15","m1",-0.95401434232759,-0.920164143862289,0.413254177145879,-0.688933128628614,1.64025085634482
1496,17615,"s15","m1",-0.879784203700102,-0.799466710873242,0.501667390107424,-0.497373849804355,1.32386171236487
1497,17624,"s15","m1",-0.895898880289772,-0.818088678340482,0.638744621548259,-0.298941901003973,1.40317550548091
1498,17636,"s15","m1",-0.990574760569096,-0.811997934241584,0.456912000146778,-0.578445293463424,1.45043131393908
1499,17655,"s15","m1",-0.975199247422235,-0.999680502682797,0.479097910616124,-0.657610175350945,1.71474878245465
1500,17673,"s15","m1",-0.902931364211765,-0.78269363285038,0.556776962094769,-0.249010813034849,1.36525533823036
1501,17702,"s15","m1",-0.865085395440126,-0.8422150413395,0.576184462139383,-0.429245442724502,1.22786249113466
1502,17705,"s15","m1",-1.05822475796494,-0.928659876783338,0.371094608564081,-0.939066299750719,2.06001937007958
1503,17707,"s15","m1",-0.874241665296352,-0.793093453365383,0.419104060701807,-0.495765406395629,0.959009073052185
1504,17711,"s15","m1",-0.870528012496773,-0.79387847011677,0.531127907348335,-0.15073613269518,1.02131648489855
1505,17717,"s15","m1",-0.989101658353091,-0.93343125142692,0.539528884024498,-0.484577377828558,1.76900632541243
1506,17739,"s15","m1",-0.906117098444361,-0.888733025781344,0.492119136082271,-0.639034517154997,1.33294522488439
1507,17744,"s15","m1",-0.991039334556747,-0.892378174634705,0.560283960525531,-1.45788053211829,1.77335416420589
1508,17772,"s15","m1",-0.932676668993515,-0.782620425505032,0.557794360379086,-0.207390321194633,1.21367471515758
1509,17780,"s15","m1",-0.942169694619241,-0.88356387159104,0.449975280178471,-0.724199702359274,1.37477787184344
1510,17798,"s15","m1",-0.911647851355268,-0.944135166130444,0.622294685953793,-0.438350912969453,1.43736679707002
1511,17830,"s15","m1",-0.872194540326596,-0.81663055602538,0.544783392383426,-0.265148707813732,1.0233143201272
1512,17832,"s15","m1",-0.895476521503787,-0.906289928179706,0.348967602717914,-0.696821896967403,1.24604164895754
1513,17835,"s15","m1",-0.87303465095963,-0.852507413581537,0.594085615958522,-0.379933102775486,1.30416571074286
1514,17841,"s15","m1",-0.95164723634324,-0.798141113534814,0.533905357294347,-0.610136962704335,1.19287280355945
1515,17849,"s15","m1",-0.926036411642712,-0.871135596217021,0.654532443175849,-0.651501885995783,1.4185598432334
1516,17880,"s15","m1",-0.805679559834132,-0.851760404643442,0.450732205874762,-0.881703567856173,1.09701621609422
1517,17890,"s15","m1",-0.961355200129774,-0.890803438889059,0.488887255340251,-0.810401558999726,1.50728797765338
1518,17896,"s15","m1",-0.941613654255121,-0.910127343789048,0.469305432348029,-0.610894271036617,1.66329277949831
1519,17903,"s15","m1",-0.991582234081447,-0.922874893921449,0.384642617137419,-0.748533984695937,1.5456686082675
1520,17907,"s15","m1",-0.939810968381404,-0.925793064723277,0.432718975358534,-0.589648186986708,1.44263275716685
1521,17959,"s15","m1",-0.984206698226675,-0.915172550392056,0.381729122811186,-0.137232587063213,1.7091374589037
1522,17963,"s15","m1",-0.89234770890318,-0.834064438294731,0.693877614026557,-0.589508499839755,1.4018420689443
1523,17994,"s15","m1",-0.837929610325284,-0.821435689418005,0.344017381749565,-0.190292337123767,1.00532111119836
1524,18008,"s15","m1",-0.824235434882847,-0.849748713735198,0.570397063079133,-0.356330975546582,1.25273519830876
1525,18016,"s15","m1",-0.903519698040938,-0.793806274194423,0.548179145590642,-0.559750924902001,1.17100393973584
1526,18019,"s15","m1",-0.933002395718184,-0.867125245648735,0.388998353960368,-0.659353203533571,1.41910719419282
1527,18031,"s15","m1",-0.922248164708503,-0.830666119718114,0.563966578780771,-0.261887326432975,1.49823842127142
1528,18034,"s15","m1",-0.896272038555905,-0.866457519895458,0.578109698252654,-0.34533291414974,1.62130930937087
1529,18057,"s15","m1",-0.93765008609693,-0.835338126039105,0.629065042771385,-0.314283065087254,1.36265432620325
1530,18060,"s15","m1",-0.923902396767371,-0.941450748332923,0.479576483015961,-0.479792954143265,1.4244534137653
1531,18086,"s15","m1",-0.924558455147643,-0.853829231154828,0.46945694939175,-0.366640363681821,1.2923930873704
1532,18087,"s15","m1",-0.931453742478991,-0.953665869995602,0.288809130487596,-0.477142961181871,1.41628418081428
1533,18090,"s15","m1",-0.934988317916182,-0.958798145000492,0.256596310573345,-0.360236661326476,1.46733705543618
1534,18095,"s15","m1",-0.87357941330701,-0.855497485371279,0.27639704797279,-0.4962753594217,1.25967595949492
1535,18097,"s15","m1",-1.0187351046904,-0.962911236665743,0.374725945670749,-0.617441991256322,1.46123182336155
1536,18100,"s15","m1",-0.981603992971923,-0.972582108746704,0.537181771591867,-0.863024920008115,1.6573892961597
1537,18108,"s15","m1",-0.856745419278892,-0.838429991305897,0.513492142912962,-0.490706406270653,1.21621229025922
1538,18135,"s15","m1",-0.928354782989596,-0.870029462235048,0.452716490186797,-0.639275284337997,1.53429621509362
1539,18136,"s15","m1",-0.989682927494208,-0.900591415719306,0.414741169815793,-0.537573755902718,1.61880691552834
1540,18143,"s15","m1",-0.964238777452338,-0.849088938808906,0.264281667812952,-0.531565937376338,1.35775145904395
1541,18149,"s15","m1",-1.0369946694707,-0.906321027743754,0.34013133143115,-1.3078031651182,1.86353575794756
1542,18151,"s15","m1",-1.02274768270635,-0.836042280740786,0.593940970190345,-0.858382991093067,1.3719534859011
1543,18193,"s15","m1",-0.925401032526963,-0.812158640492448,0.359507600150188,-0.673018016784513,1.28012973686928
1544,18195,"s15","m1",-0.904379938235867,-0.777496504484796,0.465019135560376,-0.554703588556883,1.34932022871523
1545,18198,"s15","m1",-0.926832576413046,-0.925137260526208,0.323737760671011,-0.233903193093093,1.57494859785772
1546,18199,"s15","m1",-0.945115201081159,-0.877887246597504,0.433546121264653,-0.85910411710999,1.55664675829927
1547,18207,"s15","m1",-0.945456058533344,-0.879978905014172,0.415446694820871,-0.524224907231555,1.52582232700327
1548,18211,"s15","m1",-0.950428056069795,-0.927179761462673,0.403096625648088,-0.997046078567356,1.57060886577584
1549,18224,"s15","m1",-0.964145393968933,-0.899327423842856,0.369181771193636,-0.8081216493764,1.4310780845876
1550,18234,"s15","m1",-0.991992878616278,-0.976245069822612,0.103299879141135,-0.424177501058513,1.69163725435945
1551,18250,"s15","m1",-0.898516982784368,-0.807531593974209,0.441953856990477,-0.71391136927738,1.03872544826958
1552,18254,"s15","m1",-0.98019340088794,-0.925803484779036,0.410909676028881,-0.819730520819388,1.46405699748155
1553,18269,"s15","m1",-0.91524820886865,-0.894568047818087,0.559400580092022,-0.589510895510071,1.51217640444451
1554,18294,"s15","m1",-0.933542686567671,-0.876936645734887,0.621324661460031,-0.480088218284355,1.43305829053889
1555,18305,"s15","m1",-0.925121422556762,-0.781723589838918,0.450083911503902,-0.485056633695803,1.21555896808739
1556,18313,"s15","m1",-0.900792612896973,-0.859214475147487,0.579498526455846,-0.97971859246645,1.28768714517914
1557,18314,"s15","m1",-0.852016288195408,-0.868005497046382,0.565636540924591,-0.582577711084288,1.15016896692336
1558,18333,"s15","m1",-0.837851555288753,-0.820924606699544,0.404776902580858,-0.86831472256203,1.09169049173144
1559,18368,"s15","m1",-0.888242860685742,-0.914772473026802,0.584750835377641,-0.371378783396986,1.44694839457582
1560,18396,"s15","m1",-0.923863576324932,-0.801939618382751,0.587067470311118,-0.611961990570748,1.5387916131418
1561,18415,"s15","m1",-0.805628501368734,-0.78077143108052,0.622732995427665,-0.158026460002199,0.867856982554112
1562,18430,"s15","m1",-0.919376269899886,-0.819571897185343,0.465307924200997,-0.172659489590756,1.36687512312513
1563,18437,"s15","m1",-1.02118296450126,-0.989589635122932,0.427411244176378,-0.843248393017154,1.7349482495318
1564,18476,"s15","m1",-0.95043461345097,-0.911025416972164,0.385066539423022,-1.27696775967587,1.51128184333223
1565,18493,"s15","m1",-0.989823853678448,-0.894660935030005,0.366486323380186,-1.24180485109476,1.73853686802115
1566,18501,"s15","m1",-0.891166176149188,-0.833002278902376,0.554166517197012,-0.556324058095322,1.12583004199631
1567,18519,"s15","m1",-0.83894710015648,-0.769261559631396,0.618356121590463,-0.389268652946099,1.11242169779218
1568,18530,"s15","m1",-0.928821751505348,-0.850471152072644,0.552483735052892,-0.647586369807524,1.37720187587547
1569,18533,"s15","m1",-0.960046975754304,-0.963630173333782,0.326132814449439,-0.81325842845523,1.7143169985993
1570,18546,"s15","m1",-0.776422856542009,-0.754987881075404,0.663539447735139,-0.288568505223971,1.09411694283327
1571,18577,"s15","m1",-0.884147183360861,-0.809695718956876,0.605380770347339,-0.621459004907237,1.17914703087279
1572,18578,"s15","m1",-0.928061539716441,-0.784722395430007,0.509525637992038,-0.106909222386006,1.18665605443627
1573,18616,"s15","m1",-0.934568085491585,-0.91516514307818,0.397323521486946,-0.620549424294433,1.3969312779956
1574,18629,"s15","m1",-0.944066908395646,-0.854680787092977,0.575297831108264,-0.799674994848418,1.39284184937143
1575,18647,"s15","m1",-0.773136941379412,-0.762221003547352,0.503881274623218,-0.207416158876765,0.816521937339356
1576,18650,"s15","m1",-0.929283022328483,-0.84628522941893,0.417948866968571,-0.66203906652373,1.16599421081212
1577,18656,"s15","m1",-0.943941626837584,-0.843918961158868,0.505671138336095,-0.158313692172562,1.30438831916325
1578,18667,"s15","m1",-0.907381723873435,-0.813509960797664,0.440074746513024,-0.0146050116169516,1.37923516110667
1579,18668,"s15","m1",-0.903860385323355,-0.83083600440827,0.576845585019975,-0.577763272617649,1.18957045203769
1580,18672,"s15","m1",-0.940403952783452,-0.88463181447806,0.471070280680261,-0.786011871087078,1.3753407537303
1581,18674,"s15","m1",-0.893829805689674,-0.812978765949888,0.6174676733738,-0.611625518483874,1.15751752620873
1582,18718,"s15","m1",-0.983762733549195,-0.989287859238221,0.299926939576707,-0.698628790645076,1.76694802561532
1583,18726,"s15","m1",-0.911432628833749,-0.875389228138822,0.284973883540806,-0.772998380354431,1.21071626463239
1584,18762,"s15","m1",-0.86374239938065,-0.799393736584007,0.340826083700937,-0.443098876236554,0.985889696421851
1585,18771,"s15","m1",-0.988233898075088,-0.889665037999378,0.46354642042858,-0.692786561647895,1.56449218458524
1586,18825,"s15","m1",-0.952750690802777,-0.914188827336969,0.373457563358767,-0.501474018648411,1.73011584297364
1587,18836,"s15","m1",-0.957102599637141,-0.904021403483751,0.357187047630756,-0.930609596622588,1.42356245192733
1588,18863,"s15","m1",-0.896284292911632,-0.868325814792891,0.564454254209503,-0.583754537062462,1.18784128092161
1589,18865,"s15","m1",-1.00708021749009,-0.951573334112103,0.277114178128945,-0.63003137475914,1.50956264093005
1590,18867,"s15","m1",-0.909948809827931,-0.934323062708734,0.358581861621318,-0.920896690379565,1.55001471409293
1591,18894,"s15","m1",-0.952014777632335,-0.910344209659874,0.532435529713162,-0.621042759744337,1.65882613125297
1592,18923,"s15","m1",-0.854966520895762,-0.853372469726816,0.532812239970618,-0.430273402257037,1.33551680783091
1593,18926,"s15","m1",-0.917564132667104,-0.909574857926281,0.63014943419167,-0.563806779273645,1.56741512462851
1594,18939,"s15","m1",-0.974924952446088,-0.827458740753566,0.469204328937445,-0.603708039989253,0.967978461427743
1595,18947,"s15","m1",-0.809668422835082,-0.771763813572064,0.552384794921345,0.0305862778010401,0.919245872493175
1596,18951,"s15","m1",-0.860611590891592,-0.800554183253467,0.588706442857955,-0.295099284619455,1.2189043510699
1597,18955,"s15","m1",-0.899127847813363,-0.844506494981264,0.488256449240807,-0.449066380341764,1.23916310490787
1598,18956,"s15","m1",-0.963179962691321,-0.87847012312858,0.53353157278704,-0.334738132006752,1.51126092493108
1599,18958,"s15","m1",-0.909265419468628,-0.876692210859458,0.481594250320012,-0.834073045248642,1.44976359129676
1600,18978,"s15","m1",-0.895962058466494,-0.827534966306968,0.568972480124745,-0.589087656765678,1.04213132560064
1601,18983,"s15","m1",-0.908012820581991,-0.861796579883615,0.586679001685045,-0.689515181055582,1.43875861174667
1602,18987,"s15","m1",-1.00485674703645,-0.892724840364891,0.440901051849668,-0.318906001496847,1.40132586269127
1603,19009,"s15","m1",-0.847523868505223,-0.819833601582435,0.522094478944736,-0.405331411688493,0.980902550209161
1604,19017,"s15","m1",-0.942608547589743,-0.907203589967547,0.306760336905904,-0.125210944675307,1.43044934997649
1605,19022,"s15","m1",-0.892306966094118,-0.87712649061196,0.611347541255597,-0.271856432796868,1.29651475557778
1606,19069,"s15","m1",-0.857746609116993,-0.846429688288307,0.51002635633771,-0.444510804727967,1.29800988368307
1607,19072,"s15","m1",-0.892582625393689,-0.844156545234043,0.551561710698598,-0.914948854122756,0.983743193235129
1608,19073,"s15","m1",-0.835288925619056,-0.811066989140415,0.617209616631012,-0.116343664875323,1.18673649207222
1609,19075,"s15","m1",-0.909767768386336,-0.8696435875267,0.564833422452081,-0.564421174957245,1.41930542702291
1610,19103,"s15","m1",-0.894902726752526,-0.862293485833223,0.505749159563262,-0.436254983561972,1.41228341117378
1611,19107,"s15","m1",-0.905240368086466,-0.842295726551008,0.385722420860935,-0.69807792595443,1.40934897278052
1612,19119,"s15","m1",-0.896221404011952,-0.860125901377572,0.539981469101002,-0.456724380903063,1.33189950064884
1613,19120,"s15","m1",-0.96971363927783,-0.855288089761367,0.381662840058171,-0.781800114440642,1.32661451881445
1614,19124,"s15","m1",-0.95330484187046,-0.867970005862815,0.524024783334224,-0.7372464249511,1.52907049946692
1615,19138,"s15","m1",-0.853485633450949,-0.833545331865165,0.6390243982127,-0.306098599101817,1.26785086903615
1616,19140,"s15","m1",-0.826180638612681,-0.738089683129905,0.523069746483333,-0.079920314909417,0.973496129326124
1617,19156,"s15","m1",-0.936185986973797,-0.803684299541958,0.593696018064361,-0.752646269350989,1.24848729236851
1618,19159,"s15","m1",-0.895831100802737,-0.800594910371662,0.556513322477286,-0.763767993932398,1.31463997953078
1619,19176,"s15","m1",-0.931182631321934,-0.836074717548632,0.433059151085366,-0.483347881089852,1.26342750417317
1620,19186,"s15","m1",-0.96383919700474,-0.885399470957758,0.498164470230049,-0.649799370023249,1.49597720217747
1621,19210,"s15","m1",-0.886320653730457,-0.828370527741828,0.529409380543245,-0.53317611469874,1.10268547191645
1622,19219,"s15","m1",-0.937805423214214,-0.98182737756056,0.463594002035178,-1.58640701535658,1.55720306913232
1623,19224,"s15","m1",-0.879841946641933,-0.860773667260468,0.471963287582368,-0.464707346744805,1.20788558736948
1624,19256,"s15","m1",-0.818229274000574,-0.808531260921903,0.601146059901051,-0.317554494734644,0.927644373366862
1625,19259,"s15","m1",-0.900469188157836,-0.809334682835932,0.466514625451362,-0.49788870457801,1.2909803549678
1626,19276,"s15","m1",-0.972289519145889,-0.927377504340379,0.267972589907325,-0.955184771185816,1.5214340336076
1627,19285,"s15","m1",-0.91251830283473,-0.842208247817544,0.503257436765996,-0.464831553707165,1.30575760229436
1628,19288,"s15","m1",-0.9170024591296,-0.864728460593788,0.551466262034365,-0.562209005575201,1.58938839779196
1629,19294,"s15","m1",-0.973251233028592,-0.86883361440971,0.496595829960482,-0.334091009827835,1.76060705638421
1630,19296,"s15","m1",-0.941671591300053,-0.880301066254511,0.463108906799046,-0.843631226981387,1.50332638280724
1631,19306,"s15","m1",-0.920846524483653,-0.848415371152998,0.563927264756861,-0.351939991207163,1.34818419391961
1632,19309,"s15","m1",-0.910960430127166,-0.837135183401577,0.607079230988703,-1.01330613279003,1.21207833631679
1633,19312,"s15","m1",-0.901225079802187,-0.854189849446269,0.423587104745255,-0.249208904599934,1.34775589522681
1634,19319,"s15","m1",-0.964804695332835,-0.919423592250777,0.288170428689592,-0.538428057655872,1.50604934738129
1635,19322,"s15","m1",-0.871283170157931,-0.823880610043483,0.415706778470503,-0.526658224926394,1.2578193371965
1636,19326,"s15","m1",-0.845189931645911,-0.733214590602923,0.65367353048628,-0.245766796182493,1.00659782204233
1637,19331,"s15","m1",-0.897459615125611,-0.909362044735307,0.525372563443345,-1.02927071815242,1.40831673758552
1638,19343,"s15","m1",-0.935854333147491,-0.916982101162333,0.422983716660518,-0.91216537682168,1.26063964160092
1639,19368,"s15","m1",-0.924573446909067,-0.894411570408105,0.33860379987027,-0.180545534964208,1.70130389687096
1640,19384,"s15","m1",-0.967230851002472,-0.794746076556619,0.419507505360176,-0.447392995255748,1.37425702134723
1641,19391,"s15","m1",-0.944380588434695,-0.811745873045887,0.537882149155704,-0.792552916010451,1.23258305497885
1642,19394,"s15","m1",-0.958842881197315,-0.833345673625293,0.2151144328882,-0.445589554202491,1.35218412917502
1643,19397,"s15","m1",-0.970219402977173,-0.848746746518364,0.4240143891055,-0.423429233547837,1.39821190543083
1644,19405,"s15","m1",-0.96951240372746,-0.971063952414045,0.493498624429547,-0.68524351936283,1.54100393357763
1645,19413,"s15","m1",-0.890355701430516,-0.857383596978079,0.584297806846839,-0.619316866144741,1.42981121102907
1646,19467,"s15","m1",-0.99032837431803,-0.8894052916878,0.438910660617583,-0.65256426927991,1.75700495972626
1647,19474,"s15","m1",-0.879359034465024,-0.860874883756287,0.497568951729334,-0.60396509780081,1.17197539426114
1648,19481,"s15","m1",-0.728756131208696,-0.872461689987736,0.494555374180631,-0.00440413464063884,1.04909381808168
1649,19485,"s15","m1",-0.902314902539297,-0.837459803206522,0.651451898958442,-0.120818798379751,1.48032587263271
1650,19512,"s15","m1",-0.971161296731532,-0.903574244923008,0.49357149153027,-0.785150986242774,1.58673483046043
1651,19520,"s15","m1",-1.05005484318121,-0.883556950318771,0.224100701739425,-0.680118708634684,1.50272464220344
1652,19551,"s15","m1",-0.90723187491696,-0.844673433734855,0.696254335478881,-0.400267089232255,1.36755640965973
1653,19554,"s15","m1",-0.788820770119536,-0.78992415762932,0.75884668552594,-0.435710727347495,0.986708894339777
1654,19556,"s15","m1",-0.964899175697184,-0.866595582140924,0.665359365337583,-0.922358884370252,1.40389731472761
1655,19569,"s15","m1",-0.996955350095983,-0.965939080630732,0.314953164962554,-0.806288477188897,1.75829453371124
1656,19586,"s15","m1",-0.881805721296662,-0.840899330013487,0.550410421209362,-0.46379302138283,1.02103462249427
1657,19587,"s15","m1",-0.82050328174026,-0.78959362896353,0.462964859151772,-0.412788844461918,0.967818605157406
1658,19595,"s15","m1",-0.945611219481612,-0.880097136316339,0.376533280124657,-0.691540583633189,1.43611984403143
1659,19616,"s15","m1",-0.878730709710562,-0.815840241450776,0.528833466106866,-0.528204455154964,0.95529965140023
1660,19632,"s15","m1",-0.835746871570669,-0.757769880506204,0.620458215206075,-0.229810378620183,0.885599872559255
1661,19644,"s15","m1",-0.87879290268304,-0.778257144067471,0.55775578701418,-0.72683968119483,1.19797681390623
1662,19664,"s15","m1",-0.971457153902191,-0.82222758971322,0.650215024645481,-0.430988301213468,1.42238107968972
1663,19671,"s15","m1",-0.919298348970529,-0.874967956032793,0.374649149250332,-0.806989724834539,1.45612248743838
1664,19679,"s15","m1",-0.907970347341882,-0.890825929054866,0.524652624461957,-0.505632991908326,1.17205630918175
1665,19684,"s15","m1",-0.898692410130175,-0.831824606898446,0.500606209173355,-0.369469359317794,1.14233660342048
1666,19688,"s15","m1",-0.960926950003906,-0.830970339377655,0.575264098187854,-0.280957909903601,1.61409828257363
1667,19721,"s15","m1",-0.807327856057353,-0.793934944358626,0.493452868514723,-0.410088811377591,0.850040218828208
1668,19736,"s15","m1",-0.954965559264645,-0.993256930605507,0.305483705681212,-0.891922906460993,1.51707809397367
1669,19746,"s15","m1",-0.861069772330418,-0.812362539690787,0.544689621752109,-0.214310483666553,1.01046834868404
1670,19752,"s15","m1",-0.908153961639492,-0.769372290026783,0.444051375850398,-0.536089345772915,1.19815964037496
1671,19753,"s15","m1",-0.886476829053559,-0.850786099092778,0.463973094201488,-0.351019006129371,1.16697788885962
1672,19766,"s15","m1",-0.959340812986478,-0.808610800869365,0.458022670598681,-0.899053961708594,1.49831904181012
1673,19798,"s15","m1",-0.930068471103745,-0.912568974298166,0.438606723743231,-0.826467640649618,1.28033066430806
1674,19806,"s15","m1",-0.888437774140281,-0.833653094522152,0.512442963925434,-0.372262576563971,1.40720711505455
1675,19814,"s15","m1",-0.849728617808823,-0.828822317131758,0.647426162272222,-0.280358112796122,1.20791786947865
1676,19831,"s15","m1",-0.865458169248925,-0.881596959982254,0.43422775260105,-0.619778290163846,1.47480195390457
1677,19847,"s15","m1",-0.917461203126348,-0.856768770683482,0.451061027030383,-0.316895102717306,1.41540077386244
1678,19869,"s15","m1",-0.860175860620395,-0.817835633823744,0.471640480538973,-0.203514872152467,1.27940304852099
1679,19871,"s15","m1",-0.925311559996335,-0.83080450889604,0.524444979144571,-1.08132895953451,1.09094719775069
1680,19878,"s15","m1",-0.935536557084404,-0.905025999445528,0.242545385347688,-0.756107667881745,1.70860858800532
1681,19886,"s15","m1",-0.925875243645553,-0.836327346887877,0.449576979335887,-0.495688514726942,1.28381752578313
1682,19887,"s15","m1",-0.922645693305848,-0.891800528139911,0.442739496084823,-0.68101809254035,1.48051884467596
1683,19892,"s15","m1",-0.839300558014297,-0.828502206965828,0.623974205527226,-0.609390378510655,1.13340136335904
1684,19896,"s15","m1",-0.919762571198125,-0.813099163711794,0.422302531498709,-0.662050076084975,1.2305536094001
1685,19897,"s15","m1",-0.935246777112873,-0.797470992781951,0.466124381896654,-0.94262576459908,1.38255057623583
1686,19910,"s15","m1",-0.974764275496117,-0.910059995411666,0.480503331072362,-0.27051939857226,1.55182651816529
1687,19913,"s15","m1",-0.92050979430464,-0.846105518466689,0.376695941289082,-0.725421254660392,1.20745265727698
1688,19916,"s15","m1",-0.863182168533782,-0.889208312348817,0.460770420793169,-0.7966916035549,1.18206876971987
1689,19918,"s15","m1",-0.923863978321236,-0.930877798018886,0.553567346567721,-0.839971268819692,1.24222312952631
1690,19921,"s15","m1",-0.946344524826673,-0.915913680106765,0.340193070704271,-0.916603500726007,1.57733800350958
1691,19934,"s15","m1",-0.926566685516496,-0.862164188623911,0.546714531613672,-0.304573458805215,1.12819325921118
1692,19936,"s15","m1",-0.985597381853725,-0.787143183122991,0.658668358899364,-0.844021356704007,1.35615199830424
1693,19945,"s15","m1",-0.783415915481824,-0.864003482105824,0.525649419255333,-0.525960077855265,1.01629640433437
1694,19962,"s15","m1",-0.998933549830332,-0.828751475294859,0.38634268658857,-0.461869079277137,1.60706883808814
1695,19972,"s15","m1",-0.894286101955678,-0.793911185853751,0.59547827646136,-0.370867124442868,1.09010025103361
1696,19996,"s15","m1",-0.866088209884949,-0.859484127044212,0.406089747653696,-0.55081147853141,1.18455128924969
1697,20013,"s15","m1",-0.953267340372735,-0.895411023006068,0.504458722567725,-0.656785408643363,1.34627183283995
1698,20023,"s15","m1",-0.908894457268745,-0.803166488774329,0.610427578281861,-0.30072828777353,1.25057631071815
1699,20026,"s15","m1",-0.826565431185892,-0.758153488986504,0.405408598112872,-0.313641637979015,0.954640588614829
1700,20029,"s15","m1",-0.913318915585718,-0.841188401967178,0.380685777744314,-0.584676327621019,1.43743660159594
1701,20034,"s15","m1",-0.964960775859624,-0.851294588239141,0.394614850804923,-0.433605853214598,1.5297296181016
1702,20036,"s15","m1",-0.90768130085249,-0.828201193789852,0.555542269121448,-0.9321012822544,1.37488198564923
1703,20080,"s15","m1",-0.828637089328447,-0.773121314337617,0.615003906171957,-0.216103313569951,1.07697305220995
1704,20087,"s15","m1",-0.976736430572912,-0.926359460724172,0.274693140466275,-0.599483276227046,1.61186968163763
1705,20090,"s15","m1",-0.946751741494284,-0.873647891528617,0.396313381795434,-1.05910895677922,1.41584078822345
1706,20103,"s15","m1",-1.05096556635559,-0.909751531619739,0.378966113862039,-0.268222313199908,1.70785466374996
1707,20108,"s15","m1",-0.869701864032713,-0.769878158621528,0.616562015162995,-0.684877125956851,1.03470138542
1708,20113,"s15","m1",-0.915418163300239,-0.828875939074346,0.504587324335618,-0.420111398492826,1.02729899632872
1709,20116,"s15","m1",-0.912801307912541,-0.835038754487443,0.354572853328346,-0.62468205838835,1.16291233178472
1710,20156,"s15","m1",-0.982245898408687,-0.870590501028435,0.684737344074336,-1.12844817948461,1.70613319315551
1711,20161,"s15","m1",-1.01797239231508,-0.844004955902531,0.399455779583217,-0.546304185473252,1.67389000022105
1712,20166,"s15","m1",-0.908726599970826,-0.904245877863405,0.453922714801665,-0.345297748367252,1.36995591974486
1713,20214,"s15","m1",-0.892870647522892,-0.853826265662356,0.482229485692527,-0.32743368643876,1.45450108615862
1714,20237,"s15","m1",-0.890358435246037,-0.85051795439236,0.55109306375666,-0.492220060400467,1.16006123293903
1715,20239,"s15","m1",-0.952174388485639,-0.859009545609346,0.403867603843142,-0.630963271327928,1.59110705775051
1716,20241,"s15","m1",-0.841957671458934,-0.886245587130415,0.486409985350853,-0.103563229052512,1.09421234934129
1717,20245,"s15","m1",-0.93258821409343,-0.895361200115534,0.32709617518757,-0.508358420150456,1.43992630628658
1718,20272,"s15","m1",-1.00194285046619,-0.936682294544241,0.46621432253324,-0.788977722113333,1.46942572780879
1719,20287,"s15","m1",-0.884724487069312,-0.776797563062933,0.505265138382758,-0.257474874845807,1.16192913758398
1720,20290,"s15","m1",-0.914707838061537,-0.844402002116531,0.477363039651727,-0.381625472619254,1.4165927859601
1721,20294,"s15","m1",-0.873254597043303,-0.826397546283179,0.52377815807681,-0.582648193108351,1.14176858390639
1722,20300,"s15","m1",-0.880314535942244,-0.845477277896954,0.360061251968272,-0.460252303378302,1.14801164323373
1723,20325,"s15","m1",-0.875861367069131,-0.828362223116684,0.605922645002793,-0.243825027018755,1.30831395732314
1724,20331,"s15","m1",-0.990776115042067,-0.890365125863468,0.397902151224331,-0.627092404235926,1.53517193438077
1725,20351,"s15","m1",-0.97232274172183,-0.873079763781856,0.548099637823664,-0.498729046038151,1.38776069604799
1726,20360,"s15","m1",-0.849525499561173,-0.830636310239625,0.629238841652375,-0.288483212053046,1.47029538225632
1727,20362,"s15","m1",-0.987971569313523,-0.947817971617683,0.428571176134112,-0.779746049973135,1.51215302289936
1728,20370,"s15","m1",-0.923109860164747,-0.900395858913615,0.415409392557452,-0.599508571113129,1.48869520170257
1729,20387,"s15","m1",-0.844739919357663,-0.79348200737291,0.553695276009886,-0.411733015147974,1.17019140028186
1730,20388,"s15","m1",-0.95576198721205,-0.939771753768439,0.50023572422587,-1.01172564491415,1.40548536224812
1731,20428,"s15","m1",-0.842519320550942,-0.863678813643632,0.668959067495831,-0.681961611608057,1.2956137991825
1732,20444,"s15","m1",-0.891855314172961,-0.834793835035101,0.36848595411239,-0.609787696532897,1.14484751385502
1733,20448,"s15","m1",-0.881752384959058,-0.852914299382484,0.55884498369008,-0.574862947854994,1.12830674522237
1734,20451,"s15","m1",-0.931864151235632,-0.900170875967597,0.414902536030028,-0.621300398675841,1.56185314041264
1735,20472,"s15","m1",-0.835276247056534,-0.784873113469675,0.691056185026912,-0.311519141456318,1.11326591686134
1736,20486,"s15","m1",-0.883254836135098,-0.786680599981242,0.488687751014521,-0.110510160339563,1.33409360443437
1737,20490,"s15","m1",-0.950034837318028,-0.843493477207779,0.509854005705478,-0.434921329655371,1.65599592575271
1738,20508,"s15","m1",-0.895487741680326,-0.866159281114411,0.616400227123788,-0.451832341777843,1.04712275353215
1739,20511,"s15","m1",-0.971583215346582,-0.834779125100656,0.512233611328546,-0.197278981940496,1.62961576831732
1740,20513,"s15","m1",-0.943713683379768,-0.882630348377982,0.414582888972317,-0.434873575811132,1.40052176014184
1741,20514,"s15","m1",-0.956601691307285,-0.874794452120181,0.478251645893219,-0.448828437446524,1.51856763400719
1742,20533,"s15","m1",-0.890143639916684,-0.793250657418585,0.495955325855621,-0.451292443558392,1.07588522709426
1743,20556,"s15","m1",-0.913644734636458,-0.897069759527302,0.425280253533399,-0.962462511954784,1.37989833049184
1744,20562,"s15","m1",-1.01993406866599,-0.87487529088891,0.340024987126297,-1.00078272477705,1.61180747970598
1745,20568,"s15","m1",-0.927899280992302,-0.883474461071672,0.614658010577657,-0.68681596852576,1.31576002717338
1746,20600,"s15","m1",-0.854449231344353,-0.775917859336857,0.658503633512068,-0.125278737369182,1.14008285663081
1747,20609,"s15","m1",-0.86569949895102,-0.750673803305605,0.522145549239734,-0.459957048245672,0.792297508187458
1748,20618,"s15","m1",-0.993862658084538,-0.910876344029114,0.397134736357272,-0.461074539532232,1.56188156467621
1749,20625,"s15","m1",-0.830778048602323,-0.819905509547081,0.585437482347462,-0.631429215677702,1.23748845798053
1750,20657,"s15","m1",-0.987507653924364,-0.896080871671078,0.391483878791908,-0.592585560398452,1.37246073215682
1751,20682,"s15","m1",-0.943790583831257,-0.817902700567932,0.609697519318234,-0.496106131923896,1.41936780081189
1752,20716,"s15","m1",-0.963643104912594,-0.879227684337981,0.516009650063785,-1.08797353825472,1.41016577660308
1753,20719,"s15","m1",-0.871796783459057,-0.80411629047425,0.470276543063031,-0.275108666430016,1.25874315450835
1754,20723,"s15","m1",-0.967323156332661,-0.956478533847165,0.387722714001263,-0.852274671473367,1.62484509758228
1755,20746,"s15","m1",-0.972061828463595,-0.903784233604759,0.468084207794845,-0.842185432016457,1.38652886873767
1756,20750,"s15","m1",-0.902543559165444,-0.950576921998232,0.630780232353249,-0.23306226973132,1.40116275978632
1757,20753,"s15","m1",-0.956893278128714,-0.894937299198597,0.568244208583442,-0.549164804772336,1.24635817698164
1758,20763,"s15","m1",-0.971553774325282,-0.934469847575602,0.366989818373796,-0.819874598198256,1.59726794562491
1759,20768,"s15","m1",-0.812148529521607,-0.763491667844868,0.513635023224537,-0.653928153774917,0.765947407821452
1760,20790,"s15","m1",-0.956775992983573,-0.900580294448313,0.350124919362853,-0.730686157778817,1.41854145690214
1761,20811,"s15","m1",-0.788248915402075,-0.750952064120207,0.692188655058431,-0.0226247476308051,0.849487704242646
1762,20821,"s15","m1",-0.91230697048662,-0.868917959809027,0.362734839772334,-0.55183955636926,1.37698141344075
1763,20823,"s15","m1",-1.04550846591159,-0.891030721922298,0.509006401756031,-0.879459197395779,1.47082421370244
1764,20828,"s15","m1",-0.958633231133538,-0.926632201593224,0.472849847499149,-0.65757523447075,1.43803763619647
1765,20831,"s15","m1",-0.86404798387262,-0.832662534770586,0.524955586441635,-0.585676815735363,1.0868453255869
1766,20852,"s15","m1",-0.954797912116863,-0.835154392467955,0.402313668322025,-1.18666863218129,1.20336539705149
1767,20883,"s15","m1",-0.887940697033844,-0.941214315908165,0.469135965606411,-0.577787960047938,1.26196524033397
1768,20886,"s15","m1",-0.96876038597257,-0.878730822411533,0.396904542845161,-1.15503245675057,1.53129338275864
1769,20891,"s15","m1",-0.859098807389263,-0.796084051811048,0.674433791788881,-0.553496423089983,1.30643695150108
1770,20905,"s15","m1",-0.868699831765975,-0.839266335857192,0.377077260732509,-0.279442352000202,1.07852457210062
1771,20910,"s15","m1",-0.866798066810613,-0.89123916114915,0.612501569253836,-0.442614903336586,1.34606944272806
1772,20912,"s15","m1",-0.921577545985551,-0.862551041903719,0.576737612403171,-0.27965500359722,1.58637360237175
1773,20928,"s15","m1",-0.998023003298755,-0.98444390864856,0.10155966506657,-0.973714299621427,1.88047356726016
1774,20946,"s15","m1",-0.876265429780496,-0.849325987781744,0.573496250030631,-0.587504441911636,0.830573543408193
1775,20956,"s15","m1",-0.881258852420496,-0.822278983263094,0.438221482221439,-0.428230117447907,1.23891773439985
1776,20967,"s15","m1",-0.970945577794723,-0.882753959054843,0.483366515731877,-0.630188807803929,1.48779789622323
1777,20973,"s15","m1",-1.0055514541572,-0.903400789663828,0.2250521331786,-0.6879753642996,1.64329183414279
1778,20981,"s15","m1",-0.991342873368876,-0.877224072711752,0.392753307927444,-0.533723637930272,1.42563109525046
1779,20996,"s15","m1",-0.897145391609128,-0.880697692079566,0.356994618538407,-0.527672453605069,1.06082399498139
1780,20997,"s15","m1",-0.96135313030793,-0.895075514070146,0.442680219634768,-1.03610999604655,1.23164054606537
1781,21012,"s15","m1",-0.845415168781574,-0.839917667538659,0.311793047844866,-0.102185833581745,1.22450758182479
1782,21013,"s15","m1",-0.924856012237784,-0.90726752459896,0.523633368969527,-0.142052981341656,1.44880785490003
1783,21016,"s15","m1",-0.893764860195902,-0.833513345276208,0.584268049266699,-0.399720323054018,1.18050883136341
1784,21033,"s15","m1",-0.903562055736397,-0.794255726770943,0.57997278951361,-0.489691793036853,1.05463983882819
1785,21054,"s15","m1",-1.01491931496343,-0.889971480391314,0.387049416011132,-0.70050925493747,1.62999820265905
1786,21073,"s15","m1",-0.940075202684296,-0.859867780116755,0.379912039481437,-0.350523901531565,1.26846719954487
1787,21080,"s15","m1",-0.973216338635157,-0.919005335486742,0.455795446670711,-0.96513462453056,1.37157712376379
1788,21086,"s15","m1",-1.00935647426238,-0.931098648388698,0.383759996671747,-0.948274074947221,1.51280954456349
1789,21095,"s15","m1",-0.91774522974143,-0.843933421756371,0.479895505982558,-0.608031059391079,1.18664290705833
1790,21100,"s15","m1",-0.963526205927542,-0.898559322584823,0.323393997088188,-0.474104130430044,1.49807059082925
1791,21106,"s15","m1",-0.938143335812462,-0.886664338539172,0.47606476242202,-0.227489148364881,1.45833179303629
1792,21119,"s15","m1",-0.796571409376324,-0.735255904990185,0.633469101012912,-0.563606055900215,1.24112630443778
1793,21141,"s15","m1",-0.882920480222572,-0.829435961055262,0.621307687008479,-0.195522870560918,1.07957319650819
1794,21155,"s15","m1",-0.961128644642484,-0.791663271217785,0.436904365605009,-0.440479460108543,1.29562063795629
1795,21161,"s15","m1",-0.896801504625581,-0.846340537762885,0.488328892500418,-0.145393218091031,1.42962983638935
1796,21167,"s15","m1",-0.87444122636681,-0.79144095413131,0.621572118839512,-0.269340766760171,1.27817283456604
1797,21169,"s15","m1",-0.864350338165312,-0.811889176379032,0.515963044823165,-1.10951159909042,1.05790292669602
1798,21172,"s15","m1",-0.944879984368973,-0.851750939596766,0.631823805358444,-0.897239481381882,1.36722413911046
1799,21187,"s15","m1",-0.81447606552538,-0.782085791653659,0.557808754831249,-0.754255448474447,0.97273020399771
1800,21193,"s15","m1",-0.827389368537951,-0.729720360265518,0.627363863462889,-0.0125461643612203,0.900329213040694
1801,21197,"s15","m1",-0.956999331644885,-0.831319221599635,0.330095286130346,-0.619369400770315,1.46187426511945
1802,21206,"s15","m1",-0.910464861018711,-0.870417996524541,0.404529362632534,-0.213244433674504,1.21522081942774
1803,21209,"s15","m1",-0.848750347671693,-0.898880373371068,0.524307362039178,-0.984660411549152,1.39064152684341
1804,21213,"s15","m1",-0.975357759836854,-0.963150676617283,0.324200519725802,-0.661731528203279,1.58199223524125
1805,21216,"s15","m1",-0.922318207987518,-0.892359203440771,0.533426938143696,-0.854597649362597,1.32026611714494
1806,21225,"s15","m1",-1.00875315241906,-0.876766678026884,0.414386207625156,-1.31741402078976,1.57747125968002
1807,21227,"s15","m1",-0.898656819261389,-0.887628370940635,0.507145156112389,-0.282774219896486,1.47262864544571
1808,21228,"s15","m1",-0.937363209883193,-0.898005945563922,0.468969791120266,-0.959547333786953,1.52996315678037
1809,21250,"s15","m1",-1.04168342740955,-0.897304081686934,0.38343075343648,-0.755553315358041,1.77117028956508
1810,21267,"s15","m1",-0.904319176913747,-0.790002833205713,0.51068574374889,-0.631398026266829,1.2928665667794
1811,21286,"s15","m1",-1.03206038092627,-0.978954745410446,0.396273153231641,-0.904427177959722,1.76780911565489
1812,21292,"s15","m1",-0.901492169065671,-0.916799381457863,0.467631499596614,-0.872216001111325,1.28884787655686
1813,21293,"s15","m1",-0.934348496078927,-0.869214152525309,0.476557598540453,-0.40178968705591,1.57307684087299
1814,21297,"s15","m1",-0.876602291350252,-0.864418374867324,0.502760853321509,-0.341014384987028,1.28341077311892
1815,21361,"s15","m1",-0.89786940427485,-0.804442367088307,0.666128891701207,-0.609760521655933,1.30375993936408
1816,21371,"s15","m1",-0.936754483333176,-0.903736450534428,0.44730293621116,-1.22760283605532,1.36525719267079
1817,21378,"s15","m1",-1.00865347097722,-0.955855846718539,0.181054508479332,-0.565429630588618,1.64570596201836
1818,21379,"s15","m1",-0.933013644781602,-0.860763832586772,0.360271015620572,-1.09357416587985,1.36794894784774
1819,21394,"s15","m1",-0.919389965765825,-0.885324441548939,0.414617765902076,-0.360583389325189,1.38814633869447
1820,21400,"s15","m1",-0.872543621022544,-0.807847807402805,0.512881237812204,-0.147749286676694,0.86618996528198
1821,21452,"s15","m1",-0.863739896437093,-0.841598489998586,0.478269779962753,-0.834695723699017,1.29435170825738
1822,21456,"s15","m1",-0.89804829737047,-0.843630142917299,0.533899368126254,-0.399781702516057,1.4658229673014
1823,21475,"s15","m1",-0.916812888006051,-0.78266980066553,0.661458065344736,-0.540223909875226,1.3303144224543
1824,21519,"s15","m1",-0.916021208047556,-0.858823216017922,0.600258798111621,-0.524138570879003,1.18669201132829
1825,21523,"s15","m1",-0.954623655828235,-0.893749616865165,0.466493326853022,-0.469540521056598,1.47062918794607
1826,21528,"s15","m1",-0.87127759788491,-0.87034201457561,0.456385529037416,-0.315582612534078,1.499284579507
1827,21531,"s15","m1",-1.03931641447665,-0.962508554343017,0.32202653676651,-0.865616212751706,1.73729945576656
1828,21554,"s15","m1",-0.996129334356579,-0.89858139146437,0.387492622539213,-1.02328569712239,1.61240395039483
1829,21555,"s15","m1",-0.996528695367748,-0.931590706310351,0.395734818205062,-0.824129051986289,1.47768104415779
1830,21563,"s15","m1",-0.966402090368897,-0.841936385481425,0.474153646549198,-0.634661791342735,1.26264427694171
1831,21567,"s15","m1",-0.894809664969254,-0.849065790329264,0.490689459691141,-0.32970888357171,1.42931315095817
1832,21568,"s15","m1",-0.95002950065906,-0.877598024807496,0.433765710035738,-0.881719605402866,1.35795640314955
1833,21599,"s15","m1",-0.899686380267563,-0.812672009921056,0.501782195260768,-0.305419393048512,1.30293272860304
1834,21602,"s15","m1",-0.941768453190907,-0.887205090941513,0.508025499989466,-0.768904253249427,1.40028129385641
1835,21603,"s15","m1",-0.919170146524232,-0.864773036697985,0.46365762386821,-0.243357857150818,1.52384567134764
1836,21612,"s15","m1",-0.939829905137929,-0.858398304184853,0.247642052266267,-0.858740595228849,1.03361343092605
1837,21629,"s15","m1",-1.00498396952562,-0.910353455755636,0.529886070000464,-0.60244283050576,1.58892163585004
1838,21635,"s15","m1",-0.900474753023512,-0.855366252593597,0.562353171243064,-0.482759534256897,1.33431306975572
1839,21636,"s15","m1",-0.875670081255052,-0.842381030575693,0.61770808068146,-0.657182206730418,1.27169832789454
1840,21652,"s15","m1",-0.935134226743816,-0.848724426211234,0.333761648639133,-0.573199727457258,1.2696031347924
1841,21677,"s15","m1",-0.880982546381472,-0.775497862221927,0.633005055815141,-0.401172835075801,1.128781401553
1842,21682,"s15","m1",-0.902427213169697,-0.807961525599011,0.543035806778121,-0.620860023576033,1.45040320524546
1843,21715,"s15","m1",-0.921536459104622,-0.831294434667571,0.533887791627009,-0.747834714836396,1.26953175516824
1844,21726,"s15","m1",-1.01006424516069,-0.890622882063459,0.372424318344309,-0.444620467146257,1.57885740035481
1845,21733,"s15","m1",-0.912080411598378,-0.804398395163159,0.693699579334039,-0.132570513815008,1.54138809730617
1846,21749,"s15","m1",-0.783960839274883,-0.784051595142002,0.647603281251763,-0.0708002416831993,0.925796742256684
1847,21767,"s15","m1",-1.08997701892723,-0.905436917159158,0.378565023994597,-0.921448832547115,2.06682987660565
1848,21771,"s15","m1",-0.863581720266612,-0.802547882721565,0.535646642558255,-0.371767887986938,1.11928231552536
1849,21775,"s15","m1",-1.05960372774242,-0.943849848928301,0.231697421629436,-0.948312601796001,1.7736655737283
1850,21781,"s15","m1",-0.876207351208152,-0.844362254382305,0.517971316524573,-0.123100287252174,1.26552214236038
1851,21788,"s15","m1",-0.962938245798544,-0.819349631711607,0.473259666992632,-0.790403790677902,1.31849069343107
1852,21790,"s15","m1",-0.891180076601874,-0.870116992885226,0.503730535216008,-0.46527031552587,1.5315712602035
1853,21809,"s15","m1",-0.931773086341687,-0.891461145986942,0.47500387395702,-0.386505853599536,1.59600323897242
1854,21811,"s15","m1",-0.918585888260935,-0.78633415462487,0.584862916439062,-0.509457179167806,1.09799114843461
1855,21821,"s15","m1",-0.892337182975607,-0.841118416523633,0.677276962622845,-0.362981400751622,1.17514252931626
1856,21824,"s15","m1",-0.917260892524499,-0.815132859089284,0.458210431737787,-0.514007772797715,1.32118067388785
1857,21853,"s15","m1",-0.893052766640221,-0.766540793091813,0.544816799013491,-0.336369388871121,1.2419741626522
1858,21854,"s15","m1",-0.941418019404433,-0.830463160353895,0.637464673143322,-0.795781925101518,1.60049836341554
1859,21858,"s15","m1",-0.995004093230277,-0.854406869732973,0.501696293875296,-1.0284185726109,1.5833165164232
1860,21866,"s15","m1",-0.901105740651156,-0.854939833476852,0.508376140657825,-0.787784687713606,1.25418741379226
1861,21875,"s15","m1",-0.961480711669325,-0.86414828305799,0.441313971709183,-0.756625166576108,1.52955377674848
1862,21894,"s15","m1",-0.99980271266554,-1.01431811332944,0.190332985356582,-0.425946205289392,1.71496633218312
1863,21897,"s15","m1",-1.00586746023087,-0.881658890951171,0.387687640068025,-0.741105803986896,1.64982944225106
1864,21901,"s15","m1",-0.912392608782745,-0.868056298360925,0.374414642513837,-0.480545980614977,1.23696934071908
1865,21903,"s15","m1",-1.01891211795965,-0.91814435557803,0.288246389899613,-0.967842186577357,1.4007297278782
1866,21917,"s15","m1",-0.983631632581714,-0.883330261620239,0.490401233948462,-0.273054080836838,1.62347812787235
1867,21923,"s15","m1",-0.873108904854637,-0.827677879693429,0.491693211876324,-0.432587289725757,1.28239118406467
1868,21927,"s15","m1",-0.924597885947732,-0.945589977273232,0.293690420970384,-0.586418750002417,1.25707787442577
1869,21928,"s15","m1",-0.956168592464605,-0.811078660655266,0.627858888163792,-0.863655116744984,1.36732438431779
1870,21938,"s15","m1",-0.949576325544508,-0.89540156029497,0.282513905370201,-0.519657222215318,1.43132177148756
1871,21950,"s15","m1",-0.827413967192128,-0.814645095388021,0.4936813998675,-0.426009480418672,1.0710258289774
1872,21957,"s15","m1",-0.974466430958958,-0.781051347896066,0.535855240896688,-0.345794238712655,1.41090947365339
1873,21973,"s15","m1",-1.01536042877646,-0.849245665546542,0.534093629401638,-0.94042003297937,1.46037769436746
1874,21978,"s15","m1",-0.931330142409476,-0.839895566643396,0.456892230063866,-0.584335499824145,1.38893492428175
1875,21988,"s15","m1",-0.893316303594335,-0.8810041428843,0.515748979043588,-0.33817167996749,1.28754482014668
1876,22014,"s15","m1",-0.964412345454538,-0.92398063331869,0.357261746241143,-0.53016095649974,1.2865167646485
1877,22031,"s15","m1",-0.920585568385516,-0.853530971618439,0.597560519310767,-0.403948231019925,1.59728664354996
1878,22038,"s15","m1",-0.857529701786881,-0.852801147777511,0.562625285086577,-0.769943232656566,1.08125802608758
1879,22047,"s15","m1",-0.890118525712357,-0.929382041838853,0.562521636504455,-1.04820531072258,1.20441145860808
1880,22050,"s15","m1",-0.867198595485289,-0.830694959675051,0.525745935828679,-0.451387982692048,1.10395026809893
1881,22055,"s15","m1",-0.956478770973392,-0.886422725647089,0.340560993520239,-0.691946427897473,1.21600463601164
1882,22075,"s15","m1",-0.825847809830923,-0.760083004278635,0.40521145871498,-0.0694000443331293,0.99106592561944
1883,22095,"s15","m1",-0.982970015372649,-0.894897872420792,0.320933039886973,-1.59328088292257,1.4288239713125
1884,22162,"s15","m1",-0.891600292242533,-0.765104603888354,0.592275321608332,-0.58090192744267,1.13363046796607
1885,22183,"s15","m1",-0.925905092667456,-0.890742391249526,0.445678864552329,-1.13950184093606,1.38238717536876
1886,22196,"s15","m1",-0.863780952482231,-0.770444398608921,0.524467121433817,-0.728627062597394,1.01117201862271
1887,22199,"s15","m1",-0.922090557887921,-0.81738504421029,0.500910162844719,-0.691739297993471,1.35281731424134
1888,22201,"s15","m1",-0.999336414687072,-0.965273354998667,0.266253828788792,-0.853438312082212,1.87689508571754
1889,22213,"s15","m1",-0.921697742712661,-0.80048502972095,0.475794185763723,-0.643709976025819,1.08349950150749
1890,22216,"s15","m1",-1.03774814103813,-0.901184368150554,0.490455361586194,-0.439401699999102,1.56323712059638
1891,22229,"s15","m1",-0.910930079162494,-0.89058845529998,0.349120017538229,-0.593912260343006,1.16773124490866
1892,22233,"s15","m1",-0.933969266515181,-0.77589529296811,0.403008709321234,-0.332958681431716,0.976566085404666
1893,22234,"s15","m1",-0.929096710138242,-0.927582766741884,0.479363252115303,-1.03729757374797,1.40413453831941
1894,22238,"s15","m1",-0.913019977779477,-0.904036996338163,0.31926486542569,-0.876641440048774,1.31845973841728
1895,22245,"s15","m1",-1.02015095736417,-0.926847618356854,0.336671758926001,-0.598217779002253,1.54273650737889
1896,22250,"s15","m1",-0.900534772921969,-0.866296930893646,0.555864202745301,-0.43361690713679,1.22744372584946
1897,22271,"s15","m1",-0.846074518766717,-0.686447074075178,0.581599858345761,-0.285881574560416,0.859648019197084
1898,22276,"s15","m1",-0.928035909092993,-0.874678921013767,0.473123177188767,-0.632602204499225,1.45385202398931
1899,22287,"s15","m1",-0.889390003856683,-0.834219486993827,0.497066998318512,-0.473852216674384,1.18661253353055
1900,22297,"s15","m1",-0.933167630726141,-0.8065114393264,0.668818533217616,-0.298271551786061,1.59134795212132
1901,22304,"s15","m1",-0.961235606851115,-0.920785501453848,0.308348751541842,-0.724078920357411,1.4308191431116
1902,22307,"s15","m1",-0.985489938415832,-0.898028989253074,0.350356803657851,-0.52653046800392,1.58530683861396
1903,22323,"s15","m1",-0.92539976034592,-0.838888175419823,0.396835517816052,-0.454968045942745,1.1998464369258
1904,22331,"s15","m1",-0.942106285665187,-0.8829048165887,0.478768893197445,-0.390617174322523,1.69080323592122
1905,22339,"s15","m1",-0.875168219982417,-0.919043660864674,0.580372123936886,-0.400239429939112,1.39714998952154
1906,22351,"s15","m1",-0.871598498974075,-0.87557228412667,0.431411588631337,-0.689756333294863,1.25565043039424
1907,22372,"s15","m1",-0.915425014530396,-0.843035732335909,0.460207414196276,-0.208307707821445,1.13397773026894
1908,22375,"s15","m1",-0.907071956988202,-0.891611728899833,0.429140319690074,-0.286961381854631,1.23183926452052
1909,22379,"s15","m1",-0.88399252368963,-0.802886000171707,0.565245372032127,-0.538133281282707,1.07743779046655
1910,22414,"s15","m1",-0.892805876159215,-0.89858800880706,0.544790160962291,-1.04908119167005,1.43132689955156
1911,22431,"s15","m1",-0.946912485177778,-0.847833639777906,0.528155453006357,-0.580235436353012,1.3991866301061
1912,22434,"s15","m1",-0.907883950419905,-0.879644873274265,0.452387447540881,-0.854790999455774,1.16019064971443
1913,22439,"s15","m1",-0.884018494126112,-0.827046833886776,0.58914490423187,-0.464525139062382,1.29592190170996
1914,22452,"s15","m1",-0.988255922627144,-0.977070031897866,0.278298119691725,-0.901346965951406,1.56742202648817
1915,22453,"s15","m1",-1.00774561560981,-0.809735213415738,0.286311127816034,-0.474861372899296,1.50956738122944
1916,22475,"s15","m1",-0.885317180076414,-0.842781132504756,0.51988867196046,-0.504940764807173,1.33694603876302
1917,22482,"s15","m1",-0.982552411135158,-0.92733791833191,0.334853456337949,-0.607091479766842,1.59371150454197
1918,22484,"s15","m1",-0.991975922011437,-0.887584710894036,0.334003374747208,-0.414459836721925,1.55264157960746
1919,22486,"s15","m1",-0.76840200081662,-0.741789123403152,0.614937900827709,-0.26069354432262,0.930951999468838
1920,22488,"s15","m1",-0.8600416283701,-0.876267827606945,0.570038486619587,-0.448106703161439,1.33515371188239
1921,22494,"s15","m1",-0.944867396491143,-0.921845345897941,0.302888906850163,-1.06624618343685,1.46109018830816
1922,22501,"s15","m1",-0.810951897145562,-0.768236539701725,0.646618065596418,-0.144204449127377,1.06116827067104
1923,22517,"s15","m1",-0.752317493705669,-0.737520825376961,0.575133719235298,0.038559957142699,0.721502065021534
1924,22519,"s15","m1",-0.879699401664278,-0.829380637815177,0.448105938878741,-0.397621322878992,1.25289383794499
1925,22561,"s15","m1",-0.809366430297039,-0.861425819344983,0.56080904715968,-0.184392204812384,1.16252568629059
1926,22585,"s15","m1",-0.927026071085854,-0.886778499369867,0.581234455285077,-0.923591361890059,1.35188569590595
1927,22588,"s15","m1",-0.848785100049316,-0.796833609539823,0.493863951065356,-0.444615698491186,1.03162343347657
1928,22591,"s15","m1",-0.861588386513106,-0.83465775819018,0.66535491719979,-0.545600476454234,1.15220176273074
1929,22594,"s15","m1",-0.932440502321172,-0.913716437298626,0.40814090910637,-0.377178832335676,1.54891532130606
1930,22606,"s15","m1",-0.893985574848491,-0.848832956086258,0.594403508653665,-0.767526438828486,1.21336040148434
1931,22627,"s15","m1",-0.960931143149606,-0.859637099300179,0.412519251314791,-0.442823922285661,1.39407678279399
1932,22651,"s15","m1",-0.891616649657164,-0.751966145446009,0.492473329123764,-0.467518541941411,1.17120853289319
1933,22673,"s15","m1",-0.921630328705758,-0.887771120451805,0.414091768998739,-1.06013262209311,1.25945646609424
1934,22675,"s15","m1",-0.800930064811305,-0.818703634445862,0.51676103013549,-0.701198487956208,1.10595968009699
1935,22676,"s15","m1",-0.909274474321713,-0.814971093272863,0.423372674628615,-0.490453866556449,1.11517354252322
1936,22683,"s15","m1",-0.79097771326437,-0.854921638878204,0.516044285862641,-0.643032001902874,0.885688638202532
1937,22707,"s15","m1",-0.894594263907404,-0.81881898679178,0.66421250199848,-0.800208266402532,1.20713678273498
1938,22712,"s15","m1",-0.929479910601009,-0.807492146559141,0.499392398485723,-0.765141260517206,1.15079963816104
1939,22729,"s15","m1",-0.833607875124377,-0.817133424968467,0.530946552362902,-0.556967745155148,1.06564217981988
1940,22745,"s15","m1",-0.941585415188416,-0.904569474234831,0.457817257185695,-0.478222778391638,1.2684697440188
1941,22755,"s15","m1",-0.820936368500092,-0.838354268686435,0.525601493473236,-0.427592513358616,1.25979792600559
1942,22757,"s15","m1",-0.987217533725403,-0.919467883188096,0.406866349096974,-0.962005359232466,1.42114146415951
1943,22765,"s15","m1",-0.901862216536868,-0.901542111291299,0.522679036175675,-0.703688740932759,1.30256268228982
1944,22773,"s15","m1",-0.937020627451442,-0.80752062276135,0.568990391364811,-0.246367565364823,1.36863282646468
1945,22787,"s15","m1",-0.882730107719964,-0.757066171554246,0.637880353932754,-0.325932810164887,1.0811794028023
1946,22821,"s15","m1",-0.894925999905783,-0.847568458461168,0.548664371107282,-0.162809928621438,1.42193763201519
1947,22826,"s15","m1",-0.970133501735406,-0.84808031717563,0.526437048584097,-0.23880443165514,1.5577098771615
1948,22829,"s15","m1",-0.897397482961815,-0.786633369722642,0.5958955362972,-0.200185134921992,1.06166827802048
1949,22845,"s15","m1",-0.920044933818499,-0.884287318662997,0.520525631840916,-0.34578625065896,1.15447534145983
1950,22860,"s15","m1",-1.00082742225136,-0.87705409417358,0.502527036171013,-0.633719753167816,1.47319067026969
1951,22869,"s15","m1",-0.912621011246146,-0.783670257467608,0.637133553802552,-0.0942641901448575,1.34519829208641
1952,22875,"s15","m1",-0.89704989186706,-0.879634594644733,0.358784371739632,-0.946278387002291,1.2779276368289
1953,22940,"s15","m1",-0.828593502988309,-0.812676345165197,0.613464118290622,-0.710766400157694,0.978187644866897
1954,22942,"s15","m1",-0.894483729791864,-0.861614826905895,0.355281013994843,-0.392254921375229,1.18120149179137
1955,22971,"s15","m1",-1.02476322765108,-0.878965158790274,0.553978236758897,-0.656309449358578,1.44814032289353
1956,22974,"s15","m1",-0.917219877210193,-0.91028455990568,0.436572360764558,-0.150040021293116,1.48784062842188
1957,22982,"s15","m1",-0.903944952472682,-0.783986302321507,0.543981855185833,-0.842052250542398,1.1339670404613
1958,22987,"s15","m1",-0.942276144841995,-0.899206779020011,0.381196944642245,-0.721586695805721,1.28404175471717
1959,22989,"s15","m1",-0.861238123274822,-0.764306023268967,0.553999062205683,-0.507388544830481,0.733138400087259
1960,23024,"s15","m1",-0.876389204308188,-0.832924384455109,0.410113256014584,-0.497038088587772,1.01505574191868
1961,23032,"s15","m1",-0.877116413556258,-0.893338353316307,0.476948851247996,-1.21552014185402,1.29876841315111
1962,23042,"s15","m1",-0.863650080640086,-0.775221263845729,0.698384535075646,-0.263075025132042,1.05817749144959
1963,23048,"s15","m1",-0.913319229538967,-0.867108469221342,0.616454239725707,-0.505298782753775,1.36289286271588
1964,23049,"s15","m1",-0.917959726207907,-0.885945520887708,0.5474477767988,-0.641302688031141,1.55158669780041
1965,23055,"s15","m1",-0.88998472653333,-0.814213572755301,0.583905797948879,-0.251837082180692,1.30904863149214
1966,23135,"s15","m1",-0.945894391188587,-0.865875723604452,0.388040081909332,-0.809862642181087,1.3170177092068
1967,23160,"s15","m1",-0.893917758417625,-0.914175713900962,0.48607932788809,-0.367958635262759,1.30863924300023
1968,23173,"s15","m1",-1.0343288032716,-0.828928487713269,0.483802121656344,-0.693830860056601,1.45719924179999
1969,23177,"s15","m1",-0.913586055574122,-0.878591614103537,0.353940159347891,-0.177388382648686,1.4483475017497
1970,23182,"s15","m1",-0.920284868225569,-0.816300064541913,0.483676843997251,-0.413300050463413,1.30300621018003
1971,23217,"s15","m1",-0.937507365537348,-0.904796127043981,0.441311340752168,-0.796857168804503,1.40470713180214
1972,23221,"s15","m1",-0.895738502378649,-0.818703273215652,0.610921224520549,-0.161842866495005,1.17819815032509
1973,23222,"s15","m1",-0.924472341219038,-0.800536605749387,0.50414643601742,-0.112332625339977,1.5097568409424
1974,23232,"s15","m1",-0.955900573009322,-0.864217129037675,0.463713893316527,-0.467309225088641,1.41108517247167
1975,23248,"s15","m1",-0.919749272229973,-0.886431927541109,0.564643090376089,-0.815103811368058,1.34347964138344
1976,23250,"s15","m1",-0.890862367433666,-0.813641563179419,0.70708621152835,-0.531616570927716,1.33010436452638
1977,23251,"s15","m1",-0.843430323912218,-0.823602605535878,0.532805055483926,-0.754124209610274,1.18356911976828
1978,23256,"s15","m1",-0.833016783395359,-0.771783040598058,0.530962131617409,-0.763507240929321,0.892791498451976
1979,23261,"s15","m1",-0.947725308031772,-0.863866099199764,0.570817676549105,-0.50106218846816,1.51173349698312
1980,23273,"s15","m1",-0.839140650052176,-0.755030348290699,0.670183494587467,-0.434721237192287,0.92595963044061
1981,23300,"s15","m1",-0.941843986023284,-0.866803449575336,0.410117085754193,-0.139743406888655,1.20954826221533
1982,23345,"s15","m1",-0.970405626532101,-0.949750566250421,0.22668659138429,-0.382137755123107,1.61555321392148
1983,23352,"s15","m1",-0.866146624394827,-0.880644349769409,0.490640409037305,-0.200510167670697,1.16060327418465
1984,23359,"s15","m1",-0.965849226958426,-0.854266054854657,0.457904447606985,-0.455530138844262,1.50687507715988
1985,23413,"s15","m1",-0.987232082842765,-0.937602030521587,0.368377464584983,-1.115522088114,1.62650766489299
1986,23416,"s15","m1",-0.901427925100603,-0.822187588387808,0.543129587923712,-0.43995636569131,1.35374752885653
1987,23436,"s15","m1",-0.990115443293933,-0.945276732461804,0.4496415268961,-0.215581966426753,1.78620572274967
1988,23441,"s15","m1",-1.01712153453269,-0.921547495837736,0.382292767945123,-0.928186863644186,1.73645183142345
1989,23454,"s15","m1",-0.898308658658162,-0.858455433563586,0.618901888120256,-0.539847563050378,1.35025419183722
1990,23481,"s15","m1",-0.851630446712688,-0.787547594122697,0.643205450630121,-0.541695700820152,1.04914660121909
1991,23492,"s15","m1",-0.905648506000475,-0.733925883644165,0.729008957102601,-0.708043422209078,0.925619531764524
1992,23497,"s15","m1",-0.939998326946891,-0.850256274465876,0.525794159592239,-0.542652607879654,1.02175809846613
1993,23518,"s15","m1",-0.900301396407697,-0.845204979223081,0.333830371750277,-0.159445138363165,1.25490016451099
1994,23529,"s15","m1",-0.941852181224848,-0.875968646149325,0.365401806660249,-1.15972248532587,1.36728684194331
1995,23553,"s15","m1",-1.03188553730928,-0.940962590314813,0.29848548588337,-0.773543909113253,1.8238812373066
1996,23558,"s15","m1",-0.860903286573394,-0.810427620107636,0.565571253675326,-0.385999422865443,1.17291580653171
1997,23594,"s15","m1",-0.844315490855166,-0.782227119770793,0.641026349236013,-0.108477973290527,1.25933362296627
1998,23598,"s15","m1",-0.895578188065772,-0.8114338090284,0.51897021736996,-0.479618106230072,1.26554497018165
1999,23599,"s15","m1",-0.915702573837616,-0.933339367961695,0.277208877032854,-0.685722581278016,1.33724953727743
2000,23606,"s15","m1",-0.971676980321972,-0.933464062267161,0.5313845339763,-1.03320513507086,1.52071580362392
2001,23610,"s15","m1",-0.924322683327528,-0.83100434363921,0.606783636067811,-0.439759509068321,1.42091126942403
2002,23619,"s15","m1",-0.919879592315682,-0.794788649231696,0.452881373630215,-0.387827696815018,1.17198506510113
2003,23628,"s15","m1",-0.937444849276465,-0.896362295515812,0.520656875282043,-0.983806109635306,1.67354785491674
2004,23631,"s15","m1",-0.956890970735024,-0.920825623561988,0.392451016447166,-0.701246582234981,1.27814759031959
2005,23663,"s15","m1",-1.0428217276775,-0.877000559150645,0.370714736321326,-0.408693873224604,1.57793178445677
2006,23669,"s15","m1",-0.946630290016908,-0.87657231677706,0.352408601003905,-0.737410749368713,1.43088309110607
2007,23686,"s15","m1",-0.937879917789583,-0.862874854394084,0.505160783332757,-1.05171817478506,1.39722882860083
2008,23693,"s15","m1",-0.823302718715229,-0.799168219031192,0.615690622820999,-0.734148504739654,1.1502094330389
2009,23694,"s15","m1",-0.926809266182776,-0.783619897705327,0.553434115527318,-0.254841128715095,1.51843195151549
2010,23695,"s15","m1",-0.876170892373171,-0.901268567136583,0.350184082972045,-0.496010630692702,1.23810158108321
2011,23710,"s15","m1",-0.938070983938088,-0.882655958770271,0.433089961137044,-0.394134359058826,1.44692169967303
2012,23711,"s15","m1",-1.06777900799359,-1.01854470845046,0.218505590885099,-0.96456496423987,1.95306727128715
2013,23715,"s15","m1",-0.918539661325161,-0.81296194489868,0.518286794579294,-0.303280614913488,1.33254319226388
2014,23723,"s15","m1",-0.909070690288759,-0.829755633429629,0.193009510760475,-0.279179168650731,1.17099540939084
2015,23736,"s15","m1",-0.967388950268634,-0.896388185641264,0.583711320626112,-1.10637500922663,1.5199525077242
2016,23744,"s15","m1",-0.879256160898361,-0.843227761449464,0.537720336246473,-0.303254595638859,1.28117652487667
2017,23752,"s15","m1",-0.94066471542266,-0.837607770997343,0.574883146278063,-0.706252708728393,1.67471726785412
2018,23753,"s15","m1",-0.983285588185386,-0.82961732455345,0.418547703154145,-0.752188821751063,1.18965289907004
2019,23756,"s15","m1",-0.998227105119293,-0.871081263761737,0.383906029250821,-0.371309456185411,1.26131857521545
2020,23773,"s15","m1",-0.973928600536808,-0.907347738903533,0.300508386493314,-0.869294277928522,1.41763556947558
2021,23789,"s15","m1",-0.852470935790308,-0.797161672145649,0.60560387564001,-0.304713312387682,1.22179678362121
2022,23790,"s15","m1",-0.997726121470256,-0.917391903003465,0.31392196486426,-0.803232783091126,1.4668887582909
2023,23791,"s15","m1",-0.891177642277125,-0.803054656542047,0.604826373312589,-0.3966525201125,1.32970144312365
2024,23797,"s15","m1",-0.917688351178106,-0.839179078635723,0.391412344688088,-0.59446078437677,1.36212480049225
2025,23812,"s15","m1",-0.915426950864288,-0.874890119130664,0.457938924628266,-0.582637536441361,1.38484329518438
2026,23820,"s15","m1",-0.911583671577569,-0.796890882920451,0.495600992379158,-0.330068778279685,1.21105141699425
2027,23823,"s15","m1",-0.857109962445216,-0.852945873269423,0.344870023054867,-0.728896810973346,1.41267241727024
2028,23827,"s15","m1",-1.04450849361153,-0.892369188760438,0.303949560885093,-0.745906582690627,1.79672484538236
2029,23833,"s15","m1",-0.895635877111543,-0.842574441276583,0.466694513553104,-0.375669621640757,1.21891537732265
2030,23843,"s15","m1",-0.841193851856134,-0.819239699120734,0.632603072586227,-0.516234806544818,0.961017614858769
2031,23849,"s15","m1",-0.896233725637512,-0.815609166523296,0.65109395248127,-0.706718619427584,1.47367479229313
2032,23850,"s15","m1",-0.792173813935442,-0.787910625864614,0.507988310817476,-0.544889036451191,0.956983146060452
2033,23867,"s15","m1",-0.789107351753526,-0.75081047787053,0.564028467528543,-0.304734975886566,0.90154542280327
2034,23868,"s15","m1",-0.770228419417042,-0.803552416134712,0.764627898543569,-0.465944669715528,1.01346286882469
2035,23876,"s15","m1",-1.03886693438417,-0.90272986891359,0.438724382412472,-0.740330048612326,1.87350348390617
2036,23878,"s15","m1",-0.951265705842303,-0.865567526053983,0.37810923202367,-0.552192624284233,1.38209974214438
2037,23892,"s15","m1",-0.88814099123008,-0.805129172875113,0.524948986388018,-0.226024798255401,1.13062269107046
2038,23895,"s15","m1",-0.860473009303368,-0.806779719080295,0.558526181585068,-0.333554847272086,1.15176794106891
2039,23899,"s15","m1",-0.840844110762299,-0.826087060904526,0.497439782766622,-0.571072303859892,1.19655406105959
2040,23939,"s15","m1",-0.988856799016576,-0.91585009850298,0.325526888831239,-1.12737548129498,1.56149086840413
2041,23944,"s15","m1",-0.882509116922482,-0.82017802125712,0.57620730376139,-0.402695102298375,1.05125054011405
2042,23949,"s15","m1",-0.889699592013705,-0.78611260015899,0.576785622288447,-0.763822972848018,1.02539502933289
2043,23955,"s15","m1",-0.891264905414212,-0.873875661972754,0.590729510306353,-0.85168395317464,1.29476782357138
2044,23957,"s15","m1",-0.894701205878524,-0.891465068150045,0.517036007186269,-0.493581552049058,1.30745096820671
2045,23969,"s15","m1",-0.89154272433265,-0.780422508301804,0.57727385046254,-0.579116592920918,1.10062349850663
2046,23986,"s15","m1",-0.934652459533941,-0.886869936433886,0.521118888215776,-0.715463086829251,1.61453188083225
2047,23990,"s15","m1",-0.938433161874249,-0.825760527649214,0.529693779980382,-0.228752602050902,1.41287123023664
2048,23991,"s15","m1",-0.965269671173406,-0.862876343375046,0.3271354163695,-0.648764549422811,1.36544625979548
