"draw","source_draw","id","assumed_model","alpha_0","alpha_1","nu_0","nu_1","tau"
1,3,"s3","m2",0.00545642807254019,-0.465728885600462,-1.91081390998291,-1.94552481049659,-0.899648364693489
2,33,"s3","m2",0.0118552932193678,-0.378431358338793,-2.11616222143369,-2.08350344199182,-0.99493498106309
3,34,"s3","m2",-0.053002091994675,-0.49354728615429,-2.21479730028739,-1.82021720247476,-0.0675447258742336
4,41,"s3","m2",-0.0911890507526568,-0.533823682286856,-2.24303393936087,-2.30629827117182,0.142230753652784
5,68,"s3","m2",-0.0756185495047424,-0.450060207805796,-2.46218135550924,-2.1910702300127,-0.92922839892712
6,97,"s3","m2",-0.0140242939647883,-0.49163975682968,-1.98190222031141,-2.06639141057271,-0.584820069329541
7,109,"s3","m2",-0.048527134265927,-0.502587883775971,-2.4800586569316,-2.4879664417698,-0.674984569485626
8,123,"s3","m2",-0.0373414578459057,-0.43915113320803,-1.99064719210687,-1.94444326228934,-0.294401316543867
9,126,"s3","m2",-0.0662772178036678,-0.437265151888295,-2.88054140486283,-1.83938720035252,-0.569148038722961
10,129,"s3","m2",-0.0248739607980679,-0.419535030702289,-2.34200101100014,-2.70003394833271,-0.816200677214915
11,153,"s3","m2",0.0251405879159576,-0.477516482321322,-1.96812094291122,-2.02042326283872,-0.634566675057245
12,158,"s3","m2",0.0648987301040214,-0.47872836692022,-2.8304508855153,-2.62228917137325,-1.02796317765763
13,165,"s3","m2",-0.0486640576976518,-0.421606427632806,-1.75206924153096,-1.93610839641475,-0.955177235662109
14,189,"s3","m2",0.0379027868791855,-0.443361252611953,-1.70317004760952,-2.12770441397657,-1.04504891536223
15,191,"s3","m2",-0.0810006252259419,-0.445755017647054,-2.15254525974342,-1.86973672182513,-0.110823726792046
16,196,"s3","m2",-0.0761512483634544,-0.421166504620941,-1.84434733527757,-2.11885432326484,0.212749317959311
17,206,"s3","m2",-0.0597267665929832,-0.500962734883273,-1.86128864738509,-2.82859892158206,0.0728324274740902
18,209,"s3","m2",-0.0658389751324605,-0.514741892235217,-2.13717109744286,-2.33036002871561,0.0491218620499574
19,211,"s3","m2",-0.0413284177334924,-0.497918742156177,-2.15308089741057,-1.76148731486492,-0.984960705955613
20,216,"s3","m2",-0.0171286755617645,-0.490115993057151,-2.30044640895757,-2.24487706980693,-0.153674309481628
21,230,"s3","m2",-0.0167040177653769,-0.547350951962287,-2.07151062501715,-1.99365297036025,-0.113383394479708
22,240,"s3","m2",0.00139729601294476,-0.423050086494554,-2.18914656097695,-2.08873999670229,-1.12118054635454
23,255,"s3","m2",-0.0358208133676817,-0.522822037720212,-2.13604893416758,-2.18147465207016,-0.350998289528072
24,258,"s3","m2",-0.0426908167197413,-0.469123448369678,-2.24306383259569,-2.37310942672654,-0.175422823412944
25,264,"s3","m2",-0.0594855395489898,-0.526118187013183,-2.295679277583,-2.11323623915887,-0.438147276777021
26,300,"s3","m2",0.0143005604894479,-0.402913470950213,-1.95589610249286,-1.89633831830747,-0.36896367266321
27,312,"s3","m2",0.0353255422154908,-0.461079605766704,-1.82421593505798,-1.94702960493403,-0.65793585500245
28,329,"s3","m2",0.0211623974525817,-0.442556654066388,-1.92479067881032,-2.06656197989018,-1.56126934867182
29,332,"s3","m2",0.0217616589891543,-0.392668466640898,-2.35779901512867,-2.01748287698116,-1.94215169590775
30,368,"s3","m2",-0.110893408856427,-0.46504276727633,-2.50793611250961,-1.85735211817457,-0.824074629680299
31,369,"s3","m2",0.0177856546780318,-0.368347558509483,-1.8627576602614,-2.34861591435154,-1.48174535415452
32,370,"s3","m2",-0.0743417612394313,-0.377309432298073,-1.92502658516904,-2.08615364118054,-1.79128160199939
33,373,"s3","m2",-0.0195603267711325,-0.436320550018917,-2.33099668468539,-1.87318195908223,-1.1890590388699
34,379,"s3","m2",-0.0562629119017837,-0.478638131187819,-2.13122828792223,-1.72769746501316,-0.371421090363476
35,388,"s3","m2",-0.0584998639954274,-0.423956501574852,-1.89607673481509,-1.98895226125199,-1.02800211762712
36,402,"s3","m2",-0.0230505690438048,-0.578906524365551,-2.40235987266219,-2.66766649760748,-0.515003308458986
37,403,"s3","m2",0.0190894944456161,-0.491965632126891,-1.83802352686956,-2.05928039947354,-0.611068987401916
38,412,"s3","m2",-0.0720971867339213,-0.481738713014952,-1.89091559865263,-2.27500100578955,-0.27360971076288
39,417,"s3","m2",-0.0642172385264427,-0.441882460997018,-2.13073715031402,-1.9338125884524,-0.424340066510767
40,422,"s3","m2",-0.0396512099024876,-0.416828048151296,-1.98615603350083,-2.03223029119631,-1.57856029718642
41,426,"s3","m2",-0.0952462225265903,-0.504860319532612,-2.38975341666086,-1.93792020344225,0.177899088351116
42,437,"s3","m2",-0.0257168668443598,-0.440502508940254,-2.09843709529563,-2.01390154045574,-0.644481942332659
43,439,"s3","m2",-0.0480688767208501,-0.541814286271744,-2.06360912559888,-2.17444957832303,-0.112887494193287
44,445,"s3","m2",0.0269690549793195,-0.419548337328883,-2.17604666435037,-1.73716406100965,-0.850844287361949
45,489,"s3","m2",-0.0422139630160166,-0.47426842359202,-1.9980697559651,-2.46152925828754,-0.512356417822516
46,491,"s3","m2",-0.0883218086361443,-0.460711307185485,-2.18610842909685,-2.43313447582881,-0.59105601785961
47,505,"s3","m2",-0.0118592240153677,-0.491285786055294,-2.15946154138665,-2.36583523627211,-0.355660377983048
48,546,"s3","m2",0.00345522778295681,-0.505367319291345,-2.40804481942853,-2.40458437281804,0.189390341225909
49,547,"s3","m2",0.0142658812251565,-0.446345627896386,-2.46756121356759,-1.83013952431739,-0.942468526050429
50,562,"s3","m2",-0.031086783901187,-0.521113383155311,-2.58091423594637,-1.99966080998679,0.26384985062003
51,566,"s3","m2",-0.0687555609250022,-0.407789787287056,-1.97958630925384,-2.03963980312516,-0.883724077289923
52,575,"s3","m2",-0.0388463948958722,-0.492914013077489,-1.78881085080021,-1.95533921882675,-0.669254667678346
53,586,"s3","m2",-0.0741733735124506,-0.505165932695282,-2.7124294426397,-2.13612371626487,-0.0834710762142508
54,590,"s3","m2",-0.0816710604478354,-0.551722607581319,-2.28186973063584,-2.30148562278595,-0.052608335202105
55,606,"s3","m2",-0.129725293256921,-0.513807341983652,-2.26872928970727,-1.91989589788887,-0.350376628995967
56,607,"s3","m2",-0.0389876769756146,-0.439235018603829,-2.19976184639068,-2.22318733819264,-0.967888770216838
57,610,"s3","m2",-0.114694089714905,-0.512406660076957,-2.16143052200829,-2.235239773598,-0.0480469448512329
58,620,"s3","m2",-0.0633751608507721,-0.537902585989371,-2.23771547424929,-1.96805567384958,-0.311153330768835
59,631,"s3","m2",-0.0365939726823404,-0.386004156284733,-2.07658964288196,-1.96318562445367,-1.20910056010873
60,639,"s3","m2",-0.0400891470997093,-0.413238456445241,-2.33609334661806,-2.25699771244247,-0.98144410995657
61,643,"s3","m2",0.0100645007120341,-0.39021771593249,-2.10379543850118,-1.95588893221243,-1.60527664140921
62,645,"s3","m2",-0.0450496926557062,-0.49071076695434,-1.96379394617438,-2.09642181406378,0.0313978461942472
63,657,"s3","m2",0.0318638530647544,-0.406402265872021,-2.00118334930438,-1.68248241771626,-0.827678459914211
64,661,"s3","m2",-0.0438999316029262,-0.480189612176903,-2.09780274135641,-2.27117062928481,-0.710129846563031
65,662,"s3","m2",0.081632069286133,-0.456239944556627,-2.00062624756421,-1.70962590855778,-0.936746501961
66,692,"s3","m2",-0.0610213972506794,-0.478137524400083,-2.1380979277031,-2.0137035857713,-0.116289109908527
67,739,"s3","m2",-0.112616008151902,-0.410677342654908,-2.31450837397037,-2.147022151091,-1.40734962550321
68,761,"s3","m2",-0.017127059205665,-0.448563385252483,-2.38326691261515,-2.25372717732972,-1.21434136484116
69,766,"s3","m2",-0.0509515912189214,-0.394859671353018,-2.01779760846559,-2.11885006186344,-0.630329033114947
70,787,"s3","m2",-0.0277800946264958,-0.47147561502545,-2.32348381060481,-2.16725055102406,-0.616988637916328
71,802,"s3","m2",-0.064075565696604,-0.638802190748607,-2.65144873394187,-2.31107835412638,0.270476436320769
72,806,"s3","m2",0.031948941072948,-0.442100319878465,-2.14053607051136,-1.92324372964052,-0.796821109540382
73,809,"s3","m2",0.0372229094248321,-0.401638206082842,-2.02448030069413,-2.19695097304136,-0.819947700181042
74,829,"s3","m2",-0.0293246837261932,-0.438447810434053,-2.02662862777094,-2.06844987230935,-0.635650050041439
75,839,"s3","m2",0.0103216462704448,-0.49479623539009,-1.97767501912631,-2.06143835954423,-0.397326102429331
76,846,"s3","m2",-0.0280969196806995,-0.507546965252993,-1.90022889726561,-2.15518292933761,-0.349417385931731
77,861,"s3","m2",-0.0352456192268985,-0.457216884825309,-2.37952001267525,-2.31216572300379,-0.416540131073302
78,862,"s3","m2",-0.0276353777042372,-0.471899140424384,-2.22316065232025,-2.22623918759932,-0.726363663351668
79,872,"s3","m2",-0.0476070482079948,-0.433777798012728,-2.2340714076976,-2.54960035210485,-0.668613393271058
80,877,"s3","m2",-0.0634599555043756,-0.516246282252413,-1.98844199529881,-2.33610667206284,0.138500137998577
81,899,"s3","m2",-0.0575089133726803,-0.473964325062155,-2.14781275823673,-2.11438242663818,-0.701759505401796
82,908,"s3","m2",-0.0667751964133952,-0.532266476448134,-2.31044521558848,-2.4311164941233,0.259454854897042
83,943,"s3","m2",-0.0624142697302203,-0.46284546846028,-2.22319499503985,-1.80480984310052,-0.613172402906952
84,963,"s3","m2",0.0177450168539468,-0.429253892281818,-1.94692641808435,-1.93475971440784,-0.910162679615873
85,965,"s3","m2",-0.0473728336096676,-0.493577880190147,-2.31901976645999,-2.13087606110724,-0.925497752421588
86,984,"s3","m2",-0.00413035650310666,-0.487225527795451,-2.14426529683007,-1.73729038609551,-0.292173686833271
87,986,"s3","m2",-0.00549308890821856,-0.409865072993095,-1.94752340826568,-1.83389271527157,-1.09321946875329
88,1013,"s3","m2",-0.0745730433708745,-0.521443245961151,-1.92379505456157,-2.15958898609486,-0.253517446157402
89,1031,"s3","m2",0.00576960818760412,-0.507662932361333,-1.99944723845395,-1.89773434043195,-0.524241897007019
90,1033,"s3","m2",0.0637246015740235,-0.412747775967082,-1.79804919260532,-2.05172628921942,-1.24231343183204
91,1039,"s3","m2",-0.01422998903301,-0.463389475662991,-2.00495093957739,-2.10558096449511,-0.325643935049337
92,1041,"s3","m2",-0.098810861676071,-0.510864902904522,-2.30140325738923,-2.3182513487079,-0.195387055471484
93,1047,"s3","m2",0.000515183141587558,-0.476495978418302,-2.11371544329616,-2.13613478199998,-0.0621850438575221
94,1053,"s3","m2",-0.0589019464657268,-0.48031076007067,-2.29973589703756,-1.94038602738711,-0.192530397429529
95,1056,"s3","m2",-0.125121000733463,-0.421241921262347,-2.12546411667323,-2.06438106333282,-0.36216130512817
96,1069,"s3","m2",-0.0315209989054288,-0.468188813429732,-2.07050985925292,-1.98151106424226,-0.0667613937929692
97,1080,"s3","m2",0.00578602215652252,-0.424065698101851,-1.86814835357659,-2.45860854538451,-0.663244726317879
98,1090,"s3","m2",0.0140301755801068,-0.484277986918136,-2.00251924392227,-2.04726224914449,0.184719916680824
99,1093,"s3","m2",-0.0987192186466433,-0.438030480661377,-2.62050446342738,-2.22634406826985,-0.934549246684146
100,1096,"s3","m2",-0.0178412623914262,-0.446667683902319,-2.29514571246,-1.77678633564433,-0.590453007835074
101,1132,"s3","m2",-0.0589628308941312,-0.423283985934321,-2.15497822365546,-2.0058235639446,-0.544434945987631
102,1144,"s3","m2",-0.0412568706749824,-0.473192772878578,-2.15263619519805,-2.25412894936325,-0.524883919607016
103,1150,"s3","m2",-0.0908335020679928,-0.529971877843733,-2.27880376761069,-2.28383642011724,-0.592044921925566
104,1159,"s3","m2",-0.134281037220924,-0.44318850536689,-2.03725119398092,-2.48454317295484,-0.437878055405336
105,1172,"s3","m2",-0.0551320047148841,-0.434951276078642,-2.51459350743561,-2.53410273327876,-1.19754084227989
106,1187,"s3","m2",-0.0596263654650605,-0.437340084537702,-2.18966959407519,-1.68645082354557,-0.808302304763652
107,1204,"s3","m2",-0.00959915508508995,-0.468062904348847,-1.98561742321677,-2.41148511384146,-0.462399752703351
108,1213,"s3","m2",-0.0689532157767622,-0.439616170467954,-2.17528033862872,-2.30378270134491,-0.722972187373928
109,1222,"s3","m2",-0.0887336606126616,-0.489466749572018,-2.54306193567705,-1.97822396204076,-0.175592669177117
110,1244,"s3","m2",-0.0259095948853413,-0.465508764474353,-1.81524108080058,-2.21874992232498,-0.211559596240761
111,1250,"s3","m2",-0.0696528420593633,-0.473939167555452,-1.7799342836862,-2.05725398710712,-1.01529734248181
112,1252,"s3","m2",-0.061851920339995,-0.43226481706835,-2.08984484402907,-2.10344256272218,-0.91908060187119
113,1257,"s3","m2",-0.0298169099510317,-0.420388259183976,-1.88321761566834,-1.89693243027144,-1.87010303224323
114,1318,"s3","m2",0.0333435207240256,-0.473242137903885,-2.20919172654025,-2.19904384189555,-0.391774399045715
115,1324,"s3","m2",-0.010749576842263,-0.532338758197959,-2.18459576176424,-2.34396576769692,-0.558871676853577
116,1336,"s3","m2",-0.0918748091543482,-0.474139479412989,-2.11069840113375,-1.97164401327696,0.0877177052922211
117,1339,"s3","m2",-0.0973707930668214,-0.498569439695748,-2.18114682348549,-2.04918185763946,-0.124343093379907
118,1358,"s3","m2",-0.027182581682018,-0.49700620898724,-2.06157806198778,-2.21181242280035,-0.340125631039541
119,1386,"s3","m2",-0.00869200956199018,-0.545320927236809,-2.35207231918123,-1.86432976688784,-0.530299487958382
120,1398,"s3","m2",-0.0499260151018501,-0.460602356534449,-2.03955221089125,-2.17102976158269,-0.516473837442929
121,1401,"s3","m2",-0.0565652197610367,-0.547780310036701,-2.09059306510231,-2.3239063348892,-0.0101898780534303
122,1408,"s3","m2",-0.0714433897427867,-0.408386597566237,-1.94908175065649,-1.9774749622614,-0.598102917823485
123,1418,"s3","m2",-0.114128425158593,-0.520692562161284,-2.24669837505169,-2.27685482569988,-0.0666154013364663
124,1433,"s3","m2",-0.0126112563346739,-0.485877623213905,-2.34365832237634,-2.07204304281295,-0.580517450148556
125,1437,"s3","m2",-0.0798835509388533,-0.521966953409417,-2.65322028147961,-2.31909661742792,-0.217858689513696
126,1469,"s3","m2",-0.0706178951228223,-0.42423533641298,-2.0386379939844,-1.84202682496617,-1.13274106691527
127,1470,"s3","m2",-0.0159320578916806,-0.47830119883393,-2.6156713128481,-2.27587268374476,-0.531726811961192
128,1471,"s3","m2",-0.0316066543956185,-0.459579726043805,-2.0831177747943,-1.96386605565702,-0.283392301916553
129,1478,"s3","m2",-0.0241850898174454,-0.484876650604945,-2.2883872244559,-2.15049267394712,-0.96687417429555
130,1480,"s3","m2",0.000156279121741207,-0.457782768446313,-2.159323181243,-2.20476487966847,-0.893708089083517
131,1481,"s3","m2",-0.00921267551702038,-0.478778159308635,-1.97029458640331,-2.29931597454473,-0.83508031304936
132,1484,"s3","m2",-0.0439293292241545,-0.503978022525084,-2.05852943559165,-2.25090744543462,0.0616720632353162
133,1486,"s3","m2",-0.0485017346833476,-0.433633126899222,-2.36762550673978,-2.57126637688233,-1.01305656746548
134,1493,"s3","m2",0.0212877743054445,-0.503238714307216,-1.86879830976519,-1.80340348081256,-0.798040645465519
135,1495,"s3","m2",0.0390433360510918,-0.455237527345197,-1.91469554625087,-1.77424695366721,-0.988801791635548
136,1510,"s3","m2",-0.0571946145445816,-0.488861201913511,-2.17576882535067,-2.37331635753795,-0.673183916416565
137,1539,"s3","m2",-0.0297132878797003,-0.3701876004939,-2.15334488453505,-1.94563221129915,-1.50512541499177
138,1553,"s3","m2",-0.0557951520202468,-0.51795316925572,-2.52707546899488,-2.00698820179943,-0.246239711419136
139,1560,"s3","m2",-0.00856925090130958,-0.478171519561195,-2.01162673936458,-2.0117924142841,-0.39236225481597
140,1570,"s3","m2",-0.0205769859005388,-0.450647717132926,-1.94422036357284,-2.15122413162835,-1.45223862679319
141,1572,"s3","m2",-0.0660709361110486,-0.402669796442941,-2.68440209335454,-2.01684979841803,-0.449269008463396
142,1617,"s3","m2",-0.00722682256690602,-0.485899271946064,-1.7585877122577,-2.12995901456691,-0.29817883208448
143,1619,"s3","m2",-0.00746892355143314,-0.484894534890909,-2.41957635393532,-2.16363156196669,-0.329487002346723
144,1623,"s3","m2",-0.0434201409118956,-0.403880968520466,-2.26761340515173,-2.27078958956132,-1.60822069750178
145,1630,"s3","m2",0.0342434296190087,-0.470396549971779,-1.93486841429484,-2.25890400074344,-0.962472943848691
146,1632,"s3","m2",0.0122451434736292,-0.455535181718518,-1.9377255159047,-2.19237554899343,-1.89236328729005
147,1640,"s3","m2",0.0260068569347438,-0.459165501943285,-2.12463169678519,-1.79647531826079,-0.483925042338158
148,1652,"s3","m2",-0.014935209957987,-0.45096112824908,-2.29193012123514,-2.04248415300457,-1.06436141242085
149,1691,"s3","m2",0.0859200858730628,-0.428989789259396,-1.83152457357601,-1.91207465189231,-1.14262880195329
150,1700,"s3","m2",-0.0628068592829542,-0.418678094246196,-2.16329669752482,-2.06539264694424,-0.654401741916014
151,1716,"s3","m2",-0.0356864245368234,-0.408178594833961,-2.40493201322669,-1.84446067509323,-1.08793750414542
152,1735,"s3","m2",-0.0137196051679882,-0.392352345741068,-1.94148358111646,-1.79764325179313,-1.28252855182918
153,1742,"s3","m2",0.0283314918472925,-0.499320314838441,-2.31467190860244,-2.18327548782099,-0.305253350186392
154,1752,"s3","m2",-0.0898033718020653,-0.453310452070891,-2.04037197619284,-1.9144831994376,-0.961497279205397
155,1754,"s3","m2",-0.103633427648086,-0.395576173033695,-2.28951100937745,-1.74820302052316,-0.627853008674684
156,1773,"s3","m2",-0.0258170115305842,-0.435991220381417,-2.03637383362771,-2.22964976193334,-0.35044141612802
157,1777,"s3","m2",-0.0281076761068725,-0.370304763271239,-1.84799267496004,-2.20359089941337,-1.23567707644517
158,1783,"s3","m2",-0.0440736475911134,-0.403979326668801,-2.15254042757887,-2.02701453081916,-1.63047536634379
159,1788,"s3","m2",-0.0497851858514676,-0.567160537877593,-2.80314700293606,-2.12711482360136,0.0658771074433793
160,1790,"s3","m2",-0.0783850643786037,-0.439475413412092,-2.51072833773259,-2.26465864263248,-1.01204484861393
161,1791,"s3","m2",0.00503056909806818,-0.415987618758942,-2.32492238908921,-1.91653333911956,-0.664755958976217
162,1814,"s3","m2",0.0141356799225576,-0.483203302060739,-1.80655545959176,-2.06137332082384,-0.267359755351694
163,1825,"s3","m2",-0.109150664744122,-0.508905313313799,-1.80593036347353,-1.7271519963402,-0.344724265892043
164,1842,"s3","m2",0.0858955129603257,-0.486954071530842,-2.06389417160505,-2.33873270242179,-1.00581303710748
165,1859,"s3","m2",-0.0523712838810869,-0.452109630575131,-2.53511460772866,-2.09382524063083,-0.437491064532884
166,1861,"s3","m2",-0.0936845867953037,-0.545101187282136,-2.12123562910943,-1.78187293158997,-0.178591539936402
167,1862,"s3","m2",-0.00353502601398674,-0.491664885698119,-1.86033931532566,-2.35657397771408,-0.439221862809086
168,1867,"s3","m2",-0.0287341919295613,-0.440557169488641,-2.27815274657534,-2.11951162515167,-1.02641424820899
169,1872,"s3","m2",0.00953651321074048,-0.475862156557943,-1.81424999828529,-2.01204797180145,-0.943128156643588
170,1881,"s3","m2",0.0525077279617959,-0.441982759669752,-1.66867632046173,-1.78172814915789,-1.03633998313808
171,1885,"s3","m2",-0.024044496293209,-0.441782414125941,-2.07961730550223,-2.01012763900054,-1.58650813611618
172,1892,"s3","m2",-0.114278460590621,-0.476339858687951,-2.10274189370425,-1.82165449254413,-0.101069927725173
173,1907,"s3","m2",-0.0170250749530219,-0.443708353561549,-2.14376448828365,-2.12257585685865,-0.668972587292053
174,1925,"s3","m2",-0.0577165122078285,-0.507066833791025,-2.17936530832074,-1.80645164376804,-0.409458479057948
175,1944,"s3","m2",-0.0109653150731919,-0.439050592764694,-2.27265579099653,-2.23228798019713,-1.63310747913052
176,1958,"s3","m2",-0.0256674150878945,-0.513229672773424,-1.91011664148324,-2.2839959074716,-0.756528252261642
177,1986,"s3","m2",0.0235055016904342,-0.475312804605453,-2.20511430137413,-2.3362376389561,-1.4279772853657
178,2007,"s3","m2",-0.0449230658330392,-0.508676445051539,-2.30340824882554,-2.47536803497044,-0.246637367431483
179,2020,"s3","m2",-0.0540172451234206,-0.403818195899081,-2.38223372935626,-2.23721969220042,-1.64225263601023
180,2045,"s3","m2",-0.0227471255895532,-0.495613627341516,-2.28588585288,-2.16729572812645,0.311818477718402
181,2054,"s3","m2",0.00631695628407679,-0.409824330627377,-2.05481245283579,-1.7888191407193,-0.722859018693193
182,2074,"s3","m2",-0.0755561217811854,-0.462867124061424,-1.72038853950654,-1.72680700559811,-0.473539846378161
183,2077,"s3","m2",0.00904859672006874,-0.498807182843681,-2.37854571844827,-2.22051411179878,-0.550619100038106
184,2107,"s3","m2",-0.0466905787757522,-0.495622079282547,-2.00165579837008,-1.84018527641546,-0.810782287809331
185,2111,"s3","m2",-0.00514622270807001,-0.482176070939126,-1.75875653022365,-2.26174150230923,-0.76996484090673
186,2122,"s3","m2",-0.0628222496016878,-0.461612463614954,-2.14838794423743,-2.16818713946272,-0.306179351749136
187,2128,"s3","m2",-0.0338317401276242,-0.514761085658436,-1.77667829695584,-1.8861479515201,-0.440284240941751
188,2139,"s3","m2",0.0148139603087271,-0.469490131263953,-1.80731178875867,-2.05418501107065,-1.44822386290903
189,2143,"s3","m2",-0.139942807628864,-0.55684792565671,-1.8919158674675,-2.24752855251051,0.487593849575613
190,2146,"s3","m2",-0.0144660256663455,-0.548626037924314,-1.83608844313372,-1.96827519090839,-0.573674766299794
191,2156,"s3","m2",-0.0143370244289446,-0.421298207651311,-2.05161607903649,-2.2367564290993,-0.662325057546166
192,2185,"s3","m2",-0.00924142528799164,-0.399015181985748,-1.94882723592347,-1.83487531818211,-1.24528127108969
193,2188,"s3","m2",-0.0794865433571658,-0.502093450406467,-2.06167733113468,-1.74313422703763,-0.271038811372552
194,2190,"s3","m2",-0.0326682382010431,-0.410043726998081,-1.89793152898688,-1.91912898714964,-0.799784277556564
195,2211,"s3","m2",-0.00158186422461473,-0.47243799278857,-2.18911123862906,-2.56242571625501,-0.963724264970201
196,2224,"s3","m2",-0.0845887571093919,-0.515792906155191,-2.13739241680162,-2.1883745125531,-0.0623434148675405
197,2245,"s3","m2",-0.115030470784798,-0.566594266963806,-2.11717038483473,-1.9720626352349,0.378778796445525
198,2256,"s3","m2",-0.000606116272657779,-0.490983794688352,-1.8888945814664,-2.01305530322431,-0.505327729065998
199,2257,"s3","m2",-0.0631132971180435,-0.452831376304149,-2.55581243554281,-2.43832372196706,-1.85601675648329
200,2259,"s3","m2",-0.073947831994367,-0.46621907606028,-2.07395681245208,-2.27809913730223,-1.16001636548073
201,2285,"s3","m2",-0.00299945921283602,-0.574728710767747,-1.95384202156263,-2.29767377755304,-0.110168562552042
202,2294,"s3","m2",-0.0555632177722645,-0.487043503061924,-2.2944785408847,-2.14935614508579,-0.519965993376983
203,2324,"s3","m2",-0.0647659417019608,-0.488628437994913,-2.78402274850424,-1.94465247583153,-0.574376375164746
204,2342,"s3","m2",-0.0653870785721269,-0.502086816853774,-2.00185922784906,-2.22098315392048,-0.201906064552847
205,2352,"s3","m2",-0.00442479104615441,-0.518250546035661,-2.17239255834458,-2.44578952380472,-0.287171689878875
206,2366,"s3","m2",0.0141836314125733,-0.509737024365761,-1.87754979919755,-2.41867240346284,-0.12578726293321
207,2385,"s3","m2",0.0107252705925613,-0.429960943394142,-1.77435911267719,-1.96851550721369,-1.41435233907728
208,2389,"s3","m2",-0.0493368308557795,-0.473357804496964,-2.02737216895434,-2.46502363205458,-1.05831680004749
209,2393,"s3","m2",-0.0391489717274823,-0.498890006693286,-2.23977976286297,-1.78712155301945,-0.288304075802533
210,2397,"s3","m2",-0.0639606496481479,-0.473708809840954,-1.92719236848448,-2.39011249096519,0.0263392328514168
211,2399,"s3","m2",-0.0176062432561957,-0.464064431478163,-2.01816307312978,-2.20864640621242,-0.587560412996742
212,2413,"s3","m2",-0.0011406914287731,-0.40780342068883,-1.99535584478629,-1.98521986991386,-0.831988110395071
213,2417,"s3","m2",-0.00901912684532259,-0.558308319765848,-2.65405709589722,-2.58208137634409,-0.578530861048416
214,2440,"s3","m2",-0.0040534275885125,-0.452915305345317,-2.10497355845413,-2.27404855910951,-1.23699348038584
215,2451,"s3","m2",-0.120809842838608,-0.429263389629046,-2.22920117868527,-1.89599231722992,-1.18783220696725
216,2460,"s3","m2",0.0461453489480539,-0.57580792382416,-2.18207568961497,-2.29466959189756,-0.100660883768803
217,2467,"s3","m2",-0.00347324850324332,-0.414278006475982,-2.12868477226728,-1.8116154442331,-0.637957200691502
218,2474,"s3","m2",-0.095320661064601,-0.511320779435587,-2.01989606360346,-2.47873481655517,-0.0348263766698146
219,2476,"s3","m2",-0.0577361229449262,-0.487478413649776,-1.93713901375978,-2.05247751412751,-0.110666779767859
220,2478,"s3","m2",-0.0088387292655271,-0.442131997852732,-1.78594916303805,-2.12588414622028,-1.25809203104994
221,2480,"s3","m2",0.0820313709154302,-0.422431680047576,-2.18921282837324,-2.15747762186619,-1.31386404415775
222,2525,"s3","m2",-0.0255185400405253,-0.473911683237516,-2.11094929453228,-2.27730472814888,-0.920733652487353
223,2526,"s3","m2",-0.0223924106259765,-0.482168686139931,-2.01659980802303,-2.01001018169707,-0.403498818598586
224,2545,"s3","m2",-0.00507051822579243,-0.524689094006983,-1.87802455427159,-1.92744987212357,-0.324250949573552
225,2560,"s3","m2",-0.0913653645976106,-0.46266913830795,-2.18685979261129,-2.01503676375154,-0.205708185442124
226,2566,"s3","m2",0.0102811027843334,-0.4342498373233,-2.12113494676862,-2.27670025985543,-1.88983449699742
227,2574,"s3","m2",-0.0510158842655767,-0.528868868083813,-1.87683353575156,-2.09505071963928,-0.681726671496295
228,2581,"s3","m2",-0.0982179589352712,-0.514576768437183,-2.29153638437193,-2.11885524577238,-0.321223610966107
229,2583,"s3","m2",-0.0421701540237965,-0.493376484481297,-2.19140582340309,-2.3493270338314,-0.294569557423562
230,2585,"s3","m2",0.0204609503005709,-0.424988806400982,-2.38590257109437,-2.35832335355859,-0.546668209686606
231,2587,"s3","m2",-0.00479713990627825,-0.414196151807316,-2.26907156138838,-1.91710858609265,-1.29227741814354
232,2595,"s3","m2",-0.006369502599188,-0.446844909082112,-1.79985858026482,-1.91561744013368,-1.04101472651204
233,2601,"s3","m2",0.00749466261740533,-0.455806083190283,-2.31748375381664,-1.92491618282985,-0.128371193047304
234,2607,"s3","m2",0.0406922086462269,-0.500866294299476,-2.0108923100363,-2.74994767861798,-0.4343246550342
235,2615,"s3","m2",-0.0597289616079172,-0.531046003818067,-2.11189761820878,-2.26718569610669,0.0728872192111535
236,2617,"s3","m2",-0.0410021661397209,-0.472142692210885,-2.19842730202575,-1.72562103367372,-0.688398698262024
237,2625,"s3","m2",0.0203068304397412,-0.422509861389853,-2.20171657915748,-1.97556313470149,-1.22120253553187
238,2632,"s3","m2",-0.115005686760926,-0.541330076840821,-2.30966001016813,-2.30697524358795,-0.305875932352346
239,2648,"s3","m2",0.0130065333979307,-0.405813221773265,-2.00638730995681,-2.18935323951409,-0.755719129212884
240,2663,"s3","m2",-0.0735283431092264,-0.43493872383305,-2.03678840935396,-2.31596491061659,-1.26441610090102
241,2683,"s3","m2",-0.0100073492598042,-0.479378941118487,-1.99773463358012,-2.19870285038678,-1.15420927278089
242,2700,"s3","m2",-0.0128290556428202,-0.427658576193695,-2.1348375170822,-1.96773090409665,-0.729605524334531
243,2709,"s3","m2",-0.00719110305539091,-0.53375587362424,-2.21376974792347,-1.87801448285552,-0.689160889168001
244,2727,"s3","m2",0.000337631455799002,-0.370472022028947,-2.10693335831066,-1.78601384286006,-0.825609937869677
245,2737,"s3","m2",-0.0446896865161669,-0.533285150244178,-1.85525522109277,-2.28270704975589,-0.00968034381016289
246,2754,"s3","m2",-0.0713368276880975,-0.479869214159852,-2.68931034694478,-1.93264609645588,-0.613286736682187
247,2763,"s3","m2",-0.00181610794436254,-0.493165413464633,-2.08295234399074,-1.80122292204897,-0.78473912559049
248,2764,"s3","m2",-0.0143854286783878,-0.492676673353275,-2.48090965386193,-2.23486821545604,-0.750551935032235
249,2768,"s3","m2",-0.127446703004313,-0.423501608827106,-2.46292643894001,-2.03211361277967,-0.355125800851013
250,2774,"s3","m2",0.00497761160561005,-0.456909086231233,-1.84027921355059,-2.12909897484162,-0.569770851182949
251,2791,"s3","m2",-0.00988168176392678,-0.417058245304039,-2.01134345479839,-2.51062980301932,-1.25970411556993
252,2793,"s3","m2",-0.009062684718474,-0.456117153567913,-1.82003733435432,-2.14785196460498,-0.119536306329924
253,2805,"s3","m2",-0.0373140894368816,-0.544558156819278,-2.13113405531218,-1.9459019648783,-0.243812073743323
254,2807,"s3","m2",-0.0535012909518231,-0.553076768977383,-1.34431047153971,-2.58762515947283,0.517224641206676
255,2820,"s3","m2",-0.0485008147649287,-0.576351595093471,-2.70432157224385,-2.24257159342925,0.0912526488046187
256,2828,"s3","m2",-0.00699748923578815,-0.504049750283161,-1.95470432914024,-2.1531547291067,-0.634911887952286
257,2835,"s3","m2",-0.0518430180274792,-0.491026591318965,-2.08352456203732,-2.32746683847354,0.108169198872165
258,2851,"s3","m2",-0.0897027309018406,-0.448500083333236,-1.94646415117983,-1.94539930613234,-0.192458327113721
259,2854,"s3","m2",-0.00271205767643604,-0.478396269707539,-1.69589206681237,-1.97938932507722,-0.605985608217145
260,2855,"s3","m2",-0.0956841896955403,-0.449093120136345,-2.35253536318383,-1.79132683958878,-0.0699413092481421
261,2880,"s3","m2",0.00434740813360042,-0.436729462241064,-1.87139038897944,-2.0183849704148,-1.60966926188041
262,2896,"s3","m2",0.00734129702028909,-0.45162264522529,-1.8507526971056,-2.28394826468129,-0.924662765584977
263,2898,"s3","m2",0.0200483121519291,-0.48689816500795,-2.26851858043171,-1.95267191675516,-1.05400245945833
264,2900,"s3","m2",-0.00850416496606408,-0.45475384535233,-2.35986088225043,-1.79124023906505,-0.928924337663949
265,2928,"s3","m2",-0.0625518185485278,-0.437599559389296,-2.27027544219465,-2.2807992358169,-0.682877243785183
266,2999,"s3","m2",-0.0432432331637809,-0.498194718042725,-1.94373376604195,-1.74597726287002,-0.337271179116423
267,3016,"s3","m2",-0.0285249798516185,-0.531862923112991,-1.8251908172748,-2.05066027050563,0.080279213369134
268,3023,"s3","m2",-0.054162587922087,-0.504254328043445,-2.26471173929288,-2.32790166310504,0.211995117487893
269,3027,"s3","m2",0.00646820905299203,-0.548427418567479,-1.97893547138299,-2.0630130916635,-0.262773676062297
270,3029,"s3","m2",-0.0110334899759843,-0.489734531442798,-2.11204123307904,-2.41760171630644,-0.548870413766206
271,3050,"s3","m2",-0.0546989733667366,-0.570557384065841,-2.52431334773812,-2.90332056546919,-0.603857474644609
272,3056,"s3","m2",-0.027829061192963,-0.507870716695274,-1.92882076512475,-1.97155321395175,-0.928703241569167
273,3094,"s3","m2",-0.024303338584258,-0.501728845299302,-2.08430817270068,-2.23648425102733,-0.545486036259088
274,3096,"s3","m2",-0.0147881015928138,-0.458560672400288,-1.68383629940254,-2.40410774189271,-0.413913369133546
275,3104,"s3","m2",-0.0565145818132913,-0.545051331237519,-1.91515151652086,-2.30198260129726,-0.348314136952315
276,3108,"s3","m2",-0.0367415686071847,-0.454047646037549,-2.16444600406238,-2.06626778804399,-0.534344403894585
277,3113,"s3","m2",-0.110459714430167,-0.53074501899505,-2.22903246597718,-1.803886367567,-0.0124778702622773
278,3119,"s3","m2",-0.027389271975246,-0.469672298649503,-1.96678109121627,-2.62158430444293,-0.967647198794124
279,3121,"s3","m2",-0.0126340008635392,-0.411247305588476,-2.18904363886421,-2.19386791188246,-1.23219096843455
280,3143,"s3","m2",-0.0449473313668014,-0.435227728186021,-2.1873102794622,-2.20846926349698,-1.14859334822117
281,3146,"s3","m2",-0.0687949708179939,-0.45950000792013,-2.29319881630334,-1.86554490601496,-0.676969986335494
282,3149,"s3","m2",-0.0242450897197503,-0.47611534697069,-1.87869898901636,-2.13167635187622,-0.344116341868315
283,3157,"s3","m2",0.00627665549290954,-0.357323135534634,-2.28629320697104,-2.07856765669978,-2.29574588672371
284,3172,"s3","m2",-0.0117406573762072,-0.486836861796438,-1.90828109254737,-2.45178408975801,-1.00751527003873
285,3176,"s3","m2",-0.0281129950002348,-0.520724873485263,-2.60495442737418,-1.85347264152312,-1.13935542861276
286,3240,"s3","m2",0.019391456056888,-0.475515496063578,-1.99840918300865,-2.62392400986824,-0.955778742795509
287,3287,"s3","m2",0.00161985505418397,-0.496392909511065,-2.09651437593639,-2.06045448665125,-0.0226385644975629
288,3302,"s3","m2",-0.049266756732738,-0.451479614509764,-1.90384288623298,-2.08193541828928,-0.471797270917009
289,3332,"s3","m2",0.0317808987777617,-0.40187545903388,-2.06279831233513,-1.74871161119577,-0.864452224771967
290,3344,"s3","m2",0.0604877113211628,-0.399564135597179,-2.0297169774164,-2.17256864389864,-1.09677904739111
291,3354,"s3","m2",0.0689218905537703,-0.416900091211762,-1.77862203050661,-1.85567514941398,-0.949772782847593
292,3379,"s3","m2",-0.00689121607891619,-0.451944553493896,-1.97173108473125,-2.17381758185429,-0.104768991158944
293,3385,"s3","m2",-0.0647517030407426,-0.486897321408349,-2.32198975477459,-2.25346435864454,-0.41257527832431
294,3415,"s3","m2",0.0463295101048497,-0.393765356888893,-1.95819325079909,-2.15509112477767,-1.12887565527017
295,3423,"s3","m2",-0.039050019414606,-0.699401735019673,-2.18858572469475,-2.43504248672539,0.47410564649856
296,3424,"s3","m2",-0.067765827455417,-0.455779244145757,-2.05855246909482,-2.19464428376773,-0.216089995976867
297,3426,"s3","m2",0.0250068194787845,-0.490680207861445,-1.85566174325192,-1.98737246809748,-0.414309034356704
298,3428,"s3","m2",0.0119737706816522,-0.434270252197444,-2.02208181236811,-1.9567794322115,-0.961128900964204
299,3440,"s3","m2",0.00847529399074553,-0.508108706680961,-1.81179711757547,-2.00051931522181,-0.369182584547469
300,3443,"s3","m2",-0.0388829298384964,-0.454139144063155,-2.1342840827157,-1.77549394193993,-0.503212938574439
301,3471,"s3","m2",0.0015997945527836,-0.465504543038425,-1.77506277543643,-2.26936918793486,-1.197164308009
302,3486,"s3","m2",-0.0558165017843158,-0.486720233234187,-2.00696893176026,-2.50175576844216,-0.228415693943511
303,3488,"s3","m2",-0.0342675613948914,-0.449284233652434,-2.49058771860128,-2.01695034804051,-0.681594409977517
304,3502,"s3","m2",-0.0675735554358754,-0.474152366081118,-1.68075535415675,-2.06218479540052,-0.0867015723879914
305,3510,"s3","m2",0.130051299490008,-0.488487541652669,-1.89472893508007,-1.97686991244313,-0.480297125279554
306,3518,"s3","m2",0.0430225665158968,-0.551016018321314,-1.83254934792918,-2.05261790359024,-1.05724619787383
307,3521,"s3","m2",-0.0406773767221954,-0.489442636754798,-1.90942660798916,-2.21784074882039,-0.298346445024623
308,3538,"s3","m2",-0.111793722933646,-0.473979944992779,-2.58389737237575,-1.84335707101811,-0.102248368057018
309,3543,"s3","m2",-0.0408300411254388,-0.416473644648809,-2.02316460183456,-1.89575492461919,-0.907023739094618
310,3558,"s3","m2",-0.16030902182118,-0.529926736994625,-2.15506526493436,-2.04723834268651,0.297440168983735
311,3567,"s3","m2",-0.0963104918723641,-0.532543925155945,-2.29912186514897,-1.67283775996333,-0.0952522349590477
312,3568,"s3","m2",-0.0295066889096567,-0.435549528691664,-1.90577782797776,-2.00703888422829,-0.501666019372107
313,3571,"s3","m2",-0.022704598488038,-0.418747178716294,-2.17129220723335,-2.08334608973321,-0.696122230733628
314,3573,"s3","m2",0.0149665903315415,-0.463056149459639,-2.17166030495522,-1.91753221586969,-0.701532373976641
315,3579,"s3","m2",-0.00338689661146143,-0.443129364667201,-2.07515390021732,-2.14101444809181,-0.388904987843647
316,3587,"s3","m2",-0.00732295168731882,-0.446202269606274,-2.06138682093114,-1.95517229199576,-0.646697519555189
317,3589,"s3","m2",-0.0558136566476055,-0.423674512208595,-1.86080290146626,-2.33304816659753,-1.36199210279423
318,3596,"s3","m2",-0.0732836661316802,-0.423055443150464,-2.50368948955718,-1.80644467374482,-1.26965380993445
319,3600,"s3","m2",-0.0134649648604903,-0.418823995020465,-2.2308176150084,-2.36716245255915,-1.67697479886841
320,3602,"s3","m2",0.037326878798072,-0.460709539466785,-1.81220714405186,-2.3023999312119,-1.07387714847736
321,3623,"s3","m2",0.0314865037205082,-0.386693816470049,-2.08212041094925,-1.91529263207345,-1.03112268140016
322,3652,"s3","m2",-0.040029634420071,-0.490914620054466,-2.21029461792853,-1.64690937833829,-0.104181623868288
323,3670,"s3","m2",-0.0274040306620835,-0.45760178521617,-2.10178380709634,-2.52525252610696,-1.59768256276038
324,3671,"s3","m2",-0.0660736542415163,-0.485382616796759,-2.45199364749791,-1.80166436066571,-0.370484174012304
325,3692,"s3","m2",-0.0580199778533996,-0.464223983879763,-2.21797078225602,-1.89773012151463,-0.182944682666953
326,3701,"s3","m2",-0.0501460092288279,-0.563089337952326,-2.59498516155631,-1.98397640596104,-0.213122245973841
327,3706,"s3","m2",0.0501930233014554,-0.505681961242627,-1.97384933370698,-2.43844180143979,-0.526248647744452
328,3713,"s3","m2",-0.125461922222353,-0.419166563400904,-2.32955221236705,-2.57062972790624,-0.971594684168731
329,3714,"s3","m2",-0.0145830095274463,-0.486650129849896,-2.26744714859351,-2.53133002964052,-1.12945660815133
330,3716,"s3","m2",0.0930739184400582,-0.448914277499471,-2.04941233848795,-1.84404014599593,-1.19634632753369
331,3728,"s3","m2",-0.10183749687291,-0.555596844426091,-2.22745917387614,-2.4738421687039,-0.083418695979927
332,3743,"s3","m2",-0.0466130857567215,-0.478425000119212,-2.33968715398025,-2.41704555798556,-0.653553944075011
333,3748,"s3","m2",-0.0412062388715708,-0.48905021958191,-1.96471923503556,-2.16524746331161,-0.747935870782724
334,3761,"s3","m2",-0.0569728581924446,-0.411175624270644,-2.28207144208583,-2.09052170586452,-0.92408059980168
335,3774,"s3","m2",-0.104104733456115,-0.519356706181321,-2.16349744709112,-2.37960915134006,-0.199485491040556
336,3779,"s3","m2",0.00535123000270539,-0.43526229812009,-2.1963101945115,-1.71815739915129,-0.359357812014988
337,3782,"s3","m2",-0.0434529318230499,-0.516521209663692,-1.74110556614234,-1.97229102761081,-0.212237961566149
338,3783,"s3","m2",0.00489945960074611,-0.464690312329265,-2.6473082352329,-2.19071660206866,-0.857409853322196
339,3810,"s3","m2",-0.0639748050073367,-0.504269483199988,-2.34108047171564,-2.17294243818377,-0.241429476388061
340,3816,"s3","m2",0.0130108295713621,-0.378294377054699,-2.08706622839673,-2.13665062077034,-1.32893106429119
341,3832,"s3","m2",-0.094900441014631,-0.38885906828292,-2.4928915620187,-2.30048574714754,-0.880272872307762
342,3866,"s3","m2",0.0487932150214404,-0.414457579311508,-1.79331929901665,-1.92761608865943,-0.953347474957606
343,3871,"s3","m2",0.0157054633953687,-0.469842393333528,-2.11471231901893,-1.96975217113655,-0.376154753108715
344,3875,"s3","m2",-0.00170578888319639,-0.501161840499117,-2.29079504898445,-1.97432776693923,-0.885694871820084
345,3879,"s3","m2",-0.0902783554427197,-0.487629036125582,-1.99151142465812,-2.1259625577601,-0.415821470833755
346,3894,"s3","m2",-0.0506901805276559,-0.3954337859874,-2.14342712865656,-2.01839284463911,-0.966023636308155
347,3903,"s3","m2",-0.0080173942716331,-0.427291647933444,-1.66685808710895,-2.26225506730626,-0.45565034579842
348,3910,"s3","m2",-0.0808455663660569,-0.498678177334432,-2.16717815696354,-1.9668478880535,-0.719382561630016
349,3911,"s3","m2",-0.0426930069709297,-0.437115428784436,-1.89095289319243,-1.93172042313003,-0.627332747552709
350,3924,"s3","m2",-0.00925537740636793,-0.447079079422408,-2.16480191357281,-2.28744856453345,-1.84648400050408
351,3932,"s3","m2",-0.0761361055134067,-0.542956092170952,-2.14533548049309,-2.25795587273416,-0.117580945940502
352,3951,"s3","m2",-0.057804721451794,-0.513459730883156,-2.258204747556,-1.65690295050455,-0.140167976008171
353,3955,"s3","m2",-0.0249404148100574,-0.541547280245519,-2.06159184705252,-1.97891792201504,-0.091918321331775
354,3970,"s3","m2",-0.0326944768682045,-0.532300135344908,-2.03263992444132,-2.19813431336181,-0.53176998457798
355,4011,"s3","m2",-0.065108235106351,-0.445893865056082,-2.33545981397766,-2.26665270237894,-0.751175096375766
356,4032,"s3","m2",-0.00270667404887779,-0.474617056067862,-2.03175770189839,-2.72644711479293,-0.511788252806549
357,4052,"s3","m2",0.048648804398173,-0.446653297156269,-1.93760748765219,-1.97041638191971,-0.850767354301086
358,4060,"s3","m2",-0.0531330507331724,-0.426566383041805,-2.32691426426361,-1.65422727227319,-1.10618036799615
359,4065,"s3","m2",0.0529505626621714,-0.383405160855587,-2.07525750967844,-1.89487525394581,-2.38069002532969
360,4067,"s3","m2",-0.0209494109140456,-0.464846056408774,-2.11747759044576,-1.95334305412872,-0.457723099639258
361,4074,"s3","m2",-0.0432457607309404,-0.475769592372653,-2.21827281703171,-2.40677630128539,-0.516841884188876
362,4086,"s3","m2",-0.0688415586069127,-0.483053259034543,-1.77344628161761,-2.1771819624827,-0.411466963327289
363,4093,"s3","m2",-0.0279018861535261,-0.403808963760051,-1.80201630036726,-2.00592590764545,-0.99464227353123
364,4124,"s3","m2",-0.055451579663097,-0.479966458985235,-2.36011473979911,-2.35867945971121,-0.345695464784361
365,4125,"s3","m2",-0.00968258854100494,-0.493020268706736,-2.05718153834822,-2.36630376437724,-0.0511205564075818
366,4139,"s3","m2",-0.0695713115383303,-0.490995282671402,-2.12186064337319,-1.58663208589951,-0.340749281177294
367,4148,"s3","m2",-0.0154732629216751,-0.483829232410527,-2.0128167823279,-1.94423060615165,-0.672828677619666
368,4149,"s3","m2",-0.0550003835160341,-0.392254352302444,-2.6610654015108,-2.20389291858517,-1.64499539972361
369,4152,"s3","m2",0.0952711905478728,-0.447315199070744,-1.91635121030501,-2.58631549482458,-0.487650578097737
370,4155,"s3","m2",-0.101802823579704,-0.445055617163889,-2.40504728247206,-1.82673812685074,-0.663349916819028
371,4156,"s3","m2",-0.070138201991088,-0.521961212399802,-2.2446526831809,-2.18798553058626,-0.55779788432965
372,4161,"s3","m2",0.0177943209344579,-0.432160832530676,-1.95332038373685,-2.03222266932015,-0.489058738920059
373,4185,"s3","m2",-0.0308315505908905,-0.401570778564746,-1.89594132895825,-1.86247026315346,-0.826784130022781
374,4189,"s3","m2",0.0244044777474846,-0.512057287959411,-1.84672829071812,-2.15413366489516,-0.507963856545005
375,4223,"s3","m2",-0.0728711792962375,-0.558157888915258,-1.97546782990817,-2.37996531147118,-0.244113685830329
376,4261,"s3","m2",-0.0354194508017567,-0.452578566621069,-1.98113414524289,-1.99788158695969,-0.559022098848367
377,4267,"s3","m2",-0.0294732104455521,-0.437607170078211,-1.90244473009962,-2.21435113454421,-0.635230266740973
378,4268,"s3","m2",0.0268610007610712,-0.407141462446711,-1.86200196090671,-2.30058553177085,-0.940546286154951
379,4272,"s3","m2",-0.00253173121680177,-0.41648098560241,-1.91018558244679,-1.84943112851324,-1.13089401999806
380,4294,"s3","m2",-0.052635120221026,-0.43349430986798,-2.47409150084064,-2.47516959789873,-0.54594145800756
381,4298,"s3","m2",-0.0233575477086809,-0.473834501310349,-2.03455733244141,-1.99491998259238,-1.41241454563871
382,4315,"s3","m2",-0.0455603316653451,-0.436100278957726,-2.23555538441768,-2.0592660094039,-0.875559437029888
383,4317,"s3","m2",-0.0381631594444613,-0.488035995799869,-2.08669025463434,-2.02873086969983,-1.00599073006198
384,4318,"s3","m2",0.00501211447218003,-0.435997610838667,-2.25098135478517,-2.0483763444704,-1.1766687412817
385,4326,"s3","m2",-0.090579385357336,-0.391438442317704,-2.35149444512256,-2.10985702948945,-0.966735023691856
386,4332,"s3","m2",-0.0312156785818307,-0.601078913542779,-1.84346466515089,-2.31869290531656,-0.220006276721947
387,4341,"s3","m2",-0.0925119107086414,-0.498111204788026,-1.97341336003121,-2.34003803803952,-0.57079821212104
388,4362,"s3","m2",-0.00669955274415786,-0.462589849346904,-1.92253550515569,-1.93227840461583,-0.185038792512798
389,4368,"s3","m2",-0.0595008681204923,-0.414231792694381,-1.88896853757383,-2.20734532835104,-0.915704433043005
390,4390,"s3","m2",0.0112384475105359,-0.526002669581101,-2.12636144982066,-2.04986159224993,-0.221845883679738
391,4392,"s3","m2",-0.0255121771531026,-0.430174119576781,-2.34393848140228,-2.0747661950432,-0.886532703646405
392,4398,"s3","m2",-0.0996704754044994,-0.44690042250346,-2.30739993658914,-2.12524783355293,-1.04204620558815
393,4399,"s3","m2",-0.0463672085194452,-0.509062976748171,-2.0790450999645,-1.96633624218083,0.0850770785466269
394,4403,"s3","m2",0.044721224412798,-0.401266849314602,-2.16094149585485,-2.00372874064419,-1.63232335766341
395,4405,"s3","m2",-0.00456280613450673,-0.44904894011441,-1.80251743300263,-2.43548894690257,-0.127294825324252
396,4408,"s3","m2",-0.0461616905699597,-0.430785148732104,-2.24141010374373,-1.93185304855336,-1.24698666698711
397,4414,"s3","m2",-0.0037640014502144,-0.467952691976138,-2.14738212777021,-2.31555611702723,-0.396542837114016
398,4418,"s3","m2",0.0136489083494515,-0.427935930843348,-2.4614620512063,-2.20803570394122,-1.26824416446592
399,4427,"s3","m2",0.0110898034003875,-0.437184784265866,-1.95196380892668,-2.06801066281602,-1.10714817911712
400,4474,"s3","m2",0.00289213239616008,-0.471767653680347,-2.25092645802631,-2.16836844234606,-0.637195072436608
401,4512,"s3","m2",0.0575020471186545,-0.411234834857776,-1.94635621613885,-2.22712270875525,-2.26218865596624
402,4516,"s3","m2",-0.0671331847055292,-0.563776264047191,-1.8473130787235,-2.2317321912982,0.295730250657962
403,4522,"s3","m2",-0.0757246377097975,-0.450773031595134,-2.17116378238178,-2.01091507025816,-0.236410841081671
404,4528,"s3","m2",0.0172431769721883,-0.384691107793283,-1.8978008064422,-2.13636662539721,-1.3674140572699
405,4530,"s3","m2",-0.0679719263500575,-0.526882192310551,-2.54400341407628,-2.18577194748749,-0.441388797371497
406,4544,"s3","m2",0.0136142162570562,-0.459734719632684,-2.28544899390577,-2.39335624230199,-0.396907798335921
407,4546,"s3","m2",-0.0541825888037168,-0.516916584475803,-2.46605514372726,-1.9510099235043,-0.0822266160308592
408,4549,"s3","m2",-0.0658636719529105,-0.454506614146077,-2.22540426092259,-2.41785487237342,-0.547747246994477
409,4565,"s3","m2",-0.0169715634102075,-0.401099590115108,-2.17197562161,-2.10861308573369,-1.31811342645505
410,4573,"s3","m2",-0.0392497874080828,-0.364859467489772,-1.81102219017161,-2.18843562311164,-1.76428565077896
411,4576,"s3","m2",0.0255237313520783,-0.380820488611564,-1.98653122289001,-1.93247292863307,-1.24117227582001
412,4588,"s3","m2",-0.0169048725834388,-0.520343896735955,-1.83136067868554,-2.18500292563131,0.0261757251289706
413,4595,"s3","m2",-0.0440087688657765,-0.461935294183202,-1.93399034285183,-2.21788827967599,-0.805924996700973
414,4598,"s3","m2",0.0350463467884896,-0.447304734465829,-2.31324063180401,-2.15197932887412,-0.945093552121676
415,4619,"s3","m2",0.0148811702161837,-0.410170029279731,-1.58423368634034,-1.85526619037326,-1.19198721134993
416,4627,"s3","m2",-0.0422562300915704,-0.42725688570069,-2.49867747243519,-2.08747444810181,-0.837470000648608
417,4630,"s3","m2",-0.00300386668634047,-0.437478192553835,-2.3497625601316,-2.1028904293104,0.129051479567354
418,4632,"s3","m2",-0.0384846528805141,-0.436926864681219,-2.16206080980597,-2.11736118835818,-1.26288629456287
419,4645,"s3","m2",-0.100159083391942,-0.505744852612622,-2.36746305185441,-2.03671512988527,-0.54616338122374
420,4663,"s3","m2",-0.0350829818912449,-0.444345791488035,-2.34379897540401,-2.16740097958686,-0.355878746129263
421,4667,"s3","m2",0.0532238941535587,-0.436538251727156,-1.999127735765,-2.20473322347375,-0.392959210883981
422,4689,"s3","m2",-0.0639098367986926,-0.487713581733453,-2.34556665109049,-2.52023094517305,0.180121975210555
423,4693,"s3","m2",-0.104079382392639,-0.476227990539087,-2.39269156579409,-2.73141723314233,-0.259840259966836
424,4722,"s3","m2",-0.00531778762338631,-0.539825140787871,-1.83397780646184,-2.4394692239319,-0.181696253479977
425,4743,"s3","m2",-0.0387041209571024,-0.480412044294162,-2.1049272487844,-1.92568110139398,-0.396574979382099
426,4756,"s3","m2",-0.00212513936667572,-0.508861550912039,-1.93253128463699,-2.14679584836313,0.0579206954748019
427,4759,"s3","m2",0.00155719083564521,-0.431690656621759,-2.39602405253039,-2.15260408771845,-0.716199047489272
428,4760,"s3","m2",-0.0546062652706649,-0.486057562876692,-2.25821493566028,-2.05932028666425,-0.309055302514123
429,4761,"s3","m2",-0.0305797883382348,-0.400513279868726,-1.93665766908367,-2.24267061137676,-0.724419923411727
430,4765,"s3","m2",0.0053205327696349,-0.449609859769024,-2.42684359588346,-1.68621943478786,-0.675685234509279
431,4767,"s3","m2",-0.0185379361564538,-0.460087708113986,-2.37661528021558,-1.96890661905106,-0.620559418333488
432,4772,"s3","m2",-0.0943364533679164,-0.541229686019577,-2.36169518663495,-2.3105577227663,-0.425586618562621
433,4802,"s3","m2",-0.0525337254692985,-0.370439842402159,-2.59969105582697,-2.39523550430869,-1.86908822995821
434,4811,"s3","m2",-0.0407962659146856,-0.46570169573186,-2.26597086395057,-1.97234907613118,-0.540645426359856
435,4818,"s3","m2",-0.0999418419038609,-0.579981573524575,-2.06649890815255,-2.31184369432096,0.192854109138194
436,4820,"s3","m2",0.00662400121962884,-0.479914348173021,-2.13061530848861,-2.1382141847915,-1.51432726079799
437,4850,"s3","m2",-0.0482033686835726,-0.463838538079509,-2.49909628650116,-1.7839018547272,-0.712120129470095
438,4853,"s3","m2",-0.00183581894077391,-0.464797065033805,-2.17641771014953,-2.18281988711128,-0.360939471327612
439,4854,"s3","m2",-0.0279663325537065,-0.471575796260853,-1.8893795707276,-1.87128659815873,-0.696691771609457
440,4871,"s3","m2",-0.0129505566047979,-0.53967280588268,-2.17406038503861,-1.87396875951634,0.220463637948939
441,4882,"s3","m2",-0.0825304468451726,-0.468902422180157,-2.11941219908778,-2.26581642314713,-0.72063765595926
442,4889,"s3","m2",-0.0382484356033403,-0.512869705298464,-2.0659993386086,-2.3474223371858,-0.131547103803523
443,4935,"s3","m2",0.0593581088497839,-0.464484675035107,-1.84541613006495,-2.14209540636365,-1.21319345929198
444,4943,"s3","m2",-0.0576463106240639,-0.448897084544106,-2.05492320578491,-2.62722004271593,-0.46251009216745
445,4948,"s3","m2",-0.0505616102184092,-0.46739765760461,-2.16268374325869,-2.13278296440477,-0.236746579796835
446,4951,"s3","m2",-0.00686062582658827,-0.378124035340428,-2.25881930921345,-1.7226556911291,-1.30685698573588
447,4956,"s3","m2",-0.0788969523525004,-0.544532449262091,-2.27718625551951,-2.31647206220129,-0.0986932804825367
448,4964,"s3","m2",-0.112328231494017,-0.514103030345952,-2.3805611859874,-2.16241977370529,0.207164541170264
449,4967,"s3","m2",0.0403360261455907,-0.365447499994979,-2.18126163858532,-1.76634832351056,-2.10270781737918
450,4990,"s3","m2",0.0339008400899034,-0.45828359889103,-2.11435596806093,-1.56280195265673,-1.43780082427795
451,4994,"s3","m2",0.0199183356355026,-0.482027769650414,-1.80092543290935,-2.29677290341425,-0.29679578694347
452,5012,"s3","m2",-0.0488815518058848,-0.430818379701466,-2.30046301932943,-1.9427788047708,-0.732795688026345
453,5014,"s3","m2",0.0241594904149332,-0.414728530210492,-1.93228642556305,-1.78688014874584,-0.896489051977388
454,5070,"s3","m2",0.0947817081310884,-0.490347126566325,-2.19182329255059,-2.44624847318305,-0.614347672349622
455,5080,"s3","m2",0.0133583866979345,-0.476604123666464,-2.16215015317221,-1.9798700757466,-0.380028434830841
456,5084,"s3","m2",0.0147036891599869,-0.52855527437937,-2.29392196203511,-2.19130931047547,-0.135618349152162
457,5094,"s3","m2",-0.118292196984939,-0.46444095599057,-1.88047224644524,-1.9910912972345,-0.345050966905857
458,5117,"s3","m2",-0.091093829748959,-0.484489797195752,-1.74703936435042,-2.07285015857904,-0.944242069305404
459,5132,"s3","m2",-0.0061440501144088,-0.485040129433313,-1.96210950515331,-1.83139013409343,-0.687725720755172
460,5142,"s3","m2",0.0140436873620294,-0.430227966960275,-2.33573265397005,-2.41919156622576,-0.614893035171618
461,5144,"s3","m2",-0.0750324946161247,-0.395096027367411,-2.07379526775353,-1.82441973942975,-1.26795322151077
462,5149,"s3","m2",-0.0348693529871258,-0.449232968071588,-1.96306181960366,-1.70610166815555,-0.357367029667894
463,5159,"s3","m2",0.069917917629651,-0.454070078690978,-1.99023448501996,-2.29069788211972,-0.502893482359326
464,5171,"s3","m2",0.0186966236603265,-0.475254446980635,-1.9254304638265,-1.93034482815727,-0.520559173620016
465,5175,"s3","m2",0.0530548653689289,-0.494979825201705,-2.16846030060571,-2.33481150496758,-0.732655557654424
466,5185,"s3","m2",-0.0356912589885119,-0.456886275703299,-2.31980471940335,-2.69425816755043,-0.686539135556254
467,5189,"s3","m2",-0.0251154036030664,-0.433429807093925,-1.97875957657943,-2.30239844039577,-0.463758889421365
468,5190,"s3","m2",-0.0795191268898925,-0.546497808819433,-1.83792731532817,-2.08458839335628,0.103773804971245
469,5213,"s3","m2",-0.0151817959418357,-0.369400483606961,-2.16401595870814,-1.98467894789833,-2.38288008034797
470,5250,"s3","m2",-0.0697861533376388,-0.467057302177821,-2.20025652916817,-2.1382109885208,-0.672422374334457
471,5273,"s3","m2",0.0234933203593723,-0.444766339633068,-1.95557923538776,-1.70257223371148,-1.00507810681762
472,5283,"s3","m2",-0.000759957515188346,-0.493419581495387,-1.95255756804446,-1.84704751471287,-0.404957533960794
473,5288,"s3","m2",0.0132948470373661,-0.430244082306876,-2.55573206439254,-1.83886063725954,-1.59660228820813
474,5320,"s3","m2",0.0402261651918115,-0.385967969458761,-2.05305388675523,-2.07511821743776,-1.26438200771288
475,5347,"s3","m2",-0.0524928779760409,-0.518647083298009,-2.6614114204002,-2.26522783304572,-0.610394427436297
476,5395,"s3","m2",-0.00936803441182426,-0.510763791868917,-2.75437622816847,-2.1974943917866,-0.0509103041475348
477,5408,"s3","m2",-0.0539975900040041,-0.506411338557309,-2.13507344731913,-2.07322308210571,-0.698730266218898
478,5413,"s3","m2",-0.0625481579292269,-0.418919470425203,-2.20725103538925,-1.80155638867071,-2.18500973372513
479,5421,"s3","m2",-0.0394651690963927,-0.454063647521932,-1.99283303753491,-1.7910857722273,-1.33629426873315
480,5426,"s3","m2",-0.0851704337112483,-0.426300446496898,-2.12203988854904,-1.79973413897913,-1.05677292785494
481,5430,"s3","m2",-0.0436233397178294,-0.565289972184955,-2.11276082821158,-1.99728957364305,0.311976593271523
482,5437,"s3","m2",-0.0479252604004984,-0.463076046587813,-2.3672068929097,-1.81652573674333,-1.0378119618788
483,5441,"s3","m2",0.0617117356294705,-0.424532697359752,-2.09598345922785,-2.18315874314018,-0.694169123373051
484,5463,"s3","m2",0.0248696822278665,-0.41048000570189,-1.77044741093935,-1.65147988250733,-1.48742707306371
485,5491,"s3","m2",-0.0218968166294496,-0.459306038107009,-1.99335179921675,-2.15201022863642,-0.339419622744074
486,5524,"s3","m2",0.00761102182850413,-0.525894824830692,-2.3629479796278,-2.66151740431385,-0.828230763050687
487,5526,"s3","m2",-0.0143860005851848,-0.459222166706999,-2.04735595133033,-2.20578689866335,-0.789759379843082
488,5540,"s3","m2",-0.0533242142140295,-0.503438683827073,-2.23299666001361,-1.9298431649741,-0.132901087011214
489,5547,"s3","m2",-0.0717475215054007,-0.472074846924418,-1.94350955651698,-1.89462448635004,-0.482978217737986
490,5579,"s3","m2",-0.00697574988539996,-0.418723165961275,-2.08655651070409,-1.87660183993102,-1.0287648377277
491,5586,"s3","m2",-0.0979867962206998,-0.432922515704685,-2.24294031647012,-1.79637676619843,-1.01414745473682
492,5597,"s3","m2",-0.0624141960887126,-0.489647865713516,-2.19681883537698,-2.37910416897625,-0.767599349952273
493,5602,"s3","m2",-0.0362158973932921,-0.454520068633869,-1.78956310286192,-2.02530127069796,-0.761358842285242
494,5624,"s3","m2",-0.0177917433982049,-0.426422218084619,-2.37696489471032,-1.91968455746992,-0.892382615794232
495,5630,"s3","m2",-0.0130912200017799,-0.424889687741878,-2.21484149906926,-2.42872072348464,-0.829162782740032
496,5654,"s3","m2",-0.10797059383722,-0.504657423317747,-2.15942098862091,-2.51568262301692,-0.406102290252278
497,5679,"s3","m2",-0.0643269778787083,-0.596228847191084,-1.85485273247353,-2.06714398794197,0.123436810962662
498,5680,"s3","m2",0.0976717519522447,-0.344564340385484,-1.52380621712273,-1.88077364536115,-2.00438698254196
499,5687,"s3","m2",0.00140220861345964,-0.414767149577518,-2.09952721481918,-2.30597754119312,-0.464355090761611
500,5693,"s3","m2",0.0272209047762406,-0.450487813615338,-2.03195943614134,-2.04112294878887,-1.50059105222759
501,5695,"s3","m2",-0.0446533283389092,-0.498337904584029,-1.79467422490565,-2.25861237944066,-0.00135432534098982
502,5706,"s3","m2",-0.0921081986117022,-0.44440020543669,-2.25810231004996,-2.00943439554117,-0.148983523236971
503,5712,"s3","m2",0.00726165571867838,-0.515922299126392,-1.91034253194874,-1.98856664452691,-0.101191133017462
504,5726,"s3","m2",-0.0189688638388497,-0.486717479986952,-2.33213169490779,-2.19112474385861,-0.337834679739265
505,5731,"s3","m2",-0.0105412858757265,-0.475997036440524,-2.32546296297473,-2.02627235991899,-0.248731785276519
506,5739,"s3","m2",0.0743610565357073,-0.468378203905461,-1.92530504795725,-2.52895572703651,-1.01222915939316
507,5743,"s3","m2",0.0289996905271529,-0.38532416356084,-1.91399741775454,-2.33186754837593,-1.43154204463943
508,5750,"s3","m2",-0.0502641515890709,-0.505207893121456,-2.43465373479147,-2.03693939299714,-0.338330274726417
509,5780,"s3","m2",-0.0243991769203906,-0.444733883944244,-1.86608913415331,-1.70315050572985,-0.704269431716536
510,5784,"s3","m2",-0.00853659032016338,-0.460038154991448,-2.20728065962046,-2.19750058810664,-0.86285669044629
511,5788,"s3","m2",-0.0255556049497501,-0.538508551981901,-2.16387557301083,-2.39860257239632,-0.693474246906154
512,5790,"s3","m2",0.00501271614607736,-0.463474940944255,-2.28070178930502,-2.40397540900248,-0.949857372101611
513,5814,"s3","m2",0.0677808336824775,-0.467271183910214,-2.19255446498087,-1.74127444805479,-0.820836636862177
514,5815,"s3","m2",-0.0425267528603926,-0.517716482060554,-2.07296713273932,-1.60348776668856,-0.626574686032702
515,5850,"s3","m2",-0.0111350257507153,-0.464295313972198,-1.88117972797217,-2.06912467996289,-1.20946450256165
516,5852,"s3","m2",-0.0717365647592418,-0.533272806074734,-1.86785605204961,-2.1026036466932,-1.07411801359871
517,5869,"s3","m2",-0.051563386315008,-0.435644639272146,-1.96628073525806,-2.29575341698694,-0.530070073024017
518,5883,"s3","m2",-0.0606436455078441,-0.448509907762457,-2.69569771181473,-2.28678504594322,-0.390528692184454
519,5885,"s3","m2",-0.150439370417218,-0.431486223081383,-2.29535259554292,-1.76927078783352,-0.335081395027479
520,5888,"s3","m2",-0.09104975685276,-0.478715340405123,-2.17318660313374,-1.90948249220082,-0.0710382600655188
521,5893,"s3","m2",0.00109064027317831,-0.437800635208309,-2.5941667665458,-2.23133109817149,-0.169531258377987
522,5896,"s3","m2",-0.00685736125045876,-0.535261524212491,-2.29955855447896,-1.89265147963685,0.123659252350711
523,5900,"s3","m2",0.0183879740862353,-0.420429164822149,-2.31605291336252,-2.11228391811228,-1.2398306231772
524,5913,"s3","m2",-0.124666170021537,-0.465166773504061,-2.35231426902259,-1.92434048485424,-0.766717146259879
525,5918,"s3","m2",-0.0239677075321088,-0.359223481984991,-2.00695412743176,-1.99542388218575,-1.32225921117474
526,5923,"s3","m2",-0.00274625196842417,-0.475344193671639,-2.11721511782061,-1.79462780363763,-0.290753281012639
527,5927,"s3","m2",0.00442635783884038,-0.478672983157705,-1.93708278780769,-1.97813141100704,-0.474199396964428
528,5929,"s3","m2",0.0315543254165012,-0.467987389111031,-1.72690719825256,-1.80778367575376,-0.672678066810945
529,5930,"s3","m2",-0.0564318572755287,-0.440616719482193,-2.17227039434516,-1.71119611859815,-1.03359850359986
530,5940,"s3","m2",-0.106591697493901,-0.508877204246096,-2.13076262841141,-2.08728016980538,-0.334988497712162
531,5948,"s3","m2",-0.0181880466351781,-0.512129284690578,-2.17906719363089,-1.97395539428006,-0.494360929296933
532,5954,"s3","m2",-0.0243063280452297,-0.480035182335624,-1.87827216456248,-2.14149755258687,-0.196427356501078
533,5958,"s3","m2",0.0218833440440421,-0.393377221308086,-2.09858110350964,-1.74560621382092,-1.12881695066132
534,6000,"s3","m2",-0.031096062339635,-0.492574551930627,-1.80778412571277,-2.15255913391782,-0.0764282355302379
535,6020,"s3","m2",-0.0268452036239278,-0.458776506077557,-2.10951006470698,-1.9854204324376,-0.34234760833911
536,6029,"s3","m2",-0.0341966170346324,-0.505511082414829,-2.26417265606827,-2.44432488041354,-0.145416530646411
537,6042,"s3","m2",-0.106440542114269,-0.48843280647603,-2.03337152988046,-2.25213312967677,-0.741736769680027
538,6059,"s3","m2",-0.086803875132321,-0.38861415114433,-2.12284355983775,-1.96856391206227,-0.808749221223394
539,6070,"s3","m2",-0.0211231995226078,-0.544755153233314,-1.73048596468576,-2.55741267068327,0.0213033901549388
540,6111,"s3","m2",-0.0966597071796322,-0.498079899675198,-2.33210545045552,-1.88303785283579,-0.673071148408157
541,6112,"s3","m2",-0.0215927142128515,-0.512729166139009,-1.94402838547573,-2.44110274392713,-0.540568959572283
542,6115,"s3","m2",-0.0371208230902804,-0.489306037920695,-2.02987306514913,-2.33980690914616,-0.231292970542313
543,6140,"s3","m2",-0.127041186701267,-0.539965002372296,-2.68497667092448,-2.1256158316633,0.294930263162132
544,6153,"s3","m2",-0.0379227506360295,-0.445323999869429,-2.07258517843989,-2.03192253439771,-1.91392865476204
545,6160,"s3","m2",-0.0458307389754866,-0.470646187848148,-2.41058851324558,-2.53546847574087,-0.73390935570405
546,6168,"s3","m2",0.00833681258827688,-0.509289696687161,-2.450220236493,-2.15528082824744,-0.560802009994801
547,6178,"s3","m2",-0.00262086676703814,-0.45033675783056,-1.74545406316368,-2.07084099928574,-0.649541525368605
548,6181,"s3","m2",-0.00769324775914282,-0.473919768107026,-1.95380097465554,-2.14184043758728,-0.561506474273148
549,6185,"s3","m2",0.0322966319709124,-0.424634239764212,-2.07611117325129,-2.42303174823674,-1.12807529688473
550,6202,"s3","m2",0.00422469731631055,-0.54525056837468,-2.03641352428615,-2.11320202181314,-0.41424703750236
551,6214,"s3","m2",-0.0320975639267333,-0.509914041427761,-2.27920808733778,-1.64112187998827,-0.879459055717492
552,6215,"s3","m2",-0.00370808277412989,-0.488721599165026,-2.43129139761245,-1.92122197784421,-0.654571487831409
553,6220,"s3","m2",-0.0258061075581162,-0.42760204165707,-1.90285702186405,-1.97705621577588,-1.31251177118142
554,6234,"s3","m2",-0.0593052705762628,-0.458284910246634,-2.36777617101441,-2.02824518555625,-0.366469331072541
555,6247,"s3","m2",0.0355138101470832,-0.485764109078527,-2.02938158958203,-2.11338058839526,-0.662520918446004
556,6265,"s3","m2",-0.0627826922310478,-0.472157517453669,-2.14471094753224,-1.81916402120871,-0.674192869939079
557,6267,"s3","m2",-0.0431322470750583,-0.497658973572528,-1.88786948951742,-2.36187923977083,-0.0724307575136026
558,6301,"s3","m2",-0.0512039416768648,-0.566552161548296,-2.43473731907296,-2.16294745542902,0.0114187230016964
559,6307,"s3","m2",-0.0495882697777243,-0.505631856191216,-2.19474478106177,-2.11885158792628,-0.675344946886108
560,6321,"s3","m2",-0.00229905257603875,-0.483389061933067,-1.73464228642395,-2.31228517621158,-0.360397592259832
561,6326,"s3","m2",-0.0498376783125304,-0.459114563541199,-1.92901603175168,-1.69690369781756,-0.786343528777018
562,6347,"s3","m2",-0.0221518083989329,-0.5585867542597,-1.83983618940941,-2.13414097555886,0.0598265474026849
563,6355,"s3","m2",-0.0493398521433973,-0.463994525878642,-2.13712053818097,-2.13002114582877,-1.43233062940063
564,6372,"s3","m2",0.0241629161766778,-0.494469405191911,-2.12969882939735,-1.83042095839334,-0.518396283019026
565,6381,"s3","m2",-0.062280903250265,-0.451620694395682,-2.05467299697276,-1.97632706841997,-0.846873283698309
566,6397,"s3","m2",-0.0688463426251801,-0.417235306608325,-2.18679601346016,-2.13588761544003,-0.78420321223006
567,6420,"s3","m2",-0.0282087760462007,-0.396429310773389,-2.16066720652719,-2.27158065479856,-0.893548055106405
568,6423,"s3","m2",-0.0388579451929345,-0.415088931845402,-2.29609474208787,-2.14452367984801,-1.29605921806758
569,6432,"s3","m2",-0.021977443450145,-0.501686826675468,-2.50734227086301,-2.0297164801043,-0.350876466174326
570,6436,"s3","m2",-0.0414247766943404,-0.45360047286019,-2.48726750365895,-2.00171140471815,-1.00877699190159
571,6438,"s3","m2",-0.0270984953162352,-0.407230534620078,-2.01210601046781,-1.84290086405715,-0.800790075028295
572,6446,"s3","m2",-0.0116402430732085,-0.547880681875567,-1.95150164074812,-2.52461733076003,-0.14397425783735
573,6447,"s3","m2",-0.0060515306716787,-0.412580486685367,-1.88327560010561,-1.99013730198443,-1.29453727971362
574,6479,"s3","m2",-0.0814561103354375,-0.505539775832052,-1.83199558753519,-2.22158253930886,-0.59907315330823
575,6494,"s3","m2",-0.0120069881893019,-0.432719157259107,-2.29799144910194,-1.85955332899152,-0.42180160592562
576,6495,"s3","m2",0.00881488656189014,-0.441962588892128,-2.00255881132374,-2.31782187230186,-0.95520024790986
577,6504,"s3","m2",-0.0875728332803379,-0.408511500780378,-2.29336250294064,-2.44867222114726,-1.41708595483333
578,6555,"s3","m2",-0.141380041398335,-0.528338129391874,-2.4707624994192,-2.36534668417005,0.147294042798807
579,6569,"s3","m2",-0.00206636183530311,-0.42627737658689,-2.08423147029589,-2.31267093182361,-0.739256700909708
580,6580,"s3","m2",0.0142744958650264,-0.4447810721769,-2.38945421254038,-1.92442425282707,0.0726782972762937
581,6599,"s3","m2",0.0728811223134813,-0.462152425629304,-2.05708762183098,-2.08230666139269,-0.237695972760363
582,6601,"s3","m2",0.0243420569486045,-0.442251884056095,-2.15510296864462,-1.87968505147394,-1.10371798788198
583,6602,"s3","m2",-0.00738846413983567,-0.514667880552122,-2.07528816446415,-2.1437749920469,-0.71335006331462
584,6639,"s3","m2",0.000318311702107591,-0.38751838735237,-2.00181459404122,-2.29321846393113,-1.18191214141246
585,6642,"s3","m2",0.0707610697588908,-0.391106035701677,-1.98678671183361,-2.01647243260637,-1.55709482387013
586,6651,"s3","m2",-0.0203738528995491,-0.462635339330142,-2.04438357306324,-1.64492737595586,-0.656018290965714
587,6669,"s3","m2",-0.0136660125322425,-0.398168245065495,-2.35332759449593,-2.04430460879493,-1.21405450017886
588,6686,"s3","m2",-0.0635109007168092,-0.385951780789231,-2.4409460202034,-2.05785015996326,-1.23809933652832
589,6696,"s3","m2",-0.0396143412913827,-0.383507383760622,-2.43769072179813,-1.90027338556782,-1.26888453255069
590,6732,"s3","m2",-0.0216678850586934,-0.410592120338951,-2.05874649734681,-2.04239668864005,-0.64051149727059
591,6736,"s3","m2",-0.0465574027042488,-0.41772565624235,-2.37562727133011,-2.17621599138655,-0.945876413070402
592,6753,"s3","m2",-0.073724293030868,-0.454287167585626,-2.27870466368272,-1.97860654602334,-0.43874736302619
593,6762,"s3","m2",0.0196219823131212,-0.492316637653228,-1.87959277822813,-2.05595025586793,0.162728372100402
594,6765,"s3","m2",-0.0337928937863339,-0.416820183547244,-2.06982919150231,-1.99806839975847,-1.0716569040552
595,6766,"s3","m2",-0.0556699370501852,-0.487174944939571,-2.12464811883791,-1.79241118467674,-0.990951506335347
596,6783,"s3","m2",-0.0325416652833093,-0.442391954965724,-1.81094108718695,-2.25761974116956,-0.454716376277426
597,6794,"s3","m2",-0.0690054837330997,-0.482627844019737,-2.51721468512372,-2.29341293597857,0.0174477463422149
598,6797,"s3","m2",-0.0330905192349606,-0.551817860490797,-1.98835055956817,-2.10566286029952,-0.195880317416152
599,6806,"s3","m2",-0.0392132821739055,-0.528637488130602,-2.0401861959454,-1.91754675482834,-0.117932032647404
600,6812,"s3","m2",-0.00301839920303495,-0.476413912230476,-2.37831487960491,-2.09400939728695,0.0152926229279343
601,6820,"s3","m2",0.0199926748503002,-0.399943793174683,-2.25055141893422,-1.98821801798305,-1.54374686671844
602,6821,"s3","m2",-0.0516857302486381,-0.512955338566019,-2.165826776332,-1.79487393472489,-0.157406877635376
603,6827,"s3","m2",-0.111235768026669,-0.488198473448879,-2.05065722813119,-2.14587334032873,-0.519433951009956
604,6831,"s3","m2",-0.0030414477163777,-0.456077148055478,-2.26706715555224,-1.87029551388197,-0.88945024465695
605,6835,"s3","m2",-0.0318011612577134,-0.415394769342806,-2.10214520317981,-2.39655360501297,-0.607380251731062
606,6838,"s3","m2",0.0862973698748603,-0.495241202045415,-2.25528728227965,-2.51738948525977,-0.663573964626737
607,6867,"s3","m2",0.0861751066134809,-0.469611247135211,-1.62990423552807,-2.1141333673788,-0.827271833281947
608,6876,"s3","m2",-0.0665469851571965,-0.490883542338203,-2.32041354783095,-2.37669261008094,-1.18993090151718
609,6892,"s3","m2",-0.0925958304563732,-0.451994187614664,-2.16303686393979,-2.15478422475558,-1.35098049387137
610,6900,"s3","m2",-0.00763440647307185,-0.472905374147356,-2.20961015437164,-1.99172284240299,-0.398245659178607
611,6911,"s3","m2",-0.0288874943174267,-0.43610435439254,-2.37841907147674,-1.8287937801593,-0.553803323026854
612,6913,"s3","m2",-0.000736243817001941,-0.510373752679809,-2.2014569908191,-2.28796620411921,0.037322535432
613,6917,"s3","m2",-0.0899988741411516,-0.555072646928101,-2.02007122058233,-1.89254045168113,0.127698746731771
614,6932,"s3","m2",0.00941198749470436,-0.460263799490661,-2.10933187007688,-2.19637910518725,-2.12003823764172
615,6934,"s3","m2",0.0112487945856473,-0.410194911359996,-2.17617147189751,-1.86727477322275,-1.3284559121247
616,6951,"s3","m2",-0.0158670403343349,-0.455321827160919,-1.85601146720705,-1.92184044040038,-0.657754545526456
617,6959,"s3","m2",0.00145699472300629,-0.43188850846479,-1.88630765650028,-2.64646727092225,-0.659118043964458
618,6964,"s3","m2",0.0302417329061555,-0.484262937019539,-2.32837859992191,-2.36770809161812,-0.623810432575042
619,6974,"s3","m2",-0.0204572405534015,-0.439734439146509,-1.83701173139762,-2.41840909411079,-1.07343983408945
620,7001,"s3","m2",-0.0534614181259025,-0.551305591316264,-1.74975384528788,-2.04264978591248,-0.320782326634395
621,7002,"s3","m2",-0.0737621643538311,-0.512372037082361,-2.28403772061469,-2.03319875657595,-0.0088280196571428
622,7014,"s3","m2",0.0262101396397961,-0.522088796564458,-2.03506738054741,-2.45751787441776,-0.619243121638996
623,7021,"s3","m2",-0.017186064779764,-0.434393913765612,-2.04833112935731,-1.87611589019134,-0.704536406947753
624,7040,"s3","m2",-0.0126520243380472,-0.556954430992741,-2.43907243023261,-2.48783541494672,-0.410555597744429
625,7043,"s3","m2",-0.0371660983393275,-0.51730018524854,-2.22644435977979,-2.29047166838479,-0.366437388995478
626,7049,"s3","m2",0.042314192262116,-0.467508181929094,-1.86414131016965,-2.11617095618021,-0.361486870723304
627,7051,"s3","m2",-0.0632845992182521,-0.457329901538841,-1.99074767861984,-1.83076628369598,-1.16118726137395
628,7055,"s3","m2",-0.0209074609153577,-0.373125681401451,-1.9806122709765,-2.20579340470047,-1.00233928452631
629,7077,"s3","m2",-0.0748695275079879,-0.463625609979944,-1.89267361083439,-1.57025564827322,-0.928326188306118
630,7123,"s3","m2",-0.0858013797438727,-0.435745732173045,-2.30651950908434,-1.76875245173439,-0.756918619134755
631,7127,"s3","m2",-0.0180630851267985,-0.6071283020252,-2.3342440232285,-2.47090235977674,-0.00990835489956671
632,7128,"s3","m2",0.00206856988708124,-0.481468296720702,-1.98282881575278,-2.21885225821562,-0.66721189001935
633,7152,"s3","m2",-0.0435621256553556,-0.478032599775716,-1.78399311587343,-1.83517489105262,-0.652077722499336
634,7174,"s3","m2",0.040093559977279,-0.423960166532312,-2.06097187824776,-2.04750597239283,-0.575257637640838
635,7175,"s3","m2",-0.0258553406715386,-0.456010259829551,-2.19391229485804,-1.88075475067528,-0.0941511584847134
636,7177,"s3","m2",-0.0758866372794733,-0.496616630976306,-2.1232680474044,-1.87147718782611,-0.423342882061244
637,7184,"s3","m2",-0.0596245940054669,-0.49145572946788,-2.28144506817891,-2.17923257490363,-0.0989937755620853
638,7199,"s3","m2",-0.035864729792551,-0.578323807311206,-2.33059691019003,-2.58752923707857,0.0311867541236674
639,7213,"s3","m2",-0.0229986161549189,-0.468652741478956,-1.99765252801538,-2.43543676046058,-0.185804019363858
640,7248,"s3","m2",0.0319551857551736,-0.460215676182563,-1.88644339140039,-2.25736481629183,-0.80610541347869
641,7249,"s3","m2",0.0298453759109877,-0.421817691833258,-2.15994342221303,-1.63173546624388,-1.0201235257825
642,7279,"s3","m2",-0.0277326287688456,-0.44838812626798,-1.8870345513958,-2.13719924972728,-0.887537444449934
643,7294,"s3","m2",0.00612235082932893,-0.428014336250491,-2.25141745233957,-1.92491935155299,-0.674146195278628
644,7303,"s3","m2",-0.0106380920226642,-0.4126296107031,-2.20882189054376,-1.94900180523864,-1.18913241514328
645,7323,"s3","m2",-0.0459614316737039,-0.394079233503832,-2.36058443978146,-1.97019296793716,-0.833027923367415
646,7329,"s3","m2",-0.00628714260426366,-0.41376880975107,-2.10017350706878,-1.98994144780051,-0.962298768844326
647,7355,"s3","m2",-0.106037498120965,-0.454955424676813,-2.12672571501,-1.818452604728,-0.723670553636605
648,7363,"s3","m2",0.00828280179162251,-0.486633997901668,-2.31455657289572,-1.92271137200224,-0.483889343855573
649,7378,"s3","m2",0.00382374322205897,-0.404814656562019,-2.07953274335565,-1.9696619030554,-1.19642761336423
650,7389,"s3","m2",0.0404833334891905,-0.477248902367964,-1.84993259377816,-1.89620238227687,-1.29839405149252
651,7406,"s3","m2",-0.0755974954448842,-0.542076863125682,-1.94009618866941,-2.42569520624492,-0.132580781406353
652,7407,"s3","m2",-0.0974829681701756,-0.58127763687581,-1.94150753423601,-2.20221863358749,0.548728563487073
653,7408,"s3","m2",0.0068460490114593,-0.437710490013633,-2.04078101330573,-1.88090388325743,-1.42800082885337
654,7443,"s3","m2",0.0486008910177006,-0.475982401236056,-2.06242475334499,-1.99975235374322,-0.696538481947868
655,7452,"s3","m2",0.0145468949759731,-0.420120528682855,-2.10168879021569,-1.73582149394733,-1.17859122756591
656,7469,"s3","m2",-0.0937179427844829,-0.426813161754456,-2.65113205789891,-2.33272869579551,-0.54938408063498
657,7472,"s3","m2",-0.0741659239661964,-0.53787509735587,-2.01930062510214,-2.14177533029383,-0.487997174906157
658,7482,"s3","m2",-0.0474072768819544,-0.452063397867474,-2.18144555052189,-2.21968159448691,-0.767492954908636
659,7488,"s3","m2",0.058817554326119,-0.387609036756442,-2.34962044089519,-2.33911778365539,-1.55452695758519
660,7493,"s3","m2",-0.0406809337941024,-0.520075580732113,-2.08387676397601,-2.49899414013439,-0.0909563434367781
661,7514,"s3","m2",0.0147902515311879,-0.462889274490323,-2.09545954723484,-2.18377780091541,-0.275008654427869
662,7526,"s3","m2",-0.0157206347415649,-0.4593351736598,-1.80080592554731,-2.05553549667383,-0.175413887448894
663,7529,"s3","m2",-0.0404267921055805,-0.435148963326312,-2.13991171827754,-2.54514738792099,-0.553894567460169
664,7531,"s3","m2",-0.084418007272625,-0.492628609287327,-2.42246027971873,-1.97694526497569,-0.177980146013401
665,7536,"s3","m2",-0.025019736477533,-0.492646118476959,-2.44637597368881,-2.15895300020335,-0.682875556827807
666,7546,"s3","m2",-0.0217216634228317,-0.429706070505603,-2.05276740003311,-1.89079205505489,-1.33648197500607
667,7566,"s3","m2",-0.00607126241959295,-0.449839281767402,-2.10203320857768,-1.83484757733482,-1.3150201408629
668,7571,"s3","m2",-0.046706107609717,-0.437739668784574,-2.71462932929683,-2.24755820911977,-0.543181632890415
669,7584,"s3","m2",0.013469725256465,-0.573300475142249,-2.34435485730453,-2.13549733494653,0.105875537785028
670,7630,"s3","m2",-0.0294878116865992,-0.546115060844231,-2.27058097391323,-2.10356189125457,-0.0787122156355567
671,7631,"s3","m2",-0.0643925839399943,-0.505206957828119,-2.21826510707402,-1.94043309027573,-0.044689979268099
672,7633,"s3","m2",0.0127523051796549,-0.524538934003297,-1.98414657638125,-2.35224015811405,-0.122981340374938
673,7645,"s3","m2",0.0352719489744945,-0.408576690295137,-1.89551797014084,-2.53255427939047,-1.40994672960457
674,7655,"s3","m2",0.0068727959340345,-0.437259850874353,-2.16138900654173,-1.85427424224259,-0.807317885776646
675,7656,"s3","m2",0.00848434946205584,-0.442885702198597,-2.37671849418178,-1.95707285310438,0.055280133849222
676,7663,"s3","m2",-0.0644572665607687,-0.51728088928957,-2.51982251695512,-2.3509374690906,-0.413757469325799
677,7668,"s3","m2",-0.1196839305776,-0.54052718044838,-2.20878891111767,-2.03805247242291,0.0514521628573826
678,7672,"s3","m2",-0.139211792176069,-0.471682152470982,-2.04835404534077,-1.82105486631546,-0.441062920198129
679,7673,"s3","m2",-0.0593259852659574,-0.621245074002215,-2.07621214964094,-2.17570827753036,0.0932325650054453
680,7687,"s3","m2",-0.0375879275240579,-0.429323635865007,-1.92666449287888,-2.44939352040523,-0.675884257914372
681,7688,"s3","m2",-0.0210065969033671,-0.460077210647344,-2.14079331984519,-2.2141578948546,-0.819208917108312
682,7689,"s3","m2",-0.086955625791112,-0.440131963943991,-2.12617357536001,-1.89930976762063,-0.859046833308084
683,7690,"s3","m2",-0.0518833964252854,-0.444889146446683,-2.17739794747578,-2.16657298900112,-0.106759094268639
684,7702,"s3","m2",-0.0198987617841055,-0.557433596741248,-2.42477023816791,-1.88105753235796,-0.0311861219883613
685,7718,"s3","m2",-0.0194577062124951,-0.47785842648799,-2.44206202871204,-2.19364022949628,-0.459057699480289
686,7730,"s3","m2",-0.0648895734333434,-0.502665264857386,-2.24564592338836,-2.10694673975286,-0.336675157579284
687,7737,"s3","m2",-0.0154917519145834,-0.481954674827822,-2.10676480199735,-1.94875890337288,-0.751822322469444
688,7751,"s3","m2",0.0687098074836994,-0.446107761374907,-2.28147361596928,-1.87734454896605,-0.784019559843221
689,7752,"s3","m2",-0.0452876481514575,-0.576960654559679,-2.27211452445795,-2.6875326886062,0.490643847063389
690,7769,"s3","m2",-0.0856149208818835,-0.40942932776645,-2.20254977527116,-1.77768329915884,-1.18931373579714
691,7785,"s3","m2",-0.0198556848323195,-0.403961950911522,-2.11064990936695,-1.89342772717408,-0.680246975499595
692,7788,"s3","m2",-0.0807313430571718,-0.466969477848959,-1.85912804894703,-1.90902120622227,-0.578898778850505
693,7791,"s3","m2",0.0032943318863718,-0.429145764800888,-2.0927102249356,-2.15754698496942,-0.663839382004614
694,7806,"s3","m2",-0.01539163667535,-0.357954503121009,-2.36497819690872,-1.89224219381173,-1.11737420797597
695,7812,"s3","m2",-0.0594175457515507,-0.490214329774279,-1.86864593016251,-2.27464962490922,-0.286202755981937
696,7823,"s3","m2",-0.0169507583289559,-0.445674373491267,-2.2218546444539,-2.12374107717189,-0.40219025406504
697,7842,"s3","m2",7.12259475537749e-05,-0.478741444846163,-1.97821905851395,-2.13636914865563,-0.836764377933244
698,7845,"s3","m2",0.00950850844920383,-0.467439853563341,-2.51137202650938,-2.09724164161765,-0.581384560964772
699,7865,"s3","m2",0.0645991220164738,-0.451551803266634,-1.92752297633821,-2.15393754295746,-0.783472256411965
700,7873,"s3","m2",-0.0184081098439988,-0.432218136386468,-1.93921153824272,-2.12345936524002,-1.32535946895806
701,7881,"s3","m2",-0.0329218913422497,-0.43051460599845,-2.50548355806292,-2.11024986258638,-0.347482490698387
702,7883,"s3","m2",-0.0320210054718398,-0.441795936006497,-1.84831344432588,-2.20760563478883,-0.792770971872719
703,7887,"s3","m2",-0.0827058154065111,-0.478929463785186,-2.28032701565651,-2.52851732581584,-0.631928149332468
704,7894,"s3","m2",-0.0483901973076087,-0.497657214175112,-2.12475344688938,-2.01625930154651,-0.866573814858264
705,7913,"s3","m2",-0.0384149357175962,-0.38753787054404,-2.1914996640626,-2.56604332003265,-1.60469694326725
706,7934,"s3","m2",0.0118606115054676,-0.462709886389087,-2.04677919478911,-2.087546872699,-1.01186830614852
707,7947,"s3","m2",-0.0060480961638237,-0.490913153975692,-2.15081551861837,-2.31998493194412,-0.736243721640701
708,7964,"s3","m2",0.0022248493641252,-0.382377407022087,-2.05677295446807,-2.35710027760303,-1.20232849358159
709,7968,"s3","m2",-0.0168476734928404,-0.430796970091605,-2.00961545831368,-1.7576804162059,-0.921381091964975
710,7969,"s3","m2",-0.0411922032414783,-0.486026462433769,-2.53091735441022,-2.17230017597893,-0.235601009703549
711,7972,"s3","m2",-0.00439604115886913,-0.442194055063661,-1.79603424482096,-2.32359312235583,-0.180036300787461
712,7985,"s3","m2",-0.0491458462966793,-0.408067010958713,-2.56362797251916,-1.89562806085668,-1.09355408458526
713,7991,"s3","m2",-0.130684389984799,-0.527455660762142,-2.26983212550569,-1.94950131371931,-0.0200134732326763
714,7993,"s3","m2",-0.0314087174122848,-0.474682951245739,-1.96668732453773,-1.93247647088994,-0.708073452259288
715,7994,"s3","m2",-0.0372125185071113,-0.4592299178509,-2.0132610535317,-1.76628188856827,-0.365037119919399
716,7998,"s3","m2",0.0241023217420419,-0.369219225555302,-1.94587861204814,-2.0152847116781,-1.94098870089157
717,8002,"s3","m2",-0.0316474439756314,-0.447845811311034,-1.89216106324218,-1.90774475890979,-0.604050841149319
718,8020,"s3","m2",-0.0297081309853196,-0.48278220488917,-1.89589560216679,-1.90202517235199,0.419930675439898
719,8023,"s3","m2",-0.00926433598908527,-0.51136134181606,-2.31887894934812,-2.31428602514735,-0.581742783070693
720,8031,"s3","m2",-0.042329504009307,-0.428027290373376,-2.24446232112784,-1.81822159418606,-0.909078214286829
721,8033,"s3","m2",0.00887274081183877,-0.424083992429805,-2.2143470538068,-2.1073461332631,-0.697655173457231
722,8041,"s3","m2",0.00155095214718851,-0.499113574624738,-2.60528062301908,-2.08970948401632,-0.0608553491945168
723,8068,"s3","m2",-0.135775861451945,-0.578723674777057,-2.09761347413032,-1.93683351860937,0.569260062035837
724,8071,"s3","m2",0.00949506099005918,-0.498544820018137,-2.34441844048022,-1.85997875428618,-0.318993873569132
725,8075,"s3","m2",-0.066157657210769,-0.490386486851033,-2.04266770596923,-1.83735862470118,-0.654329550353288
726,8084,"s3","m2",-0.0452590854963258,-0.515562133734568,-1.61594779074714,-1.87330281434885,0.237917692570211
727,8110,"s3","m2",-0.0312744867329618,-0.471520484360173,-2.28968512519849,-1.66188333715397,-0.322033336181129
728,8112,"s3","m2",-0.0587682643688264,-0.478562991547253,-2.24665425343676,-2.29306090598718,-0.00764785155158365
729,8146,"s3","m2",-0.00399059770535226,-0.527243188567769,-2.34088869942677,-2.19147919194734,0.183549728777582
730,8155,"s3","m2",-0.0466089939938033,-0.485551326792627,-2.01075373964325,-2.20656156895724,-0.598688829531584
731,8169,"s3","m2",-0.0766952284654522,-0.570455690255419,-2.16337112437528,-2.3008766880763,0.459764033089203
732,8173,"s3","m2",-0.0934840921155222,-0.484910636496049,-2.18637086355929,-1.88345688235076,-0.0293526794786906
733,8179,"s3","m2",0.017775644576149,-0.514554711345505,-2.32267878339792,-2.34537101564412,-0.411719927631644
734,8195,"s3","m2",-0.00854339643207797,-0.465068315847563,-1.77970161543901,-2.2967598269923,-0.539336256397227
735,8204,"s3","m2",-0.110678226656523,-0.496537351085123,-2.07477530685151,-2.32790337522171,-0.197360552174092
736,8208,"s3","m2",-0.0686553762366162,-0.464550131346406,-2.23600451004875,-1.98848263508248,-0.995353498303465
737,8234,"s3","m2",-0.119060211773267,-0.538218172992084,-2.17875248287459,-2.34510748870369,0.0964391944002403
738,8241,"s3","m2",-0.0159626991523939,-0.473876481472786,-2.46500669846008,-2.18979606719557,-0.518785105711745
739,8245,"s3","m2",0.0100940364169702,-0.382739229247955,-2.15383179428354,-1.97096164902327,-1.03230007255501
740,8250,"s3","m2",0.0738247034271726,-0.432484498352986,-1.91041861680297,-2.102927658184,-1.5760216823433
741,8264,"s3","m2",-0.122159880784704,-0.457841769500389,-2.5660932480642,-1.91730382842651,-0.391770307090508
742,8276,"s3","m2",0.0254704721199794,-0.444555550812609,-1.96941954654016,-2.19203997566916,-0.475873913227131
743,8294,"s3","m2",0.0180386939150119,-0.457381716522004,-2.09739498093616,-1.96394165564534,-0.469810384373286
744,8298,"s3","m2",-0.0208045228791713,-0.482468175474635,-1.97305372995232,-2.58467547027532,-0.0941179535348339
745,8307,"s3","m2",-0.0392110286233603,-0.497315945387255,-2.1959383870009,-2.15503080666343,-0.347732830434392
746,8308,"s3","m2",-0.100014132629179,-0.456803208142704,-2.23901597912236,-1.94110289369459,-0.330382719133909
747,8348,"s3","m2",0.00662518688554669,-0.413842088283463,-2.16491838702843,-2.04647558400227,-1.3833990355208
748,8371,"s3","m2",-0.0729664388078475,-0.380104546927081,-2.14514318234321,-1.76197955445837,-1.19218097202906
749,8382,"s3","m2",-0.0768255272325682,-0.435902231851057,-2.40970641761016,-2.30303995996148,-0.822372642948766
750,8403,"s3","m2",-0.0290537468281953,-0.465084934036354,-2.21868527706029,-2.4002441858752,-0.528385296749271
751,8408,"s3","m2",0.0137140606491113,-0.443032920274875,-2.13312634320592,-1.97282269815305,-0.874610109488801
752,8414,"s3","m2",-0.0177212727948233,-0.544755578781909,-1.82174074715227,-2.39904377129305,-0.697928062128097
753,8474,"s3","m2",-0.0514583762238849,-0.403194860508305,-1.85721400558257,-2.2190713875238,-0.647241866836607
754,8477,"s3","m2",-0.0588857236316788,-0.462699805421173,-1.9628601542895,-1.78843653543225,-1.96417827858689
755,8481,"s3","m2",-0.00143852280059797,-0.46798487261107,-2.26570987525971,-2.27555025703013,-1.10724989474955
756,8486,"s3","m2",-0.0449436492609678,-0.491462841064422,-2.16379989219726,-2.08028984752392,-0.376983219867349
757,8493,"s3","m2",-0.044748164786537,-0.414733856596975,-2.08510607755331,-2.01238364448046,-1.0187326968174
758,8513,"s3","m2",-0.0776303007409871,-0.49324900574832,-2.38064980802421,-2.04148902538787,-0.403028023554096
759,8518,"s3","m2",-0.0368864194625943,-0.395307642599978,-2.53021323783852,-2.08756263895675,-0.518586286310817
760,8526,"s3","m2",-0.033529982519355,-0.507259494878303,-2.28399667481335,-2.01013651914643,-0.153306892655521
761,8575,"s3","m2",-0.0832250492715274,-0.4111447001447,-1.95027361288094,-1.86940992046546,-0.683849391704015
762,8581,"s3","m2",-0.0701261594649265,-0.535404155599937,-2.10260221559997,-2.71071735998024,-0.0867408901906606
763,8586,"s3","m2",-0.0598273226438367,-0.484867453277266,-2.34157885451064,-2.29448009689911,-0.282964556758296
764,8592,"s3","m2",-0.0328521934196946,-0.480586185715299,-2.20827083306232,-2.06199678147529,-0.770040019575728
765,8596,"s3","m2",-0.048219904389834,-0.522890435050658,-2.00213070731944,-2.12438089337629,0.236850729067277
766,8603,"s3","m2",-0.0417664644427208,-0.501956214553861,-1.79106324273875,-2.29590612071102,0.262888448069223
767,8609,"s3","m2",-0.0708743524665931,-0.514888717064923,-2.06013215034133,-2.0670044471847,0.0127754484842348
768,8622,"s3","m2",0.00652426324344947,-0.440629758809903,-1.73835517791898,-2.6865054015544,-1.0096953268231
769,8632,"s3","m2",-0.0336599553528178,-0.374810517634481,-1.95574390402551,-1.90997972990713,-2.04337060597279
770,8648,"s3","m2",-0.0959684223929925,-0.381121767460028,-1.90957520767957,-1.96812483846258,-1.42583753697466
771,8656,"s3","m2",-0.0231520042193441,-0.475630788691133,-2.13836267083267,-2.29833452911445,-0.189760785439443
772,8658,"s3","m2",-0.0756572792645216,-0.48899369976571,-2.08866194367922,-2.09161307330315,-0.157301227686615
773,8704,"s3","m2",0.0292123434651032,-0.421580144319142,-2.06095033978221,-2.23186135482533,-0.963434998493202
774,8727,"s3","m2",-0.0140220486079661,-0.454560083996902,-2.39598157588416,-1.9447149673007,-0.538855963056577
775,8732,"s3","m2",-0.0173465550401793,-0.458829016026979,-2.00525378082826,-2.07882993636914,-0.232657936090475
776,8740,"s3","m2",0.00293557190390348,-0.45187797548924,-1.89855791349985,-1.81153634732792,-1.56953926437218
777,8751,"s3","m2",-0.0526294423071401,-0.420284580104392,-1.98078230769795,-1.91580248892342,-0.8797023821445
778,8764,"s3","m2",-0.0353812635555812,-0.374223111891839,-2.15908006913601,-2.04894214304269,-1.18440044561855
779,8766,"s3","m2",-0.0409579761656799,-0.508186294473299,-1.8534061932331,-2.15546212692035,-0.729448390665145
780,8769,"s3","m2",0.0182056763470507,-0.505309356168232,-1.86100291207108,-1.72694828576393,-0.261596156041631
781,8778,"s3","m2",-0.0509559362187843,-0.493908967485035,-2.04730816825273,-1.99120759052788,-0.620258458794787
782,8779,"s3","m2",-0.0694145693534808,-0.519297522152505,-2.11018468761543,-2.01142651601489,0.0434698714938882
783,8790,"s3","m2",-0.0316152821496864,-0.439120968386802,-2.23311012276992,-1.92176553750626,-0.56732638269081
784,8821,"s3","m2",-0.0826307811869938,-0.501080644611644,-2.44298857701224,-2.21200638378016,-0.15871696640427
785,8828,"s3","m2",0.018185891834106,-0.501743946782818,-2.25776988959493,-2.09906187276048,-0.825127888350331
786,8854,"s3","m2",-0.0503449937350164,-0.485514536762616,-2.24203505881216,-2.36559634860583,-0.37624433888532
787,8860,"s3","m2",-0.0721384329286564,-0.485665346270411,-2.34069710122093,-1.84973273846972,-0.615855461104094
788,8889,"s3","m2",-0.0850094707727854,-0.409372609597525,-2.38797672741926,-1.86345869134933,-0.755700824996075
789,8891,"s3","m2",0.0239179721822297,-0.490306087980925,-2.33470671258773,-2.13982607397903,-0.225214718369626
790,8892,"s3","m2",-0.0101128336622004,-0.477501121580084,-2.40108351051561,-1.89358382450379,-1.69486615198582
791,8906,"s3","m2",0.00700300886490891,-0.522393533017718,-2.22035650474874,-1.97186663153036,-1.44045199185699
792,8907,"s3","m2",-0.0442571160956524,-0.575258298041135,-2.37243116649143,-2.55219935752459,-0.0905246332243358
793,8908,"s3","m2",-0.0098662784302338,-0.499082993498929,-2.37071908906,-1.97298517241854,-0.287447801412857
794,8922,"s3","m2",0.00330017531864572,-0.467648127073602,-1.70521494722102,-2.25324171444446,-0.752913953077998
795,8933,"s3","m2",-0.0318625581065348,-0.492585906378576,-1.87725033807454,-2.19310364140966,-0.732011613833173
796,8954,"s3","m2",0.0265434003272141,-0.460118529906939,-2.34919263212336,-1.95490399934004,-1.31713236742083
797,8968,"s3","m2",-0.0568667051957251,-0.48439526501704,-2.55453874518034,-1.96511520139721,-1.00498724323146
798,8978,"s3","m2",-0.0443646766395865,-0.524202502363085,-2.1667364642158,-1.81422793562847,0.310116402110935
799,8982,"s3","m2",-0.0589145401930222,-0.457056420747462,-2.3458503260686,-1.89211747953227,-0.377451051967591
800,9003,"s3","m2",-0.112079178310137,-0.490944828704425,-2.36461820851813,-1.92068572204023,-0.188690106396416
801,9034,"s3","m2",0.0213364612998655,-0.431222034781272,-2.12046150279721,-1.82822648681648,-0.369338069441152
802,9068,"s3","m2",-0.0409825046407596,-0.454323964275888,-2.55904805075261,-1.96392564905489,-0.714593676907066
803,9071,"s3","m2",-0.039898793102552,-0.402793614601301,-2.00746817042335,-2.25339805402545,-1.21328576357451
804,9078,"s3","m2",0.0431666695836762,-0.402431595259475,-1.89209455344901,-1.77462796734604,-1.24603463108648
805,9079,"s3","m2",-0.0609725628304926,-0.516253318543593,-2.22718000539915,-2.43466966254426,-0.360604833457822
806,9111,"s3","m2",-0.0152525809208656,-0.476800691686387,-2.04262361928572,-1.92231291116985,-1.00005828198659
807,9115,"s3","m2",-0.0604978532851547,-0.462509533652054,-2.638681243003,-2.01054037750563,-0.340918882697038
808,9121,"s3","m2",-0.093179165042762,-0.446986968688483,-1.96479784596824,-1.98920029967614,-0.434141773341841
809,9136,"s3","m2",0.024792681264111,-0.505484273789351,-1.92569865427533,-2.06443927105333,-0.476265914449489
810,9145,"s3","m2",-0.0505374890820497,-0.575596370740822,-1.95256211031685,-2.56283935354894,0.317005790310205
811,9150,"s3","m2",-0.00230696576765684,-0.498766333456266,-1.87558524253516,-2.5149065571463,-0.39499275849004
812,9184,"s3","m2",-0.0327184467293023,-0.444414555672047,-1.95181203018069,-1.80035666239626,-0.779093924099927
813,9185,"s3","m2",0.0461528088659415,-0.46295360067779,-2.13991669002966,-1.7505439885647,-0.482135292937156
814,9198,"s3","m2",0.00871694997365367,-0.41341199545568,-2.15153199474018,-1.96586998189286,-1.45875878554713
815,9206,"s3","m2",-0.0538832139653687,-0.409186917580652,-2.13822133406212,-1.73137241872677,0.00651945888931571
816,9216,"s3","m2",0.000591383115597235,-0.483270661331142,-1.92962994495476,-2.12314170030776,-0.82974583928216
817,9231,"s3","m2",0.00497914839850954,-0.425765897414452,-2.2335557582809,-2.21539324441766,-0.949218112818216
818,9238,"s3","m2",-0.0172235554949681,-0.503817540068979,-2.45344813625874,-2.06869702468941,0.0606573563701876
819,9239,"s3","m2",-0.0699241899411315,-0.495771123480136,-2.13767074074142,-2.36299520949709,-0.779845445581854
820,9252,"s3","m2",-0.10416459180978,-0.513570650463057,-2.15319455134319,-2.32741542159998,-0.192201678384921
821,9263,"s3","m2",-0.0827585824900767,-0.444070593056797,-2.21461477127184,-2.40816041025661,-0.455122094005565
822,9264,"s3","m2",-0.00896051737540338,-0.454788214379276,-2.49916799012089,-2.25673711436798,-0.54883955650225
823,9289,"s3","m2",0.00314496513045143,-0.464857429035993,-2.40287744738216,-2.15845912355314,-0.471675539570868
824,9293,"s3","m2",-0.121423352759834,-0.492405671253048,-2.29835991649688,-2.16739425058962,-0.0507439847709119
825,9294,"s3","m2",0.0501951032559826,-0.462395404938454,-1.99614329024285,-1.79320968570267,-0.962399630188872
826,9295,"s3","m2",-0.0673952407605188,-0.433180628604756,-2.36579030189945,-2.15849136297679,-1.23100817595239
827,9309,"s3","m2",-0.072085367166051,-0.441408643632757,-2.64483600943678,-1.85465352492534,-0.680393038832598
828,9313,"s3","m2",-0.0429246392222771,-0.486631235088323,-2.22958440025617,-2.00219688822929,-0.367301282529284
829,9317,"s3","m2",-0.0282935489643491,-0.459443747579884,-2.23555264595148,-2.29586321361008,-1.08697838548417
830,9318,"s3","m2",-0.066208889560032,-0.51878306803253,-2.31501453704434,-2.00951708687856,-0.0206333258564572
831,9324,"s3","m2",-0.0290901251760297,-0.436677280457009,-1.87008361801043,-1.80229963002751,-0.632827472241237
832,9329,"s3","m2",-0.0823541443696831,-0.443631685438832,-1.8576161295726,-2.15811079721099,-0.873440546372663
833,9330,"s3","m2",-0.0578311401309637,-0.551653607678032,-2.12919994779118,-2.12374934192162,-0.255318571792656
834,9349,"s3","m2",0.0205912692631756,-0.493325279068442,-1.93663360627678,-1.88851055368675,-0.550105345407965
835,9363,"s3","m2",0.0148287793095703,-0.434011931920228,-2.18910932801493,-2.31033872073586,-1.04886185647057
836,9370,"s3","m2",-0.0188035862863144,-0.541416062111006,-2.31350567862797,-1.9972844959289,0.184276479680999
837,9379,"s3","m2",-0.0248746458644191,-0.480712580742941,-2.30842487320661,-1.88662448609338,-0.215393226639597
838,9395,"s3","m2",-0.0639778979730452,-0.458179689285876,-2.13838527289181,-2.03137216413493,-0.301423948351049
839,9410,"s3","m2",-0.134879568401541,-0.517959771754062,-2.44780594656632,-2.41806639057149,-0.805439792650935
840,9427,"s3","m2",-0.0319745952015631,-0.517686086069764,-1.95368078127622,-1.85870651644481,-0.297406330115189
841,9432,"s3","m2",0.0384289261877876,-0.496278232578553,-2.12772908841473,-1.82251627449208,-0.0907899598504805
842,9450,"s3","m2",0.0110129705347108,-0.483826522144318,-1.98639064570831,-2.29278189512452,-0.807416718018858
843,9458,"s3","m2",-0.0816422586648654,-0.570661536259227,-2.09139536772646,-2.65707194766403,0.0920866560318147
844,9463,"s3","m2",-0.0598725065008067,-0.544167388133728,-1.94189376699536,-2.05878614996546,0.159347834479866
845,9476,"s3","m2",-0.0427097178045382,-0.536321410476795,-2.19181873717043,-2.29915363851883,0.128111098457346
846,9502,"s3","m2",0.0219481715205877,-0.39380454812247,-2.33778929185114,-1.97354851539378,-1.37801591052725
847,9503,"s3","m2",0.0483334243174364,-0.495082358040782,-1.92516203350622,-2.37509677395281,-0.643752076795964
848,9520,"s3","m2",-0.0217921714762935,-0.449386993817627,-1.61619531372345,-2.31160679255584,-0.427705234719426
849,9527,"s3","m2",-0.010572467063246,-0.520494289128636,-2.32857591556747,-2.11415127178169,-0.628221350656066
850,9552,"s3","m2",-0.0144500946441946,-0.506866533289232,-2.19557297356359,-2.08924224101218,-0.295610312299913
851,9566,"s3","m2",-0.0344004111124251,-0.512002590671409,-2.14142998973278,-2.27573177487656,-0.368825517499594
852,9579,"s3","m2",-0.0396457404477554,-0.591853011483282,-2.04811586781632,-1.97351375731012,0.087469412399528
853,9604,"s3","m2",-0.0960817435290816,-0.585669471742151,-2.37461594854586,-2.12913609139354,0.0347327057159482
854,9612,"s3","m2",-0.0875287173096609,-0.473269647851134,-2.24664527689978,-2.0700037142856,-1.09021607346798
855,9624,"s3","m2",0.0921287827196324,-0.404650004233766,-1.58383236372812,-2.01043756870293,-1.3455536593337
856,9631,"s3","m2",0.00478530428753799,-0.435489366758678,-2.42242240923528,-1.96160736832572,-1.04291788710784
857,9666,"s3","m2",-0.0698776897405008,-0.508104670698218,-2.31188609812219,-2.24842773456595,-0.55673745981379
858,9687,"s3","m2",-0.109019872991991,-0.481410241550199,-2.45489681598292,-1.96839566395422,-0.433076036862693
859,9691,"s3","m2",0.00927299678004045,-0.451745305576052,-2.17848712018326,-2.00135424278088,-1.34333586383468
860,9692,"s3","m2",0.0584427807156586,-0.443748712618542,-1.73530289483604,-2.00711931491496,-1.23852435971674
861,9714,"s3","m2",-0.0544486415916491,-0.490466063100492,-2.57973834869331,-2.15137492562153,0.0763704502808105
862,9746,"s3","m2",-0.0240940545420447,-0.478120688028702,-2.28575882473523,-1.99790544222637,-0.318548328347725
863,9753,"s3","m2",0.0257869602427814,-0.464370192918489,-1.92142841433028,-2.19300646445227,-0.578911848684821
864,9772,"s3","m2",-0.0570316173242264,-0.461375863694192,-2.21593039262837,-2.0506438082283,-0.619732367856439
865,9773,"s3","m2",-0.104067934499156,-0.445853277583616,-2.10043706499042,-2.10575500538064,-1.33627533567072
866,9774,"s3","m2",-0.0609746828346619,-0.44672843131402,-2.34116781716546,-2.20737879870037,-0.553648742990649
867,9776,"s3","m2",-0.0376556755144917,-0.421890876424382,-2.252910272234,-1.70770997027371,-0.374595347642464
868,9783,"s3","m2",-0.0320384733150422,-0.447456794450821,-2.27622533569854,-1.8568690081623,-0.738431769605451
869,9788,"s3","m2",-0.0248268785584503,-0.542393786664659,-2.00658541144141,-2.01054014122479,-0.0370153113855049
870,9802,"s3","m2",-0.1305541476173,-0.453335890579589,-2.20012582752976,-1.93978124084977,-0.777741110491607
871,9815,"s3","m2",-0.0350660723177657,-0.517252580982354,-1.62772455974631,-1.73189908745469,0.376132467047187
872,9844,"s3","m2",-0.0398138824013756,-0.370786248279209,-2.40297992684028,-1.88305355878295,-1.31088575729679
873,9857,"s3","m2",-0.0402738555279442,-0.49164982453232,-2.30298466155877,-1.97189123650166,-0.213551498371851
874,9878,"s3","m2",-0.0159894010883311,-0.446992940184148,-2.32524692321431,-2.42474713333601,-0.35382257926493
875,9883,"s3","m2",0.0010120536786396,-0.362737000587582,-2.40196185938569,-1.67107103523669,-0.85115357272137
876,9896,"s3","m2",-0.0302381867195431,-0.548425073353875,-2.16598114489246,-2.23854447218808,-0.296393788758744
877,9951,"s3","m2",-0.000976757030362224,-0.460353955367714,-1.97515296035155,-1.90729446175194,-1.13072910316466
878,9953,"s3","m2",-0.0035966352862573,-0.504380901510611,-2.10356353948859,-2.06518726822219,-0.502619938681184
879,9968,"s3","m2",-0.0199581497780701,-0.46635958075855,-2.0785502678232,-2.1497373507307,-0.71918590257814
880,9979,"s3","m2",-0.0247853561620181,-0.50268687709498,-2.34148305968961,-2.29251655054831,-0.588024668319806
881,9993,"s3","m2",0.0474857124664746,-0.46903214687493,-2.16083809939702,-2.01196528423059,-1.14037407255772
882,10013,"s3","m2",0.0267938425003417,-0.521083571072001,-1.843085780567,-2.10916779453675,-0.724391490644942
883,10014,"s3","m2",-0.0435604223728726,-0.580909820731003,-2.34316018100639,-2.52767198989998,0.171323786105622
884,10019,"s3","m2",0.00498649094303045,-0.531093076603206,-2.03613266659747,-1.9050515550645,-0.745845091473267
885,10037,"s3","m2",-0.0585828690964425,-0.470413322112038,-2.22592067821417,-2.68871199148955,-0.0990336128186427
886,10042,"s3","m2",0.0112123159252163,-0.383530653781204,-1.94824926619245,-2.0629183606686,-1.4685992409037
887,10058,"s3","m2",-0.027964164806112,-0.527176604222546,-2.18800535410849,-1.84282348692084,-0.538953857115881
888,10070,"s3","m2",-0.0685832967612503,-0.511303795136418,-2.00583940556731,-1.82191521063831,0.0897832218296877
889,10103,"s3","m2",-0.0777761129326283,-0.481119672951356,-2.05021458995836,-1.97512325710593,-0.233634137638964
890,10118,"s3","m2",-0.00399889808059513,-0.413408229569093,-2.04030176243105,-2.38350873512203,-2.02301419907862
891,10120,"s3","m2",-0.105741998873277,-0.430436315476737,-2.47774797274048,-1.63515043738747,-0.194617451521924
892,10121,"s3","m2",-0.0409314056109085,-0.461024877894846,-1.87575852423165,-2.17706353506525,-0.566567932844415
893,10135,"s3","m2",-0.0065825942094504,-0.4277562539539,-1.94761225848007,-1.84945105487195,-0.891107610138061
894,10153,"s3","m2",-0.0697097009073639,-0.512409665781626,-2.41833097135936,-2.09079618957331,-0.0519282463455329
895,10164,"s3","m2",-0.118418485263965,-0.449180621658956,-2.18561825439783,-2.06705844783098,-0.58508121592321
896,10168,"s3","m2",-0.0183232763896358,-0.552151720640802,-1.7036077347367,-2.54854646003099,0.174667216021778
897,10202,"s3","m2",0.0563295941655019,-0.383991451951615,-2.19118968377661,-2.01914584044575,-1.24991668591234
898,10208,"s3","m2",-0.0688853255312415,-0.487385545538916,-2.1199352459049,-2.09739850827428,0.205328547502244
899,10216,"s3","m2",-0.134398137631305,-0.493073228483318,-2.01876096179979,-2.12482809484659,-0.557185158135046
900,10219,"s3","m2",0.0335989646447306,-0.476222178314707,-1.88647439910763,-2.28799864125666,-0.503598197964354
901,10222,"s3","m2",-0.0795366572729621,-0.440391882474917,-2.09794338321744,-2.13431007128112,-0.734972452103367
902,10251,"s3","m2",-0.0119218580709714,-0.458117578804722,-2.02028536628882,-1.69783270192233,-0.681195189605787
903,10252,"s3","m2",-0.0175738667580282,-0.454207529970574,-1.85428330915909,-1.98195512374291,-0.623499995201683
904,10274,"s3","m2",-0.00138252941753392,-0.504014143919344,-1.94343791714988,-2.45389805733821,-0.445733747139332
905,10289,"s3","m2",-0.0942008988640754,-0.487518634756926,-2.26249474780014,-2.49594352612916,-0.851991398325905
906,10296,"s3","m2",0.000741877760608084,-0.544604502947228,-2.26068086305271,-2.3876981305179,-0.464689619435702
907,10298,"s3","m2",-0.0769062972709793,-0.573496710993939,-2.22095982397891,-1.99561201538679,-0.219149144249405
908,10309,"s3","m2",-0.0359335389243357,-0.527954535021788,-1.96338047620938,-2.34155798533397,-0.282391489213252
909,10311,"s3","m2",-0.0413937464490701,-0.428424049169986,-1.7804698714748,-2.14068128536117,-1.08088224620074
910,10327,"s3","m2",0.029890522063899,-0.404596498891789,-2.19138493084229,-1.57204983332523,-2.2021902297288
911,10328,"s3","m2",0.0469519947044288,-0.479192368049304,-1.95592138045359,-2.18853113782736,-1.24741327833225
912,10329,"s3","m2",0.0110400047394069,-0.493306151348769,-2.59686069127854,-1.89754944269,0.120379923246728
913,10332,"s3","m2",-0.109445840680536,-0.437923609751466,-2.72412231750919,-2.05352621019237,-0.734191877215121
914,10340,"s3","m2",-0.0956464531839256,-0.504826055734942,-2.20232440445585,-2.08768163122234,-0.259073783484608
915,10348,"s3","m2",-0.0272771411021777,-0.556747759341901,-1.90979643242511,-2.05935600161283,-0.289815537142058
916,10360,"s3","m2",-0.046598656251776,-0.519661498966667,-2.15879769556346,-2.07670836988887,-0.212599109191856
917,10361,"s3","m2",0.0320874653797019,-0.412164376035995,-2.34364413398329,-2.03005206493951,-1.30652955479648
918,10373,"s3","m2",0.00682849712508561,-0.537881037814723,-2.18497288261537,-2.13246945957085,-0.386666215711213
919,10397,"s3","m2",-0.0449559953630613,-0.514236600195568,-1.63874043478625,-1.92152617044597,0.0739576064403152
920,10406,"s3","m2",-0.064841253707549,-0.479337964633734,-2.32477676371516,-2.53673393983672,-0.627708894015855
921,10428,"s3","m2",-0.012116996614768,-0.397124057043076,-1.92970587562601,-2.48291733008376,-1.30653395286622
922,10440,"s3","m2",-0.0515965386800214,-0.463727500506136,-1.88085069657751,-2.13372208523439,-1.18255363169245
923,10443,"s3","m2",-0.0350114930837625,-0.538998419593119,-2.72040665518987,-1.65795336882549,-0.647358660885673
924,10449,"s3","m2",-0.0083019502031059,-0.468416287837299,-2.12463020261514,-2.04473589631918,-0.648855641204886
925,10452,"s3","m2",0.00935972323208445,-0.43616989749684,-2.00237732557965,-1.92262105998699,-0.542351451107937
926,10483,"s3","m2",-0.0739309887686659,-0.548178431284934,-2.06220118719076,-2.06839543728619,-0.069189787945212
927,10491,"s3","m2",-0.0389963720890225,-0.451410724288057,-2.1084963101809,-2.43422998668286,-0.520886113849006
928,10494,"s3","m2",-0.0125674762272358,-0.359067796850544,-2.20639258080023,-2.07716671591151,-1.63373781249491
929,10535,"s3","m2",0.0123114544757144,-0.43617744585518,-1.8179097431406,-2.12218054961845,-0.762359380769077
930,10546,"s3","m2",-0.034681610202981,-0.53582459375766,-2.06149283558076,-1.92205265217944,0.0641740776685709
931,10547,"s3","m2",-0.03110160029898,-0.436146772342704,-2.12309611530583,-2.46361284688042,-1.09303658608437
932,10551,"s3","m2",0.00453709636100583,-0.462612544094886,-2.19683332542497,-2.22622703532439,-0.579610556510955
933,10564,"s3","m2",-0.0673166139966635,-0.433972718492267,-2.40584614360148,-2.45764238553068,-0.695631374127467
934,10582,"s3","m2",-0.0213168156495832,-0.431925391044867,-2.30411717064009,-2.17187963722582,-1.62073335853721
935,10593,"s3","m2",-0.0574473924325284,-0.464184749695687,-2.15015892605557,-1.88727622779299,-0.178098773086719
936,10601,"s3","m2",-0.0530707100689053,-0.426030920163895,-2.22221482174041,-2.11891880387906,-0.689398941603759
937,10610,"s3","m2",0.0126830750664914,-0.43033353110566,-2.18171188215621,-1.78938137921117,-1.55889282210785
938,10620,"s3","m2",-0.0497294543068887,-0.444719989811803,-1.86788125813652,-1.86545765548486,-0.698498040408558
939,10637,"s3","m2",0.0241797986010828,-0.470133692756001,-2.23639579472596,-1.92195520181336,0.0588483641133051
940,10638,"s3","m2",-0.049227361041181,-0.438493048595987,-2.14016185580414,-2.24328273981443,-0.610827862721951
941,10641,"s3","m2",-0.022089341799869,-0.480258531581675,-2.122997719051,-2.23678835441046,-0.540138953682153
942,10668,"s3","m2",-0.0581795545365969,-0.507776519476029,-2.37218611824135,-1.95587216645258,-0.129380476566222
943,10704,"s3","m2",-0.0310146967943901,-0.391134967353986,-2.47175077404162,-1.80592612454939,-1.53202821946202
944,10729,"s3","m2",0.0225732099955997,-0.462160903263685,-2.17854495483345,-1.91233972364875,0.244959397788906
945,10733,"s3","m2",-0.13726784943364,-0.49190245293901,-2.25121692200003,-2.22598348445154,-0.198810874263364
946,10735,"s3","m2",0.0335330401210895,-0.370740537756961,-1.8422949644999,-1.90726067351002,-1.57227490937526
947,10742,"s3","m2",-0.0522951838656118,-0.50288568921466,-2.04811815786681,-1.85755226663636,-0.271601527519132
948,10757,"s3","m2",-0.0997235326331319,-0.605182515798948,-2.41600427060148,-1.83856701141944,0.421158423039669
949,10766,"s3","m2",-0.129623277819534,-0.55277051584653,-2.38430812961046,-2.43030634145209,-0.0684012688520142
950,10771,"s3","m2",-0.0378079456329264,-0.451142073260063,-2.09942424271883,-1.79260648968859,-0.201569361889198
951,10804,"s3","m2",-0.041036647268923,-0.424320513702044,-1.99591806260253,-1.81506116078176,-0.681599553992093
952,10808,"s3","m2",0.00907192015252565,-0.454201658567417,-2.40774181737902,-2.17255108282411,-0.637402162867378
953,10830,"s3","m2",-0.0371999998046832,-0.445443578112194,-2.17750039443613,-2.08294044952089,-0.553925239961613
954,10842,"s3","m2",-0.0781597941934067,-0.488157175542163,-2.48844692827212,-1.7690904458284,-0.156917654917304
955,10867,"s3","m2",0.0273464179519045,-0.444786379008871,-2.0720748567325,-2.02796521080402,-1.75205322665058
956,10875,"s3","m2",0.00789462852792879,-0.4605840690091,-2.31894805983179,-2.12744095707945,-0.457543892659461
957,10882,"s3","m2",-0.00587124245726346,-0.431179127613825,-1.91578281932858,-1.72995613475632,-0.889802370825665
958,10885,"s3","m2",-0.0729688705110427,-0.449496323610275,-1.89527973356679,-2.2108771868471,-0.403446749049372
959,10886,"s3","m2",-0.0191156149391271,-0.464770685449727,-1.75383407235002,-1.92546446856197,-0.495653821699301
960,10897,"s3","m2",-0.0249272773641035,-0.426426546856881,-2.39696949296843,-2.21952762261147,-0.653118213803607
961,10913,"s3","m2",0.0685659445927568,-0.402398093529136,-2.26837168454512,-2.20361321344924,-1.59733647392855
962,10926,"s3","m2",-0.00993301716302208,-0.448203261821777,-2.13088933060322,-2.2182832803894,-0.904640121240465
963,10938,"s3","m2",-0.0933878996032657,-0.581200581572174,-2.0263166282768,-1.967018301878,0.136582018043061
964,10941,"s3","m2",0.0331552010525003,-0.403657521257232,-1.74322200319155,-1.74999678049831,-0.964532586620267
965,10946,"s3","m2",-0.0148743030731591,-0.456694285286849,-2.03651697689546,-2.15103856233716,-1.01890625705198
966,10961,"s3","m2",-0.0537205951251047,-0.501115750716722,-2.33990254015998,-2.02724188993466,0.208133374600908
967,10996,"s3","m2",-0.0836135595242479,-0.436737444603597,-2.32455101667258,-2.21956578298494,-0.906842449001759
968,11006,"s3","m2",-0.0232844099194042,-0.432239191757679,-2.09615769987469,-2.08108247416493,-0.852666575108605
969,11024,"s3","m2",-0.0377326956927092,-0.500714481932019,-1.98890172283881,-1.87483002181482,-0.285731891434203
970,11025,"s3","m2",-0.0371385955485813,-0.479637090450542,-1.73968898740641,-2.17730151002748,-0.569300106276016
971,11030,"s3","m2",-0.0237714413692237,-0.457134068897571,-2.56336084737321,-1.96926784812537,-0.948411797463128
972,11043,"s3","m2",0.017705829722823,-0.39154051919596,-1.79777493216894,-1.62183740133433,-0.524209360237889
973,11050,"s3","m2",-0.0197842002556937,-0.435107711152657,-2.4284056395187,-2.01229276949106,-0.933819017043946
974,11059,"s3","m2",-0.0447704377955281,-0.564493661562617,-1.96675476400577,-2.06159313469073,0.448906819487178
975,11075,"s3","m2",-0.0285068693241301,-0.455184747813299,-2.02539865129679,-1.95192090919833,-1.45165279548953
976,11077,"s3","m2",-0.0681720699564901,-0.411767293633111,-2.10471806614021,-1.95669669625483,-0.583556357002954
977,11083,"s3","m2",-0.0145175342412114,-0.455965832693118,-1.91231268247028,-1.82225392350076,-0.0587285108707593
978,11091,"s3","m2",-0.0087185717649377,-0.533988472623852,-1.80006429701299,-2.03968412867324,-0.309351605011698
979,11102,"s3","m2",-0.0660135616939897,-0.459271914989342,-2.04416036326608,-2.03340796719402,-0.847891620556131
980,11115,"s3","m2",0.0615085830133164,-0.478726330745348,-2.17718010104386,-2.39608987659175,-0.893293617532558
981,11129,"s3","m2",0.00487258915371045,-0.502263314691698,-2.22967888915697,-1.9759682511643,-0.756604275583019
982,11134,"s3","m2",0.0374625005897651,-0.562905952955597,-1.83559469477141,-2.39342108757458,0.058595734806004
983,11137,"s3","m2",-0.0400164708808858,-0.481706396655083,-2.35495597065382,-2.68250494685766,-0.683662133967157
984,11165,"s3","m2",-0.0403625067206818,-0.470865021912623,-2.23198449539455,-2.22844762549332,-0.475666972653465
985,11170,"s3","m2",-0.0129831480424567,-0.445937081539791,-1.96945936310887,-2.07000456940944,-0.983858406183776
986,11184,"s3","m2",0.0758302155908078,-0.420502151454112,-2.08671887102582,-2.20600651386892,-2.15143748145819
987,11211,"s3","m2",-0.0145489236232247,-0.458371933327683,-2.10810210189883,-1.79407470264084,-0.810801628860673
988,11280,"s3","m2",-0.0466623255799686,-0.400183504029807,-1.89158149564321,-1.95395957074347,-0.828138572156158
989,11285,"s3","m2",-0.0317252776457096,-0.434154519698388,-2.34216438625296,-1.7881133171451,-0.651940919415035
990,11318,"s3","m2",-0.0794274351624826,-0.555257141303001,-2.0529282702848,-2.12424945596351,-0.126816896123546
991,11320,"s3","m2",0.0298014158705271,-0.462135820097305,-1.98113742392146,-1.95877593021336,-0.210890547810136
992,11342,"s3","m2",-0.00833659758476847,-0.553072940364655,-1.8695745124852,-1.70308773434185,0.227538296412373
993,11347,"s3","m2",-0.0468881257173813,-0.380608051771555,-2.3169206044822,-1.7308229053022,-0.984727415911276
994,11371,"s3","m2",-0.0440553771645764,-0.422032532977976,-2.30662375922441,-2.42949222351351,-0.680004201597231
995,11394,"s3","m2",-0.0934742493405475,-0.462957964949619,-2.32048187669224,-2.03226686334329,-0.664346701134786
996,11400,"s3","m2",-0.0790510810162438,-0.546150787008122,-2.4590156668269,-2.21290585035382,0.0337170645190348
997,11409,"s3","m2",-0.0708512981830688,-0.432135150233072,-2.13874332210966,-2.10551473711565,-0.92721663670728
998,11411,"s3","m2",-0.0598409007228125,-0.423423934101866,-1.86884799005302,-2.307546495544,-0.282012234587543
999,11438,"s3","m2",-0.0604201412044684,-0.461595409907456,-2.15418844966836,-1.89216070511597,-0.91054529952899
1000,11454,"s3","m2",-0.0501641454243725,-0.593823673326679,-1.78843072914075,-1.94653479774579,-0.114095479504025
1001,11458,"s3","m2",-0.0678356992041495,-0.486960643290518,-2.46872229366138,-2.45251918067823,-0.0621278878349211
1002,11468,"s3","m2",-0.0506537701858348,-0.557513216548788,-2.04267887959943,-2.11379889228397,0.18578070968497
1003,11493,"s3","m2",-0.0333056117019257,-0.459421422414638,-1.84747377934973,-2.10310078412711,-0.806874049088853
1004,11531,"s3","m2",-0.0774384753696198,-0.493208993301577,-2.07659155548368,-2.2216264948595,-0.120952828995883
1005,11536,"s3","m2",-0.000938215819174077,-0.460620101491549,-2.07198804297733,-2.37562499846644,-0.837563382981322
1006,11560,"s3","m2",-0.0217920869116136,-0.515827337339654,-2.35127580032275,-1.97595805902306,-1.09686681750073
1007,11568,"s3","m2",0.00970741070371732,-0.416085204963243,-1.94300191821126,-2.09323438741924,-0.165427770846079
1008,11574,"s3","m2",-0.0390493808411481,-0.446663639124402,-2.14018380704285,-2.01215778451907,-0.805823134809424
1009,11587,"s3","m2",-0.0814641569583932,-0.513874131255021,-2.086410754338,-2.29771797924241,0.0628882683181917
1010,11604,"s3","m2",-0.0974998250133167,-0.449017759121793,-2.00639648976057,-2.33668766744501,-0.337252354808089
1011,11610,"s3","m2",0.0509434320364266,-0.44038106436112,-2.43409208392935,-1.97674867174882,-1.6976628959754
1012,11614,"s3","m2",-0.050827097886835,-0.477607485405248,-2.2057480664315,-2.05239754785034,-0.714043755922209
1013,11633,"s3","m2",0.0111615864609291,-0.488938951563038,-2.10508277964747,-2.25329537704798,-0.250514817996749
1014,11642,"s3","m2",0.000127995816340366,-0.402217398283657,-1.87305104561352,-2.28630025517576,-1.23074333258573
1015,11658,"s3","m2",-0.0258073038426828,-0.419499350347695,-2.59533568654137,-2.1856541969968,-1.09724193640094
1016,11662,"s3","m2",0.0155460409680528,-0.449405427263705,-2.4215183172685,-1.78535388929981,-0.580294165018324
1017,11671,"s3","m2",-0.0270134045795237,-0.437920623793102,-1.97932150485041,-1.90357645729325,-0.893642954102931
1018,11672,"s3","m2",0.00599884636565019,-0.459702136735651,-1.73969825139452,-1.91666863169987,-0.863701920469216
1019,11682,"s3","m2",-0.0809143388547664,-0.434245264546155,-2.19233272229287,-1.96902224445412,-0.949836151659827
1020,11690,"s3","m2",-0.076403160457098,-0.55862787859311,-2.02952372448808,-1.96639897762434,0.38873814372904
1021,11705,"s3","m2",0.0115028641607151,-0.475104412636811,-2.49463243840789,-1.93684516154106,-0.422843579329833
1022,11719,"s3","m2",-0.114804989399279,-0.480690122072319,-2.17229002674501,-2.0732214330907,-1.20500156670064
1023,11724,"s3","m2",-0.0903351758580404,-0.464595098484133,-2.25263908118197,-2.33881110063803,-0.736317812000742
1024,11777,"s3","m2",0.0191886713983384,-0.522281284528218,-1.92399172201641,-2.39402050495205,-0.334140789909176
1025,11788,"s3","m2",-0.0487685879646463,-0.496874909057017,-2.8234777384263,-2.16553909906135,0.0752971059577729
1026,11790,"s3","m2",-0.0227335200955172,-0.415652086768799,-1.73379424040069,-2.16246711399994,-0.50575020276584
1027,11794,"s3","m2",-0.00743028233511037,-0.443120266864723,-2.14690484901424,-1.98864223668413,-0.286198763050334
1028,11817,"s3","m2",-0.0173040713676935,-0.479997278952693,-2.33340825474078,-1.86075297624925,-0.603877452114066
1029,11847,"s3","m2",0.0132446541564099,-0.47722196882203,-1.93486481233637,-2.19311652868952,-1.35160252940149
1030,11861,"s3","m2",-0.0414879319783052,-0.417393770883495,-2.07751483667586,-1.91161562225894,-1.18777955771088
1031,11892,"s3","m2",-0.0176285214004626,-0.4310749070419,-1.70806454371163,-1.52430425752972,-0.23765351462135
1032,11912,"s3","m2",-0.0444500979052987,-0.409768820911192,-2.40886813397231,-2.06405577703189,-0.387832900851836
1033,11920,"s3","m2",-0.0645618431328189,-0.475058905864355,-2.45925854122353,-2.27622930236613,-0.305794158726434
1034,11921,"s3","m2",-0.0558586954733571,-0.497743736600093,-2.34543358928458,-1.99959087621812,-0.575698282998817
1035,11923,"s3","m2",-0.01910381190865,-0.511894009354959,-2.08397942362668,-2.0249263725903,-0.882952583293609
1036,11924,"s3","m2",0.0354140895453184,-0.427439316036975,-2.20695757896915,-2.070323356604,-1.45706934196455
1037,11926,"s3","m2",0.00864462713115838,-0.448336902095002,-2.14603491222273,-2.60204251020844,-0.733828540389857
1038,11932,"s3","m2",-0.0988212059545464,-0.516250829365074,-2.40647749724649,-1.99368461936237,0.0800107212839651
1039,11939,"s3","m2",-0.10200547731542,-0.491744389906757,-2.33200816743401,-2.24026737323284,-0.0239039840221747
1040,11945,"s3","m2",-0.0396830779007429,-0.427046023871369,-2.05435256687791,-1.9764718170008,-0.219985067189017
1041,11949,"s3","m2",-0.0111670578548089,-0.523962632970753,-2.01230407411034,-2.24556759947306,-1.01573541251258
1042,11954,"s3","m2",-0.024132002293653,-0.500526638308254,-2.08494777386429,-2.37594498285115,-0.169452695092716
1043,11973,"s3","m2",-0.0862875782720185,-0.460954031726737,-1.94254154462429,-1.88719363669709,-0.0820158966817898
1044,11984,"s3","m2",-0.0248185880729675,-0.495836223099967,-1.77900366937485,-1.94940104032815,-0.522974374442561
1045,11985,"s3","m2",0.0317569950273741,-0.500419595649673,-1.97535373973,-2.13339050989743,-0.521093510173226
1046,11991,"s3","m2",-0.0622672240700092,-0.455210689335134,-1.87907447042413,-2.16389513986639,-0.0157063622513553
1047,12001,"s3","m2",-0.109921011399745,-0.491179373521568,-2.26830788932919,-2.12038269647924,-0.0806590077630815
1048,12021,"s3","m2",-0.056683505443002,-0.524909441509287,-2.35460451216093,-2.42200850673503,0.0307102083509738
1049,12039,"s3","m2",0.00167282023824051,-0.414195092774489,-2.26354444134907,-2.07834684554613,-0.131204410461611
1050,12045,"s3","m2",0.00781819360860118,-0.390649414332714,-2.09816687080655,-2.17510889256493,-0.683261507707753
1051,12054,"s3","m2",-0.052912558954104,-0.477012419109269,-2.10848829809543,-2.61111839714618,-0.304292222255939
1052,12077,"s3","m2",0.0125318284380758,-0.470914128257756,-1.82252948475223,-2.07638742027904,-0.5470276733859
1053,12081,"s3","m2",-0.038697439820229,-0.395981843780845,-1.80950847346327,-2.01870564864993,-0.573308215206442
1054,12083,"s3","m2",-0.0642376820526051,-0.407002208799151,-2.2517062533803,-2.22497006402271,-0.95763621285361
1055,12100,"s3","m2",-0.0598654103361015,-0.399275656872424,-2.02598881401186,-2.29914129364842,-0.519677297405035
1056,12125,"s3","m2",-0.0159449989986141,-0.481917273397314,-2.38662680893297,-2.57706768911583,-1.35372797332222
1057,12140,"s3","m2",-0.0809193549934216,-0.450063202220129,-2.1539084950157,-2.04535391075334,-0.695824512698847
1058,12150,"s3","m2",-0.0368427522067384,-0.461799586959774,-2.16784584662434,-2.1808441068307,-0.75466330747646
1059,12162,"s3","m2",0.0145884104311982,-0.469071522142569,-1.84078423255787,-1.84587977567648,-1.718082210894
1060,12178,"s3","m2",0.0367743636529249,-0.434641299880979,-2.09064559127277,-2.22533222374236,-0.979461373506935
1061,12209,"s3","m2",-0.0234369158471473,-0.487122080617469,-2.1723526759726,-2.35838730641298,-0.555697949701357
1062,12224,"s3","m2",0.00335976426342827,-0.549529781535818,-2.046524618664,-2.41335360276339,-0.0417379182104714
1063,12240,"s3","m2",-0.0376150994689713,-0.45671253664532,-1.84065268924678,-2.11169290554541,-0.702203354243664
1064,12243,"s3","m2",0.0195765232014374,-0.483869161117059,-1.90529859444336,-1.76670198203734,-1.18756226773728
1065,12254,"s3","m2",-0.046010466340328,-0.454201958351236,-1.78304521597258,-1.95800966557337,-0.287723844540525
1066,12264,"s3","m2",-0.12504501037132,-0.492742258437167,-2.09289870092925,-2.26371584630924,-0.161487065731262
1067,12279,"s3","m2",0.0153024651208319,-0.379486017059593,-2.14036736029214,-2.32342190285709,-1.28183087631554
1068,12302,"s3","m2",0.0122264367879646,-0.501313015366092,-2.14653662492269,-2.25905669582722,-0.2767850439194
1069,12303,"s3","m2",-0.0279892961050549,-0.464050774894829,-1.98197640633756,-2.3982641762212,-0.652318592330819
1070,12334,"s3","m2",-0.0390740595887951,-0.537112712305276,-2.35719659245965,-2.05004863552207,0.0413621084088858
1071,12347,"s3","m2",0.0667377984476236,-0.460121687765112,-1.84671240795087,-2.01394012376262,-1.23619965224509
1072,12355,"s3","m2",0.00341857833744628,-0.47610617723512,-1.96771901843798,-1.82337817981368,-0.680653095367638
1073,12360,"s3","m2",-0.0820038177631,-0.499037298944451,-2.3130718461919,-2.10671051256264,-0.467676075095017
1074,12380,"s3","m2",-0.0549771008877044,-0.421997684496242,-2.27340310600662,-2.08914263992961,-0.580879336037464
1075,12396,"s3","m2",-0.0359740781355456,-0.438970135878165,-2.23340182539308,-1.74278306594301,-0.0955863607019336
1076,12405,"s3","m2",-0.0517951895391144,-0.500622581432521,-2.09199519971338,-1.86260766766103,-0.396327503886296
1077,12423,"s3","m2",0.0204395734182008,-0.512676053943345,-2.33615553804472,-1.71982697024465,-0.288617198055774
1078,12428,"s3","m2",-0.0616105919979711,-0.372274541928614,-2.13960023574033,-1.76481898018702,-1.31901806557656
1079,12441,"s3","m2",-0.0510314730134857,-0.479198782630099,-2.07982007474043,-2.09999947233919,-0.517850490924408
1080,12456,"s3","m2",-0.0273706432755688,-0.530373238365246,-1.82618001679013,-2.81896442866909,0.00527457574837016
1081,12457,"s3","m2",-0.0971589361720433,-0.579377946047303,-2.16135557956392,-2.33810097997235,-0.537872579344972
1082,12458,"s3","m2",-0.0380683096472126,-0.508719619819117,-2.36464676453802,-2.35932610948434,-0.163954277380958
1083,12466,"s3","m2",-0.0688234718537995,-0.379093072474665,-1.90110253926262,-2.48938122408974,-1.36560243447392
1084,12477,"s3","m2",-0.0442296415083601,-0.480434738695758,-1.89406519880398,-1.99101288418945,-0.0371593307214792
1085,12482,"s3","m2",-0.105018886110852,-0.460682241060116,-2.19559721603999,-1.76927027750576,-0.421812071479832
1086,12484,"s3","m2",-0.0279121241085826,-0.493270437029171,-2.32664105783746,-2.0159165384837,-1.21505432090598
1087,12501,"s3","m2",-0.0759194482011459,-0.558501171582434,-2.27543032836151,-2.49857684043779,-0.0554754191219538
1088,12511,"s3","m2",0.0470524767431817,-0.434262873312692,-2.53157744445996,-2.30407137468629,-1.03502867184383
1089,12514,"s3","m2",-0.130645337897536,-0.485378114836237,-1.66971923063809,-2.43520546183939,-0.297816344626163
1090,12519,"s3","m2",0.0142954570143581,-0.422196360757997,-2.13378070283396,-1.8493547071783,-1.53376534543445
1091,12529,"s3","m2",-0.0335193054456803,-0.444161819712294,-1.94402942293208,-2.24484985259348,-0.403140157358643
1092,12533,"s3","m2",-0.0702724600443567,-0.472289914509382,-2.44930447147325,-2.00378396973845,-0.432009839990874
1093,12553,"s3","m2",0.00282377022620445,-0.469920231268478,-2.03855024704193,-2.22977278583103,-0.455724281049916
1094,12560,"s3","m2",-0.0829094834932127,-0.535431503628605,-2.10061914755668,-2.13328673040983,0.316296845673619
1095,12567,"s3","m2",-0.0279221097553572,-0.389609074513785,-1.94320561987675,-2.41899028103073,-1.94262599976931
1096,12572,"s3","m2",-0.022901076678091,-0.478650677556981,-1.85105261429694,-2.06015103656519,-0.27557390461774
1097,12579,"s3","m2",-0.0942945030595133,-0.54093743019231,-2.31153027712327,-2.23664635608539,-0.0490967568128569
1098,12582,"s3","m2",-0.148459014913752,-0.587599861462765,-2.4257672324461,-2.13645836045895,0.163836953398606
1099,12584,"s3","m2",-0.0141493569236542,-0.467408554648302,-2.09328583607999,-2.15131072165903,-0.105444920202061
1100,12589,"s3","m2",0.0054971138985899,-0.469545453606147,-1.84599024246037,-2.20301296657851,-0.409102462990544
1101,12615,"s3","m2",-0.0387377400657195,-0.535412860510006,-2.22916206093635,-2.0719421435722,-0.978917526411606
1102,12616,"s3","m2",-0.0475232363511884,-0.426768331457081,-2.4980757452905,-2.67167081238928,-1.54516878986326
1103,12631,"s3","m2",0.0110642039278005,-0.495939030428998,-1.78821573521921,-2.322566244807,-0.755962448482481
1104,12637,"s3","m2",0.016520483913837,-0.454790198656264,-2.16005101890732,-2.26121862985172,-0.781362428121469
1105,12654,"s3","m2",-0.0636294896264834,-0.521284441559503,-2.90124506978327,-2.19220663422837,0.0129178599283317
1106,12657,"s3","m2",-0.0438290452440016,-0.499875214837931,-2.1626890782923,-2.20913244782851,-0.194338693608238
1107,12658,"s3","m2",-0.0970338060030135,-0.504277750151737,-2.60202219833383,-2.38256958885533,0.0735757597615698
1108,12691,"s3","m2",-0.0530359681626122,-0.575730606252226,-2.31584788794124,-2.19380859456361,0.119655615858735
1109,12692,"s3","m2",0.0539319055760129,-0.451340241773618,-1.96685857644122,-1.88232145218417,-1.11993050686341
1110,12710,"s3","m2",0.0341703032761777,-0.469692084158147,-1.4935997690103,-2.22338580496167,-0.577558444460983
1111,12718,"s3","m2",-0.0911864855326245,-0.495709988765259,-2.37245131474606,-1.76845493789518,-0.475085008516619
1112,12725,"s3","m2",-0.0298878679759495,-0.522594204694347,-1.99259489413018,-2.38613767165441,-0.643714962464424
1113,12728,"s3","m2",-0.0957137209205315,-0.438057790465491,-2.27411849792797,-1.99167074343028,-0.357624223107363
1114,12736,"s3","m2",-0.0162214679336662,-0.435089988572456,-2.26927680904429,-2.04686692846168,-0.681773675179825
1115,12738,"s3","m2",-0.000485092118885831,-0.475688115468113,-1.89176531287771,-2.09484557082067,-0.569801150343527
1116,12743,"s3","m2",-0.0212829926034801,-0.461731704586616,-2.33995572931442,-2.17764006857368,-0.708270101898831
1117,12763,"s3","m2",-0.0618892982078364,-0.474531814907599,-2.38791918815035,-1.95526497038786,0.0284274734921797
1118,12764,"s3","m2",-0.111567003678361,-0.458578203811332,-2.60738113081551,-2.23895084335295,-0.280898863727766
1119,12785,"s3","m2",-0.00533764517093884,-0.477035945063054,-1.77030216052187,-1.99466949446774,-0.884284179021895
1120,12790,"s3","m2",-0.0567146953967578,-0.427125401293845,-2.31284097524527,-2.29594720313488,-1.64660300671874
1121,12794,"s3","m2",-0.0354391250355847,-0.443217103214935,-1.93878026146447,-2.23926880053867,-0.382311778515769
1122,12799,"s3","m2",0.0542091904679588,-0.551806733383144,-1.74678533613179,-2.26834456360777,-0.411159715387015
1123,12803,"s3","m2",-0.022079297419717,-0.37864036243389,-2.40853955065531,-1.93755984102161,-0.662605676868952
1124,12812,"s3","m2",0.00869470321790373,-0.489618193771673,-2.28071176114252,-2.37553069736639,-0.171561728847967
1125,12814,"s3","m2",-0.0515389648151921,-0.357994065343834,-2.27742904153591,-1.85029140552985,-2.03509309591823
1126,12821,"s3","m2",-0.0515020642774337,-0.484578590446228,-2.41970476009088,-2.23699493602564,0.233136639337614
1127,12865,"s3","m2",-0.0390242932524395,-0.432736330900196,-2.04470702272844,-2.2881932036667,-0.915991812407451
1128,12878,"s3","m2",-0.0109981078580589,-0.390142701991364,-2.15898954352,-1.93393831576098,-0.919723587410992
1129,12881,"s3","m2",-0.0878436053323202,-0.436350540143089,-2.15084219051115,-2.31197045864239,-0.681490329688457
1130,12883,"s3","m2",-0.00547954553827994,-0.415265999310643,-2.29380303561546,-2.08691077879089,-0.753116929086432
1131,12903,"s3","m2",-0.00515357848906788,-0.467615427054091,-1.91893237151709,-2.15399303584247,-0.639687935435375
1132,12909,"s3","m2",0.0593167132182051,-0.515249317313735,-2.26543480351903,-2.05273910732307,-0.570248294651731
1133,12912,"s3","m2",-0.153501702413077,-0.483837988517059,-2.19831931466104,-2.12173949640736,-0.794161491614073
1134,12919,"s3","m2",0.00194239395641718,-0.517097949051207,-2.34343226303203,-2.07293140927436,-0.4581269739407
1135,12921,"s3","m2",-0.00778870568529843,-0.368000440502051,-2.34457541317929,-1.90575950983792,-0.991087598501447
1136,12923,"s3","m2",0.018970994615154,-0.445142774511787,-1.97371768683673,-2.34415725551428,-0.698620825845586
1137,12925,"s3","m2",-0.0983549723583911,-0.542437385992154,-2.10453806011412,-2.13497984252631,-0.992464704266147
1138,12943,"s3","m2",-0.0360613592506509,-0.48138588677384,-2.04966006099939,-1.66200066338627,-1.22243568790659
1139,12952,"s3","m2",-0.0843332545624473,-0.501043728012402,-2.14306216842233,-1.85160677837749,0.0797296896401835
1140,12973,"s3","m2",-0.0588290150083747,-0.449814242288292,-2.15479479400896,-2.19372474190529,-0.784404160944449
1141,12988,"s3","m2",-0.0633036382727565,-0.471845717239729,-2.13930268725955,-1.80378678038635,-0.397813153809239
1142,12997,"s3","m2",-0.0237671160027166,-0.540522747276592,-2.29863957482401,-2.27766568662268,-0.718066388043465
1143,13011,"s3","m2",0.00514763719591956,-0.489887617118906,-2.15831133060769,-2.4905080907642,-0.423238904086735
1144,13041,"s3","m2",-0.0538866841543525,-0.387517966213529,-2.44971820699114,-2.14785079408886,-1.02964555080121
1145,13058,"s3","m2",-0.0160033551938297,-0.50961145395392,-2.23253145828498,-2.00440003640061,-0.838783064280229
1146,13063,"s3","m2",-0.0974595569322301,-0.528537044688634,-2.11494003339029,-2.11501742000547,-0.478933973536662
1147,13106,"s3","m2",-0.070629693905661,-0.44370284987436,-1.92734488049464,-1.82784505536652,-0.88203525093192
1148,13111,"s3","m2",-0.0402425043731151,-0.489820426093162,-1.93680583482448,-2.0305895072237,-0.510225638366072
1149,13132,"s3","m2",0.0114307635017148,-0.436093977315517,-1.88971092077153,-2.16126413224807,-0.719605864526038
1150,13134,"s3","m2",0.0395595986109361,-0.38851146364704,-2.53291710237001,-2.54359135900986,-2.09753405438078
1151,13138,"s3","m2",-0.0409953148294589,-0.419350180015264,-2.12155175030591,-1.97816427460563,-0.710339060650464
1152,13169,"s3","m2",-0.0456777859730942,-0.390437993068931,-2.2203873205365,-2.0988655389739,-0.619290608657847
1153,13192,"s3","m2",-0.136218060571003,-0.490267203573794,-2.02914692727964,-2.26702358989915,-0.676394489285454
1154,13217,"s3","m2",-0.0457973073886907,-0.439914338419854,-2.10815959764085,-2.18179491170744,-0.796012287448925
1155,13221,"s3","m2",-0.0550235443955,-0.465504187509192,-2.32331096251322,-2.52438153203944,-0.427542580055182
1156,13231,"s3","m2",-0.0422733034828533,-0.439261299910032,-2.23178771606816,-2.4894135302134,-0.138980666203794
1157,13237,"s3","m2",-0.0708879409681583,-0.41086469780176,-1.92908188599393,-2.07928719372522,-0.0981057397878754
1158,13239,"s3","m2",-0.0487814416685489,-0.438540720433439,-1.95679423701603,-2.08596044265534,-0.421040705747248
1159,13240,"s3","m2",-0.0223435143049145,-0.465095656931042,-1.86450285822348,-1.88916425658006,-0.443008018963194
1160,13242,"s3","m2",-0.0724486229475106,-0.499199929577618,-2.44672230891011,-2.49048431601594,-0.360431650428967
1161,13262,"s3","m2",0.000528264220708241,-0.541206832416148,-2.15479768527091,-1.99948641908233,-0.26532658145655
1162,13285,"s3","m2",-0.0935357828737029,-0.511878239313319,-1.87685016866499,-2.31065036238018,-0.124693030469429
1163,13291,"s3","m2",-0.0829504332306236,-0.524472021853482,-2.27486086334302,-2.23238804283046,-0.581571763706954
1164,13295,"s3","m2",-0.137214261727682,-0.498396601928328,-2.07904246831018,-2.00003220934067,-0.494403014376274
1165,13296,"s3","m2",-0.0447664310614088,-0.4642819399826,-2.32095093070572,-2.45089949838639,-0.872681423104625
1166,13297,"s3","m2",-0.0127662834449637,-0.419028219053599,-1.91465684186073,-1.63841985411029,-0.643218862994812
1167,13328,"s3","m2",-0.0239928206181962,-0.512996762704634,-2.02062574222877,-2.46236084826471,-0.363147476532307
1168,13349,"s3","m2",-0.0293230193924394,-0.553164576706984,-2.09709107727506,-2.06514420976659,0.0198674251160557
1169,13379,"s3","m2",-0.104885183581296,-0.50083726533583,-2.54062671533375,-1.90946738047138,-0.330275611841646
1170,13385,"s3","m2",-0.120293243632176,-0.477218904284598,-2.78056958519307,-1.73891401921872,-0.60376872077496
1171,13393,"s3","m2",-0.106184060060816,-0.517941098962975,-1.90648919969204,-1.94124155441937,-0.590984102108854
1172,13399,"s3","m2",-0.100052174677306,-0.516394514503538,-2.16134360550643,-2.14754780047913,0.432880098521712
1173,13400,"s3","m2",-0.0655949115802808,-0.483741687824404,-2.67929907348975,-1.91512759691118,-0.202039498065821
1174,13402,"s3","m2",0.02779091765318,-0.546507540842713,-2.01021624671357,-2.30112683867682,-0.0799548582573972
1175,13407,"s3","m2",-0.0308950659440116,-0.529156704725013,-2.38116342172563,-2.12137139525938,-0.302224913523795
1176,13417,"s3","m2",0.0551416404452887,-0.483848898022394,-1.98036029789619,-2.70255894111602,-0.365770727423401
1177,13418,"s3","m2",-0.00356424988126771,-0.460786819702007,-2.04100670772463,-2.20774868977417,-0.861771644771177
1178,13424,"s3","m2",-0.0266488900932507,-0.407229779661253,-1.8703046207447,-2.12967060258891,-0.609263469075541
1179,13446,"s3","m2",-0.00673348502381042,-0.530592906212877,-1.99129345728246,-2.23081444905126,-0.556590802684549
1180,13471,"s3","m2",0.0150768281692698,-0.479096268257955,-2.09400277431926,-1.92100923880745,-0.604894175747486
1181,13477,"s3","m2",0.0112611765880062,-0.445393201038663,-1.81902180824894,-2.13624192422,-0.834941363070782
1182,13499,"s3","m2",-0.0570042308630392,-0.464367057106647,-2.18529262250921,-2.02289559907038,-0.992865118974669
1183,13533,"s3","m2",-0.0793965412713357,-0.540764194088671,-2.12698901011089,-2.3031699005953,-0.362702117208597
1184,13561,"s3","m2",0.00527717464532722,-0.429025851251939,-1.96914282505376,-1.70060401193123,-1.17057286408918
1185,13584,"s3","m2",-0.12178983024176,-0.504900487811427,-2.05474243276576,-2.16703456548736,-0.234974182147697
1186,13600,"s3","m2",0.0119571024154339,-0.493290244255634,-2.17239843733259,-2.45295319371681,-0.180774260224634
1187,13601,"s3","m2",0.0101850189699634,-0.433242471151577,-2.29323426077041,-2.34147394284113,-1.03563596922708
1188,13604,"s3","m2",0.00933906014316582,-0.404743225646853,-2.06247203850115,-2.13182689723358,-1.40500337726911
1189,13607,"s3","m2",-0.0882057548307424,-0.485767168149374,-2.28315824278134,-2.04692041737857,-0.755711613505731
1190,13629,"s3","m2",-0.00246223957896983,-0.405618281763175,-1.97053012849348,-1.98398974528192,-2.01120421107347
1191,13654,"s3","m2",-0.00452233664042005,-0.436953851828168,-2.106326581205,-1.92641957275838,-0.497973984448315
1192,13663,"s3","m2",-0.00442589157913394,-0.394349845038683,-1.85040908849359,-2.43226917323092,-1.14458412646617
1193,13674,"s3","m2",-0.0608786743952519,-0.46941466842708,-2.13657700651968,-2.41164079254268,-1.01932652290087
1194,13680,"s3","m2",-0.0928521268613867,-0.450424190061442,-2.07636059456488,-1.88550824430698,-1.24714115415622
1195,13686,"s3","m2",-0.0353733295253203,-0.401634089680624,-2.45438339989719,-2.13278675094953,-1.07356871410804
1196,13709,"s3","m2",-0.0481592770642002,-0.378667157009715,-1.90137263934695,-1.99847940745397,-1.29863976928811
1197,13714,"s3","m2",0.0443418305417598,-0.467939879776052,-1.98222220285576,-2.09864209994247,-0.408079535158052
1198,13721,"s3","m2",-0.0112067722731329,-0.500277474167687,-2.04498516692797,-2.04197309805435,-0.0851610354275522
1199,13738,"s3","m2",-0.0582710324624922,-0.419124181326282,-2.45044295207763,-1.94644285041335,-0.518863186000419
1200,13743,"s3","m2",-0.0719475534225894,-0.58455796584672,-2.45508128402847,-2.15852363925093,-0.094681881732184
1201,13761,"s3","m2",-0.0508167909923265,-0.450451368516506,-2.17273642041975,-2.16953179151418,-1.46704724086788
1202,13773,"s3","m2",0.0759607360159389,-0.435428276876435,-2.05988410949664,-1.82885772223561,-0.799843696428138
1203,13774,"s3","m2",-0.00926596931699423,-0.565738583334543,-2.71202859948273,-1.9611647958946,-0.0497423673464287
1204,13778,"s3","m2",-0.0972511544587877,-0.526527595311781,-1.92392227107953,-1.94004152591345,-0.412060115076677
1205,13786,"s3","m2",-0.0596023233168028,-0.460064420880242,-2.19820255216927,-2.01063014363089,-0.44207833437923
1206,13829,"s3","m2",-0.0652215720466575,-0.491944910442541,-2.71649811722307,-1.96014943395912,-0.692968712725754
1207,13842,"s3","m2",-0.0276605821669034,-0.480354438346299,-2.14335042796059,-1.72057470568568,-0.612035351555493
1208,13860,"s3","m2",0.0179101591454734,-0.487286580339569,-1.91457873694627,-2.13901234116695,-0.0360762475510017
1209,13865,"s3","m2",0.0175258783264375,-0.451464590441115,-2.05757842619248,-2.06290118904282,-1.05527941598501
1210,13866,"s3","m2",-0.0289322035257176,-0.484271578867654,-2.01145857030788,-2.64423329815122,-0.817744926928895
1211,13896,"s3","m2",0.0282710885918616,-0.499600024998805,-2.20501167542515,-2.17917889079251,-1.02544241117469
1212,13899,"s3","m2",0.000884664970923538,-0.445588863870997,-1.87545368854242,-1.98439953171386,-1.41711692372629
1213,13907,"s3","m2",-0.0307728061201619,-0.518723644313817,-1.87142897994186,-2.18413832558366,-0.961026885032258
1214,13915,"s3","m2",-0.057601756878123,-0.479338452866923,-2.37533224020361,-1.95225610007258,-0.461980690720792
1215,13923,"s3","m2",-0.0428482473394687,-0.456533055666697,-2.08433818048683,-2.36650352310741,-0.826093827296852
1216,13970,"s3","m2",-0.102271377203943,-0.440698170528204,-2.39678527375946,-1.97068146726815,-0.443466560786651
1217,13980,"s3","m2",0.0176870504362357,-0.401733689984618,-2.09880096927622,-1.91193135067355,-1.15168036450997
1218,14018,"s3","m2",-0.0325366476008513,-0.459422987917669,-2.04696734869304,-2.32785005691341,-1.2093606529062
1219,14027,"s3","m2",0.00120201844321478,-0.435672045652823,-2.23516380432095,-2.09649746193237,-0.544757216377103
1220,14032,"s3","m2",-0.0307918882428684,-0.471537743211629,-1.92197111415754,-1.95564267856925,-0.525612549972304
1221,14074,"s3","m2",0.00759255537691221,-0.459322972211244,-1.99242403790175,-1.8513571816238,-0.300840713243597
1222,14080,"s3","m2",-0.117241416368222,-0.425579473081013,-2.59761565767359,-1.84597922738509,-0.591233707611205
1223,14081,"s3","m2",-0.0254579425071684,-0.438778470055459,-2.28759536351882,-1.82425618585138,-1.33626315497279
1224,14129,"s3","m2",-0.109788290639394,-0.440234405419099,-2.02476859737337,-2.7230985406208,-0.127559211022459
1225,14134,"s3","m2",-0.00341041571885478,-0.505079791614073,-2.07767393477992,-2.07131455097374,-0.752237695960804
1226,14146,"s3","m2",-0.073965846402927,-0.506199841094979,-1.89109778211234,-2.25015512769972,-0.269493618956943
1227,14154,"s3","m2",-0.0970643110865286,-0.479509489861496,-2.49014874278961,-1.93862384981143,-0.1867122249874
1228,14174,"s3","m2",0.0432454853241945,-0.436364875430235,-1.73012798826076,-1.60388386660485,-0.657529115015357
1229,14177,"s3","m2",-0.0618065830143125,-0.503002819347155,-2.72093962217241,-2.04514470743094,-0.319212886572587
1230,14184,"s3","m2",-0.0256771468447117,-0.48169599990704,-2.10367155446553,-2.0786389221856,-0.479200796445667
1231,14187,"s3","m2",-0.124551871847217,-0.465073555185891,-2.42363407123401,-2.04093288735252,0.120675657033807
1232,14202,"s3","m2",-0.0964421492371208,-0.437243402732729,-2.07656156240193,-2.21237169710393,-0.295081791324351
1233,14217,"s3","m2",-0.0616802981446412,-0.401895719568433,-2.20526735445935,-1.94438448997153,-0.538552134889457
1234,14220,"s3","m2",-0.0350660997911295,-0.439230792330846,-2.11339861640632,-2.22366536526722,-0.688044742962883
1235,14223,"s3","m2",0.0181368080537759,-0.517615042005875,-1.96941881648062,-2.45278068846235,-0.529769919567774
1236,14272,"s3","m2",-0.0438970287712278,-0.437229806127976,-2.17436654337664,-1.97513561858894,-1.23795850184183
1237,14351,"s3","m2",-0.038046645463141,-0.445435902541239,-2.3227497647555,-1.78928703208517,-0.654585333250582
1238,14379,"s3","m2",-0.0826745843146526,-0.461555673394401,-2.02758860642583,-1.76386922175043,-0.767555881334125
1239,14397,"s3","m2",-0.0666379927732977,-0.498500789414816,-2.41360315311612,-1.81698710351417,-0.47500325843889
1240,14409,"s3","m2",-0.054190911484156,-0.532034905380535,-1.99216762214411,-1.86706655616072,-0.306984347827047
1241,14416,"s3","m2",-0.00619788694806214,-0.534185644396943,-2.12034443832754,-2.03703186612624,-0.9199227604688
1242,14437,"s3","m2",-0.0881074860394569,-0.507320720346428,-2.21041755947412,-1.8161120987791,-0.0142400112911911
1243,14460,"s3","m2",0.0209683763153619,-0.320697907490141,-2.13410784760936,-2.00000466533529,-1.58548526465545
1244,14479,"s3","m2",0.0345594609410452,-0.425729995539789,-1.95915595051578,-1.98983835351352,-1.12347137838145
1245,14491,"s3","m2",-0.0857161637602745,-0.436980165723121,-1.81658671047235,-2.38549388414336,-0.660035995621499
1246,14502,"s3","m2",-0.0394644352574171,-0.428951345706692,-1.97558302109163,-2.42169943879479,-1.14962385405737
1247,14508,"s3","m2",-0.090992830856549,-0.498567876049454,-2.4981032050196,-1.80322608558647,-1.51996069179294
1248,14517,"s3","m2",-0.0771625079407949,-0.377944634930947,-2.04978993028172,-1.7544260913234,-1.02008880726198
1249,14521,"s3","m2",-0.0200270177977014,-0.479399124460035,-1.74794852071293,-2.25425953016487,-0.430045114661099
1250,14532,"s3","m2",-0.0665309709955879,-0.504540752821695,-2.69681923844322,-1.70488077486517,0.156506395596567
1251,14547,"s3","m2",-0.0167647511587292,-0.530506173880556,-1.8443990785176,-2.21614515563096,0.117820377829598
1252,14559,"s3","m2",-0.0618382911098619,-0.549114376404794,-1.98504008190931,-1.65380852328864,0.0791409130457244
1253,14564,"s3","m2",-0.0521683915311972,-0.402196873719287,-2.091583151997,-1.54884716798703,-0.921224026272519
1254,14581,"s3","m2",0.000956833861109379,-0.421356692080245,-1.85025738436279,-2.36807072569265,0.0516387338467261
1255,14584,"s3","m2",-0.0250332362435938,-0.514133596162127,-2.28857813705325,-2.48344224388477,-0.258013466577511
1256,14624,"s3","m2",-0.0291693591085926,-0.422653333529047,-1.87884536282233,-2.06547495033071,-1.7364947108632
1257,14627,"s3","m2",0.00791977289610052,-0.43135428953287,-2.15625995953455,-1.90771763025197,-0.551092807066245
1258,14645,"s3","m2",-0.0390142136219555,-0.426754249468349,-2.6875606416067,-1.87422243177242,-0.902934659624749
1259,14647,"s3","m2",0.0321083863660305,-0.482434777991566,-1.91574557769432,-2.09141821582877,-0.961779665296108
1260,14662,"s3","m2",-0.0382803286112564,-0.512509796060552,-2.17986868775748,-2.29302482058014,-0.921216655287742
1261,14676,"s3","m2",-0.108232819991977,-0.411098220900393,-2.43202647382476,-2.16104351034925,-0.35799203532424
1262,14678,"s3","m2",-0.00563222368220133,-0.494978477936789,-2.07489395172956,-2.15354609990176,-1.05970665143307
1263,14685,"s3","m2",-0.0648611690154465,-0.486711734856541,-2.21814837404867,-2.08986763742589,-0.322100531245149
1264,14693,"s3","m2",-0.0235953259177324,-0.493797612353467,-2.07907776497206,-2.39357716871104,-0.378734328831511
1265,14704,"s3","m2",-0.115363126034292,-0.505928227678401,-2.09334996541219,-2.28736928126296,0.178600739276325
1266,14707,"s3","m2",0.000112124670095812,-0.516153962024313,-2.37434765024715,-2.06405443969591,-0.345328742789492
1267,14716,"s3","m2",-0.0614384259456366,-0.487752142812155,-2.34526165251105,-2.16768394310181,0.230820322595786
1268,14754,"s3","m2",-0.0134228374824055,-0.456473709469076,-2.6805083060894,-2.16557275693033,-0.65463933316898
1269,14758,"s3","m2",-0.0632554081565066,-0.366685506202336,-2.30972082431569,-1.99282579162952,-0.515351945897457
1270,14760,"s3","m2",-0.00400017482243523,-0.449889935692567,-2.26076489251091,-1.95807821148993,-0.697923680927489
1271,14793,"s3","m2",-0.0242076208601182,-0.542327319280917,-2.19045334399709,-2.56206816702209,-0.00759683810159058
1272,14811,"s3","m2",0.0015083074609979,-0.432483345534113,-2.10677605013696,-1.79997228293093,-0.920217879789104
1273,14812,"s3","m2",0.00897999617900506,-0.511912603750158,-2.12124478445556,-2.31144326118803,-0.410577546189022
1274,14813,"s3","m2",-0.0540758607458562,-0.47348505455769,-1.88003059648846,-2.7027323563208,-0.739343643850987
1275,14824,"s3","m2",-0.0376860232562506,-0.496902415941611,-2.28328016469791,-2.11680197858696,-0.410501923650889
1276,14861,"s3","m2",-0.112298328231645,-0.487257653653315,-2.25202320250982,-2.13506119939317,-0.532309036068125
1277,14866,"s3","m2",-0.0439853286919408,-0.515863981487305,-1.84883370821759,-2.16849920019162,-0.27557153004892
1278,14869,"s3","m2",-0.0547543987170018,-0.360477704811304,-2.02907898740657,-1.9663902389515,-2.22834361225707
1279,14870,"s3","m2",-0.00558903226067024,-0.466522950228448,-2.06801766266132,-2.01517759075314,-0.977493733664231
1280,14885,"s3","m2",-0.122987152942139,-0.450219842002987,-2.2493847341259,-2.21126162693777,-0.568703394257094
1281,14895,"s3","m2",0.00554423463387064,-0.511130157863863,-2.1755651776129,-2.27516605938825,-0.192449015235406
1282,14908,"s3","m2",-0.0130517679929069,-0.466787289930371,-2.55533299421015,-1.94867437419277,-0.640151212523906
1283,14917,"s3","m2",-0.0394824045905474,-0.480376480127624,-2.10394067760619,-2.42987504814357,-0.50774799324138
1284,14922,"s3","m2",-0.062218807719056,-0.453530501418524,-1.90910007414084,-2.04266382425038,-0.22964231847403
1285,14932,"s3","m2",0.0187302267775374,-0.517471755965878,-2.2150701180693,-2.14653500907776,-0.648435159986595
1286,14933,"s3","m2",-0.0552207882456422,-0.509831417464134,-2.11894648280879,-2.21832666278874,0.167738833601626
1287,14954,"s3","m2",-0.0568792973772578,-0.595932110724268,-2.14630898844701,-2.153382268701,0.482943137637843
1288,14958,"s3","m2",-0.0257935469823652,-0.455200764636244,-2.25850660282982,-2.30733764367545,-0.610759612637113
1289,14975,"s3","m2",-0.00852099928264892,-0.473143603194278,-2.50421871296883,-1.93333735339314,-0.660923034421873
1290,15014,"s3","m2",-0.00763963260080236,-0.468393026098111,-2.16292271154255,-2.29769558210878,-0.214469676012158
1291,15036,"s3","m2",-0.0801668080866751,-0.558817892194849,-2.35709505909805,-2.59871536985193,0.323210740071996
1292,15048,"s3","m2",-0.00841220644440101,-0.43816068420125,-2.00251112222476,-2.09255150948076,-1.46842314099876
1293,15049,"s3","m2",-0.0339984580019161,-0.436565665426991,-2.38988624674689,-1.77448352077584,-0.857661952579602
1294,15063,"s3","m2",-0.0239074269896994,-0.44394164022896,-2.49588628656964,-1.77613481257207,-0.352206636766192
1295,15087,"s3","m2",-0.0481107986758161,-0.458265706498223,-2.05970332201925,-2.33641827434347,-0.602592066856853
1296,15091,"s3","m2",-0.0398400213849044,-0.405442623143471,-2.16098439275084,-2.1033701021237,-0.975627441883865
1297,15100,"s3","m2",-0.0238888725537783,-0.513379970066231,-2.06187956213887,-2.15336745873064,-0.426203025444669
1298,15103,"s3","m2",-0.0582650254111227,-0.512011782030402,-2.2716801230463,-1.88480508017371,0.0385121139314446
1299,15105,"s3","m2",-0.0224384781620887,-0.510405686851912,-1.92689883643452,-2.5306847354023,-0.109831292767503
1300,15125,"s3","m2",-0.0562918943743237,-0.48430644001568,-2.29988497690656,-2.27592401252658,-0.474508200825984
1301,15131,"s3","m2",-0.113289590648533,-0.476520270013534,-2.03661226206373,-2.5636219724516,0.0750780875271333
1302,15133,"s3","m2",-0.0641414153321479,-0.4695136209319,-1.97013185755108,-2.45387270490759,-0.41023235275013
1303,15138,"s3","m2",-0.00105026541412652,-0.482539486592643,-2.00558579509408,-2.0848344715022,-0.820589714664037
1304,15140,"s3","m2",-0.013606292504689,-0.431667732833052,-2.04013055715346,-2.1430708442965,-1.36912478303496
1305,15146,"s3","m2",-0.0115300399804806,-0.500219939439083,-2.47152763724505,-1.8338213670206,-1.07992072364642
1306,15168,"s3","m2",-0.138251153210845,-0.530139043711966,-2.21256307154509,-2.84139072655718,0.648265157674009
1307,15193,"s3","m2",-0.0879128209945193,-0.500331027125463,-1.91145395791734,-2.08440901038583,0.0659550731699887
1308,15197,"s3","m2",-0.0203507201296651,-0.458346371926077,-2.06215171746745,-2.27560205258992,-1.01804454473486
1309,15204,"s3","m2",0.0615620901367052,-0.497041713437597,-2.13496076446384,-2.26514428001227,-1.3810963410934
1310,15216,"s3","m2",-0.000460509956691242,-0.330633687835025,-2.00942329587761,-2.16131903156936,-2.39900077526674
1311,15245,"s3","m2",-0.0308686901746891,-0.51335099100274,-2.13289238943092,-2.35620850035502,-0.440755339797033
1312,15272,"s3","m2",-0.0992817058020512,-0.564302137225747,-2.61575253177805,-2.10704331930843,0.312747849864033
1313,15275,"s3","m2",0.000165747289428685,-0.503811354053366,-2.0180015890787,-2.12997410829279,-0.729768264328254
1314,15282,"s3","m2",-0.0190251756520315,-0.39696311629434,-2.42377801074938,-2.031522570533,-0.869215320832746
1315,15291,"s3","m2",-0.0287975417037175,-0.518338890297692,-1.94748321248446,-2.24476161994193,-0.184396696903251
1316,15321,"s3","m2",0.0301961052492092,-0.44805211058394,-2.06840994636083,-1.77862399750377,-0.356651924522686
1317,15342,"s3","m2",-0.0189975147306669,-0.564947643183598,-2.02795691100688,-2.09828521142039,-0.360990218439533
1318,15363,"s3","m2",0.0154374433212769,-0.43282489520252,-2.07903927585595,-2.06581960678825,-1.04563700486244
1319,15365,"s3","m2",0.0278797764138296,-0.41098947423394,-2.06877713414415,-1.91345078522278,-1.38237758977806
1320,15368,"s3","m2",0.0724583105629757,-0.440146186420626,-2.44472830598033,-2.29877462843013,-0.692514902190771
1321,15401,"s3","m2",0.0308206427322759,-0.421162309671388,-2.19879191174035,-2.16424882710311,-0.902851289279939
1322,15408,"s3","m2",0.00978284815323735,-0.451658391874051,-2.0850783744315,-1.99124933493955,-0.0495107657024938
1323,15414,"s3","m2",-0.00315816285419547,-0.452452201536682,-1.95820938977873,-2.16800289707172,-0.78839208833098
1324,15436,"s3","m2",-0.043323244139014,-0.567023092557454,-2.3984753329338,-2.01164788043115,0.219924730872685
1325,15439,"s3","m2",0.0177017428106694,-0.552650542668955,-2.23841048242602,-2.44380884519312,0.285147073052064
1326,15445,"s3","m2",0.0278049490598735,-0.477348339728036,-2.02639184921492,-2.17248650789757,-0.811156401045126
1327,15452,"s3","m2",0.0150388896469697,-0.563686751931998,-2.20324288566481,-2.05556841347723,0.262124114059083
1328,15466,"s3","m2",0.0274033917335045,-0.485818950783694,-2.28010436595719,-1.90442200724652,-0.615413077610292
1329,15474,"s3","m2",0.0623159288891232,-0.378615091430625,-2.05434992700609,-2.25115775062007,-1.44440512258969
1330,15475,"s3","m2",0.0360568153301054,-0.447658278186289,-1.8679357873929,-2.12946418454882,-0.480574242088616
1331,15477,"s3","m2",0.0524589574268198,-0.40919174877332,-1.57978663169355,-2.00275490782145,-1.27148847047227
1332,15479,"s3","m2",-0.0077118657122293,-0.465346646266476,-2.0644887833128,-2.06133679663916,-0.737287812613498
1333,15486,"s3","m2",-0.00310965738180892,-0.429139838241949,-1.63235578375294,-2.51280369205795,-0.714676617300343
1334,15491,"s3","m2",-0.0386239638163443,-0.528459073996972,-2.27247662136395,-2.3169256080979,-0.173279425232798
1335,15514,"s3","m2",-0.00898558357283344,-0.428694795745534,-1.81118467127125,-2.35111927748404,-0.829050895546095
1336,15547,"s3","m2",-0.0675360727037416,-0.554676501293891,-2.25954852846142,-2.30807931125473,-0.252482902086921
1337,15574,"s3","m2",-0.0102820929583346,-0.493726898144203,-1.93427958958348,-2.31228807392574,-1.13135663599419
1338,15585,"s3","m2",0.0452544910759808,-0.430162690290695,-2.53035709450729,-1.69470130030389,-1.13231210253985
1339,15586,"s3","m2",-0.0589144647634456,-0.485237599164451,-1.98697082468506,-2.04921625830633,-0.208128092774063
1340,15597,"s3","m2",-0.0336563525391887,-0.412102192878215,-2.17726570457123,-1.85015846904982,-0.813043172588343
1341,15603,"s3","m2",-0.0160974431003508,-0.523856447616118,-2.28579999183508,-2.30203528866459,-0.222470281534923
1342,15625,"s3","m2",-0.0170347788627015,-0.511295733390112,-1.85456366325312,-1.98710570140383,0.0166688130801633
1343,15669,"s3","m2",0.0066073101187981,-0.54606081780739,-2.14181017151055,-2.13529715509327,-0.370318005809484
1344,15676,"s3","m2",-0.0149134392484762,-0.492508760760168,-2.2403583599573,-1.97841297415243,-0.623372367779308
1345,15681,"s3","m2",-0.0615693528601155,-0.474511331234584,-2.17468473838479,-1.91307230717815,-0.228813361182465
1346,15685,"s3","m2",-0.0710243231643292,-0.486464151091177,-2.23253433671805,-2.27385003256177,-0.429803937070761
1347,15691,"s3","m2",-0.0386460470265722,-0.435221066529174,-2.21656144286671,-2.1725485342898,-0.24244125182728
1348,15723,"s3","m2",-0.0588329362266542,-0.484746004327456,-2.02921663788039,-2.29710432754025,-0.764421102871655
1349,15728,"s3","m2",-0.0972174976107187,-0.45603250315145,-2.19107549800509,-1.70030301592001,0.0868873270910445
1350,15748,"s3","m2",-0.115477045891351,-0.516800766365764,-2.38203524378341,-1.97405595454709,0.201518206184597
1351,15763,"s3","m2",0.0177910414923131,-0.412703110702259,-2.17766485789274,-2.19456693741546,-1.05347775739353
1352,15765,"s3","m2",-0.0115785634537256,-0.54357713317747,-1.97503094793193,-2.27456017144942,-0.51808863451291
1353,15768,"s3","m2",-0.0129989682907706,-0.380519347128226,-2.10233258652653,-1.69636776380754,-1.95376695511947
1354,15779,"s3","m2",0.00881688201807901,-0.552024916712952,-1.98776667579265,-2.11704466554035,0.0798436751366599
1355,15818,"s3","m2",-0.060954425332143,-0.44139310688839,-2.19930063025073,-1.93654607335756,-0.115148031275812
1356,15820,"s3","m2",-0.0422162421233997,-0.499350206699252,-2.24833177894683,-2.08730331985337,-1.01031713587538
1357,15825,"s3","m2",-0.0488329945825287,-0.513080797769537,-2.57020932981551,-1.97358041852686,-0.260988604234796
1358,15852,"s3","m2",-0.0803247352075495,-0.543468537295957,-2.09673058159177,-2.59149784692415,0.51500980713023
1359,15889,"s3","m2",0.012705326806889,-0.536547169778122,-2.16730367594234,-2.09353345257408,-0.592044256236363
1360,15898,"s3","m2",-0.0888859919330302,-0.432829206660093,-2.05347556892984,-1.89261999852751,-0.428021506995848
1361,15919,"s3","m2",-0.0480384431464976,-0.556471741008137,-1.70510993738384,-2.04087456172736,-0.240557379726901
1362,15923,"s3","m2",-0.0797964553257653,-0.470012044655603,-2.40618117205652,-2.50363692749557,-0.166840492263808
1363,15925,"s3","m2",0.0104041790585256,-0.440534118586567,-2.11014866469034,-2.05819696881488,-0.433395593863171
1364,15930,"s3","m2",-0.0416144643157394,-0.500580000638751,-1.83259152185384,-2.29426914106579,-0.378392617223622
1365,15954,"s3","m2",-0.0212607377752567,-0.372307964632822,-2.29572533187891,-1.83991461815943,-0.959032336142202
1366,16054,"s3","m2",0.00469182641302594,-0.500896252083935,-1.92330694540423,-1.74453329490897,-0.389541273424086
1367,16075,"s3","m2",-0.0165733543392689,-0.535382804925331,-2.18951758043587,-2.49461426371204,-0.000245549823407437
1368,16091,"s3","m2",-0.0835046439525772,-0.418574684660781,-2.20308563903673,-1.91078559567525,-0.959907259766126
1369,16105,"s3","m2",-0.0167924476767589,-0.449030566855743,-1.84518064211793,-1.84044389218264,-0.873580189589516
1370,16119,"s3","m2",-0.0438498106817695,-0.518661480668558,-2.02228328564012,-2.2991788436755,-0.539394303606776
1371,16126,"s3","m2",0.0423208106189956,-0.532528728387464,-2.29792127723828,-2.166749478197,-0.135020654261557
1372,16129,"s3","m2",-0.0179281983163988,-0.556786470462913,-2.04773392606284,-1.87643351842236,0.0619917932861153
1373,16141,"s3","m2",0.0213759449493452,-0.438517344925232,-2.25425762059872,-1.78022531139044,-1.52373209089788
1374,16152,"s3","m2",-0.105516589903488,-0.513894135169958,-2.36167964783592,-2.57845491205412,-0.17416623740164
1375,16160,"s3","m2",-0.0386231498494328,-0.455212016201966,-2.32172912673085,-2.37788182880482,-0.86037942724985
1376,16181,"s3","m2",0.00480514351708368,-0.394266040775999,-2.51339524046289,-1.83760759099116,-1.20191741653295
1377,16186,"s3","m2",-0.0695908792170062,-0.479849046467093,-2.56177550095378,-2.02857845999364,-0.303615138607105
1378,16199,"s3","m2",-0.0630700802152839,-0.499301367553281,-2.20316044545031,-2.05380292024384,-0.50689467679032
1379,16234,"s3","m2",0.00789329815755073,-0.454449556873002,-2.23005279797213,-1.85929105702968,-0.939834802861067
1380,16245,"s3","m2",0.0261066008010209,-0.398719414301174,-2.08333416802521,-2.10872619256157,-1.10515292927935
1381,16249,"s3","m2",0.0608593618537644,-0.46197098000349,-1.75356364874306,-1.84370345251748,-0.783848289580315
1382,16253,"s3","m2",-0.0808218304454126,-0.445582181199223,-2.1513442197265,-2.09437282975499,-0.602590820310582
1383,16261,"s3","m2",-0.0344925509145159,-0.425000655135676,-2.53801727018043,-2.12887853876413,-0.282277919251891
1384,16284,"s3","m2",-0.00994753819756431,-0.475880768875521,-2.35309583215567,-1.94986210216585,-0.415979240686401
1385,16291,"s3","m2",0.0086001495190156,-0.516861639932994,-2.37702594673586,-2.05721555648064,-0.215003193705224
1386,16294,"s3","m2",0.00382985859596432,-0.479022828997273,-1.83038666493374,-1.71176030195506,-0.552640851016711
1387,16312,"s3","m2",-0.0203521075484436,-0.463947615524393,-1.92117964139775,-2.08748455926687,-0.359478522543392
1388,16318,"s3","m2",0.0178948598417854,-0.48017104710759,-1.87829449429494,-2.04356614027925,-0.389841864644617
1389,16340,"s3","m2",-0.00986354196762097,-0.465620962801428,-1.82923091065145,-2.10472446568657,-0.558008889460041
1390,16347,"s3","m2",-0.0241192451284604,-0.47346058218854,-2.26177881651171,-2.09776525116382,-0.289513435145862
1391,16360,"s3","m2",0.00764569050166596,-0.446230957675245,-2.03293195225655,-1.98624982703281,-0.991387996280376
1392,16371,"s3","m2",-0.0347056638039369,-0.527429018460618,-2.4588684929668,-2.07541356478045,0.103604459729994
1393,16387,"s3","m2",0.0292553212048424,-0.430047249613215,-1.88377082530673,-2.44093717371403,-0.909232950628538
1394,16422,"s3","m2",-0.0171428159177209,-0.549595569438161,-2.06276271436263,-2.18660662356704,0.0326011552585337
1395,16447,"s3","m2",-0.101659509507976,-0.57659676650184,-2.12580061173288,-2.4958197781962,-0.0478374993290057
1396,16455,"s3","m2",-0.100195689295096,-0.547295248998005,-2.26387042883862,-2.42804037729358,0.231934398587039
1397,16488,"s3","m2",-0.0432425710132283,-0.481047169692493,-2.23015151671772,-1.86778010987435,-1.08733571990838
1398,16500,"s3","m2",0.012779445808957,-0.466300795205167,-2.12684958433132,-2.09121325145773,-0.902675309535221
1399,16515,"s3","m2",-0.0511557245753416,-0.445795157627006,-2.03678894095704,-1.99886262480195,-0.815559816586012
1400,16519,"s3","m2",0.0260014778958432,-0.524028323414653,-2.00106829959974,-2.3467557334588,0.258994562271742
1401,16521,"s3","m2",-0.0900054383060174,-0.425711868546679,-2.42274717578161,-1.73895915752278,-0.786331716325218
1402,16533,"s3","m2",0.0239134863872991,-0.495060529518475,-1.75703285091076,-2.07026115876783,-0.834079798074816
1403,16543,"s3","m2",-0.0392306607748474,-0.433061579310579,-2.29209003301614,-1.98093077749926,-0.892160316537146
1404,16553,"s3","m2",0.0523171764320402,-0.496802845658638,-2.15998053033621,-1.76716279291832,-0.389248373977635
1405,16575,"s3","m2",0.0496656108719395,-0.428437347281876,-1.95278330708898,-2.1938916286538,-1.00311893939111
1406,16576,"s3","m2",-0.0919280303444457,-0.524081202431993,-1.6862152135212,-1.80574648414975,-0.207816652383546
1407,16585,"s3","m2",-0.00450725836865068,-0.500944996431544,-2.40092286451277,-2.27379650933377,-0.490507780292126
1408,16598,"s3","m2",-0.0441381367594391,-0.578906147550046,-2.10769171368584,-2.07560546774228,0.277165272310247
1409,16606,"s3","m2",-0.0621551815322675,-0.491514495476829,-2.31150186543934,-1.99497147821275,-0.297898324479115
1410,16620,"s3","m2",0.0191337915965395,-0.474091164123905,-1.79235087590778,-1.95032902896687,-0.770784469764107
1411,16639,"s3","m2",-0.0363714858082279,-0.513628586424202,-2.11098666449923,-1.80891713461692,0.324173585837061
1412,16652,"s3","m2",-0.0189851278670666,-0.483844187793901,-2.36015020690531,-2.00070854290105,-0.379649605176202
1413,16663,"s3","m2",-0.0198224440037056,-0.462857309391304,-2.08533943588181,-2.11568442765238,-0.0105471383932457
1414,16665,"s3","m2",0.0496261177696216,-0.46104091807882,-1.7922652220832,-1.83733111147694,-0.403307666253946
1415,16708,"s3","m2",-0.0548316256079114,-0.416338169813727,-2.31262417871436,-1.79507160934805,-0.636728506360387
1416,16724,"s3","m2",-0.0282550080225799,-0.412278776667288,-2.25218153131246,-2.22937167202513,-1.9983579487909
1417,16725,"s3","m2",-0.010894325786177,-0.424433578775878,-2.05081984347189,-1.7610853740317,-0.66154106966362
1418,16742,"s3","m2",-0.0710916062985501,-0.457764877705374,-2.3452082622458,-1.87980961164104,-1.05285772306205
1419,16747,"s3","m2",0.033104935047196,-0.474951510396348,-2.00915038714145,-2.35023399544014,-1.66678220005979
1420,16752,"s3","m2",-0.0164315250908826,-0.441776095383991,-2.06279465064763,-1.953686094895,-0.392891815356845
1421,16754,"s3","m2",0.0217108514557237,-0.422374577625147,-1.98473826620667,-2.01802490534449,-0.854457602171031
1422,16773,"s3","m2",0.00446670000227157,-0.471746561573711,-2.01385879319402,-2.17182591676435,-0.765546684453143
1423,16781,"s3","m2",-0.0256073055724769,-0.480005492207729,-2.09933259562269,-2.27722211394739,-0.65677341269455
1424,16783,"s3","m2",-0.0689412512111016,-0.447478521633201,-1.93100198705008,-1.94517038188691,-1.11963298414814
1425,16786,"s3","m2",-0.041374739375127,-0.41237876893658,-2.22445139725653,-2.10081804509887,-1.58910453374163
1426,16787,"s3","m2",-0.0015395928739437,-0.452477870272672,-2.03863597839255,-2.24070012009224,-0.897600487153719
1427,16790,"s3","m2",-0.0469076202312377,-0.545347683495603,-2.36326097720132,-2.57622625425846,-0.338269766454671
1428,16792,"s3","m2",0.000129275634219451,-0.407577268617287,-2.07041575461535,-2.34089391005015,-1.42559890207887
1429,16803,"s3","m2",0.0371936587294286,-0.422040982522133,-1.92185510263154,-1.98889020794148,-1.29939338737903
1430,16815,"s3","m2",-0.0205391621940067,-0.491916543871999,-1.66483114149985,-2.33228037965878,-0.563262713296903
1431,16819,"s3","m2",-0.0283148950729274,-0.505163336720429,-2.19543843801481,-2.39051576595228,-0.139750106059463
1432,16845,"s3","m2",-0.140679871784457,-0.474711650894531,-1.85106202819086,-2.30139983559015,-0.260362119495064
1433,16867,"s3","m2",-0.100178913909607,-0.381847308653862,-2.21837207898203,-2.04363659600091,-1.25010458192214
1434,16882,"s3","m2",-0.00788872130346061,-0.433623921494425,-2.06925596766335,-1.76320781411124,-0.582812956939593
1435,16896,"s3","m2",-0.0182971077231368,-0.466443276550246,-2.27412852203328,-2.05633951052643,-0.945534711258835
1436,16911,"s3","m2",-0.0467180033896602,-0.538246957819013,-2.13469452462687,-2.34074109993708,-0.297712078666526
1437,16912,"s3","m2",-0.115472558160408,-0.517127961464644,-2.25660752006839,-1.88455302618716,-0.64711352595265
1438,16915,"s3","m2",-0.0663826593778928,-0.394500668051001,-2.09742752014187,-1.98552901061804,-1.41778620617261
1439,16945,"s3","m2",-0.0508015612062142,-0.422186673708784,-1.89608331299963,-2.01085358013409,-0.318935149333423
1440,16946,"s3","m2",-0.158887503096921,-0.476711829596541,-2.43560461861155,-1.70022219312529,-0.39899201174561
1441,16953,"s3","m2",-0.0856857494690634,-0.511032353839591,-2.34094383159024,-2.07105734609243,-0.152029851036586
1442,16958,"s3","m2",0.0625719406325633,-0.429276129812336,-2.34893166809621,-2.00446197792969,-1.28882030010659
1443,16960,"s3","m2",-0.119753345970906,-0.445933819812155,-2.47083880261761,-2.33615782927232,-0.789613066357666
1444,16966,"s3","m2",0.0330384102037126,-0.463083236576386,-2.18655917616069,-1.7899940319162,-0.805232975480319
1445,16968,"s3","m2",0.00118354977282903,-0.45735131548409,-2.06010872268789,-2.22226012481146,-1.29675030676545
1446,16975,"s3","m2",-0.080524409173942,-0.42371501359826,-2.25199856096243,-1.91283738733771,-0.443155004957821
1447,17002,"s3","m2",0.00456603074079245,-0.480852029482239,-2.37639964336589,-2.11271516585822,-0.729103690386994
1448,17014,"s3","m2",-0.0443431042991684,-0.49008437153822,-2.09696936282849,-1.97120556708991,-0.17962674896942
1449,17026,"s3","m2",0.0278577538294317,-0.442106350208658,-1.83853333008426,-2.37824212290815,-1.06220809893052
1450,17030,"s3","m2",0.0125318482870743,-0.454537597770124,-2.44087115146102,-1.95693682898598,-0.834842799383598
1451,17041,"s3","m2",-0.0780716405212567,-0.443047066322333,-2.11122748500663,-1.82482335589037,-0.0116170015378479
1452,17047,"s3","m2",-0.105292325343431,-0.467205107467241,-2.20121556873231,-2.12635888837806,-0.268153177074442
1453,17059,"s3","m2",-0.0667283507581195,-0.49477209675109,-2.65910146885471,-2.10590670695036,0.414654999098259
1454,17061,"s3","m2",-0.0996090447339266,-0.576072125442031,-2.41126968714642,-1.91710657870904,-0.261078874496777
1455,17065,"s3","m2",-0.0393093736002488,-0.471714742038259,-2.24494900382001,-1.78919307786777,-0.651121042967153
1456,17077,"s3","m2",-0.0312494100159637,-0.584964739192896,-2.02745250967404,-2.27870276082952,0.116244593411783
1457,17103,"s3","m2",-0.0288389941448906,-0.45272404103612,-2.33925647018786,-1.68681113908468,-0.872880180303383
1458,17113,"s3","m2",0.059377397626133,-0.407519950686903,-2.09521070609561,-1.71623878119896,-1.0088796064759
1459,17129,"s3","m2",-0.0467869345887672,-0.498186546210779,-2.17225565943939,-2.15233875913107,-0.406978787446235
1460,17140,"s3","m2",0.0398115865598245,-0.470778731288081,-2.27616673006219,-2.14542647822744,-0.230536718000844
1461,17146,"s3","m2",-0.025903980731176,-0.492344918592746,-2.45765803543105,-1.89155201222538,-0.397418859609803
1462,17151,"s3","m2",-0.06181534466737,-0.398569559181301,-2.52494631513236,-1.93604602098952,-0.46800285452793
1463,17178,"s3","m2",-0.00280316665818303,-0.528252195704717,-1.96702866056274,-2.35063363077897,-0.558664454427394
1464,17180,"s3","m2",-0.0521294518548647,-0.419756676565702,-1.9903362305134,-2.01566349834298,-1.83321830452312
1465,17189,"s3","m2",-0.00178318770945516,-0.349529347291221,-1.84440064696644,-1.67835351452448,-1.05861197063647
1466,17194,"s3","m2",0.0389074830020096,-0.408090442408638,-2.11576119862637,-1.89364668780365,-1.31101256195783
1467,17195,"s3","m2",-0.05647510907589,-0.541204859066591,-2.1491652075939,-2.34952814292652,-0.458171550860262
1468,17202,"s3","m2",0.00266965043925946,-0.45736815206171,-1.76659503495272,-1.76224892812077,-1.6163025003744
1469,17210,"s3","m2",-0.0547127018807932,-0.393348298313088,-2.28142200255725,-1.82537228060155,-0.690982271761027
1470,17230,"s3","m2",-0.0632085600599582,-0.510932441451011,-2.05758292740962,-2.14237701114562,-0.554118011184472
1471,17236,"s3","m2",0.00371382764408222,-0.377992152585968,-2.34240977293576,-2.38718523959804,-1.39917911879433
1472,17237,"s3","m2",-0.00581419174467173,-0.469719395288167,-1.98046328982725,-2.27451178968313,-0.521198543834869
1473,17245,"s3","m2",-0.0455768370368216,-0.435373231623081,-1.77669928589559,-2.53550727311928,-0.110588984803618
1474,17252,"s3","m2",-0.0225377831554803,-0.493295172406506,-2.42918218420514,-2.11242548199186,-0.755876860165282
1475,17255,"s3","m2",-0.0364553729963469,-0.534470082892386,-1.92248160142114,-2.11872374595601,0.137613768973506
1476,17267,"s3","m2",-0.124097127690989,-0.49665842313605,-2.44902999663647,-2.39834385198747,-0.117978342981453
1477,17278,"s3","m2",-0.0451668510772468,-0.560740357601167,-2.03234284587692,-2.1429197409674,0.619962628891851
1478,17288,"s3","m2",-0.00334569435198821,-0.46421039026451,-2.05202941372135,-2.47103637432849,-0.66378040493561
1479,17291,"s3","m2",-0.0244868018406105,-0.429072842642415,-2.13170199040955,-2.56037428931573,-0.725810370088742
1480,17292,"s3","m2",-0.155241869163042,-0.503587513228708,-2.63296466134362,-2.08751719437698,-0.0902322162981418
1481,17308,"s3","m2",0.00909095444575494,-0.532851386714243,-2.09323391790836,-2.07455691183346,0.0746208474621902
1482,17318,"s3","m2",-0.0437563725507222,-0.432903954259737,-2.53184625842563,-2.15810400663935,-1.19426351961129
1483,17326,"s3","m2",-0.0543885982004424,-0.393373133340778,-2.13477115705724,-2.07739372048323,-1.10516552236751
1484,17345,"s3","m2",-0.0934022764197895,-0.56481317347651,-2.26066420028791,-2.03248818866877,-0.234466262202152
1485,17368,"s3","m2",-0.059905446627271,-0.482041608191861,-2.04201199057353,-1.85756989880175,-0.406422651271486
1486,17402,"s3","m2",-0.0712797116172012,-0.452898759878805,-1.73624556728111,-2.19671579505629,-0.731259109073177
1487,17413,"s3","m2",-0.0119519681651853,-0.50899307337364,-2.2732962100321,-2.02632614372416,-0.193291276339136
1488,17419,"s3","m2",-0.034204995753052,-0.426349251678142,-2.31988910105492,-1.83701762804219,-1.20191061160651
1489,17428,"s3","m2",-0.0579673546054053,-0.447304747242303,-2.21089014506478,-1.95357782841469,-0.420880344820841
1490,17437,"s3","m2",-0.000799103265938534,-0.47190632288075,-2.55581865427407,-2.10381492909656,-0.443184739425901
1491,17442,"s3","m2",-0.0350571173829149,-0.405853530447548,-2.03490072567851,-2.1693692056629,-0.724169507051614
1492,17445,"s3","m2",-0.0739480001613286,-0.516432555422061,-1.74876072000669,-1.73647218136576,-0.10499078473876
1493,17467,"s3","m2",0.0204914358055467,-0.451266961671006,-2.01865602136477,-2.17398688563155,-0.593050856511921
1494,17474,"s3","m2",-0.0292217839706954,-0.480802102365056,-2.20421413693481,-2.25877964924722,-0.517241245208336
1495,17477,"s3","m2",-0.0714038389556893,-0.536752980554436,-2.08692511639136,-1.97581502126155,0.010334439775364
1496,17480,"s3","m2",-0.00183549029679794,-0.45634024520353,-1.71444611024978,-2.29605160845766,-0.80843516806254
1497,17491,"s3","m2",-0.0705215092406965,-0.486375992341916,-1.90371529003471,-1.89910309228456,0.0485967518472021
1498,17502,"s3","m2",-0.0839216973635347,-0.509162520040464,-2.15904564374404,-2.13243440594407,-0.643235498664451
1499,17507,"s3","m2",0.0558912686122686,-0.492042531219727,-2.39071719160587,-1.86152322791758,-1.25479237120933
1500,17508,"s3","m2",0.0247755009975752,-0.453061339526426,-2.37373314040788,-2.10704425557818,-0.912360410099037
1501,17541,"s3","m2",-0.036430891703031,-0.504168451875199,-2.04366562492599,-2.32849947769213,-0.46997424876729
1502,17544,"s3","m2",-0.0141179074795435,-0.361630862213717,-1.80505733505544,-1.93347850805188,-0.870492771331609
1503,17546,"s3","m2",-0.0683534641316744,-0.476532340370382,-1.92884789538134,-2.16253634755439,-0.0605700657747109
1504,17577,"s3","m2",-0.0427551280990481,-0.467713512936191,-1.89484744155063,-2.10133743604271,-0.169950402909054
1505,17578,"s3","m2",-0.0414924239882717,-0.50279801707293,-2.10716484546764,-1.71460467754634,-0.355242168733297
1506,17579,"s3","m2",-0.0457171243649754,-0.466563646509733,-2.06643136995528,-2.56996906806703,-0.598526518432118
1507,17581,"s3","m2",-0.0355300229046422,-0.5161618495103,-1.85885122464807,-1.95388023318994,-0.502571109802665
1508,17582,"s3","m2",-0.0504446606907552,-0.450608930949756,-2.02519162984548,-2.19910565855782,-0.631700424353911
1509,17591,"s3","m2",-0.015636065129426,-0.466113216168046,-1.92646384794378,-2.39763572102216,-0.783802019949136
1510,17601,"s3","m2",-0.0700375306547619,-0.464941214208008,-2.66138490831243,-2.1960763922453,-0.966321251833583
1511,17615,"s3","m2",0.00666510429390668,-0.501230169259877,-2.07045217231597,-2.22085109817862,-1.03327613527005
1512,17616,"s3","m2",-0.0327868700369468,-0.418983950919319,-1.97013240940835,-2.01317904503113,-1.03390555473275
1513,17626,"s3","m2",-0.0286452097137981,-0.36789538317017,-2.08979206920633,-1.61844349068866,-1.494397918674
1514,17638,"s3","m2",-0.00185134074699453,-0.462889513840918,-2.03453103051461,-2.16977192207295,-0.563742965727965
1515,17652,"s3","m2",0.000923953307575606,-0.326218708787102,-1.85322964121918,-1.94093904607675,-1.30791108783678
1516,17658,"s3","m2",-0.0244561783304931,-0.527173427227235,-2.13594202535578,-2.0741839769332,-1.28393270219407
1517,17669,"s3","m2",-0.0892517482184532,-0.499334678515105,-2.17243346468679,-2.62296254354605,-0.654521200571195
1518,17680,"s3","m2",0.0272780683488259,-0.503875057082621,-2.37437735472705,-2.0275375818367,-0.0941541359840605
1519,17682,"s3","m2",0.0232155577405092,-0.457809186251445,-2.342119471985,-1.93216236660782,-1.17290643084188
1520,17695,"s3","m2",-0.10787329597191,-0.423707171461825,-2.3977637507078,-1.98380293713569,-0.617300222552662
1521,17707,"s3","m2",0.0174025859360601,-0.408003931830786,-1.82462583055213,-2.0053847415884,-1.13918468055641
1522,17730,"s3","m2",-0.0865597542153634,-0.404329127142175,-2.35924660189956,-2.10636215125596,-0.905625434463317
1523,17734,"s3","m2",0.0251007292690384,-0.497155145136543,-1.89850209955384,-1.90732641379323,-1.09542760556246
1524,17744,"s3","m2",-0.0535932754121478,-0.49805958375675,-1.78856592489965,-2.13296981953614,-0.320418045301449
1525,17755,"s3","m2",0.0135006648809774,-0.457755795718351,-2.68775460963147,-1.70621463090645,-0.737761493001319
1526,17767,"s3","m2",-0.0551015750058891,-0.459831828764983,-2.18135611630906,-1.82164280285869,-0.807361367510535
1527,17781,"s3","m2",-0.116308791918659,-0.538096075659932,-1.92522407372928,-2.24680934636445,-0.304486876906744
1528,17785,"s3","m2",-0.0432382869235299,-0.42213027077417,-2.1682743587083,-1.88309909087637,-0.339047702132201
1529,17790,"s3","m2",0.00255273094960739,-0.45679739022425,-2.34405712485123,-1.84478035769556,-1.30290354450155
1530,17791,"s3","m2",-0.0250452180153009,-0.376997173497572,-2.29904824508418,-1.75943713482787,-1.07035044890461
1531,17792,"s3","m2",-0.010041013059502,-0.482032500699573,-2.2446414638668,-2.20256604698919,-0.345569012763185
1532,17808,"s3","m2",0.0326094886364778,-0.342856216185187,-1.99652344158158,-2.24415547065641,-1.02889955620662
1533,17825,"s3","m2",0.0191892066040878,-0.471848350352799,-2.05106351123775,-2.0017272511697,-0.710118184188375
1534,17847,"s3","m2",-0.00533632438843113,-0.452414537136268,-2.2188185871178,-1.55726055111801,-0.221180323648756
1535,17855,"s3","m2",-0.00342158943320622,-0.550193254588385,-2.41318174754697,-2.51213067059972,-0.367729928024065
1536,17869,"s3","m2",-0.0802463366426034,-0.498482817357678,-1.85395169373272,-2.20744562418575,-0.245527323067731
1537,17878,"s3","m2",-0.100721443332007,-0.554767960291509,-2.06015940095272,-2.55297941944202,0.187384201776022
1538,17882,"s3","m2",-0.0428718159348982,-0.401878428168234,-2.15915117170422,-2.30368713392742,-1.55165634037726
1539,17890,"s3","m2",-0.0660471658329097,-0.482814111558683,-2.64746637563026,-2.1460835622033,-0.855363656508038
1540,17911,"s3","m2",-0.0344256807247272,-0.544533043842833,-2.06345443636393,-2.23603510238021,-0.0363156778954513
1541,17915,"s3","m2",-0.0520592675129071,-0.554447359904093,-2.38641703082369,-2.12154712101089,-0.0338975627252911
1542,17922,"s3","m2",-0.0270463760462504,-0.458651105306102,-2.14831381165499,-1.85508277701144,-1.26292198082384
1543,17941,"s3","m2",-0.0473196631735125,-0.477904187955491,-2.22360965311624,-2.13376302782974,0.0395705041132518
1544,17942,"s3","m2",-0.0561742952315424,-0.457286190676493,-2.00125598504173,-2.0771087192435,-0.55921024804084
1545,18000,"s3","m2",-0.00543479737209675,-0.440123217316247,-2.34208930482018,-2.07497037362744,-0.734883502859741
1546,18008,"s3","m2",-0.104375185838022,-0.459604604260475,-1.98985438719503,-2.17080728803509,-0.0737227616452514
1547,18030,"s3","m2",-0.0432538167120555,-0.513336952007235,-2.18262790836872,-2.20691242828769,0.308038058576004
1548,18039,"s3","m2",0.0175523784128788,-0.466794876825793,-2.08990595058332,-2.62477293902233,0.0441691060850307
1549,18041,"s3","m2",-0.107233605914593,-0.409086737459669,-2.45781508384274,-2.002498057583,-0.691229558144687
1550,18047,"s3","m2",-0.0373267121710744,-0.487671560828373,-2.0700442011977,-1.88907727325953,-0.568815479888021
1551,18057,"s3","m2",-0.0564680836205528,-0.404659750517757,-2.30783150328314,-1.78293620057686,-0.924405494055981
1552,18064,"s3","m2",-0.0287427187564611,-0.513733779472591,-1.99579297384744,-1.91848999358158,-1.07536424110167
1553,18071,"s3","m2",0.0707273832339781,-0.403866783819165,-1.84861997676482,-2.03502904638568,-1.5116650095131
1554,18116,"s3","m2",0.0745502225492677,-0.42057839282934,-1.91545537728468,-2.09673806397445,-1.27385308020159
1555,18118,"s3","m2",-0.00986663521975879,-0.509771874864427,-2.69578766778968,-2.00220118353763,-0.640952464316191
1556,18119,"s3","m2",-0.0548011809470145,-0.472108452412358,-2.16485071430703,-2.28063634670163,-0.949266125578913
1557,18122,"s3","m2",0.0100935223390172,-0.415580744997112,-2.10602338414416,-2.16300974176691,-1.24980452091343
1558,18134,"s3","m2",0.054826518962669,-0.411365303473572,-1.67873976879708,-1.93738294778841,-1.62686360377552
1559,18138,"s3","m2",0.00103229426116472,-0.462382126171091,-2.26209123997438,-1.87919387564407,-1.2994138418879
1560,18148,"s3","m2",-0.0785525634780985,-0.401907295050036,-2.0254859307949,-2.07074570964676,-0.924049539558261
1561,18165,"s3","m2",-0.040764064355586,-0.485376925825507,-1.83972868764313,-1.97541879762632,-1.71055347776457
1562,18168,"s3","m2",-0.0522628955463666,-0.496768478245851,-1.72144076633346,-1.83424242981778,-0.457294254319631
1563,18175,"s3","m2",-0.0436400330868737,-0.465640893237909,-2.3727743180943,-1.908380217664,-0.494216081341832
1564,18203,"s3","m2",-0.0459591033828457,-0.414794427384512,-2.03757417376898,-1.95047167494821,-0.704544969337361
1565,18214,"s3","m2",-0.0151656625967623,-0.470958946570206,-2.10894334274016,-2.26704244981179,-1.20127248009459
1566,18226,"s3","m2",0.0159106678140294,-0.441990337674524,-2.53131198044409,-1.96212160175757,-0.873219440605836
1567,18238,"s3","m2",0.011023103151318,-0.445514968272346,-2.07904536109953,-1.69211053169133,-0.424323881560976
1568,18245,"s3","m2",-0.00174986101351323,-0.439021686064679,-2.08137615557021,-2.02439460404826,-0.930414172345469
1569,18251,"s3","m2",-0.00399899160294305,-0.457225069464306,-1.750058578882,-2.11244891148308,-0.767296613212405
1570,18259,"s3","m2",-0.0426830809192673,-0.400601343236101,-2.33483846355298,-2.03150987547723,-1.37593986391756
1571,18265,"s3","m2",0.0187153221672416,-0.472069681523776,-1.97129724539651,-2.02522827629277,-0.541366197404775
1572,18276,"s3","m2",0.00322540936775154,-0.498749193459226,-2.14432196835004,-2.40405304966603,-0.772544408860024
1573,18287,"s3","m2",0.00182920278733812,-0.50902248668847,-1.71760563235973,-2.15499983324743,-0.848279946854717
1574,18293,"s3","m2",-0.0115807664197498,-0.440986139388189,-2.40862252493572,-1.9944904863166,-1.30038303195697
1575,18305,"s3","m2",-0.00854381016669678,-0.446461983823878,-2.23792743802194,-2.0140030787964,-0.617565925300669
1576,18307,"s3","m2",-0.00624270702973453,-0.518072195675065,-2.44628103649241,-2.4805868537777,-0.46209430421009
1577,18335,"s3","m2",-0.0661160978271341,-0.542913445028315,-2.22627475852158,-2.25652161270865,-0.24142616898159
1578,18342,"s3","m2",0.0442645356157306,-0.473889480501861,-1.76744044649158,-1.87719237174477,-0.603351061846765
1579,18366,"s3","m2",-0.0205843436907894,-0.509718634687954,-2.0270127014493,-2.30876448909277,-0.557191899220135
1580,18385,"s3","m2",-0.0386053657702993,-0.503241352012168,-2.32812864841552,-1.8515736879072,-0.317696269251819
1581,18402,"s3","m2",-0.0498085672817695,-0.425816106136989,-2.10724278036685,-1.94688420828907,-0.870222877044848
1582,18410,"s3","m2",-0.0987448308378226,-0.466322150312389,-2.37497919698194,-2.4739148002995,-0.187513652614223
1583,18414,"s3","m2",-0.0107216504446139,-0.475895381834623,-2.05942270690303,-1.94344755758657,-0.158838246707585
1584,18417,"s3","m2",0.0316848060605663,-0.373629095594273,-2.11173664621058,-2.36521817065166,-0.89206053774476
1585,18421,"s3","m2",0.00883400764528985,-0.481379436611048,-1.86871400084464,-2.20683390747189,-0.50623283771434
1586,18435,"s3","m2",-0.0882675236752896,-0.491835884600123,-2.11736422567933,-2.26782861902877,-0.31398035649208
1587,18438,"s3","m2",-0.0499312828184349,-0.422052631512056,-1.89042327571867,-1.84611149763809,-1.60583426652886
1588,18453,"s3","m2",-0.021585751554628,-0.458387758518898,-1.76796415136644,-2.44029693038127,-2.17657712243805
1589,18458,"s3","m2",-0.0439030395466307,-0.524757916245085,-1.80694083910109,-2.12451889435678,-0.36514232689164
1590,18459,"s3","m2",-0.108580210138899,-0.550750617460237,-2.45489385250801,-2.15948767439348,-0.573796073043114
1591,18476,"s3","m2",-0.0676142145632635,-0.530732780281248,-1.87770063396296,-1.93393676699473,-0.223081432883757
1592,18482,"s3","m2",-0.0663219655933831,-0.494618847616976,-1.85667862090266,-2.02176897426625,-0.523549214467351
1593,18492,"s3","m2",-0.106584809686774,-0.52304890388465,-2.35009549906809,-2.52331722371835,-1.05337166959211
1594,18511,"s3","m2",0.0428726001242824,-0.462838445532779,-2.0042514555428,-1.65841972449982,-0.579643151325125
1595,18518,"s3","m2",0.0210058309242162,-0.453605277020848,-1.89147495945605,-1.77476897160996,-0.351514463327477
1596,18529,"s3","m2",-0.10325613138353,-0.461433111819163,-2.2868256554431,-1.78127960149081,-0.134382545921962
1597,18533,"s3","m2",-0.0456360452135439,-0.47760190073283,-2.41113217747103,-2.09431667166883,-0.151291372053855
1598,18602,"s3","m2",0.0103079302509104,-0.430374832090881,-1.91709249286041,-2.03335742237333,-0.408145026305874
1599,18607,"s3","m2",-0.0368525430021402,-0.376003192037275,-2.0981626080147,-2.03715335353356,-0.751947287776204
1600,18625,"s3","m2",-0.038435063123292,-0.428518426026157,-2.28100222285951,-2.15786275457656,-0.566296683714321
1601,18629,"s3","m2",-0.0271196004367578,-0.545769833599004,-2.24231158292481,-1.85953242594716,-0.155775594411846
1602,18636,"s3","m2",0.00557871138325744,-0.427249907451562,-2.17788585634182,-1.88904554581984,-1.25329487449608
1603,18656,"s3","m2",-0.0376997955993601,-0.484711468712412,-1.98270481981053,-1.76604572685376,-0.317059710135859
1604,18658,"s3","m2",-0.0409831633879855,-0.434990867630555,-1.89205680279095,-1.7357855340911,-0.650691130261284
1605,18680,"s3","m2",0.0151154917885129,-0.472147548860104,-2.09506086598225,-2.80940265470647,-0.476494792817643
1606,18705,"s3","m2",-0.00912401461305845,-0.507188454769667,-2.28387386758463,-1.98128409593594,-0.877673375959275
1607,18723,"s3","m2",-0.0607594640132396,-0.5137591851365,-2.23111564638742,-1.92667973960092,-0.0486197294569185
1608,18724,"s3","m2",-0.0184063257734222,-0.392270305026918,-2.19061683717638,-1.92718039128451,-1.40749220720394
1609,18744,"s3","m2",0.0122221597610004,-0.43504696979159,-2.08463061963316,-2.12546581077853,-0.856421819860754
1610,18754,"s3","m2",-0.0603284778585413,-0.43450195282284,-2.11771906838403,-1.63270629982081,-1.24535736945067
1611,18764,"s3","m2",0.0481385366995079,-0.411592063880914,-1.80917883074941,-2.14939109012742,-1.24609002187757
1612,18795,"s3","m2",-0.111707885199057,-0.505888976544479,-2.25607000793465,-2.02447217651964,-0.980373337067204
1613,18815,"s3","m2",-0.0951051935962023,-0.505576152817054,-2.45864298113746,-2.48483694038026,-0.690679332901947
1614,18854,"s3","m2",-0.0125377373744446,-0.506153289354936,-2.24174867961196,-2.12441941802917,-0.493966629089888
1615,18858,"s3","m2",-0.0777489291991933,-0.513904603582945,-2.47826552631229,-2.31992890683514,-0.265775219894161
1616,18870,"s3","m2",0.0186095486328046,-0.525895068845799,-2.16002695127953,-1.81774176595472,0.505451823724196
1617,18887,"s3","m2",-0.0269980969338382,-0.448089721670529,-2.17906709692145,-2.14628792610496,-0.209926477335834
1618,18923,"s3","m2",-0.117713197395376,-0.511007440650904,-2.24393349504909,-2.07926959060088,-0.0743085826698875
1619,18925,"s3","m2",0.0476821257280013,-0.466376143584998,-1.8008225874843,-1.77203234409412,-0.623610862942598
1620,18926,"s3","m2",-0.0731197287233674,-0.493929390009722,-2.09119644173827,-2.09105354264311,-0.53472913201725
1621,18929,"s3","m2",-0.0293378412621104,-0.421857204526498,-2.06260195913905,-2.08473341758408,-0.99815334824534
1622,18958,"s3","m2",-0.0698168207557288,-0.387882653625646,-2.65275376333583,-1.87632339956843,-1.25959843295319
1623,18960,"s3","m2",-0.0259763818604809,-0.422684124045105,-2.1582664085824,-1.90162466368426,-0.746334058253934
1624,18985,"s3","m2",-0.0577132622519623,-0.446698784542347,-2.45563014058163,-2.08798412896767,-0.729596631302643
1625,18990,"s3","m2",-0.0254696636932882,-0.447038213558265,-2.12660356010379,-2.07593845292917,-0.97296373689425
1626,18991,"s3","m2",-0.0589322310017684,-0.435690874578073,-1.69881849308416,-2.1709327046046,-0.640310955595358
1627,18992,"s3","m2",-0.0629456558601309,-0.529186148960967,-2.11410118761306,-2.12081612056266,-0.180465041242821
1628,19001,"s3","m2",-0.0307469859904353,-0.568434644621536,-1.82421551754468,-1.89592805521315,0.073880612455391
1629,19007,"s3","m2",0.0141727662102572,-0.451852810331462,-1.97618353262126,-1.95582848543401,-1.18645615727262
1630,19014,"s3","m2",-0.0558175445562151,-0.491472193631855,-2.28266581967866,-2.18903012947122,-1.04834017897596
1631,19027,"s3","m2",-0.024693546449583,-0.419165251462163,-2.27328622304038,-2.02296414016991,-1.18740158985711
1632,19045,"s3","m2",0.035617394512529,-0.4096421789047,-2.17241292795471,-1.94576119671959,-1.6882885521317
1633,19049,"s3","m2",-0.00507659496195862,-0.485045699780678,-2.43751699260572,-1.8285644960382,-0.354884910993681
1634,19067,"s3","m2",-0.0723235969295565,-0.519021195336109,-2.02938562672314,-2.11784273745922,0.0851983303108156
1635,19127,"s3","m2",-0.00203301830343195,-0.515973891953588,-1.72740784645404,-1.75524469304021,0.0544523119921693
1636,19140,"s3","m2",0.0117370846813627,-0.471642481076819,-1.98151690389398,-1.81822038318892,-0.562136524379364
1637,19162,"s3","m2",-0.0389149439057656,-0.481015788369303,-2.29579387787404,-2.20371710113092,-0.5505645907332
1638,19172,"s3","m2",-0.00256536019106643,-0.531547522963965,-1.85994906560521,-2.12680334834944,0.184706095680703
1639,19183,"s3","m2",-0.0130497736700053,-0.528962149019429,-2.40646296320916,-1.91915480419434,-0.86336882863276
1640,19193,"s3","m2",0.0396522251656636,-0.346458340076085,-1.88761597536802,-1.92394251557859,-1.5611194070238
1641,19214,"s3","m2",-0.0127039686794149,-0.565023883672536,-1.92631138582437,-1.84105099189572,0.177294722379292
1642,19223,"s3","m2",-0.0545590796185586,-0.547795314118313,-2.5418141788974,-1.89485418829097,-0.103957304811706
1643,19226,"s3","m2",-0.00594492143937276,-0.502978999587514,-2.17644922356492,-2.08663051345865,-0.189570023654188
1644,19227,"s3","m2",-0.0194351953945565,-0.443631470337332,-1.79793322389763,-2.08848489426632,-0.848320120704767
1645,19278,"s3","m2",0.0223623047847547,-0.447741393112276,-2.08574576765136,-2.40292633110906,-1.04318335947167
1646,19297,"s3","m2",-0.111363898897175,-0.405533746604483,-2.2880629470907,-1.86673072080716,-0.382101159144234
1647,19303,"s3","m2",-0.00128763381706374,-0.443234327305362,-2.15870233704774,-1.85197358709717,-0.744446474245081
1648,19320,"s3","m2",-0.0255945607353128,-0.451836631005649,-2.37908226473927,-2.14060537305265,-0.913808109193477
1649,19344,"s3","m2",-0.0232362700158538,-0.466096114557946,-2.45762611303753,-2.03689395858496,-1.61445156800785
1650,19346,"s3","m2",-0.0389911670068881,-0.408544297793281,-2.80476505407054,-2.22554531223781,-0.489038310945145
1651,19381,"s3","m2",-0.119188554367802,-0.519987277843228,-1.93257584275456,-2.02691050379914,-0.233322963203175
1652,19385,"s3","m2",-0.0494373952827868,-0.443511377358647,-2.36121583811303,-1.85870750314033,-0.292294182933141
1653,19386,"s3","m2",-0.0383483685082222,-0.423158980855983,-1.90647216149857,-2.11615654097289,-0.470433580740405
1654,19396,"s3","m2",-0.00379296982843258,-0.560590627315554,-2.09107255653121,-2.33584867415284,0.0556234346954959
1655,19397,"s3","m2",-0.0251626551295233,-0.409535217468351,-2.19183035192401,-2.50700942728064,-1.30798824721538
1656,19404,"s3","m2",-0.0898174040197163,-0.486254006908817,-2.1057576129884,-2.42938388371568,-1.16934083722921
1657,19432,"s3","m2",-0.0405511133734149,-0.477150595855468,-2.01468426141236,-2.36650011965005,-0.960127549176211
1658,19439,"s3","m2",-0.079094307567011,-0.405551525769273,-2.4320480655353,-2.40262370945058,-0.850911970327276
1659,19450,"s3","m2",-0.0938743966010633,-0.490862193557854,-2.5143273610071,-2.17937420641582,-0.40322995040337
1660,19466,"s3","m2",-0.0367177733869978,-0.49356949067253,-1.95357001100371,-2.1691699120854,-0.457046970576462
1661,19486,"s3","m2",-0.0972912417732504,-0.451570618203999,-2.49131730685335,-1.89486909844671,-0.912425713755607
1662,19538,"s3","m2",-0.0383346677629623,-0.542227698826786,-2.50902203740256,-2.35900292872398,-0.0516348090113009
1663,19548,"s3","m2",0.0711027333961102,-0.4587006538256,-2.00113496433316,-2.22490806174574,-0.441351255983229
1664,19584,"s3","m2",-0.0516563393946277,-0.519279769845172,-2.72985070106408,-2.15965196537538,-0.1098296951477
1665,19586,"s3","m2",-0.0840681920801909,-0.419786327232789,-2.33347467638258,-2.06422122665448,-0.729384645364508
1666,19600,"s3","m2",-0.00277177298838802,-0.458754671022853,-2.0310694324763,-2.36990800966186,-0.806054880831253
1667,19619,"s3","m2",-0.0786581635152641,-0.557686453081746,-2.32783232804743,-2.41947987580115,0.0441836630605831
1668,19634,"s3","m2",-0.0208272052679076,-0.511217585693559,-2.39200588254578,-2.06013079692753,-0.458005808885829
1669,19637,"s3","m2",-0.11843257912744,-0.498577008059973,-2.06722010962781,-2.07937494605307,-0.65911632509132
1670,19649,"s3","m2",-0.0985779529681622,-0.535205120871986,-2.13453279989961,-1.77084996256787,-0.329702325762948
1671,19688,"s3","m2",0.010463180061893,-0.456940149274544,-1.86902961769853,-2.10970512060061,-0.433341038712462
1672,19722,"s3","m2",-0.112814162309981,-0.437088419830098,-2.59418091711576,-1.89535215213073,-0.398512293566968
1673,19734,"s3","m2",-0.0562590773952306,-0.503790222999283,-2.16163343027888,-1.8535850127547,-0.993580694230209
1674,19742,"s3","m2",0.0354221382794884,-0.498951539979198,-2.22661214789202,-2.04319761956631,-1.10533949275187
1675,19764,"s3","m2",-0.0328111021069054,-0.44502937651804,-2.22145434109919,-1.84330030318333,-1.35766975229309
1676,19766,"s3","m2",-0.071743178599204,-0.491494693251182,-1.85679316898719,-2.24988539075063,-0.366867901838992
1677,19774,"s3","m2",-0.131059671614577,-0.500516227712363,-2.2719267649433,-1.81818099085011,-0.500567309407801
1678,19788,"s3","m2",-0.00502105202101499,-0.469442818083408,-2.12297655224448,-2.47546613167513,-0.270111732448248
1679,19792,"s3","m2",-0.0442309874657187,-0.519641635738481,-1.70369292992999,-1.99451280737132,-0.114044509594122
1680,19811,"s3","m2",-0.0494102926707221,-0.448118286306735,-2.10366433679846,-2.11623299808961,-1.33047946446402
1681,19813,"s3","m2",-0.0188513911952576,-0.478429920240314,-2.0480036116758,-1.82845651205518,-0.533230387947327
1682,19817,"s3","m2",-0.0732067682335183,-0.445546710340453,-2.59169891864651,-1.68519120517459,-0.289423274703104
1683,19818,"s3","m2",-0.0484678723245974,-0.435737226813306,-1.79527279091015,-1.9551994570268,-1.01125357603734
1684,19820,"s3","m2",0.0368704545228447,-0.427125668019505,-1.66344371724209,-2.15679964289327,-0.408084928689248
1685,19837,"s3","m2",0.000727350189981109,-0.412506543383015,-1.66170579071472,-2.05646258590039,-1.3571494498214
1686,19861,"s3","m2",0.0128179802051596,-0.461742816033348,-1.91613071258397,-2.06748485473123,-1.9326723134612
1687,19874,"s3","m2",-0.0394169417186222,-0.493473794096065,-2.07619964061015,-2.07292100203307,-0.284517405793229
1688,19883,"s3","m2",-0.0752746096199062,-0.501474828954584,-2.53071539042687,-1.90983957766348,-0.0804765433146744
1689,19917,"s3","m2",-0.0188136061852978,-0.485830020937678,-2.40018672611526,-2.32292239924049,-0.232036761521834
1690,19935,"s3","m2",-0.0678264647959467,-0.431385645983128,-2.40347451420296,-2.24462832151103,-0.942183570381442
1691,19944,"s3","m2",-0.062710326764558,-0.494364306828508,-2.22717286685993,-2.21377611729752,-0.64038340294816
1692,19946,"s3","m2",-0.0516723187349544,-0.46692616752129,-2.26834723477338,-1.73677406536558,-0.448422098404617
1693,19978,"s3","m2",0.00202609145213436,-0.4206138117596,-2.12599048506913,-1.82963129816987,-1.37730165010577
1694,19988,"s3","m2",-0.0718469199728132,-0.507867908730496,-2.01969104119528,-2.20335025330256,-0.799026490079647
1695,19991,"s3","m2",-0.010287486878759,-0.518203497801862,-2.06492346520449,-1.89436193405198,-0.625983060015871
1696,19998,"s3","m2",0.0141943565090166,-0.396926881974397,-1.90693640111209,-1.94513423283154,-2.10907654230394
1697,20015,"s3","m2",-0.00731521805289878,-0.498047498621804,-2.03793296236423,-2.06280214135601,-0.736321377480926
1698,20018,"s3","m2",-0.0481708829233337,-0.414069526671081,-2.31012146762354,-1.7144415200899,-0.847462724885222
1699,20019,"s3","m2",-0.0370830371516808,-0.516584595959892,-1.85277297356359,-2.25628609409508,-0.149445933526487
1700,20037,"s3","m2",0.0347572896860145,-0.420936893732287,-1.8416615774197,-1.94719414549972,-1.03073798336128
1701,20047,"s3","m2",-0.0963733718749185,-0.48283713808392,-2.31848790478498,-1.88524355359586,-0.801295974833515
1702,20048,"s3","m2",-0.0530467282705097,-0.411853796818967,-2.08793167969423,-2.2129883480939,-0.307643567211768
1703,20098,"s3","m2",-0.0450505409845615,-0.42902905196096,-2.15514984542395,-1.95115639638701,-2.19932284168109
1704,20103,"s3","m2",0.0401561857735282,-0.503240816872795,-2.36601235850017,-1.99571926625354,-0.593432274319084
1705,20118,"s3","m2",-0.0580368876684854,-0.545615557581977,-1.81196119955829,-2.13497777978743,0.00581841000568849
1706,20119,"s3","m2",-0.025299488956627,-0.46872858744372,-2.05079408167819,-2.3110413898121,-0.898062830845169
1707,20123,"s3","m2",0.0221719604826808,-0.490607751377746,-2.06544347052044,-2.23601688426579,-0.501268715193179
1708,20125,"s3","m2",0.025666270683653,-0.45524924137897,-1.85352600614955,-2.01217139118306,0.213895521379616
1709,20130,"s3","m2",-0.0810820749109915,-0.448156469345041,-2.11561654196532,-2.14006640984806,0.147037613330543
1710,20155,"s3","m2",-0.0422293631411572,-0.524150657061428,-2.26522197398819,-2.00767677268041,-0.258195432736672
1711,20157,"s3","m2",-0.0209530580394456,-0.525128067285113,-2.12516520525765,-2.23509255367179,-0.191018481168448
1712,20160,"s3","m2",-0.0593257272006342,-0.48340097274206,-1.8571904695304,-1.81058942201169,-0.153494927559566
1713,20168,"s3","m2",-0.0122866162533842,-0.442020252313697,-2.05472809619355,-2.07362530032157,-0.712155679478125
1714,20170,"s3","m2",0.0106098787202671,-0.513457848295001,-2.18623820915005,-2.79064280190102,-0.789208565289892
1715,20201,"s3","m2",-0.0673632383669167,-0.506265774453707,-2.22533083165443,-1.89215542689892,0.328739393527089
1716,20206,"s3","m2",-0.0104799245383701,-0.465162053916853,-1.96748694660317,-2.05886086634567,-0.705314096696651
1717,20225,"s3","m2",-0.0576974024963592,-0.573248081102173,-2.15941148601004,-2.05047672607242,0.224096839807879
1718,20232,"s3","m2",0.017584749448542,-0.433269699513416,-2.24056257296216,-2.14056434596197,-0.878363132683366
1719,20234,"s3","m2",-0.0226865733065829,-0.423082498297077,-2.43116352078065,-2.25719676943425,-1.59056430126685
1720,20248,"s3","m2",-0.0621850380856589,-0.587254492018939,-2.18996137553692,-2.10296198197123,-0.14971006226584
1721,20252,"s3","m2",-0.0845633524736609,-0.44016287502643,-2.293179298293,-1.80287224846102,-0.852736189252622
1722,20253,"s3","m2",-0.0503465846741407,-0.455023839748071,-2.29939866943033,-2.41371409149724,-0.256598084609768
1723,20258,"s3","m2",-0.0728178123341797,-0.52114253077666,-2.25646736238611,-1.96238654883265,-0.472549531278808
1724,20297,"s3","m2",0.0517005389495783,-0.459005137812884,-2.36906257377995,-2.30648298272841,-0.696099243223225
1725,20306,"s3","m2",0.0726237813907947,-0.432150978401013,-2.32621474107623,-2.00020556442451,-2.53029494523111
1726,20312,"s3","m2",0.0192546021849047,-0.378453913031922,-1.91594748573134,-1.85283982697321,-1.12514128221278
1727,20333,"s3","m2",-0.0211928833783386,-0.559128890849099,-2.07763107339873,-2.17119532730479,0.072710599860347
1728,20345,"s3","m2",-0.0404394358134238,-0.490815089210439,-2.28273884579914,-2.40144438484924,-0.42112824630227
1729,20373,"s3","m2",-0.0523663542123636,-0.504033532384266,-2.16878006371898,-1.99927712656016,-0.603247307971937
1730,20376,"s3","m2",-0.0589019101432076,-0.481221049726767,-1.91924200006014,-2.69393385761629,-1.05199804181373
1731,20390,"s3","m2",-0.0479685559855872,-0.450079055998398,-2.31792764604838,-2.04710475242855,-0.213920760873536
1732,20397,"s3","m2",0.0330041792909853,-0.470401130488065,-2.31640762471617,-1.98811689541307,-1.81062597419168
1733,20404,"s3","m2",-0.0904728893199922,-0.431967263991555,-1.9895493569015,-2.24278736228767,-0.705680638109863
1734,20417,"s3","m2",-0.0477876548002024,-0.524334063920849,-2.00274428858358,-2.28465559317474,-0.44166340635972
1735,20431,"s3","m2",0.00196312359530698,-0.450767928425238,-2.18234463868755,-2.59241371779498,-1.54504319251351
1736,20446,"s3","m2",-0.0349277182680825,-0.449672829431555,-2.39281368459623,-2.72203408292329,-1.52873545062519
1737,20451,"s3","m2",-0.0678609270820358,-0.498680131620895,-2.39329775626719,-2.11720970256222,-0.476200472238791
1738,20458,"s3","m2",-0.116711456445049,-0.449470639122642,-2.4699993443923,-2.06955997054669,-0.500758040090735
1739,20471,"s3","m2",-0.00120716787349521,-0.479007493926733,-2.06958473642107,-1.94349916041116,-0.460174739722027
1740,20472,"s3","m2",-0.0295195820978472,-0.419761452285342,-2.04559336827727,-1.99046102931468,-0.877604831726201
1741,20484,"s3","m2",-0.100726041463643,-0.550807349746361,-2.23289223284917,-2.27012884589186,0.391198673646946
1742,20528,"s3","m2",0.0316568575752657,-0.444063720431112,-2.02789349329011,-2.05582349228604,-0.521466037736795
1743,20534,"s3","m2",-0.0417998370441872,-0.435332808584233,-1.88946501692705,-1.95253198551747,-0.629799776619145
1744,20543,"s3","m2",-0.0400133046360012,-0.51226941532299,-2.08826541608445,-2.23941711050744,-0.268242167518133
1745,20546,"s3","m2",-0.0314612348576643,-0.397566998295465,-2.33002115631441,-2.14926815343763,-0.844176084549733
1746,20558,"s3","m2",-0.0403906022804291,-0.461931040706251,-1.979573408001,-1.97577292383834,-0.961757298334264
1747,20565,"s3","m2",0.0165435525918995,-0.493523595407524,-1.82936943399176,-2.06169988162551,0.0156887738595412
1748,20587,"s3","m2",-0.0795611008657595,-0.540563390502388,-2.51759572321079,-2.24657193006344,0.302268300112523
1749,20604,"s3","m2",0.0116760429648984,-0.497625759169633,-1.9473819830435,-1.94256423024822,-0.815267622973505
1750,20613,"s3","m2",-0.0536532216270171,-0.465266646445048,-2.21997133980662,-2.44710403111329,-0.783329214073007
1751,20616,"s3","m2",-0.0533343395420949,-0.561391455975354,-2.41730823801257,-1.99087413081669,0.022951965625919
1752,20635,"s3","m2",-0.0885532802617723,-0.467855962469196,-2.31190430662718,-1.79022315329461,-0.556443891258064
1753,20636,"s3","m2",-0.00637650021864679,-0.437703816876318,-2.27147695332355,-1.80907328777507,-1.73965379133192
1754,20687,"s3","m2",0.0157267156408145,-0.4409496168385,-1.92062725647848,-1.72742749724073,-1.74717666910049
1755,20694,"s3","m2",-0.0580260570180584,-0.477171668186932,-2.21759580290657,-2.17208654230949,0.0254183530115178
1756,20696,"s3","m2",-0.0134371996886457,-0.451133073845467,-2.42480242066477,-2.36840069856748,-0.589087586191567
1757,20715,"s3","m2",-0.0813472058588659,-0.48624740306483,-1.80896791130389,-2.25788218678301,-0.180084988863583
1758,20718,"s3","m2",-0.0624862837627673,-0.520241826094569,-2.03602539248499,-2.10113246653015,0.114835104503198
1759,20726,"s3","m2",0.0502983748600752,-0.431161445847244,-1.88608252993976,-1.65083167859525,-0.774292170287473
1760,20729,"s3","m2",-0.0528477537909718,-0.449968726330283,-1.86567341657627,-2.0948073099142,-1.07236634514215
1761,20732,"s3","m2",-0.0817910123738193,-0.387982441263637,-2.52851875449424,-1.94613450441362,-1.87906317665148
1762,20742,"s3","m2",-0.0567978745378439,-0.52446499952798,-2.41037513374476,-2.26673122225603,-0.423806029684601
1763,20750,"s3","m2",0.0137943036598183,-0.482219475220117,-2.10397281437565,-2.20184860502787,-0.672772214577595
1764,20782,"s3","m2",-0.116443372220444,-0.516401098390237,-2.49470290293773,-2.24916257837557,-0.424915848528909
1765,20784,"s3","m2",-0.0375012495912733,-0.414604535928786,-2.51314153473273,-2.07224323653121,-0.669319716317846
1766,20787,"s3","m2",-0.116639944810823,-0.505439022493586,-2.35900852434767,-1.83083076901479,-0.345911602974972
1767,20808,"s3","m2",-0.0653543703528859,-0.56118964141453,-2.23792791452722,-2.07011741434329,-0.0355819351372441
1768,20815,"s3","m2",-0.0331587536438652,-0.442537557010403,-2.32749044636414,-2.0843280263127,-0.394495608206476
1769,20819,"s3","m2",-0.0949873363035899,-0.482337207868605,-3.02622103891133,-1.94010582456687,-0.182598476716043
1770,20859,"s3","m2",-0.0602054380916649,-0.477683995681908,-2.8110806318486,-2.11246213379908,-0.257257881393582
1771,20862,"s3","m2",0.00734291585322019,-0.465103752908011,-2.19132629510821,-1.9500642802641,-1.35728438710489
1772,20863,"s3","m2",-0.00439927296425688,-0.551455186343541,-1.84534625170042,-2.26283646549835,-0.620274960276639
1773,20866,"s3","m2",0.0141127473601507,-0.472211776642108,-1.93720140821995,-1.85930300836986,-0.305657419654623
1774,20893,"s3","m2",-0.0760472273457357,-0.585692248086507,-2.39586330280572,-2.68118366802606,-0.329795726788057
1775,20896,"s3","m2",-0.0440587756573306,-0.406181073492424,-2.23235700561587,-1.85295996012234,-0.70160354883028
1776,20905,"s3","m2",-0.0626237358931172,-0.525282641006786,-2.18659745174914,-1.8918024570236,0.117951288890748
1777,20921,"s3","m2",0.043068113170618,-0.523539484312328,-1.9227945620019,-2.11706740917206,-0.329084859186694
1778,20930,"s3","m2",0.0173058159787984,-0.461339944873483,-1.90032927227701,-2.4604932703026,-0.76945283733774
1779,20937,"s3","m2",-0.00930273739632878,-0.515528349839689,-1.80225248015282,-1.86491902586258,-0.342631807621394
1780,20947,"s3","m2",0.0160937743829447,-0.492028586732626,-2.21666886742098,-2.01146188579002,-0.704989684839163
1781,20951,"s3","m2",-0.0694760725434192,-0.504675719979448,-2.08244134695868,-2.41098244725728,-0.15938522082929
1782,20969,"s3","m2",0.00909689737982547,-0.474539205838486,-2.5900318022784,-2.41445760720091,-0.29448352128486
1783,20976,"s3","m2",0.00459929950334189,-0.50348908293085,-2.23223601509293,-1.91005992489881,-0.239020938125058
1784,20979,"s3","m2",-0.0112851699749208,-0.461031033227285,-2.21479225199831,-2.22982690007492,-1.69126712848698
1785,21003,"s3","m2",-0.0483445540567868,-0.408638183480206,-2.36436986917698,-1.91311714454918,-1.18698856917037
1786,21014,"s3","m2",-0.0304152415422399,-0.468800289039952,-2.17634808881249,-2.52289794869691,-0.538431533873218
1787,21018,"s3","m2",-0.0695006015583953,-0.452489863495712,-2.11519688152764,-1.90314037239006,-0.464091711692946
1788,21025,"s3","m2",0.0433944170680586,-0.38705096409406,-1.891479392288,-2.17929898053736,-1.39535292151226
1789,21038,"s3","m2",-0.0287267935503877,-0.527216210440171,-2.29476586709735,-2.64619816216639,0.304491827422629
1790,21063,"s3","m2",-0.0561421013204464,-0.433529529335489,-1.9651669970051,-2.50419003366323,-1.02800624606287
1791,21077,"s3","m2",0.0111162460711184,-0.478460068173413,-2.03086421377743,-2.61704826167545,-0.978397437284122
1792,21091,"s3","m2",0.0217451803283125,-0.421333292240408,-2.21641969178417,-2.24287831475756,-1.47570182291417
1793,21102,"s3","m2",-0.0184600049307153,-0.470852657624918,-2.1931400698609,-1.76234755136449,-0.178149612302132
1794,21104,"s3","m2",-0.0497086316150244,-0.456911123917365,-2.2908535508552,-1.69774071033877,-0.225886062178585
1795,21122,"s3","m2",-0.0461417977949463,-0.388024564209537,-2.11882545272615,-1.97243247064759,-1.03933524433044
1796,21124,"s3","m2",0.0222557699076853,-0.432327702427038,-2.27008795172653,-1.93601074989499,-1.90415670315636
1797,21138,"s3","m2",-0.0164421078324463,-0.443258701942415,-2.55578506453299,-2.09234368204729,-0.574518971329996
1798,21143,"s3","m2",-0.00755908159439039,-0.518644322165952,-2.05146610139856,-1.74391060636986,-0.44020576725009
1799,21144,"s3","m2",-0.0302623708786608,-0.454134080523718,-1.92355476149721,-2.00096910817638,-0.800006822832494
1800,21165,"s3","m2",-0.127806405066341,-0.495076811029245,-2.5450305606498,-1.91080889604466,-0.359388813021819
1801,21181,"s3","m2",0.0554688874328706,-0.451653963980893,-1.94290979862296,-2.27275253372905,-1.14361052232284
1802,21200,"s3","m2",-0.0394962369643502,-0.495751873534264,-2.21779863810976,-2.11647432514532,-0.50969755791869
1803,21280,"s3","m2",0.0400970484185724,-0.469838585950006,-1.78217869938277,-2.55917235735576,-0.929386274446135
1804,21288,"s3","m2",-0.0736859785434485,-0.490793245868789,-2.40874918988686,-1.89313143254818,-0.37752715788799
1805,21302,"s3","m2",-0.0334955426038312,-0.50775578436352,-2.44038905395805,-2.43641417965667,-0.0652300842576266
1806,21323,"s3","m2",-0.00735493911877885,-0.389767930518228,-2.22888353886557,-2.06405237776097,-1.79903051311269
1807,21325,"s3","m2",-0.0305562905799183,-0.46650083527433,-2.35381760477153,-2.15373275888935,-0.784183906476304
1808,21361,"s3","m2",-0.0653521758855812,-0.399399660648756,-2.6939970024773,-2.15407853123323,-0.877955224483298
1809,21370,"s3","m2",-0.0295340348970369,-0.446126177344988,-1.80588119529137,-2.16014383369483,-1.01686005298907
1810,21384,"s3","m2",-0.020124044618021,-0.389472888164407,-2.03832133280987,-2.5237679681107,-0.765363747738297
1811,21392,"s3","m2",-0.00585924040907076,-0.395875393001349,-2.35794019861216,-1.88481524569936,-0.705332009412749
1812,21411,"s3","m2",0.0177338461431327,-0.53224878995139,-1.87112413056046,-2.84098756145531,0.0976061013718995
1813,21413,"s3","m2",-0.0995252676102545,-0.494525279933993,-2.24574016313005,-2.22042170823325,-0.446401715799334
1814,21420,"s3","m2",-0.025873246769929,-0.491283222204091,-2.17410435553138,-2.01737470285545,-0.353334844715449
1815,21423,"s3","m2",-0.106196811058363,-0.547964741516292,-2.31217100028639,-1.68187896597774,-0.0142878753232498
1816,21435,"s3","m2",-0.0804898277840041,-0.605397025439984,-2.08513750657589,-2.28436786408209,0.24614090468989
1817,21438,"s3","m2",-0.0200591589808859,-0.397349662977224,-2.48216731319148,-1.72072063901659,-0.281306718357312
1818,21460,"s3","m2",-0.0943900277230669,-0.578299188546507,-1.98045538540289,-2.262972792959,-0.381618483471959
1819,21474,"s3","m2",-0.0538568135011435,-0.492254689129578,-1.96947258009384,-2.15573316896323,-0.43517475471147
1820,21509,"s3","m2",-0.0141542865533603,-0.466997855486812,-1.85475907700938,-2.42299363422007,-0.650853968277856
1821,21517,"s3","m2",-0.0688809857210335,-0.474249910334414,-2.20162477591761,-2.05855383557654,-0.219813904856771
1822,21525,"s3","m2",0.0289095881867595,-0.386968699045313,-2.0741529745437,-1.50524591441079,-1.08660740665841
1823,21539,"s3","m2",-0.0140345261718068,-0.442046614428459,-2.47872465371089,-2.20074181800409,-1.07636511053823
1824,21555,"s3","m2",-0.043535845732986,-0.543804485503975,-2.29061904293496,-2.56041127394804,-0.0609018832840247
1825,21564,"s3","m2",0.0474144143176404,-0.411910539194817,-1.85347563106943,-2.04150621870792,-1.2863884528308
1826,21579,"s3","m2",-0.0322366277626394,-0.455124022194634,-1.67728904370976,-2.16578373079452,-1.3903890230622
1827,21597,"s3","m2",-0.00477917084273238,-0.382264441407971,-2.12737427735227,-2.13531236151646,-1.03900736661575
1828,21599,"s3","m2",0.00550790057170354,-0.422494837413126,-2.25979479250958,-2.25050495253149,-0.557551503207953
1829,21616,"s3","m2",-0.0736039468709669,-0.428765998341063,-2.08716240935301,-1.92376446650889,-0.728854263439712
1830,21627,"s3","m2",-0.0773436950469921,-0.501022639237684,-2.33466383379451,-2.20499145318104,0.0373907502561561
1831,21632,"s3","m2",-0.0149390966522049,-0.425711092762792,-2.00249187557263,-2.26015909568617,-0.698912971318418
1832,21637,"s3","m2",-0.00207268727362723,-0.543478011976248,-2.25875308191223,-2.44294551144794,-0.0148005923202823
1833,21650,"s3","m2",0.00258591047066491,-0.540799260895371,-2.22253720013717,-2.15600534746107,-0.459439782357155
1834,21681,"s3","m2",0.0210883760901209,-0.441331023764067,-2.0482782094015,-1.87098707505223,-0.985223668969585
1835,21693,"s3","m2",-0.035318472638681,-0.503659726288188,-2.02733667467089,-2.21611221139597,-0.775875570187215
1836,21695,"s3","m2",-0.0125395005972439,-0.516165873722079,-2.09078485385384,-1.98643021976877,-0.590711575933246
1837,21700,"s3","m2",0.0162304985690724,-0.434803987104798,-2.0409955032109,-2.08344569894265,-1.11751191115065
1838,21711,"s3","m2",-0.00832960114329888,-0.443372916113012,-2.29545376174567,-1.76682076213024,-0.955562767180434
1839,21724,"s3","m2",-0.094129651555208,-0.515737521627375,-2.61311623086767,-2.35225110889312,0.282355622734663
1840,21740,"s3","m2",-0.0429687356320461,-0.467019063403605,-2.44158891337811,-1.98730384684804,-0.536545986230827
1841,21753,"s3","m2",-0.0795873992815262,-0.43398673168655,-2.2414947360884,-2.22278342161998,-0.375963947813288
1842,21759,"s3","m2",-0.120880895426271,-0.524274192371851,-2.48278627926334,-2.04043703930235,-0.38374128762486
1843,21769,"s3","m2",-0.000637286048155471,-0.52931255815731,-2.10377465873388,-2.0487969998465,-0.111287596894009
1844,21788,"s3","m2",-0.0305816868165687,-0.470480485288351,-2.41265105383372,-2.07784600186445,-0.535490208458973
1845,21796,"s3","m2",-0.0146150422167011,-0.57840993490394,-2.28621794634744,-1.99522308718443,0.356250344758739
1846,21803,"s3","m2",-0.0348663032717628,-0.523130682577214,-2.27763242764631,-1.98441780187161,0.170636172514089
1847,21804,"s3","m2",-0.0369830507259871,-0.471240129439217,-2.25160078183167,-2.15458811912993,-0.732117638245103
1848,21811,"s3","m2",-0.0766777852748215,-0.493920082376709,-2.40278589472307,-2.44544513509468,-0.551896734467345
1849,21843,"s3","m2",-0.022326595966228,-0.443944756727721,-1.93032088027295,-2.02565526777961,-0.507194439000757
1850,21844,"s3","m2",-0.0442418588255871,-0.521196018301526,-2.0687507300935,-2.28894384359152,-0.0255681458345435
1851,21852,"s3","m2",-0.0276275062331328,-0.422154069425727,-2.31831084676976,-1.62944911128359,-1.15470838335992
1852,21874,"s3","m2",-0.0849862110486718,-0.531721542741533,-2.05413104950608,-2.43871511566543,-0.0152597848682996
1853,21882,"s3","m2",-0.0485211099821421,-0.468295078296064,-1.95044914377371,-2.33627566377294,-0.499259482921335
1854,21885,"s3","m2",-0.000463722562797494,-0.464402267287485,-2.12636209240993,-1.93868895619473,-0.89577711035474
1855,21886,"s3","m2",0.00332940081341146,-0.416803661304982,-1.94076445343335,-1.86495272238752,-0.700884299985846
1856,21895,"s3","m2",-0.0304226000481664,-0.493418184383402,-1.90224599836348,-2.65262705283915,-0.424426929019488
1857,21906,"s3","m2",0.0225336827234679,-0.549943847828121,-2.22796256068984,-2.38348698195597,-0.612789003744151
1858,21911,"s3","m2",-0.0650609552081512,-0.440784176230422,-2.8835871666832,-2.07431946668714,-1.01184425079224
1859,21941,"s3","m2",-0.0446026918319602,-0.504017636770085,-2.09131274006991,-2.10713855919299,-0.972684186984059
1860,21944,"s3","m2",0.0154817949267439,-0.50967030228937,-2.05350326751546,-2.06118400507763,-0.80131345808069
1861,21948,"s3","m2",-0.0459396598387896,-0.403796977149093,-2.05013880306727,-1.89489131718641,-0.429997360453437
1862,21978,"s3","m2",-0.0174969722337115,-0.464845724299336,-2.21920722674287,-1.7686349844632,-0.357162797255109
1863,22006,"s3","m2",-0.073923790005863,-0.46030314516125,-2.37383932377,-2.11030671106956,-0.353898485598157
1864,22015,"s3","m2",-0.105561311399742,-0.57602561672612,-2.18951814754362,-2.46961177162365,-0.240661049990766
1865,22024,"s3","m2",0.0622260806486602,-0.521619645607137,-2.37577089318055,-2.35133020826915,-0.641195556245704
1866,22048,"s3","m2",-0.0402157407196182,-0.47558179849725,-2.35054673280464,-2.04089055785984,-1.00505726646806
1867,22049,"s3","m2",-0.0875127726931298,-0.499232196173161,-2.33979322757422,-2.18827950576621,-0.56209816234905
1868,22054,"s3","m2",-0.0423395744352679,-0.430821044714085,-2.30714315139321,-1.92275964443677,-0.946406139764433
1869,22061,"s3","m2",-0.0572092384138384,-0.466738062624737,-2.23443710959645,-2.07488386434589,-0.801362329450349
1870,22080,"s3","m2",-0.0256477190641988,-0.48091999785727,-1.83248251242899,-2.48426697742383,-0.349691276069737
1871,22090,"s3","m2",0.0327043874376954,-0.447273563299501,-1.86203779033262,-2.38921139371273,-0.54657582180041
1872,22093,"s3","m2",-0.0541477822365353,-0.480824572813855,-2.20688305571352,-2.08252460882758,-0.35010495778962
1873,22107,"s3","m2",-0.0684657733584679,-0.440218074315012,-2.61830391990361,-2.19020155206701,-1.45708556576067
1874,22110,"s3","m2",0.0184175216548271,-0.362749120235461,-1.7870816458883,-1.94708730346084,-2.06683378612269
1875,22111,"s3","m2",-0.0271657614754499,-0.412225755804893,-2.14262523990337,-2.14836727072118,-1.34638668205053
1876,22135,"s3","m2",-0.00588495860719563,-0.513610131314281,-2.1576284963131,-2.34458289299021,0.0631867216508702
1877,22138,"s3","m2",-0.0551109120640699,-0.434998473533789,-2.41021654552106,-2.22454765200412,-1.40742638163752
1878,22143,"s3","m2",-0.042302143001589,-0.396062211233443,-2.2385873762729,-2.76982406145058,-2.0922962370339
1879,22144,"s3","m2",-0.0190994819602719,-0.459957371309651,-1.8707892966341,-1.93156328894965,-1.16478669789911
1880,22148,"s3","m2",0.0367949362525988,-0.457397829872566,-2.13926790426463,-1.97164666439412,-0.503845153454586
1881,22151,"s3","m2",-0.113469121647425,-0.491398086163652,-2.18978212370033,-1.74401607425703,-0.318290351738113
1882,22154,"s3","m2",-0.0284506123462995,-0.471132230054332,-2.23253948781272,-1.84420512814587,-0.923957560665253
1883,22163,"s3","m2",-0.052193969663143,-0.520835171992206,-1.85185362346802,-2.26981848365786,0.31149296520168
1884,22175,"s3","m2",0.0229061228391958,-0.519129514946493,-2.19120163785903,-2.41470594985868,-0.23596762563657
1885,22193,"s3","m2",-0.0532093614902701,-0.483300061944119,-2.39875831120335,-1.92858730013864,-0.208471960537593
1886,22196,"s3","m2",-0.0690826584840659,-0.478413307707607,-2.0183321644356,-1.86620163829535,-0.255219897907289
1887,22206,"s3","m2",-0.0165707785830506,-0.421757523015381,-2.20250309867864,-1.81580784877508,-0.433239431497656
1888,22215,"s3","m2",-0.0619110300197372,-0.471022306194232,-2.00930101238284,-2.10651865634923,-1.16185222609294
1889,22220,"s3","m2",0.00332213390542256,-0.461004722799695,-2.52133880009351,-1.61250229691838,-0.320861100820932
1890,22244,"s3","m2",-0.00970924197947875,-0.467187646416916,-2.0540305376325,-1.82928251556392,-0.485734108314947
1891,22245,"s3","m2",-0.0375422089221036,-0.480512492546387,-2.37067534478516,-2.34878852667126,-0.392786714774886
1892,22250,"s3","m2",-0.0277984713949546,-0.400660981605435,-1.91078459865668,-1.97960729573699,-0.852368805054784
1893,22260,"s3","m2",-0.0587963004800533,-0.585364852061583,-2.14255376737805,-2.50830797980612,-0.353626625744089
1894,22285,"s3","m2",-0.0392848409567242,-0.60666404354001,-2.46852966738358,-2.73353809475651,-0.234883547308173
1895,22293,"s3","m2",-0.0456107444708797,-0.419867594408135,-2.02251048237751,-2.43023361584518,-1.31789086570121
1896,22294,"s3","m2",-0.0429561009856197,-0.486629715389505,-2.33567011034457,-1.87436613011588,-0.160594431801136
1897,22298,"s3","m2",0.0114499501220465,-0.350285546845866,-1.92976365921134,-2.07421264739649,-1.35087155715531
1898,22306,"s3","m2",-0.0206346528912026,-0.418322820926364,-2.18335629963414,-2.18674159853884,-0.735346815907712
1899,22315,"s3","m2",0.0591247722043022,-0.393944784343779,-1.8300598080676,-1.76781133205944,-1.56311283705134
1900,22329,"s3","m2",-0.0594097921373961,-0.455627885532361,-2.10250132711699,-2.1852006899639,-0.737001237318968
1901,22339,"s3","m2",-0.00533548355189642,-0.425047764218587,-2.18814138382577,-2.05050057889525,-0.536684771912125
1902,22384,"s3","m2",-0.0229973885569539,-0.473367360511903,-1.94047306583219,-2.17540289322117,-0.789554524660838
1903,22387,"s3","m2",0.0140603243074018,-0.480137814050134,-1.99680618874797,-2.38261062621462,-0.886292035497516
1904,22389,"s3","m2",0.00593861997006086,-0.405915572169236,-1.92995358007387,-1.98076163273825,-2.15062197104891
1905,22416,"s3","m2",-0.0173495756681328,-0.34969393589256,-2.65295031682961,-1.92326532344238,-1.488334676475
1906,22420,"s3","m2",-0.0220745426275013,-0.397236389686037,-1.99398905494017,-2.22849735995448,-2.65236702469676
1907,22440,"s3","m2",-0.0621159391343575,-0.424764600297108,-2.01274709032454,-1.66226657318333,-1.02851986487633
1908,22479,"s3","m2",-0.0833224207176493,-0.466709744259629,-1.99898604684565,-2.2905741332209,-0.182379485926699
1909,22487,"s3","m2",-0.0456947131286621,-0.411502294891663,-2.18466280033239,-2.34632886408928,-0.897633929248649
1910,22493,"s3","m2",-0.115328646825002,-0.422363410703661,-2.23862911425101,-2.39759139879075,-1.03300693881948
1911,22505,"s3","m2",-0.0566891730413027,-0.491667489594646,-2.5417836281093,-1.87779928786443,-0.986922780811569
1912,22506,"s3","m2",-0.125508706608312,-0.435519985326741,-1.91571581276803,-2.47310424350274,-0.358068940524494
1913,22508,"s3","m2",-0.0282570283587156,-0.425073222621904,-2.47623045732513,-2.5650382956575,-0.367629956115281
1914,22510,"s3","m2",-0.0612959184103186,-0.453557215214077,-2.35219326636487,-2.11717871142993,-0.518193807425829
1915,22511,"s3","m2",0.00354748199220009,-0.514689980385368,-2.21364054866659,-2.36292729993712,-0.136426269124529
1916,22517,"s3","m2",-0.102274037655679,-0.47710479500683,-1.97833536560563,-2.19843463418818,-0.829386666941144
1917,22520,"s3","m2",-0.0558487739023509,-0.444423577418497,-1.94604076755263,-2.26567279505402,-0.922700650339105
1918,22544,"s3","m2",0.00102017228104555,-0.512208672052052,-1.92346087957012,-2.25667839363318,0.233671926956708
1919,22554,"s3","m2",0.0234190576496088,-0.517994929166877,-2.0375440807257,-2.03510160830308,-0.62065816631019
1920,22569,"s3","m2",-0.0419860024187551,-0.519347634371976,-2.26139321940218,-2.08886311789703,-0.581209815525493
1921,22588,"s3","m2",-0.103885301014269,-0.506467070178733,-2.34629732431124,-2.10130636091434,0.277944338605897
1922,22595,"s3","m2",0.00398823824110778,-0.467396799869064,-2.21022684104622,-2.49366891713242,-0.860811395678853
1923,22612,"s3","m2",-0.0339004301295676,-0.456354391540199,-2.02612584955296,-2.29445232707357,-0.620321670220175
1924,22643,"s3","m2",-0.0617846640729277,-0.465429053431623,-2.12859314326518,-2.1224031928644,-1.11045231935362
1925,22681,"s3","m2",0.00901617385790377,-0.482663489212726,-1.8789471737424,-1.97473456379304,-0.712622974266211
1926,22684,"s3","m2",-0.0318955504555874,-0.476743382648409,-1.58747038633323,-2.42197755884321,-0.630011532807784
1927,22711,"s3","m2",0.023218968571858,-0.474539934687256,-1.82132171154309,-1.83602971810312,-1.10790524456932
1928,22713,"s3","m2",-0.0197743417702452,-0.482696527071747,-2.34747478804287,-2.33536827175204,-0.193655287161243
1929,22722,"s3","m2",0.00121331031906102,-0.390844243502685,-2.18498250843713,-1.58090690798507,-1.87488684392906
1930,22728,"s3","m2",-0.0307152726199998,-0.580988411038202,-1.76606718196437,-2.04439011166443,0.136351207634968
1931,22753,"s3","m2",-0.0385210251814226,-0.43419163744423,-2.04132031590762,-2.2064714901053,-0.561095615352068
1932,22758,"s3","m2",-0.0254034458636107,-0.447008156079475,-2.14727323188633,-1.9357568530413,-0.583751927427665
1933,22766,"s3","m2",-0.0272136425033122,-0.464994372831815,-2.09104276545122,-1.73616974987766,-0.287183408421896
1934,22780,"s3","m2",0.00372027600907913,-0.52816539012792,-2.29131185897036,-2.22814396995924,-1.18217988902198
1935,22784,"s3","m2",-0.0777373396331437,-0.557009606160848,-1.58235940647606,-2.030822724653,0.523458192679122
1936,22803,"s3","m2",0.0306318695351675,-0.406366586281281,-1.76150652649651,-1.81934177369713,-0.887064465890047
1937,22828,"s3","m2",-0.043880407276314,-0.408694823714495,-2.34581516965117,-2.02425754838756,-1.27146348064187
1938,22841,"s3","m2",0.00517498749558999,-0.402644284011281,-2.07414087245897,-2.26676549470903,-0.653916886629861
1939,22874,"s3","m2",-0.0337177566166436,-0.519288981838846,-2.08648972835133,-2.41670918547871,-0.0388730972008092
1940,22876,"s3","m2",-0.00245621561609676,-0.43131181323292,-2.00771209768985,-1.9657055538756,-0.719440791948696
1941,22879,"s3","m2",-0.103960854758831,-0.530030312602001,-2.08512241157792,-2.46593743705213,-0.836781827902774
1942,22882,"s3","m2",-0.0291719957715623,-0.417344555778371,-2.17666630414372,-2.2650402710373,-1.02325717303535
1943,22889,"s3","m2",-0.175776483849814,-0.485577095190587,-1.93737573404266,-2.20127704680042,-0.713348932503392
1944,22921,"s3","m2",0.0312483200916999,-0.437056740331141,-2.44765575646904,-2.37934223879051,-0.53971015414621
1945,22928,"s3","m2",-0.0578456415533334,-0.470140326975044,-2.10393334652795,-2.66253949479181,-0.616159127516977
1946,22930,"s3","m2",-0.0704333490692823,-0.497390330472163,-2.17935497919264,-1.98025933311233,-0.589689314626109
1947,22949,"s3","m2",0.0319131882049095,-0.352491093845175,-2.38701443693925,-1.98625103412585,-1.60740492155105
1948,22959,"s3","m2",-0.0474369834809363,-0.402328095168303,-2.45553292527727,-1.88131109529822,-1.33498569426842
1949,22990,"s3","m2",-0.00938713429661566,-0.544674744751989,-2.32585845317809,-2.27228313146753,-0.0103949006968041
1950,23006,"s3","m2",-0.0029348818883164,-0.434800735161382,-2.23800086354128,-2.25213977118056,-0.976944130403254
1951,23010,"s3","m2",-0.079475938922809,-0.492669573324415,-2.11264760600797,-2.09803059957681,0.0920529898572929
1952,23014,"s3","m2",-0.00652979396436986,-0.562567334310846,-2.04938445931741,-2.0403418597398,0.010906059219898
1953,23032,"s3","m2",-0.0912107082750053,-0.475901015339969,-2.13060111984703,-2.12890335650473,-0.384270053535103
1954,23036,"s3","m2",-0.00203071682288855,-0.465788830032444,-2.12206056764945,-1.89327873980881,-0.33611242574248
1955,23043,"s3","m2",-0.0199286279331498,-0.475917981209596,-2.26923500831259,-2.15696237737127,-0.554336892947862
1956,23069,"s3","m2",-0.0757936175151279,-0.485007944647713,-2.25984222682709,-1.96910084024266,-0.61876757375202
1957,23114,"s3","m2",-0.119721471861514,-0.460447928205477,-2.03360081478429,-2.42780620880051,-0.0201230507035191
1958,23124,"s3","m2",-0.0655772549211821,-0.496838843194638,-2.22120281649766,-2.00256915147497,-0.0695437345742797
1959,23144,"s3","m2",-0.0766270237611975,-0.459564367263997,-2.215303922399,-2.16482335693614,-0.445133428511353
1960,23145,"s3","m2",-0.0221363679460921,-0.445471925026715,-2.66809925973482,-2.08664269509068,-1.05838895390219
1961,23165,"s3","m2",0.00230569298108083,-0.399437189990408,-2.21096990357926,-1.77399337154774,-1.01939817020628
1962,23169,"s3","m2",-0.0563557341197983,-0.437568038691739,-2.01916706170482,-1.87815784254003,-0.927854253746252
1963,23179,"s3","m2",-0.0252123628155655,-0.430741462567044,-2.30374329151616,-2.05235529419435,-1.21859531766424
1964,23181,"s3","m2",-0.020553735530219,-0.396392723520856,-2.16513602369958,-1.92857899389306,-0.709286832938766
1965,23199,"s3","m2",-0.116740349018411,-0.439580696618012,-2.66442436906688,-1.98237107744381,-0.61871257204988
1966,23209,"s3","m2",-0.0526894928852748,-0.475895882248649,-2.46664690476147,-1.74176684960775,-0.81796480595754
1967,23212,"s3","m2",-0.0484676597147421,-0.506122035717538,-2.04941433725534,-2.05722203949118,-0.197086634893452
1968,23227,"s3","m2",-0.00923064045013568,-0.499963671619041,-1.72552724739308,-2.48802072690576,0.326188486486135
1969,23230,"s3","m2",-0.122565994182519,-0.459133342962141,-2.45341617710095,-1.97195203726921,-0.760558953319196
1970,23242,"s3","m2",0.0200135633509876,-0.461002394970653,-1.79447507468746,-2.11125903359192,-0.87712444573721
1971,23247,"s3","m2",-0.0814831550531401,-0.511334182369687,-2.18820954318958,-1.75913395896139,-0.502778089418198
1972,23250,"s3","m2",0.000154279275975619,-0.501680406060107,-1.90983540973706,-2.12889195572271,-0.46750086150346
1973,23252,"s3","m2",-0.0495098729902793,-0.456449141292056,-2.23267277681045,-2.04898735643264,-1.09753444073891
1974,23258,"s3","m2",-0.0193453704081218,-0.474334346156821,-2.12301446984769,-2.2952517360746,-1.12139377891914
1975,23267,"s3","m2",-0.0107933078628887,-0.432412912722258,-1.80433427872579,-2.16263777937872,-0.730061592610026
1976,23272,"s3","m2",-0.0205766026677014,-0.493706221989749,-2.31531431939491,-2.33823581418042,-0.644005255044084
1977,23291,"s3","m2",-0.0577069069082147,-0.597160266790006,-1.81039850333811,-1.91669566735502,0.613220705106769
1978,23294,"s3","m2",-0.0252670043210623,-0.48400291892277,-1.72925015297219,-2.25799736095456,-0.719629935297626
1979,23300,"s3","m2",-0.1059123533522,-0.482502254137768,-2.07397350152816,-1.96985986015103,0.0363206504644119
1980,23324,"s3","m2",-0.0738946420685105,-0.548668690909155,-1.88643189626067,-2.42262306966951,-0.279296629509678
1981,23347,"s3","m2",-0.0613379050880763,-0.536316841423556,-2.42200541622284,-2.21432522954695,-0.124042229475575
1982,23367,"s3","m2",-4.42392023917051e-05,-0.463928428146809,-2.16550684586105,-2.24304720914256,-1.366272378835
1983,23380,"s3","m2",0.00236961155717435,-0.410804849589337,-2.03457814350559,-1.55669150298188,-0.184889166572096
1984,23388,"s3","m2",-0.0666879558092706,-0.477569781127919,-2.36463088088616,-2.46033553802035,-0.801311363243376
1985,23391,"s3","m2",-0.0372475711653675,-0.512745723305795,-1.91999708001416,-2.17817183195076,-0.517643619192423
1986,23401,"s3","m2",-0.0787646844908829,-0.491562246230513,-2.02013533645769,-2.53390192112459,-0.635131276205354
1987,23403,"s3","m2",-0.000845392907226333,-0.48235447047294,-2.2444521220234,-2.20851374336338,-0.835163283742024
1988,23406,"s3","m2",-0.0618634562087531,-0.453845450616494,-2.18944764661535,-2.06312703190117,-0.944494460261522
1989,23408,"s3","m2",-0.0402076004107368,-0.441277735794267,-1.76886653469393,-2.15344067680082,-0.723904113506197
1990,23412,"s3","m2",-0.0522936120064801,-0.383454346950238,-2.39871930291514,-1.95739651823322,-1.94003767400441
1991,23429,"s3","m2",-0.0932392359998718,-0.514403411847133,-2.22738810047742,-1.83591728418856,-0.062467353735279
1992,23448,"s3","m2",-0.0702904186487687,-0.497444436111436,-1.82084107980921,-2.01125923405342,-0.0207078433145377
1993,23473,"s3","m2",-0.121315258929251,-0.46158186035729,-2.49945544863161,-1.97845416530064,-0.3819684333433
1994,23476,"s3","m2",-0.0382116030748751,-0.514112640143369,-2.26354099714887,-1.52890115186332,-0.557586190512004
1995,23478,"s3","m2",-0.0569965142849028,-0.483303454875738,-1.77555136179781,-2.19596593415636,-0.0797942626663707
1996,23479,"s3","m2",-0.0934242661699848,-0.459084140182283,-1.6609404524575,-1.89602303353475,-0.67523383155984
1997,23484,"s3","m2",-0.0648870170645986,-0.4886628216992,-2.31610981407213,-2.1718540549043,-0.252067858727631
1998,23489,"s3","m2",0.0603082553889599,-0.451014219202951,-2.20655180266167,-2.18838853344773,-0.180374237328275
1999,23535,"s3","m2",0.00936670564378487,-0.382467695958669,-1.76648345830532,-1.8312926954764,-1.26070929895138
2000,23545,"s3","m2",-0.0334742923687628,-0.448260323677708,-2.27364103647814,-2.1313567272414,-0.262183447727102
2001,23546,"s3","m2",-0.0166577969909881,-0.327805003130783,-1.82090082341437,-1.88139966934441,-1.06594321621581
2002,23553,"s3","m2",-0.0400712141102651,-0.384098075160583,-2.23974195798513,-2.14436061233592,-1.24631096291194
2003,23568,"s3","m2",-0.0243823309585676,-0.503979998788525,-2.23496904954606,-2.18439152109619,-0.347958483917217
2004,23572,"s3","m2",-0.0181081401463364,-0.463275575261825,-2.49313958051139,-2.03507658884697,0.0861123915085182
2005,23580,"s3","m2",-0.00779523933283878,-0.455783689718777,-2.05734669372062,-2.17435044980979,-0.312811420448873
2006,23584,"s3","m2",-0.00581452284116165,-0.471234619205738,-1.74424439325742,-2.43257900925831,-1.45220088535565
2007,23591,"s3","m2",-0.0999504385116763,-0.526144457851706,-2.20999091526348,-2.25555499462428,-0.113671129017524
2008,23619,"s3","m2",-0.0708289477590212,-0.394656552407971,-1.75535121924833,-2.37358029306539,-1.92678824550149
2009,23622,"s3","m2",-0.0377614597087686,-0.498698278455582,-2.37569179874529,-1.85503717243098,-0.269457825677065
2010,23641,"s3","m2",0.00945023403961218,-0.443171355616523,-2.33272685716834,-2.12311064924548,-1.15620447569756
2011,23657,"s3","m2",2.1415688659359e-06,-0.401965280771735,-1.95597687843173,-2.11276197548331,-1.00959575285248
2012,23667,"s3","m2",0.00107457429374798,-0.416662858630802,-1.87259688122636,-1.62631336836534,-1.66631880065495
2013,23672,"s3","m2",0.0319069010880042,-0.361374879138814,-1.85410389105136,-1.99395023173636,-1.92752941958144
2014,23687,"s3","m2",0.0168753360210783,-0.448369171452862,-1.8098371181387,-2.17332817188549,-0.58738844663072
2015,23702,"s3","m2",-0.133430489310825,-0.491870759354103,-2.14100004196769,-2.47524680912578,-0.900033745146526
2016,23727,"s3","m2",0.0274789714998763,-0.351886340137365,-2.23238739315835,-2.18487264002577,-1.95088564491581
2017,23744,"s3","m2",-0.0635795133215391,-0.496623176733983,-2.51609993181304,-2.25946173949711,-0.356374878645179
2018,23752,"s3","m2",-0.027823939964456,-0.404674507972625,-2.12214941611017,-1.70736735090287,-0.729813952536672
2019,23765,"s3","m2",-0.0278170262604077,-0.465798975731648,-1.81861841910208,-2.38719204060035,-0.104219051899653
2020,23776,"s3","m2",-0.080978945026793,-0.435504789799162,-2.10062413343887,-2.21286543906186,-0.428638556043671
2021,23782,"s3","m2",-0.0197229100439526,-0.416475928484616,-2.26725223272521,-2.18612768919366,-1.60420489038003
2022,23798,"s3","m2",0.0503792519263866,-0.48287436970329,-2.34095694709418,-2.27267793964718,-0.514167304686047
2023,23809,"s3","m2",-0.103237484416669,-0.516331034393587,-2.45438149217231,-2.49818226725983,-0.188631708999415
2024,23810,"s3","m2",-0.0359242828100668,-0.469615765151227,-2.08110649173809,-1.82047107226503,-1.24999361519595
2025,23811,"s3","m2",-0.0578967167413575,-0.450928728477758,-1.99944813758659,-2.28792796035889,-0.535936405844821
2026,23826,"s3","m2",-0.0222744399498923,-0.459877747087455,-2.38131795281944,-1.92462969516449,-0.855986251582237
2027,23838,"s3","m2",-0.027641976950248,-0.450326246426937,-2.40183025845354,-2.29962366913284,-0.761103251429185
2028,23839,"s3","m2",-0.061459826196221,-0.485144363158927,-1.97734079005786,-2.21973043334605,-0.523432140057126
2029,23849,"s3","m2",-0.0235333872911874,-0.517874324442258,-2.31998954974254,-2.19189607461588,0.264163625268079
2030,23858,"s3","m2",-0.0133566039680371,-0.543959480537859,-2.22526273737245,-2.31163078671224,0.410033520250852
2031,23870,"s3","m2",-0.0678538530152599,-0.476607788822861,-2.28066235831429,-1.9289593922121,-1.18820463202653
2032,23873,"s3","m2",-0.0888203740914695,-0.516406896126794,-2.61145889946504,-2.18320769540659,-0.00947774628455724
2033,23876,"s3","m2",0.0362963658691563,-0.486369322449404,-1.8755451916661,-2.14726415040987,-0.290634784148929
2034,23877,"s3","m2",0.0402999050076318,-0.423713000496868,-2.37440117831498,-1.80626513895818,-1.05819745764444
2035,23882,"s3","m2",-0.0554620705031427,-0.479721111599273,-1.88917934648311,-2.30080978634697,-0.395175896293354
2036,23887,"s3","m2",-0.146951954325264,-0.484276691823334,-2.27542709428607,-2.2089813270807,0.0483648295090392
2037,23897,"s3","m2",-0.0457285144648622,-0.443218233413885,-2.48761619108042,-2.05932267092322,-0.889412527796646
2038,23904,"s3","m2",-0.0440260327431054,-0.53725951720533,-2.14770017134481,-1.97153140219856,-0.0818963475619326
2039,23912,"s3","m2",0.00595024565436698,-0.457556743149587,-2.39279435268032,-2.15970788336288,-0.442427524929149
2040,23918,"s3","m2",-0.0525249826848596,-0.407721895184095,-2.53507218523958,-1.81540454454186,-0.97727384074246
2041,23937,"s3","m2",-0.0616591343262993,-0.479239020584033,-2.03149325026628,-2.24308665921025,-0.0881743655682979
2042,23951,"s3","m2",-0.03697572966129,-0.482777914712086,-1.92177031545366,-2.01940576439297,-0.831183846427185
2043,23957,"s3","m2",0.00346032141602176,-0.527236753711063,-1.89729230574995,-2.30693119221774,0.094128731762535
2044,23958,"s3","m2",-0.0596793256756202,-0.592362078256907,-2.26990453174474,-2.33717666182533,0.595630454005081
2045,23960,"s3","m2",0.0178988717749881,-0.515367369859961,-1.73715911615396,-2.10767660425788,0.206444964336157
2046,23969,"s3","m2",-0.0966974203785085,-0.500044245218713,-2.63851255501509,-2.05191491933775,0.412464356669348
2047,23971,"s3","m2",-0.0286955190619957,-0.460039194784581,-2.04801109516489,-2.14725596363817,-0.330041583356105
2048,23973,"s3","m2",-0.0253090654852578,-0.521076939547379,-2.27947107937432,-1.66812632495305,-0.324681354054211
