"draw","source_draw","id","assumed_model","alpha_0","alpha_1","nu_0","nu_1","tau"
1,3,"s15","m2",-0.521281452814578,-0.734025640691579,-2.81393151118733,-1.51451296264231,0.966287532531898
2,18,"s15","m2",-0.569607618010176,-0.759417427192686,-2.09371098656922,-1.54282081476894,1.34431372115474
3,20,"s15","m2",-0.570920030406095,-0.754099449908122,-2.43831128490626,-1.43843949283462,1.11248588073892
4,37,"s15","m2",-0.537495885440387,-0.788494575388834,-1.89091443518439,-1.46596554518298,1.33008603290241
5,49,"s15","m2",-0.53214846495839,-0.839016338147515,-2.15228170763582,-1.14144958831393,1.52137847929662
6,55,"s15","m2",-0.59490860988535,-0.743225170123662,-2.18737499140328,-1.47275061846677,0.970477590664665
7,68,"s15","m2",-0.445231708472406,-0.728668985467546,-1.95622059704276,-1.23678698470193,0.555669636380004
8,72,"s15","m2",-0.51482661278914,-0.810835131073855,-1.96747928622463,-1.47888128905064,1.1861427319845
9,74,"s15","m2",-0.524472455435107,-0.79195171232335,-2.45450818064331,-1.57418921632433,0.941947523444681
10,77,"s15","m2",-0.631119292294455,-0.767033344258878,-2.78520758471686,-1.4590221863305,1.29681335437334
11,86,"s15","m2",-0.599516942008412,-0.766455044082462,-2.32446170333223,-1.46190698292375,1.16001200338332
12,97,"s15","m2",-0.461153725318243,-0.708789257549103,-2.35402665159444,-1.15287770371346,0.303876029278612
13,116,"s15","m2",-0.53543662336065,-0.740086971159005,-2.14701684409896,-1.29619547650997,1.21517836371435
14,119,"s15","m2",-0.523861715943473,-0.702721638689554,-2.18435936915448,-1.26240212126056,0.87637097082439
15,126,"s15","m2",-0.466396927373807,-0.817136094122962,-2.04126756335111,-1.54539516594619,1.13026592965803
16,133,"s15","m2",-0.568681017780105,-0.780858729166086,-2.08861487449279,-1.48016809803018,1.10331709355391
17,146,"s15","m2",-0.55229848964152,-0.799929291567825,-2.69758453209857,-1.35252790750717,1.38078302775434
18,160,"s15","m2",-0.535710291683926,-0.786747135505141,-2.01348726711812,-1.42445007797234,0.968201788542778
19,177,"s15","m2",-0.373471798316718,-0.613864793816577,-1.71069996548754,-1.29014183882758,-0.0177998369987123
20,192,"s15","m2",-0.590650580800103,-0.712327064119593,-2.11167280003342,-1.63987844977433,0.977988609376137
21,196,"s15","m2",-0.519011386131581,-0.763348928291094,-2.08565594444859,-1.49452230697649,0.81231334633506
22,204,"s15","m2",-0.559040790549908,-0.85406450954921,-2.23263864388077,-1.63745781117104,1.37261715107625
23,209,"s15","m2",-0.512564148987497,-0.704613207232973,-2.4332142629925,-1.32568590817613,0.894866277755835
24,215,"s15","m2",-0.510665768930433,-0.792505536221231,-1.66898255410637,-1.20332007011592,1.31008789648992
25,216,"s15","m2",-0.512476752351351,-0.719498263813897,-1.90164444295539,-1.5066081249642,1.15273294772587
26,230,"s15","m2",-0.563449808946657,-0.785047803971206,-2.28896524699424,-1.66377685334815,1.01723611667692
27,234,"s15","m2",-0.484454382151202,-0.738190804986682,-2.30223456579741,-1.54842197628857,1.0494612656587
28,251,"s15","m2",-0.558004175012707,-0.70585774006525,-2.43749599088473,-1.46020457679768,0.669909549361767
29,258,"s15","m2",-0.451183568472911,-0.851571911760037,-2.21357256927764,-1.66453312016632,1.1807354240049
30,286,"s15","m2",-0.495639522153803,-0.779184252513058,-2.03740143429264,-1.38506271379061,1.00032242057513
31,287,"s15","m2",-0.482937182757104,-0.754190414039735,-2.73389691009718,-1.20268147682345,0.910268310887612
32,290,"s15","m2",-0.537555205566804,-0.756201503861684,-2.27687739634991,-1.58835137318386,1.12318752680959
33,313,"s15","m2",-0.547541612669412,-0.795187763050576,-2.38508589983887,-1.62328860320339,1.10815949427131
34,319,"s15","m2",-0.543471450395011,-0.774301483868949,-2.10247724483312,-1.35074116707593,0.777004076500194
35,320,"s15","m2",-0.454913725608086,-0.730091595849289,-2.0956448605593,-1.49360551250047,0.742393990102477
36,355,"s15","m2",-0.58949180189338,-0.87532314898485,-2.37308127089563,-1.2180469666518,1.22024846606527
37,357,"s15","m2",-0.592162534869187,-0.805403164841032,-2.15360879277319,-1.73631481785026,0.850935427440838
38,395,"s15","m2",-0.557649637229408,-0.755744796175209,-2.11217864895748,-1.49608199906517,1.02411691223693
39,457,"s15","m2",-0.520577634710958,-0.71735182171867,-2.24163550024578,-1.23811956126543,0.963859318649111
40,461,"s15","m2",-0.559441965386649,-0.862048243946076,-2.49998680690605,-1.69304689025879,1.10224528566233
41,482,"s15","m2",-0.522994179181304,-0.744124459828685,-2.48218082991406,-1.11773253897912,1.21294133089655
42,516,"s15","m2",-0.506732566915257,-0.779370890533182,-2.52445994426859,-1.34463057423142,1.32832967008923
43,530,"s15","m2",-0.511894385912855,-0.787678336744849,-2.13969763739387,-1.34486147600146,1.32990942706258
44,630,"s15","m2",-0.566693936411293,-0.758061575700637,-2.20464150572032,-1.47732915138619,0.987469050730978
45,632,"s15","m2",-0.510685057728465,-0.731346556607307,-2.05334081732523,-1.37188093702362,1.05820836912662
46,646,"s15","m2",-0.481915230264136,-0.715043013124051,-1.87602240699151,-1.45679684859854,0.848096618713375
47,651,"s15","m2",-0.557259729484524,-0.758595271524436,-2.2850183084128,-1.53277736854191,1.43421126865842
48,653,"s15","m2",-0.498451278583468,-0.709823484265628,-2.11146904473575,-1.50052609231481,1.11188595505637
49,675,"s15","m2",-0.520172802408852,-0.682795463828676,-2.32544603626566,-1.67184962052271,0.857832668497047
50,683,"s15","m2",-0.440982300590119,-0.63194419441116,-2.3467867883256,-1.25565212841289,0.0635728013115372
51,689,"s15","m2",-0.54698185884297,-0.793350407820821,-2.35850738002266,-1.52977221918087,1.15491350649163
52,719,"s15","m2",-0.504265909097056,-0.7472839782036,-2.14774983230039,-1.24737102317465,1.18847850720368
53,767,"s15","m2",-0.48367578758685,-0.739422517980986,-1.83867680595721,-1.63148675827177,0.70250857207495
54,773,"s15","m2",-0.549806935150749,-0.74922760327342,-1.82391616545721,-1.35457173481237,1.18719468325212
55,789,"s15","m2",-0.499931266096552,-0.73665711923807,-2.17781800526107,-1.48942002297517,0.78253602474237
56,796,"s15","m2",-0.494498881965751,-0.766420141704808,-1.97298215516126,-1.4448894438051,0.886662580006064
57,802,"s15","m2",-0.548226497212722,-0.709966048843762,-2.01954374532863,-1.33999197032613,0.845403570000368
58,812,"s15","m2",-0.588374714461663,-0.768633802064597,-2.02809252128864,-1.28089567461381,1.05129039061192
59,820,"s15","m2",-0.452144728298915,-0.671028908723342,-2.06600578837015,-1.24604348676191,0.131815048597689
60,823,"s15","m2",-0.537127230921081,-0.75747720638444,-2.36501277214838,-1.52904561069823,0.654436480872362
61,836,"s15","m2",-0.5514432989454,-0.805024300360517,-2.31056742238754,-1.44283150587718,1.23928944192798
62,838,"s15","m2",-0.547946732381886,-0.746206094637949,-2.25429349010102,-1.58846146416912,0.720313848079541
63,846,"s15","m2",-0.539937619992421,-0.766730591415997,-2.23972314887823,-1.4992275636131,1.01719043816063
64,859,"s15","m2",-0.528877043842273,-0.761750971806074,-2.10632220781882,-1.56263682561193,0.976810471167595
65,862,"s15","m2",-0.552620182586325,-0.719784114620119,-2.34016652180325,-1.42840933178866,0.969875712948689
66,867,"s15","m2",-0.452409989247659,-0.733695873777282,-2.07087321465636,-1.83403280063947,0.920716396587186
67,875,"s15","m2",-0.553988365760066,-0.767402241690754,-2.01909129523649,-1.69558494949712,1.05822646861806
68,877,"s15","m2",-0.459241439242105,-0.658611445088009,-2.34927141101263,-1.37644336024225,0.158098815570557
69,891,"s15","m2",-0.561860556483592,-0.715698844158619,-2.21819217741878,-1.55675634968562,0.800077730161927
70,916,"s15","m2",-0.4936294286097,-0.809450804893621,-2.07150995252924,-1.38572151661053,1.15144889013026
71,927,"s15","m2",-0.452160991945553,-0.756474806009406,-2.05138739766474,-1.12880281699145,0.852026492081263
72,938,"s15","m2",-0.514616482165087,-0.692101295395587,-2.2859826786828,-1.31742572782074,0.81448553077789
73,946,"s15","m2",-0.434485537450004,-0.708184387281832,-2.15513242575873,-1.40003723737351,0.221364916908574
74,947,"s15","m2",-0.513591471167633,-0.79987885993698,-2.23451632706562,-1.6336228354042,0.975061952296823
75,956,"s15","m2",-0.510893004499502,-0.850500142318618,-2.00439464690126,-1.51621606922095,1.47800033239472
76,958,"s15","m2",-0.579337669225568,-0.787979909917764,-2.540930881083,-1.37135528536245,0.892231485185434
77,963,"s15","m2",-0.451127126619518,-0.796527795406093,-1.9249854830174,-1.309209045385,0.779432829647994
78,977,"s15","m2",-0.548827792457436,-0.75833090006511,-2.30502947695167,-1.34126209043497,1.30715470412164
79,981,"s15","m2",-0.546897395811965,-0.826829301512928,-2.2793158674194,-1.55084804883467,0.997241253453942
80,988,"s15","m2",-0.486180253142226,-0.792072241795014,-2.00708196008651,-1.97320469073814,1.11778693178442
81,1016,"s15","m2",-0.538186523825555,-0.751238140949202,-2.11018448809906,-1.58195280418352,0.671619708568249
82,1025,"s15","m2",-0.496953772577515,-0.838127590679588,-2.50789206034766,-1.53980226678125,1.39499663316144
83,1029,"s15","m2",-0.52004495387368,-0.765803196826616,-2.09812102850929,-1.21555052650966,1.2618591274663
84,1031,"s15","m2",-0.577201633174208,-0.743469410219405,-2.177866064223,-1.52405886624823,1.15385241566265
85,1048,"s15","m2",-0.504609137816138,-0.771586135100782,-2.02313569049078,-1.74311795192793,1.09179458494847
86,1055,"s15","m2",-0.539263154506771,-0.760719457002917,-2.21094189672388,-1.07437246161751,0.81360270963084
87,1072,"s15","m2",-0.522857261296401,-0.790308094795778,-1.92243403867452,-1.42207449657221,1.07904344737973
88,1081,"s15","m2",-0.508042591579736,-0.79045708668851,-2.01801585059929,-1.4368122192882,0.582724511481768
89,1084,"s15","m2",-0.483698876359668,-0.797239995827854,-1.98441859409395,-1.54227087696325,0.482337710631243
90,1133,"s15","m2",-0.50146627745995,-0.71346613902657,-2.35834024206645,-1.12317798500914,0.945546324323078
91,1140,"s15","m2",-0.517604470134573,-0.746006534084821,-2.13869374859895,-1.3191469554698,0.903075917350102
92,1162,"s15","m2",-0.5315092786486,-0.760671172283263,-2.42477096858662,-1.2625086537934,1.09116138457131
93,1165,"s15","m2",-0.503100619160571,-0.74984760405406,-2.37713611860595,-1.54778471433748,1.09642624336046
94,1169,"s15","m2",-0.56429766617343,-0.682446273092573,-2.33089320635208,-1.38499996044462,0.657283235409931
95,1177,"s15","m2",-0.546304926765427,-0.776164527465525,-2.22982362151819,-1.64572365748263,1.21676813653641
96,1182,"s15","m2",-0.573068417662547,-0.742912963319684,-2.24401046397046,-1.45642323008419,0.897318359385265
97,1213,"s15","m2",-0.601422581457624,-0.765995775063512,-1.98080158704725,-1.29520813741196,1.27970996512976
98,1218,"s15","m2",-0.495568734277714,-0.75138340727313,-2.06303362486035,-1.052296600731,0.995871151223036
99,1225,"s15","m2",-0.470464108148926,-0.757410785492008,-2.0173112614353,-1.45057898858213,1.17375743856866
100,1238,"s15","m2",-0.644205703328708,-0.794687226086248,-2.82967641544265,-1.61395327050527,1.3629522782059
101,1246,"s15","m2",-0.531482127481641,-0.812718407006096,-2.18702160435371,-1.7578822570218,1.05470098373151
102,1247,"s15","m2",-0.497001183171964,-0.757911237916994,-1.91902154436297,-1.42592736228201,0.632610102557382
103,1297,"s15","m2",-0.493756810535235,-0.753303270344126,-2.24861502372471,-1.64963120222333,0.791618900043243
104,1306,"s15","m2",-0.501600286295533,-0.711005483164098,-2.14518671972787,-1.62473573941029,1.14920727364864
105,1327,"s15","m2",-0.53228220786296,-0.770917178198685,-2.07200684279704,-1.32817179370283,0.684081465836709
106,1330,"s15","m2",-0.484747641190729,-0.68357783802852,-2.26170319302621,-1.22751961886692,0.86591523182544
107,1331,"s15","m2",-0.487808186769843,-0.761989967181545,-2.85723270330196,-1.23454656324991,0.755529386124746
108,1341,"s15","m2",-0.523523292093389,-0.74092680538026,-2.50926351629538,-1.22953446229515,0.929505948238409
109,1366,"s15","m2",-0.530288495802367,-0.875054808957981,-2.26372092247263,-1.66958271806716,1.08181323088566
110,1372,"s15","m2",-0.486424925393135,-0.85636120443797,-2.78792555143741,-1.5618668392239,1.23889548273089
111,1374,"s15","m2",-0.523668601708208,-0.778526926988582,-2.3661437174182,-1.5063494691186,1.40457186213907
112,1391,"s15","m2",-0.508879490723198,-0.711492968316655,-2.343524207276,-1.55008732381271,0.523046228419315
113,1395,"s15","m2",-0.509589160468036,-0.753192935851685,-2.36302297391196,-1.76204879439167,1.23518499978573
114,1402,"s15","m2",-0.511025667938487,-0.75339418084674,-2.06486572136576,-1.79822323766038,0.856027204654496
115,1418,"s15","m2",-0.54379738766478,-0.833045740113958,-1.74786670286352,-1.46124791642567,1.1386578453466
116,1419,"s15","m2",-0.488085057079486,-0.657498261743416,-2.0729923226741,-1.57601837620103,1.00214125603902
117,1457,"s15","m2",-0.517382972213081,-0.842301771654522,-2.35495964180686,-1.88105735365994,1.41178457150207
118,1461,"s15","m2",-0.474345063920665,-0.724900402493023,-2.2922133406886,-1.20372238218303,0.795423454318966
119,1467,"s15","m2",-0.464036634687136,-0.801766656782177,-2.35482652330221,-2.06948195078287,0.967385469715071
120,1491,"s15","m2",-0.504387111639668,-0.77220186026691,-1.79810702822882,-1.2846491008057,0.637553942675585
121,1494,"s15","m2",-0.506371017248591,-0.709109629336558,-2.06037680680588,-1.42028855652583,0.893669147614647
122,1496,"s15","m2",-0.527272641917209,-0.751319286339577,-2.39259907784891,-1.40253355464336,0.979756544786215
123,1507,"s15","m2",-0.525098037727216,-0.67119318736472,-2.07058466528681,-1.11392826632441,0.721706627970153
124,1518,"s15","m2",-0.476298025273344,-0.821386752577789,-2.22696063390093,-1.42083023566254,1.43948689536676
125,1520,"s15","m2",-0.469410235406452,-0.719597574377105,-2.30873586209262,-1.44492677300405,0.662117798909022
126,1536,"s15","m2",-0.456309527015987,-0.713334198963854,-2.07661730329661,-1.35051900763746,0.504968745835031
127,1541,"s15","m2",-0.534800340988053,-0.805655281983091,-2.13573217266918,-1.37815468943277,1.36614178352544
128,1542,"s15","m2",-0.566853351949542,-0.781588827675895,-2.09175629622683,-1.66785985059811,1.70262980519192
129,1552,"s15","m2",-0.509872391149605,-0.734789766014633,-2.85580702772923,-1.53355073924783,1.08077994587586
130,1557,"s15","m2",-0.485238288417634,-0.712230974091658,-1.76642088877165,-1.4364452140765,0.725671520510646
131,1558,"s15","m2",-0.515669126939591,-0.781210021009573,-2.08683932339159,-1.73012275240889,1.27682131381623
132,1564,"s15","m2",-0.586136316839537,-0.73885370628563,-3.01585895960758,-1.76622713078693,1.5058729449818
133,1576,"s15","m2",-0.538568590190994,-0.886501307905477,-2.17712810069675,-1.5910469336835,1.34705004533989
134,1614,"s15","m2",-0.455402167794455,-0.720412186461153,-2.24870092790585,-1.33236002833851,0.790460710764443
135,1621,"s15","m2",-0.531308962388893,-0.69954980235921,-2.11050658049641,-1.39817247192419,0.917234136693813
136,1622,"s15","m2",-0.400477275974503,-0.719171891871812,-2.17657828605034,-1.38964371479414,0.732484064317836
137,1627,"s15","m2",-0.507359411270862,-0.843594345775795,-2.71855332763634,-1.5149825725164,1.23908647014039
138,1628,"s15","m2",-0.552704305142531,-0.853764350362047,-2.45097103013335,-1.86727673136283,1.24102345438432
139,1645,"s15","m2",-0.524521861010304,-0.717493359937851,-2.11394562192853,-1.49525825249545,0.742257988552623
140,1707,"s15","m2",-0.53374864177485,-0.770070709999686,-2.31734376308163,-1.41068428696519,1.42784208803693
141,1727,"s15","m2",-0.539774105154421,-0.754751290404924,-2.38260535215694,-1.7053254567691,0.853349882738493
142,1728,"s15","m2",-0.530971768226849,-0.804156668014995,-2.19681441144383,-1.48692435690185,0.975388193426924
143,1736,"s15","m2",-0.526798259443117,-0.754876691188161,-2.16998611839085,-1.38970255497955,0.851802136608313
144,1742,"s15","m2",-0.52419404634072,-0.821833297911809,-1.92175572991881,-1.72672497619747,1.08329212086149
145,1752,"s15","m2",-0.534365352816428,-0.712436870990594,-2.49239962553708,-1.47668161469106,0.802486688122646
146,1762,"s15","m2",-0.536548753979337,-0.738489235433066,-1.9835300479776,-1.39379347739267,0.619559389323699
147,1763,"s15","m2",-0.514440402129643,-0.701025067313279,-2.33143502074712,-1.53798785675601,0.906674462087132
148,1769,"s15","m2",-0.548933610289475,-0.790407466324951,-2.07538826713364,-1.71353580737606,1.19500251421272
149,1811,"s15","m2",-0.619767334751154,-0.719874426247914,-1.79694010611445,-1.61444279913876,0.392982074834227
150,1812,"s15","m2",-0.491750824494935,-0.756494366411334,-2.24262601320356,-1.21762637442672,1.38658000288893
151,1829,"s15","m2",-0.543750387906819,-0.750528616486547,-2.34316534451255,-1.38413503612514,0.813712605649659
152,1834,"s15","m2",-0.525360043202478,-0.858237940423303,-2.1272770588906,-1.42585353828235,1.01594374076229
153,1835,"s15","m2",-0.54060568134792,-0.764656526187923,-2.01553932626047,-1.61433115561488,1.02542700105377
154,1854,"s15","m2",-0.510533779559576,-0.72762720432479,-2.01071718598112,-1.56693724668173,0.895793042316934
155,1855,"s15","m2",-0.523018448938128,-0.696435631384954,-2.3559817740741,-1.62574572412359,1.12317393211994
156,1876,"s15","m2",-0.57926843958901,-0.794149236135785,-2.21114720531764,-1.38581492004638,0.970562961378334
157,1879,"s15","m2",-0.473413980416763,-0.700020686769151,-2.10479767589412,-1.7366941626338,0.561009835122629
158,1896,"s15","m2",-0.555636956965006,-0.807740505969293,-2.54956678696954,-1.90611173678615,0.95026703044154
159,1902,"s15","m2",-0.515137761064868,-0.717854253266625,-2.3705795289375,-1.40806827540166,1.01419499368338
160,1903,"s15","m2",-0.472957055400748,-0.757309413987056,-1.82444742964351,-1.52439361519734,0.603558953809438
161,1904,"s15","m2",-0.505655393450743,-0.793413791422773,-2.1939869298006,-1.33673941828051,1.14671163113041
162,1911,"s15","m2",-0.534947887476638,-0.8126183473943,-2.05700793868544,-1.84866674958437,0.78723279390318
163,1950,"s15","m2",-0.513952812817798,-0.734720656706422,-2.56707273733386,-1.59139159115319,0.561543732433136
164,1957,"s15","m2",-0.514958145146501,-0.696395695315873,-2.44662624360344,-1.75661313980124,0.604751348010202
165,2033,"s15","m2",-0.513870430188121,-0.830850738337751,-1.59959412708898,-1.37157656140265,0.977057483707738
166,2039,"s15","m2",-0.498132371962069,-0.754197988664781,-2.29728642558156,-1.50672241287761,0.875535762746849
167,2062,"s15","m2",-0.56843253759691,-0.779758639866245,-2.23374435675364,-1.3095472930276,0.848286931577144
168,2065,"s15","m2",-0.569103594171567,-0.734194136525614,-2.56497716144631,-1.70767509327507,0.732781042190304
169,2078,"s15","m2",-0.437167501371165,-0.751030337650697,-2.02956031833034,-1.53799545010768,0.948269069777804
170,2080,"s15","m2",-0.492570977995032,-0.759731420222945,-1.88218510215623,-1.4062772661007,1.18424895185578
171,2083,"s15","m2",-0.478134177306357,-0.756588309842499,-2.30047990982061,-1.66345889498221,1.41476190358064
172,2091,"s15","m2",-0.477055719677617,-0.72283229432589,-2.03724044719428,-1.49739734490084,1.17335029195893
173,2092,"s15","m2",-0.543214713083593,-0.691054138728883,-2.17562304478549,-1.38650983111954,0.950064555136517
174,2103,"s15","m2",-0.54534436425958,-0.790001330222301,-2.53601682193983,-1.47319800419089,0.939995713085993
175,2140,"s15","m2",-0.530237742643487,-0.81247913811727,-2.20118127503943,-1.89680542748321,1.1985300295497
176,2149,"s15","m2",-0.517540329133561,-0.728296737629865,-2.46927263659764,-1.25903811828365,0.962463296264226
177,2162,"s15","m2",-0.509622999901807,-0.749553810306428,-2.59547445674522,-1.66568570815787,1.01353861703073
178,2217,"s15","m2",-0.495773738138527,-0.717341788718464,-2.27721241046884,-1.38315942765801,0.671866418125933
179,2227,"s15","m2",-0.499401236992507,-0.762412186034654,-2.03323586680411,-1.82607003506752,0.597977396755955
180,2249,"s15","m2",-0.54255957460274,-0.763121352961446,-2.29904306398672,-1.3381371088792,1.14891419702006
181,2257,"s15","m2",-0.471152215418099,-0.828284769417179,-2.20782138386978,-1.55813295824114,1.04275482305093
182,2264,"s15","m2",-0.50139371449688,-0.778328029017541,-2.05351336485004,-2.00455638213208,1.13406413282618
183,2272,"s15","m2",-0.456703645595439,-0.73843626415898,-2.0810065338958,-1.28519803038081,0.367914098051758
184,2312,"s15","m2",-0.497539858340466,-0.733516036953779,-1.9049707356581,-1.55462460407592,0.953220220635637
185,2314,"s15","m2",-0.574421318083367,-0.72779870674637,-2.11790568133145,-1.19732809519,0.819462321296717
186,2330,"s15","m2",-0.476548020061071,-0.810854198660617,-2.27722404888907,-1.53324082797838,0.95357855537848
187,2333,"s15","m2",-0.560142992701242,-0.740782061076211,-2.69417842612974,-1.60969856354547,1.35514165182373
188,2341,"s15","m2",-0.487226453603777,-0.769355233675168,-1.90876569759851,-1.19210523789258,1.2823896820925
189,2352,"s15","m2",-0.508186942280569,-0.72888287445836,-2.46931174308751,-1.36562545552746,1.40335250248948
190,2363,"s15","m2",-0.48473327935669,-0.71257640555027,-2.37184595580474,-1.51235498907469,0.954970926943561
191,2385,"s15","m2",-0.547840059646819,-0.764440059558558,-2.51535650707327,-1.64067646247683,0.790868630524293
192,2391,"s15","m2",-0.516735625690844,-0.794127183012561,-2.29651586326318,-1.35727004930487,1.13627633785245
193,2439,"s15","m2",-0.507212407200548,-0.780967040803428,-1.99470355287372,-1.56363256418637,0.982622176874745
194,2452,"s15","m2",-0.520173720948226,-0.803214070598337,-2.54523748870716,-1.89400789902367,1.13144118982621
195,2469,"s15","m2",-0.51186703329796,-0.793643645374909,-2.7140289872035,-1.22495506608743,0.958941811087601
196,2472,"s15","m2",-0.54994830550215,-0.818833598990363,-1.59045967045447,-1.96827364334138,1.30208090183787
197,2476,"s15","m2",-0.56039236632943,-0.748582452335126,-2.46537122268458,-1.24131047958771,1.19251850620211
198,2477,"s15","m2",-0.579287408913553,-0.765094656386966,-2.5461536291882,-1.3514622377599,1.26955072089021
199,2498,"s15","m2",-0.491094378854805,-0.738658292708638,-2.09523782110255,-1.47355133193377,0.824243558018207
200,2519,"s15","m2",-0.511794478349162,-0.745513912711017,-2.07814265643349,-1.7124297369306,0.769218441780102
201,2542,"s15","m2",-0.549196753306086,-0.820849902684499,-1.95182019189977,-1.70107658202523,1.13355012015848
202,2548,"s15","m2",-0.56632967984977,-0.739418018736955,-2.08662462109182,-1.7688882560918,0.914937814551867
203,2554,"s15","m2",-0.473876040386588,-0.812630795090522,-2.06869448280034,-1.60576661345419,0.782534753094221
204,2558,"s15","m2",-0.425522746573858,-0.725446206212853,-2.04952242775039,-1.83601808620671,0.633945652655749
205,2589,"s15","m2",-0.516909206626565,-0.804095534005242,-2.17520574237936,-1.79023272722666,1.02722401270715
206,2615,"s15","m2",-0.506980296789858,-0.739294420257013,-2.0008083511125,-1.55906379513257,0.749838889997158
207,2632,"s15","m2",-0.571049541441394,-0.851537190906566,-2.19116736192139,-1.48181963272829,1.29977568552052
208,2653,"s15","m2",-0.471149626168409,-0.784754460233455,-2.12281208667453,-1.80138907857022,1.02005234782132
209,2662,"s15","m2",-0.571895439105158,-0.798037076637022,-2.05980982326622,-1.43255264588942,0.9763256246078
210,2665,"s15","m2",-0.617401518382135,-0.769884543695286,-2.62624917165454,-1.31678274457909,1.08642931616587
211,2679,"s15","m2",-0.426019483129241,-0.666612090953009,-2.13630956977815,-1.23162255900165,0.450977474823601
212,2695,"s15","m2",-0.587539631292721,-0.8155926983731,-2.2586401545114,-1.93818760754449,1.06931995194656
213,2711,"s15","m2",-0.58761346814443,-0.792265450570075,-2.14334150807484,-1.22316643157863,1.54034285045246
214,2715,"s15","m2",-0.4997342593756,-0.698043216787563,-2.23490326811789,-1.19858653111988,0.784666438373639
215,2748,"s15","m2",-0.47688868083051,-0.667726310482304,-2.43286944596435,-1.56813739367888,0.12946596998641
216,2768,"s15","m2",-0.482846997504053,-0.752114045340753,-2.22250283212565,-1.20890083139848,0.588553740790739
217,2779,"s15","m2",-0.445291412008258,-0.765064031167866,-2.22262339259012,-1.6822698701683,0.980943407523621
218,2801,"s15","m2",-0.506789592498815,-0.790391768386025,-2.17286963298,-1.49253749945646,1.42777870100076
219,2803,"s15","m2",-0.514774877283465,-0.755383781661063,-2.34684800131528,-1.57684546283069,0.972348573216989
220,2817,"s15","m2",-0.544650431242793,-0.830464147580338,-2.06205288787493,-1.62597661521511,1.80341514339561
221,2826,"s15","m2",-0.518725166552913,-0.733743172251483,-1.9972690055272,-1.63129760272779,0.712238148233059
222,2848,"s15","m2",-0.52304142063159,-0.74708888752952,-2.04197394724444,-1.92446652153627,0.912055810441723
223,2863,"s15","m2",-0.486723937117832,-0.722710621670407,-2.11603117177125,-1.46880847319161,1.01227278503276
224,2873,"s15","m2",-0.423594607615382,-0.676763872843978,-1.99762664974492,-1.3382530088337,0.456878273667785
225,2886,"s15","m2",-0.523463712633294,-0.794871347359329,-2.65686171662936,-1.5713492582874,1.03035963750587
226,2894,"s15","m2",-0.520519806237131,-0.802981986823754,-2.44331911773954,-1.31821348593119,1.13778255126055
227,2911,"s15","m2",-0.517823409693082,-0.858308913688571,-1.73289407735566,-1.73191904662509,1.05391558144515
228,2932,"s15","m2",-0.493409989515051,-0.774546615523657,-2.09441101284211,-1.57764070140215,1.34656509676232
229,2940,"s15","m2",-0.545777275573262,-0.852137426108938,-2.14086220787243,-1.34705502219252,1.37336598161409
230,2947,"s15","m2",-0.511752929767534,-0.69972362712627,-2.09191978050952,-1.20535893831751,0.427534806053585
231,2952,"s15","m2",-0.497604585109964,-0.68498384468326,-1.96031249892964,-1.59647216270105,0.894762458825293
232,2954,"s15","m2",-0.538064734809872,-0.753604145260247,-2.17172675542502,-1.35770455437124,1.12725864115487
233,2969,"s15","m2",-0.535025536277872,-0.788432874175293,-2.67306324439355,-1.74728021138593,0.975384898563409
234,2971,"s15","m2",-0.415018474775413,-0.742600672176828,-2.20578605759118,-1.44944520017021,0.789234886505492
235,2974,"s15","m2",-0.477488042355856,-0.781177324336543,-2.07803929937647,-1.23006329196639,0.622286444527631
236,2987,"s15","m2",-0.478971175385757,-0.74408078760465,-1.96803483204307,-1.39467060002307,1.0184177775024
237,2992,"s15","m2",-0.51756853025557,-0.762229267403282,-2.22354264448684,-1.33236314472854,1.30637928623397
238,3004,"s15","m2",-0.483226028471463,-0.722286121616077,-2.26090016527124,-1.29098018325344,0.703822997429827
239,3007,"s15","m2",-0.503259521318644,-0.757636971667502,-2.28609372702205,-1.05777602779741,0.827139893810032
240,3027,"s15","m2",-0.516770244261763,-0.724198409260417,-1.91279080527395,-1.51830164921944,0.608161876547672
241,3031,"s15","m2",-0.523979325268301,-0.708038402826829,-1.88641817660357,-1.1181438772235,0.584921868076705
242,3032,"s15","m2",-0.569831934193267,-0.825923614180173,-2.25319281304185,-1.99973958794347,1.14679356575829
243,3049,"s15","m2",-0.512251593122376,-0.747507630645107,-1.99342702791024,-1.3802412324025,0.716033394423876
244,3065,"s15","m2",-0.616468203204448,-0.826034941475543,-2.06456024823362,-1.45520085251898,1.26751991180862
245,3068,"s15","m2",-0.59300279910865,-0.765831734947935,-2.15116660922253,-1.5282674275144,1.28435590115578
246,3093,"s15","m2",-0.533034728098505,-0.728682586040114,-2.0778542404843,-1.62040076751211,1.31236013016079
247,3099,"s15","m2",-0.475216290659346,-0.754717345853674,-1.98843592685308,-1.65756830815441,0.788080717623361
248,3101,"s15","m2",-0.564988329235115,-0.786456462660484,-2.27896392732918,-1.40860832708259,1.15222402276686
249,3108,"s15","m2",-0.556450505295608,-0.81027782981638,-2.04156446224816,-1.14682438775937,1.29161130612119
250,3122,"s15","m2",-0.539916015634521,-0.728491382731014,-2.11994313882556,-1.36159358320547,0.806502176388826
251,3139,"s15","m2",-0.493154685712086,-0.737871937295348,-2.25831347688334,-1.06592944399216,0.963020790265758
252,3159,"s15","m2",-0.503533097153502,-0.739575714919755,-2.37366985121609,-1.09222480367649,1.00271937466237
253,3177,"s15","m2",-0.48961793676519,-0.696764636118438,-1.74557282159042,-1.52453055808951,0.353732775444417
254,3189,"s15","m2",-0.580094772759447,-0.702479923977503,-2.13322480870533,-1.73847403532366,0.900467673238851
255,3204,"s15","m2",-0.449777018414944,-0.656878875547993,-2.27355344411563,-1.61502753239701,0.399808272958306
256,3211,"s15","m2",-0.524395710519841,-0.734229408613516,-2.49029488648434,-1.44286184124109,0.818020234249987
257,3214,"s15","m2",-0.539038715238783,-0.745165587283975,-2.11148590769745,-1.39408385442218,1.13043052279961
258,3216,"s15","m2",-0.516336348032896,-0.70378212368369,-2.78868537630426,-1.19221748842109,0.573913511123748
259,3268,"s15","m2",-0.497669383011124,-0.702144646269763,-2.08947625321495,-1.79743596064142,0.387410525989459
260,3307,"s15","m2",-0.498976807724818,-0.72913948137294,-2.40071906391525,-1.65633256897453,0.954255146122154
261,3312,"s15","m2",-0.480100468144613,-0.699495523907579,-2.37929887384711,-1.15928673906184,0.53274470092165
262,3313,"s15","m2",-0.514848097502688,-0.756864476301796,-2.08884537489968,-1.38090035785156,1.15463659487408
263,3321,"s15","m2",-0.499084292835522,-0.843105871705856,-1.81815097555754,-1.51004928125089,0.973139812473593
264,3322,"s15","m2",-0.555485232280317,-0.770048509559318,-2.48110586897518,-1.92011455853268,1.32602341135249
265,3326,"s15","m2",-0.514297482541248,-0.651512539951005,-1.80643731845314,-1.31574663963791,0.565447314954978
266,3331,"s15","m2",-0.462598397339851,-0.717520834216739,-2.31853242681755,-1.22720318070789,0.863417314439926
267,3352,"s15","m2",-0.506822954987413,-0.800788580326608,-2.02478745050904,-1.27338625102551,0.867119803065851
268,3361,"s15","m2",-0.605423787187036,-0.848466797234547,-2.06611729103006,-1.78019268001384,2.01712762562545
269,3366,"s15","m2",-0.558300847799564,-0.837293543936938,-2.51993432309563,-1.85434827824436,1.27383948474269
270,3375,"s15","m2",-0.514556841492023,-0.702219329843336,-2.29900078750505,-1.49003335805586,0.67411723855932
271,3378,"s15","m2",-0.535630264282268,-0.73962970152841,-1.96115006462484,-1.769596051028,0.557204311298134
272,3391,"s15","m2",-0.51224036954242,-0.717771048675527,-2.50066183930883,-1.71151305636473,0.307885748213629
273,3399,"s15","m2",-0.56303613940063,-0.718751227687345,-2.54282060974135,-1.79360348166087,1.15848403212229
274,3403,"s15","m2",-0.547805605659117,-0.711429497320645,-1.9825753200244,-1.39546993578314,0.501915171391043
275,3425,"s15","m2",-0.530258366927148,-0.843264758189998,-2.83438606308475,-1.26214852977463,1.03612154012336
276,3453,"s15","m2",-0.571003639901331,-0.803988235828746,-1.87436088668445,-1.97061158878861,1.27318122157608
277,3487,"s15","m2",-0.477398828329519,-0.784870381829374,-2.17131308870511,-1.27503419375343,0.910773464749135
278,3510,"s15","m2",-0.545613484605643,-0.744375221023081,-2.33761030123261,-1.65632076594399,1.16435481982949
279,3528,"s15","m2",-0.527576071540604,-0.760888193510256,-2.42785185820523,-1.48275935405243,1.02442293260772
280,3532,"s15","m2",-0.504898156375322,-0.777734171857488,-2.30471878929347,-1.37316646055857,0.904679009720945
281,3535,"s15","m2",-0.568906049336123,-0.772712714960923,-2.19703809180669,-1.5506126883612,1.12858910778361
282,3549,"s15","m2",-0.539793605921393,-0.78273106466184,-2.13510920415836,-1.70428692650171,1.3008655292143
283,3561,"s15","m2",-0.456616448231242,-0.752049748081025,-2.81493439952569,-1.58172453118027,0.264695840017259
284,3566,"s15","m2",-0.547506762852706,-0.842139521516807,-2.07524229400968,-1.83699022619138,1.27929327569981
285,3585,"s15","m2",-0.477951722418213,-0.780368907021989,-2.3869444364725,-1.24976910673693,1.48613341781387
286,3586,"s15","m2",-0.48720248613744,-0.786992212981501,-2.22270785454334,-1.71619868307975,1.00248996357935
287,3597,"s15","m2",-0.54504718372404,-0.727745061928039,-2.54723808047424,-1.56521311844857,0.965471104511568
288,3614,"s15","m2",-0.5836942640869,-0.72848890637719,-2.04633601864914,-1.3014961755544,1.2482757442247
289,3617,"s15","m2",-0.445979279162803,-0.790673887705298,-2.1953933834612,-1.3849864750375,1.01420645097994
290,3622,"s15","m2",-0.548783262125994,-0.772856527402841,-2.34694034507656,-1.21481459640944,1.18786287493191
291,3636,"s15","m2",-0.538591791815789,-0.730937372762747,-2.04749948765246,-1.6944749877756,0.764237413510843
292,3646,"s15","m2",-0.600085779674655,-0.832042868175518,-2.59016561393164,-1.5808814904082,1.22598138129151
293,3664,"s15","m2",-0.534133445698284,-0.845664136225912,-2.30656205112319,-1.56704583947641,1.51874158814535
294,3671,"s15","m2",-0.507424296060784,-0.755491903267335,-2.03804978677739,-1.59722165661557,1.17833812861234
295,3673,"s15","m2",-0.51121423432495,-0.701611776841062,-2.14161709687063,-1.78700701157265,0.56565783434253
296,3682,"s15","m2",-0.584842358628626,-0.753912839442779,-2.48984974961858,-1.4951392700818,1.10265699983679
297,3693,"s15","m2",-0.541865153070613,-0.775711088082812,-2.44342109791374,-1.68092464703774,0.898137652674411
298,3695,"s15","m2",-0.536015283642909,-0.738126511329645,-2.26811121549217,-1.84760189684293,0.417847829307375
299,3699,"s15","m2",-0.455390746982781,-0.711847274115404,-1.96917957169287,-1.26931465649103,0.551119485336867
300,3702,"s15","m2",-0.507868942384333,-0.741052522146042,-2.3153496683892,-1.31861661898101,1.2666302295372
301,3710,"s15","m2",-0.492140444814488,-0.692786262905245,-2.60750793882961,-1.40355260541362,0.598262096153185
302,3723,"s15","m2",-0.466835491339,-0.734435493985127,-1.79611182657181,-1.44098327213281,0.769459794748409
303,3741,"s15","m2",-0.477623312532819,-0.732261545089631,-1.82665540606167,-1.30358545801542,0.870192970475226
304,3762,"s15","m2",-0.477382114538243,-0.714993749530259,-2.18025447075623,-1.27033416625188,1.3593382292913
305,3764,"s15","m2",-0.583547792687576,-0.752749926276157,-2.10032249781496,-1.40765159501928,0.890739256097475
306,3765,"s15","m2",-0.499749363769081,-0.719675528854044,-2.09183642067536,-1.54226982609376,1.06369849797106
307,3775,"s15","m2",-0.49908870107272,-0.757555206197182,-1.85825006518463,-1.63935437706747,0.814970391334099
308,3777,"s15","m2",-0.483506890608103,-0.714229650008014,-2.0764921215101,-1.0114703610628,0.725751011845453
309,3781,"s15","m2",-0.492998767888582,-0.73290845199575,-1.9328067031312,-1.46969046897647,0.767663485868059
310,3788,"s15","m2",-0.536994455495196,-0.717780099560763,-1.90852946716934,-1.51633931364156,0.925982835819094
311,3801,"s15","m2",-0.521834845014981,-0.702012410365479,-2.16619911502213,-1.86909573163633,0.884280288522689
312,3820,"s15","m2",-0.506468333981365,-0.71785431884702,-2.30285991481099,-1.3463446759236,0.823448285458218
313,3836,"s15","m2",-0.526947005449508,-0.736606824142814,-2.01101537037649,-1.92492788754639,0.7039229719396
314,3842,"s15","m2",-0.57971594531651,-0.734555388612689,-2.31057249252807,-1.24804564530658,1.20492683252237
315,3848,"s15","m2",-0.543043083320456,-0.741140282741065,-1.88111841206781,-1.55397597800429,0.936182006765621
316,3849,"s15","m2",-0.506032876360935,-0.767455850031769,-1.83045081840695,-1.25393455407255,0.980300782644164
317,3850,"s15","m2",-0.527926446324133,-0.805015042655449,-2.09267095813547,-1.52441130805693,1.2425293208035
318,3860,"s15","m2",-0.511910456259009,-0.785181564293793,-1.80896191633485,-1.27622926709557,1.33328479936424
319,3895,"s15","m2",-0.533342863422901,-0.763132385665271,-2.27541632511354,-1.80807207278912,1.27039056320827
320,3902,"s15","m2",-0.572501312711878,-0.777844967247782,-2.16920815220065,-1.54445736428542,0.951120299484644
321,3904,"s15","m2",-0.554067877671141,-0.761790428007835,-1.90633129166116,-1.38017514363662,0.76456023515659
322,3933,"s15","m2",-0.592522379767515,-0.852081988269506,-2.17339478222594,-1.51875030055764,1.72599794394526
323,3937,"s15","m2",-0.41417674838675,-0.752028060985801,-2.17087098037754,-1.19866316932227,0.267121673463189
324,3948,"s15","m2",-0.576525283616571,-0.848674797764128,-2.08141687435349,-1.50523959149468,1.66741880418236
325,3959,"s15","m2",-0.484156553910561,-0.811899551985257,-2.11406888149912,-1.21562142961331,1.28420080652273
326,3968,"s15","m2",-0.471041387751945,-0.666104942379811,-2.13821937735941,-1.24539821003173,-0.0433733125182029
327,3977,"s15","m2",-0.51914486290261,-0.762952850448972,-1.95115365043271,-1.33755951940216,0.868938178974181
328,3978,"s15","m2",-0.513359715782999,-0.758186287805361,-1.8681160407424,-1.56434916666821,1.13619677789482
329,3998,"s15","m2",-0.508658979213232,-0.794863443521089,-2.83911189647201,-1.52531616549543,1.1168740591033
330,4010,"s15","m2",-0.485604895342258,-0.775562723304842,-2.10719347198303,-1.71563625524903,0.946182868333262
331,4036,"s15","m2",-0.578241728966572,-0.813186254369714,-2.09606634693432,-1.49745501937194,1.62566289496185
332,4045,"s15","m2",-0.527307322305695,-0.754045873097184,-2.04920967367663,-1.38003767959167,1.12807604665574
333,4048,"s15","m2",-0.567445816396098,-0.808676952785587,-1.77114136872037,-1.37592694641058,1.41872806933154
334,4061,"s15","m2",-0.543065600920757,-0.751676394320834,-2.49948222060569,-1.22113896985894,0.720473201674116
335,4084,"s15","m2",-0.519347321056716,-0.753611159394778,-2.45385901560321,-1.32130942692234,0.961856067947033
336,4092,"s15","m2",-0.457212662877095,-0.66689714764304,-2.24047939269747,-0.973627029566468,0.553796247586788
337,4097,"s15","m2",-0.5247402197638,-0.791771417071217,-2.23326510672371,-1.43260388569828,0.88791928666419
338,4124,"s15","m2",-0.482314300060071,-0.720771931138945,-2.55129176279774,-1.69527022285968,0.674512232125451
339,4127,"s15","m2",-0.522300048492687,-0.7717396972406,-1.9157034613441,-1.55297785156229,1.17090250364699
340,4134,"s15","m2",-0.446656058968104,-0.765989201446329,-1.96474062598094,-1.33365510819497,0.834320182851882
341,4165,"s15","m2",-0.509807821951183,-0.817008342986198,-2.20458664174457,-2.01414514308564,1.48898460549625
342,4175,"s15","m2",-0.501689955202153,-0.751522764001334,-2.65095343913356,-1.0003122224851,0.759046442041695
343,4182,"s15","m2",-0.492049265469239,-0.735467400182175,-2.1985445882939,-1.89578533266659,0.775284791640986
344,4207,"s15","m2",-0.413866456993929,-0.615945448717844,-2.38080419065121,-1.29216660329377,0.462473745297598
345,4227,"s15","m2",-0.539266012292033,-0.68300427995683,-2.5598382786183,-1.44101793713347,0.712104686584045
346,4235,"s15","m2",-0.580847528012674,-0.873953740284426,-2.43943971309288,-1.29624672848549,1.69182972496196
347,4243,"s15","m2",-0.499235123362401,-0.695766722074573,-2.06311290981192,-0.982194127213436,0.927997028333574
348,4252,"s15","m2",-0.46410317860751,-0.826082408916337,-2.38184257312507,-1.79688042670047,1.26361087287054
349,4255,"s15","m2",-0.483872552979098,-0.733138334241445,-2.22679168379545,-1.60542812815256,0.592474521098197
350,4263,"s15","m2",-0.482577903540332,-0.721289846163021,-2.4894860407482,-1.72663912358243,0.500037890161686
351,4264,"s15","m2",-0.505647712381381,-0.681896614227223,-2.43342519373946,-1.5028584698083,0.249312150460243
352,4265,"s15","m2",-0.592046572501349,-0.830151152102724,-2.86295942216267,-1.77775108140103,1.25823411290794
353,4266,"s15","m2",-0.507302294326538,-0.729262187733266,-2.15508699460039,-1.30637918340713,1.11460728397628
354,4279,"s15","m2",-0.541924651797256,-0.793471432870169,-2.40580936604799,-1.50119760198287,1.10639675576172
355,4311,"s15","m2",-0.501773017764459,-0.762253468105316,-2.05734053464284,-1.73450506047775,1.22626341401892
356,4314,"s15","m2",-0.497952140286311,-0.776159193024583,-2.16500181965728,-1.62051528777988,1.07899026735915
357,4316,"s15","m2",-0.505883832933918,-0.844635786981683,-2.13399289408465,-1.69920314118524,1.23830056646862
358,4318,"s15","m2",-0.567288310888084,-0.771310081359053,-2.316285204641,-1.37181216699655,1.47302750860114
359,4325,"s15","m2",-0.486471128664815,-0.816894300676693,-2.0354475579203,-1.446362170923,0.817201414602062
360,4340,"s15","m2",-0.536752392765438,-0.742061959114105,-2.17309535145389,-1.82415140513349,0.814171041901736
361,4360,"s15","m2",-0.467233947258062,-0.764348130880123,-2.35987575280066,-1.50505197272241,0.583961488748584
362,4378,"s15","m2",-0.418634412107735,-0.798068366989719,-2.38286422909004,-1.42710902668743,0.917012215440629
363,4393,"s15","m2",-0.546602353876757,-0.811379521097642,-1.9171031607936,-1.7391453673781,1.86590055404169
364,4412,"s15","m2",-0.570306950692723,-0.858119764327022,-2.27946788594904,-1.84092876341394,1.34218508096365
365,4418,"s15","m2",-0.539594346862748,-0.74016531287704,-2.15371669326577,-1.83524404489569,0.613222464886014
366,4428,"s15","m2",-0.646264608747197,-0.849308018594049,-2.2219164830714,-1.72274775406742,1.72090106490681
367,4432,"s15","m2",-0.513142058028268,-0.65444230827108,-2.22731581223419,-1.20817505244445,0.875032956092473
368,4437,"s15","m2",-0.57496420095729,-0.788080138793059,-1.94220605956271,-1.6489936214352,1.26731508960841
369,4453,"s15","m2",-0.527302988346029,-0.768140129442834,-2.0499397238036,-1.58269683453361,0.89111879213586
370,4468,"s15","m2",-0.54856386906756,-0.807288797437432,-2.53952836426646,-1.55470847156323,1.121137255068
371,4469,"s15","m2",-0.523233963977231,-0.815145606305604,-2.46160168965637,-1.84830968140911,0.809800864699833
372,4474,"s15","m2",-0.523259722953487,-0.826641968157463,-2.26086174106749,-1.61089177064458,1.34125730527033
373,4476,"s15","m2",-0.47823543256283,-0.778110923292692,-2.22911023460055,-1.87294795984932,1.09167594496058
374,4480,"s15","m2",-0.534101324410529,-0.785451183350946,-2.32914536234939,-1.54782331498462,1.34398800301788
375,4489,"s15","m2",-0.435477152520269,-0.744228945086368,-2.28040113558196,-1.35377151897379,0.445310308527905
376,4496,"s15","m2",-0.474235616174559,-0.653793952639167,-2.24569071272901,-1.30797556336281,0.35099939374855
377,4498,"s15","m2",-0.492499126942218,-0.7462313301234,-2.38624818493727,-1.23870557701588,0.923219018061247
378,4504,"s15","m2",-0.52780775173223,-0.793309551595524,-2.31594920399101,-1.61932910665214,0.84185128187013
379,4506,"s15","m2",-0.585332621346881,-0.72677161857147,-2.01441086157096,-1.62430570657616,1.07965002852538
380,4516,"s15","m2",-0.529298099185912,-0.761346848458505,-2.73938986500195,-1.54540196687498,0.867823617453742
381,4543,"s15","m2",-0.458279683333685,-0.868091320235166,-2.02207981142015,-1.72500532019374,1.18476850142275
382,4546,"s15","m2",-0.499129598538918,-0.741751013701821,-2.01723054234289,-1.92831976690525,0.749670997179664
383,4566,"s15","m2",-0.480949959777924,-0.785027164961617,-1.92364772296806,-1.62988802947158,1.26837315763867
384,4572,"s15","m2",-0.532607527758362,-0.714944555754258,-2.07203305521575,-1.6116503288002,0.76595426762648
385,4587,"s15","m2",-0.567622968359439,-0.821499743347666,-2.13710831164987,-1.49039570301656,1.32648507364025
386,4620,"s15","m2",-0.477886999236607,-0.782922482491042,-2.07436255381079,-1.64230467832367,0.662087809766607
387,4623,"s15","m2",-0.530449195887959,-0.768646123617496,-2.33272156646719,-1.36734683875808,1.18221479148347
388,4641,"s15","m2",-0.546256125057472,-0.818894963219412,-1.80807731059641,-1.28096748012884,1.53279077760398
389,4644,"s15","m2",-0.533191276823199,-0.851434836292718,-1.86308771521905,-1.57175523502037,1.66689205981146
390,4669,"s15","m2",-0.477300272870063,-0.808179824943598,-2.09176412051675,-1.68850173347925,0.594396682269093
391,4674,"s15","m2",-0.556866673740616,-0.787851289373,-2.46660867164557,-1.54785649549024,1.08524611310105
392,4676,"s15","m2",-0.591244189002393,-0.802654034196849,-2.64734533083826,-1.33695427655145,1.34255401771663
393,4680,"s15","m2",-0.461618574192637,-0.726650270238432,-1.79770151467495,-1.1419269877834,0.8518074940898
394,4687,"s15","m2",-0.505024134166656,-0.729635283588813,-1.93767621307259,-1.68174068820562,1.11562465453067
395,4688,"s15","m2",-0.557965188550487,-0.926515573248769,-2.16118474911564,-1.81259591324644,1.57441500178631
396,4693,"s15","m2",-0.580816211622834,-0.874613043552676,-2.0505793995218,-1.59579978224909,0.909536634208909
397,4707,"s15","m2",-0.484629596079082,-0.727936218436641,-1.97227308503378,-1.72577664424995,0.680675530841751
398,4729,"s15","m2",-0.54529620616599,-0.768985658337804,-2.5434004520534,-1.45666398796326,1.14746919239978
399,4748,"s15","m2",-0.598487873508449,-0.797660132388701,-2.37177418087904,-1.60574801305616,1.13504518785798
400,4757,"s15","m2",-0.52787769003499,-0.721022678662644,-2.14225546878014,-1.47627055762809,0.57491174617893
401,4787,"s15","m2",-0.491099288694199,-0.730271977781733,-2.28257026045348,-1.50016458447754,0.650726812767405
402,4804,"s15","m2",-0.551895308954437,-0.756903596861141,-2.00660315991959,-1.71475727617904,0.78527474155631
403,4810,"s15","m2",-0.569214803838609,-0.831336558929238,-2.12476524949718,-1.57482440750154,1.54878304537077
404,4819,"s15","m2",-0.543589372051649,-0.748955210534322,-2.54433657755541,-1.47222545309886,0.984711326708236
405,4822,"s15","m2",-0.46476269689692,-0.72980406742904,-2.55171985004663,-1.35519722034274,0.509675244343375
406,4826,"s15","m2",-0.547423638549119,-0.745585613748638,-2.44141071344297,-1.66834831747278,1.09924915961569
407,4870,"s15","m2",-0.522884619587404,-0.813965292482968,-2.02230605286125,-1.68213504339164,0.801545262503476
408,4872,"s15","m2",-0.514337475081025,-0.693615405622071,-2.01262123077871,-1.28519300665354,0.454705215865001
409,4876,"s15","m2",-0.482796242223641,-0.816805683248856,-1.94177580639344,-1.4253902887777,0.585208577234863
410,4879,"s15","m2",-0.523368413581842,-0.786615089925206,-2.33562112468329,-1.52399884867678,0.827462800200843
411,4881,"s15","m2",-0.52070366980385,-0.681724950304456,-2.3462318699434,-1.31669684913556,0.460262418846497
412,4889,"s15","m2",-0.546226087933558,-0.766287631672211,-2.46831404860076,-1.90316897402556,1.23480313747341
413,4950,"s15","m2",-0.555637691037699,-0.652222074582472,-2.76817590369389,-1.08556933439502,0.902636164383604
414,4957,"s15","m2",-0.495439731119263,-0.773229582974188,-2.09166655143356,-1.63938316589901,0.937688817716534
415,4969,"s15","m2",-0.504945829057185,-0.675746461514681,-2.3731203140341,-1.39755734748385,0.625877490408675
416,4988,"s15","m2",-0.538651108274616,-0.739296441449988,-2.34658049408985,-1.41525937602785,0.801394023086639
417,4996,"s15","m2",-0.512819795243816,-0.721535719161939,-2.33251219589481,-1.52094446858728,0.681907912794494
418,5003,"s15","m2",-0.517098244741662,-0.735008623573183,-2.35048374366063,-1.33675519642404,0.97192999696359
419,5020,"s15","m2",-0.572150996959658,-0.812197178863745,-2.10987255111956,-1.7271556797613,1.12404193398986
420,5021,"s15","m2",-0.582738958643797,-0.817903475574498,-1.9792781087732,-1.68067182547174,1.28636456863546
421,5028,"s15","m2",-0.546504181085559,-0.798516555621616,-2.18861619610482,-1.46924187246329,1.01492267855942
422,5041,"s15","m2",-0.526710727583833,-0.707602354496652,-1.90402201590595,-1.25240725511234,0.767960513993262
423,5053,"s15","m2",-0.610231811490346,-0.855986065157484,-2.33143589676861,-1.39565116002027,1.68567742441833
424,5063,"s15","m2",-0.540440004373771,-0.718812596598086,-2.08238227843388,-1.63694142297584,0.917613031733127
425,5070,"s15","m2",-0.57872099322814,-0.802817877002258,-2.35350326003869,-1.56931948196278,1.37434520990149
426,5077,"s15","m2",-0.514578138786675,-0.765292935576813,-2.42352835291196,-1.61540015488685,0.977256346900152
427,5122,"s15","m2",-0.523918566947139,-0.746864534098577,-2.40783331796848,-1.39431186678957,1.09939555875308
428,5136,"s15","m2",-0.502435428139967,-0.762629860425447,-2.56283052960113,-1.52780228752866,1.17634282052902
429,5149,"s15","m2",-0.520269995226667,-0.758724407094356,-1.86593278556933,-1.41524581039317,0.794601396124026
430,5174,"s15","m2",-0.509431419461048,-0.78541202587017,-2.29861266708807,-1.53997398437306,0.988881970293581
431,5198,"s15","m2",-0.508098732980973,-0.770880873770366,-2.38536808505672,-1.22963063171122,0.885023218131118
432,5207,"s15","m2",-0.521048089047892,-0.781815923947804,-1.78895559238745,-1.57912473832601,0.974115254615969
433,5211,"s15","m2",-0.580053700132778,-0.843825716398906,-2.0724292294477,-1.74680475876907,1.49294578602413
434,5217,"s15","m2",-0.518829236998832,-0.765172980111497,-2.49070971236329,-1.83667681900885,0.577687590831471
435,5240,"s15","m2",-0.48512410111619,-0.75215243537916,-2.28585199275956,-1.32529420913453,1.02367204820156
436,5243,"s15","m2",-0.573412043613099,-0.73675544453229,-2.2882529364093,-1.67697352288889,0.916784552610854
437,5245,"s15","m2",-0.543155598835196,-0.742065395446619,-2.43374317578658,-1.45558265268536,0.616079523086626
438,5251,"s15","m2",-0.516534371714726,-0.713554535566393,-2.35458347541494,-1.50079540346196,0.853977186016723
439,5256,"s15","m2",-0.524116324345441,-0.785589968037244,-2.24344880906451,-1.4128078780067,0.915249670803724
440,5266,"s15","m2",-0.540002238763089,-0.696514029114251,-2.07732189800036,-2.14114296798185,0.600559643264802
441,5270,"s15","m2",-0.567472185782902,-0.792128987769514,-2.05006261271976,-1.61831782782117,1.20503402326167
442,5281,"s15","m2",-0.51650962291736,-0.809727345143033,-2.15794143460542,-1.72983158101987,1.1849865542194
443,5283,"s15","m2",-0.512295281264554,-0.798747713752053,-1.86596870205144,-1.74054168258556,0.71610795354922
444,5295,"s15","m2",-0.463916898453666,-0.680474884492204,-2.27386710832881,-1.36056127272388,0.877608277506078
445,5311,"s15","m2",-0.606833875512283,-0.844751268275961,-2.44270435559339,-1.68537808549757,1.13136519651412
446,5318,"s15","m2",-0.518445782301334,-0.756015005532686,-2.32413369863407,-1.56416518608486,1.17055240967379
447,5335,"s15","m2",-0.543445701001994,-0.741153352759661,-2.55991537102886,-1.53885446871298,0.703900805225534
448,5339,"s15","m2",-0.551826826819309,-0.808407271753624,-1.59503219327201,-1.48864845024798,1.33161178035985
449,5355,"s15","m2",-0.512809582076605,-0.735663194948058,-2.0813110864027,-1.496335667332,0.540200183034901
450,5362,"s15","m2",-0.505348396777259,-0.756126702540502,-2.13923833270658,-1.34590535921152,1.36330608182484
451,5367,"s15","m2",-0.502084936627698,-0.722112909805866,-1.99925196962467,-1.62222732497187,0.608006756164318
452,5375,"s15","m2",-0.541662102094412,-0.801318551475484,-2.32316577833087,-1.37321458464016,1.36982411029401
453,5384,"s15","m2",-0.488392718868282,-0.721131955345273,-2.26305115371861,-1.35221770344927,0.82972604708095
454,5397,"s15","m2",-0.453256724203483,-0.635635840670169,-1.74670667398222,-1.34894585616592,-0.075842502746067
455,5422,"s15","m2",-0.596042513672219,-0.719533795853631,-2.20636102494842,-1.49090774166529,1.13798296576243
456,5439,"s15","m2",-0.542214956491886,-0.796293591120748,-2.45764443180297,-1.72558714038846,1.14927754474671
457,5455,"s15","m2",-0.508993347377618,-0.743797735692869,-2.40228870381473,-1.60349514220427,1.01625787376839
458,5459,"s15","m2",-0.455226138252168,-0.768305454947041,-2.45471621222511,-1.24712846236605,1.3141591288501
459,5462,"s15","m2",-0.45812397742726,-0.652333891034509,-2.29334895080156,-1.1269629031592,0.336617988240762
460,5475,"s15","m2",-0.558682656509207,-0.778174273595603,-2.22561308197473,-1.48419423198951,1.1711240830996
461,5476,"s15","m2",-0.487729404249788,-0.757844472719298,-2.21333834259755,-1.48264554974279,0.558467248482836
462,5481,"s15","m2",-0.513294557836356,-0.6671284728891,-1.94558775031417,-1.98145335532594,0.309098275581039
463,5489,"s15","m2",-0.5260246555059,-0.796402699402745,-2.55335543622723,-2.0986205853856,1.43598822904335
464,5491,"s15","m2",-0.569629670755887,-0.788034441684152,-2.59012982158268,-1.35588898554597,0.920860236119553
465,5500,"s15","m2",-0.592439940537673,-0.735108014578047,-2.49308207728858,-1.23844956488179,0.67673509899979
466,5505,"s15","m2",-0.535007396777058,-0.767077823039203,-2.19290709532482,-1.50598053397344,0.662531033546938
467,5508,"s15","m2",-0.557852442183846,-0.760318518588813,-2.07531727034551,-1.7245470470923,1.05493828092109
468,5511,"s15","m2",-0.535507683170189,-0.760219103739775,-2.26106656053332,-1.74060452491026,1.21502081094249
469,5532,"s15","m2",-0.496049052953322,-0.768209963192073,-2.27239562986947,-1.26447482520759,0.957392971202202
470,5549,"s15","m2",-0.518924740361242,-0.780372258210667,-2.10682430939359,-1.39554417947199,1.39394760331858
471,5557,"s15","m2",-0.501856804584928,-0.75627725820603,-2.0839701145436,-1.37066353507589,1.04287445235115
472,5562,"s15","m2",-0.479770673399824,-0.838491742793388,-2.37900382137157,-1.28012827902513,1.01303022050415
473,5575,"s15","m2",-0.533212892149775,-0.759232103530545,-2.35000129203484,-1.97203492072035,0.439267659506532
474,5578,"s15","m2",-0.530094443217099,-0.748913494253806,-2.10485365024861,-1.56642902450103,0.662333336917982
475,5589,"s15","m2",-0.494214090516921,-0.795545940341516,-1.87570624553695,-1.54844390320181,0.544983960776404
476,5596,"s15","m2",-0.514795884551825,-0.791986800605885,-1.82375843227317,-1.32860620261253,1.11887184827678
477,5612,"s15","m2",-0.495035187415037,-0.786623777516324,-1.72645823108573,-1.51375694946937,1.05221837181637
478,5619,"s15","m2",-0.450980392118454,-0.677607758789882,-1.86256795897794,-1.36761998643298,0.765846138377972
479,5621,"s15","m2",-0.560425470882337,-0.810102738972811,-2.21550031277867,-1.45857091864205,1.40674509583528
480,5624,"s15","m2",-0.634113801048278,-0.795501475970706,-2.02132260864111,-1.41325852364018,1.14229150412695
481,5626,"s15","m2",-0.528033086625591,-0.778512146304655,-2.71457679970343,-1.35640515468274,0.977701076364479
482,5643,"s15","m2",-0.483041555887382,-0.755598294369851,-2.09518012604303,-1.3545385525486,0.32072602237385
483,5646,"s15","m2",-0.549078059459581,-0.833592417998647,-2.38900219579324,-1.3852161918199,1.00525963813912
484,5654,"s15","m2",-0.53206607201577,-0.757818569767574,-2.13176969761171,-1.38108634606592,1.00182006562048
485,5665,"s15","m2",-0.585609930364285,-0.752349283873331,-2.17220197523277,-1.572308230504,1.37717794022341
486,5668,"s15","m2",-0.584239953259875,-0.856673795252656,-2.28149594007014,-1.64359622348186,1.35806985834873
487,5677,"s15","m2",-0.457961388182551,-0.778541146145738,-2.2002579763585,-1.74821848885676,0.818870323575226
488,5687,"s15","m2",-0.507965043293238,-0.802832239275434,-2.72718033515174,-1.30742039871625,0.944403565075488
489,5688,"s15","m2",-0.489380554697184,-0.751850427145721,-2.30459498082911,-1.66929305196034,0.475544753744739
490,5704,"s15","m2",-0.587161952088614,-0.750662425018974,-2.17895564611721,-1.38497792999333,1.19115425932083
491,5711,"s15","m2",-0.512251956024948,-0.750979128177467,-2.1156362965348,-1.3724747712543,1.27767793273916
492,5738,"s15","m2",-0.557433332967783,-0.745723619943951,-1.95402750211652,-2.12631365066666,0.68933158635961
493,5752,"s15","m2",-0.474323542543717,-0.808424645223896,-2.09075225117185,-1.32762317528693,0.889348606885443
494,5756,"s15","m2",-0.463085365345081,-0.739223864023738,-2.98292796414681,-1.76683251817879,0.771127072011266
495,5759,"s15","m2",-0.552274685890735,-0.786530938747628,-1.8962836460779,-1.63686257133746,0.993107409276468
496,5773,"s15","m2",-0.468921389975227,-0.766764000697989,-2.49270864351043,-2.0299641974137,0.916344906809921
497,5776,"s15","m2",-0.531184220829932,-0.819213651389322,-2.27354513053632,-1.62115814108683,1.28497278510599
498,5808,"s15","m2",-0.454955318652733,-0.748820770058658,-2.01225286622594,-1.38937090465745,0.713553137757102
499,5819,"s15","m2",-0.525070226224527,-0.719511448069951,-1.96923171502065,-1.40252844631661,0.938526980347158
500,5821,"s15","m2",-0.501950159546333,-0.754030200986564,-2.37829055417294,-1.28384812769027,0.906315674715819
501,5827,"s15","m2",-0.547623709073464,-0.737157281137445,-2.15019504614076,-1.7442246126226,1.20889843674273
502,5841,"s15","m2",-0.512991090137122,-0.710339909554653,-2.26033992542009,-1.39461023532014,0.579549478914154
503,5859,"s15","m2",-0.472477789085366,-0.726767950642658,-2.11296596805467,-1.17897622248795,0.831019041722192
504,5861,"s15","m2",-0.507527903015381,-0.759228604441851,-1.74987201584628,-1.55262172213296,0.972993628933812
505,5876,"s15","m2",-0.498959150917916,-0.705467977795668,-2.16045540926011,-1.74555041936467,1.06142347365382
506,5892,"s15","m2",-0.572675595502623,-0.800471776372785,-1.99011251112336,-1.50706577438103,1.23613182289583
507,5902,"s15","m2",-0.481241484831156,-0.800028857114566,-2.26907030725825,-1.39978462984977,1.00420591899339
508,5908,"s15","m2",-0.50382600890213,-0.83878869976079,-2.07142543655065,-1.29828675586824,0.577160517513501
509,5934,"s15","m2",-0.592368595302817,-0.771883881853881,-2.00344824617492,-1.4495987060044,1.02026126743426
510,5941,"s15","m2",-0.489432438727321,-0.804853662473362,-2.07356558622598,-1.22379647686174,1.0318891867666
511,5954,"s15","m2",-0.49547117514961,-0.705295055608775,-1.76901640396848,-1.20743246384174,0.708139101090033
512,5968,"s15","m2",-0.443016252338757,-0.766341124360747,-2.02629061505974,-1.24021478839681,0.851323356592682
513,5991,"s15","m2",-0.498596712868678,-0.804353204237831,-2.30458426399161,-1.83495947952223,1.23672305640732
514,6015,"s15","m2",-0.630633759189764,-0.769232153563965,-1.97961905415304,-1.04520948990237,0.981494757686364
515,6020,"s15","m2",-0.52756611387817,-0.761416116319578,-2.27490886365877,-1.62645228981105,0.71868585337672
516,6021,"s15","m2",-0.506851947863782,-0.737438362441245,-2.27887297398587,-1.17430921560864,0.92876888265118
517,6026,"s15","m2",-0.526431760065784,-0.689864864488054,-2.3881447004133,-1.33290755748259,1.04522175423919
518,6050,"s15","m2",-0.516365022862336,-0.726598996970891,-2.69487388391411,-1.31590845693303,0.411265505112398
519,6054,"s15","m2",-0.536202987856412,-0.774725692697588,-2.61252253354251,-1.41710578869139,1.43658877752035
520,6066,"s15","m2",-0.512596732807028,-0.699619429143442,-2.14433313741756,-1.24624397967395,0.62230193279795
521,6067,"s15","m2",-0.490132199746917,-0.716927740581237,-2.61053755151026,-1.43741527703054,0.988277490436904
522,6069,"s15","m2",-0.481153118969321,-0.700885380345104,-1.71804155521235,-1.45581670035856,0.741181070223408
523,6077,"s15","m2",-0.474666838771729,-0.704042111951338,-2.16089735163109,-1.35375499934964,0.451766827407858
524,6086,"s15","m2",-0.510248468758933,-0.740879616418984,-2.15054593618428,-1.53372401521829,0.875685669781989
525,6093,"s15","m2",-0.482517682516077,-0.801672176826522,-1.90956663494765,-1.31027516037954,0.69505258175862
526,6097,"s15","m2",-0.481454564234674,-0.784609602996823,-1.91995931701011,-1.23365824322542,0.657935060897881
527,6111,"s15","m2",-0.483889429291924,-0.764904891642474,-2.08081135664003,-1.20179183023902,1.06212461143491
528,6112,"s15","m2",-0.494316280345702,-0.768145983428279,-2.13472850223042,-1.76039419813638,1.17500397439522
529,6129,"s15","m2",-0.510210036072844,-0.73911673243391,-2.40038768237314,-1.76403156907788,0.543778581394282
530,6155,"s15","m2",-0.480701361068265,-0.764533658035525,-2.1651221492987,-1.232098044777,0.934856773561921
531,6160,"s15","m2",-0.54091108868672,-0.794021706559504,-2.15698008449361,-1.85170636758447,1.21192378966391
532,6176,"s15","m2",-0.553863202800006,-0.748304046126925,-2.43077739707367,-1.42174450264256,1.06172011151596
533,6182,"s15","m2",-0.524943464128885,-0.783736494938377,-1.93002715962214,-1.55521977401655,0.969218506928032
534,6194,"s15","m2",-0.531418925353053,-0.824652443459353,-2.58215089126122,-1.32667329187814,1.0176845585863
535,6197,"s15","m2",-0.521178371430024,-0.766764605050401,-3.02921832206549,-1.44668055010259,0.587475002301673
536,6204,"s15","m2",-0.518792538107037,-0.667177870875216,-2.16596003449237,-1.10318850422656,0.812063414603839
537,6218,"s15","m2",-0.511896408037911,-0.810738502913829,-2.01598034073586,-1.20843950166977,1.07460114347829
538,6234,"s15","m2",-0.504732282608773,-0.778204210869684,-2.6846565634647,-1.50785704302808,1.32595391247794
539,6251,"s15","m2",-0.526025994641384,-0.802465148141713,-2.06106935511816,-1.75468566869864,1.14049526830898
540,6262,"s15","m2",-0.568036265433633,-0.731893787503919,-2.20531021117147,-1.20492731048132,1.04158563364069
541,6264,"s15","m2",-0.424466217596412,-0.726662714489107,-2.43008729629584,-1.4080255723225,0.808474138333376
542,6269,"s15","m2",-0.474396389516962,-0.831008892198834,-1.95876844053929,-1.47393990161359,1.23439506326868
543,6317,"s15","m2",-0.521572613296985,-0.78504011962285,-2.23349291909509,-1.75612866608139,0.929084481412291
544,6322,"s15","m2",-0.567586672963681,-0.748756568549492,-2.28944451824907,-1.20206224101238,1.057630292552
545,6348,"s15","m2",-0.577846948582337,-0.800731540407741,-1.9779849085546,-1.86790226600305,1.32703099044912
546,6363,"s15","m2",-0.482163441874537,-0.738823929873029,-2.00584056532658,-1.35029392606063,0.536872695954604
547,6380,"s15","m2",-0.551633643017009,-0.808504406425791,-2.08850420942169,-1.32755309365068,0.97692142372926
548,6385,"s15","m2",-0.551138161827881,-0.800032619445797,-2.42263015741549,-1.70804997694046,0.800740579877187
549,6411,"s15","m2",-0.521690067088597,-0.713963818024302,-1.95223971291595,-1.22549297935708,0.806594712411738
550,6434,"s15","m2",-0.565353998738953,-0.781083037344214,-2.13238850552643,-1.53798606338227,0.971562856471264
551,6441,"s15","m2",-0.51240080001247,-0.767462515616361,-1.98935959042761,-1.56374335440987,1.27752301137569
552,6443,"s15","m2",-0.517439290138175,-0.829974468951658,-2.26531530510866,-2.19657079279722,1.28809664840712
553,6449,"s15","m2",-0.561463083627122,-0.776284629388145,-2.4051606974492,-1.48269306606435,1.08672545728521
554,6454,"s15","m2",-0.586727527503238,-0.780193850055255,-2.35413814884314,-1.66954459807064,0.930186274925085
555,6478,"s15","m2",-0.511290471738737,-0.787807349103827,-2.32297526778681,-1.46933187334168,0.817507478610044
556,6500,"s15","m2",-0.544599957470174,-0.775526242504927,-2.47934278027056,-1.36055743845643,1.49688014927689
557,6503,"s15","m2",-0.580323132620107,-0.818938208470015,-2.18633356594809,-1.53063180088182,1.18176582609173
558,6510,"s15","m2",-0.476222045199664,-0.710380347922888,-1.87112385403397,-1.43173851298428,0.825517501508577
559,6517,"s15","m2",-0.568371388811578,-0.69431365959357,-3.05730446060934,-1.52186211507363,0.915199077658735
560,6528,"s15","m2",-0.522552970593351,-0.774573354481372,-2.08524494035658,-1.56577211808535,0.928010469934923
561,6575,"s15","m2",-0.531602768198767,-0.838638226015786,-2.49063080556697,-1.48965056135143,1.34933388913484
562,6593,"s15","m2",-0.482715434068648,-0.776230088348187,-1.74694215838992,-2.01230887429797,0.770449662785309
563,6600,"s15","m2",-0.456905352522553,-0.792352848811604,-2.19023441410512,-1.60742701794001,0.632209401354201
564,6619,"s15","m2",-0.560689532004066,-0.740938168011615,-2.20779649123941,-1.48423049653782,0.887549255719153
565,6641,"s15","m2",-0.58057873695661,-0.713059165909595,-2.69557917742626,-1.18018178746974,0.832604949002221
566,6654,"s15","m2",-0.557952004213137,-0.730357300778271,-2.56719019708199,-1.28006988109483,0.262728006210894
567,6659,"s15","m2",-0.505067491811816,-0.848628146424348,-1.97584279745968,-1.60545668410981,1.08244542214005
568,6661,"s15","m2",-0.586114590929688,-0.771498541348768,-1.8365539458111,-1.35313571980815,1.36387579177486
569,6677,"s15","m2",-0.500889834088952,-0.811788055866155,-2.04027479992437,-1.37405201902921,1.43137084924555
570,6693,"s15","m2",-0.500295506344778,-0.821871511048981,-1.83425268884947,-1.28379068185464,1.05755976405006
571,6715,"s15","m2",-0.558642998465974,-0.800775709197945,-1.98346163921914,-1.48408727543113,1.10696215023322
572,6716,"s15","m2",-0.487610025579767,-0.669637911639232,-2.03896401670402,-1.21940883362261,0.400523628500371
573,6738,"s15","m2",-0.541246470347617,-0.78448560410552,-2.08036965445908,-1.42457613713533,0.883009608035481
574,6751,"s15","m2",-0.545134785669958,-0.682625988648181,-1.86216824105437,-1.48722236298636,0.728863867060055
575,6767,"s15","m2",-0.536462936306081,-0.76060800993216,-1.88016352045685,-1.23598831871658,1.01618336355437
576,6772,"s15","m2",-0.435478064396503,-0.745822585619626,-2.1106347873459,-1.32080982967856,0.888260170570878
577,6782,"s15","m2",-0.578312216570871,-0.679716742904682,-2.36489081624131,-1.589336610669,0.905370975510566
578,6789,"s15","m2",-0.49213864630105,-0.752777542915571,-2.01692629435063,-1.28743385231212,0.910138368967079
579,6804,"s15","m2",-0.499214680713237,-0.738932005119582,-2.27058835058656,-1.66128786135382,0.942533670183227
580,6817,"s15","m2",-0.528473966048384,-0.683737666209908,-2.25101705748222,-1.47093372916125,0.568992741900049
581,6846,"s15","m2",-0.475175898426168,-0.710650390433256,-2.07127824903564,-1.97740601408418,0.582223468071138
582,6853,"s15","m2",-0.492710112936687,-0.815323034763938,-2.26781226968982,-1.39573799297042,1.20961348892186
583,6860,"s15","m2",-0.517598279407398,-0.770119923714491,-1.98175390474558,-1.49340027561564,0.838245140205078
584,6868,"s15","m2",-0.511053949513006,-0.822596773919621,-1.97423838013608,-1.26878605239174,1.32642330070553
585,6870,"s15","m2",-0.521099476324806,-0.75088385825269,-2.17135258438751,-1.37848579848578,1.01476573057495
586,6875,"s15","m2",-0.571946792772296,-0.70964570423204,-2.35879004199738,-1.52245636024985,0.846772801161926
587,6876,"s15","m2",-0.483360207810269,-0.792512102869768,-2.00266434258752,-1.58943900805487,1.32344306944421
588,6880,"s15","m2",-0.56603560960919,-0.763063137913541,-2.09672324008671,-1.44869913906282,1.05225658425231
589,6893,"s15","m2",-0.526499767135054,-0.80897048266789,-2.30175956321916,-1.52891941544558,1.32460930875304
590,6895,"s15","m2",-0.475743262771653,-0.753390370024807,-2.18078586595236,-1.54371524587863,0.958961066571038
591,6913,"s15","m2",-0.453632954702013,-0.752716935727719,-1.78086922671196,-1.68016739067352,0.465227469776269
592,6937,"s15","m2",-0.573505016573805,-0.735692974741202,-2.72312949713897,-1.33816522809967,1.05864103106381
593,6955,"s15","m2",-0.53541987701445,-0.743788839860501,-1.7782564387294,-1.29363211337453,1.29605732638947
594,6962,"s15","m2",-0.5067912579137,-0.797054044764733,-1.88184402131448,-1.79644385197347,0.978551086854874
595,6964,"s15","m2",-0.529943973043277,-0.800827586876956,-2.2394079957178,-1.54077433898612,1.59753925574808
596,6969,"s15","m2",-0.455439350175411,-0.7266794126285,-2.0729835645635,-1.53183757109648,0.418099032327616
597,6976,"s15","m2",-0.48838701796269,-0.609310586278354,-1.85075152371936,-1.1326124016306,0.136814604097802
598,6979,"s15","m2",-0.561097085741964,-0.695261767463296,-2.15015140588342,-1.54985227302224,0.872485219682302
599,6980,"s15","m2",-0.553586996388271,-0.784266111405787,-1.8927501746037,-1.25527859174268,1.37800079998275
600,7007,"s15","m2",-0.489613168001767,-0.810258037851038,-2.08399803040122,-1.6496873581903,1.32903823561274
601,7025,"s15","m2",-0.525643638845972,-0.763444302514113,-2.31309484347258,-1.39589343675913,1.1806551361595
602,7028,"s15","m2",-0.551331943557401,-0.766577062357493,-2.76940677159887,-1.45995867165384,0.979810338967271
603,7031,"s15","m2",-0.6418730782987,-0.779136978460719,-2.34171572288268,-1.45950796127273,0.838621892288861
604,7032,"s15","m2",-0.527934158742243,-0.754194147038832,-2.63788866938275,-1.32658445152259,1.04125401607112
605,7067,"s15","m2",-0.537275051725726,-0.804047518559886,-2.45765001362654,-1.38924829969404,1.19271060442134
606,7074,"s15","m2",-0.480998462108078,-0.758923240203752,-2.11867365286115,-1.43314582059345,0.579887025051116
607,7088,"s15","m2",-0.552049265436758,-0.756418702942993,-2.08894886052615,-1.29785536074096,1.19436518037458
608,7098,"s15","m2",-0.52802448699031,-0.839623556577772,-2.64754407255604,-1.69428700376579,1.09639656572662
609,7197,"s15","m2",-0.571133549723913,-0.792882408977897,-2.10321349682635,-1.56166690178396,1.17066068254571
610,7206,"s15","m2",-0.507968164720777,-0.746284868843803,-2.1217932689707,-1.63697791560452,0.69222096541665
611,7213,"s15","m2",-0.472257185561818,-0.756580993686628,-2.44480801504649,-1.24534216313714,0.659051692694847
612,7223,"s15","m2",-0.460996679410682,-0.697652800879388,-2.23588345260486,-1.5460206463449,0.676632242663358
613,7234,"s15","m2",-0.544354701986167,-0.738380224167373,-1.78715034630368,-1.35909885215214,1.26731105564756
614,7236,"s15","m2",-0.515219348323592,-0.789241357990121,-2.39783197002492,-1.42717480100063,0.982403244383104
615,7297,"s15","m2",-0.52737241452624,-0.775034721518557,-2.0984707811344,-1.37084140221272,1.38671996959131
616,7311,"s15","m2",-0.47397898226514,-0.789965719093293,-2.27898171201935,-1.46284391643861,0.475349480541606
617,7314,"s15","m2",-0.55510768594372,-0.816555760154603,-2.61111907370904,-1.68832133001004,1.34506203325115
618,7317,"s15","m2",-0.505467059316468,-0.822987742049822,-2.34411466328686,-1.87594736978778,1.17177173034004
619,7333,"s15","m2",-0.549367631782394,-0.783114009083781,-2.27667978046977,-1.7205803671809,0.740145816615142
620,7341,"s15","m2",-0.504115271105761,-0.73647661653668,-2.51761625550779,-1.27678682976919,1.06510615141073
621,7360,"s15","m2",-0.580794170037568,-0.773524749962322,-2.38065954063224,-1.75789695330601,1.0941168318343
622,7363,"s15","m2",-0.51980719937231,-0.616975906262579,-2.17714367812749,-1.09890935215473,0.359158871123135
623,7369,"s15","m2",-0.513649065436498,-0.803607101443857,-2.15260427694666,-1.82754884007858,1.0401147105818
624,7380,"s15","m2",-0.571524928384851,-0.784664174488965,-2.63472225666437,-1.18627595622799,1.18627723215437
625,7391,"s15","m2",-0.538013615893863,-0.826616387338576,-2.4001103954673,-1.57304108880555,1.05597760481374
626,7404,"s15","m2",-0.462779967138009,-0.790099087312644,-2.26738223805491,-1.2643401226441,1.0020851681817
627,7409,"s15","m2",-0.590243662950576,-0.756257784795431,-2.57164660105172,-1.53095949730454,0.948410488879172
628,7416,"s15","m2",-0.565887240711574,-0.757584691304944,-2.43742684972894,-1.43332332617597,1.04004413751431
629,7418,"s15","m2",-0.519088362125689,-0.797699154430946,-2.31309368160326,-1.50976558612578,1.50553498969779
630,7431,"s15","m2",-0.528359297775629,-0.79279557016872,-2.47077088488499,-1.5120711201588,1.03212261834099
631,7443,"s15","m2",-0.476130498360462,-0.799045957075605,-2.01591085123216,-1.66746925246491,1.23625208377844
632,7451,"s15","m2",-0.455435058476038,-0.755561489559292,-2.47935908542841,-1.23532239139229,0.824051242344778
633,7469,"s15","m2",-0.463195989337523,-0.69135516070702,-2.20047084036988,-1.3577478284651,0.301071586405709
634,7492,"s15","m2",-0.529475589482191,-0.769506475440527,-2.02284479888517,-1.2724955535688,1.07238615293437
635,7502,"s15","m2",-0.518705771025669,-0.737014416262036,-1.97233521077408,-1.35681610709212,0.589504115797813
636,7513,"s15","m2",-0.54360125416735,-0.702354517559065,-1.98267424925145,-1.55699313603984,1.10429640944022
637,7526,"s15","m2",-0.572350545389871,-0.768302767050607,-2.28973142534896,-1.12613244972129,1.00686335778957
638,7527,"s15","m2",-0.601073257577264,-0.805993181200677,-2.81623489472717,-1.47743482731722,1.29008550920313
639,7538,"s15","m2",-0.502636832049514,-0.736987413637976,-1.95877920763322,-1.40949730427469,0.796335163639677
640,7539,"s15","m2",-0.516726385421112,-0.795009943774469,-2.29570906704392,-1.12981022695263,1.7037131840944
641,7550,"s15","m2",-0.597095599822421,-0.750018132087066,-2.16612372043415,-1.57671899801044,1.20112650118109
642,7554,"s15","m2",-0.554598925738282,-0.773556033276975,-2.36613811860232,-1.60085612812768,0.839795242752018
643,7596,"s15","m2",-0.546229035046961,-0.75282982325801,-2.19233725250398,-1.52912094394226,1.31073967235752
644,7616,"s15","m2",-0.540970588350785,-0.790250297620872,-2.43071609226625,-1.51377803674028,1.20226841361864
645,7621,"s15","m2",-0.551544749055026,-0.806849384663205,-2.53161365270624,-1.52096789789984,1.55649794571613
646,7624,"s15","m2",-0.535541797235158,-0.780446602704171,-2.54930116659186,-1.38457120568899,1.37236315591196
647,7625,"s15","m2",-0.494358309315969,-0.804081700036879,-2.25996534583255,-1.64351265579566,1.06749241306356
648,7635,"s15","m2",-0.523590805042696,-0.724106183850706,-2.42833494149756,-1.72061718271375,1.05954183641415
649,7656,"s15","m2",-0.463356620324748,-0.776631899737225,-2.45020222479827,-1.73180211799383,0.733990416530414
650,7657,"s15","m2",-0.423849201822505,-0.768633111860698,-2.85200829058685,-1.23545289782697,0.392492870148653
651,7663,"s15","m2",-0.559899973698708,-0.762283447599296,-2.10398198930741,-1.68409113522394,0.849644613171527
652,7664,"s15","m2",-0.453536508942264,-0.796708160606637,-1.9343066071304,-1.58130610369216,0.987822078305589
653,7680,"s15","m2",-0.539841756406921,-0.8551058532664,-2.49032532108509,-1.56531173813171,1.51807328893763
654,7706,"s15","m2",-0.506227314335019,-0.759561851617803,-2.21453882880928,-1.48517550644285,1.28945331586197
655,7722,"s15","m2",-0.444432230613097,-0.750129942884199,-2.04498971992254,-1.57235311527918,0.452180489508682
656,7724,"s15","m2",-0.42665995471803,-0.674975897092297,-1.63794598415572,-1.31876068490963,0.38344693038921
657,7726,"s15","m2",-0.469801586098391,-0.662991584520842,-2.08892904407976,-1.47118489322944,0.765793680415635
658,7737,"s15","m2",-0.516912861978237,-0.706228427617685,-1.9398412143225,-1.22483505273722,1.22252652662587
659,7742,"s15","m2",-0.529236296535911,-0.749597659162739,-2.25181158579297,-1.54742468767593,0.99190801709715
660,7750,"s15","m2",-0.563858954930532,-0.827151394736125,-2.49157828890293,-1.47591418055772,1.19314142664777
661,7754,"s15","m2",-0.519122860944275,-0.751947937161671,-1.98381453661449,-1.22488225633398,0.923577043841434
662,7756,"s15","m2",-0.5070881106006,-0.759496259973216,-2.73076498839801,-1.41386797983839,0.381218382980613
663,7763,"s15","m2",-0.551264534158393,-0.709470999937846,-2.086658195144,-1.18136330343522,1.01120857136382
664,7764,"s15","m2",-0.499821195914581,-0.702709782216729,-2.28299446520188,-1.16559145076,0.328257646936093
665,7770,"s15","m2",-0.489132491565272,-0.775654386766072,-2.41439821948696,-1.715408535271,1.14905735931746
666,7777,"s15","m2",-0.556566123701115,-0.792435362484262,-2.17433084553347,-1.65025457052829,1.38104551977809
667,7785,"s15","m2",-0.538922526969655,-0.76137685046699,-2.31732396349269,-1.55183977222891,0.82705740046436
668,7808,"s15","m2",-0.473429285051056,-0.826466454679958,-2.28847319131909,-1.47581366509006,1.31798682502611
669,7830,"s15","m2",-0.620595686156964,-0.791832650201404,-2.47210222678633,-1.64557342957828,1.63382007630309
670,7843,"s15","m2",-0.569550523238186,-0.72618025102925,-2.30062259836717,-1.58665071784068,0.629172869456092
671,7845,"s15","m2",-0.520728360504543,-0.670545274828893,-1.92129904835226,-1.15909364077506,1.11385216691711
672,7860,"s15","m2",-0.538822965965568,-0.738564176782354,-2.04905211302409,-1.27554990815446,0.910367988886579
673,7874,"s15","m2",-0.483104824879911,-0.810889173594232,-2.2888981288918,-1.6767461401803,1.37464687267245
674,7904,"s15","m2",-0.562267567808166,-0.752291189052958,-2.37541497794904,-1.74249760435862,1.10126947121017
675,7913,"s15","m2",-0.501024796097019,-0.710575769451732,-2.20380194198465,-1.46961928232901,0.898627726016562
676,7919,"s15","m2",-0.535665902774615,-0.717789520338567,-1.94733576370565,-1.69398478109649,1.11569239573731
677,7920,"s15","m2",-0.651461214184964,-0.800845722264389,-2.42186052265107,-1.32825744534881,1.14304421363833
678,7935,"s15","m2",-0.473241345637444,-0.715632775199672,-2.16571002651824,-1.84553544594545,0.685374285555083
679,7937,"s15","m2",-0.593541373216884,-0.750615961860974,-2.11685149455163,-1.43481073001336,0.817894250108711
680,7958,"s15","m2",-0.577160162207741,-0.838803656118818,-2.21909013367976,-1.3977117885592,1.21666362832854
681,7988,"s15","m2",-0.630978266231689,-0.813083731594246,-2.32107934072968,-1.47332704534025,1.29826501298653
682,7990,"s15","m2",-0.564292452447071,-0.77021418622298,-2.32630916794521,-1.28529376282904,0.702024860713635
683,8001,"s15","m2",-0.474449467421868,-0.730380627838738,-2.31475118774363,-1.27217532764891,0.818583817470554
684,8006,"s15","m2",-0.461524536143764,-0.746885281929852,-2.0880698072471,-1.44095498306875,0.69633356229985
685,8030,"s15","m2",-0.570682640499272,-0.73300111788628,-2.28705020540727,-2.12734160632033,0.745882805226184
686,8043,"s15","m2",-0.487696705020691,-0.835068343828683,-1.97373740383003,-1.73104388611624,1.06529873578413
687,8052,"s15","m2",-0.549321864051423,-0.726934920524857,-2.35441418100955,-1.38505420100033,0.685389886513089
688,8088,"s15","m2",-0.51767209714381,-0.786590582545524,-2.51262841143264,-1.06582439082985,1.54427500700259
689,8120,"s15","m2",-0.595831342815324,-0.742873592090005,-2.18677436690733,-1.59997980626201,0.568383320991865
690,8125,"s15","m2",-0.564262194774917,-0.678753197916893,-2.47268900356337,-1.13261294822393,1.23851219932615
691,8132,"s15","m2",-0.586503748388469,-0.802413663144199,-2.14851472915188,-1.7070691880027,1.37061823539815
692,8153,"s15","m2",-0.510242612155832,-0.727014104620788,-2.50174800180769,-1.3882049898708,0.810722554058376
693,8160,"s15","m2",-0.556068444676579,-0.77885537249211,-2.17500852228082,-1.68437022572233,1.04088974848311
694,8165,"s15","m2",-0.531467813315446,-0.718207093822231,-2.04357396183508,-1.28572381299054,0.424595354605318
695,8167,"s15","m2",-0.57616220129077,-0.825308430324999,-2.34728516508508,-1.84925856519961,1.0601124759174
696,8172,"s15","m2",-0.578361571944138,-0.850939597111579,-2.34794514042048,-1.98146702425883,1.73464543073967
697,8178,"s15","m2",-0.498713167106405,-0.804099161945159,-2.07584647639749,-1.83971722348606,0.945339787849408
698,8187,"s15","m2",-0.434850402256578,-0.709596259608089,-2.63179052752754,-1.41859768483711,0.806750494713692
699,8202,"s15","m2",-0.562710950666277,-0.771169700192209,-2.15524704573824,-1.25113795773791,0.799187478650396
700,8205,"s15","m2",-0.519486700924694,-0.765472096180333,-2.46268396531534,-1.61116486643633,0.757097553836692
701,8231,"s15","m2",-0.547993615285005,-0.742656652129142,-2.32628892350461,-1.44661297915388,1.16658935209639
702,8240,"s15","m2",-0.496536390052331,-0.703225204688342,-2.57383517130272,-1.27821379397914,0.951735601326225
703,8246,"s15","m2",-0.564148764896326,-0.783447181008913,-2.32114304672272,-1.44062574453454,0.685858729560398
704,8263,"s15","m2",-0.509321029722769,-0.677355902824442,-2.22971283492461,-1.20150261926989,0.695053724743973
705,8268,"s15","m2",-0.503276021704718,-0.742495225620735,-2.28615248792791,-1.59994412968377,0.658633771255537
706,8276,"s15","m2",-0.52211297451878,-0.796330270592619,-1.94561792245278,-1.48350368236643,1.07758633680225
707,8283,"s15","m2",-0.521160927958794,-0.770580887113306,-2.30215363773834,-1.70463752409872,1.58233101248968
708,8298,"s15","m2",-0.578295714928302,-0.82733307978953,-2.17556285857294,-1.87531141586941,1.00501699108012
709,8317,"s15","m2",-0.558996049989279,-0.775355248640823,-2.20858107790321,-1.34083348577986,1.15677486751464
710,8319,"s15","m2",-0.491525508845997,-0.745010512284394,-2.12063097053003,-1.26002459860761,0.993063018072573
711,8323,"s15","m2",-0.55313805485584,-0.718493075815771,-2.36348168483166,-2.10966025102927,0.946356615301927
712,8343,"s15","m2",-0.646454546714977,-0.838264547829357,-2.46464572265919,-1.42225095877882,1.28829645116375
713,8365,"s15","m2",-0.612875665754377,-0.824429592169713,-2.24854906984951,-1.88124023715313,1.29235583925093
714,8371,"s15","m2",-0.479373533755605,-0.846163367071979,-2.48514902126866,-1.51197363852285,1.2547400948483
715,8386,"s15","m2",-0.543318073971158,-0.756151015118764,-2.02843585341166,-1.45153371975438,0.595403432322049
716,8410,"s15","m2",-0.482381411616021,-0.797931159040719,-2.42021168175608,-1.56201930205838,0.797287194129603
717,8428,"s15","m2",-0.531266348889495,-0.69129959917224,-2.1046406392625,-1.35474119080361,0.343322755822859
718,8430,"s15","m2",-0.400419715739803,-0.734621784119858,-1.90550413351099,-1.5605977755874,0.0533321785966433
719,8434,"s15","m2",-0.487784171260041,-0.689639427507494,-2.46714382893022,-1.2488901242991,0.621866000086043
720,8480,"s15","m2",-0.531623457537009,-0.813397998918029,-2.07216259730614,-1.37940783687097,1.177570335138
721,8488,"s15","m2",-0.426641287262648,-0.717674413449411,-1.80062971501109,-1.22211838204981,0.653233397567233
722,8490,"s15","m2",-0.586786122058679,-0.746240114562211,-2.29140507576784,-1.58967726898777,1.36846898435875
723,8497,"s15","m2",-0.477941907389466,-0.733683175780974,-2.5932366102175,-1.37777731868523,0.847529923667924
724,8509,"s15","m2",-0.495204721920544,-0.733863682473437,-2.9062719695403,-1.69734984035286,0.845945380641953
725,8510,"s15","m2",-0.588253261002629,-0.890819523474923,-2.13391845190979,-1.70145370484232,1.5306759144573
726,8533,"s15","m2",-0.465884259424628,-0.669549587328699,-2.14845164607872,-1.3057025723441,0.501306942472453
727,8535,"s15","m2",-0.55852253469719,-0.763718604520429,-2.01152669737901,-1.35177725044542,1.0796224801032
728,8540,"s15","m2",-0.5491811531724,-0.838474677938764,-2.27803329648457,-1.76028215085962,1.27209474298545
729,8555,"s15","m2",-0.483670240227547,-0.79985478755004,-1.99628182627861,-1.33608697344988,1.40237427598625
730,8565,"s15","m2",-0.476250915289222,-0.795093972614022,-2.40810368045266,-1.9080274950809,0.90428923199267
731,8566,"s15","m2",-0.485841297721133,-0.74041528713022,-2.1687950970179,-1.32536469621983,1.24401546672105
732,8573,"s15","m2",-0.468924653660911,-0.815358719406588,-2.31328532537794,-1.54756012438341,0.877120476512623
733,8579,"s15","m2",-0.59588426986971,-0.767970436959454,-2.27551651615365,-1.57577964032899,0.96642207007991
734,8586,"s15","m2",-0.4342477907737,-0.681211327311647,-2.13975451071089,-1.21058767903907,0.629988192808967
735,8598,"s15","m2",-0.546099087300481,-0.813993599887772,-2.38994330866915,-1.59268559700177,1.0544326644573
736,8600,"s15","m2",-0.530457771676818,-0.741643949935233,-2.08705149925573,-1.42877166000894,0.912496627151871
737,8605,"s15","m2",-0.487770073945506,-0.744321328704453,-1.95047113872069,-1.63138564966369,0.793064513665883
738,8614,"s15","m2",-0.475346853716685,-0.749977983360741,-2.29293414529929,-1.57364424043815,0.593008121282827
739,8616,"s15","m2",-0.582965841074186,-0.726444869454437,-2.40453498445936,-1.85538866168133,1.04175201665096
740,8640,"s15","m2",-0.443950228207495,-0.708148538665312,-2.0409620668675,-1.50816660271486,0.975262616483012
741,8658,"s15","m2",-0.5101758618426,-0.766927857103427,-2.2967156989399,-1.36264107780041,0.650604935389629
742,8666,"s15","m2",-0.406514608905301,-0.745852293104233,-1.54114338572149,-1.33011844082931,0.860195077832784
743,8684,"s15","m2",-0.526520659334939,-0.7339558735354,-1.86984834686944,-1.45490231934363,0.761700408975849
744,8713,"s15","m2",-0.537075748135312,-0.711071634224927,-1.99392811399326,-1.23530780702736,0.765422696743766
745,8718,"s15","m2",-0.56598532023971,-0.759545756024339,-2.50892882753047,-1.73794415632338,0.792910912358976
746,8720,"s15","m2",-0.450603366458702,-0.767922088534668,-2.57646542053706,-1.54792444657012,0.852979696101629
747,8736,"s15","m2",-0.479454680837477,-0.692780220673709,-2.03820630893378,-1.19753218110734,0.542260036088938
748,8767,"s15","m2",-0.500333514422058,-0.728002702857435,-2.70518900209927,-1.62650154088157,1.13111122001254
749,8794,"s15","m2",-0.518582821569815,-0.679441246824816,-2.21083586402541,-1.56806400437215,0.592363597259532
750,8795,"s15","m2",-0.530453171564606,-0.759711693097049,-2.17074122667272,-1.68105456028068,1.43473453734678
751,8799,"s15","m2",-0.471009044366601,-0.728748551562384,-2.47474778105759,-1.43949001774172,0.832039407489883
752,8808,"s15","m2",-0.528891764890835,-0.697836801754246,-2.31713873124529,-1.35991016843158,0.688638256449114
753,8818,"s15","m2",-0.535940027846409,-0.709262505524242,-2.38219964229531,-1.43513722089011,1.18942198080684
754,8819,"s15","m2",-0.539161858911363,-0.819620604478327,-2.28475723778076,-1.29051424213219,1.09102739023134
755,8834,"s15","m2",-0.557794405630057,-0.829515632768821,-1.96369176815259,-1.388572994421,1.71019940279489
756,8836,"s15","m2",-0.523617090356233,-0.791197451107958,-2.03210538444804,-1.7566493652776,0.986831201094626
757,8843,"s15","m2",-0.545570606563594,-0.81597414520759,-2.02531379473238,-1.32342969927816,1.52010046195715
758,8859,"s15","m2",-0.488887497148434,-0.706018402702658,-2.34037932849673,-1.4218010831688,0.771028953061536
759,8871,"s15","m2",-0.563216716817273,-0.790143476922048,-2.20950377618266,-1.63125620620759,1.16850010079253
760,8877,"s15","m2",-0.534285742368801,-0.721616464355374,-2.21307862845818,-1.61762606672719,1.23866557343065
761,8899,"s15","m2",-0.511995998616663,-0.801605845671959,-2.53709043281951,-1.4628295948017,0.93385399573958
762,8902,"s15","m2",-0.544693734291401,-0.653164791306887,-2.33034461619178,-1.29301289982615,0.503597436279433
763,8917,"s15","m2",-0.45467672815849,-0.742489690282459,-1.89822955014199,-1.24178598409594,0.744058059874777
764,8919,"s15","m2",-0.46211376925043,-0.762718603589995,-1.89473230680455,-1.34985782984622,0.564866722524234
765,8923,"s15","m2",-0.59121140099014,-0.802135819943791,-2.62306907195332,-1.43373988448625,1.15907493855835
766,8940,"s15","m2",-0.444991485259396,-0.678299229662729,-2.36668357743229,-1.37315381075993,0.222229730150953
767,8960,"s15","m2",-0.644825877294849,-0.835756020229656,-2.40794287477314,-1.47842299949185,1.42059630870954
768,8961,"s15","m2",-0.498184454647783,-0.779299917065539,-2.01254932523694,-1.52132957722098,0.995009781597854
769,8968,"s15","m2",-0.537802480206158,-0.834635656304874,-2.10945618789211,-1.51860456416796,1.2502084770281
770,8988,"s15","m2",-0.517345241863523,-0.780017411571078,-2.21869722848227,-1.75648039074192,1.20799888639447
771,8990,"s15","m2",-0.508340724709919,-0.768681858320859,-2.21831498070498,-1.43819236022478,0.723003890036406
772,9009,"s15","m2",-0.544567103106078,-0.737016857690295,-2.77204809735992,-1.6108655604464,0.53617651781087
773,9010,"s15","m2",-0.548439962599359,-0.84375074978721,-2.28323708680968,-1.41797010673117,1.14614141534129
774,9016,"s15","m2",-0.478896619162873,-0.717937270709239,-2.12877426846467,-1.62870692925677,0.765958982488726
775,9044,"s15","m2",-0.515921013197341,-0.714581375655194,-2.36547743995317,-1.20356916033068,0.461645716300869
776,9046,"s15","m2",-0.584285768903639,-0.804394219367932,-2.83609806418502,-1.63003080488395,1.10527022192314
777,9056,"s15","m2",-0.526738346887114,-0.753725442098824,-2.28108188186789,-1.32944917052463,0.666007621830755
778,9057,"s15","m2",-0.496820241089169,-0.72089275823084,-2.10387788949668,-1.63386966146553,0.640839566200035
779,9063,"s15","m2",-0.495574051663105,-0.802650308983403,-2.30009941544342,-1.47124969714773,1.15739432211936
780,9066,"s15","m2",-0.480669937177342,-0.743335888847905,-1.95920069722054,-1.50099633925745,0.90898677572133
781,9081,"s15","m2",-0.575810022412197,-0.709686466996044,-2.50010727844554,-1.25358633016934,1.06257901647528
782,9144,"s15","m2",-0.563583461215957,-0.786217146811816,-2.13109817161257,-1.38409751903627,1.25741952063126
783,9148,"s15","m2",-0.493447465768255,-0.739373620259498,-2.38626428498691,-1.50036368933752,1.14144680565731
784,9162,"s15","m2",-0.438098524133279,-0.705902620322643,-1.83989893145783,-1.45998179047782,0.773836623428482
785,9163,"s15","m2",-0.509787689320925,-0.74894100043579,-2.45139651040009,-1.43065787745134,0.838609018005171
786,9196,"s15","m2",-0.487536757746287,-0.758281799333514,-1.66307447894087,-1.26370497482962,1.19209486606472
787,9217,"s15","m2",-0.506821757358627,-0.831239549042736,-2.30304636702872,-2.08806351440425,0.794013361871344
788,9234,"s15","m2",-0.471355313205418,-0.736601103508406,-1.59743375369401,-1.71627730806809,0.86190380663828
789,9236,"s15","m2",-0.493376924805319,-0.778477929220551,-2.42326574853724,-1.37046389491643,1.34352740147945
790,9241,"s15","m2",-0.445270722835543,-0.791454320280041,-1.9457637377283,-1.72859571950624,1.14466230079487
791,9280,"s15","m2",-0.535913114620084,-0.7672816631048,-2.70996543345026,-1.36896324110133,0.90122163863216
792,9282,"s15","m2",-0.545835697464699,-0.751296031357988,-2.45551281625555,-1.41714423386696,1.10760980694024
793,9291,"s15","m2",-0.587828725266323,-0.832221979374568,-2.14805228677528,-1.51787612586658,1.02404473590573
794,9301,"s15","m2",-0.449064234343608,-0.79340108472629,-2.11688580531833,-1.53407210795748,0.45757240045589
795,9308,"s15","m2",-0.470250548566042,-0.688703133969986,-2.32788691662696,-1.22099304777993,0.809902110952983
796,9312,"s15","m2",-0.567512530129795,-0.822702197586728,-2.26724695824967,-1.7891682869376,1.03889689227361
797,9327,"s15","m2",-0.535054927243039,-0.795122171472449,-2.05038179762413,-1.66885380961105,0.968724932029777
798,9332,"s15","m2",-0.456392142145402,-0.760094557326166,-2.00257530725144,-1.612943639724,0.730635062508813
799,9341,"s15","m2",-0.48210771687897,-0.687685426144374,-2.31215075388376,-1.40709577378838,0.859771674454497
800,9362,"s15","m2",-0.560760283759304,-0.777805564115999,-2.0966700069471,-1.49344077322643,1.09180388427353
801,9378,"s15","m2",-0.53692093960288,-0.737824719447309,-2.30234613224222,-1.33778487514298,1.45282885856804
802,9393,"s15","m2",-0.508339588910499,-0.784901843957673,-2.48061704284869,-1.44234855866955,1.14001876730819
803,9397,"s15","m2",-0.534960507258621,-0.760406855511407,-2.17711458840136,-1.49036195200441,1.02844734554646
804,9400,"s15","m2",-0.590587889044546,-0.772983457042489,-2.52780771912263,-1.6131500674776,1.14893501184839
805,9415,"s15","m2",-0.598632774460067,-0.757814963130068,-2.07526960611493,-1.54949243351738,1.08509040204062
806,9418,"s15","m2",-0.5177019581133,-0.69441829703855,-2.54244262952702,-1.51603867957076,0.189529293831643
807,9426,"s15","m2",-0.518695849617214,-0.769645721012367,-2.48564986545274,-1.35552897880981,1.14479930234298
808,9444,"s15","m2",-0.530636601282417,-0.733795473715824,-2.75354099226468,-1.46194550633083,0.88490938223019
809,9449,"s15","m2",-0.531799531973906,-0.71747960563392,-2.25155348329464,-1.21426334429524,0.889106938164342
810,9461,"s15","m2",-0.487671363112563,-0.800897561354455,-2.641540808554,-1.06949593470714,0.864590771747973
811,9467,"s15","m2",-0.587035443099312,-0.775640260884841,-2.15256615891925,-1.45760046534314,1.12320510278905
812,9483,"s15","m2",-0.531970032831502,-0.770148944380725,-2.34360756407504,-1.72869576179886,0.881049491102093
813,9487,"s15","m2",-0.473553275488866,-0.752351489291544,-1.84287677259143,-1.51974341198436,1.00488657643154
814,9492,"s15","m2",-0.50738459777603,-0.670710376451048,-2.17973725235864,-1.52233166513877,0.778217750899634
815,9527,"s15","m2",-0.546037329498481,-0.717417783247359,-1.80640273598689,-1.37897449994293,1.02662076474124
816,9528,"s15","m2",-0.452551147884764,-0.688200452496469,-2.59542830870262,-1.19419893028017,0.65799181568829
817,9543,"s15","m2",-0.57047462312628,-0.721854892998775,-1.86001491119192,-1.51460082085042,0.89779144272228
818,9545,"s15","m2",-0.574152007408635,-0.849507804709392,-2.65174773406076,-1.33401586923889,1.38609918271374
819,9555,"s15","m2",-0.464549008483651,-0.694889153591969,-2.1550334380229,-1.42461162333495,0.374737261765227
820,9578,"s15","m2",-0.493707813150766,-0.747508519112109,-2.14560255104856,-1.35953773235178,0.947690161657459
821,9615,"s15","m2",-0.500433375121576,-0.784634571858342,-2.02266047202642,-1.38176238715616,1.16131739719482
822,9617,"s15","m2",-0.562938496716315,-0.694861851746293,-2.4694019515178,-1.39786679130978,1.44355300360818
823,9627,"s15","m2",-0.51237965972374,-0.788145146332326,-2.16864575054105,-1.57454401915778,1.15736776085045
824,9635,"s15","m2",-0.545329218744981,-0.793806052803563,-2.2926123655389,-1.6290408915579,1.03757342873149
825,9649,"s15","m2",-0.522118755687468,-0.718633902558707,-2.18519543316052,-1.22236961959757,1.03649395884375
826,9662,"s15","m2",-0.451579101130287,-0.800099619378651,-2.33494510912128,-1.59165992252767,1.34647868176612
827,9667,"s15","m2",-0.52026268031938,-0.755176757779844,-1.96767356416645,-1.21523128568526,1.21227704969207
828,9681,"s15","m2",-0.584184411674691,-0.75873685938498,-2.08688225140577,-1.24856443166599,1.56599351938761
829,9695,"s15","m2",-0.5440635339669,-0.62806720906966,-2.6084262767977,-1.00504940638596,0.412200559786684
830,9699,"s15","m2",-0.495503318952994,-0.762896609754134,-1.98591437408635,-1.38070514037049,0.844780884163164
831,9700,"s15","m2",-0.50558997385595,-0.813062576223674,-2.07819647505804,-1.3691149119887,1.07771434018852
832,9706,"s15","m2",-0.498193661255112,-0.765143501343197,-2.42695741772227,-1.41864261685381,0.737966608000985
833,9740,"s15","m2",-0.55836405784423,-0.847037208239619,-2.12578397159364,-1.59825140978911,1.30842969649563
834,9752,"s15","m2",-0.528369262835616,-0.737261427843795,-2.42538067473905,-1.35219506733694,1.0566899749195
835,9755,"s15","m2",-0.55831097827164,-0.748385396978202,-2.23948587307819,-1.73484813233782,0.846487972675951
836,9771,"s15","m2",-0.494314435100711,-0.756683506712045,-1.95393199415773,-2.17173360545506,0.871656375803182
837,9793,"s15","m2",-0.492456750839449,-0.774692941929657,-2.07403742891349,-1.36872320438217,1.24497014039573
838,9798,"s15","m2",-0.51398767956501,-0.736604745612033,-1.94048521492742,-1.14309948110259,0.695685501162279
839,9801,"s15","m2",-0.484813522900407,-0.79025743994928,-2.05327722098738,-1.48086036961419,1.10121139189651
840,9822,"s15","m2",-0.492528793437698,-0.80209762497022,-2.3748848762137,-1.51290344311409,0.58016302881463
841,9855,"s15","m2",-0.578971526725567,-0.802302015396504,-2.41284794816642,-1.6185332460298,1.01963473837115
842,9858,"s15","m2",-0.483888476972679,-0.713758801881063,-2.11902923577114,-1.30146161151838,0.710611543718323
843,9874,"s15","m2",-0.573358831397318,-0.828087572748946,-2.18383185147635,-1.50375638624467,1.41950989948318
844,9880,"s15","m2",-0.519774495280666,-0.709472285583465,-2.23707731162339,-1.84500542593009,1.10484596754049
845,9889,"s15","m2",-0.531507293450032,-0.768223378828051,-1.90588331891062,-1.5071614046604,0.94368528154809
846,9899,"s15","m2",-0.498277332962426,-0.72582724513691,-2.05371684435275,-1.47747914429721,0.825121573061178
847,9906,"s15","m2",-0.53196386282803,-0.719291866346498,-2.4811463199692,-1.5570060852068,0.684808741651301
848,9908,"s15","m2",-0.436248684440585,-0.693062252576776,-1.86193602610274,-1.39085933022096,0.245849452249843
849,9914,"s15","m2",-0.457373027265417,-0.70530341358522,-2.1666661232297,-1.11879913760164,0.418114632065295
850,9918,"s15","m2",-0.497896680738735,-0.691565981381864,-2.12945454361396,-1.28118728822396,0.903501739282081
851,9940,"s15","m2",-0.534611568716105,-0.67541838533183,-2.44051119802568,-1.38625064213239,0.810141780466706
852,9942,"s15","m2",-0.50977450853867,-0.776839874803154,-1.93729252241755,-1.51698221300048,1.02830481968794
853,9991,"s15","m2",-0.539649887271551,-0.78643931519073,-2.08077075551507,-1.15712128963837,0.946974216934869
854,10012,"s15","m2",-0.440186369901699,-0.709211796095983,-2.09973225233366,-1.71562998430605,0.75159172529425
855,10020,"s15","m2",-0.53233006182666,-0.780630695813554,-1.82049960699956,-1.12853365004462,1.2444990628404
856,10041,"s15","m2",-0.465751625758928,-0.75543302753939,-2.25111079349529,-1.49877527740255,1.17894238194557
857,10052,"s15","m2",-0.502131880824882,-0.788775022809281,-2.26820230765247,-1.27338476366801,1.31723499402298
858,10054,"s15","m2",-0.564061633291507,-0.826106540164986,-2.01099124329669,-1.83404943675669,1.16455153507189
859,10075,"s15","m2",-0.51732683586589,-0.669683918028945,-2.15890329603186,-1.302855368057,0.622745222000193
860,10076,"s15","m2",-0.516320116058109,-0.795648979210612,-1.94087747163399,-1.93238376395741,1.02953766307165
861,10105,"s15","m2",-0.571619245849399,-0.769126856708211,-2.19929925171329,-1.90231910126167,1.69343045848014
862,10119,"s15","m2",-0.493568486342848,-0.783645180974265,-2.35574159506748,-1.5904421517791,1.32917212968517
863,10131,"s15","m2",-0.538682947456262,-0.700130150162569,-2.19299719568209,-1.25394029157951,0.904486533251885
864,10149,"s15","m2",-0.456120069850865,-0.75182851561508,-2.14574815521679,-1.23649189995551,0.73476556057792
865,10150,"s15","m2",-0.466916219495797,-0.801147880557224,-2.4048853573155,-1.38647277421436,0.561033182438333
866,10157,"s15","m2",-0.456349408709494,-0.76619815391844,-2.03014962816994,-1.35188992789924,0.416020773677319
867,10169,"s15","m2",-0.502176120547825,-0.732488590218447,-2.30612590569052,-1.22196873498164,0.730062999625329
868,10175,"s15","m2",-0.537889716014295,-0.786526808866297,-2.27518651513914,-1.21127430930083,1.38673838611208
869,10178,"s15","m2",-0.574269769657504,-0.773566204157814,-1.98051709264359,-1.27678550189018,1.14897350492755
870,10180,"s15","m2",-0.56110817692291,-0.821109536946382,-2.4794370182943,-1.49945950313918,1.20670170967526
871,10183,"s15","m2",-0.522320340947508,-0.808001274233521,-2.10508826640118,-1.52368568368044,1.19797952325904
872,10197,"s15","m2",-0.52081263366838,-0.730072260146501,-2.54671029527587,-1.42621331723543,0.846029334599482
873,10209,"s15","m2",-0.449382858760388,-0.783370892713617,-2.2594382071776,-1.34257141831236,1.0922747871153
874,10211,"s15","m2",-0.42597722935529,-0.770762475246754,-2.58819775972184,-1.84337939714262,0.886048741863822
875,10227,"s15","m2",-0.4643391104249,-0.769285209485552,-2.17149126948269,-1.96649825733647,0.702661861247619
876,10247,"s15","m2",-0.490339533889255,-0.780177999306789,-2.55794751044668,-1.95472471918193,0.486019137824996
877,10256,"s15","m2",-0.582783831708705,-0.825002982140105,-2.16101704502955,-1.37007017180738,1.13041486910539
878,10257,"s15","m2",-0.47931139571212,-0.742771795768646,-1.99130838045332,-1.35794931199431,1.26220331267366
879,10272,"s15","m2",-0.563892810728885,-0.79369984779885,-2.13696150184045,-1.51120584739928,0.989717545029635
880,10283,"s15","m2",-0.502350131577417,-0.722048872101472,-2.31781622079055,-1.91535293241431,0.65190679183387
881,10298,"s15","m2",-0.467212908382819,-0.681521762599903,-2.22761059091639,-1.44620539529984,0.331972539461453
882,10300,"s15","m2",-0.557198898956134,-0.802596728508999,-2.23256492941109,-1.24964501088379,0.866882203393045
883,10314,"s15","m2",-0.572668889221515,-0.80582836783664,-2.5040264155864,-1.24907233789855,1.20032047762813
884,10324,"s15","m2",-0.502758529242713,-0.715150846461451,-2.0665519556177,-1.3262578489183,0.674324449080143
885,10336,"s15","m2",-0.500627388656586,-0.728502342996807,-2.11884620960217,-1.30801486533572,0.776311685449057
886,10389,"s15","m2",-0.522352959678346,-0.721455497814978,-2.56515195340377,-1.69001390968827,0.539674218534196
887,10391,"s15","m2",-0.58033472744103,-0.79384650339895,-2.61043113338662,-1.3174597195108,1.03963069850857
888,10414,"s15","m2",-0.580573132393438,-0.768435620000601,-2.05666800564419,-1.99941311592355,0.798368357327148
889,10418,"s15","m2",-0.519637215518214,-0.746762421497162,-2.24352159204188,-1.44045677096839,0.508084981194895
890,10431,"s15","m2",-0.617846904961844,-0.840976439460536,-2.25645463041157,-1.41895659196953,1.59877113496717
891,10442,"s15","m2",-0.470190340890239,-0.73177940193913,-2.13423927367886,-1.43149464699563,0.570688085998579
892,10475,"s15","m2",-0.48123624824288,-0.77709149079437,-2.21742386922407,-1.75929917958417,1.21621289249417
893,10491,"s15","m2",-0.58070390458935,-0.774347862435914,-2.08205994464995,-2.03175685888069,1.08808358635408
894,10499,"s15","m2",-0.466408838357884,-0.746598585398686,-2.83141290554982,-1.59695796313047,0.727668925921164
895,10501,"s15","m2",-0.576604855714228,-0.779305082812386,-2.38901986730504,-1.56663778781754,1.01983411315465
896,10512,"s15","m2",-0.513306412432069,-0.743939585084857,-2.09508022329876,-1.36650154009968,1.31190575778622
897,10518,"s15","m2",-0.522361430624556,-0.732008277925319,-2.15644279788741,-1.42122846177903,0.57373064352509
898,10558,"s15","m2",-0.521372840622586,-0.747002688090614,-1.81329779133502,-1.44603254676268,0.996189657780806
899,10605,"s15","m2",-0.491960799240266,-0.738954893344339,-2.03887666484227,-1.52313831215002,0.818797283377451
900,10609,"s15","m2",-0.535943823060595,-0.784577460310697,-2.4692520691909,-1.69421155602198,0.87790158037377
901,10616,"s15","m2",-0.505886266630881,-0.75616725425309,-2.09056081281001,-1.26253664577071,1.2426863057116
902,10622,"s15","m2",-0.465233336556553,-0.709111062681534,-1.81654029796969,-1.37280913860498,0.518478854167948
903,10631,"s15","m2",-0.599728561819616,-0.76123656858158,-2.57661696040602,-1.4164030417272,0.915278115907157
904,10632,"s15","m2",-0.506910264730776,-0.7091002516863,-2.26193231083811,-1.56971420185937,1.07491822112071
905,10634,"s15","m2",-0.566216883291706,-0.798701541801069,-2.26101767701139,-1.34397038331273,1.22049572588939
906,10656,"s15","m2",-0.55732482925544,-0.764651222855018,-1.70098658286919,-1.37463192522254,0.995138010964748
907,10658,"s15","m2",-0.638558876990089,-0.802924993814563,-2.2389553580516,-1.84577734642605,1.22135517054435
908,10665,"s15","m2",-0.546250618225531,-0.853122702382984,-2.33089015759757,-1.63749969734907,1.49006259856676
909,10675,"s15","m2",-0.568554938476551,-0.790447716168879,-2.35192671026546,-1.2716142569206,1.5305099887314
910,10685,"s15","m2",-0.568898085111335,-0.765507583158752,-2.20301571063096,-1.45712039686474,1.30787689788039
911,10708,"s15","m2",-0.613886829232279,-0.788395292983277,-2.10585775815052,-1.55677966454468,1.2327305691802
912,10709,"s15","m2",-0.472674797024688,-0.778321065041383,-1.63869714769494,-1.33634994266227,1.41969997743347
913,10715,"s15","m2",-0.571416704741796,-0.760203152621088,-2.55611051563859,-1.44549518643762,1.03759035096508
914,10716,"s15","m2",-0.530429302930714,-0.794317004011188,-1.94483155447783,-1.60065834246177,1.46663968161131
915,10726,"s15","m2",-0.509196705318004,-0.754709721129812,-1.85216078117377,-1.3484166530558,0.887618484424835
916,10735,"s15","m2",-0.512195568826963,-0.882134191185692,-1.94463347077028,-1.89133003720345,1.30015218596872
917,10747,"s15","m2",-0.561680442857273,-0.767161692957059,-2.28093867827383,-1.71755058889704,0.710725824135566
918,10751,"s15","m2",-0.45872435518772,-0.813952333427425,-2.31313434524861,-1.34715047702365,0.903981555835593
919,10759,"s15","m2",-0.548196076056658,-0.752461152617392,-2.2845753898631,-1.62024377491088,1.09573448062599
920,10788,"s15","m2",-0.557764322343441,-0.814730883544298,-2.1302287319633,-1.57709624419429,1.12123144685856
921,10795,"s15","m2",-0.547436466800147,-0.765784112039177,-2.14650101179274,-1.465856478318,1.28889396076926
922,10800,"s15","m2",-0.554153604931026,-0.712784982798567,-2.42959075715079,-1.57788753112605,0.805291125721718
923,10812,"s15","m2",-0.484985401804491,-0.789784249821657,-1.91120804792449,-1.36933917805929,1.19132883379258
924,10816,"s15","m2",-0.580655799376845,-0.745967149319972,-2.215400045805,-1.70905636967272,1.37902242657964
925,10819,"s15","m2",-0.627195494243482,-0.772577861565001,-2.81095298367894,-1.28185281790423,1.47035428570498
926,10839,"s15","m2",-0.355525081116885,-0.661174868480645,-1.98315276181571,-1.17813624987746,0.724089603635493
927,10842,"s15","m2",-0.546218748778723,-0.860163442966777,-2.30344791000413,-1.39807209768216,1.56528691555315
928,10845,"s15","m2",-0.54176925049648,-0.807479271624747,-1.88819165499935,-1.66588249325523,1.21213119507559
929,10865,"s15","m2",-0.558915973045629,-0.776572948909196,-2.0864228405707,-1.38909478521312,0.888675053501708
930,10869,"s15","m2",-0.466699165200188,-0.747315148559234,-2.2611502831015,-1.51352809255549,0.7623284215428
931,10876,"s15","m2",-0.423940115747493,-0.768276251429544,-1.944978664029,-1.43131327294199,0.483173331663717
932,10889,"s15","m2",-0.572363919040118,-0.805536675974919,-2.3312856001033,-1.32858598193916,1.15871529601989
933,10890,"s15","m2",-0.548826002744308,-0.735789593354061,-2.07412498819837,-1.56875386205907,1.1944010444548
934,10892,"s15","m2",-0.503256671742192,-0.716770404736214,-2.28906436216703,-1.37491959165205,0.704169384468564
935,10900,"s15","m2",-0.511598513138394,-0.726771299129525,-1.96877485388506,-1.16419635921952,0.7545121975569
936,10959,"s15","m2",-0.477241373660258,-0.800026074090612,-2.1748955339821,-1.68821120314697,0.825028572528353
937,10968,"s15","m2",-0.51211170895621,-0.698245663540517,-2.22063673880181,-1.4139390276558,0.680962741874377
938,10973,"s15","m2",-0.538266388335957,-0.793255955794945,-2.31453546767441,-1.46595376327265,1.24001671863122
939,10978,"s15","m2",-0.487772747206016,-0.743597185796355,-2.01926935547908,-1.25563874021905,0.780253254917932
940,10980,"s15","m2",-0.555495905070009,-0.676529657449665,-2.23068618610472,-1.49317219567712,0.605815456491852
941,10989,"s15","m2",-0.579120202004935,-0.729737058679196,-2.30234704847384,-1.36243748242648,1.19570559825307
942,10991,"s15","m2",-0.574784568163241,-0.794111933466938,-2.15338129893228,-1.22052693382458,0.903794534705135
943,11005,"s15","m2",-0.515467442062859,-0.752917980233711,-2.29768662522601,-1.36147322694026,1.09962299582435
944,11022,"s15","m2",-0.558121192418864,-0.799899065127049,-2.16699529977501,-1.84325779758942,1.07201457310225
945,11037,"s15","m2",-0.529361758709141,-0.829416225193492,-2.35470149722765,-1.64845895153063,1.5667211957688
946,11048,"s15","m2",-0.569581296932723,-0.76805350237753,-2.59968746955219,-1.50447420599813,1.31462546480201
947,11058,"s15","m2",-0.595718820878265,-0.809519796537576,-2.14757205751445,-1.47735000314591,1.15237180953498
948,11065,"s15","m2",-0.535941356804171,-0.765371647829677,-2.29091986163396,-1.46414601525401,1.13135006705005
949,11068,"s15","m2",-0.561349706347474,-0.845709492443376,-2.38823755518156,-1.48933820756812,1.44047644633041
950,11090,"s15","m2",-0.522819671644884,-0.742840252568901,-2.15992713368275,-1.56485791207287,0.540052293377348
951,11091,"s15","m2",-0.51842920548468,-0.801828959585966,-2.21014817331396,-1.65023148253398,1.23456176469477
952,11115,"s15","m2",-0.521253686798892,-0.82624936919679,-2.54963795620934,-1.63351312246967,0.961775647753386
953,11122,"s15","m2",-0.56048766372644,-0.712426952742576,-2.23179408101616,-1.58328274048315,0.686326022372162
954,11157,"s15","m2",-0.578288837008345,-0.777451289637084,-2.16525489710431,-1.28089940184095,1.36434332627815
955,11160,"s15","m2",-0.494742785641806,-0.834857261578274,-2.17600205504558,-1.34914789542696,1.49185289224074
956,11171,"s15","m2",-0.51712760402423,-0.694598315676154,-2.00633656901549,-1.25709399323562,0.531421456626133
957,11173,"s15","m2",-0.563330473109173,-0.765450257691887,-2.06598878626805,-1.40099811742919,1.37879522672613
958,11201,"s15","m2",-0.44256169604208,-0.706395254057561,-1.8783064879318,-1.32363593708159,0.978496892322183
959,11230,"s15","m2",-0.463707266294803,-0.764382786887196,-2.27547024521437,-1.42870488528244,0.987508888501567
960,11236,"s15","m2",-0.523565893572297,-0.731890786560407,-2.37205977971717,-1.48505005849389,0.818589468390457
961,11247,"s15","m2",-0.528030251812108,-0.725637456536715,-2.43611319389569,-1.77576370246744,0.664330252829519
962,11252,"s15","m2",-0.556897670402524,-0.923610126686832,-2.57728565657441,-2.06446165481039,1.72615102130111
963,11260,"s15","m2",-0.508850413680957,-0.811250350260725,-2.47431649659773,-1.31044891622578,1.1735664362709
964,11264,"s15","m2",-0.512651849684501,-0.689162348108519,-1.96096218999432,-1.26927549520046,0.490400329873825
965,11268,"s15","m2",-0.541990960218849,-0.709712488661502,-2.25735245783657,-1.58213084329613,0.426381988716165
966,11270,"s15","m2",-0.604985169967779,-0.75724941935828,-2.06374964052513,-1.26897219728321,0.839477882816085
967,11273,"s15","m2",-0.467083611644546,-0.620047147604746,-2.17851770579041,-1.27367700015229,0.415488965395783
968,11274,"s15","m2",-0.582449469885197,-0.776556459962086,-2.70729164252428,-1.67513792394472,1.23992495120695
969,11275,"s15","m2",-0.511267105825314,-0.78425456997875,-2.39626667436951,-1.58146048099307,1.00833200781962
970,11276,"s15","m2",-0.468408382096173,-0.739314396289948,-2.32334936513375,-1.26281731896257,0.732368824925894
971,11278,"s15","m2",-0.442201671115647,-0.739164228538636,-2.16480436243462,-1.84771625295271,0.94834216440696
972,11300,"s15","m2",-0.490868753469823,-0.809876881190426,-1.85395249282278,-1.7111680646729,0.922394052778853
973,11301,"s15","m2",-0.43534740964262,-0.763429942397666,-1.81295477301824,-1.29272901948162,0.812547623460492
974,11303,"s15","m2",-0.541141392078636,-0.6692353181464,-2.4390681108739,-1.41540186270612,0.681564782084778
975,11310,"s15","m2",-0.634098557753754,-0.813533985950507,-2.2414193262488,-1.79743918964632,1.25358051485502
976,11323,"s15","m2",-0.50870980865331,-0.79102774423522,-2.65029691527166,-1.54366450551716,1.30541219514158
977,11324,"s15","m2",-0.499835964142561,-0.801207410791598,-2.8084865699629,-1.7562469487562,1.61897901552932
978,11326,"s15","m2",-0.482875795583437,-0.72461631399284,-2.03586297209861,-1.16362303768216,0.659113515851733
979,11340,"s15","m2",-0.447030267048431,-0.670450318867333,-1.96806970440024,-1.2927937555448,0.279321186264106
980,11341,"s15","m2",-0.39801243451476,-0.70143958016992,-2.13445905473636,-1.61200290865354,-0.30951138226012
981,11344,"s15","m2",-0.552816038178843,-0.830700997790887,-2.25900079390002,-1.52464821012814,1.11814096903692
982,11380,"s15","m2",-0.579394188035773,-0.713937976514412,-2.86954748660924,-1.41246164822578,0.944033783999004
983,11389,"s15","m2",-0.523393464103683,-0.763721760598456,-2.31709702165927,-1.38690122674287,0.831279129891764
984,11438,"s15","m2",-0.597018539744905,-0.678570976576557,-2.56444667763016,-1.27320267240582,1.12672512193109
985,11440,"s15","m2",-0.530617607279139,-0.739749725312377,-2.57744747001027,-1.15449451722547,0.89819685297575
986,11441,"s15","m2",-0.545133968850999,-0.811514579145071,-2.26478298049506,-1.67153499189553,1.38971768889055
987,11453,"s15","m2",-0.536522988231805,-0.659562166053344,-2.23576389907175,-1.65283352965166,0.407185879921769
988,11458,"s15","m2",-0.504104493023741,-0.738075616252019,-2.43977655924956,-1.11379895189678,1.20004277098079
989,11509,"s15","m2",-0.535644341714386,-0.774387599387197,-1.83516356251338,-1.60767637892128,0.869762956645752
990,11520,"s15","m2",-0.58490722184185,-0.752511938269678,-2.01517899033297,-1.34320173813118,1.01873482712214
991,11521,"s15","m2",-0.509184404081347,-0.763615580187556,-2.25659824626057,-1.4141221438803,0.910205092127344
992,11523,"s15","m2",-0.493447451710702,-0.72882176602441,-2.12263689092791,-2.06055770829507,0.871720801692799
993,11534,"s15","m2",-0.425333556127731,-0.756816297215088,-2.13002613196652,-1.55451809211028,0.780057265122666
994,11565,"s15","m2",-0.459602999289725,-0.744849266281452,-2.15821866306426,-1.76273119617736,1.07753905229616
995,11578,"s15","m2",-0.547572153506201,-0.754994882817607,-2.12069065089204,-1.41758322599732,0.889447301697123
996,11594,"s15","m2",-0.456818525748908,-0.677717251373173,-2.09413489910347,-1.28160273548686,0.240048165570534
997,11606,"s15","m2",-0.532820860382018,-0.84947106837118,-2.24269161935356,-1.31871653564993,1.31778203538907
998,11608,"s15","m2",-0.547136695065229,-0.84624449892177,-2.19563470523818,-1.54473461278787,1.03693263013405
999,11617,"s15","m2",-0.556255103944933,-0.695534189725103,-2.36974420194184,-1.17722633688564,0.41611011885158
1000,11634,"s15","m2",-0.557125558076026,-0.770795294178744,-2.40864585063548,-1.43030933672648,0.934428540431629
1001,11649,"s15","m2",-0.474915888989672,-0.753073790781698,-2.56983536715355,-1.22738621310127,1.24132790288656
1002,11655,"s15","m2",-0.428667117423977,-0.679782810018392,-2.17319218641191,-1.52139986535301,0.368114795758528
1003,11659,"s15","m2",-0.525088107315294,-0.817358459909737,-2.21045121035214,-1.61914004275821,1.50012033193173
1004,11661,"s15","m2",-0.608577807540604,-0.758500588062693,-2.07548056594954,-1.71561944885733,1.04126242426888
1005,11666,"s15","m2",-0.567220405669217,-0.767911247411753,-2.15292964550075,-1.32225616889103,0.993272272383648
1006,11676,"s15","m2",-0.556361847756,-0.673967192347393,-2.34541325186139,-1.52763646275854,0.995463690267846
1007,11683,"s15","m2",-0.499264688602034,-0.678599987283701,-2.398886015135,-1.14986659535637,0.805006091498893
1008,11712,"s15","m2",-0.469692293046986,-0.723065270265684,-2.17319211577274,-1.28421179190227,0.539957034571539
1009,11724,"s15","m2",-0.550447337529587,-0.785090077783269,-2.2884716203825,-1.66245047215835,1.08014829117153
1010,11728,"s15","m2",-0.494713413259328,-0.746355988048423,-2.06796635390409,-1.33154473998555,1.18076962967894
1011,11738,"s15","m2",-0.567815889415345,-0.753152316315745,-2.27464808611212,-1.53731160067319,0.831674909008226
1012,11739,"s15","m2",-0.573019850797076,-0.852253980701072,-2.20961081571295,-1.59232756813948,1.84892362211188
1013,11769,"s15","m2",-0.529728723836785,-0.831218985163146,-2.03035503842329,-1.98876581504662,1.3015749032385
1014,11774,"s15","m2",-0.467701969460556,-0.767122441105215,-1.87611741810298,-1.53486186093926,0.533208221332399
1015,11788,"s15","m2",-0.527943540277327,-0.806421865753393,-2.179981043041,-1.55504160432808,1.56085447203066
1016,11791,"s15","m2",-0.540726534395675,-0.653953868814378,-2.00993995425403,-1.55877874333388,0.98534829761788
1017,11811,"s15","m2",-0.55799848926409,-0.757066659098837,-2.3690307125162,-1.56219587132965,1.17387632007241
1018,11840,"s15","m2",-0.487898100869633,-0.707729243070017,-2.17824039746494,-1.14568351181662,1.32701600142379
1019,11859,"s15","m2",-0.531486022570196,-0.732572842694664,-2.02342375945442,-1.0669109961904,0.993438494956856
1020,11879,"s15","m2",-0.471701829192669,-0.758637459825468,-2.39187624571922,-1.49403431437895,0.582729683377867
1021,11887,"s15","m2",-0.546718676510676,-0.724336856658018,-1.93685810011147,-1.3041853286828,1.08035299336597
1022,11920,"s15","m2",-0.543641213899543,-0.835800546211679,-2.49361628779643,-1.4683696372993,0.774048492485037
1023,11935,"s15","m2",-0.55081499107912,-0.710755509527805,-2.23331060029366,-1.63159652748268,1.097134950135
1024,11941,"s15","m2",-0.567906366577002,-0.769671972534478,-2.46451524640993,-1.62415735328021,1.73169667415705
1025,11966,"s15","m2",-0.452460553114874,-0.807484542954464,-2.42919243932514,-1.53438882902931,1.21399856803612
1026,11980,"s15","m2",-0.467733127883988,-0.779245373233942,-2.69146583592801,-1.60145202693553,1.01502701266871
1027,12021,"s15","m2",-0.490141643117484,-0.814557771316873,-2.37763540638405,-1.57363469845403,0.668958377783816
1028,12037,"s15","m2",-0.49173930023741,-0.764434273670673,-2.14666540649953,-1.38961914212971,0.703338869321374
1029,12098,"s15","m2",-0.504909016405869,-0.691710124702793,-2.20875510209539,-1.51688430003531,0.873706390403131
1030,12136,"s15","m2",-0.614025287127153,-0.784518613346706,-1.89228416331982,-2.06201966592213,1.53753942101739
1031,12148,"s15","m2",-0.55800101651917,-0.823935905457407,-2.29517688518552,-1.58327943174695,1.29674076899986
1032,12151,"s15","m2",-0.562475678030897,-0.84149137296424,-2.15813963199761,-1.46309061655632,1.48523538957941
1033,12152,"s15","m2",-0.559418884276728,-0.765508886337131,-2.0871153318745,-1.33062996218322,1.07050158982716
1034,12187,"s15","m2",-0.471947962026103,-0.690584965581155,-2.61343815183722,-1.49822126765333,0.627901133152361
1035,12204,"s15","m2",-0.554420445773236,-0.774739843416138,-2.49676535938361,-1.84928291544241,0.921618045493006
1036,12243,"s15","m2",-0.480716950100855,-0.746626308858816,-1.99522562029339,-1.7797259456287,0.823086715306067
1037,12255,"s15","m2",-0.618150945055312,-0.697801065843558,-2.29896656859949,-1.42070556254769,1.15157197473374
1038,12263,"s15","m2",-0.59463934435637,-0.755395017196193,-2.29650518260532,-1.29259329054446,0.921911522904474
1039,12277,"s15","m2",-0.611224168065325,-0.71282246852914,-2.64639151956524,-1.22810668514168,1.75627563990792
1040,12300,"s15","m2",-0.562024916080941,-0.812537498524234,-2.53508415564176,-1.79026725637975,1.82924684841502
1041,12314,"s15","m2",-0.525203366503371,-0.717754453709089,-2.35849679580389,-1.37518248676217,0.513581529756702
1042,12330,"s15","m2",-0.514073667786267,-0.70229741803249,-2.05035714493713,-1.38633483502513,0.689410157608878
1043,12350,"s15","m2",-0.437447343362683,-0.823799066451084,-2.44533258019158,-1.55540828729251,1.34633138215799
1044,12357,"s15","m2",-0.575039010872279,-0.840525676359494,-2.6963165776564,-1.27721263886506,1.33639536134206
1045,12386,"s15","m2",-0.52871558679061,-0.807340327383728,-1.75507329222043,-1.55096671527495,1.08785426509067
1046,12411,"s15","m2",-0.488439150928308,-0.792646047583985,-2.24276570263423,-1.38602950563783,1.17627111217169
1047,12418,"s15","m2",-0.482039994704806,-0.719151522344592,-1.74684760229146,-1.25401583858227,0.819982033000298
1048,12422,"s15","m2",-0.517452902603677,-0.760084641455174,-2.26608408060517,-1.26652286496744,0.596553395082353
1049,12431,"s15","m2",-0.551719178943279,-0.847753790194722,-2.09815131551335,-1.5720487703956,1.07599086418749
1050,12447,"s15","m2",-0.540950649085379,-0.779367772027586,-2.19634824406394,-1.94875819869791,0.760676689040429
1051,12450,"s15","m2",-0.530414447394503,-0.770056704728768,-1.92952885804057,-1.35560196147973,1.09511239932424
1052,12451,"s15","m2",-0.415735586227497,-0.747075605241216,-2.11568492510344,-1.50803579023329,0.358103833970142
1053,12463,"s15","m2",-0.487856311141909,-0.783149372770551,-2.05064837422902,-1.37352133235599,1.14996131708392
1054,12468,"s15","m2",-0.49360406844574,-0.743390859962304,-2.39879801221998,-1.58646349316472,0.827597990253616
1055,12485,"s15","m2",-0.526320970084448,-0.827514863950702,-2.20729387355607,-1.67832064172263,1.59304147894506
1056,12486,"s15","m2",-0.52479589256118,-0.823187296169721,-2.16379321223179,-1.45998639090167,1.26516953434926
1057,12504,"s15","m2",-0.502154879759967,-0.741753646564104,-2.07635893657843,-1.74150025962693,0.869146004401697
1058,12518,"s15","m2",-0.576629690900795,-0.797919231174572,-1.87672254790306,-1.59735325760548,0.530744101019004
1059,12530,"s15","m2",-0.462824826331796,-0.723104548738502,-1.83294369818987,-1.27645471143736,1.20315553989999
1060,12537,"s15","m2",-0.605370025149482,-0.810649585360167,-2.41248296756392,-1.3770818922101,1.18902914376862
1061,12547,"s15","m2",-0.441998050675955,-0.714161494755427,-2.18053263986266,-1.2238458232088,0.323874989821683
1062,12570,"s15","m2",-0.525919774150804,-0.790457073212032,-2.11004431630759,-1.18934832664584,1.10697927588055
1063,12573,"s15","m2",-0.462627346658914,-0.725178615792099,-2.16447676434031,-1.97769926861778,0.585086592604515
1064,12583,"s15","m2",-0.465499210497687,-0.755714274297957,-2.41440181472044,-1.42718596130939,0.903266896413802
1065,12611,"s15","m2",-0.557509709956856,-0.741785150080075,-1.84353825265472,-1.21118989461964,1.00938009292875
1066,12616,"s15","m2",-0.49973091190559,-0.779597150301867,-1.93155384162217,-1.59955753994444,0.960370745201533
1067,12635,"s15","m2",-0.537959034235431,-0.733552822387094,-1.89611862158653,-1.50041249338939,0.794569681446567
1068,12658,"s15","m2",-0.526337771933805,-0.748629617231285,-2.3361342424184,-1.27156972342903,1.05662427678119
1069,12661,"s15","m2",-0.557946495354852,-0.876913429402077,-1.72370810384749,-1.55995448621302,1.50199290673428
1070,12662,"s15","m2",-0.515714438359759,-0.723149534972985,-2.17234199819843,-1.68412416100973,0.522303182866445
1071,12709,"s15","m2",-0.502461448452498,-0.763246952102862,-2.46978606500622,-1.51524080191846,0.827146036821232
1072,12726,"s15","m2",-0.532921309019592,-0.699368185569838,-2.02736458731428,-1.31349045600782,0.745941831997559
1073,12741,"s15","m2",-0.503670542989401,-0.757738899256767,-2.16919513128252,-1.45349150799728,0.81670726090211
1074,12749,"s15","m2",-0.545496252757743,-0.768124308613709,-2.18614437954339,-1.35928190630091,1.48366864854706
1075,12752,"s15","m2",-0.476028744412549,-0.790236574044674,-1.97504145104307,-1.33715997427085,1.01977216002806
1076,12764,"s15","m2",-0.533631557349769,-0.771168633592387,-2.59223384190506,-1.5710842967717,1.05176853381082
1077,12765,"s15","m2",-0.520962535468419,-0.794772100008881,-1.98010861661013,-1.47745662765302,1.48011408822884
1078,12768,"s15","m2",-0.440050600292498,-0.680077381112895,-2.57239151991919,-1.17428563455836,0.126615044972363
1079,12771,"s15","m2",-0.493205185613464,-0.70602822829578,-2.06929167298956,-1.21448260189926,0.894040818594263
1080,12804,"s15","m2",-0.502689529443417,-0.739662793730043,-2.44271846931692,-1.53826106796665,0.725991043957179
1081,12805,"s15","m2",-0.486363036684442,-0.821456589580073,-2.72001910812484,-1.75469284909732,0.788831559682418
1082,12828,"s15","m2",-0.43925625615732,-0.821533286391979,-1.94582645974255,-1.42169420999367,0.698176724668034
1083,12830,"s15","m2",-0.493020471959752,-0.821367925052924,-2.37069286183322,-1.50383191562066,0.915123470984844
1084,12836,"s15","m2",-0.55812071191046,-0.772153960202905,-1.71119595873473,-1.52453588808674,0.989827187241191
1085,12867,"s15","m2",-0.561595988364501,-0.796057950551551,-2.06523132524531,-1.48496926412241,1.06596310507982
1086,12880,"s15","m2",-0.510044758476726,-0.746019192519256,-2.22003963844322,-1.429289432405,0.658035962043931
1087,12884,"s15","m2",-0.44047816478603,-0.649635060840064,-2.28898634995911,-1.38680907196462,0.258879020495612
1088,12890,"s15","m2",-0.537356196425769,-0.814157421100679,-2.33246187111504,-1.50429922231255,1.60415534194765
1089,12909,"s15","m2",-0.51047504282178,-0.708198915920996,-2.41891437146473,-1.20043359753197,0.991849099543859
1090,12911,"s15","m2",-0.575690116329327,-0.698194054641987,-2.44791247577317,-1.17921875930773,0.887088323389866
1091,12919,"s15","m2",-0.510955261826991,-0.79403394529518,-2.25539335866863,-1.27616405073629,0.874777541654018
1092,12923,"s15","m2",-0.52108704142644,-0.789826202110182,-2.61685034717161,-1.40297638870439,0.671782930565991
1093,12928,"s15","m2",-0.552046471602114,-0.711110892767437,-2.24772314025099,-1.38359001822361,1.35203313606957
1094,12947,"s15","m2",-0.568902080596856,-0.697134320457956,-2.36233548291202,-1.46983273254076,1.19233222075181
1095,12951,"s15","m2",-0.531296213398054,-0.773949405936998,-2.02555691439011,-1.08668622035762,0.891614459258464
1096,12954,"s15","m2",-0.508750368239574,-0.763315098394794,-2.05988142362493,-1.88208051362665,0.769080265191662
1097,12967,"s15","m2",-0.536824653580981,-0.818680775939535,-1.93433570026929,-1.23081145089625,1.22539748449762
1098,12969,"s15","m2",-0.491271550663604,-0.75912920216311,-1.95884858784979,-1.58933626952297,1.08871822416513
1099,12989,"s15","m2",-0.501242891911305,-0.687768319811833,-2.17634155023333,-1.4938210468137,0.498980661315754
1100,12996,"s15","m2",-0.593864699736781,-0.735936650373137,-2.28446703208934,-1.58868889794443,1.12418795959232
1101,12998,"s15","m2",-0.484514603856381,-0.720256808525708,-2.04582616732868,-1.79566376567604,0.186901647474575
1102,13003,"s15","m2",-0.470658766226729,-0.809391501183374,-2.13848593926473,-1.62852869226783,0.826569180427893
1103,13022,"s15","m2",-0.567127148282268,-0.814275096009438,-2.29282250752799,-1.59111394954598,0.982849169074983
1104,13038,"s15","m2",-0.544402632217991,-0.738762681575794,-2.16409408797371,-1.67703056458644,1.28968162053734
1105,13051,"s15","m2",-0.449102571094569,-0.762458039614122,-2.49403553573486,-1.41954301592533,0.474594442456442
1106,13074,"s15","m2",-0.540959587683326,-0.79834405855926,-2.29836418945882,-1.78745462693881,1.21389911759558
1107,13075,"s15","m2",-0.534400661762407,-0.727008659657206,-2.31826293686275,-1.27936901376803,0.79172736666432
1108,13076,"s15","m2",-0.469907187528943,-0.71107954940809,-2.4609030201121,-1.61349579891802,0.503696860511881
1109,13080,"s15","m2",-0.416774854040523,-0.847629508873614,-2.14317755390418,-1.87490337184695,0.794560064316609
1110,13082,"s15","m2",-0.53373238553755,-0.810184951580621,-1.9700325105768,-1.44090518419342,1.1900940828323
1111,13088,"s15","m2",-0.497359380562718,-0.684341981875429,-2.5462315244394,-1.26716944925737,0.62692116513074
1112,13114,"s15","m2",-0.429068652252431,-0.762224789033119,-1.9030575588143,-1.40865870983809,0.749405394618282
1113,13119,"s15","m2",-0.466674100924438,-0.858508509152904,-2.4607242532524,-1.54456467711103,1.56241177737561
1114,13130,"s15","m2",-0.489559690744482,-0.689685314570713,-2.08083684014561,-1.33647157616096,0.638100635233843
1115,13133,"s15","m2",-0.533548317967999,-0.792788165820558,-2.48142544593259,-1.57250060855623,1.01547735064227
1116,13152,"s15","m2",-0.443236252485234,-0.691165841010405,-2.10106280345136,-1.21551303217449,0.265322087675994
1117,13153,"s15","m2",-0.565778989346564,-0.837139290864899,-2.44094854682553,-1.51832504415198,1.52999458841695
1118,13165,"s15","m2",-0.403092082904157,-0.776329625884427,-1.60362156269172,-1.58492376285443,0.215734047755313
1119,13210,"s15","m2",-0.634672214158251,-0.855449539251167,-2.31214343181819,-1.50393777756817,1.21988487356025
1120,13215,"s15","m2",-0.558315146300492,-0.765907362192557,-2.28903679934018,-1.58451880962943,1.15737743188154
1121,13223,"s15","m2",-0.495387454551518,-0.730854525487078,-2.08250940405285,-1.24816460562634,0.741845383865884
1122,13224,"s15","m2",-0.488481001636092,-0.729467881980931,-2.4758843278905,-1.33688713034721,0.560661125607418
1123,13238,"s15","m2",-0.604234831623297,-0.745437268826792,-2.18421170407783,-1.6143942073958,1.08205792651337
1124,13239,"s15","m2",-0.552987473921473,-0.781723046378637,-2.23916781262518,-1.78933536549138,1.47905974061052
1125,13251,"s15","m2",-0.548273401406252,-0.803307103884661,-2.43822739496955,-2.2123777156174,0.957049128388426
1126,13258,"s15","m2",-0.589236977193989,-0.84392894963326,-2.75194471197071,-1.32780359090891,1.01255658015774
1127,13261,"s15","m2",-0.538094450427583,-0.709488195177946,-2.58244355425033,-1.90235359426454,0.818017851092045
1128,13271,"s15","m2",-0.607666057304091,-0.843008957028121,-1.86864336687323,-1.17405796508744,1.56889384052617
1129,13274,"s15","m2",-0.500163236138586,-0.744973069681653,-2.22201640153998,-1.72358124927119,0.926634989572004
1130,13283,"s15","m2",-0.515229144802711,-0.816408840405475,-2.26530123364918,-1.5685582484327,1.31805961109921
1131,13289,"s15","m2",-0.437701784252993,-0.747225234483693,-1.71226390319687,-1.31588278343778,0.917091712399493
1132,13335,"s15","m2",-0.451143069967808,-0.876204420554776,-2.48098154499255,-1.72340872210967,1.22963504551017
1133,13336,"s15","m2",-0.508325273677368,-0.830993598699255,-2.60149804103563,-1.39690723510908,1.11540219147163
1134,13344,"s15","m2",-0.497821099198459,-0.718424425916596,-1.91684815677567,-1.77348751320625,0.813906144474159
1135,13346,"s15","m2",-0.500302484921544,-0.795306387807762,-2.31564974892421,-1.91896036088892,0.522972108944373
1136,13351,"s15","m2",-0.532102829629456,-0.748570607562611,-2.2531964136099,-1.40965427031369,1.13757718938888
1137,13357,"s15","m2",-0.439757867066292,-0.624817435560191,-2.18850267643794,-1.20105825573274,0.121460846191398
1138,13399,"s15","m2",-0.575317469563265,-0.761819942523352,-2.37376295230406,-1.22503041501395,1.30708235562525
1139,13402,"s15","m2",-0.577779286591153,-0.842591037459629,-2.15816965283697,-1.51320536029393,1.19900954857899
1140,13403,"s15","m2",-0.448363922977197,-0.73616416345677,-2.03988409585385,-1.33629560017805,0.677606108817411
1141,13416,"s15","m2",-0.533854774325058,-0.753877096294453,-1.97976470373782,-2.08511700601574,1.24939940928331
1142,13420,"s15","m2",-0.421465666067696,-0.695972994329204,-2.03582588605899,-1.79915713452488,0.266929541533949
1143,13435,"s15","m2",-0.510701066550794,-0.782543861433296,-2.38843505543133,-1.76774039574082,1.40726225557468
1144,13450,"s15","m2",-0.507682224650972,-0.718483638611464,-2.77683481328151,-1.41400406734016,0.497153292813795
1145,13459,"s15","m2",-0.530708017137893,-0.818325958772995,-2.22030086126806,-1.73092109696373,1.09383122070527
1146,13475,"s15","m2",-0.444960870215791,-0.694386304627374,-2.42850542650693,-1.14840302640433,0.75573483887269
1147,13482,"s15","m2",-0.566839736334488,-0.747503914210864,-1.98014559347705,-1.43496764985728,0.849908483252965
1148,13502,"s15","m2",-0.490289343259046,-0.730022727193744,-2.16915681904455,-1.34495821846866,0.555250174478895
1149,13504,"s15","m2",-0.459830329811187,-0.738950978238055,-2.30186654467474,-1.53047754414957,0.720246477515192
1150,13517,"s15","m2",-0.521259532897197,-0.686368941530689,-2.14694003274231,-1.45829387158761,0.660567879528272
1151,13526,"s15","m2",-0.559337448262827,-0.71378491252986,-2.0375459870658,-1.45013891115808,0.889710740265837
1152,13530,"s15","m2",-0.543679485758081,-0.78405516340888,-2.09956169245664,-1.50436811807405,0.926883317337231
1153,13552,"s15","m2",-0.516579830974911,-0.786329769350843,-1.7798757587682,-1.56076371000057,1.16592129678253
1154,13584,"s15","m2",-0.523559754955937,-0.838064333760341,-2.61358157629619,-1.3433000226985,1.37356778323148
1155,13586,"s15","m2",-0.500504540463778,-0.700446234295873,-1.94212205854284,-1.67143285857252,0.520442709519231
1156,13621,"s15","m2",-0.599049468715584,-0.869492196542247,-2.37061275323848,-1.49149047093273,1.43679395911818
1157,13667,"s15","m2",-0.533794946035592,-0.739615620734166,-2.31795818038359,-1.46932033767364,1.19895198259962
1158,13674,"s15","m2",-0.507966642530387,-0.681362069763137,-2.37985410571153,-1.35266082995015,0.447834172800193
1159,13682,"s15","m2",-0.436091101051444,-0.72560775605774,-2.11811313766701,-1.23738309194669,0.373238947328691
1160,13689,"s15","m2",-0.475019471099304,-0.684397559917789,-2.3721448298412,-1.265663906423,0.3554291694679
1161,13696,"s15","m2",-0.585851203913443,-0.747728388197672,-2.18024382883337,-1.19172406750843,0.930002465912109
1162,13710,"s15","m2",-0.522337986019616,-0.736898104137975,-2.22227634528464,-1.35438777151953,0.927075522321993
1163,13713,"s15","m2",-0.469211227541416,-0.71217173572312,-2.06352351673492,-1.41225616177973,0.478356323295537
1164,13717,"s15","m2",-0.488639224927543,-0.751996708793591,-1.99768077505962,-1.33029468738867,0.943927433034234
1165,13724,"s15","m2",-0.479303775830724,-0.722573175209641,-1.88814043215455,-1.35156656180065,0.662514676202173
1166,13743,"s15","m2",-0.427594434462513,-0.718167057907891,-2.14465160472899,-1.34613780766561,0.857474448050935
1167,13749,"s15","m2",-0.483267761375972,-0.748947433135476,-2.51645216275773,-1.57147107833409,1.03742206857324
1168,13752,"s15","m2",-0.642817728782063,-0.880057076021772,-2.38247374860436,-1.57662401043441,1.18938775046826
1169,13761,"s15","m2",-0.51488003146046,-0.797829605098338,-2.09977192634747,-1.21545248729649,1.2901443452114
1170,13762,"s15","m2",-0.428608533257906,-0.716834522895546,-2.4478898022834,-1.37930762472168,0.571286756024687
1171,13765,"s15","m2",-0.605958828910789,-0.811131089681632,-2.43404988473456,-1.4577996674416,1.52575388671162
1172,13811,"s15","m2",-0.515963232993214,-0.780493137469774,-2.31441698932649,-1.77715149568842,0.949705621062373
1173,13821,"s15","m2",-0.528404458774568,-0.699270035484167,-2.15020946559712,-1.44690080927204,0.439989882819585
1174,13822,"s15","m2",-0.492430164087815,-0.82037985387021,-2.53915876375025,-1.70154183687209,0.818432211399322
1175,13833,"s15","m2",-0.542142161337857,-0.776073412199841,-2.04913197015354,-1.49504933654749,1.50508718978596
1176,13837,"s15","m2",-0.487479177691614,-0.715841242428095,-2.06853287016526,-1.31822936056552,0.700582791061223
1177,13842,"s15","m2",-0.51079925509108,-0.671256650088707,-2.07707951196185,-1.52380463988519,0.486437765853906
1178,13850,"s15","m2",-0.563352904336389,-0.772186752418907,-2.10819563204891,-1.448753990999,0.944830152000541
1179,13862,"s15","m2",-0.51865118228249,-0.764283569093295,-2.09134553278307,-1.5485720817097,0.774498933278145
1180,13867,"s15","m2",-0.485667905349025,-0.757252674630538,-2.07246677662563,-1.4635078955836,0.406705835520467
1181,13872,"s15","m2",-0.529328195082926,-0.71848388647388,-2.14787387136005,-1.26670410885478,1.0618871681331
1182,13886,"s15","m2",-0.629419403300744,-0.671470139644024,-2.25488563078578,-1.25601015945192,0.869176937327159
1183,13887,"s15","m2",-0.536422632646222,-0.694849004017491,-2.07104378003671,-1.65182565576913,0.671226119784122
1184,13898,"s15","m2",-0.445138330723469,-0.7172379229459,-2.06866106592377,-1.59551371964429,0.553010997664984
1185,13900,"s15","m2",-0.539527657825778,-0.770683612102806,-3.19349357284101,-1.35949733515464,1.33325300044888
1186,13903,"s15","m2",-0.521141709998948,-0.761146680638949,-2.13939747325417,-1.30178190144288,0.909426418798378
1187,13904,"s15","m2",-0.464789133594764,-0.80814715375847,-2.15077604545916,-1.57607985691472,0.819776753184456
1188,13906,"s15","m2",-0.571716293848075,-0.779113771378261,-2.17544182224309,-1.47405956277599,1.06660288093272
1189,13960,"s15","m2",-0.48100253613491,-0.783969561044316,-1.88757172803596,-1.6778490307176,0.855408693539473
1190,13986,"s15","m2",-0.599846501909891,-0.749660699524,-2.1784275261827,-1.54463444717633,0.922902656264393
1191,13996,"s15","m2",-0.478591819901607,-0.77354958152383,-2.23369570090235,-1.19417499776358,0.983487577019364
1192,14001,"s15","m2",-0.486976137937119,-0.679501280259473,-2.5163577637585,-1.59006963914407,0.431445861757117
1193,14012,"s15","m2",-0.555885525630118,-0.723016239476787,-2.37284096598982,-1.18857795095903,0.669885244121399
1194,14048,"s15","m2",-0.516526554080286,-0.82365650035523,-1.97748782360792,-1.42225979876709,1.27983951994591
1195,14049,"s15","m2",-0.582401690726772,-0.754302351123468,-2.05532754978831,-1.56168947128927,1.22616715084255
1196,14063,"s15","m2",-0.564283119663363,-0.68311506435109,-2.28412952731212,-1.47814079371385,1.04453703012588
1197,14069,"s15","m2",-0.516986534613258,-0.825934183694376,-2.04212741657361,-1.1700997274814,1.57110582254427
1198,14095,"s15","m2",-0.560954120149736,-0.87707036389408,-1.97408678357691,-1.64156380034923,1.08581095965235
1199,14106,"s15","m2",-0.525172247246837,-0.689645664816791,-2.59877665530206,-1.4223646905398,0.65033559209025
1200,14110,"s15","m2",-0.539024939152906,-0.75759498038449,-2.23001816733147,-1.42926313439701,0.984166865854489
1201,14112,"s15","m2",-0.562944608640855,-0.772196114552457,-2.18261194046456,-1.47063042883539,1.03061340146205
1202,14118,"s15","m2",-0.481149737869314,-0.704534267927658,-1.87849377795402,-1.16215252182649,0.766987341058732
1203,14126,"s15","m2",-0.550488120728869,-0.767586934997952,-2.21312751382039,-1.25122293219635,1.27225211301415
1204,14141,"s15","m2",-0.502078113310153,-0.722698564824671,-2.61652837502793,-1.22455862855756,0.821285927339182
1205,14150,"s15","m2",-0.606268679265656,-0.79000561575048,-2.18954064811056,-1.37771132344778,1.21952999822246
1206,14154,"s15","m2",-0.462291384403208,-0.662933285644468,-2.03919590983316,-1.0689031838057,0.613758040629456
1207,14179,"s15","m2",-0.515929015087546,-0.736838002213226,-2.34424972232836,-1.65857135643419,1.12313070095936
1208,14186,"s15","m2",-0.489940862606729,-0.6992019488102,-2.15040475814306,-1.61812772455641,0.523156202348486
1209,14205,"s15","m2",-0.573983928371668,-0.784145621889314,-2.3181889066576,-1.64095206079842,0.924440628017682
1210,14208,"s15","m2",-0.578050216399226,-0.799192432875046,-2.47209408897791,-1.67378606944227,1.1495780237137
1211,14212,"s15","m2",-0.617803562010684,-0.824533587983168,-2.56209151091854,-1.61170604905793,1.44446054538043
1212,14238,"s15","m2",-0.517518227888797,-0.769411272839438,-2.31554490938965,-1.63786420297285,0.729177118369345
1213,14246,"s15","m2",-0.562426642388774,-0.761906137285687,-2.52913996682077,-1.31451625376366,0.796885605267435
1214,14264,"s15","m2",-0.547079826057613,-0.756669789630916,-1.84698500442699,-1.89980428270563,1.37954348710204
1215,14278,"s15","m2",-0.555889703769517,-0.82111978527226,-1.8914607792863,-1.48079093461293,1.52209801159861
1216,14292,"s15","m2",-0.54221636880572,-0.745388669304568,-2.14359011542044,-1.13359297042002,1.21672570335437
1217,14297,"s15","m2",-0.553241239045275,-0.839664844121479,-1.73212928179065,-1.61528434711763,1.62329689281446
1218,14304,"s15","m2",-0.508754028518126,-0.741564250036866,-2.67864305771546,-1.2157305637855,0.894241831255748
1219,14307,"s15","m2",-0.507693100932524,-0.855192562721385,-2.62991745446663,-1.46834674640549,1.26522091568492
1220,14325,"s15","m2",-0.542908414923079,-0.749184590919872,-2.18944837843851,-1.58719571511069,0.870540619327413
1221,14326,"s15","m2",-0.545024994316593,-0.711509806022837,-2.37123128827594,-1.86441416546641,0.918612920016788
1222,14351,"s15","m2",-0.551958491319233,-0.667258831584471,-2.43838393580673,-1.44680194830791,0.833993546162371
1223,14352,"s15","m2",-0.5778197254948,-0.77389437978218,-2.20245179338754,-1.68196008773871,0.875340901094504
1224,14362,"s15","m2",-0.496790775926322,-0.714710360737476,-2.15769800639534,-1.35767263571998,0.868666498839462
1225,14378,"s15","m2",-0.515072284001002,-0.753946978891305,-1.80197328986844,-1.24636641508057,1.28018307765886
1226,14382,"s15","m2",-0.563269810079991,-0.808478463561347,-1.74471557610969,-1.24624745999138,1.56106209409389
1227,14387,"s15","m2",-0.552127042850735,-0.783308779767556,-2.10914669889696,-1.65292438790123,1.25836457962051
1228,14408,"s15","m2",-0.477579113114605,-0.853645635810633,-2.12048506494601,-1.88948978454836,0.995487805587033
1229,14424,"s15","m2",-0.484072242463155,-0.70428649099294,-2.29006672114436,-1.75602084884171,0.377828864983692
1230,14426,"s15","m2",-0.577299770369534,-0.750239640420791,-2.05547492538595,-1.35782885936522,1.01473681447882
1231,14456,"s15","m2",-0.578038284265313,-0.803493653596456,-1.99502936800071,-1.69202470468982,1.70476805719297
1232,14464,"s15","m2",-0.493117700234157,-0.792362275737841,-2.46175808393062,-2.00093598326404,0.855669419622988
1233,14488,"s15","m2",-0.495461690231428,-0.685282654234711,-2.19850899561796,-1.37124529899313,0.254700783254379
1234,14496,"s15","m2",-0.450327419276566,-0.730251697567146,-2.19371965464012,-1.56328921587798,0.557999733610173
1235,14509,"s15","m2",-0.529692211175718,-0.734033100028999,-1.85774151092427,-1.81012953712733,0.764496411052038
1236,14537,"s15","m2",-0.557829880399259,-0.722876559470215,-2.70827598425913,-1.6161964330341,0.63685933081564
1237,14545,"s15","m2",-0.546475100222363,-0.751072706634996,-2.16998083300224,-1.95751123616573,1.02814055541853
1238,14546,"s15","m2",-0.544957091061334,-0.78858472099772,-2.14867219416014,-1.33210065191619,1.15150377341915
1239,14553,"s15","m2",-0.479901860128803,-0.697689608419619,-2.28478161937349,-1.65881462964823,0.85984792068352
1240,14563,"s15","m2",-0.558244726122803,-0.752500736054426,-2.11450121475675,-1.60722388226031,0.888103933930697
1241,14594,"s15","m2",-0.540019445660387,-0.691524696798749,-1.91863660318722,-1.47449593572287,0.714077861391137
1242,14605,"s15","m2",-0.559932042900194,-0.851203972981965,-2.07751390131637,-1.3864008886193,1.04212726683016
1243,14636,"s15","m2",-0.531730181901487,-0.835260738642551,-2.13066893230058,-1.42885980363653,1.4445209236103
1244,14638,"s15","m2",-0.513227549988318,-0.752433362194826,-1.9440714940276,-1.40951995447981,0.556044192478428
1245,14654,"s15","m2",-0.49987502581194,-0.779190003003692,-2.43812251073513,-1.58992184903782,1.08620636340443
1246,14671,"s15","m2",-0.51902848256072,-0.796350431829348,-2.11457681495163,-1.7872247265476,0.624193321410709
1247,14672,"s15","m2",-0.524113871368271,-0.718439968132716,-2.36890287707059,-1.37072494938181,0.727623986210252
1248,14674,"s15","m2",-0.540456576099843,-0.799728334811234,-2.34379926852535,-1.71032283343757,1.5364952012129
1249,14686,"s15","m2",-0.511150672250209,-0.731727712735273,-1.98077672116301,-1.4628396121109,0.954121079078371
1250,14706,"s15","m2",-0.500770658146117,-0.788326807697674,-2.21759852510746,-1.39206901968091,1.13267794145993
1251,14712,"s15","m2",-0.559279319838476,-0.802061022710911,-2.28635295193219,-1.6448601484874,1.28039059269807
1252,14746,"s15","m2",-0.580528984857649,-0.763613879794727,-2.44260605942042,-1.56961468315476,1.21810573812714
1253,14756,"s15","m2",-0.586545536734862,-0.785220084047345,-1.83253521187093,-1.36754244102407,1.30615757102745
1254,14760,"s15","m2",-0.531017220458961,-0.804520054304809,-2.0798983424324,-1.37454162043606,1.2153527841459
1255,14777,"s15","m2",-0.538613090552069,-0.788872155239304,-2.24457344930954,-1.45553111301786,0.708860171434498
1256,14794,"s15","m2",-0.474935116550659,-0.802044447417114,-2.60547436504659,-1.68726724689993,1.21377601014648
1257,14825,"s15","m2",-0.486153809911584,-0.824575935384206,-1.90817805404682,-1.47667249664896,1.13190125060547
1258,14828,"s15","m2",-0.469994525330279,-0.82648304200233,-1.63148683397261,-1.51897410467087,1.02714602042534
1259,14840,"s15","m2",-0.532748501766137,-0.739703548260551,-1.85794283795059,-1.31285440514932,1.17328104216106
1260,14848,"s15","m2",-0.597799080941087,-0.700402076298131,-2.33037584281833,-1.14063492974431,0.703355300221362
1261,14864,"s15","m2",-0.506609975644479,-0.809282599038318,-2.07332433614408,-1.56406509759831,1.28248059878606
1262,14867,"s15","m2",-0.570012183817018,-0.758989281805097,-1.76242615604287,-1.96485504542893,1.26271335323617
1263,14868,"s15","m2",-0.531351710226018,-0.761296294985201,-2.467376329609,-1.60576146552597,0.844974846814252
1264,14885,"s15","m2",-0.559002229491781,-0.797195363937671,-2.27180333277571,-1.87399133753679,1.04224149698487
1265,14886,"s15","m2",-0.508045910038653,-0.742047277856654,-2.29801632335048,-1.53360066621535,1.16838721436945
1266,14894,"s15","m2",-0.471964509739791,-0.747770096385349,-2.12856693230593,-1.42876133424025,0.580030805143538
1267,14899,"s15","m2",-0.488000763726485,-0.682129143369717,-2.06860511582182,-1.35950458735107,0.507350207493621
1268,14904,"s15","m2",-0.567480193142803,-0.81290521308654,-2.28144148251196,-1.61092239827187,1.23122700629541
1269,14934,"s15","m2",-0.539053767391635,-0.759405851361817,-2.27113313673231,-1.4758712716138,1.29896452239904
1270,14937,"s15","m2",-0.517651670718236,-0.77209080938923,-2.41485529102974,-1.47179348079133,0.773857109371926
1271,14957,"s15","m2",-0.519062250841856,-0.72683992155461,-2.27885181018298,-1.58396470801874,0.81284583938172
1272,14973,"s15","m2",-0.536912948049661,-0.73411366645476,-2.55935544187211,-1.35952359264609,0.915183595081247
1273,14991,"s15","m2",-0.455053777239584,-0.717692059118438,-2.2414013128662,-1.54302573940074,0.885701551521053
1274,14999,"s15","m2",-0.519971286970789,-0.731787594829292,-2.12900914468051,-1.28164700679318,1.1180794794473
1275,15013,"s15","m2",-0.616759743071486,-0.745250797335272,-2.02715184726157,-1.50787517900507,1.25353203802555
1276,15035,"s15","m2",-0.477801694657071,-0.747156637744686,-2.17676457054108,-1.65763592244381,0.412517801157895
1277,15044,"s15","m2",-0.453637278515685,-0.783069950380417,-2.10529516714876,-1.4953397660702,1.13789854156764
1278,15052,"s15","m2",-0.567470964801484,-0.79625807431096,-1.91345214850272,-1.45113868480515,0.813428894270796
1279,15073,"s15","m2",-0.523688524250499,-0.69614879742572,-2.37247125862761,-1.4424617624847,0.61106091740055
1280,15078,"s15","m2",-0.482561329502201,-0.733773643188139,-2.10788263977669,-1.59923328989969,0.71604428129901
1281,15088,"s15","m2",-0.497738955181921,-0.741319131589034,-1.92343721857497,-1.15568298059427,0.807034694866532
1282,15093,"s15","m2",-0.496033979703487,-0.81674886147962,-2.50532800805244,-1.56330898729262,0.843314629222654
1283,15104,"s15","m2",-0.449092119886738,-0.713920529748664,-2.47689995667939,-1.41041148055416,0.133117493195628
1284,15127,"s15","m2",-0.484475150872378,-0.807906384391681,-2.4325425356255,-1.36588575836194,1.21491386545763
1285,15143,"s15","m2",-0.552438142889661,-0.7331949499382,-2.26986647804516,-1.45667914512137,0.81198472274615
1286,15168,"s15","m2",-0.443891771885601,-0.792675506510675,-2.19574438943872,-1.61865322865772,0.995791575349807
1287,15175,"s15","m2",-0.576955647067266,-0.769604746510492,-2.28713669533498,-1.88930252068817,1.21202241416056
1288,15176,"s15","m2",-0.57216698040528,-0.818499497982631,-2.55448739429733,-1.58213499845507,1.25698078429097
1289,15191,"s15","m2",-0.518068702557276,-0.608352041634462,-2.19884641128368,-1.23351894016621,0.206651446411643
1290,15220,"s15","m2",-0.485834820582508,-0.795376125554098,-2.04972867188298,-1.75631368320149,1.30216335398991
1291,15225,"s15","m2",-0.569505580535855,-0.836462484805779,-1.95297170481694,-1.3636704161046,1.39428499196607
1292,15242,"s15","m2",-0.52699990181099,-0.797245293149116,-2.21018565359875,-1.63035208898038,1.4544607283661
1293,15259,"s15","m2",-0.506463148489138,-0.788382453316711,-2.43350741371836,-1.30787486494833,1.49970749990124
1294,15269,"s15","m2",-0.523967724570825,-0.767679996496614,-2.2010517913334,-1.60041140717041,1.18623411607304
1295,15276,"s15","m2",-0.532099257811765,-0.721790497247369,-2.27677649215702,-1.34286155924542,0.586915054931856
1296,15294,"s15","m2",-0.460609778975514,-0.73970468937687,-1.4976191405765,-1.75091893956484,0.992730915860487
1297,15295,"s15","m2",-0.489958114458448,-0.757310405095105,-2.15365833542565,-1.55779434081705,1.11273523242502
1298,15312,"s15","m2",-0.519389855083832,-0.795138616546757,-2.41363503719793,-1.3916939731576,1.22390593171895
1299,15317,"s15","m2",-0.567624415787682,-0.746325120998539,-2.44123713642439,-1.2627838495766,1.41454339545501
1300,15333,"s15","m2",-0.510880192836445,-0.822028904446973,-2.54364427422534,-1.50149169490695,0.939444559459874
1301,15350,"s15","m2",-0.575246697976797,-0.71823855462953,-2.66002298783065,-1.30491590623904,0.94211653142223
1302,15356,"s15","m2",-0.552890095939612,-0.740946550643055,-1.91405516172003,-1.57310418241855,1.28285311490122
1303,15364,"s15","m2",-0.509452058193459,-0.709459791046973,-2.38025606132139,-1.53247142964107,0.553102996727754
1304,15369,"s15","m2",-0.497804832394248,-0.756255338279301,-2.1959152034887,-1.58880325231424,1.01163057993899
1305,15376,"s15","m2",-0.49943741413758,-0.748623879614146,-1.84840034256068,-1.60085714335768,0.928257436738253
1306,15377,"s15","m2",-0.469758647545217,-0.778935210330632,-2.17965092397277,-1.25660926174083,0.963695384668966
1307,15405,"s15","m2",-0.470682397021645,-0.69974325769906,-2.006013656847,-1.2639726829604,0.543356979598117
1308,15419,"s15","m2",-0.521438802691632,-0.882948126362046,-2.09899971805157,-1.81207820972739,1.35339203874656
1309,15424,"s15","m2",-0.554654785214697,-0.716432909697488,-2.18090114405907,-1.32705524951894,0.932407856865542
1310,15481,"s15","m2",-0.516245032858576,-0.786838963056483,-1.98472325103348,-1.69854644268122,1.63417202447854
1311,15493,"s15","m2",-0.484176335191961,-0.825663146488271,-2.17600995468284,-1.50066828275543,1.13231816199699
1312,15498,"s15","m2",-0.529015307783304,-0.832965222848019,-2.29668185824389,-1.56634136191449,1.38770023681308
1313,15508,"s15","m2",-0.526776751535159,-0.799746399098967,-2.16961768663555,-1.57212860477943,0.556450704030471
1314,15515,"s15","m2",-0.565583689878303,-0.735367175793168,-1.96546112465536,-1.28140832083956,0.776575136243196
1315,15516,"s15","m2",-0.516037030195817,-0.804714576582969,-1.94375213851633,-1.70724171924871,1.02647785923791
1316,15529,"s15","m2",-0.508397804106304,-0.737442506511953,-2.29559573823433,-1.40563389429831,0.307819969877442
1317,15548,"s15","m2",-0.5157914460369,-0.721449429881382,-2.05092541828158,-1.81025505898394,0.822067745635713
1318,15564,"s15","m2",-0.636854742089189,-0.795411335726259,-2.34083878878508,-1.77430057332081,1.55927863370901
1319,15568,"s15","m2",-0.447950842648507,-0.754016664484156,-2.4396410685745,-1.40298505888444,0.730696433840903
1320,15571,"s15","m2",-0.477700802844237,-0.725811513243174,-2.00369494078928,-1.49725736062527,0.688162945168219
1321,15588,"s15","m2",-0.54654092418327,-0.80284367032414,-2.85462485898389,-1.58023207175846,1.32623112414814
1322,15599,"s15","m2",-0.536823881039483,-0.729605838056774,-1.94170102340908,-1.43937200767348,1.07164027167382
1323,15602,"s15","m2",-0.514483090820448,-0.754985029495738,-2.48241208433596,-1.61488186774189,0.5955429366435
1324,15625,"s15","m2",-0.502548142131276,-0.862628154870639,-2.20740582876045,-1.47516386266911,1.08527314758564
1325,15628,"s15","m2",-0.508252613470177,-0.711100363874262,-2.05764763584315,-1.49242549194281,1.17066813631106
1326,15638,"s15","m2",-0.51622969951775,-0.732097982983961,-1.78376308515496,-1.41540536692796,1.07005598843333
1327,15647,"s15","m2",-0.519736774718613,-0.767953297310766,-2.00757388131884,-1.2557777708402,0.86393005763791
1328,15656,"s15","m2",-0.47508194141706,-0.797718774100953,-2.00117942763602,-1.60019196402019,1.06371498784971
1329,15674,"s15","m2",-0.482505299485286,-0.72475936082407,-2.27002293709396,-1.29873172418626,0.455833460782091
1330,15698,"s15","m2",-0.511419672432179,-0.81720730132523,-2.62357274380937,-1.9249601292637,0.754349902311553
1331,15711,"s15","m2",-0.532244153488075,-0.760251953353031,-2.20308148762585,-1.23233607053307,1.12291411271562
1332,15718,"s15","m2",-0.51904292381115,-0.784972567678311,-1.89744167721171,-1.57420045713195,1.34424220978468
1333,15732,"s15","m2",-0.511455090865583,-0.79932702965229,-1.87156146690642,-1.66526858696892,1.02656209249773
1334,15745,"s15","m2",-0.551066489458716,-0.733719803092872,-1.91958108127883,-1.45130559506673,1.08469917583315
1335,15746,"s15","m2",-0.505827667898031,-0.736443286432688,-2.42180755091915,-1.26481531656563,1.13381361498059
1336,15762,"s15","m2",-0.518067456330484,-0.818194667584767,-2.13846020376751,-1.39284767302579,1.17468893881027
1337,15774,"s15","m2",-0.494648704617745,-0.840714436493736,-2.18203900007332,-1.71962871458494,0.953785564449995
1338,15787,"s15","m2",-0.519360278690492,-0.704500538707844,-1.99010986390739,-1.4079422592997,0.73096679228788
1339,15795,"s15","m2",-0.56269558236278,-0.764238898024876,-1.96786708895,-1.20670698361712,1.26521009975423
1340,15796,"s15","m2",-0.519217490839113,-0.7077494523407,-2.20418168711835,-1.54622387903078,1.21624276408389
1341,15799,"s15","m2",-0.477369323319811,-0.761084880185401,-1.98836018224835,-1.25452517958975,1.10109808678636
1342,15839,"s15","m2",-0.595693255808784,-0.757119265385765,-2.2445923445927,-1.4476238158182,0.860883056960668
1343,15858,"s15","m2",-0.608484306586852,-0.857141524083652,-2.0056281533416,-1.61907761671169,1.6397629550919
1344,15859,"s15","m2",-0.505385573919028,-0.770611330448244,-2.09170567831801,-1.30791309624125,1.00492257556944
1345,15877,"s15","m2",-0.503218459016812,-0.69951676756384,-2.59147166794362,-1.33457141522626,0.904495246813001
1346,15878,"s15","m2",-0.533866242042386,-0.831183075639485,-2.32856353998107,-1.70318187194621,1.36721860762621
1347,15885,"s15","m2",-0.531159441854555,-0.763427942465069,-2.47337366302744,-1.30732966098808,1.09322668408396
1348,15886,"s15","m2",-0.553970917250512,-0.804349109629062,-1.99299764016337,-1.49866121264542,1.34652003811288
1349,15891,"s15","m2",-0.536099273668712,-0.751748798537962,-1.68206665921594,-1.50566198919393,0.96716645519813
1350,15893,"s15","m2",-0.582120140050108,-0.856745937267672,-2.1294551515479,-1.74244309336956,1.23190729775345
1351,15897,"s15","m2",-0.550426006069533,-0.703889391768763,-1.8932002578437,-1.49020825838654,0.651304726448726
1352,15914,"s15","m2",-0.436241426508407,-0.786223985181679,-2.06750676172272,-1.66532166983905,1.00470194782165
1353,15915,"s15","m2",-0.498876338010263,-0.73218208350285,-2.07302676270925,-1.37952782089074,0.67294510061873
1354,15925,"s15","m2",-0.489332981086748,-0.823238307618171,-2.0228320910287,-1.78426366430199,1.46306770557178
1355,15960,"s15","m2",-0.524880261408059,-0.688050184362829,-2.20649089200651,-1.37813249243525,0.890526209688414
1356,15964,"s15","m2",-0.475264680924121,-0.761652805171543,-2.14207819334391,-1.67744855428887,0.847324514469611
1357,15969,"s15","m2",-0.605507700956149,-0.742868389223203,-2.23302939268905,-1.51009591820327,1.2020790480613
1358,15970,"s15","m2",-0.543062671200096,-0.846109018124084,-2.28057369431967,-1.46429463013648,1.33737719998711
1359,15985,"s15","m2",-0.543968920080508,-0.77769586119214,-2.15219969495256,-1.38395836878464,1.09971420487705
1360,15992,"s15","m2",-0.552108355317364,-0.726829743531818,-1.9114897795209,-1.49744434855827,1.12310792992612
1361,15996,"s15","m2",-0.466352252832343,-0.761479695989985,-1.93420733130475,-1.67137627668038,0.848099739500315
1362,16027,"s15","m2",-0.557213808434229,-0.801893505656559,-2.65876068890684,-1.58297768059075,1.08720233633427
1363,16032,"s15","m2",-0.518076531328905,-0.826471752798488,-1.67878234512028,-1.39758455072959,1.28782718840955
1364,16039,"s15","m2",-0.52240961702365,-0.795547699974605,-2.3307358399379,-1.45568036672854,1.20034384235516
1365,16040,"s15","m2",-0.457883517000446,-0.769494297858906,-2.55332714029839,-1.46866886612261,0.591954566688034
1366,16054,"s15","m2",-0.467206208697021,-0.750655114077103,-2.22604240994194,-1.47976654125084,0.609347500366013
1367,16058,"s15","m2",-0.557206821734422,-0.725413485940427,-2.56717924074744,-1.51867360180666,1.0846378657794
1368,16092,"s15","m2",-0.595925741094915,-0.817354493588963,-1.91462272632701,-1.41886946560904,1.06379583496072
1369,16095,"s15","m2",-0.511610429200706,-0.754862849510139,-2.66225635699312,-1.5115158812959,0.541764250586621
1370,16099,"s15","m2",-0.550789307675665,-0.779216637868321,-2.50284901359966,-1.28241117411354,1.1158537018793
1371,16112,"s15","m2",-0.566950943079575,-0.752538313532952,-1.76033085871557,-1.30221144511184,1.31771749448057
1372,16113,"s15","m2",-0.526135372943194,-0.771267053577618,-1.89592405167436,-1.28303101896811,0.751895157052467
1373,16114,"s15","m2",-0.510110252810969,-0.786624164667775,-2.11339258990123,-1.23788854728469,1.46710647003103
1374,16141,"s15","m2",-0.531830372565917,-0.814244378397221,-2.42391680496446,-1.27662067350528,1.08137428543128
1375,16143,"s15","m2",-0.492622545350922,-0.758337264697823,-1.79342111254057,-1.33254735559036,1.17485064177757
1376,16157,"s15","m2",-0.521261267171046,-0.840982867526692,-2.10664312160396,-1.62935104898458,1.42041854973531
1377,16168,"s15","m2",-0.596777276652865,-0.819989712372804,-2.17182452063508,-1.75589784106576,1.35115492356118
1378,16171,"s15","m2",-0.518411440972262,-0.799841297481379,-2.07766861046293,-1.5989369792712,1.25042458493419
1379,16208,"s15","m2",-0.542939193034581,-0.757509459066159,-2.26913313732082,-1.38163492739614,1.19154060593244
1380,16219,"s15","m2",-0.669393637850262,-0.767232439013412,-2.4580430105578,-1.55844273458427,1.43849681738992
1381,16221,"s15","m2",-0.573036139219242,-0.856711862920851,-1.54820211550015,-2.09315875661737,1.59713870977163
1382,16237,"s15","m2",-0.52120332060667,-0.770976745626295,-2.17719259995164,-1.58624784794854,0.899180323191564
1383,16240,"s15","m2",-0.504338463381124,-0.682874370375883,-2.21743674140736,-1.30216582528766,0.14473247684021
1384,16263,"s15","m2",-0.546284808928268,-0.756806944303106,-2.48960197343439,-1.75123101730374,0.875305233620458
1385,16266,"s15","m2",-0.557027449076632,-0.81904919500737,-2.41206353053478,-1.32269533406199,1.3427397611617
1386,16274,"s15","m2",-0.493909563276916,-0.710775823920861,-2.06024139527495,-1.07384312924999,0.536838228762853
1387,16282,"s15","m2",-0.542725999070506,-0.774492314948218,-2.40603829431555,-1.30717787504976,1.03675722813281
1388,16289,"s15","m2",-0.502049210315149,-0.778462857046059,-1.99969442748386,-1.5942968236785,1.05518938427007
1389,16310,"s15","m2",-0.525233382017675,-0.804309514362059,-2.18602957370789,-1.25506470945364,1.30264831878611
1390,16330,"s15","m2",-0.497267683678668,-0.688276081341308,-1.8620578886117,-1.53538438749983,0.994244219081606
1391,16346,"s15","m2",-0.504710465929205,-0.737068344559831,-2.19009278177849,-1.75898901660085,0.522921193626337
1392,16378,"s15","m2",-0.474591218345906,-0.796568623315113,-2.14608452157026,-2.06308339651321,0.810268608838738
1393,16380,"s15","m2",-0.540247803360022,-0.787462529708734,-2.2437848481587,-1.60738103655967,1.58008425758899
1394,16381,"s15","m2",-0.577814611919137,-0.816183456889284,-2.13868558750256,-1.50890083918901,1.43666546778128
1395,16394,"s15","m2",-0.492449160041991,-0.752805630930867,-2.20128068318584,-1.167573676162,1.04633357709557
1396,16432,"s15","m2",-0.474973799348582,-0.734616289763899,-2.2952408159768,-1.20303249652735,1.01319914708068
1397,16444,"s15","m2",-0.547408802125811,-0.741585770812086,-2.26168773239381,-1.44001909666936,1.21652679315345
1398,16451,"s15","m2",-0.442771049904407,-0.676802065409917,-1.8972617009325,-1.320597932565,0.342759912630218
1399,16465,"s15","m2",-0.512127368160771,-0.775430276781471,-1.823951540726,-1.39022847651251,0.89622946644848
1400,16474,"s15","m2",-0.523235555993594,-0.745659606599417,-2.22641218346979,-1.6649827633487,0.811678866190796
1401,16483,"s15","m2",-0.529792658962385,-0.830329639253733,-2.13974127735715,-1.67196202608226,1.10649787695042
1402,16488,"s15","m2",-0.507072097562373,-0.771449027800683,-2.37610848129815,-1.60480266578938,0.942070491737725
1403,16494,"s15","m2",-0.567002641097848,-0.64108308307063,-2.24984879890798,-1.34354858621918,0.742553562014104
1404,16520,"s15","m2",-0.460553672254254,-0.730107428961683,-2.57627582462137,-1.55609450010013,-0.194219745044028
1405,16526,"s15","m2",-0.540312499792215,-0.748716370081322,-2.26054997989408,-1.68161731492441,0.82741771612784
1406,16531,"s15","m2",-0.525237707189897,-0.76333533968616,-1.89617867259738,-1.33575969008892,1.43951841006467
1407,16537,"s15","m2",-0.560720894454628,-0.758499347761663,-2.06142843843094,-1.10893883690412,1.18501321800162
1408,16564,"s15","m2",-0.484675548552771,-0.747686007544812,-2.20129204302684,-1.78044229265549,0.724356173929327
1409,16568,"s15","m2",-0.54813945949587,-0.74397318032932,-2.31580280288044,-1.17390428807963,1.00768528658418
1410,16573,"s15","m2",-0.521333479950325,-0.848374055051969,-2.3982997859443,-1.60587765420305,1.62433318518654
1411,16591,"s15","m2",-0.529728582293457,-0.847604112183273,-1.71547837241651,-1.74873432499225,1.08194298950734
1412,16617,"s15","m2",-0.579781383324038,-0.760174232845626,-2.64706724911424,-1.2204590446542,0.790366355725034
1413,16635,"s15","m2",-0.541240075620598,-0.725250992152137,-2.52835585253261,-1.46476518604823,1.17863042417946
1414,16637,"s15","m2",-0.515380761090901,-0.72943845025092,-2.11939376570112,-1.74912577159196,0.8995696204604
1415,16650,"s15","m2",-0.456249973753176,-0.803726449556048,-2.23998125612618,-1.40668925834394,0.728433107729309
1416,16653,"s15","m2",-0.508593574659085,-0.814357300113152,-2.1266257895405,-1.60296013596454,0.588569988922698
1417,16659,"s15","m2",-0.573245975865701,-0.753352709045088,-2.05883215733093,-1.53404891188986,1.20689931454035
1418,16670,"s15","m2",-0.480759609238293,-0.765271791721072,-1.96490427134129,-1.3125640086131,0.932197398081603
1419,16675,"s15","m2",-0.53391748497448,-0.702823339103408,-2.29507966616367,-1.38945133666521,0.941775365814979
1420,16686,"s15","m2",-0.51320201686953,-0.761060636164911,-2.74344709570934,-1.51865860698256,0.778677274214642
1421,16698,"s15","m2",-0.613556369126518,-0.789808818786377,-2.68234288044695,-1.82507271999267,1.49440662132015
1422,16708,"s15","m2",-0.556728712370597,-0.727482528387397,-2.5828005892708,-1.26738961946878,0.677573091391565
1423,16738,"s15","m2",-0.534173482420591,-0.786359640069051,-2.40047673259691,-1.26487494042087,1.344085283582
1424,16767,"s15","m2",-0.517042400374036,-0.777065220658405,-2.35618154217021,-1.15402386119121,1.2628989838018
1425,16771,"s15","m2",-0.607414062882689,-0.740179942301966,-1.93866448815706,-1.64690086106589,0.819714785503125
1426,16790,"s15","m2",-0.472769728780333,-0.691241257499649,-1.76751108262851,-1.43376007959323,1.3165431806931
1427,16794,"s15","m2",-0.509426773540586,-0.768053553371206,-2.95866503779456,-1.53710556427764,1.56629493681988
1428,16800,"s15","m2",-0.527835360464639,-0.823790285199849,-1.87104743008522,-1.53472478189229,1.36603936792845
1429,16802,"s15","m2",-0.552478363592584,-0.72585258781909,-2.02695490788772,-1.46134575288887,0.929177064970368
1430,16833,"s15","m2",-0.520379966407336,-0.724788234868007,-2.08381684709894,-1.62777112017896,0.63747565200398
1431,16839,"s15","m2",-0.586687325816335,-0.820158692866181,-2.08343652905373,-1.59660886837374,1.27191709277399
1432,16850,"s15","m2",-0.507727015370746,-0.759675769190623,-2.45385993466274,-1.32900348012351,1.14058261095274
1433,16856,"s15","m2",-0.541991654469563,-0.804798881328922,-2.0096913420938,-1.54100690307071,1.31828868572502
1434,16869,"s15","m2",-0.502231524142199,-0.747775029840846,-1.61054930781328,-1.88184363031993,1.03020803573542
1435,16877,"s15","m2",-0.591635429342899,-0.69968919062589,-2.37484989775614,-1.4068176895762,1.26309516922344
1436,16889,"s15","m2",-0.552308719420196,-0.768592641253278,-2.45608492982662,-1.89006651190007,1.18287696047888
1437,16901,"s15","m2",-0.507964926865926,-0.720634701741556,-2.16203845332059,-1.41350445186642,0.718661635384992
1438,16912,"s15","m2",-0.546093195447242,-0.771667678486223,-2.0263441628324,-1.665684441874,0.929863111514873
1439,16937,"s15","m2",-0.588468020691887,-0.824858477012686,-2.27745052914816,-1.80457407414074,1.46761566491485
1440,16938,"s15","m2",-0.508531721816401,-0.77017055099811,-2.33217266665878,-1.38358376701034,0.70828425808372
1441,16939,"s15","m2",-0.55704052159399,-0.719463723852206,-1.99818874613386,-1.39286025271285,0.874703795089052
1442,16946,"s15","m2",-0.465064133145576,-0.749147614198475,-2.33694493254285,-1.65573086533893,1.09347253616404
1443,16971,"s15","m2",-0.477355825160189,-0.78236800581885,-2.14920867088687,-1.75388025515873,0.841996439253931
1444,16977,"s15","m2",-0.525360329198938,-0.819347248533861,-2.45033514601081,-1.68491055220011,0.869524496969563
1445,16995,"s15","m2",-0.514220109379451,-0.815877391849917,-2.36495136171074,-1.68848443668177,1.15640077102403
1446,16998,"s15","m2",-0.494230361149423,-0.702077705390003,-2.67763784995839,-1.78557784039439,0.728085641890549
1447,17002,"s15","m2",-0.490279223276556,-0.752605452688624,-2.7351373663591,-1.75357647739509,0.698980346774475
1448,17010,"s15","m2",-0.544003364665481,-0.86506094631456,-1.9295635698685,-1.53534497673818,1.50567988406992
1449,17031,"s15","m2",-0.512455714928503,-0.74908269889057,-2.10455116713037,-1.38272632782854,0.88580911373459
1450,17036,"s15","m2",-0.482750221142307,-0.799737717231667,-2.05767480310208,-1.41472057847283,1.02372201087419
1451,17042,"s15","m2",-0.518974090408696,-0.821387975365058,-2.13890471734726,-1.3219132521206,1.309875237478
1452,17063,"s15","m2",-0.46289628783377,-0.75024750289159,-2.26356256424662,-1.38253615608923,0.645632910123923
1453,17065,"s15","m2",-0.567084252074286,-0.668503194094509,-2.39403417966154,-1.27765203257127,0.569141366497444
1454,17076,"s15","m2",-0.601372755636351,-0.811802921096812,-2.20707743164101,-1.56733602395562,1.56081578535876
1455,17097,"s15","m2",-0.538814271660182,-0.86994559258891,-1.82996619336241,-1.40033345726419,1.62355631839972
1456,17099,"s15","m2",-0.570007664286412,-0.731873008118304,-2.18120168674418,-1.5461919176847,1.40672617060316
1457,17112,"s15","m2",-0.422650381390317,-0.69435948056969,-1.87986105253199,-1.30585580706522,0.181802050731968
1458,17117,"s15","m2",-0.567096209416696,-0.745774044354064,-2.08776901140842,-1.36192454706256,1.18315462165494
1459,17118,"s15","m2",-0.475583597675825,-0.716375442733295,-2.53152917313236,-1.12268213548613,0.573130676614157
1460,17125,"s15","m2",-0.502315062704706,-0.836421015260945,-2.51714310290955,-1.81093025411714,1.41182821026648
1461,17137,"s15","m2",-0.467871578365468,-0.768785753349229,-2.73426057545449,-1.38772594998012,0.613332953219172
1462,17171,"s15","m2",-0.517631699592212,-0.863443302405475,-2.20794407006907,-1.59102465738699,0.988066970497351
1463,17176,"s15","m2",-0.521638270148181,-0.741694169871548,-2.29432302614691,-1.50471436721368,0.917198846868655
1464,17191,"s15","m2",-0.487383804557183,-0.806148874157554,-1.74144085031788,-2.36563873042154,1.14803949411488
1465,17206,"s15","m2",-0.526165254090069,-0.816468435935109,-1.73471461020816,-1.38403944680229,0.960884779312975
1466,17239,"s15","m2",-0.530134708178568,-0.826990864272672,-2.23448743426445,-1.52685397365335,1.42868443562033
1467,17273,"s15","m2",-0.522847315372142,-0.72486358368238,-2.02541290901839,-1.55047402693162,1.1652398741508
1468,17281,"s15","m2",-0.526982278999111,-0.860586411921214,-1.79026778870613,-1.77604058618991,1.52718613127283
1469,17297,"s15","m2",-0.493871320493393,-0.7037400549772,-2.16576143023705,-1.39486772278662,0.537125196333204
1470,17300,"s15","m2",-0.463074100644585,-0.704743388637142,-2.14369875027837,-1.45223597950922,0.818095162995298
1471,17305,"s15","m2",-0.514054232497592,-0.895078570662907,-2.07998800870478,-1.34484211253315,1.4919022810898
1472,17312,"s15","m2",-0.554195416206923,-0.657878724563824,-2.39330966431007,-1.54845460332171,0.848052484929238
1473,17313,"s15","m2",-0.521373159707332,-0.727596385637902,-2.69256446253092,-1.31797000669012,1.04857966830421
1474,17331,"s15","m2",-0.576458880923623,-0.808026033675881,-2.69294492189562,-1.27312780356783,1.64431791326648
1475,17359,"s15","m2",-0.546361310457215,-0.825629184846785,-2.43688573890354,-1.73010972207767,0.935587938949721
1476,17362,"s15","m2",-0.490465285694968,-0.773665764344158,-2.55982412969284,-1.40262313292738,1.11313730765261
1477,17365,"s15","m2",-0.417342697344452,-0.692590977355983,-2.16876086397837,-1.42966540018779,0.733154875380832
1478,17385,"s15","m2",-0.413145735907508,-0.722067804463797,-2.06387559109363,-1.3386928196814,0.823960414258024
1479,17388,"s15","m2",-0.535165362719867,-0.873750585104355,-2.66414867202977,-1.61241441484532,1.21499208082924
1480,17403,"s15","m2",-0.502613703626385,-0.803516156673213,-2.43897115967937,-1.3991169445065,1.44201976340581
1481,17410,"s15","m2",-0.597975622982094,-0.753994847689487,-2.69422646423637,-1.16013212427856,1.41833448911156
1482,17424,"s15","m2",-0.513305958401104,-0.769399236725328,-1.87618027052027,-1.37674097751634,1.0947804495531
1483,17426,"s15","m2",-0.521576438081436,-0.741303821554979,-2.0699392412345,-1.48498674327609,0.604808871329391
1484,17449,"s15","m2",-0.524273261957603,-0.779798452488299,-2.35779392961668,-1.08286068899914,0.990089728708995
1485,17465,"s15","m2",-0.554436285590956,-0.775512689493595,-2.57205846514149,-1.17275498447808,0.942615368828436
1486,17474,"s15","m2",-0.561761292776147,-0.792608767332965,-2.38310020626541,-1.35662213009112,0.803623477548658
1487,17506,"s15","m2",-0.622612413057801,-0.822294925738929,-2.25540269544113,-1.3383859517194,1.54189832400251
1488,17507,"s15","m2",-0.508027441538072,-0.819928189243298,-2.09995290949501,-1.22382296173243,1.21484979406331
1489,17509,"s15","m2",-0.529826136495365,-0.759538924859055,-2.10604789851476,-1.27266473587438,1.23513306718145
1490,17526,"s15","m2",-0.532221787157653,-0.693346020630548,-2.6053145630905,-1.39062713184862,0.9016932698643
1491,17537,"s15","m2",-0.566277262979061,-0.796654471209303,-2.41569788875519,-1.3724686567111,1.43538091488788
1492,17544,"s15","m2",-0.469415387091597,-0.754461579456711,-2.00452097136278,-1.59803826664502,1.11695840438502
1493,17561,"s15","m2",-0.471393778154474,-0.750732164240876,-2.49837902365078,-1.61578933604622,0.413746176712775
1494,17583,"s15","m2",-0.536541671641139,-0.804843403043678,-2.55441159950353,-1.75285645018614,1.00432026154685
1495,17595,"s15","m2",-0.487057546083628,-0.738821216393914,-2.18205099276149,-1.18539398512608,0.8037249641253
1496,17615,"s15","m2",-0.496587410452884,-0.762440479139573,-2.06452854133272,-1.79705063056343,0.954307244655578
1497,17624,"s15","m2",-0.4915140043162,-0.693739189808244,-2.2361354434541,-1.55803358394932,0.635678962716098
1498,17636,"s15","m2",-0.48796041303182,-0.743950508072072,-2.51942690030512,-1.28005012995186,0.821526001169134
1499,17655,"s15","m2",-0.467413915073497,-0.733110279269585,-2.26682599904625,-1.75061423014289,0.665038688415676
1500,17673,"s15","m2",-0.454910663132758,-0.776513258345071,-1.99713014533568,-1.52033218420388,0.770928672448605
1501,17702,"s15","m2",-0.531782453849303,-0.769851988900436,-2.38874794131999,-1.35452637183946,0.880885579762606
1502,17705,"s15","m2",-0.523792439510197,-0.793045900410184,-2.00740022564916,-1.41722131487702,1.22323215541812
1503,17707,"s15","m2",-0.530899444896198,-0.733293027217385,-2.12205060355219,-1.19222897372803,0.841915488334228
1504,17711,"s15","m2",-0.560721853906005,-0.771190908491359,-2.5058890345415,-1.3010349666125,1.12658116068657
1505,17717,"s15","m2",-0.47693253537501,-0.705526684563433,-2.29632115474055,-1.38246923729133,0.65621539098323
1506,17739,"s15","m2",-0.452490981414171,-0.747824462410767,-2.33742390743027,-1.29596689265448,0.64353903322781
1507,17744,"s15","m2",-0.415807414626683,-0.732325837312368,-1.87592558107786,-1.45798533917147,0.576492613958816
1508,17772,"s15","m2",-0.558372162459722,-0.741226339027053,-2.04138646395197,-1.81980330934474,0.92579188045682
1509,17780,"s15","m2",-0.482973692127917,-0.803316777057087,-2.23003521338634,-1.41671909357297,0.581316298507479
1510,17798,"s15","m2",-0.598135967726044,-0.759838969966804,-2.54789700440565,-1.5875684677381,1.66948660158509
1511,17830,"s15","m2",-0.456701987348816,-0.722990237770904,-2.32678890833976,-1.32649274861109,0.0550817212000826
1512,17832,"s15","m2",-0.534492900767113,-0.794581081773198,-2.12069358072342,-1.63970162736628,1.3463507915572
1513,17835,"s15","m2",-0.523003530079271,-0.834949704151252,-2.13732998941212,-1.76761769297334,1.54312401743883
1514,17841,"s15","m2",-0.513061418027098,-0.77772927992662,-2.08025556065008,-1.4182412067905,1.14243482085776
1515,17849,"s15","m2",-0.515686231917978,-0.719549902398804,-2.21351648473657,-1.61400889891559,0.954182397434224
1516,17880,"s15","m2",-0.567478481926242,-0.739337800866604,-2.54029938254366,-1.05324108419593,1.14497933314735
1517,17890,"s15","m2",-0.529568289685387,-0.811688926790454,-1.65948233145675,-1.60620703836952,1.32973819961941
1518,17896,"s15","m2",-0.549343612883805,-0.743569151328012,-2.69989547247407,-1.5162737269092,1.02904207655201
1519,17903,"s15","m2",-0.534040381595296,-0.845176276849089,-2.29150866225807,-1.57939115901952,1.18015661596592
1520,17907,"s15","m2",-0.541434826826001,-0.790769819350016,-2.41028356410756,-1.86037551978405,0.814516106545539
1521,17959,"s15","m2",-0.39301010585775,-0.68571155695496,-2.57417549741975,-1.39828872025679,0.245575040318469
1522,17963,"s15","m2",-0.588118016970603,-0.826744744325233,-2.59384996414329,-1.97764800491147,1.50926649595394
1523,17994,"s15","m2",-0.441819624921986,-0.756125512670154,-2.1318088740936,-1.56603390466399,1.03740445489693
1524,18008,"s15","m2",-0.61147897098359,-0.853602561540647,-2.54042544067751,-1.62747874615939,1.30091429905845
1525,18016,"s15","m2",-0.531373255916335,-0.708276065093495,-2.27992039434606,-1.50843161992933,0.979910429352895
1526,18019,"s15","m2",-0.60113890762695,-0.746887441175399,-2.57024460175437,-1.62142262975076,1.25406616652053
1527,18031,"s15","m2",-0.582261414695574,-0.808786010542514,-2.38539374760309,-1.39226435444208,1.42131130562439
1528,18034,"s15","m2",-0.515333342545696,-0.729748025495733,-2.42027390629975,-1.5097320421022,0.917747046576018
1529,18057,"s15","m2",-0.519014589844622,-0.781642410749319,-2.35728779305059,-1.47253588756101,1.02520319764025
1530,18060,"s15","m2",-0.508234915268029,-0.682650871472578,-2.37517039234667,-1.22371681369199,0.695953821340605
1531,18086,"s15","m2",-0.520246624114919,-0.759342590942301,-2.55480190833004,-1.58284906419818,0.946412442593591
1532,18087,"s15","m2",-0.564734463464357,-0.696825714075885,-2.588779715418,-1.20201207831015,1.00731000378436
1533,18090,"s15","m2",-0.494886298457778,-0.705158652414133,-2.35606884791661,-1.47016948907149,0.712908910246742
1534,18095,"s15","m2",-0.55941505947426,-0.733881285818193,-1.96240690641779,-1.17519848653343,0.862081120979821
1535,18097,"s15","m2",-0.522221695672855,-0.730935695120964,-2.18302685653479,-1.15173524121698,0.495889957131526
1536,18100,"s15","m2",-0.458008611314688,-0.704913577950425,-1.9447901646364,-1.24114446900592,0.395878732544582
1537,18108,"s15","m2",-0.599020984305142,-0.817258226391939,-2.12873101031441,-1.32419262978889,1.11925072315072
1538,18135,"s15","m2",-0.566954245851006,-0.796405764504267,-2.49395516314164,-1.49342073428497,1.03183163157738
1539,18136,"s15","m2",-0.519215912014888,-0.748681214485586,-2.0942481786583,-1.47187693611188,0.532856036893326
1540,18143,"s15","m2",-0.548259736332348,-0.739032488598826,-1.99925005327622,-1.50167907594739,0.934576449704573
1541,18149,"s15","m2",-0.516357102562755,-0.711323778673224,-2.62600832886103,-1.43989185422196,0.397743932802708
1542,18151,"s15","m2",-0.530233764100232,-0.747054226293558,-2.09189783874988,-1.15762137260073,1.20336236734568
1543,18193,"s15","m2",-0.567031813365508,-0.82821415260389,-2.71013595597207,-1.29334232128171,1.13706667178939
1544,18195,"s15","m2",-0.499093894725903,-0.794791394787154,-2.08752615441495,-1.30904430888306,0.976901657571153
1545,18198,"s15","m2",-0.511897484463322,-0.77284884734257,-2.56281349100442,-1.53712636079857,1.06505072794253
1546,18199,"s15","m2",-0.502249816253336,-0.755057254811298,-1.93170618360917,-1.38399898771964,1.52338191129067
1547,18207,"s15","m2",-0.550316202261422,-0.78124503934087,-2.1220306522959,-1.98066414654656,1.18363841960193
1548,18211,"s15","m2",-0.47609043468145,-0.828258934874593,-2.13662405847127,-1.72650643121056,1.30758905626573
1549,18224,"s15","m2",-0.577112095561743,-0.820316398374348,-2.13516501360805,-1.7515026626361,1.55602552839918
1550,18234,"s15","m2",-0.548627204117473,-0.820600635217758,-2.11068844347847,-1.42652583465529,1.26286992521418
1551,18250,"s15","m2",-0.561514508546628,-0.720459609822899,-1.97285141819753,-1.46442899059909,0.892465495067467
1552,18254,"s15","m2",-0.52355814526942,-0.717105315204743,-2.31273661240401,-1.4275560058468,0.965765247636417
1553,18269,"s15","m2",-0.436205760709657,-0.687548927371074,-2.03434761021724,-1.36860930782074,0.266230789612873
1554,18294,"s15","m2",-0.522708465581731,-0.755468167279825,-2.335275402584,-1.57700190763457,0.77072095305927
1555,18305,"s15","m2",-0.556567439514089,-0.750314136938289,-2.30119029422019,-1.23846496481913,0.97384949299474
1556,18313,"s15","m2",-0.531570838247118,-0.702915015111864,-2.28410921509174,-1.42498455056555,1.07242859689425
1557,18314,"s15","m2",-0.509719496013208,-0.735405447119224,-1.99456692195802,-1.32220300152155,0.891631865684437
1558,18333,"s15","m2",-0.486444372663707,-0.702610659988261,-2.21895283624209,-1.38079737074356,0.889384971140336
1559,18368,"s15","m2",-0.534592668953274,-0.664745584489582,-2.13075919345903,-1.42702994204507,0.473367152730161
1560,18396,"s15","m2",-0.508568337126613,-0.711962236340529,-1.92655601593831,-1.23234159272458,0.802401417461056
1561,18415,"s15","m2",-0.526482207023931,-0.852996134527532,-1.9308123658147,-1.45641105499143,1.18428826391714
1562,18430,"s15","m2",-0.56489178045178,-0.78365888083929,-2.47374636344239,-1.54688649861367,1.14641998143055
1563,18437,"s15","m2",-0.565752924158998,-0.72487684146056,-2.43829916276144,-1.01871281977177,0.775825523565681
1564,18476,"s15","m2",-0.604856318210181,-0.830607243000425,-2.04233808479295,-1.58039159985812,1.43030227031479
1565,18493,"s15","m2",-0.533122424828177,-0.823191324813763,-2.26587586411241,-1.56855669583297,0.929259885407949
1566,18501,"s15","m2",-0.555177483155201,-0.722888370498346,-2.23166565221633,-1.58737283337769,0.922234665323413
1567,18519,"s15","m2",-0.407944307371452,-0.649834793834756,-2.29888603584981,-1.46939071532771,0.0928537544077132
1568,18530,"s15","m2",-0.449440674546808,-0.728728900115878,-2.37249855748901,-1.51013275840789,0.762361517050635
1569,18533,"s15","m2",-0.49773494484299,-0.835773779420242,-2.20667755417851,-1.67404792455808,1.32641254317574
1570,18546,"s15","m2",-0.488772779053294,-0.774487764774116,-1.95735285233387,-1.66848243953412,1.07097439193649
1571,18577,"s15","m2",-0.461008624819337,-0.77209479821154,-2.50121438808647,-1.76714137156406,0.796344057148647
1572,18578,"s15","m2",-0.511434179735932,-0.76746995143224,-2.68721333008889,-1.60011641564493,0.991496667010409
1573,18616,"s15","m2",-0.551572432085392,-0.759076370997453,-2.1507476611403,-1.38100916975874,0.819746510656051
1574,18629,"s15","m2",-0.450157562254274,-0.62615495909301,-2.56724667237017,-1.54088204480049,0.607324456134586
1575,18647,"s15","m2",-0.451888441278561,-0.766346124633174,-2.01925362324612,-1.73392470252389,0.767757973194099
1576,18650,"s15","m2",-0.514790902445209,-0.787677065106387,-2.21801762021993,-1.51279333343661,1.16949964918065
1577,18656,"s15","m2",-0.466920102423869,-0.686017257490637,-2.64869926059571,-1.30930637797222,0.249957129446045
1578,18667,"s15","m2",-0.530381329696071,-0.79066874207353,-2.29990139634295,-1.05827681763084,1.30542246930481
1579,18668,"s15","m2",-0.517548605581542,-0.773012070424689,-2.10925734373064,-1.71629011197768,0.937221694533832
1580,18672,"s15","m2",-0.43102267074856,-0.766286348254671,-1.89005146556818,-1.73091443167118,1.08799577878343
1581,18674,"s15","m2",-0.51186818173867,-0.710299124880571,-2.58515540908277,-1.06409118498361,0.868502830449204
1582,18718,"s15","m2",-0.580304387661318,-0.759480321494302,-2.46107058428311,-1.47968112956709,1.15588876737442
1583,18726,"s15","m2",-0.528966700021173,-0.81879073110756,-2.33440102690945,-1.76374821909421,1.09992275976862
1584,18762,"s15","m2",-0.520244230125487,-0.781970196487548,-2.26651323188177,-1.42325236789912,0.865216436045045
1585,18771,"s15","m2",-0.572153710024073,-0.748479937036658,-2.55040261722393,-1.56945232743563,0.93140080116208
1586,18825,"s15","m2",-0.465282727778652,-0.724131292740885,-2.09784520225632,-1.12127670397832,1.17394747606036
1587,18836,"s15","m2",-0.49600796486229,-0.849718106283497,-2.04731968387148,-1.53004726365998,1.27471509582471
1588,18863,"s15","m2",-0.524411124904693,-0.836272690251665,-2.39152833577087,-1.62457908497916,1.37746881326294
1589,18865,"s15","m2",-0.539503905720116,-0.743257385506645,-2.11507163024453,-1.6808146832374,1.24757829942838
1590,18867,"s15","m2",-0.498970092503777,-0.786466536869485,-2.29178035342188,-1.4742847216168,1.19790454923917
1591,18894,"s15","m2",-0.51274750239629,-0.729209623410084,-2.33979451105585,-1.2069034721288,1.33442883324818
1592,18923,"s15","m2",-0.541089001313986,-0.753978316157163,-2.06885587572433,-1.53639301178485,0.892705489893407
1593,18926,"s15","m2",-0.541566491510254,-0.746433286198046,-2.2242960239675,-1.6271776092335,0.724777656864028
1594,18939,"s15","m2",-0.513962337754327,-0.764991471924711,-2.13101536598639,-1.23663137700133,1.27533847920772
1595,18947,"s15","m2",-0.520796204877423,-0.804115291998114,-2.127329313562,-1.81412388593274,0.906456148595122
1596,18951,"s15","m2",-0.50156178805534,-0.756882520671435,-1.97572577349025,-1.63965283162977,1.01091748048484
1597,18955,"s15","m2",-0.524485461950208,-0.74278706146297,-2.27667744065624,-1.11065991433041,1.05239030029075
1598,18956,"s15","m2",-0.474919917199844,-0.722380711519475,-2.14380851740138,-1.43004273107842,0.748095452081397
1599,18958,"s15","m2",-0.498391621919999,-0.773236780695538,-1.57543684945593,-1.62831255109503,1.07885120527388
1600,18978,"s15","m2",-0.551027998002876,-0.701974901101757,-2.1061828732054,-1.68638080775221,0.766421696395775
1601,18983,"s15","m2",-0.547005312422469,-0.812929157497353,-2.0692995069512,-1.32339743628185,1.11741189887842
1602,18987,"s15","m2",-0.524697913849369,-0.82401752849432,-1.96939324553082,-1.48054911639984,1.21319368626408
1603,19009,"s15","m2",-0.55517492658451,-0.678217010383291,-2.34237189445765,-1.36367986031896,0.998054365637423
1604,19017,"s15","m2",-0.529540341052795,-0.804240481075069,-2.28176078268446,-1.57476445749049,1.18171070086847
1605,19022,"s15","m2",-0.543417245738662,-0.769261437933699,-2.20336722097138,-1.47474095625623,0.842011996609682
1606,19069,"s15","m2",-0.542268838844027,-0.760480182188909,-2.17907259150605,-1.87674277049353,1.23406535319181
1607,19072,"s15","m2",-0.597590892485964,-0.821370847013132,-2.17202834169125,-1.73578506452786,1.42493601635715
1608,19073,"s15","m2",-0.532044961894051,-0.742291912655609,-2.12062925371761,-1.55343568171916,0.842381169125598
1609,19075,"s15","m2",-0.495237343589105,-0.71805253819287,-1.98357745488658,-1.7375079269181,0.888308622264873
1610,19103,"s15","m2",-0.52251330529016,-0.774560758620897,-2.54370787372546,-1.63122022563434,0.814831648091977
1611,19107,"s15","m2",-0.59528123801864,-0.781733778181802,-2.17025649583536,-1.42003340007667,1.46436703085833
1612,19119,"s15","m2",-0.610623994324214,-0.782968963930326,-2.79708867247067,-1.55168017313412,1.06681649740198
1613,19120,"s15","m2",-0.534570452053066,-0.759576276110546,-1.9726928551758,-1.35135129862629,1.10412229443418
1614,19124,"s15","m2",-0.546234566357401,-0.76800337260822,-1.94009315109962,-1.82692343695338,1.15482462187389
1615,19138,"s15","m2",-0.519779854030351,-0.838036757236807,-1.95916974846575,-1.43627343701404,1.22433008301636
1616,19140,"s15","m2",-0.474850675960904,-0.730233418489918,-1.91031844245541,-1.7610907163233,0.528661047708346
1617,19156,"s15","m2",-0.546712396671568,-0.742589432810961,-1.99205757184044,-1.61122184138859,0.836454203758564
1618,19159,"s15","m2",-0.566609234023369,-0.824127435731434,-2.62148047559295,-1.33629857502422,1.35569348734598
1619,19176,"s15","m2",-0.530943666881904,-0.849888066005059,-2.05072387247902,-1.60122542161933,1.60149019579341
1620,19186,"s15","m2",-0.591052358713925,-0.768091888693339,-2.27362303659028,-1.4757067840685,0.919849850949928
1621,19210,"s15","m2",-0.443509711357279,-0.815086821274003,-2.07280479977159,-1.6558910641987,1.30844960577624
1622,19219,"s15","m2",-0.522118735208727,-0.769020034714101,-1.97106894030743,-1.67479430495267,0.829436932157346
1623,19224,"s15","m2",-0.577433471761709,-0.762469289868459,-2.07482639680435,-1.85910056048136,1.04482423958294
1624,19256,"s15","m2",-0.389263722585214,-0.716783893388885,-1.97715133733927,-1.78917852500545,-0.0440976311255775
1625,19259,"s15","m2",-0.61934293318475,-0.72125092944054,-2.27813332771579,-1.30966256790653,0.818187760689435
1626,19276,"s15","m2",-0.573101329452681,-0.79470575217577,-2.38273510955364,-1.16420817351829,1.19396409888395
1627,19285,"s15","m2",-0.545591550977515,-0.682557951621173,-2.31205978190853,-1.40184785044991,0.473860195502488
1628,19288,"s15","m2",-0.537623350267339,-0.772199216527549,-2.52414753678833,-1.52238485753768,1.3687549964183
1629,19294,"s15","m2",-0.431023147334994,-0.69338526944701,-2.05506845413665,-1.26638843249916,0.852486278679902
1630,19296,"s15","m2",-0.568293680097601,-0.708594197830992,-2.82070329331903,-1.28226285941882,0.651015232620439
1631,19306,"s15","m2",-0.616557547231891,-0.697321580114065,-2.28465345048707,-1.30799730972512,0.728613883071157
1632,19309,"s15","m2",-0.502186964328428,-0.729760490180387,-2.56598834740542,-1.5112979647697,0.95585225757073
1633,19312,"s15","m2",-0.438599102161472,-0.762418299301258,-1.73959210787113,-1.96104366501077,0.693744073577501
1634,19319,"s15","m2",-0.526339747275044,-0.770516878820377,-2.11961617157084,-1.54965690903172,0.987475374118484
1635,19322,"s15","m2",-0.413962623108226,-0.678370140987272,-1.92963772012984,-1.6005178364359,0.531979806147214
1636,19326,"s15","m2",-0.504056666189077,-0.731659037416224,-2.00212736687392,-1.34013460968655,0.990353224764678
1637,19331,"s15","m2",-0.568991179518812,-0.842586126598768,-2.09359739806886,-1.85542914219759,1.12171133656058
1638,19343,"s15","m2",-0.547834408114196,-0.68954574838748,-2.2198305460883,-1.61111770757879,0.0420143705169975
1639,19368,"s15","m2",-0.513741217940832,-0.737352441996858,-2.28060062896274,-1.30873534831781,0.975918041553927
1640,19384,"s15","m2",-0.606667159184425,-0.768749769620661,-2.2739639796337,-1.6612672068043,1.0132172101811
1641,19391,"s15","m2",-0.564253182900099,-0.792401058078612,-2.02606879196577,-1.53958752716216,1.26665175796951
1642,19394,"s15","m2",-0.494557773405285,-0.77887772643246,-1.90133413644176,-1.49544662142642,1.00705470435356
1643,19397,"s15","m2",-0.54804846298004,-0.731160046553511,-2.17458161453243,-1.34400530524059,1.001989649919
1644,19405,"s15","m2",-0.589172736783555,-0.816735930698184,-2.01063348609927,-1.72691713380155,1.609429002782
1645,19413,"s15","m2",-0.509216762102554,-0.797689220712754,-2.15923278464994,-1.36550912872849,1.27797574552059
1646,19467,"s15","m2",-0.582710058720287,-0.751192444405316,-2.24855991042648,-1.49661852220978,1.29961295562816
1647,19474,"s15","m2",-0.527953694514301,-0.75670497262341,-2.93758300939984,-1.53726950153444,0.870219113348287
1648,19481,"s15","m2",-0.463528116648175,-0.732030088545916,-2.00898158450321,-1.15083561050309,0.875789235673767
1649,19485,"s15","m2",-0.436951442935095,-0.702687976601626,-2.67075628574622,-1.60951216171648,0.320752333821955
1650,19512,"s15","m2",-0.512500519432468,-0.874882914545517,-2.11226225123227,-1.45302459848526,1.27719752489376
1651,19520,"s15","m2",-0.502406295418029,-0.843612499383339,-1.93099589996979,-1.86894400237466,1.11836395205464
1652,19551,"s15","m2",-0.518669696559795,-0.805692205044453,-2.46738459442992,-1.28813156121603,1.16427514513705
1653,19554,"s15","m2",-0.498057202769902,-0.714972205163678,-1.80754062790855,-1.43711545413959,1.16046856448225
1654,19556,"s15","m2",-0.507499504102677,-0.799575697608822,-2.30088008524404,-1.35686038524608,1.46691714147817
1655,19569,"s15","m2",-0.542118667068609,-0.820990926676237,-2.60227974041603,-1.17315224573451,1.42863504977411
1656,19586,"s15","m2",-0.536676048213779,-0.726689717739893,-2.21693527800574,-1.40181911630515,0.61987644806699
1657,19587,"s15","m2",-0.556142001307823,-0.709731082450384,-1.76961552490564,-1.58528803822632,0.995523802780843
1658,19595,"s15","m2",-0.547709150141267,-0.767246781223387,-2.48568806386651,-1.1726588205152,0.801582833521533
1659,19616,"s15","m2",-0.592510182685721,-0.731542070091255,-2.41640912998203,-1.14776261716852,0.831513380677434
1660,19632,"s15","m2",-0.467148920475681,-0.763546269870355,-1.90014616582495,-1.67440044338268,0.777212255779547
1661,19644,"s15","m2",-0.567983019404643,-0.799692790139177,-2.31272151682516,-1.36367891935473,1.34025818841927
1662,19664,"s15","m2",-0.550496056773309,-0.709717986525305,-3.20573563216054,-1.91455364618225,1.00907002215177
1663,19671,"s15","m2",-0.515292099420186,-0.816476162871671,-2.37349488430208,-1.82635305584127,1.07649623058169
1664,19679,"s15","m2",-0.481606530981339,-0.737202994253758,-2.34908758274938,-1.33193582406302,0.637623078485689
1665,19684,"s15","m2",-0.491993485136905,-0.758703731242444,-1.80870012662514,-1.50404251252164,0.712820020309247
1666,19688,"s15","m2",-0.530033601018567,-0.757500746706967,-2.26099571527208,-1.16965871728147,0.516601186762281
1667,19721,"s15","m2",-0.508793837996081,-0.77244420241771,-1.86602814027569,-1.6248887390934,1.04266500224858
1668,19736,"s15","m2",-0.563412563245255,-0.839984755300978,-2.55081334164196,-1.76218246845638,1.37668188307293
1669,19746,"s15","m2",-0.528001046779448,-0.864535315489583,-2.179920158597,-1.76799810813731,1.12422014838144
1670,19752,"s15","m2",-0.486225662171634,-0.72840880407816,-2.31209858951145,-1.63150293523814,0.694310826168774
1671,19753,"s15","m2",-0.485744719468367,-0.757491135271985,-2.07001868813789,-1.5314679116337,0.98924547128248
1672,19766,"s15","m2",-0.54046494686031,-0.775458061141236,-2.18314017076332,-1.65142873881469,0.951205135081293
1673,19798,"s15","m2",-0.50656877295447,-0.821958468723561,-2.23940663711479,-1.61614342134431,1.52205183420513
1674,19806,"s15","m2",-0.567800513836375,-0.78859720016211,-2.3142915115986,-1.19500033409743,1.32515619335862
1675,19814,"s15","m2",-0.515153059424661,-0.838051644516535,-2.79794917325322,-1.34255676259866,1.38056537791787
1676,19831,"s15","m2",-0.47956733698035,-0.786828249759558,-2.3805920353241,-1.71504518045095,1.42877983151644
1677,19847,"s15","m2",-0.488866047588357,-0.778447918053259,-1.76448157429842,-1.51243426452948,0.976969921902942
1678,19869,"s15","m2",-0.480323834938141,-0.815000779212606,-1.84597450155954,-1.30412567973037,0.577362896037304
1679,19871,"s15","m2",-0.555043011612838,-0.831285767222468,-2.35314404874175,-1.55683515769119,0.810824976133758
1680,19878,"s15","m2",-0.479312252671891,-0.746807696245819,-2.22768227155957,-1.73413085533072,1.10895414411892
1681,19886,"s15","m2",-0.529390432491369,-0.808392571739025,-2.08710946887747,-1.45705389007178,1.1212267763929
1682,19887,"s15","m2",-0.507045330959369,-0.765458531946165,-2.452477988076,-2.16229649155084,1.13757256424824
1683,19892,"s15","m2",-0.49787713137089,-0.782290768312136,-2.43070204629815,-1.34166431538972,0.815415880115655
1684,19896,"s15","m2",-0.484278933327352,-0.828000390631719,-2.26114966638732,-1.30427370878352,0.822129359629839
1685,19897,"s15","m2",-0.490804447285664,-0.731414332074755,-2.05221755960924,-1.78705938130962,0.879413590427577
1686,19910,"s15","m2",-0.49609983708687,-0.754316909255712,-2.21810754368513,-1.60692244986768,0.732670279350814
1687,19913,"s15","m2",-0.581806721328472,-0.795837454235916,-2.25402968427515,-1.72657373115328,1.08501366794561
1688,19916,"s15","m2",-0.601184846772237,-0.794304811890459,-2.4765018050724,-1.74735194839645,1.1184344161212
1689,19918,"s15","m2",-0.48385043242852,-0.752513153532544,-2.41070197943968,-1.40659804468319,1.00756734331738
1690,19921,"s15","m2",-0.56709924080025,-0.815251883550142,-2.40505987695941,-1.85479482928969,1.36152168953457
1691,19934,"s15","m2",-0.604682120100672,-0.8096195993005,-2.32574324417565,-1.33431305407456,1.43912457962438
1692,19936,"s15","m2",-0.520291954450285,-0.794911510592693,-2.21648320766928,-1.53901875602028,1.20005912143235
1693,19945,"s15","m2",-0.45471476124801,-0.749037276737704,-2.53904024284507,-1.40564623886368,0.746364742275709
1694,19962,"s15","m2",-0.584425979059964,-0.692699428397542,-1.98319932301998,-1.46380680380011,0.772432148601694
1695,19972,"s15","m2",-0.582148116854701,-0.785609557736098,-2.19832433402179,-1.84112988983143,1.40903325748739
1696,19996,"s15","m2",-0.45929481477689,-0.734266897456234,-2.45078740957132,-1.56526532323895,0.376169821782971
1697,20013,"s15","m2",-0.503251588511893,-0.732068791921941,-2.21583545588748,-1.60163494641564,0.855074423493693
1698,20023,"s15","m2",-0.513444811156626,-0.769586036388001,-1.57426972081055,-1.24957691311624,0.712237537703793
1699,20026,"s15","m2",-0.573493263373316,-0.776707790216767,-2.44299787833677,-1.6128014404189,1.08693324362173
1700,20029,"s15","m2",-0.571164323263263,-0.811565590857064,-2.10527668848139,-1.75159849944319,1.26034871974578
1701,20034,"s15","m2",-0.501911515732963,-0.778895324091327,-1.9735840659473,-1.2385304283312,0.961352507928417
1702,20036,"s15","m2",-0.526514028852609,-0.806393761030812,-2.23383037390378,-1.82791274594586,0.965707296723383
1703,20080,"s15","m2",-0.481164728086224,-0.695737291969356,-2.82346410265209,-1.48690495226927,0.845615169568259
1704,20087,"s15","m2",-0.42638604251817,-0.669214677614405,-2.18847999918849,-1.38565753965185,0.49491350839395
1705,20090,"s15","m2",-0.536304108312231,-0.770372403417411,-2.00165051715138,-1.34321784695925,1.15531182700468
1706,20103,"s15","m2",-0.519349285110576,-0.770263786730575,-2.31470413247678,-1.49555679513476,0.926813771705816
1707,20108,"s15","m2",-0.520558455269705,-0.841541397863615,-2.05108806490315,-1.43398986744904,1.31535812557181
1708,20113,"s15","m2",-0.589601413500597,-0.801048429528022,-2.61591922858818,-2.01495514514466,1.30809261633559
1709,20116,"s15","m2",-0.538934543608089,-0.749911722872148,-2.276827644069,-1.42019012428408,0.72096483432141
1710,20156,"s15","m2",-0.57910602200339,-0.852301287486518,-2.44492537805515,-1.5146308906593,1.41353947712038
1711,20161,"s15","m2",-0.581645755807539,-0.724985647187103,-2.46360741576178,-1.28909867806219,1.16770302236318
1712,20166,"s15","m2",-0.501329168318498,-0.758607616196013,-2.39607483462422,-1.78145541262144,0.835935701619142
1713,20214,"s15","m2",-0.504111638889289,-0.794118578695849,-1.97154829960826,-1.45349554478453,0.710339047094419
1714,20237,"s15","m2",-0.578261444480208,-0.804795241084536,-1.81825521845524,-1.41261256975246,1.73438989862683
1715,20239,"s15","m2",-0.549154641685365,-0.819797559674826,-2.33464789406962,-1.79033689039842,1.13270943139946
1716,20241,"s15","m2",-0.527095862189498,-0.692220144049612,-1.81953317221666,-1.08971479771479,0.526701407710614
1717,20245,"s15","m2",-0.554809799009058,-0.791622462631173,-2.30630331537946,-1.43889829310879,1.36727403886475
1718,20272,"s15","m2",-0.522558051908368,-0.780450614937491,-2.17465738480694,-1.71249773038458,1.23581058068988
1719,20287,"s15","m2",-0.550773477161045,-0.794060466446496,-2.04547905718219,-1.69585031332667,1.56031084849418
1720,20290,"s15","m2",-0.418362912030726,-0.68332885172735,-2.22581860726365,-1.46858383328539,-0.0117347314182001
1721,20294,"s15","m2",-0.492455864339239,-0.737873557404266,-2.37760810307544,-1.77493485479697,0.976661193913505
1722,20300,"s15","m2",-0.477053051271256,-0.716630591689534,-2.60583168682042,-1.18473739484616,0.526021741454696
1723,20325,"s15","m2",-0.541601212533298,-0.730327233126185,-1.70548332564027,-1.44941237197847,0.75138666390888
1724,20331,"s15","m2",-0.540943424272306,-0.754966724631444,-1.88400119977558,-1.38462929672902,1.32619139813773
1725,20351,"s15","m2",-0.579209285277647,-0.733562277548689,-1.90222519265774,-1.83714703918073,1.28498410259604
1726,20360,"s15","m2",-0.481714788595719,-0.711935834897575,-2.33305735459256,-1.61795014795703,0.327599411687381
1727,20362,"s15","m2",-0.535024851115098,-0.755536999977322,-2.48715175150353,-1.25035172899958,1.00905783058783
1728,20370,"s15","m2",-0.503980252331127,-0.79812219637136,-2.05779100640678,-1.58764829846719,1.1057173364669
1729,20387,"s15","m2",-0.597902738128727,-0.804751478729198,-2.64619355480504,-1.89635499057398,1.12970663427605
1730,20388,"s15","m2",-0.53401622092377,-0.720852662455113,-2.88147295909668,-1.30945948529545,0.755058196967877
1731,20428,"s15","m2",-0.505928159071115,-0.829812721706538,-1.97777002460894,-1.53061898010458,0.972205090027213
1732,20444,"s15","m2",-0.56924452746853,-0.742319528658544,-2.36327504868423,-1.57510678292401,1.44193916595393
1733,20448,"s15","m2",-0.507105514521691,-0.849517065651748,-2.82726420210079,-1.45522176869393,1.25144330517239
1734,20451,"s15","m2",-0.530784941610036,-0.749314448670576,-2.24179776447592,-1.51999775860297,0.723775742593861
1735,20472,"s15","m2",-0.526137337189981,-0.808202543544493,-2.54547973177387,-1.23773922423297,1.24459051085415
1736,20486,"s15","m2",-0.510941540688828,-0.722953022546918,-2.28618324489003,-1.51087911072006,0.755015051645455
1737,20490,"s15","m2",-0.546528513966905,-0.72207550752242,-2.27762444670824,-1.3856057719073,0.982438328953584
1738,20508,"s15","m2",-0.429305090606877,-0.684380374694684,-2.38989228022822,-1.55911630737604,0.364113304766021
1739,20511,"s15","m2",-0.578248736715225,-0.74222893827313,-2.26261552510747,-1.55973696646459,1.18243561454326
1740,20513,"s15","m2",-0.534501000724735,-0.804949141022786,-2.29851875509842,-1.44918653501828,1.06429308161287
1741,20514,"s15","m2",-0.590219904686854,-0.771339032319995,-2.42814857136908,-1.31537742197415,1.22444503437344
1742,20533,"s15","m2",-0.498223531705893,-0.718039955069475,-2.47023966352272,-1.28049608785517,0.904662938971602
1743,20556,"s15","m2",-0.488735795014141,-0.844648031906653,-1.84064709075166,-1.95122697079097,1.3189858062201
1744,20562,"s15","m2",-0.523063331097876,-0.77636631356099,-2.03375297281074,-1.55337387882703,0.732315400734833
1745,20568,"s15","m2",-0.541711105213243,-0.694593797820426,-2.35339390517026,-1.35623987686467,0.375920437514097
1746,20600,"s15","m2",-0.616783869536213,-0.776541818054235,-2.79467637999165,-1.54819088494246,1.06933168934548
1747,20609,"s15","m2",-0.565998666096672,-0.79384766498843,-2.58366910833231,-1.81106696374811,0.936671168094223
1748,20618,"s15","m2",-0.543073663599406,-0.781033620825266,-2.03262673844545,-1.5778104377602,0.881653940001565
1749,20625,"s15","m2",-0.533951589970089,-0.764860609767528,-2.3859928560592,-1.43632838119826,0.882990446655533
1750,20657,"s15","m2",-0.542315770158652,-0.709165952827838,-2.50829863943647,-1.65126149474311,0.443995737968779
1751,20682,"s15","m2",-0.531483680819377,-0.743773076200179,-2.43800810811617,-1.50983421832391,0.947121744416496
1752,20716,"s15","m2",-0.440708010378992,-0.725808310015917,-2.37311182113196,-1.55249293039978,0.926731943779239
1753,20719,"s15","m2",-0.522742380555662,-0.788265156838788,-1.93665595717335,-1.43594541797121,1.33668233542481
1754,20723,"s15","m2",-0.476605696952523,-0.794324843224856,-2.16358917275691,-1.18592827073907,0.951931163527065
1755,20746,"s15","m2",-0.556700625080802,-0.791152882360758,-2.00705837198388,-1.31049046273135,0.983116301592122
1756,20750,"s15","m2",-0.434644818698448,-0.746485572858247,-2.39377331332538,-1.94809855725281,0.925956611450088
1757,20753,"s15","m2",-0.547973653204267,-0.7169617145318,-2.41633106009319,-1.51509988503209,0.848802850191153
1758,20763,"s15","m2",-0.570616501086832,-0.824865001389968,-2.04566824267131,-1.60250333100628,1.04361051697001
1759,20768,"s15","m2",-0.510101407633821,-0.812271772280467,-2.37363934666345,-1.31517618155251,0.994042588776519
1760,20790,"s15","m2",-0.472223185686686,-0.759491668381116,-2.20095982587221,-1.29210881404233,0.50475386936295
1761,20811,"s15","m2",-0.498790673454162,-0.771931218211227,-2.22903749879859,-1.62391938310825,0.742742374128389
1762,20821,"s15","m2",-0.54110356457063,-0.784272885282236,-2.12522217244426,-1.8500686670685,1.22948723639316
1763,20823,"s15","m2",-0.499654575091089,-0.783022545010983,-2.38662104504504,-1.64117312539617,0.978200556918311
1764,20828,"s15","m2",-0.53931822116915,-0.788185919412909,-2.22755737330021,-1.73907085678226,0.906233832457551
1765,20831,"s15","m2",-0.495040552737622,-0.774315474272974,-2.02094066814422,-1.70473117771563,0.859273552661846
1766,20852,"s15","m2",-0.57374758828535,-0.765865110501691,-2.94406199448499,-1.49553263093901,1.47340426714654
1767,20883,"s15","m2",-0.553564566096986,-0.7192792388957,-2.1575289213508,-1.30643717100453,0.681535320436264
1768,20886,"s15","m2",-0.48005760938456,-0.789655939593887,-2.27838059442697,-1.24788907834721,0.923847906179599
1769,20891,"s15","m2",-0.496510488501334,-0.692053956376921,-2.16521041127604,-1.73374110669749,0.293680742242806
1770,20905,"s15","m2",-0.583131165681144,-0.838506293552824,-2.22159512908282,-1.82178751225554,1.39360751012047
1771,20910,"s15","m2",-0.542138910728596,-0.785541482190489,-1.93191924952791,-1.60706749911883,1.24874205959221
1772,20912,"s15","m2",-0.544931166521763,-0.79932906674828,-2.19527641262521,-1.62526544766771,1.36893302134549
1773,20928,"s15","m2",-0.530126038890573,-0.763429502314366,-2.17998707231283,-1.54754367621837,1.15107073461884
1774,20946,"s15","m2",-0.408367921831904,-0.716123064709648,-1.90791136812286,-1.34179282417806,0.24450830987171
1775,20956,"s15","m2",-0.549443698305484,-0.746771876190317,-2.57305477672209,-1.84072541338276,0.789622856827251
1776,20967,"s15","m2",-0.506006069868351,-0.680167237918114,-2.59164170186458,-1.28070528385783,0.611085038278142
1777,20973,"s15","m2",-0.587402921524141,-0.850633228185536,-2.29350449803151,-1.55832157776659,1.72018505967094
1778,20981,"s15","m2",-0.514031985827918,-0.71450168766446,-2.12713833819539,-1.28110408409813,1.0700490725644
1779,20996,"s15","m2",-0.558668924337793,-0.830465742627108,-2.43935894378095,-1.73550331111459,1.04808662435367
1780,20997,"s15","m2",-0.491128097223053,-0.74957606478588,-2.03325753973049,-1.50139557433038,0.968781299710101
1781,21012,"s15","m2",-0.461508455547166,-0.740820237482704,-2.13008979449157,-1.35306566422188,0.84123955746605
1782,21013,"s15","m2",-0.502449095288923,-0.79870231460348,-2.41057278617415,-1.23737552929165,1.4413213754219
1783,21016,"s15","m2",-0.488513424237782,-0.72713444034659,-1.98440319129387,-1.54609915252895,0.485198413724828
1784,21033,"s15","m2",-0.460345488241074,-0.747494136670331,-2.63330262961108,-1.21935775342819,0.882482067401562
1785,21054,"s15","m2",-0.478499061822593,-0.718164284526969,-2.10171679132398,-1.40043346136852,0.850733243349256
1786,21073,"s15","m2",-0.499046761540567,-0.72625363425058,-2.26718718020698,-1.56705634395423,1.13028450638716
1787,21080,"s15","m2",-0.496456957067638,-0.76713860671183,-2.13913218917338,-1.31489958285081,1.00656883472057
1788,21086,"s15","m2",-0.529561264775311,-0.788852562228968,-2.31124256506075,-1.3828240072296,1.04089671266887
1789,21095,"s15","m2",-0.5271945762061,-0.807485852904019,-2.4966491903065,-2.0903774356355,1.05986300063387
1790,21100,"s15","m2",-0.511152774535747,-0.746714344689602,-1.95779253945595,-1.30566648830035,1.01180011849917
1791,21106,"s15","m2",-0.470796249458516,-0.720225322089887,-2.08062377938874,-1.63063984146919,0.708656925069047
1792,21119,"s15","m2",-0.546497356624496,-0.725018960391254,-2.23259941337144,-1.52220977997439,1.04218555407953
1793,21141,"s15","m2",-0.588274923353483,-0.712426669721871,-2.1500286829108,-1.36246740254654,0.836836468300521
1794,21155,"s15","m2",-0.498088231942829,-0.742180482361991,-1.86964841266526,-1.32996548405673,0.654476095944522
1795,21161,"s15","m2",-0.527347303788722,-0.671976720032818,-2.0103881077133,-1.4696496028975,0.678251157872427
1796,21167,"s15","m2",-0.428498249698388,-0.759405683812573,-1.98500575548748,-1.38114969679796,0.771900593067146
1797,21169,"s15","m2",-0.532775247962898,-0.83262781151016,-2.22221209890224,-1.4749952502677,1.22773119856071
1798,21172,"s15","m2",-0.515271887643408,-0.776440054549719,-2.58617546530167,-1.6393552836808,0.878669835608274
1799,21187,"s15","m2",-0.512528758748885,-0.722805493059662,-1.90548549164407,-1.31632659883765,1.17786746612905
1800,21193,"s15","m2",-0.531986636409858,-0.702693228479387,-2.34714026989714,-1.45193815107792,0.442883825021281
1801,21197,"s15","m2",-0.499940704059132,-0.775399376466112,-2.04405105792926,-1.71333717884681,0.905262892737206
1802,21206,"s15","m2",-0.497075493997921,-0.848840760637958,-2.04446592661137,-1.89346367663258,1.38456342105777
1803,21209,"s15","m2",-0.508663027853615,-0.689821464296277,-2.33435236423724,-1.51103558772613,0.579674508192675
1804,21213,"s15","m2",-0.52945503006409,-0.719633405259196,-2.38555314483112,-1.4961944201246,0.39861215912754
1805,21216,"s15","m2",-0.483306303888559,-0.688317241657679,-2.26930046122129,-1.36615616508818,0.891672099958998
1806,21225,"s15","m2",-0.530627555238601,-0.732415108529741,-2.18752365633961,-1.21494134771586,1.04385200761513
1807,21227,"s15","m2",-0.522697883412211,-0.759221869632264,-2.01809336754904,-1.92925549811723,1.25123114207925
1808,21228,"s15","m2",-0.491046676960371,-0.720374623668513,-2.10723156747426,-1.4545398630402,0.996537923267798
1809,21250,"s15","m2",-0.571274600335158,-0.830107548618016,-2.0458274263042,-1.574421536363,1.50352890448377
1810,21267,"s15","m2",-0.549983560682207,-0.725774587207276,-2.09701063677197,-1.35598493846888,0.816407988400389
1811,21286,"s15","m2",-0.444440141270684,-0.765131853288015,-2.17134472470364,-1.42078047090686,0.819989699665973
1812,21292,"s15","m2",-0.548486809990422,-0.779686131495965,-2.473178566414,-1.29285085669689,1.29700789119997
1813,21293,"s15","m2",-0.504134221149354,-0.751809686010675,-1.79051227737016,-1.93990108539873,0.116321447895077
1814,21297,"s15","m2",-0.545117995131154,-0.781558775044278,-2.25334546068329,-1.28830425462201,0.934931330612629
1815,21361,"s15","m2",-0.42758461443183,-0.711541335428346,-1.89022969039982,-1.16058153465079,0.601061393064401
1816,21371,"s15","m2",-0.551295954590963,-0.68171837167497,-2.05731511441429,-1.62781659067202,0.777684191253962
1817,21378,"s15","m2",-0.597529437331297,-0.8233083266768,-2.04137860430125,-1.95159688428249,1.84097650935312
1818,21379,"s15","m2",-0.450882654852146,-0.707630300573757,-2.10214279903221,-1.25582172096495,0.485143094862444
1819,21394,"s15","m2",-0.541918248335566,-0.779216010937164,-2.10749754675298,-1.65435160050222,1.32894130800458
1820,21400,"s15","m2",-0.498816678123922,-0.834809646655866,-2.60551039601633,-1.60599547073188,1.34810919121347
1821,21452,"s15","m2",-0.520527359856152,-0.799043294347958,-2.57577273624,-1.51417461883013,0.996076226441121
1822,21456,"s15","m2",-0.575084884294959,-0.820669415128909,-2.44692024253157,-1.73757371424493,0.875098783650803
1823,21475,"s15","m2",-0.567301525595727,-0.734973104536152,-2.88299965596934,-1.42001410331253,1.06241257811886
1824,21519,"s15","m2",-0.494711622128945,-0.726037063157881,-2.19145783421749,-1.25642297905172,0.764148068314162
1825,21523,"s15","m2",-0.532982066740522,-0.798708373285428,-2.44231279592843,-1.67354388806491,1.11309735538792
1826,21528,"s15","m2",-0.510179877069137,-0.855329190476584,-1.87098322132067,-1.30951268078347,1.46078844643635
1827,21531,"s15","m2",-0.537876432032085,-0.734201245252762,-2.34778736277638,-1.71025920051172,0.70069621312983
1828,21554,"s15","m2",-0.56071970168382,-0.838084898723497,-2.37330885931327,-1.5214986225318,1.14908020619386
1829,21555,"s15","m2",-0.490093564968737,-0.712899318815309,-2.33836361525341,-1.46183339234403,0.811502572867723
1830,21563,"s15","m2",-0.518423844897145,-0.784419453980566,-1.97086368071897,-1.50179391824761,1.3095145418448
1831,21567,"s15","m2",-0.544301636702336,-0.742341948652007,-1.74072134836243,-1.09648087626669,1.0599681102942
1832,21568,"s15","m2",-0.457057162435764,-0.692819843911798,-2.19828081689306,-1.09017681305126,0.665594477342611
1833,21599,"s15","m2",-0.52587563587883,-0.739016715889914,-2.30313175221411,-1.12487735789608,1.05057562219669
1834,21602,"s15","m2",-0.599358815063631,-0.838287636056291,-2.73432762299037,-1.65966419160777,1.54472428479797
1835,21603,"s15","m2",-0.514563242598797,-0.745950853144053,-1.89930424269391,-1.19073453624074,0.654399355356353
1836,21612,"s15","m2",-0.465048260739777,-0.762011288236948,-2.48196507692287,-1.58549335908338,0.820021415136226
1837,21629,"s15","m2",-0.540339668225873,-0.746480551768385,-2.12730177550639,-1.40056628817093,1.58718554728825
1838,21635,"s15","m2",-0.51895284689179,-0.678494741293564,-2.55419368786095,-1.30112613114226,0.651415184323956
1839,21636,"s15","m2",-0.537751082327504,-0.791016321188571,-2.0948057001522,-2.1476293181947,0.99137239495663
1840,21652,"s15","m2",-0.519923028237659,-0.776221832979442,-1.59486849149397,-1.48891524717958,1.36737465844321
1841,21677,"s15","m2",-0.568331496830782,-0.789011915292875,-2.15999588019803,-1.60976786706432,1.54345607012713
1842,21682,"s15","m2",-0.578751030387334,-0.787369697643269,-2.19024414465704,-1.57687241855723,0.998221529507935
1843,21715,"s15","m2",-0.546508064305691,-0.745009269697823,-2.25277069718248,-1.77704413424278,1.04935657765683
1844,21726,"s15","m2",-0.528751319689128,-0.649689788326749,-2.08244911194001,-1.49797650360224,0.411385235063722
1845,21733,"s15","m2",-0.64013523192536,-0.806495356586572,-2.554685583711,-1.69377434114404,1.30483050630115
1846,21749,"s15","m2",-0.476323553520879,-0.730012785435231,-2.19372405829766,-1.56181860926017,0.909047534801416
1847,21767,"s15","m2",-0.5297857178009,-0.781357420778202,-1.93983498121328,-1.60778105579875,1.07891836160415
1848,21771,"s15","m2",-0.545516168575047,-0.759206967466879,-2.43994908084532,-1.32457795606152,1.03065596393029
1849,21775,"s15","m2",-0.507333039324189,-0.732995513400261,-2.55731983117451,-1.84616583721486,0.607975664307663
1850,21781,"s15","m2",-0.511851255102345,-0.719655290526687,-2.2681883029032,-1.45913895303006,0.735608109515429
1851,21788,"s15","m2",-0.455389559663327,-0.754588419633366,-1.8408498009671,-1.43389153707514,0.661821631095061
1852,21790,"s15","m2",-0.460862721285474,-0.813076504046904,-2.58963759263707,-1.49069840771015,0.586863388678996
1853,21809,"s15","m2",-0.511600439322178,-0.751740717638612,-2.16911546857116,-1.61746043295741,0.93094277845803
1854,21811,"s15","m2",-0.642701293798023,-0.782831567106174,-2.56725461605805,-1.36397145794916,0.822502882904127
1855,21821,"s15","m2",-0.537927508793776,-0.781198205679668,-2.29484776050254,-1.73373449229881,0.397257695682877
1856,21824,"s15","m2",-0.528280988811305,-0.774618189501153,-2.31930790225025,-1.47281479952703,0.927850908322638
1857,21853,"s15","m2",-0.55383892996101,-0.750354092905645,-2.09630350531412,-1.82592570292062,1.3440442673806
1858,21854,"s15","m2",-0.562767205685461,-0.750463616846084,-2.38414803916037,-1.48448796096771,1.29262252960434
1859,21858,"s15","m2",-0.492083721814612,-0.680905868431896,-1.940376052676,-1.70553101705823,0.240974205878618
1860,21866,"s15","m2",-0.526932949832941,-0.850398830030316,-1.97970578269478,-1.59984149861283,0.912821598708031
1861,21875,"s15","m2",-0.544009355743283,-0.75976473439631,-2.32087303658992,-1.38980513913665,0.927930799001802
1862,21894,"s15","m2",-0.572461846417693,-0.84045169141428,-2.35295208921419,-2.01176881030457,1.74721443295119
1863,21897,"s15","m2",-0.462131689817547,-0.721450885788702,-2.22257108699509,-1.49253892074047,0.806290289606547
1864,21901,"s15","m2",-0.509291723249323,-0.725511082078506,-1.84634498406364,-1.36069484110552,1.60454977631662
1865,21903,"s15","m2",-0.5431535378757,-0.723114122189847,-2.2075030769348,-1.47321882277075,0.858429527917643
1866,21917,"s15","m2",-0.52233060295353,-0.774056635093265,-2.43254271917377,-1.86220294094011,1.11936481858909
1867,21923,"s15","m2",-0.496013684210546,-0.710920042330903,-2.39338535066878,-1.21504087700997,0.65978806621777
1868,21927,"s15","m2",-0.577853842062158,-0.670412397194865,-2.20676317664862,-1.15480849701967,0.858373833576992
1869,21928,"s15","m2",-0.586183952413824,-0.804679625411372,-1.96787008411482,-1.39467539588858,1.24820444784254
1870,21938,"s15","m2",-0.545076659407149,-0.787098228197591,-2.32458846694153,-1.39936893638461,0.952371911569187
1871,21950,"s15","m2",-0.500569693020392,-0.748507581034866,-2.97804497804727,-1.34840571508743,1.02142622670403
1872,21957,"s15","m2",-0.536252607149186,-0.792079975528046,-2.31130996995803,-1.68889724231902,1.30932431444789
1873,21973,"s15","m2",-0.57317567492131,-0.756203840143773,-1.87729156900384,-1.26744183022783,1.31584287734421
1874,21978,"s15","m2",-0.497001183291709,-0.75858967493029,-2.4594088278207,-1.65304528032082,0.753677246920008
1875,21988,"s15","m2",-0.60413465877422,-0.764930248751596,-2.08617222801424,-1.84499519540704,1.07194023797059
1876,22014,"s15","m2",-0.547096648295927,-0.75585223005025,-2.10273575539492,-1.88220730032726,0.824019117898334
1877,22031,"s15","m2",-0.509462411710724,-0.69838624119169,-2.20710350611429,-1.52130136291177,1.27412115280283
1878,22038,"s15","m2",-0.565340857480562,-0.810405419736334,-2.12240958236591,-1.58515701430436,1.38457856548598
1879,22047,"s15","m2",-0.553569068103317,-0.858364734316811,-2.37175190714101,-1.62898577897104,1.23449043674824
1880,22050,"s15","m2",-0.438606099939474,-0.730404306115652,-2.06368091734613,-1.58597025578023,0.730960282956312
1881,22055,"s15","m2",-0.543461431852438,-0.798956445731745,-1.834452198283,-1.72863772619598,1.11566697400552
1882,22075,"s15","m2",-0.575007213536355,-0.809180079477405,-2.31419567459156,-1.60887763729035,1.03306783911943
1883,22095,"s15","m2",-0.502292120752218,-0.795096849822664,-2.25530228078873,-1.11408120068511,1.3742843419817
1884,22162,"s15","m2",-0.529565525289859,-0.70552421993617,-2.16251392527525,-1.27997700616487,0.78563936190845
1885,22183,"s15","m2",-0.497321234210555,-0.809852735314947,-1.94660623682279,-1.80880059006647,1.4316736495467
1886,22196,"s15","m2",-0.52854396360746,-0.760012537031598,-2.18460707805039,-1.5898165655596,1.16541464661777
1887,22199,"s15","m2",-0.471762553866317,-0.755002739953089,-2.4992044954739,-1.60904542600037,1.27075349481849
1888,22201,"s15","m2",-0.539279964724415,-0.827098244460032,-2.58399526354374,-1.93254082710225,1.28639387279631
1889,22213,"s15","m2",-0.546892906182863,-0.77366704138503,-2.16424927579993,-1.56521526708362,0.593196798794123
1890,22216,"s15","m2",-0.600533182044928,-0.793730095244203,-2.12850482057476,-2.04022474367294,1.16706528556519
1891,22229,"s15","m2",-0.493939108209902,-0.763379373449544,-2.02562276442546,-1.27783624443305,1.15718141868709
1892,22233,"s15","m2",-0.536908096844636,-0.771673138726343,-2.2577690373129,-1.56395995843057,1.01957282013803
1893,22234,"s15","m2",-0.456052802260636,-0.738214055831414,-2.30523846841154,-1.38612877578089,0.588243083128073
1894,22238,"s15","m2",-0.474335932742712,-0.715591384986111,-1.93562026518859,-1.19418402319809,0.515470165075402
1895,22245,"s15","m2",-0.581773830065744,-0.816507720969589,-2.22112927822353,-1.52732474746035,0.872395432053788
1896,22250,"s15","m2",-0.531975159952968,-0.794232655663368,-2.18639786793433,-1.9229197716062,1.0561820057498
1897,22271,"s15","m2",-0.475757339395567,-0.727567851354251,-1.56986383040731,-1.36741347784481,0.832781152083831
1898,22276,"s15","m2",-0.459564267742258,-0.742705586213779,-2.02060009672277,-1.20030057745196,0.476570101598004
1899,22287,"s15","m2",-0.609782868678869,-0.851494249751316,-2.02364990950426,-1.69876310081187,1.11440006697661
1900,22297,"s15","m2",-0.508819436758003,-0.700904090217011,-1.72573573357018,-1.19233382431016,1.4431160609521
1901,22304,"s15","m2",-0.514994338558793,-0.789812512574588,-2.23798730778894,-1.81825484195873,0.814100345102373
1902,22307,"s15","m2",-0.536046950467144,-0.80014331656705,-2.53105899348941,-1.71472942952733,0.7889793276479
1903,22323,"s15","m2",-0.51715988485439,-0.783693674332361,-1.97300654514732,-1.63452212930901,0.877201554593587
1904,22331,"s15","m2",-0.54543505701853,-0.738504707740277,-2.25068699265817,-1.31095859790326,1.22421184563861
1905,22339,"s15","m2",-0.487078016896966,-0.644246761214166,-2.3322293459494,-1.52844310125948,0.306436994285165
1906,22351,"s15","m2",-0.592168043207122,-0.764193800701547,-2.33947411032191,-1.85242237044271,1.09819286881674
1907,22372,"s15","m2",-0.564684465076455,-0.815442390580674,-2.0643506393119,-1.97858720206153,1.35723209333895
1908,22375,"s15","m2",-0.507703196273164,-0.796753600892974,-2.35722944419285,-1.54740918289437,1.10023837009324
1909,22379,"s15","m2",-0.585045422915216,-0.808143490142624,-1.87914026081905,-1.75519657055973,1.22255160466889
1910,22414,"s15","m2",-0.507017475990228,-0.689117587979904,-2.60348220808174,-1.41431025558577,0.932354100489711
1911,22431,"s15","m2",-0.569107555349308,-0.787713323875232,-2.63177396049255,-1.60639143551183,1.37233049768208
1912,22434,"s15","m2",-0.466605378365699,-0.764341975911055,-1.66321974677224,-1.41561067805484,1.06058188543809
1913,22439,"s15","m2",-0.478129960508283,-0.75486164307534,-2.65146259834954,-1.25534987335295,1.28507642302242
1914,22452,"s15","m2",-0.502529322670906,-0.763380357677326,-2.0621701512793,-1.38899790998364,0.998768430590404
1915,22453,"s15","m2",-0.411606040679049,-0.687976373401355,-2.04885483475586,-1.57409791629636,0.442914852005974
1916,22475,"s15","m2",-0.547883611383595,-0.767026959894031,-2.56411967279605,-1.53915171036091,0.916001171976537
1917,22482,"s15","m2",-0.476119027580552,-0.77134445667625,-2.10490596073452,-1.53059242880133,0.887893626666045
1918,22484,"s15","m2",-0.526102922282958,-0.792162960788677,-2.57083548515351,-1.47074683713887,1.3756658574166
1919,22486,"s15","m2",-0.546645755141215,-0.777666702781872,-2.19592850339165,-1.20412639953268,1.25388404143814
1920,22488,"s15","m2",-0.520274231630668,-0.753026538097616,-1.96825837850959,-1.59373417124068,0.989062187611551
1921,22494,"s15","m2",-0.540013114569173,-0.756676187730941,-2.08207860797808,-1.63986569789165,0.983573754994964
1922,22501,"s15","m2",-0.518044758755907,-0.740583609438388,-1.96895018412793,-1.51551832754455,0.986782034783627
1923,22517,"s15","m2",-0.54641435346018,-0.90834998003036,-2.3164073183314,-1.49717445705915,1.83553906158304
1924,22519,"s15","m2",-0.483011645285084,-0.780015215987434,-2.08019925145266,-1.83481240996132,0.382380687037357
1925,22561,"s15","m2",-0.497863974697607,-0.8473726024027,-2.042576928685,-1.47577441938139,1.40698153605552
1926,22585,"s15","m2",-0.543332600983534,-0.719226402945618,-2.24305347315123,-1.30145344380685,0.945714961409148
1927,22588,"s15","m2",-0.500595252204784,-0.655794975440046,-1.81271105938347,-1.12537714608455,1.034722392968
1928,22591,"s15","m2",-0.50793951510037,-0.740847588315235,-1.46701128645346,-1.24070784328525,0.880200824328555
1929,22594,"s15","m2",-0.581897480128423,-0.787920243019883,-2.48124716284505,-1.73993884802157,1.32840395820922
1930,22606,"s15","m2",-0.516552345138743,-0.834429674764333,-2.27270432287646,-1.80429258065511,1.23044994033553
1931,22627,"s15","m2",-0.477227461423136,-0.751600105109968,-2.41242089097544,-1.42911047033333,0.740342314060435
1932,22651,"s15","m2",-0.562236353332619,-0.812582142327908,-2.30685215504475,-1.47573870755255,1.13448512322348
1933,22673,"s15","m2",-0.464187975495634,-0.805076994235354,-2.38735204346584,-1.55264390906476,0.996872290310826
1934,22675,"s15","m2",-0.501958995029609,-0.763207118694393,-2.33980064313161,-1.42583841809951,1.02977278693247
1935,22676,"s15","m2",-0.595027655440657,-0.732428044779259,-2.42689736887232,-1.37714701302473,0.989798254350631
1936,22683,"s15","m2",-0.470099072047293,-0.727577528606251,-1.98106526076343,-1.52965462551345,0.644511113189233
1937,22707,"s15","m2",-0.524642981523076,-0.775626370127672,-2.3181286824831,-1.33683940514966,1.07966179980815
1938,22712,"s15","m2",-0.472745168923749,-0.759776807870059,-1.8475255482014,-1.33602239917875,0.803906649902588
1939,22729,"s15","m2",-0.532944221969715,-0.798759187071558,-2.79229545626408,-1.68256225052058,1.00189281238389
1940,22745,"s15","m2",-0.509736812148884,-0.701681691613466,-2.2958442816288,-1.5663044238945,0.811547403913397
1941,22755,"s15","m2",-0.533944017038792,-0.716843738312915,-2.43143854657545,-1.27805117958377,0.890888912943909
1942,22757,"s15","m2",-0.52070776286306,-0.756304299619353,-2.28264148511623,-1.53480089523977,1.00486270024088
1943,22765,"s15","m2",-0.509549070042404,-0.731872476096969,-2.44838973231185,-1.72900445455606,0.676943722728597
1944,22773,"s15","m2",-0.52506043319625,-0.778838250990298,-2.28913137797953,-1.57873042474468,1.00852645603835
1945,22787,"s15","m2",-0.484078549924376,-0.831179545067838,-2.01559854990379,-1.71004898717672,1.00473711655052
1946,22821,"s15","m2",-0.541608422972433,-0.800561347270385,-2.13097335187555,-1.61097640659604,1.07100991071129
1947,22826,"s15","m2",-0.588702236945438,-0.749137986094067,-2.10571172387327,-1.29836252919579,1.23058070560975
1948,22829,"s15","m2",-0.536774888541448,-0.747058947159328,-1.99621126400359,-1.73259961079491,0.813223391817308
1949,22845,"s15","m2",-0.601339648386441,-0.805760933665289,-1.80482313376989,-1.59010939386961,1.15186416174461
1950,22860,"s15","m2",-0.513396593534095,-0.760496713628001,-2.01754264144279,-1.70484380864729,0.796537484884109
1951,22869,"s15","m2",-0.479548819138804,-0.739059709217936,-2.18156721414977,-1.37935650212039,0.854615456985715
1952,22875,"s15","m2",-0.502163911208764,-0.706281894440486,-2.59955532989368,-1.62072917130641,0.783582492175104
1953,22940,"s15","m2",-0.511207603769118,-0.784376645373343,-2.44026434914934,-1.23391461294713,1.24713361350898
1954,22942,"s15","m2",-0.483380658104041,-0.746634097634849,-2.2282840160419,-1.41410664085729,0.083056316845972
1955,22971,"s15","m2",-0.550547134805318,-0.852963263012707,-2.02232612441964,-2.21589537850338,1.04228643096554
1956,22974,"s15","m2",-0.573606250051743,-0.771196229769864,-2.40123629556049,-1.34622286487251,1.18191546810079
1957,22982,"s15","m2",-0.517167511414934,-0.766464518690372,-2.25458358523274,-1.65245531766677,0.85608620548164
1958,22987,"s15","m2",-0.52182195187286,-0.774449256497247,-2.44485206036523,-1.55611442570692,0.960013625318834
1959,22989,"s15","m2",-0.516453169453754,-0.743283125217641,-2.20586590209123,-1.37888216343117,0.843842065107823
1960,23024,"s15","m2",-0.529509580484306,-0.795660272758261,-2.40041303995432,-1.2735849732861,1.29026817083157
1961,23032,"s15","m2",-0.517449717070931,-0.767985304057669,-1.94678595814483,-1.64219341135614,0.980810329437437
1962,23042,"s15","m2",-0.48539334283012,-0.75104476354681,-1.66662304131798,-1.49342644763642,1.19011987842131
1963,23048,"s15","m2",-0.533666298649536,-0.707008685041234,-2.36093052381233,-1.54990253355095,0.812421575649978
1964,23049,"s15","m2",-0.56336936596366,-0.87199828265765,-2.32187038027379,-1.67967983644244,1.61639044058243
1965,23055,"s15","m2",-0.53331820984339,-0.815653146038775,-2.05691192362269,-1.59290852375864,1.64327929761528
1966,23135,"s15","m2",-0.499776790536073,-0.830798704669279,-2.53067888368512,-1.3736867826862,0.627080152099149
1967,23160,"s15","m2",-0.516934455069529,-0.766563761572596,-2.20425234980638,-1.50531388464158,0.759622394077105
1968,23173,"s15","m2",-0.454508494143189,-0.746897117408361,-1.96636776285956,-1.77336965287208,0.543238408639039
1969,23177,"s15","m2",-0.51851935678085,-0.866597038242215,-2.31584882204735,-1.88794999417707,1.03672356667654
1970,23182,"s15","m2",-0.497928115611273,-0.69260343183663,-2.43291539898891,-1.58024648305303,0.792778192834506
1971,23217,"s15","m2",-0.490099971374167,-0.733175572659265,-2.06878601458652,-1.3015802353612,1.14635488082936
1972,23221,"s15","m2",-0.543069886013507,-0.676415309084004,-1.96717460795411,-1.30107805441297,0.490673898414693
1973,23222,"s15","m2",-0.46984966525734,-0.666690185592492,-2.05306996144065,-1.3287111633799,0.0866897380522886
1974,23232,"s15","m2",-0.506318371764359,-0.813222286122967,-2.36017612484767,-1.53231977663818,1.01705064531431
1975,23248,"s15","m2",-0.562697081892618,-0.78919365376164,-1.89560979904928,-1.78994773865124,0.87536172147593
1976,23250,"s15","m2",-0.613171678799417,-0.746110260520728,-2.1668551999607,-1.23784710410319,1.31422806950606
1977,23251,"s15","m2",-0.538721988689073,-0.795396229009941,-2.06188943176736,-1.39969957034314,0.962213831677537
1978,23256,"s15","m2",-0.5300090085501,-0.776630072746787,-2.18103177299559,-1.63293951466009,0.923083752735777
1979,23261,"s15","m2",-0.487710928591128,-0.769027400139061,-2.52602006805309,-1.73237484414639,0.664154083165954
1980,23273,"s15","m2",-0.489828499683798,-0.706115128422572,-2.28693274081653,-1.35061457921453,0.780583720909528
1981,23300,"s15","m2",-0.498315889044118,-0.753763437473314,-2.02817884564364,-1.38354094685523,0.8007469333009
1982,23345,"s15","m2",-0.598091371221987,-0.790766043904314,-2.84159403885154,-1.54828987199652,1.62233798408855
1983,23352,"s15","m2",-0.488202324125507,-0.841901774806237,-2.3691949035055,-1.56627017930268,1.30410141269546
1984,23359,"s15","m2",-0.635942125141527,-0.828415407043912,-2.15968612779107,-1.70429986255135,1.78696759358247
1985,23413,"s15","m2",-0.558104934750749,-0.790256101052396,-1.96809071647292,-1.62948695188438,1.3808305022095
1986,23416,"s15","m2",-0.488144562378504,-0.793148845426201,-2.41548881942261,-1.35522573849,1.08645646247413
1987,23436,"s15","m2",-0.517370484908884,-0.718266153012607,-2.0856421243523,-1.55298683692003,1.27401911952431
1988,23441,"s15","m2",-0.538082355590313,-0.736982339181238,-2.63254078170083,-1.3643660685309,0.775241624286283
1989,23454,"s15","m2",-0.536177487174255,-0.842896359555533,-2.27862315130334,-1.61154579528376,1.00300249218666
1990,23481,"s15","m2",-0.527233943433343,-0.779673508253522,-2.08740930282477,-1.75277978548419,0.953760390245384
1991,23492,"s15","m2",-0.531942384077933,-0.83583213739099,-1.89916240397715,-1.59836926694264,1.22154807823174
1992,23497,"s15","m2",-0.531814209176628,-0.703516543595509,-2.00839667782164,-1.31839383388286,0.667027090665639
1993,23518,"s15","m2",-0.463907433920123,-0.791447567541144,-2.36825616766742,-1.59093722849424,1.33512971399401
1994,23529,"s15","m2",-0.52880178729751,-0.813136067538637,-2.17002427767201,-1.44762076828128,1.45984440490195
1995,23553,"s15","m2",-0.544203665860229,-0.757749837924483,-2.51507698472667,-1.23934945359328,0.800363306123227
1996,23558,"s15","m2",-0.509940654882891,-0.693854284995554,-2.3034749786494,-1.35825165415548,0.83031455710126
1997,23594,"s15","m2",-0.447318181636719,-0.705115941100067,-2.19836068318767,-1.44171437789675,0.639352236734895
1998,23598,"s15","m2",-0.619392670242562,-0.789200344696425,-2.05049367912969,-1.616169995302,1.3842700105744
1999,23599,"s15","m2",-0.452975580387855,-0.811032952839143,-1.85809517620985,-1.55385830100733,1.10158857633312
2000,23606,"s15","m2",-0.479157606921283,-0.765876723644022,-2.21111641086749,-1.52847204478527,0.692661578348961
2001,23610,"s15","m2",-0.534141790952085,-0.743730118514334,-2.0877150217651,-1.46922010385242,0.821777465934724
2002,23619,"s15","m2",-0.558084299134561,-0.76157624016249,-2.34435582313145,-1.38294260624433,0.734391453694911
2003,23628,"s15","m2",-0.479487307950129,-0.721538357390782,-2.08940635457168,-1.49705401762467,0.991027950962648
2004,23631,"s15","m2",-0.532664887128115,-0.750459024671041,-2.08584783745412,-1.50705923966743,1.01373282018545
2005,23663,"s15","m2",-0.461751817476052,-0.735822822819747,-2.38543032101178,-1.5724967633394,0.298936618893151
2006,23669,"s15","m2",-0.494660353513455,-0.881946451304366,-2.50966025330652,-1.90583408399498,1.63949586105002
2007,23686,"s15","m2",-0.555916204996588,-0.763402181979041,-2.23176792599208,-1.49474278061972,1.14107875481864
2008,23693,"s15","m2",-0.618350340625637,-0.753518555857706,-2.41356392723657,-1.62818501978329,0.94986653031789
2009,23694,"s15","m2",-0.470658295334606,-0.720371403536706,-2.30740856119859,-1.34143691246654,0.341770939452395
2010,23695,"s15","m2",-0.529389560301318,-0.836569808340911,-1.72054053229914,-1.37171424749522,1.09578744928597
2011,23710,"s15","m2",-0.541115156140917,-0.727366294542452,-2.08995470429521,-1.20208226466833,0.850453746776841
2012,23711,"s15","m2",-0.464751929062755,-0.735448777473933,-2.33277412414051,-1.56798105537764,0.950817351370392
2013,23715,"s15","m2",-0.512405829419006,-0.758547612086809,-2.05619195966308,-1.49126301845356,0.724651169973186
2014,23723,"s15","m2",-0.567113944586862,-0.821065558468568,-2.27944528533386,-1.31180432432395,1.32908131682766
2015,23736,"s15","m2",-0.542539693778933,-0.797058368628912,-2.2240898759278,-1.38509070140451,0.822409420265784
2016,23744,"s15","m2",-0.644236860728311,-0.752578666421708,-2.19121111332189,-1.72251266758628,1.54238176449347
2017,23752,"s15","m2",-0.544078301395667,-0.715868542953268,-2.36193963548648,-1.97098264150946,0.528350295939477
2018,23753,"s15","m2",-0.490955810803201,-0.740004083124005,-1.96411237975813,-1.27119260900923,1.24111820965063
2019,23756,"s15","m2",-0.506820179751154,-0.726789582154293,-1.98786757238932,-1.46351990497708,0.877246379659801
2020,23773,"s15","m2",-0.478057917062471,-0.794102892771319,-2.39974895843663,-1.46067863366337,0.53906175682924
2021,23789,"s15","m2",-0.475643630305464,-0.736415362082261,-2.40447969753412,-1.59878582627334,0.894962355349457
2022,23790,"s15","m2",-0.507676691125885,-0.644400926914235,-2.38481888019937,-1.33276227105853,0.577174248306157
2023,23791,"s15","m2",-0.523068151730747,-0.730895332209226,-2.50502478067101,-1.49262268421209,0.557326648994878
2024,23797,"s15","m2",-0.459419951989967,-0.769831035660068,-2.39484963376659,-1.50163815047117,1.28914312077569
2025,23812,"s15","m2",-0.482302382704637,-0.694584803840924,-2.44745576672334,-1.47115939007666,0.615899748117291
2026,23820,"s15","m2",-0.534712589568136,-0.804425998695787,-2.19310037100086,-1.67309856013349,0.768350906178662
2027,23823,"s15","m2",-0.528313487251116,-0.781063529236472,-1.86898077687575,-1.78596574777628,0.876457593939965
2028,23827,"s15","m2",-0.39612090341763,-0.625825241179084,-2.17418704680784,-1.48175709818444,-0.16007183543992
2029,23833,"s15","m2",-0.609441850199291,-0.762103282294773,-2.27254531045089,-1.3667735777116,1.34255330217667
2030,23843,"s15","m2",-0.476387177481371,-0.737344720414452,-2.43734282062137,-1.58653339559812,1.07129767425256
2031,23849,"s15","m2",-0.5136038217787,-0.734010065307279,-1.96589004015408,-1.33220771544973,1.02970774704754
2032,23850,"s15","m2",-0.483621666010456,-0.740608615287199,-2.2073611309356,-1.58515903979326,0.630274648193236
2033,23867,"s15","m2",-0.482098744211353,-0.730049350479826,-2.68261317468913,-1.14716316646331,0.479964004104254
2034,23868,"s15","m2",-0.494330722557514,-0.740367171468911,-2.11726233391612,-1.52910591033989,0.701888925537653
2035,23876,"s15","m2",-0.568409129537283,-0.718702857231015,-2.1298203944106,-1.61389213662387,0.49860770085289
2036,23878,"s15","m2",-0.625309186395203,-0.883927881088126,-2.13541250379492,-1.58572797605284,1.42013499795335
2037,23892,"s15","m2",-0.532834177385271,-0.812005547725863,-1.88125281544022,-1.33972800266878,1.18217685054885
2038,23895,"s15","m2",-0.413703906445773,-0.78177059531351,-1.99522398642184,-1.52107822056602,0.847743355758041
2039,23899,"s15","m2",-0.509917575442865,-0.770770435319181,-2.316005156535,-1.67225906551464,1.19385388882729
2040,23939,"s15","m2",-0.54003122627182,-0.79333813549897,-1.94491373593476,-1.38506131538617,1.14333073824028
2041,23944,"s15","m2",-0.48930142071318,-0.715681130063193,-2.47315567270318,-1.33868054382809,0.25772346217728
2042,23949,"s15","m2",-0.579061809822235,-0.844001579654842,-2.52502486482242,-1.67126816906002,1.08401403287242
2043,23955,"s15","m2",-0.63310590887504,-0.758982018011583,-2.1577529934845,-1.77179693551179,1.35907324875725
2044,23957,"s15","m2",-0.503638041135925,-0.731220344541089,-2.44376373985608,-1.38698140533112,0.401263716401038
2045,23969,"s15","m2",-0.556478890203305,-0.791083951687258,-1.81877183776699,-1.342106162924,1.2620696476172
2046,23986,"s15","m2",-0.493963699383476,-0.791378345504097,-1.97117981908029,-1.79888344664071,1.083485164624
2047,23990,"s15","m2",-0.495556729837735,-0.734243907198562,-2.66607016528007,-1.30948755381759,0.857792413110816
2048,23991,"s15","m2",-0.523314921975267,-0.713325829928381,-1.78184005034074,-1.35894289486619,1.02316220869673
