"draw","source_draw","id","assumed_model","alpha_0","alpha_1","alpha_2","alpha_3","nu_0","nu_1","tau"
1,9,"s14","m3",-0.540775735670565,-0.483493923071097,-0.171383180799009,-0.149334255352626,-0.339069744853734,0.439884529280037,1.69966037032572
2,16,"s14","m3",-0.555679951145166,-0.514794292547101,-0.208424231158286,-0.193891046404174,-0.273824345728626,0.420111540601963,1.98842932693968
3,46,"s14","m3",-0.593897689758387,-0.549200312545185,-0.224047514473089,-0.168095467956929,-0.521427154498029,0.38936238008741,1.91495081828709
4,48,"s14","m3",-0.50102561936029,-0.495081917750707,-0.111469375612917,-0.134076877909485,-0.174402238098329,0.438717353422725,1.70762181793036
5,53,"s14","m3",-0.568654664896863,-0.460084626112917,-0.223681958900649,-0.148313551667159,-0.242147684373297,0.459023250618852,1.4599209783937
6,56,"s14","m3",-0.372267829409703,-0.431601328791309,-0.0391368128723507,-0.126109236657631,0.281444362699719,0.486404352396987,1.52744376579243
7,57,"s14","m3",-0.60187217576443,-0.444594777908049,-0.0860818859875496,-0.188452224471579,-0.352260109823295,0.452903072569558,1.71888046308883
8,58,"s14","m3",-0.468887137628691,-0.436263459409709,-0.19624086941246,-0.1573442221438,-0.0386959545932102,0.588166927191332,1.6849504566703
9,71,"s14","m3",-0.414155659069747,-0.258935494738638,-0.00709620717684268,-0.0137509413015995,-0.12863990414136,0.630223577912136,1.18094452816136
10,86,"s14","m3",-0.557437250905626,-0.450807841857421,-0.128598367757881,-0.257049572833728,-0.0383923419019,0.305523587878693,1.76119299873961
11,96,"s14","m3",-0.725328918703877,-0.573749888555333,-0.252052341551581,-0.202878026971818,-0.467472902223584,0.452015458472427,1.99730215626972
12,118,"s14","m3",-0.586494033716183,-0.497966572571369,-0.190549689258262,-0.220301820000092,-0.616931030445498,0.439372860430166,1.79939688137976
13,119,"s14","m3",-0.600869182706513,-0.562521597165278,-0.206519834429842,-0.161512437495176,-0.192097238860767,0.517322267165711,1.7509914042663
14,120,"s14","m3",-0.478455843734718,-0.349792485168012,-0.0844497650053148,-0.155117347265019,-0.186737515033746,0.551005529585582,1.37174623068566
15,132,"s14","m3",-0.610133596680682,-0.442601964555319,-0.195131137028526,-0.186198262892854,-0.521027359856258,0.455939136179484,1.63565648471904
16,135,"s14","m3",-0.538169549136397,-0.387251068025027,-0.0164510190691444,-0.13520970183279,-0.210103838425831,0.500308107184488,1.43847255180633
17,143,"s14","m3",-0.562548167796698,-0.433493624045252,-0.0708939050936524,-0.148381687149576,-0.29534337901804,0.52055965151597,1.85906839253162
18,149,"s14","m3",-0.407667856919184,-0.407217391064042,-0.173343008527514,-0.0459998986905769,-0.341014762069713,0.54496509945707,1.53638514662579
19,176,"s14","m3",-0.369072295115222,-0.423456508104788,-0.0813985965230011,-0.00454728769218462,0.0357444946243074,0.563543959145244,1.18267731227539
20,177,"s14","m3",-0.410985380630804,-0.455301997033126,-0.119693764419322,-0.183943188591622,-0.0521736882592153,0.279282644446053,1.59969937668535
21,191,"s14","m3",-0.409873008980742,-0.24561566600345,0.0289366246905751,-0.0381663233463154,-0.0621205752394442,0.659051333784457,0.960344755712644
22,194,"s14","m3",-0.519022739316809,-0.40418252221363,-0.0793453995217458,-0.110775512126356,-0.028152426113331,0.534005866356968,1.48203801926426
23,205,"s14","m3",-0.385896213344894,-0.358960913356087,-0.00942117466652814,-0.0319880556983501,0.0862454134417714,0.561623515688564,1.39672276418325
24,215,"s14","m3",-0.557455653194246,-0.533733132696068,-0.124100411187796,-0.22612413562737,-0.280057244123053,0.506282336478369,1.95726762232286
25,220,"s14","m3",-0.50664274704494,-0.362841459386751,-0.123908892511379,-0.0661283648530191,-0.14263289997213,0.612732322973632,1.54345082682209
26,230,"s14","m3",-0.481600400461756,-0.350385408347202,-0.0853932075161849,-0.0321285800003323,-0.0203592500648573,0.675514871284561,1.40751546813572
27,242,"s14","m3",-0.508563644943429,-0.428718272666114,-0.111736947791422,-0.0881587296834806,-0.106721500639481,0.520723195515418,1.30769744840707
28,266,"s14","m3",-0.481557857780039,-0.340037807935345,-0.155072102855715,-0.0672899657212955,-0.112057345657075,0.63483054019528,1.59327256994554
29,284,"s14","m3",-0.337897106123176,-0.294554449676617,-0.0381356350819046,-0.00303685809600721,-0.0485416164266779,0.578126755215516,1.06578795060711
30,297,"s14","m3",-0.579907141984894,-0.420424189245129,-0.0938296817431988,-0.187085795653246,-0.154415417914902,0.404618061827999,1.6188663398379
31,303,"s14","m3",-0.457353476852878,-0.360181594317417,-0.179293462495422,-0.11896942596441,-0.244227136334788,0.495946530767905,1.30716600186269
32,315,"s14","m3",-0.529611015462355,-0.472732415757397,-0.173306459877813,-0.134297017245066,-0.343598564126426,0.441660992972964,1.63661448478385
33,325,"s14","m3",-0.565713918913791,-0.550986087557395,-0.175863753602923,-0.122335646854319,-0.424093027543566,0.414766783992427,2.0215860784466
34,328,"s14","m3",-0.561796833540046,-0.376787814040168,-0.184706520791846,-0.021578346609724,-0.473339138064237,0.599761613931986,1.3236303261069
35,348,"s14","m3",-0.570379469373034,-0.572197955262898,-0.0520990863050866,-0.199635403298672,-0.239592906009258,0.307919078054755,1.65819108864651
36,354,"s14","m3",-0.479125351369838,-0.378967704116971,-0.0498585373193782,-0.150458469579683,-0.14753016749788,0.497403828574528,1.18207411158354
37,357,"s14","m3",-0.525898365484717,-0.452361817392952,-0.257254090215404,-0.174987800515794,-0.419432524102811,0.230951637712867,1.5082530952802
38,362,"s14","m3",-0.384396574756708,-0.350077433694286,-0.148136132184056,-0.0661804010102875,-0.220536110025947,0.566316092992347,1.18486993317959
39,387,"s14","m3",-0.593908454256934,-0.608721733893413,-0.16752455200663,-0.234900514329042,-0.336997477115669,0.289468812082467,1.82300706183535
40,393,"s14","m3",-0.519820879609291,-0.387497709486206,-0.0795230871550181,-0.193459726815225,0.0035320239052493,0.432229136254663,1.29808678313224
41,397,"s14","m3",-0.551492391244755,-0.476328775846363,-0.0199019482994865,-0.124678471218249,-0.0119282944780935,0.353930764206466,1.6228437718534
42,405,"s14","m3",-0.507289723235341,-0.452013342820118,-0.235932317320303,-0.176703496699219,-0.11075917251168,0.411600485175345,1.74174654035263
43,417,"s14","m3",-0.627611301639925,-0.419165469359606,-0.224751567089249,-0.233612930549337,-0.58739416654638,0.511953996222779,1.89064720296042
44,426,"s14","m3",-0.572364243617102,-0.492371607406222,-0.162062112737088,-0.169147809606608,-0.337070388722905,0.483050579445309,1.88935742308972
45,428,"s14","m3",-0.57108412142298,-0.540937343504501,-0.178997211668869,-0.164399194433082,-0.28707171672221,0.276483255254865,1.91951618150672
46,434,"s14","m3",-0.510631849363293,-0.460035333110947,-0.123770478869143,-0.137905491738112,-0.0597526273665283,0.417734938210078,1.47826992694366
47,446,"s14","m3",-0.669186750128264,-0.406149741502868,-0.28801218280313,-0.203055235117989,-0.397846070088229,0.368392999784115,1.72902185494882
48,466,"s14","m3",-0.513625939726913,-0.372957848887885,-0.0886296998695842,-0.0278293267794017,-0.00388817244544786,0.619698427400369,1.57529913457655
49,468,"s14","m3",-0.716983249979514,-0.531893835156457,-0.20770564658443,-0.18183217217449,-0.5069567279808,0.463809705112628,2.14123009892773
50,469,"s14","m3",-0.53951004713962,-0.429894832750546,-0.164714363713297,-0.167358291822077,-0.0258775107554735,0.514217733447583,1.68452979743323
51,473,"s14","m3",-0.52111898198556,-0.549990860647323,-0.07540445803604,-0.186711935567045,-0.105965100221162,0.376219404643269,1.95702943831452
52,474,"s14","m3",-0.467497381384135,-0.398541956974032,-0.105909582147905,-0.0828861787380486,-0.239177876449414,0.636427790114863,1.50764760341564
53,486,"s14","m3",-0.395296662800594,-0.388015979802053,0.0213033390806616,-0.150584900776725,0.178939114831289,0.475626622897261,1.45058263654756
54,490,"s14","m3",-0.402812221372012,-0.394144234709636,-0.0702410530904067,-0.0342430404820874,0.00962561633952872,0.523774736473592,1.45849344896469
55,500,"s14","m3",-0.525057114077095,-0.524304310330794,-0.137276663549552,-0.107686552164845,-0.045449115486902,0.325092303923836,1.97045973185758
56,501,"s14","m3",-0.436073272746713,-0.369295703457468,-0.123503046122962,-0.103312725623822,-0.24397785765982,0.534921378119766,1.45892931648285
57,519,"s14","m3",-0.432757530368119,-0.336461395031529,-0.0643673366873462,-0.1182946709142,-0.0135178751519248,0.540080384239096,1.2863718857242
58,527,"s14","m3",-0.46942787875209,-0.44370922091096,-0.157045531602401,-0.155717250674064,-0.250613194168361,0.440355759794087,1.56667144649231
59,533,"s14","m3",-0.507640495381255,-0.286314080486469,-0.135440702769824,-0.0183985612864042,-0.632666020326508,0.658973407971673,1.40780080518782
60,535,"s14","m3",-0.528499408922694,-0.388936537592824,-0.162478780242956,-0.0406193242212775,-0.454158687692203,0.587251006272885,1.30515065597591
61,554,"s14","m3",-0.535466868613215,-0.391047054746966,-0.203288887767621,-0.141555185790851,-0.46812257980664,0.475300011146279,1.55680987196121
62,573,"s14","m3",-0.521449247781569,-0.411193705264671,-0.0917083368220942,-0.128049608455419,-0.062888155476776,0.491096491372202,1.51419810263121
63,576,"s14","m3",-0.63220993618352,-0.524378068355361,-0.211376455488526,-0.193263297713137,-0.333656827624026,0.499688073787764,1.87916205141281
64,578,"s14","m3",-0.40287183360695,-0.480733603934329,-0.0610321795119892,-0.0867104927689775,0.171443375586447,0.593991329029786,1.44743062245251
65,588,"s14","m3",-0.36200255066788,-0.339275470123276,-0.0690620195569843,-0.0910918914616762,-0.0296894018421506,0.494543173249186,1.28751278560666
66,608,"s14","m3",-0.628477503444065,-0.550685553646945,-0.194590041067296,-0.221892027816864,-0.418711573665153,0.398207811108341,1.99998691926705
67,636,"s14","m3",-0.517191048760759,-0.393433645434146,-0.145601583464218,-0.0966767114375538,-0.179101587694826,0.407243268698902,1.40824300675453
68,646,"s14","m3",-0.546084976524137,-0.393621595331655,-0.145420361649096,-0.102138959951351,0.0433823777771988,0.530676264712407,1.53781084327601
69,662,"s14","m3",-0.462621759905094,-0.439640524019085,-0.102767995584509,-0.131343804874881,-0.321019913772269,0.498588365386904,1.42040799278522
70,664,"s14","m3",-0.481424111182092,-0.563202744047524,-0.124845298638115,-0.160825616509841,-0.187224141258409,0.447499016901767,1.82359407189674
71,690,"s14","m3",-0.600700939114422,-0.533916657647373,-0.216011284618518,-0.213353801662212,-0.413564863963507,0.414886491981649,1.88097318969196
72,698,"s14","m3",-0.482749088548809,-0.37743236957279,-0.0973032092404697,-0.08529000058667,0.0225475660316173,0.556545076430077,1.52839664832183
73,702,"s14","m3",-0.361417646586733,-0.309373035258413,-0.0335743605939903,-0.0161232498135206,0.0379788255476142,0.699484159500061,1.05718227174401
74,715,"s14","m3",-0.645748836093157,-0.489988798575049,-0.118838355020948,-0.154645562029432,-0.258056787010333,0.506729218206129,1.70174750814718
75,719,"s14","m3",-0.468629970110783,-0.374326532163985,-0.069919675419661,-0.00539594692791616,-0.0219500238608542,0.608515052609685,1.40910210853685
76,723,"s14","m3",-0.513130863145187,-0.339247620064291,-0.00321443203983703,-0.0555888156537265,0.0393415296585339,0.56738353318955,1.45769461167141
77,746,"s14","m3",-0.615031522645714,-0.516749834835896,-0.128848478617395,-0.194576358392814,-0.0745821297381339,0.46395093262205,1.98617172964628
78,762,"s14","m3",-0.478537991382755,-0.37679259958491,-0.20193129853889,-0.113608803298733,-0.148263500187534,0.47527620953626,1.62493451180534
79,769,"s14","m3",-0.45763164199938,-0.28167133674895,-0.121365755957902,-0.0269539560738518,-0.0687882601875547,0.61094460258927,1.50411980816228
80,782,"s14","m3",-0.596755557361592,-0.471337884559542,-0.191669555264429,-0.175270030146385,-0.705812977669057,0.527248637574574,1.89665687670876
81,788,"s14","m3",-0.630524889274997,-0.431918666990698,-0.264750358026407,-0.119817617212531,-0.525145461908775,0.492762357721246,1.63726639056381
82,797,"s14","m3",-0.580523068026565,-0.495908565679491,-0.200735209010973,-0.182063871656474,-0.331938839289251,0.354876444991285,1.68041741153664
83,798,"s14","m3",-0.389158041091038,-0.487639915848845,-0.159491685290431,-0.145813850062563,0.0368938610138813,0.390237291116036,1.46986469448415
84,808,"s14","m3",-0.511248346326004,-0.447514469660415,-0.146600843773677,-0.142002083016307,-0.120367736129831,0.460789116216187,1.53876768780059
85,818,"s14","m3",-0.437643714994388,-0.464356270720721,-0.0809616250607493,-0.0975128669602973,-0.107176485058046,0.362052865748333,1.36416396424626
86,830,"s14","m3",-0.477815903126777,-0.420988582086342,-0.156243749594887,-0.0720846841853831,-0.0631672515501389,0.541768938993344,1.64913295054377
87,854,"s14","m3",-0.437934247762994,-0.418536910296116,-0.00338283806702355,0.0256219226323004,0.0607209332319187,0.479663578729083,1.29669752682607
88,862,"s14","m3",-0.509565217159076,-0.397676250302335,-0.121570688725554,-0.0632345748475919,-0.0230761384974594,0.553034982200495,1.44919615751238
89,867,"s14","m3",-0.447772668925213,-0.437531035488846,-0.0886174707873131,-0.140140685813736,-0.0307666885475937,0.513417559342909,1.63489065641887
90,874,"s14","m3",-0.608170542403965,-0.495662543468235,-0.257873878586141,-0.16246861969649,-0.391042932940211,0.464435236561084,1.75921539142066
91,880,"s14","m3",-0.570166571999542,-0.506971947953366,-0.220392400606763,-0.225547392384558,-0.193615789599407,0.520059730887048,1.90956118720753
92,920,"s14","m3",-0.476921523544327,-0.464156357394634,-0.174752331284921,-0.131570440900501,-0.157639419576402,0.569064153760924,1.60410214901874
93,951,"s14","m3",-0.495748735673871,-0.483142519692668,-0.0654480713330079,-0.159161661009343,-0.129536947872578,0.487898741339926,1.53947164460383
94,975,"s14","m3",-0.479265265024974,-0.528198979994141,-0.12387252693508,-0.209007370706993,-0.159166715225766,0.405357149592465,1.73137755554174
95,999,"s14","m3",-0.596671505087904,-0.378780794690712,-0.246414460883881,-0.120617965356235,-0.49261944516984,0.567136566125605,1.5326445176404
96,1018,"s14","m3",-0.569009404662538,-0.437575811044852,-0.173609911308441,-0.157418904194813,-0.548022878087418,0.476840067896386,1.77037247298519
97,1032,"s14","m3",-0.421015660496231,-0.412456560404104,-0.00189195262448151,-0.082862793238442,0.0597235943127205,0.393782893294271,1.42348870069254
98,1065,"s14","m3",-0.373992743883743,-0.226575807834711,-0.0344510199747599,0.0186082602303266,-0.145595540475467,0.625938563914168,0.810001482858832
99,1091,"s14","m3",-0.648261242810477,-0.427236094417768,-0.196208936118608,-0.106116073951122,-0.137710515778876,0.484989977418109,1.63673540630211
100,1092,"s14","m3",-0.485510908723391,-0.320724483347636,-0.187686546016331,-0.0830286593511124,-0.117010454714054,0.601195748960119,1.55315656841306
101,1102,"s14","m3",-0.528930317125305,-0.457394137144107,-0.145386561341694,-0.0534651597140229,-0.445597091446271,0.51286268407622,1.42863781483309
102,1105,"s14","m3",-0.621816551784054,-0.434415574765763,-0.139313705702697,-0.106555733328956,-0.267709140271091,0.551157773747049,1.55105873602926
103,1138,"s14","m3",-0.507468993136103,-0.416066151033868,-0.201952336890947,-0.124908308463991,-0.279109700425678,0.459007525065427,1.55815503598056
104,1157,"s14","m3",-0.404459265654122,-0.397094659293894,-0.0715302007278352,-0.0296835160431974,-0.000242876416519188,0.519489880327942,1.2911941755812
105,1168,"s14","m3",-0.629264424748577,-0.552083667604464,-0.184783586720102,-0.209737062219617,-0.294995049693827,0.494114397433311,1.94411256294602
106,1175,"s14","m3",-0.71400695053042,-0.567154466978607,-0.209125343851654,-0.214632878347371,-0.46559274211882,0.235887431186897,1.77367540883639
107,1208,"s14","m3",-0.423731532040273,-0.443672402704254,-0.104861467678974,-0.203607482353878,0.129082790663293,0.468066587588899,1.67567248101705
108,1211,"s14","m3",-0.556051715109359,-0.453121941201723,-0.177760085788096,-0.0518125158166559,-0.515144284810851,0.518214931718593,1.54714207305832
109,1258,"s14","m3",-0.471617732041433,-0.448401243550388,-0.122962892057659,-0.0948751823641111,-0.124381059217407,0.369505181538938,1.31612301338072
110,1268,"s14","m3",-0.551251206432033,-0.495394059280591,-0.181283733760247,-0.191372097044571,-0.272017211612648,0.449132962345171,1.83837690271506
111,1269,"s14","m3",-0.51281169491714,-0.473772259979719,-0.141070876325372,-0.184972869811102,-0.34514102951632,0.337952675285217,1.6947670767052
112,1284,"s14","m3",-0.527450321950728,-0.510476479026822,-0.172103184103041,-0.152408810938182,-0.217580154014736,0.372927466775686,1.86663043292719
113,1285,"s14","m3",-0.622289850631947,-0.409712953925697,-0.130531260337439,-0.182951930502756,-0.472216606330727,0.507510972630512,1.69640933843882
114,1286,"s14","m3",-0.446425764800941,-0.334382504066803,-0.165268250252358,-0.144669594607105,-0.209213568787413,0.487451662635362,1.37668994379615
115,1293,"s14","m3",-0.607904158357786,-0.492024835511631,-0.163156125411017,-0.187713207689913,-0.122343304538201,0.368944718161447,1.62708304789814
116,1298,"s14","m3",-0.668953485727504,-0.553676743672037,-0.210736747708615,-0.17815596030812,-0.58613138308938,0.464539848112574,1.87262979428078
117,1311,"s14","m3",-0.617675228897633,-0.429465011591136,-0.157278160988349,-0.0574272886875119,-0.143287842618189,0.521970397021092,1.48211620108356
118,1328,"s14","m3",-0.487073091408005,-0.395488574610809,0.000985572807708571,-0.133407142680181,0.016410690653913,0.447064258615335,1.35091936114104
119,1337,"s14","m3",-0.561654102997696,-0.423166478649851,-0.144346703444082,-0.113528301043075,-0.196825567841081,0.56122861934211,1.46464966436961
120,1365,"s14","m3",-0.529373551978844,-0.423339412758501,-0.0857618016906024,-0.117209149254111,-0.437774950126973,0.591479280866123,1.40701826087635
121,1369,"s14","m3",-0.58806627628189,-0.402194544374963,-0.116305598811977,-0.105020535707332,-0.274338872868899,0.508001095157299,1.38294586267925
122,1385,"s14","m3",-0.437368565123419,-0.378076102015389,-0.0332473492770831,-0.0556235930325191,0.0681137884081885,0.590716238490507,1.29879752468163
123,1399,"s14","m3",-0.512294232040424,-0.360069222450491,-0.0665920558942219,-0.154090796756083,-0.15486639464766,0.603069890606968,1.6015443820562
124,1427,"s14","m3",-0.398263973333203,-0.465664673551795,-0.0486615600170303,-0.100471471386267,0.0760929677502455,0.49872866859852,1.61771196996086
125,1450,"s14","m3",-0.454845821079142,-0.421784015454445,-0.140303406977787,-0.160169790934735,-0.294014846710352,0.483816763462661,1.65295845036891
126,1480,"s14","m3",-0.686254200541972,-0.531907798890078,-0.236447118181676,-0.125909691187003,-0.641985572624268,0.476185030620376,2.06974496837245
127,1485,"s14","m3",-0.631723845853366,-0.500289450536912,-0.146498085989393,-0.216344916591536,-0.221060738153372,0.510290008919598,1.80348548602439
128,1492,"s14","m3",-0.522259758341492,-0.491625543861727,-0.200175363589429,-0.180706700536908,-0.403029518846714,0.240996464524574,1.65983872147514
129,1505,"s14","m3",-0.336461785780634,-0.252065529004064,0.00185766481211448,-0.0411321500361389,0.0802693223119099,0.596110185195077,1.20800127480005
130,1525,"s14","m3",-0.669078195204274,-0.471943701514591,-0.252917967068446,-0.16946869537227,-0.647561832705443,0.41786541975959,1.90529430718773
131,1532,"s14","m3",-0.486554748851478,-0.417603091018955,-0.0416684206667447,-0.114239463561525,-0.17260848882369,0.512530469781156,1.28907974663326
132,1539,"s14","m3",-0.437504451175243,-0.394214135506724,-0.0305435747783727,-0.100862448567093,0.0277595132363734,0.511910359522154,1.21713692412303
133,1544,"s14","m3",-0.505930851223712,-0.454729749746619,-0.108195520673341,-0.107209246351736,0.0796143199019338,0.409972706576356,1.72186983908948
134,1550,"s14","m3",-0.481293636219534,-0.395919658086652,-0.143555219262602,-0.106518734267771,-0.0113108060692947,0.44379257873041,1.53311141642009
135,1619,"s14","m3",-0.431829177532079,-0.314391624913031,-0.0401338096588279,-0.0486007975874966,0.142829468250782,0.627768470152457,1.34081010527082
136,1632,"s14","m3",-0.343170646285007,-0.394016882528039,-0.0532587013949157,-0.0280600545006765,0.0609635567257603,0.522185007285137,1.11625393487021
137,1639,"s14","m3",-0.448757189540678,-0.424862197614109,-0.0295052411402313,-0.0766222599471598,0.0158898131475836,0.523454600866607,1.43489044908123
138,1668,"s14","m3",-0.376960274349116,-0.287258222609313,-0.088509779108971,-0.0102344940419128,0.0193552498983379,0.643269572598715,1.01364786295487
139,1689,"s14","m3",-0.576064479629383,-0.485816813612773,-0.0698122299635703,-0.21573284838565,-0.201202130930431,0.326842781304793,1.6272803114193
140,1701,"s14","m3",-0.521490594384988,-0.390226976394057,-0.119179709771134,-0.10515854448526,-0.0335238794284616,0.529368255306882,1.83475463832262
141,1715,"s14","m3",-0.564653224322951,-0.487999031627011,-0.129323203888213,-0.099870553603777,-0.350188314620616,0.529221944843244,1.73013826692048
142,1737,"s14","m3",-0.415561625965208,-0.423466227351412,-0.089346102823428,-0.163971137530413,0.056156553516297,0.465044075388524,1.39444100514891
143,1741,"s14","m3",-0.468345501955106,-0.407761914645681,-0.0378588079969788,-0.0179913713770536,0.0541462493515333,0.552534603600214,1.44747638147695
144,1744,"s14","m3",-0.503039526630991,-0.45929610286959,-0.084784273298727,-0.135436853311342,0.0880416345029721,0.429724701883968,1.6214875444286
145,1749,"s14","m3",-0.608248510209223,-0.549246922822357,-0.179019956926995,-0.217413620286626,-0.456356729607508,0.383875055092959,1.96547888811919
146,1753,"s14","m3",-0.544557896199864,-0.401550226882851,-0.121603658088301,-0.158011935130226,-0.0666978836844275,0.503202783488202,1.56191373295059
147,1778,"s14","m3",-0.620877107996843,-0.560587808516762,-0.124294647290068,-0.159146612901372,-0.476510493027446,0.448605879332849,1.90448624534129
148,1796,"s14","m3",-0.561945882611911,-0.43527713439202,-0.118001142464072,-0.134222063823087,0.0349984387547743,0.44904549789852,1.60240093103632
149,1802,"s14","m3",-0.454327695104308,-0.411447560255148,-0.155269744656002,-0.106365641625258,-0.0848364267103036,0.491904648674837,1.50303335217234
150,1803,"s14","m3",-0.527303452973208,-0.432075511736424,-0.153167594131264,-0.0819916675061547,-0.378948074813634,0.569379350408898,1.80935743727248
151,1805,"s14","m3",-0.53472539500948,-0.408686656922164,-0.0666199767491986,-0.103508249539126,-0.123476814219296,0.498915808527039,1.39776888407159
152,1833,"s14","m3",-0.52222710652397,-0.48907217149125,-0.111876525885291,-0.178649905588248,-0.165383247417282,0.259289377953194,1.59835727940005
153,1836,"s14","m3",-0.551968872724067,-0.456994129207077,-0.170951281700851,-0.154747355933596,-0.408513587883981,0.404985427820262,1.93004986685509
154,1847,"s14","m3",-0.455052781687194,-0.320943509271619,-0.0179692049792818,-0.0643244399800031,-0.0211204221590242,0.532767147090089,1.16064126113143
155,1885,"s14","m3",-0.554407521248404,-0.493428438493892,-0.246716559003249,-0.145663307470734,-0.313126423954806,0.500814147175788,1.91682346659526
156,1902,"s14","m3",-0.513694474898082,-0.459093418658022,-0.179457384083144,-0.190094770577629,-0.0974348985631046,0.246241282652686,1.5351065571731
157,1933,"s14","m3",-0.553338247385997,-0.471011781956387,-0.161749869161596,-0.139986085816523,-0.199667872882173,0.451489910018168,1.6475828246862
158,1948,"s14","m3",-0.525091388188209,-0.431198803990688,-0.144147003548559,-0.210825285850743,-0.312476609037063,0.395350719195306,1.90377343841794
159,1957,"s14","m3",-0.672434761815102,-0.531573565435602,-0.162205563277345,-0.163949566862265,-0.172043399723451,0.477608823700582,1.79388257350772
160,1969,"s14","m3",-0.466094301919894,-0.338497068257435,-0.0630414377070878,-0.111031744159128,0.0567217225354323,0.532292405279296,1.42292822483759
161,1975,"s14","m3",-0.480080632591684,-0.456730315133691,-0.22318914074997,-0.160392489336057,-0.144087971595039,0.565637101544488,1.62583533564622
162,1987,"s14","m3",-0.529022799010945,-0.422157943250135,-0.246579972207587,-0.0816004716847892,-0.41115023653248,0.484059778850968,1.62352354001066
163,1989,"s14","m3",-0.419320482328697,-0.397753057434932,-0.0701413016990858,-0.0724782277882613,-0.0891860344253647,0.540160449813297,1.11238002071823
164,2020,"s14","m3",-0.604857465865749,-0.473493892322164,-0.101292903509354,-0.0597797186391886,-0.494026071739934,0.564068748772841,1.71776275268723
165,2022,"s14","m3",-0.470872953866343,-0.436611820470671,-0.191935611349916,-0.145813590511014,-0.256622317791645,0.480670654603239,1.76247538188473
166,2025,"s14","m3",-0.613664303712127,-0.426961520512581,-0.0603041583123294,-0.196919304170033,-0.436851906260369,0.465395450389104,1.76341488176519
167,2033,"s14","m3",-0.361541288569743,-0.35658809994526,-0.057365465496419,0.00192679028128496,0.0564718442972238,0.659673998493752,1.24658897014639
168,2035,"s14","m3",-0.569158122701204,-0.505151765885048,-0.11684439318116,-0.214514508832528,-0.319602042441863,0.438528612254537,1.86462265802984
169,2047,"s14","m3",-0.520616752361856,-0.344506611648238,-0.140296711223311,-0.080661117774858,-0.291624992825785,0.478807003209723,1.53279379291763
170,2057,"s14","m3",-0.417186146653749,-0.494223557899947,-0.0388464280835842,-0.0821745843800226,-0.0820598039318192,0.536910886224004,1.54580359492626
171,2063,"s14","m3",-0.536821454532227,-0.520675853649074,-0.210304992854895,-0.278519875570814,-0.469507151816414,0.279079819448904,1.8213649731315
172,2064,"s14","m3",-0.520506493959544,-0.439060892352647,-0.121008350770333,-0.18147091885182,-0.250111652930139,0.404133777529147,1.6855869206319
173,2075,"s14","m3",-0.39344826596115,-0.384892919449931,-0.0632598220295245,-0.0730553498767477,-0.0333706017373013,0.554380961723711,1.33664942804401
174,2076,"s14","m3",-0.500673587867049,-0.430021286474049,-0.0806170614147034,-0.102879777538393,-0.0842279529007529,0.566435179936614,1.32991216559559
175,2078,"s14","m3",-0.496761580865406,-0.411208578019619,-0.121227589149953,-0.100645724594722,-0.212943050061995,0.446184029293776,1.46696832303395
176,2084,"s14","m3",-0.558424950581176,-0.590286048323481,-0.16288935852521,-0.286766175994078,-0.565839884959011,0.320212833586704,2.22033032662568
177,2096,"s14","m3",-0.40562345627181,-0.376172103234962,-0.115971375990594,-0.0378096495603581,-0.097992204600668,0.535165238133908,1.06913448707741
178,2108,"s14","m3",-0.545315004582264,-0.461828966189612,-0.172121320745209,-0.224786855301558,-0.326955748527419,0.423581922544805,1.71404635317484
179,2116,"s14","m3",-0.589961911299423,-0.456565151846245,-0.135135755817013,-0.150787703482506,-0.102834963531167,0.558051657477186,1.63210363248407
180,2144,"s14","m3",-0.610439287660664,-0.518485706118995,-0.177650754206414,-0.187171528629579,-0.0310065385249713,0.335317123587974,1.74320069067952
181,2149,"s14","m3",-0.300960106283781,-0.250757817255376,-0.0764001095880623,0.0230964906502989,-0.0342740349646007,0.586022249272273,0.870724666208103
182,2153,"s14","m3",-0.588675637912468,-0.372444544654563,-0.201535854394631,-0.185919776833442,-0.168449452066492,0.567534769832111,2.08465778797647
183,2157,"s14","m3",-0.63529326009682,-0.466346108754682,-0.132239720747174,-0.0976514403655953,-0.326979184792727,0.472269279088031,1.88756492148573
184,2166,"s14","m3",-0.515193363094206,-0.521239604531073,-0.0331695834593029,-0.178295942108797,0.0805566047565624,0.357653215128533,1.72732100457659
185,2171,"s14","m3",-0.452569023991754,-0.384009622511194,-0.174930030994926,-0.107367575751385,-0.221444309328394,0.495848521247752,1.63411861631263
186,2189,"s14","m3",-0.550942298141695,-0.589897579529618,-0.120627138749259,-0.164797362909183,-0.163937294621419,0.525938388604277,1.88436821733931
187,2202,"s14","m3",-0.52930879687535,-0.452223729899041,-0.0772980798079094,-0.113365427120252,-0.374249065964448,0.449491854893894,1.68083265497649
188,2214,"s14","m3",-0.462966472718268,-0.416576306268737,0.0231513907931842,-0.151799526892964,0.0697636941436499,0.493115765229337,1.70819588814915
189,2219,"s14","m3",-0.530736624770663,-0.493546448468448,-0.126689047478698,-0.157773633761574,-0.165269906801985,0.3450084114659,1.61664564113043
190,2233,"s14","m3",-0.459416861666397,-0.292183225232627,-0.0162896765715835,-0.0522754014253739,-0.0492167348619456,0.516870602587985,1.16034217432092
191,2235,"s14","m3",-0.496823326216629,-0.503012636510903,-0.229370898578599,-0.160678968974402,-0.0767832226831706,0.457346159579515,1.81346871026573
192,2247,"s14","m3",-0.578037031862275,-0.423815743757161,-0.221163968525343,-0.18930502110802,-0.268147617835235,0.463578510406179,1.87037845431534
193,2252,"s14","m3",-0.561225022576802,-0.439147319902723,-0.170291577991309,-0.268192241832662,-0.134002338608643,0.536738001882624,1.91810104037402
194,2253,"s14","m3",-0.500949074519071,-0.484951023596622,-0.131640334683362,-0.140024833026447,-0.125223490253361,0.500750775165968,1.84674753718021
195,2262,"s14","m3",-0.577359397480639,-0.415194989290313,-0.235237673884702,-0.19954355643028,-0.0638069919855334,0.30726621329115,1.67302798110262
196,2265,"s14","m3",-0.440043273743803,-0.361294597620008,-0.136924890407105,-0.102288774327026,0.0133080268664956,0.536160001663121,1.59034045898489
197,2285,"s14","m3",-0.451937441972577,-0.318089929665031,-0.058220336928983,-0.0925182303921891,-0.143363253406073,0.507265010934792,1.21959564684046
198,2289,"s14","m3",-0.443427278097427,-0.533982868181452,-0.152538627871946,-0.201955314214019,-0.197376567479057,0.458081538640946,1.67711869128808
199,2294,"s14","m3",-0.510709528291002,-0.565762126371336,-0.0698836781694603,-0.17120354379991,-0.150473144651497,0.409877805727694,1.69643181327482
200,2322,"s14","m3",-0.482107734138756,-0.489622668532787,-0.191707937700568,-0.141504636245218,-0.18107030142982,0.477191039566639,1.7848227480462
201,2331,"s14","m3",-0.589309131594521,-0.447855295338924,-0.161106521371993,-0.100775048974451,-0.206535823312641,0.522720054697591,1.49471558520107
202,2339,"s14","m3",-0.491937838205704,-0.315473279962873,-0.086815676723854,4.15941622146296e-05,-0.132868014742565,0.657956422675176,1.40536108814878
203,2341,"s14","m3",-0.534001047346436,-0.458329788211387,-0.181882779191357,-0.149372426245264,0.00338943555746941,0.462946099263543,2.0787698313405
204,2346,"s14","m3",-0.561050671862723,-0.440609978620076,-0.271364231787323,-0.169567054434239,-0.738881631519629,0.54755292522665,1.97564786897689
205,2354,"s14","m3",-0.537911246725671,-0.470179261340013,-0.138936463282524,-0.174253446038292,-0.324330282128958,0.432238729361149,1.72655792429267
206,2369,"s14","m3",-0.53256555340056,-0.485545612251145,-0.237297785519091,-0.149385952199229,-0.359768003953227,0.585339214182255,1.8833950527529
207,2389,"s14","m3",-0.511949088691664,-0.394784048901135,-0.0555980841646044,-0.109415879051123,-0.0787090674929773,0.528934891332213,1.36589222767778
208,2396,"s14","m3",-0.444794208811107,-0.315633349957341,-0.05034065351023,-0.0811077062927959,-0.138670468930712,0.491629519927143,1.27309614787986
209,2400,"s14","m3",-0.564362792995465,-0.396438251322792,-0.238697272227729,-0.227090035945769,-0.650708485270552,0.474773647961041,1.79927591014489
210,2416,"s14","m3",-0.681125379894624,-0.558112806297048,-0.183453949989471,-0.296200706346337,-0.268285803786299,0.419658816972923,2.04408247460807
211,2417,"s14","m3",-0.532511328985313,-0.353887872623973,-0.0998306070614887,-0.133597949011293,-0.217781641126872,0.508494965054892,1.78339400388963
212,2432,"s14","m3",-0.473205854141818,-0.505542180838556,-0.052358414978419,-0.2162563686541,0.14277937883153,0.330836240272811,1.70738656440008
213,2442,"s14","m3",-0.545719750823096,-0.457838739201263,-0.0780352932468704,-0.138730049980961,-0.157258135727798,0.461290338340725,1.70522075537572
214,2454,"s14","m3",-0.531343919464118,-0.390566678735655,-0.192746507095522,-0.150355090703907,-0.39661996106373,0.46932396592442,1.50766161225704
215,2459,"s14","m3",-0.490043742150622,-0.29454318704708,-0.073853739199486,0.000689015693219122,0.0956730310306836,0.609820587062882,1.36062899978071
216,2465,"s14","m3",-0.568893569648135,-0.423224379672609,-0.116118624194838,-0.16404852660012,-0.0375579416719215,0.474741074177334,1.58856677719437
217,2474,"s14","m3",-0.611073955621093,-0.526572999144304,-0.175128329057422,-0.171727745402326,-0.983766256944715,0.395734997127793,2.08308106520972
218,2475,"s14","m3",-0.53959062232038,-0.419985274817615,-0.232021874678176,-0.102705568248642,-0.405043617687517,0.437286828120807,1.61236044793453
219,2493,"s14","m3",-0.597910430186325,-0.494695646099398,-0.249973751680571,-0.226081081144356,-0.277699401256078,0.42127796872443,1.98445341513745
220,2501,"s14","m3",-0.638069906512604,-0.426577226107475,-0.211267775723245,-0.0476560233066346,-0.406644013981909,0.717940999211241,1.73268344445618
221,2505,"s14","m3",-0.516764980474542,-0.497294603198946,-0.0316104026922419,-0.162296616272459,-0.0451327353663702,0.543968171388209,1.5897574157663
222,2509,"s14","m3",-0.583369936323503,-0.530927666602951,-0.234698458901544,-0.270747028622311,-0.224468078151065,0.387678796606813,1.9720500963842
223,2510,"s14","m3",-0.74178112291857,-0.421453426416609,-0.189782274713201,-0.228244664913539,-0.307439929823138,0.540638649366924,1.92148572128485
224,2520,"s14","m3",-0.417649956369406,-0.457562958005537,-0.0665407620955633,-0.0830126929731759,0.0974432927596561,0.514508322720563,1.60180802843012
225,2562,"s14","m3",-0.471935388101588,-0.479285536927232,-0.0353353131575526,-0.117952351711818,-0.311159958398788,0.453714875922259,1.36898010749531
226,2566,"s14","m3",-0.470843438200149,-0.490256936906739,-0.11747713915847,-0.253291729634473,0.0289498969392383,0.305186184251098,1.56529059182323
227,2578,"s14","m3",-0.494950274233375,-0.402803993297223,-0.178271730442637,-0.100733683451439,-0.332911501951008,0.518977938241931,1.70041705787914
228,2584,"s14","m3",-0.57252397653412,-0.490149905919286,-0.205264576787057,-0.172822630766103,-0.199322512342381,0.490898947040136,2.02082802325113
229,2604,"s14","m3",-0.495878629658987,-0.416802374432539,-0.114050959218939,-0.084252027494212,-0.0773021570938045,0.497753208215334,1.62868588793154
230,2606,"s14","m3",-0.529031389511266,-0.527957066249439,-0.093467606771123,-0.122046270579879,0.0665982103206428,0.420210352369141,1.80932934201739
231,2609,"s14","m3",-0.605280916616962,-0.397005340234036,-0.143884975414547,-0.0645832579872259,-0.395577621250651,0.572175624017903,1.59382801591408
232,2620,"s14","m3",-0.484943008787785,-0.365520627561444,-0.097682211605843,0.0114292289633161,-0.156865795750226,0.57847887373887,1.26961115446034
233,2657,"s14","m3",-0.506855127223738,-0.304380521774235,-0.104920931437,-0.0979842076206677,-0.25166778075183,0.530414450119516,1.43739155590429
234,2658,"s14","m3",-0.457874477159333,-0.475362850534622,-0.107128978079257,-0.202977810351539,-0.074974011789572,0.333154562217459,1.72455629301526
235,2663,"s14","m3",-0.566632762064009,-0.501272629382742,-0.238770932929958,-0.212125033198014,-0.540507559870761,0.387332349711823,1.81976819632493
236,2709,"s14","m3",-0.565102500636675,-0.341329141399574,-0.0975108682767707,-0.0928679535294515,-0.335377694470372,0.53429495911676,1.60031302582079
237,2734,"s14","m3",-0.450347236399924,-0.435319627414762,-0.0700582328289398,-0.152755234487648,-0.150012272133353,0.492591090047894,1.66680624833822
238,2744,"s14","m3",-0.488735090065523,-0.367950741928931,-0.183554706297618,-0.122679653263272,-0.244684286524556,0.51207478540481,1.67940822190059
239,2745,"s14","m3",-0.45716262591208,-0.580024075052759,-0.149518493574753,-0.188323006909956,0.0568464477763682,0.386359860590896,1.65612801830241
240,2750,"s14","m3",-0.535527647960965,-0.433628186161144,-0.084186256997021,-0.0993735356183444,-0.501609569889977,0.417914745078729,1.42280459489464
241,2780,"s14","m3",-0.417219306558195,-0.372927199270491,-0.17996538472323,-0.0580153075076933,-0.0993133971139586,0.493470484609526,1.27374816949074
242,2795,"s14","m3",-0.552037643734454,-0.409439501599606,-0.126418868306742,-0.0613478447542754,-0.39349060743568,0.570313501489715,1.45417590216591
243,2815,"s14","m3",-0.49773299027622,-0.398852237444839,-0.207640709097093,-0.17454945100071,-0.332150862721872,0.517738877723452,1.65288760944196
244,2818,"s14","m3",-0.274389904269541,-0.410514565193588,-0.0559533410408755,-0.0340169128358893,0.128439984873429,0.509408163948427,1.15912323676588
245,2857,"s14","m3",-0.440970027085109,-0.408543049372446,-0.111637159048847,-0.133087872950318,-0.227745585396393,0.451952069400149,1.63682855399726
246,2873,"s14","m3",-0.464659451566064,-0.443947558584704,-0.0259203446170509,-0.140503850531862,-0.126786565808069,0.406917016878967,1.32788474081057
247,2902,"s14","m3",-0.566013428246642,-0.461145313016938,-0.178624295997652,-0.135231884154236,-0.319960453888456,0.471884731105392,1.524207861082
248,2904,"s14","m3",-0.565659675491376,-0.464333912898365,-0.177182337915258,-0.158001471707958,-0.254600310497337,0.580020989675067,1.779190806922
249,2905,"s14","m3",-0.485945888597986,-0.326118148467008,-0.102955954884641,-0.0478239898378905,-0.190443026864167,0.556165687639684,1.47367175768286
250,2913,"s14","m3",-0.465020817764057,-0.433575232205613,-0.171407636383148,-0.0477698010108626,0.0461988077814162,0.475015817840786,1.45346847948191
251,2928,"s14","m3",-0.503071792285645,-0.317268850520717,-0.141114721943156,-0.05488900226855,-0.284414367136488,0.544616147356457,1.27196416336822
252,2934,"s14","m3",-0.609257366256667,-0.461110073730161,-0.161024646180971,-0.197168129773627,-0.132309231072891,0.48789957606964,1.74172847800278
253,2948,"s14","m3",-0.397038784500247,-0.377322426672599,-0.0199435915910686,-0.0706430446295891,0.181504952320348,0.590948249735463,1.20146967859002
254,2950,"s14","m3",-0.470421367857763,-0.395093710742111,-0.154273312968536,-0.111926097191266,-0.0819649717503521,0.575050322191198,1.52515020352282
255,2971,"s14","m3",-0.529127052305007,-0.390876165300019,-0.119603438805781,-0.196153505187557,-0.353033450847575,0.536934675835767,1.69420115108191
256,2976,"s14","m3",-0.549005067661661,-0.427183573913473,-0.224146774888876,-0.208240282240231,-0.251716945951386,0.423070079173932,1.68111113547405
257,2988,"s14","m3",-0.64531960569265,-0.463284262668397,-0.15503215846747,-0.133795323582496,-0.340389747381869,0.591330174712265,1.80023601638267
258,3003,"s14","m3",-0.422969566338498,-0.381888654419518,-0.157866961311795,-0.18406165432784,-0.159753637514215,0.513243017878118,1.55354086244042
259,3010,"s14","m3",-0.552710609277014,-0.576750754804436,-0.177537335390394,-0.29446253010246,-0.271943553264246,0.295202937021982,1.92857245887998
260,3015,"s14","m3",-0.541044364173034,-0.524251540484075,-0.154572888388925,-0.107902355923212,-0.446451305026455,0.464468482165489,1.6182495362584
261,3019,"s14","m3",-0.495196926168568,-0.37115815776645,-0.0165459918416414,-0.0453846910121685,0.114011253628797,0.62057297460045,1.34786857869611
262,3033,"s14","m3",-0.492847122240557,-0.392091754024276,-0.197780413911817,-0.101698154466099,-0.345968896584596,0.556838456852932,1.61835010143986
263,3035,"s14","m3",-0.697365483753199,-0.512075320481171,-0.288346729372764,-0.18493920623632,-0.515395611126137,0.52161844799744,1.77176170038431
264,3043,"s14","m3",-0.539452147397811,-0.328902398290325,-0.158026108976362,-0.143976422571986,-0.201328050925732,0.478798280537005,1.49492969141176
265,3070,"s14","m3",-0.466708115754536,-0.354808543759852,-0.136048234875969,-0.0901395054143156,-0.234787051032195,0.630503864220136,1.55738454248974
266,3089,"s14","m3",-0.433527526773433,-0.316210225190452,0.00629770718788793,-0.0768252139331214,-0.314012900387001,0.49495639428505,1.1225788754218
267,3102,"s14","m3",-0.426231413673255,-0.512015531637242,-0.0594227435162767,-0.0529370775554459,0.141626892550446,0.454012370571006,1.61975997049148
268,3110,"s14","m3",-0.586748788961797,-0.43152952669209,-0.168444391253089,-0.106963274734511,-0.176560158714206,0.503355282023502,1.58808553563718
269,3115,"s14","m3",-0.617797963302962,-0.550537546989148,-0.195797302369208,-0.152988748201054,-0.274899331138504,0.340189130166849,1.77600554824098
270,3121,"s14","m3",-0.494664800973373,-0.45423806128106,-0.143938675546779,-0.207332432364526,-0.429858073053608,0.312861503205818,1.51188458698264
271,3131,"s14","m3",-0.505846974088537,-0.413278442700356,-0.113093545380366,-0.0972287031945556,-0.183951607218662,0.631880504545012,1.62938080909494
272,3137,"s14","m3",-0.4761563598696,-0.341668107593763,-0.0948641042668707,-0.023391221117836,-0.163302188089495,0.551150949796788,1.14579679667769
273,3140,"s14","m3",-0.536987514122149,-0.403268823268557,-0.099300821183348,-0.0822735773719881,-0.41704464254645,0.445148364628085,1.56945011995178
274,3181,"s14","m3",-0.456798703022283,-0.311110831487291,-0.0690418312363195,-0.0638263769782577,-0.132915199556899,0.541164142660424,1.39013868711065
275,3200,"s14","m3",-0.48481939098938,-0.426162873829421,-0.0689251074545548,-0.050487378849738,-0.0263839481867348,0.553475910151501,1.46395183805402
276,3208,"s14","m3",-0.444563409841663,-0.284003211911788,-0.113930267473036,0.00433105663651282,-0.178400523449616,0.526925612298419,1.30297306631414
277,3226,"s14","m3",-0.459737885011301,-0.46909832129527,-0.0853135484297363,-0.118724886338467,-0.0240529181869299,0.370482184759378,1.41043578001842
278,3231,"s14","m3",-0.403006109383986,-0.418583036773009,-0.0759185350263876,-0.139289390676927,-0.134672420720319,0.525390370921955,1.41427832580469
279,3241,"s14","m3",-0.534903419197357,-0.41042533130052,-0.235943909545801,-0.176371001978253,-0.275247930899194,0.545018331136992,1.86641365018379
280,3244,"s14","m3",-0.538603445628822,-0.513061530875493,-0.248459520609745,-0.171174884839426,-0.155080990428862,0.438298296754375,1.83976339736131
281,3260,"s14","m3",-0.534828308930548,-0.487290099847177,-0.207927382929173,-0.113155014177579,-0.0666082266995414,0.507958874406195,1.7453601483852
282,3269,"s14","m3",-0.496310835131148,-0.377954236906903,-0.0596923842456122,-0.156842657599945,-0.0513445513667139,0.553380977856451,1.40938008196722
283,3272,"s14","m3",-0.411266207847319,-0.319479037789895,-0.0606100954257022,-0.0310510740070547,-0.122713968620521,0.567434492385662,1.1257137898044
284,3286,"s14","m3",-0.509610259275971,-0.534840031933102,-0.0551300400412497,-0.12355065574137,-0.0725772889020838,0.369850130193015,1.69206961702675
285,3322,"s14","m3",-0.550059760442421,-0.428194110264253,-0.0975432457381183,-0.100848563737974,-0.097947485130888,0.62127298078223,1.6842189928997
286,3344,"s14","m3",-0.582091547527611,-0.338517793196412,-0.0921653760894329,-0.237337394154036,-0.366167405014304,0.469139789049984,1.5965074767789
287,3379,"s14","m3",-0.419502594679822,-0.301884578770776,-0.00139997365417451,-0.0346042907578814,-0.0517995214814707,0.61215184894329,1.18450208136722
288,3382,"s14","m3",-0.57240026471202,-0.476971194607536,-0.224042862330187,-0.0648347662465285,-0.247552576013923,0.632651882754037,1.74631853015975
289,3406,"s14","m3",-0.518888413910828,-0.311922752264914,-0.129486642221618,-0.0644817907547777,-0.0872152167124974,0.578324114868949,1.30179692936435
290,3411,"s14","m3",-0.348611228772698,-0.360936632002942,0.0338258245567436,-0.0532375789800539,0.218926077679542,0.398133973854474,1.08683720162875
291,3425,"s14","m3",-0.482483594204935,-0.498312597597038,-0.109326976953136,-0.119203798699662,-0.0632323366542188,0.438698480407785,1.54414216291068
292,3428,"s14","m3",-0.367253667858882,-0.308599845890394,-0.0184065972840728,0.0232555355408512,-0.112084185945095,0.634294769897256,1.31126371658792
293,3452,"s14","m3",-0.579987050772041,-0.498238230290089,-0.113725782754302,-0.21561774888406,-0.171531789125804,0.38155000151473,1.57661299971734
294,3457,"s14","m3",-0.539595201656533,-0.478201166639605,-0.226535918242549,-0.190256522352052,-0.620256495225952,0.475460528015762,1.61885247291174
295,3475,"s14","m3",-0.45926206568458,-0.401816743737087,-0.0968434925243903,-0.147430152305327,0.0365352103126409,0.563859751019645,1.50348351083371
296,3479,"s14","m3",-0.522311589822237,-0.324191034214971,-0.0729998874772466,-0.0483216971853553,-0.540100619919031,0.525210474284772,1.28562398169266
297,3481,"s14","m3",-0.513834606780016,-0.433286889164992,-0.184028501705455,-0.0529304815798792,-0.387160116654208,0.462493573456956,1.23085683383823
298,3512,"s14","m3",-0.458123561834705,-0.355027342042017,-0.135295350253973,-0.0641358928717642,-0.145148289487945,0.62975198601461,1.44871988133536
299,3559,"s14","m3",-0.556043789176519,-0.416770003617942,-0.117749531297324,-0.115085840546314,-0.00515882693621428,0.509188625210098,1.50385599182407
300,3562,"s14","m3",-0.520506766716302,-0.385044926678257,-0.200341340728898,-0.105253573805678,-0.592307407142417,0.508520340514851,1.40236420715763
301,3606,"s14","m3",-0.531374663975406,-0.440249033755122,-0.0797975869199682,-0.154732972337368,-0.0848454824392737,0.626416293220774,1.76961697200629
302,3611,"s14","m3",-0.58979300217316,-0.436344202896886,-0.0721114179431756,-0.0921031720693435,-0.14780908671647,0.488254729037273,1.52161349047494
303,3615,"s14","m3",-0.522439789987774,-0.389483019121599,-0.1421086728792,-0.171973879534797,-0.30267195563258,0.535373657643922,1.51168918689841
304,3654,"s14","m3",-0.467605427196467,-0.344927053297479,-0.14551133619176,-0.0902996552588107,-0.266832243125465,0.579962436464312,1.29306272228569
305,3656,"s14","m3",-0.66168514192207,-0.450817105870519,-0.195917162860809,-0.0484258900389163,-0.456398626627212,0.497349952511215,1.8589232334758
306,3657,"s14","m3",-0.489111407201848,-0.539787549928847,-0.100044741507815,-0.17929236740254,-0.156403567587444,0.509930083132057,1.60476465428643
307,3681,"s14","m3",-0.539663055437224,-0.409726706152676,-0.152769729301762,-0.128535805666528,-0.206155557360272,0.503697139680044,1.61343943885557
308,3685,"s14","m3",-0.47480735271337,-0.488564814629316,-0.131471923678119,-0.184273879415636,-0.32984626458529,0.429149040345455,1.90069713736655
309,3692,"s14","m3",-0.605796536539992,-0.522971357397059,-0.10455273718559,-0.191271558753104,-0.0687093800808413,0.386504642823503,1.70256990828349
310,3722,"s14","m3",-0.331020401014851,-0.344592263660132,-0.0839707808079444,-0.0288995355527825,0.0893907123642373,0.636001255012051,1.26099751973312
311,3739,"s14","m3",-0.61463625969852,-0.397268950917117,-0.0986466955822465,-0.0715977957081799,-0.327961296841719,0.58055660383815,1.58221155388153
312,3740,"s14","m3",-0.489131313657038,-0.356049563914085,-0.134163772491044,-0.0348288575157878,-0.184137007869044,0.555251698471031,1.38085332226873
313,3768,"s14","m3",-0.534470626513398,-0.439749488673636,-0.128652686208624,-0.0716783264499002,-0.00663013185101786,0.476989543560914,1.61977136573635
314,3769,"s14","m3",-0.519138323191241,-0.503427763487708,-0.275785521075313,-0.16250488384311,-0.410983198703487,0.400044728526646,1.82546308324644
315,3793,"s14","m3",-0.582158407579998,-0.510870965186108,-0.177098884600719,-0.22575912128205,-0.215112581729631,0.51506644231819,1.9606243538328
316,3816,"s14","m3",-0.534867703471535,-0.526993706081625,-0.165911454255637,-0.189894441983423,-0.0742253775997074,0.398008611392406,1.87212246597194
317,3827,"s14","m3",-0.578074892286196,-0.41575190268213,-0.139569951181477,-0.146871338840829,-0.439567403452406,0.429214948814436,1.42011509570626
318,3857,"s14","m3",-0.54583518520814,-0.543922914659263,-0.0396785680650024,-0.179423535538302,0.0154498626868558,0.326952520476378,1.80470467228824
319,3862,"s14","m3",-0.454592482394017,-0.373391729456071,-0.165523162038536,-0.096669203837143,-0.377739218627434,0.486112881448428,1.37427695564911
320,3863,"s14","m3",-0.51164952827728,-0.436381763347224,-0.0894619190497688,-0.212791372013832,-0.145784993513367,0.473252912082867,1.78371872318521
321,3879,"s14","m3",-0.41985071746334,-0.343262702755898,-0.0284165166395086,-0.0547569880523044,-0.162381960148972,0.669003351956707,1.22931852513593
322,3881,"s14","m3",-0.590138517022193,-0.523863070773841,-0.119914559910309,-0.0267771943625479,-0.232829422157975,0.552368564464351,1.75453904033973
323,3883,"s14","m3",-0.485256653645799,-0.513982843496494,-0.138884698618672,-0.112707909587365,-0.263140093433194,0.388306709954879,1.56744464075654
324,3887,"s14","m3",-0.443279744445901,-0.453497979768067,-0.0683154452878027,-0.0922084368924095,-0.0593006782839282,0.426075663397118,1.37238121213611
325,3926,"s14","m3",-0.455073915206047,-0.35791811026282,-0.084372965458723,-0.0953314648279532,-0.171505644465008,0.508974828446256,1.54207497388006
326,3930,"s14","m3",-0.55648137513124,-0.497778630414812,-0.128803962751323,-0.0539130326850188,-0.195892238640264,0.476335101950987,1.69423973215331
327,3950,"s14","m3",-0.528836729609996,-0.436537269049684,-0.179824717010379,-0.0940349055588615,-0.12320478684283,0.587820733842799,1.47795059823494
328,3958,"s14","m3",-0.535885808101744,-0.400975183752287,-0.140400314933629,-0.0588585115781465,-0.134149525421401,0.520529829029654,1.48919746318399
329,3961,"s14","m3",-0.397940182995679,-0.352778653865521,-0.10294218076183,-0.0594101079969618,-0.093869946711629,0.619595943744606,1.35333495765248
330,3978,"s14","m3",-0.502458455234826,-0.551296735008653,-0.109585833646014,-0.180544429745929,-0.154499040227113,0.379209701541284,1.77100150961247
331,3981,"s14","m3",-0.451324268082679,-0.437563159576897,-0.0610015044686634,-0.0525677482221172,0.0193129679501069,0.590427944749872,1.64719219995092
332,3984,"s14","m3",-0.345859354011227,-0.331387928004781,0.133997821764012,-0.106505837270389,0.21542772635441,0.549146813405798,1.13931410016237
333,3990,"s14","m3",-0.567236661026319,-0.315283052068888,-0.0821385147378454,-0.0500958618302018,-0.0263368505612386,0.685872070151246,1.51184420256556
334,3994,"s14","m3",-0.492498028864163,-0.413969129390917,-0.0368646744288229,-0.0898730139644673,0.0484793023515235,0.536791053791676,1.22365258978846
335,3997,"s14","m3",-0.595002212452148,-0.456590855388582,-0.165196078271874,-0.182418620185416,-0.365523037154843,0.45951008350008,1.73806849991855
336,4000,"s14","m3",-0.465147584677536,-0.39273794775033,-0.0911509730942609,-0.0908436114497871,-0.0217188605662599,0.522150778845342,1.53041940341427
337,4003,"s14","m3",-0.56639004774345,-0.344676575810991,-0.218895757668785,-0.0808289023415772,-0.410024019857825,0.498182289218338,1.5616938388606
338,4041,"s14","m3",-0.517588684945785,-0.359312802388423,-0.0687795568370435,-0.148551662458548,-0.22554284099027,0.540454742288106,1.59225385771618
339,4057,"s14","m3",-0.552399703912456,-0.361209770941722,-0.120907374036395,-0.00843746534049114,-0.438879234203694,0.618453849344453,1.50239205840601
340,4069,"s14","m3",-0.469340642605483,-0.512245657749801,-0.151802046720066,-0.128402451229776,-0.199138198786711,0.572970005613341,1.77623872817924
341,4089,"s14","m3",-0.626011265139049,-0.505037124615749,-0.238859135975847,-0.197660234345995,-0.720091050267649,0.371198048366627,1.9373785085167
342,4105,"s14","m3",-0.65023983938249,-0.504490171892552,-0.0526734030807981,-0.125264049804303,-0.295837950132445,0.332437185489039,1.50145753609611
343,4118,"s14","m3",-0.57128102964791,-0.428114996297075,-0.169222228860422,-0.0110849413544303,-0.314235861784528,0.539088174613064,1.4079852307947
344,4145,"s14","m3",-0.504274052820733,-0.433755676712627,-0.201606038177022,-0.145684381049939,-0.430309631501148,0.579123290799852,1.52639288419359
345,4162,"s14","m3",-0.526555730695397,-0.51753348214338,-0.108168602555432,-0.241990165256919,-0.103957893240296,0.337759540550803,1.75428540906419
346,4185,"s14","m3",-0.489241789726349,-0.383706091959191,-0.0800934245569921,-0.094211630040037,-0.118987388898784,0.472800703658843,1.48284336878888
347,4186,"s14","m3",-0.435000426351451,-0.211582907147634,-0.0437902868103042,-0.0397704803133372,-0.128853088638925,0.605431105690715,0.974909457104215
348,4197,"s14","m3",-0.514162445174409,-0.415114540900165,-0.00351610061836261,-0.066965459510543,-0.109631419409977,0.592138722209983,1.4077484440783
349,4205,"s14","m3",-0.492185757395139,-0.377212776805343,-0.182001827569899,-0.133432767491663,-0.442485491535766,0.500002668006919,1.3481577387899
350,4213,"s14","m3",-0.541126908003794,-0.506006814689762,-0.0787521851657995,-0.17532932671813,-0.022667096100215,0.525096464698415,1.72886183862517
351,4226,"s14","m3",-0.569181530451496,-0.51284532406417,-0.180013593509322,-0.184679887371533,-0.0820272091331307,0.368359330398013,1.97016932316728
352,4234,"s14","m3",-0.470031703528477,-0.309983207265081,-0.161114529851306,-0.00980355730363033,-0.0765186665036501,0.668922978079887,1.39190749534479
353,4238,"s14","m3",-0.517515337765745,-0.521517990013218,-0.0936508340448114,-0.202160220918587,-0.149387361574809,0.378249840074841,1.54338194562615
354,4258,"s14","m3",-0.537709286705617,-0.540082188351454,-0.206256367699573,-0.137773232467512,-0.205441543777275,0.454525507465166,1.58043944165836
355,4262,"s14","m3",-0.492769859407232,-0.392274149935971,-0.0706342186508743,-0.160355271523692,-0.192418915053584,0.526696777293245,1.37405846122894
356,4266,"s14","m3",-0.612824711367644,-0.512399154625664,-0.158654920224196,-0.170135140382052,-0.271652938346593,0.473946039882132,1.79890192958453
357,4269,"s14","m3",-0.531028153137622,-0.411963938037589,-0.0128173954934525,-0.111694141969693,-0.360480278965751,0.471960838436627,1.60849566162343
358,4274,"s14","m3",-0.413536230722685,-0.420590181561209,-0.0963181659278506,-0.024498052893294,-0.0628623743735203,0.559502747875521,1.2996062472946
359,4296,"s14","m3",-0.545474176098479,-0.546070618187414,-0.1751552916954,-0.145920366376839,-0.272151929109366,0.529440586956742,2.03150974880278
360,4300,"s14","m3",-0.464293300315768,-0.410217678976846,-0.162694437437405,-0.16319912388413,-0.0599117924655376,0.424473523079184,1.45602448996697
361,4305,"s14","m3",-0.617679183609398,-0.510011884348604,-0.247917159388959,-0.0858361133757015,-0.288661885272465,0.419258880520395,1.89864656727232
362,4309,"s14","m3",-0.517288000663882,-0.543875495858501,-0.0840331499569373,-0.259160946002883,0.0527337518298049,0.407721630674792,1.90166377423683
363,4332,"s14","m3",-0.378824800627117,-0.436090404333119,-0.0224513959135513,-0.184332717276977,0.0526747001625005,0.365697079977617,1.19787186110112
364,4342,"s14","m3",-0.472630430405296,-0.49471133939407,-0.111295967034394,-0.218749686553291,0.133350030961192,0.312656233358597,1.73657593194847
365,4343,"s14","m3",-0.451495802716982,-0.407000234375681,-0.0536134513909505,-0.118204280675157,0.0660883501154761,0.5322354407535,1.58660237152668
366,4352,"s14","m3",-0.373474586186074,-0.436908310869807,0.00193805302850015,-0.183177370387199,0.196257033021025,0.34671595980717,1.56355013728054
367,4360,"s14","m3",-0.449049068207355,-0.416574950248168,-0.0554923200969394,-0.174573100275063,-0.000838255527195483,0.331804289833153,1.56739196915308
368,4361,"s14","m3",-0.462067288754744,-0.406655443806141,0.00786399177198103,-0.0359853097284347,0.252995289191242,0.585363540387941,1.38662603809743
369,4379,"s14","m3",-0.617768034920289,-0.51611231818491,-0.209407060739693,-0.0812962842673693,-0.340037689476667,0.462426970281855,1.79399267615782
370,4383,"s14","m3",-0.54000597198427,-0.540535606598073,-0.217817256978018,-0.180210354042651,-0.344568629091647,0.392161498121653,1.82408620967925
371,4392,"s14","m3",-0.561792252074715,-0.492130942211068,-0.200682896645218,-0.196416061291239,-0.271538991651549,0.319266209940017,1.79939517657372
372,4408,"s14","m3",-0.400945484139355,-0.182889755803214,-0.0141737181570087,0.0694012944573085,-0.0249388741285116,0.754772626416208,0.957371445117672
373,4427,"s14","m3",-0.569879956716725,-0.444928287286279,-0.254557782176738,-0.185056480544944,-0.408039451832159,0.517739164504814,1.95231587750875
374,4436,"s14","m3",-0.485701270453874,-0.439118150468487,-0.130286316624112,-0.142859969328793,-0.304308606987916,0.451001934558523,1.38667136755873
375,4450,"s14","m3",-0.57840563419371,-0.40046171614728,-0.161967424027892,-0.136614561698179,-0.385715885410844,0.588445140516464,1.70327673130815
376,4477,"s14","m3",-0.563199263182799,-0.355828154209679,-0.223452496533264,-0.10008434105883,-0.383532898889582,0.546057412380787,1.54321092660211
377,4484,"s14","m3",-0.541167567564857,-0.439422338985028,-0.114322661090929,-0.13439635497819,-0.0823577161177225,0.507859861551387,1.7625137729424
378,4488,"s14","m3",-0.44685340528129,-0.289220914182269,-0.070781626502011,-0.0135821264186143,-0.0963660284963047,0.728431341155984,1.35878626407283
379,4491,"s14","m3",-0.345103132664733,-0.284947360797163,0.0345358948890631,-0.0273133566005636,0.146690751520698,0.598254302797248,1.05156509726961
380,4495,"s14","m3",-0.334512073219602,-0.28007512668497,0.00121375900651704,-0.0628684514157285,0.081074707608701,0.577908892618331,1.19479570647817
381,4498,"s14","m3",-0.406174924832134,-0.428535657289019,-0.0905021791979966,-0.113313175750812,-0.0759869271301788,0.531946334863032,1.5614030831585
382,4504,"s14","m3",-0.565368003155538,-0.507214657278241,-0.188037068210487,-0.250075148074683,-0.258545735403955,0.341824093903475,1.819350519927
383,4528,"s14","m3",-0.483678909236343,-0.473085227263672,-0.148657519825476,-0.094411679568698,-0.135316409519406,0.536154717169529,1.71588737226695
384,4542,"s14","m3",-0.510751904287433,-0.473710967313956,-0.166746638425126,-0.0900235870510459,-0.23489469006256,0.556862736998248,1.74495633788901
385,4556,"s14","m3",-0.586004866093014,-0.404050404750792,-0.155258197123041,-0.0690343195854571,-0.418835576296656,0.577707404230819,1.24600233599757
386,4564,"s14","m3",-0.54535822827046,-0.508553955510349,-0.146857933973783,-0.152789707446822,-0.370667423687702,0.399185209569623,1.69529199127877
387,4575,"s14","m3",-0.520444833037005,-0.3857397484337,-0.197476776755493,-0.108673750493576,-0.471460810945664,0.670226454076481,1.51233034998206
388,4576,"s14","m3",-0.58108785215878,-0.488113329210471,-0.170745178664338,-0.226430075689955,-0.150753371605078,0.374855040016337,1.79953244243672
389,4591,"s14","m3",-0.595797614455616,-0.495170120739632,-0.161490335357888,-0.207479863033854,-0.0629634730450554,0.528130819921719,1.9073554484654
390,4592,"s14","m3",-0.455662311650377,-0.318317243729879,-0.0376847410166907,-0.124963377407548,-0.0140326883900596,0.567781551722264,1.31026537486522
391,4600,"s14","m3",-0.710821933897181,-0.49157012606613,-0.239440627800383,-0.199694609808201,-0.766529423482825,0.407072805743288,1.79519705332778
392,4603,"s14","m3",-0.422731246371615,-0.39222882581411,-0.0784561943801887,-0.112886702786482,-0.157810341553637,0.514173173760692,1.32345523472844
393,4604,"s14","m3",-0.46918310918092,-0.372588846216001,-0.158988481179547,-0.124768964603026,-0.12566539986229,0.457483673266324,1.46786510983563
394,4605,"s14","m3",-0.510629004310938,-0.440874372038355,-0.113167900124041,-0.105064207895907,-0.0578941518069803,0.447610955280367,1.56056112414971
395,4607,"s14","m3",-0.535310804209516,-0.421009140309899,-0.114381215839258,-0.130675070938379,-0.141124560523868,0.55684002568578,1.62924555431619
396,4614,"s14","m3",-0.614251275517371,-0.430277029277904,-0.166031172933794,-0.223930346694012,-0.571018658489903,0.413962198825337,1.66018961333571
397,4621,"s14","m3",-0.554008538912688,-0.47564070814291,-0.141002428267017,-0.219537784566725,-0.450249004173017,0.330751584505283,1.56155261027993
398,4626,"s14","m3",-0.360681636245093,-0.34899681660326,-0.109289640525175,-0.0733500791336377,-0.0645432083757179,0.549477243399348,1.35043522887772
399,4640,"s14","m3",-0.5281896880161,-0.473509663082855,-0.193680971109671,-0.0825546808542468,-0.227690994959508,0.485103646416468,1.63466968801032
400,4643,"s14","m3",-0.499716988329198,-0.397410689805386,-0.0532112898774324,-0.121418490515025,-0.144388384129721,0.532983850249283,1.52157221237938
401,4647,"s14","m3",-0.477572800396876,-0.416288570258102,-0.141366188151573,-0.156252066620117,-0.235552295502605,0.399947873772038,1.55379982306055
402,4649,"s14","m3",-0.388514698810701,-0.332953698888855,-0.0219688176002112,-0.075717289390133,-0.00387784084445075,0.56960973254542,1.34239857451029
403,4678,"s14","m3",-0.482048744101484,-0.305317861610384,-0.0714510794315012,0.0408588046149782,0.0514932197076135,0.627893819272531,1.24292813500989
404,4692,"s14","m3",-0.595897461933012,-0.466521491785719,-0.116000781123274,-0.14976368579394,-0.254923826755925,0.448826016628807,1.42803406682958
405,4701,"s14","m3",-0.494612713137739,-0.443161255311887,-0.124588859519133,-0.171696904300841,-0.101845086776557,0.514880216849112,1.84190006314821
406,4703,"s14","m3",-0.536347369355813,-0.517734820170739,-0.0762874702504297,-0.195502418181438,-0.109774449319366,0.469948179113302,1.64753162384769
407,4709,"s14","m3",-0.575465778423771,-0.52689327346055,-0.171955853762165,-0.193290248429719,-0.531916876035182,0.401486515821797,1.75102424551106
408,4712,"s14","m3",-0.525081690946121,-0.412240902940346,-0.0813709661827018,-0.189290593016782,-0.127299192971702,0.426254286437189,1.51510258466041
409,4718,"s14","m3",-0.515592798432004,-0.512201519027899,-0.13818597730532,-0.210151551442803,-0.215784494610758,0.444692652384885,1.72863395853492
410,4722,"s14","m3",-0.243769478793716,-0.198421512272158,0.0153992657398238,-0.0233890742414308,0.30196245271533,0.667126416645829,1.01928417468918
411,4728,"s14","m3",-0.565932665576314,-0.375929113097787,-0.219423497663962,-0.0569156836194697,-0.252886104488877,0.519830720032066,1.68071000272366
412,4739,"s14","m3",-0.34225661208765,-0.31429382801913,-0.0476623333065352,-0.0207097397529454,0.112610630508656,0.60174647012212,1.27111355816263
413,4744,"s14","m3",-0.461870181188944,-0.40669944796534,-0.205066371561272,-0.0579177031685013,-0.25844890908915,0.588417387535882,1.4265039684504
414,4747,"s14","m3",-0.474913011337286,-0.466659556748412,-0.156631170513176,-0.130150947789977,-0.254562439277749,0.520343246937701,1.83353139871547
415,4759,"s14","m3",-0.493593199302194,-0.385232627801233,-0.057153407533599,-0.135475054472289,-0.020121074664548,0.410898438298317,1.50367431717328
416,4765,"s14","m3",-0.425659431465231,-0.384935783386007,-0.211885221945883,-0.182047715170969,-0.219584639042739,0.415748139371185,1.5734923377585
417,4772,"s14","m3",-0.576996478337128,-0.546816368114298,-0.175161622010783,-0.290348036466473,-0.652787007772554,0.31594818139074,1.85888557845671
418,4791,"s14","m3",-0.599906808749465,-0.528831955902338,-0.112315442865927,-0.180637350318122,-0.416813568148548,0.391383725430549,1.82425525731386
419,4796,"s14","m3",-0.603572484236883,-0.384366097604587,-0.165383829419073,-0.181906651856921,-0.307455754773114,0.479571815443777,1.49119003236178
420,4811,"s14","m3",-0.530509262467207,-0.429585139308649,-0.104863010069263,-0.135572010676175,-0.203681595231002,0.355699668827914,1.51074182176793
421,4826,"s14","m3",-0.577957169332568,-0.457830654248688,-0.133066444192874,-0.210115820930883,-0.268512261019815,0.427820179651311,1.87227628649694
422,4875,"s14","m3",-0.540742448373447,-0.446078292572135,-0.2254990332387,-0.142178687180085,-0.250948708748701,0.492415425981833,1.68948016698866
423,4880,"s14","m3",-0.481625522850425,-0.449349512736002,-0.111703160745769,-0.119630996348862,-0.214591300474877,0.508355038897308,1.61904793008346
424,4888,"s14","m3",-0.445620178911424,-0.374004629410938,-0.0440090744301384,-0.0768291801941718,-0.0955830841117747,0.476284850553595,1.26150550316001
425,4930,"s14","m3",-0.558025604469905,-0.589403624804975,-0.238040892599915,-0.346367834532138,-0.207780374460279,0.326668405117949,2.17357079984519
426,4931,"s14","m3",-0.538372238793136,-0.54515076483113,-0.158463937859884,-0.136686850253873,-0.111100654789709,0.339146756348067,1.57852149373453
427,4940,"s14","m3",-0.566666533739478,-0.522989900148575,-0.191913590797927,-0.147224568036891,-0.122248623286516,0.580144954957967,2.01459629831391
428,4983,"s14","m3",-0.487689740304341,-0.543083249302372,-0.122435227662214,-0.18115681195552,0.0352621363180784,0.265637761476755,1.85342742033468
429,5045,"s14","m3",-0.539549770961977,-0.494271721202287,-0.0837854126265785,-0.19821845830629,-0.206052809632891,0.413459043801237,1.69892219752692
430,5080,"s14","m3",-0.584160565910387,-0.317171533717334,-0.123980642318797,-0.0955940678018022,-0.409538812088111,0.6138591890033,1.3813551679748
431,5084,"s14","m3",-0.601261607079189,-0.495647984839714,-0.177073131832103,-0.107745485022054,-0.250915353404866,0.54530906387212,1.66298919257462
432,5089,"s14","m3",-0.552867736505977,-0.468868635038906,-0.198002791520362,-0.205837397519134,-0.249482987117361,0.508656328112825,1.7879544527606
433,5097,"s14","m3",-0.633797132383662,-0.4870173020829,-0.123823831179667,-0.0774697859341994,-0.226945242047846,0.500797447538352,1.69852888069858
434,5119,"s14","m3",-0.505257804047005,-0.452467238553147,-0.133412089357313,-0.179911402550485,-0.152036208469423,0.35030340472993,1.65566603118121
435,5120,"s14","m3",-0.460410362290604,-0.410759072666736,-0.157692417730707,-0.119595749573939,-0.0765963093396154,0.500773941182156,1.48880522892549
436,5124,"s14","m3",-0.470095981944552,-0.389146861686486,-0.0707688188983332,-0.0797874037894049,-0.206466158911563,0.561236684108807,1.41154028781651
437,5132,"s14","m3",-0.419931869420862,-0.444970071388193,-0.0961170262406789,-0.0894668671295236,0.0150779153716419,0.592307202565244,1.43073480969977
438,5136,"s14","m3",-0.605789663171002,-0.510535117345304,-0.254785499217931,-0.126077118142484,-0.233347212941331,0.364739266798335,1.94067362398088
439,5142,"s14","m3",-0.710073288893813,-0.469447341710245,-0.257915160094036,-0.169713927539018,-0.951181720765357,0.466351800928852,1.80516356084235
440,5152,"s14","m3",-0.463180849417721,-0.363493036151095,0.00842403244712074,-0.105507029596357,-0.0865593984419694,0.501058322241261,1.33692546595222
441,5173,"s14","m3",-0.402567550335535,-0.304231080828111,0.0371061630750457,-0.114381098713869,0.158670002528802,0.491294730104809,1.07947544142733
442,5185,"s14","m3",-0.405443890309171,-0.35659089401849,-0.0818443316375882,-0.0660698065505565,-0.050163147995038,0.608858551370497,1.16619865252956
443,5188,"s14","m3",-0.573343366259291,-0.391502184907431,-0.0446390034946002,-0.217650252504373,-0.233560740587448,0.333574056927941,1.54286638857449
444,5190,"s14","m3",-0.683018892001995,-0.511925763855374,-0.119838189916966,-0.21659308024068,-0.280920167644023,0.372333667720054,1.79278102872786
445,5191,"s14","m3",-0.586620330846917,-0.528951100326033,-0.10794385809473,-0.239327926084564,-0.334269580921985,0.496792516384681,1.75157889563655
446,5226,"s14","m3",-0.442407757206322,-0.304695334955924,-0.046276458509429,0.0119663602554534,0.0464539946275582,0.649479493456417,1.33842301711324
447,5245,"s14","m3",-0.356275856475517,-0.283395747080251,-0.147220290866347,0.0128953144846383,-0.115059810334581,0.757483460837719,1.17222889162379
448,5246,"s14","m3",-0.504415600743024,-0.514759898771877,-0.0722636582933694,-0.161351638188211,0.00913082153164095,0.35111073520417,1.82504386533929
449,5255,"s14","m3",-0.612351025927674,-0.521146086870559,-0.135586912649969,-0.210353062208603,-0.319650898651901,0.359841888515733,1.64248098056575
450,5268,"s14","m3",-0.525285345863415,-0.455946438628286,-0.0334317234546038,-0.159837680035615,-0.187436737896328,0.439633876133866,1.32256539216519
451,5301,"s14","m3",-0.483457630255747,-0.362692917047759,-0.102501654123049,-0.0916029334912502,-0.287921628098247,0.550268929714392,1.45969692999021
452,5303,"s14","m3",-0.587587866574108,-0.425338356389043,-0.148531070069149,-0.152648884949843,-0.293563428048069,0.482694461912958,1.96750484706409
453,5311,"s14","m3",-0.455238292017265,-0.332183471656061,-0.0159478257035989,-0.0102375156742267,0.120590673621823,0.660914579937951,1.19782157570168
454,5319,"s14","m3",-0.509450434277282,-0.389649754755612,-0.152733145728839,-0.0912343931416731,-0.0902802675772083,0.527308866668237,1.59067490175581
455,5329,"s14","m3",-0.517723418145373,-0.433685975046505,-0.131078907556253,-0.0837543434938159,-0.528410233359534,0.532100160616197,1.58608614985839
456,5332,"s14","m3",-0.41153204391948,-0.368406630711792,-0.140495586050929,-0.0602124289599334,-0.11345336861121,0.593967343768279,1.41073967564029
457,5340,"s14","m3",-0.486514876485176,-0.422457742062146,-0.0812139301828016,-0.0273162252593511,0.10058639877192,0.599426528130833,1.49751357303999
458,5348,"s14","m3",-0.605452799914528,-0.611634067306457,-0.217594453123604,-0.246639533559883,-0.076578699299408,0.338982016823618,1.89319316847914
459,5362,"s14","m3",-0.492959804417262,-0.471927153053016,-0.0828250088699047,-0.163996570868104,0.104189497229344,0.409428784459272,1.67082865948193
460,5380,"s14","m3",-0.526707219009501,-0.310228153742955,-0.167721425669647,-0.144770025709354,-0.253876357742296,0.634706769456159,1.41570273128054
461,5400,"s14","m3",-0.550094696245743,-0.472315764862372,-0.183809393042208,-0.177160794807833,-0.293966926464507,0.461762895110888,1.68484062027826
462,5408,"s14","m3",-0.579675137714399,-0.624510445712085,-0.144565307097754,-0.142767813550394,-0.155446317984224,0.466385287913745,1.88288932719378
463,5463,"s14","m3",-0.589974185121019,-0.447938510310961,-0.133984004058685,-0.178938657428996,-0.292960332002869,0.534146243239586,1.95568014635942
464,5483,"s14","m3",-0.503263975912592,-0.436915862128063,-0.0625572629644479,-0.045648240995705,-0.174789675490849,0.552433333150828,1.5082655667493
465,5506,"s14","m3",-0.463979851534018,-0.47758075169346,-0.175387446916922,-0.265023509677275,-0.138112683567592,0.235083431224105,1.71687233075885
466,5515,"s14","m3",-0.617662983897287,-0.462218035855218,-0.15105677836278,-0.0963544742707947,-0.363495316574629,0.489635795082228,1.64920030081994
467,5535,"s14","m3",-0.56954513165587,-0.401067569210155,-0.108129497556666,-0.123784540434879,-0.232833046357748,0.55384990151521,1.61939179302833
468,5545,"s14","m3",-0.559644352213785,-0.452810725378043,-0.191327998968622,-0.0989785817271971,-0.598723241100615,0.545883236922299,1.78800489165334
469,5554,"s14","m3",-0.464139931249351,-0.421560147419972,-0.177353719605511,-0.0911936066404608,-0.0724217974734767,0.596288144602777,1.52321998463686
470,5564,"s14","m3",-0.482219612775593,-0.489027095926795,0.0171071230845579,-0.0916220292105303,0.132314340810868,0.495065986959912,1.78869503115377
471,5571,"s14","m3",-0.488687659728928,-0.405111657863746,-0.163432399670063,-0.140503718968135,-0.428648233680561,0.473205642921184,1.40884373098418
472,5595,"s14","m3",-0.565293545828424,-0.424654260339716,-0.0804207426670856,-0.122863558890601,-0.236562384517117,0.539802161622283,1.8398209496401
473,5597,"s14","m3",-0.614562367941168,-0.567384529521335,-0.192111347272664,-0.135584730183692,-0.529179395372021,0.411732051521109,1.7749810610722
474,5604,"s14","m3",-0.425633043678729,-0.386621637465458,-0.133243375791396,-0.132745326608706,-0.0631750051198642,0.471853193290767,1.31667790140851
475,5611,"s14","m3",-0.517283225464187,-0.501687076157107,-0.197028401833852,-0.0954016495572089,-0.243280588746502,0.531210872981681,1.93219146650579
476,5617,"s14","m3",-0.534873029856559,-0.504318983687792,-0.193620455876533,-0.205223657067337,-0.268611321643531,0.481508900601089,2.12433276903778
477,5622,"s14","m3",-0.453657800331441,-0.346389868944359,-0.125824157328689,-0.0884737602606951,-0.365651146813831,0.463983508362169,1.03344828037835
478,5632,"s14","m3",-0.341856645771629,-0.326637226785065,-0.0772046978229747,0.0013820455246756,-0.077017783399427,0.682571431623286,1.19271185487564
479,5645,"s14","m3",-0.468857463440064,-0.376474961080583,-0.132495894674341,-0.0261877608829329,-0.294267625364458,0.664797827400787,1.58410196894412
480,5649,"s14","m3",-0.465152774522459,-0.399163630130279,-0.0946119560904465,-0.071052611859529,-0.172061088480135,0.626379607995352,1.25090885577421
481,5667,"s14","m3",-0.368974788234269,-0.293101795657776,-0.00688494596450382,0.0244401501820299,0.0996390053142912,0.641037776220013,1.04371882905774
482,5670,"s14","m3",-0.362458794042021,-0.3972998282936,-0.062418497509096,-0.0264040518162431,-0.139589793409113,0.649837648151814,1.42443803816749
483,5699,"s14","m3",-0.42156814120381,-0.333202400623023,-0.0391187902321767,-0.0633934086084284,0.00550126780151759,0.554998188059852,1.3339568736082
484,5705,"s14","m3",-0.615499950394595,-0.467058840622336,-0.179222740606677,-0.115649716873628,-0.195952800436988,0.376714756003794,1.8414694062213
485,5708,"s14","m3",-0.552276035473651,-0.44683334860069,-0.0427559363719383,-0.146289997652499,-0.00172304944283704,0.385766591470872,1.76476305427959
486,5710,"s14","m3",-0.470498776552636,-0.442538816268346,-0.0374478757315075,-0.0926309684668822,-0.149352292792412,0.451121129236808,1.32459465118931
487,5723,"s14","m3",-0.500085995738923,-0.442904482981179,-0.0436969740725798,-0.0649802167772078,-0.132276871401864,0.587978894357288,1.55529629661763
488,5735,"s14","m3",-0.482151992789092,-0.332476598610302,-0.0249358728075251,-0.00738334294455563,-0.0872494694992,0.561153188568693,1.14639496099612
489,5741,"s14","m3",-0.531851018701923,-0.410562889563278,-0.276931352957062,-0.144924139108478,-0.701648958003569,0.458113099681907,1.58053753992284
490,5743,"s14","m3",-0.466534011025273,-0.298354442695041,-0.0664443228259645,0.058553757101932,-0.0757333847919967,0.699871832571218,1.17675482227426
491,5749,"s14","m3",-0.555218969349964,-0.411604246581086,-0.249228353645222,-0.090111301290195,-0.467481217878137,0.513438125119253,1.72351788776052
492,5754,"s14","m3",-0.574112459335263,-0.600931371828166,-0.139709311782442,-0.15858115768812,-0.201038112351847,0.460463388180236,1.75915671970858
493,5759,"s14","m3",-0.577033907103564,-0.424211596587767,-0.176744755420298,-0.0856641142615805,-0.427292797681295,0.532603174052069,1.60080819247922
494,5761,"s14","m3",-0.520710009174596,-0.299138949670387,-0.0641715292329903,-0.00737870948065847,-0.259440223462258,0.633126288668119,1.15469791781362
495,5776,"s14","m3",-0.519233937070291,-0.481323641348612,-0.191048723839767,-0.192880256797693,-0.297807765193273,0.406497599692165,1.73887105358818
496,5807,"s14","m3",-0.469722742951037,-0.438912688890343,-0.121496155060936,-0.129635588044576,-0.348318224429182,0.512289329644353,1.59541290830811
497,5811,"s14","m3",-0.623773116125236,-0.57473415642365,-0.232594349463994,-0.148643016417733,-0.318627039139493,0.438288389462863,2.00432244537517
498,5831,"s14","m3",-0.554055571598537,-0.447155941271739,-0.145256378031151,-0.100126301368003,-0.17290624759482,0.602426429589946,1.58132617066648
499,5850,"s14","m3",-0.532598702177522,-0.42393766856125,-0.14570869852266,-0.173584407634937,-0.189290613460742,0.493705080057717,1.78397519242511
500,5852,"s14","m3",-0.515603139156991,-0.431363311900259,-0.163115784037633,-0.152811583915559,-0.0382824526275895,0.592213400165277,1.61771224038188
501,5871,"s14","m3",-0.439110942212055,-0.38345501823398,-0.0183738203590562,-0.0726988650316744,0.119506544266048,0.563211950675043,1.3890573109303
502,5889,"s14","m3",-0.610989481843353,-0.435295893192683,-0.154152795236468,-0.129316561834261,-0.28671166973196,0.410795420902018,1.71232285876416
503,5895,"s14","m3",-0.610105263851385,-0.543297909662058,-0.24985528512975,-0.187229624113537,-0.594322252411482,0.311085079783142,2.0242598879662
504,5900,"s14","m3",-0.600484228598525,-0.504542941899823,-0.0791673290896573,-0.150291469520462,-0.238341070515835,0.403611710882434,1.76959112952417
505,5909,"s14","m3",-0.563237429473996,-0.42111399833823,-0.180946244806349,-0.128615153426666,-0.648530995616281,0.397244129129813,1.62081169403592
506,5923,"s14","m3",-0.654222944251869,-0.575714043981285,-0.218776190486602,-0.25462180309453,-0.58891491206452,0.415610043603197,2.06661884244825
507,5928,"s14","m3",-0.620763650591826,-0.373888669060106,-0.14278481171993,-0.142879684439611,-0.478849429165171,0.562750764492003,1.63587190872077
508,5941,"s14","m3",-0.626410843964017,-0.473638791886586,-0.145488352960048,-0.255660787606061,-0.18680141306568,0.384217478575531,1.80566780908115
509,5945,"s14","m3",-0.4517051734464,-0.382550075086869,-0.0306064424425519,-0.0286639044868954,0.0941798953062036,0.584856249971761,1.31372075646597
510,5956,"s14","m3",-0.552472146848349,-0.462182639743815,-0.154259728862678,-0.134243344662024,-0.338914552252143,0.414264132346667,1.82136794077885
511,5961,"s14","m3",-0.52433840332987,-0.442114233933892,-0.125281942630099,-0.234638677997831,-0.157634269498845,0.346825767579635,1.60652039786336
512,5984,"s14","m3",-0.4770938310117,-0.407635413770957,-0.144286849171701,-0.107535662476994,-0.290720156634074,0.652419665040595,1.78572671168077
513,5997,"s14","m3",-0.611917764745905,-0.423849476180663,-0.242808891646979,-0.115316601552606,-0.2496169819276,0.53985306650404,1.90226177020659
514,6010,"s14","m3",-0.573417121625345,-0.506354471918956,-0.119626988885477,-0.236210038539123,-0.14596128531841,0.303875529806007,1.67944245976995
515,6019,"s14","m3",-0.487427372137392,-0.428849087731454,-0.117725331027647,-0.124241742956359,-0.320178640909924,0.55100099992316,1.68185371328672
516,6026,"s14","m3",-0.559902236293886,-0.397049594104305,-0.244621900232581,-0.161130974061508,-0.379717040096468,0.521920427085543,1.75051833229183
517,6029,"s14","m3",-0.460775802270985,-0.475566014869158,-0.122115376907975,-0.173003646876319,-0.269667187777482,0.406998196053642,1.67504650771541
518,6041,"s14","m3",-0.510389872220552,-0.447578228412274,-0.152258235590974,-0.109287144799216,-0.162640098463432,0.384241438247779,1.57471157536754
519,6057,"s14","m3",-0.640979955716424,-0.461067195294542,-0.148098221210504,-0.224087807219063,-0.460869735640593,0.362043650332111,1.941785956742
520,6061,"s14","m3",-0.622996250496667,-0.585420814326365,-0.22879193754777,-0.168707126358117,-0.418798383091778,0.289457400283779,1.90033264675517
521,6068,"s14","m3",-0.53916966574917,-0.371675471460472,-0.124406053400924,-0.0651293412752959,-0.315084368516909,0.482361829238263,1.44016663621057
522,6085,"s14","m3",-0.427377418153907,-0.442926129757096,-0.0274904222331972,-0.0683633974648732,0.122847033780243,0.486812458755819,1.37066962325823
523,6098,"s14","m3",-0.519290345753319,-0.501254754548767,-0.114892985952843,-0.152061656043319,-0.0980396380743664,0.436914490504489,1.76638869507804
524,6104,"s14","m3",-0.640241557294108,-0.414354432883805,-0.196031359222818,-0.276146851901879,-0.230620398641189,0.334914393050905,1.76430249602874
525,6109,"s14","m3",-0.672316834219185,-0.51042152291453,-0.109302838460207,-0.236067872778339,-0.385884116819613,0.231926699956744,2.03491339449072
526,6113,"s14","m3",-0.470033464301572,-0.524245132162904,-0.105465811421019,-0.11685425188143,-0.109436483615504,0.516748729039958,1.58807207037328
527,6127,"s14","m3",-0.63267634440993,-0.437439456082293,-0.223877562462149,-0.092168359173344,-0.286635314687716,0.626868975797832,1.7123100640975
528,6132,"s14","m3",-0.662631759804117,-0.589606697654999,-0.28354585438509,-0.237644903046712,-0.180565768310582,0.367427872860026,2.1093657919864
529,6152,"s14","m3",-0.520544006154658,-0.602890485603458,-0.227281483889787,-0.202377784176574,-0.350722661093644,0.283491520395956,2.26341223309816
530,6153,"s14","m3",-0.464162243245601,-0.469682107915502,-0.0490686179626611,-0.183136944272005,0.118941605581326,0.464780946231069,1.4429690591985
531,6164,"s14","m3",-0.421195728198044,-0.372142262543376,-0.0655780271055658,-0.082306628059604,-0.0681214765428487,0.578926650328944,1.29868186866013
532,6172,"s14","m3",-0.558437875065298,-0.481191690307822,-0.117997896809817,-0.102466610632873,-0.317254257614445,0.53195784359162,1.82032313693158
533,6198,"s14","m3",-0.460794579648806,-0.352844566591385,0.0253019297645569,-0.039797160823314,0.0684567323737117,0.604693101618912,1.12389755583647
534,6212,"s14","m3",-0.537230141409559,-0.399445263279836,-0.106142225655836,-0.0386728020098369,-0.0861402876548261,0.591431267835998,1.47150066193826
535,6215,"s14","m3",-0.586193326843246,-0.416112820280647,-0.126863223984327,-0.13338697261018,-0.102822814941017,0.396212763640013,1.53825861530175
536,6245,"s14","m3",-0.483730147244782,-0.404604624446515,-0.0865779954841508,-0.0722826770573379,-0.0903229727145811,0.531851675859116,1.6055459840745
537,6262,"s14","m3",-0.458099471274395,-0.431545055649706,-0.126162561759008,-0.238108608930092,-0.173163660828434,0.352949455514076,1.44991081624975
538,6272,"s14","m3",-0.586218974961496,-0.585229157083236,-0.196961955601989,-0.269176059515287,-0.210459186720171,0.216806764454751,1.96361100879607
539,6291,"s14","m3",-0.64192058384197,-0.569904870305464,-0.183755147596613,-0.256557088477339,-0.249087158380761,0.380199559228131,1.96087971682395
540,6302,"s14","m3",-0.437147344264572,-0.412140969539386,-0.166763945436121,-0.147975353743211,-0.478421309097157,0.501343657814332,1.34874892759869
541,6305,"s14","m3",-0.487276944324177,-0.422478323940192,-0.216991363727777,-0.171128855168691,-0.550625748550619,0.451011807763528,1.56967844820256
542,6315,"s14","m3",-0.356725857621395,-0.325784839279302,-0.0699088434676566,-0.0935252676420538,0.061515500172413,0.571552354526912,1.58474076178743
543,6332,"s14","m3",-0.488880754566808,-0.434844199721078,-0.189600315424686,-0.219896926838801,-0.186817486120979,0.442553880813666,1.7213091638028
544,6344,"s14","m3",-0.539569255050294,-0.33990120655107,-0.086541408155674,-0.0963142725840325,-0.0648807815973785,0.492245364355778,1.4103205455225
545,6346,"s14","m3",-0.555950948518081,-0.445970129872055,-0.186866455637307,-0.0987401009856023,-0.323557544596385,0.486352093072161,1.65119514770621
546,6362,"s14","m3",-0.595940070058649,-0.463680605698921,-0.112996368718277,-0.125984975643273,-0.152472079382145,0.424695628769754,1.41627755207956
547,6410,"s14","m3",-0.424864951732824,-0.376927414564108,-0.0631143783349521,-0.118373816371351,0.0757464429276636,0.537356004487645,1.59557923305948
548,6438,"s14","m3",-0.508322944197896,-0.391413807096665,-0.0861851945884375,-0.0861279451531725,-0.21964034519921,0.505834944196722,1.37066399292644
549,6461,"s14","m3",-0.369874336567343,-0.394327035498921,0.071279443798831,-0.119696632260494,0.0790350947265134,0.464446414979165,1.28557715755539
550,6465,"s14","m3",-0.577806011765408,-0.352026894016373,-0.260803870933086,-0.107212727405359,-0.264826471384573,0.547639515118181,1.57057777432708
551,6481,"s14","m3",-0.459059374945364,-0.349094721789433,-0.145284623185945,-0.143765850000843,-0.281103532215988,0.438396596827571,1.54012569565852
552,6492,"s14","m3",-0.567437022365693,-0.472839069787492,-0.170553065183667,-0.262663161206714,-0.414525143449608,0.312819618169666,1.80185400184075
553,6493,"s14","m3",-0.525872240387147,-0.53771928846288,-0.100479670504611,-0.152772562802067,-0.130721268119931,0.341779492019227,1.75676367700833
554,6501,"s14","m3",-0.463269211917755,-0.373086952918242,-0.0496926374556374,-0.0743976017065207,-0.142773570560244,0.568960588585712,1.3097755722359
555,6508,"s14","m3",-0.489080824599655,-0.388845697418619,-0.118073757458663,-0.0489586560337125,-0.118306813272501,0.59266720662473,1.64705281884488
556,6523,"s14","m3",-0.39626261356484,-0.387698901780439,-0.0788322376049144,-0.141212087463724,-0.192849143029359,0.452032701974039,1.40848043631172
557,6549,"s14","m3",-0.530505394054717,-0.526983720503427,-0.137690431854115,-0.297361695731841,-0.198321830332836,0.215841086962555,1.85639726233818
558,6573,"s14","m3",-0.486122764366291,-0.428011629669389,-0.178380706821371,-0.0719125637097,-0.14025253270522,0.521687425229521,1.68099517741434
559,6610,"s14","m3",-0.565581789787355,-0.376265995238517,-0.163281249361954,-0.124467494148757,-0.261122044763903,0.524931817506916,1.80243057930626
560,6619,"s14","m3",-0.521085623201988,-0.478021773000939,-0.161235846311689,-0.186897717170588,-0.320174062846528,0.433343243786024,1.80479363529351
561,6623,"s14","m3",-0.497127184045814,-0.408242833811136,-0.0796602137246703,-0.196032779802643,-0.226795707487282,0.431076419969223,1.64134848298511
562,6643,"s14","m3",-0.432625503023157,-0.382268552031666,-0.0236761731936404,-0.0582646249637026,-0.167728579901539,0.513032408652665,1.28337303192146
563,6654,"s14","m3",-0.479589991622507,-0.463275119046897,-0.149547280630331,-0.132414098210411,-0.134876892767189,0.580604749448366,1.699534891702
564,6683,"s14","m3",-0.476190628726772,-0.403125869999039,-0.0261522239016912,-0.084926584108592,0.111714252553238,0.641762946351303,1.48197916186536
565,6686,"s14","m3",-0.472525689276971,-0.542845718899215,-0.132373788176869,-0.201366915495345,0.00783193047073534,0.445863800473911,1.59969555868623
566,6695,"s14","m3",-0.400185543540391,-0.412352783093234,-0.100446884587453,-0.164420046367296,-0.0317512422279181,0.394046253960457,1.45613413410505
567,6706,"s14","m3",-0.443451048758876,-0.360430031187432,-0.123294714234944,-0.0308370104052255,-0.128892922073608,0.522872463576598,1.41359515786215
568,6724,"s14","m3",-0.470946137663175,-0.294314561598746,-0.0667457592194689,-0.0355125123056482,-0.243318279453465,0.616073658009348,1.46740840204925
569,6725,"s14","m3",-0.57621683155621,-0.481240545981681,-0.153901673367464,-0.163950584017919,-0.380612143861801,0.386005198471093,1.66233220416398
570,6756,"s14","m3",-0.537835795018877,-0.528440476575845,-0.0837992215112069,-0.121968431180512,0.00627282741373164,0.419605037015631,1.824891535402
571,6781,"s14","m3",-0.548680011277662,-0.441366698642935,-0.103743055618829,-0.230683662321021,-0.0116859539789477,0.351684641388199,1.38628839808211
572,6804,"s14","m3",-0.550310603089809,-0.410080566976708,-0.149946097533173,-0.190801143901051,-0.256074637356441,0.340295040497969,1.5469863289271
573,6806,"s14","m3",-0.577486044265987,-0.312531490156126,-0.195010037760591,-0.0367363644488885,-0.129210748633977,0.605164556923915,1.49749415191222
574,6812,"s14","m3",-0.406279584272027,-0.438837270522637,-0.0579504738906458,-0.232167684255564,-0.178005424013803,0.395833827185585,1.44476984438226
575,6823,"s14","m3",-0.541208720053394,-0.561790076234298,-0.161624478649096,-0.0853356304281923,-0.269194362368783,0.510936439323323,1.66469752893172
576,6827,"s14","m3",-0.54654616761376,-0.424475831499637,-0.185112203784565,-0.0566447970716281,-0.1069475230275,0.592742051822833,1.63823378491197
577,6846,"s14","m3",-0.742281633427846,-0.556392559452064,-0.106601347077507,-0.250888863034561,-0.20745272369912,0.393452657781769,2.06381437722813
578,6852,"s14","m3",-0.556299268437804,-0.44675456876475,-0.1599746705224,-0.143029502570014,-0.242940133279682,0.499483053743746,1.55583824788
579,6863,"s14","m3",-0.481218904928651,-0.386276253082449,-0.0622451945867146,-0.0738695269601555,-0.0390529887450335,0.457582806847657,1.49772342544792
580,6878,"s14","m3",-0.568369273098831,-0.388838150271898,-0.179260570824715,-0.163877105865589,-0.280571796555887,0.436957490782233,1.61912450369001
581,6907,"s14","m3",-0.436405624757473,-0.597622011691157,-0.0942497177806765,-0.214704482741095,0.115895994240131,0.34802727940384,1.86245572815376
582,6915,"s14","m3",-0.552062006669805,-0.415572191107681,-0.184266977819162,-0.0130385128222662,-0.487375715103219,0.483475033643268,1.47102839086029
583,6929,"s14","m3",-0.47369606681572,-0.430469505135981,-0.113134639334899,-0.111088675264481,-0.0762116871131318,0.503541374558131,1.77199554686375
584,6954,"s14","m3",-0.682872363962137,-0.443839655236562,-0.159440919081007,-0.223668087628032,-0.184712255219797,0.391291960230431,1.83955167063897
585,6984,"s14","m3",-0.404072351916656,-0.402878569308122,-0.103447537546842,-0.0640345012593172,-0.0874473330042956,0.57931807998945,1.19877984653977
586,6988,"s14","m3",-0.549950549562461,-0.456043309727769,-0.301986965972286,-0.223528794512299,-0.389019643253079,0.468412646946558,1.95439828152089
587,6997,"s14","m3",-0.499554686549909,-0.420705871899555,-0.191466860624732,-0.117426808387089,-0.361024765245498,0.499866058652528,1.57873352789717
588,7013,"s14","m3",-0.488690808686938,-0.472352681155548,-0.174021690776504,-0.187680558038238,-0.27188553251755,0.367797116825377,1.44111225431599
589,7017,"s14","m3",-0.471030895084421,-0.371006625134468,-0.126696069615347,-0.0449547288460124,-0.162498348136688,0.601179402197034,1.55043582112869
590,7028,"s14","m3",-0.550190183734751,-0.461348819846574,-0.166767656753155,-0.0940409133734797,-0.276407254709567,0.509518813194233,1.5935953703388
591,7055,"s14","m3",-0.483070779997143,-0.237578774860247,-0.075182728450341,-0.0880412352552138,-0.149266924897296,0.605451056641976,1.13733987809242
592,7071,"s14","m3",-0.43719196484523,-0.404703347840142,-0.192594993245597,-0.157340480548356,-0.236237599575347,0.607641140627985,1.59905634820108
593,7094,"s14","m3",-0.565705957639112,-0.495128691388627,-0.170325066454412,-0.305937324187336,-0.565900492448201,0.365305179282489,1.80320310765596
594,7108,"s14","m3",-0.670698360713353,-0.480242553093365,-0.135436755961728,-0.202338142206594,-0.460173915617324,0.424896450648741,1.62594869530726
595,7118,"s14","m3",-0.479790781706911,-0.469231272647559,-0.054685373648549,-0.115112984224837,0.0110996439857703,0.611676569133602,1.55300031887894
596,7120,"s14","m3",-0.422488626197391,-0.379934859160814,-0.0302965905069236,-0.0558048079401874,-0.0175001041292963,0.528104615336073,1.43364160860721
597,7128,"s14","m3",-0.526945243782976,-0.513174518510456,-0.14623208823954,-0.209431058596645,-0.105676488700166,0.382250589911645,1.75097999379846
598,7142,"s14","m3",-0.544340239977022,-0.455884318244038,-0.105003857609739,-0.102597767058507,-0.101488002704907,0.540536673626252,1.58617971682439
599,7160,"s14","m3",-0.536941750814542,-0.4282088848861,-0.171926948218452,-0.187165000839077,-0.321283503812013,0.288755274943435,1.57088741334987
600,7177,"s14","m3",-0.417489431388249,-0.360488772163422,-0.0553908609279318,-0.129633473989109,-0.0267863426862336,0.479628609070729,1.45375571511167
601,7185,"s14","m3",-0.483183518876146,-0.494027254425568,-0.0370399099722171,-0.201523370788499,-0.0263246467491351,0.430689368437662,1.7280931966244
602,7198,"s14","m3",-0.480110232048336,-0.456439903555485,-0.243560294387833,-0.168988516708754,-0.189402060949896,0.485695003957783,1.68275715454355
603,7230,"s14","m3",-0.515128151005504,-0.415237070014346,-0.0860341349057985,-0.142140346046751,-0.497516269086384,0.530168791967762,1.52013606616001
604,7235,"s14","m3",-0.534618506452663,-0.462938196137056,-0.16576213904216,-0.164537261440763,-0.0378834677972676,0.529265282819703,1.85565423152803
605,7238,"s14","m3",-0.641734170069825,-0.572002499419009,-0.270705182449614,-0.194869945873112,-0.383011004854928,0.406724317817335,2.24364537948942
606,7247,"s14","m3",-0.537696714614305,-0.575113297837818,-0.121872447184981,-0.189637913884978,-0.294415327914109,0.472123890696794,1.67455377297809
607,7251,"s14","m3",-0.602840413128179,-0.422745708917797,-0.10550430189623,-0.168818779064394,-0.321197634660326,0.373895200757135,1.4725531384365
608,7268,"s14","m3",-0.480461762933744,-0.410364742637227,-0.191042606783545,-0.12344747425056,-0.573120244141382,0.48850161310783,1.51558698011686
609,7270,"s14","m3",-0.528384130572436,-0.329551051284213,-0.147384762812365,-0.0439206881007857,-0.183101996005807,0.67568198094104,1.63191974522203
610,7279,"s14","m3",-0.489523307383224,-0.456860344291163,-0.172703776252337,-0.200384295695309,0.0154953840548254,0.355015317632748,1.81264431500856
611,7297,"s14","m3",-0.439877667633086,-0.401466695900633,0.0399121575272314,-0.108688973271951,0.119079419527315,0.479407562233832,1.27531554631224
612,7305,"s14","m3",-0.459069619171344,-0.448892054864626,-0.149833749746475,-0.174552524467283,0.0403392301254112,0.454068806759498,1.72494427074231
613,7324,"s14","m3",-0.579254312955699,-0.550421455028881,-0.241147924293491,-0.173056443977655,-0.260589026867651,0.278440196629044,1.83565447485125
614,7329,"s14","m3",-0.671637822087375,-0.5607598167642,-0.196956470474104,-0.249933071356384,-0.503161563097289,0.414732241163882,2.01403699921284
615,7332,"s14","m3",-0.502463305750895,-0.421253588875962,-0.141094650496393,-0.12367853799202,-0.27574275447405,0.529357019132471,1.61391585153298
616,7353,"s14","m3",-0.535711075371883,-0.427664456632345,-0.15466581369562,-0.0895753600144177,-0.177339692264168,0.440041300576339,1.46784236058109
617,7355,"s14","m3",-0.509791191986821,-0.392107154732104,-0.201176684730601,-0.0591751106116411,-0.410707185586519,0.585350991092077,1.573736472672
618,7361,"s14","m3",-0.551408587714743,-0.506088360908954,-0.145459487090614,-0.0762070953480784,-0.308066876275856,0.569043940149127,1.59900598986474
619,7364,"s14","m3",-0.472677000151826,-0.392527658232747,-0.14223090070103,-0.0959648761450907,-0.0690774964886506,0.560357838474193,1.54108416084331
620,7367,"s14","m3",-0.576931752983372,-0.558450474740412,-0.213628798597954,-0.178112228814251,-0.36149603350027,0.469287942436847,1.93447820087387
621,7391,"s14","m3",-0.468495048422442,-0.466888551268443,-0.0844871487457942,-0.150067964436825,-0.160978694074971,0.507903932414014,1.67596998480244
622,7410,"s14","m3",-0.560588603814096,-0.319139712338953,-0.0105117860640185,-0.0491314134236648,-0.0362947226956237,0.629032631791034,1.4030314576165
623,7422,"s14","m3",-0.597172058557078,-0.49143972448739,-0.1138710341791,-0.0872727416078909,-0.265443087754227,0.565430605304446,1.77702765829867
624,7429,"s14","m3",-0.497969494368334,-0.35588903679039,-0.162963322713236,-0.128481127989828,-0.0245742521931496,0.505941612898114,1.4223999876588
625,7431,"s14","m3",-0.566054933537577,-0.534926802532688,-0.155113218670205,-0.247481212823208,-0.184437601295417,0.278090042589696,2.02484914866288
626,7436,"s14","m3",-0.490557719285088,-0.501142069649189,-0.203170732480794,-0.187895392981221,-0.146262062649087,0.433474101274558,1.60981724810247
627,7468,"s14","m3",-0.47503849302523,-0.421842046572431,-0.154490088130028,-0.140495824091259,-0.286662971717621,0.477266248204179,1.4172291582088
628,7479,"s14","m3",-0.512933026849602,-0.394730088056777,-0.0782787537263935,-0.135926523412139,-0.017849889121839,0.480544834908439,1.66848075380691
629,7492,"s14","m3",-0.527780270820136,-0.410706459232083,-0.184435132044322,-0.217090781794609,-0.355308846611459,0.478912159214394,1.72291247176445
630,7494,"s14","m3",-0.493415357341402,-0.441723454802384,-0.0664235421949806,-0.114813205960139,-0.1551273094898,0.57640193914286,1.40145238650249
631,7496,"s14","m3",-0.590130833863699,-0.459824276704656,-0.16073016087334,-0.205640575947329,-0.275756709705516,0.401031475699116,1.53410315489018
632,7505,"s14","m3",-0.558350831314744,-0.405325906558701,-0.12511478864666,-0.183272125955767,-0.184638559249113,0.475714519284842,1.68211884272704
633,7514,"s14","m3",-0.591032279889698,-0.364136989919404,-0.152327378146006,-0.0457184725476952,-0.14471709462728,0.593483745204665,1.57176366367372
634,7537,"s14","m3",-0.456355357670632,-0.284943935048474,-0.0646806344531047,-0.0670573019991145,0.0293652606323763,0.666956680403119,1.02370469656715
635,7545,"s14","m3",-0.494422228058882,-0.450023579341,-0.184148663524024,-0.100343996741158,-0.0972792157182017,0.582469495646136,1.69341898087959
636,7559,"s14","m3",-0.397311392865981,-0.231879501780114,-0.0707810675542494,-0.0205179078027273,-0.063818632314736,0.625587549503402,0.928561836837612
637,7570,"s14","m3",-0.429457187009262,-0.392657201813542,-0.127556844151049,-0.124733437348803,-0.0561564293126025,0.54461506798122,1.49376377156332
638,7605,"s14","m3",-0.493676890443908,-0.391022858630152,-0.0412906920982353,-0.179750420565752,-0.118657570471134,0.454637520110199,1.4753064612076
639,7620,"s14","m3",-0.5865002930007,-0.458740666045659,-0.186951440293304,-0.191590609404642,-0.135668873836528,0.509889266611502,1.80919056275838
640,7622,"s14","m3",-0.379882292438005,-0.439235559847448,-0.112194981202915,-0.184436051062116,0.121511328952936,0.398786283221101,1.37316994387261
641,7626,"s14","m3",-0.511238059049489,-0.417159854963261,-0.0429856816390336,-0.0586015935255565,-0.116528665745963,0.493306189140416,1.44348176547931
642,7673,"s14","m3",-0.492007119627923,-0.549982217904646,-0.0820158811825609,-0.172360268864629,0.0344255120396957,0.342224528036166,1.93810174807064
643,7680,"s14","m3",-0.526941693313222,-0.431263305748669,-0.162742773793921,-0.183025284814994,-0.26784657114193,0.375862618366469,1.6186374619957
644,7684,"s14","m3",-0.585848777254769,-0.547293143930251,-0.162968996984122,-0.280270804068358,-0.173380970401775,0.398130746563997,2.07554758279666
645,7687,"s14","m3",-0.629367083074938,-0.503251838600124,-0.134340229044357,-0.182508710059926,-0.353486986018559,0.406106562500083,1.74802548150703
646,7703,"s14","m3",-0.620513450462448,-0.448887472573532,-0.156538231930003,-0.177514012453693,-0.463152598345121,0.390471777192242,1.79380722727265
647,7707,"s14","m3",-0.650235068862524,-0.458514131756123,-0.163750542734563,-0.164252495021996,-0.688728665630324,0.485555987915905,1.89543299165969
648,7708,"s14","m3",-0.524135506847045,-0.335630285246055,-0.101373682076998,-0.026568162884148,-0.0868408722178159,0.624746588413645,1.43685810855532
649,7731,"s14","m3",-0.565362362786224,-0.546363648095526,-0.130501113146869,-0.184109681937954,-0.315563175748398,0.339988028685655,1.98344576164339
650,7747,"s14","m3",-0.555053527935216,-0.485519385885743,-0.0954859235955747,-0.201895208865671,-0.114776820577368,0.462028805103261,1.58640868957923
651,7749,"s14","m3",-0.51061785596351,-0.541885497690107,-0.171430384753425,-0.157031853478977,-0.0602607632311614,0.434396590556109,1.58747123006504
652,7758,"s14","m3",-0.31763439052903,-0.337506437994034,-0.00766414015194017,-0.0452117721157003,0.0441911092447438,0.538906420142354,1.18730820474399
653,7790,"s14","m3",-0.486348996933165,-0.339822088521118,-0.0848929222430719,-0.136682473223049,-0.0656419089345209,0.534117797619682,1.41381232272206
654,7791,"s14","m3",-0.447304082192369,-0.470869479707814,-0.006746746092861,-0.126453732300828,0.153884232127801,0.344774798162095,1.51767810585862
655,7810,"s14","m3",-0.604307088130092,-0.43596617781183,-0.159923737657579,-0.0963671718021716,-0.427063226707841,0.443055900808944,1.43036768996348
656,7813,"s14","m3",-0.711473210783484,-0.431739684852,-0.178845294887455,-0.150639883072078,-0.504398260563444,0.625584714706013,1.88468179814992
657,7821,"s14","m3",-0.500076499997876,-0.480785919958372,-0.149213189792177,-0.247746070790859,-0.44301914016781,0.43077597504918,1.64743708234873
658,7824,"s14","m3",-0.509768244546984,-0.463588374613131,-0.0502661811212853,-0.12977828636857,-0.00737020450648446,0.38841469294205,1.49014734169293
659,7851,"s14","m3",-0.559526118366353,-0.415063286315932,-0.104186412925416,-0.114445316986265,-0.174807671591819,0.559670952910341,1.6306441367266
660,7867,"s14","m3",-0.369144001449027,-0.411617203406595,-0.10857283025418,-0.103098640272003,-0.00729875362909746,0.543584552267297,1.55957324330956
661,7871,"s14","m3",-0.450131522750024,-0.277602989343703,-0.0877320400956059,-0.0324336326198511,-0.0976881082772253,0.677703659217282,1.12338666412893
662,7875,"s14","m3",-0.638468762996655,-0.391286470102866,-0.163831243905159,-0.0245109074506351,-0.512609769052828,0.6632506743885,1.64922500900135
663,7877,"s14","m3",-0.487326426926012,-0.362547282944413,-0.146830752099483,-0.0940646999807507,-0.100101878216322,0.463089357057961,1.5615112799946
664,7884,"s14","m3",-0.457661972827775,-0.377970108675793,-0.167248178162648,-0.0937803482307352,-0.167112595922279,0.56716303018443,1.53290165458737
665,7892,"s14","m3",-0.509592538530569,-0.482907113671261,-0.151240532787751,-0.114754844193647,-0.13956989886382,0.510781287527434,1.71592422975599
666,7893,"s14","m3",-0.66420767713655,-0.49369943533782,-0.219977224256286,-0.150804015528875,-0.489572015103295,0.49262537013741,1.92727321948488
667,7915,"s14","m3",-0.654857322198576,-0.638468191631655,-0.206476589714917,-0.270975817733746,-0.276471261197812,0.2521375460563,2.28826686941821
668,7944,"s14","m3",-0.664823135959294,-0.565473180693649,-0.209953153640738,-0.195177143848552,-0.185741969085131,0.427302021902408,2.19956766229903
669,7976,"s14","m3",-0.562557170449127,-0.389520773816677,-0.060974660613525,-0.115210710621664,-0.0573517469003353,0.487329670092898,1.94052929658081
670,7979,"s14","m3",-0.40738572777185,-0.441775978092875,-0.0370327106757494,-0.0623036660519255,0.0309527389745983,0.546679247138498,1.45478557705758
671,8038,"s14","m3",-0.709949401463932,-0.453348722192828,-0.0828604058291824,-0.201623061611568,-0.24923587347305,0.500800202281,1.69838815703305
672,8039,"s14","m3",-0.423754297646023,-0.360972463965524,-0.0738594421394818,-0.0381408292046185,-0.248449599190208,0.485957333001075,1.25557891173881
673,8047,"s14","m3",-0.421621601844652,-0.420766458734294,0.0366335942928372,-0.156701954095764,0.101084856869715,0.521542960815188,1.29857693927292
674,8066,"s14","m3",-0.585267927471587,-0.513736653121812,-0.174981684417251,-0.241574648509995,-0.136545859895912,0.383081794032831,2.05174645181171
675,8068,"s14","m3",-0.42466345010669,-0.424713919497029,-0.106085690700322,-0.194396585149423,-0.0505239210639596,0.451161253121246,1.46414815635086
676,8074,"s14","m3",-0.414419821449682,-0.395990137069778,-0.0343877234863687,-0.120481496518841,0.031492988521638,0.45956144927364,1.48695897486556
677,8082,"s14","m3",-0.539287986012068,-0.422068558785001,-0.18735051183912,-0.15010694213287,-0.297133606121667,0.472446350441087,1.63413068653726
678,8094,"s14","m3",-0.579863601795158,-0.524932142098409,-0.160897248279553,-0.151528045413464,-0.478540168764208,0.503410765497899,1.8260253150397
679,8099,"s14","m3",-0.54939145910327,-0.601362411404828,-0.105336458198106,-0.210230076422778,-0.108755701613143,0.425072142731198,2.04552067954427
680,8101,"s14","m3",-0.558665640729859,-0.434812098195081,-0.222065582714739,-0.0663983726290993,-0.530921412731677,0.599713272720563,1.58208759580235
681,8110,"s14","m3",-0.530347348930803,-0.410089060294384,-0.194416967182788,-0.160437697427238,-0.324035589546556,0.610645188749133,1.68656869340156
682,8126,"s14","m3",-0.570440013557073,-0.479651926690651,-0.193486415113031,-0.198715274249586,-0.274308166997252,0.43438636349524,1.88738463645106
683,8173,"s14","m3",-0.42922651592964,-0.378620889737131,-0.158694877655349,-0.0860510042491872,-0.184526715850376,0.405314417043875,1.4634676842466
684,8177,"s14","m3",-0.487120947478783,-0.451720721162962,-0.12048158385643,-0.190678540348138,-0.150956025842288,0.42523128847728,1.73062046688845
685,8201,"s14","m3",-0.576690237772674,-0.47101903379618,-0.18678779168735,-0.092800259228916,-0.263717599279806,0.543591896714691,1.91491551982568
686,8206,"s14","m3",-0.528537785920467,-0.29995997899909,-0.220103276508411,-0.0556868588384621,-0.319711089476539,0.630105098217104,1.55329758863571
687,8222,"s14","m3",-0.527413643621987,-0.49654411227463,-0.117943567080281,-0.149245271256185,-0.208764759167154,0.372128640112089,1.60526938827857
688,8233,"s14","m3",-0.410536756458155,-0.403997402286141,-0.0902519394808871,-0.0740170475949792,-0.00699168629959686,0.483112750086051,1.33818405101536
689,8236,"s14","m3",-0.686194253305373,-0.433692297342471,-0.222772754731346,-0.0664045194897639,-0.381269299762401,0.603937267471321,1.92593247043421
690,8242,"s14","m3",-0.541564455615664,-0.49244550918627,-0.216505007907852,-0.137547706169658,-0.401375915604737,0.471465696594392,1.65515234690335
691,8273,"s14","m3",-0.499554365462707,-0.517317114250825,-0.164963114491105,-0.207382926737813,-0.158467193661961,0.501934910998363,1.62547728274062
692,8283,"s14","m3",-0.4697377433937,-0.431872104154493,-0.0288840830755765,-0.0839544764607342,-0.0816831552585074,0.424773923667513,1.42708456222615
693,8294,"s14","m3",-0.639898447918063,-0.519385216488094,-0.190431448285824,-0.0889333483287524,-0.369242874327053,0.613101792829916,2.00448247809478
694,8299,"s14","m3",-0.409528385960134,-0.389314402562083,-0.0920255259060914,-0.180947242149233,0.0296648631122379,0.524073119381437,1.53866560842976
695,8332,"s14","m3",-0.537796677926098,-0.424356489914664,-0.108822852655919,-0.120586941402492,-0.1718798294607,0.527594013600196,1.58400644887824
696,8351,"s14","m3",-0.676032449558706,-0.433282628984608,-0.140394542845593,-0.175728405678959,-0.264777715630883,0.440147792761,1.84370702065644
697,8363,"s14","m3",-0.563964033510182,-0.549132839964888,-0.198532300816766,-0.1854677232628,-0.0676815903735759,0.402451332285552,1.91125997624276
698,8367,"s14","m3",-0.461726944751838,-0.335075266408824,-0.0214357293238852,-0.0382099865089573,0.0174726966298889,0.640541338934818,1.27416669318088
699,8371,"s14","m3",-0.52061963750941,-0.459582213877157,-0.254229093458743,-0.139855782191184,-0.0305096026361565,0.378027560255084,1.42382411093224
700,8380,"s14","m3",-0.53721980070872,-0.57942733321425,-0.154557516513784,-0.281549059643777,-0.0643309117412592,0.289319786576596,1.91356652909276
701,8386,"s14","m3",-0.536337473285262,-0.416008094566975,-0.135140809840822,-0.138761643931478,-0.302846744239472,0.507927342523604,1.6433738575793
702,8390,"s14","m3",-0.42703597873034,-0.324090973935819,0.000403331891243316,-0.0888680066378121,-0.00545247250579911,0.553367459124035,1.29012554269437
703,8393,"s14","m3",-0.573949413486234,-0.49420720110822,-0.195830464087021,-0.168461047697812,-0.297870451577523,0.509726903428343,1.861932600408
704,8396,"s14","m3",-0.317766419348882,-0.266080163741182,0.0781222986859443,-0.000371488606919835,0.112582437141876,0.652319676156152,0.891602323130353
705,8402,"s14","m3",-0.662102538233642,-0.449069978089253,-0.257017755173769,-0.227815289774667,-0.695063983809238,0.457406310796706,1.69051065010423
706,8415,"s14","m3",-0.439037365133346,-0.470947115116571,-0.135080583154654,-0.106812523636731,-0.176564429747212,0.476631666799613,1.58108898213463
707,8425,"s14","m3",-0.581666293441309,-0.424429436418852,-0.135137929135905,-0.16335906600128,-0.325725034715927,0.435718365345101,1.52271547846418
708,8434,"s14","m3",-0.5500985556002,-0.508812860270442,-0.195490229346336,-0.110966147529989,-0.246704048223832,0.477737864234782,1.61728482018237
709,8435,"s14","m3",-0.511188179700536,-0.496918865093159,-0.145863482075008,-0.13254687241041,-0.0494975609401965,0.580521844623282,1.8557907887964
710,8446,"s14","m3",-0.636093847281153,-0.366200171229132,-0.253368314956934,-0.188198145109065,-0.576684201930735,0.547645251596142,1.62080244168796
711,8453,"s14","m3",-0.564302184649151,-0.564218676771817,-0.162493938129191,-0.149574077105035,-0.287072030044716,0.44207741053443,1.97101109116717
712,8491,"s14","m3",-0.479850062974917,-0.323536632869676,-0.154302467263487,0.0189332296962742,-0.156708659048422,0.635636138947342,1.39220247048782
713,8508,"s14","m3",-0.522576275279202,-0.516907105417024,-0.124512036444113,-0.186741147757312,-0.182643358130068,0.528901971854199,1.92369646168004
714,8513,"s14","m3",-0.55052935968323,-0.366660157351749,-0.107170720177145,-0.0730836514615795,-0.0455027835065353,0.509927673915968,1.50659438826218
715,8520,"s14","m3",-0.5432892849125,-0.395414436763768,-0.183553941561344,-0.106429490594243,-0.348689862084044,0.465257747142344,1.44688007874649
716,8521,"s14","m3",-0.387286700615385,-0.39126515330343,-0.124254014686174,-0.070425090744692,-0.116977167273553,0.593677124676788,1.4174566824181
717,8537,"s14","m3",-0.576057344510864,-0.462092692169804,-0.184256653030216,-0.164101059840097,-0.440247161003415,0.438721748143948,1.91147001150926
718,8540,"s14","m3",-0.435206632898,-0.327830533383009,-0.00111223573504589,-0.0174129798217387,0.00606125073939348,0.54785992805729,1.13713984934937
719,8545,"s14","m3",-0.555546412280856,-0.469628454163126,-0.171061173766643,-0.172029572016868,-0.157643894173639,0.484328061046918,1.83765309121177
720,8565,"s14","m3",-0.543619905960005,-0.4223639126733,-0.214789380057921,-0.135675282962365,-0.107321747245591,0.59782084182712,1.70925638094534
721,8566,"s14","m3",-0.54066041230203,-0.418964666194962,-0.152530408868718,-0.0393673285783014,-0.201620266031449,0.606961198431142,1.63949703393084
722,8583,"s14","m3",-0.567904589768577,-0.354787553172375,-0.095960084126746,-0.122173832154421,-0.241222110478629,0.442936223247279,1.35062491495168
723,8609,"s14","m3",-0.284761301882202,-0.192376992594971,0.0730550184008735,-0.0426866759616483,0.210844464192288,0.614603913047812,0.793781585810813
724,8611,"s14","m3",-0.59341605799223,-0.470440201860293,-0.13106298244194,-0.165621891303046,-0.0793089147481621,0.49741022771665,1.58407375782671
725,8619,"s14","m3",-0.557155787419821,-0.449390782036014,-0.0782892240898782,-0.245240476539172,-0.429758211421035,0.398201855461307,1.68289790131471
726,8623,"s14","m3",-0.456831569838973,-0.476303132099396,-0.0996954839500463,-0.123694372776587,0.0301596448438641,0.382972376494762,1.70838160151197
727,8627,"s14","m3",-0.548231249465253,-0.506813649871116,-0.140860025368742,-0.103440783960333,-0.312153135388763,0.405872290026153,1.59477828001091
728,8635,"s14","m3",-0.380706736996636,-0.361335494495237,0.0386971612229561,-0.0787382410783795,0.134851920253467,0.55800329635833,1.29965887811392
729,8652,"s14","m3",-0.372963148767742,-0.330442452556595,-0.0342775532874341,-0.107606415619056,0.0932363962519097,0.590325899808552,1.3214951036462
730,8656,"s14","m3",-0.62662309828897,-0.460449322848441,-0.16586648618653,-0.155749068893349,-0.363737401479609,0.410852172045301,1.87148733917741
731,8664,"s14","m3",-0.473468930516762,-0.379185063371765,-0.0944727808625059,-0.0979916859051916,0.00128532420336498,0.539273282746344,1.49827188998618
732,8681,"s14","m3",-0.481847721131594,-0.470594307800982,-0.143460241884416,-0.156176942759824,-0.0238648722267782,0.342199972871797,1.86751912025329
733,8682,"s14","m3",-0.464571322560208,-0.295427461034898,-0.106107325220353,0.0295290885620613,-0.0884162424397421,0.656894011326144,1.10625499717259
734,8685,"s14","m3",-0.476300841439188,-0.441702633945157,-0.182645563301086,-0.170048538443683,-0.460826324212911,0.474762951604019,1.54952700980319
735,8705,"s14","m3",-0.60068972371317,-0.427098709794275,-0.107901885647507,-0.215913778235538,0.0505141670985313,0.467379089073287,1.6887054341256
736,8710,"s14","m3",-0.553294047181584,-0.520562347049823,-0.111869555500093,-0.144459188522521,-0.167187121900212,0.551068693659356,1.6379674790242
737,8721,"s14","m3",-0.425458962892031,-0.415199627462806,-0.122053775819638,-0.105289459094198,-0.147303969074377,0.576724688840208,1.42213118600203
738,8731,"s14","m3",-0.512728378713115,-0.391046001738546,-0.0440948086475658,-0.111374971169544,0.0631252289649473,0.585619969862853,1.7917129908996
739,8734,"s14","m3",-0.511288324313814,-0.358134857010087,-0.152103667775641,-0.167322051557564,-0.484609108344052,0.420222485755136,1.38236289396567
740,8755,"s14","m3",-0.273755545511685,-0.313387034643556,0.0442269752751802,-0.00635736795135984,0.173337801890111,0.562080547345856,0.851943103805876
741,8761,"s14","m3",-0.425161423771816,-0.404728189365145,-0.137900645244184,-0.107800834778802,-0.293737394238739,0.410073825670487,1.47868820499224
742,8785,"s14","m3",-0.538849868666294,-0.343041216717622,-0.101535814427198,-0.150714953955481,-0.398449567543533,0.464138413354276,1.15684658128679
743,8790,"s14","m3",-0.465945391143809,-0.338670205719021,-0.111082137017808,-0.153762401493388,0.00906887686660535,0.606298762494123,1.56739833634842
744,8802,"s14","m3",-0.632588874288303,-0.306481747969168,-0.133053341158626,-0.129556035732261,-0.338064325045406,0.446784924525174,1.55071264749436
745,8805,"s14","m3",-0.582376817903394,-0.477807290932096,-0.181146192915467,-0.194840923712877,-0.344691710683672,0.340439701018377,1.8788792943864
746,8810,"s14","m3",-0.556846587725264,-0.364569016773701,-0.0818419069333967,-0.0795231817691231,-0.111545177885741,0.517388369678919,1.49767087665008
747,8820,"s14","m3",-0.487654611591647,-0.395744996454983,-0.139272056336439,-0.186330790469153,-0.270964848132651,0.472839457935049,1.66201937438761
748,8822,"s14","m3",-0.55883941631855,-0.377458955768091,-0.293068299445378,-0.0183060094596663,-0.331800336703797,0.543143635851352,1.6081590432285
749,8823,"s14","m3",-0.53258908651326,-0.534069435019158,-0.143677575124055,-0.228882488729711,-0.315108558628266,0.34929474026734,1.62474617606443
750,8827,"s14","m3",-0.570742383081768,-0.533928880949665,-0.109884079898094,-0.185363712384795,-0.346858136053422,0.395890791321321,1.68056497472553
751,8845,"s14","m3",-0.6040334846071,-0.454880267020705,-0.10618412552748,-0.133233257095121,0.0341121523669687,0.549382668247102,1.70045779953731
752,8849,"s14","m3",-0.579174255776866,-0.51822607436684,-0.236113571563185,-0.233039782126716,-0.286847515670128,0.318529751569711,1.88790853962726
753,8862,"s14","m3",-0.538674410185214,-0.424611631363562,-0.244712955070014,-0.109514923673995,-0.333448801352762,0.569876933418413,1.60019731790458
754,8866,"s14","m3",-0.510688126175698,-0.345421472666162,-0.106625933854023,-0.107414992360759,-0.111739958774568,0.541331051780674,1.50844633799481
755,8886,"s14","m3",-0.406241307937358,-0.232968585856655,-0.188660470296162,-0.0166266383214549,-0.299011066268164,0.656944175366827,1.15802659096783
756,8910,"s14","m3",-0.498637654435961,-0.401007734831537,-0.103117616182489,-0.150063124674915,-0.295023221154191,0.45426002067812,1.57836095164089
757,8913,"s14","m3",-0.532730621339258,-0.34457062255357,-0.0764836950836741,-0.0906377660299801,-0.258468836970514,0.583823448556301,1.53629204493406
758,8916,"s14","m3",-0.520542038625399,-0.449607382056368,-0.179275523656106,-0.13824776185488,-0.258074811860107,0.409300538047026,1.52570998069725
759,8917,"s14","m3",-0.58960407426789,-0.420255510422844,-0.119221031136537,-0.117740310919063,-0.0163284947566611,0.449237602106525,1.7034184025338
760,8921,"s14","m3",-0.527167668971374,-0.458284113960178,-0.221287938634979,-0.0911536000068798,-0.256289465290333,0.535684211054585,1.78883309950833
761,8922,"s14","m3",-0.590991252044961,-0.410770581074467,-0.108103708571507,-0.146273506015771,-0.588609227509096,0.47860507879128,1.44891975035094
762,8939,"s14","m3",-0.497384819144513,-0.509134826069939,-0.119548836375584,-0.120803415441643,-0.195152923894291,0.329226956191377,1.40237734698228
763,8945,"s14","m3",-0.510134952606911,-0.466051814776839,-0.235433363999281,-0.119325124387976,-0.333713357757505,0.56373889553789,1.80636150234274
764,8950,"s14","m3",-0.40595254983061,-0.219563047029175,0.0300200024600129,-0.00748293233803434,0.111689658282188,0.57648459208335,0.914996303896229
765,8968,"s14","m3",-0.544238535249922,-0.459479209307508,-0.155724678658286,-0.136027720363353,-0.230844772337682,0.46770421420426,1.62320349337456
766,8990,"s14","m3",-0.446669557590179,-0.438157080868007,-0.18274967425806,-0.08942556888215,-0.250340255141491,0.406226737160819,1.43504171216324
767,8995,"s14","m3",-0.58116663192263,-0.446031870587359,-0.116870632046169,-0.17082381567331,-0.275914756722365,0.450725296326601,1.59461239200677
768,9003,"s14","m3",-0.52104802661514,-0.495203178453981,-0.110185297432005,-0.131163640347623,-0.278109350514305,0.493049344794134,1.65440069690255
769,9006,"s14","m3",-0.603288907387943,-0.484439369266548,-0.13136754578125,-0.142425719376928,-0.157050182570274,0.514242683349815,1.73719400020599
770,9008,"s14","m3",-0.478480691623162,-0.426435679016536,-0.262039475981944,-0.127813210674528,-0.152867821020918,0.551929998922476,1.80555202589836
771,9013,"s14","m3",-0.48580752858029,-0.354168230885694,-0.0739591750024171,-0.0839668332516165,0.143115506564479,0.554962101961496,1.53420778335573
772,9017,"s14","m3",-0.578130330538273,-0.531577059929109,-0.0951466056425935,-0.212303060069883,-0.139812819242234,0.407831030120069,1.86600798225216
773,9031,"s14","m3",-0.574124131303868,-0.331774494682608,-0.111842367589567,-0.0461257044353862,-0.283201137710443,0.620914510843844,1.26806552331916
774,9033,"s14","m3",-0.557153912718069,-0.447992710762911,-0.195733789817332,-0.116989117743213,-0.192482160980851,0.532307868892009,1.5925463049101
775,9041,"s14","m3",-0.428889116056251,-0.456473737758777,-0.0631208019504688,-0.103716578058279,-0.00182066819498474,0.442428601600125,1.41927118516058
776,9042,"s14","m3",-0.673207600792412,-0.444114349908095,-0.186541466873497,-0.086151718465809,-0.14283754176605,0.486603412820018,1.94795705537423
777,9046,"s14","m3",-0.573802257926769,-0.461014338364179,-0.220609814829487,-0.153630652686393,-0.11378319408919,0.472250651102508,1.84696857738053
778,9049,"s14","m3",-0.537850415424687,-0.562502227259512,-0.138698648616119,-0.173326942116826,-0.240052755214995,0.423523892982595,1.87157997149595
779,9072,"s14","m3",-0.400393850530722,-0.321986479173822,-0.0469479815560592,-0.0345934419573668,0.0913877582946514,0.582230764709608,1.44655703057033
780,9087,"s14","m3",-0.37245068311784,-0.383972840595807,0.0218247319537142,-0.0748944575577404,0.214417769027869,0.424786305851726,1.21786876474587
781,9096,"s14","m3",-0.559307844966186,-0.456399567731768,-0.154334103414473,-0.172883439573008,-0.19452748675525,0.37220976986511,1.72492896047978
782,9108,"s14","m3",-0.612920788693509,-0.510274394039452,-0.112859939094902,-0.201036079548073,-0.228113554356723,0.462302687017503,1.88653867580105
783,9112,"s14","m3",-0.589078586900558,-0.458869690798396,-0.108172905240454,-0.141729400678142,-0.0538403392177723,0.471546694042234,1.85095565842983
784,9117,"s14","m3",-0.400783441454045,-0.399530125231002,-0.138060617525271,-0.123768582899053,-0.0767227864586742,0.532005355880508,1.63253995626121
785,9127,"s14","m3",-0.53276580723743,-0.431507495993125,-0.0962741101511954,-0.116519051736441,-0.141179085313765,0.531772097478048,1.56670641850686
786,9129,"s14","m3",-0.505393327679594,-0.281277803147541,-0.130817659893765,-0.0576394146014665,-0.4041579563719,0.587694342664565,1.3584644250135
787,9143,"s14","m3",-0.507030483384663,-0.480072229188997,-0.259795710812168,-0.140402277315167,-0.262813386230033,0.45508462911203,1.7768921602865
788,9158,"s14","m3",-0.572974566181967,-0.535112331335018,-0.191051683897334,-0.103546140524291,-0.19279988262855,0.537142361419191,1.88236136528748
789,9177,"s14","m3",-0.627542864947802,-0.407427872760269,-0.17477845523753,-0.129025884024639,-0.317794405720116,0.521038570825532,1.71669561804741
790,9179,"s14","m3",-0.569343096581353,-0.443255784986031,-0.177201230019667,-0.0922495819541223,-0.306743557490729,0.44025011473458,1.65873424651768
791,9210,"s14","m3",-0.378547542190915,-0.332911590106306,-0.0088541265633462,-0.109934493944147,0.168616736517805,0.559055149254269,1.19635330832832
792,9214,"s14","m3",-0.512041930375648,-0.457033266439733,-0.131359635003233,-0.168559307956173,-0.161042761711552,0.534665246298622,1.84645576621857
793,9217,"s14","m3",-0.541452645509477,-0.37285332256438,-0.0558436867321117,-0.0189542957911144,-0.0478324280794193,0.512599060563796,1.33634429674249
794,9218,"s14","m3",-0.50883913031948,-0.486655376586086,-0.0868369069637999,-0.109269177313744,-0.0312117178630233,0.545770317544202,1.73125889286402
795,9246,"s14","m3",-0.488713603632404,-0.45223614384381,-0.232179608769319,-0.169006789739123,-0.275962593172955,0.48483769714054,1.76099456931673
796,9248,"s14","m3",-0.581075361575361,-0.576334776288009,-0.141895135032821,-0.199070539366227,-0.56612264449571,0.305883972862195,1.88877839198602
797,9267,"s14","m3",-0.542408892042218,-0.500535738412186,-0.254607582192751,-0.0964382770527166,-0.549436158152011,0.520088735223815,1.7872796444776
798,9270,"s14","m3",-0.585155517972546,-0.494360061815112,-0.161708714154971,-0.159762413783352,-0.264399585186927,0.471122054005241,1.61490024858147
799,9293,"s14","m3",-0.44225621681681,-0.434140118695205,-0.0515871799059576,-0.156038930094711,-0.0703457753364793,0.498340252673572,1.50932573573659
800,9306,"s14","m3",-0.549042623831185,-0.595864563347267,-0.14784066768387,-0.215528539939118,-0.189488320628938,0.376710958927336,1.67078103480467
801,9319,"s14","m3",-0.564173247673788,-0.488050364163839,-0.190441947032163,-0.252745291560936,-0.549339893001763,0.35187244843653,1.84092570011483
802,9323,"s14","m3",-0.564563744111848,-0.436386316998393,-0.102160194913731,-0.2267073878065,-0.579960770348145,0.376447909356376,1.75175373042201
803,9336,"s14","m3",-0.547526206776848,-0.452774670560548,-0.200306911131191,-0.088999957037869,-0.334192776985038,0.547110063130737,1.66064822107128
804,9348,"s14","m3",-0.41804560543166,-0.348695464042454,-0.0945239419607998,-0.0354924113956579,-0.0375648598255716,0.60572151610705,1.33491555094924
805,9369,"s14","m3",-0.646338521315829,-0.517752418699719,-0.236518539376346,-0.182061428468585,-0.449684066727788,0.351305291875123,1.78926704265828
806,9387,"s14","m3",-0.636342496667407,-0.512337876130616,-0.253880431409689,-0.12465443316376,-0.654166447521236,0.489571462543512,1.83161867984782
807,9412,"s14","m3",-0.494667412421974,-0.544427073047266,-0.110737337859793,-0.20953709686039,-0.291329877042392,0.352852681418788,1.72167901678897
808,9418,"s14","m3",-0.460398620145533,-0.5980286005207,-0.119600068075457,-0.261598382034525,-0.143583524253266,0.258008373798404,1.87173721775195
809,9434,"s14","m3",-0.543212530599832,-0.36119035339956,-0.221542208479192,-0.132844415294449,-0.270739765652656,0.637294364523548,1.60614916949291
810,9459,"s14","m3",-0.545559850540054,-0.511932859803501,-0.16794880565776,-0.13799480187952,-0.0392982246338134,0.509788744943475,1.6536179820062
811,9499,"s14","m3",-0.575784676045784,-0.427943533208029,-0.107789128124694,-0.115363839691565,-0.187220009116173,0.544703602473011,1.61911378361381
812,9519,"s14","m3",-0.425768785136453,-0.443016653439993,-0.0537199925325148,-0.033349619338922,-0.176040100269475,0.545388506248081,1.45289791592568
813,9529,"s14","m3",-0.499442042836916,-0.493287959741605,-0.0529201494433391,-0.160689456872017,0.0656458542134499,0.489861227604068,1.94169595701234
814,9555,"s14","m3",-0.480562949813572,-0.371720370096859,-0.183338137781826,-0.200821203088638,-0.136079432039693,0.44206477776919,1.66745649224728
815,9558,"s14","m3",-0.397299362844347,-0.27118634095203,-0.0247303717602586,-0.00325610969352906,-0.0463806641832972,0.64343255071949,1.05071183144398
816,9567,"s14","m3",-0.508048518994853,-0.395769289048746,-0.11717769896312,-0.145150384594709,-0.090939851248366,0.536692290739465,1.53448477100285
817,9568,"s14","m3",-0.591720462068932,-0.403146328964195,-0.182814980272365,-0.122621543882565,-0.348424701111484,0.563926722841216,1.36051330820489
818,9578,"s14","m3",-0.468558819298215,-0.378856257747132,-0.160690661814792,-0.111376279847765,-0.201703507862695,0.503188425647816,1.54231459802134
819,9582,"s14","m3",-0.419275862478014,-0.308629794796274,0.0383861872707368,-0.128675581974154,0.0621407231287771,0.549987704900904,1.1649634054033
820,9615,"s14","m3",-0.638753061259732,-0.421956804222496,-0.239440645518236,-0.0264307000165192,-0.559034778345533,0.558680294776726,1.64863993322591
821,9616,"s14","m3",-0.609602490549573,-0.515098851361838,-0.191452610050088,-0.165152341932347,-0.471608312112633,0.431115917614175,1.75661723823357
822,9620,"s14","m3",-0.402405969647532,-0.449362694812699,-0.224740394797851,-0.160922670590595,-0.394070165287641,0.39674343938775,1.37797336494284
823,9625,"s14","m3",-0.528427084468941,-0.505205936598274,-0.156618646195163,-0.165683857947157,-0.266238907732845,0.504368472566905,1.65840393877174
824,9647,"s14","m3",-0.527341598736838,-0.35099977483152,-0.122025646772098,-0.0757464793474595,-0.164890972192446,0.461409231051914,1.61550267414963
825,9669,"s14","m3",-0.583155389230095,-0.500198541592113,-0.186519138645392,-0.236678974217333,-0.431488921473422,0.323050176522466,1.73211357419229
826,9674,"s14","m3",-0.388472757891713,-0.559012016693935,0.0253554793695015,-0.145171243550593,0.0757560933912981,0.302823789007633,1.4401109432865
827,9704,"s14","m3",-0.612782617124115,-0.476170801417691,-0.088212218064713,-0.123899509948508,-0.0978605959958292,0.536419050262966,1.61521304182504
828,9707,"s14","m3",-0.396119108017439,-0.370141262598534,-0.0745709485161774,-0.0577818404610611,0.00322476105946416,0.693030018811362,1.38204719741452
829,9755,"s14","m3",-0.496532339193989,-0.353378200739003,-0.151522356289541,-0.116598721734758,-0.212602989244076,0.512100274236173,1.44542219880789
830,9768,"s14","m3",-0.580307188691771,-0.472064487158107,-0.150515062506218,-0.174357445087967,-0.41935880835328,0.421540584929466,1.46823688214151
831,9774,"s14","m3",-0.396933079907397,-0.471579463259329,-0.0477985983279924,-0.191444002710211,-0.00220848491797596,0.34246758988302,1.62427714716377
832,9779,"s14","m3",-0.441648971879514,-0.334817681097554,-0.237898320799533,-0.0361603478196579,-0.204515709628745,0.59616960144437,1.44624126130546
833,9786,"s14","m3",-0.474698896740085,-0.33422694558626,-0.102241367227572,-0.0922300376511001,-0.247609258968462,0.590968152612897,1.36864123555318
834,9787,"s14","m3",-0.506982001321723,-0.399585311059815,-0.096288470484483,-0.217110036175446,-0.20341814540008,0.419910639933161,1.22139016571193
835,9812,"s14","m3",-0.673105260676407,-0.534888481632354,-0.215514170754424,-0.136392668877368,-0.518147131376165,0.408902516468033,1.83335521304435
836,9813,"s14","m3",-0.434435083076452,-0.424688458911413,-0.0903346957181711,-0.114368611114714,-0.0382082391235685,0.544506538078934,1.3976543028474
837,9830,"s14","m3",-0.375992934151396,-0.320577940393356,-0.0486310108805176,-0.0656100555678084,0.0453277671291472,0.522233301086159,1.31054666180478
838,9841,"s14","m3",-0.446470546748229,-0.337737487106653,-0.0951666176306044,-0.0713859870488551,-0.065070836567096,0.609091952320784,1.25733151964797
839,9845,"s14","m3",-0.43795401541932,-0.37666391332432,-0.0587317748860684,-0.0683622972517606,-0.0229625219145037,0.541348270505956,1.41545781331082
840,9889,"s14","m3",-0.58872173580771,-0.410952391578509,-0.18031126029322,-0.156435275209176,-0.372956198460078,0.491948300253046,1.33730958500836
841,9890,"s14","m3",-0.363872510587935,-0.304823003031416,-0.0419880345311621,0.00608202954975857,-0.055578551764619,0.626504586596234,1.38658779981514
842,9907,"s14","m3",-0.657025504013194,-0.559663558861033,-0.207661356466914,-0.0869328204696355,-0.55049477511188,0.5523364077196,1.89497967826068
843,9914,"s14","m3",-0.620336682003279,-0.434923003557664,-0.177523810629873,-0.0679883858065475,-0.416459355563991,0.519387727110403,1.54637782089478
844,9936,"s14","m3",-0.432854867397659,-0.327556049658258,-0.146226854608305,-0.0692826503268944,-0.283412647240237,0.665153746055864,1.31916764548484
845,9976,"s14","m3",-0.600207246048256,-0.564593314430149,-0.138392141243077,-0.220348282432207,-0.228510462199745,0.382140292440562,1.7913083960698
846,9985,"s14","m3",-0.67598784908992,-0.504651939832409,-0.274444525571021,-0.229655207007458,-0.184344586451596,0.336567597525753,2.15319940836162
847,9996,"s14","m3",-0.441614235224439,-0.464209491323207,-0.10647352193011,-0.212896726206342,-0.105577782324286,0.349182374750874,1.5539255424716
848,10030,"s14","m3",-0.499124347981945,-0.511505148211627,-0.110541877591511,-0.126793260585593,-0.110642810113508,0.418023929327356,1.56542062040266
849,10054,"s14","m3",-0.522987845996049,-0.418874143349735,-0.257915498691563,-0.206299899771352,-0.0877045292837104,0.493023233738224,1.67253887545505
850,10063,"s14","m3",-0.600511183240825,-0.478606888192612,-0.214160103048887,-0.2093699708815,-0.463800413729585,0.437680232929877,1.90731867751208
851,10083,"s14","m3",-0.507944243574774,-0.439780463377748,-0.174598757040935,-0.0849383596542978,-0.124424552423458,0.543254402747985,1.61277106525663
852,10085,"s14","m3",-0.415127167572684,-0.428329860847229,-0.0454998127053429,-0.0261981881474861,0.063088033814978,0.599274890542376,1.45561210894658
853,10093,"s14","m3",-0.544375793935708,-0.462598051749462,-0.196227720735994,-0.125207772940241,-0.227441477103939,0.614178465197092,2.11040335506274
854,10126,"s14","m3",-0.43805654298267,-0.425374338149533,-0.0661832365263366,-0.13143266804989,-0.0387111219129381,0.615725575931099,1.58708179043804
855,10131,"s14","m3",-0.462427139770063,-0.340962447732532,-0.1231603615663,0.00501646445882093,-0.148943536239345,0.542934332168733,1.27504677673616
856,10153,"s14","m3",-0.621141553625061,-0.507269771995563,-0.172355100147068,-0.170294353342797,-0.480018523343732,0.389439467200848,1.79867417084122
857,10156,"s14","m3",-0.544699861200537,-0.433616686812125,-0.0256426362048731,-0.217850312770635,-0.138463799265205,0.405317875522028,1.53334563368375
858,10162,"s14","m3",-0.399591201381942,-0.368237083341306,-0.0373982897145005,-0.0907825206129062,-0.194772101928728,0.535116392622982,1.3694016666692
859,10163,"s14","m3",-0.45630433697302,-0.432962411923299,-0.0318737929508221,-0.059645063875833,-0.113302309087189,0.59167972338928,1.44075551838006
860,10190,"s14","m3",-0.478513480956633,-0.429676198162192,-0.127273924697212,-0.0706234197514682,-0.0483645590937299,0.655201338452694,1.47252271959907
861,10215,"s14","m3",-0.509356298138278,-0.363058075163979,-0.130997769411348,-0.182804787884621,-0.0973626595828266,0.404537104722729,1.42039311692793
862,10229,"s14","m3",-0.639922458387452,-0.470218756074255,-0.154359837646389,-0.150527392504473,-0.485822043489653,0.539093686274728,1.70843794324424
863,10237,"s14","m3",-0.35279238756386,-0.251143133709733,0.0128047157249774,0.0585423607311385,-0.0985983459164914,0.675906854417319,1.1035598681174
864,10246,"s14","m3",-0.43111142115957,-0.359365688100833,-0.0577822574573889,-0.0383709938142942,0.0679488762950406,0.652343035098568,1.37568647655893
865,10258,"s14","m3",-0.462835606756452,-0.338230538639054,-0.0668445434921588,-0.0972744375966727,-0.0507565783863825,0.536610826708,1.45803562321364
866,10269,"s14","m3",-0.635090186285213,-0.403930933040794,-0.285218151167076,-0.193208473316164,-0.561680568671862,0.463995228132312,1.60951186756315
867,10273,"s14","m3",-0.627439232649862,-0.411587587819934,-0.246797830106826,-0.190806149895595,-0.605253589914444,0.513236573395646,1.85301356323128
868,10287,"s14","m3",-0.616655838230183,-0.496728108425896,-0.181903802787261,-0.172863210675616,-0.23855313852813,0.545829554915462,1.90804778858542
869,10326,"s14","m3",-0.651121589857242,-0.495833727125061,-0.12608135077774,-0.0641035777055686,-0.565718294303301,0.443961634310063,1.73480622316233
870,10346,"s14","m3",-0.53273025252417,-0.529923198769669,-0.219797670260104,-0.12084332686427,-0.250215476463008,0.599413725916205,1.65940253658128
871,10351,"s14","m3",-0.371079740548375,-0.379752150843606,-0.12763546746482,-0.0602895071489219,-0.0652424455331534,0.538884555194176,1.24963535652655
872,10374,"s14","m3",-0.480131911081111,-0.408304232688239,-0.131102774642505,-0.0694568838730116,-0.0553458431230896,0.532806447331916,1.56884240067523
873,10376,"s14","m3",-0.612512741129687,-0.512945120678385,-0.201674312155908,-0.154620092632586,-0.415834613301679,0.400886096878778,1.83606882923915
874,10384,"s14","m3",-0.564155482523533,-0.509480110915437,-0.236403150277605,-0.20805845793673,-0.13010643664375,0.386983110240046,2.13665675186819
875,10385,"s14","m3",-0.463412099940837,-0.48025640601742,-0.0489452839040099,-0.0563163514809824,-0.0123490129220853,0.497398596651378,1.57919296488948
876,10401,"s14","m3",-0.498182948980179,-0.60070989746474,-0.153694540474351,-0.141830249825309,-0.18639641000552,0.40446388918129,1.7060312689334
877,10422,"s14","m3",-0.562646885760606,-0.493310837775626,-0.200994845084916,-0.255915810956801,-0.389966833662539,0.345739807304148,1.97173080905393
878,10443,"s14","m3",-0.372760952972438,-0.385510202496092,-0.0746462467362041,-0.158242279976248,0.00380042417846552,0.46806259952069,1.2710691972042
879,10454,"s14","m3",-0.546936599824656,-0.470741312166908,-0.180220951470819,-0.186627878095299,-0.0353183553372675,0.467649778273303,1.88325106343187
880,10472,"s14","m3",-0.564915525722056,-0.505536902590768,-0.156572560102728,-0.16838026758181,-0.256133499695336,0.417086410421471,1.69907382829763
881,10476,"s14","m3",-0.510371946003815,-0.44156335157711,-0.0375368720575438,-0.139877446730775,0.101247214764209,0.462353748206403,1.68301877990385
882,10480,"s14","m3",-0.567892696687404,-0.505134528926679,-0.0896339956153164,-0.153282501621341,-0.0656487540306957,0.492965664001596,1.78263551633632
883,10481,"s14","m3",-0.567668014594936,-0.409251860945681,-0.0489320306476949,-0.159156160520248,-0.106241056802537,0.456787487864582,1.51393214150631
884,10495,"s14","m3",-0.450098329629549,-0.379255777844642,-0.0702572793192154,-0.143446269608419,-0.113089324146619,0.507731880670693,1.60010296922015
885,10531,"s14","m3",-0.48345298113805,-0.366020860428573,-0.0831635430706028,-0.0163075135617304,-0.281851898888851,0.654740553002309,1.46786338172759
886,10534,"s14","m3",-0.533811915998161,-0.56242722219704,-0.0322621814025351,-0.284600522514918,-0.0883759782546372,0.446045755860898,1.95269767262247
887,10541,"s14","m3",-0.541599330553373,-0.382177634707106,-0.106841759810245,-0.0904072986525409,0.0757242429842224,0.519078321239786,1.51898932949474
888,10542,"s14","m3",-0.491769118609392,-0.44376777372819,-0.0939754076181632,-0.103645090209628,-0.186048494233734,0.53451336950522,1.66137570666924
889,10544,"s14","m3",-0.45920095387723,-0.378186933642261,-0.0802349710829532,-0.126762904453616,-0.263185070062932,0.515320592672095,1.56102018205592
890,10553,"s14","m3",-0.542041481554028,-0.429431361088918,-0.12881651586862,-0.100503900756065,-0.190560934583835,0.515581728020194,1.71018407553055
891,10556,"s14","m3",-0.359156796764943,-0.413493983594391,0.00678009924168416,-0.0832073198835482,0.137130552026236,0.529020762227095,1.52072638342209
892,10574,"s14","m3",-0.591896389282374,-0.45917133819595,-0.160674170328316,-0.164202942344647,-0.611263437277878,0.448515319490799,1.78916825190003
893,10584,"s14","m3",-0.371918976138386,-0.375745843146752,0.0342908808799933,-0.0744185768989426,0.0464417404372559,0.388993077192445,1.34213994036789
894,10589,"s14","m3",-0.540820478696291,-0.467759675629367,-0.0744786238896272,-0.123917807479973,-0.288922838980688,0.471637940787588,1.55798973652764
895,10599,"s14","m3",-0.465783853501297,-0.405550717389987,-0.129562766687149,-0.180222058820288,-0.0625957662783937,0.533788788668199,1.50934519443246
896,10601,"s14","m3",-0.332971749102246,-0.183141291337326,-0.0173677219179381,0.0209469533133532,0.0823699040376781,0.721320628474068,0.96162295152616
897,10632,"s14","m3",-0.505865591855815,-0.466467758781526,-0.158161333762448,-0.116294044590848,-0.0368391713424518,0.417724490779923,1.71365434609748
898,10658,"s14","m3",-0.641300588296632,-0.396436154810435,-0.175668269872171,-0.252596438529761,-0.463103244122269,0.419237468335252,1.50783449211574
899,10666,"s14","m3",-0.566212463103084,-0.473540333239952,-0.158170429669673,-0.25905247943766,-0.102866996049963,0.322250252002678,1.79367993359059
900,10670,"s14","m3",-0.513672619024475,-0.394197492851822,-0.302691821226831,-0.0600300546144768,-0.373277997096877,0.502282177241654,1.43893325637784
901,10677,"s14","m3",-0.570944657047415,-0.608104435164712,-0.143843796738602,-0.271785602689737,-0.196186546510229,0.320691193399502,2.05810016013964
902,10720,"s14","m3",-0.492524235932678,-0.356027015566755,0.012168648951596,-0.0236386134298304,0.0590254789758951,0.619235172242042,1.19648258832726
903,10752,"s14","m3",-0.541680118442975,-0.371828972028913,-0.165766976290588,-0.149502661219852,-0.573814927654906,0.606222714993683,1.66772470838988
904,10754,"s14","m3",-0.494060157514687,-0.451544688245581,-0.151011069813556,-0.0860932246696915,-0.383826403551762,0.48288079050486,1.70454305405178
905,10761,"s14","m3",-0.474952722060925,-0.340612564274228,-0.145152017145194,-0.0100745117093164,-0.184060763531477,0.521191500592874,1.37420478926024
906,10778,"s14","m3",-0.541265077783043,-0.560961927383405,-0.0584845208458808,-0.120283907346097,0.0173785104919959,0.456594510489485,1.74447712300692
907,10821,"s14","m3",-0.607484951706388,-0.481970577789892,-0.04819535476412,-0.132890311023218,0.0303399241020982,0.428729732570393,1.75878772611779
908,10845,"s14","m3",-0.514768565464046,-0.415358972811441,-0.0833757209278853,-0.11508833132042,-0.0870735001099112,0.511186655331368,1.53091803567198
909,10868,"s14","m3",-0.544948840991386,-0.320974535460257,-0.102238704081324,-0.0360913346834924,-0.204123453501841,0.632641501952783,1.37264433775631
910,10879,"s14","m3",-0.37090846762646,-0.280421601651428,-0.104849816007209,-0.0528085077443116,-0.125155115681027,0.634298802566954,1.09824860770384
911,10882,"s14","m3",-0.58110482450375,-0.46453747470058,-0.0818415716454511,-0.0769349415796369,-0.233399467281736,0.610731989404877,1.691395942956
912,10892,"s14","m3",-0.641146865095007,-0.540561979716608,-0.199055730631364,-0.282578188236958,-0.579298710651915,0.386974970834537,2.01617925466637
913,10896,"s14","m3",-0.522255147184008,-0.496752171096659,-0.244989303564893,-0.194008321208656,-0.200878025794155,0.2773501770252,1.91898071515208
914,10897,"s14","m3",-0.362086574245943,-0.343744420919864,-0.080189052101015,0.0379020905018038,0.170942354061154,0.619832740234098,1.49315284060762
915,10898,"s14","m3",-0.535623602537859,-0.500513763847335,-0.169655203341937,-0.105961709985638,-0.328562945916368,0.44631638150174,1.8210962616942
916,10904,"s14","m3",-0.605310504410603,-0.428381030200675,-0.20635644735988,-0.17198380509401,-0.333549979037273,0.377692656276352,1.6653905770628
917,10911,"s14","m3",-0.440676580107027,-0.517314517548246,-0.0954219659651267,-0.242506827140272,-0.176152242445862,0.329197958103783,1.65754073703117
918,10919,"s14","m3",-0.666940171841434,-0.376655713755492,-0.158036556268727,-0.0968217652122931,-0.334584149205712,0.609778617399334,1.65088744075953
919,10933,"s14","m3",-0.408243149261382,-0.398597310700227,-0.0619209421320422,-0.125422879279805,0.210304866373654,0.512945710604126,1.26854916042852
920,10945,"s14","m3",-0.639316278960927,-0.46304812817774,-0.145618382864299,-0.100917329776856,-0.133995095028443,0.50525846839302,1.72617117210506
921,10957,"s14","m3",-0.518458626992116,-0.371160638477155,-0.100469268983352,-0.0607147430678303,-0.052479329708097,0.56457482670856,1.29256269601357
922,10966,"s14","m3",-0.43561644338346,-0.369525595822049,-0.110577798658505,-0.0763990963535052,-0.236018391421723,0.576382826819179,1.67401625379799
923,11000,"s14","m3",-0.429868617393927,-0.315498005109617,-0.104022351001073,-0.0843250158201341,0.13274120644968,0.560947043009526,1.53854693608696
924,11007,"s14","m3",-0.537507662033637,-0.489449999163501,-0.162054180755474,-0.191912932135783,-0.538982762324158,0.3542119523654,1.72296593641324
925,11015,"s14","m3",-0.619246372779782,-0.44723095844952,-0.178905325632702,-0.12418867263467,-0.259107682031584,0.510669011029301,1.53065083617265
926,11029,"s14","m3",-0.495549400683167,-0.384427588803729,-0.0546754029431055,-0.17292134676457,0.0677180455147902,0.535754217061677,1.56750637965076
927,11053,"s14","m3",-0.457886070242671,-0.41041092955213,-0.106799246699086,-0.0808178800503002,-0.104248002150571,0.54571409609455,1.38280996288408
928,11060,"s14","m3",-0.433770619557223,-0.413636112359989,-0.0622136721755738,-0.120717565445754,-0.00994818766919316,0.569887199532248,1.60709000034875
929,11067,"s14","m3",-0.436481501324978,-0.29594494009514,-0.0570302255197293,-0.0225651988519146,0.0334281330279883,0.671686082500953,1.01062850524654
930,11083,"s14","m3",-0.510172214251518,-0.499261545494943,-0.161186532772118,-0.135451641001745,-0.021410963012363,0.591243058462355,1.8396545596232
931,11093,"s14","m3",-0.484779289019646,-0.387997896542049,-0.0683914503337837,-0.0284449354776322,0.0213003681290906,0.594830846786145,1.30952050787822
932,11107,"s14","m3",-0.437862219892311,-0.468666672385973,-0.0683267198214981,-0.272880712743086,-0.057103030306406,0.444389811318512,1.6409361645237
933,11115,"s14","m3",-0.460778641671491,-0.441308654579987,-0.13647746697108,-0.0585943074073066,-0.133309928287741,0.583171003199076,1.37846269401102
934,11117,"s14","m3",-0.565728525798134,-0.344155945802727,-0.087995392303165,-0.0827977015457612,-0.330831713922907,0.59110541940659,1.3096601330787
935,11135,"s14","m3",-0.637601141024603,-0.582305967891672,-0.169826448271305,-0.120312033760545,-0.27676932368527,0.420800075014074,1.86994534416019
936,11140,"s14","m3",-0.472839948079698,-0.289853855201634,-0.0898498523362873,-0.11846152739008,0.00352421101548795,0.541985792899042,1.34276596497574
937,11162,"s14","m3",-0.442688553676446,-0.365271493652579,-0.0904571787169936,-0.0282640324660822,-0.0056396477910792,0.64807008713697,1.40675238277934
938,11182,"s14","m3",-0.592876937830788,-0.501548897306741,-0.132023487816291,-0.234709905704127,-0.317541497439962,0.399291559417605,1.64377843265488
939,11195,"s14","m3",-0.446679020958024,-0.466497038323336,-0.0580661915028752,-0.12804260241473,-0.133562575867317,0.488934857865485,1.53298070514585
940,11201,"s14","m3",-0.58692150227731,-0.590358663975085,-0.13404653083714,-0.24400083092255,-0.193869443296338,0.485697271414382,2.08384007787963
941,11225,"s14","m3",-0.510527816927857,-0.523825989253409,-0.181888649602218,-0.102320259867754,-0.295743616029853,0.580091341927086,1.82543875445335
942,11226,"s14","m3",-0.473554814846421,-0.37234611225885,-0.0712335545272321,-0.072851584862787,-0.24401885184734,0.595482345283338,1.48694631801348
943,11228,"s14","m3",-0.413879386116194,-0.408108015352297,-0.0675398590745346,-0.116224201643175,0.103966603151294,0.459352652520652,1.42874520027179
944,11239,"s14","m3",-0.634347824350067,-0.605780786070028,-0.168298237420726,-0.238498997551173,-0.241815673692496,0.346868498775345,2.06415426826429
945,11258,"s14","m3",-0.475525773310096,-0.383407425678863,0.0383921876393377,-0.147869894813146,0.180245497222881,0.464095637151164,1.31413721326313
946,11259,"s14","m3",-0.510665704674578,-0.482944263516876,-0.173672369947601,-0.0672564469451838,-0.386387138282436,0.611533126335586,1.86703026262169
947,11267,"s14","m3",-0.433234410227026,-0.332152430088827,-0.0737314781114474,-0.16470156185692,-0.0840741834503932,0.372068570298114,1.37532192449225
948,11273,"s14","m3",-0.578838681780058,-0.535491892059409,-0.118787467188662,-0.247552326268085,-0.0252243070330672,0.473899431263709,1.82072927404368
949,11289,"s14","m3",-0.425594337702874,-0.218152902895799,0.0189396890090003,-0.00320938378904711,0.0674016008498417,0.58434197515657,0.921094706443517
950,11290,"s14","m3",-0.523643137390085,-0.372810284211959,-0.124640651119427,-0.16255963666007,-0.160682555489274,0.372898830960924,1.6497239427438
951,11291,"s14","m3",-0.609057902747766,-0.460385501139149,-0.201820389753834,-0.174647682730098,-0.307616912874887,0.457233718352846,1.95659714280518
952,11305,"s14","m3",-0.592849032159268,-0.596546338637917,-0.097013390667376,-0.327741592619294,-0.0829742309909443,0.178235558298555,2.03267412352887
953,11316,"s14","m3",-0.398546974782872,-0.30699536453515,-0.101749212590748,-0.0437329520746898,-0.00678930335596451,0.586437947163306,1.17963884514636
954,11326,"s14","m3",-0.566447245983749,-0.333489303013409,-0.118502068257896,-0.0202588694674616,-0.0810303733503604,0.652813184917265,1.46212594999135
955,11337,"s14","m3",-0.471709151242335,-0.301742604407598,-0.0925952735233616,-0.0489781734984484,-0.183471734214301,0.69142959205905,1.1412098395555
956,11354,"s14","m3",-0.523989444378054,-0.484593317531312,-0.146141643777194,-0.143393146167198,-0.298406065474101,0.327633424290149,1.84486061857288
957,11356,"s14","m3",-0.48213553630063,-0.485932878886691,-0.169073996652217,-0.117425626594823,-0.0868363480613078,0.452731951186226,1.38437120485063
958,11358,"s14","m3",-0.495897719672347,-0.522627990575768,-0.231528976478022,-0.221020135359616,-0.244812614841622,0.408288944597741,1.8719182907741
959,11360,"s14","m3",-0.487475975815135,-0.342481362227496,-0.0481889802054473,-0.0207506727432531,0.159225520138864,0.483867435890113,1.52045289958584
960,11374,"s14","m3",-0.620125288284536,-0.407078193340801,-0.161588314587062,-0.118476950112159,-0.406351725696761,0.379567067364192,1.77183722593963
961,11382,"s14","m3",-0.591120480192115,-0.412064275243855,-0.107415670121584,-0.118459167962383,-0.314482168539911,0.525839280423611,1.65207352820641
962,11388,"s14","m3",-0.505526876307828,-0.474350560058835,-0.209946385769211,-0.143541487670772,-0.0876242830889036,0.466887857027052,1.87784954948833
963,11389,"s14","m3",-0.480508079894087,-0.41208443897479,-0.225899107549658,-0.259216112122542,-0.36039193956193,0.353858202702588,1.57263584404403
964,11394,"s14","m3",-0.51189933211913,-0.479186328565352,-0.204586180498904,-0.153417975637798,-0.157006656013365,0.275279020416426,1.69468890820338
965,11398,"s14","m3",-0.553201473808369,-0.522342679508445,-0.209728969563238,-0.186441206807788,-0.182009443212355,0.505149367043284,1.77838814046792
966,11439,"s14","m3",-0.624599730139754,-0.51154038446676,-0.157299937037465,-0.0876149025227114,-0.319297366347221,0.457690075667567,1.820137653749
967,11444,"s14","m3",-0.505559259360697,-0.471736508750556,-0.17376195054414,-0.131980882507928,-0.34906814025657,0.510636679948434,1.68262033988728
968,11467,"s14","m3",-0.585020381031887,-0.45976944430667,-0.165762304821091,-0.18124000105045,-0.196488735735333,0.464452023873942,1.80799577898192
969,11498,"s14","m3",-0.434242958043805,-0.362701916914956,-0.176524398371026,-0.0832392696632081,-0.245084615057317,0.43802922324195,1.45540933668914
970,11518,"s14","m3",-0.528523763618104,-0.44846231344733,-0.0820290950355304,-0.136356118666554,-0.0770529975733119,0.467619339547002,1.46293353793603
971,11525,"s14","m3",-0.466049366631919,-0.531843652131841,-0.149720023624265,-0.225459552476896,-0.0853585478720484,0.36986492457524,1.87802308365771
972,11538,"s14","m3",-0.56462387789034,-0.497033800714325,-0.185122127615674,-0.161557519998769,-0.455046719985573,0.556986980115394,1.7825648023899
973,11570,"s14","m3",-0.536629972585165,-0.513154925980136,-0.0682609840000414,-0.223554493041794,-0.138735642014783,0.35572824935486,1.6322624957648
974,11572,"s14","m3",-0.580344201495424,-0.379153355050352,-0.16555253095866,-0.178988954111151,-0.457683484317913,0.599856936798329,1.71295404919749
975,11589,"s14","m3",-0.535885193992396,-0.503914927555932,-0.201606295381151,-0.174716700690649,-0.356930258706482,0.494255018988938,1.68455119592328
976,11598,"s14","m3",-0.430000957476892,-0.412045103758472,-0.0461647584100241,-0.0576341649712565,-0.153645588380617,0.575903389079282,1.20938375576416
977,11630,"s14","m3",-0.514000617100968,-0.255930017644643,-0.144354801935418,-0.0148203648107358,-0.0781739340377751,0.72197009239743,1.28478126862704
978,11648,"s14","m3",-0.572069892894656,-0.466253837840874,-0.256716867203554,-0.152675600312272,-0.352945652766398,0.526809283260156,1.91770361672333
979,11650,"s14","m3",-0.567203124607605,-0.425619722461373,-0.0588790953363127,-0.12253651392513,-0.115876484252016,0.606158471040412,1.54318315543126
980,11666,"s14","m3",-0.536626639424739,-0.405166394258645,-0.231021869766617,-0.0718690903977158,-0.156052477206801,0.504077432293168,1.7111732841374
981,11669,"s14","m3",-0.563447096966319,-0.511697984942409,-0.212368051085242,-0.236498499569429,-0.479395901942585,0.35761825046463,2.03628550171224
982,11674,"s14","m3",-0.562964481597863,-0.467613009898428,-0.159160592836746,-0.151094347216956,-0.17888946470593,0.452586322510738,1.86930395823786
983,11680,"s14","m3",-0.633488251144927,-0.517263504791516,-0.20096082970333,-0.241897457012198,-0.350813738706075,0.330323343168173,1.93657396068182
984,11684,"s14","m3",-0.537457471091966,-0.480843886380377,-0.179506981023076,-0.169035108134316,-0.0248654927032851,0.413870118724329,1.61706272109603
985,11712,"s14","m3",-0.54110606329225,-0.55645457994156,-0.251169678398524,-0.130325395215341,-0.398865250542056,0.435100099134077,1.93272275701357
986,11713,"s14","m3",-0.598622634768496,-0.530942797028733,-0.101405725240819,-0.201867673579888,-0.013489217435884,0.406430065342745,1.96854392806842
987,11719,"s14","m3",-0.526322920646671,-0.506355589443423,-0.251571643396941,-0.145968401607364,-0.403882541743435,0.464156615115816,1.79407959092502
988,11729,"s14","m3",-0.429068735629727,-0.32651441021056,-0.0974227700295521,-0.114305173502575,-0.211422075784858,0.645464670393047,1.34624712759883
989,11754,"s14","m3",-0.543255276021857,-0.505676988371233,-0.187891396485109,-0.206795198685539,-0.364732737592499,0.487326842058329,2.08934260991612
990,11780,"s14","m3",-0.560653980452074,-0.48059694974858,-0.058803881909301,-0.14939797533068,-0.186108667988844,0.334401534491882,1.85996293486347
991,11787,"s14","m3",-0.387140593087554,-0.310289739243462,-0.0202108028766226,-0.0946918946318627,0.0848253601773075,0.497340308294582,1.09629451372784
992,11796,"s14","m3",-0.608955408693068,-0.47276931027207,-0.143878804832692,-0.154967427516884,-0.288220625591962,0.394900537311227,1.72652746293254
993,11797,"s14","m3",-0.392807017635306,-0.42767456045209,-0.133392591947454,-0.13342275505332,-0.0310366559676282,0.47733363088363,1.42818102479268
994,11801,"s14","m3",-0.642358637437794,-0.460294453016195,-0.18958956995816,-0.159776565355143,-0.511952561975108,0.311175732049437,1.68799123832676
995,11823,"s14","m3",-0.528318395521492,-0.362630995839636,-0.124010259475112,-0.0458801966219061,-0.0662572859219672,0.59369428734248,1.47472153471134
996,11841,"s14","m3",-0.430141002987862,-0.310629475009303,-0.098993047212687,-0.0296214653964026,0.0174037061027424,0.620507436901604,1.28429633465693
997,11843,"s14","m3",-0.467438378578182,-0.526355698667505,-0.15407089398303,-0.120542140102694,-0.0617659174115943,0.480027261565517,1.60343453701308
998,11846,"s14","m3",-0.473288546905746,-0.275332725651437,-0.174543855252963,-0.135262006302489,-0.198407149471436,0.449042982556647,1.10153845312216
999,11874,"s14","m3",-0.414398399271716,-0.480614936223454,-0.0764470882385771,-0.193584689894742,0.170163576553652,0.322250233288362,1.38686694577238
1000,11878,"s14","m3",-0.42008030235594,-0.421966082484112,0.0165155805959684,-0.193828680574188,0.0202110313665359,0.451145764535963,1.28153569238959
1001,11888,"s14","m3",-0.535788203292815,-0.509733297003859,-0.00608795002622354,-0.202211920170006,-0.0226559081816909,0.38828886702139,1.64553087486127
1002,11901,"s14","m3",-0.480749833187787,-0.499838030311861,-0.114226078192503,-0.193113947862722,0.0579240004259869,0.351976570013218,1.6050386496715
1003,11917,"s14","m3",-0.474985843664415,-0.457074365307162,-0.122273738232495,-0.0766007213496308,-0.32896200603758,0.481433175489074,1.62135552299168
1004,11933,"s14","m3",-0.383370590200389,-0.309547168302613,-0.0180405112206302,-0.0759215063447725,0.0601469929000216,0.576731659998676,1.26085397941226
1005,11951,"s14","m3",-0.381047343343785,-0.340297529925205,-0.0440556278425953,0.0437760137420864,-0.342198321914731,0.574464761395451,1.02746784661204
1006,11974,"s14","m3",-0.497728256081808,-0.50994849446863,-0.102822340836998,-0.152797262958398,-0.028320755829591,0.452327969978787,1.66073180310112
1007,11976,"s14","m3",-0.468459312539018,-0.472113850561062,-0.117554380980181,-0.0923365012835069,-0.189718790663252,0.557057117015408,1.41478466845432
1008,11996,"s14","m3",-0.345710126873584,-0.392723729962165,-0.0122442881685118,-0.113380835678783,0.0888686088098487,0.514363957372848,1.10477613790344
1009,12006,"s14","m3",-0.53913912607952,-0.471494950056867,-0.187657639446282,-0.111358119077928,-0.344252244455583,0.563047517827247,1.65007482450492
1010,12019,"s14","m3",-0.425971441609381,-0.480441221148128,-0.193422960543691,-0.199722938347269,-0.154472527287138,0.378742458685073,1.45300295642366
1011,12021,"s14","m3",-0.375189944531433,-0.384828828910206,-0.206250727449555,-0.193472265150076,0.0205210830716581,0.468226311098065,1.50712739628081
1012,12031,"s14","m3",-0.724521886818489,-0.605881919227613,-0.260907688958691,-0.17271433848825,-0.937960170359228,0.548932650420205,2.07601760011875
1013,12060,"s14","m3",-0.363990824158832,-0.307753991213087,0.0297506039836843,-0.0928502197033472,0.0409669650582876,0.505858852079545,1.13754710708054
1014,12079,"s14","m3",-0.448220016928217,-0.455041041522336,-0.195678493443555,-0.250923767309493,-0.274518080206128,0.356597532930075,1.59726912995573
1015,12087,"s14","m3",-0.555748493279291,-0.461409440874106,-0.112901089110095,-0.150124965816979,-0.096832615957398,0.389448349057769,1.65853067925499
1016,12099,"s14","m3",-0.51033788285736,-0.388382846468637,-0.0599076843221564,-0.0913610714714422,-0.0865974882715096,0.453439275914751,1.372381185634
1017,12107,"s14","m3",-0.604891605849192,-0.561082760784976,-0.136245884344637,-0.180643531248052,-0.173839038567207,0.413535127856364,1.98902711749017
1018,12128,"s14","m3",-0.660059999709977,-0.476842169207667,-0.219341490651456,-0.244238094499449,-0.243330607616546,0.4263980921641,1.91821255540112
1019,12157,"s14","m3",-0.607314240467887,-0.532967213987188,-0.258655831958258,-0.18483427692847,-0.64375537349557,0.485233812271882,2.04086601160848
1020,12159,"s14","m3",-0.646222408419527,-0.398522818691317,-0.228859001570274,-0.131184720322332,-0.393009599870102,0.58109587682017,1.73316352018919
1021,12168,"s14","m3",-0.483901177511939,-0.395782419629428,-0.130504294385362,-0.00421294771207093,-0.32177733778002,0.620194922152467,1.57960613096838
1022,12188,"s14","m3",-0.440687479489038,-0.430542434153617,-0.199926887382614,-0.11599926999209,-0.285185181231044,0.52804638349347,1.34289564879689
1023,12216,"s14","m3",-0.328486175115772,-0.415691956055694,-0.117436569801952,-0.113259568808889,0.017304483075591,0.37096323881229,1.13073082410514
1024,12224,"s14","m3",-0.542882551326984,-0.424105851188442,-0.049053824176499,-0.214825856709321,0.0700617459722224,0.373533350057414,1.81288401198709
1025,12228,"s14","m3",-0.489128325779432,-0.48465791471101,-0.133317378576687,-0.147711431833418,-0.136122815959399,0.588412925559184,1.5724137269926
1026,12231,"s14","m3",-0.633134126404633,-0.562282653177522,-0.218077851602269,-0.201195043452373,-0.434794809757283,0.392691652558791,1.92104256520334
1027,12236,"s14","m3",-0.556756678801591,-0.433076185499394,-0.0324285191299769,-0.0770263446647174,-0.0494706499179678,0.536642243444872,1.89247966081637
1028,12243,"s14","m3",-0.506725931812487,-0.3537832211539,-0.0742900898495139,-0.095166132166909,-0.0652068391398938,0.549906981223793,1.41305949161372
1029,12270,"s14","m3",-0.500429343471172,-0.314216469471036,-0.124934865202742,-0.0785653546933602,-0.0645235354243957,0.545987663189413,1.52580595642366
1030,12282,"s14","m3",-0.571643763331199,-0.430419215033316,-0.228957814984363,-0.149955967335759,-0.406337307584007,0.427476440676955,1.67382881826331
1031,12299,"s14","m3",-0.611692900652632,-0.467805407043756,-0.128596672458737,-0.142085398965313,-0.359477246973642,0.386902378320057,1.76205851631104
1032,12314,"s14","m3",-0.591222452559801,-0.472245521384877,-0.0834956509902071,-0.14823773624519,-0.0269350603702107,0.493983736909146,1.65851563496749
1033,12322,"s14","m3",-0.623312433156948,-0.503383866177244,-0.253903792938741,-0.189817377155109,-0.525099340430801,0.324818979469969,1.7240482248232
1034,12354,"s14","m3",-0.467446136325166,-0.398761785260566,-0.032680105495864,-0.09792461351322,-0.0509879130389104,0.464228658920494,1.31532952591496
1035,12359,"s14","m3",-0.665114788053158,-0.601124981610291,-0.366827505076555,-0.113591288755038,-0.726384333951953,0.478202607251852,2.07310592554448
1036,12360,"s14","m3",-0.549693949302605,-0.419162026599933,-0.0388511629264116,-0.135372559164431,-0.260636621259456,0.447828164480439,1.48545402559779
1037,12366,"s14","m3",-0.603737737601956,-0.520357241873177,-0.173345311139733,-0.239819425842133,-0.22488829867951,0.409290111661117,2.0472961800195
1038,12370,"s14","m3",-0.476657582742967,-0.372826716368745,-0.119001158476693,-0.172979915415881,-0.118115260953037,0.50078147367536,1.66501141910039
1039,12398,"s14","m3",-0.461935335630186,-0.324504895059956,-0.0542624757962134,-0.0857163539461302,-0.0464755589974999,0.488445151310048,1.11937466478341
1040,12413,"s14","m3",-0.562989145935458,-0.458170404941732,-0.191488143245975,-0.134377261175806,-0.34928033164953,0.485827879358759,1.76049817481332
1041,12428,"s14","m3",-0.498584460142148,-0.463499362286777,-0.118813029370433,-0.158014756280593,-0.14633917034216,0.459838953090505,1.61605806719831
1042,12438,"s14","m3",-0.548933154855364,-0.508614754348753,-0.280789770381732,-0.0987120614852804,-0.234962648822391,0.46641101675805,1.95487746352085
1043,12455,"s14","m3",-0.483053420680361,-0.498153058348846,-0.191195488643695,-0.227272978577271,-0.207239548132697,0.318483551935469,1.61238758405986
1044,12466,"s14","m3",-0.549008097852938,-0.359985816117158,-0.174405598221036,-0.0557564491004174,-0.20765031970531,0.555613980728438,1.52950013032349
1045,12474,"s14","m3",-0.632393218711386,-0.450894356085513,-0.102207929343125,-0.209367143248712,-0.124219044456364,0.407176489346643,1.57825712901855
1046,12484,"s14","m3",-0.560435698335881,-0.479271655626948,-0.171461044320243,-0.0747060566213376,-0.0649290397610371,0.57713180167659,1.73922691168084
1047,12485,"s14","m3",-0.476228824007482,-0.376655288923474,-0.020210851383251,-0.102682171513048,-0.0453674083336844,0.56178636892713,1.5042003070785
1048,12490,"s14","m3",-0.495322269251019,-0.49451450100821,-0.0644040365949742,-0.199878063624342,0.0472758072354772,0.401509812822115,1.59764288462734
1049,12506,"s14","m3",-0.60214482365836,-0.516325960614312,-0.141158817924677,-0.0949794980965301,-0.185304633723011,0.534423505776649,1.9761471326748
1050,12519,"s14","m3",-0.445596603711896,-0.276815420529479,-0.169635171735667,0.0200823062246529,-0.274685243193042,0.656572677056932,1.24797735933203
1051,12524,"s14","m3",-0.538687753413752,-0.465104466802523,-0.131775307894832,-0.102280179623536,0.0153589538487144,0.526702919177109,1.91498701642435
1052,12529,"s14","m3",-0.49486867852009,-0.438170251021844,-0.0913737370776887,-0.072421375185964,-0.101001997983491,0.531458368506216,1.52420166084626
1053,12532,"s14","m3",-0.540872589898228,-0.487072936457795,-0.183766073112729,-0.134601813993877,-0.440639115133316,0.381829743375145,1.80690267909911
1054,12535,"s14","m3",-0.427397838359175,-0.353003103472657,-0.0801040794763982,-0.0919519545119388,-0.0145501257269118,0.657189031245272,1.28769102577064
1055,12546,"s14","m3",-0.537858209475898,-0.466698320923705,-0.123402255870389,-0.249776041214681,-0.108403985770112,0.322119246950236,1.51913639461654
1056,12559,"s14","m3",-0.44403789915212,-0.377345226858633,-0.0160545659464342,-0.124966012938763,0.016288695948959,0.437140579353507,1.60876356668774
1057,12569,"s14","m3",-0.400519382129034,-0.447585235512556,-0.16866333217931,-0.228168092473112,-0.346175270886357,0.425110000915923,1.75636358591691
1058,12578,"s14","m3",-0.555607327786255,-0.490872374414525,-0.195681605401406,-0.120242259947352,0.0552205334467408,0.415865242227574,1.83811233735279
1059,12581,"s14","m3",-0.572123217382711,-0.531101316377998,-0.126271364972358,-0.137850932018111,-0.0483804662253436,0.497692413905104,1.69088435579238
1060,12590,"s14","m3",-0.564999975694612,-0.456365087803708,-0.132257832980178,-0.193899459446397,-0.109103221129105,0.461559770943638,1.67839939909813
1061,12617,"s14","m3",-0.52490989569019,-0.421758076168505,-0.131638979993024,-0.176680157122484,-0.285458406299769,0.513756466639464,1.70401376621237
1062,12620,"s14","m3",-0.423094977859426,-0.405945634992304,-0.0851407281886133,-0.0549306938273623,-0.037772329133204,0.569903244448759,1.38651821248084
1063,12621,"s14","m3",-0.559067827051927,-0.387742420415506,-0.183445585259094,-0.0633300297399449,-0.270864284302175,0.599861580171524,1.60097013757518
1064,12627,"s14","m3",-0.471210439929078,-0.403965349005583,-0.118597256002318,-0.222937795334104,0.115502749249724,0.579400720486678,1.62697016579532
1065,12653,"s14","m3",-0.517045113723349,-0.45040341696293,-0.119595226861182,-0.0869154630728599,-0.209357517734096,0.537771214032756,1.53696342735505
1066,12656,"s14","m3",-0.355401154837655,-0.363618371509564,-0.0982769490155006,-0.0176998651838214,-0.282094660078956,0.582934730270087,0.890180768278134
1067,12676,"s14","m3",-0.594946039336422,-0.390697715645452,-0.217081126318839,-0.130873021640409,-0.329834647294074,0.424160096428787,1.74371431788012
1068,12684,"s14","m3",-0.596725715010033,-0.541579448088127,-0.160630685481479,-0.235988017112121,-0.310082966616177,0.326269133882251,1.79546486955995
1069,12693,"s14","m3",-0.530566157224478,-0.351260089417324,-0.120135635279753,-0.0659250627134062,-0.0747257685105208,0.636846638445485,1.52176737896542
1070,12694,"s14","m3",-0.434382410346098,-0.372281464923788,-0.10738363833949,-0.120369065755846,-0.210417771663135,0.471838543000251,1.46562799883867
1071,12704,"s14","m3",-0.44941633159842,-0.42922531745894,-0.0842107881078532,-0.0988347379435266,-0.171725483635104,0.342307111694434,1.29167000052252
1072,12714,"s14","m3",-0.593712542719219,-0.476757445496515,-0.119863948161527,-0.170149519671269,-0.231951021882362,0.574800381517785,1.78717066428103
1073,12719,"s14","m3",-0.365044402173284,-0.316946421206856,-0.035150809737376,-0.0343353059641432,0.11479868837299,0.60629739066034,1.18464214513943
1074,12724,"s14","m3",-0.370068321412689,-0.365295305477343,-0.0526088970327289,-0.123402685889179,-0.0547311756129127,0.459707632847303,1.30912489369695
1075,12751,"s14","m3",-0.538592083006129,-0.435984556414858,-0.161000495821229,-0.104012509354388,-0.382128151482404,0.495591321897424,1.39624946398493
1076,12757,"s14","m3",-0.518992581935283,-0.527150758639844,-0.186428411418976,-0.092498503078449,-0.282540598991865,0.415386069272453,1.67897812794387
1077,12761,"s14","m3",-0.57504001839709,-0.404238996052491,-0.0867682649970279,-0.174275798390238,-0.397996272871123,0.468673776876661,1.87807366919657
1078,12770,"s14","m3",-0.45770143916202,-0.401595557710402,-0.0783076736882045,-0.0993951429353182,-0.139409894219163,0.564273091944531,1.1626272382403
1079,12778,"s14","m3",-0.500494337487188,-0.489647215796018,-0.205809220897854,-0.223399528129921,-0.117913429505606,0.467861219929178,1.88851800866214
1080,12813,"s14","m3",-0.543352593282588,-0.410323928828537,-0.13398806336976,-0.132533978908277,-0.284175020722849,0.537031999659255,1.77340170452068
1081,12820,"s14","m3",-0.481804566712007,-0.33815387702071,-0.0834294367574199,-0.0665614883906553,-0.0647723292246238,0.537731795764211,1.26952699027444
1082,12835,"s14","m3",-0.415735751063199,-0.461368531872664,-0.0966672825131262,-0.0476669176802618,-0.316604462421976,0.538362199070992,1.65631729196478
1083,12854,"s14","m3",-0.585201652437227,-0.440624024991279,-0.193587790378978,-0.110749979512811,-0.415931308342141,0.620926328722194,1.89213521109667
1084,12874,"s14","m3",-0.589709832817518,-0.567344187054474,-0.30797667406962,-0.282855021841831,-0.467942536422052,0.110070308145715,1.86642802593686
1085,12889,"s14","m3",-0.572818816161572,-0.509607394328,-0.12687320894131,-0.189145784010817,0.0484408492713746,0.459836103826472,1.99724278023703
1086,12892,"s14","m3",-0.56018438894844,-0.561660154879379,-0.168855729263311,-0.22651088644628,-0.404646512567252,0.366679488905868,1.74277035541273
1087,12916,"s14","m3",-0.637174440401316,-0.509240963697001,-0.276395344818182,-0.223970657163324,-0.475326625470413,0.443553245005414,1.86002392079983
1088,12921,"s14","m3",-0.625248345964789,-0.458238674784113,-0.166831731969106,-0.123269189142914,-0.270525954088248,0.530922451229635,1.8020452061583
1089,12941,"s14","m3",-0.700582606281296,-0.427214069980999,-0.195154419288474,-0.112232107275049,-0.552597072967997,0.517856590176048,1.67477011540088
1090,12969,"s14","m3",-0.415812433243776,-0.438129932687945,-0.180629878820555,-0.162706387808455,-0.286864727021796,0.568350515031715,1.46859523297491
1091,12987,"s14","m3",-0.294778331243104,-0.219178362381704,0.0954195726520308,0.00798896072172689,0.263987249056436,0.633712805629747,0.829438947451896
1092,12998,"s14","m3",-0.447973220142608,-0.336774548970951,-0.0660263656557445,-0.127981267911309,0.0660823472407208,0.490678882876337,1.418602026654
1093,13003,"s14","m3",-0.534058709532737,-0.505752987614145,-0.207137377990748,-0.140046288220544,-0.104113735576991,0.467269471813017,1.921176136392
1094,13004,"s14","m3",-0.446954245214789,-0.395699057081484,-0.108500471787508,-0.0979472940200468,-0.11774211871907,0.579184006590784,1.45093865388397
1095,13020,"s14","m3",-0.680847817438595,-0.414613531067807,-0.250115886405608,-0.0823499324426815,-0.728512941474285,0.53313433263076,1.76277646069704
1096,13035,"s14","m3",-0.56072199258774,-0.509980971238732,-0.120599711841093,-0.16565364347572,-0.483797189481208,0.490107010180046,1.72610893906622
1097,13037,"s14","m3",-0.537587753272618,-0.444106298520109,-0.120850592451107,-0.108935631339609,-0.141011689197324,0.387446620824473,1.58555810017507
1098,13049,"s14","m3",-0.572134807065775,-0.571542528275493,-0.167832267540048,-0.140252434501968,-0.0513010954551103,0.393158510774343,1.8560141523692
1099,13065,"s14","m3",-0.417864421946155,-0.365922308919341,-0.105630792670077,-0.0779156669856855,-0.0172494767690418,0.513709814206354,1.54561338770067
1100,13068,"s14","m3",-0.423226653637344,-0.374999185428678,-0.0615264561599227,-0.288070857527913,0.0348226635049801,0.38958555039025,1.45106777486594
1101,13072,"s14","m3",-0.567044682194997,-0.45325332885779,-0.151756822776591,-0.263603398947271,-0.324352662295866,0.286940957386297,1.38594974557705
1102,13081,"s14","m3",-0.399117843924533,-0.294092188599992,-0.0889415686345922,-0.124203028050923,0.0638041939904779,0.485802695474551,1.22334874022488
1103,13090,"s14","m3",-0.636200952991202,-0.522173267869184,-0.154850016278962,-0.076049287935623,-0.231162642478726,0.459651068377726,2.01816882690496
1104,13100,"s14","m3",-0.586515568074137,-0.46773230518835,-0.233767865441436,-0.09968987930915,-0.267010190656039,0.471035747512041,1.80486870484406
1105,13111,"s14","m3",-0.485728874148472,-0.25863640901263,-0.124903570139395,-0.0333046452772052,-0.216432028697902,0.7082473335479,1.26884669753233
1106,13131,"s14","m3",-0.562043039915211,-0.383990974611366,-0.116260252580754,-0.117617845677331,-0.249491542685698,0.543241104428992,1.62511383359059
1107,13146,"s14","m3",-0.453675259147142,-0.487796095802376,-0.165787467858734,-0.174011912028143,-0.322695492807355,0.429642696100459,1.73098651466136
1108,13157,"s14","m3",-0.54519026168134,-0.501628098478627,-0.0940712883011138,-0.154967639388519,-0.132658628662124,0.35124254230651,1.75349052656307
1109,13159,"s14","m3",-0.532437694620875,-0.365280841705563,-0.162442373447154,-0.0718041521130727,-0.226283974821154,0.440382119494688,1.49765131889109
1110,13169,"s14","m3",-0.615184479991696,-0.351355688519539,-0.162578285494265,-0.112349223301957,0.0572745176444625,0.457638982310007,1.63748685985594
1111,13201,"s14","m3",-0.491705020081585,-0.435772408052719,-0.144360940310822,-0.110050506733719,-0.183962234656576,0.566591064035934,1.59501904501213
1112,13202,"s14","m3",-0.521562563216395,-0.414345619648765,-0.131603948401245,-0.165091873357605,-0.229939789130643,0.502460549606156,1.6170305250445
1113,13205,"s14","m3",-0.460903145082898,-0.302977175393324,-0.0929060136188285,0.0501035085632897,-0.0280249978893565,0.688428278866816,1.2577845922656
1114,13206,"s14","m3",-0.614473277757911,-0.526445892548429,-0.183159002387238,-0.245483922824749,-0.554304539849674,0.412285561846171,1.96599608598837
1115,13218,"s14","m3",-0.615921827046846,-0.507217684947662,-0.120799587314086,-0.178713036215624,-0.0659531603791235,0.375886352515601,1.98671396071362
1116,13249,"s14","m3",-0.644515373555519,-0.547754933906434,-0.309188749540819,-0.215921919693322,-0.710281032629122,0.282113876252868,1.91519882655164
1117,13258,"s14","m3",-0.487274003164413,-0.440436961642061,-0.131094176814729,-0.063366125869241,-0.0792102296583507,0.57415979642893,1.55147509374079
1118,13263,"s14","m3",-0.502179253812603,-0.419536894226544,-0.113138564273021,-0.115957196744908,-0.285338374415213,0.392614934808452,1.36915968040294
1119,13265,"s14","m3",-0.547955957305491,-0.488356362929796,-0.123206359342541,-0.245996752078111,-0.180175183670408,0.392376688308144,1.71064660159631
1120,13280,"s14","m3",-0.500997950353366,-0.474487249969804,-0.205609863933722,-0.216943059665926,-0.24464208113088,0.347800670520278,1.78831513732885
1121,13321,"s14","m3",-0.492011455549312,-0.424989118882893,-0.185619146340523,-0.128798855447177,-0.312589342790902,0.559396553553369,1.51311785870595
1122,13325,"s14","m3",-0.486671705726701,-0.428587946953164,-0.129188104556609,-0.178596555662489,0.160222135916903,0.55673387056601,1.52207602750726
1123,13331,"s14","m3",-0.493968316751068,-0.276977813932978,-0.0104292743997583,0.0300528038042167,-0.052096982672499,0.745987446093208,1.26054972222313
1124,13337,"s14","m3",-0.396837261087041,-0.28210423996712,-0.0729512835448232,-0.0752164933617685,0.0163709420548545,0.583137017194762,1.2756988820776
1125,13341,"s14","m3",-0.406844913452042,-0.397884719463422,0.031239921078735,-0.0674930067455178,0.190169712390854,0.524981614477582,1.46072595402677
1126,13345,"s14","m3",-0.492745410912577,-0.482577525347942,-0.105135482482513,-0.20304190712624,-0.123488865323583,0.543151156336971,1.46832689274814
1127,13357,"s14","m3",-0.584626154647842,-0.611594669075636,-0.118633872253969,-0.302494333028778,-0.0217876121691491,0.114440076621842,2.15128146838763
1128,13363,"s14","m3",-0.454576870901171,-0.355852226383248,-0.218688864429281,-0.0938427109886076,-0.214101030120217,0.559867414545778,1.63336408304228
1129,13381,"s14","m3",-0.51108508360223,-0.557157899363659,-0.124139927606853,-0.211800429336092,-0.511310282716755,0.388988127734208,1.84067509398439
1130,13385,"s14","m3",-0.49937919023331,-0.448277660340672,-0.0972607226613902,-0.0707963730599221,-0.0215080206777889,0.58257652576478,1.45658738683716
1131,13386,"s14","m3",-0.615195231345263,-0.605308816129741,-0.159911142083893,-0.264480227333613,-0.142800971755045,0.306516867218136,2.09332323347721
1132,13435,"s14","m3",-0.409443737445519,-0.419419358613599,-0.0502290585227433,-0.125976774510906,-0.0826496917041718,0.47105880659809,1.67914636196882
1133,13440,"s14","m3",-0.583272205402331,-0.363284842892429,-0.162527059753873,-0.0748061257227454,-0.551226275522432,0.586353975404576,1.62141170789372
1134,13447,"s14","m3",-0.487457322729491,-0.423540697786889,-0.0558275133505843,-0.0448853624087545,0.077434901377479,0.596946899411887,1.67742970262355
1135,13449,"s14","m3",-0.414511440965452,-0.377692687069101,-0.115993779741109,-0.135728827672178,-0.163359317764559,0.505073409522277,1.3356250479926
1136,13451,"s14","m3",-0.561239228171692,-0.294901552578682,-0.154509534769096,-0.0592568933521574,-0.412390527016796,0.624588727209807,1.45254798263267
1137,13467,"s14","m3",-0.491254296626314,-0.474916191819483,-0.206352005395993,-0.135634584034316,-0.121870992831614,0.659136842238295,1.49073237352765
1138,13475,"s14","m3",-0.634938233165288,-0.448522407082673,-0.271202619380144,-0.123259351749113,-0.224441855099992,0.466548834535744,2.03591316323228
1139,13483,"s14","m3",-0.409469468630692,-0.369560401216775,-0.0773256560961295,-0.10893410461211,0.0125713807746552,0.519272884583446,1.34766237338828
1140,13486,"s14","m3",-0.585635661105846,-0.399389034046286,-0.125719057035441,-0.164502813387693,-0.18880325249195,0.581228839157176,1.44727416388437
1141,13488,"s14","m3",-0.46369447520967,-0.362322393470557,-0.0558052825636368,-0.0456996331803431,-0.0912370504374682,0.40919653234164,1.4365663366772
1142,13498,"s14","m3",-0.520997047967144,-0.476177612081794,-0.1412243495719,-0.116190658546242,-0.384862929065632,0.324596605530432,1.52018738969183
1143,13509,"s14","m3",-0.646617041688243,-0.557034849127213,-0.209199652058385,-0.205378153161838,-0.60263037730852,0.344766798279428,2.05544578577173
1144,13532,"s14","m3",-0.551447405772444,-0.46491816894088,-0.0704154865763212,-0.0894071033882729,-0.0187341576930596,0.54769296559554,1.72108878969355
1145,13543,"s14","m3",-0.475225030435854,-0.421795752858714,-0.110741487071634,-0.113441686593419,-0.108642287598026,0.553166467489126,1.60124183045916
1146,13550,"s14","m3",-0.563039415029986,-0.515803439945915,-0.12977359107127,-0.192553571239656,-0.0160550401558744,0.543758310675499,1.99477301785526
1147,13567,"s14","m3",-0.583739354841311,-0.416186152031025,-0.219588253934858,-0.160308782093258,-0.455873207307631,0.510939030699306,1.96756887572184
1148,13579,"s14","m3",-0.521727115154327,-0.428645128114857,-0.0643883321315419,-0.223013093333518,-0.00356217313446955,0.394058119809307,1.74939753355549
1149,13592,"s14","m3",-0.533024551561817,-0.489871201510491,-0.133586513835531,-0.108094356527283,-0.250803622090194,0.491646416141207,1.99312878042368
1150,13593,"s14","m3",-0.593049129370226,-0.553144960664414,-0.23037481124356,-0.222805899654015,-0.296410968975482,0.327729661930901,1.96126495797431
1151,13617,"s14","m3",-0.38147975521968,-0.377653033581315,-0.0778722581373817,-0.125029186943456,-0.00426109808630796,0.498643841098252,1.49866387258284
1152,13625,"s14","m3",-0.500097616714517,-0.378813509983076,-0.18134051854144,-0.0947485735366685,-0.0877938361597394,0.664822548917023,1.62157035482515
1153,13631,"s14","m3",-0.406592279408937,-0.366562600824293,-0.0494300964776431,-0.0855806097939595,0.022089497792825,0.380717842223431,1.19745496550266
1154,13639,"s14","m3",-0.506230467178559,-0.455167597547453,-0.173541959168691,-0.151288523443417,-0.553587508235612,0.485413737309019,1.64513435907481
1155,13642,"s14","m3",-0.551079857338693,-0.364818913271768,-0.113004367479735,-0.034477202512018,-0.233096097511217,0.641994491917808,1.46805520330692
1156,13658,"s14","m3",-0.606547596750209,-0.555586220168787,-0.133164569479193,-0.142909751953982,-0.108156117920129,0.384554949622133,1.98276999864968
1157,13666,"s14","m3",-0.54413494103026,-0.45921595036396,-0.110242133252219,-0.172411384578009,-0.124480715973625,0.400945071262849,1.64223666907083
1158,13690,"s14","m3",-0.372262647602663,-0.293151742985525,-0.0414726502626473,-0.0576738222709407,0.0971939862732395,0.583301966917762,1.02932854149637
1159,13702,"s14","m3",-0.487738264815317,-0.33291335647142,-0.0734603335404484,-0.0748812488263755,-0.0460042933989449,0.606203007454874,1.3851566614118
1160,13717,"s14","m3",-0.575191706299,-0.572744161871675,-0.138654934910159,-0.195424996678441,-0.0252173625646338,0.389936281599768,1.73438176044285
1161,13726,"s14","m3",-0.62545077157047,-0.614965420638345,-0.0874663353654758,-0.202709123867887,-0.139133850620511,0.42061087122364,2.11776571206982
1162,13746,"s14","m3",-0.605401037702485,-0.631629418658934,-0.111135310856011,-0.218408409633041,-0.261091937165869,0.367988864886509,1.75260758226018
1163,13797,"s14","m3",-0.591556203427596,-0.464917897016233,-0.144889984837667,-0.18322756045728,-0.0917602850217724,0.501523985932095,1.54933153573028
1164,13798,"s14","m3",-0.544941207615464,-0.362952898517489,-0.222063283945043,-0.0711189533204319,-0.250592499014044,0.631795817175941,1.49877766537988
1165,13814,"s14","m3",-0.518397722163894,-0.418782223951527,-0.0485048489573441,-0.136392389302036,-0.190481869514279,0.465169451328353,1.48914992017157
1166,13820,"s14","m3",-0.560702521737486,-0.513391871561221,-0.134845880420188,-0.189006449689068,-0.0327966904231325,0.549737836983014,1.96901857548267
1167,13824,"s14","m3",-0.390126391649148,-0.229309862409822,-0.0361706169801482,-0.0485353883606445,0.00191747862249209,0.566701499609526,0.998840739223134
1168,13828,"s14","m3",-0.568234590133024,-0.515327760995649,-0.197813391020099,-0.179582409347619,-0.381655824093217,0.486625395018373,1.77555435261422
1169,13858,"s14","m3",-0.548446227545438,-0.473769396674276,-0.122664358376966,-0.23866738100513,-0.364301452570796,0.310172080937651,1.7257788045996
1170,13869,"s14","m3",-0.507054356441799,-0.44079076872296,-0.102533956800814,-0.133432028361533,-0.252509992033369,0.40710974805789,1.39840299395808
1171,13875,"s14","m3",-0.520024093931347,-0.45483013181515,-0.0586929657009369,-0.094836171054263,-0.0378410967357568,0.257779848871244,1.40308998664477
1172,13890,"s14","m3",-0.346713820838277,-0.357320652137202,-0.0835444418076276,-0.00934717732804763,-0.165799381228193,0.611288359475419,1.26328392209
1173,13891,"s14","m3",-0.48247563436404,-0.481255298122665,-0.128969023194306,-0.137788002656575,-0.0630894690682316,0.416873833106506,1.56825719518987
1174,13915,"s14","m3",-0.551903090357888,-0.542061304093764,-0.152691386113451,-0.215043472655339,-0.141857333318535,0.509470789213369,1.93744597145692
1175,13925,"s14","m3",-0.485700396695617,-0.46481301781264,-0.202252108201983,-0.138834943775986,-0.358283749065398,0.456528170873646,1.73976518455601
1176,13926,"s14","m3",-0.502008860986164,-0.432493491157959,-0.0593283868298433,-0.137220633050955,0.0848915637914306,0.466125456559701,1.4883509970725
1177,13930,"s14","m3",-0.425756839659247,-0.478650378775148,-0.132707108567307,-0.0695459183174729,-0.00303599830555804,0.564856142443153,1.71187343834319
1178,13940,"s14","m3",-0.402617357818264,-0.430661014585045,-0.0401875858712344,-0.16401097783857,0.0913559482852395,0.480045569851992,1.39454497630997
1179,13954,"s14","m3",-0.608917564824734,-0.553058365354052,-0.222303980911004,-0.129852748010956,-0.447460761924796,0.357912280478834,2.01600441517034
1180,13968,"s14","m3",-0.516351993047,-0.473264165546486,-0.155686544826766,-0.148254419323231,-0.0882634653183265,0.467917260881824,1.49537639030069
1181,13976,"s14","m3",-0.527168680670102,-0.448207033550763,-0.062339738012028,-0.0772439615916791,-0.167450882516005,0.621830505851615,1.65173029077553
1182,14025,"s14","m3",-0.54049856336566,-0.51079672057793,-0.12703010094111,-0.244704398327035,-0.305841387291705,0.326383442736663,1.61210358534351
1183,14029,"s14","m3",-0.375756951810562,-0.244062988404448,-0.0834907245650248,0.0307358181299196,0.015903925925767,0.542871064536924,1.02207268398004
1184,14031,"s14","m3",-0.486862030632037,-0.468530289263166,-0.209562992355525,-0.0472518079615127,-0.0425141150957326,0.501275676213487,1.51972630867164
1185,14043,"s14","m3",-0.526558113098541,-0.579514774702979,-0.217299521765474,-0.180329919777567,-0.231237984860305,0.43721750858512,1.8572704092201
1186,14049,"s14","m3",-0.545069030900575,-0.443679997470603,-0.191857564012404,-0.160973642300318,-0.499412362695015,0.586048315248275,1.71793980008761
1187,14076,"s14","m3",-0.534819167587726,-0.498126765786498,-0.105926444199428,-0.275014595495133,-0.241106494946522,0.226937659520989,1.5978977328711
1188,14087,"s14","m3",-0.632653445646192,-0.500082639216779,-0.247960461547387,-0.178683711706791,-0.581527937563373,0.55965407697867,2.00145425896245
1189,14105,"s14","m3",-0.529483729421822,-0.423852236863847,-0.157656134405278,-0.149652039452922,-0.0495400078872669,0.479593298874722,1.83727278678787
1190,14118,"s14","m3",-0.478323688911979,-0.409908226255719,-0.107164229827436,-0.152052618714014,-0.252012542044575,0.288674731701404,1.58409109389443
1191,14130,"s14","m3",-0.499521683242687,-0.33735134884756,-0.0858187746077927,-0.146402076537056,-0.078592449376596,0.572932274293408,1.50482346324385
1192,14137,"s14","m3",-0.619607205428739,-0.470301294162166,-0.117302683943547,-0.112063141708566,-0.145148969684881,0.465815087656321,1.98703458846873
1193,14142,"s14","m3",-0.627914486309004,-0.476463253533503,-0.199491982131156,-0.216338653046522,-0.254811092623322,0.404129066996784,1.87890437117674
1194,14147,"s14","m3",-0.404262582598858,-0.415560126663004,-0.0428305617022084,-0.0395226234831193,0.0371572688721765,0.630697403727953,1.18648074447986
1195,14164,"s14","m3",-0.404632201422083,-0.350424012428034,-0.0989253605011087,-0.0862361429878923,-0.19275409145678,0.449727612174461,1.18287972692984
1196,14175,"s14","m3",-0.50584910774386,-0.421928241165845,-0.112505136585216,-0.133568917320172,0.028569009677955,0.505551923964181,1.51898040205171
1197,14198,"s14","m3",-0.519110432875736,-0.430530699050617,-0.178933403124073,-0.0515249102664263,-0.324066270512577,0.50954263394783,1.69074759881231
1198,14202,"s14","m3",-0.628585742530046,-0.481686489760367,-0.254541193055415,-0.114686844948669,-0.693306965818533,0.538105356433603,1.83520479226245
1199,14204,"s14","m3",-0.449014479605847,-0.369454362213988,-0.0771602959279795,-0.0678483937577949,-0.0617248767625332,0.560232991531168,1.07083341640767
1200,14207,"s14","m3",-0.503819964032692,-0.524176393933771,-0.0744631381261395,-0.208908622014853,0.0510457189728599,0.295432873589607,1.62281200081841
1201,14209,"s14","m3",-0.496121773025526,-0.411016063211429,-0.122016169736839,-0.123246333737098,-0.11919776144368,0.564688884961935,1.64716265248277
1202,14212,"s14","m3",-0.390371939715778,-0.495162401480419,-0.144488643046675,-0.139379549737614,0.0647596197507498,0.452839491140825,1.65348514364085
1203,14213,"s14","m3",-0.600218118064459,-0.5912350757164,-0.275774135793017,-0.292934686250199,-0.618410457088526,0.153888715088189,2.01462407622316
1204,14224,"s14","m3",-0.504985280987371,-0.402876050320479,-0.14374366854066,-0.25529951170488,-0.164290898230252,0.33137630984845,1.72293758986586
1205,14238,"s14","m3",-0.432979246197581,-0.424728093955324,-0.169015615393166,-0.126575329310378,-0.0790936164629997,0.495112018351667,1.46932885003639
1206,14245,"s14","m3",-0.380542021772554,-0.39478285890491,-0.0127236617658889,-0.0999194092312519,0.0415836912118759,0.482699332665683,1.27323712582212
1207,14246,"s14","m3",-0.608927339873984,-0.456880031971672,-0.149251062198841,-0.122352356648986,-0.536572424796562,0.432246005016293,1.73743911111519
1208,14251,"s14","m3",-0.500595809529966,-0.491537875276015,-0.101358892279238,-0.207875532405982,-0.353871632824158,0.314512189301322,1.62711668082746
1209,14253,"s14","m3",-0.506913315234694,-0.337271320501008,-0.113725692249891,-0.15924441576356,-0.1337692168309,0.509104131164451,1.157410006362
1210,14280,"s14","m3",-0.315629216328929,-0.412090750380649,-0.000323290317254753,-0.0910305790832506,0.249517961124729,0.38655268913228,1.09233609121815
1211,14281,"s14","m3",-0.535964540099651,-0.478985906837943,-0.181700003005419,-0.137269574109707,-0.138402310182739,0.520490894497835,1.73028302417792
1212,14292,"s14","m3",-0.528645615269347,-0.44904753660017,-0.0155698798559708,-0.159452589719785,0.0245741860472855,0.477390455692983,1.51902372768277
1213,14295,"s14","m3",-0.506473391498636,-0.423458762952855,-0.282305083895866,-0.12474806161269,-0.557634622128664,0.500495037246737,1.65209607828657
1214,14319,"s14","m3",-0.432965425469837,-0.402583576112357,2.14017205937616e-06,-0.0758673557089817,0.143785722051975,0.513825909360972,1.6429198585347
1215,14337,"s14","m3",-0.414218801711028,-0.415682500341281,-0.0613653793394816,-0.072034081896614,-0.0569048453220823,0.492993973532749,1.40621865230321
1216,14338,"s14","m3",-0.59660994847351,-0.513749659425363,-0.194930562641578,-0.157884432761261,-0.24046794456657,0.483749051107438,1.88873120525265
1217,14359,"s14","m3",-0.52710609353412,-0.447503784486567,-0.126547134258575,-0.131248360491096,-0.248557029505345,0.543446142243559,1.71167280806838
1218,14377,"s14","m3",-0.386603878740844,-0.376964488250488,-0.168388741806957,-0.0266427958466622,-0.0780578919361652,0.547302018672729,1.4635008632872
1219,14378,"s14","m3",-0.590628997870005,-0.549602532416784,-0.114525390951518,-0.196401874249948,-0.141681848006665,0.388792542277376,1.90431828321757
1220,14405,"s14","m3",-0.365748583342594,-0.282413979300108,-0.0029037645902521,-0.130207787992815,0.148744709437722,0.451218249260257,1.06700644957871
1221,14408,"s14","m3",-0.533838803128629,-0.438292824353404,-0.08883976918494,-0.0442298473659564,-0.0387136103881425,0.489632155882347,1.34433574089872
1222,14409,"s14","m3",-0.460823000604582,-0.346726829458444,-0.117883028785892,0.0103092301426165,-0.256434894033072,0.524573256886228,1.12999557082197
1223,14419,"s14","m3",-0.514227309863813,-0.504757267138685,-0.075274536717711,-0.231943965822984,-0.112771431715801,0.345710486350116,1.86912095989864
1224,14440,"s14","m3",-0.438995344429919,-0.514387324548331,-0.0687256558367187,-0.169513051867672,0.0105565071953696,0.355390503444934,1.57846573319248
1225,14449,"s14","m3",-0.340781419398866,-0.498182038335324,-0.0695315345768535,-0.169136250962542,0.20186517319421,0.359007632015077,1.8217384100469
1226,14450,"s14","m3",-0.562761427968678,-0.447150128743498,-0.117148912686608,-0.142068567213972,-0.530257385347714,0.466777516170566,1.63868875055418
1227,14456,"s14","m3",-0.55858701677,-0.465547270794773,-0.159617931067753,-0.104491021776746,-0.332919220675849,0.589845236270501,1.53092583712013
1228,14465,"s14","m3",-0.521685704055183,-0.449115466235337,-0.125703300177839,-0.123233359101174,0.0732004666208543,0.528416291303082,1.81329793882587
1229,14479,"s14","m3",-0.473241437461943,-0.362540770393811,-0.141644377251889,-0.0776115953108081,-0.253933596854286,0.5824450356353,1.33882124427025
1230,14491,"s14","m3",-0.437386584741846,-0.518593059419688,-0.156608007831431,-0.034840210603698,-0.347099602710325,0.586529150583706,1.81688473091004
1231,14523,"s14","m3",-0.575739985549855,-0.42221924818606,-0.130074156946348,-0.167371656428266,-0.290777546215652,0.500805638467819,1.60505357206724
1232,14529,"s14","m3",-0.476525611916689,-0.365574506209834,-0.0861413838038102,-0.0699229451963777,-0.0161604015018798,0.656313108703039,1.50407210063821
1233,14534,"s14","m3",-0.505608715955003,-0.399538212709796,-0.0568654343342317,-0.156672423247561,0.0145166670715543,0.503022871563546,1.51897703987997
1234,14536,"s14","m3",-0.486041995393707,-0.400483208764816,-0.0745638697417916,-0.0758796537375419,-0.13257361394252,0.573612958388667,1.56963293811392
1235,14560,"s14","m3",-0.422137600450144,-0.456401314309702,-0.187413421096122,-0.125522985523418,-0.0350733775508314,0.37386753916583,1.35636848673394
1236,14565,"s14","m3",-0.618263510862581,-0.570006268021423,-0.182110638800219,-0.239443705123969,-0.396414021107278,0.34193612391235,1.84039863912294
1237,14611,"s14","m3",-0.454368210188355,-0.455127246307243,-0.111858921176312,-0.138358226189933,-0.221052174701626,0.585416680345551,1.49600064508003
1238,14615,"s14","m3",-0.507804826699674,-0.478490194463556,-0.17413594225258,-0.214276588218159,0.017935138645322,0.413288623237399,1.88300808541036
1239,14631,"s14","m3",-0.492598035889121,-0.327875613481349,-0.0867742422859316,-0.104676105459777,-0.151388833775328,0.597084517918615,1.44687541769916
1240,14655,"s14","m3",-0.543962100926521,-0.413718734873887,-0.0977636162984174,-0.118145188765958,0.0299120464142761,0.42188179804505,1.5616866351425
1241,14673,"s14","m3",-0.387420295850113,-0.353339697559322,-0.100581512750131,-0.0277928289265658,-0.105209337603548,0.51311736236107,1.20536254527602
1242,14674,"s14","m3",-0.500012602084707,-0.44236233917399,-0.0548575323899271,-0.123419025649039,-0.244538863031292,0.483779395542513,1.55617402774248
1243,14679,"s14","m3",-0.398585018210281,-0.450545645929289,-0.0802699587962836,-0.0948294425058944,0.0547943169393568,0.407043726802978,1.55352268729404
1244,14684,"s14","m3",-0.439577177721652,-0.420851981668151,-0.093162211943882,-0.0946555074727352,-0.0438471425835769,0.474320606493788,1.33863046733799
1245,14697,"s14","m3",-0.555572757183071,-0.527248818105533,-0.128290651807892,-0.172740079733408,0.0157393065967815,0.330632980478935,1.69786189526614
1246,14699,"s14","m3",-0.55132889641072,-0.52398492845669,-0.237662801714595,-0.233938492040137,-0.487074006115508,0.394668263072894,1.89419470290996
1247,14723,"s14","m3",-0.476504612961951,-0.358152837057094,-0.0052029647326008,-0.157601270346967,-0.0992075579482158,0.47460327043974,1.47342793782779
1248,14726,"s14","m3",-0.569280946024381,-0.449130589405522,-0.162342296062639,-0.27300393180853,-0.328491940771206,0.317317759512996,1.75986900638902
1249,14729,"s14","m3",-0.454095601214151,-0.310962672321566,-0.0916383174267368,-0.0465087601736189,-0.0116086753199983,0.528657590697054,1.15454922601494
1250,14736,"s14","m3",-0.498947495140287,-0.463085975605923,-0.0556091036700159,-0.180878453955897,-0.0456844610008563,0.258574309647733,1.53033518633619
1251,14745,"s14","m3",-0.464340649614093,-0.301484298422265,-0.137729526641477,-0.166572018348059,0.00474438792438795,0.485878955656532,1.35023691311118
1252,14764,"s14","m3",-0.432244650693736,-0.404367079968954,-0.120338895073912,-0.0897421692589396,0.0638141129356816,0.556506936023049,1.45502961555383
1253,14781,"s14","m3",-0.543639456363711,-0.495281745229864,-0.101172437669968,-0.11671464871527,-0.219545551889306,0.354770678148229,1.4372429943587
1254,14790,"s14","m3",-0.364250958542343,-0.404551197795941,0.038423282775284,-0.11600098803434,0.167457292437534,0.545214667286483,1.07122551589198
1255,14851,"s14","m3",-0.580433677186191,-0.484291641431789,-0.167947696825375,-0.200185599250699,-0.0478752452493278,0.430731371472355,1.9021283880972
1256,14857,"s14","m3",-0.476664805980106,-0.465135161736866,-0.175622942643042,-0.187938472647103,-0.384419357388011,0.489900901669997,1.74022171065271
1257,14865,"s14","m3",-0.540854118298161,-0.457963536392013,-0.0894527011242905,-0.148072810128352,-0.10182591652501,0.429854203139107,1.94526938403808
1258,14877,"s14","m3",-0.695039176703393,-0.561982012080578,-0.119747407682228,-0.148659343434987,-0.157591442642565,0.508838603303134,1.87538380430732
1259,14879,"s14","m3",-0.485701827450341,-0.343543769428977,-0.110280172780185,-0.0603759673699054,-0.16591255613331,0.571949328986263,1.49636255704741
1260,14881,"s14","m3",-0.604715706435544,-0.509509229217363,-0.198174354808584,-0.0896059623834378,-0.515717629918943,0.552663379764552,1.67987653283399
1261,14882,"s14","m3",-0.579302831646422,-0.369072213099704,-0.0985075103581395,-0.0490737332209489,-0.68739654296641,0.6179015515143,1.1831426422704
1262,14883,"s14","m3",-0.396484960135435,-0.443051676240546,-0.146022202048871,-0.163482216758918,0.141240415694778,0.36529337108304,1.6540187671153
1263,14907,"s14","m3",-0.570125108761253,-0.497467240482979,-0.191013332856692,-0.215122868346984,-0.523126325522341,0.447440987048905,1.95112551433857
1264,14932,"s14","m3",-0.54206559149253,-0.420429331380471,-0.146130409454848,-0.0784963533214208,-0.224076549535131,0.533049673382759,1.61554684062083
1265,14934,"s14","m3",-0.559981822611301,-0.401397333859499,-0.0508817515492361,-0.0687185092057346,-0.216443438725954,0.498403109866839,1.49657586853435
1266,14956,"s14","m3",-0.481341959497233,-0.43223338861733,-0.0698720971668441,-0.157675323503328,-0.0166455026112628,0.443070230481332,1.60853339631905
1267,14966,"s14","m3",-0.653298874451257,-0.611150337140912,-0.226526737299778,-0.243158804828017,-0.342603782886424,0.261061762494689,2.35707655521952
1268,14980,"s14","m3",-0.641199803059505,-0.581359191080905,-0.234096007042329,-0.286796829413936,-0.330262575638874,0.111439918698447,1.74520625104538
1269,14985,"s14","m3",-0.500535329088997,-0.462951873592907,-0.0982615596944825,-0.0732007604699573,-0.257194722513029,0.508018487983839,1.37817775336963
1270,14988,"s14","m3",-0.37800212269887,-0.405018035788529,-0.015334807056924,-0.0772970310656208,-0.0761448360551783,0.559727564607435,1.257593132299
1271,15021,"s14","m3",-0.509754286731588,-0.533374210079386,-0.200480437312162,-0.123622972447778,-0.0589478203360642,0.459195399894521,1.86743298219444
1272,15030,"s14","m3",-0.537481548650722,-0.413891622075448,-0.141962551116559,-0.040817293806307,-0.37365318811008,0.627242140063245,1.54807893942702
1273,15039,"s14","m3",-0.617107894753307,-0.387414310063097,-0.121241250572317,-0.207709943742637,-0.143622677004503,0.474085117209692,1.68810052833841
1274,15045,"s14","m3",-0.487970354287418,-0.377784640398735,-0.0745969811579922,-0.0579902233865029,-0.0901429972247909,0.589275413303116,1.30854365825914
1275,15047,"s14","m3",-0.56468155703847,-0.435805306133527,-0.0935407165749788,-0.0562009301517704,-0.13478139277671,0.58700966290692,1.8589957545598
1276,15049,"s14","m3",-0.471026820727805,-0.414189422619539,-0.107937999465957,-0.0901930296438191,-0.264818172970391,0.59927397255285,1.62496968642576
1277,15053,"s14","m3",-0.623546362582872,-0.551935082401153,-0.204741525438406,-0.192476995476906,-0.290939872992543,0.368456243358246,1.70164400401817
1278,15059,"s14","m3",-0.367363750030388,-0.399719603752352,-0.0616028989560863,-0.108821879684065,0.0442570796394626,0.553068139073035,1.50054686374926
1279,15126,"s14","m3",-0.55202633512554,-0.36408950429959,-0.2278856819635,-0.156659350226255,-0.582326950449365,0.528091080762917,1.54179880635876
1280,15134,"s14","m3",-0.48256451447456,-0.524769945870215,-0.118404609615204,-0.193551632968602,0.101997146035579,0.354042770902439,1.68736252826792
1281,15141,"s14","m3",-0.537210787456214,-0.500027369302114,-0.186596787411128,-0.144420366477978,-0.0372076229480326,0.53174207289973,1.80420770176309
1282,15144,"s14","m3",-0.491635485672837,-0.400937203905584,0.0654061498999292,-0.104341528288976,0.216886578065202,0.551869677333089,1.47995729412657
1283,15149,"s14","m3",-0.558470500215228,-0.430038591815233,-0.0811560437095888,-0.161315191541109,-0.302991336344081,0.5093597001237,1.65705299019067
1284,15166,"s14","m3",-0.59198661382286,-0.530212554756047,-0.165561932772419,-0.135136796107929,-0.33195207092326,0.391465196147764,1.6218115498272
1285,15170,"s14","m3",-0.443737855287105,-0.398729558630586,-0.146054403868433,-0.15355507427625,-0.150521471087245,0.509889756651643,1.63138493235754
1286,15175,"s14","m3",-0.585534323405602,-0.266283192280226,-0.10127537337782,-0.0114156003515259,-0.111699797416998,0.694945169796219,1.32938101665942
1287,15185,"s14","m3",-0.594732726284748,-0.49366517533414,-0.168052848824275,-0.271473619927699,-0.50986565023705,0.321879188322605,1.84252892281069
1288,15210,"s14","m3",-0.645015725790487,-0.525081611497916,-0.178507347728604,-0.0951143315190362,-0.51548734562754,0.475971494228793,1.81135021601859
1289,15218,"s14","m3",-0.593369269678081,-0.430738123787452,-0.109134378742523,-0.159383893447632,-0.212987762007779,0.498043444404137,1.64898056696518
1290,15219,"s14","m3",-0.597133636729939,-0.389245479498811,-0.123691645671236,-0.190725298773751,-0.245923385215738,0.451661650745053,1.66800358795472
1291,15220,"s14","m3",-0.484004212318211,-0.451683204076473,-0.19129632466286,-0.117296781447387,-0.230334753027203,0.432119871365146,1.561899135711
1292,15221,"s14","m3",-0.544203396220241,-0.364435482339072,-0.174461425707433,-0.118873261582441,-0.150931920243832,0.468820488642854,1.39435340124791
1293,15228,"s14","m3",-0.417852150061889,-0.406846501648324,-0.0859710774311899,-0.0558816916269026,-0.113558585334651,0.507043416557897,1.34724442018403
1294,15249,"s14","m3",-0.499142749139978,-0.360040665000309,-0.124461507106353,-0.0962106085662937,-0.130547374304966,0.574713840239357,1.34507237987588
1295,15253,"s14","m3",-0.593125925646942,-0.415118893313282,-0.23260473842984,-0.155673017979888,-0.283590413745543,0.56308871385208,1.72982209212263
1296,15258,"s14","m3",-0.56518120040947,-0.620906256236254,-0.258199872387098,-0.240246658852648,-0.342397509475972,0.282425450013756,2.19669392719264
1297,15272,"s14","m3",-0.517138208479176,-0.343041592270694,-0.163774975535816,-0.129690067457104,-0.108682066409229,0.698133017841387,1.48934761925424
1298,15290,"s14","m3",-0.597057194199356,-0.420991091022451,-0.145703549774644,-0.115948854632425,-0.436284544928997,0.604265630879409,1.53502342279811
1299,15314,"s14","m3",-0.629023863701713,-0.459010412067955,-0.284003447613441,-0.148095609414997,-0.547424386375278,0.479483675465422,1.48499693761274
1300,15344,"s14","m3",-0.545893830749586,-0.483702033966428,-0.149901447414605,-0.166856297415606,-0.25098921641901,0.644091247805001,1.95431910908884
1301,15347,"s14","m3",-0.544503655330493,-0.532925309839837,-0.24711115894629,-0.189095199250633,-0.417993342019905,0.452052509205958,1.73832823206047
1302,15350,"s14","m3",-0.582177429711171,-0.437075714544624,-0.178541393711725,-0.141020760436039,-0.241235377377842,0.469788693709807,1.53458570505477
1303,15364,"s14","m3",-0.410103645183101,-0.247462695390349,-0.169031882643892,-0.112039188019642,-0.259185269521044,0.551384623506635,1.19074576582071
1304,15368,"s14","m3",-0.527189355496906,-0.53112795418573,-0.20086881190447,-0.151214710646154,0.000149462399081729,0.465079267461412,2.0394130625776
1305,15377,"s14","m3",-0.606163214506562,-0.404669438808369,-0.155497625122885,-0.123899387844077,-0.526929876080299,0.498715680058894,1.72482701130854
1306,15397,"s14","m3",-0.418143334958034,-0.285086040006678,-0.220957919984921,-0.0672055408675801,-0.265876522208291,0.69697843607295,1.33371619033182
1307,15400,"s14","m3",-0.554874626914635,-0.379112191512056,-0.203496486015025,-0.0746492626376354,-0.471641868403328,0.716381419356856,1.70840440176159
1308,15426,"s14","m3",-0.582081578550161,-0.420872791169769,-0.286210075991322,-0.218236287464141,-0.428311207579123,0.391551153109454,1.79246732594983
1309,15441,"s14","m3",-0.508077671357453,-0.321894442688971,-0.211970385133592,-0.0753155307933149,-0.32908747506945,0.565002355025178,1.43771827771661
1310,15445,"s14","m3",-0.527153921485452,-0.516836442437483,-0.127667675060257,-0.0830171945659389,-0.1803770994783,0.519924683103159,1.74720143253359
1311,15458,"s14","m3",-0.468930191257638,-0.406045998181625,-0.132938143844146,-0.013389392335532,-0.290715758822205,0.53599760259011,1.35189049741439
1312,15459,"s14","m3",-0.501603400825834,-0.346530843985169,-0.135571160440888,-0.0461032563845488,-0.275457176956007,0.568043868352925,1.37580249104086
1313,15470,"s14","m3",-0.437417190313969,-0.430523296711269,-0.0269234152195668,-0.123912996129842,-0.214255871680103,0.449144862359569,1.30697759621658
1314,15479,"s14","m3",-0.630000480018551,-0.48848341805438,-0.242700010619109,-0.190912826352882,-0.667071231712853,0.412054455665197,2.09148297299943
1315,15480,"s14","m3",-0.52579920171071,-0.489871552172879,-0.146822264067273,-0.204792469538665,-0.161699003650765,0.42030279675749,1.79656347243995
1316,15486,"s14","m3",-0.464374109384408,-0.432428922146098,-0.0710316781191109,-0.055516206334285,-0.199640213616869,0.591315137641845,1.46474527729815
1317,15490,"s14","m3",-0.506859895103413,-0.341685274155497,-0.166908411901345,-0.0988290451090768,-0.398103902501507,0.558574872587619,1.60868460897544
1318,15532,"s14","m3",-0.477132546900885,-0.480338371343984,-0.14043379160349,-0.190196515221849,-0.178729039576283,0.476073245495955,1.58771487041961
1319,15533,"s14","m3",-0.575026143324115,-0.467947742442191,-0.122958058401682,-0.302162319479388,-0.418754334022401,0.380538481641698,1.79946089038888
1320,15549,"s14","m3",-0.619145730328241,-0.324173489804224,-0.207582482540785,-0.142877656671969,-0.581316017150938,0.673510086496007,1.55888990352705
1321,15551,"s14","m3",-0.661717484958565,-0.614422260105996,-0.183364353789159,-0.190624842553484,-0.111286717045507,0.351536622969936,1.99428388694198
1322,15556,"s14","m3",-0.566336988455347,-0.360012625853629,-0.242844687958927,-0.161462646678742,-0.606601293122994,0.442809952622381,1.47736836571513
1323,15563,"s14","m3",-0.576965895286773,-0.463590471665184,-0.0398554370913737,-0.135560981142171,-0.280999706119785,0.546126528836736,1.81983298873465
1324,15577,"s14","m3",-0.501177130187731,-0.475529933611929,-0.101416777144313,-0.148799324255646,-0.223542821725789,0.35505939507224,1.62114777708714
1325,15578,"s14","m3",-0.515553388908155,-0.5215010823059,-0.125199030621463,-0.24586775805217,-0.157973677464795,0.48262846991636,1.93553811756658
1326,15585,"s14","m3",-0.628086215173527,-0.572715447704749,-0.17761340622317,-0.273998766572402,-0.504031260381866,0.359630753946269,1.79098045698883
1327,15606,"s14","m3",-0.532059247231188,-0.416518101372491,-0.193489802885954,-0.111583806964164,-0.392808138996837,0.509436661087534,1.50663234681697
1328,15610,"s14","m3",-0.476377108240176,-0.460115141893818,-0.193356607156389,-0.0827734916609504,-0.189469349892544,0.394423745893372,1.40835306565015
1329,15612,"s14","m3",-0.493906749559029,-0.333379610875818,-0.125703225828658,0.015903301217421,-0.363977634994775,0.662675600327442,1.47366850316807
1330,15616,"s14","m3",-0.49289121488536,-0.401356265379339,-0.123064509410093,-0.102132400583296,-0.106657566167582,0.541952757481168,1.51848755619994
1331,15626,"s14","m3",-0.56860341326143,-0.486670942237501,-0.262974427567934,-0.233990920652718,-0.40929075069055,0.467846175709425,1.99060795969693
1332,15633,"s14","m3",-0.430798163643303,-0.430174740721618,-0.106193952453646,-0.0865843663037264,-0.0868685873703297,0.465578868020452,1.59821835291928
1333,15635,"s14","m3",-0.368638850722869,-0.337640853146685,-0.0393195566079466,0.0157854055593389,-0.147253339295286,0.601880648777214,1.22162404522586
1334,15638,"s14","m3",-0.588332478748673,-0.338532242606359,-0.119816970042732,-0.0334465327395896,-0.28634205443381,0.618479145576205,1.46045114898932
1335,15647,"s14","m3",-0.450236279111199,-0.389084548714848,-0.146406675303349,-0.100795976857958,-0.150169077899661,0.571581469825145,1.27492821166302
1336,15658,"s14","m3",-0.440019175725147,-0.415238551337173,0.0104117140996474,-0.0749188398570313,0.156396453933808,0.543194372319139,1.5624411521353
1337,15675,"s14","m3",-0.567469828998598,-0.489142862751022,-0.178831684763061,-0.124808746095252,-0.275838890119319,0.427397617793678,1.67236188378321
1338,15678,"s14","m3",-0.5819482863704,-0.579858476179425,-0.180175248724486,-0.267700883074957,-0.213890369873555,0.195694524745716,1.71735593314533
1339,15683,"s14","m3",-0.496895159194409,-0.486329359455859,-0.0789260546126788,-0.127070343792293,-0.196091734428384,0.489664545914059,1.54399358619041
1340,15687,"s14","m3",-0.428389050071548,-0.460173213132589,-0.025057493844071,-0.140890302401499,0.139603676867561,0.49422256765351,1.66538593141623
1341,15714,"s14","m3",-0.524493063425518,-0.423809711204205,-0.0769709134102875,-0.163051680498807,0.0309260079232609,0.442774293903701,1.73028998545015
1342,15728,"s14","m3",-0.577028297583112,-0.434119676540576,-0.0912716768852936,-0.196177595265062,-0.192328367615547,0.451192230759273,1.6990588131001
1343,15731,"s14","m3",-0.515350788253543,-0.528993898599537,-0.100064659664353,-0.203953938131547,0.208827564486305,0.521747817846493,1.85563900357836
1344,15744,"s14","m3",-0.563618025263846,-0.575846869415737,-0.307858290399725,-0.263798525354522,-0.214640277604569,0.320430829867463,2.01150653553736
1345,15747,"s14","m3",-0.322358318984182,-0.268945230753088,-0.00983687146809539,0.0602694243628917,0.0494275440340573,0.71275040017192,1.33187341160891
1346,15758,"s14","m3",-0.632170773012119,-0.489815157212258,-0.154933269834168,-0.188087456350199,-0.177714237833176,0.518534580064759,1.81188967565718
1347,15778,"s14","m3",-0.586303906884471,-0.496795533354281,-0.149057212477586,-0.128886822823028,-0.220090641059656,0.476040913149605,1.73578069204599
1348,15788,"s14","m3",-0.586858890106692,-0.452308208352879,-0.110684379737838,-0.108686915550431,-0.290995847695306,0.458477673970933,1.66215244612553
1349,15800,"s14","m3",-0.448587877347207,-0.414271999195224,-0.0402533596497816,-0.0577450645413856,-0.00294150790798505,0.501139807112147,1.28520473590924
1350,15833,"s14","m3",-0.514738756730279,-0.38183726418659,-0.18172276290638,-0.087891459222046,-0.30570115505348,0.505749814689769,1.63749340505816
1351,15842,"s14","m3",-0.423590926890424,-0.460775503439657,-0.223921618067831,-0.173690137732073,-0.115714520084162,0.470444890370553,1.60001265914176
1352,15847,"s14","m3",-0.582850424611439,-0.54759845744947,-0.16770284477672,-0.256932606588824,-0.277812325863475,0.268626580121544,2.10819224025787
1353,15863,"s14","m3",-0.546653980185579,-0.386494344038898,-0.0570432549100099,-0.100360379986122,-0.0518320545304059,0.532211386110126,1.55043631308562
1354,15866,"s14","m3",-0.668888433632157,-0.449997761778533,-0.121842685405931,-0.0907341634925589,-0.305314564440705,0.57082700784115,1.65670689559055
1355,15871,"s14","m3",-0.484550060394538,-0.301001403196666,-0.116441102576061,-0.0211125033847203,-0.230430942728846,0.643840814845749,1.26865062879982
1356,15874,"s14","m3",-0.625984580031696,-0.552630322310406,-0.150545438061909,-0.198794488779767,-0.111213550506228,0.445663281285214,2.01987019178552
1357,15876,"s14","m3",-0.47204381356733,-0.379357325022293,-0.259470866879577,-0.122723683555848,-0.461340268656639,0.551871084750146,1.7618146294079
1358,15880,"s14","m3",-0.483107988394447,-0.385565307505287,-0.1977784591457,-0.15905757311435,-0.174755751413837,0.538356191375335,1.67982448401871
1359,15884,"s14","m3",-0.525596498814708,-0.434711339079858,-0.0445224517193902,-0.133490104821979,-0.0578641052599703,0.407556056799731,1.45976223448174
1360,15900,"s14","m3",-0.621330671080523,-0.585392318037643,-0.142479443493536,-0.109843576880289,-0.45323469437945,0.319909226128258,1.83437797570684
1361,15916,"s14","m3",-0.447299958054885,-0.336852261180646,-0.0750091337906628,-0.0800684199236877,0.139780418543121,0.537504376982416,1.33472706496459
1362,15923,"s14","m3",-0.493823141965087,-0.365793645506997,-0.247527505277618,-0.116638576742693,-0.450762025525302,0.574779846679592,1.34599892507122
1363,15940,"s14","m3",-0.530362580141819,-0.520583962145196,-0.189534196671836,-0.166364449352426,-0.285443990181034,0.462871949427,1.76611776697687
1364,15942,"s14","m3",-0.514999266256422,-0.639306697071765,-0.0900920835517407,-0.162051178500554,-0.14998936291859,0.488343445033865,1.8545310180213
1365,15957,"s14","m3",-0.474164929356616,-0.427423119273674,-0.242377075881937,-0.175840454619397,-0.215543132024788,0.525755886707134,1.65169456784212
1366,15963,"s14","m3",-0.646968032048533,-0.529937090202975,-0.18931071277975,-0.240268491997742,-0.280778441037705,0.342185006250671,2.22445704737029
1367,15966,"s14","m3",-0.594447738887619,-0.387833609665313,-0.176522922410368,-0.0690124046061604,-0.512387532086253,0.605243638762572,1.52869213725146
1368,16004,"s14","m3",-0.49444461936269,-0.449676435008977,-0.183419351752557,-0.0017176596955221,-0.263076245312175,0.542061322884303,1.82018715336511
1369,16010,"s14","m3",-0.575129494665923,-0.526992568156336,-0.108684564469813,-0.168234887525723,-0.113217281788221,0.374481673274107,1.79725675958717
1370,16017,"s14","m3",-0.450048608614379,-0.393873794835371,-0.0882544221508851,-0.118849550620994,-0.225822134941238,0.508591340341385,1.26864552013424
1371,16021,"s14","m3",-0.588215109988898,-0.463647373829473,-0.194227480781758,-0.0822082782784783,-0.267531392304358,0.574018575504428,1.83461626777492
1372,16030,"s14","m3",-0.639167370896807,-0.428138471129,-0.202723160680523,-0.175340598639133,-0.425080401800838,0.477780284731905,1.79540375217466
1373,16040,"s14","m3",-0.52006729955614,-0.421304488331006,-0.13723845393169,-0.113483239815527,-0.0920524342602195,0.616745902339325,1.55017553423295
1374,16044,"s14","m3",-0.500488404589615,-0.311732587865727,-0.192505729202518,-0.073069759521324,-0.150926059871651,0.46944940128209,1.18519759989334
1375,16050,"s14","m3",-0.515894147817383,-0.470401788065967,-0.0738085853986005,-0.243064125890011,-0.0152926413132864,0.399745149761498,1.59850649546181
1376,16054,"s14","m3",-0.506762115766484,-0.490929440324454,-0.0812561465075115,-0.246309340205969,-0.159274808368798,0.300467455196337,1.61146434209223
1377,16064,"s14","m3",-0.423987332256253,-0.377786874776111,-0.0864293444934554,-0.127394369089775,-0.0188735036191834,0.577650592772697,1.47240325805107
1378,16075,"s14","m3",-0.587773747939844,-0.490470080169535,-0.159606269017068,-0.0891017356579845,-0.253168984043184,0.572180814276339,1.72150635002045
1379,16080,"s14","m3",-0.503503876130598,-0.512008132285366,-0.0176055307562196,-0.161404354033346,0.0200870094643209,0.343878301165554,1.62659787875443
1380,16094,"s14","m3",-0.473170610649853,-0.451442513265416,-0.15849071732429,-0.197640531431066,-0.128638813387554,0.458217770608071,1.6793329907738
1381,16133,"s14","m3",-0.562669955921747,-0.33174307655038,-0.134257490006346,-0.186772050191309,-0.303954268129345,0.480647711629137,1.50839826701651
1382,16150,"s14","m3",-0.570243517986406,-0.438560234110266,-0.214274400160917,-0.200029166385323,-0.32810832252039,0.404879119757965,2.04663608984006
1383,16163,"s14","m3",-0.505073785883878,-0.469690014976485,-0.161828311066382,-0.175160921925159,-0.130805267153861,0.347502841117997,1.92752234658519
1384,16164,"s14","m3",-0.46136005094979,-0.485105662979263,-0.0890698595183017,-0.118777891152257,-0.263068378325425,0.497281509501892,1.62500964560813
1385,16169,"s14","m3",-0.480134112124154,-0.445673040181687,-0.152047762357543,-0.182118788106059,-0.330914858733631,0.423000659142331,1.46217591547633
1386,16175,"s14","m3",-0.597346121819538,-0.451004982773622,-0.13789348080435,-0.070089775581831,-0.30431125632313,0.535323575796968,1.6670400836762
1387,16199,"s14","m3",-0.505582831818871,-0.433951788831638,-0.180633761793516,-0.164943488031152,-0.294539262547603,0.407755937840728,1.50127634307935
1388,16203,"s14","m3",-0.333042543908187,-0.284096767670894,-0.0287227160887564,-0.0761629513362968,0.00905870248591141,0.468171949184296,0.840369638945915
1389,16216,"s14","m3",-0.517354862882338,-0.360528246725891,-0.0645488574906028,-0.112635546543666,-0.0895211141640965,0.622619174847467,1.68179303083607
1390,16217,"s14","m3",-0.734487905049936,-0.568783917686519,-0.174953845046648,-0.299225689683595,-0.4561484715335,0.312915789032656,2.25058265252994
1391,16222,"s14","m3",-0.489170791359327,-0.328161517770627,-0.110666215636361,-0.0152028239669382,-0.134373289697524,0.641947852410983,1.39087751250286
1392,16229,"s14","m3",-0.509139247070367,-0.395109927981287,-0.18516646919284,-0.0900597409133162,-0.0135889367883629,0.577260497842733,1.57972363081774
1393,16244,"s14","m3",-0.493328084300632,-0.344566864433285,-0.106082158281541,-0.126648071172942,-0.369285096884681,0.619386866264885,1.45950234414511
1394,16260,"s14","m3",-0.48121888423457,-0.45674813399913,-0.148875131197807,-0.183733127230349,-0.172364976562265,0.477924308223658,1.60167238903862
1395,16278,"s14","m3",-0.405630461651799,-0.344799690567035,-0.00384203098616075,0.0368828547787987,-0.0363560764063347,0.659173374589276,1.19479591256472
1396,16280,"s14","m3",-0.516069388603352,-0.38177671592177,-0.13580300992344,-0.164177053287408,-0.367218779082496,0.567863994750365,1.68759183618249
1397,16281,"s14","m3",-0.395673143435772,-0.431796146716493,-0.0233938250561436,-0.119753693504543,0.0615144980021902,0.512406159319854,1.38488323848917
1398,16283,"s14","m3",-0.501324186502481,-0.488524255872207,-0.188177528696403,-0.101723178012672,-0.309503828407915,0.48888499277977,1.61740523291577
1399,16302,"s14","m3",-0.665482634130855,-0.406984270426205,-0.151371044808413,-0.137042158478452,-0.377888857128194,0.540209323416236,1.79611396598791
1400,16334,"s14","m3",-0.630712123004556,-0.463467587690338,-0.173617777677418,-0.201901880970189,-0.317374005076097,0.48815702755189,2.03778516629876
1401,16383,"s14","m3",-0.585735838914048,-0.59132098721098,-0.144580776171104,-0.277420640771237,-0.158978569721354,0.155012165703465,1.88801973176822
1402,16385,"s14","m3",-0.453318796020008,-0.353760369603725,-0.109471332177792,-0.0328459081122755,0.0161465826615734,0.581532180011788,1.35423730931847
1403,16402,"s14","m3",-0.398631100156986,-0.398311352246528,-0.113782924479253,-0.028297482015577,-0.047580681318132,0.526293959771282,1.47374908122296
1404,16427,"s14","m3",-0.584299651744593,-0.351794955887065,-0.195749600350657,-0.0803758219724737,0.000319769121105495,0.495064909803147,1.58644126808698
1405,16432,"s14","m3",-0.374930111980725,-0.384750556563761,-0.0961566922990297,-0.00650540987344698,0.117594022817417,0.602702975369211,1.18583863879821
1406,16443,"s14","m3",-0.613457927050234,-0.498192352993271,-0.159591350410309,-0.213036096000873,-0.157607343415974,0.424099534056241,1.82232421845511
1407,16445,"s14","m3",-0.5195975514148,-0.557404491913967,-0.195218370086903,-0.219568830896591,-0.113628118910862,0.398005663286917,1.6787842117907
1408,16446,"s14","m3",-0.647870288353626,-0.426987794333062,-0.270157529389844,-0.165886800328814,-0.472894248714068,0.476934939500805,1.79907804820429
1409,16452,"s14","m3",-0.453812109978967,-0.424913514882292,-0.149280882558368,0.0253897741680072,-0.248306446208721,0.635062168121542,1.59302956420309
1410,16462,"s14","m3",-0.495012912465972,-0.415849128890195,-0.176274620427118,-0.227376055440622,-0.588614542936981,0.367143723762922,1.6780121619447
1411,16472,"s14","m3",-0.5525960703218,-0.467452044321336,-0.178144288516993,-0.204347665362731,-0.175994430174817,0.35635155371368,1.79379617532391
1412,16475,"s14","m3",-0.579980379347772,-0.478198814778819,-0.0985561959451964,-0.134023519073754,-0.202357786151037,0.499383252787457,1.61444646410632
1413,16493,"s14","m3",-0.512152333104961,-0.340981111208572,-0.0580206445169047,0.024133412424969,-0.215434601141335,0.510825565995584,1.26052476503353
1414,16494,"s14","m3",-0.52019252357467,-0.503568166424499,-0.1075129152142,-0.100269609620556,-0.131974665101435,0.445831966072381,1.66811441365321
1415,16503,"s14","m3",-0.368446515090755,-0.230540598541714,-0.171931176398498,0.052553989738723,-0.278059284099921,0.724605898072642,1.04581171034293
1416,16527,"s14","m3",-0.504781196364491,-0.442060734182403,-0.269363097438774,-0.0826320694710839,-0.530144236016336,0.486302066671706,1.45652222846856
1417,16529,"s14","m3",-0.531040878210104,-0.498598683984847,-0.197886473961936,-0.162463118204344,-0.250686884069659,0.581438667345874,1.70360740958328
1418,16535,"s14","m3",-0.500513564008668,-0.556413444851083,-0.143227484028569,-0.157171541051981,-0.0593222480865851,0.432196735261396,1.83050619090912
1419,16550,"s14","m3",-0.494293594473451,-0.396929583128625,-0.0656470930380166,-0.101449992308835,-0.00098758719275966,0.551678596897993,1.68797048734105
1420,16554,"s14","m3",-0.53286418777867,-0.554623039560215,-0.101281974556475,-0.186845021555735,-0.282414925452623,0.420702769959093,1.77273199170048
1421,16555,"s14","m3",-0.646607907190759,-0.459409732028104,-0.36849244821171,-0.170156387185639,-0.462540195340858,0.452869324332366,1.72129149841884
1422,16563,"s14","m3",-0.63403318250133,-0.544829895040112,-0.208682003552883,-0.2575385877746,-0.329982745570045,0.385433780174957,1.73133139800476
1423,16571,"s14","m3",-0.484882812661787,-0.494351658721372,-0.13242784412578,-0.174382747510758,0.00542024293480569,0.474948841103333,1.76487089356057
1424,16595,"s14","m3",-0.436534206484383,-0.413456812065039,-0.085773630699375,-0.110802177768864,-0.0383014304982766,0.458044286696457,1.5597554958588
1425,16599,"s14","m3",-0.419394397098441,-0.281328721681536,-0.165850233453345,-0.0837565380378703,-0.325700851048723,0.636260952585029,1.17624285701308
1426,16609,"s14","m3",-0.341419453918404,-0.344935801230801,-0.112743057312715,-0.112999000116869,-0.00544148429503745,0.519321261407414,1.01534359861451
1427,16629,"s14","m3",-0.490449195898957,-0.549806032743892,-0.159119349710073,-0.172542488879622,-0.322547399283317,0.45892200854999,1.73465619194508
1428,16638,"s14","m3",-0.573851211800851,-0.48060801180363,-0.075532986716349,-0.154002328619075,-0.181286764499349,0.509450937649575,1.67566791866399
1429,16643,"s14","m3",-0.40372583871156,-0.307155258308063,-0.127416066103008,-0.0749196950917945,-0.149157578522133,0.536431848226038,1.24114473614767
1430,16647,"s14","m3",-0.682985230075413,-0.524199594213741,-0.26234604191403,-0.141200390611977,-0.500547116697798,0.44300253691177,2.11027981032647
1431,16653,"s14","m3",-0.431505564729055,-0.396274723707918,-0.0472798168006315,-0.160773515627497,-0.0182723367294584,0.435883600827713,1.19825675534151
1432,16658,"s14","m3",-0.584556647178286,-0.507167124019369,-0.166081413174679,-0.216780196852954,-0.284192535120169,0.409837595671269,1.45429126297928
1433,16661,"s14","m3",-0.572872694978695,-0.518882070389092,-0.14353532466362,-0.107723649648168,-0.166229989322756,0.374547348659633,1.71570583922255
1434,16662,"s14","m3",-0.545746425842734,-0.374890517081755,-0.137671889063093,-0.114214878392122,-0.295058274435913,0.532222250531734,1.74224801519927
1435,16668,"s14","m3",-0.460182066202901,-0.296647514524661,0.011124067135,-0.0274013187660176,-0.0660089613663259,0.603936963179182,1.19517169589963
1436,16673,"s14","m3",-0.569248067651339,-0.339333925634837,-0.161629412955011,-0.157555486445587,-0.214076563939915,0.398330840600689,1.70281049266039
1437,16713,"s14","m3",-0.44653433756056,-0.377704318844897,-0.104893696077453,-0.0374147335941372,-0.307371199569728,0.54685096505336,1.41890278200883
1438,16716,"s14","m3",-0.570737756193056,-0.47832556899703,-0.112905319074563,-0.0820617146512686,-0.138634637407756,0.539597133862631,1.64892361717955
1439,16742,"s14","m3",-0.538947426875307,-0.470560530295193,-0.158919695765732,-0.217875374844117,-0.352194816737683,0.424407870568773,1.66033414427388
1440,16753,"s14","m3",-0.445064649781566,-0.427955777113148,-0.152629132261203,-0.120753435806967,-0.00255755896331426,0.617121181212234,1.59286966749004
1441,16762,"s14","m3",-0.625347955256661,-0.500078884781197,-0.194011936459655,-0.140977782164638,-0.173207974552979,0.500405840959999,1.86445299188216
1442,16770,"s14","m3",-0.399740947966604,-0.343464007903534,0.00768096582684435,-0.0265102776849644,0.0982045356164272,0.663336065875216,1.24889223015354
1443,16777,"s14","m3",-0.594880053511268,-0.514373219336159,-0.217048163107741,-0.203312319776694,-0.371187489257193,0.499513113359317,2.11148552700859
1444,16815,"s14","m3",-0.484608636642624,-0.352819142538308,-0.179643501252102,-0.0777968495646571,-0.157047508229147,0.573109478324937,1.50044908252389
1445,16816,"s14","m3",-0.702317307477988,-0.50825167848452,-0.165262811826658,-0.126321957909715,-0.253979113004221,0.499676882439296,1.86712380845952
1446,16836,"s14","m3",-0.509582332942272,-0.479599784305319,0.0402065667291091,-0.137237593532196,0.129944955912949,0.431547987757226,1.49130109373042
1447,16839,"s14","m3",-0.516115388500899,-0.503819030782177,-0.0199173793952779,-0.0632842726562506,0.0193374662858573,0.382136611267737,1.40175267344576
1448,16847,"s14","m3",-0.482496910820276,-0.456648568959651,-0.14753169838321,-0.166821369328727,-0.0719584080718494,0.54994915317739,1.78219325889466
1449,16850,"s14","m3",-0.593543182336815,-0.520218022315187,-0.142824161254259,-0.189132404800203,-0.254507422900394,0.439497160015612,1.86441854660522
1450,16868,"s14","m3",-0.571642875344883,-0.478874587086662,-0.116921294286602,-0.0797661107607056,-0.0861296736985402,0.491746400406561,1.56880568632235
1451,16902,"s14","m3",-0.422586688146031,-0.440415293382543,-0.0416003397924067,-0.0738887319849751,0.0474466638981009,0.560229471146372,1.43952737032693
1452,16905,"s14","m3",-0.505439512234336,-0.484737349345915,-0.231381445818002,-0.08035038146104,-0.260556842197145,0.616485561150448,1.77835182191761
1453,16909,"s14","m3",-0.4007053856113,-0.411393761487956,-0.00618793695176804,-0.117891842238306,0.155856085455285,0.440015751527806,1.4213350531947
1454,16918,"s14","m3",-0.493770935392189,-0.370985847481246,-0.0723529860710568,-0.0919997528706309,-0.140406867800915,0.502172527396111,1.47558825956904
1455,16952,"s14","m3",-0.560948067431284,-0.578630861492026,-0.267526989801265,-0.188924120805624,-0.569012196323406,0.347442055808197,2.2369325392378
1456,16958,"s14","m3",-0.584931048042492,-0.389946107502199,-0.221117370992441,-0.159247793370402,-0.295073759901455,0.532310454733972,1.64921932856445
1457,16969,"s14","m3",-0.52598130787405,-0.526523688363236,-0.0976389013907484,-0.22475901416125,-0.00602119543962586,0.373808649910684,1.72210217967904
1458,16974,"s14","m3",-0.457657558790873,-0.392090334823571,-0.0683246260534772,-0.0796470709562329,-0.0115861523871467,0.494019434178899,1.29779474343394
1459,16982,"s14","m3",-0.474053262325557,-0.388148714471255,-0.0662565270705303,-0.169264429758589,0.0796552428896757,0.467758641934233,1.53536047329729
1460,16998,"s14","m3",-0.56783759903157,-0.455499352991803,-0.262105718521678,-0.0229765948410255,-0.615172619989987,0.627553914051855,1.77069513169438
1461,17028,"s14","m3",-0.509774770516417,-0.365111339746626,-0.108342588431125,-0.0514745638482183,-0.34509847498096,0.624662655645464,1.59023691162398
1462,17029,"s14","m3",-0.416251447411932,-0.343457192501445,-0.0856827658517877,-0.066143579950885,-0.292252469127473,0.5592163426185,1.19218018976314
1463,17032,"s14","m3",-0.611563960319658,-0.496579831483461,-0.116299376411506,-0.188550725855711,-0.568904192652227,0.364379303696274,1.72713825880208
1464,17038,"s14","m3",-0.456440914413333,-0.346689100400965,-0.0513619060514937,-0.0876795923725015,0.137973570674669,0.584093875285488,1.52371413193807
1465,17066,"s14","m3",-0.392910706519523,-0.437282331023938,-0.0598041033617465,-0.0479013949056849,0.00960581318638424,0.479122495852279,1.25105882149051
1466,17070,"s14","m3",-0.428559140522055,-0.470001498405836,-0.019150198071804,-0.185306742842648,0.0757299826473939,0.436087201002057,1.54026340172986
1467,17081,"s14","m3",-0.561334759509941,-0.436959928190595,-0.144008463256559,-0.124271165489903,-0.0710426116383921,0.500657976269255,1.68687248383003
1468,17082,"s14","m3",-0.66578342071386,-0.546322596404713,-0.133869131894179,-0.205529621490636,-0.379094999070235,0.342881658394114,1.83343266475298
1469,17096,"s14","m3",-0.58725587418383,-0.433976041278661,-0.228475648632264,-0.101440226667082,-0.608104378165638,0.483654952536011,1.62222678132446
1470,17099,"s14","m3",-0.59594397481459,-0.427398885843811,-0.17688459241359,-0.121291555051846,-0.135378400256444,0.602737197084356,1.61299874243637
1471,17110,"s14","m3",-0.462484499152857,-0.441892647909528,-0.133217355664685,-0.0861685285716006,-0.0887458918030071,0.479526426264935,1.61329284248167
1472,17116,"s14","m3",-0.419645097928773,-0.397759964156203,-0.0516570299603159,-0.00538260116360906,-0.0461119789061672,0.508690375627437,1.37159150352307
1473,17119,"s14","m3",-0.70635945011123,-0.589356120708994,-0.197671618588072,-0.244441186121596,-0.474417956659164,0.322768021373995,1.94136805929426
1474,17145,"s14","m3",-0.552629170564502,-0.395555433737859,-0.165333900895815,-0.0896324825919906,-0.202683555608894,0.556545209265701,1.82598190359568
1475,17160,"s14","m3",-0.495380647796847,-0.516603437933561,-0.108227409584562,-0.15495352589597,0.130149913910579,0.537024118697108,1.70987456979976
1476,17172,"s14","m3",-0.497943733884413,-0.408058754808451,0.0248685314854985,-0.172328069250126,0.0820768987617177,0.470306218214927,1.42399897134725
1477,17174,"s14","m3",-0.623556221654775,-0.470428430217983,-0.162497053186036,-0.193898958177818,-0.184036818123753,0.477328949652686,1.82423588278949
1478,17177,"s14","m3",-0.696302825916349,-0.505715537355546,-0.239230826114001,-0.12323033757256,-0.95362950352383,0.509035062254199,1.80939262527747
1479,17182,"s14","m3",-0.476077473294286,-0.359638763904845,-0.07375493621239,-0.00783101116130187,-0.259023569615899,0.542506100415905,1.05152520562369
1480,17183,"s14","m3",-0.60087704849261,-0.583053081480173,-0.183880456859648,-0.203923898816992,-0.184706474148236,0.403324004557453,1.73507377578891
1481,17198,"s14","m3",-0.443276301542806,-0.4911995048559,-0.0591223197588176,-0.164883909920482,0.0964399883606194,0.512977573909859,1.67334097624501
1482,17218,"s14","m3",-0.546337244100225,-0.443748481757776,-0.146003601455233,-0.230738312458103,-0.0872432812745797,0.485218162758505,1.93460566594147
1483,17220,"s14","m3",-0.689571273399939,-0.524232030869323,-0.28435684681278,-0.276465774849389,-0.772233342537858,0.318276811685281,2.03681511824495
1484,17224,"s14","m3",-0.56747928550453,-0.575054068636852,-0.113457811551382,-0.197624232582092,-0.0738705747941509,0.295284369405349,1.8974764983157
1485,17237,"s14","m3",-0.56495820080318,-0.530451162503476,-0.123745644270517,-0.208117044815096,0.0231637465865208,0.452630617173162,1.84504717328553
1486,17241,"s14","m3",-0.522894697229294,-0.526125889670935,-0.17672784528929,-0.19447805658925,0.0867920508711675,0.407172409971248,1.81537344084776
1487,17297,"s14","m3",-0.644062848293778,-0.480056457098442,-0.18902457988371,-0.204011358459747,-0.315635171454696,0.584880676510573,1.75445847944183
1488,17314,"s14","m3",-0.528970621179653,-0.411919518568224,-0.0487495240270289,-0.214844667440643,0.0521979946363352,0.418518680082777,1.82278606159168
1489,17315,"s14","m3",-0.408486230290259,-0.372130493331448,-0.167249835724279,-0.120341224679093,-0.205051544771277,0.492334063139546,1.19813461894327
1490,17337,"s14","m3",-0.523265607956061,-0.35288297550882,-0.0417066920777335,-0.119995498853365,-0.0282787345574062,0.573240135734957,1.587609400118
1491,17339,"s14","m3",-0.397154295790924,-0.367835384868085,-0.10338701968785,-0.097701850125374,-0.0317359405499542,0.500108622349446,1.35408989546448
1492,17367,"s14","m3",-0.557367017407197,-0.428248157267759,-0.198117823162378,-0.161934561297837,-0.0607979942284303,0.514101429722524,1.97044338141011
1493,17382,"s14","m3",-0.66531799973554,-0.537314579117852,-0.180534256316904,-0.203388150990329,-0.543349574804952,0.328499259208421,1.69876477663831
1494,17383,"s14","m3",-0.393242953468178,-0.400609186665658,-0.0106673524790407,-0.0861418603222458,0.0952612091110455,0.523603082436549,1.45016444596476
1495,17389,"s14","m3",-0.384960217457063,-0.40482734207194,-0.122601437911516,-0.0400307877149866,-0.147381219156523,0.51954873405895,1.39846976767131
1496,17396,"s14","m3",-0.573961423611915,-0.431094024142609,-0.212930987117705,-0.0753865703328358,-0.559842958747509,0.488561034554166,1.76319969869288
1497,17412,"s14","m3",-0.63672670200765,-0.456474137369678,-0.167172005711672,-0.235587407721932,-0.486440616406883,0.401008775123627,1.88123427591927
1498,17416,"s14","m3",-0.552390740986337,-0.44149159880173,-0.171926363882784,-0.153473427313183,-0.239601159386669,0.502243667488506,1.5378532354797
1499,17429,"s14","m3",-0.433410653330548,-0.437256290603359,-0.0916237013173605,-0.144312805148299,-0.125680500138788,0.442954985171339,1.56136087526102
1500,17454,"s14","m3",-0.610757069407554,-0.543678481712736,-0.251278702299419,-0.199323874003843,-0.193831565676836,0.425708246519844,2.03014068670033
1501,17461,"s14","m3",-0.439989429320188,-0.427647359512846,-0.111990774228279,-0.0998594161688702,0.107574940332025,0.521744497972742,1.46461078512401
1502,17465,"s14","m3",-0.464469297694453,-0.480727223300074,-0.132689817344308,-0.152862214706191,-0.113694232184305,0.529363271989615,1.84221985569091
1503,17495,"s14","m3",-0.517492003818172,-0.335904085508891,-0.114524299360863,0.0102902464419985,-0.129772261825603,0.702534717342271,1.32944957990531
1504,17499,"s14","m3",-0.341584626336537,-0.372667579562713,0.0941270321091186,-0.0968609300233563,0.380495787994361,0.638642805121769,1.50482902704231
1505,17501,"s14","m3",-0.619964702649337,-0.483486226303135,-0.209767629356585,-0.22143810878714,-0.524367563600394,0.458540724408019,1.89318501934069
1506,17526,"s14","m3",-0.593794568683799,-0.502754652352473,-0.207015409714505,-0.187368925653519,-0.5573331885366,0.537926399100139,1.7869719301063
1507,17529,"s14","m3",-0.374128847597664,-0.336611172932798,-0.0733823209519087,0.0184544608174556,-0.00291393262004059,0.526549703420378,1.1904064856454
1508,17550,"s14","m3",-0.608729559040212,-0.449207371916553,-0.172345436295044,-0.0611254249512189,-0.327180750730847,0.54194092540645,1.66010463647246
1509,17561,"s14","m3",-0.588514558063457,-0.359760570087956,-0.18413578690648,-0.0794056936329702,-0.318491753626992,0.565924762051591,1.48779439035621
1510,17576,"s14","m3",-0.640836998541063,-0.530285338179431,-0.109361423136498,-0.208143802959209,-0.342155459981054,0.445865082195314,2.01625428330549
1511,17578,"s14","m3",-0.55754022774796,-0.406348003490398,-0.166912489817736,-0.0916411539851076,-0.253989695586438,0.562179591212403,1.64477057226132
1512,17592,"s14","m3",-0.349968892234029,-0.347370186339732,0.0176180758465856,-0.0572277186662393,0.0499225676299632,0.445301886252568,0.977434276659025
1513,17637,"s14","m3",-0.288933982359105,-0.417774036346887,-0.0921364214651563,-0.0399240593035402,-0.062923569562387,0.460070179913801,1.13485166013023
1514,17648,"s14","m3",-0.541728365617753,-0.398271669671034,-0.0533838565803539,-0.077653370976637,-0.098288595043397,0.527196328697413,1.37790439148687
1515,17654,"s14","m3",-0.3939941748192,-0.391063637707643,-0.0869340197822337,-0.129197817347637,-0.101675142357521,0.467804359902051,1.19126989468141
1516,17660,"s14","m3",-0.514671583667874,-0.423816955482646,-0.0733255456320427,-0.0879859800812291,-0.00617986028375402,0.477569838259674,1.73063955540752
1517,17666,"s14","m3",-0.555671463172968,-0.445247205608553,-0.0956426375741771,-0.198658931347704,-0.214286421467213,0.502519489249613,1.79386552160272
1518,17671,"s14","m3",-0.579065015816135,-0.42666053975231,-0.0922946258649603,-0.192339939843127,-0.14961522432842,0.440830322622806,1.6947926176852
1519,17675,"s14","m3",-0.527479712424248,-0.435496816669881,-0.108465492889472,-0.0834597529557644,0.064204658708503,0.507422655282409,1.57696086254518
1520,17676,"s14","m3",-0.620483416824023,-0.459973742711121,-0.148374720215944,-0.201176195266628,-0.461878886771379,0.505219180187732,2.02439276521551
1521,17708,"s14","m3",-0.436060157798347,-0.387857858954759,-0.0651148458053232,-0.0481048976940569,0.0126805347440924,0.674016810356177,1.31491486278702
1522,17732,"s14","m3",-0.655054864895113,-0.583857100726487,-0.183310524924687,-0.159623969912739,-0.625420770538166,0.369335803047401,2.19869877462141
1523,17754,"s14","m3",-0.415941955381084,-0.418808070696826,0.0414953655568278,-0.0617896732305276,-0.0671525580758522,0.508915103340929,1.49341275583614
1524,17758,"s14","m3",-0.558469227060107,-0.393036185909342,-0.116322986291414,-0.123426130236747,-0.180378394623847,0.479791097044434,1.51080951366719
1525,17767,"s14","m3",-0.534494824807021,-0.327682340153547,-0.0477158360405874,-0.126290119081052,-0.137589333279629,0.597857724234545,1.70155293870664
1526,17784,"s14","m3",-0.661308566738094,-0.510386565596032,-0.169680064545166,-0.123154825405519,-0.610721850850897,0.434736842088447,1.51265443888661
1527,17790,"s14","m3",-0.579435156546649,-0.446818437213115,-0.163787281796198,-0.123154563599607,-0.541365936937645,0.525796011764862,1.92060491976056
1528,17791,"s14","m3",-0.496049660944592,-0.394216947318313,-0.0886257404771134,-0.061740066857605,-0.0512490418561486,0.57772253389743,1.48247643465167
1529,17804,"s14","m3",-0.567078142056103,-0.407788790086826,-0.221943644178851,-0.100759710549266,-0.243268593987931,0.533463791759818,1.88494213796301
1530,17808,"s14","m3",-0.515214465848444,-0.331030420688243,-0.143624664177195,-0.0993633654014141,-0.165215063567755,0.533525737882929,1.4903420785176
1531,17822,"s14","m3",-0.66789029555568,-0.63219355864251,-0.226801964555304,-0.232068888915942,-0.402187240384519,0.300495906260925,2.01344249414998
1532,17829,"s14","m3",-0.573191837547523,-0.454245001382782,-0.177014578298301,-0.213166566286072,-0.435278245197262,0.418240752047087,1.70862490037764
1533,17860,"s14","m3",-0.496251169181195,-0.389847155988673,-0.126320071057476,-0.145176552985562,-0.17758344766461,0.440305689351388,1.29642767367821
1534,17861,"s14","m3",-0.457593993727318,-0.263823143409693,-0.0240264446379919,-0.0555179763919304,-0.0507277120681813,0.594663922701705,1.15559251813964
1535,17882,"s14","m3",-0.500108014934536,-0.334469660258831,-0.0170469270215234,-0.0618401639116598,-0.208665349736666,0.523913555140893,1.20056292908424
1536,17888,"s14","m3",-0.528332451065285,-0.376359036156864,-0.0772001149290995,-0.0902486690501156,-0.17194310214076,0.512268491210425,1.27829327676576
1537,17930,"s14","m3",-0.478035825517752,-0.342736492494293,-0.195794796094186,-0.0653076870269155,-0.407957669278971,0.588308481600256,1.29283244915359
1538,17932,"s14","m3",-0.454722544453585,-0.359886063121223,-0.0936204575854294,-0.0324700800253472,-0.128067804216372,0.630538493051035,1.35932879592638
1539,17942,"s14","m3",-0.631526086165671,-0.408176318314112,-0.247185819392459,-0.184129413938996,-0.447352763931614,0.495644757484853,1.8642481993367
1540,17946,"s14","m3",-0.563617977222532,-0.603273813673431,-0.185388165002172,-0.242380933964755,-0.286949970011029,0.143382816488666,1.73665217267229
1541,17958,"s14","m3",-0.447268945317843,-0.419971091705706,-0.00386247225680977,-0.0382383353304574,0.0537151053941238,0.520702264068019,1.46248981992364
1542,17965,"s14","m3",-0.564348966023586,-0.40741265648955,-0.108256535168706,-0.104655700989883,-0.328892928372688,0.557726111102299,1.53896054147571
1543,17967,"s14","m3",-0.602460918986992,-0.390576644448382,-0.169434069385675,-0.1435098978539,-0.165567643695318,0.44075258056155,1.65030387148038
1544,17970,"s14","m3",-0.417350282041529,-0.399323660724488,-0.0920621869934236,-0.186607058209331,0.0893630417842863,0.41975626918464,1.53317459334402
1545,17972,"s14","m3",-0.527736011111992,-0.427872865603227,-0.158923929840662,-0.187256259834743,-0.105311417399504,0.467894714130563,1.75151220218476
1546,18013,"s14","m3",-0.457234872226489,-0.409597494520078,-0.1430835281218,-0.121799640550674,-0.00957361971509406,0.576321489700199,1.62369859503507
1547,18032,"s14","m3",-0.558626954942796,-0.392712142891266,-0.222356340712746,-0.183003305133093,-0.256143999697513,0.50958570306771,1.62191694741685
1548,18052,"s14","m3",-0.533706506248947,-0.382626144095036,-0.1139100591173,-0.0750344690598745,-0.0496582959910412,0.498965758078061,1.51693638530812
1549,18072,"s14","m3",-0.579893825325863,-0.51196731769442,-0.107277755191027,-0.240837401922829,-0.253421504151673,0.355023197586721,1.91949244264052
1550,18073,"s14","m3",-0.560188045071677,-0.37542492272963,-0.0747564373175103,-0.194861746191947,-0.286283232164983,0.508101254425206,1.53120213606809
1551,18086,"s14","m3",-0.618680007584632,-0.444936202845525,-0.15286542493187,-0.197665959306894,-0.227301504816026,0.506667142244801,1.76550609926152
1552,18101,"s14","m3",-0.569563409263664,-0.537656386892574,-0.262138175710197,-0.1909209469422,-0.302844501827632,0.465849258648527,1.95477843481968
1553,18111,"s14","m3",-0.411638629951264,-0.376465119397853,-0.0572020664098607,-0.154795379121306,0.0684923474361119,0.464191060347409,1.44666321875256
1554,18118,"s14","m3",-0.391666912807533,-0.368201179845592,-0.064090115662366,-0.130475920202612,0.0663371606999847,0.569831491705354,1.4099447094743
1555,18145,"s14","m3",-0.426005720577649,-0.375697492749786,-0.0568722424656968,-0.0749597944135253,-0.149366303295932,0.545030204268966,1.32075258785379
1556,18160,"s14","m3",-0.507278655923061,-0.394843851115353,-0.196768308935351,-0.101860943237553,-0.0757807104151575,0.503688836513091,1.75143925769942
1557,18171,"s14","m3",-0.521329942076022,-0.423397707136513,-0.124176148502621,-0.113877877300971,-0.116261053324177,0.39677653911135,1.40290978824415
1558,18184,"s14","m3",-0.549276323583213,-0.46508086437257,-0.184814016451565,-0.239183977632176,-0.129911560826654,0.397566926801461,1.85462658334591
1559,18186,"s14","m3",-0.400217402546687,-0.30725981638918,0.00734941909026651,-0.0885592605506256,0.0220223616278405,0.497164840293583,1.08772503075613
1560,18187,"s14","m3",-0.57588316068163,-0.455494825795705,-0.256528634748716,-0.163037798150128,-0.278665527295695,0.502630605399963,2.10376107977265
1561,18202,"s14","m3",-0.580709311750665,-0.391091948059323,-0.117954878148357,-0.0872693716910123,-0.30842579631612,0.607723884493793,1.57002322404191
1562,18204,"s14","m3",-0.598045697023933,-0.492145344938025,-0.086924045147672,-0.190659010577389,-0.0677458964324605,0.411134576364574,1.79171130859753
1563,18205,"s14","m3",-0.599102902065678,-0.463652776288222,-0.115751616290167,-0.0360404316457333,-0.495206798180891,0.540366970413101,1.58553712595921
1564,18207,"s14","m3",-0.574627597739159,-0.425963281041275,-0.105878008411461,-0.110353440565862,-0.193746560691392,0.539422471478266,1.7799879665878
1565,18241,"s14","m3",-0.460847876297726,-0.42095758908851,-0.2032605579444,-0.148780139869587,0.000975304914490516,0.473234389500372,1.58135093042046
1566,18255,"s14","m3",-0.366430365196183,-0.404610025308625,-0.00445747679606494,-0.122334855917357,0.106645563437429,0.464117005878079,1.37409045298668
1567,18270,"s14","m3",-0.541209901974406,-0.371561951323146,-0.172983418374813,-0.0879892237706238,-0.201767678725601,0.561446380621094,1.64611914129603
1568,18279,"s14","m3",-0.619239498567414,-0.449340169434046,-0.209216611877339,-0.175289419271974,-0.390940694077776,0.444002282208634,1.73984206355202
1569,18282,"s14","m3",-0.688931569684684,-0.388277564725377,-0.210226209525461,-0.164826457906778,-0.610195412349053,0.427441664459439,1.59800133310002
1570,18302,"s14","m3",-0.413640048729901,-0.402161987556862,-0.0583141284153559,-0.158683506632925,-0.0106451652182701,0.481622655765433,1.48245556391789
1571,18311,"s14","m3",-0.546186036150684,-0.441047280651089,-0.106125329120265,-0.186226929970336,-0.367613661319852,0.556237258665543,1.68269245334627
1572,18322,"s14","m3",-0.460105086583964,-0.438976582308233,-0.0339713786004161,-0.165524420492719,0.0535678193517052,0.407588253012958,1.66343412953856
1573,18330,"s14","m3",-0.525919863010319,-0.517871642166114,-0.246452204656451,-0.135875863688997,-0.484565874826772,0.498407563381473,1.73427766336618
1574,18335,"s14","m3",-0.404658027510039,-0.422263523802286,-0.0486690532885261,-0.0673943859744845,0.0685173692966273,0.571894773735021,1.50497703633755
1575,18338,"s14","m3",-0.491295060400706,-0.436338875297113,-0.168814806084063,-0.108375694366304,-0.153169701248084,0.496376272250238,1.51029049515076
1576,18346,"s14","m3",-0.56911746312369,-0.449632088423215,-0.191033039893822,-0.116989347379334,-0.186282775813005,0.52856929543718,1.91080849617604
1577,18349,"s14","m3",-0.629589556660586,-0.357973569676461,-0.12190786059261,-0.15257640851839,-0.461052469364575,0.44776744659139,1.59271950775026
1578,18353,"s14","m3",-0.516558589063555,-0.37846949930883,-0.19103751240036,-0.143143719830495,-0.249673300708771,0.429701987896629,1.81531443796439
1579,18375,"s14","m3",-0.547610233680687,-0.431338444688388,-0.235477543505133,-0.178056107282263,-0.357724133110755,0.487974557314177,1.63169392561733
1580,18378,"s14","m3",-0.407611534602802,-0.270885065359598,-0.0614658748052788,-0.0763746235365952,-0.162974449321223,0.672938761874548,1.13944352996269
1581,18383,"s14","m3",-0.510417460851958,-0.390185281743657,-0.0962862917785075,-0.116813057280039,-0.145925108497215,0.559835846929477,1.53026973696577
1582,18399,"s14","m3",-0.621249110924678,-0.554831411089675,-0.100113170715067,-0.21598726627054,-0.460274492953403,0.319224050970993,1.93785874786196
1583,18421,"s14","m3",-0.405804651220403,-0.369574111440356,-0.117299781569592,-0.0721692728706003,-0.121950139666949,0.5868980961418,1.40062110526643
1584,18423,"s14","m3",-0.534007763792795,-0.404127549948883,-0.0707538818402901,-0.190860102013701,-0.189830451418006,0.440061526370096,1.64180296943919
1585,18426,"s14","m3",-0.526955364998346,-0.460933134636435,-0.231278938014599,-0.170797410467768,-0.276967989550769,0.411184047509068,1.74390294308431
1586,18428,"s14","m3",-0.535854889840765,-0.405739037247948,-0.00916887096336843,-0.221088288174211,0.123302939832637,0.454386075925733,1.8589798170769
1587,18432,"s14","m3",-0.52585172884248,-0.489944281127235,-0.166492933711924,-0.134599281618907,-0.304641412997954,0.457528438423428,1.77616128014662
1588,18433,"s14","m3",-0.600873166084329,-0.432522607893581,-0.175360768260885,-0.218609770546838,-0.357507756485572,0.55534353230596,1.51577186918535
1589,18442,"s14","m3",-0.55418525988414,-0.527998013136579,-0.116127422435774,-0.148934157870386,0.0210439492342532,0.541375617074546,1.74560889038689
1590,18444,"s14","m3",-0.49067821608629,-0.378987839914944,-0.0985824673659006,-0.00932877906063903,-0.0583335704223225,0.622014872249544,1.37003425828734
1591,18446,"s14","m3",-0.639316639540028,-0.476687633307108,-0.222733883961107,-0.245850976690817,-0.519270119814824,0.54577290486036,1.95519252262213
1592,18479,"s14","m3",-0.505184871814599,-0.499430444940122,-0.0970141843982946,-0.197013834114357,-0.0931219684646738,0.379462863145967,1.68471148498742
1593,18494,"s14","m3",-0.505123988254608,-0.422912493626133,-0.129725224904948,-0.0719333749387099,-0.0174472664184751,0.393097742295184,1.65318218209585
1594,18500,"s14","m3",-0.55224160648731,-0.446995561797737,-0.0869117459258641,-0.0882467782437509,-0.382881993284832,0.538780431633797,1.67373590978472
1595,18512,"s14","m3",-0.523559348989988,-0.418203715046699,-0.0100768785049662,-0.135331781197325,0.0652105292501613,0.511468423377869,1.36279516039718
1596,18519,"s14","m3",-0.499132413869659,-0.264231711279361,0.031614550825107,0.0262851687885412,-0.0749517107950838,0.686966932484255,0.905669473451846
1597,18531,"s14","m3",-0.544897020056858,-0.416187701081498,-0.182615927366685,-0.106718440878581,-0.396404916658296,0.617845779051892,1.75694974802434
1598,18538,"s14","m3",-0.56121877372763,-0.499581061416417,-0.179855573252497,-0.171027739202951,-0.311882446642659,0.499926012433876,1.77740564275658
1599,18543,"s14","m3",-0.569568318701528,-0.494693884161679,-0.144705113743555,-0.147979846133827,-0.470895184769158,0.467639239214982,1.79842567966148
1600,18569,"s14","m3",-0.517649126624959,-0.426673161271035,-0.213663327480946,-0.136679315539379,-0.83628357052451,0.431969323010803,1.87492524605615
1601,18575,"s14","m3",-0.600827282220927,-0.735000587957541,-0.234616027323184,-0.364300675333134,-0.329653558373365,0.174776816252127,2.14977868876535
1602,18590,"s14","m3",-0.449147224008106,-0.40227768114691,-0.129855451392759,-0.100086533162345,-0.162558574968163,0.551042546472443,1.67944734332044
1603,18604,"s14","m3",-0.519035880638749,-0.484685894788484,-0.189259264740809,-0.171008794068546,-0.327685946265938,0.365543432037576,1.92339881948273
1604,18625,"s14","m3",-0.483863228763226,-0.400531224353346,-0.163098972063362,-0.123788925778742,-0.210703025402819,0.508372166703549,1.531651042222
1605,18635,"s14","m3",-0.532745323364978,-0.409453184045902,-0.103135796204837,-0.097791105248653,-0.303003242994221,0.490900302843493,1.40231266924524
1606,18643,"s14","m3",-0.436810469871138,-0.370763202849755,-0.00584502096321848,-0.0610131067379897,-0.0478820541112148,0.499134003922276,1.33379567486986
1607,18654,"s14","m3",-0.542305422717475,-0.360159519159334,-0.150297967150304,-0.122246140658647,-0.20006751357618,0.532633904158586,1.69908658590431
1608,18671,"s14","m3",-0.562977370883583,-0.560616271098077,-0.107077369283034,-0.209288572036473,-0.0703895241404896,0.344288111881912,1.7631863689546
1609,18689,"s14","m3",-0.656385921153137,-0.559079950161209,-0.163673187900326,-0.117171152014582,-0.139576174688703,0.401693339946668,1.98349805022907
1610,18702,"s14","m3",-0.612095967312638,-0.526473960981987,-0.117895983173626,-0.14107331980741,-0.417535127144508,0.294427705580328,1.73656245043069
1611,18707,"s14","m3",-0.548975819266767,-0.538504428294631,-0.22814677496852,-0.245580414744482,-0.358892242415702,0.377851842363704,1.91815401618236
1612,18712,"s14","m3",-0.535701541692937,-0.458469534335931,-0.169120668639718,-0.178508782756966,-0.300789221060119,0.34090129532464,1.73738316897599
1613,18714,"s14","m3",-0.50799514928769,-0.431613646679086,0.000779392230797638,-0.171122894709228,-0.0737529406827899,0.383313717824977,1.31118471623313
1614,18724,"s14","m3",-0.328350886169341,-0.282271548973263,0.103104547056733,0.0358770144001326,0.234908863998691,0.652132865116669,0.948734793600506
1615,18728,"s14","m3",-0.561054277560083,-0.36966966896199,-0.146021407096013,-0.0586861664482233,-0.0306816069234983,0.523050071673198,1.41502480862467
1616,18731,"s14","m3",-0.571807225643114,-0.478769961932819,-0.144321275785455,-0.145653732605374,-0.273980698236798,0.398770700235972,1.79477915792014
1617,18737,"s14","m3",-0.515474424029289,-0.411606982413251,-0.253908877174616,-0.0820033010642026,-0.229103842638244,0.569281182594897,1.78425469563276
1618,18745,"s14","m3",-0.501030979546268,-0.449538082429036,-0.125103843315116,-0.0831989226644535,-0.117545908852454,0.632953313915867,1.71338479692167
1619,18768,"s14","m3",-0.49564440082844,-0.534411957790449,-0.0728110224438635,-0.177156025829307,-0.00150549218628985,0.503411974918284,1.74145981240633
1620,18806,"s14","m3",-0.501396607707847,-0.512253096822017,-0.191021242979488,-0.17327462844078,-0.3239213330801,0.343788140017424,1.80849640330517
1621,18818,"s14","m3",-0.57282691791345,-0.436171492044902,-0.146888333694033,-0.0570840080552098,-0.466891572715189,0.498070312007065,1.60286603635416
1622,18823,"s14","m3",-0.554270738305412,-0.447421139504807,-0.140152380484934,-0.12451439567776,-0.399553412074452,0.53820192291381,1.62475861422042
1623,18833,"s14","m3",-0.656705187013051,-0.479161344678107,-0.142123169027772,-0.217253923460333,-0.54391997064524,0.445703786011914,1.89182557453856
1624,18834,"s14","m3",-0.437326347077883,-0.40783911002554,-0.119136009316644,-0.0736102285946266,-0.0251873759337432,0.525195828714381,1.39577966286415
1625,18865,"s14","m3",-0.411796296926697,-0.35681671379689,-0.100410844827693,-0.0905370027515112,-0.25133525099025,0.455012166320199,1.15110375214599
1626,18867,"s14","m3",-0.558494683814498,-0.497656105854118,-0.215551133689523,-0.187755008183881,-0.449411523167393,0.474232774192399,2.01910641726244
1627,18882,"s14","m3",-0.463202237328993,-0.334555321600066,-0.184891597079681,-0.191944506563101,-0.137904181656782,0.313457432228395,1.29808842274937
1628,18888,"s14","m3",-0.40815616371623,-0.490735821990025,-0.0574473942634693,-0.133876020551323,-0.142313617038005,0.505488347198207,1.55637983492609
1629,18897,"s14","m3",-0.602636682974029,-0.47096034150456,-0.201274104896475,-0.0833518778952651,-0.292490874917448,0.57469780093637,1.86481763240636
1630,18900,"s14","m3",-0.66653092848548,-0.477736227101293,-0.0959710815301932,-0.129238224965588,-0.562084140217985,0.472252212887687,1.83759814528243
1631,18914,"s14","m3",-0.521658073070848,-0.470204834092394,-0.0690296591587607,-0.14284701988727,-0.220463981999087,0.539492316848631,1.80782871898021
1632,18945,"s14","m3",-0.585680138848723,-0.524719787349874,-0.192595668254045,-0.176154117340597,-0.272626667874937,0.590051265731604,1.98393929314318
1633,18948,"s14","m3",-0.504434066870004,-0.286822473879227,0.025862253142663,0.0130181028333175,-0.104124869564729,0.690870548840498,0.896048289152357
1634,18952,"s14","m3",-0.663225802629846,-0.386545845483437,-0.231705798825121,-0.220220238028809,-0.93922729165427,0.475518314745694,1.84540860741108
1635,18958,"s14","m3",-0.456795245411866,-0.411012599129716,-0.132536525739834,-0.123960314093775,-0.197138245673939,0.510079261746903,1.45504174909099
1636,18972,"s14","m3",-0.514180885704767,-0.445482175628047,-0.118304261763881,-0.039257444967867,-0.0156958352181409,0.533157014666465,1.66105222487876
1637,18989,"s14","m3",-0.51777129624412,-0.447765501208948,-0.257759793331377,-0.0455718557546447,-0.438302440721462,0.596598536684551,1.67380254162774
1638,19010,"s14","m3",-0.478396332506582,-0.522228982900287,-0.193130747664877,-0.144785033919492,-0.298350854466656,0.442983051096394,1.73191298777203
1639,19035,"s14","m3",-0.515617610773511,-0.437740557343831,-0.158621501568019,-0.0938441201113094,-0.273068913612357,0.496527063187617,1.56086507135223
1640,19062,"s14","m3",-0.582157871752383,-0.491794174618873,-0.19539494988833,-0.225312285227175,-0.438152884482886,0.412226725087184,1.79137537179646
1641,19071,"s14","m3",-0.554370656322169,-0.472611664551902,-0.0915491731867276,-0.113554877845937,-0.0292174025171821,0.513695471137264,1.83159908526705
1642,19075,"s14","m3",-0.609314965275411,-0.462691012143853,-0.0910124180103585,-0.120071398422657,-0.0569086924491353,0.549344839300873,1.7556928985562
1643,19083,"s14","m3",-0.463892642191362,-0.347270762441157,-0.1496985379082,-0.0914782955325943,-0.0756395075138937,0.563126492153174,1.47142846865729
1644,19087,"s14","m3",-0.493826513908068,-0.3025691649789,-0.159341869073158,-0.0294670015082899,-0.283186198355052,0.61393563794056,1.11336491904171
1645,19089,"s14","m3",-0.505067218407256,-0.541704397314161,0.0156876735624741,-0.163432235609474,0.092072218245275,0.405950631642219,1.84606184115508
1646,19093,"s14","m3",-0.545321227439833,-0.488788585330479,-0.12812190370687,-0.198780447915097,-0.317697449188805,0.407879829858157,1.75121367996827
1647,19101,"s14","m3",-0.611576608070443,-0.402479179291254,-0.184249734019778,-0.0587281376230806,-0.572225889844638,0.535726078307791,1.57108355220787
1648,19109,"s14","m3",-0.545108748080118,-0.371353808624034,-0.167939673824783,-0.153462029749241,0.0021603171387275,0.513608416305305,1.62900761491324
1649,19110,"s14","m3",-0.594479427657054,-0.475222515134416,-0.252067615456221,-0.1852027257387,-0.639569812210632,0.470992866544919,1.74490999321835
1650,19124,"s14","m3",-0.434431440377183,-0.272616193582849,0.000831959805245204,-0.0820151591491511,-0.0259139140162626,0.588744214430214,1.08157730608953
1651,19134,"s14","m3",-0.63022147156168,-0.56897232944346,-0.1741726600108,-0.165362664504872,-0.272904220701639,0.386204370624888,2.08402862464949
1652,19139,"s14","m3",-0.577477640829412,-0.52089365048811,-0.177622419860515,-0.230026322581229,-0.205888589476251,0.406217766070105,1.88347307232201
1653,19140,"s14","m3",-0.535670384761177,-0.420227764033122,-0.0716224110574128,-0.121960989717995,-0.143671797468692,0.526798354133843,1.62849078074169
1654,19143,"s14","m3",-0.546930581491141,-0.431442535428969,-0.0432584191447423,-0.126510484755416,-0.214436363684412,0.58929925945328,1.60127723668197
1655,19145,"s14","m3",-0.49428334128944,-0.454541322254418,-0.17259842158807,-0.103918452513139,-0.271407541555044,0.498189615030658,1.56005185067427
1656,19152,"s14","m3",-0.430684415165318,-0.409808254012113,-0.0757760665337177,-0.0717825801306303,-0.0355745907555398,0.489609024288593,1.29764569646591
1657,19163,"s14","m3",-0.488862830005873,-0.445636135022307,-0.164682115760388,-0.148776023661486,-0.140681824592103,0.554301773377501,1.78945737328635
1658,19173,"s14","m3",-0.481435404373964,-0.454810892163115,-0.189538099549077,-0.123136104891782,-0.185512495531661,0.53605000353168,1.83382892715106
1659,19176,"s14","m3",-0.53598759537676,-0.474596766916775,-0.0023967842448319,-0.141873375756525,0.119307516062295,0.343367726740854,1.65653307589606
1660,19199,"s14","m3",-0.535585212886643,-0.540412466488671,-0.170272857842712,-0.206423863348289,0.00752285898627117,0.333074799573089,1.77466931124678
1661,19200,"s14","m3",-0.494417362036077,-0.401637842967896,-0.0947931536100295,-0.0648119226372523,-0.00531364550463636,0.592178535371598,1.60284332946396
1662,19211,"s14","m3",-0.545317345374476,-0.454900852116785,-0.210028770377889,-0.233339958939313,-0.160745267876931,0.368469567033745,1.66994036333361
1663,19229,"s14","m3",-0.408273806534863,-0.30602601686929,-0.0420000498423866,-0.0558641437382644,-0.0172885524644013,0.65236631549864,1.18616940310291
1664,19237,"s14","m3",-0.642317392813374,-0.434785898458917,-0.103381283356399,-0.12969474801127,-0.0630916437673708,0.566964558017219,1.50453239161916
1665,19242,"s14","m3",-0.508355105868784,-0.424073621300134,-0.297032198426013,-0.128190664809441,-0.0813447891491991,0.567292003405522,1.73548833855964
1666,19244,"s14","m3",-0.590945440741458,-0.49911768726212,-0.205700461151199,-0.155110848718459,-0.333468681830603,0.429289469077915,1.96318547112322
1667,19250,"s14","m3",-0.517380112457528,-0.507389922433449,-0.129122227861384,-0.214864083115272,-0.0526158631324165,0.32584530231572,1.85007044588108
1668,19269,"s14","m3",-0.491954999665454,-0.436005519272136,-0.0229835058575595,-0.147942767441931,0.182733508362053,0.400378728456187,1.56634572165868
1669,19272,"s14","m3",-0.588149983028898,-0.45473474678637,-0.125737160915312,-0.138607046840228,-0.14711701321362,0.51140075546075,1.69663116050133
1670,19273,"s14","m3",-0.490880132004477,-0.434127607640598,-0.0481098423434279,-0.166658469163077,-0.0115310276505727,0.402690869383669,1.70939059707064
1671,19282,"s14","m3",-0.422502387717695,-0.370531338365885,-0.0342744139275086,-0.0809558650934712,0.0680036909171956,0.606325378769441,1.28416460400432
1672,19284,"s14","m3",-0.576059574108628,-0.454780446982981,-0.237577898590002,-0.116995589797701,-0.22985407664785,0.507531565150335,1.67769668003599
1673,19356,"s14","m3",-0.59127555373514,-0.475314643540392,-0.116569899443328,-0.120678087721927,-0.240058554848907,0.513145965291735,1.80587093419019
1674,19368,"s14","m3",-0.392120607165124,-0.360322863889555,-0.104859022214187,-0.156638200868433,0.0407473952047902,0.366404974781678,1.44430731571883
1675,19426,"s14","m3",-0.604522910643715,-0.363102641664018,-0.102865786344183,-0.119422276208304,-0.460158187678885,0.425954101998462,1.47579512520864
1676,19442,"s14","m3",-0.511756613832187,-0.316490757447333,-0.0897363365104932,-0.0732321596358713,-0.186178477807916,0.591264426960664,1.26235677166672
1677,19465,"s14","m3",-0.496157927902741,-0.442279679064557,-0.19404504387395,-0.17937443071184,-0.115538192363351,0.334458461916779,1.68592889603876
1678,19468,"s14","m3",-0.46197516798071,-0.216025445744903,-0.0133413599773306,-0.0637747215485978,-0.118444505239207,0.706426865753056,1.22338663966565
1679,19470,"s14","m3",-0.580371775851203,-0.499854073949117,-0.289920836302731,-0.224605113984533,-0.357385998966479,0.465110314894601,1.99564091557532
1680,19473,"s14","m3",-0.670839339185367,-0.479102687028334,-0.13023104660596,-0.118434408962966,-0.360626708506196,0.525438773163095,1.59650150233418
1681,19479,"s14","m3",-0.46495691903005,-0.397322380076254,-0.177992123963435,-0.0727154583778405,-0.187070055821471,0.579165368908227,1.34362377161338
1682,19487,"s14","m3",-0.503188531861062,-0.54338541169214,-0.114598459946708,-0.142477233603509,-0.195148084431427,0.337407364147662,1.53133899842194
1683,19500,"s14","m3",-0.56715274164075,-0.50267901010379,-0.174362605601454,-0.200979846897208,-0.130937068838386,0.404961060228907,1.99624010567864
1684,19511,"s14","m3",-0.441619393479734,-0.21538853867737,-0.065443144416217,-0.0517401697608116,-0.147141563174038,0.645504145844401,1.21043084743861
1685,19518,"s14","m3",-0.541158131320406,-0.456505333843765,-0.143728165854144,-0.139784689955345,-0.1799329931853,0.377602087920363,1.68841449938968
1686,19520,"s14","m3",-0.569846284533226,-0.537353747197131,-0.189396447508998,-0.227431125054635,-0.323962016382739,0.256546724146121,1.64197695763988
1687,19528,"s14","m3",-0.567614257842748,-0.452692179068064,-0.148236083424238,-0.166537661394343,-0.357250487147877,0.448871405923287,1.79352012528665
1688,19547,"s14","m3",-0.641164203880553,-0.543157988465062,-0.251708599658896,-0.200105752164494,-0.669507858593743,0.367744002424551,1.97920560948743
1689,19550,"s14","m3",-0.482161729402668,-0.417642348623352,-0.0811767293977156,-0.026015660657056,-0.273887735342041,0.601513749970132,1.46323847408722
1690,19552,"s14","m3",-0.370993096540666,-0.399576530852273,-0.0567257102628039,-0.136146495411021,0.0237390292788506,0.442323850353128,1.2783137620383
1691,19575,"s14","m3",-0.473525435166492,-0.491734911594648,-0.121601393077998,-0.114448991240742,-0.205613769651768,0.46197317139482,1.68756328879413
1692,19578,"s14","m3",-0.668766518289746,-0.489445245131174,-0.159336659969191,-0.138802426969734,-0.587412082910163,0.414473374383056,1.88968745969864
1693,19598,"s14","m3",-0.526925432138064,-0.496892351764753,-0.0566293731847266,-0.191602314164842,0.139649204731834,0.427163564695188,1.70481472903714
1694,19615,"s14","m3",-0.607256464527177,-0.511880093898841,-0.189224396997611,-0.177524762340074,-0.148465902948406,0.377837172707668,1.82466369172414
1695,19643,"s14","m3",-0.581181087144663,-0.431454203094418,-0.17534008246335,-0.172426714857066,-0.525416270563126,0.530355909727062,1.61152729781318
1696,19651,"s14","m3",-0.359991942236963,-0.378569712202949,-0.0875463851630345,-0.0661220288908328,-0.0810066958158111,0.559696201698172,1.47831422444225
1697,19660,"s14","m3",-0.468072283119628,-0.227910594785565,-0.0854023287626032,0.0135835738808935,-0.317811891433435,0.703603621948285,1.01013578536835
1698,19680,"s14","m3",-0.484630163233242,-0.411355408394782,-0.209223764973449,-0.127745728898025,-0.243474378022321,0.521512035953826,1.75739683223529
1699,19703,"s14","m3",-0.475459131747778,-0.322423120009166,-0.083274328849936,-0.039039530446035,-0.0910551976787518,0.49562543211652,1.51698882887877
1700,19713,"s14","m3",-0.615821176680753,-0.423202380572458,-0.109270675001903,-0.10285342639842,-0.214395852312027,0.486096568813256,1.6849089040644
1701,19734,"s14","m3",-0.65023960735856,-0.438583756332708,-0.157314373430491,-0.104557851864597,-0.229090846707694,0.374717607451829,1.65373426078911
1702,19744,"s14","m3",-0.628603006391667,-0.621138335526761,-0.265992922194184,-0.256275787252925,-0.561241692704877,0.376221555067612,2.10731330465489
1703,19754,"s14","m3",-0.466677653369521,-0.390384135921522,-0.00391682736307635,-0.0858997545655799,0.0383947918773737,0.480786430819239,1.30174060998705
1704,19758,"s14","m3",-0.592020341815368,-0.468949390867412,-0.137924997936361,-0.0838515989724479,-0.154675774480326,0.50624388204997,1.91743744432403
1705,19767,"s14","m3",-0.485540723990722,-0.524489907772816,-0.143738053164265,-0.229755697716507,0.0339016102160927,0.397429641869444,1.75811412020252
1706,19773,"s14","m3",-0.449125030258929,-0.393330920203698,-0.170502322764844,-0.102510960932941,-0.332311837437759,0.599388642991785,1.4692483417655
1707,19792,"s14","m3",-0.537806059972064,-0.486470995732637,-0.10315001696358,-0.230577148892551,-0.10657510242238,0.471606719645236,1.66054974199275
1708,19801,"s14","m3",-0.5131413579825,-0.436741541096789,-0.0362956156901824,-0.1231317101265,0.0484638548615923,0.550669477635404,1.63453063940389
1709,19806,"s14","m3",-0.505298797540217,-0.418234486565387,-0.28211641703034,-0.14238627937417,-0.516653650455515,0.500094839927399,1.55277615422274
1710,19827,"s14","m3",-0.463423534051248,-0.229234242946265,-0.0224330082024532,-0.0328933237743756,-0.164739691486821,0.571096148913987,1.08210220727094
1711,19856,"s14","m3",-0.438123806876748,-0.386989667249794,-0.0640176593543964,-0.138719527607857,-0.0427229179073589,0.464287095309294,1.48719426015439
1712,19877,"s14","m3",-0.399561152897242,-0.420593336588196,-0.00123522183244635,-0.0336934313384331,0.139022273627823,0.574974967499482,1.47904476687231
1713,19883,"s14","m3",-0.612929324698108,-0.355641305323031,-0.189772778979257,-0.0337914189767976,-0.241064590966702,0.611860680364054,1.59322076340175
1714,19893,"s14","m3",-0.405034752582261,-0.412549183732148,-0.191514954312034,-0.162634071522563,0.00693641880066844,0.427652768710937,1.4228546462384
1715,19894,"s14","m3",-0.378093211737294,-0.438695995771829,-0.0610919656746298,-0.0707503359532419,0.107220481624767,0.478439189003349,1.36605496433396
1716,19898,"s14","m3",-0.536005032615223,-0.407908221406975,-0.151799719522657,-0.123656101536095,-0.174587613530428,0.56781986536279,1.84648929228038
1717,19900,"s14","m3",-0.517592816107722,-0.339739421782633,-0.159394694285169,-0.0242417788210279,-0.291460279025404,0.549027641693819,1.47535567227793
1718,19909,"s14","m3",-0.441462882266636,-0.376146498887599,-0.0044589623621192,0.00585919677162031,0.129491075548764,0.574179523694434,1.3020241430951
1719,19912,"s14","m3",-0.623169240591267,-0.470699050242154,-0.248849926171037,-0.16861593237674,-0.725801939952883,0.536367750103797,1.77013557386652
1720,19941,"s14","m3",-0.536460098979355,-0.512905310385963,-0.150293599893556,-0.203999564488647,-0.0927231522373582,0.366226617122388,1.77372291482874
1721,19978,"s14","m3",-0.60483871370376,-0.446849269762785,-0.128813408874893,-0.106842147172719,-0.228225709657609,0.456892001308473,1.74071579120776
1722,19997,"s14","m3",-0.502860576146278,-0.549237285339899,-0.13324484643725,-0.152007332641907,-0.0642307680963704,0.391045505307729,1.60395690902559
1723,20007,"s14","m3",-0.474659441445522,-0.424780799229817,-0.0728296581627441,-0.110153753126908,-0.150360405455103,0.593054992092061,1.46500891693122
1724,20029,"s14","m3",-0.457091969735847,-0.431125419938108,-0.113306581926067,-0.085849817125336,-0.0697537210107975,0.559562841682286,1.326876313699
1725,20031,"s14","m3",-0.561333295406836,-0.50291151842634,-0.0699850766386444,-0.241876359215066,-0.100924781909586,0.443599985560344,1.75007138432002
1726,20034,"s14","m3",-0.527608196471338,-0.505152557311893,-0.16692249641606,-0.213740612501422,-0.190658044366094,0.338324978238362,1.86836211425589
1727,20039,"s14","m3",-0.501654216569544,-0.418457335720363,-0.141061299532357,-0.0714988706871029,-0.256822467888651,0.529382550603411,1.5892445267619
1728,20058,"s14","m3",-0.53651576493399,-0.348491399046296,-0.0667446550084329,-0.0164780341799696,-0.188466352971969,0.57981596139963,1.57707519659208
1729,20070,"s14","m3",-0.597846291164475,-0.338771824955097,-0.11565422792478,-0.0822270377096125,0.0359007788600277,0.575938418217616,1.48365541303927
1730,20080,"s14","m3",-0.410989814878964,-0.267823699033438,-0.0931891234225865,-0.0352014730446818,-0.0385201347887045,0.627584995390963,1.23690310856274
1731,20102,"s14","m3",-0.490076891523245,-0.378635601883268,-0.158231967570455,-0.06925840634646,-0.202440576043468,0.599136764119212,1.49505834891665
1732,20107,"s14","m3",-0.409511633548197,-0.420173365085103,-0.0969151245288958,-0.263942850064673,-0.244058285477182,0.41314880363914,1.42232181467693
1733,20111,"s14","m3",-0.490532453314645,-0.415108371012758,-0.0639574650539778,-0.0860812712563208,-0.0206695463401913,0.483524841224972,1.5008807259294
1734,20122,"s14","m3",-0.57574851389696,-0.367379192818568,-0.0927354703269057,-0.0644412034110339,-0.406055919370165,0.570974339303271,1.64544249571404
1735,20143,"s14","m3",-0.555685661983659,-0.339212015443153,-0.114594447915617,-0.00480349565569378,0.0505683365806339,0.601926086325374,1.51115580676827
1736,20150,"s14","m3",-0.592689670031448,-0.421754272584964,-0.0992913683922149,-0.210631288258587,-0.139857035729828,0.526078202587067,1.71454779255509
1737,20153,"s14","m3",-0.567403446926409,-0.458945497505929,-0.236705876178263,-0.22412068362153,-0.414542568126931,0.447573261933053,1.90195037720894
1738,20161,"s14","m3",-0.397630475019839,-0.375427926704995,-0.0643604901463759,-0.176338387267369,0.0121432002291816,0.552110757057025,1.38373838189567
1739,20163,"s14","m3",-0.591294438114,-0.417301145768023,-0.149263459094245,-0.162475922271785,-0.275555898371085,0.365240919354321,1.55266367622594
1740,20175,"s14","m3",-0.580922936873908,-0.47664497773376,-0.039194968900143,-0.134438741238802,-0.160952958607166,0.412846849420409,1.68568538223143
1741,20211,"s14","m3",-0.466674154887545,-0.475312696821956,-0.145628440691697,-0.19906693058917,-0.0678206009496982,0.46911283110475,1.76235946809508
1742,20227,"s14","m3",-0.457158260700251,-0.365097682286602,-0.0964950442597096,0.00943703266069436,-0.158013269268416,0.528576841781604,1.22202376136277
1743,20230,"s14","m3",-0.535235303655727,-0.442425023105369,-0.196715321710394,-0.205572688208416,-0.880895004035099,0.389111100699043,1.72117419739954
1744,20240,"s14","m3",-0.588619536498374,-0.547209614149029,-0.12903060096648,-0.210147836135525,-0.49472157225673,0.467126623022452,1.72317178547332
1745,20280,"s14","m3",-0.658235126149228,-0.457778847964812,-0.230210144580119,-0.139964641163562,-0.475595060090311,0.561662407670137,1.85226103181209
1746,20292,"s14","m3",-0.594958632919545,-0.564092859228637,-0.191430533715834,-0.15699600761589,-0.418197195762757,0.395993687419818,1.93698643871533
1747,20301,"s14","m3",-0.489416115247125,-0.507610229793831,-0.0592475799001343,-0.148720331228871,-0.0675040160509792,0.459219617454615,1.47808215416617
1748,20310,"s14","m3",-0.473854813219725,-0.335243576831709,-0.151196865947522,-0.161728300946944,0.00914151640630241,0.443938251838907,1.60988779349689
1749,20311,"s14","m3",-0.559129529614377,-0.447497336584652,-0.159541956836531,-0.152159387123161,-0.129584469461861,0.470026626108312,1.60503165695438
1750,20322,"s14","m3",-0.693724740919636,-0.507782845412345,-0.152765498424406,-0.179223369581381,-0.235484657904706,0.349340090614807,1.83345000069527
1751,20347,"s14","m3",-0.568563684425563,-0.451911881491417,-0.102282838273013,-0.139384214461192,-0.152527687529387,0.455246520904997,1.7508899294714
1752,20356,"s14","m3",-0.529155734090893,-0.344280424997523,-0.0204680025757193,-0.113302372325612,0.00259144632739769,0.611373699354412,1.59113632297558
1753,20363,"s14","m3",-0.633176845338623,-0.418628296809069,-0.268404335663723,-0.134993974767141,-0.535002954414024,0.519184030510235,1.79909319902799
1754,20366,"s14","m3",-0.531325126177501,-0.455608135296745,-0.0500267553636634,-0.188069786380768,-0.0200416418507331,0.486290831473638,1.78579724862597
1755,20377,"s14","m3",-0.516146110667701,-0.457098028118896,-0.0804127924432452,-0.0878833606305688,-0.090734282322653,0.596417048103762,1.46860516620709
1756,20396,"s14","m3",-0.527389299732217,-0.389389135531992,-0.103994194228437,-0.0868071701090196,-0.120212806278451,0.547258001053443,1.36226734537953
1757,20397,"s14","m3",-0.569964179874348,-0.492194713604267,-0.075357616592674,-0.148159928733436,-0.219591377322785,0.399616741732517,1.64894974406709
1758,20406,"s14","m3",-0.478177870010035,-0.457960804678063,-0.191247696609813,-0.141767747215773,-0.245612763347988,0.429666816848481,1.75366903419115
1759,20436,"s14","m3",-0.624288348935899,-0.592197444805367,-0.234410898783291,-0.20502891933132,-0.561226355611431,0.308662312920795,2.0400502259662
1760,20444,"s14","m3",-0.541331940605375,-0.547052608857174,-0.0307155641382635,-0.150438520124858,-0.221123694999445,0.435491535520312,1.66972993788071
1761,20445,"s14","m3",-0.533884137848101,-0.369113009159685,-0.153212288784965,-0.168517184593368,-0.761988707325948,0.520546855782021,1.61989828798976
1762,20453,"s14","m3",-0.529704042081608,-0.516167509573012,-0.158750787650636,-0.040131172101205,-0.27950190462308,0.48893893802142,1.79044040814055
1763,20456,"s14","m3",-0.562318020777933,-0.481067372749995,-0.120964064268186,-0.1761648763989,-0.38390305140595,0.309023389901364,1.59825523542805
1764,20464,"s14","m3",-0.522184445876011,-0.488684999734427,-0.0424749979574967,-0.189762246517021,-0.135660153305848,0.43716529849405,1.72671343503351
1765,20465,"s14","m3",-0.620656080511196,-0.570884521500141,-0.286412207128285,-0.248810573386361,-0.771678996191103,0.381033968089906,1.90665331086382
1766,20499,"s14","m3",-0.596128634626752,-0.433452511506014,-0.164465828443783,-0.166508696479521,-0.169576606052664,0.398104638800793,1.72948609627794
1767,20503,"s14","m3",-0.538180386805195,-0.456264628330341,-0.133128746860661,-0.195889085948093,0.0916206343391316,0.459554847197495,1.67815107536275
1768,20509,"s14","m3",-0.652957102039652,-0.539284296696678,-0.336317169797602,-0.192922460929151,-0.100060537881044,0.404472679499242,1.86496277212007
1769,20511,"s14","m3",-0.472333616230669,-0.365713813589832,-0.194322703660706,-0.13060878632424,-0.197054896289988,0.556554415835964,1.58390568554586
1770,20534,"s14","m3",-0.505821219020315,-0.54605569437967,-0.154963880094605,-0.247697068469634,-0.00383527731624213,0.407345128165231,1.77214645030583
1771,20569,"s14","m3",-0.441964514622137,-0.400892529049726,-0.142638179629011,-0.110611964217709,-0.123320802041206,0.60989172235201,1.10881873771312
1772,20587,"s14","m3",-0.610806487020752,-0.425843180936546,-0.118685631022851,-0.0579674066519332,-0.15261551520442,0.615986819268317,1.6994826712239
1773,20590,"s14","m3",-0.542380136213667,-0.44871243129172,-0.138769864178749,-0.105694469568606,-0.327855971968824,0.441657342348905,1.42637716252006
1774,20604,"s14","m3",-0.493451778938233,-0.450834772394138,-0.263183739243088,-0.0713035783773791,-0.353977704515713,0.56329222511917,1.37492915975134
1775,20609,"s14","m3",-0.596208425717553,-0.531130896900532,-0.195104560176613,-0.255209732673374,-0.188714695074426,0.405195666892917,1.85272003330673
1776,20615,"s14","m3",-0.484568938428208,-0.373923108724258,-0.143006969195541,-0.114376326633684,-0.170448034676773,0.563313228745041,1.29156560521121
1777,20624,"s14","m3",-0.633010274124097,-0.465180974738682,-0.105704131603985,-0.199880767056569,-0.135194048885611,0.456533628163666,1.77823576487642
1778,20630,"s14","m3",-0.384163636168149,-0.322918361271976,-0.0920107092180608,-0.0249606188519122,-0.139348104705662,0.624210656605329,1.22239536626462
1779,20631,"s14","m3",-0.438924354839409,-0.424491690042418,-0.120922366088082,-0.140603027280163,-0.0656832908191547,0.552219956154011,1.43321138248902
1780,20633,"s14","m3",-0.425849541293284,-0.463548061703042,-0.120701327737932,-0.053454456854135,-0.0397344343719557,0.638222930777257,1.7503687239183
1781,20643,"s14","m3",-0.501198452575377,-0.458411431099912,-0.234807687768073,-0.139538535047613,-0.124455491789594,0.368522234874698,1.61091076959566
1782,20701,"s14","m3",-0.666345246830768,-0.481541147927589,-0.189783923856112,-0.184207954516589,-0.354994416230394,0.394861181425707,2.08326922413507
1783,20708,"s14","m3",-0.443789108532322,-0.369475565570391,-0.0523571665055477,-0.0863071356052254,-0.0351736327853023,0.527809989619564,1.14620068145541
1784,20718,"s14","m3",-0.569374751329492,-0.448434012144695,-0.229351796999498,-0.105795026095485,-0.42738353172376,0.454223051950524,1.84021854504156
1785,20728,"s14","m3",-0.572661385127262,-0.401568799648359,-0.0901573270528117,-0.146604293562726,-0.248279157554512,0.454190063165339,1.68863552912624
1786,20734,"s14","m3",-0.637056674466075,-0.544435089694912,-0.314793351359221,-0.302098220947871,-1.08962380914399,0.386650915018966,1.96747806548645
1787,20740,"s14","m3",-0.442034887645307,-0.491837221938295,-0.223071909270624,-0.0675597437874864,-0.250672011774088,0.419728995492935,1.79655057617705
1788,20746,"s14","m3",-0.638120479213545,-0.521636671137487,-0.163315226460719,-0.208156013203457,-0.332311919992631,0.358676437154471,1.94733113699909
1789,20754,"s14","m3",-0.613886544047951,-0.45737174945001,-0.0759556986662711,-0.143884108029711,-0.00407516433502462,0.538457681868296,1.9081779515328
1790,20770,"s14","m3",-0.583144226452144,-0.561365311289055,-0.134212302890631,-0.190775781196299,-0.169693298278294,0.260421806896843,1.77670389312014
1791,20771,"s14","m3",-0.495717530725735,-0.489571533925094,-0.107178523307967,-0.194253241421068,-0.314255910089676,0.398229860601358,1.89103573720675
1792,20809,"s14","m3",-0.441460089420004,-0.391158032057968,-0.112726057046469,-0.013946119015291,0.01207468415819,0.514191709557275,1.5548699401457
1793,20811,"s14","m3",-0.506251828910316,-0.324391032694657,-0.132847090672422,-0.128022390210203,-0.277803976112344,0.518173096716435,1.33779337256516
1794,20817,"s14","m3",-0.507886791028162,-0.471353012347389,-0.0328773317974228,-0.270958892629087,-0.0755853574631272,0.38118304432219,1.60635977045874
1795,20819,"s14","m3",-0.561303581936538,-0.388125707365526,-0.151943520102358,-0.0645553729931064,-0.488562454512368,0.594788909159669,1.61338046770748
1796,20828,"s14","m3",-0.521663777402341,-0.484915410551532,-0.1177273882915,-0.171046700391488,0.0624798791378874,0.559691545787386,1.64765270301192
1797,20834,"s14","m3",-0.550277276697974,-0.413336487915205,-0.135434397866907,-0.14042898453144,-0.216827865766725,0.439588939847394,1.46665815601091
1798,20870,"s14","m3",-0.50775204536082,-0.489108469673257,-0.219573015941823,-0.0908830095797311,-0.384375820504219,0.482257502794294,1.6848199835646
1799,20886,"s14","m3",-0.58770421633793,-0.537875347882221,-0.260996512549355,-0.206792709863227,-0.263380880082154,0.437247783539354,1.90804538710541
1800,20889,"s14","m3",-0.55625206418475,-0.446447437720713,-0.152320271091346,-0.162091953481657,-0.209342262770147,0.445241445172729,1.81086963218873
1801,20926,"s14","m3",-0.533783782143569,-0.473326551944453,-0.255961477575487,-0.198047985538739,-0.343705204058832,0.491523610012067,1.78747187797581
1802,20937,"s14","m3",-0.620711634540845,-0.437047034636943,-0.292789007787114,-0.165404072051624,-0.32168682307787,0.474943591823109,1.62852995240743
1803,20941,"s14","m3",-0.501686200254558,-0.383615480249838,-0.131675985154493,-0.0263499246876765,-0.209064769108583,0.59883401639927,1.32469810362697
1804,20947,"s14","m3",-0.381952192343233,-0.483729483252736,-0.0790068653460001,-0.142944194591142,0.209638426979609,0.442306190352412,1.50562585110008
1805,20964,"s14","m3",-0.49440126731611,-0.398491515538396,-0.177908217577506,-0.150840883262658,-0.63799070174454,0.568896583907909,1.52371578602614
1806,20970,"s14","m3",-0.503459305292288,-0.413631483426726,-0.195262714492511,-0.167825864261468,-0.0622484555742916,0.449156777383962,1.5329164785179
1807,21018,"s14","m3",-0.487048825553283,-0.41874658038571,-0.125315392718637,-0.116164043487555,-0.373131160539428,0.602909088758874,1.49270666085858
1808,21021,"s14","m3",-0.584792044836611,-0.471412405473657,-0.164270846489712,-0.102792465767978,-0.23891316780249,0.45025742753853,1.46444993113025
1809,21038,"s14","m3",-0.43117102467748,-0.286031488705242,0.0134806872559076,0.0134590484358401,-0.106300422091551,0.627408482335594,1.01679264515688
1810,21050,"s14","m3",-0.436393364502715,-0.486560658734715,-0.061912288371867,-0.20002600892253,0.0246816116547611,0.413089909795813,1.63079329907441
1811,21052,"s14","m3",-0.552252440222769,-0.51500564612624,-0.201992652989101,-0.224000118128139,-0.369532021089044,0.467699067043336,2.0464328571528
1812,21057,"s14","m3",-0.531152335110469,-0.367774540759265,-0.0409831836982128,-0.0881094269187265,-0.213989027521441,0.450108564647287,1.32487197842211
1813,21083,"s14","m3",-0.417889756787574,-0.30409180752006,-0.00465392090544567,-0.0366035555616021,0.0961581038117944,0.5342362534636,1.19870177355616
1814,21090,"s14","m3",-0.398998560101373,-0.40058197168205,-0.0970178790278526,-0.161698393049229,-0.159283842015112,0.543530790287515,1.48087311350035
1815,21091,"s14","m3",-0.527878347936922,-0.451331782846028,-0.0996245732799772,-0.14488760899483,0.0459360341790624,0.474623558700678,1.61062865838889
1816,21097,"s14","m3",-0.354964827698602,-0.399639907325442,-0.0931473316745802,-0.10598200921955,-0.163198854744219,0.47651582709038,1.28931786679338
1817,21105,"s14","m3",-0.50366215962636,-0.413811831033181,-0.183670506012223,-0.242771174238293,-0.337387326553775,0.317250582654131,1.72551445142102
1818,21143,"s14","m3",-0.494397173668441,-0.299170732351572,-0.00501318548552116,-0.100404241978882,-0.0568509474918527,0.550290774597566,1.21296503292929
1819,21161,"s14","m3",-0.479310465670094,-0.372822158855885,-0.138669899025987,-0.0608761274965193,-0.0608709301595182,0.484542547456243,1.32839135286815
1820,21178,"s14","m3",-0.486928860031203,-0.430135381372281,-0.11760451486406,-0.0839933854671314,-0.242947902936484,0.408650439641542,1.5985720680435
1821,21182,"s14","m3",-0.494419471289597,-0.374258220237316,-0.143308134131528,-0.0138701312598274,-0.0696385473088666,0.584457431060717,1.32666298415256
1822,21185,"s14","m3",-0.708165334661712,-0.542599833356304,-0.209766243698673,-0.176364202026371,-0.286510340776578,0.395098312322893,2.07079231400276
1823,21217,"s14","m3",-0.519479107481976,-0.426953734605604,-0.224024196322223,-0.22211335048457,-0.500763718038785,0.481075533575698,1.86101792929063
1824,21222,"s14","m3",-0.471233678519068,-0.343536638809892,-0.039397223595778,-0.0590161258721371,-0.138127987751324,0.582012243781629,1.06390501653976
1825,21233,"s14","m3",-0.51320778369831,-0.395093522414022,-0.125397177601585,-0.0894862910530091,-0.0976307958839213,0.592013171190601,1.48987041060098
1826,21246,"s14","m3",-0.504541181633249,-0.554517234738171,-0.146153221059637,-0.142887692324947,-0.406533840478749,0.470726857505301,1.77176834975032
1827,21267,"s14","m3",-0.587046028725285,-0.47803878071964,-0.104240429785385,-0.188031233830017,-0.130438743643859,0.381673083936266,1.48489972357051
1828,21269,"s14","m3",-0.583551189223634,-0.467573025631871,-0.14961330718372,-0.119293264108504,-0.483495935512646,0.536168170849201,1.71814945875151
1829,21284,"s14","m3",-0.471409472644689,-0.431293010945626,-0.0426192079518369,-0.134693139299598,-0.147393820431778,0.465764327832336,1.59559939568693
1830,21286,"s14","m3",-0.70031794154259,-0.507822460171806,-0.146880530299138,-0.165415759071765,-0.14410617023968,0.544566762462445,1.88646630239395
1831,21288,"s14","m3",-0.41670825186812,-0.378020228153437,-0.126406859364686,-0.00970380179883642,-0.00857195419680078,0.532604847492935,1.25873509185323
1832,21293,"s14","m3",-0.537565264821563,-0.43775747989579,-0.00962872692309438,-0.111689531402098,0.0726632253698649,0.501305260471327,1.37569405482448
1833,21311,"s14","m3",-0.593452860249835,-0.521420385238931,-0.135664404795205,-0.191885015838946,-0.12928479228576,0.501266852609751,1.98559022845454
1834,21312,"s14","m3",-0.486309285376827,-0.338545662428711,-0.0755559691039016,-0.171383512214483,0.0311402930756055,0.341797573520085,1.35155131107046
1835,21315,"s14","m3",-0.539606681573508,-0.497841685350012,-0.16979020000214,-0.219875514748568,-0.372976895648963,0.473996485645973,1.68989100534278
1836,21321,"s14","m3",-0.543091651390856,-0.40378115870548,-0.160175986199107,-0.188227393260265,-0.0907067450562758,0.517173515085608,1.73792911970273
1837,21347,"s14","m3",-0.465265094886916,-0.470741378232064,-0.0864385889479426,-0.15746843420023,-0.152573838047432,0.515526943997862,1.58361981252747
1838,21350,"s14","m3",-0.529498876050696,-0.383339214649094,-0.136639494312537,-0.139871467696909,-0.168897976604038,0.489147912330536,1.55268467156285
1839,21351,"s14","m3",-0.535616538957084,-0.376270640296603,-0.0790964466991288,-0.110323224921297,-0.356296152029181,0.464960858063299,1.54659397644201
1840,21360,"s14","m3",-0.510125902553242,-0.284786779973934,-0.0575791473383128,-0.0426162551624707,-0.154849196867058,0.593359926837284,1.1731555951754
1841,21361,"s14","m3",-0.406375284813715,-0.397652472423593,-0.0196518293233668,-0.182672403747313,0.241882345331766,0.388602195078392,1.42838049393061
1842,21376,"s14","m3",-0.579353860957641,-0.470037757553605,-0.200706531778324,-0.244702497943033,-0.736403673289624,0.398418158625007,1.80148955971014
1843,21377,"s14","m3",-0.530474650671082,-0.390781304663109,-0.109826957597734,-0.0670774629039924,-0.0355394763040522,0.494834797542693,1.50719677155951
1844,21382,"s14","m3",-0.511468587375868,-0.382778800636932,-0.147498157419609,-0.122012308955256,-0.208878725839198,0.610982079396711,1.63427862523917
1845,21404,"s14","m3",-0.445299381955115,-0.374441524192557,-0.0399649965052762,-0.00153282747921193,-0.136431424489269,0.608847779859928,1.40718461333629
1846,21410,"s14","m3",-0.563581684305276,-0.487336608392889,-0.113857012645443,-0.181324408754143,-0.228530798130267,0.45865963057518,1.80048989562738
1847,21413,"s14","m3",-0.627365483617609,-0.497953823811304,-0.109068828300988,-0.201796129937614,-0.17882444218422,0.364284123455295,1.66790576022265
1848,21419,"s14","m3",-0.580148515754353,-0.416938676765001,-0.218102374517244,-0.0716795570477213,-0.437596250426802,0.563604564169597,1.74350659427587
1849,21443,"s14","m3",-0.534025408689996,-0.408382268357872,-0.11825628918975,-0.0596630185352464,-0.0807397941357216,0.583425639587072,1.71974960989352
1850,21457,"s14","m3",-0.572680766355295,-0.519930949496229,-0.184875648718687,-0.132153183119915,-0.213336595930823,0.520521557165417,1.75174334116093
1851,21467,"s14","m3",-0.463945650652562,-0.490078750084825,-0.078003522814345,-0.0897224809983587,-0.393712612527291,0.508770823967472,1.55232428322281
1852,21509,"s14","m3",-0.529112280512508,-0.494243045416548,-0.195551969872209,-0.168844114063955,-0.474999161905514,0.469951558435316,1.75512536747413
1853,21519,"s14","m3",-0.390610958302477,-0.28807470322165,-0.0551556579961068,-0.00805664715906693,-0.289372679728927,0.573370076262849,1.2403797282434
1854,21541,"s14","m3",-0.582383013370347,-0.387922564595766,-0.174813444017465,-0.11014453149276,-0.281929896462874,0.517531742045828,1.53148091174106
1855,21565,"s14","m3",-0.532387658029915,-0.406109543793385,-0.0364104496879674,-0.100190548766554,0.0074474556896132,0.514863766771952,1.44752551857775
1856,21570,"s14","m3",-0.536624756538235,-0.542134966819926,-0.199771360308377,-0.193655603027828,-0.55670118020109,0.331280904508994,1.88568826203035
1857,21580,"s14","m3",-0.470209048307775,-0.457609788329562,-0.16793499698458,-0.0311583627173642,-0.237109543210466,0.544334211201801,1.57503501757433
1858,21582,"s14","m3",-0.566191640259205,-0.47034023967748,-0.0935656406058028,-0.189736721400718,-0.256175671280366,0.498026344975322,1.67654257591059
1859,21585,"s14","m3",-0.609464645398121,-0.503491739418672,-0.0771252562539927,-0.132097453149569,-0.0816162033529761,0.338049840532072,1.84747733901061
1860,21606,"s14","m3",-0.502270792027059,-0.42074303949998,-0.142938568636069,-0.121655873110923,-0.0901648703405934,0.499760780708037,1.60925968306092
1861,21615,"s14","m3",-0.504765024483972,-0.58062569478886,-0.129400164780454,-0.258294009360461,-0.132552751667399,0.280395733733734,1.86408677635884
1862,21625,"s14","m3",-0.629237088395454,-0.405334520722799,-0.150794102321622,-0.16081252256017,-0.215449684146482,0.411454436611675,1.73365345012792
1863,21632,"s14","m3",-0.615042148778319,-0.589076719768299,-0.192209524457187,-0.266208865586535,-0.262636910687737,0.421176322202126,2.05713028968254
1864,21634,"s14","m3",-0.547944997146752,-0.498121976851577,-0.181541997170895,-0.174272124590303,-0.331440600031267,0.518526738800547,1.79142340891683
1865,21650,"s14","m3",-0.549892656601671,-0.488768875476733,-0.224910460028641,-0.0929554018943202,-0.568310982643454,0.35070142909327,1.48624122400559
1866,21651,"s14","m3",-0.529509502429291,-0.407505206674566,-0.153264389495444,-0.163888907931953,-0.31631405687397,0.479129629741647,1.48847878029923
1867,21674,"s14","m3",-0.419109204204218,-0.473400428850491,-0.00565166693012882,-0.138258583799587,0.122645341364155,0.44445957916198,1.46610313083222
1868,21689,"s14","m3",-0.491326454177366,-0.412662214296239,0.0329813056302551,-0.0404584131752472,-0.00611146090331746,0.533088832425027,1.35390083123613
1869,21707,"s14","m3",-0.586136306599159,-0.575975013927462,-0.1793764939792,-0.318577178339077,-0.112399101921127,0.375541992857364,2.04289241844242
1870,21733,"s14","m3",-0.537074456908093,-0.566637184015129,-0.184156587818914,-0.212018008251762,-0.135961723792678,0.420223204152349,1.93904719617271
1871,21741,"s14","m3",-0.546754952768083,-0.521889201109183,-0.110058862432783,-0.204347050453186,-0.121303292789096,0.454470272223259,1.67773888699804
1872,21750,"s14","m3",-0.56027737464788,-0.441135740442418,-0.216225516312268,-0.0587002409439555,-0.422212968006779,0.552243961437753,1.36485487260206
1873,21755,"s14","m3",-0.454355539383649,-0.424547536157216,-0.103050385630254,-0.103604917520547,-0.150772405871005,0.53999084621766,1.50989063704116
1874,21764,"s14","m3",-0.466131149846375,-0.453168528342818,-0.0630274276447176,-0.127436043443546,-0.00843586951099983,0.328344019063372,1.51919509192422
1875,21771,"s14","m3",-0.45501500761523,-0.341263754878733,-0.0721128618831827,-0.0142964501303782,-0.118432948616377,0.656059739947425,1.41232690026341
1876,21779,"s14","m3",-0.448286528438135,-0.29862778786253,-0.0301888920810522,-0.00950740080830545,-0.0191200184712846,0.608436041603069,1.18461962544262
1877,21800,"s14","m3",-0.540220067793437,-0.462845216508339,-0.227315095130094,-0.0861489260530135,-0.205415042855891,0.517500162686534,1.77316259545777
1878,21803,"s14","m3",-0.495846311413195,-0.430776760928776,-0.189806976553031,-0.0975598164257444,-0.345431587681659,0.516137869220553,1.65792687355208
1879,21808,"s14","m3",-0.578683420776126,-0.60013743273182,-0.222043545556525,-0.262470545641763,-0.244720364258278,0.334540061033188,1.7932075947608
1880,21829,"s14","m3",-0.480298985565124,-0.418701203466461,-0.0953965299678486,-0.14424349373556,0.22905772526362,0.516336653120859,1.38331669331319
1881,21833,"s14","m3",-0.511957380265314,-0.45726967877487,-0.184021851601903,-0.157336960108444,-0.144254132989167,0.443033475782633,1.56293277444565
1882,21834,"s14","m3",-0.572526275284792,-0.456039124923878,-0.0814541935292996,-0.169356443247493,-0.22714255356539,0.479450520700091,1.73915071090705
1883,21842,"s14","m3",-0.400002333520103,-0.442088984041977,-0.105245982404722,-0.104913807491585,0.0713685248985049,0.525343784667109,1.57066613161426
1884,21846,"s14","m3",-0.603133167783939,-0.457295948927557,-0.171144309357383,-0.233588707332313,-0.289345491726585,0.426763330491703,1.81109508647973
1885,21851,"s14","m3",-0.501303118207494,-0.335436371823858,-0.123674645801085,-0.0789692441569053,-0.0741906503076002,0.54927544245856,1.54686745476354
1886,21860,"s14","m3",-0.465269796057103,-0.393137072539322,-0.06716352159355,-0.0139208803702441,-0.190621938024528,0.594722865200797,1.43488832353533
1887,21903,"s14","m3",-0.47654948289783,-0.411195806734377,-0.143746073100422,-0.067039969875025,-0.0370674039354028,0.602766871611615,1.6082392183827
1888,21945,"s14","m3",-0.45528103992842,-0.445119207468322,-0.0468619323588019,-0.206456948436989,-0.11984822859596,0.406640197476149,1.44778533953836
1889,21954,"s14","m3",-0.477077430570622,-0.431475339953385,-0.136830295346038,-0.109371014353422,-0.404782072022698,0.491254519940563,1.56335662105255
1890,21961,"s14","m3",-0.581303667378712,-0.404572137256161,-0.0989519692711751,-0.0557907755481803,-0.351501744085267,0.611915622893826,1.63980034880248
1891,21966,"s14","m3",-0.521485971878138,-0.495902021933852,-0.113204226936723,-0.202350925938738,-0.190088635456167,0.35707417846339,1.68861082936424
1892,21971,"s14","m3",-0.574856899389943,-0.41445691176933,-0.153476678900743,-0.0911708551637628,-0.44994300768489,0.59147666134953,1.55283384869221
1893,21973,"s14","m3",-0.649597149635358,-0.517155134048992,-0.129916674823957,-0.197335642749356,-0.287937342224728,0.3898876255068,1.79854280239001
1894,22024,"s14","m3",-0.471917911646983,-0.478120021454364,-0.0909960720075036,-0.0730790582629633,-0.128327421668202,0.405014693060744,1.61042513670582
1895,22027,"s14","m3",-0.475061303132836,-0.337604292566187,-0.182751059370078,-0.0795103029632792,-0.173506655310777,0.586377490616984,1.6979589448853
1896,22039,"s14","m3",-0.497993253102969,-0.473611555505366,-0.260424551401931,-0.138552070128017,-0.610165084026102,0.438296862054423,1.77670178902783
1897,22043,"s14","m3",-0.50115720971111,-0.307048420004198,-0.0939161869832691,-0.11900930924135,0.0429588004998341,0.541300594629577,1.30409749034728
1898,22049,"s14","m3",-0.399977802098362,-0.375891312634,-0.048600740737878,-0.0731553823818932,-0.0628341132329654,0.52629467743388,1.38417419300029
1899,22073,"s14","m3",-0.514110643027218,-0.442251615526949,-0.129209474162757,-0.079176484672542,-0.258531830068187,0.45938261214565,1.53614502075828
1900,22095,"s14","m3",-0.589767988612592,-0.453162423674941,-0.0907146055654052,-0.0456626315670387,-0.271925027633662,0.534477943442553,1.49325088383195
1901,22097,"s14","m3",-0.40310950297699,-0.355780941728013,-0.0939644869820711,-0.0392580077792939,-0.0823334923649108,0.527920924592372,1.39295034229687
1902,22109,"s14","m3",-0.623186154348306,-0.406367771137771,-0.214569560191886,-0.102220863761117,-0.0245845181070432,0.561797092835153,1.6819775156952
1903,22121,"s14","m3",-0.426283931665438,-0.49162791765595,-0.0670318900761546,-0.146667650165189,0.144023743205955,0.54965174738801,1.78077927676835
1904,22142,"s14","m3",-0.540816398682556,-0.350108731383131,-0.13692425347857,-0.146815825346464,-0.268575949296127,0.474187975233672,1.67392796066251
1905,22151,"s14","m3",-0.62124288460858,-0.479058011902008,-0.261855466599799,-0.121112395332919,-0.380089325905135,0.52750595347168,1.80942617236541
1906,22155,"s14","m3",-0.478329956749698,-0.442610046768713,-0.106834604454725,-0.169390312720665,-0.241191263599173,0.494521142045204,1.58858603756824
1907,22167,"s14","m3",-0.539384117545768,-0.443241938137414,-0.166743176064858,-0.154289113691494,-0.230995562400727,0.473034309097928,1.74364242377146
1908,22173,"s14","m3",-0.462918481797249,-0.466375487671269,-0.156588519931734,-0.0319614920611495,-0.290317830042459,0.520361155418295,1.54512382087245
1909,22182,"s14","m3",-0.494047467189004,-0.462689281950492,-0.153597522283966,-0.114720512485856,-0.196956699392481,0.512009184978754,1.64686462679496
1910,22186,"s14","m3",-0.581948145659047,-0.442035996474211,-0.0137130286345389,-0.151297265499102,0.0188122666461412,0.503880810875724,1.98937542401246
1911,22202,"s14","m3",-0.467748177102903,-0.474013566806337,-0.0709151821808658,-0.169157371108454,-0.0905090209338612,0.371708681968005,1.41822630097385
1912,22218,"s14","m3",-0.51549694027926,-0.455639143415687,-0.0866470900394834,-0.178714958421729,-0.00653355510516846,0.433001373517939,1.46823843838273
1913,22235,"s14","m3",-0.512263697500421,-0.468572138135165,-0.159843488218257,-0.0866193263592862,-0.240138337471093,0.623948571359586,1.50459526592617
1914,22254,"s14","m3",-0.554194118418417,-0.453632562294345,-0.136521184743565,-0.0407260637060853,-0.119560814729877,0.570022145215894,1.7714376147566
1915,22256,"s14","m3",-0.624504484205416,-0.460287494444475,-0.189057637258081,-0.156929940660092,-0.625261059221737,0.456722040593917,1.84208744551705
1916,22268,"s14","m3",-0.389958467008293,-0.281649825452022,-0.125698948013993,0.00256575574000725,-0.332015060276565,0.625737064957826,1.0979076138702
1917,22282,"s14","m3",-0.583274940991517,-0.395566524803393,-0.0792571014231742,-0.207983375802683,-0.382124734697316,0.446785404772739,1.46532181996602
1918,22302,"s14","m3",-0.411560555542539,-0.334942339846775,-0.155759314727589,-0.137401278246599,-0.295521152244928,0.480671494695939,1.44602397204166
1919,22303,"s14","m3",-0.49420468702766,-0.447133058700311,-0.179620671459121,-0.0639720062323244,-0.236899046629532,0.519519061820393,1.55948015642651
1920,22321,"s14","m3",-0.59700441208271,-0.472703888624011,-0.197258579037194,-0.244531385647377,-0.654735840683832,0.525164119854633,1.78009479188905
1921,22329,"s14","m3",-0.346608497104602,-0.347020562301925,-0.0866819236161122,-0.077029448342557,0.0589475526278492,0.527744850191508,1.23447565615331
1922,22364,"s14","m3",-0.643009627530781,-0.633962982667461,-0.118079041310715,-0.2767267328826,-0.469282587087948,0.285998219640528,1.84827664010446
1923,22378,"s14","m3",-0.358742929271925,-0.328455961297629,-0.0200862473479755,0.00017034536104512,0.101425740297999,0.644377004161766,1.31177742348423
1924,22403,"s14","m3",-0.556585870285099,-0.345852757305455,-0.0875019722288877,-0.0494692355008139,-0.239677179972871,0.563622436995339,1.39522614665603
1925,22415,"s14","m3",-0.527324323678878,-0.483909706436188,-0.135908474265837,-0.124215692706673,-0.125708986925464,0.472342133593235,1.58279395142691
1926,22439,"s14","m3",-0.388051043453269,-0.34961125298566,-0.0468118188224777,0.029876416773717,0.158177754968824,0.652086555503465,1.2181683517639
1927,22461,"s14","m3",-0.563761667110585,-0.455842715221902,-0.13391027455429,-0.184279115358434,-0.235823361795398,0.384578960540638,1.6044603318826
1928,22467,"s14","m3",-0.619271951092027,-0.28377884699479,-0.307146276523983,0.031275283422699,-0.658444994049681,0.638597654870109,1.53250641097556
1929,22495,"s14","m3",-0.563883779709191,-0.480536501043457,-0.183465143217281,-0.226378655475076,-0.389951687607575,0.453307039506812,1.76948074777319
1930,22507,"s14","m3",-0.552767481207832,-0.523634541970071,-0.163592752533175,-0.174002480587879,-0.489180434504273,0.455762254886579,1.70777348104602
1931,22525,"s14","m3",-0.537747464729748,-0.367157075063583,-0.0460461446217341,-0.112267147652796,-0.151572902509982,0.429342211820533,1.41329505612902
1932,22533,"s14","m3",-0.688366558233044,-0.539214195060303,-0.23848238210731,-0.154403804718925,-0.48737791715812,0.390135896230528,2.04243282801964
1933,22537,"s14","m3",-0.592082938252909,-0.467785088980652,-0.236428401180697,-0.187259844253684,-0.389566582785513,0.473475686011028,1.51184892269505
1934,22570,"s14","m3",-0.562362039130038,-0.379649506671462,-0.144942658905838,-0.178623457961047,-0.397635518353325,0.405156405626978,1.66440315851376
1935,22580,"s14","m3",-0.376454393998659,-0.373411321471914,-0.0642666607125982,-0.0826671111149992,-0.163328365493112,0.585895795162253,1.4402911002281
1936,22594,"s14","m3",-0.491134999830339,-0.501668590650214,-0.30590023865711,-0.151332954624842,-0.268083432605443,0.404718417167747,1.8490392591965
1937,22603,"s14","m3",-0.514219006737912,-0.357691820430918,-0.198217304110361,-0.0718737880838912,0.0524474553167056,0.579426148861313,1.6383942192278
1938,22604,"s14","m3",-0.444892738034043,-0.380132663250528,-0.155309674196018,-0.0436332670086749,-0.0540432654616576,0.624376677793343,1.29464325930431
1939,22628,"s14","m3",-0.569095915291443,-0.429936942378134,-0.12719403570419,-0.125341899624178,-0.372294882206515,0.515335877023458,1.82836180190958
1940,22639,"s14","m3",-0.469710310537516,-0.357464927256495,-0.00815156313895784,-0.048935860799072,0.0108009360357588,0.558305674562895,1.25876144695885
1941,22643,"s14","m3",-0.740277571662779,-0.504625436020479,-0.227349525580549,-0.122750758453287,-0.83285420823715,0.487500256416709,2.01876048550357
1942,22679,"s14","m3",-0.500962026060418,-0.399392527159677,-0.210973103570074,-0.218818398944599,-0.494627408131866,0.514741206943126,1.58629124335704
1943,22682,"s14","m3",-0.608425547427825,-0.48872275258794,-0.106022249222214,-0.146162714193055,-0.248234300491312,0.571980539149641,1.92059458764884
1944,22685,"s14","m3",-0.621664589051274,-0.527924916484249,-0.145920211667293,-0.122356728172079,-0.30327825173312,0.402891803557655,1.79752769434445
1945,22686,"s14","m3",-0.505762200754775,-0.522920305544612,-0.136083968490424,-0.208968601827911,-0.238624498746199,0.385139532131936,1.94185800245552
1946,22698,"s14","m3",-0.648378553087551,-0.531850845528449,-0.233796101845072,-0.250820048404518,-0.332942388836735,0.314110571637733,2.12802561079931
1947,22709,"s14","m3",-0.381456658582481,-0.434397995646891,-0.0852973588719712,-0.163735346310411,-0.0737464773660537,0.458372882338283,1.48622455493701
1948,22716,"s14","m3",-0.542479406238084,-0.337040690894752,-0.0952602870751666,-0.150095686274573,-0.296455611056334,0.52035818909207,1.58502585972254
1949,22724,"s14","m3",-0.534607861566436,-0.561116716015293,-0.0773636217856688,-0.127889041520917,-0.257104251655108,0.44778294802861,1.75678485041414
1950,22763,"s14","m3",-0.416478656561304,-0.331212458006778,-0.0697564343800587,-0.130512699902646,0.0467698310031442,0.472878007815897,1.6184922295394
1951,22765,"s14","m3",-0.573181140154197,-0.425391289518994,-0.15470675390271,-0.0842634741479543,-0.195281758782029,0.524572175369015,1.56169500681898
1952,22768,"s14","m3",-0.569946038195342,-0.498903094970108,-0.185012280874564,-0.113589315829717,-0.220673311263162,0.55612685093631,1.80830455612601
1953,22792,"s14","m3",-0.447462236338977,-0.356684873405876,-0.0257909050750136,-0.116322701548825,-0.0690517267586282,0.449853068012681,1.26949654080588
1954,22793,"s14","m3",-0.488543366084716,-0.5752016720905,-0.179669438827502,-0.125425624593692,-0.259413981579878,0.321975102605126,1.85833933275372
1955,22804,"s14","m3",-0.643466256345869,-0.559364229972092,-0.212762295122071,-0.116593610602907,-0.397461577484396,0.344223283695164,1.97877372576746
1956,22812,"s14","m3",-0.535931261093957,-0.379556591094074,-0.156817364434336,-0.116701289484666,-0.136570396650377,0.513165817064656,1.57072969816122
1957,22830,"s14","m3",-0.595739998606847,-0.450627001355961,-0.177478805224845,-0.194405770208451,-0.478270658224659,0.402980298065022,1.78835115741085
1958,22841,"s14","m3",-0.406996151147695,-0.411560917006386,-0.0658945907020391,-0.0860067095231983,-0.0337655370873114,0.480078751378881,1.53508215926225
1959,22850,"s14","m3",-0.638056445428638,-0.535728805673764,-0.321761319434658,-0.181451448873142,-0.39125276311275,0.492638339757967,2.08207705027818
1960,22863,"s14","m3",-0.536704612781032,-0.503786794860465,-0.0730358145245809,-0.168514157648804,-0.159523002493831,0.325539302857676,1.54587289582785
1961,22876,"s14","m3",-0.611552062670751,-0.475312010258081,-0.239755228123436,-0.144185000049499,-0.70139418533402,0.494626332225742,1.62213455167744
1962,22881,"s14","m3",-0.612738776708188,-0.454944366280042,-0.166459331390696,-0.235176487278445,-0.507138211645489,0.465964667610468,1.84120245636675
1963,22883,"s14","m3",-0.500485249064595,-0.485108220367896,-0.117541505924473,-0.136328834099032,-0.0632568992318956,0.382392920412419,1.73957651155909
1964,22887,"s14","m3",-0.526486870410199,-0.434001114174017,-0.104338867031649,-0.104666701050576,-0.242691221320852,0.423887696311974,1.56652352758477
1965,22924,"s14","m3",-0.652056681250682,-0.543208802057418,-0.256108781412201,-0.205046900547356,-0.428560303247175,0.429786685745901,1.94820095539095
1966,22939,"s14","m3",-0.537185349532744,-0.385254478474792,-0.124682162309008,-0.12592888777059,-0.20664209931647,0.580968915495185,1.48412332687482
1967,22956,"s14","m3",-0.575936166454458,-0.497087321941501,-0.144737456102814,-0.169658959247388,-0.108047615751645,0.418661529947889,1.58607350348241
1968,22961,"s14","m3",-0.61429579328141,-0.550536449125348,-0.195814197650339,-0.227346041476873,-0.590129254799447,0.268065687719525,1.89690455376349
1969,22999,"s14","m3",-0.468890695157261,-0.304097928738162,-0.140189875940134,-0.0927057331087353,-0.309935736313168,0.461787662367795,1.27598024452538
1970,23010,"s14","m3",-0.451833051750199,-0.328919345752341,-0.0181309448765057,-0.0711805148186614,0.0101259583502108,0.631298336839162,1.26010395376694
1971,23019,"s14","m3",-0.501380568156582,-0.449040647148153,-0.131824817227344,-0.156328850756517,-0.303254184104299,0.441899799180046,1.52340968510365
1972,23037,"s14","m3",-0.467602411979935,-0.419262504494944,-0.113372863704864,-0.0674408170467099,-0.127815037502747,0.473046539392384,1.41828663248459
1973,23051,"s14","m3",-0.540177771312511,-0.545961047423061,-0.075779112823087,-0.235062532820536,-0.00312542700653267,0.34035660987737,1.55789859956212
1974,23055,"s14","m3",-0.625800007347226,-0.496874743851679,-0.142999159537161,-0.217817357180267,-0.0926603353471834,0.429774488451557,1.7532493248869
1975,23056,"s14","m3",-0.551572185869292,-0.427410228907048,-0.0441639232100125,-0.161974138091896,-0.112203614844761,0.479395778461659,1.54597283129019
1976,23085,"s14","m3",-0.579506087805917,-0.376500321354211,-0.0834928979256435,-0.0854666356449654,0.120850609832662,0.563893065540317,1.66042828223624
1977,23094,"s14","m3",-0.550842428604328,-0.465748298549726,-0.176974049976496,-0.164061915501908,-0.161117715579028,0.45505920317384,1.7037536838699
1978,23096,"s14","m3",-0.483959094631822,-0.499622957003352,-0.131252917409623,-0.189258926853177,-0.20812719292862,0.312632016260448,1.71229674178587
1979,23103,"s14","m3",-0.533332048050607,-0.46309272818549,-0.196109334846752,-0.182564608450899,-0.469966321402411,0.308859788726721,1.54833200447006
1980,23129,"s14","m3",-0.414984753536655,-0.198345030356851,-0.146377737032378,0.0223490467022486,-0.284289862136794,0.68427106007908,0.961012280969822
1981,23158,"s14","m3",-0.497193319106056,-0.609932981707925,-0.186400725356508,-0.205595402352893,-0.458898816075904,0.324861107036227,1.8072984200665
1982,23166,"s14","m3",-0.602071995781718,-0.472335582615151,-0.255964128630013,-0.186803470724322,-0.293511786013957,0.565617731431947,2.08446715711073
1983,23170,"s14","m3",-0.492986058839488,-0.368468586478059,-0.055109719518137,-0.0880944510438616,-0.077000450896459,0.597624894464957,1.445051814112
1984,23185,"s14","m3",-0.464689829981458,-0.352650917989318,-0.0388527321690559,-0.0451674728784943,0.191500510062185,0.631136853548185,1.46391070181096
1985,23189,"s14","m3",-0.505455307724541,-0.557505530385016,-0.0880036331485803,-0.11541705268297,-0.0632388850538849,0.46566749130814,1.76287149942857
1986,23201,"s14","m3",-0.570657449604272,-0.50032400236949,-0.137903401326191,-0.112178280879852,-0.415822386844139,0.455244989827906,1.73306656729775
1987,23210,"s14","m3",-0.599010650947623,-0.478092939344741,-0.203747111766763,-0.0975707923863103,-0.284217515356931,0.549316786121475,1.72436108881338
1988,23219,"s14","m3",-0.493566901627739,-0.498133947154312,-0.107389856609786,-0.283550449821964,-0.0462157031948764,0.31114409093447,1.82156995117964
1989,23261,"s14","m3",-0.422842804481305,-0.476542446961736,-0.158243370660579,-0.186245642078153,-0.139111914943426,0.385588895572355,1.7015929196907
1990,23264,"s14","m3",-0.566811525460702,-0.499614357509202,-0.160036924050834,-0.161547101851208,-0.317165800347295,0.417770712340823,1.63454859267251
1991,23266,"s14","m3",-0.610054807317954,-0.601473459059511,-0.133493237508219,-0.217990149924331,-0.297358041278622,0.404469398363035,1.83400172276117
1992,23278,"s14","m3",-0.457221244112572,-0.331865682508778,-0.00388192559195378,-0.0391248532434152,0.144162164691272,0.571590090212313,1.32217334170557
1993,23287,"s14","m3",-0.592572580406413,-0.402978490395652,-0.21684824959289,-0.10192453493745,-0.397625252223746,0.59893715585209,1.77275683057462
1994,23290,"s14","m3",-0.535932887539717,-0.347581272083521,-0.15822107192219,-0.0942613804289376,-0.447922409843706,0.537252543734853,1.43558297272285
1995,23295,"s14","m3",-0.462258373705899,-0.417639087284801,-0.152404369911633,-0.147585645513532,-0.16070488486593,0.367262171877252,1.54302813320439
1996,23312,"s14","m3",-0.606254117724299,-0.594440507619496,-0.16091945176255,-0.234064190607243,-0.215844328957786,0.432948320866472,1.95663600244561
1997,23317,"s14","m3",-0.463889315865331,-0.382551981120252,-0.145484456010184,-0.13640999118989,-0.138431281233342,0.465228900112397,1.33098588607985
1998,23330,"s14","m3",-0.531692934605123,-0.456402732441002,-0.108489052248517,-0.105564870177534,-0.159573936139154,0.502588443936846,1.79758500581628
1999,23348,"s14","m3",-0.527272208939905,-0.504541651419271,-0.185028737399458,-0.170722835449372,-0.237713508518883,0.485543839145142,1.80980782779376
2000,23352,"s14","m3",-0.571925362187357,-0.463123195046506,-0.131841291010914,-0.131440059088017,-0.248539222862853,0.508355225593192,1.76883131370175
2001,23361,"s14","m3",-0.606861724894066,-0.475308163726393,-0.11045448552269,-0.181208384240083,-0.201673730926085,0.506459327626209,1.93677770924821
2002,23362,"s14","m3",-0.539222188438113,-0.447954665212092,-0.210289155220148,-0.117939625980106,-0.131186104087566,0.455912164478994,1.67457721328881
2003,23364,"s14","m3",-0.57084683317016,-0.511437987204392,-0.0957187074749103,-0.222367468052797,-0.0416634329906272,0.387602576229828,1.733531370689
2004,23366,"s14","m3",-0.503350079452844,-0.361516889381148,-0.177284410500632,-0.0838699129577606,-0.322606906871434,0.540137295792417,1.55049494282345
2005,23371,"s14","m3",-0.487088904328878,-0.42385995378346,-0.0599842761913334,-0.0919556299367864,-0.126085950266468,0.569843230428313,1.63183552695654
2006,23428,"s14","m3",-0.581935612158424,-0.470132354146197,-0.120980556884403,-0.137350567782473,-0.304071717628783,0.384930556299487,1.65927554230821
2007,23429,"s14","m3",-0.487426352818479,-0.447826886855171,-0.160286683437485,-0.148545594986044,-0.320565541878728,0.440860908744764,1.62309874914816
2008,23442,"s14","m3",-0.51166578423904,-0.418569538835108,-0.0581283498342048,-0.114444241937951,-0.154521782578011,0.471096367782596,1.37295625029377
2009,23458,"s14","m3",-0.582586933574249,-0.494895737481857,-0.238363292164326,-0.226865750754074,-0.26001877715954,0.398162482825544,1.94470823473319
2010,23468,"s14","m3",-0.719122517807212,-0.508257824287001,-0.206531604583096,-0.152791722579949,-0.673822651959308,0.535503506856331,1.91612066592372
2011,23473,"s14","m3",-0.498100174424917,-0.432587093822589,-0.170396010495295,-0.0952026642617168,-0.128168657189104,0.523723779842022,1.60901352340133
2012,23506,"s14","m3",-0.468311896213723,-0.325022671191966,-0.0244083622473591,-0.129075750289851,0.157865089156979,0.562596999346375,1.34719598393425
2013,23524,"s14","m3",-0.463517593487215,-0.322782734532586,-0.106568093516509,-0.105591242807269,-0.442121153920898,0.548010619573001,1.28142688253239
2014,23570,"s14","m3",-0.524947045368247,-0.548976455704675,-0.213081708966486,-0.219326792083533,0.0410002794524489,0.363663770269527,1.87962809299809
2015,23587,"s14","m3",-0.491429858649706,-0.417112863333655,-0.0793598947054899,-0.147418442319643,-0.274836876648919,0.46199742500959,1.5573299143249
2016,23595,"s14","m3",-0.598724556729844,-0.637908727445815,-0.149536818666911,-0.356969035793326,-0.362236966696738,0.220361096611044,2.34653642931488
2017,23601,"s14","m3",-0.564398209970347,-0.41296320740603,-0.0982167179590669,-0.128938582489194,-0.153312790316278,0.506387753644751,1.7711043824429
2018,23604,"s14","m3",-0.528569514852612,-0.434148628357225,-0.0964226091510576,-0.155141016711056,-0.367916280694472,0.427555267225763,1.55349278130481
2019,23611,"s14","m3",-0.501477981512273,-0.349877634401196,-0.146441625638121,-0.079105529851278,-0.502560348032582,0.626070868021396,1.42421465558573
2020,23619,"s14","m3",-0.565908595529111,-0.453557115608092,-0.133133184098515,-0.150749846148996,-0.315298903370774,0.39210700560462,1.51546278449021
2021,23620,"s14","m3",-0.568333533860469,-0.51075422626581,-0.172971091512283,-0.15467305540856,-0.193240388435253,0.432275144126155,1.57838493429616
2022,23623,"s14","m3",-0.574434598134647,-0.403792139673443,-0.124157984553975,-0.13348310198507,-0.172554912115636,0.549886568465415,1.60858992922891
2023,23625,"s14","m3",-0.477133866104162,-0.483894437526884,-0.0719618189498937,-0.108766102799263,-0.146408058060102,0.498780648470472,1.71827194422406
2024,23644,"s14","m3",-0.506572215151094,-0.445237001238982,-0.0515268534653372,-0.185833987039463,-0.224723501816524,0.481645177739486,1.74193939730742
2025,23659,"s14","m3",-0.482209291704109,-0.402942448114099,-0.153060797408367,-0.0930059659952045,-0.199665749378373,0.550556956696815,1.51800990546977
2026,23660,"s14","m3",-0.511193482138387,-0.469354955697498,-0.14024571103138,-0.13109641494508,-0.310712977719915,0.540985038534483,1.65305261805614
2027,23694,"s14","m3",-0.460462963185767,-0.446408045631727,-0.083353616722226,-0.0860180159257281,-0.190946581557427,0.591289119683574,1.4973680807601
2028,23731,"s14","m3",-0.505526350798356,-0.453110218355616,-0.10245373885201,-0.208528036457863,0.0322324590001219,0.400208839100438,1.81087663480846
2029,23743,"s14","m3",-0.447911687984336,-0.405736114777392,-0.0400299306874529,-0.0964987644756152,0.179175816100198,0.558994535740566,1.42553683578897
2030,23755,"s14","m3",-0.48170007242193,-0.533126231688759,-0.108321173283793,-0.22432808720397,-0.0812948049260438,0.28873643917326,1.65629885041819
2031,23772,"s14","m3",-0.59075253563889,-0.361919568799995,-0.163643706218349,-0.0582322618114339,-0.554121347806495,0.58127951452413,1.44934546240735
2032,23788,"s14","m3",-0.457992799382451,-0.367357899848167,-0.127165157743812,-0.062905918335611,-0.192653273961246,0.555995219977299,1.29690328100819
2033,23793,"s14","m3",-0.455759802373736,-0.345651902894976,-0.22731270909574,-0.0841680672795496,-0.186068417164379,0.558186020339533,1.50740226722643
2034,23801,"s14","m3",-0.460031590636592,-0.358630725553564,-0.116992423505781,0.000960379421067263,-0.315583833861961,0.752592279989295,1.42533734382892
2035,23803,"s14","m3",-0.454443406679438,-0.362507210003962,-0.123989839604308,-0.112398214784027,-0.346446504533649,0.680741832096226,1.26905732070348
2036,23832,"s14","m3",-0.567189528229364,-0.516659206669689,-0.169712756952827,-0.189028780632312,-0.242647037599662,0.480260899071824,1.76633783051425
2037,23841,"s14","m3",-0.427151471134617,-0.39732602429832,-0.161306040268315,-0.174753429504977,-0.254248379651117,0.403615117140778,1.4501854131686
2038,23848,"s14","m3",-0.479573952185082,-0.420734316026656,-0.0897573256193064,-0.145024635756499,-0.0292586283861077,0.490727443721238,1.40931827585232
2039,23858,"s14","m3",-0.408481114646158,-0.363817517063454,-0.148792833219661,-0.0240812572056941,-0.11872162109066,0.576856908943357,1.28517968766268
2040,23887,"s14","m3",-0.53903096915408,-0.46851243334482,-0.0530120736822219,-0.195048643096729,-0.0186685979134178,0.447315355755563,1.68040423776799
2041,23899,"s14","m3",-0.436943706757214,-0.502436088469698,-0.107475102415468,-0.108003223781306,-0.107454022716637,0.489401009724272,1.69556638842256
2042,23907,"s14","m3",-0.534651097859437,-0.43106866577766,-0.105758123544363,-0.167887003586515,-0.0988553638445928,0.543038069799883,1.81008739319285
2043,23918,"s14","m3",-0.336269151895628,-0.200681843320484,-0.0410339976863071,0.0986378320417028,-0.115529997898493,0.706751448002927,0.924719315450479
2044,23927,"s14","m3",-0.495755218167272,-0.444331610892779,-0.192605318721058,-0.151325932343922,-0.400295483379683,0.44808844104708,1.59616893535887
2045,23945,"s14","m3",-0.665220512806928,-0.406570638518247,-0.211464427943107,-0.139098513777621,-0.560429151184468,0.428083605796756,1.60634256582556
2046,23972,"s14","m3",-0.460314534717592,-0.462999745008617,-0.00100322238044176,-0.149118778941035,-0.122169081241409,0.412519405822892,1.50802305291703
2047,23994,"s14","m3",-0.542586289082743,-0.40949029037437,-0.199512255101926,-0.127409681328066,-0.222137042554535,0.540241463792495,1.69484889907288
2048,23999,"s14","m3",-0.43065194258209,-0.35720182474531,-0.0352260168070097,-0.15638164843794,0.0312736852614684,0.510617012602859,1.25248608450696
