"draw","source_draw","id","assumed_model","alpha_0","nu_0","nu_1","tau"
1,9,"p14","m0",0.36690126192685,0.778845541954662,-1.61945808310276,0.482334452256507
2,16,"p14","m0",0.255145139066232,0.771524252987832,-1.42566813687643,0.777981517094926
3,46,"p14","m0",0.179042853685042,0.726667424044722,-1.82851211484467,1.0870043202643
4,48,"p14","m0",0.311130269429468,0.721403000523987,-1.40361693660275,0.5188588942066
5,53,"p14","m0",0.207578155436404,0.695337674801734,-1.78421694865872,0.951620799326134
6,56,"p14","m0",0.295713299958558,0.67562262435496,-1.40106391461816,0.696741800683046
7,57,"p14","m0",0.306208367313554,0.788269837232933,-1.29457991706388,0.668681410039415
8,58,"p14","m0",0.225574373384574,0.724288811403477,-1.7309885110192,0.908941852828317
9,71,"p14","m0",0.274925062295814,0.714982492369335,-1.44404386013035,0.938163872874783
10,86,"p14","m0",0.321483750849342,0.773112948109358,-1.74450501247613,0.593521952173254
11,96,"p14","m0",0.246382225655121,0.68402024534254,-1.31562369949291,0.781008542063102
12,118,"p14","m0",0.225370289334674,0.704565100486451,-1.38055132685409,1.02804030308793
13,119,"p14","m0",0.285904476994511,0.727835122598007,-1.81223268573557,0.695017563712796
14,120,"p14","m0",0.239610042935765,0.70548192229434,-1.46192629988985,0.860604538025727
15,132,"p14","m0",0.205256848581904,0.723380821604946,-1.69928422063546,1.16630419977999
16,135,"p14","m0",0.199354205396111,0.709739072975467,-2.09961588538287,1.07432388816367
17,143,"p14","m0",0.271541894506296,0.746656191888713,-1.92779663892059,0.946208600703533
18,149,"p14","m0",0.263365384998147,0.767429959565369,-1.62306534148657,0.694303183592967
19,176,"p14","m0",0.329112270659039,0.716754021358324,-1.91438311039239,0.429920821715769
20,177,"p14","m0",0.236876458068053,0.697376264673107,-1.9711624418248,0.885316155171311
21,191,"p14","m0",0.280029622067207,0.737120446856106,-1.71013567676122,0.653626462112058
22,194,"p14","m0",0.258727194411236,0.75719356801875,-2.2094677727542,0.706038376989092
23,205,"p14","m0",0.28190392203165,0.812387647564354,-1.43568925232964,0.894880917245208
24,215,"p14","m0",0.313856324336622,0.713070526869773,-1.9659710863319,0.526721615429464
25,220,"p14","m0",0.294627023353428,0.746244645437695,-1.39041270223771,0.562666308944645
26,230,"p14","m0",0.356265427032835,0.848237300515492,-1.04864596015071,0.534368195773762
27,242,"p14","m0",0.19855618392472,0.77459109137083,-1.38608711840101,1.19187860016847
28,266,"p14","m0",0.178849463808446,0.71675489122179,-1.73083864218904,1.03105619096037
29,284,"p14","m0",0.181104812798894,0.691517736262009,-1.7048805570088,1.08263257733265
30,297,"p14","m0",0.390123776162341,0.81920612551359,-1.2900987111089,0.120650609927348
31,303,"p14","m0",0.319471704534034,0.744770801377215,-1.16614959463935,0.523008076203686
32,315,"p14","m0",0.298466450835787,0.70817218691866,-1.60506457042062,0.505030736681475
33,325,"p14","m0",0.288845527976401,0.715060575870461,-1.20009136358929,0.622295957028763
34,328,"p14","m0",0.157258863025448,0.678945099865892,-1.81986121265183,1.14709472413552
35,348,"p14","m0",0.37361272836284,0.816870080253373,-1.44690906630423,0.420494494725117
36,354,"p14","m0",0.225476048505648,0.691401837580808,-1.87220528695942,0.725178615230585
37,357,"p14","m0",0.29409975630118,0.771371808523433,-1.75546594328198,0.680665617706609
38,362,"p14","m0",0.258901238179616,0.785006591572906,-1.44120567573388,0.750041905093917
39,387,"p14","m0",0.270061056403134,0.685026646131727,-1.45189865913371,0.771348556273807
40,393,"p14","m0",0.221407248327676,0.627093784057332,-2.04741968446867,0.702038305158295
41,397,"p14","m0",0.26418616691535,0.726293345709507,-1.34485466377372,1.07559871616903
42,405,"p14","m0",0.255682478619562,0.735181281897854,-1.76353903693575,0.956858430115682
43,417,"p14","m0",0.226780645824617,0.747565566506044,-1.27322872388817,1.05354291011439
44,426,"p14","m0",0.444559102915963,0.882018640600383,-1.22296858565616,0.282301563901379
45,428,"p14","m0",0.229473885872557,0.709374886010025,-1.51197585319257,0.889280226696985
46,434,"p14","m0",0.271344361150424,0.699045685344677,-1.33480229732707,0.552065249764195
47,446,"p14","m0",0.341385535339903,0.726743493467195,-1.38131968237381,0.368300584790565
48,466,"p14","m0",0.186795382057957,0.762755081832119,-1.68750322896315,1.10533255375716
49,468,"p14","m0",0.250593841411461,0.768687164345573,-1.37325061610813,0.779831887982662
50,469,"p14","m0",0.261294334831701,0.80062846997454,-1.71806417688799,1.01392511370199
51,473,"p14","m0",0.261491429524645,0.711519566678438,-1.40105274517975,0.762590546494747
52,474,"p14","m0",0.264501760465732,0.776568455403593,-1.8863906359243,0.941333045157983
53,486,"p14","m0",0.272092573451374,0.715920893579875,-1.55496384006756,0.723373837705605
54,490,"p14","m0",0.319829908057558,0.76215576171579,-1.52463714138492,0.678163726140123
55,500,"p14","m0",0.284016864767121,0.73914698090322,-1.85540317009374,0.729609588883057
56,501,"p14","m0",0.256924051377868,0.678540753790256,-1.49533962861127,0.804989501083194
57,519,"p14","m0",0.214993119454028,0.741961783111108,-1.55549551983051,0.849116654031579
58,527,"p14","m0",0.198097729478386,0.771177903779654,-1.48852478757919,1.08516334026596
59,533,"p14","m0",0.227727638832298,0.784545280869941,-1.39597912788637,1.01472335726782
60,535,"p14","m0",0.274073977182131,0.732479499972002,-1.38341904688135,0.901301632946094
61,554,"p14","m0",0.245818577013593,0.733807014951963,-1.67691947405267,0.738923627005721
62,573,"p14","m0",0.363222487083986,0.840781504727274,-1.32211916599466,0.389403127995891
63,576,"p14","m0",0.42185482503486,0.833350736785249,-1.86702001998485,0.0963430959052343
64,578,"p14","m0",0.312590594435265,0.74564763513273,-1.12444710981821,0.569100893942074
65,588,"p14","m0",0.193491428314693,0.609125886732177,-1.8506600766302,0.835423400391708
66,608,"p14","m0",0.311558241546246,0.804930247062352,-1.23463925640269,0.76644819613453
67,636,"p14","m0",0.233935655365496,0.717057523079311,-1.76813752179331,1.08684981797524
68,646,"p14","m0",0.224920536937145,0.778772647535324,-1.46231760883844,1.05112461439885
69,662,"p14","m0",0.212994127158043,0.751292462139162,-1.6584541366991,0.916662862291635
70,664,"p14","m0",0.258887147451885,0.70688853422582,-1.35472777312651,0.939226702104651
71,690,"p14","m0",0.333656192146316,0.752054850982414,-1.41243650292572,0.543774924896166
72,698,"p14","m0",0.274407526404895,0.783419980486375,-1.07331452588927,0.887345248347051
73,702,"p14","m0",0.262402188056637,0.759358271952636,-1.08105058258098,0.630804831700301
74,715,"p14","m0",0.250822657764798,0.788806904745497,-1.22601399053329,0.848728279969977
75,719,"p14","m0",0.340824191051532,0.708627503923336,-1.67887926457936,0.368851722099712
76,723,"p14","m0",0.260190943014953,0.703488597978238,-1.30984302215392,1.07462640808286
77,746,"p14","m0",0.244868255197965,0.760346354900158,-1.21604815229001,0.99687069277512
78,762,"p14","m0",0.224804020252793,0.762127755919306,-1.58018775899131,0.750940423372564
79,769,"p14","m0",0.250681220042586,0.749715501650416,-1.67381345757211,0.80920469368991
80,782,"p14","m0",0.21421281818118,0.690357603364837,-1.92235308143555,0.796076524949945
81,788,"p14","m0",0.232775724797725,0.736599523374317,-1.64466922642068,1.137124429307
82,797,"p14","m0",0.334838737794576,0.801228583670835,-1.07844838554703,0.679901745051354
83,798,"p14","m0",0.340317288615057,0.808831719669074,-1.92284148904788,0.552304753597022
84,808,"p14","m0",0.185216604310703,0.694897929972489,-1.51637408662371,1.11889831940983
85,818,"p14","m0",0.269758957377357,0.734571354252282,-1.47996349896008,0.840894718322106
86,830,"p14","m0",0.244043887117927,0.804700684888764,-1.86903229663593,0.971668276106615
87,854,"p14","m0",0.126397139073459,0.648423394369959,-1.87270973049858,1.25304624930239
88,862,"p14","m0",0.341796000986812,0.740284123460663,-1.19823428971879,0.408394182548968
89,867,"p14","m0",0.283908536503353,0.734759530740676,-1.61281566679455,0.626300766171761
90,874,"p14","m0",0.17230719670208,0.624055021842677,-1.86744938032963,1.17556471318374
91,880,"p14","m0",0.159110114152728,0.686457658759337,-2.09926215936186,1.11365112379657
92,920,"p14","m0",0.279463017812431,0.714967113940521,-1.37751020141155,0.874329374139833
93,951,"p14","m0",0.16962900309463,0.719127550107516,-1.35091191574705,1.18583703424558
94,975,"p14","m0",0.259820298613137,0.706778852002895,-1.59998161476451,0.960223701490864
95,999,"p14","m0",0.255612797961898,0.765558693629971,-1.55961475106438,0.740600931910339
96,1018,"p14","m0",0.277281132979779,0.680650382822809,-1.29433315037935,0.738066871976231
97,1032,"p14","m0",0.295642711954471,0.718165910937671,-1.19844520145174,0.684698258294914
98,1065,"p14","m0",0.285034654568249,0.735657677613939,-1.60006306867586,0.641316219632979
99,1091,"p14","m0",0.309137598690447,0.678219870584632,-1.10750174590051,0.476535289982383
100,1092,"p14","m0",0.242326919030223,0.673306739834706,-2.12598612186517,0.824573536779659
101,1102,"p14","m0",0.29396986847123,0.765996620182812,-1.60891318048801,0.761137658231745
102,1105,"p14","m0",0.225368502502949,0.759310622202619,-1.59955193416864,0.85430160067809
103,1138,"p14","m0",0.227973781236333,0.747916118985278,-1.71176654558252,0.903104512220613
104,1157,"p14","m0",0.397252084016362,0.816255650404676,-1.40238219645283,0.282850130772286
105,1168,"p14","m0",0.253093590544762,0.698764899502991,-1.05892899523428,0.765421664510563
106,1175,"p14","m0",0.193996445140844,0.748105074129238,-1.75008410619587,1.14626432616632
107,1208,"p14","m0",0.342644895073085,0.693069741409541,-1.2246691851599,0.209048437864435
108,1211,"p14","m0",0.1778261706597,0.666599692444688,-1.60034279846906,1.05075677502242
109,1258,"p14","m0",0.322456842733354,0.763333383880208,-0.986506296662743,0.444100971950033
110,1268,"p14","m0",0.162536769530283,0.733978405665436,-1.64909290481854,1.28013020626696
111,1269,"p14","m0",0.341897675558497,0.758156748330948,-1.23028076004349,0.378729058620549
112,1284,"p14","m0",0.231527718882771,0.7249357011914,-2.41319375086916,0.845692267925871
113,1285,"p14","m0",0.239435780637492,0.740234564187102,-1.95338445862441,1.21146819767986
114,1286,"p14","m0",0.273900695742954,0.789570547115419,-1.99485669249928,0.932567432145292
115,1293,"p14","m0",0.389362032602038,0.827302080519056,-1.2653132254361,0.387379198134375
116,1298,"p14","m0",0.316841461154594,0.766023299765153,-0.98856904858099,0.597004643647646
117,1311,"p14","m0",0.24904657126645,0.763307207217619,-1.47087394217694,1.05022838094491
118,1328,"p14","m0",0.31426836318219,0.777441474199819,-1.27228839328131,0.676394110362518
119,1337,"p14","m0",0.256368059456643,0.775457474131107,-1.44568135157644,0.80610967950965
120,1365,"p14","m0",0.328547910280677,0.817806533400331,-1.70523770968726,0.572925246341787
121,1369,"p14","m0",0.304885288561455,0.774509494350605,-1.30178166070909,0.755956566711838
122,1385,"p14","m0",0.205409239501883,0.674262237496742,-1.19088607937111,1.10299449544569
123,1399,"p14","m0",0.34376493650941,0.73991312041928,-1.45530771186114,0.514488156616165
124,1427,"p14","m0",0.252262490909007,0.770612028738953,-1.29492782629181,1.04758823677403
125,1450,"p14","m0",0.285600144511519,0.75118818015854,-1.91790960778428,0.766003989675493
126,1480,"p14","m0",0.277153956588788,0.807370023598729,-1.26952838931813,0.81364746047828
127,1485,"p14","m0",0.27444910048346,0.788552154553929,-1.28864689492937,0.818610878664723
128,1492,"p14","m0",0.220971382220319,0.719477325704212,-1.94663762779746,1.08186321495448
129,1505,"p14","m0",0.247974929433319,0.704257545981474,-1.55994516797278,0.72246231674956
130,1525,"p14","m0",0.219551061991346,0.656324068916116,-1.39734863828061,0.755696094644603
131,1532,"p14","m0",0.299630849734596,0.730265174849954,-1.19676922842353,0.404808019649406
132,1539,"p14","m0",0.335095528366584,0.782574966406291,-1.36681676403176,0.421233752008292
133,1544,"p14","m0",0.259200075523872,0.817838494093951,-1.59356019810903,0.995458744871916
134,1550,"p14","m0",0.283549348611961,0.698064221176505,-1.14696954111669,0.675235778386446
135,1619,"p14","m0",0.206830189570875,0.733142548761408,-1.2807973634142,1.07366443822428
136,1632,"p14","m0",0.179781718400857,0.746782424285949,-1.87662794289152,1.31465526010203
137,1639,"p14","m0",0.355627798354753,0.779663612144043,-1.0890577151501,0.397881619998
138,1668,"p14","m0",0.311578238612734,0.729853546165796,-1.28437316215985,0.753670774056631
139,1689,"p14","m0",0.21068171884961,0.734586050249545,-1.9089805083659,0.871568651621655
140,1701,"p14","m0",0.309114687564499,0.772186491853138,-1.35650152438403,0.462703999940227
141,1715,"p14","m0",0.316340252821223,0.704182726248473,-1.31091272418018,0.310285496033467
142,1737,"p14","m0",0.200086513596725,0.748811398205945,-1.55527205728465,1.13873960968482
143,1741,"p14","m0",0.235194922964012,0.7819480528373,-1.73794183327863,1.16144905594364
144,1744,"p14","m0",0.216700867881297,0.754787587721012,-2.066051231122,1.11029924769203
145,1749,"p14","m0",0.238186362340919,0.814963786637178,-1.50520666798786,1.01485341298949
146,1753,"p14","m0",0.0911273584273309,0.60940016046647,-1.98556491728692,1.5602179285529
147,1778,"p14","m0",0.310596605016001,0.755546847763449,-1.15238580264358,0.740822864497363
148,1796,"p14","m0",0.288932314798276,0.80595709593682,-1.62714347755599,0.738073857946728
149,1802,"p14","m0",0.128538259210306,0.677723705112085,-1.5756231478434,1.36037684062019
150,1803,"p14","m0",0.204128325608479,0.636096208821111,-1.96599350768787,1.03880808496967
151,1805,"p14","m0",0.196926794905292,0.684321912199981,-1.44097986474603,1.00650086525833
152,1833,"p14","m0",0.222759762659919,0.707784287099174,-1.83521009477548,0.905733305877805
153,1836,"p14","m0",0.167466457007269,0.699374541895774,-1.8153700125433,1.26962792761226
154,1847,"p14","m0",0.24617609392274,0.693690804703999,-1.63580270872671,0.717091706688473
155,1885,"p14","m0",0.333686705208136,0.717659498783839,-1.4853880043418,0.377060807046594
156,1902,"p14","m0",0.316516544762492,0.771651120069202,-1.31156613702012,0.649109385115849
157,1933,"p14","m0",0.170800791121655,0.660993214273347,-1.89634826566491,1.43709201109432
158,1948,"p14","m0",0.270507829907596,0.734236768269072,-1.96693872202974,0.730688747518214
159,1957,"p14","m0",0.292530206244,0.739852102493757,-1.17333964065124,0.750743258000883
160,1969,"p14","m0",0.270535176387798,0.808024576585811,-1.36156885335512,0.825248624145665
161,1975,"p14","m0",0.311399991581857,0.817235129415576,-1.32469874151605,1.00810967632405
162,1987,"p14","m0",0.180441507322077,0.66873270346184,-1.50972995065073,1.07723044779086
163,1989,"p14","m0",0.184376729858994,0.676817215168687,-1.50549010103585,1.2886185593955
164,2020,"p14","m0",0.229114703264233,0.705465765628106,-1.8950690424623,0.89654442228894
165,2022,"p14","m0",0.0504647700320046,0.57576526854072,-2.24520143472351,1.52804407809445
166,2025,"p14","m0",0.240149911225139,0.751049342468491,-1.52921902726943,1.01794660472983
167,2033,"p14","m0",0.194053416349229,0.655574232948313,-1.24913476750976,1.21357207816563
168,2035,"p14","m0",0.233413537055388,0.65075402641846,-2.15093769111965,0.817407748909109
169,2047,"p14","m0",0.276360247013848,0.73332234797568,-1.79054277955271,0.513553213213319
170,2057,"p14","m0",0.233196086961447,0.699199843683285,-1.66822440923337,0.981987293445909
171,2063,"p14","m0",0.173981472110707,0.609035859532868,-1.88959318764101,1.0583119917275
172,2064,"p14","m0",0.20742135184131,0.778199063442498,-1.09560750689179,1.23750580127885
173,2075,"p14","m0",0.267924962138965,0.782013194563346,-1.67182482771084,0.976369750333359
174,2076,"p14","m0",0.394543651086763,0.793306954019635,-1.21503184925479,0.449422559090836
175,2078,"p14","m0",0.339100467198287,0.803261158709493,-1.45308014581902,0.625587523193611
176,2084,"p14","m0",0.282083963889045,0.795703195739114,-1.66786540406774,0.681412562772454
177,2096,"p14","m0",0.276641534843669,0.734789713616051,-2.10153328976245,0.6798215905442
178,2108,"p14","m0",0.291926562548515,0.778764413277013,-1.80248995922223,0.838631270414222
179,2116,"p14","m0",0.237004803349633,0.707585715519235,-2.18477926160915,0.767418736322064
180,2144,"p14","m0",0.200415821957842,0.680611134887007,-1.58503909762113,1.24160216408484
181,2149,"p14","m0",0.218375078565213,0.758009802729806,-1.56093875820299,0.987468836229438
182,2153,"p14","m0",0.155123977777241,0.653323682098711,-1.76932250414946,1.19515233278225
183,2157,"p14","m0",0.24641899500966,0.744415281977099,-2.05143635748895,0.986774508124737
184,2166,"p14","m0",0.359378035592509,0.739631060120028,-1.36156059524216,0.313229730544596
185,2171,"p14","m0",0.306463830774735,0.787024270664023,-1.38216392536317,0.718433416353588
186,2189,"p14","m0",0.245631798281915,0.681324938914417,-1.33366293414789,0.876294493875442
187,2202,"p14","m0",0.284801853284129,0.772374408989342,-1.80396754846339,0.577892324588153
188,2214,"p14","m0",0.342450820467216,0.83413928088758,-1.37025510109756,0.649832387257839
189,2219,"p14","m0",0.301253045261421,0.746691095180001,-1.3688287482418,0.734494318904718
190,2233,"p14","m0",0.240959490898765,0.709378952678012,-1.2431168727804,0.817073281252964
191,2235,"p14","m0",0.335539250733508,0.731021358486308,-1.2499174566694,0.55896898492191
192,2247,"p14","m0",0.281219370771295,0.775523880523996,-1.21350890652207,0.88810873105179
193,2252,"p14","m0",0.246521155914277,0.72479527367505,-1.36934721120489,0.913951329477054
194,2253,"p14","m0",0.28536290554982,0.680247106127663,-1.7215379068429,0.485198231591967
195,2262,"p14","m0",0.249791867371587,0.65699162958322,-1.5505073333539,0.703065878061121
196,2265,"p14","m0",0.282527575987125,0.694605174586876,-1.37034114213991,0.75028875394141
197,2285,"p14","m0",0.355301959263161,0.76616470074699,-1.22015580425536,0.472977755811396
198,2289,"p14","m0",0.182080472625989,0.645324338667643,-1.96659671179157,1.23450073368917
199,2294,"p14","m0",0.193992495041466,0.672388720364269,-2.02137626605548,0.978153918064227
200,2322,"p14","m0",0.236796453514784,0.710042493238951,-1.41705759786106,0.959819890408135
201,2331,"p14","m0",0.336650408685742,0.753170867201919,-1.51030454116691,0.491736401164094
202,2339,"p14","m0",0.350580667565778,0.753657527127841,-1.2087026994127,0.508497840490303
203,2341,"p14","m0",0.294556526321004,0.786349941521132,-1.6762275904794,0.705401688021392
204,2346,"p14","m0",0.334698211818372,0.812233418179775,-1.43778258802537,0.67408370168264
205,2354,"p14","m0",0.294391962739824,0.798648814337965,-1.48647012000246,0.783912062038446
206,2369,"p14","m0",0.293657098770626,0.737036530924376,-1.78862361628238,0.777950995140708
207,2389,"p14","m0",0.291880061423301,0.694117896025752,-2.10238559404812,0.487190624144109
208,2396,"p14","m0",0.420300798340686,0.817403319109669,-1.19068401867,0.127289960205701
209,2400,"p14","m0",0.265495751926632,0.695788837847714,-1.53886975808247,0.654002902273989
210,2416,"p14","m0",0.245861452642455,0.694631725839938,-1.54629727313691,0.822349964155683
211,2417,"p14","m0",0.228019642388663,0.75372841103387,-1.33259415060498,1.16024441144929
212,2432,"p14","m0",0.205908111825951,0.699018488307779,-1.13858052861926,1.17881252726564
213,2442,"p14","m0",0.310383061718495,0.827243772573809,-1.64682674380749,0.749547698391797
214,2454,"p14","m0",0.399848675772301,0.868901733081856,-1.03385004202314,0.530001320789411
215,2459,"p14","m0",0.303259433326473,0.653460525193603,-1.56104901911234,0.495786280395489
216,2465,"p14","m0",0.278715015498534,0.709902606646138,-1.21345976812503,0.516678230210919
217,2474,"p14","m0",0.276832415323302,0.738773765620233,-1.78503727969463,0.618947359178324
218,2475,"p14","m0",0.220448972641558,0.746741870517163,-1.83638891928284,1.12482985540719
219,2493,"p14","m0",0.283424553402881,0.736637996445893,-1.51963499848945,0.743497155102913
220,2501,"p14","m0",0.302668233690252,0.724390590114366,-1.27971015918498,0.531266415158326
221,2505,"p14","m0",0.222086401785968,0.673442022506999,-2.03835367476331,0.849811833526269
222,2509,"p14","m0",0.212262235311572,0.707570998342665,-1.31886427154648,1.08468560086521
223,2510,"p14","m0",0.23937778400258,0.784842317655602,-1.1269287565255,1.14965998376794
224,2520,"p14","m0",0.258152020593427,0.731795913868094,-1.76901403731061,0.945251334271803
225,2562,"p14","m0",0.24555049002876,0.724209936614072,-1.69609921079979,0.93958677924743
226,2566,"p14","m0",0.24086201892684,0.675922058607338,-1.64116190963289,0.772313473082913
227,2578,"p14","m0",0.232446622760022,0.791533138426381,-2.09403126844938,1.01545137280202
228,2584,"p14","m0",0.272750109999579,0.757962774820934,-1.67532613588829,0.890738769320232
229,2604,"p14","m0",0.217948071771951,0.809093981470383,-1.29853829535484,1.14620470809306
230,2606,"p14","m0",0.297631196157454,0.81545695041338,-1.51806553744339,0.739577196334689
231,2609,"p14","m0",0.154990544344506,0.642655900882446,-1.84583970990439,1.13171437723609
232,2620,"p14","m0",0.287631388880372,0.765821261592165,-1.80745519164094,0.675687406662423
233,2657,"p14","m0",0.19288654656789,0.710423059544255,-1.47543842199624,1.06083929011364
234,2658,"p14","m0",0.319028870964875,0.801423107171379,-1.22032386464819,0.675617278153357
235,2663,"p14","m0",0.241197295507534,0.754671085271661,-1.59712341531895,0.972268080552727
236,2709,"p14","m0",0.299146239013539,0.754153275439852,-1.45387897646926,0.627687493871388
237,2734,"p14","m0",0.313067279890971,0.763388364144815,-1.13552147703964,0.669092482622956
238,2744,"p14","m0",0.289625331461979,0.7163950071336,-1.44015844711838,0.650840166330861
239,2745,"p14","m0",0.224941385076458,0.745493352078525,-1.5500144130128,0.781140242416091
240,2750,"p14","m0",0.299757738636278,0.802751980741011,-1.8668550826669,0.503550335550708
241,2780,"p14","m0",0.193852017310259,0.747513999825954,-1.51236345110939,1.15645535664874
242,2795,"p14","m0",0.239529837249964,0.781054875366966,-1.64286322918661,0.993065914093627
243,2815,"p14","m0",0.363149016343742,0.817000077567123,-1.52312670547633,0.404603174866844
244,2818,"p14","m0",0.342480693613901,0.778096710796816,-1.27153161264307,0.550567152875458
245,2857,"p14","m0",0.247207243210333,0.75593641359136,-2.20138660209665,0.917524668896971
246,2873,"p14","m0",0.195100810413297,0.651603411556311,-1.75519428733532,0.776345326516727
247,2902,"p14","m0",0.26692084238351,0.76167452742206,-1.600116909771,0.877005062779784
248,2904,"p14","m0",0.372452693539431,0.774817038940774,-1.43225085828651,0.0139599024797063
249,2905,"p14","m0",0.334049156383659,0.744529217849157,-1.15467806317905,0.554087510051444
250,2913,"p14","m0",0.199684927557563,0.684629503273465,-1.76709456011243,1.07769837968195
251,2928,"p14","m0",0.369908223247654,0.806774933142737,-0.868761206237312,0.327288211896413
252,2934,"p14","m0",0.289063155112926,0.782814110683799,-1.42137127850681,0.738296132579204
253,2948,"p14","m0",0.268697471659944,0.753063329914272,-1.99879773330892,0.888629811804339
254,2950,"p14","m0",0.268758203530712,0.774606908307228,-1.60881919116904,1.07570601597117
255,2971,"p14","m0",0.387873645964683,0.880556343974356,-1.01917483089392,0.557619482053031
256,2976,"p14","m0",0.25098585804453,0.723745589591917,-1.85547272377691,1.00640150569837
257,2988,"p14","m0",0.382840214216657,0.80258858642102,-1.11456472180671,0.333724563190962
258,3003,"p14","m0",0.155360675553608,0.680874306404026,-1.93313976939196,1.116169834907
259,3010,"p14","m0",0.248016362852639,0.764718939184814,-1.56001866658648,0.732924676873952
260,3015,"p14","m0",0.317527332761546,0.739363641267408,-1.61467166973897,0.579222883582394
261,3019,"p14","m0",0.212567881270823,0.715181353976331,-1.13724805067008,1.01863795729193
262,3033,"p14","m0",0.228436831754174,0.692090242629353,-1.7202996173686,0.841642945031263
263,3035,"p14","m0",0.17334916629719,0.750182507275369,-1.60285894265126,1.32719185824934
264,3043,"p14","m0",0.199659688670801,0.711080045812505,-2.22303264017237,1.05306289207408
265,3070,"p14","m0",0.312035833606148,0.74553622301973,-1.36900265965362,0.61460145693896
266,3089,"p14","m0",0.250028964929162,0.752071768913645,-1.22031540415973,0.89325198555711
267,3102,"p14","m0",0.213591868919944,0.774821156940774,-2.02480696401421,1.04695739002582
268,3110,"p14","m0",0.210372682766044,0.759022715218767,-1.46738742282761,1.0840117154993
269,3115,"p14","m0",0.302673220436061,0.805257004349589,-1.7050556209438,0.680012209756242
270,3121,"p14","m0",0.251024698847455,0.773053181661206,-1.41047698775535,0.808951925150185
271,3131,"p14","m0",0.230274808625958,0.697063384796399,-1.08124301912997,0.987877272179431
272,3137,"p14","m0",0.229920739499501,0.701398874423563,-1.19500844266322,1.00755898437391
273,3140,"p14","m0",0.252632795990367,0.762511384518087,-1.42842828324643,0.979493614711557
274,3181,"p14","m0",0.269595095161345,0.707510363611453,-2.21922334183255,0.798126086052472
275,3200,"p14","m0",0.218498732703902,0.725569687353642,-1.74194736379233,0.879610476156011
276,3208,"p14","m0",0.146729651630088,0.607265810022478,-1.66614746037373,1.11861818702746
277,3226,"p14","m0",0.264398567579205,0.790087977031591,-1.54772784550091,1.03651647953937
278,3231,"p14","m0",0.319518537554966,0.765534899114092,-1.5049842925074,0.623287041799082
279,3241,"p14","m0",0.222544987570246,0.75689641318234,-1.42136286851888,1.15887757622104
280,3244,"p14","m0",0.234279167222423,0.67576060347308,-1.35240939574024,1.02185985605577
281,3260,"p14","m0",0.320192661020811,0.755398426115605,-2.30289523007013,0.574308619296284
282,3269,"p14","m0",0.2959033834386,0.684511783700993,-2.14359665809878,0.555152509595317
283,3272,"p14","m0",0.222732566974967,0.668108723656171,-1.57937655044453,0.845588085981743
284,3286,"p14","m0",0.280229852824042,0.729517131310503,-1.11959101030436,0.670358390077448
285,3322,"p14","m0",0.224749010769658,0.754209759748922,-1.50815955660001,0.963998775778333
286,3344,"p14","m0",0.279071295265785,0.772709844928244,-1.6423120084345,0.95436643274814
287,3379,"p14","m0",0.248127114563273,0.634773209589685,-1.31815872521264,0.834078815211217
288,3382,"p14","m0",0.221489721628141,0.614925614539007,-1.59821104242085,0.850685207578488
289,3406,"p14","m0",0.231016094328898,0.762283201398642,-1.5963720883677,1.07481907895762
290,3411,"p14","m0",0.250097654773796,0.75395671175583,-1.70386529050806,0.66463693566011
291,3425,"p14","m0",0.321872549249029,0.758121364561021,-1.1856363153956,0.590033347291008
292,3428,"p14","m0",0.32192320991854,0.702536790992964,-1.17033798887256,0.398614355255565
293,3452,"p14","m0",0.241147612046535,0.696232327012129,-1.4331765286269,0.875261913579098
294,3457,"p14","m0",0.313109757895204,0.807964654693822,-1.55524465141525,0.839644623632718
295,3475,"p14","m0",0.270668771127105,0.751623359931855,-1.4007488190382,0.68738358870146
296,3479,"p14","m0",0.344501743144931,0.787138915181239,-0.866587053652209,0.631444036023219
297,3481,"p14","m0",0.314343351565599,0.726521985815311,-1.79604456684474,0.595008496642103
298,3512,"p14","m0",0.298703346703502,0.716792346248982,-1.1734960678687,0.557997894680104
299,3559,"p14","m0",0.261426107507637,0.734813208438382,-1.31209206217636,0.879025166146526
300,3562,"p14","m0",0.264370646598145,0.688001515171537,-1.66930520652304,0.673784876665991
301,3606,"p14","m0",0.280643924525779,0.700683358841365,-1.22410440854556,0.918510968143323
302,3611,"p14","m0",0.290771150559131,0.732389901202524,-1.62049547219634,0.685337888925528
303,3615,"p14","m0",0.253153306956635,0.782443782519331,-1.66496005170439,1.11173105390156
304,3654,"p14","m0",0.334992894475832,0.826977104602694,-1.52313037967119,0.541122803757794
305,3656,"p14","m0",0.256508089644894,0.707549226491,-1.38362785305178,0.798868845557421
306,3657,"p14","m0",0.236813737086803,0.724353634049453,-1.66773150763664,1.091344839139
307,3681,"p14","m0",0.266263671187519,0.743206422814575,-1.40082123754165,0.58821386525632
308,3685,"p14","m0",0.221240891284536,0.724159713715927,-1.45851596238909,1.05481371368593
309,3692,"p14","m0",0.285404978187803,0.778329366522528,-1.41946587489518,0.796168074385274
310,3722,"p14","m0",0.258808182840367,0.736383703175311,-1.72022596359508,0.806894076435868
311,3739,"p14","m0",0.264208608033348,0.758034856080249,-1.45900740511385,0.90610466757107
312,3740,"p14","m0",0.233501421071082,0.711129474416925,-1.60427961189759,0.840169434913045
313,3768,"p14","m0",0.23180129823756,0.705247592171003,-1.29846595431797,1.15706890100993
314,3769,"p14","m0",0.192440145911435,0.596741679963433,-1.69182485459398,1.06437128741796
315,3793,"p14","m0",0.188801598314063,0.599090692192987,-1.62034402218579,0.913350771703689
316,3816,"p14","m0",0.187287130368856,0.771804515892507,-2.11832088258119,1.20640119474714
317,3827,"p14","m0",0.312194376302197,0.782360228558466,-1.40945154086688,0.647218372450669
318,3857,"p14","m0",0.260087627874786,0.732382911892014,-1.12309193097052,0.936010225933045
319,3862,"p14","m0",0.269652665033703,0.778295991220312,-1.30419658507,0.880967451048023
320,3863,"p14","m0",0.362186859705841,0.720815724796543,-1.19026188038026,0.32939931700639
321,3879,"p14","m0",0.272976718062646,0.754470025276084,-1.53263197048883,1.08184124452773
322,3881,"p14","m0",0.376203620612393,0.808408712560545,-1.13925502623851,0.278685457094155
323,3883,"p14","m0",0.28497675066821,0.776504878192557,-1.03786990639152,0.756200678330416
324,3887,"p14","m0",0.319113099303893,0.711596334325229,-1.41639150998916,0.427107056635225
325,3926,"p14","m0",0.303816758895863,0.776714597387505,-1.13680211090655,0.823461803605279
326,3930,"p14","m0",0.226426831420506,0.622715425260866,-1.97350448167415,0.753552708050794
327,3950,"p14","m0",0.298197912995185,0.771831698421171,-1.74572988095713,0.774820898144184
328,3958,"p14","m0",0.331609574905542,0.746792542639885,-1.67914416921593,0.391067348992738
329,3961,"p14","m0",0.189373566380415,0.698461821439998,-1.78920990635558,1.14083718144603
330,3978,"p14","m0",0.251345992720523,0.745636964329923,-1.51205179940634,0.79853943033173
331,3981,"p14","m0",0.282120803523254,0.814325852840172,-1.34707275574194,0.699603290431523
332,3984,"p14","m0",0.414961335068245,0.839147092383504,-1.0070835103576,0.408988448518974
333,3990,"p14","m0",0.251882826590657,0.718487984811091,-2.01882470944661,0.966822226693038
334,3994,"p14","m0",0.209361291932017,0.708893322403771,-1.3782360306231,1.09670062821175
335,3997,"p14","m0",0.349950454123217,0.761501264825766,-1.74423023125681,0.29349330448605
336,4000,"p14","m0",0.243870484066421,0.753340269047316,-1.40838125061385,0.918115809337309
337,4003,"p14","m0",0.293092583476195,0.685564490281203,-1.20182907663489,0.724063968414424
338,4041,"p14","m0",0.25841180417006,0.670522212411312,-1.59954996330183,0.61114771590985
339,4057,"p14","m0",0.351630889510431,0.785340632460172,-0.834710481589142,0.490135894692772
340,4069,"p14","m0",0.278675163529743,0.725652516246807,-1.44901363794145,0.812788914294574
341,4089,"p14","m0",0.380716578983864,0.797214579751555,-1.14491284004102,0.478605124321835
342,4105,"p14","m0",0.293202771278293,0.801322729768982,-1.66003626387936,0.7169777796266
343,4118,"p14","m0",0.272654732687587,0.711515668223498,-1.34480261239676,0.544461656293834
344,4145,"p14","m0",0.103602420043094,0.653019963357664,-2.30471948817092,1.43530138210649
345,4162,"p14","m0",0.260587386629257,0.76656645595708,-1.78139729702378,0.850902285969038
346,4185,"p14","m0",0.203878506953733,0.676444506470824,-1.70205996641043,1.17254633486978
347,4186,"p14","m0",0.173688332123853,0.702498730725396,-1.89056944576594,1.20212162179127
348,4197,"p14","m0",0.280935212965415,0.764500382914192,-1.19402036624464,0.688895077832393
349,4205,"p14","m0",0.254399316119224,0.778653897716294,-2.02090923523086,1.01954998226095
350,4213,"p14","m0",0.331852191266555,0.806079270949793,-1.47379915631006,0.599871086323927
351,4226,"p14","m0",0.389364148660086,0.839979715188861,-1.13059747234929,0.327457799160126
352,4234,"p14","m0",0.227838114091337,0.718221219777398,-1.53731368083944,1.02945960257769
353,4238,"p14","m0",0.223868299567189,0.68103235085927,-1.42423888243116,0.949847141099866
354,4258,"p14","m0",0.268370696731579,0.765884789941205,-1.65952920421034,1.00472961298334
355,4262,"p14","m0",0.202863606911736,0.706915480004785,-1.88504762924211,1.08678930699045
356,4266,"p14","m0",0.196835930634701,0.708639495665461,-1.47367843070004,0.981529814475188
357,4269,"p14","m0",0.245458313960711,0.771909982053869,-1.50409798604072,0.903612993648363
358,4274,"p14","m0",0.230912517153948,0.730443108753501,-1.63535996653986,1.07995120778414
359,4296,"p14","m0",0.15295081454474,0.660532056289691,-1.08957148003518,1.29962152772236
360,4300,"p14","m0",0.247745280486011,0.731093627710646,-1.39116075305793,0.883007673161868
361,4305,"p14","m0",0.273724160623877,0.716168974877128,-1.60374667455551,0.860978902799252
362,4309,"p14","m0",0.30345216391507,0.717133953349937,-1.45210782914257,0.354971566891752
363,4332,"p14","m0",0.16373274625171,0.687549640679833,-1.68217904999494,1.12290903625954
364,4342,"p14","m0",0.285246940985871,0.784634596159353,-1.34379567693585,0.922044223933646
365,4343,"p14","m0",0.298629385044362,0.774810808700818,-1.6221411354933,0.664937376823067
366,4352,"p14","m0",0.236996168045621,0.605672428793883,-1.92859649085454,0.713894212889924
367,4360,"p14","m0",0.229261409515447,0.701788126556843,-1.36008610660462,0.986646711218377
368,4361,"p14","m0",0.219080927603422,0.749738850781841,-1.78272512558961,1.01369338199083
369,4379,"p14","m0",0.252434000270205,0.761179818378253,-1.93803031298373,0.87798014700874
370,4383,"p14","m0",0.175227265091813,0.80523627861117,-1.46149911163243,1.34455010888894
371,4392,"p14","m0",0.205093478889172,0.719466899657686,-2.10019117378232,1.13573568711377
372,4408,"p14","m0",0.309647900966843,0.750985868371287,-1.03815947722149,0.769747141339283
373,4427,"p14","m0",0.362845099920176,0.844963331854861,-1.0122194585017,0.564381931917062
374,4436,"p14","m0",0.252936616216706,0.713727175679836,-1.26801048946636,0.85418490361486
375,4450,"p14","m0",0.25308013643161,0.736831807020956,-1.18403734804588,1.09145743809179
376,4477,"p14","m0",0.200260901836338,0.763230867226959,-1.63363905682511,1.15074131351004
377,4484,"p14","m0",0.269921386910058,0.722054241015765,-1.42804918072806,0.528643498388151
378,4488,"p14","m0",0.250497056441769,0.719926810433469,-1.5804687151851,0.889276374135875
379,4491,"p14","m0",0.207571137912641,0.711254238449069,-1.73360546634578,0.965087052860116
380,4495,"p14","m0",0.282879770793681,0.701822730642387,-1.43626068689365,0.563291635745448
381,4498,"p14","m0",0.285921139949245,0.752000236624218,-1.42543771710399,0.46667587984184
382,4504,"p14","m0",0.266378538602175,0.709932864139043,-1.50440841388351,0.692963094026428
383,4528,"p14","m0",0.2430488993089,0.744644046292432,-1.22558856306472,0.829408823461347
384,4542,"p14","m0",0.173244614886018,0.656666654182554,-1.09613738672503,1.37950252686926
385,4556,"p14","m0",0.204557049771504,0.709474554492623,-1.3683191744145,1.17016859964595
386,4564,"p14","m0",0.414506339977705,0.800333936220885,-0.895755672328985,0.126891110411618
387,4575,"p14","m0",0.277906904678207,0.782330525062524,-1.4703919295639,0.847059390016303
388,4576,"p14","m0",0.132008992407376,0.657972911596338,-1.93861089666041,1.3642534086341
389,4591,"p14","m0",0.295977032987142,0.685184077935503,-0.887672229647476,0.538672680540863
390,4592,"p14","m0",0.308703813163897,0.754846869715525,-1.44404520997055,0.627219193588128
391,4600,"p14","m0",0.356965356275166,0.817546670912366,-1.26809592908558,0.369156437074074
392,4603,"p14","m0",0.249545292519045,0.705207177188372,-1.59404781150493,0.90989416949291
393,4604,"p14","m0",0.158220392848156,0.726823344810748,-1.59300922287486,1.59285927191976
394,4605,"p14","m0",0.185018337872534,0.699926609649803,-2.24708723876384,0.81604444814976
395,4607,"p14","m0",0.19241535128449,0.733221270844399,-1.10493366806288,1.03368002181806
396,4614,"p14","m0",0.20688794868718,0.713169359897759,-1.40449026915024,1.09894863285274
397,4621,"p14","m0",0.266512427694983,0.734754923927497,-1.71155031760767,0.795057950009249
398,4626,"p14","m0",0.262157952218169,0.769046659727369,-1.92858539370031,0.944729422050814
399,4640,"p14","m0",0.234202077982622,0.722839281857013,-1.50798361463604,0.790112799302543
400,4643,"p14","m0",0.411034869596983,0.807991778216177,-1.46836252017907,0.26435771662288
401,4647,"p14","m0",0.220902403505214,0.741140633132919,-1.69952068838512,0.749773097814892
402,4649,"p14","m0",0.323090730025361,0.808184288395788,-1.1210255672717,0.66486105201309
403,4678,"p14","m0",0.264763659514631,0.76930131297482,-1.69832508989095,0.874998644129276
404,4692,"p14","m0",0.261871611591347,0.727074116723224,-1.03165058076164,0.883343827255295
405,4701,"p14","m0",0.252943295483943,0.713935790705196,-1.56221722709596,0.756420261390686
406,4703,"p14","m0",0.280204599785017,0.77697491641975,-1.80402047814708,0.569366259773845
407,4709,"p14","m0",0.316679388361462,0.747397758263423,-1.34007565875795,0.684785347596551
408,4712,"p14","m0",0.286187561253188,0.729977543187569,-1.38633663188583,0.522031603994184
409,4718,"p14","m0",0.237947202281253,0.72599921649637,-1.28250180783099,0.972528705181198
410,4722,"p14","m0",0.258480956888659,0.742222365244421,-1.10677366390308,0.753837862317019
411,4728,"p14","m0",0.191102937937353,0.737066157771622,-1.62902142314294,1.16055940020794
412,4739,"p14","m0",0.28198081208172,0.727201768653968,-1.48335776129408,0.69347161962528
413,4744,"p14","m0",0.331259594503187,0.816649913192011,-1.25995187953481,0.309767426198294
414,4747,"p14","m0",0.256140009397235,0.744214615624775,-1.83769916745549,0.918608603835268
415,4759,"p14","m0",0.312073494202954,0.729675249121489,-1.41403257471292,0.616989510895361
416,4765,"p14","m0",0.150261447504421,0.68863528151392,-1.88515810817591,1.2292606203956
417,4772,"p14","m0",0.182607274572158,0.664737218443653,-1.63933939999607,1.08817970388974
418,4791,"p14","m0",0.420353859905379,0.834852545105163,-1.07058216710093,0.451008862852629
419,4796,"p14","m0",0.184223696103542,0.669294049847231,-1.98815180570736,0.9883584957091
420,4811,"p14","m0",0.116346562061533,0.66700288543361,-1.96207133887476,1.37252480833201
421,4826,"p14","m0",0.288455278309733,0.788683130280278,-1.61705654198624,0.770552938457276
422,4875,"p14","m0",0.331359606704931,0.780257394228101,-1.68470643885182,0.600181245471912
423,4880,"p14","m0",0.257977570572625,0.740406199048686,-1.40285299832881,0.924335765843949
424,4888,"p14","m0",0.274384515304997,0.719259872976296,-1.67423291027417,0.81333240801551
425,4930,"p14","m0",0.292544757999811,0.751423183955117,-1.53139152292264,0.72762292274925
426,4931,"p14","m0",0.326672655722525,0.72552520791394,-1.91828578058596,0.640057903951421
427,4940,"p14","m0",0.244914781425414,0.72913725770645,-1.91966179827457,1.04847307076622
428,4983,"p14","m0",0.288042951454114,0.768427001703684,-1.46010321568958,0.572223321374292
429,5045,"p14","m0",0.198897833956092,0.718774785853038,-1.66674086380572,1.0498731454886
430,5080,"p14","m0",0.192224800822671,0.717025624878005,-1.66035739152726,1.12885007125351
431,5084,"p14","m0",0.198297582547136,0.645501960332853,-1.9355447901291,0.998032879546329
432,5089,"p14","m0",0.218781570283739,0.73433799663416,-1.85026785765084,0.934320633487589
433,5097,"p14","m0",0.309124739964647,0.813827164985731,-1.59084232068441,0.571358623802648
434,5119,"p14","m0",0.304549344542459,0.801133827694451,-1.71755843906931,0.91712444720833
435,5120,"p14","m0",0.261066019694004,0.770536565534854,-1.33883358396633,0.850212515301814
436,5124,"p14","m0",0.312633410692304,0.707783374892418,-1.27820104399723,0.337997195430888
437,5132,"p14","m0",0.442300024146987,0.868578152382933,-1.50697409407698,0.183558015296592
438,5136,"p14","m0",0.339634232174394,0.730329922103479,-1.67953098248357,0.509269895841944
439,5142,"p14","m0",0.216947445268364,0.796447178565452,-1.63711604815305,1.19169640371132
440,5152,"p14","m0",0.272228080218009,0.714765831195483,-1.29993375517881,0.824933182297969
441,5173,"p14","m0",0.24548474283079,0.721454750913271,-1.72801648566538,1.00185373278533
442,5185,"p14","m0",0.283901284876712,0.742943840845013,-1.33721825080562,0.803584954851559
443,5188,"p14","m0",0.326336460783888,0.756759686704154,-1.35084725026926,0.722264558537362
444,5190,"p14","m0",0.246257059165864,0.705769897689799,-1.63142345097597,0.903922028054805
445,5191,"p14","m0",0.277128112314773,0.768771068837785,-1.36808717494024,0.818855412125
446,5226,"p14","m0",0.288353746211816,0.793444440506804,-1.55009911637897,0.76784405628912
447,5245,"p14","m0",0.254274813830783,0.663029825304245,-1.66724470135606,0.693005135019108
448,5246,"p14","m0",0.247545553629636,0.71183078714123,-1.61863424764869,1.12426422801661
449,5255,"p14","m0",0.262289972300128,0.810470515409366,-1.39998791333448,1.03689499069336
450,5268,"p14","m0",0.250950429548586,0.756023396171523,-1.77602886469108,1.05700023243622
451,5301,"p14","m0",0.379352317591405,0.820096104098284,-0.976705359300962,0.317075826592351
452,5303,"p14","m0",0.240117668825321,0.710865873247794,-1.43565789328284,0.736548477090714
453,5311,"p14","m0",0.297903405052732,0.705839971192623,-1.74454594314617,0.300331819966003
454,5319,"p14","m0",0.312278795597722,0.806641483757677,-1.71766730642356,0.752206772970821
455,5329,"p14","m0",0.292079024180045,0.762496832499267,-1.28740077124632,0.693683110935354
456,5332,"p14","m0",0.348414680127519,0.718866830467998,-1.59945331898108,0.542448768312752
457,5340,"p14","m0",0.319214841440131,0.78634658270635,-1.65319510166726,0.486086259821502
458,5348,"p14","m0",0.258788236148357,0.715370441453355,-1.38838691096948,0.937009054719948
459,5362,"p14","m0",0.365108052627218,0.821580663588299,-1.001699094083,0.335617438294173
460,5380,"p14","m0",0.209949425303153,0.708391808903586,-2.05103036020809,0.986911488325867
461,5400,"p14","m0",0.37809403127223,0.80878159286104,-1.22305974578119,0.292381872927974
462,5408,"p14","m0",0.136813564871872,0.629933496766331,-2.19876383761579,1.27990439038635
463,5463,"p14","m0",0.196785827046229,0.714390699691881,-1.76574712449082,1.11806796396951
464,5483,"p14","m0",0.222393208042815,0.666966356930062,-1.77240361663254,0.789937826735543
465,5506,"p14","m0",0.223100822803925,0.71762381867708,-1.90656533263436,0.863073535501558
466,5515,"p14","m0",0.387576845750271,0.803016612634227,-0.89945148409055,0.406167355429975
467,5535,"p14","m0",0.279182789250234,0.732495191759596,-1.24436430393244,0.726820884977405
468,5545,"p14","m0",0.186897811074636,0.731016108154479,-1.61508329264403,0.856029768096757
469,5554,"p14","m0",0.206748999453491,0.686224628853241,-1.78351480490443,1.14665892718859
470,5564,"p14","m0",0.172484836847188,0.719260490848977,-2.04919892794379,1.34278319169235
471,5571,"p14","m0",0.232855793803349,0.819497976422951,-1.58484940673259,1.1588454620569
472,5595,"p14","m0",0.207893792110358,0.789295666157155,-1.99486498613601,1.03582676457545
473,5597,"p14","m0",0.21530441102519,0.769998522476044,-1.845985576554,1.15153519084194
474,5604,"p14","m0",0.300051021742983,0.811811039194101,-1.13771816750612,0.763084975784702
475,5611,"p14","m0",0.191428553994693,0.712605920201638,-1.30858824545609,1.19991294378077
476,5617,"p14","m0",0.259797511278093,0.756936822134846,-1.61704168630404,0.947062697341697
477,5622,"p14","m0",0.291911258922229,0.775585230217448,-1.50485246789056,0.711553156884931
478,5632,"p14","m0",0.216951878751111,0.707350756080902,-1.47038248694261,1.08297141701658
479,5645,"p14","m0",0.17909037468215,0.752297188626288,-1.71898956668746,1.47398046866997
480,5649,"p14","m0",0.343707301676122,0.750359101246699,-1.19818049508061,0.529268718840544
481,5667,"p14","m0",0.307790680180038,0.723064972665557,-1.83250959214598,0.619974190334235
482,5670,"p14","m0",0.36338163052674,0.790339112218915,-0.950222895911181,0.470722962038922
483,5699,"p14","m0",0.254426141885508,0.761486968391552,-1.11562668267293,0.95499403651669
484,5705,"p14","m0",0.337371137574981,0.727369669961113,-1.22722073177452,0.576867523703262
485,5708,"p14","m0",0.293211386590339,0.622387105967279,-1.58136261274076,0.4929108832355
486,5710,"p14","m0",0.215447675521566,0.721880927481695,-1.80441013303232,1.11682431833431
487,5723,"p14","m0",0.388060461545875,0.831421761327964,-1.43277992417368,0.395556179551922
488,5735,"p14","m0",0.351417957925259,0.785885988870068,-1.1541729500242,0.54904224834782
489,5741,"p14","m0",0.373874323895983,0.828994521101683,-1.04615467342246,0.245766422686286
490,5743,"p14","m0",0.251909852730309,0.753660207987334,-1.33368774672749,0.730513103480018
491,5749,"p14","m0",0.364962980071784,0.759742549002991,-0.955605621916891,0.361296884357777
492,5754,"p14","m0",0.28990758601931,0.736066399437828,-1.22050388190314,0.610979208551725
493,5759,"p14","m0",0.303129045439311,0.740421101586417,-1.64189760462304,0.66934808070164
494,5761,"p14","m0",0.129371992506484,0.754888135315059,-2.01524844615292,1.64519049083158
495,5776,"p14","m0",0.267251020735304,0.813108250941007,-1.49763572157455,0.829069399487064
496,5807,"p14","m0",0.280554361638392,0.787230973950113,-1.86384804655105,0.767666590266451
497,5811,"p14","m0",0.228485049920251,0.700799549628561,-1.34904014170221,0.968853758931549
498,5831,"p14","m0",0.170148995152825,0.707470436800089,-2.03270334631712,1.23043952950771
499,5850,"p14","m0",0.25867215243455,0.772116383352699,-1.17744929763874,0.92533337215982
500,5852,"p14","m0",0.319247531088707,0.835490545657434,-1.47364412013267,0.828189868639849
501,5871,"p14","m0",0.261960358518839,0.783937838568879,-1.65059140967745,0.950684628302947
502,5889,"p14","m0",0.338360822750977,0.823940149946581,-1.53161251309227,0.560491112150555
503,5895,"p14","m0",0.268970948760283,0.752488416384835,-0.971446891014315,0.773070371522286
504,5900,"p14","m0",0.228623989758635,0.741499175760088,-2.23144875249438,0.926199306441763
505,5909,"p14","m0",0.196211529643015,0.667312355608793,-1.43305030390618,1.02315093182182
506,5923,"p14","m0",0.242513271684399,0.700240516954175,-1.64896441119725,0.983249299033548
507,5928,"p14","m0",0.134390237534383,0.627793835267786,-1.6055882443591,1.5074944060528
508,5941,"p14","m0",0.328435017729783,0.775968124092624,-1.49370586106078,0.585325318536095
509,5945,"p14","m0",0.3146080222074,0.744641796274683,-1.53413471413622,0.336661237891195
510,5956,"p14","m0",0.193532958617601,0.71792432711064,-1.41775390187582,1.26890978101562
511,5961,"p14","m0",0.276193890072032,0.781014049737454,-1.89446584022061,0.858796627273714
512,5984,"p14","m0",0.26500836801716,0.728784652356156,-1.68571624616374,0.755269806292577
513,5997,"p14","m0",0.346993420439944,0.728184160775283,-1.25647829627987,0.331941703169271
514,6010,"p14","m0",0.193055768415149,0.686625782642121,-1.61091846281814,1.02805726398527
515,6019,"p14","m0",0.303362747285395,0.76018679879256,-1.63194585637418,0.554084244070643
516,6026,"p14","m0",0.319895425489433,0.811937712699468,-1.70941414167955,0.644277714613747
517,6029,"p14","m0",0.324648375637878,0.737412746593249,-1.3259486606462,0.678516990062353
518,6041,"p14","m0",0.29521213784427,0.739123853074504,-1.13209820495707,0.586256197773179
519,6057,"p14","m0",0.323756587397789,0.810320706125529,-1.4102038076654,0.805777892740087
520,6061,"p14","m0",0.234987803059518,0.710570731329554,-1.60354644646398,0.986326952598427
521,6068,"p14","m0",0.223466858593387,0.694905000995535,-1.96003945022275,0.962744535336701
522,6085,"p14","m0",0.181862317525509,0.716793419686783,-1.71936409575939,1.16328184436145
523,6098,"p14","m0",0.259065950663641,0.776613342073092,-1.57340839293932,0.867735485543112
524,6104,"p14","m0",0.219162175208113,0.700717846530889,-1.16082120264213,0.800689172539602
525,6109,"p14","m0",0.188142680965445,0.71556881008476,-2.0734301025475,1.08284373029724
526,6113,"p14","m0",0.22740631702402,0.699656717708199,-2.08775360727084,0.811674255774274
527,6127,"p14","m0",0.392245634445592,0.813945133694964,-1.32737321257494,0.25914789255319
528,6132,"p14","m0",0.388208183269033,0.806919852025512,-0.968347646539973,0.328675703691405
529,6152,"p14","m0",0.252916116557931,0.749846748439416,-1.52617510999675,0.802148602958759
530,6153,"p14","m0",0.351871614457317,0.812929875546328,-1.86614691515069,0.478621431369722
531,6164,"p14","m0",0.276409378107692,0.82920934660718,-1.40153008608795,0.920621432853417
532,6172,"p14","m0",0.194708168908764,0.669964790673868,-1.0868953324329,0.887287549911392
533,6198,"p14","m0",0.211394332997792,0.695327795219913,-1.56392660379582,1.04673401950105
534,6212,"p14","m0",0.323465098806068,0.739440003042696,-1.45455486437611,0.547459231743361
535,6215,"p14","m0",0.292202663322035,0.773153894176573,-1.55949530485158,0.528702511712039
536,6245,"p14","m0",0.174819089783058,0.662578698611398,-1.85746464677463,1.18460511896086
537,6262,"p14","m0",0.193889445675947,0.719179445747618,-1.80827108863125,1.02525239993015
538,6272,"p14","m0",0.302420746591198,0.799318886465488,-1.19537768225188,0.726259744376904
539,6291,"p14","m0",0.264418253427558,0.766608394650328,-1.91871534561171,1.03589594532613
540,6302,"p14","m0",0.167892066302053,0.686421683055546,-1.73867350831656,1.16568221892085
541,6305,"p14","m0",0.347079453668148,0.7764434839037,-1.35528725931376,0.330140043475424
542,6315,"p14","m0",0.308291633824862,0.710524451543706,-1.31379512964102,0.645049477060752
543,6332,"p14","m0",0.283816969670314,0.784017039090395,-1.54803436930809,0.84151015795096
544,6344,"p14","m0",0.239108560743863,0.706214583948106,-1.64834571809627,0.7937454793652
545,6346,"p14","m0",0.327650779826458,0.733691168559536,-1.81621826191877,0.543554991889125
546,6362,"p14","m0",0.260372639271675,0.775797885045954,-1.49389623814083,0.979775770785677
547,6410,"p14","m0",0.20320077820218,0.654202753872718,-1.4118291696028,0.866189420646818
548,6438,"p14","m0",0.246674040257439,0.739872833091373,-1.31266460726286,0.998319500386939
549,6461,"p14","m0",0.31068022069911,0.801039515727611,-1.56286817277749,0.819929937528211
550,6465,"p14","m0",0.39672054299572,0.779315233471578,-1.64997391473734,-0.0291880370452893
551,6481,"p14","m0",0.217354335155554,0.728439030910432,-1.87864309909448,0.890447490278819
552,6492,"p14","m0",0.353313157868325,0.779365380581966,-1.12347724204901,0.545109190745755
553,6493,"p14","m0",0.3074041352244,0.712315956978038,-1.76377775871203,0.646522356021276
554,6501,"p14","m0",0.2221050606899,0.682298297666852,-1.6512412707262,0.964093752865979
555,6508,"p14","m0",0.191748776926477,0.692192881518777,-1.42103336103869,1.08382560606027
556,6523,"p14","m0",0.183334803563799,0.667766567135738,-1.46495096408869,0.973241471683735
557,6549,"p14","m0",0.240078672677791,0.625102971106129,-1.35799713056518,0.820578373857157
558,6573,"p14","m0",0.204200188964675,0.726349831287581,-1.91882978642727,1.14015678783637
559,6610,"p14","m0",0.266491830331451,0.756880673776244,-1.45611866112738,0.853638361233429
560,6619,"p14","m0",0.279665990055638,0.725872108306337,-1.43590206732458,0.784512917563328
561,6623,"p14","m0",0.303991673536654,0.690951946923592,-1.12363100276332,0.710294323299171
562,6643,"p14","m0",0.221202485467036,0.682762327471275,-1.78469030793814,0.986385959794243
563,6654,"p14","m0",0.345151302632897,0.761088634413867,-1.35168766953709,0.474080769687054
564,6683,"p14","m0",0.235720085350897,0.732449721651568,-1.24172330012206,0.983834620028373
565,6686,"p14","m0",0.273575842620234,0.745631342709618,-1.8860590982513,0.787759201315773
566,6695,"p14","m0",0.294334502032325,0.809544014451204,-1.34738632946166,0.693011256488884
567,6706,"p14","m0",0.353918806832627,0.776324985828158,-1.54941913328441,0.537267441451537
568,6724,"p14","m0",0.224272464415562,0.6718837815209,-1.65750302384985,0.93247587889311
569,6725,"p14","m0",0.17469647649015,0.710475218621066,-2.02829376047046,1.01987142395702
570,6756,"p14","m0",0.282422896465707,0.743082219357753,-1.46445157729611,0.886760402574596
571,6781,"p14","m0",0.31545468912477,0.788810944161994,-1.2216909994842,0.591397320595683
572,6804,"p14","m0",0.158339631489875,0.689710901457606,-1.93398582975561,1.27083223456115
573,6806,"p14","m0",0.208875971293846,0.721007334554989,-1.89227382289635,0.960526987897555
574,6812,"p14","m0",0.163819158590457,0.615376688490354,-1.97426760573834,1.11758558368194
575,6823,"p14","m0",0.356598192895302,0.798458803234071,-1.60085623372034,0.442992039768401
576,6827,"p14","m0",0.316253516544004,0.773444942936163,-1.12919904671181,0.73698258281294
577,6846,"p14","m0",0.413902192425657,0.806272076326423,-0.85241460324219,0.118099205286979
578,6852,"p14","m0",0.0807230509317526,0.658784217355129,-2.31384215019759,1.58721002533188
579,6863,"p14","m0",0.210285064772604,0.7500438055091,-1.34006811575505,1.23232296779965
580,6878,"p14","m0",0.208664536522523,0.706556871285251,-1.7987503909567,1.00882927128867
581,6907,"p14","m0",0.349827284784728,0.795259110680818,-1.513078746767,0.466596505481845
582,6915,"p14","m0",0.251873046855907,0.745170026407514,-1.71768976951551,0.789144236770552
583,6929,"p14","m0",0.29497899397025,0.744876431883671,-1.39255775019592,0.525396660912898
584,6954,"p14","m0",0.240405874826871,0.759912628159834,-1.61673947264477,0.880438525579479
585,6984,"p14","m0",0.240369860367831,0.761890145699664,-1.54483939192428,0.988076242042726
586,6988,"p14","m0",0.164208236471433,0.652113234535211,-1.76884144461171,1.20648948535848
587,6997,"p14","m0",0.232160559603851,0.718646519556533,-1.3498903905481,0.8097868071574
588,7013,"p14","m0",0.21185522077141,0.702902837547949,-1.60484165991268,1.08164317176503
589,7017,"p14","m0",0.30614809149468,0.737829641943835,-1.44980443323818,0.609248499832946
590,7028,"p14","m0",0.301044089074272,0.788025167874053,-1.21359235788152,0.713016160143398
591,7055,"p14","m0",0.284718899624066,0.750540641176538,-1.28615875136976,0.74546570413161
592,7071,"p14","m0",0.203788468939369,0.733025487977175,-1.82723376191925,1.13318263138951
593,7094,"p14","m0",0.262998969398458,0.787903574304639,-2.37978729338896,0.91709079351679
594,7108,"p14","m0",0.328950779208578,0.828825712452438,-1.07268559274227,0.623773716047488
595,7118,"p14","m0",0.254232301927476,0.774682213479127,-1.23829428394297,1.08934844363735
596,7120,"p14","m0",0.319285964602248,0.743230668992206,-1.11362833548634,0.378567154054916
597,7128,"p14","m0",0.283210097912165,0.801914430739687,-1.65152344915693,0.80399176503066
598,7142,"p14","m0",0.205137153206237,0.601767422231377,-1.34209170973053,0.949899566809426
599,7160,"p14","m0",0.348516624921289,0.749646020620332,-1.3064705334873,0.565445266633386
600,7177,"p14","m0",0.298366684786626,0.778772491246493,-1.2533416713036,0.780986536140306
601,7185,"p14","m0",0.336604115436682,0.715609604275767,-1.39254961871013,0.317407309482443
602,7198,"p14","m0",0.327656035034643,0.792918715896658,-1.54732209204705,0.732218970248146
603,7230,"p14","m0",0.340183099893263,0.75850630461945,-1.17601675945656,0.478386334087787
604,7235,"p14","m0",0.318419610724993,0.77263726285973,-1.2869438754831,0.717821635027493
605,7238,"p14","m0",0.200326776174547,0.747002631368642,-2.08734226203941,1.13359159155582
606,7247,"p14","m0",0.362738058889784,0.759773298974389,-1.56367935053598,0.463557501989187
607,7251,"p14","m0",0.272055672973519,0.769847190588475,-1.74770575467729,0.80084628763817
608,7268,"p14","m0",0.219396117858556,0.728126650560538,-1.72536181175406,1.13691992657253
609,7270,"p14","m0",0.260012384869667,0.713072280772593,-1.37528744272879,0.722673126376588
610,7279,"p14","m0",0.252549044036081,0.697571110201929,-1.55920597270496,0.822247851601747
611,7297,"p14","m0",0.189339606881141,0.670228244759562,-1.79522129096352,1.15253609413869
612,7305,"p14","m0",0.305206670365207,0.708593009283342,-1.05980418423064,0.630367841823993
613,7324,"p14","m0",0.373494109762089,0.795987663315009,-1.55422653233085,0.364772449013227
614,7329,"p14","m0",0.238174737193939,0.708252511727809,-1.48931868702753,0.886355306744632
615,7332,"p14","m0",0.243321574366089,0.744587492454921,-1.45945684358798,0.916435627780268
616,7353,"p14","m0",0.251353240588898,0.72739834660276,-1.64629706287028,0.980431593532991
617,7355,"p14","m0",0.142815109096049,0.686649148706357,-1.82820411961025,1.09973247730396
618,7361,"p14","m0",0.261033786388558,0.726011504551211,-1.5508242254538,0.867186030021201
619,7364,"p14","m0",0.204951633415518,0.702351435407436,-1.58656971625223,0.915460858942068
620,7367,"p14","m0",0.220455996539417,0.754647494072581,-1.7244186082733,1.17596005737215
621,7391,"p14","m0",0.307866401868777,0.729077604468669,-1.37761012228647,0.503461761333157
622,7410,"p14","m0",0.327724438263953,0.800974231374423,-1.05265867289674,0.581057878994729
623,7422,"p14","m0",0.263079566170944,0.755812687103085,-1.61134254764976,0.862840678748156
624,7429,"p14","m0",0.217990202183702,0.736519967577578,-1.16658541433412,0.94990356414319
625,7431,"p14","m0",0.253566086050324,0.77670751356235,-1.69118906483238,0.925940445837566
626,7436,"p14","m0",0.342716693743504,0.783400625932376,-1.0599109773726,0.490169356118894
627,7468,"p14","m0",0.329674600008821,0.764291710559825,-1.18003014654415,0.536874629196236
628,7479,"p14","m0",0.261209704268062,0.738092489900048,-1.6788074946964,0.670486915181844
629,7492,"p14","m0",0.313696931080596,0.811115083684,-1.56982638340327,0.715327208329092
630,7494,"p14","m0",0.27597302408323,0.751078890148949,-1.31882507982547,0.721623687765912
631,7496,"p14","m0",0.364390840037688,0.771335595068585,-1.86919137807447,0.675732948170549
632,7505,"p14","m0",0.220933263422556,0.62891342294135,-1.21792390429974,1.03117484275409
633,7514,"p14","m0",0.385428071272919,0.82020296636025,-1.3994979754068,0.334605381013557
634,7537,"p14","m0",0.234810461925642,0.734275678962158,-1.30289102160204,0.974012511993553
635,7545,"p14","m0",0.148129534299237,0.631537183631026,-1.65415963390979,1.08350628746672
636,7559,"p14","m0",0.294635546163946,0.730185034593283,-1.09901835355482,0.67147001340648
637,7570,"p14","m0",0.198273920633132,0.701965489660282,-1.71239617999365,1.05181797891358
638,7605,"p14","m0",0.16265207887141,0.662241810880423,-1.61789628135776,1.17229779729571
639,7620,"p14","m0",0.312136079800322,0.746074716505674,-1.9041318447472,0.54280882263637
640,7622,"p14","m0",0.378930146644312,0.75228800192943,-0.986956126853768,0.28980025561522
641,7626,"p14","m0",0.225571544135492,0.644168031962747,-1.61138082717578,0.873814410323097
642,7673,"p14","m0",0.254360376538302,0.771355323067439,-1.56816589811163,0.993568960885741
643,7680,"p14","m0",0.24125932067675,0.746750493069095,-1.23095209730868,1.11862032121833
644,7684,"p14","m0",0.329961105514362,0.776851090689119,-1.24847278401146,0.615519036064134
645,7687,"p14","m0",0.180325360105791,0.719623651062343,-1.61417279289502,1.15185972792012
646,7703,"p14","m0",0.415210940739664,0.882616951531468,-1.27153295858819,0.354681366923745
647,7707,"p14","m0",0.222459519316654,0.7266882555831,-1.66758211350484,0.956810515473139
648,7708,"p14","m0",0.216947291427659,0.760513571596075,-2.09729521825816,1.05788809184042
649,7731,"p14","m0",0.290367118563263,0.810331944654936,-1.490639322273,0.900240607869995
650,7747,"p14","m0",0.2467808929803,0.696199714345055,-1.37247917632751,0.729941531606919
651,7749,"p14","m0",0.311283498163957,0.797168168191132,-1.68644143640053,0.825631517492453
652,7758,"p14","m0",0.310847320605276,0.824788596964515,-1.57455351062712,0.851077133751299
653,7790,"p14","m0",0.316177103693769,0.79330624361368,-1.44539507378132,0.712442618125166
654,7791,"p14","m0",0.342582867349827,0.722692849570064,-1.35814677306018,0.394039098455643
655,7810,"p14","m0",0.273925546166651,0.736096557877219,-1.30528279872575,0.800624448586041
656,7813,"p14","m0",0.218343230660976,0.694277687790679,-1.91612045443402,0.952753338200612
657,7821,"p14","m0",0.257832260787814,0.674502512954111,-2.12523047088361,0.676181688269935
658,7824,"p14","m0",0.316186974766525,0.689448910659764,-1.47428325106938,0.541284997682384
659,7851,"p14","m0",0.211418754624596,0.752398281999828,-1.81206846422903,1.12806629301602
660,7867,"p14","m0",0.229526592696446,0.78560502928081,-1.27311565442841,1.19148338296672
661,7871,"p14","m0",0.201837222642924,0.671804332002527,-1.26015029906444,1.12182592894693
662,7875,"p14","m0",0.273815680040402,0.738934536323935,-1.19755805288703,0.751016323662481
663,7877,"p14","m0",0.258289375226956,0.71966440397257,-1.8724304112934,0.750071665311789
664,7884,"p14","m0",0.256205667154171,0.734151166894802,-0.941126722418339,0.960997419186445
665,7892,"p14","m0",0.282420036958269,0.733868071837791,-1.14945611164111,0.705269444884964
666,7893,"p14","m0",0.310373859111748,0.821266594705855,-1.21608770882263,0.639646492876599
667,7915,"p14","m0",0.313095174098822,0.780615031229675,-1.65397279287155,0.37122800925664
668,7944,"p14","m0",0.372584718608705,0.804128041705937,-1.50135306254105,0.266310407615128
669,7976,"p14","m0",0.287076759129375,0.724977434760762,-1.6028771243282,0.793525205776261
670,7979,"p14","m0",0.209076924535985,0.73400966032047,-1.52824981606797,0.884139846208908
671,8038,"p14","m0",0.203913878574745,0.712017497218126,-1.79006464028284,0.938930651450071
672,8039,"p14","m0",0.137178493763306,0.685524577313171,-1.60317286645873,1.39026737734097
673,8047,"p14","m0",0.339084705286152,0.810760255536315,-1.50899151982385,0.613244849659443
674,8066,"p14","m0",0.328143780052939,0.808588264563916,-1.67775123382222,0.69346766221934
675,8068,"p14","m0",0.160447694434688,0.739612414022772,-1.60760840044814,1.22500827375876
676,8074,"p14","m0",0.299924037608533,0.712045471664957,-1.47182654951604,0.714573258085707
677,8082,"p14","m0",0.338398248342837,0.80551820855818,-1.71695868669787,0.63938660159664
678,8094,"p14","m0",0.276123223534589,0.740624184211645,-1.45606410903903,0.6396493124462
679,8099,"p14","m0",0.308362963998134,0.70290262132137,-1.33150313110491,0.588218290581445
680,8101,"p14","m0",0.245358269191088,0.667221465991548,-1.62261780982437,0.638907640551286
681,8110,"p14","m0",0.247217557026617,0.710775975946911,-1.53314303735912,0.81605131864091
682,8126,"p14","m0",0.211423791858733,0.734209593949913,-1.57670050052186,0.872931105839607
683,8173,"p14","m0",0.282749023288802,0.727113059456735,-2.05439701126057,0.762002729442668
684,8177,"p14","m0",0.294811487266648,0.741529738221334,-1.33719264771206,0.799448975549864
685,8201,"p14","m0",0.314915665948757,0.79444763818362,-1.36881859840404,0.824681098814951
686,8206,"p14","m0",0.339490783112495,0.825466988519082,-1.62149881113017,0.529286588903633
687,8222,"p14","m0",0.362872602718873,0.7561468653958,-1.51279477636569,0.299758596314812
688,8233,"p14","m0",0.251329709525196,0.79511587894123,-1.31858148885775,1.07105797237992
689,8236,"p14","m0",0.329714463964515,0.784835223184816,-1.27229243039722,0.589734048084654
690,8242,"p14","m0",0.299594734562497,0.784387503204655,-1.31748247874708,0.616189719783377
691,8273,"p14","m0",0.266457368340731,0.753102854500222,-1.75065991341269,0.752253949554292
692,8283,"p14","m0",0.237690988423044,0.71885004121262,-1.88620763044256,0.800631765613518
693,8294,"p14","m0",0.273283093927652,0.766884421562323,-1.43328319721426,0.646663241324373
694,8299,"p14","m0",0.352334817280046,0.754097417600686,-1.26546707101076,0.408117480456698
695,8332,"p14","m0",0.209877333628562,0.697016010945645,-1.31508195300229,0.869716109786075
696,8351,"p14","m0",0.284832737305632,0.784370892640062,-1.28886163677657,0.869485831037606
697,8363,"p14","m0",0.233975405963526,0.747779391364662,-1.89341175544175,0.960701763520473
698,8367,"p14","m0",0.235935699976152,0.705581946597442,-1.43333813982499,0.877698806672759
699,8371,"p14","m0",0.228626168685941,0.661919210186407,-1.67631548973712,0.736711997005634
700,8380,"p14","m0",0.250262558811339,0.663924248475186,-1.97111898704994,0.91259342007537
701,8386,"p14","m0",0.341344044928439,0.790433569942082,-1.61076908629149,0.530291869535324
702,8390,"p14","m0",0.211223676445134,0.705679842651761,-1.57893511610198,0.97735233697287
703,8393,"p14","m0",0.237633752922102,0.72499333377033,-1.64976055068626,0.768616227855438
704,8396,"p14","m0",0.218573572906546,0.700066258175918,-1.77438195027283,0.806445733233031
705,8402,"p14","m0",0.219282270899421,0.723629614279803,-1.62730109609528,0.945770068192461
706,8415,"p14","m0",0.243216224236273,0.691311160184467,-1.66347664902955,0.763482278581325
707,8425,"p14","m0",0.265748553620719,0.762597139830166,-1.54491665871029,0.968913339606271
708,8434,"p14","m0",0.313308575179626,0.708992459560598,-1.34044701884124,0.653030211455384
709,8435,"p14","m0",0.222953602916515,0.721396577669711,-1.66279239756519,0.925016901033314
710,8446,"p14","m0",0.195369055101524,0.671733496710654,-1.35179837855985,0.897498889145104
711,8453,"p14","m0",0.350726973206253,0.783306964462807,-1.82777725975609,0.317747065694444
712,8491,"p14","m0",0.278123833454916,0.770645574544928,-1.32938056438888,0.654493797336656
713,8508,"p14","m0",0.205583810423291,0.681374987764742,-1.56081123535837,0.816126486274758
714,8513,"p14","m0",0.183408855680862,0.714564882094257,-1.13984328691811,1.33683529242188
715,8520,"p14","m0",0.29044726948172,0.691126981807879,-1.32285033630312,0.535480493522491
716,8521,"p14","m0",0.268791457831728,0.776116634162343,-1.39826981738701,0.761143082649366
717,8537,"p14","m0",0.173370812330099,0.657297094676292,-2.10677270292971,1.31444150381271
718,8540,"p14","m0",0.220460710500309,0.733990245692992,-2.00579051789129,1.09169648451975
719,8545,"p14","m0",0.244812751179444,0.655408048345369,-1.52125430982788,0.739503641641756
720,8565,"p14","m0",0.366871846031027,0.822993349476693,-1.23303868922763,0.520235532938876
721,8566,"p14","m0",0.280888168714713,0.69792711960492,-1.5741979130034,0.444178311773944
722,8583,"p14","m0",0.28168320064702,0.788313778224943,-1.27602581408363,0.899729504836241
723,8609,"p14","m0",0.303869464170343,0.738322831746409,-1.32057999449717,0.441293922413195
724,8611,"p14","m0",0.168725282588207,0.618315148199435,-1.29506621726248,1.06919036839718
725,8619,"p14","m0",0.258636970051133,0.696924920061727,-1.40372618300752,0.891078480675161
726,8623,"p14","m0",0.148333416274392,0.661537431054674,-1.70415200773174,1.17821149597505
727,8627,"p14","m0",0.320601888979754,0.73356690769967,-1.58731043626248,0.557076517474271
728,8635,"p14","m0",0.331571353776316,0.812028408550729,-1.46408934159121,0.676190202974845
729,8652,"p14","m0",0.207433971720891,0.732831032498193,-1.63461204450505,1.2747179981587
730,8656,"p14","m0",0.262213411420143,0.769212042382107,-1.95467725822873,1.02814180441693
731,8664,"p14","m0",0.18125403919205,0.725634966651127,-1.58121417005856,1.20349558016804
732,8681,"p14","m0",0.160144843171222,0.653689070746634,-1.85296358887937,1.18718137048933
733,8682,"p14","m0",0.283454300920332,0.817222695455126,-1.11024658926671,0.805016746078159
734,8685,"p14","m0",0.176003076614228,0.699425886049616,-1.80851779805268,1.23778051905977
735,8705,"p14","m0",0.355145601391984,0.816107241308695,-1.2027476672156,0.459030047729661
736,8710,"p14","m0",0.173589365984073,0.728058101314802,-1.7425924471223,1.34919998574355
737,8721,"p14","m0",0.235448384335661,0.72021278022103,-1.63006102238773,1.01374147242017
738,8731,"p14","m0",0.258059000260521,0.739847844650661,-2.0142856490563,0.84580034506337
739,8734,"p14","m0",0.200962952010239,0.705538103706764,-2.04363447773842,1.19966454690606
740,8755,"p14","m0",0.235155689315532,0.740346456100046,-1.50184719063831,1.06798619707508
741,8761,"p14","m0",0.197503289084049,0.679814726291905,-1.43358827972385,1.24995817921235
742,8785,"p14","m0",0.0991452695284327,0.686189870839441,-1.44616460833936,1.28629790076533
743,8790,"p14","m0",0.310298394180626,0.758679438569454,-1.50807910748733,0.595191933245505
744,8802,"p14","m0",0.222772933634104,0.758035028121154,-1.12759155711432,1.19516671185644
745,8805,"p14","m0",0.327005930332924,0.757465348861366,-1.14262259419167,0.571865958106182
746,8810,"p14","m0",0.211462764492742,0.658003090045665,-1.51246044647831,0.924529336458959
747,8820,"p14","m0",0.286620312272441,0.754337341026843,-1.27035289124803,0.713958117139605
748,8822,"p14","m0",0.202883156462174,0.681748221917452,-1.74525467217246,0.905731864218099
749,8823,"p14","m0",0.27721915530088,0.736007241002492,-1.06075000502964,0.823054141337435
750,8827,"p14","m0",0.312574111156355,0.778027063832713,-1.84710017450283,0.630612775238431
751,8845,"p14","m0",0.319299816563144,0.740717405004862,-1.66734863852402,0.70232098670348
752,8849,"p14","m0",0.331995479502325,0.785629692660387,-1.41962460725456,0.605605065432571
753,8862,"p14","m0",0.254743088970543,0.658989185947485,-1.87583953395645,0.668783630812933
754,8866,"p14","m0",0.165197882505704,0.677600699957525,-1.11319966400593,1.21840214830622
755,8886,"p14","m0",0.364036425421065,0.758789068204732,-1.34229825968332,0.410056300095678
756,8910,"p14","m0",0.24073728768195,0.736173018286624,-1.35643833078053,0.834945382330427
757,8913,"p14","m0",0.315685815762088,0.77291609746693,-1.62137177065975,0.588733546182053
758,8916,"p14","m0",0.212636296391623,0.696073518205626,-1.73094158461602,0.906069904131319
759,8917,"p14","m0",0.182666060297488,0.671021154325147,-1.72307300901735,0.99234672350623
760,8921,"p14","m0",0.241226448628231,0.730113767569813,-1.33082722751566,0.883255739413571
761,8922,"p14","m0",0.13481644690742,0.676544249861144,-1.86701381715638,1.14223207447407
762,8939,"p14","m0",0.272251425781164,0.721525975338686,-1.293840437146,0.814214992499417
763,8945,"p14","m0",0.304817572300301,0.777159874213992,-1.03037182485707,0.854449963172159
764,8950,"p14","m0",0.273544492945877,0.685262592146786,-1.77588087962683,0.575792456473243
765,8968,"p14","m0",0.237603550037235,0.762107194260599,-1.37701816551257,0.997145645731416
766,8990,"p14","m0",0.18166734907819,0.699041171404828,-1.29323411811368,1.13668755585825
767,8995,"p14","m0",0.349330712325728,0.762895855160427,-1.66660548312778,0.391617089541939
768,9003,"p14","m0",0.341788950193845,0.786242627179817,-0.941103653820716,0.612488611251958
769,9006,"p14","m0",0.381023742975893,0.743032479254192,-1.39462532706683,0.209468484906685
770,9008,"p14","m0",0.237714842945848,0.715293800964184,-1.34310478102854,0.766036089334189
771,9013,"p14","m0",0.235945475413987,0.746384133960579,-1.36737766561461,0.796739717954249
772,9017,"p14","m0",0.259593624412466,0.716472265481002,-1.46189046388126,0.939453932829619
773,9031,"p14","m0",0.31839489735606,0.756395432345912,-1.2762945529523,0.65344645280825
774,9033,"p14","m0",0.277178939220304,0.745095216440104,-1.08841394670661,0.592040838465478
775,9041,"p14","m0",0.349437350633004,0.788879343776562,-1.32012632582469,0.619911434674
776,9042,"p14","m0",0.35084240709406,0.777925598105526,-1.12553455134985,0.543086647393971
777,9046,"p14","m0",0.248826405235467,0.715728322989419,-1.73129927386897,0.760490921748363
778,9049,"p14","m0",0.219005539351246,0.670075607113311,-1.48947044068563,0.609728095257941
779,9072,"p14","m0",0.252385233607738,0.74240227799494,-1.76829345929925,0.887118724645356
780,9087,"p14","m0",0.35047662876221,0.824180408638565,-1.17298636360766,0.559733786345307
781,9096,"p14","m0",0.2715342145489,0.752595415248458,-1.67312441253117,0.836925781950483
782,9108,"p14","m0",0.28176808691448,0.765503273991687,-1.62104014875892,0.774845998698706
783,9112,"p14","m0",0.25555310133342,0.755861637864075,-1.63815090721083,0.931699076969786
784,9117,"p14","m0",0.183445588726485,0.729695082847848,-1.59071112476325,1.15912496424214
785,9127,"p14","m0",0.309381043632379,0.828898871004712,-1.57291745855843,0.785411256725716
786,9129,"p14","m0",0.294930018043932,0.760252488267686,-1.9717500788953,0.726191855025019
787,9143,"p14","m0",0.362502344996159,0.772148205997715,-1.22886175925411,0.29988900033212
788,9158,"p14","m0",0.159524552904691,0.732212873619171,-1.86966673597609,1.34795182149523
789,9177,"p14","m0",0.262104051450441,0.735230190698462,-1.56506573082679,0.925915509498766
790,9179,"p14","m0",0.351951120644088,0.761631933657785,-1.72721121372977,0.460071659770261
791,9210,"p14","m0",0.237389119725452,0.744193287787627,-1.76820687613501,0.954131032903161
792,9214,"p14","m0",0.255109720058878,0.725862175422291,-1.68484100744087,0.883693779590927
793,9217,"p14","m0",0.230942173452536,0.679609727741714,-1.75829605756613,0.993575783580169
794,9218,"p14","m0",0.201865569970881,0.645455185321358,-1.60215825353513,1.08157860692707
795,9246,"p14","m0",0.192575090032887,0.745119525449037,-1.88190855466419,0.996843773136657
796,9248,"p14","m0",0.318351024257776,0.752796676002724,-1.6276906291572,0.400515277852595
797,9267,"p14","m0",0.256272380992711,0.767147662091382,-1.71537353951791,0.894448863320666
798,9270,"p14","m0",0.311934331654465,0.745094103339677,-1.02066749537283,0.411210060628097
799,9293,"p14","m0",0.279936763035122,0.744588171047362,-1.20297185038403,0.785449520364058
800,9306,"p14","m0",0.232048951113505,0.716007001920865,-1.75724567461402,1.07788085072401
801,9319,"p14","m0",0.311631725793643,0.736206800125366,-1.49640805100083,0.203739836366074
802,9323,"p14","m0",0.320093940295954,0.769442399161454,-2.35534473100614,0.644895578558162
803,9336,"p14","m0",0.294636304878639,0.824352011327337,-1.12916272720401,0.799826234337252
804,9348,"p14","m0",0.249830050969284,0.726422813017735,-1.36166666843928,0.778483059055932
805,9369,"p14","m0",0.297468791711577,0.751845001525265,-1.2613800054992,0.521230613145954
806,9387,"p14","m0",0.263948188053603,0.752032803842308,-1.6417166498622,1.05161455818747
807,9412,"p14","m0",0.220002197062536,0.713610018018477,-1.82679311745609,0.855562796532584
808,9418,"p14","m0",0.320216271133337,0.816418536419518,-0.974484482518994,0.522374844038769
809,9434,"p14","m0",0.24439525695135,0.733816481744394,-1.59277912726719,1.19043762818795
810,9459,"p14","m0",0.34651778093055,0.772733019493621,-1.70216119994905,0.526593006940112
811,9499,"p14","m0",0.250003538268413,0.74694596638044,-1.44936323543798,0.89919248495288
812,9519,"p14","m0",0.200950506602264,0.67691190777559,-1.54290082420285,1.10660306580086
813,9529,"p14","m0",0.217493265128741,0.665846113303964,-1.83982558917788,0.949362801519347
814,9555,"p14","m0",0.280708545501399,0.72150148087349,-1.95596865968241,0.779229522792006
815,9558,"p14","m0",0.33668203053159,0.789585584497294,-1.39243704232936,0.597335766136011
816,9567,"p14","m0",0.240282487402997,0.731587736612846,-1.29214164159588,0.927428084430012
817,9568,"p14","m0",0.284816506317674,0.761529110240252,-1.37942025750269,0.773012423297716
818,9578,"p14","m0",0.479770624413208,0.827349134535643,-0.618758278068117,-0.222221855645862
819,9582,"p14","m0",0.258529232370656,0.749139839926293,-1.78568947770174,0.849930890493638
820,9615,"p14","m0",0.268150126083255,0.76411667406761,-1.25493860364837,0.892211666661073
821,9616,"p14","m0",0.193707512557346,0.744762660784583,-1.99738724022565,1.24364288458402
822,9620,"p14","m0",0.233927051400352,0.64972670809177,-1.18488892837478,1.02199378706911
823,9625,"p14","m0",0.332067504637849,0.700153107359809,-1.35036370985808,0.448467407752272
824,9647,"p14","m0",0.255288258552691,0.754361260505153,-1.63600323297239,0.963369242803746
825,9669,"p14","m0",0.255700558837887,0.694165169025525,-1.37424213713048,0.667877691314316
826,9674,"p14","m0",0.319523189308106,0.74455531123093,-0.911847633002482,0.684509739412001
827,9704,"p14","m0",0.279385215911976,0.731279102119728,-1.83726091106312,0.727751992876784
828,9707,"p14","m0",0.257474188364661,0.693442636889615,-1.06353624668572,0.811734761893402
829,9755,"p14","m0",0.308423103695218,0.753106392712802,-1.25643713218503,0.636806380350033
830,9768,"p14","m0",0.23195051088192,0.669502849348299,-1.40414948885574,0.837284492070559
831,9774,"p14","m0",0.208264031662887,0.766234856856691,-1.57034984085265,1.13777180962842
832,9779,"p14","m0",0.22639942981748,0.65838664869753,-1.77392352970349,1.03378565459792
833,9786,"p14","m0",0.249086370291172,0.74890659596771,-1.74136898819855,0.892223637852093
834,9787,"p14","m0",0.476436879522577,0.861876645186713,-1.14189963486691,0.158208539732968
835,9812,"p14","m0",0.157938060078847,0.67841467300253,-1.54824801143068,0.971059771588633
836,9813,"p14","m0",0.326418735749885,0.77864573647586,-1.4006860299107,0.586860858716103
837,9830,"p14","m0",0.28502686600731,0.733541922483696,-1.40360885603721,0.610481052008121
838,9841,"p14","m0",0.225467167925708,0.71772452832719,-2.06918878816377,0.795292534027289
839,9845,"p14","m0",0.240980247154424,0.751497824905522,-1.42223432686472,0.862637021398404
840,9889,"p14","m0",0.264698941508526,0.747062755872369,-1.36441657422662,0.777488491886983
841,9890,"p14","m0",0.218808074736466,0.642926132133323,-1.39961317351667,0.873143390088373
842,9907,"p14","m0",0.161451763479286,0.657771879606986,-1.7586871878329,1.12033588789497
843,9914,"p14","m0",0.244581844824213,0.711721928638888,-1.57996541245746,0.862251484067086
844,9936,"p14","m0",0.298968915101072,0.739360688363427,-1.59812738359877,0.647231406205864
845,9976,"p14","m0",0.286851654892611,0.790386489585666,-1.78850571670626,0.770528077478988
846,9985,"p14","m0",0.336535612447408,0.767822296087004,-2.0025171633628,0.608370330666097
847,9996,"p14","m0",0.294026073178163,0.789430530192677,-1.15094543983503,0.820833953220437
848,10030,"p14","m0",0.34016145235282,0.688883556597792,-1.67489947644493,0.289414608338833
849,10054,"p14","m0",0.233966186021555,0.734096212516167,-1.94914270791025,0.839275209355748
850,10063,"p14","m0",0.262362733441545,0.731049498526397,-1.92792386526642,1.01297137502312
851,10083,"p14","m0",0.383239772123355,0.784542686394156,-1.41115287031262,0.376847247908142
852,10085,"p14","m0",0.260503141034443,0.679227690310384,-1.33748079697059,0.723502342377821
853,10093,"p14","m0",0.324062211320206,0.761469841253464,-1.52337310970502,0.555358778120739
854,10126,"p14","m0",0.305150643970276,0.807760442418712,-1.38964751080619,0.586158105541934
855,10131,"p14","m0",0.196882488378951,0.713034064233393,-1.65593326102937,0.949704312126779
856,10153,"p14","m0",0.296671855358394,0.783392859274191,-1.11956766813889,0.739014969598834
857,10156,"p14","m0",0.248020342093648,0.73406918687166,-1.54598213315041,0.737454679273218
858,10162,"p14","m0",0.286889144188193,0.824043175740718,-1.40272563582285,0.822773883582635
859,10163,"p14","m0",0.304147976794551,0.718006319769923,-1.771325761928,0.704059198625089
860,10190,"p14","m0",0.2292858555424,0.718034391429492,-1.43943288646012,1.0503160470659
861,10215,"p14","m0",0.234476923831636,0.734891032985592,-1.928557067299,1.02662556717596
862,10229,"p14","m0",0.254738587128351,0.721490464554229,-1.4913787271927,0.821066802169405
863,10237,"p14","m0",0.266101589098819,0.717034080364955,-1.62891120251344,0.768958511289775
864,10246,"p14","m0",0.344007222716969,0.736761052934469,-1.16993264356492,0.452688671363431
865,10258,"p14","m0",0.164467755597868,0.671124029821598,-1.57739025827301,1.18100493440644
866,10269,"p14","m0",0.192118594597893,0.760241048274647,-1.68061687007948,1.17623311732625
867,10273,"p14","m0",0.290616020778154,0.782697626494919,-0.988535233446658,0.708602624018021
868,10287,"p14","m0",0.308300539121531,0.745776374072505,-1.86331988538816,0.570889117910479
869,10326,"p14","m0",0.240210637001149,0.769767442415581,-1.38921908670941,1.18369025313806
870,10346,"p14","m0",0.37582138716584,0.797872973653743,-1.56560036585813,0.464282296581744
871,10351,"p14","m0",0.248178414500047,0.735779491335324,-1.3081190761867,1.15324536528653
872,10374,"p14","m0",0.307130379010409,0.702744845949616,-1.21796430218718,0.583115450194618
873,10376,"p14","m0",0.259606974382548,0.713878000080866,-1.53389655582204,0.591950542881614
874,10384,"p14","m0",0.246864334707037,0.732864680187362,-1.04784063680942,0.924198797963104
875,10385,"p14","m0",0.316505734586482,0.787734744914461,-1.28789489068101,0.73279078177605
876,10401,"p14","m0",0.29344269308606,0.745692078679006,-1.08323012199831,1.04286337521175
877,10422,"p14","m0",0.390241151955825,0.793869289818606,-1.22578659522937,0.468613982839605
878,10443,"p14","m0",0.237358641412086,0.704735918868688,-1.36425042414824,0.771549892705843
879,10454,"p14","m0",0.337274597019891,0.781080453920044,-1.2313330671242,0.682261392339923
880,10472,"p14","m0",0.253396891035355,0.746436414346162,-1.00298736483294,0.920738392315972
881,10476,"p14","m0",0.258872087803915,0.720595510755623,-1.14471215230836,0.786610806729857
882,10480,"p14","m0",0.387992521815326,0.856191789624882,-1.26962852256229,0.61931343953111
883,10481,"p14","m0",0.29461101755606,0.787000832081238,-1.78621408093832,0.74208634094131
884,10495,"p14","m0",0.117676186700174,0.676002573666066,-1.62797227919035,1.45385423714655
885,10531,"p14","m0",0.152616948646581,0.654777197806991,-1.85050557450103,1.32717864095202
886,10534,"p14","m0",0.287502837826219,0.766217032302842,-1.23224360121464,0.93334793167855
887,10541,"p14","m0",0.274435339274556,0.755139928469778,-1.11270732992341,0.920286116548505
888,10542,"p14","m0",0.299617271356188,0.761506546317751,-1.36420101471996,0.599853322773041
889,10544,"p14","m0",0.171522928460024,0.740890067962509,-1.7275071870899,1.19208870366718
890,10553,"p14","m0",0.249785018261956,0.745699463734155,-1.92702236922603,1.17516878084229
891,10556,"p14","m0",0.29588991868451,0.788993330216244,-1.02319765982018,0.915963436508892
892,10574,"p14","m0",0.199702439211029,0.671070216470966,-1.49879019082158,1.0558346129825
893,10584,"p14","m0",0.364928307020566,0.746918565066342,-0.782813211756724,0.3335415622591
894,10589,"p14","m0",0.393849020080075,0.837387230687305,-1.27268303637916,0.189747711279041
895,10599,"p14","m0",0.194088302030039,0.700820572784664,-2.06008838194388,1.15895109719348
896,10601,"p14","m0",0.285409757394437,0.710723418399896,-1.3133887913445,0.619149072414491
897,10632,"p14","m0",0.349042801428767,0.795059757528782,-1.35313114907347,0.516905446204577
898,10658,"p14","m0",0.373277678169739,0.744424040994173,-1.73572532860235,0.10221132013189
899,10666,"p14","m0",0.310809195488473,0.727096330289218,-1.5036695084881,0.498487992310392
900,10670,"p14","m0",0.300391389104012,0.787845401321081,-1.39329716538261,0.835154599784299
901,10677,"p14","m0",0.396583410642558,0.803428280607913,-1.08964415658727,0.112400194388406
902,10720,"p14","m0",0.219022050249347,0.713894453362871,-1.37662491767572,0.883335780314422
903,10752,"p14","m0",0.189424571830453,0.698290716699124,-1.97623829784895,1.02957018081437
904,10754,"p14","m0",0.351143672028927,0.785020080169138,-1.49728008767816,0.551813150351271
905,10761,"p14","m0",0.278671150538312,0.776633484015035,-1.36326439793956,0.899711245147696
906,10778,"p14","m0",0.23695319824275,0.7176407403862,-1.3870915853507,0.83845723045411
907,10821,"p14","m0",0.290218079085958,0.826657545330476,-1.43778036327694,0.823105116918558
908,10845,"p14","m0",0.319085406386784,0.754505533939945,-1.22196443863855,0.578394041722418
909,10868,"p14","m0",0.307707050240369,0.797383644829163,-1.77673866635867,0.627893453775619
910,10879,"p14","m0",0.365675116591124,0.78072097495861,-1.69554620841206,0.0841532978704784
911,10882,"p14","m0",0.26380022923364,0.692101243939979,-1.61124175899114,0.882515308647166
912,10892,"p14","m0",0.137209699041507,0.620398463480253,-1.50681456595862,1.43447250902414
913,10896,"p14","m0",0.210717672132798,0.680828969031719,-1.93689990835377,0.878334506810605
914,10897,"p14","m0",0.237595246509658,0.753250560329473,-1.85676338759825,1.00997089529823
915,10898,"p14","m0",0.261194045493446,0.824192725672102,-1.43967316173224,0.869334082884398
916,10904,"p14","m0",0.439918360953842,0.774260451689088,-1.2740875510426,0.0492907761237646
917,10911,"p14","m0",0.260303124703551,0.690819934937459,-1.16285271224201,0.604940165666819
918,10919,"p14","m0",0.238219100763006,0.747875078504226,-1.74789696719709,0.894328455668358
919,10933,"p14","m0",0.30081522530251,0.778869379288132,-2.16923964902239,0.659004280171609
920,10945,"p14","m0",0.274964851479766,0.756005034303813,-1.32757637632499,0.848185490878227
921,10957,"p14","m0",0.214536866346644,0.773579516303496,-1.28630417277665,1.11289323775306
922,10966,"p14","m0",0.196515446242615,0.742181280731122,-1.74389271939651,1.15658989996886
923,11000,"p14","m0",0.294364795995771,0.760413201468532,-1.20733748316966,0.708957867719271
924,11007,"p14","m0",0.267420677032619,0.804458106207527,-1.62493780665111,0.942219123799264
925,11015,"p14","m0",0.358009952000743,0.763104905331946,-1.30002775268381,0.17637832286524
926,11029,"p14","m0",0.207371227808563,0.686752635863902,-1.59856842930188,0.943879837571831
927,11053,"p14","m0",0.299083957860821,0.719827533248432,-1.49528749144673,0.544990205930555
928,11060,"p14","m0",0.207632961458343,0.702320518138114,-2.27590646806056,1.02964410226372
929,11067,"p14","m0",0.298786775186317,0.809656527106587,-1.76819187943545,0.85239435006983
930,11083,"p14","m0",0.26405677070554,0.753051001885901,-1.5055981978723,0.743274990042587
931,11093,"p14","m0",0.269205422168231,0.724972369717164,-1.85431605479497,0.727166811795081
932,11107,"p14","m0",0.2353184486908,0.776789526810661,-1.56573052701784,1.12142324167466
933,11115,"p14","m0",0.336351438236529,0.771871942803648,-1.2975439025512,0.589324305339481
934,11117,"p14","m0",0.202972169365485,0.665345254642674,-1.94457206036879,0.997661777333611
935,11135,"p14","m0",0.239128011397471,0.767924394928393,-1.92724332673996,0.924321024477683
936,11140,"p14","m0",0.287034033738782,0.764111572492033,-1.46599441615283,0.695107956088693
937,11162,"p14","m0",0.327318746134734,0.7613842051132,-1.17602833230893,0.710641737673149
938,11182,"p14","m0",0.344549600556997,0.803709474195797,-1.34905718440542,0.676631844623741
939,11195,"p14","m0",0.224070313702769,0.7562834750521,-1.2841606004066,1.12189663138464
940,11201,"p14","m0",0.239622604521852,0.712242727170319,-1.74078707114646,1.00937795841335
941,11225,"p14","m0",0.276083717585443,0.731232788534492,-1.62124158068209,0.771744142026643
942,11226,"p14","m0",0.249224516680256,0.751113350221966,-1.13583369920731,0.868202264504748
943,11228,"p14","m0",0.269153043921352,0.790305658446987,-1.52635222386192,0.666313204600183
944,11239,"p14","m0",0.315696561645729,0.778539425431075,-1.50330328804282,0.864052304865558
945,11258,"p14","m0",0.231538850200972,0.668775974922151,-1.85004136876725,0.866369839107318
946,11259,"p14","m0",0.274910581941459,0.730410903568075,-1.387943714873,0.687330590043895
947,11267,"p14","m0",0.257510745731879,0.782434509670166,-1.88995070229416,1.05056811550768
948,11273,"p14","m0",0.292935233080564,0.759270134473323,-0.783969790877896,0.821598474709003
949,11289,"p14","m0",0.314882929243496,0.779246758995148,-1.12388619391217,0.813421152629524
950,11290,"p14","m0",0.312535083892645,0.747916771764529,-1.40523067739509,0.530418540409464
951,11291,"p14","m0",0.347183850216803,0.800959977144327,-0.798484842974408,0.512385324330022
952,11305,"p14","m0",0.241126460392826,0.702129871793504,-1.19988536083363,0.986993141442741
953,11316,"p14","m0",0.230820536674084,0.785152460471951,-1.11182618014069,1.14972510542504
954,11326,"p14","m0",0.27852184733154,0.740505127227596,-1.46999997388187,0.634900694817034
955,11337,"p14","m0",0.432188207967486,0.845457855515285,-1.21454822009321,0.322013208711324
956,11354,"p14","m0",0.304967240374582,0.713392006145231,-1.32954602374015,0.574352133320145
957,11356,"p14","m0",0.23742832711368,0.749540668915,-1.6667161407852,1.21060822197654
958,11358,"p14","m0",0.35241228506726,0.802733533168863,-1.38637875071821,0.283510415411034
959,11360,"p14","m0",0.28981069762734,0.749231669183055,-1.21588534216117,0.746670575540898
960,11374,"p14","m0",0.358130420448562,0.7923663992187,-1.16480524001832,0.622999061663561
961,11382,"p14","m0",0.321923049682495,0.721971609373229,-1.04216009099717,0.37249933294592
962,11388,"p14","m0",0.236363216126973,0.725685301267218,-1.50516706504803,1.01675968087899
963,11389,"p14","m0",0.243374290097579,0.738441018361226,-1.63595275322154,0.975510747038964
964,11394,"p14","m0",0.278631056173004,0.727662218166927,-1.4180237468707,0.737256288908207
965,11398,"p14","m0",0.119613959292048,0.706602539978469,-1.75577621667456,1.50492424516541
966,11439,"p14","m0",0.313706145593065,0.767871105563783,-1.84582361988453,0.376715577990189
967,11444,"p14","m0",0.287196326530015,0.681939543786596,-1.46163480942083,0.675627103204898
968,11467,"p14","m0",0.326576438787935,0.76290263030934,-1.63420493131673,0.313293623308326
969,11498,"p14","m0",0.259702437898334,0.735670541065485,-1.64635837663577,0.740126116179988
970,11518,"p14","m0",0.254252382370525,0.76696136673373,-1.35894775418604,0.96344781485522
971,11525,"p14","m0",0.243875651818523,0.728552676732279,-1.46636813950489,1.03759205013573
972,11538,"p14","m0",0.251575098243425,0.725569810721962,-1.28720385929796,0.875497345535294
973,11570,"p14","m0",0.265102110170452,0.720195519736766,-1.57528164333648,0.6705882401862
974,11572,"p14","m0",0.158958492354923,0.64469237160638,-2.07260944460759,1.02186176192805
975,11589,"p14","m0",0.309157783518399,0.728589541849643,-1.28530542488015,0.76427021841086
976,11598,"p14","m0",0.283838030277335,0.767278242526296,-1.23620905154644,0.867318444706325
977,11630,"p14","m0",0.276862092801779,0.815084990485492,-1.38224315199998,0.861828929260024
978,11648,"p14","m0",0.318165651392454,0.821875347188661,-1.11209682279284,0.625986705704123
979,11650,"p14","m0",0.302756533353533,0.746275770573595,-0.919337729874912,0.685825281759167
980,11666,"p14","m0",0.366932720840299,0.789413833581726,-1.28011473555839,0.286511498756823
981,11669,"p14","m0",0.246208004577181,0.685650914622093,-1.43897796171469,0.874705228728127
982,11674,"p14","m0",0.288441019374654,0.767520240232707,-1.1467207963024,0.641763432770245
983,11680,"p14","m0",0.244962768586584,0.710933728414711,-1.40483681246277,0.760260875118177
984,11684,"p14","m0",0.310511459288491,0.736487206470896,-1.32976434662799,0.663722182678356
985,11712,"p14","m0",0.373822836260048,0.814735293107795,-1.3081418089642,0.474147690645881
986,11713,"p14","m0",0.260574126508957,0.752038766998116,-1.18645054919894,1.00381598664105
987,11719,"p14","m0",0.313829692319426,0.75219095222041,-1.58011359264718,0.539165973387573
988,11729,"p14","m0",0.304301438557446,0.768102188203842,-1.26237125562984,0.556957297834059
989,11754,"p14","m0",0.208266083626106,0.722679013543756,-1.63544178913249,0.977541618657909
990,11780,"p14","m0",0.232674839247131,0.761234345778809,-1.37721254622234,1.20818307502492
991,11787,"p14","m0",0.238689044042456,0.708196321136086,-1.16241113035391,0.988958916326983
992,11796,"p14","m0",0.238541458937556,0.71611700892481,-1.5750899065564,0.853492684960932
993,11797,"p14","m0",0.247160599859607,0.711534449805625,-1.29878138435052,0.939615538207538
994,11801,"p14","m0",0.220132230739912,0.741911306706072,-1.17947243293959,0.792297876820863
995,11823,"p14","m0",0.254952809669707,0.677756985172455,-1.4696808903443,0.743526637040967
996,11841,"p14","m0",0.263757771139234,0.704544202940525,-1.66497179227161,0.805285567583948
997,11843,"p14","m0",0.351980290457986,0.754237181587351,-1.22871796105992,0.230583163879876
998,11846,"p14","m0",0.190504035733053,0.702015273475863,-2.37216156660987,0.871528658583054
999,11874,"p14","m0",0.313931183677156,0.762907703086658,-1.71756124416571,0.70417285091147
1000,11878,"p14","m0",0.335744179353233,0.775269191525122,-1.27358873105256,0.38179080020503
1001,11888,"p14","m0",0.265963228821501,0.730165238957048,-1.3320669798289,0.907727174739767
1002,11901,"p14","m0",0.237040375742049,0.747582047254671,-1.84908142435089,1.07620380810744
1003,11917,"p14","m0",0.26517548532978,0.80757519831918,-1.03399952283981,0.898034163810393
1004,11933,"p14","m0",0.280356444597769,0.710509050917152,-2.0970907625534,0.789360988046687
1005,11951,"p14","m0",0.240216779942405,0.766254348278482,-1.29624453517617,1.0467967575428
1006,11974,"p14","m0",0.275272388909419,0.778106232594075,-1.97589942395457,0.843006742418656
1007,11976,"p14","m0",0.256776489368914,0.72099532382517,-1.5784512761647,1.04473005705017
1008,11996,"p14","m0",0.216863682196983,0.709702045189785,-1.51699240237236,1.08526224505735
1009,12006,"p14","m0",0.27546559155128,0.647102345273713,-1.65734972703262,0.475418395976088
1010,12019,"p14","m0",0.207387097785481,0.679225155651749,-2.03296112836695,0.965742136638187
1011,12021,"p14","m0",0.241090062929129,0.803550569434278,-1.52945920609406,0.915694880918664
1012,12031,"p14","m0",0.298055077360267,0.742160542761098,-1.60643826834693,0.610939309487619
1013,12060,"p14","m0",0.318833567957381,0.705321836966594,-1.03005397592107,0.549967962637881
1014,12079,"p14","m0",0.232620613170464,0.676243156900001,-1.44093744625235,0.956363832838326
1015,12087,"p14","m0",0.222440201218974,0.743329503084548,-1.08993992052973,1.09858482072692
1016,12099,"p14","m0",0.294845463183702,0.737082656384966,-1.32350100041923,0.688533121420317
1017,12107,"p14","m0",0.301333911852066,0.744369825757691,-1.25669012448885,0.781103777068833
1018,12128,"p14","m0",0.0858980129240115,0.613118282102278,-1.81429067632974,1.50944804059664
1019,12157,"p14","m0",0.287445158635756,0.742285383948683,-1.17977827199681,0.760740279293132
1020,12159,"p14","m0",0.274887591653658,0.762765888214794,-1.53002170515472,0.658809860866391
1021,12168,"p14","m0",0.329092842323055,0.740267029312322,-1.13554891168311,0.411450830366043
1022,12188,"p14","m0",0.254497081563124,0.672434373907821,-1.36068795397964,0.827821363094242
1023,12216,"p14","m0",0.193478504787054,0.736467704830027,-1.83654828548291,1.06307936935164
1024,12224,"p14","m0",0.375911925562763,0.773965818519413,-1.49790541937802,0.405424416569064
1025,12228,"p14","m0",0.195663912910078,0.755322940064975,-1.74203090658384,1.13369445053731
1026,12231,"p14","m0",0.327188497967651,0.808730095909199,-1.90893736761388,0.697646697607597
1027,12236,"p14","m0",0.21135224212983,0.719860673832316,-2.12872082410166,0.982577181993916
1028,12243,"p14","m0",0.250553593035114,0.77033858893703,-1.28741580507725,0.838397632317876
1029,12270,"p14","m0",0.260373004897302,0.706080957529135,-1.39038311292719,0.906490568316746
1030,12282,"p14","m0",0.311250747859625,0.739811921157348,-1.68614740160331,0.52670734558579
1031,12299,"p14","m0",0.398236352502627,0.876620323225474,-1.61059679714155,0.400749620127922
1032,12314,"p14","m0",0.233515467506042,0.775331139585987,-1.26805992627577,1.19227721563705
1033,12322,"p14","m0",0.212290545212397,0.695578834313939,-1.47844722232802,1.19307303292137
1034,12354,"p14","m0",0.166322550870533,0.693442901809355,-1.90948773010402,1.13983348014833
1035,12359,"p14","m0",0.324293195081815,0.782614561727359,-1.21770992142398,0.80562914932159
1036,12360,"p14","m0",0.360712768498507,0.799350589041923,-1.12812750309831,0.392417890356014
1037,12366,"p14","m0",0.343405629138611,0.811564985595314,-1.69556587629878,0.574203661773084
1038,12370,"p14","m0",0.333448916365676,0.775314013312537,-1.67381273715889,0.48055010057247
1039,12398,"p14","m0",0.252049503292418,0.78327794794579,-1.49952005824866,0.903648751110655
1040,12413,"p14","m0",0.249260116201664,0.762597557965372,-1.70821592646787,1.15130480660685
1041,12428,"p14","m0",0.209504984014245,0.718723750020424,-1.29137194157945,1.06351736669198
1042,12438,"p14","m0",0.222728275039113,0.68993759441195,-1.43810979686832,1.1341997099585
1043,12455,"p14","m0",0.340353739777518,0.773482394150094,-1.76497463737976,0.370768742892577
1044,12466,"p14","m0",0.244898692668079,0.794138472580371,-1.75604825022949,1.13404451386783
1045,12474,"p14","m0",0.335816990158362,0.731328322703098,-1.294669548192,0.488622472069198
1046,12484,"p14","m0",0.237976744225599,0.716520826347707,-1.39819866950109,0.871048342446823
1047,12485,"p14","m0",0.205954629468401,0.707821541174859,-1.88578603651175,1.15670039102258
1048,12490,"p14","m0",0.230829462091871,0.727442314038318,-1.48938205266587,0.973077405753713
1049,12506,"p14","m0",0.215567511303719,0.710208807458855,-1.26721099516448,1.1221386184273
1050,12519,"p14","m0",0.184786808093672,0.764342121284439,-1.57265150786509,1.10603464160507
1051,12524,"p14","m0",0.24813177070586,0.704637220948463,-1.8517434754198,0.719162732844594
1052,12529,"p14","m0",0.26122273755968,0.751598929163436,-1.18328964284399,0.874054454793112
1053,12532,"p14","m0",0.265219137681333,0.775856458801531,-1.43862216654656,0.918162968957211
1054,12535,"p14","m0",0.197824274720378,0.713850617062774,-1.84529892280587,0.843906508505873
1055,12546,"p14","m0",0.37347849248958,0.764984680186813,-1.13552420942528,0.334723496008159
1056,12559,"p14","m0",0.310884676844435,0.728155096132802,-1.376897104861,0.677802248748178
1057,12569,"p14","m0",0.27283297666188,0.740787487705861,-1.63433020807891,0.887119354227914
1058,12578,"p14","m0",0.375845462601815,0.885532720293405,-1.03354203497376,0.579314424204908
1059,12581,"p14","m0",0.317092075909649,0.769816392265646,-1.63457429716437,0.770570601340801
1060,12590,"p14","m0",0.310893799837058,0.82194129015632,-1.61123381541894,0.667865410969036
1061,12617,"p14","m0",0.338855291498929,0.730843928816053,-1.28367741773233,0.467109238781315
1062,12620,"p14","m0",0.351440741283456,0.815971611995576,-1.61188495082294,0.618491406565422
1063,12621,"p14","m0",0.445941982079098,0.870847250111595,-1.12524266323379,0.129064293958031
1064,12627,"p14","m0",0.306290701191452,0.78140819688207,-1.52362628596067,0.860112740214665
1065,12653,"p14","m0",0.240768576302028,0.738251998953868,-1.90278343587674,1.01944465496674
1066,12656,"p14","m0",0.351873132035753,0.832919672930731,-1.30099509745219,0.648910441524527
1067,12676,"p14","m0",0.125917687254328,0.631070804443675,-1.92459820066624,1.19606258716121
1068,12684,"p14","m0",0.249729965438949,0.736097898411092,-1.59165348774737,0.809125105452401
1069,12693,"p14","m0",0.263568067065083,0.809567422491613,-1.49991551021893,0.961795096779018
1070,12694,"p14","m0",0.295590765004779,0.681694168011786,-1.12953462411849,0.523077496802511
1071,12704,"p14","m0",0.280076965680107,0.756320624691407,-1.56045467183531,0.685837381238082
1072,12714,"p14","m0",0.254126757398775,0.682039694338025,-1.12840994810455,0.606619645997001
1073,12719,"p14","m0",0.211064942893879,0.718090056577924,-1.65468694433552,0.960763370431381
1074,12724,"p14","m0",0.226878984722469,0.733461191477111,-1.65836584362118,1.04582317184622
1075,12751,"p14","m0",0.254298041620145,0.750296214881299,-1.70607559701942,0.935385636133455
1076,12757,"p14","m0",0.314383888237814,0.751406733612765,-1.31378048172875,0.559989240232615
1077,12761,"p14","m0",0.278010354903713,0.787973493445379,-1.5972869320056,0.728932564727559
1078,12770,"p14","m0",0.252963264782298,0.753118795227331,-1.44964263107575,0.944188456920393
1079,12778,"p14","m0",0.278282009088487,0.689281866786327,-2.25643998477569,0.598129071663545
1080,12813,"p14","m0",0.212891197989541,0.734167070107661,-2.11260385170537,1.1727909039116
1081,12820,"p14","m0",0.281837946151836,0.779928622638496,-1.19368163434338,0.80152811227368
1082,12835,"p14","m0",0.285297324671074,0.74267439207255,-1.33094193997886,0.759655228463357
1083,12854,"p14","m0",0.212594371958734,0.784815968880736,-1.57118613758669,1.13521321929113
1084,12874,"p14","m0",0.398074840628795,0.853471066064325,-1.8812549648678,0.460289956595963
1085,12889,"p14","m0",0.279766848822948,0.749941503648464,-1.22462258634636,0.923116076724427
1086,12892,"p14","m0",0.263217704620908,0.731822508448053,-1.76530247034921,0.593676090102435
1087,12916,"p14","m0",0.275559982818125,0.780280454823082,-1.55543363808136,0.871241967001398
1088,12921,"p14","m0",0.279698752819417,0.780589527266251,-1.24602783066468,0.811506076483491
1089,12941,"p14","m0",0.268528046261697,0.776876849109026,-1.44918858750542,0.793969189782029
1090,12969,"p14","m0",0.253962988659044,0.756436734411303,-1.72312354708932,0.820513651977673
1091,12987,"p14","m0",0.260416066279922,0.762641624488602,-1.4724665656307,0.789488107209333
1092,12998,"p14","m0",0.236168025947625,0.707493321211236,-1.80939117365115,1.12567633450244
1093,13003,"p14","m0",0.290838153731358,0.738199225984138,-1.59021023218103,0.751129106530679
1094,13004,"p14","m0",0.186414183858692,0.700873399971791,-1.89147494797177,1.05238115192465
1095,13020,"p14","m0",0.209782379833927,0.647311595660564,-1.62511679795252,0.817250684742384
1096,13035,"p14","m0",0.187152495764964,0.687723069555999,-1.83544944248769,1.04369459813594
1097,13037,"p14","m0",0.209957924527218,0.678792568994186,-1.85694416139516,1.16120136705638
1098,13049,"p14","m0",0.188855472975497,0.667640549407019,-1.71044263853404,1.1297109328167
1099,13065,"p14","m0",0.329179951552525,0.826100637112758,-1.20145371090447,0.760922549076418
1100,13068,"p14","m0",0.325182467455376,0.772367608420528,-1.63784705967113,0.719985069261564
1101,13072,"p14","m0",0.157334611638988,0.685417086257792,-1.6523191787469,1.1906559389127
1102,13081,"p14","m0",0.319490706870986,0.734584716697395,-1.80524305583183,0.35309058778721
1103,13090,"p14","m0",0.175083480894401,0.66649352465154,-1.5961822816448,1.1660508435028
1104,13100,"p14","m0",0.30083315510194,0.732450895495172,-1.23324704859343,0.751321035764754
1105,13111,"p14","m0",0.301353581033899,0.817504016051435,-1.43871765804544,0.65383237370174
1106,13131,"p14","m0",0.250481656170643,0.755032998483887,-1.90244132057954,0.831496823186437
1107,13146,"p14","m0",0.315975538581327,0.831348448978104,-1.35876980710609,0.80198622516902
1108,13157,"p14","m0",0.181657745433494,0.69926349468317,-1.82316665841734,1.17490507766152
1109,13159,"p14","m0",0.331743782817344,0.751942497550402,-1.58215598368859,0.478986128102033
1110,13169,"p14","m0",0.365026308805497,0.863028018048196,-1.14484232758349,0.510454378616984
1111,13201,"p14","m0",0.174397029203866,0.673231050674888,-1.56613358688286,1.00965775537778
1112,13202,"p14","m0",0.296030735744473,0.766306175981274,-1.5804957703075,0.5743505179396
1113,13205,"p14","m0",0.260411686448139,0.745883939678308,-1.53825989455314,0.924195506905363
1114,13206,"p14","m0",0.146383063494699,0.60512438408166,-1.7939123777587,1.3707265242469
1115,13218,"p14","m0",0.202380699932118,0.71232479750871,-1.75614865598233,0.971019094602125
1116,13249,"p14","m0",0.262992562145385,0.725498492956153,-1.8164483169402,0.998864317042396
1117,13258,"p14","m0",0.205452974003186,0.70508849897639,-1.63971218868515,1.21127395533087
1118,13263,"p14","m0",0.130930491188079,0.621558789422438,-1.73197014367523,1.28952539894895
1119,13265,"p14","m0",0.241946454539437,0.665990160653131,-2.07038461374241,0.817143790953382
1120,13280,"p14","m0",0.207915894674671,0.713649511557772,-1.93531306004895,1.14162377720099
1121,13321,"p14","m0",0.314800122507305,0.792133976750615,-1.51723397268914,0.789305785515634
1122,13325,"p14","m0",0.214537076097117,0.7334418784449,-1.68477134117148,1.01667885707005
1123,13331,"p14","m0",0.241778637333563,0.748512425780001,-1.35979525914617,0.936966940606075
1124,13337,"p14","m0",0.377289249969334,0.750569532115046,-1.28090755790169,0.33674112761521
1125,13341,"p14","m0",0.274169815210172,0.689450842048136,-1.91234908697045,0.928256396917524
1126,13345,"p14","m0",0.188395020159047,0.713625772090163,-1.56464216378256,1.15160128160331
1127,13357,"p14","m0",0.187065725850615,0.620573359176962,-1.88062822008681,0.766515334553124
1128,13363,"p14","m0",0.179892861418167,0.677755646095019,-1.85582119050095,0.938614137389917
1129,13381,"p14","m0",0.185937812936731,0.636019895028854,-1.64934898127323,1.06657532417675
1130,13385,"p14","m0",0.447274948424584,0.806062993261185,-0.815697239207501,-0.0724966323874396
1131,13386,"p14","m0",0.273403403921401,0.788047861935777,-1.50271642173127,1.04322820974997
1132,13435,"p14","m0",0.259268010627054,0.787158262819628,-1.43083056944657,0.775243803383319
1133,13440,"p14","m0",0.228641277831455,0.635878651739212,-1.52315114161433,0.788654325567498
1134,13447,"p14","m0",0.32458397278166,0.693056401299237,-1.74661914212584,0.456751728662293
1135,13449,"p14","m0",0.336475776005905,0.761118299071842,-1.86724159959906,0.588952078511684
1136,13451,"p14","m0",0.300478960290148,0.745232823210718,-1.76314698708778,0.646093518243325
1137,13467,"p14","m0",0.248216463174689,0.685166071179692,-1.51097443753644,0.847825125674715
1138,13475,"p14","m0",0.280137897905613,0.777128539517217,-1.48514383633319,0.750901401841562
1139,13483,"p14","m0",0.291536058257409,0.769591689300697,-1.49449328722125,0.804826505315876
1140,13486,"p14","m0",0.274981017923802,0.745468605634734,-2.36855980931725,0.802634383356849
1141,13488,"p14","m0",0.347487595912725,0.815855830610854,-1.70591089102445,0.463557073415828
1142,13498,"p14","m0",0.297130513879863,0.765663761768293,-1.26205922861812,0.68772392182622
1143,13509,"p14","m0",0.320251369458223,0.8421846058685,-1.04506684973615,0.733999092402714
1144,13532,"p14","m0",0.240180090366766,0.728241173657488,-1.84022334967197,0.769398063674179
1145,13543,"p14","m0",0.216089147742626,0.717281201595925,-1.46503746123569,1.06337248865911
1146,13550,"p14","m0",0.260356239030023,0.748703516274519,-1.46897529689197,0.925954965072828
1147,13567,"p14","m0",0.331973706077959,0.754082475644294,-1.57889382994014,0.497319067787209
1148,13579,"p14","m0",0.251854093778184,0.679534650453466,-2.00663683017634,0.762830504328065
1149,13592,"p14","m0",0.388872109855815,0.906226247927533,-0.970603549060882,0.410548127479808
1150,13593,"p14","m0",0.276978844771878,0.783877275518334,-1.40439591731554,0.938068681930334
1151,13617,"p14","m0",0.161688798225319,0.682371962564474,-1.70729773754842,1.12348446191929
1152,13625,"p14","m0",0.269924976159609,0.76294818816903,-1.95668114763085,0.857983025879663
1153,13631,"p14","m0",0.424784901889048,0.841648168863985,-1.13111811521697,0.200671534567198
1154,13639,"p14","m0",0.302365142583357,0.810746260007941,-1.59767513255222,0.688043019608201
1155,13642,"p14","m0",0.192708349344421,0.671136052831463,-1.04692267803398,0.954581555425844
1156,13658,"p14","m0",0.189438218858266,0.68702049978264,-1.71069589049443,1.18627084736294
1157,13666,"p14","m0",0.24034119230845,0.750407087258582,-1.61653952475802,0.906474912619707
1158,13690,"p14","m0",0.225421918191314,0.72862945988592,-1.37314562071979,1.03214706183308
1159,13702,"p14","m0",0.250844669475472,0.71447198314489,-1.44243718380148,0.697386703222749
1160,13717,"p14","m0",0.254836594006583,0.708055926065963,-1.12406203130341,0.805880567889089
1161,13726,"p14","m0",0.408967070713697,0.799552375203143,-0.951445163615448,0.39836601036333
1162,13746,"p14","m0",0.384664886156455,0.858134016572127,-0.84896343934305,0.634575751573627
1163,13797,"p14","m0",0.271441524412422,0.771120390526843,-1.56420916842688,0.693143076637529
1164,13798,"p14","m0",0.192115405134699,0.723248106002802,-1.29657775661597,1.10273496067564
1165,13814,"p14","m0",0.274673743639828,0.758783070120887,-1.76435939046438,0.857439720184503
1166,13820,"p14","m0",0.272819081211718,0.735730495684623,-1.45808523247042,0.710277493897587
1167,13824,"p14","m0",0.223404513384109,0.712580580096917,-1.75451400277258,0.933939086022917
1168,13828,"p14","m0",0.254958089238448,0.745171214975715,-1.35459232860059,0.816520718957849
1169,13858,"p14","m0",0.289587292226108,0.715109381657797,-1.15904487371179,0.723393226957091
1170,13869,"p14","m0",0.246715306601131,0.72232138261193,-1.89420467731554,1.05711285656692
1171,13875,"p14","m0",0.195831299740687,0.631444098407023,-1.68363960219202,1.06216547441946
1172,13890,"p14","m0",0.266227798735876,0.744062125946886,-1.16928808551632,0.722452004603567
1173,13891,"p14","m0",0.403723762004077,0.776455966097266,-1.57373142295614,0.291065770285864
1174,13915,"p14","m0",0.283575141447037,0.811111020168746,-1.481178720124,0.674177888736717
1175,13925,"p14","m0",0.20965394297388,0.721968930901549,-1.49061957883842,0.848917750673426
1176,13926,"p14","m0",0.198786483848244,0.65415953273369,-1.62460677399193,1.10276876094869
1177,13930,"p14","m0",0.251166205086237,0.734514353877805,-1.03653390259608,0.96118053947673
1178,13940,"p14","m0",0.28672073121718,0.821241485228775,-1.52140219412792,0.870380399893475
1179,13954,"p14","m0",0.206406211138454,0.811101003993124,-1.37783773291845,1.05263130444544
1180,13968,"p14","m0",0.224712665954465,0.718146764899796,-1.86839276724044,0.867140701649849
1181,13976,"p14","m0",0.273104386947239,0.71546556257088,-2.595139218408,0.632676189030997
1182,14025,"p14","m0",0.258488136960163,0.785874215778759,-1.65077889057508,0.928339410814393
1183,14029,"p14","m0",0.299522181865396,0.751455698235242,-1.89338995541269,0.680706693102709
1184,14031,"p14","m0",0.343605628748066,0.814651140122958,-1.06182991510599,0.626822035866204
1185,14043,"p14","m0",0.22190383884968,0.757725951593095,-1.68927361437578,0.896465220842856
1186,14049,"p14","m0",0.353102492395104,0.77298241123118,-1.05622890562385,0.505751670412782
1187,14076,"p14","m0",0.166032994589238,0.717981325815297,-1.8080643172298,1.00939136753461
1188,14087,"p14","m0",0.317805194493471,0.776634235292641,-1.390630622252,0.66083687218739
1189,14105,"p14","m0",0.230816991249533,0.692718634349898,-1.27006150775065,1.06550200941754
1190,14118,"p14","m0",0.169432351427974,0.701880470399931,-1.59840290433237,1.12729456551305
1191,14130,"p14","m0",0.239885111274468,0.731942477598902,-1.48746113402712,1.02960509429435
1192,14137,"p14","m0",0.234998751082358,0.714801823607913,-1.42184132245007,1.0017049371187
1193,14142,"p14","m0",0.215882115810022,0.752724274590905,-1.79548477819053,0.949958627449744
1194,14147,"p14","m0",0.213295013897354,0.684270580956393,-1.44250937462705,1.03553756160517
1195,14164,"p14","m0",0.276751402012396,0.748495418155249,-1.4696291639988,0.667772074736071
1196,14175,"p14","m0",0.322248482896333,0.792558996427436,-0.922698706687451,0.553798681077946
1197,14198,"p14","m0",0.250211111628073,0.692824166839581,-1.60714854974641,0.853747927913934
1198,14202,"p14","m0",0.302195454596523,0.800848312230589,-1.31118706337952,0.6394276168133
1199,14204,"p14","m0",0.28441690618166,0.696852116091257,-1.37563242049624,0.882392450665251
1200,14207,"p14","m0",0.172047085846611,0.652280967094366,-1.65369235669187,1.06617219500853
1201,14209,"p14","m0",0.258630181037297,0.788592284536104,-1.6752713794258,0.819753894088492
1202,14212,"p14","m0",0.230731364314504,0.704201675898038,-1.97871213654655,0.846347141062032
1203,14213,"p14","m0",0.25091978742225,0.742275206115243,-1.61895839814829,0.925967743263431
1204,14224,"p14","m0",0.251721007162558,0.806901021777468,-1.74282217448403,0.831534905147183
1205,14238,"p14","m0",0.162556729878601,0.657485240699492,-1.61210004594361,1.11015252715755
1206,14245,"p14","m0",0.289207872791053,0.737913640070377,-1.12375269176903,0.701366718787709
1207,14246,"p14","m0",0.272283554454526,0.748350799842044,-1.56433869528247,1.11342939987434
1208,14251,"p14","m0",0.360687417805773,0.815110058380685,-1.33075680238808,0.456469634908485
1209,14253,"p14","m0",0.153952582444035,0.625436591215736,-2.16365020974228,1.12763038556998
1210,14280,"p14","m0",0.23466994264915,0.702495523231991,-1.37472079441849,0.94017273299271
1211,14281,"p14","m0",0.233411169434926,0.752384542897927,-1.63226222125029,0.979305129871665
1212,14292,"p14","m0",0.198592601045804,0.656152871074633,-1.34706173973732,0.854143621340259
1213,14295,"p14","m0",0.205872068757745,0.725449716809413,-1.417935765403,1.15177140687106
1214,14319,"p14","m0",0.215426871098059,0.760227680476011,-1.41374248281631,0.972447096695332
1215,14337,"p14","m0",0.262453691354902,0.739276231624348,-1.59068541711942,0.676188297381827
1216,14338,"p14","m0",0.260768071299042,0.705087859723201,-1.43409183685688,0.787983628880376
1217,14359,"p14","m0",0.21405567330705,0.702444466168511,-1.40581529846308,1.10609458268039
1218,14377,"p14","m0",0.255701501041735,0.670382802032624,-1.69891916284047,0.838329585894576
1219,14378,"p14","m0",0.16432993380432,0.659028544795178,-1.30343740708847,1.22500209711709
1220,14405,"p14","m0",0.353001908024711,0.802159221315588,-1.51689331065206,0.540144575254769
1221,14408,"p14","m0",0.192389455904508,0.669910729278608,-1.62029773315405,1.17049814232712
1222,14409,"p14","m0",0.279788594770972,0.763729296009935,-1.59706954962934,0.885686158155171
1223,14419,"p14","m0",0.306707205260306,0.767999733706885,-1.67619413236584,0.552997545085709
1224,14440,"p14","m0",0.216518418472244,0.740183413602545,-1.51788809410188,1.12089388414649
1225,14449,"p14","m0",0.264873153353452,0.731742748463688,-1.60926233810054,0.847268574366704
1226,14450,"p14","m0",0.279434320168421,0.76911757211887,-1.92973529772727,0.79865247473507
1227,14456,"p14","m0",0.259235090824459,0.825804461534388,-1.77953786640308,1.10687213589066
1228,14465,"p14","m0",0.313446047507041,0.792679190511642,-1.44500685872481,0.549529311386007
1229,14479,"p14","m0",0.294341888976319,0.793278405806424,-1.32754617958204,0.84057855387317
1230,14491,"p14","m0",0.288613949270102,0.785413562843857,-1.23883430633085,0.775569522535809
1231,14523,"p14","m0",0.209424917444147,0.754036662635386,-1.87417318107277,1.08309483284991
1232,14529,"p14","m0",0.232269242753639,0.79730856125067,-1.78534571447094,1.1041613424883
1233,14534,"p14","m0",0.25986109836805,0.790508089870866,-1.3820242548236,1.05174440145732
1234,14536,"p14","m0",0.22528948356464,0.729792214163921,-1.48084698405448,0.980175073571531
1235,14560,"p14","m0",0.23881588934632,0.766041090725953,-1.42936557327425,1.01919054406676
1236,14565,"p14","m0",0.30497844509656,0.788539936789003,-1.78859487112985,0.610820147582008
1237,14611,"p14","m0",0.284765965835592,0.788553197459434,-1.49543148547832,0.806122842215321
1238,14615,"p14","m0",0.212444225885244,0.785702170575727,-0.953885597396411,1.24248347757274
1239,14631,"p14","m0",0.253443366628675,0.775018376254213,-1.47490383477678,0.905395951556946
1240,14655,"p14","m0",0.323169871168485,0.780311874318357,-1.49431933209479,0.419182260981858
1241,14673,"p14","m0",0.306714803061811,0.748718932851922,-1.72838768412288,0.660677544128507
1242,14674,"p14","m0",0.347744895528006,0.781114861052886,-1.41125360311679,0.357823753661504
1243,14679,"p14","m0",0.261156923421302,0.752235609308519,-1.60325869782716,0.95250863946471
1244,14684,"p14","m0",0.231805839097427,0.754319506581089,-1.51483477905488,0.833974588988457
1245,14697,"p14","m0",0.256163774078699,0.742342354187545,-1.73830838955773,0.903060604134216
1246,14699,"p14","m0",0.267132359088488,0.748716619536114,-1.68349220399152,0.773607147562499
1247,14723,"p14","m0",0.204989652742485,0.735286376318861,-1.25519527113688,1.06827230932815
1248,14726,"p14","m0",0.220159061149701,0.623376941822058,-1.81662497666283,0.916978108027475
1249,14729,"p14","m0",0.315922334329354,0.684085587402914,-1.53232333916343,0.440384400565469
1250,14736,"p14","m0",0.32732778379089,0.823815096003406,-1.31541168813994,0.746099812248569
1251,14745,"p14","m0",0.229403389920373,0.71886410792666,-1.52870081869445,1.09706564402559
1252,14764,"p14","m0",0.302801455256151,0.805342522854039,-1.79640753397342,0.828099299816768
1253,14781,"p14","m0",0.320157121005131,0.768038719274324,-1.38353990436676,0.336604082273255
1254,14790,"p14","m0",0.254676562520958,0.732621377806971,-2.18395946339441,0.906707769570219
1255,14851,"p14","m0",0.339849194956799,0.832127681951323,-0.837360475862157,0.576294716445503
1256,14857,"p14","m0",0.317438652211193,0.769553018930906,-1.58272760300697,0.553691837901952
1257,14865,"p14","m0",0.320334982934322,0.759191755631368,-1.03879266947582,0.821509033714485
1258,14877,"p14","m0",0.301236144268254,0.775371726449041,-1.30832737070703,0.587234680735295
1259,14879,"p14","m0",0.308071839631562,0.785025140654481,-1.21297354350486,0.791109784532991
1260,14881,"p14","m0",0.258514285884086,0.73304900055128,-1.49987224293517,0.837670092990444
1261,14882,"p14","m0",0.257692978524995,0.763271550390362,-1.14648347392089,0.849413562136089
1262,14883,"p14","m0",0.363302006783259,0.830814969791168,-1.08049734378607,0.364285477629075
1263,14907,"p14","m0",0.283720163748662,0.722045433425773,-1.26891423690437,0.401366817653201
1264,14932,"p14","m0",0.297430431886339,0.814048532655142,-1.48985366754327,0.77641450013474
1265,14934,"p14","m0",0.29969642742357,0.730346501831635,-1.47428539832993,0.634680070996192
1266,14956,"p14","m0",0.216084019189724,0.711876912132241,-1.27178950138799,1.01600964968403
1267,14966,"p14","m0",0.224275161980098,0.68273325875274,-2.01023143247132,0.803874215228843
1268,14980,"p14","m0",0.261630384105405,0.690487127156216,-1.21456264166351,0.510252641249261
1269,14985,"p14","m0",0.196616264393289,0.711153530624223,-1.39946870494264,1.41178382131795
1270,14988,"p14","m0",0.258558413790243,0.708457841612587,-1.19024121525086,0.719733696738215
1271,15021,"p14","m0",0.192565682829104,0.729082949630958,-1.84669755933096,1.08210357683826
1272,15030,"p14","m0",0.189664308535311,0.773301191936064,-1.44717441437201,1.11999831047612
1273,15039,"p14","m0",0.286201431499027,0.751175461705063,-0.823659027121745,0.777954333853122
1274,15045,"p14","m0",0.270063117146663,0.755228463419037,-1.65183772031007,0.632945239941922
1275,15047,"p14","m0",0.323101988819369,0.764241685236888,-1.41176662473187,0.535729806519549
1276,15049,"p14","m0",0.202423706528356,0.689046301794722,-1.89975676570296,0.741864207218627
1277,15053,"p14","m0",0.262814426228141,0.694628778935497,-1.80726262581882,0.73909814227552
1278,15059,"p14","m0",0.207288837174949,0.683764208008068,-2.048822311029,0.95510341314322
1279,15126,"p14","m0",0.319737191247042,0.808703984736425,-1.40939829216794,0.567649735005448
1280,15134,"p14","m0",0.21773959376266,0.77655057317516,-1.43973042821316,1.03544795866966
1281,15141,"p14","m0",0.156872065355241,0.617996533896174,-1.83763433188946,1.2070540104091
1282,15144,"p14","m0",0.266515062713817,0.691508045159823,-1.7856860439238,0.761568598542955
1283,15149,"p14","m0",0.417811193027803,0.804571742069259,-1.38148811115523,0.272499164626093
1284,15166,"p14","m0",0.287971711543345,0.744747315364206,-1.45284962605958,0.715046200573184
1285,15170,"p14","m0",0.291531480338952,0.739261545576998,-1.98440575394872,0.538912235970695
1286,15175,"p14","m0",0.346638651593152,0.759517536179814,-1.74128785099699,0.477961953346371
1287,15185,"p14","m0",0.275750407955895,0.736507920035241,-1.19840221402351,0.764616505012342
1288,15210,"p14","m0",0.24129149911737,0.768376038598646,-1.80631673747213,0.854734865445777
1289,15218,"p14","m0",0.315694063412698,0.780053546742566,-1.83028069448109,0.702845131179202
1290,15219,"p14","m0",0.177641847319503,0.768965056565173,-1.31792626240446,1.23667235650455
1291,15220,"p14","m0",0.254426703302059,0.698275561208923,-1.73834239107806,0.906840139397223
1292,15221,"p14","m0",0.230330223713989,0.744033986717486,-1.13948366322567,0.933619608781837
1293,15228,"p14","m0",0.221290983380724,0.739236431837262,-1.44667110130466,0.984006816850943
1294,15249,"p14","m0",0.202610202389415,0.7242806005399,-1.4931272943962,1.0598074197351
1295,15253,"p14","m0",0.286082836120272,0.709563012439144,-1.65015909546863,0.697162308145802
1296,15258,"p14","m0",0.307304090790563,0.73552361406488,-1.27807142503799,0.463564030732604
1297,15272,"p14","m0",0.257896992013218,0.797756550179859,-2.02240894663962,0.934821734623014
1298,15290,"p14","m0",0.259557640761207,0.669618841163723,-1.32056395301236,0.889698245074159
1299,15314,"p14","m0",0.217846864777352,0.720681874034732,-1.54452344582394,0.934379263368877
1300,15344,"p14","m0",0.346909510475383,0.748491046565883,-1.07114508350413,0.663588284311875
1301,15347,"p14","m0",0.289755482503276,0.769633173011221,-1.40370873468405,0.894472620606984
1302,15350,"p14","m0",0.266256510665239,0.828336901170341,-1.97782119167044,0.911715836205748
1303,15364,"p14","m0",0.209041712382314,0.707310753922557,-1.6271715199676,1.11664127235053
1304,15368,"p14","m0",0.255868760762958,0.725167862512245,-1.64851876926554,0.918997276908987
1305,15377,"p14","m0",0.261680570834094,0.770307538223549,-1.39304966780408,0.972265857395906
1306,15397,"p14","m0",0.264565033679529,0.737396814908637,-1.50191893963214,0.729386687985136
1307,15400,"p14","m0",0.227559623802253,0.751537880838613,-1.12787775814164,1.12628747104102
1308,15426,"p14","m0",0.301638754106327,0.771898153319307,-1.57719927246315,0.660215626788705
1309,15441,"p14","m0",0.280146118033364,0.790532930130786,-1.26531234370106,0.827066419609761
1310,15445,"p14","m0",0.293359675275069,0.748624957732699,-1.35395600400779,0.696566085273274
1311,15458,"p14","m0",0.183985800334643,0.671096823102001,-1.81816629671624,1.0179911450996
1312,15459,"p14","m0",0.310379638886431,0.753742691183655,-1.66762564165416,0.52673013594353
1313,15470,"p14","m0",0.270384663754066,0.800751546474736,-1.25609930068184,0.990445226846859
1314,15479,"p14","m0",0.13959743997027,0.714439761523831,-1.89939842050155,1.29275095491043
1315,15480,"p14","m0",0.259900999219873,0.68569681173204,-1.79421082568388,1.00435368382407
1316,15486,"p14","m0",0.276116954082893,0.792715504127902,-1.99218958737862,0.62576719252187
1317,15490,"p14","m0",0.264463472060288,0.782694715537694,-1.52189950196532,0.843617943433513
1318,15532,"p14","m0",0.220161443109129,0.733439180230475,-1.48686363929352,1.11839156442167
1319,15533,"p14","m0",0.279087001592795,0.788549288997308,-1.3129170440254,0.824484102354948
1320,15549,"p14","m0",0.219204518602795,0.743916192438815,-1.20114748229457,1.09178626898791
1321,15551,"p14","m0",0.252914715565899,0.775152468816666,-1.62934673560827,0.841750314802876
1322,15556,"p14","m0",0.180791781080531,0.623056328899912,-2.10197047085594,1.00534711773142
1323,15563,"p14","m0",0.316609543672018,0.717977592795326,-1.16315846094427,0.473105195119665
1324,15577,"p14","m0",0.334885199065043,0.792255694554772,-1.38452260966683,0.624532916914309
1325,15578,"p14","m0",0.220567364702464,0.696620188082004,-1.41584852489628,1.02304334605303
1326,15585,"p14","m0",0.351313672518575,0.784100221469493,-1.62064297538899,0.371918839049138
1327,15606,"p14","m0",0.255156700096287,0.788968879755647,-1.40531157259893,1.11745521645542
1328,15610,"p14","m0",0.293114206670175,0.783685554758921,-1.2834908073828,0.745976478758512
1329,15612,"p14","m0",0.251716612626093,0.747756935480885,-1.63101520398494,0.731237879104254
1330,15616,"p14","m0",0.247072681580441,0.812653189971569,-1.50321392414554,1.09610533590692
1331,15626,"p14","m0",0.408696973652648,0.826951589651041,-1.15972757355755,0.317642413721876
1332,15633,"p14","m0",0.203722797866507,0.739107059491168,-1.60089519616099,1.0392719318098
1333,15635,"p14","m0",0.376140867402285,0.786830203888075,-1.46330144217583,0.339374661727514
1334,15638,"p14","m0",0.34791975664746,0.787908317599811,-0.839200559277353,0.50864859854943
1335,15647,"p14","m0",0.284598840675789,0.802702844569641,-1.57482488787521,0.791900643174043
1336,15658,"p14","m0",0.210745330958101,0.642193088596261,-1.19364928785711,0.910047021786825
1337,15675,"p14","m0",0.303730724611001,0.732910292149829,-1.66234950098456,0.646088735016068
1338,15678,"p14","m0",0.218373024866045,0.699746954570628,-1.61946161171413,0.76002125653019
1339,15683,"p14","m0",0.27685240792216,0.793170675709033,-1.42556440205656,0.908565043217743
1340,15687,"p14","m0",0.367726291276256,0.82731604968993,-1.35158247686516,0.496799838123855
1341,15714,"p14","m0",0.157434860908259,0.690819429788086,-1.53083116718931,1.03930736751042
1342,15728,"p14","m0",0.327781896918803,0.761614117914852,-1.48787465350278,0.272484177740339
1343,15731,"p14","m0",0.191878422981463,0.68290967594484,-1.8491235373952,0.967054917212432
1344,15744,"p14","m0",0.20093711746853,0.668286788154332,-1.72118225108407,1.09722491316209
1345,15747,"p14","m0",0.241761959345157,0.701156910176664,-1.30218590534949,0.765568472180765
1346,15758,"p14","m0",0.2318666440402,0.744244897867455,-1.05712314154129,1.01275528040691
1347,15778,"p14","m0",0.242340231386032,0.716198238105915,-1.31278647584673,0.874537170336059
1348,15788,"p14","m0",0.228128732137186,0.680366969671802,-1.44669909613703,0.861771709339713
1349,15800,"p14","m0",0.241379728924307,0.728134248760796,-1.16026922310258,1.09736100772177
1350,15833,"p14","m0",0.303701990538603,0.751584448477968,-1.21653476314162,0.68717601297958
1351,15842,"p14","m0",0.199345934729729,0.750092304187349,-1.83063342265695,1.103204063855
1352,15847,"p14","m0",0.232634459112823,0.726227492037519,-1.40510799487366,0.895578980035254
1353,15863,"p14","m0",0.14455174725463,0.623154894576927,-1.89497555252886,1.33093148625839
1354,15866,"p14","m0",0.190836066168166,0.700687884769946,-1.77430340959208,1.03300247077067
1355,15871,"p14","m0",0.270949596751867,0.797988084291664,-1.32153078581939,0.919693250725547
1356,15874,"p14","m0",0.285026943372622,0.743645859767103,-1.41265647000296,0.746883773555867
1357,15876,"p14","m0",0.274438374578345,0.703684385552317,-1.39720857565169,0.821038048742229
1358,15880,"p14","m0",0.260858071897074,0.739498447980105,-1.19921069328671,0.816636145548637
1359,15884,"p14","m0",0.238575225871369,0.733288625988118,-1.84472661955228,0.752490012874157
1360,15900,"p14","m0",0.288635354346631,0.783689744719575,-1.63781488393452,0.721481448442707
1361,15916,"p14","m0",0.331591513321221,0.803236844902025,-1.37509957379538,0.715173162943004
1362,15923,"p14","m0",0.268794739778834,0.762057667279615,-1.49644543180095,0.921206174595113
1363,15940,"p14","m0",0.264887508281607,0.718755916191285,-1.18945254248758,0.875245774418583
1364,15942,"p14","m0",0.294655967766612,0.687859407786362,-2.12668838276239,0.642635453059796
1365,15957,"p14","m0",0.271253295474808,0.734152970225556,-1.69207451572386,0.687657572031173
1366,15963,"p14","m0",0.295362738889362,0.747384809731969,-1.481230569679,0.641171305891459
1367,15966,"p14","m0",0.232431359345062,0.747253595677278,-1.74188276571587,0.939495868454451
1368,16004,"p14","m0",0.248074321991346,0.686637257461219,-1.56299127796132,0.817592482053011
1369,16010,"p14","m0",0.216328456617182,0.757528637639816,-1.67274268248649,1.19882068537543
1370,16017,"p14","m0",0.263841545872426,0.747631322268536,-1.20070857924782,0.61487068716403
1371,16021,"p14","m0",0.323746062031009,0.778895052031477,-1.59401876924233,0.504056801896425
1372,16030,"p14","m0",0.313032899225798,0.761573712339314,-1.26645555020117,0.696692588774552
1373,16040,"p14","m0",0.314819956977709,0.769569165025729,-1.41525070460851,0.483909653790349
1374,16044,"p14","m0",0.217910539436611,0.778558327454868,-1.51019374019829,1.21933697883019
1375,16050,"p14","m0",0.257433208399311,0.718834341267678,-1.5447317469018,0.726130038038925
1376,16054,"p14","m0",0.249744915471842,0.704389924381266,-1.50926601152961,0.799219859668224
1377,16064,"p14","m0",0.33263862650178,0.788200117422301,-1.20558811173649,0.548004813515738
1378,16075,"p14","m0",0.235023538268336,0.743650365422438,-1.6965248379487,1.06655084820689
1379,16080,"p14","m0",0.206289966356524,0.71249468707584,-1.61238271989147,0.930535075466354
1380,16094,"p14","m0",0.208135775958477,0.72253239457157,-1.73867072643112,1.04028453615428
1381,16133,"p14","m0",0.29164601756889,0.707108548478932,-1.51386819125108,0.635536285271433
1382,16150,"p14","m0",0.26808799186607,0.764116746307278,-1.54806245586483,0.857776669282023
1383,16163,"p14","m0",0.256679382499068,0.777063599729726,-1.33143343161187,1.08062543686744
1384,16164,"p14","m0",0.234645690584412,0.759834937988044,-1.94557308385489,0.871661633505453
1385,16169,"p14","m0",0.213410358542559,0.711063290588005,-1.52901388780043,1.0167298887215
1386,16175,"p14","m0",0.0982736006989953,0.62693838305623,-2.04345055618523,1.44220294514521
1387,16199,"p14","m0",0.187604153174767,0.692752710757755,-1.64519301996244,1.16797990886368
1388,16203,"p14","m0",0.34089025090275,0.784928948015983,-1.08228413059569,0.370587223269094
1389,16216,"p14","m0",0.259286601472452,0.781858304215898,-1.2312996415612,0.956822741908831
1390,16217,"p14","m0",0.296531214017183,0.686806773290527,-1.21330387876603,0.566286774403105
1391,16222,"p14","m0",0.155845451234311,0.597185850017716,-1.35119345332136,1.33156096697974
1392,16229,"p14","m0",0.310464257038128,0.738410551265221,-1.47228625133705,0.3868811943008
1393,16244,"p14","m0",0.184698977016711,0.675870180655901,-1.59340023452494,0.895082558431917
1394,16260,"p14","m0",0.202849753645239,0.690432238367866,-1.44165609725178,1.10874443512086
1395,16278,"p14","m0",0.288266170822463,0.809269230413986,-1.4473719948722,0.828198843679272
1396,16280,"p14","m0",0.207991590896333,0.634884428488448,-1.78371996391323,0.851315094337238
1397,16281,"p14","m0",0.179864099655513,0.720238074555229,-1.41356956472459,1.15694558257089
1398,16283,"p14","m0",0.275582315356267,0.808411235868144,-1.69315427967636,0.829756972872133
1399,16302,"p14","m0",0.292580476830454,0.789027649659033,-1.55417554131972,0.656011571482344
1400,16334,"p14","m0",0.314891097330231,0.829696747793506,-1.59458535901529,0.801061623075387
1401,16383,"p14","m0",0.346754130079441,0.851699541724484,-1.73439733439973,0.398273887608547
1402,16385,"p14","m0",0.258595023796515,0.741727055229995,-1.75614766554545,0.808395914619015
1403,16402,"p14","m0",0.225701668495745,0.708881650137981,-1.34652887718992,0.981354133351595
1404,16427,"p14","m0",0.30198602918674,0.816832635545476,-1.35814150079323,0.653509478704262
1405,16432,"p14","m0",0.294143086743092,0.78471737920255,-1.32337768679052,0.84957661062632
1406,16443,"p14","m0",0.240973060505807,0.672455800691459,-1.16150087570496,1.0769320251362
1407,16445,"p14","m0",0.321898804750112,0.736356422016846,-1.27339475040977,0.472989596019034
1408,16446,"p14","m0",0.213403976806124,0.638755854206815,-1.46800243981568,0.9763635841747
1409,16452,"p14","m0",0.33726712275547,0.830392359861371,-1.36765617562199,0.553758002342348
1410,16462,"p14","m0",0.167559695064389,0.751878200625781,-1.62053747975659,1.44224601646838
1411,16472,"p14","m0",0.334000777158834,0.755557892068414,-1.57221545100363,0.309292497770914
1412,16475,"p14","m0",0.155908604069929,0.681295978782516,-1.58299945509904,1.25593386854958
1413,16493,"p14","m0",0.174784364010462,0.70574825054714,-1.84586511368391,1.16433529758171
1414,16494,"p14","m0",0.179550961585774,0.745614166070094,-1.08418651341231,1.13663402903112
1415,16503,"p14","m0",0.235562675317966,0.704185731470269,-1.39469585090222,0.848205214953385
1416,16527,"p14","m0",0.272732151254789,0.696122148980557,-1.43701372468645,0.763792882374351
1417,16529,"p14","m0",0.247227571137123,0.757319950340748,-1.06045710490111,1.0477088662201
1418,16535,"p14","m0",0.248912542049343,0.764542384942119,-1.60665597781205,0.684799892304359
1419,16550,"p14","m0",0.210935810052087,0.688435452292332,-1.93676647875672,1.02576986652534
1420,16554,"p14","m0",0.263853505999154,0.671237373784336,-1.60707541324176,0.671803429896214
1421,16555,"p14","m0",0.170000990050825,0.643402501504224,-2.03713512955825,1.00883091377498
1422,16563,"p14","m0",0.110508064960431,0.697071608834258,-1.46802317772617,1.36013596301211
1423,16571,"p14","m0",0.202225956473766,0.655569524092786,-1.39586401671368,0.81014952931099
1424,16595,"p14","m0",0.160956830347952,0.60253526837295,-2.29374131014607,1.03119673637293
1425,16599,"p14","m0",0.145450356629834,0.684631186397045,-1.41432254827212,1.39266050774303
1426,16609,"p14","m0",0.309921814143859,0.753057579998129,-1.55419642837793,0.644416065368567
1427,16629,"p14","m0",0.22555885877577,0.755513521297634,-1.6674876198645,1.20600199276878
1428,16638,"p14","m0",0.328457895799836,0.824220935785605,-1.66489122397045,0.62819401719888
1429,16643,"p14","m0",0.204856486859734,0.722007345328246,-1.61133484489201,0.943173365877629
1430,16647,"p14","m0",0.359355756729632,0.782299180888248,-1.7280460796386,0.465210249227109
1431,16653,"p14","m0",0.270978239352565,0.693888835891683,-1.00270276339338,0.764668799126505
1432,16658,"p14","m0",0.230836520893993,0.68696328866749,-1.51548147011463,0.98741984265933
1433,16661,"p14","m0",0.416006595815816,0.818469347245741,-1.07761424390876,0.208182443136021
1434,16662,"p14","m0",0.286580351916246,0.76072927457149,-1.39201985473538,0.573000963735624
1435,16668,"p14","m0",0.279820897004292,0.79486048114041,-1.69430025240158,0.53803386516014
1436,16673,"p14","m0",0.287282126778483,0.80317009387197,-1.02400508662372,0.882722988195788
1437,16713,"p14","m0",0.219063770987606,0.717535117193962,-1.51159707169863,0.791530504803149
1438,16716,"p14","m0",0.290463292700899,0.814549024713031,-1.15616697627463,0.90058944751534
1439,16742,"p14","m0",0.226853653711579,0.731729284882589,-1.44650386685222,0.973806322238269
1440,16753,"p14","m0",0.378628437647366,0.780900984136634,-1.22862867931639,0.256967958575084
1441,16762,"p14","m0",0.284870273355776,0.820347780408367,-1.78233692789216,0.886455601679777
1442,16770,"p14","m0",0.36199953062959,0.798366186742013,-1.47790325474341,0.423428006207328
1443,16777,"p14","m0",0.180384358858014,0.683740873499061,-2.08556919928266,1.24190275750839
1444,16815,"p14","m0",0.221005558932721,0.740012436741416,-1.52633653488876,1.02647757284883
1445,16816,"p14","m0",0.337762914009778,0.797321744283359,-1.78682848447983,0.582552380887535
1446,16836,"p14","m0",0.228369639734615,0.76687684388957,-1.59733884027778,1.03973178547657
1447,16839,"p14","m0",0.223305695412179,0.771627637970368,-1.81287717457451,1.15641214485957
1448,16847,"p14","m0",0.302436292668484,0.769418294889084,-1.08451302559215,0.750186264827586
1449,16850,"p14","m0",0.271267416579547,0.766379288347777,-1.30585543782209,0.877711625281231
1450,16868,"p14","m0",0.188899367095639,0.673762882390659,-2.15377014287612,0.999038845314781
1451,16902,"p14","m0",0.216693154756158,0.748276301020354,-1.760423174514,1.05531426110529
1452,16905,"p14","m0",0.466428762023886,0.790209553772384,-0.710913254079582,0.0239406242476035
1453,16909,"p14","m0",0.322498453932244,0.768804363165745,-1.94444823374221,0.503771962289028
1454,16918,"p14","m0",0.184299841745127,0.754618516517751,-1.54723739223804,1.24280999956089
1455,16952,"p14","m0",0.305057076251127,0.791180188127198,-1.1990126092981,0.610070610873951
1456,16958,"p14","m0",0.320073770149783,0.719190214008218,-1.59423643456119,0.488916184871849
1457,16969,"p14","m0",0.355163236797365,0.742042476951256,-1.13437780408384,0.391465493492433
1458,16974,"p14","m0",0.324277981922192,0.77694060622568,-1.47206558413463,0.561860377688263
1459,16982,"p14","m0",0.321490092976738,0.804584210993184,-1.24140409426416,0.573946220488708
1460,16998,"p14","m0",0.28675936142406,0.67472916317055,-1.15022148811028,0.529699421360562
1461,17028,"p14","m0",0.241107135787587,0.701434415397261,-1.3999701246259,1.1412169768292
1462,17029,"p14","m0",0.315323610213477,0.795149649920265,-1.67012351366474,0.799775319265986
1463,17032,"p14","m0",0.235209380966232,0.699252381096871,-1.87605904668126,0.803095219079651
1464,17038,"p14","m0",0.325503963865981,0.841246270141992,-1.78547859481282,0.627642461428954
1465,17066,"p14","m0",0.222036514601881,0.739024288377966,-1.63214397860964,1.13230609921674
1466,17070,"p14","m0",0.342677759153372,0.797373302277336,-1.50373038758396,0.57787021973401
1467,17081,"p14","m0",0.272171067977075,0.843966480154516,-1.58047241749841,1.15904142232706
1468,17082,"p14","m0",0.447898995813161,0.833454461963915,-1.03586365727814,0.265225632051052
1469,17096,"p14","m0",0.271476646579667,0.703958984328005,-1.94063655581042,0.556401493316135
1470,17099,"p14","m0",0.177272066190817,0.678050528876603,-1.28204486162465,1.15755126082173
1471,17110,"p14","m0",0.321004017641995,0.763381730145174,-1.11130293515018,0.596913674044755
1472,17116,"p14","m0",0.204441676579556,0.710504325049702,-1.98864517151289,0.971497418084155
1473,17119,"p14","m0",0.247834012980907,0.755887285164996,-1.67731907680117,0.716160543348554
1474,17145,"p14","m0",0.350574572080627,0.824465384411398,-1.19551479812624,0.228317962120261
1475,17160,"p14","m0",0.356978972331362,0.793189818225734,-1.15359474757605,0.449112787708006
1476,17172,"p14","m0",0.222940096159235,0.720038102429306,-1.62544221933084,0.804432562903675
1477,17174,"p14","m0",0.254792730524434,0.756455618609228,-1.47512979607199,0.996611727404102
1478,17177,"p14","m0",0.180641848779746,0.716190894419841,-2.03842661933628,1.24263791300297
1479,17182,"p14","m0",0.246444423113947,0.759739732141844,-1.51720081088427,0.885146330153432
1480,17183,"p14","m0",0.140011062927203,0.687656194984508,-2.16253598313708,1.24748303171958
1481,17198,"p14","m0",0.181711698368674,0.689391414276363,-2.02915399693813,1.01453793563076
1482,17218,"p14","m0",0.33591516720934,0.767853541325015,-1.72993022673448,0.758863899518264
1483,17220,"p14","m0",0.284500297867196,0.743025043672699,-1.84297792162923,0.66212648044383
1484,17224,"p14","m0",0.375737421930284,0.822479293311375,-1.71428991102024,0.513642908082792
1485,17237,"p14","m0",0.2375051545806,0.710486392293306,-1.14935351291194,0.692119212401206
1486,17241,"p14","m0",0.179193745044866,0.678162068783905,-1.52003062604728,1.09011433088045
1487,17297,"p14","m0",0.311214652325917,0.85124417445803,-1.58943011905299,0.763302847217821
1488,17314,"p14","m0",0.219619116311558,0.685597405574746,-1.13036559120288,0.877154669898376
1489,17315,"p14","m0",0.301370645876669,0.694101823140435,-1.61094945078954,0.441143614611766
1490,17337,"p14","m0",0.299275171718488,0.749003989395364,-1.35031119720708,0.706393844064425
1491,17339,"p14","m0",0.206467130564637,0.737924004295587,-2.13408419239334,1.22414218750437
1492,17367,"p14","m0",0.315937514764907,0.720678555943967,-0.946516874932989,0.547583159842257
1493,17382,"p14","m0",0.35488786746038,0.811527274342452,-2.2813008412806,0.580260229994649
1494,17383,"p14","m0",0.253389234629116,0.748786667080201,-1.33492931543528,0.864041300265288
1495,17389,"p14","m0",0.40191781622511,0.806331522548965,-1.17657704280805,0.336360574636334
1496,17396,"p14","m0",0.281722123920584,0.708286690946566,-1.6570801957332,0.761674503590281
1497,17412,"p14","m0",0.176805221754087,0.668892181112866,-1.81506122587683,1.31860146457571
1498,17416,"p14","m0",0.275614349870479,0.710906592974656,-1.373199976844,0.741532858720927
1499,17429,"p14","m0",0.236753242194973,0.699989175234813,-1.43659113106602,0.980300899303788
1500,17454,"p14","m0",0.163451212880491,0.663265046210223,-1.90603149740728,1.18256796019193
1501,17461,"p14","m0",0.373044375161316,0.811764258154353,-2.00976101521284,0.236513420709264
1502,17465,"p14","m0",0.179768234772895,0.69981344424509,-1.79447387148763,1.38600371370979
1503,17495,"p14","m0",0.295290272851988,0.725541645207942,-1.48494223440208,0.653977906176456
1504,17499,"p14","m0",0.345535449412889,0.807468705284138,-1.0825872423548,0.731702037179144
1505,17501,"p14","m0",0.199382970430234,0.68062277116402,-1.82382813671043,1.15341086415803
1506,17526,"p14","m0",0.292420044715163,0.672621253470028,-1.43867309569626,0.323057124320775
1507,17529,"p14","m0",0.205247209021573,0.67720877741314,-2.03329012275914,1.06704483558577
1508,17550,"p14","m0",0.30700465320535,0.732452175673565,-1.45235393779819,0.764363746310792
1509,17561,"p14","m0",0.23589999407548,0.767471263743966,-1.65760632304143,1.27037491081297
1510,17576,"p14","m0",0.267912128709866,0.717658850500793,-1.89739212498202,0.868889417585756
1511,17578,"p14","m0",0.329934392969837,0.770936755611383,-1.72701938413576,0.776022614704806
1512,17592,"p14","m0",0.243969796213519,0.742612780086895,-1.42249816818455,1.07745307484814
1513,17637,"p14","m0",0.207518241212403,0.700089417089215,-1.07477125536414,1.17236530499942
1514,17648,"p14","m0",0.300703834677176,0.761026367345563,-1.78772418143259,0.563181160572191
1515,17654,"p14","m0",0.270313999707223,0.785714070502241,-1.23591124593174,1.00015132530658
1516,17660,"p14","m0",0.2302082924873,0.739375792515052,-1.50604637132147,0.791261105919804
1517,17666,"p14","m0",0.232932795321517,0.749153808339117,-1.93866032318496,0.707785376681614
1518,17671,"p14","m0",0.409382201001785,0.785449230126893,-1.38826642938575,0.24707360012032
1519,17675,"p14","m0",0.103557049505537,0.632287302097465,-1.94608189194879,1.18874882352442
1520,17676,"p14","m0",0.211898235822733,0.666431117023606,-2.10470145359534,0.72895768833729
1521,17708,"p14","m0",0.341425224648144,0.761219572441604,-1.37790228635255,0.567279259149726
1522,17732,"p14","m0",0.390807959037602,0.798635180032952,-1.40388156948666,0.175475207844236
1523,17754,"p14","m0",0.321461627023017,0.759173773751893,-1.74614034339519,0.309505007752232
1524,17758,"p14","m0",0.208798710755569,0.66061944603178,-1.32938692113671,1.25145005810698
1525,17767,"p14","m0",0.254428480389221,0.709407938164273,-1.84904854826678,0.676644094036961
1526,17784,"p14","m0",0.253387288339131,0.733511429289744,-1.91820267336306,0.923926796251287
1527,17790,"p14","m0",0.297210692343534,0.758067788016474,-1.4595074188977,0.779064656070627
1528,17791,"p14","m0",0.293032922898069,0.722644304029794,-1.67949862249021,0.55845785913909
1529,17804,"p14","m0",0.16334103421203,0.668758968569685,-1.58885928237703,1.41933572664585
1530,17808,"p14","m0",0.233682504953701,0.726402086449682,-1.43795628231642,1.1693217932561
1531,17822,"p14","m0",0.278078311023725,0.774347437101471,-1.88256382168811,0.708567881951663
1532,17829,"p14","m0",0.136891743048281,0.678870989597506,-1.53622908788799,1.26985690960264
1533,17860,"p14","m0",0.257428233620313,0.745727978827305,-1.2672164526247,0.807984761756002
1534,17861,"p14","m0",0.296006485427307,0.724133223024686,-1.72442987266335,0.60954772956885
1535,17882,"p14","m0",0.279444073224914,0.6709809643843,-1.36660367055816,0.800904034604248
1536,17888,"p14","m0",0.172191128116923,0.676125915608972,-1.68171707940855,1.12075042491917
1537,17930,"p14","m0",0.304303974707797,0.741373222243451,-1.31714229083809,0.523627263044995
1538,17932,"p14","m0",0.299745715351742,0.751545532969189,-1.67094194171488,0.819893355741692
1539,17942,"p14","m0",0.201033245791451,0.717303548867449,-1.54175063955973,1.09195903004891
1540,17946,"p14","m0",0.290282368840476,0.714942772144906,-1.50293512386736,0.313497398513354
1541,17958,"p14","m0",0.259933967160112,0.78301190566816,-1.61860870576297,0.896084065400201
1542,17965,"p14","m0",0.172684549494725,0.733187242343177,-1.73732166469564,1.19712168413474
1543,17967,"p14","m0",0.195191695804999,0.765826493097975,-1.72666177473429,1.29417504444018
1544,17970,"p14","m0",0.230305908878504,0.810596502654489,-1.30066083290824,1.08731409742667
1545,17972,"p14","m0",0.304725699626528,0.861432064845121,-1.31379016996262,0.754851619857952
1546,18013,"p14","m0",0.263628563838757,0.815053777501495,-1.17625810865962,0.823282255644943
1547,18032,"p14","m0",0.285225465091524,0.797281419799976,-1.24912156776149,0.859945017595703
1548,18052,"p14","m0",0.277336607804224,0.735544797034318,-1.04458218771022,0.919984622284506
1549,18072,"p14","m0",0.274612203804699,0.708108527768471,-1.30416668175855,0.900474593934746
1550,18073,"p14","m0",0.328747926630579,0.822549466111856,-1.22712052226555,0.295721007770466
1551,18086,"p14","m0",0.228921156147036,0.820921849594314,-1.71421279251736,1.0249607224891
1552,18101,"p14","m0",0.224310984912108,0.706437695022433,-1.46217902089248,0.915716500072868
1553,18111,"p14","m0",0.250657647665029,0.769338482099936,-1.27461748862434,0.858571604442576
1554,18118,"p14","m0",0.263622207438808,0.7384538858977,-1.44905042502955,0.5805333699793
1555,18145,"p14","m0",0.302336742041186,0.758383461459895,-1.69159663202457,0.672684551913185
1556,18160,"p14","m0",0.212769266975778,0.676965046147298,-1.68070232766067,0.957855115715279
1557,18171,"p14","m0",0.278213768783748,0.771010611722175,-1.8981383770292,0.754623268316087
1558,18184,"p14","m0",0.278276206657875,0.71040191597686,-1.36301934915327,0.713370283595569
1559,18186,"p14","m0",0.353254878972302,0.815485814693554,-1.21647387598629,0.631385554188183
1560,18187,"p14","m0",0.273158900793595,0.813772563226273,-1.32771955679279,0.822353246273794
1561,18202,"p14","m0",0.251520412771438,0.73677824968539,-1.77170296339181,1.02751708723853
1562,18204,"p14","m0",0.352595527297771,0.805716059831239,-1.14931333499459,0.434552214938086
1563,18205,"p14","m0",0.25124904324009,0.693506123490597,-1.34698069291214,0.742490438696283
1564,18207,"p14","m0",0.209752430698627,0.723370214632095,-1.48248402406653,1.03556117923467
1565,18241,"p14","m0",0.369038384661951,0.784715161003037,-1.50945239716485,0.265966549542344
1566,18255,"p14","m0",0.236594153363538,0.7349303487391,-1.99171647352835,0.542928240800572
1567,18270,"p14","m0",0.279767323888727,0.803952648190011,-1.41190291344102,0.79476280226591
1568,18279,"p14","m0",0.321108465947147,0.774174823729026,-1.23544816947756,0.663767410292254
1569,18282,"p14","m0",0.248255156387914,0.765633514451126,-1.8290658391201,1.11856638127067
1570,18302,"p14","m0",0.245477845799857,0.783582129394441,-1.19463260874688,0.970111215859296
1571,18311,"p14","m0",0.257173365946975,0.800398486030633,-1.28390131955799,1.00106303685303
1572,18322,"p14","m0",0.24542284708836,0.772849865690629,-1.72186794422048,0.785456630890534
1573,18330,"p14","m0",0.280027374965002,0.71501176740295,-1.74415251016938,0.631567836296016
1574,18335,"p14","m0",0.332731639627435,0.80376450361512,-0.767814033183402,0.652954867949591
1575,18338,"p14","m0",0.281789086970612,0.706610460391302,-1.95241752134168,0.580729844104578
1576,18346,"p14","m0",0.376820391829727,0.802895401153256,-0.984023656370509,0.467462596260747
1577,18349,"p14","m0",0.320020926109609,0.81831440979355,-0.885339877971208,0.659175427126424
1578,18353,"p14","m0",0.269682793066346,0.726898698447886,-1.46304819741563,0.87537349865541
1579,18375,"p14","m0",0.270603323835516,0.789296142750452,-1.68089563359497,0.792183744827794
1580,18378,"p14","m0",0.305434693467492,0.80331979558533,-1.76171177864669,0.757251428502469
1581,18383,"p14","m0",0.252061367644193,0.688924886780836,-1.50045387197453,0.864384543567206
1582,18399,"p14","m0",0.358843508107753,0.785787437985387,-1.15775303047803,0.374106273169549
1583,18421,"p14","m0",0.22488202390033,0.727585761011625,-1.33729538314674,0.990429267681021
1584,18423,"p14","m0",0.289746907391582,0.781193149866912,-1.34870535167727,0.849260005987499
1585,18426,"p14","m0",0.270782195211665,0.739755875766221,-1.96894051510367,0.655033978589019
1586,18428,"p14","m0",0.278615870135821,0.750961081307374,-1.56280627761986,0.508334781784888
1587,18432,"p14","m0",0.21787116197618,0.763807772737658,-1.44342244992664,1.0663876670452
1588,18433,"p14","m0",0.315130192184509,0.721014353964039,-0.875319978538627,0.55986205509156
1589,18442,"p14","m0",0.187034794359219,0.72704376678636,-2.04798255367678,1.08889033098748
1590,18444,"p14","m0",0.324557054568445,0.762508896973819,-1.45101766183422,0.507208725636362
1591,18446,"p14","m0",0.243930812612912,0.737540988621991,-1.88498072022007,0.980538765341016
1592,18479,"p14","m0",0.209495060589906,0.776839635226809,-1.686432359227,1.15243403379956
1593,18494,"p14","m0",0.296999766778794,0.72749922370887,-1.47578277199664,0.61571320222992
1594,18500,"p14","m0",0.243071657648799,0.72427023944265,-0.914529165586556,1.11521128896042
1595,18512,"p14","m0",0.379962716386596,0.793464688380226,-0.814096322913301,0.411921444096182
1596,18519,"p14","m0",0.323799528569615,0.825024632351813,-1.57398563299931,0.610395669239468
1597,18531,"p14","m0",0.225391400106557,0.777343635926004,-1.78114301234978,0.92483794410306
1598,18538,"p14","m0",0.250144333033617,0.694945707750432,-1.55448757936703,0.805938889722669
1599,18543,"p14","m0",0.257102389349392,0.761486627386532,-1.21888884363847,1.14991405181396
1600,18569,"p14","m0",0.29211287626611,0.745444262782516,-1.30454891166165,0.70190719896168
1601,18575,"p14","m0",0.319815602286592,0.76119919072374,-1.54534649976388,0.462018333347025
1602,18590,"p14","m0",0.223308865560923,0.731642266023015,-2.02122069457326,1.01742201532947
1603,18604,"p14","m0",0.282894425829508,0.826481918088552,-1.45126321705797,0.954001537910198
1604,18625,"p14","m0",0.217164068112813,0.741485634164642,-1.29014518717138,1.02040648922243
1605,18635,"p14","m0",0.199174194736129,0.725088471042329,-2.27126186061233,1.1784477690508
1606,18643,"p14","m0",0.177816664438208,0.623293468537789,-1.76168618712032,1.21388859154019
1607,18654,"p14","m0",0.41590696631676,0.865947662750069,-1.35040122881848,0.392026916031512
1608,18671,"p14","m0",0.306726445628395,0.69058692104449,-1.72552768366232,0.407526029158516
1609,18689,"p14","m0",0.412327770372952,0.765722104774009,-1.22854634748991,0.155647073889217
1610,18702,"p14","m0",0.235207293388878,0.733270029014265,-1.16066118786269,0.936543857288576
1611,18707,"p14","m0",0.26103199028016,0.755892391613924,-1.20042679894212,0.838029175799477
1612,18712,"p14","m0",0.210489436286545,0.735952498889268,-2.01190199255728,1.06156344511684
1613,18714,"p14","m0",0.293654959339236,0.738580768106185,-1.31382007142423,0.908088146809936
1614,18724,"p14","m0",0.233625260211092,0.660432830262309,-1.29301845442976,0.763428594528706
1615,18728,"p14","m0",0.218153185679717,0.747335939089263,-1.14475492442084,0.947617839766656
1616,18731,"p14","m0",0.350646897473356,0.768858444921832,-1.97406403161448,0.601681988895512
1617,18737,"p14","m0",0.245816326019023,0.723321868577658,-1.73720753965969,0.645808266860999
1618,18745,"p14","m0",0.295684202700534,0.77206650377037,-1.23358288668994,0.848366223148836
1619,18768,"p14","m0",0.252099202756988,0.742695518227344,-1.61843363686249,0.900707037394091
1620,18806,"p14","m0",0.238317038847341,0.743799485101927,-1.49611596276125,1.02252255760929
1621,18818,"p14","m0",0.24811949994561,0.766920730180738,-1.85938309204481,0.745007460079742
1622,18823,"p14","m0",0.153342165030574,0.66750946686665,-1.14926098227666,1.16704243257167
1623,18833,"p14","m0",0.277604665508781,0.775780963651021,-1.63140322577084,0.791310719881731
1624,18834,"p14","m0",0.191390871311967,0.749966737567691,-1.27385050205928,1.17355253649198
1625,18865,"p14","m0",0.223398763990164,0.692132771497286,-1.37145742879812,0.808218790831779
1626,18867,"p14","m0",0.290904446730376,0.736179114531135,-1.53985020312691,0.597015542370264
1627,18882,"p14","m0",0.382101464655365,0.785840348613399,-1.57935525462991,0.364552072990512
1628,18888,"p14","m0",0.268713369079139,0.791420442840104,-1.99258080090165,0.953151676776415
1629,18897,"p14","m0",0.234531402524136,0.723835218782408,-1.25724488672324,0.885321873128666
1630,18900,"p14","m0",0.263673973702897,0.749258919730723,-1.15118637362903,0.960339599583837
1631,18914,"p14","m0",0.345853066104511,0.752535657864927,-1.54541869413548,0.324327834176463
1632,18945,"p14","m0",0.287185401852149,0.79984177074759,-1.19973548680288,0.693768808174184
1633,18948,"p14","m0",0.324357078862918,0.759749935819756,-1.40888758121937,0.450355057318555
1634,18952,"p14","m0",0.270148497003163,0.776243260558806,-1.35455944162367,0.938016088900949
1635,18958,"p14","m0",0.238400636679944,0.691181723810521,-1.60731783241295,0.930056345307323
1636,18972,"p14","m0",0.242191814681214,0.731974670964106,-1.22208959385395,1.1028516145206
1637,18989,"p14","m0",0.234811342511624,0.694955987837166,-1.74945582305062,0.92671438701802
1638,19010,"p14","m0",0.271575797175366,0.748894049637594,-1.5040859737485,0.834075614807857
1639,19035,"p14","m0",0.156648236867026,0.692751048565218,-1.95291163301352,1.38309041413454
1640,19062,"p14","m0",0.29046088126534,0.69948236936376,-1.26299002422412,0.310551434897204
1641,19071,"p14","m0",0.338038782413132,0.734495139018546,-1.52235343447176,0.52188978732094
1642,19075,"p14","m0",0.308484617269542,0.795452549392872,-1.66564296217034,0.45873817731335
1643,19083,"p14","m0",0.258409014384965,0.73498928831605,-1.43360073400396,0.922210261041684
1644,19087,"p14","m0",0.257248595929549,0.748766976123047,-2.09101709174533,0.63340436294183
1645,19089,"p14","m0",0.296531571448998,0.735363648375596,-1.29703525820121,0.757760170026853
1646,19093,"p14","m0",0.244210231338342,0.718207971463849,-1.82593474371834,0.820827979504682
1647,19101,"p14","m0",0.214803180428478,0.760190992533489,-1.51136904586136,1.03489494911897
1648,19109,"p14","m0",0.378683915608618,0.761710167876215,-1.16529143367406,0.249439796053749
1649,19110,"p14","m0",0.307373257384171,0.70535241092942,-1.34443251149701,0.775939218322659
1650,19124,"p14","m0",0.259350895459526,0.722223908850513,-1.38025807115301,0.812500397776544
1651,19134,"p14","m0",0.213396109324496,0.750221697599337,-1.74981100781438,0.887225496349449
1652,19139,"p14","m0",0.347765086771308,0.825559108634162,-1.48276054486125,0.632904951065931
1653,19140,"p14","m0",0.199142340204783,0.706122118477691,-2.04546271169354,1.25800787803528
1654,19143,"p14","m0",0.336675873955193,0.776906252715139,-1.40381083411111,0.667022119282925
1655,19145,"p14","m0",0.2560364829959,0.667697739361161,-1.34115157055964,0.825250532372172
1656,19152,"p14","m0",0.211935649109969,0.722761312567277,-1.45655738879239,1.00919098105264
1657,19163,"p14","m0",0.289237700047154,0.762829814123017,-1.58149987409589,0.64718757661581
1658,19173,"p14","m0",0.23882847702535,0.744292135423661,-1.8083350076134,0.988303220632341
1659,19176,"p14","m0",0.329214905260517,0.743746409323117,-1.28724658308124,0.650423205274801
1660,19199,"p14","m0",0.293112172409262,0.763200902521554,-1.36492736211186,0.425502000077519
1661,19200,"p14","m0",0.281892224539731,0.725411925518316,-1.53605029059159,0.816144433921036
1662,19211,"p14","m0",0.268449989944201,0.754492233792129,-1.55935274860745,0.794771280888852
1663,19229,"p14","m0",0.228294880883435,0.768356749222916,-2.13761207087254,1.18088281539024
1664,19237,"p14","m0",0.273742105366789,0.697208127175342,-1.42173771676491,0.611983071808256
1665,19242,"p14","m0",0.307405106621479,0.772848083638977,-1.22508118764977,0.679106953353664
1666,19244,"p14","m0",0.272993826783021,0.752202532783509,-1.44277728000509,0.848799378050173
1667,19250,"p14","m0",0.261341640441242,0.766985283007018,-1.44607605203527,1.1046025658965
1668,19269,"p14","m0",0.309902641606379,0.792440877368626,-1.12946931469843,0.730378417431472
1669,19272,"p14","m0",0.281492492837065,0.803404048055987,-1.57449240058324,0.817885424334205
1670,19273,"p14","m0",0.290816153028742,0.815685163764271,-1.54086252965797,0.478988466571527
1671,19282,"p14","m0",0.220842024925705,0.747524665082809,-1.25001002511586,1.09900294490357
1672,19284,"p14","m0",0.19529165851822,0.633267534958717,-1.61805652334713,1.07249912528088
1673,19356,"p14","m0",0.30719194737923,0.727023947080983,-1.59992649594898,0.667032017443498
1674,19368,"p14","m0",0.260812408922858,0.709249983735877,-1.50079495675968,0.690437143421476
1675,19426,"p14","m0",0.358952227662886,0.850714640547378,-1.38304218089716,0.511639123137379
1676,19442,"p14","m0",0.222568422546342,0.715656467996557,-1.66641349587695,0.875710991846556
1677,19465,"p14","m0",0.278725061860104,0.74483141134262,-1.65029419210298,0.849245506474595
1678,19468,"p14","m0",0.306527458738292,0.759291342433122,-1.54286702490102,0.70676065666513
1679,19470,"p14","m0",0.216551786108348,0.64600437089714,-2.03518879144608,0.880770331452628
1680,19473,"p14","m0",0.331519851207317,0.730404093724494,-0.849665227626229,0.428054925111341
1681,19479,"p14","m0",0.300194070673124,0.819228610118443,-1.16408645554331,0.862312799999086
1682,19487,"p14","m0",0.340549105703366,0.797020921696854,-1.50959866198099,0.607583387758054
1683,19500,"p14","m0",0.240448130841491,0.754517485389299,-1.72795095433307,1.05070717147959
1684,19511,"p14","m0",0.233130604120577,0.730433038320864,-1.27176360801174,1.07287440281466
1685,19518,"p14","m0",0.266381162505561,0.754999171097378,-1.55524608446115,0.811976973486269
1686,19520,"p14","m0",0.110956761669885,0.682622223493328,-1.7371448468681,1.32387978164298
1687,19528,"p14","m0",0.234058709363116,0.72912789874385,-1.54462271357375,0.95662685572407
1688,19547,"p14","m0",0.193666192976928,0.697675331435105,-1.25932351182315,1.14515501444465
1689,19550,"p14","m0",0.318181582602865,0.765219267796502,-1.33069331399812,0.530033579875622
1690,19552,"p14","m0",0.314415962333356,0.787892589695602,-1.33347556573224,0.714033722425798
1691,19575,"p14","m0",0.214673949425326,0.714747943693239,-1.60997929632228,0.802082801965961
1692,19578,"p14","m0",0.312937080937638,0.787690075374002,-1.61890801991234,0.630841859396553
1693,19598,"p14","m0",0.170245483707083,0.700324309845453,-2.41695377383496,1.12172719805293
1694,19615,"p14","m0",0.367344129749313,0.82190653132161,-0.946292239754273,0.717870747214943
1695,19643,"p14","m0",0.166122424832403,0.667065756897937,-1.80108459650883,0.994406991300675
1696,19651,"p14","m0",0.116725392390358,0.624565507592414,-1.78697460048354,1.19476725598005
1697,19660,"p14","m0",0.257775260954477,0.760351409741013,-1.57718974864739,0.781565911472921
1698,19680,"p14","m0",0.284552634078041,0.721179997996312,-1.20244499264987,0.634365397636536
1699,19703,"p14","m0",0.124467882889725,0.724574249182008,-1.84887015700913,1.39606047621322
1700,19713,"p14","m0",0.32171039394198,0.795331153607166,-1.54293911637992,0.676701098817619
1701,19734,"p14","m0",0.253262910271727,0.717690272908812,-1.35658566099398,0.910227887203189
1702,19744,"p14","m0",0.221019419587564,0.715008164995113,-1.97978786022113,0.982249332071656
1703,19754,"p14","m0",0.27094516792272,0.765000123459084,-1.79115471100444,0.70987014095008
1704,19758,"p14","m0",0.196923275074971,0.714426284301614,-1.46807430631151,1.11569965284379
1705,19767,"p14","m0",0.295561200348763,0.748081257037952,-1.41893577975428,0.772523229579429
1706,19773,"p14","m0",0.214197037914133,0.731649975384375,-2.02312651318418,1.10594427830553
1707,19792,"p14","m0",0.189993228412433,0.742766193817915,-1.95308915182084,1.14001077729217
1708,19801,"p14","m0",0.291949011722296,0.748643005430143,-1.88625763339271,0.727610427574638
1709,19806,"p14","m0",0.227534082020512,0.777063277890605,-1.42061495533372,0.905413531910349
1710,19827,"p14","m0",0.246707777385097,0.717753683958844,-1.40589545270813,0.997389223850948
1711,19856,"p14","m0",0.293878962634075,0.804155847710922,-1.64631317452436,0.818171255722694
1712,19877,"p14","m0",0.279004081578208,0.712222989611753,-1.2886242907808,0.649764453195316
1713,19883,"p14","m0",0.207554041618595,0.707420492769579,-1.70390293456381,1.16245251545418
1714,19893,"p14","m0",0.164041512409911,0.615805795439053,-1.83443382114577,0.963944952631931
1715,19894,"p14","m0",0.256789165840123,0.795076617095301,-1.2464181851182,0.832815865947372
1716,19898,"p14","m0",0.312420965029089,0.804515819300171,-1.7124359429881,0.749144033262935
1717,19900,"p14","m0",0.255707735563594,0.724420774087029,-1.40732199438842,0.800514170172907
1718,19909,"p14","m0",0.25885610815558,0.747927741050647,-1.32246241164985,0.875997053199223
1719,19912,"p14","m0",0.407253750132191,0.782187383215292,-0.969126804553402,0.366677496603503
1720,19941,"p14","m0",0.204746715756957,0.709095665952758,-1.2358907648747,1.33004851504894
1721,19978,"p14","m0",0.362839765551346,0.777097270159855,-1.0637237347152,0.368345771887047
1722,19997,"p14","m0",0.256900703044143,0.754695530441494,-1.2921952234509,0.601632326017068
1723,20007,"p14","m0",0.252274768913967,0.678023691835563,-2.03260088972998,0.833134633308286
1724,20029,"p14","m0",0.177902093897812,0.716093103409862,-1.77934954988744,1.40670446834185
1725,20031,"p14","m0",0.253664674096379,0.796419041308381,-1.57179677628177,1.08125510767848
1726,20034,"p14","m0",0.242512101900559,0.727546047095331,-1.31680560752814,1.03050653045901
1727,20039,"p14","m0",0.273275223359674,0.762908383251627,-1.67354747821925,0.99521821427299
1728,20058,"p14","m0",0.123925190110274,0.590609120130428,-1.51478311315052,1.24101489553338
1729,20070,"p14","m0",0.331628965385382,0.824614599958134,-1.58026870547314,0.633443988577063
1730,20080,"p14","m0",0.263679524562027,0.749432567704613,-1.1718377125767,0.904971171997483
1731,20102,"p14","m0",0.187197483089095,0.778178962002134,-1.69396981491927,1.38979937956777
1732,20107,"p14","m0",0.326230387216766,0.788558520080956,-1.0137918045762,0.622433324216566
1733,20111,"p14","m0",0.206843812078053,0.703276498738815,-1.91297939218343,1.03731147937249
1734,20122,"p14","m0",0.247499276116842,0.778174957933286,-1.32831572040522,1.08445640454705
1735,20143,"p14","m0",0.304577585978498,0.737150557478808,-1.76170387806815,0.640312542022024
1736,20150,"p14","m0",0.289838732039827,0.802622136175044,-2.19745807815527,0.815789270607755
1737,20153,"p14","m0",0.221520656988989,0.647302143236826,-1.29328195118582,0.88864653552965
1738,20161,"p14","m0",0.240973641508319,0.743699754399424,-1.92031912838143,0.936100218448964
1739,20163,"p14","m0",0.241723728199013,0.716448217150816,-1.3233114756589,0.823642216971492
1740,20175,"p14","m0",0.306323630850778,0.746490794373106,-1.48661635156674,0.9515375409782
1741,20211,"p14","m0",0.307946245753226,0.7525718293768,-1.39020534191629,0.689345481351189
1742,20227,"p14","m0",0.293024866042434,0.746860870010952,-1.3808874034171,0.733291381155194
1743,20230,"p14","m0",0.221367940419174,0.738515108617736,-1.56664494911951,1.16257355046389
1744,20240,"p14","m0",0.259142086341449,0.792097939260835,-1.61842255223874,1.14396544872283
1745,20280,"p14","m0",0.241596489603684,0.668277264168709,-1.64069356883389,0.839355265166737
1746,20292,"p14","m0",0.322176995891569,0.811001871701805,-1.7927978118461,0.78185222818404
1747,20301,"p14","m0",0.276083876103974,0.814368060717515,-0.892358749891328,1.00477189390008
1748,20310,"p14","m0",0.234266442482273,0.73045730802945,-1.47512237039797,1.05797046004918
1749,20311,"p14","m0",0.247072099677824,0.721938913292886,-1.66042339100888,0.889944459788496
1750,20322,"p14","m0",0.272586450664629,0.736817321843594,-1.05782384386175,0.855304778352335
1751,20347,"p14","m0",0.199147057407801,0.697606562225606,-1.57789931552916,1.02636569393624
1752,20356,"p14","m0",0.351244237078105,0.805478028600769,-1.66081208016729,0.423387092328854
1753,20363,"p14","m0",0.256465712952921,0.740708897087561,-1.81643286163109,1.04984226690053
1754,20366,"p14","m0",0.315477220105989,0.799831935133606,-1.2622379683043,0.423435840681085
1755,20377,"p14","m0",0.307920739214694,0.743918603355775,-1.170141636395,0.626485647809535
1756,20396,"p14","m0",0.263519759632792,0.755822491698486,-1.65152734139242,0.890982067594381
1757,20397,"p14","m0",0.191513362161819,0.609959306877612,-1.47936839888789,1.02424256377041
1758,20406,"p14","m0",0.290374396875212,0.713238404009778,-1.33004028456327,0.63836254701355
1759,20436,"p14","m0",0.251050327637515,0.729313308896732,-1.37693024952088,0.922396340046969
1760,20444,"p14","m0",0.352643643692364,0.77515006453867,-0.938103183845776,0.523215024998669
1761,20445,"p14","m0",0.232152998750535,0.789790204104605,-1.67587393915866,0.968655515580977
1762,20453,"p14","m0",0.283885440211025,0.728665430192365,-2.07368027961625,0.822585808088677
1763,20456,"p14","m0",0.22969984168769,0.771492628401886,-1.48544228279879,1.18219900349735
1764,20464,"p14","m0",0.219357146213928,0.734302577566346,-1.49188135142744,0.884031892625423
1765,20465,"p14","m0",0.301848229863239,0.774811811961782,-1.70743880496169,0.66371259903345
1766,20499,"p14","m0",0.267360867766055,0.738398518111733,-1.85334912454796,0.608869326053171
1767,20503,"p14","m0",0.224414922988034,0.756928261598756,-1.77495649011259,1.04775491405054
1768,20509,"p14","m0",0.388607851008817,0.881251618420603,-1.75974063262243,0.400412349277935
1769,20511,"p14","m0",0.253494451784152,0.740755492762912,-1.88633737673708,0.925605221019373
1770,20534,"p14","m0",0.275789445497165,0.745306751093245,-1.79524463110782,0.816853661360455
1771,20569,"p14","m0",0.298607829633045,0.806593690572884,-1.55726595631782,0.786550704304538
1772,20587,"p14","m0",0.14293920824305,0.684948230604853,-1.79985009322203,1.23767690159162
1773,20590,"p14","m0",0.27478228871907,0.764850295386521,-1.78163380451857,0.770560013443961
1774,20604,"p14","m0",0.263757986878798,0.738223845851779,-1.62769410571962,0.820887339505441
1775,20609,"p14","m0",0.231610876828893,0.758378048866841,-1.42069643760538,0.89339964692634
1776,20615,"p14","m0",0.297307212233622,0.784809716432194,-1.37777807021645,0.855827894044284
1777,20624,"p14","m0",0.253318906911195,0.680650562106236,-1.66505583390903,0.733763667716649
1778,20630,"p14","m0",0.232567053020797,0.71145727331782,-2.01963402597373,0.774466566653142
1779,20631,"p14","m0",0.367493370052665,0.756763146672541,-0.980725121742575,0.454529468535077
1780,20633,"p14","m0",0.19182966767637,0.688452067748054,-1.86447306596157,1.19243063035808
1781,20643,"p14","m0",0.246873744078626,0.706563452377571,-1.39100685920946,0.836648283596233
1782,20701,"p14","m0",0.42058560193236,0.827503880926199,-1.1312074724876,0.323072349981428
1783,20708,"p14","m0",0.188613615181474,0.698553040378104,-2.11525060454978,1.39394855183552
1784,20718,"p14","m0",0.302754638350983,0.797632890978208,-1.11455568101897,0.743899126643916
1785,20728,"p14","m0",0.13673570317598,0.74312682813032,-1.57750406940291,1.31889424473493
1786,20734,"p14","m0",0.29481929217527,0.733052087123632,-1.39666854785412,0.715438051768747
1787,20740,"p14","m0",0.343073620630738,0.741417193988619,-1.52432468563788,0.267934607711292
1788,20746,"p14","m0",0.258769338844728,0.74547300794612,-1.62585264411644,0.703078044265685
1789,20754,"p14","m0",0.309320089678066,0.757979360062564,-1.30106399813506,0.646047861583907
1790,20770,"p14","m0",0.30691302060427,0.73393484135473,-1.25154093978722,0.737025975371038
1791,20771,"p14","m0",0.201701290854398,0.748301839769949,-1.83830241090009,1.14142742270815
1792,20809,"p14","m0",0.331893669274749,0.781959625431434,-1.66655382340544,0.472564937219209
1793,20811,"p14","m0",0.295492426815791,0.772536737492398,-1.09903748409044,0.570589571336046
1794,20817,"p14","m0",0.215871636200864,0.731256324218948,-1.52272099651569,1.21449501895687
1795,20819,"p14","m0",0.252905863918087,0.705812477191583,-2.15608748492276,0.838571777452747
1796,20828,"p14","m0",0.291263190998933,0.761981347007514,-0.978346826775877,0.787554436377578
1797,20834,"p14","m0",0.352633007151206,0.678052489968537,-1.65714930068617,0.229879062017559
1798,20870,"p14","m0",0.271275133707126,0.703802195271259,-1.57604878442554,0.691949909187603
1799,20886,"p14","m0",0.266926886746601,0.771128978819764,-1.51337307831873,0.927237117478262
1800,20889,"p14","m0",0.2802639999141,0.788129958198238,-1.22714928927456,0.81426694164661
1801,20926,"p14","m0",0.314774459550748,0.769158317076385,-0.95947035235668,0.503029525802314
1802,20937,"p14","m0",0.20980669506314,0.651575189006064,-1.52075187930524,0.865270700190218
1803,20941,"p14","m0",0.284463302128206,0.782654298639175,-1.03576008850092,0.758818235788117
1804,20947,"p14","m0",0.342139963204667,0.80402916635986,-0.919064292140955,0.635956169831842
1805,20964,"p14","m0",0.328714301295851,0.766313290531938,-1.21252607608566,0.439299383424672
1806,20970,"p14","m0",0.168499635418652,0.661420316181512,-1.87669208571065,1.4686622439669
1807,21018,"p14","m0",0.187917027797823,0.728750803291719,-1.62790309828594,1.15432392514533
1808,21021,"p14","m0",0.291868715273954,0.794627795250875,-1.54369831797468,0.820678680017975
1809,21038,"p14","m0",0.121109114928502,0.577365448225237,-1.40273645395637,1.29157465496032
1810,21050,"p14","m0",0.164639591195187,0.652063584358044,-1.61418072176875,1.21745543191045
1811,21052,"p14","m0",0.232509538893412,0.699516450545888,-2.24631941193336,0.79726975251703
1812,21057,"p14","m0",0.25068693557695,0.812274560560671,-1.55895215917252,0.994047117301519
1813,21083,"p14","m0",0.354241703226567,0.756114246520942,-1.07508533769941,0.549691396293608
1814,21090,"p14","m0",0.338191487753944,0.777158064073047,-1.20668461067725,0.515135122330879
1815,21091,"p14","m0",0.327769511606542,0.788871962413401,-1.36454182175016,0.628868312265852
1816,21097,"p14","m0",0.252553913450691,0.778566543730552,-1.45025952661803,0.956210940047245
1817,21105,"p14","m0",0.295797160421769,0.768383745930329,-1.94237324066261,0.699018440165682
1818,21143,"p14","m0",0.226644609810105,0.690832151738253,-1.51701883578899,0.97384683919405
1819,21161,"p14","m0",0.31142711152095,0.806726656412551,-1.66024459998922,0.72276200255817
1820,21178,"p14","m0",0.382550554620029,0.775746743776468,-1.13967376518275,0.62568150796659
1821,21182,"p14","m0",0.389504457271433,0.790089370975999,-0.873961579764114,0.337397230424613
1822,21185,"p14","m0",0.232492741888236,0.769147278331965,-1.45993988234359,0.981673234909622
1823,21217,"p14","m0",0.209173781688514,0.656303523514198,-1.56982143077158,1.04445162616544
1824,21222,"p14","m0",0.265758920834602,0.721824023978925,-1.73938631985591,0.790582570850819
1825,21233,"p14","m0",0.306175202001716,0.767861547722061,-1.07951393658256,0.608468944799797
1826,21246,"p14","m0",0.230777219623226,0.702425332077074,-1.60297217060256,0.883021751264483
1827,21267,"p14","m0",0.323861759655283,0.783447921198655,-1.23865206168124,0.69080545001946
1828,21269,"p14","m0",0.296399666155233,0.76418579045665,-1.48330489004695,0.563236511865634
1829,21284,"p14","m0",0.221485605633644,0.726105512598225,-1.75562226705213,1.05150834441767
1830,21286,"p14","m0",0.28967104278822,0.799574469335313,-1.53723888994499,0.719408603501023
1831,21288,"p14","m0",0.372848165674839,0.746266515041474,-1.16897934918977,0.15956046897291
1832,21293,"p14","m0",0.359277071027212,0.77784240320401,-0.771938305926278,0.258726801292348
1833,21311,"p14","m0",0.318690295089256,0.81922722411638,-1.24040356383926,0.666399886863826
1834,21312,"p14","m0",0.39318133636571,0.834236776940827,-1.05790208783378,0.483795507262232
1835,21315,"p14","m0",0.237416123829531,0.788772482914367,-1.31483667246863,1.13378500318738
1836,21321,"p14","m0",0.20015081221144,0.750396175908316,-1.53632250979697,0.965720490022074
1837,21347,"p14","m0",0.268070828070254,0.785277505030775,-1.53865351315484,0.948375003533015
1838,21350,"p14","m0",0.2929899073013,0.787089040500151,-1.22469968085812,0.756760803959497
1839,21351,"p14","m0",0.248970227339036,0.773112970038689,-1.86921083595764,0.838157951872228
1840,21360,"p14","m0",0.177324314706715,0.669865924365933,-1.20927753766275,1.14945960543125
1841,21361,"p14","m0",0.277173746937375,0.752569404461674,-1.99664797686591,0.660318910002077
1842,21376,"p14","m0",0.234328216855208,0.687112134594358,-1.39872775333294,1.1764068044906
1843,21377,"p14","m0",0.218852837762021,0.713634397021866,-1.5307337030109,1.2146085780311
1844,21382,"p14","m0",0.334241200730627,0.806789044422479,-1.24173552406273,0.664556060676813
1845,21404,"p14","m0",0.244617079630486,0.72882068536103,-1.58779502275117,1.11932065171754
1846,21410,"p14","m0",0.270257748329805,0.737527018474491,-1.59560232462579,0.833350658601541
1847,21413,"p14","m0",0.242922354175473,0.642414929102259,-1.77418109872115,0.752262413411516
1848,21419,"p14","m0",0.294141200738161,0.679477467590597,-1.35336696013701,0.346099884282737
1849,21443,"p14","m0",0.346367229099989,0.812598985631988,-1.37727866625413,0.353264343578768
1850,21457,"p14","m0",0.269166463303138,0.722230153757759,-1.46750552871799,0.894851875704443
1851,21467,"p14","m0",0.298446752637605,0.797259548378729,-1.72789885976421,0.827892074487333
1852,21509,"p14","m0",0.235123907722329,0.725838443276501,-1.65625729019584,0.901225303983351
1853,21519,"p14","m0",0.287150943295643,0.762948694758193,-1.6387627338625,0.700713575676238
1854,21541,"p14","m0",0.214236685525388,0.760260655737904,-1.52307927576905,1.17898502675883
1855,21565,"p14","m0",0.361004771349957,0.774194822014172,-1.40342365742802,0.129919545648173
1856,21570,"p14","m0",0.22881623897461,0.69986730963902,-1.62114125845119,0.792537467976612
1857,21580,"p14","m0",0.260172992686272,0.733950234935947,-1.8059741139922,1.07145650780773
1858,21582,"p14","m0",0.302456809211054,0.856635363687903,-1.48098510918272,0.887544786254986
1859,21585,"p14","m0",0.14518441133038,0.703654590179816,-1.7117504146654,1.20061937787415
1860,21606,"p14","m0",0.237174832041494,0.713761687503806,-1.57913628393135,0.934306913350833
1861,21615,"p14","m0",0.355737875838725,0.773202687881173,-1.58121399259524,0.3664286218958
1862,21625,"p14","m0",0.242056432824642,0.736063709534643,-1.64980943587482,0.850959443760547
1863,21632,"p14","m0",0.321066426960125,0.781322180134332,-1.20107968559528,0.485362050357069
1864,21634,"p14","m0",0.254272780016613,0.762237292895166,-1.13994502230994,0.865378584695396
1865,21650,"p14","m0",0.195119594594629,0.74736950760427,-1.69880028433943,1.25569617573175
1866,21651,"p14","m0",0.313947975017498,0.730012655447998,-1.3266621599073,0.538700403337041
1867,21674,"p14","m0",0.341316794673053,0.755686183528645,-1.40197514832151,0.412169820525663
1868,21689,"p14","m0",0.241061104112146,0.645835220049278,-1.70592205738434,0.924702904157104
1869,21707,"p14","m0",0.243724904352556,0.779758123216509,-1.42359891704597,1.09981038249233
1870,21733,"p14","m0",0.359938131738825,0.843068874684735,-1.19866955453433,0.750592550392279
1871,21741,"p14","m0",0.262689602298039,0.79608255405097,-1.04322507769826,0.923878938683641
1872,21750,"p14","m0",0.289699576129673,0.763598849072589,-1.73943186945404,0.54604867036092
1873,21755,"p14","m0",0.148410991864634,0.653642075867697,-1.68208748861889,1.33970321980271
1874,21764,"p14","m0",0.207702020523941,0.690963372914922,-1.19057695754171,0.982682192412228
1875,21771,"p14","m0",0.231660383394715,0.755771492315796,-1.53580031193908,0.907304028240754
1876,21779,"p14","m0",0.230662673933608,0.721395491571234,-1.31930880376705,0.918087960672536
1877,21800,"p14","m0",0.214993396196334,0.687618768815948,-1.55097918278605,1.03282568552182
1878,21803,"p14","m0",0.326993879315942,0.748712661707257,-1.84847964661784,0.234583642286356
1879,21808,"p14","m0",0.248625039672051,0.729828971021869,-1.65257971454138,0.884686632032961
1880,21829,"p14","m0",0.201425924440299,0.683867398285454,-1.38042805822274,1.16568019662635
1881,21833,"p14","m0",0.251690617278565,0.714466763648661,-1.20995376190555,0.784023425590364
1882,21834,"p14","m0",0.315228402110066,0.743978756944753,-1.53688369367521,0.692089982590746
1883,21842,"p14","m0",0.277865593905431,0.758250083399305,-1.6023188784819,0.698866514017895
1884,21846,"p14","m0",0.312531495094258,0.809594245310888,-0.92105104540773,0.62784558458855
1885,21851,"p14","m0",0.311129615435183,0.783015044491515,-1.52109296628182,0.689270217461308
1886,21860,"p14","m0",0.292826981023503,0.79270640424278,-1.62471162695344,0.891756650190152
1887,21903,"p14","m0",0.130346537857075,0.580281408014401,-1.84205441062114,1.30398037767303
1888,21945,"p14","m0",0.304681339412525,0.725365049103978,-1.4110432735391,0.580929024634888
1889,21954,"p14","m0",0.259416810688998,0.708269220202672,-2.09751433531341,0.837085647496616
1890,21961,"p14","m0",0.200489499230555,0.699222771776617,-1.55022382329092,1.04678168523572
1891,21966,"p14","m0",0.349162694642547,0.76392361987691,-1.31058141937583,0.450746270730245
1892,21971,"p14","m0",0.275484471913557,0.696364374618355,-1.37886646999313,0.78173752219063
1893,21973,"p14","m0",0.325281908038927,0.783065477815371,-1.11610461979818,0.673345833044812
1894,22024,"p14","m0",0.360326440806584,0.835386618970022,-1.36966473804579,0.586716677958259
1895,22027,"p14","m0",0.298458472466296,0.748095393886105,-1.6928767962185,0.443525121177729
1896,22039,"p14","m0",0.326242785918546,0.749906849488395,-1.37458177597744,0.651571107267053
1897,22043,"p14","m0",0.203789467347247,0.711743080897643,-1.00926828123971,1.04290056584858
1898,22049,"p14","m0",0.220412328811749,0.781217735499696,-1.51069146492221,0.962862236973111
1899,22073,"p14","m0",0.293100860228152,0.775153806527238,-1.00250039130362,0.671149393311432
1900,22095,"p14","m0",0.271504858972206,0.75546650938269,-1.35867875852241,0.762481111376742
1901,22097,"p14","m0",0.354223826221864,0.781626262861497,-2.04852139222743,0.375113346554713
1902,22109,"p14","m0",0.334856369443778,0.76861087074991,-1.18482116897149,0.682614551454456
1903,22121,"p14","m0",0.186915019050793,0.702282581050288,-2.12151931153928,1.04188369422853
1904,22142,"p14","m0",0.288507974694389,0.72511357032414,-1.47831777749325,0.878148980371017
1905,22151,"p14","m0",0.314904915059661,0.786143485191534,-1.82458759974521,0.78032166731051
1906,22155,"p14","m0",0.276882847621562,0.776933249134633,-1.45639516840369,0.772395797027226
1907,22167,"p14","m0",0.270352896682324,0.716492735593716,-1.44680089983885,0.727643353555404
1908,22173,"p14","m0",0.282506015674569,0.739918076867678,-1.62510954432947,0.553771873580855
1909,22182,"p14","m0",0.279115473426138,0.75056500198414,-1.18037523567259,0.909505284912394
1910,22186,"p14","m0",0.206460897374674,0.70356743726028,-1.24334938766523,1.0056348124016
1911,22202,"p14","m0",0.269859077505778,0.7757507211876,-1.45882665446072,0.715551013722041
1912,22218,"p14","m0",0.345195799911936,0.740245536755324,-1.83170928049392,0.470172629633051
1913,22235,"p14","m0",0.264160316335088,0.772828892539252,-1.34812969129805,0.759483323526524
1914,22254,"p14","m0",0.294717878035212,0.752788295001632,-0.970080910322051,0.827640190635846
1915,22256,"p14","m0",0.254995768397494,0.689277282575059,-1.44880713317798,0.73948228306528
1916,22268,"p14","m0",0.217741105326454,0.712142625452269,-1.75438774817671,0.848615269495108
1917,22282,"p14","m0",0.166911960838377,0.698869538582626,-1.12768743765545,1.20631436421082
1918,22302,"p14","m0",0.253566119142004,0.730576678829564,-1.76278103637774,0.661753382089311
1919,22303,"p14","m0",0.175642149343654,0.725858774153157,-1.60063149360026,1.28848826656113
1920,22321,"p14","m0",0.208075191861199,0.692089389339065,-1.38497112762208,0.98703310357876
1921,22329,"p14","m0",0.307374743691335,0.798281668520931,-1.13603662887337,0.805141580854217
1922,22364,"p14","m0",0.263925337459391,0.712507412296691,-1.51779651030881,0.815116378785583
1923,22378,"p14","m0",0.364889171838998,0.84567567564312,-1.49556139855134,0.417766588489482
1924,22403,"p14","m0",0.257455514237334,0.77759969566422,-1.72483546633169,0.979206298925853
1925,22415,"p14","m0",0.267420527272631,0.72756263342825,-1.87706900773304,0.759014727139571
1926,22439,"p14","m0",0.268022136157155,0.734271623943188,-1.42851579262884,0.828606870690811
1927,22461,"p14","m0",0.232707247241706,0.763721699226671,-1.41031883440039,1.11117587165246
1928,22467,"p14","m0",0.300827835994681,0.736880078520054,-1.76649007115903,0.546032299494218
1929,22495,"p14","m0",0.279774073990962,0.704176919390592,-1.37893907910601,0.638223559109471
1930,22507,"p14","m0",0.263938350682505,0.697162349507063,-1.52060554063592,0.767862626798122
1931,22525,"p14","m0",0.193823277520675,0.696904771590478,-1.48828361140522,1.20250051550932
1932,22533,"p14","m0",0.268856394602247,0.722547038602459,-1.42724368152216,0.871494510887674
1933,22537,"p14","m0",0.262501399512828,0.703878359206332,-1.44220262067832,0.791139257621113
1934,22570,"p14","m0",0.229084868940665,0.674926199949507,-1.78285107588648,0.978940268142491
1935,22580,"p14","m0",0.218290361091085,0.735897985912801,-1.53646329562224,1.1230876609214
1936,22594,"p14","m0",0.216925020536721,0.680709510737041,-1.24068639161437,1.01330868842318
1937,22603,"p14","m0",0.284631994835036,0.771938396449143,-1.68168286177768,0.667349366783539
1938,22604,"p14","m0",0.176127795564728,0.685099132541341,-1.48034452003103,1.25087571842785
1939,22628,"p14","m0",0.265428609879226,0.741311393349826,-1.48537903994869,0.813635313779128
1940,22639,"p14","m0",0.284548057246672,0.746174710714866,-1.56353764532423,0.659762941011716
1941,22643,"p14","m0",0.315673546944094,0.816364277466946,-1.84300676600793,0.602294040593488
1942,22679,"p14","m0",0.168398476534797,0.677371335825142,-1.77140734020739,1.03952116708659
1943,22682,"p14","m0",0.26002809592717,0.73470863884391,-1.75314222745812,0.656097444602832
1944,22685,"p14","m0",0.351211137094213,0.722431025970276,-1.42540469525282,0.374960597597239
1945,22686,"p14","m0",0.197015918381557,0.700492865800258,-1.50989866624667,0.928446562820861
1946,22698,"p14","m0",0.220103916331579,0.757217308016583,-1.20907667677368,1.01813627998469
1947,22709,"p14","m0",0.288854052104465,0.759153251864091,-1.05914043355176,0.797771478101262
1948,22716,"p14","m0",0.253633212543049,0.742199845517676,-1.47845829579247,1.06330189545836
1949,22724,"p14","m0",0.189977761489658,0.642888488783545,-2.42448481610532,0.905719020914729
1950,22763,"p14","m0",0.209351838792966,0.677785113586223,-1.36491759250234,0.825202025987371
1951,22765,"p14","m0",0.337149640863608,0.772480921144727,-1.1543859007579,0.315477882478619
1952,22768,"p14","m0",0.263895064653163,0.651973120630543,-1.60844724148717,0.693934300367749
1953,22792,"p14","m0",0.271687780750751,0.763544370036863,-1.41986396669131,0.948137655841503
1954,22793,"p14","m0",0.153833373303035,0.665591821866782,-1.79074688207349,1.29811519084745
1955,22804,"p14","m0",0.203074739521678,0.720309976870854,-1.93043696201709,0.912234718164499
1956,22812,"p14","m0",0.250106002430882,0.765857343223427,-1.67614053175882,0.867402070843321
1957,22830,"p14","m0",0.205277082341826,0.747289280521254,-1.35097823747026,1.26429634846782
1958,22841,"p14","m0",0.17459526993468,0.775599140478403,-1.16707057231042,1.32419594093829
1959,22850,"p14","m0",0.156547636607596,0.583780094947339,-1.13501925740272,0.968970203700356
1960,22863,"p14","m0",0.159772706239297,0.699840139259854,-1.56171762983938,1.41066280656877
1961,22876,"p14","m0",0.262496508504121,0.783230406543129,-1.7047640555439,0.940653040576987
1962,22881,"p14","m0",0.23146707046486,0.695004718748371,-1.91276362302337,0.779272587905617
1963,22883,"p14","m0",0.302234011957903,0.7727944353033,-1.06168602816848,0.856771965650169
1964,22887,"p14","m0",0.296412613208265,0.787671781912743,-1.70588539464546,0.748494669048763
1965,22924,"p14","m0",0.202114340863503,0.745512065091179,-1.48991558906579,1.13601923325263
1966,22939,"p14","m0",0.290407491954624,0.745819090400038,-1.97653249558373,0.62568137933406
1967,22956,"p14","m0",0.335748124882791,0.825223903553253,-1.44187533947549,0.362907773507902
1968,22961,"p14","m0",0.277700905849604,0.774365891647027,-1.41339859150306,0.795402594814381
1969,22999,"p14","m0",0.226784287231562,0.784706659783416,-1.87877823748616,1.01996026573651
1970,23010,"p14","m0",0.19227907765435,0.783084371592094,-1.3381313534,0.92522848705589
1971,23019,"p14","m0",0.252824371120134,0.721341189500497,-1.46631343823155,0.75043385804961
1972,23037,"p14","m0",0.2746160583677,0.727010433640755,-1.7174506876803,0.935553647213826
1973,23051,"p14","m0",0.285175442469709,0.748558116072917,-1.07545479808177,0.649948013181062
1974,23055,"p14","m0",0.234098501414995,0.717873602382479,-1.48816893729736,1.18810688769015
1975,23056,"p14","m0",0.30233802909095,0.674498780068407,-1.41518527539122,0.36780062853295
1976,23085,"p14","m0",0.308243656292303,0.784720280281381,-1.16918761544074,0.63937973075795
1977,23094,"p14","m0",0.375729111776329,0.82157516820588,-0.856849128013077,0.426083205141314
1978,23096,"p14","m0",0.103639301705917,0.616193839312443,-1.94348016317126,1.55622292100434
1979,23103,"p14","m0",0.318408175508329,0.747235940309987,-1.33989717556057,0.579115517284567
1980,23129,"p14","m0",0.33959963447043,0.799100104978307,-1.21673948458014,0.480428101582305
1981,23158,"p14","m0",0.254882589333401,0.733446998901904,-1.78908851932782,0.809636801933901
1982,23166,"p14","m0",0.298147883398986,0.787645817142955,-1.65348321711732,0.738185674536118
1983,23170,"p14","m0",0.217886067245117,0.729110464832313,-2.0321133987752,0.916435987735856
1984,23185,"p14","m0",0.361078353810281,0.754028029987347,-1.7455604051559,0.49187749110095
1985,23189,"p14","m0",0.180949136773862,0.731980957682188,-1.89811945363614,1.3483785555334
1986,23201,"p14","m0",0.230583926407995,0.758476094374906,-1.79043611989235,1.14367254255093
1987,23210,"p14","m0",0.192976774587211,0.75704136368734,-1.7767885728985,1.18979511194443
1988,23219,"p14","m0",0.266283978275961,0.718226418486321,-1.31190977060388,0.669600873142374
1989,23261,"p14","m0",0.231464347978105,0.713454724584249,-1.23683329031526,0.930350935626945
1990,23264,"p14","m0",0.197502087579287,0.676419027250738,-2.1388703158868,0.923061160373347
1991,23266,"p14","m0",0.406947560368527,0.755502347824118,-1.5637854422315,0.157292817670435
1992,23278,"p14","m0",0.266141177034879,0.781691049972111,-1.88274727120456,0.670365551208297
1993,23287,"p14","m0",0.270847613962807,0.776366224646241,-1.53202569398988,0.871023333257117
1994,23290,"p14","m0",0.273888596504691,0.716063500992169,-2.13735401320807,0.703802714863119
1995,23295,"p14","m0",0.242553190094229,0.724409284358145,-1.64574388525537,0.802844181773636
1996,23312,"p14","m0",0.175962750087873,0.692749569223616,-1.60779977740464,1.11905119001815
1997,23317,"p14","m0",0.18380112443395,0.695975997192793,-1.48607488044179,1.14828737296725
1998,23330,"p14","m0",0.247310083521162,0.768972869832685,-1.34968124856802,0.870061137078115
1999,23348,"p14","m0",0.182657201531259,0.66314142493009,-1.63413879220139,0.934837926277598
2000,23352,"p14","m0",0.254760417576971,0.754328166967684,-1.59125547699421,0.903031877769703
2001,23361,"p14","m0",0.23430525717275,0.721593201913108,-1.47229490712725,0.929413907205424
2002,23362,"p14","m0",0.225701492407206,0.696932830508534,-1.86603211774271,0.85480819725284
2003,23364,"p14","m0",0.207629604973857,0.722177492174135,-1.84880577351198,1.02882370279321
2004,23366,"p14","m0",0.276967837055194,0.764781942667807,-1.56460456646529,0.732249340282743
2005,23371,"p14","m0",0.251197233332554,0.660145230204032,-1.34176903114569,0.670985907026906
2006,23428,"p14","m0",0.285368633352935,0.785218583205185,-1.6518659864552,0.796519096766391
2007,23429,"p14","m0",0.22140452907459,0.695535772990288,-1.45018835558314,0.903618654206456
2008,23442,"p14","m0",0.208780957095403,0.717109321436534,-2.2919476816826,1.06622667884408
2009,23458,"p14","m0",0.199089332865834,0.668682394468221,-1.98254851578609,0.942500306839263
2010,23468,"p14","m0",0.186831539901058,0.687481087329161,-1.97543913826284,1.08837797527322
2011,23473,"p14","m0",0.240309351033108,0.731860853098997,-1.61315231398284,0.757282029776025
2012,23506,"p14","m0",0.159753698756164,0.70623758471948,-1.94631880403766,1.3462502866721
2013,23524,"p14","m0",0.30461888720493,0.802713400118612,-1.53608660193112,0.616287953117649
2014,23570,"p14","m0",0.291904283116004,0.773090340557848,-1.53517205818796,0.703855114713514
2015,23587,"p14","m0",0.265831646319061,0.723059587605209,-1.4669242505855,0.719568718370371
2016,23595,"p14","m0",0.2221783273975,0.820261165788269,-1.46760777261711,1.06678284412518
2017,23601,"p14","m0",0.278191795393789,0.744496897250521,-1.70176312366969,0.771034441339134
2018,23604,"p14","m0",0.282324326513774,0.745049752162185,-1.02351290561689,0.574378932600173
2019,23611,"p14","m0",0.242313209976666,0.713848480038257,-1.83766845658409,0.809998085714913
2020,23619,"p14","m0",0.183783189287004,0.688198024085929,-1.45593500451454,1.08895905803273
2021,23620,"p14","m0",0.252382476527675,0.68158603067076,-1.17832308599907,0.854532189049093
2022,23623,"p14","m0",0.267628021008478,0.760766859649414,-1.10978287416885,0.864743605116185
2023,23625,"p14","m0",0.263675202152124,0.740117248976118,-1.11573528911322,0.637545000357737
2024,23644,"p14","m0",0.211320580540836,0.720353793446539,-1.76693457262834,1.12532110639592
2025,23659,"p14","m0",0.234910172586517,0.742952864845002,-1.44160630674058,1.079787778857
2026,23660,"p14","m0",0.22713793282474,0.777042632086878,-1.37297954667332,1.00079251754164
2027,23694,"p14","m0",0.146026933335513,0.686578830834591,-1.58142252078116,1.02520636084296
2028,23731,"p14","m0",0.310778219964029,0.737667134452465,-1.29224342856794,0.572892198371578
2029,23743,"p14","m0",0.195962585149047,0.70765917722373,-1.86230932430022,1.22749377710672
2030,23755,"p14","m0",0.201987970376275,0.710818118802492,-1.45474305230626,1.06565814669081
2031,23772,"p14","m0",0.320089629412162,0.783470605244355,-1.14775925109246,0.621281315368213
2032,23788,"p14","m0",0.398953520232573,0.794184769308266,-1.26767377212,0.343551059496451
2033,23793,"p14","m0",0.439949026396413,0.824084654441994,-1.42357374411575,0.161348154020756
2034,23801,"p14","m0",0.287270198992849,0.73296535001705,-1.80184689206248,0.446000645213143
2035,23803,"p14","m0",0.287539098773752,0.686061346307231,-1.14835622419042,0.826646175004459
2036,23832,"p14","m0",0.293628155920189,0.839331752916275,-1.42445613126539,0.986294405783786
2037,23841,"p14","m0",0.22655898225288,0.76288746470281,-1.22359540601823,1.06993617384294
2038,23848,"p14","m0",0.295922058607553,0.808414465323011,-1.91696716912299,0.803555999136819
2039,23858,"p14","m0",0.378647805023857,0.732234573931717,-1.58463423049789,0.292111560932045
2040,23887,"p14","m0",0.329303634909779,0.790269713706974,-1.72225513255973,0.587712846291823
2041,23899,"p14","m0",0.218891681266909,0.618164534500947,-1.67145352866549,0.683728585651579
2042,23907,"p14","m0",0.180878182168331,0.662408788095207,-1.60548391335186,1.23476754048598
2043,23918,"p14","m0",0.16807972839315,0.648938697566927,-1.28637200769596,1.18504562408779
2044,23927,"p14","m0",0.357381130090895,0.739490120333045,-1.20277251833006,0.405840930736207
2045,23945,"p14","m0",0.391472665758649,0.745480402373575,-1.50940636811881,0.262498178624408
2046,23972,"p14","m0",0.166220260896146,0.687400643820609,-2.22370667072621,1.31791923365244
2047,23994,"p14","m0",0.285934439249927,0.754840925663794,-1.72871155205627,0.799363145301222
2048,23999,"p14","m0",0.241538489879416,0.708015714197978,-1.32593777853604,0.785855413742473
