"draw","source_draw","id","assumed_model","alpha_0","alpha_1","nu_0","nu_1","tau"
1,16,"s2","m1",-0.051257263920863,0.256342738968314,-2.449822968066,-1.98374988920466,0.0834770526532033
2,21,"s2","m1",-0.000264989410208756,0.307364075940695,-1.87911481823652,-1.51619001146242,-0.604983213437558
3,23,"s2","m1",0.0647752266367642,0.310122639201817,-1.98564891569125,-1.34590105378213,-0.626099273305821
4,24,"s2","m1",0.0180441431653507,0.274296034433783,-1.87956147993565,-1.30060338405743,-0.236991774540373
5,29,"s2","m1",-0.0282028837956815,0.282559775414578,-2.39281933876905,-1.34594290621624,0.0621622987916994
6,49,"s2","m1",0.0609408695659097,0.24328863345062,-1.88577902956186,-1.66951119045363,-1.02244504399185
7,62,"s2","m1",-0.0146955811269085,0.268632242556451,-2.14807461260942,-1.54330830042361,-0.0194924495805981
8,93,"s2","m1",-0.06155381040267,0.320526829005406,-2.27419813100254,-1.44660222608724,0.912385090724184
9,100,"s2","m1",-0.00626940469039714,0.290064590030217,-2.17880532065824,-1.55362512649412,-0.602331982270013
10,101,"s2","m1",0.0130406301753019,0.329682170144537,-2.01374204900304,-1.54228941941433,-0.208554351835391
11,117,"s2","m1",0.00596904647457868,0.33123496826354,-2.06188415708315,-1.59437012700985,-0.463608844137955
12,119,"s2","m1",-0.0399271437358895,0.239843556839529,-2.40081640906953,-1.4008389092175,-0.156462053273814
13,129,"s2","m1",0.00273094056305604,0.343170474000013,-1.66399071488677,-1.41863698776813,-0.381341691800031
14,140,"s2","m1",0.00623853057243052,0.341296666833269,-1.97507301391776,-1.50000074731805,-0.938374293427665
15,146,"s2","m1",-0.0398674700136828,0.321888435462403,-2.24505291975587,-1.45995794183819,0.028416193906296
16,147,"s2","m1",0.0224060908486615,0.219051491311202,-1.81013167530013,-1.40641315935614,0.06349650713647
17,152,"s2","m1",0.0111417878030057,0.284282376071568,-1.88538339148436,-1.70321334526866,-0.397973637868709
18,170,"s2","m1",0.0304865010326646,0.298463434900403,-1.83757485016866,-1.4934244617969,-0.380292183120552
19,178,"s2","m1",-0.0139085746395589,0.25501268887664,-2.11671794654117,-1.72471162196497,0.0978550466181283
20,183,"s2","m1",0.01025795100458,0.320536739666382,-1.76810864498434,-1.28221443748959,0.139868156712264
21,184,"s2","m1",0.0231869209083557,0.233815538436935,-2.08317526461105,-1.47209673846741,-0.0893229116012912
22,185,"s2","m1",0.0269498373614239,0.23373860478213,-2.13376351161695,-1.48420916336499,0.00246352586621662
23,188,"s2","m1",-0.0844012524510102,0.224831301999573,-2.26587874849481,-1.78860769103742,0.697869822146747
24,189,"s2","m1",-0.00959492656403337,0.256008364245467,-1.91212803910217,-1.58528783036735,0.463378550923762
25,198,"s2","m1",-0.117101032933298,0.236656604304213,-2.63394563978559,-1.43999796732539,0.364624320224552
26,200,"s2","m1",0.0129612014110875,0.225696461365783,-2.02764302147759,-1.56390861415911,-0.026417262096739
27,201,"s2","m1",-0.012157994811842,0.363881982331683,-1.83595043041507,-1.78043839667312,-0.711164419408747
28,203,"s2","m1",-0.0487570241809917,0.311035517253891,-1.7891465544071,-1.68372814513344,-0.129416599472458
29,218,"s2","m1",-0.0242983626312746,0.255571027381505,-2.35821351242646,-1.59508966734268,-0.247429201600792
30,221,"s2","m1",0.00610224534310157,0.310366602639683,-2.06963888400949,-1.65733880525343,-0.142485208494512
31,223,"s2","m1",0.0734000899302356,0.292851634684528,-2.05584060656302,-1.64513438119411,-1.16262590699955
32,249,"s2","m1",0.0259298511436031,0.3335722325076,-2.04562855585634,-1.26702632213503,-0.527321404813185
33,251,"s2","m1",-0.0595056235073032,0.296574706415094,-1.90723139697863,-1.50387012457048,0.29136759972897
34,256,"s2","m1",-0.0884447648184911,0.263969999679648,-2.32589444779156,-1.5942381605364,-0.196534386817928
35,259,"s2","m1",-0.0171068684463031,0.3288695943439,-1.80577585943812,-1.62007224272606,-0.184399579592873
36,265,"s2","m1",-0.0246260652363631,0.301923146189747,-2.29672290327219,-1.90104189450547,-0.38546333104002
37,272,"s2","m1",0.0838372496906963,0.288639063467109,-2.10608929863654,-1.54642226388263,-0.274924106188241
38,281,"s2","m1",-0.00544797355126012,0.334321167445212,-1.81533541362451,-1.53901139021661,-0.265733421443776
39,317,"s2","m1",-0.00948377885560563,0.311803238265682,-2.17790798876671,-1.71537749319397,-0.275102011636869
40,327,"s2","m1",-0.00144899248451439,0.346610921069245,-1.7541447942495,-1.45620435024376,-0.734505086369836
41,330,"s2","m1",0.0050439304382078,0.235969794476115,-2.20007170181517,-1.46898429104812,0.244838677164169
42,341,"s2","m1",0.0649195673540324,0.281642959973031,-1.89467344909882,-1.44994540807329,-1.32356402196133
43,343,"s2","m1",0.0467241268691981,0.222734660437041,-2.23578092820955,-1.4889934543645,-0.275738649992227
44,379,"s2","m1",-0.0215626151446475,0.268479315104424,-2.08361962813033,-1.6596520430638,-0.0256829635487096
45,386,"s2","m1",-0.0318514723874024,0.313911396280081,-1.94826251899275,-1.86622120620744,-0.93947789521458
46,424,"s2","m1",-0.0227767826810551,0.263010718499252,-1.94366416021152,-1.45045026728976,0.44364344056582
47,436,"s2","m1",0.0168241194835324,0.250554642190903,-1.89451209918047,-1.60707910773639,0.182416832031906
48,439,"s2","m1",0.0122656799823435,0.256779739628491,-1.88462138786562,-1.66862335946368,-0.823549137153583
49,459,"s2","m1",-0.0219469232094918,0.276954893812225,-1.81731324880212,-1.64824585872007,0.096943884482419
50,467,"s2","m1",0.0208800951166652,0.334200783768606,-2.02932041565991,-1.52154605031492,-0.749357620030291
51,475,"s2","m1",0.0154017811160515,0.264732570295866,-2.53322448162744,-1.56974609535531,-0.278577833001461
52,493,"s2","m1",-0.00931906555531607,0.340351406386188,-1.82870426041404,-1.62193083486996,-0.44973393728069
53,495,"s2","m1",0.00916123866999589,0.297887535141687,-2.01348346245354,-1.74834088970359,0.339190859241769
54,507,"s2","m1",-0.0511370733292107,0.283137020803235,-1.7783740481959,-1.34795469548091,-0.619493562559526
55,531,"s2","m1",-0.0152413249580426,0.241054669099024,-1.6596821161383,-1.58844919872008,0.361802701402788
56,537,"s2","m1",-0.0190920790900242,0.303774449880324,-1.781893535751,-1.34880246532585,-0.306578486660447
57,563,"s2","m1",-0.166554874290408,0.255253352450397,-2.509531055852,-1.57063406918554,0.881765357285326
58,573,"s2","m1",-0.00229877482556016,0.307064005414026,-2.12119619187327,-1.49953835727949,-0.0556272444187145
59,599,"s2","m1",0.0167876236742148,0.216001998791931,-2.20995076425624,-1.4179361636001,-0.153431985438756
60,607,"s2","m1",-0.0079165227807848,0.27290609594915,-2.3523330078899,-1.63014515050781,-0.548360146974647
61,611,"s2","m1",-0.0665824443877871,0.293396020519224,-2.14763171842519,-1.4317618981107,0.289411111864002
62,620,"s2","m1",0.000183798919851277,0.297676881065052,-2.03398561852899,-1.50750427113503,-0.209461304913103
63,654,"s2","m1",-0.041779289624197,0.211015332173769,-1.9883656584469,-1.54597734056214,0.646588015932634
64,695,"s2","m1",-0.0201209635122499,0.31301627764062,-2.28028004737808,-1.6074713455963,-0.129492211875469
65,697,"s2","m1",-0.0713841271492984,0.183814362652035,-2.49585249296872,-1.60088439515599,0.252061462044795
66,698,"s2","m1",-0.0767730906665146,0.239778149534295,-2.08792717477822,-2.07806128569247,0.440619356160834
67,702,"s2","m1",-0.0440046516152214,0.300187107862216,-1.93247784608998,-1.43957740451825,-0.15564913821915
68,708,"s2","m1",-0.0932929048353023,0.22195012592781,-2.14686367282974,-1.74328234300912,0.287066767047737
69,711,"s2","m1",-0.0750833517521057,0.306082346595953,-2.30058518131386,-1.5719537477287,0.738012103537318
70,716,"s2","m1",-0.0816660914610186,0.2423248837903,-1.95258764141936,-1.79764374944153,0.443083028551521
71,718,"s2","m1",-0.0131778630769467,0.228281747097766,-2.12144637850456,-1.73079223501986,0.314726833791306
72,743,"s2","m1",-0.022374404868744,0.216577166558288,-2.1523806939402,-1.50180993681684,-0.179199160746199
73,746,"s2","m1",-0.11645051776226,0.271624631769339,-2.18912396683655,-1.53560356101863,0.197635739418841
74,791,"s2","m1",-0.0407790702633477,0.234405334315873,-1.81532517991523,-1.82290134810819,0.254490842808231
75,799,"s2","m1",-0.0218322710923721,0.305753995387298,-2.16205088269816,-1.32815051004535,-0.264562383697095
76,809,"s2","m1",-0.00256123107124924,0.249911076664488,-2.39328393173619,-1.81368384380751,-0.0235264769211994
77,813,"s2","m1",-0.0538906724935864,0.286741259339664,-2.18221948712467,-1.67771492817472,0.243463104209203
78,820,"s2","m1",-0.0102682436046974,0.298643581280016,-1.87108781930877,-1.56621898524816,-0.50789677197839
79,841,"s2","m1",0.00277746023954181,0.281237522292441,-1.9892281402914,-1.74093876710741,0.203273586459901
80,849,"s2","m1",0.0285099887759959,0.304206447852826,-1.90106149710192,-1.57378965844924,-0.139903108114008
81,860,"s2","m1",-0.0661263782028047,0.260740734580464,-2.17279609680889,-1.64286785723158,-0.252610385019666
82,872,"s2","m1",0.0214160445422689,0.342800099124203,-1.81618375164176,-1.57461662442116,-1.0318192654781
83,874,"s2","m1",0.104388229462752,0.355167622574943,-1.89196402990101,-1.45430027437743,-1.18700680716777
84,877,"s2","m1",0.0594545456097981,0.403577898210466,-1.52159942395578,-1.65782661822902,-1.36585981627538
85,883,"s2","m1",-0.0384692300012749,0.279716466429032,-1.70503791501923,-1.76561877933193,0.533088089457882
86,916,"s2","m1",-0.017853342551645,0.256054463029056,-1.61582585143002,-1.68251972195401,0.538450977333206
87,924,"s2","m1",-0.0228391949976938,0.216835829749537,-1.86560863903877,-1.35916968694685,0.571799029665751
88,926,"s2","m1",0.0566329525192646,0.306990732377775,-2.21451048937036,-1.65001115284403,-0.404950451911084
89,930,"s2","m1",0.0489432827789628,0.340039847304009,-1.83673576891199,-1.52028252539732,-0.490319005766712
90,941,"s2","m1",-0.112671993038639,0.26586532057092,-2.03518041295668,-2.0965694535988,0.294432285217388
91,951,"s2","m1",-0.0900050050531451,0.261138950237146,-1.92645568449057,-1.38037715787021,0.572908911920054
92,952,"s2","m1",-0.000595835207860244,0.301335957064108,-2.11356107476475,-1.67280285887225,-0.661993180166008
93,961,"s2","m1",-0.0321854762121116,0.266337720112609,-2.18541656638019,-1.33167386306636,0.355882535619847
94,966,"s2","m1",0.0321771284862533,0.234976382960307,-2.21227006722113,-1.7593123320685,-0.234438062627144
95,974,"s2","m1",0.037423915154319,0.275776576251636,-2.12010129785009,-1.33556714456894,0.114148150550638
96,982,"s2","m1",-0.0192601306066166,0.257171802551817,-1.84899534296069,-1.97061304611162,0.229301911351676
97,998,"s2","m1",0.00327278793718355,0.255966286871763,-2.12340473460723,-1.74427912351414,-0.193205509629118
98,1001,"s2","m1",0.0182731913094536,0.238859006796536,-2.01767161839194,-1.79032779307498,-0.493169028716523
99,1019,"s2","m1",0.0412568786571857,0.324974628752398,-2.36628486939299,-1.67839784421012,-0.0502946035002245
100,1050,"s2","m1",-0.040356962119038,0.299821503701286,-2.09390176228385,-1.78139539342586,-0.0626196406922579
101,1052,"s2","m1",0.00881635821693897,0.267824236156764,-2.19372367521828,-1.64076419023788,-0.581872807131829
102,1062,"s2","m1",0.0756606352021431,0.266060794431177,-1.95050372976196,-1.42283430254349,-0.434997118967592
103,1069,"s2","m1",-0.023708887157417,0.249668377701637,-1.97823267252955,-1.8494839471631,0.00542405082413915
104,1073,"s2","m1",0.00795465849066597,0.2871210891666,-2.44796115977291,-1.16107256517623,0.0135430869093919
105,1085,"s2","m1",0.0175278730088022,0.348530506063873,-2.12057121736334,-1.44580634910842,-0.786019533601781
106,1087,"s2","m1",-0.0542324181856124,0.242971320327775,-2.36735646540757,-1.69831293520628,0.228503714579609
107,1125,"s2","m1",0.0374146837177713,0.26398985515554,-2.33075856648071,-1.32404792912066,-0.395188085320283
108,1131,"s2","m1",-0.102525953764106,0.17128241791592,-2.0065414810001,-1.70310243238178,0.622196160653088
109,1140,"s2","m1",0.0130386454011153,0.267351110149787,-1.93341484314745,-1.64455651416296,0.257892028870318
110,1144,"s2","m1",-0.0293438582241575,0.334756691000289,-2.05490881396066,-1.52277104847431,-0.237805921870769
111,1152,"s2","m1",0.0826344303094817,0.310920340208088,-1.64618116961746,-1.24315374572831,-1.06172712403798
112,1165,"s2","m1",-0.0278637417769141,0.285000951390246,-2.17094091445016,-1.50067960898092,0.0827041539798327
113,1169,"s2","m1",-0.052270680089525,0.327422740262084,-2.24688028914996,-1.45843588900506,-0.945498701193128
114,1186,"s2","m1",-0.0172251936759628,0.253428258152842,-2.06428947833011,-1.57693437933284,0.498158217475511
115,1193,"s2","m1",-0.0137065608861869,0.258691207544932,-2.47050112225052,-1.6243383616355,0.260634858642779
116,1203,"s2","m1",-0.0875053338765481,0.229317298214132,-1.90471706606343,-1.56665577250799,0.150143977729221
117,1204,"s2","m1",0.0376709466560019,0.249087517902383,-2.23584241253931,-1.64155959370225,-0.694283086293509
118,1217,"s2","m1",-0.0127388683785771,0.267848101835126,-2.16095622664561,-1.68347510820821,-0.199442036432449
119,1225,"s2","m1",0.0123855874577626,0.236672437597023,-1.95522277672391,-1.89485471785576,0.0127940676368487
120,1230,"s2","m1",0.028342989291111,0.314547132083003,-2.22249848353811,-1.44015155479254,-0.483678333726153
121,1250,"s2","m1",0.0945712352992642,0.310369198830164,-2.2171753546945,-1.59579831573695,-0.760237604184959
122,1255,"s2","m1",0.0231741736126064,0.312185564468195,-1.79243906614553,-1.70943721310879,-0.362724859721061
123,1273,"s2","m1",0.0342927937102192,0.267079544071697,-2.17982485002358,-1.71248077668155,-0.382179232546243
124,1275,"s2","m1",-0.0328329035687046,0.304261747084786,-1.94593081264231,-1.73922200094221,-0.625073827881679
125,1297,"s2","m1",-0.029503148275499,0.250789108510289,-2.1781234501192,-2.17838707548376,0.187216146803833
126,1316,"s2","m1",-0.0487726462460135,0.320241678289023,-1.86599022921192,-1.47945157349895,-0.429969699311723
127,1320,"s2","m1",0.0651390968530008,0.29618839487755,-1.85641439529064,-1.21495121176042,-0.710102728062016
128,1332,"s2","m1",0.0928931635549572,0.313034181478352,-1.79320377554955,-1.48215643254621,-0.740196402596793
129,1339,"s2","m1",0.0591477829456525,0.271213689063723,-2.04051591050588,-1.41245174285242,-0.348770132427305
130,1351,"s2","m1",-0.00925311794514803,0.332148422635842,-1.80342536672812,-1.40964596144736,-0.174747283586156
131,1353,"s2","m1",-0.029991870350436,0.262633259619687,-2.04679831134531,-1.78539048668171,-0.195249626505209
132,1355,"s2","m1",-0.041825667585522,0.244020196534909,-2.17217585133109,-1.3624784607534,0.561061574779659
133,1364,"s2","m1",0.0871503334806401,0.328815440339995,-2.23852107371728,-1.23427977021864,-0.907902665788903
134,1369,"s2","m1",-0.0287180334112228,0.308346606474799,-1.86371186583451,-1.55618054816937,-0.0628878591455949
135,1384,"s2","m1",-0.0082297726988289,0.328647854252708,-1.97156025033313,-1.65366328811563,0.221380621171575
136,1403,"s2","m1",-0.0255718029786514,0.214361267081553,-2.01255418590845,-1.59115833872195,-0.0984940779428432
137,1411,"s2","m1",0.00242695120540463,0.244814653680438,-1.73651279822405,-1.48728247890421,0.0807543480197829
138,1427,"s2","m1",-0.055986767270014,0.191502657898861,-2.50926854640905,-1.71332857499833,0.000446978327781445
139,1464,"s2","m1",0.0618627889557192,0.285517669747181,-1.77058979397063,-1.29075574998844,-0.256413242673512
140,1465,"s2","m1",-0.0337085206399415,0.247752661138623,-2.09835658008829,-1.50153818342067,-0.0944858098371949
141,1471,"s2","m1",0.00640663180765221,0.313697916594896,-1.70088975126683,-1.52751866330085,0.378679515762232
142,1526,"s2","m1",-0.0797764113766215,0.288363450979843,-1.95819322065981,-1.51364699976757,0.461253389867008
143,1530,"s2","m1",-0.09072906848398,0.230344199720823,-2.26275996370478,-1.91509546044212,1.04725408643641
144,1560,"s2","m1",-0.0240539705290454,0.265994222394686,-2.10163773367096,-1.88703813392866,-0.302304691823275
145,1567,"s2","m1",-0.0125688108156598,0.291062241845234,-2.48642485566439,-1.48705738578912,0.2673283042937
146,1568,"s2","m1",0.0127741327663573,0.196590728947756,-2.45844166790802,-1.66437771039922,-0.269357987419717
147,1588,"s2","m1",-0.0658449718556406,0.228858059286421,-1.65248935309026,-1.89670346362533,0.111574370426278
148,1590,"s2","m1",-0.0220029162902574,0.234181248164367,-1.89072828877137,-1.48022764019269,0.461147742267901
149,1593,"s2","m1",0.0201777462260041,0.294646794415009,-2.4542529935405,-1.41808203727294,-0.130964485768711
150,1597,"s2","m1",-0.0942772447849805,0.258427934514631,-1.91875785415164,-1.64975410510812,-0.0836062211436838
151,1620,"s2","m1",-0.0343204416762686,0.187385881015708,-1.8692390207636,-1.55649939683646,0.200094933806335
152,1622,"s2","m1",-0.0191668048275629,0.235570404731514,-2.3748101976912,-1.52105543275141,-0.0541323987196233
153,1630,"s2","m1",0.00211769823665603,0.30702051999079,-2.09207542911086,-1.7839995313275,-0.252442606423242
154,1636,"s2","m1",0.00317545143784841,0.328633230798897,-2.0635562982186,-1.41844930397889,-0.0884838479723255
155,1679,"s2","m1",-0.00639346739829108,0.297113993597154,-2.3207483746009,-1.57730568896945,-0.055651204381336
156,1682,"s2","m1",0.0400903568486899,0.326328692114872,-1.91517736734499,-1.6995316873336,-0.288180508541671
157,1686,"s2","m1",0.0220884640276502,0.345256247005459,-1.78143086890417,-1.42400724084031,-0.119030415563825
158,1687,"s2","m1",-0.0270002026193905,0.275895955582617,-1.86481627339114,-1.88666760853787,0.40833560061364
159,1689,"s2","m1",-0.0343989671785049,0.246598226780626,-2.23312618819474,-1.70748198526062,0.506422731413513
160,1727,"s2","m1",-0.00883156846936006,0.28933102351083,-1.68703150877158,-1.22065736127379,-0.0410754034405502
161,1737,"s2","m1",-0.0758233601614338,0.266720790288035,-2.09636118417858,-1.60367920962349,0.228911561119686
162,1746,"s2","m1",0.0041724848374046,0.251520415518586,-2.25747483999179,-1.97040017415918,-0.0630460036567642
163,1753,"s2","m1",-0.00363812317568957,0.276747324050513,-1.79555638546296,-1.58424307751231,-0.238908855075935
164,1780,"s2","m1",0.0238170270452707,0.319378054350636,-1.92002938649742,-1.53088361657445,-0.302516497175125
165,1784,"s2","m1",0.0163319734772457,0.309652786091881,-2.0597901249891,-1.42400023192181,0.303397003183089
166,1789,"s2","m1",-0.00878129874465548,0.310387581075857,-2.12175839127815,-1.55890850476446,-0.368671493278164
167,1798,"s2","m1",-0.00679999040419062,0.270829832038843,-2.00602516578521,-1.6276113732704,-0.721702009656592
168,1801,"s2","m1",0.0366216205886292,0.318851554470547,-1.74434731162405,-1.5726671615293,-0.205421985970658
169,1830,"s2","m1",0.02351212307048,0.35398411305199,-1.94330619171023,-1.74404480802446,-1.16357719665523
170,1844,"s2","m1",-0.105205593795982,0.269361392565684,-2.02793448448912,-1.35911565991678,0.26725600899605
171,1846,"s2","m1",-0.0639634883357384,0.281627138251105,-1.72594313992974,-1.30143867280829,-0.0936937961527047
172,1855,"s2","m1",-0.037549380227136,0.324919661814309,-2.38398770027384,-1.62632679727556,0.54016173292868
173,1856,"s2","m1",0.082200492309263,0.375050283666384,-1.63740859091825,-1.41030788604901,-0.589670507659989
174,1871,"s2","m1",0.0923036427809843,0.265627798963943,-2.27263668289697,-1.30653502060332,-0.787095744353935
175,1874,"s2","m1",0.0630051115985768,0.315098026024577,-2.45843304566763,-1.46763925432423,-0.493793915865404
176,1879,"s2","m1",-0.0754790677414414,0.23266031968131,-2.42325782357856,-1.69222021120359,0.332721496931093
177,1889,"s2","m1",0.0876014624333927,0.386155212317887,-1.946772670325,-1.20365782525968,-0.544074599405745
178,1926,"s2","m1",-0.00902265041647688,0.283968867229619,-1.73491912526162,-1.39897163536681,-0.0254316575098313
179,1957,"s2","m1",0.0240338710670474,0.303851839729608,-1.77513928602733,-1.41142208904873,-0.507075431915414
180,1961,"s2","m1",-0.0395007105764065,0.255803854088282,-2.23639517240502,-1.32392368984095,0.395689790412519
181,1975,"s2","m1",0.0016706634648305,0.329016861141244,-1.73228142339496,-1.71700275127167,-0.314921944002175
182,1997,"s2","m1",0.0104475791556826,0.26657101444848,-2.22078869602211,-1.6147983035256,-0.432329859011637
183,2019,"s2","m1",-0.108421102322008,0.236481999291171,-2.16100274713819,-1.75036268535576,0.70645196735179
184,2026,"s2","m1",-0.0176388467167829,0.228268473201194,-2.07990355861426,-1.54713423362709,-0.461123682930222
185,2030,"s2","m1",-0.00249434168797027,0.265339877818621,-2.47371773965283,-1.58282990767742,-0.257407808814488
186,2035,"s2","m1",-0.0103463713650983,0.248467107249892,-2.05588966839357,-1.54310992786137,0.0793303977554572
187,2046,"s2","m1",0.00873754727972751,0.234160541398174,-2.24913814100061,-1.62188744048198,-0.316598018965677
188,2049,"s2","m1",0.0284537959122412,0.321060160953123,-1.964487478299,-1.35056764067548,-0.431445574636392
189,2056,"s2","m1",-0.0350314386042441,0.225408853838706,-2.03181989019834,-1.54413278571136,0.474453210565262
190,2076,"s2","m1",0.0138357252023661,0.257026054901078,-2.32175063099435,-1.65981579822618,0.356775790019731
191,2084,"s2","m1",-0.0640604228947452,0.274293296073339,-1.93999729870154,-1.59270731384551,0.338581693889915
192,2091,"s2","m1",-0.0710852239074618,0.289071749877736,-2.05854826362037,-1.64254028735401,0.34196136598889
193,2118,"s2","m1",-0.0332613918539235,0.179365990031697,-2.26003076746455,-1.41397972910876,1.02247545015163
194,2124,"s2","m1",0.0385426365666293,0.279304878126662,-1.83046491198905,-1.73083624854264,0.188407929073488
195,2127,"s2","m1",-0.0786304020914805,0.256156705768281,-2.29544541877238,-1.55545979820718,0.508577236265781
196,2132,"s2","m1",0.0187793696987966,0.24469549842942,-2.01676017905531,-1.48981288078543,-0.00307776004017227
197,2134,"s2","m1",-0.0234483223207665,0.324585067123594,-2.82124851987988,-1.47254408918837,-0.575821473105118
198,2137,"s2","m1",-0.0278927986750884,0.224864400927434,-2.50678070081174,-1.31928903674691,0.0995973013424458
199,2141,"s2","m1",0.0705726542481817,0.29341906737925,-1.86250760545636,-1.34231718198638,0.0369485741115635
200,2154,"s2","m1",-0.0770740574241074,0.243827050859455,-2.22029529328609,-1.54762411236704,0.586256430687467
201,2155,"s2","m1",0.0227354800819874,0.347341162825417,-1.93262272830912,-1.26464000447317,-0.035492605111249
202,2156,"s2","m1",-0.0239431449932877,0.275380185995177,-1.97347247890681,-1.62474539395389,-0.0245417606916333
203,2162,"s2","m1",-0.00850344174210099,0.266564927543466,-1.92233587295323,-1.61629829828103,0.369263515170567
204,2177,"s2","m1",0.0688755382939887,0.32636689907315,-2.12237749075393,-1.40127034872843,-0.836430136813142
205,2199,"s2","m1",0.0572110512727717,0.241166052495046,-2.32355531163243,-1.51723540254968,-0.47756471072252
206,2236,"s2","m1",0.108316530742925,0.427034957569275,-2.01944264541003,-1.29530163236939,-1.84774436471574
207,2249,"s2","m1",0.023908433337317,0.278194116040025,-1.89918358342087,-1.6333374242137,-0.372044061679502
208,2253,"s2","m1",-0.0239305691434039,0.200288243110247,-1.88145246601149,-1.76777579147896,0.220397355519692
209,2261,"s2","m1",-0.00239101048457401,0.301808635903459,-1.98744268408884,-1.23468102745171,-0.0382070419800648
210,2282,"s2","m1",0.00101732010800111,0.272774768249345,-1.92093187060977,-1.64888672214613,0.246045966635139
211,2286,"s2","m1",-0.142033677352498,0.274679728999393,-1.83230535938597,-1.60781291692978,0.77777407812164
212,2294,"s2","m1",0.0148360233803206,0.214858841692874,-1.91264851775868,-1.52491948080223,-0.301849899590418
213,2312,"s2","m1",0.0581225078493238,0.256804515470919,-2.06401066581963,-1.59054316685621,-0.501600497235405
214,2327,"s2","m1",0.0258757138772566,0.234394542608996,-1.97525729416331,-1.58574200248511,-0.0931724910826174
215,2341,"s2","m1",-0.000436829459637006,0.307194794653697,-2.2344158225085,-1.57428521313203,0.293456549242059
216,2360,"s2","m1",-0.075000992458604,0.334146507698403,-1.65727125491725,-1.70297947713607,0.309184205633909
217,2372,"s2","m1",-0.0179364022647845,0.322599517269797,-2.06696434570113,-1.58483453121825,-0.816600808688249
218,2376,"s2","m1",-0.036695844753402,0.254268237839685,-2.02078925353407,-1.49655010869885,-0.0211034475491216
219,2378,"s2","m1",0.0638862421576185,0.234265086618465,-1.67088335037952,-1.58659171177573,-0.638000389381534
220,2383,"s2","m1",0.0223534615496125,0.314959442367693,-2.23378247714998,-1.76048436370216,0.0430217678865776
221,2387,"s2","m1",0.0545812179442116,0.282489446389879,-1.87808838343309,-1.38260980489898,-1.05595751223129
222,2388,"s2","m1",-0.0622751146554486,0.20026263857024,-1.98695260373742,-1.65571046451199,0.656036822584212
223,2390,"s2","m1",-0.00144063578852706,0.288912860200384,-2.05658781564857,-1.39900783104534,-0.243822975103244
224,2392,"s2","m1",0.0734995565474455,0.34138435769147,-1.74251225598864,-1.40449433183738,-0.415663176169697
225,2394,"s2","m1",-0.00105211253329336,0.312109812451797,-1.80088882694871,-1.52590506833701,-0.979348776526645
226,2399,"s2","m1",-0.0139189976148672,0.284721475061197,-2.00071679895666,-1.43213872969632,-0.322768021149923
227,2401,"s2","m1",-0.0284316380848262,0.179803725374973,-1.88427373663507,-1.8220465705825,0.260877877087988
228,2406,"s2","m1",-0.0333812043853474,0.327491375683774,-1.89903532007882,-1.43329813831655,-0.156325013466715
229,2407,"s2","m1",-0.059594983926717,0.258753484702462,-2.17578604425361,-1.49018489536951,0.310756107407212
230,2437,"s2","m1",-0.0404836312514163,0.222077292249712,-2.39148842289821,-2.0105708311609,-0.267516947736016
231,2449,"s2","m1",0.0997524468853401,0.362289338108295,-1.84679090531466,-1.13106896342267,-2.16351328411438
232,2454,"s2","m1",-0.00587997334895874,0.249507833313342,-2.08200712419582,-1.61663959472568,-0.0141574525357774
233,2475,"s2","m1",-0.0165932380200092,0.301217702568954,-2.20177975711439,-1.78513133846916,-0.593836667137168
234,2486,"s2","m1",-0.00730303722557104,0.303125411947371,-1.95379874806114,-1.29730097087931,0.109571828544319
235,2515,"s2","m1",0.016662253001068,0.305343736300686,-1.79737307911606,-1.46179027105261,-0.575356776882464
236,2523,"s2","m1",-0.0209814124734186,0.17767912963711,-2.41249308020199,-1.77938080981003,0.0739009929660479
237,2526,"s2","m1",0.0219263625254302,0.329810828444153,-2.08848249310651,-1.74875837955391,-1.05107995517704
238,2534,"s2","m1",-0.00990589606144984,0.310349591347049,-1.96192377320289,-1.78882841204011,-0.372017516435252
239,2548,"s2","m1",-0.0822436091058603,0.302915792026241,-2.05064224120856,-1.60373876374088,-0.000786165113402412
240,2552,"s2","m1",-0.0272160149407784,0.276239703342681,-2.18282788931784,-1.69589140102713,-0.0461135240514162
241,2554,"s2","m1",-0.0366050172494477,0.27027018422458,-2.04107801859875,-1.386805941986,0.00425134547100635
242,2561,"s2","m1",0.00791356185224058,0.237885547377024,-1.85900197797256,-1.57015537416073,0.326059926942944
243,2576,"s2","m1",0.0279405136147359,0.288967801141505,-2.19778037028333,-1.66063770603993,-0.670351611872476
244,2604,"s2","m1",0.0042629879509488,0.268156488185056,-1.90498867172565,-1.76791370115152,-1.20584027819043
245,2637,"s2","m1",0.045865448968551,0.313467217896866,-1.59335979507025,-1.52485045976235,0.00283729803044339
246,2638,"s2","m1",0.0494661501330246,0.2756529812911,-2.21680392861014,-1.4666744237488,-0.540343801324126
247,2643,"s2","m1",-0.0192594250774292,0.307451585977124,-2.41383057084483,-1.52940682291011,-0.370497178978733
248,2660,"s2","m1",0.142798698952317,0.380041713743984,-1.70813047538687,-1.17275646065082,-0.937328380237771
249,2693,"s2","m1",-0.0613202459626833,0.242539930334679,-2.06020254778489,-1.44707914041035,-0.575515163541298
250,2711,"s2","m1",0.04276263779644,0.3217394983617,-1.99578811902728,-1.45243381859692,-0.761331767902335
251,2733,"s2","m1",-0.0324370706752701,0.303032927309721,-2.0014378112678,-1.57416192862795,0.114950935208744
252,2743,"s2","m1",0.0728895533561862,0.330051052738998,-1.79976099498497,-1.25830867341261,-0.619529150486117
253,2744,"s2","m1",0.0612583898974397,0.306509334937942,-1.95587917629867,-1.81892871891124,-0.776214855812667
254,2749,"s2","m1",0.00866575400958991,0.289991980982356,-2.06873902682923,-1.68709013571616,-0.365421237392627
255,2762,"s2","m1",-0.068304416751244,0.311961307145237,-1.93519494532837,-1.42597889878925,0.0771148857555991
256,2764,"s2","m1",0.0709004104795838,0.278521407761072,-2.25127109593136,-1.38942471098156,-0.699796532481166
257,2771,"s2","m1",0.00149039067375683,0.257940551008178,-1.91226069146972,-1.57197067299647,0.255046992590683
258,2781,"s2","m1",-0.0705038174528815,0.266154039575914,-2.25200501455692,-1.4495692168502,0.118549805563343
259,2784,"s2","m1",0.0827065517197025,0.327410460011633,-2.13179944325055,-1.39255914514566,-1.6522976007223
260,2797,"s2","m1",0.00926808004635834,0.349034404643199,-1.96489999683131,-1.48014513584908,-0.358235030749843
261,2816,"s2","m1",-0.0807709115106185,0.221805127035896,-2.61167650511093,-2.04190454469493,0.68075928562992
262,2825,"s2","m1",-0.012025091605474,0.263913642972126,-2.12679956587055,-1.5167521136515,0.0699393911848807
263,2838,"s2","m1",0.0141931879091322,0.334234727016584,-1.69514258659842,-1.7280225254385,-0.610090414577673
264,2846,"s2","m1",-0.00545565444551302,0.28480400675573,-2.0165406663684,-1.51206930739977,-0.39231343945233
265,2913,"s2","m1",0.057934078320175,0.330350921401549,-1.74203921676598,-1.60921789755161,-0.261321448759686
266,2915,"s2","m1",-0.033835152918861,0.278809441218623,-1.82668667867224,-1.60660025753471,0.221743105790136
267,2917,"s2","m1",-0.0313356344959973,0.248731146874915,-2.04918339904479,-1.43418692281742,-0.0505622175531991
268,2921,"s2","m1",-0.0573521546080797,0.305334319448825,-1.97023773589708,-1.80903806624383,0.653053109119159
269,2927,"s2","m1",0.00202996769038242,0.259880496907317,-1.91407482919876,-1.86229462303767,0.0381773014781422
270,2936,"s2","m1",-0.0271590550233006,0.238538242480219,-1.85192254963256,-1.55186087538266,0.403433756442051
271,2938,"s2","m1",0.0290902387556238,0.239581216130009,-2.44274538723784,-1.53862680148583,-0.203012185603992
272,2940,"s2","m1",-0.0302365621059476,0.310446678346823,-2.01605516539598,-1.80784281365021,0.464166253232213
273,2954,"s2","m1",-0.0345466750779,0.254354722151501,-2.50402756158019,-1.71246494343858,0.066857197546158
274,2987,"s2","m1",-0.0180735820660476,0.255408900798285,-2.22536712895806,-1.56357531314876,0.0205989910016459
275,2999,"s2","m1",0.00153322684856342,0.315521724180073,-2.29164858839936,-1.68821302067079,-0.550467961168303
276,3007,"s2","m1",0.0477780419151839,0.281787524017767,-1.86424969025178,-1.56130575459606,-0.231324162233187
277,3033,"s2","m1",-0.061372468731168,0.259013228444334,-2.39297108135477,-1.49428701616213,0.540236318696511
278,3037,"s2","m1",-0.0530467949230341,0.287143989116195,-2.07350552058418,-1.34832232739429,0.0151416779055365
279,3042,"s2","m1",-0.106574166897369,0.221785680101403,-1.99214905069866,-1.57788526714852,0.439319003039953
280,3047,"s2","m1",0.00297129895223509,0.261920128829704,-2.08731111489951,-1.44365877023815,0.279980978349584
281,3056,"s2","m1",0.00989122341508253,0.326551279216297,-1.86638394740543,-1.50623088756882,-0.469759894598712
282,3073,"s2","m1",0.0626209703141713,0.325278167808896,-2.31922915272487,-1.70073110699064,-0.28054365186544
283,3091,"s2","m1",-0.0475130986057347,0.262216471913616,-2.28676270034489,-1.59091948823832,0.317352935616828
284,3094,"s2","m1",0.0250700192344397,0.303546282461041,-1.67715633432699,-1.45591805339671,-0.212054047581134
285,3101,"s2","m1",-0.051251444507858,0.283305219083688,-2.05477504133302,-1.76620903070704,0.0457227925363629
286,3133,"s2","m1",0.0381833991909504,0.301106047500078,-2.16628225974924,-1.44788873237794,-0.194084838250574
287,3144,"s2","m1",0.0156671930439116,0.303155136940872,-1.98387801573701,-1.20436737084358,-0.734793354569036
288,3146,"s2","m1",-0.0782851622873696,0.267738778331491,-2.45976583427032,-1.81696750151353,0.501350241169192
289,3162,"s2","m1",0.0467176209938676,0.283048247285702,-1.91516730588529,-1.54287920904522,-0.243740498507151
290,3171,"s2","m1",-0.0332774181667544,0.314738142952126,-1.9158734262473,-1.77534279842727,0.142292479991709
291,3172,"s2","m1",-0.0379876478770979,0.29245989837063,-2.24347413425287,-1.39755746769933,-0.110066352097621
292,3177,"s2","m1",-0.020307395589242,0.321680357528341,-2.06959643456287,-1.44201378300483,-0.0977391198602493
293,3199,"s2","m1",0.0251984984710993,0.297014601095074,-2.4888970325842,-1.43211962412336,-0.374211062336545
294,3200,"s2","m1",0.0622461201515811,0.326725041491852,-1.97124948280198,-1.36448391572138,-0.986051615217476
295,3216,"s2","m1",0.0446688648495627,0.375941083813083,-1.95509231780034,-1.43224345385455,-0.122839921787791
296,3221,"s2","m1",-0.0355540338044388,0.203611586853232,-2.08901032306555,-1.74566867367124,0.091266762661879
297,3235,"s2","m1",-0.00889015593277128,0.269875886038181,-2.09661056539008,-1.38782543250643,-0.445302431179357
298,3252,"s2","m1",-0.0227680154015262,0.280402747831607,-2.16111132696058,-1.44260837106391,-0.77285350871524
299,3260,"s2","m1",0.00213106513945224,0.288384557040828,-1.94518714897106,-1.54864866706024,0.0341467534739528
300,3275,"s2","m1",-0.0589149570434706,0.262183268365482,-2.21490972325953,-1.42161235148283,0.00491090948660782
301,3282,"s2","m1",-0.0631167830216888,0.267611841458062,-2.2191841851991,-1.69670832406062,0.170840797097366
302,3290,"s2","m1",-0.0417505025544179,0.247811958215288,-1.64327169840646,-1.9047599538523,-0.210726409740795
303,3311,"s2","m1",-0.0950827726937839,0.228049773044204,-2.23538756014326,-1.66012045161993,0.580832984434559
304,3312,"s2","m1",-0.000917488415068115,0.344295340540799,-1.95297423007729,-1.63345407152426,-0.738723217734589
305,3317,"s2","m1",0.0201120852101044,0.269759415788515,-2.28141248284841,-1.44108771589275,0.125128316209232
306,3332,"s2","m1",0.0361425630948275,0.249752612400337,-2.11904386132896,-1.62676220874967,0.00333529341002825
307,3337,"s2","m1",-0.00673419208686578,0.269088111268095,-1.93753192852424,-1.70267115152183,0.0952828748504444
308,3338,"s2","m1",-0.0147437030466938,0.264561844627077,-2.0045737764577,-1.56002638956423,0.017884230596357
309,3349,"s2","m1",-0.0490533004952815,0.172307963791243,-2.2237077901778,-1.77650860647549,0.537644410368977
310,3363,"s2","m1",0.048566127445279,0.248551961490455,-2.31294915651661,-1.59599772405183,-0.432177608144068
311,3368,"s2","m1",-0.0527716097146936,0.270265810960823,-1.9769228787545,-1.40423324594004,0.12446695924661
312,3379,"s2","m1",-0.0335115196854014,0.177090593549063,-2.27933560744626,-1.60945189257585,0.0361998126220997
313,3390,"s2","m1",0.0246048508918446,0.360468667535,-1.83609752940254,-1.39757498188474,-0.50464831574176
314,3392,"s2","m1",-0.00599081584701815,0.358679048715626,-2.25157268649372,-1.32157082049636,-1.29844434265677
315,3397,"s2","m1",0.0584060071009902,0.324023476135302,-1.85671849827866,-1.40442881796208,-0.0439198185605582
316,3423,"s2","m1",-0.040558003866256,0.263956214534046,-2.16721043344991,-1.59288468564057,0.21459165863774
317,3427,"s2","m1",-0.0383165525564648,0.203821416097203,-2.28082486887828,-1.56369291207364,0.308664875143278
318,3440,"s2","m1",-0.0281621794993759,0.229124067065085,-2.14799521496515,-1.55074520896746,0.589304787086924
319,3446,"s2","m1",0.0942826327800567,0.26738711635089,-2.19761573132924,-1.43048879944317,-0.576770823276046
320,3448,"s2","m1",0.020829949022835,0.266662230238368,-2.12728521017605,-1.40061068601721,-0.874513269831635
321,3456,"s2","m1",0.0664527108616842,0.315740401886662,-1.8339546159499,-1.24037654266798,-1.45532461660107
322,3460,"s2","m1",-0.0875378203968727,0.287849889198911,-2.61076429817575,-1.71445115348304,0.230498146092733
323,3463,"s2","m1",-0.073127820950454,0.233925684172398,-2.27878429065698,-1.6834735652989,-0.205291622169665
324,3477,"s2","m1",-0.0107814257651764,0.218091339741285,-2.12537749908384,-1.76419390301171,0.167841816969249
325,3497,"s2","m1",-0.0844422106154157,0.2179468234614,-1.76102660967287,-1.54975659857052,0.691283273695383
326,3536,"s2","m1",0.00739524226283918,0.28966177715072,-2.04446567977726,-1.24228579645334,-0.496543128227839
327,3561,"s2","m1",-0.0399065857106703,0.245375523960861,-2.20119919534793,-1.47068768118107,0.391617865798684
328,3565,"s2","m1",-0.0148870527587652,0.252901287319227,-2.03313297971313,-1.72916757651372,-0.102344306433708
329,3576,"s2","m1",0.0440249701817511,0.377135648264562,-2.22920443482872,-1.36736324804714,-0.672745145780233
330,3603,"s2","m1",-0.0560709578711191,0.28441778224282,-2.06747023987706,-1.64125954260205,0.346209472035818
331,3636,"s2","m1",-0.0122133535828223,0.292773349455222,-2.16939496986558,-1.20568593491016,-0.969579535132418
332,3639,"s2","m1",-0.00551866816808075,0.269394172118711,-1.87395757292127,-1.69419431758526,0.197422931590305
333,3645,"s2","m1",-0.0341516483172344,0.24899311423188,-2.0966545163349,-1.77970126474801,0.394613120614074
334,3655,"s2","m1",0.0396713511468717,0.242976515123711,-2.02329481239789,-1.86377970380934,-0.174325461532557
335,3681,"s2","m1",0.00154621564762952,0.325949714816727,-2.21129500533478,-1.63600882363839,-0.307771476585415
336,3683,"s2","m1",0.0156828641409444,0.286839361501071,-2.0955191931993,-1.54147741496639,0.24378942250197
337,3689,"s2","m1",-0.0977623368912963,0.313079673385123,-2.17718199992927,-1.9125071096984,0.541415071219627
338,3695,"s2","m1",0.00537313927653711,0.280599563078108,-2.50825752555155,-1.51942971006216,-0.480880517080054
339,3711,"s2","m1",0.0101996989743589,0.28729285537358,-2.36097025248035,-1.45363072485736,0.271628197301226
340,3722,"s2","m1",-0.021661493144518,0.254567577341509,-1.73435708096289,-1.39619698495089,-0.0175556675920536
341,3725,"s2","m1",0.0397376260943854,0.31713104382481,-1.71119289578181,-1.75312109554938,-0.748895224429024
342,3737,"s2","m1",0.039074291630129,0.356109094725852,-1.68476694451553,-1.30149568509356,-0.922089935166355
343,3745,"s2","m1",-0.0257035967205917,0.265703380366741,-2.15882370652428,-1.50267393347592,-0.131416014018603
344,3773,"s2","m1",-0.0473709453036865,0.240535167468264,-2.41718075669172,-1.50573880739388,-0.147790783959701
345,3783,"s2","m1",-0.040726564766027,0.28302767591957,-2.26382271090935,-1.65493642522834,-0.149056573691998
346,3792,"s2","m1",0.00392047308520587,0.258722573442906,-2.05898988156369,-1.45765754815781,0.124734364755635
347,3804,"s2","m1",-0.0534889496080881,0.163844427097432,-2.11977711420676,-1.50162712800927,0.412747478723272
348,3818,"s2","m1",-0.0662570416383085,0.32378819932444,-2.04375499116744,-1.62731512002885,0.123885506532107
349,3819,"s2","m1",-0.0651204791857251,0.283320000506527,-2.31803077975102,-1.5049878654868,-0.0995891954432853
350,3828,"s2","m1",-0.0254577126426838,0.330599461077103,-1.94138066562125,-1.61294821345168,-0.53638714487773
351,3836,"s2","m1",0.0633177488640216,0.184000701477831,-2.28118496613291,-1.6905011832556,-0.132163474167526
352,3868,"s2","m1",-0.0504901604153023,0.266912212199997,-2.12530999941024,-1.55907456010004,0.0280269417933437
353,3878,"s2","m1",0.0410953592450374,0.315678624580254,-2.11860361703908,-1.44627916101483,-0.837619474532637
354,3883,"s2","m1",-0.0600255357525885,0.267246989049781,-1.74508767228604,-1.60031378435758,0.514365763285869
355,3893,"s2","m1",0.000747542920310576,0.262217052973878,-2.2671740249933,-1.7676747214867,-0.511651572327044
356,3898,"s2","m1",-0.0350564840676071,0.241465397313736,-1.96472717528771,-1.69067377918248,0.381369209306501
357,3918,"s2","m1",0.0126565212120855,0.350120574943359,-2.03415840760666,-1.54959541396841,-0.529643408074648
358,3926,"s2","m1",-0.12042189943371,0.269719791953315,-1.84243595845981,-1.82439091519861,0.154319240684961
359,3929,"s2","m1",0.00903906744946532,0.255535548798647,-2.46710326632757,-1.55192212085047,0.194507086200834
360,3934,"s2","m1",-0.0135910391840084,0.254996805970973,-2.20288152250294,-1.71221584147525,0.493759591964702
361,3937,"s2","m1",0.0206694526976315,0.269470099756645,-1.77152352868876,-1.58023976116691,-0.303552137302791
362,3943,"s2","m1",-0.109909686873489,0.32304805650943,-2.21796856763167,-1.47196498091579,0.278476674669724
363,3957,"s2","m1",-0.0922087292772643,0.203705991018506,-2.20432873532725,-1.55002631147306,0.0214073516564487
364,3962,"s2","m1",-0.0119441961547936,0.281762845399713,-2.13826833065182,-2.16338118178647,-0.540770029976946
365,3967,"s2","m1",0.00393131199233784,0.274215550193564,-2.10027353026148,-1.50231201939209,-0.543489517924466
366,3968,"s2","m1",-0.0578813560575127,0.340179059596215,-1.98910084442466,-1.46899131195214,-0.00353780816751742
367,3972,"s2","m1",-0.021566119638764,0.239421982845384,-2.11379584632351,-1.84054822936391,0.0811384878112391
368,3983,"s2","m1",0.0228295124355903,0.223790384938483,-1.99478552292795,-1.75694461903405,-0.36113211144231
369,3994,"s2","m1",0.137049296619771,0.361039007356921,-1.96993254616505,-1.33714947515041,-1.24461090062459
370,4012,"s2","m1",0.0381231745334074,0.333658953965604,-1.94589235785835,-1.27308252146401,-1.01221707062592
371,4013,"s2","m1",0.0569798603531262,0.348718195179219,-1.93933024121782,-1.46003078198938,-0.786953272690488
372,4021,"s2","m1",-0.0172712343646804,0.181510343711422,-2.04760648005587,-1.63665983874639,0.0961847217973713
373,4027,"s2","m1",-0.0130851879555859,0.315286221002906,-2.20624344367654,-1.51627255844435,0.0482378572323728
374,4036,"s2","m1",0.0500509991272378,0.331726391158758,-2.06919113875629,-1.26865418793502,-0.656900424484199
375,4042,"s2","m1",-0.0386520806184759,0.25184206144951,-2.26824581611505,-1.6202899403141,0.491989728325905
376,4043,"s2","m1",-0.12162343363657,0.271142060081387,-2.13216471840302,-1.75498264737367,0.804329279392581
377,4045,"s2","m1",0.071711587313359,0.344861936393815,-1.80998531167775,-1.46574804661652,-1.3979782013468
378,4053,"s2","m1",-0.0484527471698833,0.153504066827278,-2.24878162308734,-1.4538612466229,0.561718582565325
379,4067,"s2","m1",0.0323355347104677,0.370685207321481,-1.9312840714497,-1.58040785012466,-1.26282441104582
380,4078,"s2","m1",-0.0265256396694578,0.31171591721806,-2.01432268502875,-1.56556637977354,0.151266485288272
381,4094,"s2","m1",-0.0250570001781673,0.328041589639717,-2.30972871061593,-1.50525663336924,-0.832933279188248
382,4095,"s2","m1",0.0911683162807825,0.311679748745721,-1.96899522864866,-1.29842166162295,-0.765135316674977
383,4139,"s2","m1",0.0388242771164152,0.296310672109884,-1.95037069603717,-1.36393638535565,-0.25527282761819
384,4148,"s2","m1",-0.0420934607371981,0.262578715299964,-2.13692695308964,-1.73897230997504,-0.330018752722176
385,4159,"s2","m1",-0.0153512692390387,0.275550376949708,-1.78576484039233,-1.62511402071825,0.0625108382599897
386,4160,"s2","m1",-0.0109785473817795,0.260715041217865,-2.09518084664037,-1.49260802515458,-0.672298792650679
387,4161,"s2","m1",-0.0112168113851607,0.292483558182147,-2.21563302060436,-1.41996177253634,0.527129892091292
388,4177,"s2","m1",0.0836567939959083,0.364026425972933,-2.07587472003674,-1.6489868924716,-0.883340737636558
389,4197,"s2","m1",0.0771072064535478,0.31332405663576,-1.74327539077287,-1.51170755696128,-0.790722871649345
390,4202,"s2","m1",0.0375801091384924,0.362773836401265,-2.13541129613667,-1.2391532028839,-0.45974925238066
391,4214,"s2","m1",0.000999851725782777,0.256106355838561,-2.37234284839449,-1.42490750119638,-0.691876532066618
392,4215,"s2","m1",0.0397916241059097,0.33494166165899,-1.83883326636827,-1.3814775235768,-0.481361838474359
393,4234,"s2","m1",0.0278866981448778,0.242700893952283,-2.11214048560734,-1.46904678574633,-0.0867998330361033
394,4249,"s2","m1",-0.0166031740518062,0.256181633698902,-1.94338631012158,-1.52911443934595,0.0469754798033874
395,4256,"s2","m1",0.0281752862890346,0.301514163415338,-1.65556515389508,-1.70143560334009,-0.384095449915118
396,4258,"s2","m1",0.0125420570321367,0.221161847329843,-2.2145256825492,-1.51171701122595,-0.240708491213491
397,4264,"s2","m1",0.0641004658702481,0.275053667478339,-2.27610317643696,-1.34822324396278,-0.82258237074528
398,4266,"s2","m1",0.00638561000588014,0.312541986768554,-1.88607931545588,-1.48140549914954,-1.11756120099954
399,4281,"s2","m1",0.0595832397313539,0.305003137076655,-2.00015971801905,-1.56998185470301,-0.880074166134616
400,4283,"s2","m1",-0.04618772963828,0.291750281149496,-2.05585634162235,-1.39677222016702,0.228531718718369
401,4289,"s2","m1",0.0456114750931055,0.292239328393689,-1.90078506334357,-1.68391330256958,-0.115313739125525
402,4291,"s2","m1",0.0784619953987557,0.271356208194531,-2.01635060636866,-1.42601889376186,-0.701773502920542
403,4297,"s2","m1",0.0819974691933197,0.342455797925995,-1.96973348217348,-1.39260946458345,-1.13003451411407
404,4299,"s2","m1",0.0883967367759355,0.262948121773625,-2.26796113594297,-1.82858305484471,-0.832749887779571
405,4301,"s2","m1",0.00263444038907051,0.26977581121208,-1.77572979785653,-1.72636034881642,-0.110530487889522
406,4322,"s2","m1",-0.0121880797150357,0.30997351715863,-2.00391514988088,-1.38890582760431,0.0339408742676588
407,4330,"s2","m1",0.0301917501906838,0.320046652234482,-2.2973697426479,-1.44912458556545,-1.48756175072101
408,4359,"s2","m1",0.0355310704288156,0.327223557303242,-1.79700528392656,-1.63572887799552,-0.650655466314473
409,4364,"s2","m1",0.0254198542374627,0.330747126203979,-1.87259274347753,-1.55632237020531,-0.75601407668018
410,4382,"s2","m1",-0.0456509921629211,0.327264615309197,-1.87322985912321,-1.55955422195667,0.441331688466439
411,4393,"s2","m1",0.0454332269427112,0.363588835286527,-1.78998660015429,-1.29799291200243,-0.946449138668715
412,4402,"s2","m1",-0.0262827281940895,0.247226309460045,-2.21254442920925,-1.32391329400477,-0.341403013703647
413,4408,"s2","m1",0.00583125216272115,0.25767950495417,-2.0845201315969,-1.62770749823879,-0.67491821649531
414,4421,"s2","m1",-0.11975128172685,0.224216892551824,-2.28360147053744,-1.65148302306056,0.811444797126025
415,4428,"s2","m1",-0.0407550207922605,0.309419059456914,-1.95263089560163,-1.49016901970452,0.0632260113516993
416,4440,"s2","m1",-0.0487909938157265,0.273191349533036,-2.40435724014853,-1.51269092018521,0.0922776295026773
417,4453,"s2","m1",-0.0177378775765345,0.276716891664265,-2.12096345558141,-1.65935790660332,0.198317694361199
418,4460,"s2","m1",0.0237961365275884,0.32270820591619,-1.82207956373293,-1.49838299037821,-0.559347066649797
419,4511,"s2","m1",-0.0508154874357483,0.297891778227314,-2.29983589594035,-1.70942192938808,0.112963817281657
420,4521,"s2","m1",0.0237444985077355,0.214530300385882,-2.19604181444617,-1.44306028760459,-0.286970259544207
421,4522,"s2","m1",0.0623829422052965,0.36579366487964,-1.8778898897628,-1.42433508856214,-1.11757984227113
422,4533,"s2","m1",0.0187361328366215,0.247095129002267,-1.83972953392756,-1.92962488713065,0.0209329921764229
423,4536,"s2","m1",-0.039548606316303,0.318914487212932,-2.25249403586455,-1.48004338371668,0.0234606884615577
424,4537,"s2","m1",-0.0367327940023312,0.261757794743488,-2.30449254078921,-1.43473731604052,0.135285174301552
425,4555,"s2","m1",0.0527063730126839,0.270605404780294,-1.84802323749034,-1.60053694633644,-0.132120890374451
426,4564,"s2","m1",-0.0239979805837739,0.22952422636223,-1.91176392530408,-1.42536373393067,-0.0267557205660558
427,4572,"s2","m1",-0.0037914383842671,0.215098354509572,-1.83532879811307,-1.54535600472145,0.0938689944785728
428,4600,"s2","m1",-0.0881361991994757,0.261254438509422,-1.91611884941574,-1.62545664735156,0.216444326652112
429,4603,"s2","m1",-0.013194484192982,0.301162389010398,-1.86127099169194,-1.43658939237181,0.326045552559598
430,4626,"s2","m1",0.0554003269639547,0.344867966254356,-1.64607906720621,-1.37967594410608,-0.743647142444771
431,4634,"s2","m1",-0.014410404015974,0.323357230062592,-2.4155029894459,-1.48405489498378,0.0855973924019747
432,4635,"s2","m1",0.00913320032081646,0.31638619044977,-1.86501371378125,-1.48299830039355,-0.747732552136115
433,4639,"s2","m1",-0.0223587419560004,0.268389676235736,-1.87841616574388,-1.67068799960298,0.25324878156281
434,4657,"s2","m1",0.0358985035599729,0.23393623123196,-2.19284189750011,-1.56732775167162,-0.585084843995285
435,4665,"s2","m1",-0.0456978719199758,0.271068105879011,-2.15528607616401,-1.46074091096898,0.138638690737743
436,4676,"s2","m1",-0.0843898282717786,0.147585315496283,-2.19344000189625,-1.45415584592667,0.149321477765038
437,4684,"s2","m1",-0.0363786585154215,0.29943765514967,-2.01141495016662,-1.32056745878701,-0.144868315363872
438,4723,"s2","m1",0.0324002244828946,0.279406360039476,-1.86724515260481,-1.30255339664359,0.295592716425119
439,4741,"s2","m1",-0.0117856954824639,0.30571657342851,-1.99738481757778,-1.71735238437764,-0.064238996123461
440,4742,"s2","m1",0.0205328876786785,0.282729603653503,-1.65814734329741,-1.40107922920868,-0.807185548607825
441,4762,"s2","m1",-0.0293272490641502,0.304595507926512,-2.03387030773567,-1.59684592769502,-0.627230997735001
442,4776,"s2","m1",-0.016676798642949,0.351165677620233,-2.1479003675528,-1.59524596627465,-1.16452795854508
443,4777,"s2","m1",0.103717915063883,0.244311333185867,-1.78696020816783,-1.47949959165874,-1.21094175283541
444,4791,"s2","m1",-0.00159251320122497,0.326523144347034,-2.11213519070919,-1.12236696909198,-0.417546381396766
445,4793,"s2","m1",0.0482540349119393,0.364038876612078,-1.81591023975667,-1.23044986652623,-0.540039215523862
446,4802,"s2","m1",-0.0857029996934019,0.227982957338227,-1.95681046079738,-1.59677890566466,-0.299961307437615
447,4811,"s2","m1",-0.00886643292411125,0.270513361534132,-2.00747294340683,-1.58184526196043,-0.384667661335515
448,4828,"s2","m1",-0.0528842553807839,0.317412851273053,-1.64816409368252,-1.33162212100817,-0.0796195997674093
449,4838,"s2","m1",-0.0811648322664907,0.138893538481269,-2.25810934222804,-1.87718590048609,0.877549920320476
450,4841,"s2","m1",0.0610978112234072,0.24749824960166,-1.93950447495637,-1.40070646181579,-0.383994966228585
451,4847,"s2","m1",-0.087065688482825,0.251157686962267,-2.20413189444821,-1.55926498269984,-0.0130463703507472
452,4851,"s2","m1",0.012644299268437,0.25338741107164,-2.50525471654114,-1.35115380977176,0.136502389853989
453,4852,"s2","m1",0.0864416477426938,0.335151787569381,-2.05563669343914,-1.46631666173253,-0.815428547734999
454,4857,"s2","m1",-0.0735730375630562,0.313885905377667,-2.16507817129896,-1.73039674294123,0.25996023512579
455,4905,"s2","m1",0.013804211312071,0.248853550851139,-2.06022282474738,-1.9085559563098,-0.521022762508373
456,4909,"s2","m1",0.0149377947947613,0.363722474470445,-2.00992129103033,-1.53948101110818,-0.782513539051707
457,4924,"s2","m1",-0.0130384400927512,0.282892147384609,-1.89283509674575,-1.63311777477927,-0.134759865253803
458,4931,"s2","m1",-0.0603931929572176,0.208884364599756,-1.90989640293844,-1.83313298347756,0.880413525546637
459,4933,"s2","m1",0.0311236311146205,0.188253348613965,-2.20086411762493,-1.6411714357785,0.0256285119002891
460,4943,"s2","m1",2.30953601564575e-06,0.15691248025884,-2.10712251822873,-1.48167049975289,-0.370669737708
461,4958,"s2","m1",-0.0125279549879501,0.286864723263562,-2.00385497735895,-1.21070202372003,-1.16450385475001
462,4974,"s2","m1",-0.0746497262452487,0.276340581521906,-1.97007701163915,-1.63429712681039,0.375930998401004
463,4994,"s2","m1",-0.0492314216375569,0.272567217287723,-2.12144338986936,-1.88437122370919,0.243247394884407
464,4995,"s2","m1",-0.0623728124452699,0.297340808836659,-2.03349339734264,-1.66888703211899,-0.0341242626221247
465,5025,"s2","m1",-0.0417064895872804,0.307169532942899,-1.71907113172202,-1.68719658797873,-0.185035282521566
466,5066,"s2","m1",-0.0104050760908842,0.238839356546492,-1.9627843299333,-1.51669455540922,0.0352086534323045
467,5073,"s2","m1",0.0258011815787432,0.291154736375698,-2.16688286328017,-1.5682417033267,-0.720408320621238
468,5083,"s2","m1",-0.0993257726237051,0.284552416577832,-2.10544723925304,-1.52460488770108,0.335446119767759
469,5088,"s2","m1",0.00509352813612023,0.340841785052918,-1.98494458551205,-1.2601807122469,-0.292927781839772
470,5092,"s2","m1",0.0436877072612909,0.294638188082345,-2.12401750488424,-1.57568789296975,-0.181053012452208
471,5108,"s2","m1",-0.0842718788036421,0.216774347690539,-1.94912415779098,-1.63315488699894,0.539952882579978
472,5113,"s2","m1",0.0786590825024722,0.31924740835198,-1.89401998643909,-1.46156120571867,-1.05793748151574
473,5122,"s2","m1",0.125508485549459,0.324978206098513,-2.10657597582259,-1.5438022531902,-1.35870850932734
474,5125,"s2","m1",0.00902431674031465,0.264908735069218,-2.01266232344557,-1.61897482545464,-0.190494400080811
475,5156,"s2","m1",0.0575579156280311,0.335032294579347,-1.91914632719505,-1.34151382749214,-0.627123600689468
476,5172,"s2","m1",-0.0398738195147532,0.30080116008532,-1.99051486309332,-1.46013129074486,0.338736251768678
477,5174,"s2","m1",-0.0578168008954386,0.278707310833686,-2.10559764721356,-1.5400477419512,0.435496284554063
478,5184,"s2","m1",0.0332858533012867,0.306329220589299,-2.18430565631145,-1.59770757231959,-0.240638237703963
479,5194,"s2","m1",-0.0350929458972548,0.31524713110496,-2.09721029074989,-1.47956206473959,-0.164652790755224
480,5216,"s2","m1",-0.0727020473228783,0.295977470707721,-1.84875000618293,-1.33841206830067,0.363681845769773
481,5220,"s2","m1",-0.0439918537553268,0.27456255732705,-1.93038346196856,-1.68914195265459,0.156323306326567
482,5223,"s2","m1",-0.00817122183318469,0.278633907818365,-1.89223935580274,-1.74385811231542,0.0470063662657998
483,5228,"s2","m1",-0.0930059542093252,0.250841343951557,-2.33483351670039,-1.48850244226587,0.497665735239824
484,5229,"s2","m1",-0.0641898792400544,0.311727901933683,-1.8388444778383,-1.41455743441753,-0.0160751490519123
485,5231,"s2","m1",-0.0991416359291766,0.302434812420102,-2.40391486287903,-1.42006848991721,-0.0470837421753203
486,5233,"s2","m1",-0.0333796422299478,0.269206463099146,-2.16771252404308,-1.58922479099789,0.387767817598476
487,5250,"s2","m1",0.00462050851289452,0.326818427952643,-1.72415003600347,-1.61655201900077,-0.403668622795592
488,5258,"s2","m1",-0.0219469156995875,0.322940654184971,-1.91938010840409,-1.52139867238986,0.0950637698302129
489,5261,"s2","m1",-0.0577835838433004,0.182744746900987,-2.17512882255653,-1.72514493774128,0.424318132344781
490,5301,"s2","m1",0.025853252573731,0.273850153356508,-2.78035452505632,-1.51143499887765,0.106607684563699
491,5315,"s2","m1",-0.0378230566164664,0.261863886144211,-2.42755480140811,-1.7157463379772,-0.191030936250233
492,5400,"s2","m1",-0.0267145159045501,0.298580123725612,-1.9359423576832,-1.62140952319051,-0.593426258845308
493,5407,"s2","m1",-0.0823561498068065,0.315179979859054,-2.22226587342091,-1.45921536854204,0.140386864258182
494,5408,"s2","m1",0.0623663347995738,0.286048025365275,-1.96792946249717,-1.50542428615457,-0.250262487852909
495,5410,"s2","m1",-0.109525799800245,0.174572332542016,-2.34696890870552,-1.46880626644813,0.734488443332415
496,5414,"s2","m1",0.0109865700378785,0.293277530301147,-2.10801273283042,-1.44228560968914,-0.368738467259449
497,5433,"s2","m1",0.0631110768627657,0.323334880228281,-2.03414242199262,-1.30246294396737,-0.674051567251785
498,5478,"s2","m1",-0.0081959136851051,0.295690918948957,-1.73411629425102,-1.44412824093249,-0.637207859971302
499,5482,"s2","m1",0.0860181222553882,0.293216322581682,-2.15682929410173,-1.5136971887498,-0.602393905126832
500,5490,"s2","m1",0.0261805511675532,0.272248728402481,-2.2267850689027,-1.57568020673145,-0.51146042588101
501,5499,"s2","m1",-0.0226653350589895,0.351833659550621,-1.87529572152107,-1.60305765138578,-1.10960197945686
502,5513,"s2","m1",0.0134202484981653,0.260462526711238,-2.08349377820997,-1.50024017112609,-0.167114835567158
503,5517,"s2","m1",0.0220764269074483,0.295174905984848,-1.86519567612292,-1.4488045157545,-0.266556642687716
504,5549,"s2","m1",-0.0328264401805676,0.284223650818516,-1.99919082877506,-1.4069137580426,-0.0561560390883478
505,5562,"s2","m1",-0.0358170092225654,0.268173869291869,-2.32594254085845,-1.73069305477087,0.379506055668006
506,5601,"s2","m1",-0.028776967241517,0.285158148072343,-1.86532152546342,-1.7218312314508,0.118501031709722
507,5608,"s2","m1",0.0635379340774772,0.344755576344614,-1.98871231882616,-1.25187793202384,-0.612917502142198
508,5617,"s2","m1",0.00634553438438959,0.313156179307349,-1.97595855375479,-1.30951368974078,-0.517697444623372
509,5639,"s2","m1",0.03940057259333,0.309033544631026,-2.17340604223968,-1.52902034657157,-0.128572062112551
510,5664,"s2","m1",-0.00256595756826954,0.302746985637364,-1.91765811446265,-1.3065394742936,-0.0941147440989063
511,5669,"s2","m1",-0.0337612168185831,0.273281827952734,-1.89655349717317,-1.84107609898787,0.219743059312869
512,5697,"s2","m1",-0.0159381141615969,0.240384567171825,-1.71896563216573,-1.60198026837977,-0.0567667929773527
513,5703,"s2","m1",-0.0521860328432408,0.310453558645629,-2.02420366150219,-1.4876180248418,0.091023907813654
514,5713,"s2","m1",-0.0327330739985925,0.249901093281203,-1.81888753571955,-1.53114040679869,0.241548440309343
515,5719,"s2","m1",-0.0029809140961476,0.333695076900642,-1.75462063077532,-1.46951647477638,-0.427244318238363
516,5720,"s2","m1",0.0579622032195247,0.307697813902281,-1.90912030148315,-1.38323336918334,-0.39840027715334
517,5726,"s2","m1",-0.0617545021400981,0.29177814215907,-2.13795883529301,-1.49065365677368,-0.277279292323442
518,5769,"s2","m1",0.00286209687002082,0.291811412463821,-1.93176409778334,-1.49780751098065,-0.689290934607655
519,5771,"s2","m1",0.0268469203827813,0.299381599418135,-2.27453569454725,-1.35889532528287,-0.340609020027861
520,5772,"s2","m1",0.0362931657560848,0.307698526363275,-2.22060317283993,-1.62432204622807,-0.980976898127039
521,5788,"s2","m1",0.0553878870873992,0.283924892230732,-1.57620030999808,-1.53007785584031,-0.779500602194471
522,5801,"s2","m1",0.00702546635718709,0.313939496256435,-1.86518933936826,-1.61619872141179,0.110429143517951
523,5810,"s2","m1",-0.0515949987514125,0.235189522611593,-2.36480557850161,-1.62074778233561,-0.290627534829022
524,5842,"s2","m1",-0.040880209477388,0.231833656221881,-2.56669638290307,-1.35583380207394,0.344064828786535
525,5854,"s2","m1",-0.0275148251762193,0.33284938934073,-2.24565933536934,-1.47990188818564,-0.292162565332479
526,5856,"s2","m1",-0.143475519759007,0.254599234058692,-2.36163268844741,-1.80207834852019,0.366944712784903
527,5876,"s2","m1",0.0190728528588534,0.257160827476463,-2.33080012614977,-1.6846326200381,0.249638052861624
528,5891,"s2","m1",0.00612522144972384,0.316792497090928,-2.39628710392557,-1.48288111242353,-0.378712372461437
529,5894,"s2","m1",-0.0102835498952168,0.250470958676977,-1.75044855705762,-1.39002926991825,-0.0496683078019822
530,5901,"s2","m1",-0.0571170738781134,0.265179837842592,-1.92650039629899,-1.5942861646267,0.0962537207626794
531,5902,"s2","m1",0.0102337012912126,0.297055569778622,-2.02218778157698,-1.5594857381649,0.157917025483795
532,5909,"s2","m1",-0.014949976467364,0.32534145914721,-1.83573402575037,-1.55516946223182,-0.0471937403816548
533,5916,"s2","m1",0.0781862171400527,0.323554466940941,-1.78612504863637,-1.44280644321801,-0.933291036700822
534,5917,"s2","m1",0.0420342991400338,0.215783614820437,-1.7723767993891,-1.59824404386242,-0.0301905135345857
535,5937,"s2","m1",-0.0235339082141627,0.245831115018437,-1.90002620216222,-1.51199234036028,-0.361716210371532
536,5947,"s2","m1",-0.0600296798444815,0.294234007030383,-2.06761940166056,-1.59282895079773,-0.0459203175802489
537,5961,"s2","m1",-0.029274469915925,0.153712485633341,-2.3363715573747,-1.68324575976539,0.42254972742007
538,5999,"s2","m1",-0.0137341254747324,0.251753376597959,-1.99309524585729,-1.50785223438386,0.256094602646402
539,6006,"s2","m1",-0.07494903864352,0.33461590214896,-2.07735333142565,-1.50629673535456,-0.178901930535611
540,6017,"s2","m1",0.00252819123246074,0.277611937918386,-1.84713374484126,-1.39317001590054,-0.533631001013566
541,6027,"s2","m1",-0.0632429222267282,0.199303751655132,-2.46739618615883,-1.73963847353803,0.28855936028465
542,6034,"s2","m1",0.0218069176171215,0.26103759136771,-1.82690020332599,-1.54208253063889,-0.274692994883619
543,6055,"s2","m1",-0.0188597015405092,0.287235979370722,-2.09595608588501,-1.50754455350389,-0.343065847741585
544,6064,"s2","m1",-0.0195866985700404,0.260860329832739,-1.8931331406214,-1.37878025406645,0.614643911894005
545,6077,"s2","m1",-0.0346794174533764,0.251992450166844,-2.25863473693245,-1.47911616691214,0.263633496980137
546,6100,"s2","m1",0.0158996094736592,0.260587375636826,-2.16061031943925,-1.46635259658352,-0.21716955648661
547,6104,"s2","m1",0.0575683189806914,0.323162878763386,-1.70664346832152,-1.50387425411545,-0.656585542700126
548,6105,"s2","m1",-0.0627363179004584,0.249892267781518,-1.79539047358041,-1.83837662464309,0.60135417785291
549,6112,"s2","m1",-0.130939958438028,0.226456433608234,-2.37657434680607,-1.65656548347569,0.784522077691451
550,6116,"s2","m1",-0.0141496539912171,0.321515097848641,-1.91578254842851,-1.64010891017676,-0.424602640045078
551,6122,"s2","m1",-0.0436352801114402,0.260416786889301,-2.03125679005471,-1.49187115317042,-0.0025427114490847
552,6131,"s2","m1",0.0094689717124924,0.241763096281579,-2.40296993095466,-1.43142227104487,-0.307062319415912
553,6137,"s2","m1",0.0384900454489721,0.376796890676793,-2.04645822305552,-1.6010752830592,-0.433168809648398
554,6151,"s2","m1",0.0379961937838901,0.267286915986041,-1.90890806635349,-1.48073883633881,-1.13398752889049
555,6154,"s2","m1",-0.0570527835823292,0.216124422806066,-2.23932296771042,-1.55684420317952,0.546939268383019
556,6160,"s2","m1",-0.101200258952106,0.20766556605234,-2.09879656885468,-1.75814215200474,0.805893871013294
557,6164,"s2","m1",-0.00768430226503734,0.287247714909915,-1.79523075939252,-1.28252534759111,0.404295742125522
558,6176,"s2","m1",-0.00264871385806155,0.382552702590084,-1.76502409602241,-1.4191774173331,-0.860577463388257
559,6193,"s2","m1",0.0462386575156059,0.351998433164298,-1.91720669886024,-1.54202810539358,-0.253803632313564
560,6195,"s2","m1",0.016977100525455,0.218159237928979,-2.13311718156688,-1.48405316914614,-0.103362493515983
561,6203,"s2","m1",0.0144951292596819,0.284917598530266,-2.53686722330211,-1.37052795470041,-0.624920579835393
562,6219,"s2","m1",-0.0135465097084235,0.290958500905529,-1.99958321086466,-1.46182442308898,-0.676004449486947
563,6221,"s2","m1",-0.00361816080782409,0.212991061134359,-2.07766125616401,-1.53364294753236,0.208850279718127
564,6229,"s2","m1",-0.0222326127633023,0.260520663341419,-2.49957418900296,-2.02905249148643,0.0432607090404636
565,6234,"s2","m1",-0.00496389007085667,0.312322215287039,-1.90529915347436,-1.30935726168496,-0.133865551718652
566,6236,"s2","m1",0.127932057071435,0.302792664164029,-1.82027256934884,-1.4415897343717,-0.395376915249292
567,6257,"s2","m1",-0.0669639138987466,0.309399780765159,-1.81959812117141,-1.59279768641781,0.103222282619353
568,6275,"s2","m1",0.0117754462371193,0.321416720499386,-2.38470634179635,-1.26033134921409,-0.142024766738569
569,6292,"s2","m1",-0.0769505400468207,0.266113667373761,-2.18039774514378,-1.82211476733093,0.162302020796645
570,6302,"s2","m1",-0.00276861176291559,0.295058134630058,-2.12377969895358,-1.5141003028083,0.063293470328873
571,6315,"s2","m1",0.0811225548654476,0.369041820329926,-1.7607543660632,-1.5438529551449,-0.873269056542561
572,6317,"s2","m1",0.0612925741075507,0.242454155845564,-2.33221741993835,-1.43519616084131,-0.333201555114041
573,6332,"s2","m1",0.0451687978010052,0.358487758302164,-1.93368064861664,-1.40095234230656,-1.1349565594038
574,6337,"s2","m1",-0.0579275182738056,0.246412833904004,-1.85649562960642,-1.53163311051573,0.528407681798067
575,6360,"s2","m1",-0.0606884813323768,0.284841365050462,-1.71588749902413,-1.40342104863309,0.249700861686051
576,6373,"s2","m1",0.0538439964053173,0.343735948804027,-2.31608045441061,-1.26810191098848,-0.307336970036822
577,6376,"s2","m1",0.00829235349576573,0.342985480599474,-2.09419385017099,-1.5032212417646,-0.946898763933619
578,6395,"s2","m1",0.0604606985616652,0.308866889418914,-1.85860915767992,-1.32899992413717,-0.221067139062808
579,6405,"s2","m1",0.0448556619985148,0.386012876607008,-1.78212657385795,-1.51799764829037,-1.39995736197457
580,6430,"s2","m1",0.0403287658123001,0.353754538671164,-2.51190861323559,-1.5856860296033,-0.583445859363699
581,6473,"s2","m1",-0.0259604672282195,0.301104178217096,-2.12350862489395,-1.590446988223,0.0325146051756979
582,6494,"s2","m1",-0.00693000020982574,0.242126006708061,-1.96283391236101,-1.8591948592603,-0.0505085392563367
583,6500,"s2","m1",-0.0601413474362409,0.224151961857084,-1.93976413837602,-1.76318584502067,0.19721789831909
584,6507,"s2","m1",0.0696762595067824,0.343073058647722,-2.20107345805332,-1.39107074123096,-1.12548133930761
585,6524,"s2","m1",0.00561192650309419,0.269663560031835,-2.28031555468629,-1.85545401785237,-0.166452756412633
586,6534,"s2","m1",0.0502466384190241,0.262851368496801,-2.17471698485429,-1.53690782054795,-0.10560200527154
587,6549,"s2","m1",0.0146815232108719,0.275411968371271,-2.18214058462864,-1.52489795072039,-0.530928179171981
588,6550,"s2","m1",-0.0687718774552741,0.307898178136058,-2.23953166737316,-1.3843332785515,0.46262105796201
589,6565,"s2","m1",-0.0151539094248225,0.268837966282153,-1.66773078548661,-1.53770600476013,0.0056211869292931
590,6579,"s2","m1",0.00265460899932745,0.350843943947995,-2.29059324868722,-1.57583673106148,-0.303444064957248
591,6588,"s2","m1",0.0375950692537909,0.226094861250173,-2.36940350025065,-1.40296919119934,-0.603490589996063
592,6592,"s2","m1",-0.0103600187853505,0.256122806361254,-1.95974519153788,-1.592619809711,0.208491547245015
593,6599,"s2","m1",-0.0434161441153435,0.250169605295313,-2.48012087088188,-1.78498983684501,0.458968199424549
594,6609,"s2","m1",0.0562490732699204,0.2896677782976,-2.11456305296964,-1.84704168323616,-1.42913886398921
595,6620,"s2","m1",0.0207458172465835,0.243948219028755,-2.02923074384,-1.79677527039703,-0.513722343601332
596,6633,"s2","m1",0.0194737960058727,0.286264598103634,-2.30738958333336,-1.6521221128023,-0.59536633258351
597,6644,"s2","m1",-0.0176704267817943,0.27302382987503,-1.99752574274925,-1.49465093537318,-0.00256014175101288
598,6674,"s2","m1",-0.0773313350166898,0.315344216855141,-2.11199417291032,-1.48780808036805,0.312332356205973
599,6679,"s2","m1",-0.156002590093989,0.202206875868632,-2.55191301716679,-1.60592695450136,0.664200620822386
600,6685,"s2","m1",0.00417274838690724,0.31678638645683,-1.94441665076348,-1.39242009516063,0.124745997922457
601,6691,"s2","m1",0.069592751647211,0.304698201466163,-1.79353078119339,-1.29343457544797,-0.696804499084401
602,6692,"s2","m1",-0.0249090744672809,0.248111619352994,-2.02169044191383,-1.43300109661399,0.192304634078985
603,6698,"s2","m1",0.0635484995112896,0.263812346508778,-2.19404562739724,-1.50751412266446,-1.05630572377923
604,6702,"s2","m1",0.00621433597236554,0.226543733437948,-2.44142264977803,-1.35279788621984,-0.667853928620613
605,6727,"s2","m1",-0.0409138641310454,0.269816319261164,-2.03250300766914,-1.55081760875042,0.188244508499684
606,6737,"s2","m1",-0.0583515581596415,0.26161366066615,-1.84366330132746,-1.47924538530374,-0.00195189808872895
607,6742,"s2","m1",-0.0800098896169454,0.224180655010669,-1.99494055434419,-1.72016708015786,0.572188655892591
608,6779,"s2","m1",-0.0578497780502976,0.272897071848876,-1.79759972539317,-1.41695166900563,0.127846938472957
609,6780,"s2","m1",-0.0593035787908424,0.34460679343102,-2.03476935733247,-1.38440900231143,0.0255010988122527
610,6790,"s2","m1",-0.00345090952876981,0.227654249320126,-2.25108887193028,-1.85113006591141,0.228358657700964
611,6792,"s2","m1",-0.0233964519504769,0.219801197960225,-2.33850585355933,-1.93323891778993,0.448836857211539
612,6823,"s2","m1",-0.0531160170663679,0.279954713748807,-1.97511866447534,-1.49175208729191,-0.136906989129713
613,6825,"s2","m1",-0.0836972651378415,0.125556825339822,-2.24666048635064,-1.84332515352527,0.84959474329691
614,6829,"s2","m1",-0.019115678314081,0.262698152071493,-2.09091241741571,-1.74344876661285,0.106515802462855
615,6840,"s2","m1",0.00749701335277885,0.279339273436213,-2.07908096048099,-1.60613372193337,0.184530078606901
616,6867,"s2","m1",-0.0282223858464179,0.300298931392769,-2.42568738720998,-1.4212048977155,0.137183897816834
617,6875,"s2","m1",-0.114701570927276,0.248571787650919,-2.72576061720262,-1.65789054301709,0.239489566862625
618,6885,"s2","m1",-0.00963462785754697,0.308522265046983,-2.5618209524728,-1.9606884249327,-0.104083942422876
619,6904,"s2","m1",0.0457297297978386,0.307815936024294,-1.92823312137335,-1.45494251299128,-0.379561715724425
620,6908,"s2","m1",-0.0683671001051306,0.260360068090169,-2.00357172675671,-1.48365076429687,0.825520318729997
621,6934,"s2","m1",0.0339558855742018,0.314715241352304,-1.98487123726155,-1.53135303868611,-0.680677277734519
622,6935,"s2","m1",-0.0919888165315051,0.25631170375342,-2.02497330124131,-1.65808858705054,0.383797881728157
623,6951,"s2","m1",-0.0163576687915701,0.287989807351722,-1.93106484785845,-1.41159814820609,-0.0298442509632999
624,6972,"s2","m1",0.00340607968368447,0.258408105535185,-1.97506257841355,-1.72503340668896,-0.149142969117275
625,6984,"s2","m1",-0.00465988832087226,0.198106387446685,-2.37010384799253,-1.62363638315245,-0.0205170502242027
626,6987,"s2","m1",-0.0470335494477257,0.322418254981973,-2.4214280682011,-1.66847654828832,-0.338115395815018
627,7008,"s2","m1",-0.0193083944194674,0.256153699082378,-2.02477461147391,-1.69510637763879,-0.606660307593233
628,7011,"s2","m1",-0.0232487471068893,0.258365289335441,-2.44546571986259,-1.67274586807131,-0.529588349347395
629,7039,"s2","m1",-0.0465292144914447,0.231638469185827,-1.74840078925059,-1.56644724773117,0.0911819141713478
630,7049,"s2","m1",-0.0604423876155634,0.262923645709899,-2.01911991232436,-1.52133000589919,0.342922520374022
631,7060,"s2","m1",0.0495453826739672,0.216893638323843,-2.22968937627703,-1.44492658814391,-0.29464338342252
632,7082,"s2","m1",0.0542169164948228,0.30441433541373,-2.17889504026645,-1.66909889013918,-1.26703644773589
633,7088,"s2","m1",-0.0546372437015138,0.269256374903252,-1.86444740945723,-1.47396382074591,0.22615191967294
634,7104,"s2","m1",-0.0704673535988275,0.283572456580744,-2.16614523655535,-1.36517591907128,-0.0285438470379648
635,7137,"s2","m1",0.112731926389686,0.332983712127962,-2.03317966110254,-1.34248893191718,-0.844531255636287
636,7149,"s2","m1",-0.00212972089415012,0.276361454160119,-1.9054966142609,-1.42852084032163,-0.104698499849103
637,7153,"s2","m1",-0.024405938632377,0.316728304673614,-2.64082507724503,-1.29344019224426,-0.00761830458959584
638,7170,"s2","m1",-0.0745323057945101,0.265214847266255,-2.42072632223168,-1.39840616103906,-0.371032623924493
639,7177,"s2","m1",0.0934324107244074,0.295698690833675,-1.94651082715246,-1.36071705098984,0.0227910326625937
640,7181,"s2","m1",-0.00522470775098078,0.29231418751546,-1.78214779270771,-1.52436366462677,-0.00669704637688781
641,7213,"s2","m1",-0.0236035107501894,0.353723181232578,-2.06797551973594,-1.46630802074331,-0.690970837074622
642,7217,"s2","m1",-0.0768565881550492,0.266159055720879,-2.02768775347832,-1.53362887326342,0.623277144228192
643,7228,"s2","m1",-0.0315024800662664,0.271470119118095,-1.99376116275936,-1.52478197666776,-0.014136828744322
644,7238,"s2","m1",0.0441317353492368,0.297992833491574,-1.99051019505564,-1.44188864935047,-0.398415616990419
645,7240,"s2","m1",0.0261739353131844,0.223600798243015,-2.13986806018786,-1.62661658281362,-0.424600788240266
646,7248,"s2","m1",0.029008600701221,0.27823363835896,-2.22690143257256,-1.63076672306716,-0.605986111549806
647,7263,"s2","m1",-0.0524451612323359,0.239958693277192,-2.12322838079108,-1.60534786618313,0.337319541545985
648,7269,"s2","m1",-0.125455130800805,0.239017772560075,-2.15435876049484,-1.8709193564145,0.880930482283704
649,7293,"s2","m1",0.030250157948027,0.281904690801623,-1.79231665341452,-1.70815420559552,0.212823302817979
650,7301,"s2","m1",0.0240940977947315,0.303537098565807,-2.15403611061438,-1.39700338857277,-0.116825576420031
651,7305,"s2","m1",-0.0234829113480442,0.204250265030232,-2.01911306045445,-1.77862282709521,0.217242260612779
652,7349,"s2","m1",0.0123261943445594,0.280994012888968,-2.14518714713191,-1.44734324392198,-0.361534445757218
653,7389,"s2","m1",0.00893057534709968,0.318868352299611,-2.32132930022479,-1.59929892387131,-0.525342691074219
654,7408,"s2","m1",-0.0541547843963007,0.288069919761416,-1.9843251938719,-1.38145293481989,0.209738456586152
655,7409,"s2","m1",-0.0501223869091251,0.172120092388529,-2.23471825040227,-2.01778290153154,0.148132412472744
656,7415,"s2","m1",0.04342282985519,0.325679857904823,-2.1690701236147,-1.60106204480434,-1.67847503581117
657,7425,"s2","m1",0.147339797458859,0.309489263846395,-2.12674353358976,-1.45032003750197,-1.74781952989395
658,7426,"s2","m1",0.0263314201139088,0.296048373948943,-2.05564835954294,-1.46465912066573,-0.64838775890721
659,7435,"s2","m1",-0.000201535427858009,0.324966413734763,-2.28040142914724,-1.52740319454467,0.238388488984206
660,7443,"s2","m1",-0.000981087892481592,0.231978766258411,-1.78357890541965,-1.76804342428427,0.267759489064764
661,7446,"s2","m1",0.0306789661885785,0.285949009230514,-1.63714938692475,-1.45984174592362,-0.608365418011257
662,7485,"s2","m1",-0.0189315448296056,0.225646713374358,-2.08081966752175,-1.55117251698039,0.303020417173298
663,7494,"s2","m1",-0.0187978553654743,0.274813719149913,-2.22834275059112,-1.50703674941167,0.182739565830644
664,7498,"s2","m1",-0.0653416889429732,0.219276620299252,-2.22387689605378,-1.58269514980175,0.00329987264483924
665,7511,"s2","m1",0.0586857849499328,0.248646748642987,-2.05649980534077,-1.40060536069899,-0.470744558247437
666,7533,"s2","m1",0.0481612046210513,0.305539008034006,-2.17576874162364,-1.55624090965375,-0.889081454731152
667,7549,"s2","m1",-0.0999654218353892,0.249201743247713,-1.76081739456483,-1.8657948981691,0.335724780630546
668,7560,"s2","m1",0.0511947749546334,0.309655561946664,-1.96643427406871,-1.38224536843013,-1.22746229357001
669,7573,"s2","m1",-0.0196088276144837,0.353003080584977,-1.96567598574298,-1.65908329640912,-0.824892561950545
670,7582,"s2","m1",-0.0110389950658251,0.223383070573082,-1.94779473450205,-1.47092777800884,0.50793577407094
671,7607,"s2","m1",-0.0485347236017803,0.295637217892242,-1.75766335650435,-1.92919088897839,0.541136388594855
672,7612,"s2","m1",0.0433062804706863,0.351266465452726,-1.92678716094715,-1.2574152634198,-0.348308834401377
673,7613,"s2","m1",0.0616441352353366,0.252900945179057,-1.74062697773614,-1.56387543629553,-0.318324132563698
674,7617,"s2","m1",-0.040223575398973,0.290612107839125,-1.87889134059826,-1.62903354037094,-0.154976041791908
675,7618,"s2","m1",-0.0780480342636656,0.276499255988352,-1.93108991912877,-1.45779447830458,0.212451980724573
676,7619,"s2","m1",0.105626373286044,0.375383828363045,-2.27730887700082,-1.43826862066499,-1.0786092273072
677,7693,"s2","m1",-0.12499701951205,0.279871908395068,-2.04291976493437,-1.67349974044071,-0.0890869497568466
678,7716,"s2","m1",-0.0649129725425132,0.275230189689326,-2.121468899786,-1.82474260155635,-0.146072702414255
679,7776,"s2","m1",0.0646201555673867,0.211656916621942,-1.90053145812377,-1.53356039024112,-0.191403658963736
680,7781,"s2","m1",-0.0493627565474237,0.256916411703223,-2.20556599371565,-1.50892752388084,0.0984419033740895
681,7784,"s2","m1",-0.0919467218866396,0.264451072043358,-1.98780879742438,-1.84447560357406,0.662939068306876
682,7792,"s2","m1",0.0218996023320456,0.286953654083853,-1.83455711873432,-1.59400538014131,-0.65068466256322
683,7804,"s2","m1",0.0819534398535243,0.313462727575824,-2.2436419437377,-1.51097145987831,-0.404510987021314
684,7816,"s2","m1",0.0178631814877653,0.289133628968118,-1.93126969498261,-1.52685712140563,-0.0919120841377605
685,7819,"s2","m1",0.0339622234055218,0.374161004989647,-1.79345216771271,-1.51203698041809,-1.10394814478148
686,7826,"s2","m1",0.0222832274072915,0.255589553500465,-1.91215188159412,-1.77437883864195,0.596170452532783
687,7831,"s2","m1",-0.0631466874389395,0.300135777097089,-2.05455802609795,-1.4045568816022,-0.75947505805377
688,7836,"s2","m1",-0.06884908705792,0.270752029505092,-2.20531255398452,-1.49146831336588,0.976092401085354
689,7845,"s2","m1",-0.0156674335293363,0.233891297878755,-2.36483239183593,-1.45784272935076,-0.528932071435054
690,7866,"s2","m1",-0.017056785147606,0.304088177351767,-2.03227896181738,-1.52335738339878,-0.980358534454943
691,7868,"s2","m1",0.0281897911322303,0.207823535378947,-1.82999360660462,-1.70082672817622,-0.234266740222573
692,7877,"s2","m1",-0.0866417996978445,0.250461303133542,-2.01226686026283,-1.58413373069071,0.067157336183801
693,7923,"s2","m1",-0.00385237296993804,0.244306719929124,-2.1342383274206,-1.53156647327637,-0.21816669409964
694,7926,"s2","m1",-0.0299662144362421,0.343936241902142,-1.89651156105143,-1.58810891218575,-0.408590408689367
695,7946,"s2","m1",0.0335830644420359,0.288017979635509,-1.9319955052217,-1.24297814492694,-0.94938730361285
696,7953,"s2","m1",-0.0105125387237804,0.286795289430827,-2.44508385869585,-1.69732387997966,-0.244193608204267
697,7966,"s2","m1",0.0603938318170821,0.25761843911345,-2.05337082142549,-1.63131995772048,-0.619396982824541
698,7971,"s2","m1",0.0417003628472952,0.240052334812586,-1.80954891926604,-1.6538735228997,-0.113091688880358
699,7987,"s2","m1",0.0178436042571313,0.304682438591881,-2.02628268878236,-1.52757459912994,-0.130568511772459
700,8007,"s2","m1",-0.0315309211065598,0.201191683369867,-2.22705164564409,-1.48377214631014,0.567448251408952
701,8014,"s2","m1",-0.0449102384254963,0.24075908261411,-2.07215927069217,-1.50080596826345,0.455024324330651
702,8020,"s2","m1",-0.0878312903554534,0.306723921053698,-2.19611107741638,-1.68466850406114,0.319478315217793
703,8053,"s2","m1",-0.0103576354752121,0.294598027281791,-1.76013280794299,-1.58432616913236,0.172071933193839
704,8054,"s2","m1",0.0996992217332558,0.364243942428512,-2.11645985014151,-1.39187723620985,-1.32450086513273
705,8070,"s2","m1",0.0153602585237379,0.220037651819157,-2.04563392655937,-1.90419292137009,-0.0330011917204246
706,8097,"s2","m1",-0.0703885946245894,0.224054188750491,-2.36003540800244,-1.7659114388462,0.589361488460167
707,8139,"s2","m1",0.0516230327037651,0.346102601688449,-2.34389116470274,-1.27078299947187,-0.387430949258492
708,8140,"s2","m1",0.0103030020690498,0.289102051928755,-1.61582923262339,-1.4214247070494,0.0582222006740453
709,8148,"s2","m1",-0.0502567035743635,0.3157060732295,-2.38023934214597,-1.57198302324839,-0.138476516105766
710,8207,"s2","m1",-0.0791771505797531,0.226628072911464,-1.90615505352512,-1.61468727857494,0.466145306014795
711,8225,"s2","m1",0.04034649263419,0.257520609828653,-2.09362886507256,-1.6822005427226,-0.301539303484176
712,8244,"s2","m1",0.0196134025457694,0.241901560763188,-1.77519589372606,-1.4706173159436,-0.236997766016652
713,8256,"s2","m1",-0.0221124076925046,0.294017129746082,-1.83509130559064,-1.4062256603003,0.229004527535523
714,8291,"s2","m1",0.0028380138575568,0.288980556277146,-1.95697768460713,-1.66110276542674,0.0726518043193296
715,8301,"s2","m1",0.0433715788640646,0.354646283921325,-1.78600389441843,-1.61419225386766,-1.26053908522426
716,8327,"s2","m1",-0.0188564558487269,0.299317365167658,-1.9375512371372,-1.36061732583413,-0.0849082008841553
717,8347,"s2","m1",-0.0405315979192072,0.288704739329027,-2.33730201263891,-1.59919372326107,0.283766192092491
718,8348,"s2","m1",0.0169239402840801,0.216293411548217,-2.25108750073214,-1.54041797791269,-0.149966167585874
719,8355,"s2","m1",-0.00237952779524235,0.266954392965895,-2.15154721157731,-1.3880575886094,-0.175578360645139
720,8360,"s2","m1",-0.128906329595191,0.245332119820696,-2.14222425924886,-1.61689732843587,0.510191729549029
721,8391,"s2","m1",0.0584864690144977,0.292310035221968,-2.28402813963928,-1.40415349371001,-0.551959873584147
722,8403,"s2","m1",0.0162627725843951,0.245521623255472,-1.88826118147031,-1.59262057227524,0.339156562320205
723,8426,"s2","m1",-0.0419205495780474,0.270272553235935,-2.40323900525115,-1.71927646945496,0.382048242154318
724,8434,"s2","m1",-0.0274379932738676,0.28820875029974,-2.01756828852022,-1.6879314763031,0.0631783208266335
725,8436,"s2","m1",-0.00801547894642636,0.247523491269441,-2.1652051219458,-1.75874819260497,0.0221292917752107
726,8446,"s2","m1",0.0683412635615536,0.238639410446182,-2.14930418135625,-1.75770045608457,-0.732648738390322
727,8461,"s2","m1",-0.0848691569959057,0.25383603392188,-2.24357451829417,-1.45820494421011,0.146249477820066
728,8463,"s2","m1",-0.0300849296708404,0.246788162156603,-2.15574540898899,-1.6246437482308,0.209530548219552
729,8492,"s2","m1",-0.0518669355054632,0.291638912452556,-2.69197222113864,-1.48934378879402,0.0272162365877562
730,8493,"s2","m1",0.0086381186183346,0.31247870129456,-2.04473296331998,-1.44089753461474,-0.69521279388582
731,8510,"s2","m1",0.0326165362756032,0.283222061364301,-1.96041956475944,-1.53407361625253,-0.0780012735566784
732,8512,"s2","m1",-0.0204487750863971,0.279221604543811,-2.2247346032232,-1.62751411559015,0.0550776484710649
733,8542,"s2","m1",-0.0439381014347408,0.265245537646808,-2.07416868059349,-1.51621839777735,0.406947822026965
734,8543,"s2","m1",0.0299761149800569,0.303046771273274,-2.17318214653106,-1.36341694015406,-0.327200595126557
735,8567,"s2","m1",-0.0502312198556426,0.231527907507134,-2.02202653362905,-1.46247026222422,0.26186900005238
736,8571,"s2","m1",0.0309412824996625,0.279336805006951,-1.92738205436321,-1.39299926833349,-0.402945042757949
737,8575,"s2","m1",0.0721231354282633,0.342221049187829,-2.01898127763798,-1.56070919537047,-1.12993819912636
738,8582,"s2","m1",0.0589380721729888,0.266000957429711,-1.93501667310391,-1.40092140916521,0.19184401043928
739,8600,"s2","m1",-0.0344977307336487,0.207773645922281,-2.29879948125449,-1.74165665444941,0.0173810878683779
740,8611,"s2","m1",-0.0322551571421819,0.265967808880854,-1.94621131774747,-1.67467180829484,0.186110398230403
741,8614,"s2","m1",-0.00530590277823471,0.29319239857609,-2.4618160505167,-1.48239460676016,-0.433450959515043
742,8615,"s2","m1",-0.0244261863619152,0.225927064376257,-1.96154512644021,-1.56759704122097,0.197240567419107
743,8618,"s2","m1",0.0335654077188427,0.315733986039703,-2.06437819191351,-1.57695936641429,0.0689277577864509
744,8629,"s2","m1",-0.0867928065161568,0.22920272835795,-2.99771124504369,-1.80191662061955,0.383420438200288
745,8637,"s2","m1",-0.0730553118201469,0.280456777983314,-1.8899822888443,-1.48003319642337,0.277868531940328
746,8640,"s2","m1",-0.0484624135929222,0.220021052206579,-1.89572546800313,-1.61096394637462,0.270510630897263
747,8642,"s2","m1",-0.128779979995766,0.301921636059577,-2.0347825468403,-1.67922278549812,-0.167058471703978
748,8643,"s2","m1",0.0875800280824166,0.321616432566758,-1.45579386513008,-1.46511368134926,-0.634263601744172
749,8644,"s2","m1",-0.0480420280521228,0.28299434735628,-2.12338541673566,-1.55012900190086,0.0279100371253608
750,8657,"s2","m1",-0.0591955989423909,0.25871178420779,-2.44942537995238,-1.45886811797483,0.180816673259072
751,8661,"s2","m1",0.0211918533152206,0.274545741254965,-1.91028634659916,-1.65007124636338,-0.413468212548177
752,8667,"s2","m1",0.0136857143168181,0.32565085756173,-1.72812147394817,-1.48391123873743,-1.55268990134011
753,8683,"s2","m1",-0.0139183489099538,0.283025166511632,-1.59307716470782,-1.62093426635575,0.210594590227585
754,8689,"s2","m1",0.011976867517888,0.281901083531888,-1.91015486453413,-1.49910227781158,-0.318876874576437
755,8700,"s2","m1",-0.0169171438850726,0.302515914441242,-1.85046721159428,-1.60931930530208,-0.407624644925458
756,8703,"s2","m1",0.0137882804162831,0.307803285269745,-1.68983288446676,-1.50781276552318,-1.05146553647315
757,8724,"s2","m1",0.0440465304422678,0.280020291185649,-2.02505799160843,-1.49154840870834,-1.53380153710372
758,8726,"s2","m1",0.0293371047399056,0.259500571636916,-1.6981779173356,-1.74766239884591,-0.0766072482565657
759,8742,"s2","m1",-0.068237865827388,0.213072664863625,-2.40883257456662,-1.42537382057418,0.468647116270224
760,8743,"s2","m1",-0.0102440463772826,0.291551787110838,-2.01536658308178,-1.67657921510793,0.0846805793917317
761,8744,"s2","m1",0.0101358684831547,0.254614492797068,-2.18556893840108,-1.68443765575311,0.260290854900799
762,8747,"s2","m1",0.00977069366191925,0.343364412274928,-2.05607021397093,-1.38736043675949,-0.466581010956293
763,8762,"s2","m1",-0.0799369093867588,0.283469788011264,-1.81274840523338,-1.68056108134799,0.319353602173068
764,8773,"s2","m1",0.012730665776428,0.250706048930719,-1.86394862073974,-1.78423889027561,-0.144187838333034
765,8774,"s2","m1",0.0399946884298739,0.339122999132518,-1.77820516021832,-1.63734335181563,-0.695016233694182
766,8787,"s2","m1",0.0409888690037018,0.344514322324798,-1.78210202072621,-1.54680762469117,0.332268790230192
767,8794,"s2","m1",-0.0229821352914743,0.305624253346237,-2.11390239996508,-1.45499103814878,-0.21673475990774
768,8806,"s2","m1",-0.0030331078848382,0.249617416705423,-1.97726780902511,-1.62682486848139,-0.412218039728864
769,8821,"s2","m1",-0.032613964837927,0.198922285312279,-1.98595822025635,-1.76311809790897,-0.0639205104351058
770,8822,"s2","m1",-0.023006127757205,0.254736673316139,-2.1200815148214,-1.44626434279041,0.107132543993311
771,8832,"s2","m1",0.0256668809834449,0.274799304032907,-1.77848729956999,-1.50933771001394,-0.0142533522967149
772,8842,"s2","m1",-0.0931280505480499,0.263444977213083,-1.93471558680328,-1.66681364321291,0.49576479490965
773,8860,"s2","m1",0.00384374843302234,0.254370403596167,-2.00660514190986,-1.71735273372724,0.148664175792797
774,8889,"s2","m1",-0.0311324066486654,0.250775285587718,-1.90992438299281,-1.69947061160222,0.254778596509705
775,8890,"s2","m1",0.0627618255432815,0.329424639568402,-1.92026606579169,-1.46310645896577,-0.733199253695462
776,8891,"s2","m1",0.0460268677677267,0.319319249330145,-2.38414442872512,-1.56237623500813,-1.18203810966961
777,8900,"s2","m1",-0.0115139616467637,0.308858063794709,-2.39431695310017,-1.65043782504371,-0.13046611146641
778,8901,"s2","m1",0.0456036009263754,0.324232144717418,-1.99892011830708,-1.25551711272586,-0.833524367708392
779,8903,"s2","m1",-0.00875884982008708,0.217209797616092,-2.06283799716963,-1.65564152522032,0.0158543024456948
780,8906,"s2","m1",-0.0175352741391961,0.26726513352167,-2.42228422161199,-1.67231465161947,0.269347446027946
781,8907,"s2","m1",-0.034128916304477,0.281632974036116,-1.8781151218378,-1.70190560567361,0.174190821313426
782,8923,"s2","m1",-0.0670739612356805,0.301128134765727,-2.12731824774751,-1.52703153055936,-0.497948861529103
783,8932,"s2","m1",-0.0236989731285169,0.231608085965275,-2.09661326666853,-1.59568307040136,0.28711613525772
784,8945,"s2","m1",-0.0295834988426188,0.295487089857394,-2.01993483851315,-1.37036709258681,0.212073384688506
785,8953,"s2","m1",0.00371795733627207,0.256112217240634,-2.08941734725259,-1.570851547833,0.0464541574875716
786,8972,"s2","m1",-0.0642977963918069,0.259529589540505,-1.93933185158649,-1.53930642101718,0.507042647749951
787,8994,"s2","m1",0.00165877608135311,0.258868666286878,-2.02734930525699,-1.59676923544086,0.219444700004196
788,9018,"s2","m1",-0.0279106496904066,0.267027666148978,-2.06907324048402,-1.61655940729099,-0.293168217622028
789,9065,"s2","m1",-0.0623672807297471,0.228988052341386,-1.85599663311725,-1.8776934813474,-0.0297200025789576
790,9082,"s2","m1",0.0649169599430447,0.254827871859964,-2.10027871738315,-1.48213506821801,-0.0626220891072288
791,9106,"s2","m1",-0.152178730674524,0.255878574169768,-2.25215357071356,-1.63646400136399,0.768816067456716
792,9109,"s2","m1",0.0565526468295318,0.270538031352462,-1.88042656831503,-1.40359104333613,-0.378365241069613
793,9120,"s2","m1",0.00388510141699649,0.221536961442963,-2.32242146462131,-1.57655216720334,0.192374443733961
794,9121,"s2","m1",-0.0599905722892575,0.219682520226249,-2.48910895023297,-1.60200299510019,0.459331797510382
795,9130,"s2","m1",0.0078246577745422,0.366523634118317,-2.16170182436817,-1.69021597049272,-0.15787748296635
796,9144,"s2","m1",-0.0610748847709151,0.136619975166603,-2.55359295589577,-1.5578668329404,0.87482622998727
797,9158,"s2","m1",-0.097188868538781,0.17089118408877,-2.02792969700774,-1.71288552687554,0.241402462421674
798,9165,"s2","m1",-0.10403374771257,0.226391146192734,-2.11838193659801,-1.9207941332904,0.510954751551297
799,9166,"s2","m1",-0.046539027924822,0.263655776279608,-2.11868128695385,-1.61562351867434,0.61107485271792
800,9170,"s2","m1",0.0248543733685237,0.330655772110685,-1.55976748239533,-1.6792605855747,-0.172934518266187
801,9179,"s2","m1",0.0352874993663559,0.413643496197131,-1.84265749555852,-1.67971406372375,-1.11075775738064
802,9206,"s2","m1",-0.0617307956969782,0.312049402993803,-1.99677853779779,-1.46839975331146,0.333198832457758
803,9224,"s2","m1",0.0959509093469389,0.295657943953894,-2.24103934260835,-1.41567252605437,-1.77190518835061
804,9230,"s2","m1",0.0126226444684757,0.280566370476294,-2.22298144677396,-1.54474638264955,0.349662055784962
805,9237,"s2","m1",0.0195030027971455,0.29657368206205,-1.90524490155328,-1.84683571404674,0.0814096028839082
806,9238,"s2","m1",-0.0379645123144434,0.306869024026418,-1.8325513769354,-1.58661786366757,-0.512434249029436
807,9244,"s2","m1",-0.0999764012703521,0.213391666371447,-1.80680806227278,-1.81473492726195,0.454413354780924
808,9249,"s2","m1",0.0463902914183889,0.299793220998804,-2.35252861566984,-1.46089267549533,-0.494382093620077
809,9253,"s2","m1",-0.0197325324520469,0.244195367518554,-2.30214712718123,-1.62244684752683,-0.37154850916081
810,9266,"s2","m1",0.0235863427470834,0.207009645514325,-1.86478521062857,-1.38614871917656,-0.1377381382692
811,9275,"s2","m1",0.0717949847988383,0.349156812481067,-1.83183270374732,-1.38579590299914,-0.808831637877626
812,9304,"s2","m1",0.0192168693117076,0.32610201245078,-2.07700171636922,-1.3831779149042,0.0107524883855735
813,9315,"s2","m1",-0.0702121441646032,0.303439450442321,-1.66565628915583,-1.67546786858721,0.424152305855925
814,9327,"s2","m1",-0.107825935427216,0.26964511749708,-2.09233570596538,-1.55816024416154,0.360929068690012
815,9330,"s2","m1",-0.0754402197785227,0.248319058885817,-2.53557493013596,-1.47127980962605,0.0878667368701415
816,9331,"s2","m1",-0.0407752123698863,0.263537641481022,-2.2712686229758,-1.66783811183611,0.603863699092799
817,9355,"s2","m1",0.0169426424323297,0.317092523415233,-1.83325685109617,-1.45846057432396,-0.6465502732728
818,9365,"s2","m1",0.0675529175692622,0.353702630374558,-1.62328658270208,-1.5463087702588,-0.367186615843011
819,9367,"s2","m1",0.00313782732780357,0.301385630727415,-1.99380066348793,-1.49376647310314,-0.657828073464234
820,9371,"s2","m1",0.0349865118975816,0.396845043600867,-2.01228183406956,-1.37203169204007,-0.453930888779809
821,9380,"s2","m1",0.0364038525107236,0.29290016785476,-2.06253706358102,-1.38033484246112,-0.281992059864867
822,9387,"s2","m1",0.0174988397628517,0.281783207212874,-2.02256806087691,-1.68467692294179,-0.0745960858909528
823,9416,"s2","m1",0.10047900902421,0.3566658997405,-1.89942000049843,-1.33337672510203,-0.395936401722921
824,9428,"s2","m1",-0.0781711957433402,0.290771913463543,-2.17154760099237,-1.28736985887485,0.357373975899088
825,9439,"s2","m1",0.0043768666391859,0.283680823736053,-1.91404876895295,-1.47616219995641,-0.169398936908567
826,9453,"s2","m1",-0.106481342828867,0.230565171590237,-2.27718588368006,-1.58055625113457,0.476010577312713
827,9475,"s2","m1",0.0806462294271592,0.299339512439162,-2.15668525842349,-1.68676543426842,-0.79446177278214
828,9492,"s2","m1",-0.0743455982923942,0.232724591983637,-2.21749241218906,-1.84304205351186,0.468148133585842
829,9497,"s2","m1",-0.0435522656535195,0.31905902643567,-1.80268649926487,-1.5284281350084,-0.0717887563205424
830,9502,"s2","m1",0.0238371887046158,0.336206262651301,-2.18048875308025,-1.73547271611284,-0.40534498725777
831,9519,"s2","m1",-0.10221783939585,0.225465173043682,-1.93401860510654,-1.91112107051017,0.382747646414272
832,9533,"s2","m1",0.0376538605512494,0.317954790281149,-2.17809309540864,-1.52946747556553,-0.480303931997043
833,9585,"s2","m1",0.00678066981347984,0.313456845484299,-2.27993212400247,-1.39555927946751,0.253590010972155
834,9594,"s2","m1",-0.0426856624304577,0.26984965117893,-2.19365754935314,-1.43862986071257,0.300298470982799
835,9601,"s2","m1",0.00606824691683603,0.37442143185881,-2.43115091333006,-1.36293530493271,-0.354932994644789
836,9624,"s2","m1",-0.0725773431969456,0.251461889848767,-2.28996570182895,-1.44585922658033,-0.0463029266184024
837,9634,"s2","m1",-0.00418066921383867,0.264266021843122,-2.26185905685536,-1.58786067546946,-0.167921160036853
838,9636,"s2","m1",-0.0083080010594857,0.296395186687576,-2.19266532813353,-1.65546348183751,0.00459408154366572
839,9637,"s2","m1",-0.00488762622669021,0.309531341622186,-1.9375750829383,-1.46468780864708,-0.287797323135476
840,9640,"s2","m1",0.113419689637003,0.288075284423394,-1.83492173633442,-1.39971519172603,-2.14766989557515
841,9653,"s2","m1",-0.01295982172192,0.214219981350622,-2.39729985601259,-1.57298165013908,-0.0732123042659173
842,9677,"s2","m1",0.00265782045454502,0.260527552819764,-1.80410972477339,-1.36222750418494,-0.259531253610295
843,9705,"s2","m1",0.0707169284178907,0.323886653249882,-1.95866073550424,-1.39705962223947,-0.67709305338108
844,9709,"s2","m1",0.122073282346527,0.279613842821837,-2.00299334967333,-1.24875898608652,-0.461231492007396
845,9713,"s2","m1",-0.0229300818541917,0.258628507344213,-2.05482594251293,-1.37484051286074,0.256071427962482
846,9731,"s2","m1",-0.00247786459761504,0.263760161441454,-2.11327231670688,-1.47632821356032,0.383663417456914
847,9741,"s2","m1",-0.00667797356333908,0.265363681507175,-2.29713285483368,-1.58635927408897,0.272918719902527
848,9757,"s2","m1",-0.0488971382685499,0.284109784778042,-2.12463898116106,-1.52786446185172,-0.180583276946225
849,9758,"s2","m1",-0.105528947937941,0.268473302742933,-1.95829461213176,-1.7807387648299,0.779743955931416
850,9760,"s2","m1",-0.032010058420668,0.294613367923526,-2.09254710816295,-1.43448345431028,0.072904665848256
851,9761,"s2","m1",0.0530773757699435,0.260707615245256,-1.95357266800649,-1.52258903540884,-0.238675641776401
852,9762,"s2","m1",0.0736717227938391,0.255128991168964,-1.98689543778513,-1.74566837747011,-0.753878010039829
853,9766,"s2","m1",0.0697463559354087,0.264008720471552,-2.15609022723646,-1.52400890360361,-0.630775500617907
854,9780,"s2","m1",-0.0673471913467832,0.210663951827903,-2.08352331447803,-1.31447692676223,0.457533255746387
855,9797,"s2","m1",0.0617930184626021,0.292824750186412,-2.25315201223286,-1.86629870808821,0.0267016721200169
856,9801,"s2","m1",-0.0288073660280448,0.339187123771853,-2.23158964431015,-1.33371888797849,0.188811483150086
857,9814,"s2","m1",0.0392644609263889,0.369202177344718,-1.69787475409079,-1.40887973131265,-0.625588523064919
858,9815,"s2","m1",-0.0593852394039166,0.200469674484813,-2.42917867858899,-2.02800173050213,0.162417624409696
859,9825,"s2","m1",-0.0614442188794512,0.172211073545716,-1.76255095170385,-1.49117129906587,1.03871118510142
860,9851,"s2","m1",-0.0487865295795714,0.226490608193121,-2.12766709221155,-1.90031825398241,0.127350752192203
861,9871,"s2","m1",0.108656804171681,0.308450110066128,-1.9925953924594,-1.33324446221548,-1.10718132320205
862,9877,"s2","m1",0.00188151020952874,0.285730508740894,-2.07349758486244,-1.60991454145986,-0.270220455583951
863,9884,"s2","m1",-0.0185754803622473,0.264549217452111,-2.0445085177697,-1.69672982322888,0.00759888547980536
864,9886,"s2","m1",0.00135929140829983,0.238875813242486,-2.25926945399578,-1.88999706114114,-0.525267971044912
865,9918,"s2","m1",-0.0187926199725702,0.281529513044751,-2.10214402331042,-1.13927569975161,-0.244925052137331
866,9940,"s2","m1",-0.0231073709809006,0.30653985581831,-2.0544775161149,-1.40409534311437,0.508819192824244
867,9945,"s2","m1",-0.0392826077332646,0.270903949647978,-2.27998598917167,-1.41944857894527,0.0036841072065362
868,9978,"s2","m1",-0.0101258915291511,0.306195441275847,-2.00136397801656,-1.6356891803662,-0.00697263606733739
869,9986,"s2","m1",-0.0354330145317139,0.316645552317149,-2.37412959418499,-1.44853649911798,0.241206427898306
870,9994,"s2","m1",-0.0536256954724152,0.257540883714321,-2.3665878516551,-1.62015607195827,-0.191913760061398
871,10010,"s2","m1",0.0646504544262861,0.236761274634079,-1.90286051567295,-1.53685557343253,-0.728127173948455
872,10011,"s2","m1",0.0352841185890397,0.278843568926716,-2.36608522970412,-1.36538687955505,-0.510831341440417
873,10013,"s2","m1",-0.00121618249395374,0.297711924531611,-1.57588253161696,-1.46499499475528,-0.133994073184106
874,10031,"s2","m1",0.0834057421347846,0.360529032055708,-1.72087978396528,-1.38222121788516,-0.468370171308627
875,10062,"s2","m1",0.0305798596482686,0.253290788854674,-2.04850170663029,-1.36587854171233,0.127605477651218
876,10093,"s2","m1",-0.102547161714194,0.226098083133935,-1.92803689644573,-1.7591057167859,0.0123714755789596
877,10113,"s2","m1",0.0469202985365477,0.329255540846685,-2.54407968307837,-1.34984282150802,-1.69281363859017
878,10122,"s2","m1",0.0719979865764094,0.275215444078192,-1.8890976200903,-1.46795288738758,-0.375630496507
879,10125,"s2","m1",0.0961124832865878,0.388881543507687,-1.80891982765061,-1.446225268825,-1.26092124744086
880,10126,"s2","m1",0.0309962797296382,0.23577204033569,-1.95546306524024,-1.68665960598979,-0.910097890169224
881,10127,"s2","m1",0.0238246258845803,0.240063788955467,-1.90912783615732,-1.52073152475723,-0.00297646174337987
882,10163,"s2","m1",-0.00326460651585356,0.331564568660705,-2.45988719980965,-1.65778132880613,-0.606014012123399
883,10172,"s2","m1",-0.0495450799373944,0.290576402928086,-2.23779662001998,-1.72579751036955,0.281229510724167
884,10176,"s2","m1",-0.0146843209626525,0.213956461109455,-2.56316323868703,-1.64737072426761,0.531805940723375
885,10177,"s2","m1",0.00254029193963744,0.213481270889057,-2.01056738395812,-1.8209173434072,0.00341218493929037
886,10194,"s2","m1",-0.0224427313594136,0.294071070647731,-2.00942571988935,-1.42856409271434,0.0692483659096424
887,10197,"s2","m1",0.0899028719970893,0.328455461509484,-1.96048602856018,-1.45358211955032,-1.70072787917142
888,10209,"s2","m1",0.0631210284258409,0.196525043679773,-2.04286792018102,-1.45718570919335,-0.38347894069534
889,10210,"s2","m1",0.0267173344904161,0.300325314795654,-1.49372716611239,-1.84446610810838,-0.170276578781867
890,10219,"s2","m1",-0.00789151045338352,0.222864273277048,-2.10066283901736,-1.80753233099655,-0.134271965039441
891,10220,"s2","m1",0.0403887613092761,0.217021198686685,-1.91747989221401,-1.74507349992011,-0.288373610718357
892,10230,"s2","m1",-0.0860024680755128,0.281764808758535,-2.08235943754574,-1.58663542540818,0.308998507609864
893,10249,"s2","m1",-0.078999412312665,0.249331119141369,-2.16884564376582,-1.77491466444902,0.243497680581616
894,10253,"s2","m1",-0.0458644967148927,0.248519146310959,-2.23566544436049,-1.5449591498243,-0.0689893127708666
895,10260,"s2","m1",0.0209547652235065,0.292296097900022,-2.23099818257219,-1.59191078073569,-0.0443255482488719
896,10264,"s2","m1",-0.00304159606858945,0.324900814662972,-1.88449292025486,-1.67166587566072,-0.131109997392968
897,10275,"s2","m1",0.0706762871607989,0.339819588720412,-1.89547963410986,-1.33048302277919,-0.454952267932784
898,10280,"s2","m1",-0.00839673198872602,0.249222155105455,-2.09506036500167,-1.63877323969266,-0.13951017582872
899,10349,"s2","m1",0.0081447989226191,0.240836381572951,-2.10586720323191,-1.56882415244293,-0.303360733787804
900,10377,"s2","m1",-0.0700583646132095,0.270177862339146,-2.1368551598906,-1.66585468954577,0.282875436163798
901,10381,"s2","m1",0.010064748472757,0.296255146675892,-1.98743475853668,-1.45030944639436,0.0617267280391829
902,10393,"s2","m1",0.0896699796477029,0.37625688236808,-1.89283506329396,-1.71459751149196,-1.1804288560782
903,10443,"s2","m1",-0.0478626600222986,0.292321429030189,-2.13830990313416,-1.31542156627479,0.297646999771404
904,10445,"s2","m1",0.0271795877359663,0.305796643719151,-1.95969948973352,-1.52954582027127,-0.174298169537337
905,10451,"s2","m1",0.0559390764234048,0.332872854227495,-1.59316084360487,-1.48387858598615,-0.589184579676454
906,10463,"s2","m1",-0.0327584114743552,0.277124868980493,-1.95109604674616,-1.61463724501402,0.239886261603883
907,10484,"s2","m1",-0.0637878575446268,0.298561397147446,-1.99474012879124,-1.50257554018964,-0.241386332938318
908,10502,"s2","m1",-0.0888292944459974,0.254932183114071,-2.10833863332128,-1.57520195689449,0.135741742737245
909,10504,"s2","m1",-0.0517454242810197,0.274005907454613,-2.28856582628984,-1.64791811212456,-0.167213069519608
910,10527,"s2","m1",-0.0470185950310922,0.264576053016849,-2.10152342654172,-1.64806487021754,0.764567602894558
911,10562,"s2","m1",-0.0335509555826502,0.252690355047933,-2.08195461991296,-1.52972682952663,0.140665280536735
912,10605,"s2","m1",-0.0253665510278321,0.327510068992157,-1.99333032706227,-1.66626496432398,0.353184552767521
913,10606,"s2","m1",-0.0380334315806234,0.317325717379384,-1.98103125601604,-1.63191717039978,0.093395818382821
914,10633,"s2","m1",-0.0503994781860196,0.195870543346603,-1.99246069643875,-1.83999583687156,0.126865519369874
915,10653,"s2","m1",-0.0173684127217096,0.246222405853434,-1.8095258290561,-1.47008815058089,0.351445167251798
916,10683,"s2","m1",0.0473187276972832,0.402403962449886,-1.92403448277172,-1.16379120835671,-1.28317072178385
917,10701,"s2","m1",0.0198857845954828,0.302203983087818,-2.37800710628093,-1.59744509576152,-0.0581068823584424
918,10714,"s2","m1",0.0770557788436805,0.410841846264073,-1.80931827240436,-1.59177099555522,-1.18219211930722
919,10721,"s2","m1",-0.0428973226322017,0.320342746559999,-1.86426816526624,-1.54917523868204,-0.0224323085105053
920,10732,"s2","m1",-0.0999428909970978,0.290790967521423,-2.23825651251168,-1.61102964160701,0.286988313512686
921,10741,"s2","m1",-0.0524984388571499,0.2688637035501,-2.24629252706528,-1.74811864390634,-0.326816196999206
922,10743,"s2","m1",-0.0705476731738673,0.289009483790703,-2.57440615947344,-1.75978516271524,-0.20539457033887
923,10745,"s2","m1",-0.0264052699497057,0.323813387160795,-2.21986392651383,-1.17640578513489,0.383288647139696
924,10757,"s2","m1",0.0127130161007682,0.298855419910547,-2.07785277038738,-1.31837042451334,-0.555343053230617
925,10811,"s2","m1",0.0830481560517054,0.302016575621977,-1.87354885764554,-1.45610761431491,-1.6666372583332
926,10812,"s2","m1",0.0302867529620593,0.273864008873639,-1.78039301113966,-1.44389336818791,0.265356622586097
927,10848,"s2","m1",0.0584576176875828,0.296779906203914,-1.87755471327368,-1.45167691205244,0.315483597960785
928,10853,"s2","m1",-0.0765520265357098,0.255325349024387,-2.65111875811739,-1.86526452088417,0.237037769312108
929,10869,"s2","m1",0.0131076860616872,0.261030985385678,-2.15242716544477,-1.75129381705636,-0.758048846167572
930,10875,"s2","m1",-0.12961470525091,0.227446067907934,-1.9785879646783,-1.77796514941891,0.929142637901417
931,10894,"s2","m1",0.00925533596797638,0.275607354429552,-2.03756848038743,-1.81573670316977,-0.0836593693102389
932,10900,"s2","m1",0.000859030899536243,0.310036481003584,-1.86777427022766,-1.83472458094915,-0.665374479179295
933,10915,"s2","m1",-0.0396809881619587,0.220030732987933,-2.23931769842759,-1.63136831856422,-0.179764209672976
934,10920,"s2","m1",0.0435448081110607,0.30256014912879,-1.6398724273039,-1.44833383446988,-0.149980571798493
935,10926,"s2","m1",0.0154594968590938,0.239762410075342,-2.15547685875736,-1.65276079932222,-0.276468108834025
936,10944,"s2","m1",0.0344841388801564,0.272893336314288,-2.07400926685639,-1.50678174665786,-0.0662075530377942
937,10947,"s2","m1",-0.0548718215519539,0.297594863290614,-1.86968977052631,-1.48929337186917,-0.540781116536561
938,10951,"s2","m1",0.012206004201753,0.250236212860986,-2.26573879301843,-1.88952812906502,-0.655289882582768
939,10953,"s2","m1",0.00288626184986198,0.3330782669572,-2.42288647034673,-1.55605351357738,-0.456558158597682
940,10960,"s2","m1",-0.0148417454766037,0.298551507195422,-1.81486156193845,-1.66304688136159,0.155718816010258
941,10978,"s2","m1",-0.0331261893723513,0.324916068574304,-2.07013664774864,-1.59303680828426,-0.372298904806852
942,11008,"s2","m1",-0.00958697090047095,0.359575187568732,-2.27816437417692,-1.42816664107699,-0.351455635518217
943,11015,"s2","m1",0.0185325643502545,0.307331918418061,-1.98536349354396,-1.4426720620216,-0.624963208471437
944,11017,"s2","m1",0.0636360237354044,0.356493222896785,-1.76726450123364,-1.58955067703273,-0.818743370358776
945,11018,"s2","m1",-0.069609875220533,0.274385810758237,-2.07400514621572,-1.6213080263768,-0.268944143532409
946,11020,"s2","m1",-0.0192275894505343,0.313977108186883,-1.98299854371998,-1.55307546452951,0.150552806766026
947,11037,"s2","m1",-0.0515842708233091,0.207708326718725,-2.47244405105295,-1.41188291517131,0.952179094759805
948,11038,"s2","m1",-0.134966435300555,0.206332032003064,-2.1374817666696,-1.48998559206025,0.899695461562424
949,11043,"s2","m1",0.078573331698201,0.320907100499317,-2.09463475298205,-1.34203272678087,-1.25549531871592
950,11068,"s2","m1",0.0412092639923646,0.310347984421129,-1.84757118704208,-1.31609329377831,-0.220097601357474
951,11070,"s2","m1",-0.0637283491359048,0.284960978939185,-1.95582675552535,-1.36177534690229,0.0842322729366544
952,11091,"s2","m1",0.000991007132869825,0.27089716702242,-2.02116954750672,-1.70289232497203,-0.729541506904802
953,11108,"s2","m1",0.0212124154959503,0.324846056797991,-1.76361568814017,-1.41717335938576,-0.0994147325093586
954,11112,"s2","m1",0.00513081440976009,0.377357262848147,-2.12324417134475,-1.75225068562681,-1.0386720310168
955,11126,"s2","m1",-0.0261553052644741,0.229154250835393,-1.95568481272676,-1.58067334258014,0.43489434834053
956,11129,"s2","m1",0.0408371659180773,0.30905133464207,-2.01041168658311,-1.5524863665978,-0.609180720582478
957,11136,"s2","m1",-0.03465526459384,0.239891855371265,-2.23373778789903,-1.52884158483481,0.0447507839308915
958,11137,"s2","m1",0.0614781414760502,0.331256771134226,-1.78932958536494,-1.52390366415012,-1.44561161638646
959,11151,"s2","m1",-0.0302515151032201,0.276663773027051,-1.94995391580322,-1.57950674955814,-0.325305890973108
960,11169,"s2","m1",0.00283803650225454,0.216118716362042,-2.31701154758906,-1.61073053772068,-0.163969288001925
961,11199,"s2","m1",0.0594701428472801,0.278317648363051,-2.05960736491586,-1.43743361336028,-0.392156155076596
962,11202,"s2","m1",0.0350766137559184,0.319528658071822,-2.166400638016,-1.55872120836737,-1.15084826704439
963,11207,"s2","m1",-0.0156599749157328,0.266190350198651,-2.4808622913531,-1.77854774118017,0.176820721027619
964,11212,"s2","m1",-0.070792369335163,0.287215941891702,-1.96746311198143,-1.3345264232397,0.660663816366553
965,11222,"s2","m1",-0.0490966197744204,0.229375286404528,-1.89771170909249,-1.65972256159221,0.180378562798323
966,11223,"s2","m1",-0.00817611065760599,0.30221246725671,-1.93127079343782,-1.48275326666334,0.0189434243954421
967,11232,"s2","m1",0.0382573232501515,0.307921054091372,-1.85061789843386,-1.66747588825973,0.149312825198355
968,11239,"s2","m1",0.0407806097328842,0.286461131744151,-2.13050802203519,-1.3448810576599,-0.124338273949073
969,11245,"s2","m1",-0.0846571147020648,0.182291129429137,-2.01171941279868,-1.86939828633852,0.922224293323903
970,11251,"s2","m1",-0.0283341322838807,0.30856547018351,-1.89862263444605,-1.74055040509795,-0.635635509462243
971,11259,"s2","m1",0.0329647296099369,0.308914199526413,-1.8492515243106,-1.69332362561529,-0.0345040842832308
972,11282,"s2","m1",-0.103740592138125,0.245222791928929,-2.48877667995667,-1.3143495387207,0.317680298718325
973,11298,"s2","m1",-0.0573652173107551,0.236579147834274,-2.03757079121426,-1.53196026574462,0.17944315235645
974,11316,"s2","m1",-0.0406435678520806,0.244820662166523,-2.09738839846238,-1.42486801850432,0.325675336894252
975,11324,"s2","m1",0.047648848731105,0.298367249724633,-2.09678533900072,-1.53218568496359,-0.553017307524368
976,11329,"s2","m1",-0.00729446032706693,0.183381797813282,-2.57446198480012,-1.59246788798557,0.156763177467274
977,11352,"s2","m1",-0.0463826080951263,0.301652656804625,-2.12421578119971,-1.67987902053195,-0.442641844974089
978,11353,"s2","m1",6.1209601475664e-05,0.270336859280399,-2.25928752220701,-1.47110707589642,0.00612262031515229
979,11354,"s2","m1",0.0334368074254845,0.260814531308713,-2.33501974643012,-1.52650561316753,-0.324731896555296
980,11361,"s2","m1",0.0305444331683205,0.324058402035684,-2.05250103062101,-1.27247209865755,-0.788094823454033
981,11386,"s2","m1",-0.0271668802785088,0.292007425500595,-1.9719351854455,-1.49456537013992,-0.18964121344872
982,11411,"s2","m1",0.0269493230722357,0.252498598168931,-1.9851357946406,-1.67341584040733,-0.0444452739951673
983,11424,"s2","m1",-0.0260870043990747,0.315479339744341,-2.02700301267998,-1.41021481276092,-0.285371097854248
984,11453,"s2","m1",0.063948472520708,0.323746582335861,-1.79738809406139,-1.60862694326875,-0.315012359222911
985,11459,"s2","m1",-0.00647826065083945,0.328005601706875,-1.8403908151776,-1.52162969059936,0.00342740995170397
986,11460,"s2","m1",-0.00308772285479563,0.268661175399038,-2.49907800564319,-1.43642021646245,-0.00533228631955962
987,11471,"s2","m1",-0.0418716128178171,0.302641983864337,-1.83438744522497,-1.62439511456597,0.374597653331409
988,11475,"s2","m1",-0.0254745970647652,0.251474476813006,-2.66438440498593,-1.43228320180939,0.443004349922469
989,11488,"s2","m1",0.0163408173381012,0.273336980790302,-1.71046846180684,-1.54291190927841,0.245917549613202
990,11491,"s2","m1",0.0164386677859444,0.31405241629152,-1.87085293409074,-1.4230224610044,-0.0173506982105372
991,11497,"s2","m1",-0.0570807818611271,0.230252555089251,-1.95129152805539,-1.49944938171044,0.453209840933304
992,11503,"s2","m1",-0.0244455587290592,0.250457182435263,-2.06108898995009,-1.48716372660253,-0.135892850544027
993,11507,"s2","m1",-0.0790989194306307,0.219507864706535,-2.50429324599116,-1.73830149978506,0.326017503943519
994,11518,"s2","m1",-0.0893216594236893,0.309302069654707,-2.15467564745042,-1.63168410397115,0.22629841305429
995,11528,"s2","m1",-0.00465539596160224,0.286547727837164,-2.00890438001263,-1.47358984555001,-0.0228124758807309
996,11539,"s2","m1",-0.0374846465380118,0.189230025673849,-1.91867894754588,-1.56981900395313,-0.0297513528732635
997,11558,"s2","m1",0.112069068584522,0.340660948515768,-1.83660253911483,-1.20060567375373,-1.23988870710375
998,11559,"s2","m1",0.039458950772528,0.278956480085888,-1.99338335203906,-1.54515088086943,-0.230689658821414
999,11571,"s2","m1",-0.0357600155517245,0.255177942636769,-2.08343875365009,-1.67319113689442,0.137257118901083
1000,11593,"s2","m1",-0.00486286200375373,0.247389917059236,-2.4104225557845,-2.13913815409021,-0.0146263765417595
1001,11594,"s2","m1",0.0330784023927238,0.255864253382469,-2.17956525500393,-1.48331757136785,-0.66776530967812
1002,11608,"s2","m1",0.0157614559878607,0.210413481819353,-1.83133510220196,-1.48066694584457,0.397679870886137
1003,11612,"s2","m1",-0.073978608218825,0.291823055174949,-2.12795108261447,-1.70851595154932,-0.28769706213919
1004,11622,"s2","m1",-0.0835902167923816,0.255417047450271,-2.00341568783407,-1.64163048604471,0.385551835487423
1005,11628,"s2","m1",-0.0100656569869675,0.275073164131039,-1.88642980071184,-1.79676936357399,-0.297252773075166
1006,11642,"s2","m1",-0.0391335870057649,0.30605201227816,-2.15888930094629,-1.35237705824718,-0.402778068942725
1007,11659,"s2","m1",-0.150401137972132,0.308686831837869,-2.15582759156161,-1.49271434926742,-0.11421486725708
1008,11678,"s2","m1",0.0823659927867035,0.315342960267175,-1.8700504075888,-1.75262305063925,-0.202282123407323
1009,11686,"s2","m1",-0.0923376831821829,0.16452997829084,-2.40458165506025,-1.83323084758944,0.779056308648649
1010,11711,"s2","m1",0.0346252444235275,0.2839478616678,-1.94043001041155,-1.32499030592254,-0.0990259954353699
1011,11734,"s2","m1",-0.0258148391365359,0.293013064403443,-2.31291973579526,-1.72745674412083,-0.225853109767613
1012,11737,"s2","m1",0.0565043041086332,0.251815521385318,-1.85171471608795,-1.60569366403917,-0.18489603044842
1013,11763,"s2","m1",0.0116525845280532,0.244623923712206,-2.14510750704806,-1.30524512246064,0.270416340528748
1014,11774,"s2","m1",-0.016173841097142,0.238144310224985,-2.01837213950755,-1.54830332929901,-0.475417202610216
1015,11779,"s2","m1",-0.00909937843491992,0.267662652298728,-1.87596020482387,-1.71051683639228,-0.602360567427686
1016,11790,"s2","m1",-0.0456097302193231,0.220258792023926,-2.07964957640045,-1.84328929058412,0.0476759544392295
1017,11814,"s2","m1",-0.046404579269861,0.215681494280029,-2.44026601284119,-1.6685787733197,0.348218973862434
1018,11817,"s2","m1",-0.0820710507337978,0.247252467215972,-1.94006127020116,-1.54521018238864,0.468239905863667
1019,11879,"s2","m1",0.0678083867916619,0.219200627355691,-1.86972854401012,-1.47228963210517,0.04868118686139
1020,11893,"s2","m1",0.0576474777996368,0.278997570710418,-2.07743787543066,-1.58536233217436,-0.884966173791105
1021,11896,"s2","m1",0.0218801988903084,0.329851591151453,-2.1777472694904,-1.55977530110761,-0.650293419281116
1022,11904,"s2","m1",-0.113251438646893,0.223143632305175,-1.97342051862135,-1.7386824935501,0.57033296439572
1023,11931,"s2","m1",0.0549526357507807,0.271589327594479,-1.76207726644886,-1.50700132479666,-0.450335999329589
1024,11946,"s2","m1",0.000417447195819716,0.31153068913982,-2.00092297900131,-1.61419820172473,-0.00790030797463241
1025,11956,"s2","m1",-0.11357711598249,0.307724394301206,-2.87254745569844,-1.39410692912464,0.307065703474942
1026,12029,"s2","m1",0.0258766389134038,0.300830770119888,-2.1550713662877,-1.50432267876061,-0.710636417077152
1027,12040,"s2","m1",-0.0297295025751495,0.265099731386132,-2.00136062908806,-1.63997253255983,-0.0673684280869128
1028,12047,"s2","m1",-0.0816833780116352,0.268100289776984,-2.16448072593961,-1.29531875689476,0.611955664668008
1029,12059,"s2","m1",0.0408239775630318,0.288402787742019,-2.02719174775119,-1.35215848625147,-0.276661749783271
1030,12113,"s2","m1",-0.041062162106846,0.332383128848176,-2.02328705581228,-1.8398405006911,-0.46249398236526
1031,12121,"s2","m1",-0.019152355597788,0.23097922579875,-2.34085752267542,-1.576769569432,-0.110467587764035
1032,12122,"s2","m1",0.0296535354560501,0.32495926063996,-1.64902647596984,-1.54813217460985,-0.0893730588672964
1033,12131,"s2","m1",0.0398067928621982,0.31339017697962,-1.78258816653257,-1.1785550442872,-0.300680361632004
1034,12133,"s2","m1",-0.0403907967092363,0.258096275496404,-2.18901344458201,-1.40910019415676,0.355759721881441
1035,12134,"s2","m1",0.0372250152234821,0.280200085385213,-2.1550970432908,-1.66930014820705,-0.80298058089651
1036,12152,"s2","m1",0.0699103917710553,0.244059612942647,-1.93601656043249,-1.4731748025354,-0.247456556093249
1037,12154,"s2","m1",0.0718639516666503,0.350674261227964,-2.04772669167055,-1.45609597938954,-1.13978942937901
1038,12159,"s2","m1",-0.0481602437451689,0.287861305792427,-2.08026979717092,-1.66177199483964,0.265384079537326
1039,12162,"s2","m1",-0.0287965987532855,0.263558699299962,-2.34838720695079,-1.50098153047299,-0.282310462626892
1040,12174,"s2","m1",0.144245531579324,0.328250613427477,-1.84909143482435,-1.4129246668493,-2.21947004784647
1041,12204,"s2","m1",0.0697984477458434,0.308633402181362,-2.18363831791825,-1.53619647494824,-0.916075240356374
1042,12242,"s2","m1",0.0294337419281515,0.314308602556339,-2.05340013722296,-1.52766344432833,-0.597682917363938
1043,12246,"s2","m1",0.0118356265644853,0.224495974554248,-2.38820522170968,-1.62888993000806,-0.024273498263546
1044,12266,"s2","m1",-0.125577496285226,0.21370311656578,-2.59789353281611,-1.68957939646342,0.749697492416921
1045,12267,"s2","m1",-0.0679075841693273,0.246395532164531,-2.35942169129001,-1.55035329645684,0.404400765632776
1046,12271,"s2","m1",0.00469870720221783,0.313345307876586,-2.07999151557063,-1.75295702330302,-0.0176879431935962
1047,12274,"s2","m1",-0.0944639568554924,0.247509327773222,-2.15443105650113,-1.62310784387362,0.0472080471883312
1048,12293,"s2","m1",0.0609355489447956,0.328097552978412,-2.05313144675637,-1.65658911641634,-0.963800098409744
1049,12302,"s2","m1",-0.01507504988978,0.291912010966745,-2.5329022378217,-1.46817299659367,-0.158400927542931
1050,12306,"s2","m1",0.0139448936169946,0.2436582628026,-2.34739716310694,-1.62533528726275,0.339258164860524
1051,12311,"s2","m1",0.041593881895887,0.311879249137024,-1.9567033250279,-1.62591814549459,-0.448392600982604
1052,12315,"s2","m1",-0.0354680721902148,0.344328432200128,-2.03471317931668,-1.43790350621552,-0.320398842711666
1053,12326,"s2","m1",0.0290123354114603,0.288857992107275,-1.9960751775795,-1.45841991241122,-0.0691626003754147
1054,12341,"s2","m1",0.0215220682240299,0.256437925391593,-1.98900347484891,-1.78514636695727,0.156818546853318
1055,12347,"s2","m1",-0.0496124218761505,0.233520056531005,-2.26814821204812,-1.58411877130198,0.88952511426445
1056,12354,"s2","m1",0.0209952519697792,0.252747777346584,-2.03133852328964,-1.57347199443314,-0.637618696782503
1057,12425,"s2","m1",-0.0224351357238847,0.34939445073191,-2.14199066009813,-1.39674684156339,0.182102929512936
1058,12442,"s2","m1",0.00778435893077466,0.249719899105999,-2.10556660535073,-2.08992037297828,-0.0506715589256219
1059,12462,"s2","m1",-0.024005446637087,0.232023862810495,-1.8534623285098,-2.38585215570759,-0.264580248743463
1060,12468,"s2","m1",0.111219436677779,0.370428535531915,-2.06603490903766,-1.61130180472906,-1.70996897916227
1061,12475,"s2","m1",-0.0687192893269214,0.246550401429983,-2.17987970703912,-1.49956104609712,0.0984432538339127
1062,12478,"s2","m1",-0.0225586895105518,0.21605284732033,-2.46400405439572,-1.94358032740938,0.567434005013452
1063,12482,"s2","m1",0.00619567221264038,0.340775611051688,-2.29260711029408,-1.43467424032471,-0.521554011324943
1064,12501,"s2","m1",0.0307085121881769,0.249263770104561,-2.33347018507374,-1.52692770151814,-0.551043731001276
1065,12502,"s2","m1",-0.016194560792738,0.202880832667871,-2.16386023919656,-1.78159727985209,0.627314467528292
1066,12513,"s2","m1",0.0427372418535841,0.277468447857398,-1.90504310452959,-1.47268307347728,-0.736573966236062
1067,12514,"s2","m1",-0.0800435120513358,0.290398379617808,-2.34838111375794,-1.70038006362418,0.186428652120956
1068,12525,"s2","m1",-0.0462121467991179,0.249771784925364,-2.36374038734234,-1.66548780556031,0.231837434715579
1069,12535,"s2","m1",0.00207092076485575,0.293457957314451,-2.04060282794336,-1.51135068863657,-0.473225821525224
1070,12539,"s2","m1",-0.0490434866481247,0.241707898331037,-2.09544180429055,-1.88216752604077,0.506736042678842
1071,12559,"s2","m1",0.114599681870006,0.364177381541857,-1.82524676985602,-1.36257454072338,-0.939862084812479
1072,12564,"s2","m1",0.07491682025121,0.376505348634911,-1.99966514022918,-1.39078814170581,-1.95183696778211
1073,12575,"s2","m1",0.0225917375019143,0.312960139579566,-1.7258777247811,-1.62734366442494,-0.469618674270332
1074,12576,"s2","m1",-0.016499098482245,0.26370311387491,-1.97784614740682,-1.65819424778605,0.328029524215541
1075,12587,"s2","m1",0.0484811991271936,0.259100430722172,-1.87730832739138,-2.27155511835791,0.0847912750798032
1076,12597,"s2","m1",-0.027779476401637,0.231267856831718,-1.89666918050531,-1.77768129490346,0.166085987629889
1077,12616,"s2","m1",0.0127114033326344,0.335884978891854,-2.02056359775095,-1.68630873556369,-0.992102394682886
1078,12620,"s2","m1",0.0300138799407811,0.209293240959426,-2.23828414911893,-1.56307719761451,-0.698989353368127
1079,12632,"s2","m1",0.0105438974693927,0.258328651544785,-2.18899641266756,-1.90693830809842,-0.0634693290154545
1080,12655,"s2","m1",-0.0416714277705903,0.231345042425276,-2.08556571060593,-1.4544547786694,0.468380730962888
1081,12663,"s2","m1",-0.0162110597134427,0.303120076557582,-1.69500367920656,-1.57870958762458,-0.766225952103513
1082,12681,"s2","m1",-0.0277575648614507,0.333140163867043,-1.86411623276717,-1.72169554483946,0.268666711700072
1083,12691,"s2","m1",-0.0613121460553113,0.253647386933903,-2.40555857867567,-1.6782556081458,-0.100446751443874
1084,12711,"s2","m1",-0.0508881528948513,0.277220153640083,-2.07528037817849,-1.5527312275904,0.414139108725049
1085,12717,"s2","m1",0.0251763252537759,0.269563269925034,-2.29321819357027,-1.80018682411612,-0.454254616502257
1086,12734,"s2","m1",0.0109299154899991,0.260952517391825,-2.34767245078063,-1.52131015667936,-0.423909474645925
1087,12737,"s2","m1",0.0469157602375319,0.291882884451274,-1.86065345652978,-1.59119275734678,-0.767459075665867
1088,12754,"s2","m1",0.00467831898706542,0.219544999495321,-2.09464525617215,-1.79834355349671,0.40071912179166
1089,12755,"s2","m1",-0.00275375303198869,0.290049604589801,-2.04084769184339,-1.63613733688723,0.122259032078791
1090,12774,"s2","m1",0.00367636238518839,0.28315133796424,-2.12602795031188,-1.52693246078751,-0.61181894697687
1091,12775,"s2","m1",0.000102946909282853,0.208830823634228,-2.28681738897699,-1.58859846196583,4.36348981592005e-05
1092,12776,"s2","m1",0.014692692592264,0.244953397063032,-2.56133066502988,-1.71466199823221,-0.166357792769411
1093,12793,"s2","m1",0.00756062195795237,0.278258163937763,-2.21371977058511,-1.68161970010979,-0.20890896561563
1094,12811,"s2","m1",0.0613836396679401,0.27751909178713,-2.06496757819143,-1.44104923629934,-0.792248688749251
1095,12816,"s2","m1",-0.0349218861446797,0.245060888886886,-1.95602267088835,-1.39834725095423,-0.114444956317664
1096,12837,"s2","m1",-0.0207991492265245,0.26645337662805,-2.45021163743253,-1.63175760040494,0.399572404145716
1097,12838,"s2","m1",0.0259030223816161,0.227196052948228,-2.03227362506599,-1.53058726325411,0.143179192455512
1098,12851,"s2","m1",-0.018722056456572,0.315950202058618,-1.82984975721027,-1.24317650224746,0.388534601733937
1099,12855,"s2","m1",-0.0897907990137561,0.271425834700527,-2.22236194694008,-1.53957944312394,0.0836538415319461
1100,12908,"s2","m1",-0.0388776790276807,0.261553476727487,-2.06875157245298,-1.68812301711418,0.185414894760247
1101,12917,"s2","m1",0.0364312338575725,0.220292438357706,-2.14717613391552,-1.64604081423553,-0.0167542548916804
1102,12937,"s2","m1",-0.115444909357711,0.199246415575193,-2.19179824008077,-1.5955859198773,0.93536453961164
1103,12950,"s2","m1",-0.00801342255214153,0.203439675517966,-2.0567805419558,-1.36651322095516,0.31928770009344
1104,12960,"s2","m1",0.0235684521881695,0.25377739943022,-1.81709647429112,-1.63131475266788,0.156675160538743
1105,13006,"s2","m1",-0.0114268343814886,0.238987408380606,-1.90478928303369,-1.71034520018361,0.262132539252653
1106,13027,"s2","m1",0.0542402216074364,0.298181262682016,-2.36536855602921,-1.51917529145125,-0.572963260739436
1107,13045,"s2","m1",0.0488406491437777,0.323001781629222,-1.87802470231512,-1.61157272132893,-0.0243043993827345
1108,13055,"s2","m1",0.0354973697744563,0.29701034390583,-2.08526147901714,-1.22479846859331,-0.0428043412081113
1109,13057,"s2","m1",0.067033922580924,0.351070278471581,-2.17381889643301,-1.56770468600194,-1.35887153473812
1110,13103,"s2","m1",0.0249371816122515,0.236279815398461,-1.95674161789758,-1.5359395169091,-0.315192844441421
1111,13116,"s2","m1",0.0469860915629619,0.34831765412689,-1.71440515214283,-1.85040959944276,-0.41282310844389
1112,13131,"s2","m1",-0.0458348674310475,0.276015169705058,-1.70600387284233,-1.51214821682342,0.11801650927527
1113,13142,"s2","m1",-0.00631153739266653,0.26154859504219,-2.96377128577158,-1.62032879030158,-0.266769365429249
1114,13146,"s2","m1",0.0556316544367187,0.278500369182102,-2.07515826087225,-1.60409181720036,-0.614981415596236
1115,13156,"s2","m1",-0.0666767679700728,0.26697773046443,-2.20697661417723,-1.60641283610083,-0.227379336586402
1116,13157,"s2","m1",-0.0170915865701329,0.218288074874723,-1.89812703801969,-1.40966174189986,-0.0231222785123316
1117,13167,"s2","m1",-0.0135522646217228,0.254505906552119,-2.41357068653373,-1.3022255125871,0.485158466000193
1118,13171,"s2","m1",-0.0501761958560818,0.275373128007777,-1.89070706898458,-1.59514219312133,0.399863701786886
1119,13172,"s2","m1",0.0131104930377419,0.279229484600863,-2.02569115039379,-1.64780111013048,-0.753491860141392
1120,13205,"s2","m1",-0.0138564185585856,0.178259731837526,-2.25088285194825,-1.89950583125172,0.323075900673786
1121,13216,"s2","m1",-0.0509138078898613,0.239364237142656,-2.05493714518691,-1.58405914067356,-0.0914673860778831
1122,13238,"s2","m1",0.00163639253311723,0.367790655719214,-1.71359515146383,-1.44264986737275,-0.120721008658906
1123,13244,"s2","m1",-0.00266515352963066,0.272306590052797,-2.26275594678413,-1.5285377641855,-0.583251181681883
1124,13299,"s2","m1",0.0366433646906964,0.279895889830289,-2.13943490186047,-1.34122158940616,-0.0769241136642814
1125,13303,"s2","m1",-0.0530892574094251,0.242289011946273,-2.04013928781315,-1.4773680121001,0.707775672566121
1126,13312,"s2","m1",0.0152520939962259,0.302351070793427,-1.91460915560458,-1.46093789183148,-0.206339725243043
1127,13320,"s2","m1",0.0236209633181038,0.261688782825324,-2.11511637621037,-1.51566451433028,0.0437632822635925
1128,13328,"s2","m1",-0.096083904820387,0.238499523046279,-1.94982433407572,-1.73576625967188,0.106863033696009
1129,13347,"s2","m1",0.00572314044965568,0.349977541212895,-2.10268162410828,-1.46345143566193,-0.785361093051604
1130,13352,"s2","m1",0.0644859763262674,0.358002385087121,-2.10999644720619,-1.30914102300038,-1.07609786974713
1131,13361,"s2","m1",-0.0328264304634192,0.203980832422982,-1.6990328496323,-1.6577862584417,0.582176689707001
1132,13373,"s2","m1",-0.0197210668758793,0.234756367955735,-2.20556692818285,-1.62641241790344,0.550439585734037
1133,13380,"s2","m1",-0.00956174599098265,0.312591833046302,-2.50222360484868,-1.48807386744164,-0.40546330150279
1134,13383,"s2","m1",0.0489024095947795,0.329571825092545,-2.09461696746413,-1.49929263128773,-0.153537110231631
1135,13410,"s2","m1",-0.0529220162493395,0.227187004043788,-2.00795028144177,-1.4939818493167,0.348544248276939
1136,13412,"s2","m1",0.0510689729684571,0.271965156365792,-2.39721187555108,-1.67825996583377,-0.313721395591954
1137,13418,"s2","m1",-0.0260963169788125,0.258628308814854,-1.88991037852837,-1.51980369754713,-0.200682093347192
1138,13421,"s2","m1",-0.0373361086375448,0.254008394072497,-2.2572589167806,-1.47346119842275,0.175766140413946
1139,13444,"s2","m1",-0.0627023601209101,0.28488743935868,-2.13225890445417,-1.59964831125876,-0.570644443187757
1140,13448,"s2","m1",-0.0492904626574381,0.281827920737793,-1.87170788686948,-1.3900366471734,0.161848322173736
1141,13457,"s2","m1",0.0844221643232036,0.363271501399402,-1.83593458423259,-1.34682886408634,-1.3008574369841
1142,13479,"s2","m1",-0.0460623022740493,0.276177634466768,-1.95973124771857,-1.84195441451413,0.722257331899917
1143,13486,"s2","m1",-0.0671501705778688,0.230726382313704,-2.46704600462993,-1.51585386846313,0.330794831692765
1144,13487,"s2","m1",-0.00306242317779301,0.313423332467002,-1.91935554114183,-1.63949507450858,-0.0837279379852118
1145,13495,"s2","m1",-0.0211908214337783,0.242078435643516,-2.27318589057047,-1.62367824913269,0.319995753243488
1146,13497,"s2","m1",-0.0602792190722852,0.241406043899551,-2.27821658493389,-1.78723114168788,-0.091625304148824
1147,13506,"s2","m1",-0.0118701225841459,0.240977592135735,-1.8797005528161,-1.83019483447811,-0.326765740283985
1148,13515,"s2","m1",0.0210255604974176,0.250036709442492,-1.86184591306216,-1.52423776042339,-0.57049565422674
1149,13530,"s2","m1",0.0364000573951333,0.343657690513701,-1.93682856733509,-1.48854809853382,-0.581577030237426
1150,13532,"s2","m1",0.0301042412108177,0.377997145311947,-1.79518316271024,-1.4290845734164,-0.989251578649069
1151,13534,"s2","m1",-0.0237880437246983,0.228644543346893,-2.13838836486752,-1.56372407919694,0.225740462877197
1152,13564,"s2","m1",0.0159723664080433,0.26683433887424,-2.07420717239041,-1.39116125724452,-0.330098421121847
1153,13579,"s2","m1",0.0132787682604291,0.317171156623218,-1.78578858686489,-1.59327352252896,-0.677824896964539
1154,13593,"s2","m1",-0.0216939328115395,0.248897987776308,-2.02581324952964,-1.37396826125968,-0.234871905972805
1155,13602,"s2","m1",-0.0455145016840295,0.272846622482577,-1.9267720882859,-1.30335362426926,-0.224644596209491
1156,13626,"s2","m1",0.00927172785485303,0.308573636801011,-1.69233079869383,-1.54549198533512,-0.129141829895787
1157,13662,"s2","m1",-0.0945105979166321,0.337992835855324,-2.09312674388119,-1.52525201746433,0.0186236719966989
1158,13685,"s2","m1",0.0455861245316068,0.240701843442133,-2.22023023900405,-1.48578502781477,0.0698608792962326
1159,13703,"s2","m1",0.0461047448894097,0.317917102572523,-2.3907617102848,-1.52784918498619,-0.690850923580888
1160,13716,"s2","m1",0.0655150668924626,0.249294017513995,-2.11839980772701,-1.50105980537667,-0.0356157971239517
1161,13722,"s2","m1",-0.0380314317572064,0.28641947705555,-2.18976417842411,-1.32003687300589,0.30443477308058
1162,13737,"s2","m1",-0.0320307255113577,0.22788775711546,-2.20017790317103,-1.75780675426494,0.0220483139786605
1163,13760,"s2","m1",-0.0289259210103632,0.291303524857043,-2.22914595052185,-1.73286468684973,-0.0717410397798831
1164,13778,"s2","m1",-0.0810704926903875,0.341786028172383,-1.85896909982567,-1.58183164462336,-0.572826349073504
1165,13780,"s2","m1",-0.129364162175411,0.340806332521844,-2.27079342083404,-1.54385956861108,0.245061811778848
1166,13785,"s2","m1",-0.0545625814679766,0.200659629985369,-2.01087076198311,-1.85219610295929,0.606545975404396
1167,13794,"s2","m1",-0.109476132141283,0.172441524332355,-1.94627017560182,-1.80442040951078,0.542531476534895
1168,13811,"s2","m1",0.0125019366558759,0.271616281642948,-2.10795514280676,-1.4198335754949,-0.733642501867993
1169,13838,"s2","m1",-0.00513146284450803,0.235921530194564,-2.56434556386007,-1.70773138020281,0.00616769231428851
1170,13843,"s2","m1",-0.0309055594539737,0.296052126229164,-1.86719228534403,-1.53668635618851,-0.587118013776299
1171,13851,"s2","m1",0.0063025394970891,0.31558463503131,-1.97721490455442,-1.59010891614413,-0.485264831990975
1172,13857,"s2","m1",-0.0259791889715019,0.300623920528584,-1.8385896214462,-1.62637562826212,0.495119178338242
1173,13884,"s2","m1",0.039695311606854,0.32878427871983,-1.78283742558928,-1.78033795731506,-0.437254081577932
1174,13892,"s2","m1",-0.032999150037803,0.282227467390882,-2.24715235871327,-1.61826620462281,0.00105502041151759
1175,13898,"s2","m1",-0.061812481761253,0.260926459282235,-2.31946972432899,-1.49855474528506,0.0292769467444374
1176,13922,"s2","m1",-0.0255012521952955,0.285756389929035,-2.07464339043944,-1.44597077707324,-0.08434579561676
1177,13962,"s2","m1",-0.0243593686280559,0.237168232934956,-2.44175894106111,-1.39208319078551,-0.30527223069901
1178,14004,"s2","m1",-0.0217749950783172,0.265653282542034,-2.34736035557914,-1.54053402166279,0.256590117100873
1179,14029,"s2","m1",0.014067829248102,0.333006200685561,-1.7045623821386,-1.53484151615849,-0.525425816406603
1180,14036,"s2","m1",-0.063525725665385,0.287119072114751,-2.17492128186839,-1.46415142213386,-0.139714969496893
1181,14059,"s2","m1",-0.00153524901920325,0.263810910442094,-2.2582689655507,-1.36241710251069,-0.349680342512049
1182,14060,"s2","m1",-0.0616802736396021,0.255785506682414,-2.37110411276165,-1.63814550417486,0.435805360216275
1183,14061,"s2","m1",-0.0581822129228166,0.25821282722182,-1.99220735772615,-1.54711862497872,0.52511213713059
1184,14064,"s2","m1",-0.00569807523169755,0.310583106718393,-2.23434282543703,-1.58311223698994,-0.186655428262261
1185,14065,"s2","m1",0.0423182018083878,0.249977251068517,-2.19895808506293,-1.56883882994343,-0.622177862715148
1186,14067,"s2","m1",0.0597246649305424,0.30079328278631,-1.98407002407591,-1.80713473023126,-0.327919660068202
1187,14075,"s2","m1",-0.0508897107411749,0.29347131712457,-1.92911875014361,-1.75383543900536,-0.71796689321884
1188,14076,"s2","m1",0.0510657050729368,0.208380046309008,-1.9597350985962,-1.40683314967446,-0.932281123938371
1189,14078,"s2","m1",0.00896348311510515,0.358425781270093,-1.96880157765634,-1.5232933833911,-0.0355920903281942
1190,14086,"s2","m1",-0.0574154264712838,0.266377989547973,-2.11718854795766,-1.97900153059228,0.161233806085218
1191,14094,"s2","m1",0.0166534343998314,0.341597763872434,-2.02558765954596,-1.51563181482912,-0.398734535652709
1192,14095,"s2","m1",0.0874257256848084,0.233026224281696,-2.43253427282688,-1.65975790400554,0.161893705108391
1193,14097,"s2","m1",-0.092320698460347,0.196362428648603,-2.03573102459993,-1.8546871696441,0.38412712838904
1194,14161,"s2","m1",0.0484000274552283,0.286594463240285,-1.80625861124474,-1.44451069506856,-1.40272610152099
1195,14176,"s2","m1",-0.0396546949931001,0.246953544020818,-1.92346414162588,-1.70043142195427,0.157568265689515
1196,14181,"s2","m1",-0.0785753185261641,0.335436721675993,-2.17932848054007,-1.77652605165773,0.0251859117942792
1197,14182,"s2","m1",-0.0280195795071332,0.262341452018884,-2.12145369858995,-1.40424043429516,0.34632209196052
1198,14185,"s2","m1",0.0344545182773445,0.327420852050827,-1.74807114934165,-1.38893180613871,0.369501184268914
1199,14231,"s2","m1",0.0328554402609707,0.318198211597715,-1.87650510730369,-1.32832630015756,-0.61499528541994
1200,14264,"s2","m1",-0.0675182060895766,0.362443880188442,-2.63147576856703,-1.71773787281463,-0.238645314163468
1201,14268,"s2","m1",-0.0321297279356839,0.282740565913357,-1.74480235324826,-1.57460570525019,-0.0667141645558922
1202,14283,"s2","m1",-0.071509522411463,0.200179329807074,-2.04449482393078,-1.63486794637771,0.567300157468868
1203,14307,"s2","m1",-0.00117970258718347,0.227782516430616,-1.94921884706089,-1.27488569733203,0.352532857174043
1204,14310,"s2","m1",-0.0331070016639866,0.220429792488378,-2.31351984913642,-1.73074442235368,0.51503654926718
1205,14332,"s2","m1",-0.0290411189419842,0.192972709641022,-1.97937811623061,-1.80025699865084,0.0530586723342894
1206,14334,"s2","m1",0.0128173443670499,0.289993381474208,-1.79522665528116,-1.47791533913394,-0.301517070551115
1207,14346,"s2","m1",0.0268891809722153,0.338581808404513,-2.05054174235361,-1.38164768457094,-0.833404651664297
1208,14350,"s2","m1",-0.0033467849033905,0.340396144000643,-1.88241747513906,-1.33625906230142,-0.601994241218141
1209,14365,"s2","m1",-0.0203775556866693,0.254707593286318,-2.26683782766597,-1.36941554683908,-0.0879039687409754
1210,14370,"s2","m1",0.101585072256773,0.271363261547339,-2.11826116330837,-1.46951787197781,-0.898087484785388
1211,14383,"s2","m1",-0.0169564241744157,0.247331366051176,-1.90782120239709,-1.55830981353011,-0.0717666194077103
1212,14387,"s2","m1",-0.060304965750718,0.214148788595122,-1.90049411963517,-1.56395702977219,0.279353637790611
1213,14389,"s2","m1",-0.0515311482519333,0.238263066844368,-1.79044556119879,-1.67793651240236,0.469875276898945
1214,14395,"s2","m1",-0.0240713774086418,0.340503723054381,-2.00481210233182,-1.34820045878087,-0.153243048832981
1215,14396,"s2","m1",0.0306518305190962,0.245850590466762,-2.12296188378547,-1.36814437056354,-0.361600755201985
1216,14403,"s2","m1",-0.103827542076931,0.270416694082983,-2.26801490760434,-1.5091550975741,0.668057652604413
1217,14410,"s2","m1",-0.0389167675533706,0.280780974568709,-1.77077209741046,-1.71507245310084,-0.533042631314744
1218,14424,"s2","m1",-0.101694719163699,0.289792316663425,-2.36022881899315,-1.52688797243158,0.765023452012506
1219,14426,"s2","m1",-0.0469505751697363,0.247704046899599,-2.17549630195868,-1.43385795986898,0.263814697219273
1220,14443,"s2","m1",-0.0247265337303703,0.240603852120303,-2.43648629666258,-1.71599272661202,-0.136047469195289
1221,14454,"s2","m1",-0.0927649055798049,0.306899977798489,-1.78198220395891,-1.65693273523954,0.163129175083936
1222,14458,"s2","m1",-0.0252157045363882,0.241302083751126,-2.2988309875735,-1.25377953400408,0.351560625784332
1223,14464,"s2","m1",-0.0381498855213707,0.280865793190876,-1.8829418043443,-1.72890389332029,-0.0740194857410088
1224,14465,"s2","m1",-0.0717141229644275,0.300278148853324,-2.0183786858652,-1.51985488290749,0.689421779863346
1225,14498,"s2","m1",0.0522671901956346,0.22061356529032,-1.92915899210214,-1.57115019680487,-0.142779523415607
1226,14499,"s2","m1",-0.000259257208605285,0.278035998697923,-2.0935973457636,-1.4402681139781,0.116488282540731
1227,14502,"s2","m1",0.00868989166457871,0.27024399181389,-2.04079482569127,-1.55333704396127,-0.0696431810537887
1228,14510,"s2","m1",-0.104243675167849,0.332027880192273,-2.08881014002706,-1.47310684079144,-0.432008057924949
1229,14513,"s2","m1",-0.0867367392472854,0.260357911014017,-2.54787270283067,-1.41403380612124,0.163830507581757
1230,14544,"s2","m1",-0.146890000227272,0.282574729998082,-2.64383440442971,-1.89555623285796,-0.107906173293845
1231,14553,"s2","m1",0.0592793042757242,0.389456711617225,-2.23305707109226,-1.69519987553971,-1.13760944880304
1232,14576,"s2","m1",-0.0554180291600554,0.196647346022079,-1.90198537305463,-1.53986427795154,0.594936713251858
1233,14589,"s2","m1",-0.0454679803364808,0.297078188842814,-2.37715801752197,-1.48245653103444,-0.0135988798368518
1234,14601,"s2","m1",0.0345422665219394,0.308895246303622,-2.06606432917727,-1.41509697718571,-0.261849882176997
1235,14605,"s2","m1",-0.0545130707916487,0.276249579329362,-1.85641435154655,-1.61289227259775,-0.0774030492948916
1236,14616,"s2","m1",-0.0441603532201857,0.22761903767187,-2.20269790580709,-1.90193591856555,-0.250814295828428
1237,14622,"s2","m1",0.0253286368057185,0.310458547036704,-2.21278969312505,-1.37851601968489,-0.26701890646763
1238,14625,"s2","m1",-0.0032219932366015,0.307199453466674,-2.02130552682873,-1.66518990963721,-0.704858573564829
1239,14664,"s2","m1",-0.0225197548249999,0.285246040622148,-1.7768346570734,-1.44697071193456,-0.499749424094979
1240,14683,"s2","m1",0.0388590244600489,0.170888055762232,-2.0652667709296,-1.59586327086211,-0.353600133207448
1241,14686,"s2","m1",0.0889626397430363,0.281795122854678,-2.10229310305326,-1.70123918130398,-1.13392233335902
1242,14696,"s2","m1",0.0332952899602299,0.331848616757705,-1.67468224657594,-1.64622865171554,-0.586866143892963
1243,14704,"s2","m1",-0.0884172519096034,0.265349792857892,-2.14965829163625,-1.7909803048132,0.333533680747727
1244,14710,"s2","m1",0.0274436506358076,0.24678154893314,-2.2896485959094,-1.48490875343568,-0.0186530016960663
1245,14711,"s2","m1",-0.0185922991146613,0.278112583979074,-1.99703884738117,-1.40128705583272,-0.434249018786882
1246,14719,"s2","m1",-0.062298799194,0.233845065488047,-2.19287973304234,-1.63917193883645,0.175052691913578
1247,14720,"s2","m1",-0.0454466099860617,0.24025836893531,-2.36440727013245,-2.07868543316339,0.481101031737497
1248,14721,"s2","m1",-0.0466607423427171,0.305548322749991,-2.08656565614037,-1.82684033106529,-0.781103073246352
1249,14723,"s2","m1",0.0799581533367464,0.301338223414075,-2.07865389511012,-1.47569333514286,-0.682655553771119
1250,14724,"s2","m1",-0.0678529111585352,0.247214658636486,-2.76544233032129,-1.31126901787039,-0.0715789582283342
1251,14727,"s2","m1",0.0678755065160088,0.394955882493262,-1.81237461622893,-1.33657864578582,-0.556232941353776
1252,14747,"s2","m1",-0.0106255626754365,0.347802416770753,-1.9515216686445,-1.69029223813276,-0.162626540617993
1253,14757,"s2","m1",0.00222344508877731,0.323827394989015,-1.72273936810162,-1.55260923676885,-0.114532954470822
1254,14770,"s2","m1",-0.0171250883685258,0.322785994774621,-2.32538698499617,-1.31912442013142,0.11941863054566
1255,14774,"s2","m1",-0.0514257120938706,0.274440789082061,-1.85379114588302,-1.63663708047397,0.290019169500819
1256,14775,"s2","m1",-0.0974882599187531,0.246757679787489,-1.87302594310429,-1.52411211099664,0.502537607326483
1257,14782,"s2","m1",-0.00933035463441785,0.28890047414393,-2.0261389940651,-1.74077873484484,-0.284873213290453
1258,14798,"s2","m1",-0.0482066807321368,0.208805546267009,-1.98459483881079,-1.63267092035307,0.514357148913105
1259,14810,"s2","m1",0.00455134975969892,0.238883009066803,-1.79900976266111,-1.51243679460122,-0.579705276438285
1260,14831,"s2","m1",-0.124861503994959,0.285825993608127,-2.19747988846971,-1.32680717928174,0.836881605894573
1261,14834,"s2","m1",0.00126985137421239,0.301242210650946,-2.04053597816942,-1.54648248283907,-0.3885724173309
1262,14849,"s2","m1",0.0460501993978022,0.381758721527208,-2.24416471966627,-1.34972056624444,-0.341599892086004
1263,14855,"s2","m1",-0.056332117937181,0.326513482567463,-1.9235618875196,-1.49943901257346,-0.0848040642189964
1264,14861,"s2","m1",0.0232204823799242,0.319762321715114,-2.13920100117727,-1.33427557859387,-0.434929893503002
1265,14866,"s2","m1",-0.081445693054741,0.330280785492671,-1.94500295772572,-1.43430911570055,0.115848926129452
1266,14869,"s2","m1",0.0246467610920665,0.358104097054761,-1.85573771429586,-1.51940870807011,-0.44375819612072
1267,14884,"s2","m1",0.0386227718383299,0.282414778981377,-1.80869416522306,-1.54869885248617,0.0267138681011467
1268,14893,"s2","m1",0.00367876713495547,0.281017666036223,-2.42007905055349,-1.45023483119085,-0.329940169225243
1269,14896,"s2","m1",-0.0978118553967143,0.234979325744503,-1.95536492126229,-1.95789527415602,0.286578627983249
1270,14899,"s2","m1",-0.0306827126803929,0.284535143421425,-1.86740094552393,-1.71266726744427,0.00425211954752404
1271,14923,"s2","m1",0.0639434103248929,0.320032187421874,-1.94052488433505,-1.59806349880044,-0.846149882998178
1272,14932,"s2","m1",0.018676687180516,0.315460931375941,-1.93641080199983,-1.51214693817605,-1.15619784372252
1273,14933,"s2","m1",-0.0144169092463961,0.231794137628418,-2.13687515436715,-1.69525034821113,-0.109210236370462
1274,14945,"s2","m1",-0.0795474154436685,0.300548081235121,-1.75424528516046,-1.43609079520208,0.480959070962111
1275,14947,"s2","m1",0.00808965704182215,0.270603877847246,-2.0953620464404,-1.58984832424694,-0.463814493493874
1276,14951,"s2","m1",0.0241630637780571,0.254388378606946,-1.87682186423367,-1.5401057373507,0.110415135149602
1277,14959,"s2","m1",-0.0433051167316892,0.302320689372884,-2.12323520981575,-1.64862649799551,0.0534531366594678
1278,14963,"s2","m1",0.00628625227920229,0.222919436420734,-2.42796789104603,-1.4409557554185,-0.569731658494562
1279,14965,"s2","m1",-0.00494098732929743,0.327328633020554,-2.0022333935047,-1.38895788737441,-0.38127319579229
1280,14966,"s2","m1",-0.0195727761435487,0.258008655722791,-2.27124834199955,-1.64530172977626,0.419270171235471
1281,15002,"s2","m1",-0.00885578647577577,0.266068837892668,-2.53689402913032,-1.51844585170755,-1.09664437577864
1282,15005,"s2","m1",0.0465411407742735,0.328584625609427,-1.71800169858191,-1.52127989337715,-1.10168797091575
1283,15007,"s2","m1",-0.0183287109269647,0.273139783793598,-1.89859980474073,-1.61420845803335,-0.53142669754034
1284,15008,"s2","m1",-0.0611790548077592,0.257075042936873,-2.08667119872232,-1.35748513965476,0.0421561175109521
1285,15010,"s2","m1",-0.0841196963201925,0.283238122925455,-2.49258665475961,-1.32382571508313,0.249349693632166
1286,15014,"s2","m1",0.00276543250991541,0.314748270719019,-2.21335105691392,-1.70013764039457,-0.140439990019323
1287,15026,"s2","m1",0.0532702727867684,0.284831525668519,-1.84501842247927,-1.58500270350257,-0.5800347717746
1288,15037,"s2","m1",0.00013192952430225,0.223981314418398,-2.15148289932149,-1.74384638497509,0.0241147359952653
1289,15039,"s2","m1",-0.0177059436616437,0.280621192290844,-2.06646075131707,-1.55869659375578,-0.858255917411336
1290,15049,"s2","m1",0.00680276347636956,0.281075863703832,-1.81797581925027,-1.26939221399059,-0.3947511766601
1291,15052,"s2","m1",0.101377059525444,0.293905186455487,-1.89967401552914,-1.61736373502223,-0.751563825035667
1292,15059,"s2","m1",-0.13880257788596,0.145270131508743,-2.00997013487508,-1.84889758749001,0.622891765813497
1293,15063,"s2","m1",0.0583894320476616,0.241281056311644,-1.88338354489506,-1.63151429243202,-0.631342725095117
1294,15075,"s2","m1",0.0424274741115027,0.301235929930423,-2.02301208548745,-1.36675874646982,-0.979693461426783
1295,15091,"s2","m1",-0.00988508968776412,0.212996972155112,-2.29181480176545,-1.73264804847455,-0.301429000061225
1296,15104,"s2","m1",0.0600997326657369,0.357750930597247,-1.94035398671895,-1.68527112173313,-1.01313578491028
1297,15125,"s2","m1",-0.0443409066870809,0.263137473877742,-2.17397336251924,-1.42908003888994,0.0203726229765019
1298,15139,"s2","m1",0.0368502065147039,0.212424389217879,-2.3475554848623,-1.43446250573156,-0.560511736055936
1299,15146,"s2","m1",-0.00121074281772255,0.243036529644969,-1.77323879835092,-1.94366144197939,-0.0389330169843553
1300,15173,"s2","m1",-0.0313333705590086,0.376532592301479,-1.70023621705358,-1.3206963115819,-0.154058003553419
1301,15279,"s2","m1",0.010790000839305,0.290639373329449,-1.81958302641748,-1.51092431898217,-0.179185592921972
1302,15282,"s2","m1",0.00912505727143997,0.262806696090413,-1.70623461440361,-1.57196159475585,0.724931456077274
1303,15291,"s2","m1",-0.0829334150791,0.298441733181781,-1.9728851176823,-1.56029147434555,0.279937714653821
1304,15312,"s2","m1",-0.0540664880569931,0.302888354666521,-1.82968225741506,-1.42625566392301,-0.260491289743095
1305,15317,"s2","m1",-0.0821077292255136,0.243271388509315,-2.22761537073635,-1.45598189543143,0.0437388865676258
1306,15336,"s2","m1",0.00332799322668646,0.250116990113738,-1.88857402215799,-1.65716521342127,0.077381569667644
1307,15339,"s2","m1",-0.0902312489696644,0.287156325438743,-2.0852891121366,-1.67271973831836,0.211344417601363
1308,15356,"s2","m1",-0.0338575355119518,0.286458093136991,-2.00539651046166,-1.41242805140785,-0.0578902873632033
1309,15401,"s2","m1",-0.0220296353183808,0.292965334971444,-2.22243010087653,-1.53191115756844,0.371200656037726
1310,15405,"s2","m1",0.035209103745824,0.280528815001826,-1.98267398562853,-1.5265171899624,-0.22451028868702
1311,15412,"s2","m1",-0.0377532317521016,0.254103285263624,-2.15829343998196,-1.76030762075668,0.125796502926481
1312,15413,"s2","m1",-0.0124958295469692,0.370880459694072,-1.73913424045884,-1.37104778465509,-0.178276360010739
1313,15463,"s2","m1",-0.0109679251863554,0.305467355049973,-1.97008475601507,-1.23307576363741,-1.20595221862357
1314,15474,"s2","m1",0.0167537033034949,0.2924008102285,-2.14199021288862,-1.69068888253855,-0.576856897597217
1315,15475,"s2","m1",-0.00445915776526414,0.278068248920497,-2.24124946427203,-1.41142726245113,0.109540994309967
1316,15478,"s2","m1",-0.102327946490853,0.205416239170501,-2.48691472759723,-1.56294373303626,0.63585118437572
1317,15484,"s2","m1",0.095174334976102,0.353627026837296,-2.1150227141902,-1.45792991484469,-0.868388192816009
1318,15498,"s2","m1",0.0513989551119893,0.298508940561307,-1.84023035082001,-1.49703188878556,-1.1315661851707
1319,15505,"s2","m1",-0.078707991323128,0.282109517038779,-1.97098288913879,-1.67367541820493,0.244034012084122
1320,15506,"s2","m1",-0.039064502064886,0.270858639215289,-2.44963941822244,-1.46581935331298,0.403928123625737
1321,15525,"s2","m1",0.0300467228525105,0.295311386382746,-1.98128573534557,-1.51957555623222,-0.0186932319193148
1322,15530,"s2","m1",-0.0495430237943874,0.297548043576212,-1.92949928695244,-1.82204053292435,-0.146577505320697
1323,15533,"s2","m1",0.0673995607715803,0.232255755865776,-2.17324515381726,-1.472856396944,-0.254407386661869
1324,15573,"s2","m1",0.0234372051759033,0.231164558326153,-1.53857714960479,-1.41432789805179,0.101280914449333
1325,15578,"s2","m1",-0.0658132072677101,0.264980237264585,-2.07202314767934,-1.70516705027533,0.0549518947176048
1326,15595,"s2","m1",0.0450121687800417,0.328255943984539,-2.09170930717867,-1.65970037801884,-0.761088972237503
1327,15612,"s2","m1",-0.024308135071077,0.292310467230884,-1.94067274637674,-1.44969012309557,-0.12357436157377
1328,15615,"s2","m1",-0.0758646495194346,0.260366106930757,-2.13654640568113,-1.69470502943231,0.494584004342249
1329,15621,"s2","m1",0.071469526347478,0.322784829517098,-1.63452849161282,-1.56251320741418,-1.19824297088044
1330,15623,"s2","m1",-0.0107718938123455,0.226331783068155,-2.34174169667897,-1.56221006770312,0.0502717243578677
1331,15626,"s2","m1",0.0618105206367142,0.228385356371389,-1.69321156152828,-1.67764705377048,-0.0820537897143992
1332,15645,"s2","m1",-0.0300996686507086,0.278397111674817,-2.1344671127023,-1.67078898383292,0.459508684941302
1333,15653,"s2","m1",-0.0578333784566412,0.241409380385709,-2.34089036502625,-1.85311188886831,-0.0887840471006801
1334,15658,"s2","m1",-0.095631763795311,0.254018350816605,-1.98094483694029,-1.60654760998158,0.541139843092411
1335,15690,"s2","m1",-0.0357420075872907,0.272851141650765,-2.33144528561967,-1.6439352759009,0.0545830106876875
1336,15693,"s2","m1",0.0206072883883387,0.284371597457633,-1.97478958056735,-1.53316939939046,-0.555292975551168
1337,15725,"s2","m1",-0.044265714824416,0.224075171270162,-2.41124898755331,-2.26342611825362,0.0608074538935106
1338,15728,"s2","m1",0.0332853599525081,0.263942221848048,-2.22588843250143,-1.53578680951841,-0.00382132335688851
1339,15734,"s2","m1",-0.030012711274123,0.293701589458831,-2.22591606000826,-1.33734316926074,0.0896310855594419
1340,15737,"s2","m1",0.0309200705339855,0.319117659788658,-1.81205931789984,-1.42749958994668,-0.419265922401283
1341,15742,"s2","m1",0.0331303827585229,0.241796542041479,-2.19880976291947,-1.50571680667,-0.341906859086433
1342,15744,"s2","m1",0.0370431043287903,0.228835163664944,-2.57673587774767,-1.65392278744761,-0.428278380256112
1343,15761,"s2","m1",0.0082299171043993,0.288195531686312,-2.44416303886772,-1.53075887262507,-0.142748727624936
1344,15762,"s2","m1",0.0772411150515369,0.345393306112742,-2.36237977742682,-1.62759833319883,-0.866457412532521
1345,15775,"s2","m1",-0.0183097846709393,0.321369732339331,-1.88743476599749,-1.57430227909664,-0.366258630485476
1346,15781,"s2","m1",-0.0464703853151424,0.249467345770593,-2.16212286593051,-1.60480248000304,0.373059935189646
1347,15801,"s2","m1",-0.0382274936951017,0.25458445897698,-2.31604443626397,-1.42041388008208,-0.14188411061813
1348,15807,"s2","m1",-0.00668012481265425,0.323465668542421,-1.90146987372884,-1.35688177261939,-0.212521752695799
1349,15810,"s2","m1",-0.0219678671074216,0.309055931066677,-1.97588525656941,-1.35020678953603,0.303725556133918
1350,15832,"s2","m1",-0.00806090978139931,0.203072165855971,-2.10644586411918,-1.47225506452387,-0.2835640589949
1351,15834,"s2","m1",0.0806408551183988,0.260622826408631,-2.25293196804827,-1.71883480384546,-0.689597718988466
1352,15861,"s2","m1",-0.0997729784635516,0.150201160555538,-2.31492871793427,-2.5662530328267,0.80763501034331
1353,15873,"s2","m1",-0.0056011208085259,0.323823596324737,-1.83812621558507,-1.44134888834861,-0.18521957310868
1354,15874,"s2","m1",0.0125898329107164,0.254966863010069,-2.0846408362786,-1.4595542569334,0.23136988680539
1355,15876,"s2","m1",0.0673885218961065,0.418986071373699,-1.81908964022045,-1.49382784601957,-0.443635864972375
1356,15912,"s2","m1",0.0489819720193204,0.260528429698011,-2.05963629676546,-1.48085887627046,0.108626831530201
1357,15913,"s2","m1",-0.0135999469163837,0.290086612193896,-2.0465249738201,-1.72816759268935,0.0747450627661236
1358,15916,"s2","m1",0.00729086109948141,0.283075613081206,-2.17384841761208,-1.59485231986658,-0.295147224228743
1359,15934,"s2","m1",0.00364994686480152,0.281494579017308,-1.77343009906063,-1.72702951603877,0.141570083829348
1360,15941,"s2","m1",0.0158164680419568,0.294297183947758,-2.07228629319768,-1.37251445527562,0.181414614291943
1361,15948,"s2","m1",-0.0105454560437291,0.30488499219891,-1.94716163567228,-1.50774231367056,0.0371231006475308
1362,15949,"s2","m1",-0.0264412018768289,0.242025342685762,-2.20879628801353,-1.44503449413619,0.755048344112496
1363,15956,"s2","m1",-0.0682781522337898,0.261227700779897,-2.3410146341642,-1.54090343402109,0.267299889682644
1364,15960,"s2","m1",-0.0774836485461042,0.272531592475247,-2.07158979854678,-1.47568237839908,0.346956728297633
1365,15961,"s2","m1",0.0249781484944731,0.255396550145774,-2.04202243834393,-1.71839602695762,0.0599754379441546
1366,15964,"s2","m1",-0.0407867799647006,0.309628231234293,-1.86176670948077,-1.28495195684226,-0.745729263125598
1367,15969,"s2","m1",0.00853918270718036,0.22996660369005,-2.08508677906493,-1.91037280736473,0.373931424914891
1368,15989,"s2","m1",-0.00707922473252574,0.289653305796155,-2.13423954097842,-1.53087609665068,0.0306394045360238
1369,15996,"s2","m1",-0.0891465645041537,0.205953282163711,-2.22269094493624,-1.92798880752555,0.397125944857308
1370,16004,"s2","m1",0.0270477360373324,0.276865997641709,-2.26170009047414,-1.30413136508365,-0.156349346427101
1371,16005,"s2","m1",0.0862689298907366,0.276397353493793,-1.99625686472203,-1.61178250618801,-0.951141448591728
1372,16009,"s2","m1",0.0200812688479097,0.288230331945737,-2.25993515974036,-1.65368131036471,-0.588383166229578
1373,16017,"s2","m1",-0.0337777464090851,0.235769303268668,-2.04607778771228,-1.59754177768652,0.0105910149479252
1374,16026,"s2","m1",-0.0284912566652517,0.254954762724179,-1.91130407237924,-1.69284809477619,0.355685688878899
1375,16029,"s2","m1",-0.0530380604792381,0.27358624796167,-2.15734669768037,-1.58658151697608,0.169118548811678
1376,16030,"s2","m1",-0.0179348386512276,0.270803757068907,-1.96977438053636,-1.29746947625913,-0.355429278414432
1377,16035,"s2","m1",0.0713410316260066,0.260360175300887,-2.04641439053969,-1.82867782747193,-1.35286920053671
1378,16048,"s2","m1",-0.0112602164995255,0.288057747077217,-1.956128975083,-1.63775548328003,0.132965640764785
1379,16052,"s2","m1",-0.00454829492664807,0.198612788361412,-2.16034494315523,-1.71186143441218,0.388106351453962
1380,16064,"s2","m1",0.00992561193289851,0.291856816696068,-2.06620806404825,-1.83782252781496,-0.666430508129539
1381,16090,"s2","m1",-0.0196334903935097,0.274949789516426,-2.23850320928519,-1.55479057778689,-0.515268954441905
1382,16096,"s2","m1",-0.0528059574146552,0.284591453205776,-1.80729539239615,-1.58150815711376,0.0676998163507823
1383,16102,"s2","m1",0.0327065683144956,0.309109829464396,-1.80357700520412,-1.49227774537261,-0.203674707239791
1384,16150,"s2","m1",0.132901766003659,0.30157923674754,-1.72327672271438,-1.5934740931408,-0.594417704771403
1385,16151,"s2","m1",-0.0441335020402767,0.283869644663324,-2.33747474603038,-1.54608172185452,0.154578928214232
1386,16157,"s2","m1",0.0090452105626849,0.302680632421912,-2.21536776725069,-1.26643449443557,0.113925385879089
1387,16186,"s2","m1",-0.000770046776395669,0.323533838068928,-1.81251890896986,-1.3830959606613,-0.398337384550248
1388,16193,"s2","m1",0.0434090967977116,0.210795757498522,-1.77700848671579,-1.66590610022023,-0.202326703758855
1389,16225,"s2","m1",0.0248684038323606,0.276312208205526,-1.80284582845064,-1.38964044262941,0.095130332543975
1390,16240,"s2","m1",-0.00271448677275873,0.293010844775188,-1.84690408307928,-1.47894603636302,-0.119599683158086
1391,16241,"s2","m1",0.0323461959771838,0.214038293095502,-1.72649020527228,-1.53763126274357,0.476328803083127
1392,16315,"s2","m1",-0.000335608214765238,0.261959572427165,-1.99653314707627,-1.36963663287532,-0.151376307698752
1393,16318,"s2","m1",0.0519241088549079,0.32890232723136,-1.61574398047211,-1.37571366511707,-0.815278934172799
1394,16326,"s2","m1",-0.0486702020932823,0.218821907089748,-2.31380626655107,-1.66266789913057,0.194199171636705
1395,16334,"s2","m1",0.0202067971447253,0.370787407906399,-1.90655561789008,-1.56945419680413,-1.34379902947383
1396,16335,"s2","m1",0.0762362113715845,0.308333119915333,-1.8455846498354,-1.38685871240244,-0.257383631074936
1397,16373,"s2","m1",-0.00972373702717517,0.271634354435404,-2.18283366759042,-1.36080220037166,0.144711010616764
1398,16377,"s2","m1",0.0530881289485984,0.317943002883962,-2.01201579138339,-1.37742630769616,-0.690626578299877
1399,16388,"s2","m1",-0.0228832275684374,0.307567798083925,-1.6758597898273,-1.53844138582676,-0.229106883005029
1400,16415,"s2","m1",-0.0449936769544312,0.287940868895416,-2.26659209725976,-1.603031608832,0.221387007491131
1401,16430,"s2","m1",-0.0554849112698673,0.282596119101267,-1.6794179580238,-1.4364769338666,-0.302241610506728
1402,16434,"s2","m1",0.022526836354206,0.305284567665784,-1.69248015277996,-1.41745635342882,0.0887425362772591
1403,16446,"s2","m1",0.073396460295579,0.359872396907776,-2.39700574050545,-1.35177773919935,-0.314442411824227
1404,16476,"s2","m1",-0.00352004549740036,0.216469697384268,-1.81205050812854,-1.6091847716251,0.333332181314613
1405,16478,"s2","m1",-0.00510159945189557,0.306399261199672,-2.2064305986061,-1.71588868470632,0.591698370187702
1406,16479,"s2","m1",-0.0380066806874538,0.299578363776881,-2.36235248701192,-1.60761923035544,0.0425931653290768
1407,16483,"s2","m1",-0.0751099229372335,0.245491324709581,-1.94726844744834,-1.61135913058648,0.0803700137207131
1408,16486,"s2","m1",0.00232219078115586,0.352279821131395,-1.72116924018634,-1.59052134583175,-0.141380366032712
1409,16507,"s2","m1",0.00448109041147944,0.245355984047385,-1.64879984267914,-1.75715884612955,-0.376630508691095
1410,16508,"s2","m1",0.100097304607613,0.340424258107278,-1.83152215139138,-1.56566987861702,-0.499082689621938
1411,16518,"s2","m1",0.0254163792642702,0.303034924982478,-2.20105329781534,-1.58740025379856,-0.425069879124195
1412,16537,"s2","m1",-0.00846342943973359,0.24332501543445,-1.95692046900215,-1.6138106661476,-0.149013282076329
1413,16549,"s2","m1",0.0109400877795563,0.316164051113334,-2.05082974208325,-1.51845577626029,-0.213548369024927
1414,16555,"s2","m1",-0.0460809285458952,0.254309578931415,-1.96341255702382,-1.38683766332255,0.0387655681041203
1415,16562,"s2","m1",-0.00589113366635948,0.305852281005639,-2.3837243320993,-1.5642316081859,0.148296978569576
1416,16572,"s2","m1",-0.0260350646764213,0.311933339180752,-1.9087442276423,-1.31764203976085,0.364264397499501
1417,16574,"s2","m1",-0.0173899290764875,0.338033546752392,-2.17686082995946,-1.46016912461596,-0.453766085102164
1418,16591,"s2","m1",-0.0501846652057105,0.245657166952317,-1.91855959451952,-1.71067155970759,0.721107210444336
1419,16619,"s2","m1",-0.0205226772103067,0.233391654665951,-2.13925574879005,-1.59657750783752,0.569630836790521
1420,16624,"s2","m1",-0.0536981175354111,0.341710614948641,-2.13310842355304,-1.34666694782889,0.383884059127609
1421,16649,"s2","m1",-0.00941019478001662,0.314361362740729,-1.90238592383849,-1.40804091575088,-0.215906816306803
1422,16659,"s2","m1",0.0183799413084155,0.330477571833245,-2.07155206604031,-1.63849328625988,-0.362190143675637
1423,16663,"s2","m1",0.063888878265639,0.268572271204689,-1.88916684078938,-1.65092098266364,-0.345508999814983
1424,16668,"s2","m1",-0.0367470725405694,0.332160343180104,-1.76678542334795,-1.52754523769521,0.208975229098014
1425,16674,"s2","m1",-0.0635062562982783,0.232260181458536,-2.50727844211931,-1.81229944769443,0.165512569131517
1426,16681,"s2","m1",-0.0742233270241204,0.335542695129906,-1.98306747833128,-1.51040232766187,0.146474654159971
1427,16688,"s2","m1",-0.015320562073078,0.282925635240557,-2.01046747411137,-1.30603875567482,-0.392430753381798
1428,16709,"s2","m1",-0.0192276587584171,0.303894314291459,-2.10994411913039,-1.42807480094998,-0.665947763110906
1429,16719,"s2","m1",0.0387264187609241,0.39572185645306,-1.70763628843836,-1.63158681592044,-0.557380617796617
1430,16757,"s2","m1",0.0241266637075542,0.321662700187444,-2.06830017859072,-1.70130191337809,-1.20821754329603
1431,16758,"s2","m1",-0.0749281503022885,0.260659317695615,-2.40795957010192,-1.41493925190301,0.763996369294718
1432,16764,"s2","m1",-0.0828069997515244,0.267994971764387,-2.13028188211612,-1.54863313843062,0.40467374893104
1433,16766,"s2","m1",-0.00715205620013525,0.255715751662622,-1.77810026884417,-1.32178483843201,0.120062521348361
1434,16769,"s2","m1",0.0251015823647319,0.282493194058029,-2.05081636157834,-1.40496309761462,0.0908866341315732
1435,16825,"s2","m1",-0.0190929989234947,0.254548463375183,-1.89220897618592,-1.5489715917701,0.398452784654676
1436,16837,"s2","m1",0.0107532587416991,0.276351123742287,-1.79101455426492,-1.54877171613376,-0.362756004610994
1437,16850,"s2","m1",-0.021575332809296,0.292703913082889,-1.92334988588977,-1.64589264611712,-0.0749553315398936
1438,16862,"s2","m1",-0.0483579469011765,0.295529097160015,-2.27787967198634,-1.586566610569,-0.352920176570572
1439,16877,"s2","m1",-0.104843597627389,0.338217909340893,-2.22329869270771,-1.6138407983131,0.429646917578802
1440,16908,"s2","m1",-0.0905334039973406,0.264542175050652,-2.48994056243016,-1.60787311728428,0.234393157568126
1441,16921,"s2","m1",-0.0130497132586569,0.318254765317474,-2.22307416798701,-1.43744819358357,0.0881410186347141
1442,16927,"s2","m1",-0.027759617197608,0.286863413430913,-2.24390917159231,-1.70800886228193,0.358375321058227
1443,16932,"s2","m1",0.0279625040315274,0.316319228868744,-1.91589920432167,-1.51129065685851,-0.495056904798932
1444,16937,"s2","m1",-0.0130749044537989,0.231556274620006,-2.23995114325468,-1.53828034246121,-0.155899181696274
1445,16941,"s2","m1",-0.0663996883137927,0.247561379945331,-2.25222475796333,-1.69093147340932,0.269901680738333
1446,16942,"s2","m1",-0.0118238209682241,0.280751698846249,-1.90072680537797,-1.40034193447882,-0.0209964057274424
1447,16943,"s2","m1",-0.0903684717441851,0.296183902839212,-2.22556535667282,-1.91866281566349,0.743718677966927
1448,16944,"s2","m1",0.0205925708804778,0.320625399982821,-1.84173655026296,-1.57666684480574,-0.542351275742022
1449,16946,"s2","m1",0.00484621769191785,0.31489989405527,-1.83516829262684,-1.42389737735922,0.167645222894568
1450,16973,"s2","m1",-0.060059328268459,0.27103293639639,-1.995955400293,-1.69031104267549,-0.0694880686749145
1451,16981,"s2","m1",-0.0299710034741135,0.261208862951132,-2.1638987830797,-1.7162565767191,-0.117720813812882
1452,16987,"s2","m1",-0.0952726263987813,0.281261345353751,-2.04511904244273,-1.53440836688264,0.372047191098371
1453,16993,"s2","m1",0.0445290599803375,0.3457742984956,-2.15366726678803,-1.58196081128301,-1.05018264076975
1454,17028,"s2","m1",-0.0256826936113688,0.290861255581593,-1.85614853166198,-1.27535700384629,0.111146098779138
1455,17032,"s2","m1",0.0735120433889978,0.259881778873614,-1.8220087357923,-1.585483558179,-0.695740207712998
1456,17040,"s2","m1",-0.0897018408911456,0.221733631200051,-1.90539675724009,-1.56239103196451,0.1514800444791
1457,17069,"s2","m1",0.0751655298874712,0.304067260199986,-1.90369065273414,-1.29596952869404,-0.515460453492352
1458,17073,"s2","m1",0.0171192716950658,0.254153715127459,-1.82345310650076,-1.83133031353695,-0.29378533426906
1459,17098,"s2","m1",-0.0134498426962298,0.356104113715,-1.85515665120496,-1.59802472524304,-0.240987138195186
1460,17125,"s2","m1",-0.0709344914640846,0.20482521740587,-2.64653568572302,-1.49374552577944,0.526487693760054
1461,17131,"s2","m1",0.0331324986674635,0.269406593391363,-2.41435899550006,-1.64143422194352,-0.209968794200693
1462,17139,"s2","m1",0.0448450959805597,0.23985311228153,-2.06058471446719,-1.55548224799252,-0.198362276951269
1463,17141,"s2","m1",-0.0540926982536531,0.268173134511159,-2.21411516697493,-1.59898362781393,-0.00236707297088107
1464,17143,"s2","m1",0.0403324755264713,0.337899258501896,-1.72657430338477,-1.74111435405383,-1.02111929931007
1465,17144,"s2","m1",0.0613800747323329,0.254652835761082,-2.07016694090123,-1.48481743097445,-0.0963040571233978
1466,17146,"s2","m1",-0.0326857873204386,0.296045924130848,-2.22363267218186,-1.7998948800399,0.360796916047283
1467,17184,"s2","m1",-0.0171009504634645,0.311762132229136,-2.12413884570067,-1.71006617466017,0.1209928283416
1468,17202,"s2","m1",-0.022340185913277,0.272048010705135,-1.96318011042968,-1.87545128291268,0.237772071880761
1469,17204,"s2","m1",-0.0702642879280842,0.24881714499188,-2.18818205434551,-1.67188503703774,0.136357570722273
1470,17207,"s2","m1",0.0278737101113213,0.206125054206976,-2.35585969387735,-1.78504886783465,0.218066536768831
1471,17213,"s2","m1",0.0222428712231839,0.237863712813474,-2.00502155476051,-1.59105558161809,-0.615766362781578
1472,17223,"s2","m1",-0.0326617978851153,0.260949378089218,-2.10504234196991,-2.02884600585935,0.780971484654843
1473,17228,"s2","m1",-0.0134806542417086,0.345673233964993,-2.27771492324077,-1.6262125964681,0.0383417825552567
1474,17239,"s2","m1",-0.0311782683444446,0.172430420057166,-2.2453870771308,-1.91680216475119,0.452909839699122
1475,17241,"s2","m1",0.00454752080791124,0.326493458806717,-2.2252271390834,-1.72517772089316,-0.75358421583688
1476,17245,"s2","m1",0.0159921261383306,0.298308076175262,-2.14622365335251,-1.35819130656286,-0.559064669265272
1477,17254,"s2","m1",0.098790105104012,0.361305037115942,-1.8100752807823,-1.15965930967148,-0.681597807648394
1478,17284,"s2","m1",0.0356982699056192,0.282889957414206,-1.8423301143063,-1.6311090544105,-0.672877175713645
1479,17303,"s2","m1",-0.0761354446120809,0.268649199739857,-2.01184012463645,-1.76800381645238,0.0700765131737134
1480,17321,"s2","m1",0.0544365023601544,0.296338437256439,-2.10356675016378,-1.92783519453611,-0.769072560775843
1481,17322,"s2","m1",0.0185206214014861,0.241989816382069,-1.8272736388576,-1.66248533904058,0.084890480184745
1482,17328,"s2","m1",0.0632123292906182,0.348220706438943,-2.10393472846997,-1.38138754378739,-1.25541911769194
1483,17336,"s2","m1",0.0428838063764313,0.233947397514235,-2.13447056891139,-1.43243283608657,-0.866195856992255
1484,17348,"s2","m1",0.00220969527210822,0.297545824674504,-2.45493753223654,-1.63608212749387,-0.389408027661393
1485,17382,"s2","m1",0.0208068879140597,0.358991997033685,-2.09398116839394,-1.5082997079939,-1.03728729139471
1486,17387,"s2","m1",0.0836176738610176,0.430703850138325,-1.93030779266429,-1.36016161343458,-1.5851083339286
1487,17394,"s2","m1",0.0534701535220631,0.209165715172183,-1.68575447495633,-1.55560552626363,-0.397864364314914
1488,17412,"s2","m1",0.0328901955803464,0.295619071830382,-1.97985340997576,-1.53446523279744,-1.09753223608749
1489,17426,"s2","m1",-0.0309615757256554,0.277031814216287,-2.47262388616929,-1.51890329950156,0.366685499350539
1490,17440,"s2","m1",-0.0961454238510232,0.26252139383124,-2.0699888970546,-1.40881771948525,0.474649511539263
1491,17463,"s2","m1",-0.0274699359268491,0.297663817121496,-2.08456000594171,-1.46315407611662,0.176681972095988
1492,17474,"s2","m1",-0.115060537029735,0.262948638215602,-2.11089146343771,-1.76522027508179,0.644893036206516
1493,17494,"s2","m1",-0.0324942450858282,0.282047088506228,-1.82485158462801,-1.47932640402068,-0.423655153113803
1494,17497,"s2","m1",0.0224447884647689,0.23590455638205,-1.84186808579531,-1.52781561384813,-0.6136733698687
1495,17507,"s2","m1",-0.0202787589825545,0.349961794073358,-1.93838458913828,-1.71210353534172,0.204548026468432
1496,17511,"s2","m1",0.0198847448402524,0.26691271439524,-2.03725786587759,-1.6586576686978,-0.137913863712899
1497,17528,"s2","m1",-0.0319791913849911,0.238075611272033,-2.12012223894209,-1.64098849940778,-0.302316719199037
1498,17532,"s2","m1",-0.0567811459691854,0.259026360479593,-1.85358521985512,-1.50098398124711,0.589881846255857
1499,17549,"s2","m1",-0.0390690555423885,0.244998824283072,-2.3584803971425,-1.5653651081997,0.00395434707791781
1500,17555,"s2","m1",0.000972282447031039,0.269358036843692,-1.83018728951119,-1.54323758110678,0.146668946537769
1501,17560,"s2","m1",-0.00679465489354564,0.289331300201587,-2.3714439784036,-1.39236877464189,0.236045781393888
1502,17571,"s2","m1",-0.0334522803777232,0.349332474347267,-1.97801992743651,-1.57769742685918,-0.474936330561096
1503,17599,"s2","m1",0.000201455830059961,0.272727260858173,-2.09927822836637,-1.46974099424263,-0.89612182025607
1504,17604,"s2","m1",-0.0189845704792247,0.280109404758978,-2.01532578725575,-1.61452957348672,-0.358992682787943
1505,17621,"s2","m1",0.0709137277480122,0.307263819131293,-1.94416554951043,-1.61968866411182,-0.610415339548178
1506,17622,"s2","m1",0.00220812847860188,0.245341012900802,-2.15654671254036,-1.42802793139583,0.00487140055875332
1507,17629,"s2","m1",0.0356840923588113,0.312910041756205,-2.23839899183579,-1.63539286069199,-0.212980443992831
1508,17630,"s2","m1",0.00944957073878911,0.309737705864743,-1.69520645371617,-1.66424090913044,0.0867814996295559
1509,17693,"s2","m1",0.00483464476569353,0.227999501515448,-1.85580523036673,-1.47422972464494,0.191798397879761
1510,17720,"s2","m1",0.0373215449272196,0.366064153866593,-1.9148620876242,-1.44232463881088,-0.401483391674014
1511,17733,"s2","m1",0.093222018181827,0.293503467093944,-2.19113715358426,-1.86132630946983,-0.464061356343231
1512,17752,"s2","m1",0.0445660536944627,0.349005629180008,-1.96802171464562,-1.53111979986694,-0.603692485996323
1513,17767,"s2","m1",0.00133395095105818,0.290454674396427,-2.16584731414475,-1.5669848231415,-0.225906643614171
1514,17795,"s2","m1",0.0387311210034965,0.300225603945284,-2.03175329564447,-1.27579120127872,-0.665813059894808
1515,17797,"s2","m1",0.0641097744400846,0.349536199034025,-1.81360220218837,-1.45756389032042,-1.84200938051062
1516,17803,"s2","m1",-0.0641051635831428,0.22637072014961,-2.11747927065236,-1.58755137722,0.504441965284443
1517,17814,"s2","m1",-0.0340706292371338,0.250882151109761,-2.3460494253689,-1.64733866429918,0.457109909380179
1518,17820,"s2","m1",-0.0100205621941181,0.185785771278851,-2.49690108588643,-1.86214869592239,0.530368545639718
1519,17828,"s2","m1",-0.054516388666046,0.266487831974355,-1.94933823686365,-1.79698496789156,0.0973920512284856
1520,17845,"s2","m1",0.0312695840500767,0.276824399321977,-2.20027838263595,-1.40212846864673,-0.773402426996358
1521,17856,"s2","m1",0.0306636321546654,0.302139023912263,-1.64295807233841,-1.40367352582774,0.148353109854893
1522,17877,"s2","m1",0.0116652488245122,0.308034818821288,-2.26312347923286,-1.74822180548902,-0.357342240182138
1523,17897,"s2","m1",-0.0331709325584412,0.160069627198044,-2.09704771468458,-1.47973358337,0.185158722087917
1524,17898,"s2","m1",-0.0310670924360161,0.250486914484681,-2.44911409449042,-1.72793576745037,0.681875031512662
1525,17901,"s2","m1",-0.00838936262044858,0.218724919273804,-1.85937194206433,-1.65648950285572,0.768968394628513
1526,17926,"s2","m1",-0.0130003874152978,0.295760223526152,-2.34874944934947,-1.41597409528137,-0.10463869861005
1527,17932,"s2","m1",-0.0856365352059052,0.21895239194707,-2.49103301369322,-1.83415455279515,0.516872774925358
1528,17954,"s2","m1",0.0365388020341239,0.293610765065301,-2.14970835146292,-1.56158134952459,-0.723424133308222
1529,17969,"s2","m1",0.0250089577470873,0.307915990392232,-1.69939805979602,-1.56662132247888,-0.18473957787008
1530,17981,"s2","m1",-0.0501987116412834,0.23928156492521,-2.28174081546424,-1.56506240444845,-0.106997001955864
1531,17996,"s2","m1",0.0831346245808231,0.355219466256869,-1.76148041355661,-1.43347495714004,-0.811321312308384
1532,18018,"s2","m1",0.0305846332305493,0.350390903354953,-1.91905057709168,-1.38793494182066,-0.681313106199253
1533,18033,"s2","m1",-0.0854474476582487,0.286185134170675,-1.79896900427414,-1.54113663413045,0.391630506515151
1534,18035,"s2","m1",-0.0467420334325973,0.244066511459226,-2.32534444261538,-1.79649384398633,0.234981179414782
1535,18044,"s2","m1",-0.062094186198182,0.291239525927623,-2.12946499150291,-1.75245732698503,-0.138113501585566
1536,18060,"s2","m1",-0.0213129592475,0.310506421358669,-2.41582913092385,-1.29341273240466,-0.0721875141306963
1537,18064,"s2","m1",0.0047686709893494,0.233931942145621,-1.97108978143817,-1.86927939646307,-0.102642485428736
1538,18090,"s2","m1",-0.0303794321870228,0.254469117723504,-2.03792395730464,-1.46583713073084,0.149938922171079
1539,18104,"s2","m1",-0.0903693178388268,0.199082301136134,-1.99139635661265,-1.61786076259553,0.422010492595954
1540,18117,"s2","m1",0.0560230743454849,0.286987756087184,-2.45941488318806,-1.38009432652196,-0.327080863708697
1541,18131,"s2","m1",-0.0798862391809309,0.26791818689116,-2.37756963781265,-1.66079814624283,0.29634852714219
1542,18139,"s2","m1",-0.100144703488215,0.300381469262586,-2.11372634031173,-1.49536615093113,0.28515643237016
1543,18168,"s2","m1",-0.0547361367209027,0.230079055263303,-2.1252182662238,-1.58489687174218,0.436103611186012
1544,18170,"s2","m1",-0.0560760975876356,0.288532713225489,-2.20168095230261,-1.33301739113516,0.0656516298666034
1545,18179,"s2","m1",-0.00323392216994502,0.257942421262782,-2.16404369542339,-1.66623860899354,-0.054366395110513
1546,18186,"s2","m1",0.00364215039152573,0.298921525517863,-2.31567115369068,-1.46252698573216,-0.0374932773184344
1547,18196,"s2","m1",-0.077343021213357,0.320229610789378,-2.02571947831996,-1.36465162398682,0.17894659359361
1548,18215,"s2","m1",0.0527950627647947,0.388553181790368,-1.94198489362886,-1.2117193376683,-0.425396993267111
1549,18235,"s2","m1",-0.0310049853381002,0.231059586030277,-2.74125498138559,-1.67152231463062,0.279269914784303
1550,18236,"s2","m1",0.00713926470810198,0.3085664990345,-1.93011879537403,-1.3535192913148,-0.0734631233668978
1551,18237,"s2","m1",-0.0760201320077752,0.252231159518004,-2.42603057896908,-2.00134970359103,0.191398470665303
1552,18254,"s2","m1",-0.00851409701086365,0.203542322070554,-2.09130071663095,-1.63544644813323,0.223559322408214
1553,18266,"s2","m1",0.0536430090065011,0.278922078117832,-2.2321275843974,-1.63891330357082,-0.133591316000913
1554,18280,"s2","m1",0.103448232292154,0.340640795846358,-1.68707071926799,-1.32048692228679,-1.39019738451819
1555,18284,"s2","m1",-0.0964482882354121,0.216769644809571,-1.86867084310674,-1.5458753897451,0.718734882998368
1556,18286,"s2","m1",-0.0418738564072304,0.341827090151439,-1.8521729225587,-1.57041743527969,-0.452950599118585
1557,18295,"s2","m1",-0.0239252821428548,0.272785700727283,-1.882474714188,-1.55717222517712,-0.471060725023819
1558,18302,"s2","m1",0.00096662923655985,0.305065109250289,-1.86827869168857,-1.65342897341129,-0.128157565528787
1559,18322,"s2","m1",-0.0871307485850898,0.237335413875957,-2.22467611100827,-1.94614486479999,0.224459803482607
1560,18331,"s2","m1",0.012429196066795,0.312547937656946,-2.02689377533233,-1.51109968993805,-1.01756492569625
1561,18340,"s2","m1",-0.00188718534157135,0.278629928742668,-2.16274655279271,-1.79116874318227,-0.535086685498328
1562,18375,"s2","m1",0.0631024652444786,0.250783040060216,-2.00347396923684,-1.65591621580164,-0.850173204848412
1563,18395,"s2","m1",-0.0243810330359839,0.246885464237812,-2.30810276490956,-1.54208756867074,0.0570561956477147
1564,18396,"s2","m1",-0.0187633973857508,0.316560544783768,-1.77467042508946,-1.52397643586232,-0.00398460016942668
1565,18414,"s2","m1",0.0956433617162512,0.317397194286206,-1.97150739421437,-1.79873716990269,-1.00142335037693
1566,18415,"s2","m1",0.0605621518469407,0.298935901443157,-1.62971899296052,-1.24683396239007,-0.629520569861276
1567,18419,"s2","m1",-0.0078127210894186,0.301765497412147,-1.83292015283926,-1.35429131076704,-0.0134872029345251
1568,18421,"s2","m1",-0.00948405621695733,0.232156081196308,-2.20711565300415,-1.6523411473221,0.0165903709570113
1569,18428,"s2","m1",-0.0583373756839365,0.227960539711509,-2.35009553294609,-1.67894210968759,-0.227078021582118
1570,18430,"s2","m1",0.0997438149350391,0.304448650237453,-2.09762414671839,-1.40204991054612,-0.949678201971155
1571,18436,"s2","m1",0.0218365428995462,0.313328366188048,-2.14262349706683,-1.65901679323631,0.21070047284033
1572,18464,"s2","m1",-0.0035144422844299,0.260438390336251,-1.95996972981819,-1.79224321824916,-0.247583768131356
1573,18469,"s2","m1",0.0632243199199693,0.349967714846869,-1.99529192106273,-1.36447922112351,-0.108380284900387
1574,18481,"s2","m1",-0.06883131454973,0.235116574970539,-2.43125831575957,-1.48766768659145,0.423224008175214
1575,18484,"s2","m1",-0.0650389983649866,0.251831588408992,-1.91502401372232,-1.77466955519614,0.0521020883846462
1576,18493,"s2","m1",0.00536771618199917,0.288556570987939,-2.26170986833649,-1.45579471996192,-0.254982898518008
1577,18506,"s2","m1",0.0687143442972549,0.328962483962719,-2.02823948668535,-1.53091665792872,-0.793210846308422
1578,18514,"s2","m1",0.093152398158625,0.29929198519288,-2.07338730222785,-1.82913164250716,-0.984813807169108
1579,18521,"s2","m1",0.0562136433862392,0.349109313664921,-1.92511560339426,-1.25716199914631,-0.538434975970805
1580,18526,"s2","m1",-0.0259566812628397,0.274791434999086,-1.99445751960853,-1.39119517294034,-0.167586280520356
1581,18528,"s2","m1",0.0266680531877729,0.295048720083187,-2.33298204381718,-1.53073215493105,0.0376755656750608
1582,18536,"s2","m1",-0.0068517552339736,0.181341825758112,-1.92565501454672,-1.56788231744973,0.168446691538336
1583,18555,"s2","m1",-0.0579989998590884,0.277323116743388,-1.98412496874318,-1.43121563883773,-0.078712068901511
1584,18563,"s2","m1",-0.0492145390820741,0.310116145155444,-2.06599083578629,-1.52478182952881,-0.647333686916292
1585,18585,"s2","m1",-0.0609448436982783,0.318770297391685,-1.98130584160158,-1.58602289636922,0.496830518435502
1586,18594,"s2","m1",-0.00598536427002314,0.274103680176617,-2.13775084108004,-1.56503672282107,0.314962323347204
1587,18621,"s2","m1",-0.00649282023589906,0.177631450395671,-2.05726211259268,-1.59860083077027,0.0593643999463407
1588,18624,"s2","m1",-0.0412174624057126,0.245806279196479,-2.05145707883886,-1.7725875359814,0.163863950111384
1589,18629,"s2","m1",-0.00206854070920148,0.292347481532745,-2.22746614389728,-1.72783441391468,-0.377852145241846
1590,18683,"s2","m1",-0.126810069151289,0.178676186671514,-2.41664345402217,-1.73349127605486,0.710874402787046
1591,18700,"s2","m1",0.00139528470488839,0.31770676705833,-1.80851705877629,-1.45054270677968,-0.0250130579004952
1592,18702,"s2","m1",-0.0190279323838134,0.266980372215372,-2.01480695380098,-1.31726402425255,0.049120995765009
1593,18733,"s2","m1",-0.0407218445658323,0.288639736143269,-2.36752578109056,-1.83264027270886,-0.294109242815717
1594,18743,"s2","m1",-0.0685070573758891,0.24727815626689,-2.0191633293481,-1.63660702161062,0.231889963894224
1595,18745,"s2","m1",-0.0406903997637484,0.315967303585793,-2.28890214212353,-1.612464274675,0.482680338767884
1596,18748,"s2","m1",-0.022477720585506,0.306994006371262,-1.86653925954358,-1.50306172626192,0.410177349293932
1597,18766,"s2","m1",0.0360233962024909,0.269773646477493,-1.98242836024652,-1.56793174429393,-0.204308370192805
1598,18791,"s2","m1",-0.11651048203493,0.165075055718241,-2.53196623195468,-1.80630793099652,0.346897891928944
1599,18795,"s2","m1",0.0275057099127007,0.347351800521854,-2.20917600189765,-1.52821091323914,-0.742988019440194
1600,18808,"s2","m1",-0.00361596813014164,0.32679091258226,-1.84468028925138,-1.55519068008076,-0.272453861725073
1601,18811,"s2","m1",0.0520220913833329,0.2584406532885,-2.03751172810864,-1.50355263956895,0.159370672529183
1602,18814,"s2","m1",-0.0287759180801587,0.27883770324136,-2.24572219228265,-1.77277968187535,-0.523307518873974
1603,18828,"s2","m1",0.0370552273062982,0.401571332258863,-2.02787553726056,-1.49840471289977,-0.995610157960084
1604,18844,"s2","m1",-0.0309693836262539,0.220091241008606,-1.77616954340633,-1.54005043990893,-0.0853906474099828
1605,18863,"s2","m1",-0.0375469883950102,0.246213626011076,-2.08707375019842,-1.66322244736383,0.184164702886096
1606,18873,"s2","m1",0.00344240166810554,0.288187512531702,-2.08321886347369,-1.34053050524245,-0.215840977438053
1607,18879,"s2","m1",-0.00160003564676039,0.243277854690018,-2.27156511693538,-1.68317566496793,0.193651031875259
1608,18895,"s2","m1",0.00155085560614835,0.288063072797058,-2.13858171070957,-1.4761369669585,-0.618384664249298
1609,18924,"s2","m1",-0.00510266631664675,0.247659011433491,-2.50971126628224,-2.30865224076851,0.246935429788004
1610,18932,"s2","m1",0.0557882288290277,0.327466204701115,-1.78068982123326,-1.48025312242768,-1.37642645535965
1611,18936,"s2","m1",-0.112960920194545,0.298069862814182,-1.85698981065926,-1.60207648149919,0.0987621132303975
1612,18939,"s2","m1",-0.0509636554488225,0.244050712849448,-1.85235680323326,-1.48298686144056,0.382526407323593
1613,18940,"s2","m1",-0.0631703531799783,0.206229155110072,-2.23738941536459,-1.90728759975201,0.541997415030233
1614,18951,"s2","m1",0.0206899517039241,0.339915687804857,-1.97687068715795,-1.46112211760767,-0.261803574020727
1615,18969,"s2","m1",0.0700054610337694,0.347337035546783,-2.01113349528486,-1.76436298643902,-0.991888315205885
1616,18977,"s2","m1",0.048700442943795,0.375475235336011,-1.71387881787569,-1.4786785273661,-0.490160846341191
1617,18983,"s2","m1",0.0611614141868114,0.298055640699206,-1.84326701943614,-1.34596491008013,-0.590232176190512
1618,18995,"s2","m1",-0.0831059031760293,0.186274890652198,-2.79612553840019,-1.58545714874335,0.59970675541802
1619,18996,"s2","m1",-0.024474796375905,0.307238969637705,-1.90540817301824,-1.41060332170853,-0.623838828579491
1620,18998,"s2","m1",-0.00483018397556386,0.27540707273718,-2.00076829931384,-1.67077498664143,0.281269154712263
1621,19014,"s2","m1",0.0114965764474253,0.321469276176411,-1.96043553127148,-1.68719762052062,-0.458175246315488
1622,19022,"s2","m1",-0.0177127116645067,0.244845516679457,-2.31380817862512,-1.54387547797416,-0.419814318701082
1623,19030,"s2","m1",-0.00937607589298379,0.315307622097545,-1.98284736153784,-1.51670596990346,-0.175262287982715
1624,19033,"s2","m1",0.0115970583327319,0.278993033603404,-1.86470237873227,-1.44461351244923,0.0778764660172319
1625,19042,"s2","m1",-0.0885383067090748,0.224038228192268,-1.86153362343062,-1.66107281604016,0.352765111013688
1626,19047,"s2","m1",0.0109531463451402,0.258837625840594,-2.09132425715884,-1.8852594790892,-0.202795490584449
1627,19051,"s2","m1",-0.0337036555793273,0.278082276191032,-1.97809514257105,-1.8959111064532,-0.35003672060134
1628,19092,"s2","m1",0.00718085188997467,0.328398856846941,-1.88843811836329,-1.53181522882759,-0.152984651262964
1629,19109,"s2","m1",-0.00756751781464073,0.300824863503376,-2.09738951592227,-1.55235300285442,-0.0392938263361434
1630,19137,"s2","m1",-0.0313604780579424,0.251390676823134,-2.00437670260626,-1.5051048525091,-0.604316441788233
1631,19148,"s2","m1",-0.0187466484690414,0.388496842286922,-2.01713837245007,-1.49796941021668,-0.324438410633636
1632,19158,"s2","m1",-0.0669620794383486,0.213490142273672,-2.40097893417419,-1.4855149484317,0.719638722985126
1633,19173,"s2","m1",0.0218102408585358,0.255089876096182,-2.35028083676324,-1.355211587404,-0.922493173036152
1634,19181,"s2","m1",-0.0767048388470348,0.157248877706592,-1.84067839503054,-1.98789210631523,0.631089685215334
1635,19183,"s2","m1",0.0602790099707555,0.290815100548187,-1.7691538388699,-1.78310765582786,-0.282615115040515
1636,19191,"s2","m1",-0.0466583159252931,0.316538529670164,-1.67407062957479,-1.53012384192538,0.238048861946798
1637,19194,"s2","m1",0.0083401099893515,0.293659465169782,-2.06406343393017,-1.76247777896021,-0.361722874907032
1638,19199,"s2","m1",0.0330291543215227,0.288755049127209,-2.4056604068996,-1.53415919556001,-0.194346284228812
1639,19201,"s2","m1",0.0472251781968767,0.292604986526817,-1.87725674795908,-1.56673592075212,-0.90643369534489
1640,19204,"s2","m1",0.00897224275013535,0.243468764449577,-1.97049221848874,-1.49519260629087,-0.188540502165616
1641,19207,"s2","m1",-0.0594189362377363,0.294020253664824,-2.01843338035271,-1.67724429624487,-0.0114633068812507
1642,19221,"s2","m1",0.0125264458345348,0.287429910551178,-1.926770439464,-1.87947695352121,0.277079308083008
1643,19226,"s2","m1",-0.0292052568282691,0.246095380159074,-2.10825850629979,-1.74152035841878,0.101143096179449
1644,19311,"s2","m1",0.0713439291314565,0.355077011350037,-2.30403564504459,-1.30956566391396,-1.14166751203609
1645,19313,"s2","m1",-0.0206652513212297,0.231159235876631,-1.98180274976399,-1.52541284796551,0.318586043003748
1646,19318,"s2","m1",-0.01331952193448,0.386474823377203,-2.2644360334038,-1.41106784855965,-0.316467390447699
1647,19326,"s2","m1",-0.00472216885250759,0.273950533383394,-2.08824515638081,-1.67588136456001,0.114797560506685
1648,19333,"s2","m1",0.00908990500755791,0.262438370532032,-1.76475503251267,-1.62197970975093,-0.433926143205103
1649,19350,"s2","m1",0.0176997431003816,0.311616123554957,-1.63344987138195,-1.62415406650512,-0.720907488342311
1650,19352,"s2","m1",-0.0378669393368873,0.230628577150993,-2.41010683167559,-1.58199576967691,0.134234576546388
1651,19371,"s2","m1",0.0531230517727245,0.36716323300584,-1.74605023243397,-1.75784086831035,-0.891739822644938
1652,19378,"s2","m1",-0.0847173577226989,0.282581597056347,-2.52734465963421,-1.38904068208232,-0.145590139146618
1653,19388,"s2","m1",-0.00942187502350555,0.234086335397211,-2.10861990814688,-1.7639943943381,0.4293311483558
1654,19400,"s2","m1",0.00390553068282019,0.292848278752207,-2.03090479414287,-1.3592097564716,-0.553838502264301
1655,19429,"s2","m1",0.0521278106155483,0.301284508712355,-1.91030318990374,-1.50018328076962,-0.356547687229212
1656,19432,"s2","m1",0.00211406992111454,0.195907383405049,-1.94321609838458,-1.71975019007187,0.130502819870496
1657,19434,"s2","m1",-0.107272588777569,0.262293717143239,-1.9161671992231,-1.54502434387506,0.684410041603554
1658,19442,"s2","m1",0.00675873956173166,0.326498098941351,-2.0529833348516,-1.41692005529906,0.028964573210468
1659,19451,"s2","m1",-0.0740310198593992,0.284925078789009,-2.37027789868501,-1.80011406323828,0.0288361842766955
1660,19453,"s2","m1",0.036008316054845,0.38665881100255,-2.02937607408298,-1.34585735430054,-0.690455726512248
1661,19454,"s2","m1",-0.118090797172858,0.256567950251048,-1.8961219792852,-1.60483393801171,0.621232709583704
1662,19455,"s2","m1",0.035523820768556,0.225413363503321,-1.85275199966562,-1.15729136300068,-0.275839189594736
1663,19456,"s2","m1",-0.101758334596535,0.240723968862088,-2.19193880453503,-1.69533703141788,-0.139158887724824
1664,19518,"s2","m1",0.025024042845944,0.226181561296991,-2.21617611668886,-1.51754799656537,-0.512275297056649
1665,19519,"s2","m1",-0.0211487339817325,0.285146768892568,-1.85770140011072,-1.46236759160241,0.144677627476732
1666,19520,"s2","m1",-0.0467630697447247,0.283264417780476,-2.65460069379668,-1.53777103744769,0.0439762331216012
1667,19523,"s2","m1",-0.0960656338551416,0.262752194705813,-2.08368881043807,-1.62981451058951,-0.437961034983318
1668,19524,"s2","m1",-0.00353379331770819,0.231571808171132,-2.24831065616588,-1.65168959569825,-0.702529574580613
1669,19531,"s2","m1",0.026840400236744,0.328426978057496,-2.02304874401504,-1.73635326156192,-0.26355768254345
1670,19535,"s2","m1",-0.077990539393842,0.247567484982653,-1.97977969699118,-1.64947426506757,0.128905012340708
1671,19569,"s2","m1",-0.00448059200063941,0.226190960797899,-2.01301615642934,-1.80740663170177,-0.391796852954293
1672,19575,"s2","m1",0.0445018179439579,0.277025457096847,-2.00920154351193,-1.43849018231211,-0.140442213423046
1673,19578,"s2","m1",-0.00390706771703819,0.236925919578347,-2.21881172557398,-1.65019821895771,0.27216242829508
1674,19582,"s2","m1",-0.0433623383061246,0.334919878899191,-2.17845953799908,-1.6424416824569,0.236106869782765
1675,19585,"s2","m1",-0.0805341964435266,0.161997630081004,-1.89758591858083,-1.69494035759767,0.374114487717513
1676,19591,"s2","m1",-0.0133073291128883,0.284343445675161,-2.05981189282968,-1.48671409519673,0.176085589947246
1677,19598,"s2","m1",-0.0255034462257292,0.323342625203775,-1.86430221298192,-1.77996331152924,-0.34655778804685
1678,19636,"s2","m1",0.0233268159197769,0.359749751751198,-2.24121064763856,-1.27506267236732,-0.663109447667567
1679,19638,"s2","m1",0.0192745827607814,0.238853973603608,-2.29158482201533,-1.6826717361347,-0.394335153036219
1680,19669,"s2","m1",-0.136639135544518,0.208549763558866,-2.29086207434205,-1.57414082017993,1.10054216558569
1681,19694,"s2","m1",0.0184231248987022,0.269943354226319,-2.6248524584843,-1.59788083610969,0.00731454078903913
1682,19699,"s2","m1",0.0869579336185121,0.257013125702847,-2.27834790675165,-1.59366883025141,-0.734370153694104
1683,19703,"s2","m1",-0.00756285134271023,0.225976440146749,-2.07499400541916,-1.49867392386629,-0.0688207113044473
1684,19719,"s2","m1",-0.0327379880651069,0.307097785118748,-1.85950034791044,-1.56009211070918,-0.329347978999997
1685,19728,"s2","m1",0.0171267035631282,0.28257415024173,-1.73951349686899,-1.57102622286389,-0.220944337147109
1686,19733,"s2","m1",-0.00421892227664951,0.278265308581586,-2.1873202148078,-1.31325372146026,0.0767416221004006
1687,19744,"s2","m1",-0.0154508293143708,0.330155447229928,-2.061873661921,-1.49324518747754,-0.740244751519902
1688,19780,"s2","m1",-0.034955538002074,0.33241687480318,-1.79584672622108,-1.42554162628266,-0.458116254598039
1689,19787,"s2","m1",-0.0790962496564499,0.287549076039139,-2.074827059124,-1.37494651293481,-0.36160536745196
1690,19792,"s2","m1",-0.0771732343041012,0.265677887982737,-1.83335737148677,-1.64812127180698,-0.146522070094686
1691,19802,"s2","m1",0.063321666227244,0.309870915612483,-2.08741161102907,-1.506617315272,-0.283614369841102
1692,19805,"s2","m1",0.0978697733720584,0.316261143321251,-2.11267189113051,-1.59308121253339,-0.428678311421012
1693,19812,"s2","m1",-0.135654858806439,0.181969784261594,-2.43106588479011,-1.8028603826755,0.782926737160641
1694,19826,"s2","m1",-0.0937473808313844,0.305518635648343,-2.01313644705498,-1.55080355756361,0.396976039209043
1695,19872,"s2","m1",-0.0139710920304223,0.231212724207741,-2.44048624545893,-1.76078215104413,-0.00619759835785091
1696,19890,"s2","m1",-0.0198054250075837,0.205151074658558,-2.05457076562121,-1.43890683202808,0.682555321598058
1697,19918,"s2","m1",-0.0209141491956591,0.341477108972371,-1.92920827746256,-1.56081173474768,-0.046958184553364
1698,19929,"s2","m1",-0.0641924210579478,0.241529808812007,-1.77836067048871,-1.52931179796785,-0.0714247771987296
1699,19951,"s2","m1",-0.0333757249806101,0.192039977076459,-2.07521999007043,-1.52388290977978,0.214042914479868
1700,20000,"s2","m1",-0.0191764411718758,0.335774029829123,-2.32240585157515,-1.78886039976031,0.163394409010987
1701,20031,"s2","m1",-0.0142954114256554,0.29874322073908,-1.90836302718985,-1.63018787572298,-0.621018680905908
1702,20047,"s2","m1",-0.010525212620336,0.212138205009629,-1.72967500521534,-1.51165944477341,0.32028781195071
1703,20053,"s2","m1",-0.0214777029997824,0.207329127821951,-1.77241232107976,-1.51252763750153,0.193378896452516
1704,20079,"s2","m1",-0.0510745503384109,0.261343503662756,-1.90131978862262,-1.34128312800744,1.03334507257881
1705,20082,"s2","m1",0.0328620995776575,0.364718971269814,-2.10083596995655,-1.40799809211625,-0.97306706792222
1706,20101,"s2","m1",0.0302301095796361,0.263654349056414,-2.03293244425607,-1.32849158475058,-0.732665391372074
1707,20103,"s2","m1",-0.102113142996004,0.224041610393442,-2.34009185392071,-1.7341300767749,0.706070236209288
1708,20108,"s2","m1",0.0040294480364078,0.248540006513805,-2.46471110841275,-1.52430335830284,-0.455094479503381
1709,20109,"s2","m1",0.0426122718880177,0.38818503479366,-1.60529100684967,-1.48721808235969,-0.39373069639439
1710,20112,"s2","m1",0.0206331690738028,0.313225751143684,-2.18963583947386,-1.42248921116093,-0.769530053644225
1711,20115,"s2","m1",0.0438384866102058,0.273798767145775,-1.66986558226586,-1.5203892408338,-0.504966824802707
1712,20123,"s2","m1",-0.0537613679945458,0.308463154598823,-1.87981980232652,-1.41026367157655,0.470742623506136
1713,20127,"s2","m1",0.00356062582002451,0.243134069889251,-2.18428299290394,-1.53679598149815,-0.257247116185262
1714,20131,"s2","m1",0.0054319876209337,0.224085448624084,-2.06758427605539,-1.53875237215621,0.0562082927340147
1715,20159,"s2","m1",-0.0138172734134122,0.289167057833795,-1.89234011622308,-1.69513110306234,-0.678944545673863
1716,20200,"s2","m1",-0.0356078025700557,0.266601724019373,-2.25503556938134,-1.63276965387234,0.140717442710026
1717,20234,"s2","m1",0.0393940902286679,0.250699569309295,-1.97634223455148,-1.66585221276877,0.144509554222606
1718,20241,"s2","m1",-0.0387894137984536,0.219278674290451,-1.98170066562946,-1.68701303871224,0.204593659701798
1719,20254,"s2","m1",-0.0322287275082464,0.293501983135427,-1.84508779133152,-1.904611277324,-0.291839294329601
1720,20263,"s2","m1",0.0538211095001908,0.392986756782387,-1.89220630307446,-1.41075132156229,-1.46382867485536
1721,20267,"s2","m1",0.0837214403231971,0.328814325599412,-2.01494239750972,-1.48712647845515,-1.11773738907987
1722,20277,"s2","m1",-0.0126542585693477,0.169801359718249,-1.721581127397,-1.68742056211382,0.172701492841895
1723,20286,"s2","m1",-0.117176408476697,0.263727888279703,-2.44166418971691,-1.52745459580148,-0.329909020792023
1724,20314,"s2","m1",0.0196596581712783,0.28256568901141,-2.10580837438289,-1.7770027970051,-0.125984012671663
1725,20316,"s2","m1",0.0356169701261261,0.274367411525241,-1.79583802969031,-1.37337356954392,-0.090245234682689
1726,20343,"s2","m1",-0.0441300328061969,0.197083673961056,-2.32510838822505,-1.95155412243067,0.255318917145683
1727,20356,"s2","m1",-0.112007482626373,0.320307797258644,-2.16249917915893,-1.63057113270857,0.268432977566998
1728,20413,"s2","m1",0.0195119055212472,0.176683221364589,-1.86941144244898,-1.43304396042984,0.273059524514132
1729,20449,"s2","m1",0.0491620357919886,0.223094608792678,-2.44878805941834,-2.01436843312108,-0.245679171762304
1730,20466,"s2","m1",-0.0161950849619186,0.227900895730829,-2.30347593985009,-1.43105457590913,-0.530054697662335
1731,20504,"s2","m1",-0.0151069942188659,0.310288477809177,-1.88479102367034,-1.47203763508226,-1.00495522822687
1732,20519,"s2","m1",-0.00956666822347349,0.302710047122865,-1.85935530086878,-1.37601048800407,-0.0760861244353853
1733,20527,"s2","m1",-0.044477914326681,0.264343195956119,-1.85384781024118,-1.24505726224482,0.289732362238353
1734,20544,"s2","m1",-0.0270304988125083,0.227601329955204,-1.88137959294581,-1.45482102530986,0.0912606452043404
1735,20562,"s2","m1",-0.0665985675772862,0.252158843028592,-2.24008554911102,-1.76911776561263,0.483558094729412
1736,20568,"s2","m1",0.0242237006195646,0.287154202952474,-2.138995294431,-1.4774333670568,-0.117589528456798
1737,20569,"s2","m1",-0.078116891032083,0.241395283128654,-2.19894444618137,-1.35944501687524,0.29503467146163
1738,20585,"s2","m1",-0.0610531752149583,0.220501854108448,-2.27081031420242,-1.56374376728191,0.475629965683445
1739,20589,"s2","m1",0.00821478784908392,0.330695021075149,-2.14542150176281,-1.43577888131115,-0.563236393658586
1740,20616,"s2","m1",-0.11486905553125,0.252913777173978,-2.17405029258925,-1.40875859331911,0.663931311683521
1741,20619,"s2","m1",0.010503777240322,0.210339312346485,-2.3123466573156,-1.50194775689912,0.181926102253889
1742,20623,"s2","m1",-0.00569202454133723,0.23721248636508,-2.62204187342209,-1.37231247972208,0.157877255889703
1743,20662,"s2","m1",-0.163412012494009,0.273250120738091,-2.22041192691107,-1.62882357862705,0.543724673433811
1744,20684,"s2","m1",-0.00255895631601969,0.313666894405278,-1.624151528644,-1.24404558711612,-0.238807763007265
1745,20707,"s2","m1",-0.0989240251520923,0.277987543864862,-2.17651474014348,-1.46357427083779,-0.0598141976597761
1746,20710,"s2","m1",0.00415585548400894,0.257148491428015,-1.97385027756814,-1.78893733010442,-0.135315863247007
1747,20714,"s2","m1",0.0207977568551484,0.253900509630797,-2.09176922687043,-1.96661891256759,-0.76046535365211
1748,20716,"s2","m1",-0.0905251351402675,0.274914216507601,-2.11408192100828,-1.90459334593341,-0.266044368670321
1749,20733,"s2","m1",0.0697259305709699,0.266398933659951,-1.92681825078311,-1.58655023100181,-0.708520052698314
1750,20745,"s2","m1",-0.0650612965940453,0.318959376308742,-1.77448716570263,-1.20831202997033,-0.0162278059580044
1751,20777,"s2","m1",-0.00661892146770565,0.278251906428995,-2.06155301214327,-1.79124546603877,-0.335266609651683
1752,20783,"s2","m1",0.023927886691523,0.306123014626768,-2.15222287142654,-1.62237484637532,-0.325355777667923
1753,20790,"s2","m1",-0.0431131168149422,0.255912045919501,-2.13546867947808,-1.55912744692539,0.0227565055512345
1754,20792,"s2","m1",-0.0696129464557066,0.31112121812122,-2.13404375714396,-1.66198144625133,-0.0672718509913497
1755,20799,"s2","m1",0.0096614914320907,0.254934731679491,-2.0379641060751,-1.6762153978896,-0.59605229789069
1756,20803,"s2","m1",0.0115203066643945,0.350876115787625,-2.08738896880078,-1.47490959717883,-0.78298783489121
1757,20810,"s2","m1",0.124829204043412,0.317955670242413,-2.06664195394426,-1.47221701205479,-0.791335315000234
1758,20824,"s2","m1",0.031507070607537,0.31513159993197,-2.06081079079282,-1.44042875572682,-0.106075267223343
1759,20843,"s2","m1",-0.00338200170498673,0.31980705373947,-1.86766956976135,-1.51163015815272,0.108593062699072
1760,20844,"s2","m1",0.00676193778536554,0.249341083991672,-2.24168873363332,-1.50021024468572,-0.289024142361628
1761,20852,"s2","m1",-0.0601140976764311,0.294017104051782,-2.1226414812498,-1.6626631684254,-0.622219661275806
1762,20857,"s2","m1",-0.0429228140436803,0.292232608429479,-2.06954776608834,-1.37204034089192,-0.10165076975293
1763,20877,"s2","m1",0.0130788853584071,0.254165955406918,-2.2245597138968,-1.60605397150481,-0.935962715188435
1764,20879,"s2","m1",0.0456262781816515,0.323988532268676,-2.30036349023512,-1.51202085765787,-0.432736014177008
1765,20880,"s2","m1",0.0294289752582973,0.323156534066376,-1.81035334315827,-1.50293002072263,-0.311717125122091
1766,20891,"s2","m1",-0.0943639362766987,0.238400250852822,-2.69461162538088,-1.51036333620061,0.039652673611656
1767,20912,"s2","m1",0.0114508784812347,0.218039496871167,-2.02947519080772,-1.50400118082755,-0.376296193745218
1768,20914,"s2","m1",0.0320917162872862,0.271097536846609,-1.90703846481134,-1.65531962288229,-0.190284378086612
1769,20930,"s2","m1",0.000111152432333329,0.297133101680919,-2.02738784049528,-1.29471417222446,-0.234327963171717
1770,20938,"s2","m1",-0.0919227391340999,0.215388216032059,-2.40556904305577,-1.64953647892839,0.334058728552438
1771,20956,"s2","m1",-0.0562082860290901,0.374485761684905,-2.04831841781151,-1.61802902177499,-0.340333160745858
1772,20966,"s2","m1",-0.00711359975266163,0.336434321481863,-2.05536619191909,-1.51956861197419,-0.249987117991152
1773,20974,"s2","m1",0.0123631192654234,0.378152840578701,-1.5544021683092,-1.66286931040271,-0.258681407392365
1774,20982,"s2","m1",0.0249563960400902,0.317939481695369,-1.96876378217076,-1.35055482342799,-0.518907065309278
1775,20989,"s2","m1",-0.0431350824784136,0.28502942656038,-2.31603849223225,-1.63211579769904,0.373998954591215
1776,21005,"s2","m1",0.0837005985182313,0.275105693198988,-2.11920113220038,-1.51021502582962,-0.491126382130979
1777,21020,"s2","m1",-0.120510127719256,0.255839304996029,-1.93493097916753,-1.46298734578952,0.56552631857738
1778,21056,"s2","m1",-0.0572342678580911,0.236667910351763,-2.07681944791337,-1.51367666088754,0.471237825226277
1779,21066,"s2","m1",0.0148421349490396,0.272374425909524,-2.05209165741634,-1.44103511546861,0.106973637842113
1780,21090,"s2","m1",-0.0418910323982702,0.200899783836137,-1.9765716502353,-1.76588534639064,0.639636872072939
1781,21092,"s2","m1",0.0072982995135066,0.224703116458283,-2.24099636861926,-1.59403899711356,-0.043861187716198
1782,21106,"s2","m1",-0.0152563425327639,0.336347614994986,-1.86467976523292,-1.6779664494781,-0.0104337739372799
1783,21121,"s2","m1",0.0399831334280244,0.266939426483023,-1.99556546698745,-1.58982949309177,-0.336868100286911
1784,21130,"s2","m1",0.00248028243305848,0.215495469004649,-1.72404222797082,-1.77098466297931,0.459558945094671
1785,21139,"s2","m1",-0.0457800216369429,0.337718203893277,-1.82376385882824,-1.48820867134368,-0.697484677023975
1786,21144,"s2","m1",0.0858560462728174,0.299445046728798,-1.88350793625407,-1.53862072425584,-0.649728354235907
1787,21152,"s2","m1",0.102997515734948,0.286307851654637,-1.88053477840432,-1.42964527600891,-0.641624465343743
1788,21159,"s2","m1",-0.0692094691245242,0.19561395209352,-2.26579578629618,-1.63935277499849,0.0755394404915717
1789,21163,"s2","m1",-0.00662723302913009,0.24218047022076,-2.12892762095027,-1.63637363388988,0.509642181591088
1790,21177,"s2","m1",-0.0246122634018405,0.263056485500037,-2.21533368795069,-1.64291684022515,-0.0212808332106577
1791,21183,"s2","m1",0.0320216619110773,0.268935930809282,-2.45543816455964,-1.5652881726002,-0.596063447028379
1792,21198,"s2","m1",0.00183739145227724,0.347334924573447,-2.29758057625167,-1.53496315523586,-0.763942136114801
1793,21205,"s2","m1",0.0414027343471919,0.337552731207023,-1.75644429477087,-1.5227322374527,-0.458593695730632
1794,21219,"s2","m1",0.0289566308874579,0.301863830459993,-1.59290606327956,-1.4308150287517,-0.594920921409745
1795,21220,"s2","m1",0.0206183577115415,0.262316531616639,-2.05324962754902,-1.58182786809379,-0.514399906556281
1796,21224,"s2","m1",-0.0295395090746798,0.330126137409533,-1.88449886135479,-1.62439076335565,-1.47308778655157
1797,21246,"s2","m1",0.0344555986586808,0.271605825831437,-2.0811534679565,-1.84564121673774,-0.348798374614568
1798,21271,"s2","m1",0.0417490950754728,0.322992643526896,-1.85173830418088,-1.4789505259276,-0.19833336506924
1799,21281,"s2","m1",0.0436672935209587,0.393340834546727,-2.36891619737675,-1.71892400657544,-1.11068674619688
1800,21285,"s2","m1",-0.0421221541421737,0.271587029992164,-2.013616517882,-1.79981065042824,-0.22420548905166
1801,21306,"s2","m1",-0.0245500943887699,0.34536773751337,-1.72152956686111,-1.32506724461684,-0.454897338882326
1802,21310,"s2","m1",0.0442021106055977,0.255517955079497,-1.97735435909159,-1.63929278819862,0.105944117860877
1803,21325,"s2","m1",-0.0120248349913381,0.293053986580273,-2.29525381928109,-1.24764222001211,-0.205535256099246
1804,21331,"s2","m1",-0.0229164200573607,0.268841172966955,-2.12246570307489,-1.51382909732357,-0.23239755622601
1805,21336,"s2","m1",-0.0537932906569434,0.225129876398703,-2.22207485851764,-1.50547563367693,-0.235306044519561
1806,21350,"s2","m1",0.0102754801942877,0.245610124154913,-2.07782585532278,-1.73943950029579,-0.8408083105498
1807,21371,"s2","m1",-0.0131186274712723,0.233959888206701,-1.96661403701895,-2.02248397680524,0.457210749291236
1808,21380,"s2","m1",0.112858777957044,0.343404034446386,-1.93618667643001,-1.65411292639779,-1.34496285054206
1809,21384,"s2","m1",0.0906117515203848,0.28724516301408,-2.05954256908554,-1.76433919977432,-1.25750041218488
1810,21409,"s2","m1",-0.0151864166569959,0.293101935809915,-1.89049951461421,-1.55231626419426,-0.0666597690034381
1811,21425,"s2","m1",-0.0262647131058235,0.30649589831585,-2.24410405994456,-1.58486850471614,0.443113225009667
1812,21426,"s2","m1",0.0028961001337429,0.314266853050538,-1.88740245658216,-1.61408399322954,-0.348748038766417
1813,21430,"s2","m1",-0.00940080442510595,0.332558582107184,-2.18600451078916,-1.72157427732723,-0.555496811020498
1814,21431,"s2","m1",-0.054005350509733,0.285048006805766,-1.81032998645243,-1.74590157415268,0.233942360270496
1815,21433,"s2","m1",-0.113434073129745,0.287171988727655,-1.61759767287008,-1.50846838243272,0.25266149655402
1816,21437,"s2","m1",-0.0519540443794925,0.295376454038827,-1.87222771639204,-1.47821116616341,0.261075354145442
1817,21450,"s2","m1",0.0602128223273805,0.278078485297847,-1.83656419407187,-1.78797774515816,-0.7504182430568
1818,21463,"s2","m1",0.0402996964557608,0.337064280143756,-1.98542009393579,-1.61751265127807,-0.564105305047543
1819,21515,"s2","m1",-0.0154665225424825,0.362384363680247,-1.95481581582106,-1.43555646341274,-0.302908716795465
1820,21521,"s2","m1",-0.0161143648008358,0.321707052522529,-2.30525939776009,-1.52288741396971,-0.304727108621124
1821,21522,"s2","m1",-0.0698226468512346,0.241502949755403,-1.99112360478135,-1.549756644674,0.188756307136354
1822,21536,"s2","m1",-0.0363332153539177,0.21902596980797,-1.94874926286454,-1.68618744450316,0.405186410983037
1823,21542,"s2","m1",-0.0405887165080356,0.233204999068129,-2.30153441271654,-1.7230357011109,-0.180540544743334
1824,21545,"s2","m1",-0.00910166143659519,0.316028788404638,-2.14849290139261,-1.67733526129986,-0.321414301098127
1825,21546,"s2","m1",0.00530880779530999,0.273824789722374,-1.80702874964241,-1.47086506879459,-0.435243326183932
1826,21564,"s2","m1",-0.0333608581592983,0.252944958110237,-2.00646821058182,-1.60928424766025,0.462503245323762
1827,21565,"s2","m1",0.0450564666023594,0.267407522237604,-2.08592445277795,-1.6994005963511,-0.753498889619984
1828,21578,"s2","m1",0.0558020330864909,0.24766997050711,-1.96232859717277,-1.50938513446496,-0.508715118132055
1829,21602,"s2","m1",0.0155975671220911,0.292403651018842,-2.21909184457939,-1.54427976052009,-0.520237840393824
1830,21605,"s2","m1",-0.00946309912313288,0.263489023596414,-1.96828639339048,-1.40472902513333,0.260644980393062
1831,21606,"s2","m1",-0.0505370348316092,0.33374577059571,-1.85037701916147,-1.44868923443823,0.131372630491731
1832,21632,"s2","m1",0.0127811720103909,0.291831638937174,-2.19537176681277,-1.66521886997284,-0.793367376705486
1833,21634,"s2","m1",-0.125109240960426,0.281651215098998,-2.15402063927087,-1.53971420916093,0.526913739486775
1834,21639,"s2","m1",-0.00541466959667098,0.259883583919008,-2.19724259371148,-1.49005798614764,0.305461356741686
1835,21656,"s2","m1",-0.0364110277340507,0.259815214021777,-2.62045398379888,-1.32160640102218,-0.0378892413075821
1836,21657,"s2","m1",0.0134353282861014,0.262867012687557,-2.15916805841315,-1.68585410262045,-0.350270059415237
1837,21683,"s2","m1",0.00784604798992083,0.302922912642883,-2.08827459512715,-1.26839224385195,-0.297399706743682
1838,21687,"s2","m1",0.0125519051386693,0.199604427538942,-2.08019584334848,-1.4890689906924,0.0914049081006986
1839,21696,"s2","m1",-0.072061246932739,0.265198960880274,-1.89510540221825,-1.63854594572327,0.258013291760212
1840,21716,"s2","m1",0.0250155876505978,0.225329230928984,-2.19358289731141,-1.70448597191577,-0.434492192757573
1841,21722,"s2","m1",-0.00582569111367731,0.178640643002914,-2.41736668950236,-1.53729489138433,0.28249299892255
1842,21731,"s2","m1",-0.00826807347740444,0.274368257059422,-1.85707856036724,-1.32242993627492,-0.0118779953639129
1843,21773,"s2","m1",0.00360197362068744,0.225259192841146,-1.91575647447487,-1.34921493309167,0.0498755999875228
1844,21779,"s2","m1",0.0132806617290118,0.307601375496697,-1.76676652930906,-1.82416001539397,0.022017916521176
1845,21793,"s2","m1",-0.0270766318995574,0.297390536031992,-2.04625015045251,-1.37117856764531,0.0544735426985449
1846,21823,"s2","m1",0.00343986630095401,0.332876318476673,-1.94165047637013,-1.45896785262686,-0.597111205879872
1847,21838,"s2","m1",0.0758097045820045,0.266821262896116,-1.78124586382063,-1.80695645239141,-0.712262107648043
1848,21844,"s2","m1",-0.00662932207198722,0.236466036242065,-1.84221014097083,-1.48894136480527,-0.165956121341171
1849,21853,"s2","m1",0.0414251711948113,0.316670836909504,-1.6895404678515,-1.37188047265984,-0.364348896142947
1850,21868,"s2","m1",-0.0382812405201644,0.295270293277272,-1.76439374608443,-1.5560613437142,0.249035315597609
1851,21881,"s2","m1",0.0248680486651152,0.274288929478371,-1.9380359027377,-1.58172419040481,-0.648162961975126
1852,21888,"s2","m1",0.00597151488483757,0.280995704329941,-2.1663069748826,-1.56528039965684,-0.730813849495185
1853,21894,"s2","m1",-0.0659534746075768,0.244515604471617,-2.41352977720504,-1.43929078452414,0.799574568706914
1854,21898,"s2","m1",0.047170269463004,0.278610405484368,-1.92027793278149,-1.4354592494297,-0.92333580872076
1855,21906,"s2","m1",-0.00466234141876806,0.25417783701609,-1.70254079233697,-1.57594576377558,0.35744166873498
1856,21941,"s2","m1",0.00830647474363626,0.245928486158947,-2.26537228473153,-1.15843229907112,-0.465272121983816
1857,21942,"s2","m1",-0.0122556389684183,0.218777600337831,-2.32705384504864,-1.52142980036982,-0.0661313745607557
1858,21943,"s2","m1",0.0765895874875311,0.285904624192318,-2.15865449839653,-1.70174140833754,-1.48546171230459
1859,21959,"s2","m1",-0.0593929385054608,0.27167096672169,-2.54949794445529,-1.69289452304646,0.332888858948361
1860,21968,"s2","m1",-0.0879162438423437,0.364825023747349,-2.16080704554882,-1.43374525379592,-0.0991091952343268
1861,21982,"s2","m1",-0.0486255019490112,0.275003361504875,-2.09670048406354,-1.73017757783172,0.152013899351636
1862,21992,"s2","m1",-0.0513659213606915,0.240300738051358,-1.90110525910967,-1.66896839649869,0.115866653470827
1863,21993,"s2","m1",0.0188337669006745,0.387284212434796,-2.06096312818771,-1.49921228320653,-0.4149819167745
1864,22002,"s2","m1",0.023232635047478,0.318881022092916,-1.88198891275007,-1.75728036538109,-0.338653222532666
1865,22013,"s2","m1",-0.00502283792372248,0.299087750692498,-2.66455522866285,-1.48412838408904,0.327355585158387
1866,22015,"s2","m1",-0.0341189492101076,0.300395072893808,-1.92498639242709,-1.37404552548966,-0.454777048821367
1867,22026,"s2","m1",0.0174609515923885,0.29451849575262,-1.782808617128,-1.67406793150177,-0.260608834651566
1868,22038,"s2","m1",0.0079021680138348,0.31059585342669,-2.44678825254897,-1.35275613535044,-0.38523489339205
1869,22041,"s2","m1",-0.047055550284487,0.263562256349174,-2.11869083684397,-1.68600273534207,-0.0289672421597132
1870,22043,"s2","m1",0.00423918191340108,0.305544597460534,-2.14804053728289,-1.48184626115108,0.224915859511791
1871,22057,"s2","m1",-0.0432042647847426,0.290079440494418,-2.27463565037767,-1.54083299112671,-0.293197522388123
1872,22062,"s2","m1",-0.151260062116102,0.217591526592826,-1.99953527307573,-1.44368650098465,1.17881530857362
1873,22063,"s2","m1",0.0044428804278052,0.261716228414674,-2.43198816764183,-1.73325281796808,-0.476931343887548
1874,22080,"s2","m1",-0.000700169544056521,0.331960884082019,-1.79739036923816,-1.55292634220261,-0.385288225520014
1875,22089,"s2","m1",-0.0596986521319864,0.26265465146525,-2.12595145204409,-1.5632035742769,0.169681759632247
1876,22090,"s2","m1",-0.0384543404007037,0.163060208955848,-2.29617231152746,-1.81812779065577,-0.209742534508714
1877,22100,"s2","m1",0.0830013764669485,0.331501300507162,-2.07826492913862,-1.37878213331331,-0.811632177874558
1878,22110,"s2","m1",-0.0815460396488735,0.269740697190068,-1.9566751242786,-1.61776725161378,0.370725225546659
1879,22121,"s2","m1",-0.0538217215986756,0.282684921799421,-2.04666463527134,-1.5389962064621,-0.137241303576307
1880,22124,"s2","m1",0.0629760046819499,0.299587365271905,-1.59222094734956,-1.22373020534816,-1.12291357138371
1881,22125,"s2","m1",0.0173944993973406,0.331018109819616,-2.35492451161426,-1.65002606497126,0.0797320931724433
1882,22166,"s2","m1",0.0542500612337967,0.399886625521396,-2.23697207858501,-1.19470653452441,-1.41965434204729
1883,22180,"s2","m1",-0.0659862407953084,0.297611924903411,-1.51139121076625,-1.60234386629824,0.58777924397823
1884,22207,"s2","m1",0.046242196784132,0.272907438677656,-2.18657847923207,-1.58756579590462,-1.2655445177347
1885,22225,"s2","m1",-0.0741099227536579,0.24474638972661,-2.42805426772298,-1.61770589394133,0.0286824060458876
1886,22240,"s2","m1",-0.0713754839982139,0.213435005576219,-1.8651519840035,-1.62781814575839,0.0861806125372677
1887,22250,"s2","m1",-0.0866521336540635,0.236772052056808,-1.81321213060017,-1.53796821797659,0.221742984156649
1888,22255,"s2","m1",0.0193380963619353,0.339026817723108,-2.04059426445333,-1.48201131402358,-0.325794987297581
1889,22265,"s2","m1",-0.0223802653167463,0.260928631850215,-2.02689901105948,-1.63792123464071,-0.552878278224719
1890,22267,"s2","m1",-0.0891361925371578,0.290241594204828,-1.96388587552098,-1.7719616809118,-0.113157327334955
1891,22303,"s2","m1",0.015313598609577,0.295246344165789,-2.04043076766448,-1.60259388660582,-1.3036445353861
1892,22308,"s2","m1",-0.144830614045433,0.319723225653052,-2.33513264950459,-1.47443863371042,0.361598136738494
1893,22334,"s2","m1",-0.0242186744575347,0.343002450754104,-1.94879554480528,-1.59149299230177,-1.66211739131149
1894,22344,"s2","m1",-0.0102834383884906,0.292266283475064,-2.0145775700586,-1.4555445026426,-0.938082382660427
1895,22357,"s2","m1",0.0285986164001611,0.299691427549827,-2.08405839291715,-1.55819744440267,-0.622324086152846
1896,22360,"s2","m1",-0.0922345333262719,0.249560204625648,-1.87525498954902,-1.47779071857019,0.705775765067199
1897,22363,"s2","m1",0.130307074024269,0.350813727224601,-2.20185659172139,-1.4914588384584,-1.1144461121643
1898,22381,"s2","m1",-0.0725630739850674,0.260588585804076,-2.51881316203404,-1.65912697580896,-0.0768482889546417
1899,22385,"s2","m1",-0.088150826098247,0.339855950756236,-2.41292415056921,-1.51846513141722,0.658349648721246
1900,22388,"s2","m1",0.0628595888805968,0.293375311609502,-2.33717462743629,-1.21966506351238,-0.336363833154981
1901,22405,"s2","m1",0.014790102653893,0.27081196534208,-1.89203043606727,-1.4290887895422,-0.104411178048971
1902,22410,"s2","m1",0.0228341683321829,0.27103008741818,-1.94137044476128,-1.45027131872574,-0.227726703181922
1903,22434,"s2","m1",-0.0648225893270805,0.221461823257709,-2.21742719193697,-1.54547462217524,0.73355691295165
1904,22462,"s2","m1",-0.100071185852387,0.221742544251018,-1.95266714201316,-1.88663799935955,0.949076220310597
1905,22463,"s2","m1",0.0142295103870252,0.27698707498355,-2.13564617175947,-1.60610271381581,-0.78887825597326
1906,22474,"s2","m1",0.0416361398367211,0.238433235120542,-2.40802725861457,-2.00468607835673,-0.282011428339282
1907,22475,"s2","m1",-0.0305280869450831,0.314018306554685,-2.32896366647604,-1.43322301855921,0.0753083965692209
1908,22485,"s2","m1",0.0816096670400129,0.2769138164624,-1.93764715959164,-1.38175444237267,-1.4764540083231
1909,22515,"s2","m1",-0.0832675604595235,0.198437428267837,-2.1349444598583,-1.71594549509865,0.475679786699031
1910,22523,"s2","m1",-0.00936443775610348,0.274749490567372,-1.8400752761908,-1.46353806019562,0.223614984008401
1911,22525,"s2","m1",-0.0224869500730078,0.264988143767082,-2.24506062334146,-1.49911320680781,0.28503078882201
1912,22539,"s2","m1",-0.0102713842539057,0.289113894569005,-2.11107656781528,-1.65962682681603,0.155680314066065
1913,22551,"s2","m1",-0.0337407508774453,0.22017462518942,-2.12518285144649,-1.55271628921943,0.539120883497291
1914,22556,"s2","m1",-0.0457618136487243,0.31030486894683,-2.15596825463742,-1.7408717969176,-0.235257265560822
1915,22578,"s2","m1",-0.0224546816810088,0.245858111366876,-2.04416934513114,-1.66473523387501,-0.120627825086473
1916,22600,"s2","m1",-0.0237310702725564,0.192980323610285,-2.14342759964184,-1.95195475152263,0.203100668079522
1917,22603,"s2","m1",0.0324646415526394,0.332028303667174,-1.82016749949907,-1.32891824393436,-1.02937950198003
1918,22604,"s2","m1",0.0102653600552758,0.32620258032579,-1.7310844771658,-1.42106867747182,-0.767906745052579
1919,22611,"s2","m1",0.00803004886642024,0.257438023751743,-2.04353263736588,-1.54706258104293,0.14623411570765
1920,22628,"s2","m1",0.0409274961295017,0.249404909062073,-2.05628093259736,-1.56453604771856,0.167622421966715
1921,22638,"s2","m1",-0.0687261399744424,0.28114501405796,-2.27832372672213,-1.92305328766826,0.0733408608348547
1922,22649,"s2","m1",0.0128892977798273,0.268220668819245,-1.94055269550357,-1.51708485904357,-0.166171825091793
1923,22650,"s2","m1",-0.0129463750793004,0.280920532151907,-1.80955799211164,-1.34680608765633,-0.085712379822984
1924,22671,"s2","m1",-0.0235717801196149,0.256793636851278,-2.03763604533337,-1.42201430211403,0.0885083012626709
1925,22695,"s2","m1",0.0144889891768745,0.357666384970235,-2.22111143897904,-1.40176110582193,-0.364969762864818
1926,22733,"s2","m1",-0.0398724248569319,0.285882847324728,-1.79058038428991,-1.67741002975456,0.341221911218478
1927,22736,"s2","m1",0.00286807818002309,0.295444301486113,-2.13186625403849,-1.40962350762802,-0.148126965823646
1928,22746,"s2","m1",-0.151970948562795,0.251040056291596,-2.13527133260759,-1.61491463116674,1.09199504704475
1929,22763,"s2","m1",-0.0508465624423419,0.316149855947907,-1.82775579072966,-1.56221834420016,0.156756564002661
1930,22768,"s2","m1",-0.0248907840032534,0.187791899159555,-2.44913976210893,-1.56075563664073,0.537464797968305
1931,22787,"s2","m1",0.0145181381376256,0.291518411904024,-2.04380352307857,-1.45095696940131,0.196292288491699
1932,22792,"s2","m1",0.0967466842847537,0.286607934240877,-2.13730062955007,-1.39498268868698,-1.10711701217108
1933,22797,"s2","m1",-0.000651072396661545,0.235446531744256,-1.95035747540633,-1.52989995628205,0.00762123653680224
1934,22800,"s2","m1",-0.0511555634290046,0.34076243116633,-2.36384886059624,-1.53256532620399,-0.169549583001152
1935,22823,"s2","m1",-0.0332372521034,0.315022023864547,-2.0402834088491,-1.72299578525814,-0.664764735991799
1936,22830,"s2","m1",-0.0237825091519909,0.199820847799091,-2.09719291202784,-1.44156994445133,0.0473090008062413
1937,22832,"s2","m1",0.0138263542660214,0.270418447026158,-2.09987300241104,-1.70672250133595,0.0516496979996068
1938,22856,"s2","m1",-0.0418194813340688,0.185167945178143,-1.94846440360628,-1.62594519600453,0.34856363118294
1939,22861,"s2","m1",0.0564722934987661,0.365494770354514,-1.8245490766919,-1.26509902412401,-0.990918002651054
1940,22880,"s2","m1",0.0843398488441938,0.264815424843827,-2.30525037304609,-1.3228879945536,-0.136064238184496
1941,22887,"s2","m1",-0.132404376897142,0.234175168427954,-2.34400602793163,-1.41111429737523,0.891809304044157
1942,22892,"s2","m1",-0.0344122471656621,0.219121758260359,-1.83283644541646,-1.7739357897588,0.288283027237925
1943,22897,"s2","m1",0.0170675876458562,0.291623595409111,-2.02060876171004,-1.44074149282969,0.193747817190098
1944,22906,"s2","m1",-0.0141076781922411,0.346570752035178,-2.15360529985228,-1.76871646642503,-0.636497640707969
1945,22910,"s2","m1",-0.0421985311551303,0.261724046486957,-2.18931512420272,-1.92464562966031,-0.131448535948234
1946,22913,"s2","m1",-0.0477287110034973,0.303101620619073,-2.35096624406099,-1.64327963057402,0.298435059190853
1947,22914,"s2","m1",-0.149797071708235,0.215548063003524,-2.11780414624544,-1.86035591236737,0.679545429993211
1948,22928,"s2","m1",-0.0184901967902612,0.2830878145688,-2.23958360850169,-1.77332228720606,0.343578111965532
1949,22938,"s2","m1",0.105080225975048,0.259756629615192,-2.00214604139294,-1.8429018936997,-0.317788082353331
1950,22947,"s2","m1",-0.0650927126454268,0.311798725509718,-2.03532313819566,-1.48715779307186,0.0318705647587584
1951,22950,"s2","m1",0.0163278743864927,0.291929091149455,-2.10406641705772,-1.72825071124301,-0.507458746538872
1952,22955,"s2","m1",0.023532947334997,0.240487496719733,-2.20031162894957,-1.33815675340438,-0.619209942281596
1953,22962,"s2","m1",-0.0310422976414074,0.249195525357558,-2.21931208018844,-1.39701732754919,0.501879010425349
1954,22972,"s2","m1",0.0404284289060146,0.331770811155685,-1.99536481293148,-1.43317250864059,0.187787934648043
1955,22974,"s2","m1",-0.119964502481474,0.255091163620866,-2.0815189779705,-1.42494307054387,0.529802272544104
1956,22976,"s2","m1",-0.0758152093603804,0.343710116483229,-2.32638221473936,-1.65629839077498,-0.158048191602453
1957,22982,"s2","m1",0.0440187767413557,0.231552754483675,-2.57664318026261,-1.47270733315062,-0.293198576517592
1958,22990,"s2","m1",0.078860077054418,0.299623400403138,-1.57494663986711,-1.51731064036372,-0.533696465601873
1959,22993,"s2","m1",0.0563532730735722,0.267176837655849,-1.70216460745371,-1.32030182312394,-0.00359402471381443
1960,22996,"s2","m1",-0.0224800187197262,0.237670089296353,-2.35389626990046,-1.60446359186195,-0.318426579192026
1961,23005,"s2","m1",-0.00885570066061941,0.276051352270954,-2.35000892495265,-1.43195621134296,0.375332260332564
1962,23026,"s2","m1",0.0402500124700756,0.243722600401315,-1.63613538513072,-1.4009644764846,-0.668024416724129
1963,23036,"s2","m1",-0.0315258176699245,0.278739428139878,-2.25371275676483,-1.82159219615531,-0.0235881316802509
1964,23050,"s2","m1",-0.0572495310213806,0.174389156169771,-1.9029822656451,-1.56482656040518,0.714692932468922
1965,23055,"s2","m1",-0.0236505343172551,0.29196223387922,-1.78531023937619,-1.7683571327045,-0.366320552806467
1966,23081,"s2","m1",-0.021366499939078,0.177409123890404,-2.51572230827195,-1.37641544048857,0.354259449487062
1967,23084,"s2","m1",0.0152688625056637,0.222755861618014,-2.0350520131284,-1.62042852821401,0.0328674603229144
1968,23088,"s2","m1",0.109993014008445,0.286486779202315,-1.72997001203332,-1.24675418598538,-1.13777229591504
1969,23091,"s2","m1",-0.0745084229010637,0.236220247585172,-1.87335252192267,-1.62789446640387,0.221649147726602
1970,23094,"s2","m1",0.0908952096359659,0.310979608102881,-2.53558193061404,-1.61331847566508,-1.00477408564967
1971,23100,"s2","m1",0.0637684183381424,0.326353262507347,-1.99891888927108,-1.64575704074332,-0.559929730578849
1972,23115,"s2","m1",-0.0313091756646987,0.308985902153531,-2.2471893574903,-1.48941969679523,-0.477982790464151
1973,23128,"s2","m1",-0.0792113509469788,0.289960094486518,-2.21606790325821,-1.84168763958967,-0.0366479414209269
1974,23131,"s2","m1",-0.0546501613931534,0.248417590812424,-1.74194850477587,-1.77627183762475,-0.0823599908457475
1975,23139,"s2","m1",-0.05570331197191,0.252827222101504,-2.03323470008524,-1.2601057297975,0.854935678574417
1976,23158,"s2","m1",0.0462726952111986,0.236970892350211,-2.66237886658387,-1.64583973077617,-0.232289930381962
1977,23168,"s2","m1",-0.0653371193232514,0.287117442407353,-2.50308827500782,-1.69114687914638,0.151359087256692
1978,23171,"s2","m1",-0.0592380658798101,0.255177267257345,-2.0386662087257,-1.6628270919172,0.923436403086994
1979,23172,"s2","m1",0.0617677126946328,0.330906683429376,-2.38588258560872,-1.68325145048883,-0.906153171216239
1980,23213,"s2","m1",-0.0144566462489066,0.269250765302594,-2.2742552931936,-1.42141403492534,-0.209485856107552
1981,23218,"s2","m1",-0.00434362822295031,0.243704467138446,-2.02129932577005,-1.59914139680844,-0.469838847666785
1982,23221,"s2","m1",-0.0266845130851881,0.273572751817084,-2.38996882842299,-1.56347294146857,-0.0644694665084839
1983,23226,"s2","m1",0.00386575037731056,0.258236068278347,-2.12328511891068,-1.64861253039594,0.67428812655911
1984,23231,"s2","m1",-0.0356653780347904,0.22260381881172,-1.99803577918959,-1.67741699558993,0.16940184541663
1985,23244,"s2","m1",-0.0379153306262285,0.269447373965082,-1.88461057469366,-1.50382452645677,0.0976764192705682
1986,23250,"s2","m1",-0.0377588258436916,0.286879967037048,-2.00135293059672,-1.62757162837619,-0.200955672136146
1987,23254,"s2","m1",-0.0821280590841695,0.326848566051273,-1.7715397694844,-1.63440129566141,-0.152971249422535
1988,23262,"s2","m1",-0.0111673263990058,0.280007487213131,-2.24684278888875,-1.66944099784577,-0.0547986566477885
1989,23272,"s2","m1",0.00277134482824135,0.209673317136365,-2.0578611227132,-1.48451101325817,0.0548906389637707
1990,23274,"s2","m1",0.00313556073457512,0.323284038109373,-1.96589808629196,-1.35067542936922,0.0885742880813764
1991,23285,"s2","m1",0.0468974354444501,0.285998457512676,-1.91498987305858,-1.31131655239572,0.121907840148892
1992,23299,"s2","m1",-0.0101718462266408,0.378651152421909,-1.95237683087323,-1.47698069957123,-0.448907579052902
1993,23301,"s2","m1",-0.00977346502504375,0.262144239764026,-2.01227424162461,-1.48169762578774,-0.668238736857223
1994,23308,"s2","m1",0.0113190599214933,0.341223869583093,-2.31634672488167,-1.800542951843,-0.0607842020595893
1995,23342,"s2","m1",0.0368923512766631,0.352780326346288,-2.04305223493829,-1.39207854241013,-0.0478190937443345
1996,23387,"s2","m1",-0.0308165375965897,0.331787263995705,-2.25978432592473,-1.70235673651291,0.165794333540488
1997,23398,"s2","m1",0.0373199203122921,0.295559046956735,-1.49414300148048,-1.67035775225073,-0.83741295744034
1998,23409,"s2","m1",0.0256615180893954,0.310687983329004,-2.29516960330728,-1.51158617870736,-0.123727246315724
1999,23415,"s2","m1",-0.00173964370236755,0.253619449377743,-2.24628779251504,-1.47254766573261,-0.191407151026218
2000,23416,"s2","m1",-0.0051605067913181,0.279747032634499,-2.05110757822554,-1.59426943473568,-0.352018868060839
2001,23418,"s2","m1",0.0121539244056465,0.298701144226318,-2.02745859866314,-1.50480746873028,-0.834160254551895
2002,23424,"s2","m1",-0.00409563503525804,0.282347763307043,-1.92176592858122,-1.56920351605498,-0.142915661728152
2003,23431,"s2","m1",-0.00875452023404144,0.309975279685299,-1.82649719514428,-1.61550415951745,-0.918564698700145
2004,23446,"s2","m1",-0.00408028593157779,0.235856777191517,-2.70148602797594,-1.5697679527584,-0.266942892509371
2005,23453,"s2","m1",0.0497326593566849,0.319900906628875,-1.65678784749617,-1.48420947888225,-1.10105986035225
2006,23454,"s2","m1",-0.0910161347338997,0.296514858328174,-2.12537694760286,-1.41450556560504,0.24740546886875
2007,23474,"s2","m1",-0.0237056672979223,0.305632406774196,-2.06750003101874,-1.59666182717967,-0.184948676524127
2008,23480,"s2","m1",-0.0220038836631046,0.314896629456672,-2.01402377187163,-1.39247826033898,-0.00126096499182437
2009,23488,"s2","m1",0.0911734691666536,0.347287904655411,-2.02147718453841,-1.47906715648784,-0.836879075741728
2010,23489,"s2","m1",-0.124541682774946,0.240858674253002,-2.1193048078918,-1.61455196488042,0.713733486564093
2011,23497,"s2","m1",-0.138369114602052,0.270090529961849,-1.91963407459196,-1.24749795548696,0.772016905512146
2012,23503,"s2","m1",-0.00970491992164436,0.247522745898566,-2.49391731915453,-1.64998356282816,-0.0220105748976995
2013,23511,"s2","m1",-0.0465412535604364,0.375180699744519,-1.85024847575523,-1.54905911484526,-0.268543076730716
2014,23516,"s2","m1",0.0497940520742029,0.245714650888189,-2.2340399625291,-1.65170601716939,-0.311105627280168
2015,23524,"s2","m1",-0.0232831104084815,0.249745314647978,-1.78343583660411,-1.58710290459232,0.376617844926585
2016,23549,"s2","m1",0.0755098106080173,0.309447520785311,-2.37482058217889,-1.47613980012125,-0.382224259786321
2017,23552,"s2","m1",-0.0501784492733066,0.172580297692661,-2.04337386520729,-1.84373262712402,0.786524052695934
2018,23566,"s2","m1",-0.0487657248565927,0.229277339334175,-2.08737453614314,-1.85572876883729,0.376692299188679
2019,23571,"s2","m1",0.0348609139049589,0.330614202727719,-1.88151474523288,-1.63183371548483,-0.860862349365013
2020,23575,"s2","m1",0.0126662674655071,0.308869538005753,-2.31875595215435,-1.5341228836541,-0.493324630739972
2021,23577,"s2","m1",-0.047354666385974,0.256237360115448,-2.10014693660279,-1.67985983053307,-0.102035757869193
2022,23580,"s2","m1",0.0440497167316399,0.263582580674545,-2.23625555431443,-1.63245737685615,-0.302857501621031
2023,23611,"s2","m1",-0.0240468908346672,0.267141601565555,-2.00573519500812,-1.58032872874939,-0.470249090860976
2024,23628,"s2","m1",0.0103134678400325,0.267884457510422,-2.00978255922636,-1.76170112837768,0.0217963276619144
2025,23666,"s2","m1",-0.0666938568915663,0.274171006655167,-2.05497472887388,-1.98877245373229,0.36126093870825
2026,23683,"s2","m1",0.0219677444839441,0.302681723556921,-2.0396390871825,-1.26100222620563,0.0352417470471308
2027,23686,"s2","m1",0.0167968113219379,0.301288642052421,-1.9147574075042,-1.81925805414009,-0.045059932645123
2028,23692,"s2","m1",0.0346297933852422,0.354880045830803,-2.05636465055337,-1.37545461893979,-0.278359768362679
2029,23694,"s2","m1",-0.0856089181912388,0.324944150869123,-1.90331587690168,-1.44947978893904,0.347848366328722
2030,23695,"s2","m1",-0.000977079980780443,0.335246614660142,-1.70786704606241,-1.61365840724033,-0.874363788185936
2031,23698,"s2","m1",-0.106023532246901,0.277715592078311,-2.05637031604256,-1.64780585863361,0.332319868606185
2032,23701,"s2","m1",0.184368644566627,0.436263777573275,-1.7953339008575,-1.19537498806575,-2.87956299511451
2033,23742,"s2","m1",0.0550075768998755,0.36561031763194,-2.19810125808961,-1.31572082034424,-1.29346111040876
2034,23762,"s2","m1",0.0415337813973067,0.282920108622159,-1.99077145931724,-1.64586420577924,-0.0929303233561444
2035,23763,"s2","m1",-0.0454632532878399,0.237299362393457,-1.80555552145807,-1.60346894701762,0.140554291056091
2036,23785,"s2","m1",-0.107705578734487,0.345434916823556,-2.11200987725525,-1.56394730602391,-0.0872924629114462
2037,23820,"s2","m1",0.00125366715724735,0.213236461706043,-1.77753130433669,-1.73615720917055,0.254377677098661
2038,23841,"s2","m1",-0.0944815712614119,0.331320486485305,-1.82828025694277,-1.92303683570101,0.396202670532004
2039,23843,"s2","m1",0.0198711714771907,0.237592875645074,-2.39765928414265,-1.56007541340957,-0.146638595462129
2040,23861,"s2","m1",-0.0597060403010522,0.292517288589117,-1.89555928387924,-1.50228950559791,0.29264150010957
2041,23864,"s2","m1",-0.00528155475471367,0.243340408218553,-1.87306567886069,-1.50274417384591,0.114912307318489
2042,23873,"s2","m1",-0.0105374829653267,0.222558062230384,-1.97402445538012,-2.02262688045544,0.671402526072633
2043,23886,"s2","m1",0.0271153900507446,0.269589883417467,-2.06631747728115,-1.81471886056328,-0.105386391488561
2044,23893,"s2","m1",0.00512728561953555,0.212528476815476,-2.23450116108284,-1.75693727399312,-0.289323739654173
2045,23921,"s2","m1",-0.0116985697501009,0.326694738513744,-2.07859794146443,-1.47485524778565,0.105674559397475
2046,23934,"s2","m1",-0.0408704532823566,0.258497175061284,-1.97842812222619,-1.32324785342997,0.0138234718085816
2047,23948,"s2","m1",-0.0662370123404686,0.269375798027716,-2.42874097609537,-1.99168172179898,-0.122017950200544
2048,23987,"s2","m1",0.0717897139894341,0.265764891990514,-2.16474096115644,-1.82555101652124,-0.510851159920135
