{
  "mu": [
    1.0921187836233712,
    -0.07052549856337,
    0.19362008601038663,
    -0.38027669162216005,
    2.4134951268894578
  ],
  "x": [
    [
      1.0284731751467078,
      2.4596841535797807,
      1.2349838929074868,
      -0.2416825038197477,
      1.5145599446310012
    ],
    [
      2.696319810846181,
      0.8475107018433229,
      1.0976927971154045,
      0.36188456033642724,
      1.037755992169634
    ],
    [
      1.2003464362109653,
      -0.9851126437522716,
      -0.1107876681226456,
      0.11936074925171619,
      1.9703092451295232
    ],
    [
      0.7719787916692565,
      -0.47470331193672294,
      -1.436494683069894,
      1.3307683300527402,
      3.0053342251395585
    ],
    [
      1.308254351893758,
      1.3196967579516856,
      0.9257882462592366,
      -0.24865829256464517,
      1.7894149325437487
    ],
    [
      2.91586178295972,
      -0.9706036734989956,
      0.17586383431920918,
      -1.1866343732366016,
      2.4783194004330436
    ],
    [
      -0.09047181156479422,
      -0.3093548734226375,
      -0.4210709916525929,
      -0.9992272725302491,
      3.0731410596312463
    ],
    [
      1.3363865974607625,
      1.277889928486786,
      0.20562795009587853,
      -0.6771661224314789,
      1.7297391004792302
    ],
    [
      1.3893116125102478,
      0.49427410263274985,
      -0.4352086931949931,
      0.4461295934373404,
      2.334023944477172
    ],
    [
      1.3840569690254219,
      0.04729107840449581,
      0.296081436559441,
      0.7876729321668348,
      2.925803104126847
    ],
    [
      1.0350126314773065,
      -0.6868270327516106,
      0.02181250968723697,
      -0.693647879194594,
      2.2204133016666847
    ],
    [
      1.3337627983443252,
      -0.02995107200900604,
      0.641037801808531,
      0.09794202885924547,
      2.567802273463216
    ],
    [
      3.411967170893131,
      -1.1636119699963074,
      0.4280399101473544,
      -1.0813513473634933,
      2.8163885006020086
    ],
    [
      0.9411215465517316,
      0.3005028004368719,
      0.17814020406335368,
      0.07245046093949792,
      2.6415595700378756
    ],
    [
      -0.2071524467027599,
      0.661501231194647,
      -0.41832936922596864,
      -1.6841258381288906,
      2.3676951745311428
    ],
    [
      0.5858082816009514,
      -0.5200831512861623,
      0.8066592455725664,
      0.5844909181432449,
      2.6494259355207785
    ],
    [
      0.19585604922145172,
      1.6785582571184965,
      0.05694831170095341,
      -0.4452910006824097,
      2.879504626695393
    ],
    [
      1.644387859881479,
      -0.6808752049051672,
      0.1681516184313903,
      -1.5883681421068174,
      4.034230606198454
    ],
    [
      1.6756433390697834,
      -0.2929799769358784,
      -0.38305576659062857,
      -0.20530552792301848,
      3.06027736932351
    ],
    [
      -0.02307978719156356,
      -0.2580538646566756,
      -0.05271431441590724,
      -0.5835955338158842,
      1.6564630506515088
    ],
    [
      0.004027256448188243,
      -1.6756413186231667,
      0.5354692226338641,
      0.6268036594942101,
      3.9942309482320795
    ],
    [
      1.101349281390213,
      -1.0559917849397285,
      -0.2832576841878014,
      -0.4399297195319143,
      2.0938483102483554
    ],
    [
      0.8953884334531943,
      0.03736034800020838,
      1.0607253253413742,
      0.16705418581521314,
      2.7534859407294094
    ],
    [
      2.701562423674064,
      2.7467990081813127,
      -0.3652803168097748,
      -0.31050088545682075,
      3.2206510825973407
    ],
    [
      1.1867573405834972,
      0.0959162391094676,
      -0.23998429082477554,
      0.7524195881637741,
      1.83149652163271
    ],
    [
      0.8739119108619973,
      -0.4187712805540301,
      1.3608178117405596,
      -0.5179775932849014,
      2.237046195407242
    ],
    [
      -0.1478966347681392,
      0.7357285294660693,
      0.8621444519120457,
      -0.40703364231151096,
      1.6868031524460725
    ],
    [
      2.5266129342606964,
      0.6161069890432952,
      0.7527425431949217,
      0.06023023948389011,
      2.1209108628271007
    ],
    [
      1.0928539310027483,
      -0.5945810283233683,
      0.2289910681972249,
      -0.9359979453508438,
      0.8387986638833496
    ],
    [
      1.3093298822494785,
      -1.022920789081208,
      -0.9923688627417661,
      -0.9031655393317424,
      3.128515790796869
    ],
    [
      0.9851412860937714,
      -0.03556454183935819,
      0.5038234279546817,
      -0.9659520294828658,
      1.8391635284242893
    ],
    [
      0.6926701653868361,
      -0.5246302967283155,
      -0.3354082070167257,
      -0.29373222749143924,
      2.7426008990269293
    ],
    [
      1.531000045686587,
      -0.07222551092536729,
      0.6211399213947411,
      0.3607484574176143,
      2.1919856143273364
    ],
    [
      2.5027074971576138,
      0.2074363348646408,
      1.0308527864161614,
      -0.30485863745409786,
      1.636344656579449
    ],
    [
      1.3976490866081916,
      -0.12640201154092665,
      -0.46417077544685914,
      0.5799052694524759,
      2.638113983444749
    ],
    [
      1.5218317789310034,
      0.0403469646575597,
      1.170276095619342,
      -0.11771453969303652,
      3.7025627488789317
    ],
    [
      -0.5605306026068204,
      -0.20799227409543353,
      0.5800861576219867,
      0.8241570514470686,
      2.0862262035189008
    ],
    [
      0.4348436096460836,
      1.2259600674947646,
      0.9683577799075619,
      -4.328265281229582,
      2.7989791824861214
    ],
    [
      1.5145280186449133,
      -0.38578026661183074,
      -1.337504413201651,
      1.4067233997405009,
      1.6591131492744922
    ],
    [
      -0.16834351762397315,
      -0.1547887649825039,
      -0.7940342213382134,
      0.5917836363689359,
      1.062735578827454
    ],
    [
      1.9340034760540659,
      0.49546780591045203,
      -0.4119687781090191,
      -0.8847002262522713,
      2.172473504494236
    ],
    [
      -0.2077623162710438,
      -1.7452765418079028,
      0.3221303268081286,
      0.4129648587701332,
      0.6110337418988987
    ],
    [
      2.2211853024590122,
      -0.39651318771865607,
      -0.400677105063435,
      -2.3492193894139004,
      2.1295689544971848
    ],
    [
      0.9828834036701171,
      1.4015941376469772,
      0.8496570347957455,
      -0.4388831606793483,
      2.9076591770796787
    ],
    [
      1.5092703327201202,
      0.14071522198997483,
      -0.40174202489838506,
      -1.178166771181004,
      2.207811455110528
    ],
    [
      1.4586776260687284,
      -0.8103863162613109,
      0.5977768496753282,
      -0.3076006359011521,
      1.6226807048287788
    ],
    [
      2.1925905453768433,
      -0.26481243725863535,
      -1.2508828375038143,
      -0.7895456377361196,
      3.5982115722827555
    ],
    [
      0.7753307726733351,
      -0.29466745585244153,
      -1.6270383776588575,
      -0.7418388191755527,
      3.109531466505816
    ],
    [
      2.067670178580862,
      -1.132864258744569,
      -0.8659324077052853,
      -0.9309492110610529,
      3.055649764868637
    ],
    [
      1.1106724623537418,
      -1.1960503063673469,
      1.6779296839139173,
      -0.13601840841622945,
      -0.1970584996859852
    ]
  ],
  "id": 21,
  "df": 5
}