{
  "mu": [
    0.041406867858990885,
    -1.7560437222283818,
    -0.975520252030422,
    0.3444765267590225,
    -1.8821439057052167
  ],
  "x": [
    [
      -0.06079655863616939,
      -2.3553618896366895,
      0.027910311060330706,
      -0.30704849031327375,
      -2.631364258615212
    ],
    [
      -0.23395591945153932,
      -2.452631617564116,
      -0.5836245929883155,
      1.3012826677898792,
      -3.513276938230696
    ],
    [
      0.32275378167637836,
      -1.3565403919176782,
      -1.9138056096109022,
      0.004862564964451532,
      -1.969880603856113
    ],
    [
      -0.5262371108888121,
      -2.63712446417942,
      -0.521613024875234,
      -1.3675827553412407,
      -1.7214727522144062
    ],
    [
      1.3344741372116484,
      -1.4814948052318826,
      -2.7063598845954804,
      -0.16427227778834397,
      -2.7076048275885096
    ],
    [
      -0.8716788078254691,
      -3.041148342019978,
      -2.4767908951571873,
      0.6485640494352563,
      -2.315216908132306
    ],
    [
      -0.21016341087541085,
      -2.087706394556728,
      -0.8839163499297911,
      1.1981645197188358,
      -1.3654268278546566
    ],
    [
      0.13466906697356953,
      -1.0690639473310437,
      1.6870717360482101,
      1.9302763086085482,
      -0.2290943150549274
    ],
    [
      1.1279134027766036,
      -1.5444310962888725,
      0.30225959828938187,
      -0.04423420257371069,
      0.17053493248225404
    ],
    [
      -0.2374332545211199,
      -1.042612073443023,
      -0.3095049617452723,
      1.5137522664419176,
      -2.5499609279742255
    ],
    [
      -0.7603513831299382,
      -1.5271101677058438,
      -1.010074322981811,
      1.3802418012308348,
      -1.330525500003181
    ],
    [
      0.37967346327321627,
      -3.336319484237284,
      0.1472343597068706,
      -0.2774084250370793,
      -1.1848161174225913
    ],
    [
      -0.5516825193070947,
      -2.451860976733055,
      -0.5926618134809594,
      1.1336867452009687,
      -2.7278013188959984
    ],
    [
      0.8737419298269405,
      -2.769000801298754,
      0.4539239911428963,
      -0.8887993496559342,
      -1.5963133784756325
    ],
    [
      0.15984796843676607,
      -1.4800585910967126,
      -2.9407078775828404,
      -0.511696804270284,
      -2.410819204659408
    ],
    [
      0.12462185421411706,
      -1.8182732206980614,
      -1.0201655699716414,
      -0.704471234111545,
      -0.805418400215268
    ],
    [
      -0.06831216251489824,
      -2.399430526158868,
      -1.1032291764919577,
      -0.20884156888879757,
      -0.5919677829704268
    ],
    [
      -0.08769296062140527,
      -1.297739573284019,
      0.1665184437656777,
      1.8930837397391223,
      -2.912719323651846
    ],
    [
      3.5108184679984995,
      -2.0710099349717024,
      -1.5839019715788596,
      1.3201371185423216,
      -1.7832754258767716
    ],
    [
      -0.8276847800353084,
      -0.7662257336843273,
      -2.856085342002282,
      0.3779313170971321,
      -2.1264057659402353
    ],
    [
      0.2974320223189435,
      -1.894556396789296,
      -1.2741079898804435,
      -0.5450501122254511,
      -1.996789522352519
    ],
    [
      0.26890144434244323,
      -0.36438466383792445,
      0.17856724933297352,
      0.5292013502490354,
      -1.0060271018907252
    ],
    [
      -0.12740362242998765,
      -0.12180111324948739,
      -1.5663408751722283,
      0.5177252993441799,
      -2.105499294499123
    ],
    [
      -0.6311940707152028,
      -2.142326755772581,
      -2.4321943307018365,
      1.211980872173167,
      -1.4010797793627008
    ],
    [
      -0.8290962928924608,
      -1.0998372726542582,
      -1.8759739916211466,
      1.9920751530034613,
      -1.490229099937808
    ],
    [
      -0.020892780193061573,
      -3.5492966357524898,
      -2.168643397782317,
      -0.09237851306035799,
      -1.8799299056352536
    ],
    [
      -0.32293385758902704,
      -2.374630234994749,
      0.4375004603560373,
      0.6994261673629827,
      -0.5616554544427359
    ],
    [
      -0.9360491782855729,
      -1.5273124093861945,
      -1.4774840185337532,
      0.2765868702510592,
      -0.6954583426705863
    ],
    [
      1.3777410953833864,
      -2.4219042757377993,
      -1.646852109742298,
      0.47549716739819736,
      -2.764480926277638
    ],
    [
      1.2955825667780414,
      -2.3581133744901654,
      -0.6794670552235778,
      -0.8003038091958897,
      0.9390923526972079
    ],
    [
      0.38356764789348174,
      -0.6560693954304917,
      -0.6426936203770772,
      0.05815814510565165,
      -2.136917005668082
    ],
    [
      -0.1208036129967322,
      -1.8146326463548745,
      -1.0538272728667235,
      1.1184228308456419,
      -2.0528519908129783
    ],
    [
      -1.6364647179390748,
      -1.6613819422260732,
      -2.0080274107682996,
      -3.023039078691557,
      -1.669793795409854
    ],
    [
      3.0003987890740955,
      -0.41646719157590173,
      -0.865189392385828,
      1.6079495825380539,
      -1.917754273056797
    ],
    [
      0.7094793627993171,
      -2.4763921819103305,
      -0.6889410046662559,
      0.743972024673208,
      -1.8768023135631653
    ],
    [
      1.2930005342250068,
      -1.9523446932654993,
      -0.7849878202534123,
      2.3037468443388414,
      -2.3856674401168023
    ],
    [
      -0.17502547947215946,
      -1.2873781255970898,
      -1.8135179768908885,
      -0.8733911960622643,
      -3.9138771717739713
    ],
    [
      0.4234012337399479,
      -2.465439226718327,
      0.8066160467586747,
      0.9666288113716051,
      -3.3077716243894146
    ],
    [
      -1.412677899446918,
      -3.262553795228073,
      1.045582672919813,
      0.13443064119558026,
      -2.4409611538468265
    ],
    [
      0.5297970517326137,
      -1.2330782351411114,
      -2.0437128997505725,
      0.7846727884482528,
      -1.9947278799593666
    ],
    [
      0.33625779279297296,
      -2.172874904833548,
      -0.8976450526529861,
      -0.18553451564209444,
      -1.8254554585276865
    ],
    [
      -0.3066658114180238,
      -2.590036513025966,
      -0.32499269114165497,
      0.1784408500064834,
      -1.1852463324383327
    ],
    [
      0.717291565688911,
      -1.0965641087613796,
      -1.3800491109655415,
      -1.644915115298176,
      -2.6135353641423036
    ],
    [
      2.0402445777334917,
      -1.7625810299631897,
      -1.7247430305954194,
      0.564425044384937,
      -1.5383267726854915
    ],
    [
      -0.3321766675422065,
      -1.1590742247707633,
      -0.18095727853088472,
      -0.2776858372318124,
      -1.951797906865089
    ],
    [
      0.19050861468629474,
      -2.897874379228942,
      -2.3383978614255376,
      2.4144971834395195,
      -1.2721943874517625
    ],
    [
      0.1496697197893736,
      -2.0965415656036837,
      -2.06055491853917,
      -0.007520873308935583,
      -0.5720335594418455
    ],
    [
      0.5337412801903739,
      -1.750192073528364,
      -1.4100371579459683,
      -0.7794673792459602,
      -2.78355290348144
    ],
    [
      -1.1700908661674079,
      -1.7806417472644154,
      -0.6648671975005553,
      4.217220349107775,
      -2.281807185892472
    ],
    [
      -0.15341622825514079,
      -1.7715995173984,
      -1.0645920738138956,
      0.899218668037989,
      -1.098440623100391
    ]
  ],
  "id": 4,
  "df": 5
}