{
  "mu": [
    0.950362384969019,
    -0.3808843617443992,
    -1.3265960596886892,
    -0.4837109233278793,
    0.41100334143293693
  ],
  "x": [
    [
      0.8577959351541861,
      -0.35082093308970125,
      -1.5014096560593506,
      -4.264493551953439,
      0.8357213433659456
    ],
    [
      0.09629573607432207,
      -0.13183575144717374,
      -2.6417891489884022,
      -0.31160245751341614,
      0.7671470053086296
    ],
    [
      0.8866643900374296,
      0.30288869469406643,
      -1.0419179014084066,
      -3.2812604135491292,
      -0.47231880897899947
    ],
    [
      1.1726288941977931,
      -0.5350324845642948,
      -0.297021341278616,
      -0.17387583152167935,
      1.3584265470527617
    ],
    [
      0.7514630693205696,
      -1.0231223150616622,
      -0.8680144368210404,
      -0.20706297120511763,
      1.5222555330953123
    ],
    [
      1.1739812270183774,
      -1.9578183329744254,
      -1.6229492467244921,
      -1.835770179010924,
      -0.4791298123028933
    ],
    [
      -0.5999463773614315,
      -0.8246085837407788,
      -0.5584504987150315,
      -1.9651055117758265,
      0.40015090566924777
    ],
    [
      0.5636604795380965,
      -1.526426753605219,
      -2.05607412517001,
      -0.3553278001981721,
      0.3584196957570384
    ],
    [
      1.1757423734958707,
      -0.9048852901371579,
      -0.9520267016666846,
      -1.674131141936536,
      -0.24221343503107096
    ],
    [
      1.0514648798162403,
      -0.0703964092564126,
      -1.6007314266044004,
      -0.004699280845943232,
      1.079214830766631
    ],
    [
      0.032742043372435026,
      -1.1075917539798217,
      -1.0930646213955866,
      0.5339815226449742,
      0.6336950333432728
    ],
    [
      2.22494226808445,
      -2.324990495340158,
      -2.1228110069968906,
      0.3009499483093549,
      0.6423072081487131
    ],
    [
      0.31656708339343276,
      0.5215712352507932,
      -1.4611100066343545,
      -0.6009411700901063,
      1.2876562637595688
    ],
    [
      0.4072733891215783,
      -0.46705222475555863,
      -0.023625494342209397,
      -1.8401340273375029,
      0.5168720364412542
    ],
    [
      -0.00011474001968636571,
      0.8329145973718318,
      -1.578320303160957,
      -0.5621864977820681,
      1.0274712974128528
    ],
    [
      2.172234692630649,
      -1.5619624087244364,
      -1.222456730447605,
      -0.4796937922084752,
      0.039695809792850534
    ],
    [
      -0.19696119416455748,
      -0.8607137640413092,
      -0.1003746832989918,
      -1.10687196767736,
      0.08892721265824016
    ],
    [
      0.9274522822352066,
      -0.918709832320428,
      -1.47390955979281,
      -0.3880228656961707,
      -0.12952084681034393
    ],
    [
      0.010928791347203592,
      0.05389590377441855,
      -0.08255913039111418,
      -0.2741430400675641,
      0.11176194870627382
    ],
    [
      0.7463047999829886,
      -0.7081501060939532,
      -2.265548907599137,
      -0.6843007575466671,
      0.8695159109912283
    ],
    [
      0.336944581041294,
      -0.9448305625751751,
      -2.8116517040406768,
      -1.3206619354750089,
      0.49208801390702595
    ],
    [
      0.7006271869055373,
      0.32192147960015594,
      -1.397694430350083,
      -0.6431903296871256,
      -1.6082180435163664
    ],
    [
      0.6417586170794232,
      -1.2950319328605868,
      -1.7922610974328999,
      -0.9271582457586334,
      0.9784971559496849
    ],
    [
      0.87673597293841,
      -0.8569955988571062,
      -0.8701715802897136,
      -0.5310961416771122,
      -0.550410521271973
    ],
    [
      0.7648221352807636,
      -0.09951967193393968,
      -1.9239577835619244,
      -0.942888654798358,
      -0.24223873137784557
    ],
    [
      1.0372341882459397,
      -0.3162032292297051,
      0.015787092986970785,
      -2.527644821791353,
      0.10501427467282448
    ],
    [
      -0.5143499440366888,
      -0.7948398608875322,
      -1.5503756135351245,
      -1.0523206735276978,
      0.7982216915812923
    ],
    [
      0.706966797206644,
      -0.6194385472177035,
      -3.18678735629348,
      -0.4829795199622078,
      -0.35521422591269347
    ],
    [
      2.304826043125633,
      0.17737855175803163,
      1.0198482747288933,
      -0.046578585983567344,
      0.32011878013772377
    ],
    [
      -1.0562864071591327,
      -0.7973270186453929,
      0.8414433067439646,
      0.7362987350118968,
      0.1837801876640043
    ],
    [
      2.6341153582140113,
      -0.6229537801459119,
      -1.8270122144953298,
      -0.5112472191163343,
      1.7306365391918002
    ],
    [
      0.48384852936093153,
      -0.9962657133824936,
      -1.2360458583577216,
      -0.41981304187608837,
      0.7818696610548965
    ],
    [
      0.15304228289575483,
      0.2216723835997234,
      -1.644331521300169,
      0.29015951490958986,
      0.4207415551803222
    ],
    [
      0.8420586510603791,
      1.4459651286382664,
      -1.5945681332730417,
      -0.695037246105746,
      1.0814500685604191
    ],
    [
      1.8304119813552782,
      -0.8875395334153702,
      -0.6173731253083937,
      -1.2594121193017394,
      1.3499247426950316
    ],
    [
      1.6730250877638024,
      0.34981368167823557,
      -2.6841952690168296,
      0.3462963734942511,
      0.14303033178918956
    ],
    [
      0.6894254618480096,
      -0.894575458838442,
      -0.9350343935861232,
      -1.4966434925374759,
      1.2400800250565176
    ],
    [
      0.47162944850545824,
      -0.04731131914461423,
      -1.2467905666206547,
      -0.4623792614841701,
      -0.6079141505923841
    ],
    [
      2.424086998321207,
      -0.45006999942714104,
      -3.085360787765016,
      -1.1276801540445118,
      1.3703371655341678
    ],
    [
      0.794107072873155,
      -0.06913268393184874,
      -1.9528664429930815,
      -0.5590703549938487,
      0.727669747191368
    ],
    [
      1.0794472232850518,
      0.11251562293976441,
      -1.8915287875777442,
      0.18332428154220032,
      -0.29380678363142565
    ],
    [
      3.3921108613863877,
      1.679801189040239,
      -0.7134956622209276,
      -1.3355276289000673,
      0.5803937591376158
    ],
    [
      0.5682527950664532,
      0.03863382145738675,
      0.3670542190667079,
      -0.7378046736954613,
      0.40552864577336006
    ],
    [
      0.4288424696430553,
      -2.734002306967365,
      -0.6682680721914295,
      -0.3971976164214849,
      0.19462148568800516
    ],
    [
      1.1402614384958634,
      -1.2349514797111596,
      -3.666925328523482,
      -1.368140228169738,
      -0.06011889441357371
    ],
    [
      -0.956467836324659,
      -0.45040654599730007,
      -2.712644945673539,
      -0.17484752323931274,
      0.5999006781816892
    ],
    [
      -0.5771149976657357,
      0.9570955307372709,
      -0.5366558270139661,
      -0.5762686136422414,
      0.7279567643386039
    ],
    [
      1.396512391928872,
      -0.1981448587318817,
      -2.485289126017046,
      -0.5137027332705433,
      1.741000845149673
    ],
    [
      0.05483924735725032,
      -0.5968888806153614,
      -0.8517373290762695,
      -1.0173776536824857,
      -0.7017891168555394
    ],
    [
      1.2367654164319184,
      -0.9745939957742099,
      -1.414320488494288,
      -0.7052404634627092,
      0.24033044781205157
    ]
  ],
  "id": 30,
  "df": 5
}