{
  "mu": [
    2.6641962379882136,
    0.5932406876553995,
    0.3589088669615236,
    -0.01898738199175999,
    -0.2922767002898377
  ],
  "x": [
    [
      2.3778998928216377,
      1.6827671606251715,
      0.727522314334992,
      -0.4223303231746003,
      -0.37079493989251494
    ],
    [
      1.8630261109527444,
      -0.8173702138962273,
      0.9879852868120544,
      0.2083539018285402,
      -1.7770917072206929
    ],
    [
      2.56610945971069,
      1.1120012404245312,
      0.3059002580946804,
      2.5741459442966432,
      1.5608705023478993
    ],
    [
      1.7614070714792525,
      -1.2207983358394263,
      1.2295493195608005,
      1.111437407114173,
      -1.0109002228690935
    ],
    [
      3.451853329639653,
      0.5085510576859789,
      0.5358873290114057,
      -0.2281329294804812,
      0.48239599899923985
    ],
    [
      3.0761346276264216,
      0.3781318447538503,
      0.5021397602767199,
      -0.19221681011129998,
      -0.683474010788251
    ],
    [
      2.6176678202687618,
      1.6037385558630375,
      1.0281256315100913,
      0.7392845881824863,
      -0.8366809564379512
    ],
    [
      2.5815676192163854,
      -1.9666832674284156,
      0.7998266184926782,
      0.22093801785252298,
      -0.5627193708108607
    ],
    [
      2.4738416636491927,
      1.0522831758762312,
      -0.3364422766925206,
      -0.6225188767291733,
      -2.326077122433584
    ],
    [
      2.696472236238489,
      1.1304242311480146,
      1.0325728580008695,
      -0.18328468963034905,
      -0.020472689945040756
    ],
    [
      3.8390258321945008,
      1.2465345936166785,
      0.657360508670124,
      -0.4796194112475113,
      -1.923487518049689
    ],
    [
      2.3882270954794844,
      2.1445541276944304,
      0.16855064703541098,
      0.6389082616170445,
      -0.3867114967942453
    ],
    [
      1.5774840042688452,
      0.006860759962716512,
      1.2101619527146243,
      0.06126355423174472,
      -0.5935032230077596
    ],
    [
      2.828414069935198,
      0.7165780118954399,
      0.7993094554526745,
      0.7181160752365611,
      -1.1702745217112414
    ],
    [
      -0.2415153363180571,
      1.0186544444109857,
      0.8324381306294384,
      -0.2373799215509304,
      0.3558603002842596
    ],
    [
      2.457178062972602,
      -0.12277825801829823,
      -0.4999109939316624,
      -0.1465838046021653,
      -3.1145621500511615
    ],
    [
      1.9298488922500012,
      0.0630930628323676,
      1.4480223685136604,
      0.013832494156467437,
      0.0893798225906336
    ],
    [
      3.140355098090494,
      0.3013204088651194,
      -0.8921578384160952,
      0.09431770501175554,
      -0.31847015680836865
    ],
    [
      3.87175611784364,
      0.4754091591645879,
      0.2866247655873999,
      0.008602069250783224,
      -1.8008380482508115
    ],
    [
      3.162693737578335,
      -0.6697239200172189,
      -0.017115258012338708,
      0.9654851009128341,
      -0.9787898366288224
    ],
    [
      2.5517314760378107,
      0.2481138270535344,
      -0.5254044058613576,
      0.3640730803001084,
      0.48956821279248824
    ],
    [
      3.713379519184847,
      0.43961907745197115,
      0.776700735264773,
      -0.08382870311698837,
      -0.40839258213444196
    ],
    [
      2.1867206359829634,
      0.9534558130960153,
      0.3122859419713994,
      0.5637943831479756,
      -2.6589702412188196
    ],
    [
      3.926838867891316,
      0.13008157847972063,
      0.5143752061728843,
      -0.7167124036965653,
      0.28718517947008865
    ],
    [
      2.139182131057571,
      1.6538058975837902,
      -0.9574217076423336,
      -2.0818221462429105,
      0.8752395345393997
    ],
    [
      4.1990296885473395,
      0.238535748477187,
      -0.19709776710188887,
      -1.2040732465949504,
      1.1784837406557862
    ],
    [
      1.4905505568116832,
      1.3758905771995116,
      -0.028445717343679122,
      -0.08451460748652385,
      -0.5026211682119005
    ],
    [
      3.1691030379077443,
      1.4220082701224999,
      -0.3356771180501278,
      -0.30290247727856495,
      0.07141999865316756
    ],
    [
      2.51799199923623,
      -0.14381134908009563,
      -1.1340915051144078,
      0.5597285686341934,
      -0.527640445420793
    ],
    [
      4.026553164293778,
      1.1893935551900725,
      1.468837909848164,
      -0.13437281852655444,
      1.3774303732406579
    ],
    [
      3.20876091876657,
      -0.11487507623987914,
      0.9622911912594619,
      -0.2776855298338572,
      -1.7996358512089186
    ],
    [
      2.863592224001819,
      2.3377762667153337,
      1.360761907877544,
      0.9065372634252427,
      -1.1329143108042714
    ],
    [
      2.5670815560574174,
      -0.6081048114340386,
      0.6315252836907295,
      -0.8997642366441015,
      2.316109548623165
    ],
    [
      1.8914853735609327,
      -1.1775868204990965,
      -1.573258373055333,
      0.5288454912221979,
      -2.029765419338411
    ],
    [
      2.827340304813167,
      0.31967325930580215,
      0.6748817656609268,
      -0.8577150470327269,
      -0.5857741441391437
    ],
    [
      3.0789341228518965,
      -0.2626370753409232,
      -0.9426460127028055,
      -0.9174231803291015,
      -0.6479931389079902
    ],
    [
      2.359330139769844,
      1.5912640342789994,
      -2.6842623710869966,
      -1.4548863871423976,
      -2.724732026064605
    ],
    [
      2.629540556148992,
      2.016914032078689,
      0.22450303036926325,
      0.28843134093049966,
      0.11656697419677597
    ],
    [
      1.9104374412995657,
      0.6848716933232892,
      -0.20300247554146122,
      -0.2341601236283694,
      0.06346206013454225
    ],
    [
      3.2652018561775398,
      1.2089224742765112,
      0.29785752336934085,
      -0.704991322047365,
      1.4405808009006487
    ],
    [
      2.116293762219307,
      -0.1977671305338995,
      -3.4839771854205215,
      1.559284036808763,
      -0.10286710119955439
    ],
    [
      -0.8696258194903326,
      1.9031069625488188,
      -0.18670539414504173,
      -0.5633152302015413,
      -0.1796673120379788
    ],
    [
      1.8813294434247227,
      0.10398245299893388,
      -0.09504952935138106,
      1.11682871476562,
      -1.61257056980218
    ],
    [
      3.04096048496261,
      -0.6744304942032902,
      2.0415716552698226,
      0.10429194453798403,
      0.29010984696349057
    ],
    [
      1.8877678032127978,
      4.8461405827480135,
      0.2550267321781093,
      -0.08097266480776392,
      0.3607208651368535
    ],
    [
      2.8937507757672094,
      -0.458305087308434,
      0.42578580145533457,
      -0.009657596742755258,
      -0.915769800232501
    ],
    [
      2.315159645368151,
      0.46003804305028195,
      -0.5015412039787097,
      0.29423299785564877,
      -0.2589047282121569
    ],
    [
      2.988910474756998,
      0.2773825846932914,
      0.4089571584207007,
      0.15174550126348507,
      -0.547781665019775
    ],
    [
      3.0240128020942403,
      0.8390982353484071,
      0.6557607576316562,
      0.40591812423385343,
      1.5794913476403178
    ],
    [
      1.9004760377051357,
      0.6989176578228913,
      0.14470102793727402,
      -0.2098755825860183,
      -0.31092423500174515
    ]
  ],
  "id": 3,
  "df": 5
}