{
  "mu": [
    -0.7141409309420769,
    -0.0621242242120307,
    1.5865258383535215,
    0.6671507984535922,
    1.4358376255210836
  ],
  "x": [
    [
      -1.045569243913783,
      -0.09699296694276051,
      -0.41778595987234257,
      0.7171063385909515,
      1.0031688291295584
    ],
    [
      -0.14168479014352575,
      -1.9207033766989625,
      3.050344256814313,
      0.23768795733892722,
      1.1048560484519816
    ],
    [
      -1.0577422010360833,
      -0.6441647544426315,
      2.66479104279086,
      0.14770468299408046,
      1.6099379869877595
    ],
    [
      -1.299769169117625,
      -0.6447074111415398,
      2.8351450430223863,
      0.2305246488625225,
      0.8578750006819593
    ],
    [
      -2.317290609954689,
      0.5090082788889849,
      1.5421459604057735,
      1.252051435510027,
      1.4416901093857348
    ],
    [
      -0.3061907454801461,
      0.6869887489312345,
      1.9553869911860373,
      2.610695037824521,
      0.6140820883434976
    ],
    [
      -0.08253295971009766,
      0.12743701632348267,
      6.89180901974789,
      0.1924143412332885,
      0.20493911311044788
    ],
    [
      -1.5358545210495818,
      -0.7433093046690159,
      -0.6109298052216705,
      0.27986135136525003,
      2.0288356959922265
    ],
    [
      -0.6440524233777107,
      -0.43191640951683863,
      3.994268123420748,
      0.34614576815822173,
      0.47798068724270126
    ],
    [
      -1.8608565209818972,
      0.933091796230435,
      1.1812560503273444,
      -1.0239796757880226,
      -1.9182410473574087
    ],
    [
      -0.3379884494392652,
      -0.17463982355954777,
      0.11299660971014447,
      -0.16771748655976026,
      2.044710993239091
    ],
    [
      -0.9999156760404986,
      0.2004717395796605,
      1.128152051314065,
      0.3230731935290126,
      2.9819274428150813
    ],
    [
      -1.317814465088553,
      -0.07989610903880076,
      2.354846458096171,
      0.9097879843125167,
      0.9015872726589442
    ],
    [
      -1.1078179343501675,
      0.03852561909360582,
      2.3505452865275034,
      0.5713754673861081,
      2.033992194928202
    ],
    [
      -0.6416892827946253,
      -0.470446096328655,
      1.0053894521898221,
      1.1498550478105378,
      1.5802157979967595
    ],
    [
      -0.3878454489069029,
      -0.1408321858462201,
      0.38377601683239493,
      0.187210438089488,
      3.926611004379048
    ],
    [
      0.2266638050512495,
      -0.5260064354031344,
      0.45979678045730266,
      1.7450807612732189,
      1.7928696719490291
    ],
    [
      -0.4892493819428763,
      -0.3711171801354675,
      2.019777582807404,
      1.9559653435545141,
      -1.986670486370354
    ],
    [
      -1.711755156767501,
      0.6312064513891429,
      1.635754793868203,
      0.119472944464591,
      0.9601293736407
    ],
    [
      -0.5777234547593735,
      -0.29223032236950985,
      1.061854994194745,
      1.1409162803632649,
      1.7190542178242214
    ],
    [
      -0.05947490484426854,
      -0.2442687567604904,
      1.8922846207831392,
      2.122951861119658,
      -0.2286582483650199
    ],
    [
      -0.11235096058633876,
      1.3574130150981298,
      -0.6646918006791249,
      -2.321458759273684,
      1.6047227266917232
    ],
    [
      -0.2802266842342947,
      0.5576527866043887,
      1.0972962103752928,
      0.8965053678564447,
      0.6469883251199188
    ],
    [
      0.5141488919736074,
      -1.317269892052032,
      1.493683506434164,
      0.23205117037207346,
      0.5588399252959123
    ],
    [
      -0.5108071326455048,
      0.719701375887503,
      -0.41699653175156226,
      1.3519789654852066,
      1.900772872716074
    ],
    [
      0.419279894760373,
      0.6899731426802057,
      2.5806042332340113,
      1.5132158325162623,
      2.2965404250666452
    ],
    [
      -1.305034384596655,
      -0.2045528645884113,
      1.1160513761105295,
      0.7245556399643013,
      1.373043909448679
    ],
    [
      -0.4987777470570557,
      0.5825283703175592,
      0.7846547690369445,
      0.44266655756038154,
      2.1041705130501778
    ],
    [
      -0.651728869469888,
      0.874851958396523,
      3.2034940540472867,
      0.8234856870906153,
      -0.1920659678630321
    ],
    [
      -0.7434884687479953,
      0.3700693160359085,
      3.7356738648763814,
      1.7592048774727465,
      0.10512010679511286
    ],
    [
      0.17530649289445177,
      -4.5025181162968275,
      2.782566682847074,
      1.750719030220075,
      1.5827944201020419
    ],
    [
      -1.9413857846649432,
      -0.15143132254695715,
      3.1143098942082066,
      0.4984149452026354,
      0.8805746787084426
    ],
    [
      0.7979213592069262,
      2.7505225865970773,
      1.8133065431118602,
      1.0786966749100046,
      0.548675760766672
    ],
    [
      -1.004399056371073,
      -0.708347635609648,
      2.215925659498195,
      0.4536672062,
      1.3835680896239835
    ],
    [
      -1.917833614008336,
      -1.3380612175298658,
      1.3873049499314694,
      0.6043633952036164,
      1.1431705663140324
    ],
    [
      -1.3421278331013649,
      -1.9987412133866993,
      0.6840155913161965,
      1.5583785302225115,
      0.6811734693182381
    ],
    [
      -1.1312574496779217,
      -0.32616477528937576,
      1.362337312773662,
      0.8522603814591226,
      2.151931056520655
    ],
    [
      -1.4862303226341789,
      -0.8934972269072662,
      2.3682471839871435,
      1.1330235175857604,
      -0.06344933995233881
    ],
    [
      -0.5486249549144893,
      -1.2441075136907271,
      4.2791427132303586,
      -0.5911463529066211,
      1.3947498269589125
    ],
    [
      -0.5042980752831279,
      0.3161966800365589,
      2.0836975305834238,
      0.3145882986906738,
      1.1606217169739346
    ],
    [
      -0.9185656246315639,
      -0.3812767022931919,
      1.9629884491686282,
      0.5165340710382115,
      1.1406159441913186
    ],
    [
      -0.48041731085601214,
      -0.08160344431955555,
      1.773148701627941,
      -0.2054409396231981,
      0.1397610827862925
    ],
    [
      -0.7528215343761897,
      0.7742081327090333,
      3.4958553176668827,
      0.6742492492297287,
      1.63557192535024
    ],
    [
      -0.8494981489182187,
      1.1623093549966332,
      2.3861983452985474,
      0.2608785531910897,
      3.25627322207328
    ],
    [
      -0.9850045135830395,
      -0.6824097861230962,
      1.5636013017642854,
      1.216720573172688,
      0.05325480978962327
    ],
    [
      -0.22891311730864966,
      -0.18199811925023154,
      2.086798400774664,
      1.5126495029979856,
      1.731791819345742
    ],
    [
      -1.1662090421738611,
      -1.0356765771049457,
      0.9959775911462657,
      2.5456220284199347,
      2.0121649962365153
    ],
    [
      0.27297979489138,
      0.3434204185406051,
      0.25840494547588366,
      0.8731823351181339,
      -0.19674756638750246
    ],
    [
      -0.7341337877882701,
      0.4566434759644028,
      1.0449365966360422,
      -0.007857550788344048,
      2.131754445773829
    ],
    [
      0.15883599181264985,
      1.124111495450237,
      1.6604846611208384,
      2.735420346841512,
      1.1074497223597812
    ]
  ],
  "id": 14,
  "df": 5
}