{
  "mu": [
    -0.7325795488904973,
    1.2430507666104258,
    0.23660809797883553,
    0.6860678092205971,
    -2.3074740590272045
  ],
  "x": [
    [
      -3.1445896495930072,
      1.4056637803605954,
      1.5168928133829644,
      0.6866994705833246,
      -2.0609823982548
    ],
    [
      0.24842102236211394,
      0.9069464626805974,
      1.7715602751970496,
      -0.47488446710713494,
      -2.149599557495108
    ],
    [
      -0.8162787278285516,
      0.5061275258800105,
      -1.4866797914002454,
      0.5569904875335734,
      -1.4754221314395313
    ],
    [
      -1.052769919320577,
      0.21392776841603145,
      0.725125311221561,
      2.0341793926894405,
      -1.3413080685413608
    ],
    [
      -1.097499567704158,
      0.042791571681182194,
      0.7113958206761888,
      0.4010651501688087,
      -0.9671628415996243
    ],
    [
      -0.36528588615817575,
      1.4180917407670763,
      0.1760659651777633,
      0.6549001098177443,
      -2.3035726767724225
    ],
    [
      0.5078950739756477,
      1.9807914902515842,
      1.038911401514369,
      0.8796072793313281,
      -1.5447849542254874
    ],
    [
      0.06586851762993107,
      0.28792043892582464,
      2.576674788267084,
      -0.19561786544520887,
      -3.1241453599476556
    ],
    [
      -0.7634362434491716,
      1.231118585457342,
      0.4128797529001661,
      0.9473019493536483,
      -3.3407080027264793
    ],
    [
      0.0636172270179527,
      0.06594062675427748,
      -0.22413849821071985,
      0.9324742164106674,
      -2.29236533340831
    ],
    [
      -2.253602419495606,
      0.27654783715406606,
      0.020405147803199436,
      -2.207254511706709,
      -2.2148605819405374
    ],
    [
      -1.240327566423981,
      2.0000874072088166,
      -1.515020201547168,
      -1.009263404775826,
      -2.236567660335669
    ],
    [
      0.2685134115604143,
      0.2792243012687883,
      0.5612232215686939,
      0.003710040613169374,
      -3.4610893629471757
    ],
    [
      -0.3558890033098607,
      0.7725787873096341,
      -0.8710277880516007,
      1.852323766122614,
      -1.8725811102945926
    ],
    [
      -2.0926847906542148,
      0.9595353217794054,
      -0.309225741847448,
      -0.23738833993259,
      -2.3224039882871135
    ],
    [
      -0.48355238067208367,
      2.2015426361231913,
      0.43712670248848584,
      2.8729404837091774,
      -1.6307228196340486
    ],
    [
      -1.2589765781408295,
      0.8145856479691131,
      0.2964033518157431,
      0.5254075039260575,
      -1.6415869558684157
    ],
    [
      -0.0760344082110912,
      -0.127944211642397,
      1.8840875925277039,
      1.6289032483789136,
      -3.426874092596673
    ],
    [
      -0.4734755022574504,
      1.5805239971038358,
      -0.7094069441663339,
      0.35382033870051544,
      -2.0184674688984643
    ],
    [
      -1.1567844411488886,
      1.9722506129326458,
      1.0503267891998058,
      -0.02778156474251514,
      -3.095983717193684
    ],
    [
      -0.9606610721268515,
      2.9644636479279187,
      0.4610913933016235,
      1.8694555821276126,
      -1.0071562927067614
    ],
    [
      -0.6393538358270586,
      0.6212891964892385,
      0.9166387251347711,
      1.6028630842338145,
      -2.547089573254941
    ],
    [
      -0.24283612836839852,
      2.1888430334605764,
      1.3594907807529695,
      -0.24322134868159195,
      -2.811986057598774
    ],
    [
      -1.4248580683944314,
      1.773430680075736,
      -0.6367792836532883,
      2.208346921445219,
      -1.8008202154939181
    ],
    [
      -2.33217292739939,
      1.5756832273430441,
      -0.7927328281763785,
      -0.008684732488872915,
      -2.18605272872858
    ],
    [
      -0.33520547071707757,
      1.669497257875097,
      0.6405928344595492,
      0.6950515319576968,
      -2.8250175528323913
    ],
    [
      -0.5933757988467532,
      0.507461351420931,
      0.353245281299496,
      1.0313018543903356,
      -3.0125251524239127
    ],
    [
      -2.32655486664373,
      0.8666285321584769,
      1.0173211765023389,
      -0.9163467560689159,
      -2.3426052384262532
    ],
    [
      0.756442575201938,
      1.454675227325193,
      -0.43795598806645863,
      0.08496910529264123,
      -3.077055432194684
    ],
    [
      -1.2523144547465566,
      1.6232488850808284,
      0.16175221938206757,
      -0.33112337916615575,
      -4.295899402865043
    ],
    [
      -0.6501246099556282,
      1.6321956641208766,
      0.8556220760192136,
      0.3243667344283267,
      -2.5511801346486034
    ],
    [
      -0.29295429899679637,
      1.679788266223489,
      0.5047942882068959,
      1.3950884447905794,
      -2.0097443964030566
    ],
    [
      -0.07753780175529323,
      0.4560790946643599,
      -0.6058999667016567,
      -0.15298389920547106,
      -2.027446010494111
    ],
    [
      -1.2515996379284808,
      0.29252897243838427,
      -0.5045678294245526,
      1.628724571239013,
      -2.3083532180856756
    ],
    [
      -0.7261015096907331,
      0.7999451546568705,
      1.9056879976521581,
      2.0947351700302246,
      -2.409516643748793
    ],
    [
      2.371889092391233,
      2.905853809956108,
      0.5771661585630462,
      1.2787913160816342,
      -2.5953368082050376
    ],
    [
      -0.7142248741932847,
      0.7772005762145832,
      0.7661358043673935,
      2.6033226396285483,
      -1.6545481019733057
    ],
    [
      -1.207513324349147,
      0.43412613666245037,
      0.17220380627023069,
      1.1678006897023707,
      -3.3320675189287403
    ],
    [
      0.8763288418928422,
      1.833506079780697,
      0.049589434589918546,
      0.46352920790586644,
      -2.677520096815473
    ],
    [
      0.23618493754620196,
      0.9008993256853073,
      1.305939796160796,
      1.1311278292869296,
      -2.038027003548288
    ],
    [
      -0.8810123338155258,
      2.8124802259484274,
      1.9210881103815192,
      1.2546872934251345,
      -3.81961421208149
    ],
    [
      0.22357488315473417,
      1.7170759061555094,
      0.15364893965057738,
      0.9494764627790081,
      -2.2324563425819
    ],
    [
      -0.5211262583293051,
      1.5515720998509128,
      -0.8083009362757921,
      0.8132970162904858,
      -1.1136604396550744
    ],
    [
      -0.2127054851218002,
      0.7589681335644518,
      0.5266326058710616,
      4.236591521182043,
      -2.1485359389796255
    ],
    [
      2.4289950232780835,
      1.1356866690635792,
      0.6879980298827225,
      -0.23850241859089472,
      -1.384327798517302
    ],
    [
      -1.111778526813737,
      -0.5297013280757472,
      -1.05400442787269,
      0.3813486831508093,
      -1.9338903424378469
    ],
    [
      -1.6884933490821328,
      3.1320430807627373,
      0.1845095357992092,
      0.8238266779419512,
      -1.5272315321518501
    ],
    [
      -0.6702686701698943,
      1.4514264917563902,
      -0.7384897390157444,
      0.6645247777046966,
      -1.154680918869457
    ],
    [
      0.9357072323432708,
      2.2165816588421414,
      -0.0778614529700642,
      -1.1664289985469778,
      -1.9716818951266246
    ],
    [
      0.9565943566761287,
      0.023614438219712985,
      -0.6476716027462456,
      -2.4233880645396213,
      -0.4815943230200601
    ]
  ],
  "id": 34,
  "df": 5
}