{
  "mu": [
    1.1342389061158114,
    0.7228746352168193,
    -0.8438708660318568,
    -0.7694185690875907,
    0.4033057705359152
  ],
  "x": [
    [
      1.6967746895768103,
      1.4151403740445812,
      -1.8893911824039062,
      -0.22839049358661245,
      -0.3743312938528035
    ],
    [
      0.5800504318622752,
      0.6532009638474983,
      -0.13478954596216397,
      0.6582386293186809,
      0.03999573541965051
    ],
    [
      3.5771102435457998,
      1.1457801373168122,
      0.2171656248282221,
      -0.5316877685154343,
      -0.20293216564504823
    ],
    [
      1.3682818210652667,
      0.20218303670352256,
      0.7714537426247914,
      -1.436691992128812,
      0.4671505586226007
    ],
    [
      1.1466451772434012,
      0.7611276461684644,
      0.7382966449438826,
      -1.0083327905520232,
      0.8288990292061661
    ],
    [
      0.7891402904350858,
      0.5089461887748931,
      -0.22985651533906337,
      -0.0945500214390469,
      2.198465215202625
    ],
    [
      1.1780692863093543,
      0.27482406435614354,
      -0.015361477296833903,
      -1.0219514759554607,
      0.8431258788947447
    ],
    [
      -0.1576775154970913,
      0.26936637812994557,
      -2.487492680055784,
      -0.17934535109150163,
      1.6114590069041101
    ],
    [
      0.7172834315226122,
      0.18626826023199372,
      -3.1440114751856445,
      -1.1285836525528463,
      2.293495116035056
    ],
    [
      0.15752087438286844,
      0.10535969310931381,
      -1.854442601879302,
      0.11197847248728254,
      0.207305511299233
    ],
    [
      1.780437507117147,
      1.127675520500469,
      -1.4187502779562915,
      -0.22580425692392092,
      0.7621211622447648
    ],
    [
      1.1440081055311468,
      -2.4542743649289784,
      -0.5553553519980658,
      -0.37432456696498695,
      0.06726379613056521
    ],
    [
      1.7125850122933475,
      1.2668634038787778,
      -1.109616363162333,
      -0.8600776549570647,
      -0.7878875398502726
    ],
    [
      1.7098107375314657,
      -0.17690205766695744,
      -1.3093495573346596,
      -0.5338456393116708,
      -1.5075443753229996
    ],
    [
      1.9589672270549803,
      0.3776543923687291,
      0.49368475320492156,
      -0.40310383197122207,
      -1.024753277613776
    ],
    [
      1.9900564363012228,
      1.0461753327210945,
      0.4304602902260932,
      -0.6031744349198169,
      0.6930602902504854
    ],
    [
      0.4104359900025246,
      0.35807948734417594,
      -0.35823262044244236,
      -1.36120309992614,
      -1.515510994932289
    ],
    [
      2.799459793928123,
      0.5493293040241941,
      -1.1406538239216821,
      -0.21741389257152044,
      0.8729742524864041
    ],
    [
      0.9118811704676182,
      0.7130809147460277,
      -1.270538978871007,
      -1.3902621398398123,
      -0.04291439369394795
    ],
    [
      0.7871147688506108,
      1.723578496878948,
      -2.9003014220067533,
      -0.39027571932518107,
      -0.21096732737784085
    ],
    [
      2.3466241441674294,
      1.241128396224883,
      0.20402050725280585,
      -0.8560734518638322,
      -0.20375761603301412
    ],
    [
      0.4075843749755488,
      1.6902520880641676,
      -0.6541675055373196,
      0.15990059733614725,
      -0.044367408337138925
    ],
    [
      1.3423116015163528,
      -1.1001017348482676,
      -0.7666182500066627,
      0.5628861966495097,
      0.25200622571123427
    ],
    [
      2.0690846535548806,
      2.4814627948843504,
      -1.3597006764556225,
      -1.1245029214439803,
      -0.21295484711106283
    ],
    [
      2.3156267122547813,
      1.352472725085324,
      0.36665493001635086,
      -2.8419316480936994,
      0.4829789566677109
    ],
    [
      -0.4741289219884923,
      0.18751159985932186,
      -0.9874430296486457,
      -1.405614482418542,
      0.9999540635535291
    ],
    [
      0.054775260925703506,
      0.037653246271344254,
      -0.2906280884921708,
      -0.06587356732379457,
      0.12428420239360882
    ],
    [
      1.8938437332191864,
      1.197968793174066,
      -1.0139609198600978,
      -0.8129262365770116,
      0.17904163796807954
    ],
    [
      1.1267069378974555,
      1.175294633370783,
      -1.0467291967073302,
      0.3984162157963623,
      -0.05366873864026067
    ],
    [
      0.16315075517322508,
      -0.4273418452270442,
      0.020517304184564877,
      -0.11878466683054045,
      2.019688364625233
    ],
    [
      0.366328217464586,
      0.8314219898191783,
      -1.2733466956018091,
      -1.13961694223627,
      0.9212316235484894
    ],
    [
      1.7861405943666124,
      1.379870499597272,
      -0.9751648010177638,
      -0.5766103522103571,
      0.5160414617993923
    ],
    [
      1.8083962088676047,
      -0.35067602529452924,
      -0.3164163586659703,
      -0.13562231520607804,
      0.4384057769114936
    ],
    [
      0.9139513449863992,
      0.42502438137822046,
      -0.15125028209898927,
      -1.4178232362254746,
      1.057188371473242
    ],
    [
      0.09621264266964435,
      -0.6499522884030468,
      -1.8364980346208875,
      -0.8968815766944992,
      0.17297284672714333
    ],
    [
      1.6732080405592824,
      -0.09129034656073598,
      -1.44299764762274,
      -0.06525956572718372,
      -0.039821203874081224
    ],
    [
      2.9218209723601265,
      1.7011958883104525,
      -0.9916404846377219,
      -1.2226342133112245,
      -0.2888604268984316
    ],
    [
      0.2220972717807207,
      1.2862716716692613,
      -1.8508507069024176,
      -0.9065094786927332,
      0.8029931625794697
    ],
    [
      1.2108045241933174,
      1.625506970387153,
      -0.5529298313005302,
      0.2765307512479235,
      1.97624794009872
    ],
    [
      -0.09686166191509371,
      -1.35001560605876,
      -1.3957572068251838,
      -0.5161594727950423,
      0.9339453319479856
    ],
    [
      0.8912771475949202,
      0.4296598724596127,
      -2.428744515217133,
      -1.106365987521396,
      0.3545649923682454
    ],
    [
      0.9074340106218142,
      0.15134530735172436,
      -1.6402167856918268,
      -0.922068326879588,
      0.23985051721604891
    ],
    [
      3.0709861356019594,
      0.5308451180486633,
      -2.64517181215785,
      -0.29861514550377033,
      0.5591329805881645
    ],
    [
      -1.190804909198816,
      0.19841991695093442,
      -2.094232808573059,
      -0.2694232390028392,
      0.8256043070552332
    ],
    [
      1.0669025538287622,
      0.6011566485455877,
      -2.361676763753624,
      0.4574910697101543,
      0.31204730455203944
    ],
    [
      1.3995253331815083,
      0.5503251433832838,
      -0.4705503519893016,
      -0.7251403525934812,
      -0.6856784164556503
    ],
    [
      1.477963903918405,
      1.3587183874906437,
      0.03171381691741504,
      0.5933262777304104,
      1.0974811838696854
    ],
    [
      0.4532335007660685,
      0.6978905153453179,
      -0.8301021674568115,
      -0.7879203733010522,
      1.292794125262225
    ],
    [
      1.2609435730446952,
      -1.0316437792979385,
      -0.303825011782615,
      -0.23584642850259574,
      0.12510031898378215
    ],
    [
      -0.05854259575231602,
      0.6620308047437538,
      -2.00845526581608,
      2.7624508267074264,
      1.984974677471965
    ]
  ],
  "id": 24,
  "df": 5
}