{
  "mu": [
    -0.19685734194020826,
    0.6056680699443503,
    -1.1832084244911616,
    1.5219380100988165,
    -0.02678221750658266
  ],
  "x": [
    [
      1.0813584331350439,
      -0.7984186163878179,
      -2.2255111536171386,
      0.9000348609134715,
      -0.7128268846419638
    ],
    [
      0.2913957933990242,
      0.4539183354865771,
      -2.2336913647581182,
      1.464439739630382,
      0.49144713046028315
    ],
    [
      -0.12604577735388947,
      1.437157253484036,
      -1.5797933765157808,
      0.8943906355234236,
      1.4199761333314151
    ],
    [
      -0.0754609700067163,
      -0.27861713402679755,
      -1.1698437649481412,
      0.7319834834746954,
      -0.05173986951442813
    ],
    [
      0.41670370189874645,
      0.48233352387797224,
      -2.798978026246264,
      -0.44600943854148745,
      -0.7105248568804677
    ],
    [
      -0.43593618868813777,
      1.843468715948867,
      -0.7162755222597011,
      -1.4806028260548443,
      0.9169604901692854
    ],
    [
      0.33850728761652454,
      0.921762137828951,
      0.190941225804663,
      1.6959415189998714,
      1.16100205395977
    ],
    [
      0.1866791293777182,
      0.12810522016347742,
      -0.5082715030306476,
      4.082668209807823,
      -0.20801521569671397
    ],
    [
      -0.37861069306533535,
      1.4836459661985169,
      -1.6883010617399874,
      2.274133814778532,
      0.6848827592546674
    ],
    [
      -0.989354330694121,
      0.7704472455909638,
      1.263205113754579,
      4.0399730287264415,
      0.32547396922067173
    ],
    [
      -0.00447898096280705,
      -1.2382158511829355,
      -3.038094687894679,
      1.2210657565224698,
      0.868697847765477
    ],
    [
      -0.06868411292439064,
      1.1974039827549037,
      -1.0118452639512148,
      1.783760079289824,
      -0.8674572101831283
    ],
    [
      -0.5393887759010879,
      -1.6087670457335732,
      -1.1512009305441149,
      1.387214898552795,
      -0.41836081689969096
    ],
    [
      -0.9315559225291403,
      -0.09357681798461359,
      -2.8740058884946853,
      1.8919459782548798,
      0.2983480089503311
    ],
    [
      -1.154159534436244,
      0.5160916263069137,
      -0.5253100937928961,
      1.8236028283946843,
      0.39815074836748193
    ],
    [
      -0.8079695450358604,
      0.403882393078305,
      0.1668717088423992,
      2.0812058677036323,
      0.19995900571525704
    ],
    [
      -0.31863828679521167,
      -0.1284752632099676,
      -0.4770087086842828,
      0.7591902171694572,
      1.8361075070182742
    ],
    [
      -0.21843930256301783,
      -1.2549307642108327,
      -2.1195891455862887,
      2.1101197246255414,
      -1.7486964446122042
    ],
    [
      -1.152939393200322,
      1.4365737276785682,
      0.9399566573526263,
      4.039766156223882,
      -0.08155417596953761
    ],
    [
      1.0351843924986757,
      1.6240314817928985,
      -1.5088860470967145,
      0.9397508954997037,
      2.2748662142021354
    ],
    [
      0.2688152865286415,
      0.9464243265884973,
      -0.3895741288027428,
      0.3946821029533154,
      -1.362006122408798
    ],
    [
      0.6645339533435184,
      -0.07693959787567106,
      -1.4474299535850434,
      1.8896375233105618,
      -0.027011759537370943
    ],
    [
      -0.4519441385545002,
      -0.7382232665998577,
      -1.5792692157333308,
      0.728806650264025,
      0.22949002715216893
    ],
    [
      -0.22413958591825747,
      1.0887184103374983,
      -1.3657581448594853,
      0.6542422104531099,
      -0.09406414325015935
    ],
    [
      0.5361866671620537,
      1.3864665200522388,
      -1.4179759951718778,
      1.1858540005637068,
      -0.8725935308130893
    ],
    [
      -0.9418605230550925,
      0.2462863488816513,
      -0.8376212849916755,
      2.7047134910799384,
      -0.6268960722262562
    ],
    [
      -2.2058436174576275,
      0.4677279332942381,
      -0.353218740529085,
      0.5948471723241592,
      0.9154879714340592
    ],
    [
      -0.6254167977982645,
      2.059820465184305,
      -1.2380221704748329,
      2.179620083499918,
      0.5280499363425237
    ],
    [
      -2.2869827045885813,
      -1.6440207632213086,
      -0.14939786878744865,
      1.3252879922049878,
      -3.669605556349952
    ],
    [
      -1.293478480982504,
      0.8615586234656336,
      -2.3950349483904825,
      1.9883033071926968,
      -0.7383527293143908
    ],
    [
      -0.6244463660527233,
      -0.06943362339031944,
      -0.5709796723219659,
      2.4987134490981573,
      1.170366526177027
    ],
    [
      -1.0400416590170274,
      -0.23961644386446346,
      -0.9638065778281686,
      1.5402355530299172,
      -2.549669606249211
    ],
    [
      -1.6440296843006486,
      -0.6488865602039099,
      -1.7439500556287841,
      2.196415557258875,
      0.009499062900102242
    ],
    [
      0.06391335964793904,
      1.3053872674713332,
      -0.9492510876100415,
      -0.052108819845464005,
      -0.5703688221355996
    ],
    [
      0.20429393118523326,
      0.04585192326057985,
      -2.9344614447011694,
      1.9141805879696212,
      0.6060603527645401
    ],
    [
      -0.694404353680969,
      0.22173708001105946,
      -1.7310593534820597,
      1.6750396686457263,
      -0.8370993704136939
    ],
    [
      1.7289893798704326,
      1.0898807819074317,
      -1.2493269881452016,
      1.3942617797096761,
      0.061027090631501774
    ],
    [
      -0.2855018924117637,
      1.1476000876083834,
      -0.8127739161372767,
      2.056241760039695,
      -0.2208925765853236
    ],
    [
      -1.339604378900636,
      0.9650421085808636,
      -4.758974451134206,
      1.4981081850029554,
      2.518894369807517
    ],
    [
      0.40098130624202494,
      0.34939664851366703,
      -2.017657481786877,
      0.9933930244756473,
      -0.2006300993906872
    ],
    [
      -0.7333224013388195,
      0.4593994455073044,
      -1.0552315031703519,
      1.6912025891319353,
      0.2089025654035161
    ],
    [
      0.5084377488434608,
      0.706302975754258,
      -1.8099935125679534,
      1.1670910940319001,
      0.012603678954713145
    ],
    [
      -0.5743352722943891,
      0.07604313969383991,
      -0.6296220509605058,
      0.9720421929367585,
      0.17606255079610525
    ],
    [
      -0.435849143303016,
      0.8939671120895283,
      -3.642284105267507,
      1.9587664183203097,
      0.057071418807037116
    ],
    [
      -0.2649286604193684,
      -0.31373828736284926,
      -0.867445609853234,
      2.9762447801928555,
      -0.023201905206486535
    ],
    [
      -0.17950869347453355,
      -0.7786315260823008,
      0.49088811390284426,
      1.6901930761097126,
      0.9666005701367033
    ],
    [
      -0.8666761011076438,
      1.0362775688900463,
      -1.3809790559005983,
      3.107348209642696,
      1.9971166372272868
    ],
    [
      0.18322922272502318,
      1.1592800152102427,
      -0.05830316439638894,
      3.3373534224225843,
      -0.5129683642972708
    ],
    [
      0.4328580548477197,
      1.4944812414224653,
      -2.113929068935156,
      2.3155095697523063,
      -0.2879090748441808
    ],
    [
      -1.246623850402978,
      0.24409687189868523,
      -1.6200376925721451,
      -0.01667217004229249,
      2.2763513772068418
    ]
  ],
  "id": 37,
  "df": 5
}