{
  "mu": [
    0.3862533191081006,
    -0.48403968888546617,
    1.0449247952267193,
    0.10954197417032434,
    -0.38258949729986447
  ],
  "x": [
    [
      0.6661189761469639,
      0.25561270312750645,
      -1.390507924842067,
      -0.07912797173008064,
      -0.7242934411097308
    ],
    [
      0.7360535881390555,
      -0.12755657057459557,
      0.08883936383596702,
      0.07099380011571509,
      0.4471707149775439
    ],
    [
      -0.01938576362726191,
      -0.1776118540065849,
      -0.3219531720000288,
      2.3041133730721794,
      -0.821086478672777
    ],
    [
      0.9148823020649479,
      -0.4193221069299157,
      -0.07356336477198222,
      -0.3782458595613631,
      -0.17465872079064992
    ],
    [
      1.6049419683999073,
      0.04925226940345989,
      0.44428854930651185,
      -3.506512031826378,
      0.6006065058941267
    ],
    [
      0.14841299436085753,
      -0.06358379561169664,
      0.08678937993418756,
      -1.0980177435765697,
      -1.041288591201193
    ],
    [
      -0.5484694359455824,
      -0.47791924591089796,
      1.0217493094976016,
      1.035139234049881,
      0.7386458766148887
    ],
    [
      -1.244501115729111,
      0.3941484660844045,
      0.25879529308289884,
      -0.004858218958366925,
      -0.03488420006201054
    ],
    [
      -1.7154981367085982,
      -0.5341888012109922,
      0.8853185892774571,
      0.2730184753053471,
      -1.039531503635154
    ],
    [
      0.5805874769798761,
      0.04292114126110019,
      0.4707301912695333,
      0.5875955971009812,
      -0.33422171441671084
    ],
    [
      1.5904795309751096,
      -1.7628990959350617,
      1.5661241613835482,
      1.744992877085578,
      0.7388764106790482
    ],
    [
      -1.3342850489240008,
      0.0938943408952379,
      1.7894286887619413,
      0.2834613894110544,
      -2.0562822180928864
    ],
    [
      0.6943473726735108,
      0.14987477268443578,
      0.7414047515502579,
      -1.600752693209361,
      0.4495790305937438
    ],
    [
      0.61142870793035,
      -0.3451929049603645,
      0.9148593163523238,
      -0.08564902713569365,
      0.06867917997913714
    ],
    [
      0.028316056470978457,
      1.0295265891314263,
      0.9783605583934196,
      -0.09189768972077582,
      -0.577267113366858
    ],
    [
      -0.7027324692068553,
      -1.018018003311615,
      1.1435602933019393,
      0.17925020936330074,
      -1.7574746855004242
    ],
    [
      1.0822148566542347,
      1.2817385951411597,
      1.4809083606003357,
      0.663774479715217,
      -2.128597978760202
    ],
    [
      1.9289439109751003,
      -1.5199089194902036,
      2.8660435256309733,
      1.1237526119875132,
      -0.09325080045471784
    ],
    [
      -0.5801438447794962,
      -0.8345641715667704,
      1.2736068093421302,
      -0.5487720738951191,
      -0.7052898523124613
    ],
    [
      0.3239004299592948,
      0.024735282108469814,
      1.7210882477461609,
      -0.25240098163308095,
      -1.4771321155929213
    ],
    [
      1.9042729122471391,
      -1.1199022950637687,
      2.0929268026777472,
      0.785590525670986,
      -0.2777477251324064
    ],
    [
      -0.29873592459317605,
      -1.276116794018119,
      1.1836135849594611,
      1.5937497671931786,
      -0.559776005320926
    ],
    [
      -0.6377509342743366,
      -5.878850526070951,
      0.8705111531107135,
      0.8315695740932272,
      -0.15753101626493035
    ],
    [
      0.7235617680798283,
      -0.6378323452157594,
      1.9834909667695402,
      0.6597519012028994,
      0.8630259213180715
    ],
    [
      0.7165407313742052,
      -1.4471932920299202,
      2.493556586895612,
      0.710620451943978,
      0.633923149461038
    ],
    [
      0.5034531396056953,
      -0.3443965871013652,
      -0.26070113430210284,
      0.16325030998971757,
      -1.5663091957384772
    ],
    [
      2.123200768705114,
      -0.6771508980466592,
      0.8314510031945879,
      -1.3318116194945382,
      -0.20776673170442556
    ],
    [
      0.8234622912841977,
      0.44246899382685617,
      2.5458007536242144,
      -0.34369189389284255,
      -1.595136461864051
    ],
    [
      0.7137345095510716,
      0.21601428454120736,
      2.2844402348139807,
      -0.4048798147385077,
      -0.7011828725157397
    ],
    [
      0.4959882757634204,
      -1.4425960924464079,
      2.001947984686054,
      -0.20903079098909605,
      -1.4186881222135665
    ],
    [
      0.4312036011681115,
      0.864045295861888,
      0.6390031045055029,
      0.695745577536778,
      -1.446049409092445
    ],
    [
      0.21308499806656855,
      0.8568378786867419,
      1.6206093998281137,
      0.4167742824776176,
      -0.4204904767061215
    ],
    [
      -1.4288857065017542,
      -1.3170017774016118,
      0.7111643194907253,
      -0.385195787735993,
      -0.8944256523704023
    ],
    [
      0.6638064288170344,
      0.06541529461936318,
      1.7639789498451819,
      0.7423408520582888,
      -0.5233865670498324
    ],
    [
      -1.103543008741519,
      -0.3752931531871818,
      3.473162121936915,
      -0.2331499409411894,
      -0.8848020596121053
    ],
    [
      1.3712537397695348,
      0.09347053500580543,
      -1.1779259992370001,
      0.2633130611085591,
      -1.2643074461059878
    ],
    [
      0.12368971067157153,
      -2.0123957178650556,
      1.6238068233427998,
      -0.5018743325044289,
      -0.9182625846706031
    ],
    [
      2.1563153865752516,
      0.7626601772728319,
      2.180793867539154,
      -1.0355852531266976,
      0.3858101357729935
    ],
    [
      -2.0080408763433364,
      -0.32425550174988865,
      1.2612143347761344,
      -0.02545063766646201,
      -0.9667522119275075
    ],
    [
      1.3427487557888786,
      -0.40227878267144823,
      1.5335651327082185,
      0.7825847634677429,
      -2.781550935620774
    ],
    [
      0.18792491812850762,
      0.13279159314525296,
      0.2970469004302656,
      -3.1005309225777475,
      -1.9199401392168116
    ],
    [
      0.35713726142864405,
      0.41328822310291474,
      0.057927958789580125,
      0.5379284655690627,
      -0.5074407033474608
    ],
    [
      -0.5827086694412846,
      0.5618451441481866,
      0.8706643959770284,
      1.0814080152672856,
      -0.7775628299424051
    ],
    [
      1.4054658392094594,
      -0.6149273128802222,
      -0.5082708648419754,
      1.8003538059140352,
      -1.0290065958362293
    ],
    [
      1.0833390843474568,
      -1.1596261786210265,
      1.2343838498530668,
      -0.3912203323726246,
      -0.24810163478940037
    ],
    [
      0.2691750668504078,
      1.1541070002131681,
      2.2719871956371263,
      -0.7610771158840395,
      -1.9625384278096616
    ],
    [
      0.7383173157522022,
      0.4989732769353478,
      0.0746085901760114,
      -0.013207194342263931,
      -0.10261960222871941
    ],
    [
      1.6376696871709915,
      -0.5154227993334249,
      0.9089780643502007,
      -0.1822211643831227,
      -0.615727414599398
    ],
    [
      0.14373396901716382,
      0.5173495890857935,
      0.9005195499303635,
      0.6074679497196458,
      -0.23537025948001056
    ],
    [
      -1.4146003638540212,
      0.7237687624685738,
      2.7436351590943495,
      -0.3706498193183951,
      0.5068988143352066
    ]
  ],
  "id": 29,
  "df": 5
}