{
  "mu": [
    1.094386383835796,
    -0.8102049199790893,
    -1.5820749376069858,
    0.12572416719674487,
    0.9004308961391774
  ],
  "x": [
    [
      2.5413157423593615,
      -1.2885124079060837,
      -1.6615193019093728,
      1.67566739102176,
      -1.8355833996555388
    ],
    [
      1.9986466454013514,
      -1.060492781614594,
      -1.0155182091664656,
      0.9172578354287318,
      1.113547900415019
    ],
    [
      0.5052511210395315,
      -0.9474347431948832,
      -2.2725985577035672,
      -0.6535325283813876,
      1.2285704520957488
    ],
    [
      1.518741285139669,
      -1.6665051785898104,
      -2.450632900707007,
      0.34091625231276534,
      0.7389105666393478
    ],
    [
      0.9048982144187874,
      -1.3002498835256666,
      -2.7323116148391233,
      0.3494101448823219,
      -0.3024929159132337
    ],
    [
      1.7522833862304665,
      -0.7794678261942991,
      -1.684827179327681,
      -0.8413469050285619,
      1.422572560946124
    ],
    [
      0.60421862572211,
      -1.1721064090865903,
      -1.3473121241668335,
      0.7432402366514238,
      1.2687988430254111
    ],
    [
      1.1596200922591402,
      -1.0037116710196097,
      -0.49661634166163227,
      0.13375934095510983,
      1.1268479013376793
    ],
    [
      1.1883103847209753,
      -1.0778882283134203,
      -1.6633665540583504,
      -0.40757902475186214,
      2.125919384253737
    ],
    [
      0.9335190587112884,
      -2.274718534721069,
      -2.0141534317904592,
      0.2039596646658049,
      1.2481166963955779
    ],
    [
      1.1770434113269996,
      -1.7048715757672994,
      -2.314115556520029,
      0.2861509611146583,
      1.303577949715676
    ],
    [
      0.4045345269716063,
      -0.8532784715237631,
      -1.3408140415348389,
      0.2855195461762054,
      0.656091248937056
    ],
    [
      1.5236047684359226,
      -1.1479692139089082,
      -2.1759107700663893,
      2.893611953899913,
      0.04497076236120301
    ],
    [
      0.5955840092369918,
      -0.6829188865770464,
      -4.719089242534917,
      1.0507293400276263,
      0.6048625953359186
    ],
    [
      2.7042404919728664,
      -1.0384764060734961,
      1.4339815613111906,
      0.294438889478455,
      0.05499166137117628
    ],
    [
      0.9856496879511945,
      -0.9559935023548574,
      -0.6143658851555639,
      0.4874644541922847,
      1.5996889058523693
    ],
    [
      0.8581120323829032,
      -1.9505141492115783,
      -1.9452490973397822,
      -0.7713353044982698,
      0.6470026972482144
    ],
    [
      1.516287360744948,
      -0.8923095596540755,
      -1.212062301740536,
      0.2801094212784656,
      1.739834218491504
    ],
    [
      2.3393579253458405,
      -1.3566428364610013,
      -1.956891595012153,
      -0.20613327374768933,
      0.841844135641076
    ],
    [
      0.4404421335267663,
      -0.23570392675357066,
      -1.3303757957593536,
      1.5695854934909312,
      0.9659326185167234
    ],
    [
      3.846488741052819,
      -3.0101676424605284,
      -1.403059102616011,
      0.535968558339707,
      -0.9436888659419158
    ],
    [
      0.6856022693070407,
      0.5179393666182157,
      -0.3235701079378237,
      -0.15983477744615462,
      -0.11141711681230015
    ],
    [
      0.09767922880311253,
      0.7449050715115153,
      -2.0178990029707133,
      0.9394514069440941,
      0.17908793778482712
    ],
    [
      1.683692657333642,
      -0.8520660078164417,
      -2.158024667616305,
      -0.03325212544147829,
      1.276898705948344
    ],
    [
      0.14053967312411497,
      0.21787064041125093,
      -2.2093658136520586,
      -1.0674555216128832,
      0.927819019209844
    ],
    [
      1.2409232315926042,
      -1.2381668116794458,
      -1.2588850683843447,
      0.1632695597272742,
      0.29980067608494343
    ],
    [
      0.7153691430799285,
      2.283057958670053,
      -3.041935247642183,
      -0.0431821817642731,
      0.5575387276300163
    ],
    [
      1.4553346219715422,
      0.4750315173023427,
      -1.7443878966578032,
      0.100637655536457,
      0.3234993090875169
    ],
    [
      1.2800008094797355,
      -0.37816483028416453,
      -0.5578736591763618,
      -0.24476133984966122,
      2.6195922799490727
    ],
    [
      0.9435905590372763,
      -1.0676074661651547,
      -1.782713452585889,
      1.5471015771250374,
      0.6855237913987531
    ],
    [
      1.3128829711502101,
      -1.2685840041907996,
      -1.250063373386322,
      0.6319164371063977,
      0.9925736149692518
    ],
    [
      0.12078658013865773,
      -0.520529144759346,
      -1.1846577723781284,
      0.004363908996039417,
      3.431700860521838
    ],
    [
      2.160479896579912,
      -1.7899618495776737,
      -2.3077517941767223,
      1.2540294724530288,
      -0.3749489016967933
    ],
    [
      1.0462769556126237,
      -1.5372500478176767,
      -2.585831464228967,
      0.9755860806359915,
      1.6810673169123418
    ],
    [
      0.9287898612977489,
      -2.3135242956044415,
      -2.8046386801783836,
      0.9702536818832467,
      -0.49201777340448416
    ],
    [
      1.8232520642279888,
      -2.1667676348155185,
      0.8981052113953889,
      -0.8237753785206708,
      1.9943445488363774
    ],
    [
      1.9262809226954891,
      -3.029170633183085,
      -1.543550041454615,
      -0.29215756670838045,
      -1.2368783916996449
    ],
    [
      -0.3254989617146782,
      -0.44466608073403696,
      -1.5464779788631684,
      0.0965285715872985,
      2.7317240095126074
    ],
    [
      1.8670071899074927,
      -0.1747924389680252,
      -2.0046350569084064,
      -0.6686748906509737,
      1.4257731750960088
    ],
    [
      1.0147511015653752,
      -0.72588075699782,
      -2.2618328219723485,
      0.5682840412621191,
      -0.5100939556910178
    ],
    [
      1.7949731673417086,
      -2.3765423963538863,
      -3.1629670287109017,
      -0.9848839805167016,
      0.9522684193509263
    ],
    [
      -0.23265720868858675,
      0.5898468122863048,
      -0.016097992608154366,
      0.40557022108894936,
      1.1964862633156557
    ],
    [
      0.2912413913661742,
      -0.8255945246252905,
      -0.23069369083584745,
      1.4835423260845022,
      -0.5837848199706741
    ],
    [
      0.44834437883275524,
      -1.1251714780050972,
      -0.08428283280667315,
      -0.4256129107738551,
      -0.5055067721217172
    ],
    [
      1.6912084089578108,
      0.04654229988947867,
      -0.809098751023297,
      -0.6177278282113787,
      0.35528414045375556
    ],
    [
      0.9533197501057643,
      -0.6735024721483978,
      -1.8038058923868994,
      -1.3520043108164415,
      1.0879273284222049
    ],
    [
      0.9957919247521715,
      -0.35530224598570015,
      -2.527662244130782,
      0.12510075997827433,
      1.3563346142142547
    ],
    [
      1.2951624443995606,
      -0.9647857750146072,
      -2.552702981240508,
      1.2419411814628567,
      0.7776195249500355
    ],
    [
      0.7992736605063355,
      2.206191311541021,
      -1.2056892156814816,
      -0.16611456003398697,
      2.363422352284222
    ],
    [
      0.2951119763635497,
      -1.3466979553971852,
      0.3137057947880191,
      -2.4567638919244423,
      0.9966197299740759
    ]
  ],
  "id": 10,
  "df": 5
}