{
  "mu": [
    -0.46805957018632594,
    2.0294225464891613,
    -0.13718245731267928,
    -0.2274375336353541,
    -0.47052530331143644
  ],
  "x": [
    [
      -0.08794647765873315,
      1.774738860035192,
      -1.0755487866411713,
      -2.7914211736982635,
      -1.8550248872512118
    ],
    [
      -0.45772695468350316,
      2.0672609046732413,
      -0.007375326117450093,
      0.12794561280430775,
      -0.7945586020770126
    ],
    [
      -0.8551620584114702,
      2.463415592123846,
      -0.42069865372642024,
      0.07204475744355807,
      -2.5864977172549457
    ],
    [
      -0.24817082582417105,
      2.293832530813181,
      0.8121207599168375,
      -0.45404940151106676,
      0.26113875367737
    ],
    [
      -0.4791112530788329,
      2.5838552496936433,
      -0.9074182329946762,
      0.47397193360005185,
      -0.9348739610972453
    ],
    [
      0.984716767690273,
      0.7256021598118927,
      1.1853202507905476,
      0.6710174674724024,
      0.0930158427993713
    ],
    [
      -1.946627980397143,
      3.5033778484837628,
      1.4197314158048617,
      -0.43441053326069257,
      -0.37231681339069744
    ],
    [
      -0.8921397846692047,
      1.5020669060503038,
      -1.8623077705337807,
      -0.853922553638164,
      0.5146901549900988
    ],
    [
      -1.205021697941996,
      2.6448370399954686,
      1.1400867759923496,
      -2.0310984023702967,
      0.3388909122930957
    ],
    [
      -1.4538283987861802,
      2.4121125626238973,
      -0.7615190952057961,
      -1.0074530308901184,
      -0.7008202410088766
    ],
    [
      -0.17948419283598382,
      2.5257877965417954,
      0.35532706673665115,
      0.23559483074415613,
      1.167504531482366
    ],
    [
      -0.9434560024113738,
      3.397538274935699,
      0.27540314520631315,
      -1.882224543138357,
      -1.0510120569396464
    ],
    [
      -1.120592479284062,
      1.7757740484095093,
      0.2794432162078915,
      -1.184345646238296,
      -1.3430674529446345
    ],
    [
      -0.7543709122719346,
      2.480440054600366,
      -0.23185708488749593,
      -0.061085487076641826,
      0.3745630733268763
    ],
    [
      -0.2681157568984476,
      2.8170694240961818,
      0.7947152134942962,
      -0.7625440066723553,
      -0.16711427513517568
    ],
    [
      -0.32967109939094186,
      1.777163711146319,
      0.3000202104219669,
      0.3324668678843491,
      -0.033014238683231
    ],
    [
      -0.8990522481641505,
      2.8744481444783423,
      1.9706207714711474,
      -0.4684781444162505,
      -0.9044074791584324
    ],
    [
      -0.05055684615075795,
      2.011096809987447,
      1.9010203442938207,
      -0.41320406538250953,
      -1.1735893251460787
    ],
    [
      -0.021874600571553382,
      2.3972635606088426,
      0.4211123625237032,
      0.6386205216681853,
      2.4888338178725515
    ],
    [
      -0.8527999972553745,
      2.215382788037035,
      -1.456988465868057,
      -0.8052658107224213,
      -0.9638055711536109
    ],
    [
      -0.5362693781705902,
      2.394793134902138,
      -0.16976836190298492,
      0.041633917635672396,
      -0.17600539627195405
    ],
    [
      0.19254220635889174,
      2.050048075425159,
      1.0841127316983983,
      -0.31348942321122447,
      -1.46007771286309
    ],
    [
      0.2712950039689549,
      2.6673209643847557,
      0.42918589004336805,
      -0.9081212925361647,
      -2.524367098483543
    ],
    [
      -0.8276740748796827,
      2.6788030266749847,
      -1.3925404355029094,
      -1.712779533597464,
      0.8597836981514821
    ],
    [
      1.4542495930511685,
      2.927431316002314,
      -0.040979719100781395,
      -0.8248402730840988,
      -0.3549465246026316
    ],
    [
      -2.3111984590236343,
      2.010832724115599,
      0.3799836811185964,
      0.9565113072620551,
      -0.9614874517816846
    ],
    [
      -0.22098843094754617,
      1.476849711057075,
      -0.03493528559434435,
      1.2566551780243156,
      -0.19283517093341446
    ],
    [
      -1.1915548961403895,
      1.6612041458292965,
      -0.2526112543097174,
      -0.4643006716737228,
      -0.21662307884553683
    ],
    [
      -2.139740810624449,
      2.9820697835082743,
      -1.5921046138788852,
      -1.3715807525730075,
      -0.1999235971623664
    ],
    [
      1.2823890875196795,
      1.2817483894172845,
      0.0190372535189946,
      0.5793018869858444,
      -0.3378903100343038
    ],
    [
      -0.25975229135819095,
      3.1209621331770823,
      -0.6890668803924744,
      0.5037700526719536,
      -0.37201289702977536
    ],
    [
      -0.015970777869572905,
      2.0105251928071435,
      0.21026325709316465,
      -1.3184669465672403,
      -1.7515803875128424
    ],
    [
      -0.21457074403480458,
      2.2944401712025924,
      -0.7013226652597236,
      -0.3630793519312103,
      -0.9697882878189922
    ],
    [
      0.9899798894923002,
      1.549119767295393,
      -0.15183939469354837,
      -0.3628520715775938,
      -0.872572914884456
    ],
    [
      -0.39860961253614136,
      1.5683723600420336,
      -0.5465165255524438,
      -0.5243515706244124,
      -0.4602248194885366
    ],
    [
      -0.6359147300932327,
      0.9432439789704667,
      -0.04226818845286803,
      0.1084294690106524,
      -1.5399519281170253
    ],
    [
      -0.6302621806903008,
      2.041692516560415,
      -1.6441385279799636,
      -0.5873122019333571,
      -1.7909844935785102
    ],
    [
      -0.2552839948960883,
      1.3046616597805154,
      -0.17564079318642145,
      -0.8350101771271128,
      -1.309598271092026
    ],
    [
      -0.7386998085821364,
      3.084325422178907,
      0.5264675127303312,
      0.1510863909599728,
      0.155543915103792
    ],
    [
      -0.29384097789316993,
      2.393242112269748,
      -1.1982232136284936,
      1.2473448241162868,
      -1.0041435622105686
    ],
    [
      3.067669667719929,
      2.2640014353540723,
      0.20245535044698335,
      -1.1454455402576555,
      -1.2426569132829617
    ],
    [
      0.3026040229726381,
      2.542563392809477,
      0.1267908081848467,
      0.2718348580137503,
      -2.066371936146132
    ],
    [
      -0.9908726452340588,
      1.1684766425242212,
      0.19265767478204107,
      -0.15151019211826533,
      1.1954124630942276
    ],
    [
      -1.433728449417604,
      1.9278551253316183,
      0.1585284055753128,
      -1.2475756516265,
      2.7732667313440285
    ],
    [
      1.6461175725944157,
      0.9401058897999286,
      -1.0210319203991542,
      -0.7910832463105864,
      -2.2204991648758106
    ],
    [
      -0.12395131805622533,
      1.4109635646610474,
      -0.5804430851190122,
      1.660662701292828,
      -1.6968351610118801
    ],
    [
      -1.2491820357860899,
      2.0625462562590515,
      0.5850228032051433,
      -0.34919103183400857,
      -0.34417863814266747
    ],
    [
      -1.4931420616906896,
      1.4065773481970907,
      0.6168764290693589,
      1.3990269587633342,
      -1.6975388283867876
    ],
    [
      -1.3443917248160082,
      1.8905522594119057,
      0.19890269688410242,
      0.16058400908451873,
      1.0775206122973342
    ],
    [
      0.1169519571373987,
      2.4975659225107205,
      1.1323140732768833,
      -1.1636993650603014,
      -1.446819124773612
    ]
  ],
  "id": 20,
  "df": 5
}