{
  "mu": [
    -1.0747215822129412,
    0.3716878489268604,
    -0.35984672218225905,
    -0.8154647936865699,
    1.9642807318148892
  ],
  "x": [
    [
      -1.290120328821755,
      -0.239149180761769,
      0.1770807758807978,
      -1.4720096469798354,
      2.4921256718730516
    ],
    [
      -0.8339326672885685,
      0.1833111922621955,
      -1.0456294575142564,
      -1.4518075913225927,
      1.6236031160846316
    ],
    [
      -1.5676886694519236,
      -0.025468442443669748,
      1.1131370520810493,
      -0.5925885754690412,
      2.1657038897730367
    ],
    [
      -0.025138013464887532,
      1.9836765441737894,
      -0.03905416188903843,
      -0.7854449610019677,
      1.779291562771682
    ],
    [
      -1.0493728438164565,
      0.5529434322750645,
      -2.018536561994844,
      0.14515205307940504,
      1.9993788268227324
    ],
    [
      -1.359751555647453,
      -0.4861636917149224,
      -1.3271241589316323,
      -0.3981493571514156,
      3.234265039009458
    ],
    [
      0.06462721494886892,
      1.423904116510135,
      -0.08850311702114994,
      -1.3780791935846555,
      0.39630863251256776
    ],
    [
      -1.9522749763342842,
      -0.5783395584882309,
      1.2907472631975394,
      -0.7918079364323416,
      1.4265424977777679
    ],
    [
      -0.23148134420708222,
      0.3842270981013328,
      -4.683384418082647,
      -1.0688016202310004,
      2.647436244865958
    ],
    [
      -0.7253940056087553,
      -0.5453293168261668,
      -1.0401111628142694,
      -1.0209723664547286,
      1.8799760772829748
    ],
    [
      -1.0507051750041076,
      -0.43814872478024064,
      -1.9239611323512622,
      5.124340744062682,
      2.8816110717039303
    ],
    [
      -3.514760634987117,
      2.782144015423913,
      -0.9665007626111657,
      -1.786243029119515,
      2.94773494867943
    ],
    [
      -0.382327405718236,
      -0.050893995509359136,
      -0.8368490704024543,
      -0.985229067939923,
      1.3943939217607926
    ],
    [
      0.3332363206745572,
      -0.030342465377513284,
      -0.219932238770982,
      0.013713715873117538,
      2.9485566925888174
    ],
    [
      -0.692750287718445,
      0.12003655045041722,
      -1.074411391848991,
      1.4715671285356215,
      1.4096063277091369
    ],
    [
      -0.7427107817617007,
      -0.09407141823290532,
      0.9733255873720754,
      -1.619634760697165,
      1.3108252406732197
    ],
    [
      -0.6989148379993211,
      -0.16528001571519463,
      -1.378572615732586,
      -1.4553323921383425,
      1.3707125213539246
    ],
    [
      -3.8636009295034417,
      1.0852553242593612,
      -1.200821960888991,
      -0.7716690272755469,
      2.0933680907532497
    ],
    [
      -1.179881581586916,
      0.7763709235236184,
      -0.6449169472337275,
      -1.3718244896235872,
      1.4292126110279235
    ],
    [
      -1.3471948843054014,
      -0.650093877286362,
      -1.2386243668227481,
      -0.21206109109364146,
      2.9170894067270012
    ],
    [
      -1.4662329947880204,
      1.188383948828142,
      -0.26506134485174454,
      -1.2326484594876397,
      -0.16548288641780307
    ],
    [
      -1.0984189078772533,
      -0.5155870302451413,
      -1.4801362442850072,
      -1.2883276630831269,
      1.6106012384270207
    ],
    [
      -1.59401216881235,
      0.7574497334123536,
      -0.5060307039132959,
      -0.2867536662626028,
      1.0528373288966473
    ],
    [
      -0.3066081670053352,
      -0.07501373882227275,
      -0.24650411549511475,
      -3.0117380389743076,
      1.5321146951857867
    ],
    [
      -2.013008797871707,
      0.5786126652371689,
      1.1095987865722896,
      0.060336409746766684,
      1.8296868950364573
    ],
    [
      -2.2137291517096553,
      0.6929080180006966,
      -2.3379670851706824,
      -1.074377366963728,
      1.4064073239113655
    ],
    [
      -1.5514869568887497,
      0.8191278504768166,
      -1.0274821614059388,
      0.2777194571939171,
      2.737295593281871
    ],
    [
      -0.5057556972090931,
      -1.8330859598992535,
      -2.8097813843699715,
      -1.5974969889185142,
      1.2266773283375885
    ],
    [
      -1.9303496246321998,
      0.33167897749966846,
      -1.688156998687251,
      -0.09036330207899712,
      3.047333480574083
    ],
    [
      -0.34980386182857626,
      1.2505264395819822,
      -0.03451082545092593,
      -0.377143949200695,
      3.344817488105131
    ],
    [
      -0.9439378600605093,
      0.03618024184725799,
      -0.6612390079608392,
      -1.7309209748019474,
      1.5179769834271728
    ],
    [
      -1.078806660357875,
      0.05603614916747918,
      -0.4284803265179845,
      0.45611935326940645,
      1.0895542133805665
    ],
    [
      0.6552517810778737,
      -0.18218801067462448,
      0.03386848360460909,
      -0.7234227356213887,
      2.4138822503502535
    ],
    [
      -0.6871368712328132,
      -0.5925188561284316,
      0.7958992265353209,
      -1.1734548496034263,
      0.9261684385519484
    ],
    [
      -0.8905730585475108,
      0.12603456557201248,
      0.9751269186325078,
      -0.6156873128473345,
      1.6570607670945194
    ],
    [
      -0.5890536639919606,
      1.2097645557673327,
      0.36041579516874894,
      -2.0067530494450887,
      2.3602460334777673
    ],
    [
      -0.9314252074088505,
      1.5065944553715285,
      -0.2279946664069683,
      -0.23706207746070918,
      1.9908184487990337
    ],
    [
      -0.6329568782591084,
      -2.0451821591554595,
      2.995628557696281,
      -0.8637430426266958,
      1.3872739685709998
    ],
    [
      0.24388883740465261,
      0.3213146063678419,
      -1.2087901285979068,
      -0.7004938997276746,
      0.5976841569521032
    ],
    [
      -2.976131770151007,
      0.47002809859814654,
      -0.1756172692640825,
      -0.4166767925078165,
      0.9931904430518369
    ],
    [
      -2.349546062581973,
      -0.33623019964062556,
      -0.4636442304123886,
      -1.5966354115459247,
      1.4625977099276173
    ],
    [
      -2.0254295290698634,
      2.1731153954824562,
      -0.8936911741591294,
      -1.2748713400519343,
      1.5278271699803545
    ],
    [
      0.013772020032317256,
      -0.17069126812609287,
      -1.7674120309601324,
      0.15455851094277018,
      0.8373522343582644
    ],
    [
      -0.8511695929717137,
      -1.9502923924895628,
      0.25166811931741223,
      -1.4217002697990107,
      1.2840010097162589
    ],
    [
      -0.1380237400325537,
      1.2331112770736472,
      0.6315146711164223,
      -1.147851364530627,
      1.9819312652341878
    ],
    [
      -2.1338297133677644,
      1.2195348389560245,
      0.5949867803079294,
      -0.8538566971370289,
      1.5592136060685153
    ],
    [
      -0.5037535384020954,
      0.7279761514552439,
      -1.5790598167489711,
      -0.027087687071524646,
      1.7615227258064126
    ],
    [
      -0.16269194781507024,
      -0.1374789562215218,
      -0.3108761707227056,
      -0.13174200068959974,
      2.117171770427575
    ],
    [
      -0.3799095579567884,
      1.4540260567564454,
      -0.5004693176066127,
      0.49599852378109144,
      4.443959975401061
    ],
    [
      -1.140811499278958,
      -1.8753828610505532,
      -0.5407273650961134,
      0.33451673217213995,
      2.321799880877025
    ]
  ],
  "id": 25,
  "df": 5
}