{
  "mu": [
    0.9977537308982106,
    0.29046574036729367,
    1.5860250377812308,
    1.6378236061663578,
    -1.9472038696551666
  ],
  "x": [
    [
      1.4760524003743507,
      0.7853700340043628,
      0.725105597106862,
      -0.20387899071072946,
      -1.535292592866404
    ],
    [
      1.7146451957372342,
      1.7203483886720579,
      -0.9077959980730816,
      0.17491854142754715,
      -5.4643520474688945
    ],
    [
      1.6448697826166514,
      -0.869576200678543,
      0.8045082110570572,
      2.1461553050670115,
      -3.8052581998995656
    ],
    [
      3.1277225625158183,
      -0.9828796093577685,
      1.5048524124824363,
      0.9607974800241857,
      -1.7851101922260848
    ],
    [
      0.9458681865556763,
      -0.039934013627709763,
      1.7377233642110301,
      0.602130431442442,
      -2.688756660058252
    ],
    [
      0.9172294765228445,
      1.0507982029407106,
      1.5948086654143134,
      2.197684044347634,
      -1.7760168970546915
    ],
    [
      0.1246600457959397,
      -0.6674012631946259,
      2.4172720047768754,
      0.9698109946619926,
      -0.9966876969118447
    ],
    [
      0.16327028707681823,
      0.3067548378131018,
      2.3056380743803535,
      2.00651131072134,
      -1.5466730481227584
    ],
    [
      1.8704839042164583,
      0.2118991648164732,
      0.8598374500842748,
      3.9649775951287154,
      -3.580316501883577
    ],
    [
      1.4069761181826972,
      1.514356582366736,
      1.486592967930895,
      -0.07067700923655762,
      -1.9495815579340086
    ],
    [
      0.28555768944249593,
      -0.14895777583603498,
      3.9512869281352128,
      2.2840080840720782,
      -1.3844314929283565
    ],
    [
      1.468675431343815,
      -0.046846353372266225,
      1.7086935346622925,
      2.5876010753812735,
      -2.3532602645571217
    ],
    [
      1.2015801486175965,
      0.20261875109579044,
      1.0059411053153107,
      1.5977946217107193,
      -2.6539513844646656
    ],
    [
      1.073110867926599,
      0.8118050495796774,
      1.035685972663464,
      -0.9135672157428114,
      -1.9503092382479752
    ],
    [
      2.573990720388606,
      0.7381353116144689,
      1.804955209001716,
      0.9943890209033921,
      -1.969594930875519
    ],
    [
      2.395412295679512,
      0.36754528919786955,
      1.9645328264469937,
      1.875220482917761,
      -2.950175324547429
    ],
    [
      -0.6675117840597974,
      -0.7977902812524398,
      2.1475368536780715,
      2.4532140192274374,
      -0.44825384950208713
    ],
    [
      -1.7467133153921672,
      -0.07093751981051394,
      2.134335378061526,
      0.6580651282841905,
      2.0776114805547445
    ],
    [
      1.113509152464673,
      -0.3830299226814077,
      1.5371418104018948,
      2.8625786635252677,
      -1.3440415924114921
    ],
    [
      -1.1898787310637369,
      1.0834043699245273,
      0.12728680858770458,
      0.35742710657738197,
      0.201919499764474
    ],
    [
      -1.4546116885960418,
      -1.024449181603765,
      1.6293841319491995,
      2.8055064039917843,
      -1.203109800481235
    ],
    [
      1.463772381197686,
      0.4583858666046598,
      1.926184196460212,
      2.0153685386241276,
      -2.508143519950183
    ],
    [
      -1.506194268128226,
      0.7668772896267029,
      0.7572271715717993,
      1.0464165538423598,
      -0.9621033854796206
    ],
    [
      0.920300691184742,
      -0.38837582395023673,
      2.2980096583829446,
      1.4173361639952773,
      -1.809693227662994
    ],
    [
      1.1640095954143677,
      1.123194114826171,
      2.278403352785153,
      0.40914741475162786,
      -2.1152165837191377
    ],
    [
      1.5161040663106977,
      -0.2606969162903182,
      2.549158993924939,
      1.4815787180886326,
      -4.052025327788035
    ],
    [
      1.2262685928508144,
      -2.7878463448331123,
      1.5969289635465944,
      3.3787295331984133,
      0.35934644265042603
    ],
    [
      1.3255387962233887,
      1.335626495632109,
      1.1620900988532543,
      1.8010400269619247,
      -0.9191324049845506
    ],
    [
      -1.0380783647831144,
      0.6176836815654416,
      1.8584374392978613,
      2.1814247079985405,
      -2.3217788968949997
    ],
    [
      2.1029602851431366,
      1.3929890038883614,
      3.4086635391107407,
      1.7817008871699507,
      -1.0703695517774277
    ],
    [
      0.4014014909010277,
      0.3560247766702823,
      0.43593725903105196,
      2.92693878810812,
      -4.422214249300792
    ],
    [
      1.6640553899022197,
      -0.7083033539918108,
      3.9211449765244066,
      0.10939724484163604,
      -1.7536080688821265
    ],
    [
      -3.898132684681011,
      -0.2673920631889828,
      1.3390429792346927,
      0.9568288056399485,
      -1.1935469597518884
    ],
    [
      0.52687163750027,
      -0.8009284986396308,
      0.8707958954732828,
      1.443661865094201,
      -2.2694153442429537
    ],
    [
      1.378339370922961,
      0.12643377061555303,
      2.813723322969928,
      1.6380478715715916,
      -3.3538129411813635
    ],
    [
      1.3841321636803747,
      1.703010971781144,
      1.0685032976958526,
      0.7871924304398975,
      -2.6972560130410854
    ],
    [
      2.3843705224732825,
      0.02403503391279871,
      1.3521388370588607,
      1.6791343223590764,
      -1.9584313060120777
    ],
    [
      1.1990988359602615,
      0.9587781387345609,
      0.4178966625656326,
      0.35519939860822203,
      -1.4937130438850665
    ],
    [
      1.8544070490414186,
      1.0563322403821804,
      0.6166251723221715,
      1.825761462725771,
      -2.1611213271630225
    ],
    [
      0.09609179432109194,
      -0.6517436602523387,
      -0.15330575211298592,
      1.889053069334527,
      -1.5680087516456165
    ],
    [
      0.8261663804240457,
      -1.008780870624022,
      1.2955008939292552,
      1.6181850452930384,
      -1.78483698171557
    ],
    [
      -0.7463248070913483,
      -0.623033142043974,
      0.7212008778490628,
      1.959109609521296,
      -2.8747244289059806
    ],
    [
      0.7349316068109285,
      -0.8779134158106945,
      0.9596769160141977,
      1.9342281487521142,
      -1.6308374962001477
    ],
    [
      2.1714337176754133,
      -0.4577840778001011,
      1.355272353828156,
      -1.630541193071206,
      -2.8255932579316227
    ],
    [
      0.38100287665608623,
      1.4341937312428203,
      2.673595919862801,
      1.2859805191377958,
      -1.9807454088952243
    ],
    [
      -0.2306864092797941,
      0.4959964717160035,
      -0.6878035514107812,
      2.0504370637158083,
      -1.8123210155213922
    ],
    [
      0.5336597389725182,
      0.1814717224576276,
      0.7972119041214023,
      2.9073523778756543,
      -2.707190409847665
    ],
    [
      0.6893403754790599,
      0.7609777408562937,
      1.8676565595382444,
      1.1050183924945944,
      -1.5729854945981911
    ],
    [
      1.8126995564889548,
      -2.1749500797463446,
      2.207068760749967,
      1.9802292487042663,
      -2.027679028740538
    ],
    [
      1.1588542727224498,
      0.9192624057813382,
      2.376684061295225,
      0.6508227974931877,
      -2.1550438873421793
    ]
  ],
  "id": 5,
  "df": 5
}