{
  "mu": [
    0.3135676466267937,
    0.27289668047587606,
    1.6359730399740071,
    0.2649964639318095,
    0.17275028108678167
  ],
  "x": [
    [
      -0.7184040758013098,
      0.24826475920049973,
      2.168960621446169,
      1.52793474528147,
      -0.6478906701975446
    ],
    [
      0.7353558830114696,
      0.922595861287457,
      3.1732391116325664,
      -0.4194728011590482,
      -0.3844056735363556
    ],
    [
      -0.23302834932360494,
      -0.4190752809639629,
      0.846649243495654,
      1.2898553053936899,
      -0.23684479202991068
    ],
    [
      0.8904678361316514,
      -0.4371962570891969,
      0.26369855547748,
      -0.7042639017351076,
      -0.8496453361537094
    ],
    [
      -0.41643756276987265,
      -0.5822489571857685,
      2.1462340545607796,
      -0.06898712189420991,
      -0.1760944220468509
    ],
    [
      1.1142878223798114,
      -2.972713885413349,
      1.9706535738620168,
      -1.6541186960176264,
      1.2174947349520873
    ],
    [
      0.29708366725439067,
      -0.34282674846194766,
      1.2560056471656103,
      0.7092372116108079,
      0.7118431736334674
    ],
    [
      0.5717610854332066,
      1.2861506249399026,
      2.9037239159222166,
      1.2374813199690995,
      0.7625207244255332
    ],
    [
      0.7083778314046708,
      -1.5664996452932078,
      1.2146372730529058,
      -0.8566572913341877,
      -1.0291093139200982
    ],
    [
      -0.7857687300162718,
      -1.6241887792236205,
      2.4243592990225378,
      -1.3125843568397502,
      1.1829385302829702
    ],
    [
      0.4931888351617109,
      -2.7139762243651564,
      2.1315304755279962,
      0.8337663989917266,
      1.9000630528349216
    ],
    [
      0.9732606817514303,
      0.723307385988744,
      0.348373985743732,
      1.114929956687887,
      0.10266612604415269
    ],
    [
      -1.0767209629179013,
      -0.03280464241162545,
      2.77252623827947,
      0.5737700567080497,
      -0.16056178536378599
    ],
    [
      0.9942070402264056,
      -1.9099394902172226,
      0.36583022135570986,
      0.07292583613734377,
      -0.9371435801875035
    ],
    [
      -0.17575618724112685,
      2.1829589952530513,
      3.7820529185498972,
      0.17464937658525176,
      1.4860323110764975
    ],
    [
      0.7699645331012619,
      -0.10459758020905591,
      1.3817251978083727,
      -0.1153439735138479,
      -0.13054726543199316
    ],
    [
      -0.5729196165406534,
      0.26007841822554434,
      1.6551885462005396,
      -0.2923778535678225,
      1.7830918801835929
    ],
    [
      -0.06744261814185298,
      -1.9181073940818265,
      1.1579938899428335,
      0.629589712951552,
      1.3812044774321188
    ],
    [
      -0.09993043431856835,
      -0.7028623034419028,
      0.1896932914620204,
      0.8767961822442945,
      -0.7567616747845995
    ],
    [
      0.04581313302170642,
      2.5763765524849664,
      1.5847881539561517,
      0.7343747866952277,
      0.7818770730062183
    ],
    [
      1.2881888063340496,
      -0.7029232538700776,
      1.610208006988899,
      -0.8196919957777278,
      -1.292637177843649
    ],
    [
      -0.06735252170797085,
      0.32266877941829203,
      1.934387671760856,
      0.8873656310900784,
      -0.15111083490616925
    ],
    [
      -0.39202905151922196,
      -0.9285268918473706,
      3.0713569241532364,
      0.21570983637585048,
      2.0779867477738057
    ],
    [
      0.6144078745367785,
      0.9906487134161079,
      2.096865630965354,
      0.6032835333933364,
      -0.8688856382164899
    ],
    [
      1.2783158026394288,
      1.2618819662279932,
      1.6670019171686352,
      0.012609568092703805,
      2.4951528690823257
    ],
    [
      0.45330714869390654,
      -0.6104262348662868,
      1.9687301177155603,
      -0.02619251659813826,
      -1.8331869333108894
    ],
    [
      0.18637101806655954,
      0.5643144870215959,
      1.2160419166630665,
      1.680579844778293,
      1.486543164666616
    ],
    [
      1.0183287237993912,
      -0.07728338497314008,
      0.6037177820128512,
      0.18597570115198045,
      -0.49715116013443605
    ],
    [
      0.7651038324060686,
      1.4858079490825722,
      2.6169720671856878,
      0.04421557207256066,
      -0.6783879536992212
    ],
    [
      0.8695130996899976,
      1.3068718489593842,
      0.9989101421057397,
      -0.7158889453916764,
      -0.2733889761113174
    ],
    [
      -0.01932236138973087,
      0.3028875192585865,
      1.1365731235067191,
      -1.4512972671988296,
      -0.03485102700069034
    ],
    [
      1.0219367237181345,
      -1.722338145136927,
      1.4912442493992473,
      1.5773916043612002,
      0.5021235831573314
    ],
    [
      0.15748451414771877,
      0.23661285685195754,
      2.4241234341677678,
      -0.9113547485177567,
      -0.201362029764346
    ],
    [
      -1.2338113237383936,
      1.4139888261782032,
      1.0989497627222904,
      0.024385126163451232,
      0.44716099319677516
    ],
    [
      0.9798047483913018,
      0.02205633569236326,
      1.8936058541995304,
      0.38164351251403167,
      0.06333879866329507
    ],
    [
      0.459913641122243,
      1.1088261162620456,
      2.2732639793331124,
      -0.6667918325103726,
      0.7725701298614693
    ],
    [
      0.13333842611774713,
      -0.616979983786272,
      1.484639168927335,
      -2.6204636367748186,
      0.09326077722385458
    ],
    [
      -0.4598900189269315,
      0.4915836387663768,
      1.4030810495482318,
      0.2793333770903375,
      0.3489161134333871
    ],
    [
      -0.3606399066860537,
      -0.3461333313611477,
      -0.19680145895859003,
      -0.8864833501683187,
      3.937792921893583
    ],
    [
      0.020786461751960528,
      2.706332082725164,
      1.582505481186306,
      0.8302745179764166,
      1.9660400824876083
    ],
    [
      1.0835096239970325,
      1.209750139649146,
      1.9789522728528546,
      -0.7046043670704243,
      1.1296065268188948
    ],
    [
      0.2875298986957441,
      1.7912268500604789,
      2.1566520626706223,
      0.5993289155394679,
      2.308611039012996
    ],
    [
      0.0841615409158801,
      -0.1792116014781195,
      1.8439418725873051,
      0.5530529642879755,
      -0.10460773979210605
    ],
    [
      0.6918157781871451,
      -0.36222331126834145,
      2.339584384466289,
      1.0638448067664197,
      -3.9631351463900057
    ],
    [
      -0.3086172821223466,
      0.9191239090073009,
      1.5006331641998933,
      1.35393355246167,
      0.6541174341117445
    ],
    [
      -0.17345690750991483,
      1.093855140970923,
      1.0175149499662655,
      0.12076619982247216,
      -0.12074262049124992
    ],
    [
      -0.19701649804121646,
      0.20769474448799533,
      1.6248230151477623,
      1.0242300190338298,
      0.13999040108074717
    ],
    [
      0.1044649716507369,
      0.9869566899697864,
      0.6879016676182762,
      0.4257923697434972,
      -0.8731781132880206
    ],
    [
      -0.29229216095340627,
      -0.8523317121893945,
      2.733178116497692,
      -1.4509262929431024,
      -0.5485394317432175
    ],
    [
      -1.2796242523114163,
      -0.4363091862322795,
      2.0669876947408916,
      1.0060799390635988,
      0.25471568324271643
    ]
  ],
  "id": 35,
  "df": 5
}