{
  "mu": [
    0.19300425454880368,
    -0.1375791746493856,
    0.5766115979349121,
    -2.5628008500647472,
    2.6995153096548656
  ],
  "x": [
    [
      -2.5784934937551918,
      0.9822692844909943,
      0.246538996422627,
      -2.958891623567885,
      1.890432018266739
    ],
    [
      -0.6898985200843472,
      0.5660399965540865,
      0.3400424091442284,
      -3.7213875684868922,
      3.230539788246098
    ],
    [
      -0.5213097923976179,
      0.35030088277322124,
      1.385864935266973,
      -2.396673545163547,
      3.0071123309432215
    ],
    [
      2.004408004693478,
      -0.03766177847767803,
      0.9674284183182511,
      -3.191323168346736,
      4.223543410769524
    ],
    [
      -1.1998995439422224,
      1.083000044479311,
      -0.16454522518915693,
      -2.6654860869638304,
      1.5819071950388852
    ],
    [
      0.10403071340426136,
      -0.5236428410108511,
      1.7901025374036927,
      -1.8739692207928975,
      2.7704797222202657
    ],
    [
      1.1358556252327483,
      1.0332191734150515,
      -0.5129419619275203,
      -4.099540785742341,
      4.65208258213059
    ],
    [
      -1.0301792121050377,
      1.7823691186538921,
      -1.4088687307500738,
      -3.2363042329135765,
      2.062132505757413
    ],
    [
      -0.2582297956945008,
      0.3751050355780521,
      1.1060021962222017,
      -3.315736026460012,
      2.627385108487541
    ],
    [
      -1.371138967722791,
      0.6932430166274886,
      3.571738379357465,
      -4.344185094876372,
      1.518792426271875
    ],
    [
      0.869532489212458,
      -0.9588500748166172,
      0.4885524491266482,
      -3.5061372242463325,
      1.8828772944389167
    ],
    [
      -0.017430092074758874,
      -0.1306568862311889,
      -0.6925460979869552,
      0.42117693047169524,
      2.8273560582390425
    ],
    [
      -0.2379846254027129,
      -0.5575724874028889,
      1.8766842758058484,
      -2.758730696747687,
      2.4304080712369345
    ],
    [
      -1.7660003997563263,
      -1.4271909343991622,
      0.11844490626919141,
      -1.4543088047341624,
      5.6145454319604715
    ],
    [
      0.05308110307959857,
      -0.020204494566019388,
      1.853353013365179,
      -2.661984637039701,
      3.7676321562437254
    ],
    [
      0.8031770475996582,
      -1.3657660194344514,
      0.26326611520161347,
      -1.7338302657051035,
      3.1299088283656396
    ],
    [
      0.05679564188864025,
      0.09239834023575788,
      0.8631471832813693,
      -3.270207394697541,
      1.3330462469651787
    ],
    [
      1.7541394022641936,
      0.07472034892881455,
      0.20205438571336592,
      -2.0226833899974435,
      3.6959323091412024
    ],
    [
      0.31332558073896183,
      -0.44906292004528403,
      0.6859608037626731,
      -2.835370096557932,
      3.134489229494515
    ],
    [
      0.13602900445775606,
      1.9458851425698318,
      4.766289330946928,
      -1.823318970828409,
      3.8328461380241943
    ],
    [
      -1.442834837236316,
      0.6025871737127291,
      1.1639275258780946,
      -1.6300635155689585,
      3.0498822612173595
    ],
    [
      1.1311562744967345,
      -1.2864746960985818,
      0.7146182898637454,
      -2.0561049985006297,
      2.83229843578802
    ],
    [
      -0.5330515412834196,
      -1.18378426119368,
      1.166409473389292,
      -2.3903414870355775,
      4.179207498709208
    ],
    [
      0.6682109229993327,
      -0.1652155550780383,
      0.7172036701614308,
      -3.541796879742357,
      2.7716922802130317
    ],
    [
      0.04189813746729629,
      1.4782788293091988,
      -1.77161918047085,
      -3.4824203147122166,
      3.2462985688471666
    ],
    [
      -0.024701718848851334,
      -0.4566901614088842,
      0.5409192570265307,
      -1.9816780320111558,
      1.665072605062666
    ],
    [
      -0.8536887966307066,
      -0.3948004706669679,
      -1.1899334471785852,
      -2.8889573297438926,
      1.9218246319346086
    ],
    [
      -0.024314293267273218,
      1.5170184176616497,
      -0.5704188540042457,
      -2.161493881533893,
      4.127540002405084
    ],
    [
      -0.9766665833209219,
      0.08797800219161367,
      1.87744017787442,
      -2.0490179355268925,
      1.3523828228296475
    ],
    [
      -0.0117522515209188,
      0.6793455066000097,
      -0.08318744185786875,
      -2.092689842958884,
      2.153614126586989
    ],
    [
      0.7097378667505029,
      0.09136477401613438,
      1.8694511162508602,
      -1.5623864482042042,
      3.0247372879134895
    ],
    [
      -0.048137374427593915,
      2.219491408928864,
      0.915707331304472,
      -2.8970715693551923,
      2.478728964120061
    ],
    [
      0.1722913013896741,
      1.1170370945148018,
      0.9540813148144109,
      -2.03768662885129,
      2.8506117872603007
    ],
    [
      -0.572472979456681,
      -1.8757292400168801,
      1.891727312997256,
      -1.7449787487139266,
      2.435593867255033
    ],
    [
      0.8656659317263065,
      0.20260747683280442,
      0.12509482064731442,
      -2.7911743847236767,
      2.789815113268182
    ],
    [
      0.5800462834893269,
      0.021861607149522844,
      0.3733930225610996,
      -2.7493533653495796,
      2.0540935334007555
    ],
    [
      -0.43738204714298745,
      -0.517500797751858,
      1.959525727425313,
      -2.327035816975587,
      2.3201025536267705
    ],
    [
      0.2376978579539969,
      -0.4795885015590595,
      1.0847982573157393,
      -2.6644127877199266,
      5.248591028762498
    ],
    [
      -0.8777625710515974,
      -0.951713298674014,
      0.3744184381212877,
      -2.0610258219514845,
      2.412281875763511
    ],
    [
      0.12121027981206078,
      -0.8363753252692426,
      -1.167781443351657,
      -2.5812312474021035,
      1.2968950689494188
    ],
    [
      1.0720093807808304,
      0.552817257659183,
      1.3522812361001155,
      -2.3130396276804945,
      3.372087269920066
    ],
    [
      -0.8738927383569713,
      0.5449156233239267,
      3.020975530139548,
      -6.996909125090683,
      4.197689453428899
    ],
    [
      1.3755492895821368,
      0.6779267598902204,
      -0.5646023271815325,
      -3.804261608065989,
      2.4775490063810848
    ],
    [
      0.6523259350727764,
      0.5389872031055767,
      0.04949142088530645,
      -2.7332955637774727,
      3.108649848198468
    ],
    [
      0.06382526895555218,
      1.2230119385324838,
      0.7174143025624927,
      -2.8439560457681163,
      3.9428750542672093
    ],
    [
      -3.7159302607310143,
      -0.32112861204868043,
      -0.5258868992318785,
      -3.9137698451648846,
      1.0290460198016804
    ],
    [
      -1.7997953845445358,
      0.2066951440977283,
      -0.36096435222304724,
      -2.396952880874989,
      2.9963367505777336
    ],
    [
      0.7219740630348306,
      0.6947586258405829,
      -1.2135519218881234,
      -2.01393571032039,
      2.128064442131879
    ],
    [
      -0.5946035136673702,
      -0.5788575544224756,
      1.641092926322893,
      -2.8765415567138923,
      3.326267627738081
    ],
    [
      -0.06249301780851743,
      -1.2497149233620102,
      1.115625918107438,
      -2.1227635516958987,
      2.2623737797268784
    ]
  ],
  "id": 41,
  "df": 5
}