{
  "mu": [
    -0.7283622277944415,
    -0.39873878890691566,
    -0.04539867052078747,
    -1.155308133392819,
    -0.20059892834071016
  ],
  "x": [
    [
      -0.24133880802164026,
      -0.23488299960021836,
      0.017296869976470244,
      -0.7296746873860793,
      -0.6000554947480353
    ],
    [
      -0.32733099488323175,
      0.23993416286408015,
      -0.28140019156081,
      -1.674712787197096,
      0.9763586075887607
    ],
    [
      -0.698462332196167,
      -0.763923685637336,
      0.4657378139700994,
      -1.5244183130461888,
      1.2247154799194675
    ],
    [
      -1.6757481656065196,
      0.0795080022129454,
      -0.9197663771457347,
      -1.8130068406088684,
      0.09379376632471778
    ],
    [
      -1.674723707475687,
      -0.01850450897049405,
      -0.027751575413734554,
      -1.1830456125240152,
      0.0128891031793473
    ],
    [
      -2.177172340859657,
      -0.3087717241937632,
      2.3821939068593387,
      -1.6381733149325741,
      -0.12467165237992614
    ],
    [
      -1.7368013097129567,
      -1.1095995081751162,
      0.6316885728979076,
      -1.3257673177121734,
      -0.11443261044188925
    ],
    [
      -2.3743238338779014,
      -0.7361938639274241,
      1.5218546243259021,
      -0.6362135492393116,
      0.10198427024047804
    ],
    [
      0.4731286967018731,
      0.282887033356439,
      -0.2434473723840334,
      0.5282311481493227,
      -1.7932905412949007
    ],
    [
      -0.6688952357065505,
      -1.0633846283466777,
      -1.1375974531091673,
      -1.8386570358503276,
      -0.8717036532982406
    ],
    [
      -5.0286668621031145,
      -0.9589001082039619,
      1.0215147861175229,
      -1.5172350437696394,
      -1.3025383392787133
    ],
    [
      -0.22324827034831185,
      0.12161397385598743,
      0.1000625198560014,
      -0.8085041772856265,
      0.09871494025300834
    ],
    [
      0.025103336885953453,
      -2.822066248666904,
      0.5548706676648455,
      -1.8695863034564653,
      -0.39433082284661847
    ],
    [
      -1.1175764706648539,
      -0.18950157316941832,
      -0.6359917605543483,
      -1.5862535772251205,
      0.7816884495432926
    ],
    [
      -1.5306293566992204,
      -0.23230696621537747,
      -1.2936139646791414,
      -0.11253357830627753,
      -1.5665895667171281
    ],
    [
      0.28447110618571503,
      1.269222559670636,
      -0.07768522335666866,
      -3.2655161411332667,
      0.36741650123373415
    ],
    [
      -1.684304175790964,
      -0.5127875863408371,
      -0.11506524694679107,
      -0.3733922165171014,
      -0.9882101115716143
    ],
    [
      -2.1239284522669664,
      -1.2443345312990384,
      0.6516034274662603,
      -0.7999315009461909,
      -0.8541037133291796
    ],
    [
      -0.9651559093640861,
      -0.9225910858471138,
      -0.6047553719226336,
      -0.4824800432762072,
      -1.0486141275987937
    ],
    [
      -0.6664183106678491,
      -0.5631274767220722,
      0.27167807786107634,
      -0.6860668754699266,
      -1.5504669804430506
    ],
    [
      0.8834017434115913,
      2.5025227548014817,
      1.3327984735090659,
      1.1654377492951513,
      3.076281742223024
    ],
    [
      -1.0718925415424847,
      -0.8660713185840788,
      -0.5489807406529092,
      -1.3131603127803912,
      -0.5659026313331352
    ],
    [
      -1.0099524259423305,
      -1.0600694350207982,
      1.4508614030124385,
      -1.0794645466286203,
      -0.05998289807273591
    ],
    [
      -0.7603213287680396,
      -0.7287993597601302,
      0.5538535845177204,
      -1.807066116057283,
      0.2373608296991543
    ],
    [
      -0.7628230189621552,
      0.09317705409237215,
      0.4119840582663905,
      -1.5748163090857543,
      0.22372391856599358
    ],
    [
      0.12839765140916315,
      0.26908774080300185,
      -1.0137833516932886,
      -0.4865372358642316,
      -0.8329299344684647
    ],
    [
      0.34828752773116967,
      -1.4133919482443298,
      0.7909486822707924,
      -1.0618943312946645,
      -0.37115819608029277
    ],
    [
      -0.2742719034514178,
      -0.041913786849025525,
      -0.6222626396699492,
      -1.285415616055572,
      -0.519336601839921
    ],
    [
      -0.4582364548603772,
      -1.6192633275871544,
      1.3592835210297631,
      -0.41575151521983167,
      0.8786086069648871
    ],
    [
      -1.2455266959937046,
      1.0452746159272774,
      -0.43356576873430497,
      -0.8758663539566409,
      0.07532364845705794
    ],
    [
      -2.337195409829663,
      1.473996767287469,
      1.6340576475384003,
      0.2695720613641648,
      1.1101062349633042
    ],
    [
      -0.5986967999032005,
      -0.11077057827750086,
      0.22703436575659372,
      -1.3235170574913466,
      -0.17154205859762126
    ],
    [
      0.6715823661319951,
      0.16095046485737124,
      -0.9239294478853387,
      -1.8944846117422574,
      -1.4287829905924125
    ],
    [
      -0.3862095885412821,
      -0.45528041684742704,
      -0.5080842126767798,
      -1.0667118631360848,
      0.891086423117748
    ],
    [
      -0.06553664461235409,
      -1.7051965411830146,
      -0.012248891845891167,
      -1.2010447236566255,
      -0.03212963595255988
    ],
    [
      -0.9461547801935319,
      -0.7148899776596479,
      -1.0203991445954808,
      -0.2682756013510197,
      -3.949724016754965
    ],
    [
      1.3876865769101345,
      0.6708223398464419,
      -0.027202935332109476,
      -1.3425026214265716,
      1.0226126347984903
    ],
    [
      -0.4666405373963306,
      -0.35747652789786605,
      -0.37855579587350774,
      -2.094070631312384,
      0.2895439923333647
    ],
    [
      -0.3722627382730083,
      -0.5588689894152817,
      1.3065161926969773,
      -0.4442504877687061,
      0.19338378291517797
    ],
    [
      1.096561130103441,
      -2.8466769256465465,
      -0.38806249789224045,
      -1.0078406091036007,
      -0.35117464163553247
    ],
    [
      0.5735735337865797,
      2.0266009850007953,
      0.009764000742055218,
      -1.5464847793806056,
      -1.6504788757891948
    ],
    [
      -0.7594053998771806,
      -0.21712645998245617,
      -1.3833476915366454,
      -3.1555439976258697,
      0.5262332860883518
    ],
    [
      -1.1306390839637235,
      -1.9625824969741414,
      -0.5410916680043839,
      -2.0011511758225167,
      1.5029533076835684
    ],
    [
      0.2796115093352358,
      -0.5049918283773269,
      -0.24130361785764237,
      -1.3318844597396626,
      -0.581603214774864
    ],
    [
      -1.5661012343133032,
      -0.48874701572300905,
      -1.3425400695394893,
      -1.477080876253038,
      0.913768705376891
    ],
    [
      0.26224043245124384,
      -0.7716351887053651,
      1.142591695871425,
      -1.9603882480083166,
      -0.3485896722633324
    ],
    [
      0.2632017240563891,
      -0.9174522269415863,
      0.6269461368905742,
      -1.0806501634113401,
      0.2295782679283602
    ],
    [
      -1.5004152001610485,
      0.4491282784578146,
      -0.030956310377326823,
      -0.9851210840016763,
      -0.1984549151808276
    ],
    [
      -1.288747686262524,
      0.7279045511485149,
      -0.6988127869545252,
      -2.1206027952731916,
      -0.5584588069969081
    ],
    [
      -1.03875667587673,
      0.24228825011681426,
      -0.15178807902683988,
      -1.6453226797199565,
      -0.3275091298497075
    ]
  ],
  "id": 22,
  "df": 5
}