{
  "mu": [
    0.060425816608952555,
    -0.28716395777864956,
    0.1703569264155826,
    0.08483237656929055,
    -1.072999260655199
  ],
  "x": [
    [
      0.18850108288518844,
      0.5442134602600018,
      0.0650851646639632,
      0.8157242665627239,
      -0.7422598803559926
    ],
    [
      -0.944901604297231,
      -1.409119226249258,
      0.07769009539379496,
      1.5158366951721804,
      -1.0026127669955716
    ],
    [
      -0.13905133597435873,
      0.6304358191785214,
      0.044999593084055295,
      0.01682438383115359,
      0.31777126806634115
    ],
    [
      -1.3826183340387943,
      -0.03841194387787261,
      -0.2463630524803096,
      -0.22715157056260116,
      -1.0083892986873237
    ],
    [
      2.5278597432593273,
      0.18960240690029168,
      0.011305787848678,
      -0.6479422508289524,
      0.21678094114755408
    ],
    [
      -0.5458063729293043,
      -1.0437162542651808,
      -0.30298147744161247,
      -0.08376801237372705,
      1.1561502917979616
    ],
    [
      -0.5918796984586768,
      -0.26985759574024226,
      0.1759697990734762,
      -0.25525500964094006,
      -1.4598177366482645
    ],
    [
      -0.7884535551500732,
      1.6080735926572167,
      -0.8232970532782418,
      0.38590715476179527,
      -1.4118841796828039
    ],
    [
      -0.5143846607581917,
      0.9321040364588318,
      0.3759101594177221,
      1.1775955184340718,
      -1.2553798517377242
    ],
    [
      0.23624372039252664,
      -3.0763476896287836,
      0.3022973423736611,
      -0.29330715892057957,
      -1.0541788186714258
    ],
    [
      0.7596504526550198,
      -1.0674508229218236,
      0.3262470593224507,
      -1.1990879635565364,
      0.3265989650539003
    ],
    [
      -0.43751635503082176,
      -0.87702157869188,
      -0.5678161613010761,
      -0.9912465688441358,
      0.2911397518656216
    ],
    [
      0.06978696945859934,
      -0.8944418441161234,
      0.024281622335215525,
      -0.7174426469595658,
      -1.0867815584218246
    ],
    [
      1.1945797847206427,
      3.090375919722076,
      0.9173759978892451,
      0.10510628553375717,
      -2.051723289662997
    ],
    [
      -1.1551603014696625,
      0.45397800688720225,
      -1.5695771261981852,
      0.4678547144386659,
      -0.302651938525639
    ],
    [
      0.41287983073380796,
      -0.37795668479683386,
      1.182313797902389,
      0.10732516778082696,
      -1.5592044885164562
    ],
    [
      1.9714651110407477,
      -0.022841895433636683,
      1.9854133566078487,
      0.1989056121372573,
      -0.9885168393373371
    ],
    [
      1.0117722157934246,
      0.2744657458158791,
      0.6213711296733809,
      0.9885361789168785,
      -1.6187067379240543
    ],
    [
      -0.9115308611295637,
      0.3458548098143833,
      0.045658998642778906,
      -0.48223075051207864,
      -0.34683951653236467
    ],
    [
      -0.31761408064921637,
      -1.6991218912384423,
      2.1745389919894045,
      0.2901001713198743,
      -0.8442180700159039
    ],
    [
      -0.11252139202876768,
      -1.0646558834825857,
      -1.689852851119187,
      -0.2691450025405612,
      -1.0139792008988093
    ],
    [
      0.8484798670799192,
      -0.018882169341439214,
      0.5713437865163369,
      0.1332034614417139,
      -0.9330705495082421
    ],
    [
      0.6966798951105821,
      -0.5112796171663186,
      0.025653181833485805,
      -0.06045933200523673,
      -1.4187294517675269
    ],
    [
      2.295998646656124,
      0.15746978109812493,
      1.6571317753923578,
      -0.5822740039868941,
      -1.1716507423840368
    ],
    [
      -0.17994442322292573,
      -1.6676588697130676,
      1.039544239485041,
      1.7493797551245502,
      -1.836471652438812
    ],
    [
      -0.7622895520376384,
      -0.040355538189149,
      1.1158323673401322,
      -1.776562310920494,
      -1.829859248992852
    ],
    [
      -0.9925562702377061,
      -0.42479877988591497,
      0.08600779619799619,
      -0.20166205568815654,
      2.5949630312247836
    ],
    [
      0.5528503998531021,
      -3.0702544484517853,
      0.4523292281262058,
      -1.22249411752391,
      2.8190684706416635
    ],
    [
      0.7841849852396783,
      -0.8600122851454877,
      -0.7011368142791368,
      -0.349684166723019,
      -0.603892531487489
    ],
    [
      0.7433898936701583,
      -1.0125606013337762,
      -0.7997485675296057,
      0.8971933434192996,
      -1.8725123456298782
    ],
    [
      -0.7337920634771213,
      -1.6323824008940162,
      0.03312460897948677,
      0.5666970821445889,
      0.15617973111070227
    ],
    [
      0.8936504287923327,
      -0.5179304911687385,
      -0.08676213884573736,
      -0.37909917735527277,
      0.1645606151121004
    ],
    [
      -0.4359498537793286,
      0.6261860489795648,
      -0.7661044133909805,
      -2.69284675341443,
      -1.8113894316373087
    ],
    [
      -0.11340437770769332,
      -0.4975999877798316,
      0.8424523343350105,
      -0.05386153564262067,
      -2.215867105461177
    ],
    [
      1.037507531667714,
      -0.5308722328732876,
      -0.04589477151107002,
      -0.39405217790904273,
      -1.28271224659035
    ],
    [
      0.668520456455585,
      0.005877275504732604,
      -0.7088873910123741,
      -0.5330125599007883,
      -1.5318976590693238
    ],
    [
      0.4050134146235455,
      0.17105585698320602,
      -0.9459572245549159,
      1.0261758143720676,
      -0.9693696208454533
    ],
    [
      0.024824940393091098,
      -0.3247724628820277,
      0.2002792581968144,
      0.60728015035759,
      -0.7220982009234048
    ],
    [
      1.0155654623244836,
      -0.1033740740555367,
      -0.5257002228515937,
      0.7810923948575799,
      -0.13289342693765127
    ],
    [
      0.6833294692767783,
      0.9680205768020238,
      -0.8625011480227565,
      -0.7328763183750886,
      -1.7630350033649582
    ],
    [
      0.7935732233360692,
      0.6773577157013791,
      0.6909014903428514,
      1.9187941738460057,
      -3.569783271844359
    ],
    [
      0.5374171089283908,
      -0.2035032966114418,
      0.1923164812154239,
      1.4773746579608829,
      -2.542337951667054
    ],
    [
      0.8620297882062812,
      -0.11231613096702817,
      0.6572942394462322,
      0.6209036511070307,
      -0.9951129002465424
    ],
    [
      0.6588424284607028,
      -0.24178246468523232,
      0.463952719750017,
      0.2886376936984888,
      -0.6974699225109207
    ],
    [
      -0.6731644611244454,
      0.3801627871226223,
      0.5723050006176883,
      1.562244531557928,
      -0.4049621892984817
    ],
    [
      0.5055394919316897,
      -0.6055786215546818,
      -0.428728698968419,
      0.9483893293384755,
      -1.4306617789875207
    ],
    [
      0.7974455853943666,
      -1.5679124800811652,
      -0.7613890662886227,
      1.8615878749197607,
      -0.9252159010986725
    ],
    [
      -0.2305676360470937,
      0.8510498575342755,
      0.25484017116162044,
      1.7477387123245234,
      0.3922003974575192
    ],
    [
      -0.9133342199147819,
      -0.08768569188988695,
      -0.25366793381963143,
      1.9302219697514675,
      -2.416128979352159
    ],
    [
      0.3747299889060534,
      1.342965540519138,
      2.5651771137233155,
      -0.1762336297778201,
      -0.13177538251057574
    ]
  ],
  "id": 28,
  "df": 5
}