{
  "mu": [
    1.1924588927794342,
    -0.7705332243835764,
    1.4346423920906102,
    -0.25172235235503,
    -0.17489154517517097
  ],
  "x": [
    [
      3.698941371037275,
      -2.7108691438113643,
      0.8952848602380015,
      -0.5942741726200609,
      0.8664231425840245
    ],
    [
      -0.19611978251883144,
      0.4822724775858199,
      2.8964864421688765,
      0.7081599572777542,
      1.2775052459023362
    ],
    [
      2.942191807011084,
      -0.8454147647239265,
      1.4858441487209553,
      0.9635708154618385,
      0.10782897672540087
    ],
    [
      0.9657553837625278,
      -1.295904015311461,
      0.6417307940793252,
      -0.6579421327193613,
      -0.8782088515693955
    ],
    [
      1.1074499700332903,
      -0.17385330340451588,
      0.466153061989357,
      0.7868752384388502,
      0.6919595505450045
    ],
    [
      0.8881736514115521,
      -0.4183320474538696,
      1.3438879356189142,
      -1.0500486494339785,
      -0.446847022965151
    ],
    [
      -0.11400350924054004,
      -0.09902253544400375,
      2.4124455313820286,
      0.535162853366328,
      -1.5842217371618512
    ],
    [
      1.2744190315755717,
      1.2061787945761009,
      1.952143975080793,
      0.036265934530953226,
      -0.5249380331876972
    ],
    [
      2.307696713747917,
      -0.42480165534883857,
      1.397806109221455,
      0.7206549546656671,
      1.0789477724600345
    ],
    [
      -0.2851456626424136,
      -0.44826425913073387,
      2.9636213373337217,
      -3.2730551628672546,
      0.42179435334788734
    ],
    [
      0.8173359953913973,
      -0.18249964807445174,
      1.8090281503377608,
      0.8311838748471398,
      -1.3151981842616234
    ],
    [
      0.19363953859209548,
      -1.801373287863488,
      1.6315800213335583,
      -1.015151967195187,
      1.0105260919350683
    ],
    [
      1.5323691649379803,
      0.3964971629627533,
      1.1277029723107481,
      -0.6128663250012559,
      -0.9266386335556418
    ],
    [
      1.088333057381734,
      -1.0063632981741668,
      1.5912098334690201,
      -1.044336152460903,
      1.1740565599825548
    ],
    [
      1.827930522284422,
      -2.0963943713686946,
      -3.2177219795406797,
      0.08799959923643658,
      0.33241240251365284
    ],
    [
      1.2886997440791041,
      0.47216083086725524,
      -2.7740383501391097,
      0.7976852639712324,
      -1.4019372114931794
    ],
    [
      -0.27020678314231894,
      -0.5908263410071704,
      0.8541887983221969,
      -0.6322680275171189,
      -1.1698203668112421
    ],
    [
      0.9985740126260336,
      -2.702116382523707,
      1.8967400978840594,
      0.05500769123025839,
      -0.6154733727562339
    ],
    [
      1.0481129726335308,
      -1.5690148767830046,
      0.6352839200912107,
      -0.9641642399096226,
      0.24218211459031896
    ],
    [
      1.0377716911619776,
      -0.33530636636221733,
      0.9819949452907922,
      -0.8772654637415911,
      -0.4149320674737297
    ],
    [
      0.2274877970594087,
      -1.0297180597379474,
      2.0755116402379397,
      -1.4276959389950112,
      0.12428680812481563
    ],
    [
      1.063532752130447,
      -0.5819439736988758,
      1.524925930107011,
      -0.2002306234790395,
      0.5266868731671759
    ],
    [
      -1.3686691559366326,
      -0.4463400471050026,
      1.24452051642203,
      -0.2647447268331562,
      0.41293561103771287
    ],
    [
      1.0950621890852008,
      -1.4293370576295112,
      1.905679948985816,
      -1.4810116998584737,
      0.41238318992468953
    ],
    [
      2.1862773966074145,
      -1.2219863314333002,
      1.7608702900555842,
      -0.8648806331033547,
      -0.2680711992750391
    ],
    [
      2.5494292386067565,
      -0.3547908566433965,
      3.0407892186935466,
      -0.30066885291065043,
      0.024231666223805043
    ],
    [
      1.55953370816346,
      -0.3276238980671517,
      2.2626644404497758,
      -2.1827431140964872,
      -0.6172797809926829
    ],
    [
      1.8120089302211324,
      -0.5471471373896509,
      1.9456516994698898,
      0.545775898098142,
      0.7586763352603387
    ],
    [
      1.0675435579845955,
      -0.4682064052811437,
      3.5877481282931614,
      -0.7078739210199916,
      -0.32270741893282395
    ],
    [
      0.19741072163391749,
      -0.005294074048926234,
      1.4796489266055048,
      0.8449340570017008,
      1.7285859496931464
    ],
    [
      0.6751077207094003,
      -1.3629438112370644,
      1.9930004829898014,
      1.1803738009174394,
      -1.6132671077419025
    ],
    [
      1.5534638612191982,
      -0.8414582556107499,
      0.9539838947271306,
      0.2799226341504088,
      -0.3063874661493822
    ],
    [
      1.6910116695356898,
      -1.8212583395827049,
      1.9589860733972315,
      -0.3677034293537534,
      -1.9617169984786498
    ],
    [
      1.705667427860744,
      -0.8780013376901694,
      1.3381076914556786,
      0.4516987134929377,
      0.32749862320503614
    ],
    [
      0.9412816925232441,
      0.3174906485547807,
      1.797958608225137,
      -1.2793366530747823,
      -0.07922528935375073
    ],
    [
      2.3380123152364014,
      -0.9967391942374516,
      1.2307022158684089,
      -1.2348917606203826,
      0.749135605772391
    ],
    [
      2.0801490052922036,
      -0.26725221147150136,
      1.068419692768669,
      -0.26800523206224897,
      0.44078326430225884
    ],
    [
      0.5342695346980941,
      -1.5882418409695096,
      3.18920567467016,
      0.061111237135171914,
      -0.5427404575269519
    ],
    [
      -0.5327872507600333,
      3.389839352349776,
      1.2368851597185588,
      0.8834750046956037,
      -1.206517758391712
    ],
    [
      -0.2816604859191991,
      -0.8535835266812936,
      1.4820895850614941,
      -0.8762114662679226,
      2.3062598467674666
    ],
    [
      0.5803411220633913,
      -1.9708101925187336,
      0.5388333146278381,
      -0.4581409881342178,
      0.11957227835971712
    ],
    [
      0.8082682212166576,
      0.10097909677196404,
      1.4452325468754192,
      0.0025495134223569305,
      -0.45655811255778284
    ],
    [
      -1.1874652019012166,
      -0.32955122636368056,
      1.6164661493850456,
      -0.5683176121118576,
      1.3341198994884669
    ],
    [
      2.4436101215404964,
      -0.9127316685479034,
      2.321879675402274,
      1.119151635571581,
      -0.4789738547240776
    ],
    [
      0.4313991340725335,
      -1.578784216345266,
      1.5874645702840606,
      0.2299685240730751,
      -1.1480014138160395
    ],
    [
      -0.12030470309159647,
      -1.5416929664740724,
      0.5918188224154511,
      0.5985026900570909,
      -1.9595062290002423
    ],
    [
      1.4218014575299618,
      -0.9170782248438593,
      1.2154020085817352,
      -0.36389193750527404,
      -1.0731112685611186
    ],
    [
      1.1853709616012027,
      -2.059807290793994,
      0.9161142083378968,
      0.7717548517683246,
      -0.695722282316589
    ],
    [
      -1.7501624868087724,
      -1.6431505606214363,
      0.586303245076176,
      -0.49368066472478267,
      -3.0526311301516795
    ],
    [
      1.430909251988149,
      -1.4800323034449558,
      1.5359454532139472,
      -0.7790600599553026,
      0.8635487078470583
    ]
  ],
  "id": 46,
  "df": 5
}