{
  "mu": [
    -1.0947954829343556,
    0.04159962711775076,
    0.5416245135161568,
    0.8389841578949803,
    1.2742622510148136
  ],
  "x": [
    [
      -1.7228492558376867,
      -0.38853664653829445,
      0.3046951721961326,
      0.12018747842855171,
      1.3339747387086731
    ],
    [
      -0.9989519294647271,
      0.09781276240251291,
      1.4156816784734731,
      -0.5941502458482798,
      2.0690000800882586
    ],
    [
      -0.9227899143447797,
      -0.01529151828565066,
      2.203958926968861,
      1.4983378257033224,
      0.09752877624422363
    ],
    [
      -1.2641271791757873,
      0.8853330304959789,
      0.282213056754757,
      1.3768115681018547,
      1.1090611226021168
    ],
    [
      0.03517255451302681,
      -0.1304287601032029,
      0.7594247289094739,
      1.5813384758070892,
      1.875290269824134
    ],
    [
      -1.0817396266263368,
      -1.9296781291405982,
      0.11328459828143145,
      0.6406842280981465,
      2.3088090190520414
    ],
    [
      -0.9733463603239708,
      -0.14494988075459203,
      1.4277729048499122,
      1.1225185000030848,
      0.7371597660528926
    ],
    [
      -0.9960168069458596,
      0.025277705071105782,
      0.669488233235131,
      1.6501287736746701,
      0.7352857801877872
    ],
    [
      -1.7692881182943139,
      -0.5442296416647244,
      0.7999073158189123,
      0.6053725005782116,
      2.88399087007734
    ],
    [
      0.27738140568343495,
      -0.07826804925725872,
      0.5514807548835529,
      1.7941672255282144,
      2.330176736692002
    ],
    [
      0.420587206483215,
      -5.042433138164132,
      2.5053660762987127,
      1.6071390682742455,
      -0.3899725028229475
    ],
    [
      -0.9886760639607796,
      1.4930910123245527,
      1.1145225074953076,
      1.6973116048317884,
      1.3463019886328491
    ],
    [
      -1.2437785022217422,
      3.435243033841297,
      -0.966194828459481,
      2.825659786574348,
      3.549061427953439
    ],
    [
      -1.7661236768516289,
      -0.06274192932533171,
      0.4939559596795089,
      1.7008725728924032,
      1.0188630549708682
    ],
    [
      -1.0631572044230087,
      0.15730863101327677,
      -0.25576030536950733,
      0.41276921172701225,
      1.1318653304837158
    ],
    [
      -0.580878901224291,
      0.055500328909207274,
      0.8958861982314836,
      0.8412880306615088,
      0.22235598398769674
    ],
    [
      -1.3446699094289074,
      -0.8493257427167886,
      -0.5472805845614714,
      -1.7024640078555926,
      1.1501275010067042
    ],
    [
      -3.3135218301034475,
      -0.7274798754150656,
      2.0565436507326487,
      -0.024038149002582387,
      0.8599428880531477
    ],
    [
      -1.290797635544651,
      -0.8848825714531844,
      0.7547628320755173,
      0.86608666658234,
      2.769402006589807
    ],
    [
      -1.18751013243362,
      0.5669262504809865,
      -0.22011976461099625,
      1.448299490067964,
      0.5141591012108516
    ],
    [
      -1.349167599914328,
      -0.43048256510070976,
      1.0425484794155246,
      1.0381873890845885,
      0.6729665749106596
    ],
    [
      -0.647787443774256,
      0.36849350797739927,
      2.1177587043214308,
      1.4197161152552238,
      1.3940877927390056
    ],
    [
      -0.49670019200278726,
      0.9875162914891338,
      0.15172566087883171,
      2.170029191906297,
      1.0981555807943528
    ],
    [
      -1.5257075502518238,
      0.20987341594439018,
      0.24630959381152218,
      1.1399808987361566,
      0.8744014759776246
    ],
    [
      -2.8645455559866426,
      0.16497685736236056,
      0.06895955737971876,
      2.3655142309468884,
      1.1949636888263069
    ],
    [
      -1.5415204377566174,
      -0.2694126180277082,
      0.5998026657731819,
      0.9730607411342529,
      3.1267413467039886
    ],
    [
      -0.5996862757262631,
      0.11183125920468587,
      0.3339269518602321,
      0.6029795390068527,
      1.2789788375655282
    ],
    [
      -0.45981782460143594,
      2.2232353198445587,
      0.8252662996982645,
      1.9681237487694543,
      0.5869536394586303
    ],
    [
      -8.36013782469672,
      -1.2242708942054938,
      0.7485829582907876,
      0.38011000362362785,
      2.0039011379688363
    ],
    [
      -1.380005460356154,
      -1.0583607565146993,
      1.1176909944367144,
      0.5325406100993115,
      1.2535500786613183
    ],
    [
      -2.0254730129843055,
      -0.2859704015724405,
      0.25394197326368667,
      0.2967648422773439,
      1.2108889561063898
    ],
    [
      -1.2510358741818777,
      0.1604474353759767,
      1.4537529674197613,
      0.495588407761625,
      0.8894059223663564
    ],
    [
      -0.31448263404269117,
      -0.43534587089462085,
      0.2010920812922985,
      0.8211248620621254,
      0.5609550292827661
    ],
    [
      -2.489949422419526,
      0.12310874144646386,
      0.128386282811216,
      0.5036562497706347,
      -0.4224801369894977
    ],
    [
      -0.5541145564916505,
      -0.07915163766136338,
      0.587368604896299,
      2.217778494856391,
      1.4419083861708026
    ],
    [
      0.6179237110800875,
      -0.11713523153513494,
      -0.6644787652636737,
      1.0229065806212256,
      0.9272314151370079
    ],
    [
      -1.7872902750340112,
      -0.07685562475417956,
      2.247730016153843,
      0.14551708006285602,
      1.255444699808428
    ],
    [
      -0.23434561743405513,
      0.5068482707000627,
      0.055695960869335315,
      -0.5981918596648891,
      2.5120652403142225
    ],
    [
      -1.5156592355164566,
      0.6363415136935898,
      -0.8170033429191184,
      0.6549391226817376,
      0.24514745077874722
    ],
    [
      0.2393414053474583,
      -0.36621988188912735,
      0.8566318016893416,
      0.8774976414253997,
      1.139146572263578
    ],
    [
      -2.5760941446668735,
      -0.45943628539437575,
      1.0853670736030332,
      -0.25395763303003605,
      1.3536198271849782
    ],
    [
      -0.7314772673585421,
      -0.07174138522628559,
      1.891504313981697,
      -0.17269365320547847,
      1.1065073719908498
    ],
    [
      -0.5881986496410911,
      0.38973994162104575,
      0.1702088782342548,
      0.6847368842938433,
      0.6794592560825365
    ],
    [
      -1.6001394569417275,
      0.8692086413109015,
      1.2311924539076966,
      0.5562185731061047,
      0.40815088336344696
    ],
    [
      -1.940024168607167,
      0.6735527589906067,
      0.26600997753781846,
      0.2393623456534104,
      1.3718789369229547
    ],
    [
      -1.7400069042193516,
      0.598761976122513,
      -0.7720030723002842,
      1.8057880530711419,
      0.7859634736613514
    ],
    [
      -1.6621221000577364,
      -0.4083444625155213,
      -0.2912489074566016,
      -1.5176992084758374,
      2.6611172599880555
    ],
    [
      -0.9043365620030444,
      -0.9625325776369822,
      1.086978817452416,
      0.9411481982986492,
      1.8735644910653786
    ],
    [
      -1.5802152853654907,
      -0.05577278638423879,
      0.7442565032393598,
      0.9894095440156652,
      2.40388481336295
    ],
    [
      -1.1078869009029924,
      -0.25092260808689915,
      0.7063164799790407,
      1.4412504579769063,
      1.5471840642925074
    ]
  ],
  "id": 38,
  "df": 5
}