{
  "mu": [
    0.43921918848481256,
    -0.9155187486174692,
    1.3448423589327343,
    0.7814483769914543,
    -3.3621430172508955
  ],
  "x": [
    [
      0.43255400885315665,
      -0.9294225800708309,
      -0.5773229731904386,
      1.634384599963143,
      -3.6048946316588495
    ],
    [
      1.4030087544893615,
      -0.6599828345095766,
      2.3110585969189072,
      -3.7831140834547483,
      0.16538217009302825
    ],
    [
      1.2930876932525575,
      -0.4817537321576604,
      1.0108985588259531,
      2.0761226143918425,
      -4.892207527875007
    ],
    [
      -1.44925417431475,
      -1.1265607099661745,
      1.4538081948183208,
      0.8822203909747237,
      -3.212751913462061
    ],
    [
      0.5363982858187905,
      -2.1010309197656127,
      4.356547580408935,
      1.0035652431734996,
      -1.7141443256791902
    ],
    [
      0.7135763424536302,
      -1.7125980383084094,
      2.4570292222708687,
      1.6753668405839215,
      -3.9565950015157783
    ],
    [
      -1.3060041077507067,
      -1.4251625146496103,
      1.577203109403592,
      2.5760897765236623,
      -2.0239711472138016
    ],
    [
      0.7829968684631534,
      -1.8437099255206442,
      0.30267987584876876,
      1.4478765157382798,
      -4.245269819235289
    ],
    [
      1.2137588838843936,
      -1.5672242537493393,
      1.575150619222283,
      -1.121126015049414,
      -3.105774864779913
    ],
    [
      1.5345098929897203,
      -1.7540063631040008,
      -0.6586346753647156,
      1.1121250363039727,
      -4.5449531059123665
    ],
    [
      1.1046936912782326,
      -0.6217534077151063,
      1.449445213890865,
      1.3330942748462222,
      -4.225020421976203
    ],
    [
      0.6029687147733962,
      -0.6343195263639267,
      0.11533238131439383,
      0.020498669491529342,
      -2.703492162534266
    ],
    [
      0.43436951804125645,
      -0.15085721207308445,
      2.1650201781445637,
      1.3450826696987708,
      -3.3740941127768815
    ],
    [
      0.31806717082067365,
      0.35123945713140126,
      -0.16607996577201778,
      1.1232342578362535,
      -2.420927336482754
    ],
    [
      -0.18351019160016635,
      -0.15494363756811536,
      1.3796400993390856,
      -0.08472964726348409,
      -3.4070909093929664
    ],
    [
      0.07585545018394241,
      0.23977860820345875,
      2.7965712098574533,
      0.7766407529530074,
      -2.649813133405136
    ],
    [
      1.6363329665641109,
      -2.564999104537203,
      1.1688749426538003,
      1.2255343258756963,
      -3.702075392152852
    ],
    [
      0.01387150771987078,
      -0.510952472913723,
      2.280353083937579,
      1.73730590352731,
      -3.1456950856211097
    ],
    [
      0.05750384799710356,
      -0.11944438685920833,
      0.5615988231338408,
      1.5282952423300826,
      -3.2646853269904472
    ],
    [
      0.4521014415526724,
      -3.3490878891234885,
      0.7725922038011188,
      4.927660532597771,
      -4.234365629153175
    ],
    [
      0.7028155351123271,
      -1.1710595296997162,
      0.7302234229926047,
      0.834481828322336,
      -3.4810214369694696
    ],
    [
      1.122405833005069,
      -0.7864399891444068,
      2.2653637571091862,
      0.5556041910783506,
      -2.6401673069873075
    ],
    [
      0.7716731031598114,
      -1.975730017357398,
      -0.5363852201738284,
      1.3604288369595503,
      -3.6633067787204263
    ],
    [
      -0.687654218472917,
      -1.6040712355123063,
      -0.8940515996749576,
      1.090423498665666,
      -3.87885015117333
    ],
    [
      0.8885791342951193,
      0.4525701581095669,
      0.4271715334613858,
      0.9284247514520195,
      -1.500899312119521
    ],
    [
      -0.06043976740517765,
      -0.47300618941690364,
      1.6407492122921812,
      1.3320920943810513,
      -4.311270347698052
    ],
    [
      1.3269208545448319,
      -0.6086556972022144,
      0.33785441783431547,
      -0.11253251295620126,
      -4.618148466509546
    ],
    [
      -1.744037395396263,
      -0.6288276011894327,
      1.0795761349352035,
      1.6013034536471882,
      -4.923720870816139
    ],
    [
      -0.3141767421274295,
      -0.5201345341660466,
      1.0182832587550485,
      -0.2787450736991549,
      -3.9114275648893546
    ],
    [
      0.48210125981225344,
      -2.3313894529742143,
      0.27902032293836965,
      1.910631898745026,
      -2.6712728269567902
    ],
    [
      -1.0043584616779109,
      -1.522178712592049,
      1.6727985125117844,
      0.045554874574137316,
      -2.6398151145344513
    ],
    [
      0.9146249827104627,
      -1.1977711335660692,
      1.198257074635058,
      1.3620204563581153,
      -1.99035859533554
    ],
    [
      0.5054948994128154,
      -0.9737776577434469,
      0.8585793779571713,
      0.4566256926045598,
      -3.344624506240729
    ],
    [
      0.3871314019523751,
      0.2509850736942636,
      1.0074843999514655,
      1.048323034573604,
      -4.422599987314731
    ],
    [
      1.6125172672493968,
      -1.5870296975776266,
      2.2748291837038828,
      1.3736395381093387,
      -2.7554248678994377
    ],
    [
      -0.340821606980344,
      -3.6433685489693977,
      0.43989582271506245,
      2.382952731906303,
      -3.7774924542913717
    ],
    [
      1.3495494597468103,
      -1.1438266610227656,
      2.407158450145732,
      1.5704507505871712,
      -1.321527101922599
    ],
    [
      -2.108233962127996,
      -0.7988086830469897,
      0.12129940807693917,
      0.6807461827991528,
      -4.022179282813834
    ],
    [
      0.6632434007801704,
      -1.0103789911749532,
      0.6859848371740923,
      0.6061347779600627,
      -4.372214090775639
    ],
    [
      -0.16712574507539468,
      -0.11092013694495051,
      0.6943763018096687,
      1.2824604692847117,
      -5.111875277190897
    ],
    [
      -0.03742684340838681,
      -1.2923611676367202,
      1.162400789464546,
      1.013420273258939,
      -1.7371640811977997
    ],
    [
      0.09789311311479548,
      -1.5058532135595522,
      1.885619290830739,
      1.218463767438144,
      -2.6640061130402186
    ],
    [
      0.7033597598497592,
      -0.46037151019274425,
      1.2686751444366065,
      0.5203065320284636,
      -4.171677332098477
    ],
    [
      1.1505477169523037,
      -1.986437419899107,
      2.5499609360433677,
      0.8677520863406627,
      -3.2820234478422394
    ],
    [
      0.15047002900584888,
      -2.1148679827779775,
      1.3982715211667924,
      1.676237111156258,
      -4.2450133268928045
    ],
    [
      -2.5111527911846343,
      -0.21533383122512018,
      1.6067621329361266,
      0.0734746365669966,
      -3.734505978488317
    ],
    [
      1.6088022208503254,
      -1.0178176674501485,
      0.09356108276357555,
      -0.1561939011544341,
      -2.7109088269048396
    ],
    [
      -0.6901011597231593,
      -0.891728710718822,
      1.1722181546636088,
      -1.003587258466311,
      -2.9364056033832626
    ],
    [
      0.19361099882255894,
      -2.594118838606656,
      0.5850827858925097,
      1.1168525036055483,
      -2.3462845459235084
    ],
    [
      2.7934279223796445,
      -1.0961110286646878,
      1.9457988555424477,
      -0.5470519992683397,
      -3.736416773923283
    ]
  ],
  "id": 42,
  "df": 5
}