{
  "mu": [
    -0.2644799967793413,
    -0.4942230642181681,
    0.0816335638673638,
    1.1221981503261,
    -0.6756008957929607
  ],
  "x": [
    [
      -0.17879912036639783,
      -1.2660893339786763,
      0.8740949152074652,
      2.012053673186516,
      -1.7514645218209823
    ],
    [
      1.7422491970379514,
      -1.0114901423838139,
      0.8090536981355331,
      0.9082677305269105,
      -0.1189575902955009
    ],
    [
      -0.5651863739770108,
      1.4162595611859659,
      0.19182890681242182,
      1.1406486040104258,
      -1.9078464999923892
    ],
    [
      -0.6341611932988405,
      -0.15011496966825305,
      0.8364434687314937,
      2.628911919561787,
      0.8704199366431034
    ],
    [
      -0.9020060352834766,
      -0.31460062170611314,
      -1.1014169849640567,
      1.0715804657808539,
      -1.50336843744337
    ],
    [
      -0.9534530750704137,
      -0.1126757094575287,
      -0.09164903039990348,
      2.384297422320439,
      -0.5998850849689755
    ],
    [
      -1.1820895258470272,
      -1.8620674855484327,
      0.185693242594222,
      1.147438735662534,
      -0.28921411329969604
    ],
    [
      0.8409803594601083,
      0.0478115927370204,
      -0.5276813736831231,
      2.3629123730163535,
      0.9747553030304232
    ],
    [
      0.5604291010589167,
      0.10218376735730728,
      0.4685768843883883,
      -0.5881274514578587,
      -1.9620811873464523
    ],
    [
      -0.1175159830354581,
      -0.6031837988768478,
      -0.17818726950041525,
      0.14430732161480997,
      -0.532930915056639
    ],
    [
      -0.630311655800705,
      -0.6909864878655144,
      -0.28754183512860026,
      1.0300181357119655,
      -1.8130489365498175
    ],
    [
      -2.051427285084094,
      -1.3307603863856852,
      -0.024062106319048163,
      -0.5421933640154528,
      -2.246879905708192
    ],
    [
      -0.8856101604014937,
      -0.02072833140483965,
      0.1598663911196077,
      0.9826885594844799,
      2.1019756957652938
    ],
    [
      -0.1725931605449848,
      -0.5099686028041653,
      -0.5829085987754179,
      1.333392179473211,
      -2.5646396133217193
    ],
    [
      -1.2816381578045282,
      -0.4790364708486006,
      0.23888879955827946,
      0.23513381442486425,
      2.3923809534616334
    ],
    [
      -1.8196436168937362,
      -0.0867300573338679,
      0.6941193481517233,
      2.0704781779162973,
      0.1450530156647708
    ],
    [
      0.3716586390972769,
      -0.6006517670298399,
      3.1076531480331506,
      2.4280220379976303,
      -2.134998947545998
    ],
    [
      -0.12179588841290426,
      0.16092549156528624,
      2.4881742181210353,
      0.2545027328065672,
      -1.3876844552017311
    ],
    [
      0.29526994810171103,
      -1.9291226631818787,
      -0.6227872895044015,
      1.02588840059155,
      -0.007331997655762423
    ],
    [
      0.10475482943294517,
      -0.13464876314523078,
      -2.0274058754733546,
      0.3805191875636703,
      -0.3314378304935666
    ],
    [
      0.4442234795617179,
      -1.0265980742756824,
      0.25671947199617207,
      0.5977226808658895,
      -0.7747944214224276
    ],
    [
      -1.1090356676714315,
      -0.8925113871172463,
      2.1530869884158457,
      0.6357403727579135,
      -0.09972713584680004
    ],
    [
      -0.7958958421213309,
      -1.4864853538217289,
      1.1499890959000632,
      1.5214146270058366,
      -0.7799658899631191
    ],
    [
      -0.19640641993324884,
      -0.04681540054973943,
      0.46722627640239633,
      0.36211663616876033,
      0.5776938883772871
    ],
    [
      0.17023521005376552,
      -3.1543604393563367,
      0.5663950618685597,
      3.011196470800245,
      -0.42386871513090313
    ],
    [
      1.0104366107650264,
      -0.19248460627469133,
      1.8909634981007517,
      3.9400761751530697,
      -0.37850988947049546
    ],
    [
      -0.7477674595946708,
      -1.0258352102186235,
      -0.04679736622208251,
      1.9961683855094532,
      -1.1836983038078377
    ],
    [
      -1.9940782489978446,
      0.48432061034537033,
      0.5108008118841791,
      0.8636635662502579,
      -0.612001150737047
    ],
    [
      -0.4892943774459586,
      0.19666085397514088,
      0.010913244486376691,
      1.1561053217799926,
      0.5581728716535694
    ],
    [
      -0.20608534815787088,
      0.706010628129292,
      0.9320067025025118,
      0.32805507466935035,
      -2.3580501437514876
    ],
    [
      1.2583759961048102,
      -0.21418746073181766,
      -0.2825211844688823,
      0.615015204088369,
      -1.5797832788081512
    ],
    [
      -1.2886767223793205,
      -0.5695593707063193,
      1.2121656754135128,
      1.8519981663266414,
      -0.2880681600990372
    ],
    [
      -1.1911710368171433,
      0.35435683609902746,
      0.23564406384089687,
      1.287353672910192,
      -1.8312427019544555
    ],
    [
      0.14668113326614085,
      0.21863433300036828,
      0.8775654176677792,
      1.640491790258901,
      -0.6150856454541
    ],
    [
      0.0035744953372089383,
      0.20133466259100452,
      0.5615825237547158,
      0.7948778215542791,
      -0.8244139205314668
    ],
    [
      -0.3361976751350276,
      -1.8451463526144924,
      1.2009082129432669,
      -0.808084760758462,
      -0.1331413947158897
    ],
    [
      -0.197714902171036,
      -0.02922359413329645,
      -0.4278418721259804,
      1.4533219176221537,
      -0.6601279360109545
    ],
    [
      0.8854138605260341,
      -0.2101147540562508,
      0.6634252349695594,
      0.27060928125646033,
      0.2342089195830902
    ],
    [
      1.016876553297052,
      -0.2346086814517927,
      -0.2002081803360083,
      0.2882155446964014,
      0.9355290360305453
    ],
    [
      -0.5179629071008862,
      -0.0017372551060257924,
      -0.26093624662035986,
      -0.07606205043844438,
      -0.9196555478153914
    ],
    [
      3.8560760576529995,
      0.6047756049835539,
      1.0599219020916215,
      2.2658215895092666,
      -0.28774856607689026
    ],
    [
      0.8731945943466753,
      0.26723137425200216,
      0.2524058990830673,
      0.7732324146482589,
      -0.9923653855813145
    ],
    [
      0.48999430822549916,
      -1.8097832989671874,
      -0.3199255386419467,
      2.002559949644375,
      -0.666690376438993
    ],
    [
      1.6815867949896175,
      0.19605159300906316,
      -0.1252594503248139,
      1.1927414031219816,
      -0.6949811895399448
    ],
    [
      0.6006679888775452,
      0.4564983058140023,
      0.6973206875641093,
      0.26316741011101275,
      -1.024091467889987
    ],
    [
      0.059907661361723596,
      -1.0685658071305641,
      -1.3764707877629605,
      0.06932758037119813,
      -0.43115220844810465
    ],
    [
      0.5313824835830546,
      -0.873859634311017,
      -1.561166410271238,
      1.4772105201234018,
      0.7989298400269758
    ],
    [
      -0.3467451642190297,
      -0.22544643465061776,
      0.4888913891556581,
      1.1596686157870744,
      0.34145673641874996
    ],
    [
      -0.23078808278752333,
      -0.1042435525246308,
      1.184231152776758,
      1.0086840362608178,
      -0.5616899967625892
    ],
    [
      0.19739589999027912,
      -1.0826506976187835,
      0.0036911500096788036,
      1.180872728885695,
      -0.37849515666540634
    ]
  ],
  "id": 47,
  "df": 5
}