{
  "mu": [
    -0.867856285402526,
    0.053953455672709295,
    0.22228713704434097,
    -1.015311941900141,
    -1.0191146586787174
  ],
  "x": [
    [
      -0.9779955407565972,
      0.30019883904782557,
      0.6221916553088884,
      -1.8902661362996949,
      -0.5219062160612652
    ],
    [
      -1.8849945869209561,
      -0.6194532165837152,
      0.6416852491229463,
      -2.3968311380314113,
      -0.529087007960013
    ],
    [
      1.3466216692949977,
      -0.1625152912553649,
      0.6612351779957236,
      -2.400474689341328,
      -1.0375340897584115
    ],
    [
      -0.6185478173860584,
      -0.21846303018673977,
      0.055788666855006525,
      -1.5033392793972666,
      -0.3053695315796675
    ],
    [
      -0.7955485239653087,
      -1.2824003017864016,
      0.6035043763851242,
      0.07944818917755914,
      -0.9432816147200109
    ],
    [
      -0.33254982567009905,
      0.07310949778953922,
      -0.519330988714739,
      -0.7258115241234557,
      -2.262799703081365
    ],
    [
      -0.2862624835439197,
      -0.9249316832490798,
      -0.5793841273316503,
      -0.5567533710108641,
      -0.5413482760428048
    ],
    [
      -0.4011083101728843,
      -0.9115671983916728,
      -0.12150163223103125,
      -1.84388481892741,
      -0.5332495461220155
    ],
    [
      -1.5548933451753062,
      0.2025066774098813,
      2.3242551566641727,
      0.33703618235202315,
      1.4122413204747417
    ],
    [
      -0.7617234245803677,
      -0.5515255339907719,
      1.0857987441539472,
      -2.049058078754899,
      -2.1352316492797634
    ],
    [
      -0.7002106024572509,
      -1.2643428375379149,
      -0.6432114035756158,
      -1.6251641530410885,
      -0.4860356575336685
    ],
    [
      -1.2129351887199842,
      1.1005100232079228,
      0.35193760591292267,
      -1.7001086997789248,
      -0.8771350216695486
    ],
    [
      -0.021683663295931632,
      -0.49240191455728893,
      -0.8564941096786144,
      -1.5497090618661962,
      -2.2700498242905787
    ],
    [
      -0.5537553171030991,
      0.06352718683765504,
      0.07531413042038601,
      -0.2039290909632232,
      -1.2436271743719738
    ],
    [
      -0.19842296065774934,
      0.3431763702560089,
      -0.06735682628141207,
      -0.9649063861956836,
      -0.9077151575005022
    ],
    [
      0.6117839965292018,
      1.2702895815914168,
      1.471808275909861,
      -0.9646641391529325,
      -1.3458896691839206
    ],
    [
      0.08701246504323967,
      -0.33342544346009784,
      0.9573577114752551,
      -1.7021658580388943,
      -0.2258951783072456
    ],
    [
      -1.8128556274036742,
      0.8176644318261359,
      -0.256508116011844,
      -0.6822920930385008,
      -0.8925864614069184
    ],
    [
      -0.8401516069946622,
      -0.3972960145742568,
      0.3913461159116107,
      -2.316887294319735,
      0.08667011905200095
    ],
    [
      -0.781473785112004,
      -0.47088463488908167,
      0.8316682527920758,
      -0.5494965149594075,
      -1.3141802859530058
    ],
    [
      -0.44623146344307363,
      0.5470180680009309,
      -0.06387468108908176,
      -0.7439141517150416,
      -1.243716706152769
    ],
    [
      -0.761986346749544,
      -1.2716970612277783,
      0.11110637875309047,
      -0.43048020908487084,
      -1.9060633337247859
    ],
    [
      0.5583770719853531,
      -0.004279370050385929,
      -0.18805841187853142,
      -1.7308644728631521,
      -0.7628645697995871
    ],
    [
      -0.8994646892200787,
      0.3050409318297622,
      0.16651738247363546,
      -1.7482630203780478,
      -0.8813140312490884
    ],
    [
      -1.5601874054214981,
      0.1635287349470589,
      -0.35683312049229987,
      2.6143199319283577,
      -1.0996263391771082
    ],
    [
      -1.096669026890366,
      1.4036796468558566,
      -0.45363032711671425,
      0.5134745155955032,
      -1.015142724816621
    ],
    [
      -2.1089432787257216,
      1.0338645835334683,
      -0.6592238952857586,
      -0.5572582462347181,
      -1.1408027239528489
    ],
    [
      0.09779852900105934,
      0.052822949753966196,
      1.500578408438557,
      -2.467820531395382,
      1.1516192872473763
    ],
    [
      -1.5661333754679285,
      0.5139993735750642,
      -1.6005779437773127,
      0.6465867774429819,
      -1.7085565924987818
    ],
    [
      -1.2128498662836842,
      0.4066830217221458,
      0.12151175557230419,
      -0.47211646428401755,
      -1.2056408739035924
    ],
    [
      -1.295826551761194,
      0.11550800142201323,
      -1.293220711812178,
      -1.3624342726907182,
      0.6906837813931304
    ],
    [
      -2.895428289543675,
      2.2970200873661653,
      -0.6993175144631723,
      -0.26177227460961094,
      -1.3037338658113673
    ],
    [
      -0.8064998475281037,
      0.3037108150879715,
      -1.1213279256317914,
      -3.040180988930206,
      -3.4938191508464493
    ],
    [
      -3.724959106425426,
      0.44604838021628446,
      -0.004615601067182146,
      -1.239983754972714,
      -0.713720702914475
    ],
    [
      -0.7607014316338174,
      0.5701585826010827,
      -0.3518052159731433,
      -1.3631104976422295,
      -1.444892534387889
    ],
    [
      -1.1372207500306635,
      0.5741485246317707,
      -0.5154498531661226,
      -0.0029718088229062634,
      -0.17231964396110877
    ],
    [
      -0.5736721881580175,
      1.4221893049625385,
      -0.05061158413555614,
      -1.6625305189095676,
      -1.5943691776846982
    ],
    [
      -0.13310531814519744,
      -0.8756349748180289,
      -0.8379962935846831,
      -1.688219036075861,
      -1.3891027720101696
    ],
    [
      -0.6874243923760607,
      -0.5697861472211779,
      0.28032095820226094,
      -0.6004951230623283,
      -1.7635548529977068
    ],
    [
      -3.8635501568725594,
      0.18485488456818555,
      -0.1225959909039194,
      -1.5240579962726049,
      -1.1341527416247787
    ],
    [
      0.055773072270629775,
      0.1715993487153536,
      -0.11026848468107306,
      -0.6998884109760779,
      0.5180199812043105
    ],
    [
      -1.9974839718130564,
      0.31290972065612066,
      0.8469545633756419,
      -1.0944663694143406,
      -0.8295175666303983
    ],
    [
      -1.001940317841396,
      -1.5362460077523599,
      -0.3975644179061172,
      -0.6788487065811133,
      -2.213164748950578
    ],
    [
      -1.2653573380267278,
      -0.7760408793863064,
      1.333513894421829,
      -1.2129707791212625,
      -2.597970606161485
    ],
    [
      -1.5142320687230044,
      0.4809429208768281,
      0.28721221333565533,
      -0.48412144887070296,
      -0.5596926933094171
    ],
    [
      -0.954531432002364,
      -0.07519782224175511,
      -0.2400551980700152,
      -0.6821165331815278,
      -2.4503713847924016
    ],
    [
      -0.9620793703060209,
      0.644392408642337,
      -0.32432470943335834,
      -0.6045092096240794,
      -1.1994777799254726
    ],
    [
      -0.6200735149938841,
      0.14453114994996052,
      0.6236131666181076,
      0.06652714846229202,
      -0.3171143356308267
    ],
    [
      -0.6991490318007672,
      0.2871134203249166,
      0.9511992168419193,
      -1.5741046036815223,
      0.22155318986634787
    ],
    [
      -0.3148188332011974,
      -0.7417554019883204,
      0.5179952119451314,
      -1.088287997417966,
      -0.9875367101113185
    ]
  ],
  "id": 45,
  "df": 5
}