{
  "mu": [
    0.5242454368219114,
    1.862624452465759,
    -0.7039253236204986,
    1.127845943833353,
    -0.9132899417968847
  ],
  "x": [
    [
      4.853369946185768,
      2.1294214908205786,
      -0.3155164084406418,
      0.7761547022001082,
      -0.8998191237209889
    ],
    [
      0.8004302966540902,
      1.2967287258768145,
      4.856697597734169,
      -0.18315085522884522,
      -1.083217637984385
    ],
    [
      -0.9030030360307586,
      2.7133983334220644,
      0.008532305460010492,
      2.669640852280815,
      -1.3412457735881063
    ],
    [
      0.6670811607978966,
      3.1032724088330594,
      0.44898959529745086,
      0.09609719697428809,
      0.2829786798526883
    ],
    [
      0.030566939937407944,
      0.5462903325456792,
      -2.659451136325196,
      0.7405992973157868,
      -0.5853205165767512
    ],
    [
      -0.49597745493766987,
      1.4725269372875094,
      -0.1825247595638826,
      2.538464846553546,
      -0.7601792198842828
    ],
    [
      0.190719720420927,
      1.2406741732765392,
      1.5102918796482996,
      -2.676914636021272,
      -0.5939426896216156
    ],
    [
      -0.5841881198272987,
      0.006804188254186272,
      -0.08856205784704618,
      0.8043096542436659,
      -1.704135681669877
    ],
    [
      1.120372467871947,
      1.2886671169652257,
      0.3962243896978185,
      1.9708385661543502,
      0.0989465307617654
    ],
    [
      1.2278030055917144,
      1.2156435833998958,
      -0.2631688380693848,
      3.0469318688333784,
      -0.06329478453240456
    ],
    [
      1.7197164399534641,
      2.4277206984693023,
      -1.6368594043894398,
      1.8335549297567306,
      -1.3442326784529839
    ],
    [
      -0.2637480807357351,
      2.2513547018251834,
      -3.23927662930157,
      2.556731103728027,
      -1.6795517183157824
    ],
    [
      0.6804636697129258,
      1.611317455766128,
      1.1967022802123424,
      0.9627882235052765,
      -1.408712081652569
    ],
    [
      0.8299347661091008,
      2.4626462948911563,
      -3.050516595937544,
      0.43578471109862493,
      -1.3521027050009389
    ],
    [
      0.3389704918441823,
      1.7597645999023608,
      -0.14583062542614889,
      -1.9041034346107657,
      -0.48203771623825953
    ],
    [
      -0.09010744755645184,
      3.2323908540109603,
      -0.33015281227600335,
      2.1569668802113613,
      -1.2354038306851842
    ],
    [
      -3.897868625252717,
      0.41673095552118133,
      -0.4757923812418118,
      1.884573564454462,
      -2.356969779228974
    ],
    [
      0.634803766978792,
      1.7636797178154229,
      -3.5601814488228043,
      -0.12952400135869935,
      -0.08000079564123863
    ],
    [
      -0.4824820767687401,
      2.3653412766788464,
      -0.8099763350657834,
      0.8663311566511516,
      -1.4382961746433747
    ],
    [
      -0.5939428536934444,
      4.303170156250859,
      -0.3587303272343045,
      1.9360971554629982,
      0.7063932495795644
    ],
    [
      -0.057324586402429545,
      2.8205132533916024,
      -0.6418045279884131,
      1.8775071748423786,
      -2.05401330671656
    ],
    [
      0.8626747657448396,
      2.4336700193657705,
      -1.8256348245972256,
      -0.3315361513970161,
      -0.37051744994708036
    ],
    [
      1.5749382510956684,
      1.5699370858733612,
      -0.28811987133545025,
      1.5568512888401342,
      -1.5726092260974807
    ],
    [
      0.6155270993773779,
      1.737450906478239,
      -0.4889067362925468,
      0.9405947280253251,
      -1.229214692895684
    ],
    [
      0.5707376888422824,
      0.5935831264934743,
      -1.5617310630022185,
      2.6228863330726435,
      -1.5041264849189586
    ],
    [
      0.5346107773733653,
      2.5869562361609164,
      -0.299757337020375,
      -0.17423471745921693,
      -1.2917916279505472
    ],
    [
      0.38912141413560675,
      3.24470080736405,
      0.5136799152707642,
      1.9657906292275171,
      -0.45248693007700175
    ],
    [
      0.600761107737969,
      3.067951903736394,
      -0.6257058434297693,
      0.9974640548970801,
      -0.7815561189286183
    ],
    [
      -0.6856362474007873,
      2.125652103493713,
      -3.7573727387747455,
      0.5693202209105863,
      0.34187041239601035
    ],
    [
      -0.35119115613216323,
      2.1809710032361833,
      -0.9401258174779465,
      1.9071567162071585,
      -0.7606531657324309
    ],
    [
      0.26782774383642993,
      2.288452761380763,
      -2.1274993532042603,
      0.7318952194402377,
      -2.319250543177458
    ],
    [
      1.3419110230563676,
      1.3714974832240685,
      0.807153128906774,
      0.986924189826718,
      -1.850847188368316
    ],
    [
      0.5673075816803046,
      2.837741145714773,
      -1.8913596698212793,
      1.5222801825650663,
      -2.8571212883878654
    ],
    [
      1.5594240673242012,
      2.276863654476156,
      -0.6351910938360938,
      -0.6590113541464693,
      -2.278283565774699
    ],
    [
      -0.39622783016697305,
      1.7220639173877803,
      -1.210723269292981,
      1.3194183483933115,
      -0.8118801660611663
    ],
    [
      1.7919581517292806,
      2.0429783435317823,
      0.2337256960671381,
      2.5628028493171238,
      -1.8052403855502215
    ],
    [
      1.3507506623547232,
      5.0027196976013695,
      0.18327743343197656,
      1.9692561657146204,
      -1.7973032955507493
    ],
    [
      0.8389959860289962,
      2.1273291696499776,
      0.14558030030667557,
      1.7982077617156542,
      -1.403943315088151
    ],
    [
      0.11802931097780556,
      3.649044185345033,
      -2.1290570070989525,
      2.4763356167383392,
      -1.7341287420377172
    ],
    [
      0.2775462831956373,
      1.644251131778,
      -1.3539727554332448,
      1.1703488585946102,
      -0.682044283649821
    ],
    [
      -0.6238232923839391,
      2.7153213384680988,
      -0.8810276769362386,
      1.67737874593101,
      -1.425871458125969
    ],
    [
      0.06649052362625474,
      1.1955049127126256,
      0.014655057617290801,
      0.78144441505523,
      -0.3686792637808838
    ],
    [
      -0.1673562679138194,
      0.6680258559168724,
      -0.6146737834757077,
      3.7960303865193623,
      -1.041189611671785
    ],
    [
      0.9805376881292676,
      2.628606188307977,
      -0.8467625422459422,
      1.410452834950188,
      -1.57045259710193
    ],
    [
      1.4043036362093817,
      1.4533696924211439,
      -0.936369608524346,
      3.06237484667359,
      -1.0321545043463165
    ],
    [
      0.3396542653409922,
      0.5324118553335937,
      0.0022350012653418183,
      0.9379611778786447,
      -1.7810578986888168
    ],
    [
      1.251410188021762,
      0.8679847230843433,
      -0.20255796655545577,
      0.5877643756704048,
      -0.7229221369246249
    ],
    [
      0.04737169128680585,
      2.0057481792946805,
      -0.17555299403183322,
      1.7519268147057552,
      -1.2338217882136746
    ],
    [
      1.4585704619123534,
      2.0220597654184047,
      -3.1371132714212897,
      0.6616905752528125,
      0.1715370423453495
    ],
    [
      0.583447611911964,
      2.7354668134695204,
      -0.7581051563387479,
      0.9438982019303057,
      -0.3290386455849129
    ]
  ],
  "id": 9,
  "df": 5
}