{
  "mu": [
    0.8035708523454835,
    -1.9481451798633318,
    0.6863344635546307,
    0.5846266928080776,
    -0.626961867823397
  ],
  "x": [
    [
      0.31995216307050595,
      -1.6271460222893444,
      1.7304930164500607,
      1.3436621127099853,
      -0.3073358720135576
    ],
    [
      0.5068620841977828,
      -2.882762497469288,
      0.4885437633103731,
      1.7403983998331376,
      0.36232232508778595
    ],
    [
      1.1417923974863065,
      -3.4199567296447,
      1.7567712362360246,
      1.5873936545282015,
      -1.048136907348895
    ],
    [
      0.4831829865306575,
      -1.569020844825237,
      0.036267985658044566,
      -0.023681530118610294,
      -1.383761740272221
    ],
    [
      0.9663599548180267,
      -1.621342977294173,
      1.4246814615456977,
      1.1006601772387385,
      0.23961041602323752
    ],
    [
      0.7298402909822609,
      -3.2675418790886677,
      1.437426988441978,
      -0.23079770789549847,
      -0.26870580425305207
    ],
    [
      -1.9707316961687709,
      -4.248959838107227,
      0.884369569514677,
      -1.0754216511359291,
      -1.2214448610607604
    ],
    [
      1.1432894220171514,
      -3.3436585821453733,
      -1.610203028732362,
      1.5478295664709907,
      -0.6859913618225888
    ],
    [
      -1.7809513702841948,
      -2.1054198465320106,
      0.5199116464390657,
      0.2615973057035976,
      -0.20540750095117688
    ],
    [
      -0.7419131109610363,
      -2.272062996501534,
      0.7044460614351625,
      -0.23178286025738049,
      -0.2314406089394112
    ],
    [
      0.8725016774279457,
      -2.0148259703604294,
      -0.9455242278441991,
      1.5884935021469602,
      -0.6678349500237915
    ],
    [
      1.5346077152149222,
      -1.489294784004601,
      2.543480902905758,
      0.5762089493794951,
      0.3132725688461391
    ],
    [
      0.8541377022977649,
      -0.6460687676726866,
      -0.6661903717974613,
      0.4123196237783988,
      0.6250230482589054
    ],
    [
      -0.3912572389000245,
      -1.434023506471077,
      1.3494663517147942,
      -3.6900255380871876,
      -1.2700429614847768
    ],
    [
      2.69614699172371,
      -0.9012939703921425,
      1.0714722737928453,
      0.03611954191421485,
      0.8016940378276507
    ],
    [
      0.5613887631654431,
      -1.4239689471993358,
      2.0710356798474097,
      1.6583944585902408,
      0.07661454562064451
    ],
    [
      2.3716033996410424,
      -2.099254664737609,
      2.7502935998802505,
      0.5341984113763126,
      -1.0560029048216584
    ],
    [
      1.0389947308051224,
      -0.5153320485632544,
      0.6964598839334775,
      2.084208741870594,
      -1.44467879993228
    ],
    [
      1.409325538739327,
      -1.9918506628505663,
      1.2932723517969114,
      0.8202604858110398,
      0.40811664993247776
    ],
    [
      1.9360566429732673,
      -0.3980113649282211,
      -0.24301362934196147,
      0.24874104319440837,
      -1.4191231882704372
    ],
    [
      0.3178170503322601,
      -1.7353917518970838,
      0.8678685000070259,
      -0.2722855152918593,
      0.5798756348834999
    ],
    [
      1.1352405094702127,
      -1.688149216229736,
      -0.12279815492263646,
      0.8926893721685436,
      -0.5481707641891248
    ],
    [
      1.619058850430027,
      -1.4689197365325666,
      2.067804631824427,
      0.7652600934766213,
      0.30232318494896915
    ],
    [
      2.863321047953301,
      -1.2646021844014141,
      1.4183060656186748,
      0.3104085878018885,
      -2.130792655669926
    ],
    [
      1.6929011925854973,
      -1.5416145168646103,
      -1.301029314939423,
      0.5221592537116108,
      0.6294234853804037
    ],
    [
      0.3178712477083983,
      -1.2524767840529594,
      1.3166041748661792,
      1.339788626039249,
      0.09121435647108533
    ],
    [
      -2.2410365873249956,
      -2.4322075711815114,
      -0.5727928392979631,
      0.35973531908746037,
      -2.0662186510311784
    ],
    [
      1.6866860194059248,
      -2.9884827900728466,
      1.1193272260382703,
      -0.12473399002169516,
      0.5543462790895313
    ],
    [
      0.31501115523627754,
      -1.2014853965076966,
      1.6858635166995697,
      -1.0616340588830009,
      -1.744789956499958
    ],
    [
      1.9401717606828472,
      -1.391953662420013,
      1.7878718661078465,
      0.29861744611416335,
      -1.2722037986960477
    ],
    [
      -0.018211207005866203,
      -1.2414731565665347,
      -0.26422988763780153,
      -0.17659307728743678,
      0.09793327354096493
    ],
    [
      0.6197286067047388,
      -2.3656788311526338,
      0.33743214982772074,
      0.21469495862858917,
      -0.5782919327349405
    ],
    [
      0.5639652899155949,
      -2.977514426808423,
      0.5829174113809619,
      1.7712667472829686,
      -0.2281746040170201
    ],
    [
      0.5265763198020282,
      0.08668835964410815,
      -1.5808687670641324,
      -0.3682190829143803,
      -0.11148227020385182
    ],
    [
      0.41951788075997215,
      -1.055506905358405,
      1.8070081818934893,
      0.5349666826104282,
      -1.0636154611464619
    ],
    [
      1.285806153080796,
      -2.773261073933668,
      -0.6114983094216231,
      -0.19857342779735054,
      -0.27370611264315625
    ],
    [
      1.92845722464636,
      -2.1334139324207135,
      0.5526608396166576,
      0.9563866161160584,
      -0.9231769518945796
    ],
    [
      1.8686261168956686,
      -0.7600915893051583,
      0.11445212822847906,
      0.24315724163116925,
      -0.3522734225935356
    ],
    [
      1.1008175825546342,
      -2.3532635210626927,
      0.959127702428356,
      0.863157297643979,
      -1.422438241512991
    ],
    [
      0.9740879793109687,
      -0.7118449112242888,
      1.611047358780937,
      0.6984545371701409,
      0.01790467587747968
    ],
    [
      0.7852137367194714,
      -1.4093672996614726,
      -0.17336176781670365,
      -0.08342183733626796,
      -0.8267892088022686
    ],
    [
      0.9003117501920451,
      -1.6120657987538967,
      0.2619347792222324,
      1.2779027717642826,
      -0.7980843064377607
    ],
    [
      2.0999268350546068,
      -3.56547869725998,
      0.09501648744594249,
      0.511134337208315,
      0.9646300860273891
    ],
    [
      0.6422403223018283,
      -0.9815306480429612,
      -0.07691396363168856,
      0.9968265051537002,
      -0.6751891008169773
    ],
    [
      0.6187454124352146,
      -0.8111816901337865,
      1.554087072595792,
      1.0361772148293071,
      0.35908332731222314
    ],
    [
      0.7908284826692099,
      -2.445282785108,
      1.0925939127131414,
      0.058029030120134384,
      1.370746555517834
    ],
    [
      0.6824708899938968,
      -1.6029600751988151,
      0.9053138965070419,
      1.1332942334060787,
      -1.1929299592441653
    ],
    [
      0.4735661703368312,
      -2.030763258698169,
      0.4086909423256599,
      1.695016139391433,
      -0.5618403361751004
    ],
    [
      0.16110270563812046,
      -0.401494888262518,
      1.4565605440635698,
      0.4103795705121206,
      -1.2796424439306675
    ],
    [
      1.208825646271432,
      -1.484140431149779,
      0.009175398924652356,
      0.7468604451441802,
      -0.3305651837757598
    ]
  ],
  "id": 15,
  "df": 5
}