{
  "mu": [
    -0.5489562833301412,
    -0.31483511241970724,
    -0.974265383689686,
    -0.2623165636113115,
    0.7266759209725776
  ],
  "x": [
    [
      1.5327918510340854,
      -1.6665269785036978,
      -1.6601171609501264,
      -0.6235980848651621,
      1.3763703246868868
    ],
    [
      -1.3423068243081997,
      -0.8672084053300559,
      -1.2157291930077627,
      0.5766925954484202,
      1.0130933897501604
    ],
    [
      -0.911072537186037,
      -0.4061505832313498,
      -1.7671041525232196,
      0.04008022941253442,
      0.12210104840080183
    ],
    [
      -0.044273719083574026,
      -0.5674286266358937,
      -0.3718092834036285,
      -0.8817260452888369,
      0.719845224868873
    ],
    [
      0.6688821382902476,
      -0.07142228305518322,
      -0.7759020738785416,
      -1.495926646567875,
      2.1372173525911107
    ],
    [
      -1.428938021631378,
      1.0431220021512235,
      0.5014282262793348,
      0.4151775406824959,
      3.7904130187551557
    ],
    [
      -0.1328782981677452,
      0.985226350233031,
      -2.3838533756620004,
      0.998212813760727,
      0.2948286025313585
    ],
    [
      -0.9873198551733728,
      14.752958790099562,
      -0.30082177035209356,
      1.7525733430180739,
      -0.1362511204712077
    ],
    [
      -1.0030041258914724,
      -0.6877618985888516,
      -1.1628825074227296,
      0.756668953744042,
      0.8461921590753448
    ],
    [
      -0.4687537323425209,
      -0.7905987083194677,
      -0.5967823160440642,
      0.23032187066172233,
      1.395657512525287
    ],
    [
      -0.4911062840282393,
      -0.8266256875598159,
      0.04001744699169252,
      -0.5913128077076968,
      0.500901324314293
    ],
    [
      0.4682907063119829,
      -1.2244188553789566,
      -2.067412890608405,
      0.8910917921844909,
      0.431308179841591
    ],
    [
      -1.8346033441566645,
      -0.7216754528335037,
      -0.8981608737770721,
      -0.950170757449951,
      -1.4612012495020177
    ],
    [
      -0.8557815741988278,
      -0.8232177275342871,
      -1.677077931668601,
      -0.6499759854362401,
      0.13942931379371526
    ],
    [
      0.42619342799189197,
      -0.12593878932315075,
      -0.05892580072653131,
      -0.9912044789096046,
      0.7813882465973155
    ],
    [
      0.06309956610654965,
      -0.5043922247308674,
      0.1244225375458834,
      -0.34010479624480555,
      0.12817501979876256
    ],
    [
      -2.5895855628648,
      -1.5572128572590678,
      -0.43839062212229574,
      0.7381131749553907,
      1.5260561791725162
    ],
    [
      -1.6873865220833286,
      0.3404505877914404,
      -0.7354748163698951,
      -0.8174781030500661,
      0.4815172705763071
    ],
    [
      -0.21631073383849125,
      0.4732298043566559,
      -2.1517691924132247,
      -1.3469001709788393,
      1.040220451972862
    ],
    [
      -0.7355167691325927,
      -0.4548159495556171,
      -2.047632153388678,
      -0.303181903009096,
      1.3793989098546529
    ],
    [
      -1.2688891102650672,
      -2.0800382400726276,
      -1.1032370445474775,
      0.5181144905000414,
      1.181468160003469
    ],
    [
      -0.7513120589591221,
      -0.7040162936224625,
      -0.37136734868842514,
      -0.9493950383077118,
      1.2597309736957008
    ],
    [
      -3.249904237106169,
      -0.281945536634693,
      -0.8964790776087337,
      -0.6670164569257043,
      -0.1518444336013297
    ],
    [
      -1.1939109251124609,
      0.2739745173665102,
      -0.7496064264077693,
      0.4042551859430884,
      0.9188953230090695
    ],
    [
      -0.915132839794845,
      -0.15581349056276303,
      -1.1695260029771581,
      -0.6523858546773019,
      -0.17115990453323127
    ],
    [
      0.3873557888573065,
      -1.7502849687568012,
      -1.4841286441432961,
      -1.2447168281055077,
      2.2294177959145602
    ],
    [
      -0.779491606962232,
      0.13549963531191606,
      -0.1388049315908655,
      -2.1038947660283327,
      -0.19302458721291582
    ],
    [
      -0.3489286485296166,
      -0.46876533608598236,
      0.6932441937428615,
      -1.6392527120648164,
      0.18944222386769582
    ],
    [
      -1.4022416904408415,
      0.622583036280465,
      0.828813665856657,
      0.004477263568516077,
      1.4442494173533118
    ],
    [
      -1.4555755958624141,
      -0.22148766538465003,
      -0.6968635969188359,
      -1.653732285861358,
      -0.1847534896583467
    ],
    [
      -1.2720920961870807,
      0.3729369541898317,
      -1.4783381658672914,
      -1.4291788666322378,
      1.4072811121073794
    ],
    [
      -0.590504207680893,
      0.3858017168474837,
      -0.36280389502537347,
      1.0733875576568432,
      0.6564656544166484
    ],
    [
      0.0796887109248966,
      -0.8551220686449708,
      -0.6133751022496722,
      -0.6393487038577166,
      1.8775157569762233
    ],
    [
      -1.0110560666488897,
      0.26077046434468537,
      -1.1341706771777416,
      0.9227402314863643,
      0.2575359661628644
    ],
    [
      0.1047339640298054,
      0.451437120227188,
      -0.4525268433177403,
      -1.5521828202651156,
      1.2042192943967032
    ],
    [
      -1.1988163035756,
      -2.28582431498247,
      -1.2363938098860534,
      0.588863012108159,
      1.112462103344052
    ],
    [
      -1.0385002174949982,
      -0.10416904927097664,
      -2.1092982737239367,
      -0.287918420145946,
      0.45041063676646415
    ],
    [
      -1.6464096001323796,
      -1.4129246715682922,
      -0.36816560586670966,
      -1.1394952231605673,
      0.18215089109286786
    ],
    [
      -2.1282028128204553,
      -0.1205143523049153,
      -2.8808549987312917,
      0.7635427780006058,
      0.5087755074048352
    ],
    [
      -0.05386103018578087,
      -1.4859870288554704,
      0.08658691131285012,
      -0.39366469240145197,
      1.6785384111310866
    ],
    [
      -0.7271484750326663,
      1.2857397457704587,
      -0.7002588863225538,
      1.275634962286265,
      1.5839740085511358
    ],
    [
      -1.5793248486245002,
      0.6480544323297381,
      -1.668623397857278,
      -0.21171081788146903,
      0.6979790305737629
    ],
    [
      -0.812360595452279,
      0.6488474862240001,
      -2.0795833945804354,
      0.688324154746634,
      0.9632843728512998
    ],
    [
      0.31664593379613215,
      -0.542626980257715,
      -2.1584041038582447,
      -0.4777297998031156,
      1.1917152758377336
    ],
    [
      0.28388860241708,
      -0.34269551869388437,
      -0.31604504713198667,
      -0.06421571124601849,
      -0.10266283493553185
    ],
    [
      -0.35094149477833375,
      0.15201141862222528,
      -0.5556813764189644,
      0.10950526996675253,
      0.997948469663097
    ],
    [
      -0.059559716901355864,
      -1.5856124416981414,
      -0.7675161384933011,
      -0.2828812052748165,
      2.0719653127230124
    ],
    [
      -0.0020319522644344223,
      -1.214547256794243,
      -1.584924005130176,
      0.5914340921885397,
      -0.35435625578302454
    ],
    [
      -1.8307314424824894,
      0.22875107360902786,
      -1.170539078579926,
      -2.8770697593438257,
      0.5381896677241224
    ],
    [
      -0.3397190201024588,
      3.6244449008525503,
      -1.2771570223473598,
      0.0773492062333157,
      1.6430161955475977
    ]
  ],
  "id": 13,
  "df": 5
}