{
  "mu": [
    2.7132545484788246,
    -0.33100143216943584,
    -0.257623313206733,
    -2.1919078341331746,
    0.3981986348535369
  ],
  "x": [
    [
      2.8347559163252645,
      1.9604288729871717,
      -1.9411395009117252,
      -1.7438369501140545,
      1.2571216509769054
    ],
    [
      0.2996851448025062,
      -1.3002155932729107,
      1.465672575597084,
      -2.3795239769885845,
      0.08303007316274397
    ],
    [
      -0.4901892768834841,
      -0.4853896786955426,
      -2.4077147602818374,
      -3.616134345412532,
      0.8713239290594191
    ],
    [
      2.5807696010105317,
      -0.5500112720214865,
      0.4643948095856906,
      -1.276333521997257,
      0.2633142792701225
    ],
    [
      2.5625140716663046,
      -0.09942935326317054,
      0.1829179367345145,
      -1.2679810059669567,
      -0.04985265335957567
    ],
    [
      2.5995854042012883,
      -1.2372178044604412,
      0.21356864939430953,
      -1.8824574667412342,
      0.003554173922791115
    ],
    [
      3.2744013018202742,
      -2.0273336798390296,
      -0.7692796707104768,
      -0.48338302840680614,
      1.162771365332624
    ],
    [
      3.7548485528052593,
      -1.2848007270714865,
      -2.0134631992028,
      -1.4081333538885905,
      0.5910340495221711
    ],
    [
      2.5987553111976673,
      -1.348997485626463,
      -1.227836736806615,
      -1.2975354563696668,
      0.6930912748193163
    ],
    [
      1.1961685459031373,
      0.1192341943550872,
      1.512686172320293,
      -1.630128232127782,
      0.10399777669462462
    ],
    [
      1.3509378287571419,
      0.2819465922227869,
      -0.6467668668790586,
      -1.8245836655292513,
      -0.7174553271146866
    ],
    [
      3.905001071136086,
      -1.0508824040552778,
      -0.31549179784766945,
      -2.6131250668089616,
      0.5790536270548715
    ],
    [
      2.4685652009155703,
      -0.36588522887052505,
      -0.3772879463442118,
      -2.264998918632309,
      1.0051567442049085
    ],
    [
      4.0369671281262836,
      -1.0727141360428916,
      -0.9592443065358651,
      -1.209155769398488,
      0.49926248880374985
    ],
    [
      2.9777492909009435,
      -0.9164234974314487,
      0.10747606521359016,
      -2.0015192394656447,
      0.5910041213431451
    ],
    [
      2.88418430543962,
      0.5555404567480322,
      0.4732365625467844,
      -2.5276905251615363,
      1.5440845787667017
    ],
    [
      1.9693316865357025,
      -1.9566975828253084,
      -2.4492814909855714,
      -2.210486591268701,
      2.076234187274401
    ],
    [
      2.249772209726781,
      -1.9386653753541525,
      -1.8001999928977648,
      -2.1546167721441876,
      0.2517984175050183
    ],
    [
      3.0133165169798564,
      0.1543980592357106,
      0.4353033552775853,
      -6.183275940909506,
      1.172908917587113
    ],
    [
      3.414780565390137,
      -1.4642041482006254,
      1.0756275921720102,
      -2.086268925730524,
      -0.4864552112907379
    ],
    [
      2.154284394202031,
      0.12237158392774794,
      -0.3268535955630628,
      -2.999244858237424,
      0.9143164108281248
    ],
    [
      1.2620556464522392,
      -1.1028775547126641,
      -1.0651017525995583,
      -2.402318436008902,
      0.06556203759392376
    ],
    [
      2.466013540601381,
      0.7345896005049617,
      0.19926388773583448,
      -1.449252313020576,
      1.0228168208750876
    ],
    [
      3.0585074797718574,
      -0.9340908723215728,
      -1.569924996263681,
      -2.16726764345485,
      1.6315144134539477
    ],
    [
      3.379318957010067,
      -0.028686113620297937,
      -0.7861171433739835,
      0.2849122840041316,
      0.42997005676970834
    ],
    [
      3.140574010745919,
      -0.18200404469548895,
      -0.30162122721491613,
      -2.092332389369239,
      1.1010425005530302
    ],
    [
      3.7447635050613606,
      0.8143552178282865,
      0.6644791190021881,
      0.2753670621493107,
      1.16218657659463
    ],
    [
      3.802283752291892,
      0.6157384729547437,
      -0.2989087965502672,
      -0.10216618110983511,
      0.9295895466406469
    ],
    [
      2.1129869445926137,
      0.46571445532694006,
      -0.7420705810826163,
      -2.985160293182821,
      0.05065104445937979
    ],
    [
      2.8314629135537484,
      -0.6360368416285727,
      -0.36234607287514475,
      -2.8512875190097295,
      0.14693963517543274
    ],
    [
      1.95326273707955,
      -3.6566131195750033,
      -1.2030987620907982,
      -2.8213901160608628,
      0.9583366409039517
    ],
    [
      4.164435103518412,
      -1.808110852231672,
      0.19644527845701254,
      -2.3242177632867986,
      -0.8902323674957802
    ],
    [
      3.3970101447577665,
      -0.7471620393486955,
      -0.5075576069963956,
      -2.74115662271724,
      -0.1042980201157131
    ],
    [
      1.075355379915381,
      -0.35614090604651505,
      -0.3659763529790211,
      -1.9263933991892772,
      -0.9453471852234314
    ],
    [
      3.718719030794339,
      0.13401049600567472,
      0.39146083475212284,
      -1.7398319817789563,
      2.9709981878089717
    ],
    [
      2.4505138964780704,
      -0.9128498883161615,
      -1.7577826833442263,
      -0.9432446159013383,
      3.299226585726693
    ],
    [
      3.193589840576674,
      0.37704025758651266,
      -0.3169537326830951,
      -2.4235227037266633,
      1.372410813830114
    ],
    [
      2.0174326209071993,
      -0.15345105507617038,
      -0.4795001486045275,
      0.6329192196732731,
      1.2753443038713423
    ],
    [
      3.9362455461215333,
      0.2778721030580334,
      -0.2821623343115724,
      -1.4802566221759015,
      -1.0758021049568247
    ],
    [
      3.5797859314132685,
      -2.9422631326638085,
      -2.4388653422661593,
      -2.1043122974027533,
      1.043212205322766
    ],
    [
      0.1785831236742479,
      -0.33585248471754425,
      -0.627474383152298,
      -2.1899785287471736,
      1.422614038260701
    ],
    [
      2.857537889251323,
      -1.5092803254188938,
      -0.13562469834591884,
      -1.9465084240895238,
      -0.6677507211571794
    ],
    [
      2.161310219245578,
      0.2574143108564863,
      -0.34689450915619857,
      -1.485931577352265,
      0.09992546916429124
    ],
    [
      3.16871292184354,
      0.15356673025132989,
      0.3891393011974699,
      -2.4999463852033523,
      -0.5359962356861955
    ],
    [
      0.19072772008090544,
      2.4306045596754986,
      -0.32493212226112544,
      -1.2912407922580382,
      1.723642096581635
    ],
    [
      2.9708157518558744,
      -1.2020613339546926,
      -0.8110900305540629,
      0.695833616062175,
      -2.428935435616543
    ],
    [
      3.197455432417896,
      -0.3101657202215151,
      0.5305912072631427,
      -1.2109460690757776,
      2.3151745904600594
    ],
    [
      1.6450580652998452,
      0.04054314450596691,
      0.20020362517185297,
      -2.4050990978639954,
      -0.30885940384819555
    ],
    [
      1.8785584316089419,
      -0.7648321313424689,
      -1.349207820101077,
      -3.5436400498656635,
      0.3241862192606585
    ],
    [
      2.4397105251162805,
      -0.6983861032039755,
      -0.6360167486099618,
      -2.315215886146813,
      1.4470966457547503
    ]
  ],
  "id": 18,
  "df": 5
}