{
  "mu": [
    -0.6551094559702445,
    0.10959212336722093,
    0.49178226281241205,
    0.3554619362956651,
    -0.11910422684614153
  ],
  "x": [
    [
      -0.0657360693168344,
      0.6343269366629388,
      1.0791967791480859,
      1.7325230477722147,
      0.3508716480443172
    ],
    [
      -0.348604005810802,
      -1.1637770713711757,
      1.7110450925258778,
      1.3142996727825405,
      1.1291206312568973
    ],
    [
      -0.0827412267857024,
      0.6808687839565549,
      0.22289533475592227,
      4.42662902414375,
      -0.1336447091640312
    ],
    [
      -1.2162536577873069,
      -0.02804576867822045,
      -0.1840302379032292,
      0.7554388279065358,
      -2.064804527231902
    ],
    [
      -0.08902759888597378,
      0.5662642338602578,
      1.6644649538399854,
      1.6750828924951713,
      0.9704976509142822
    ],
    [
      -1.8090539980630074,
      0.5342521079342966,
      -0.019987356623218433,
      -1.01527976811601,
      0.259269150141342
    ],
    [
      0.9544231752541302,
      0.11746306237581786,
      0.5903061699390306,
      -0.4023727670374094,
      0.7571837832132021
    ],
    [
      0.028105919323473394,
      0.8291063563037906,
      0.5345235867137214,
      0.3931346660663421,
      -0.5946287305447753
    ],
    [
      -1.327712945344358,
      1.3726089963810741,
      0.19922275730556832,
      1.6645933869230192,
      -0.01625698517155906
    ],
    [
      -1.2322814333920693,
      -4.280557904487419,
      0.2598071425427146,
      0.4792007404595302,
      1.579507142621442
    ],
    [
      -1.4991747131390136,
      0.646583611160466,
      0.436039268100215,
      0.8657788800078796,
      -2.0731070342208833
    ],
    [
      -0.2879589298592407,
      -1.1979015912520903,
      0.7562742643638104,
      1.2893530201630146,
      -0.7683521429336851
    ],
    [
      -1.0050133817228941,
      -0.36890293557590537,
      0.5428331950518475,
      0.9327248583909244,
      0.6281643173314837
    ],
    [
      0.17917684981934257,
      1.9220885848056446,
      0.6844997926881566,
      0.9854476210443954,
      1.8074013796115163
    ],
    [
      0.584507613753379,
      0.34087058243309865,
      0.10348692502201501,
      0.5973262263330698,
      -0.330254450957852
    ],
    [
      -1.0147298419554183,
      -0.42943150707388866,
      1.2556289828887528,
      1.4484996954387517,
      -0.7041195259487388
    ],
    [
      0.6627858354807629,
      -0.22405588004997987,
      1.0518540858622996,
      -0.8591050965619429,
      -0.1736360261111879
    ],
    [
      -0.20944264161406223,
      -0.40677108079537194,
      0.4231595328121789,
      0.39364115542137934,
      0.6458747438151798
    ],
    [
      -0.4139814257109288,
      1.0753593066782092,
      0.8984534292684725,
      1.196507267242665,
      -0.46072862940142784
    ],
    [
      -1.2460364361721559,
      -1.614685505514491,
      0.13529894101711304,
      1.0111289969363413,
      -1.2250382273717861
    ],
    [
      -0.6450636841571766,
      0.3970906039440789,
      1.168182740513612,
      1.302999350413552,
      -1.1970892145732543
    ],
    [
      0.4151835249520933,
      0.6973981146407998,
      0.26524890764456527,
      0.22439224744137676,
      0.5161582669839048
    ],
    [
      -1.7025480206319852,
      -0.09698303145325868,
      0.03507954696438942,
      -0.32804922541703824,
      0.7158529016461692
    ],
    [
      1.4043212592937717,
      -1.8411118057410347,
      1.1910363157858794,
      1.756019006441251,
      -0.8003553492331612
    ],
    [
      2.0034821463129644,
      0.21042021438679748,
      -0.5946471092882053,
      -1.185255427218837,
      0.5641640187311189
    ],
    [
      -0.8257517112086583,
      -0.05464259555700851,
      0.6953330716415942,
      0.5951936306598704,
      1.3592991065429951
    ],
    [
      0.6310828584013474,
      -1.231537036735821,
      0.7019541367691393,
      -0.6260489952211781,
      -0.7313842843377947
    ],
    [
      -0.6996681725985082,
      0.41277374520094745,
      3.4373241804408208,
      0.6594350112234336,
      0.26968221569311845
    ],
    [
      -0.7611448801649281,
      -1.321285973628412,
      -0.358316149532453,
      -0.3466614166041529,
      -1.938824356287195
    ],
    [
      -1.3090060688052916,
      1.3001945712010103,
      0.588991226938628,
      1.1085824647487612,
      0.585470623616206
    ],
    [
      -1.3235948454197815,
      0.3448140344346817,
      0.3147599919471584,
      0.7172629269702129,
      0.6703699982537293
    ],
    [
      -1.7281992168407299,
      -0.12423015012079847,
      0.5027367346293011,
      -0.5756881207562958,
      -0.09908706225329393
    ],
    [
      -0.21724380102564983,
      2.295703103975518,
      0.6324860361512579,
      1.8254087628446445,
      0.06535012713263885
    ],
    [
      -1.0036016881305478,
      -1.9110753403965361,
      0.589801784089996,
      0.5487952087035164,
      0.6916925342420245
    ],
    [
      -1.9303945781813865,
      -0.43494768446655296,
      1.171865538808341,
      0.49269028319274755,
      0.7947049660139317
    ],
    [
      -0.4063756437503113,
      1.4339975400189886,
      -1.2685625458691827,
      1.263285044143842,
      -1.7498213445714885
    ],
    [
      -0.24536938414298187,
      0.3857595932606531,
      0.3801395929858782,
      0.8329103425982755,
      -2.0080659591623946
    ],
    [
      -1.0842055619906055,
      -0.19566013312380684,
      0.01062138041307703,
      -0.032860293551249475,
      0.4988093259883082
    ],
    [
      -0.5915292174772256,
      0.027553554222184334,
      -0.6482265951849682,
      0.7528011677693125,
      2.9018264740698645
    ],
    [
      -0.7218523427529447,
      0.4192586376838594,
      -0.7016860816220203,
      2.9513654241372227,
      -0.034824464262107085
    ],
    [
      -1.2588735573096004,
      0.6908821934202702,
      0.6061005257838195,
      1.7454212936494606,
      -0.3852345546747205
    ],
    [
      -1.0974688236101147,
      0.2572107282916485,
      0.9694781447662246,
      0.8454074741766999,
      0.2917625659184402
    ],
    [
      -1.2246422783956938,
      1.10136271132407,
      1.1281933423243133,
      0.040194338721044,
      0.8286048119480546
    ],
    [
      -0.9779065056115152,
      -0.2206402206031224,
      1.1877704940657496,
      0.843032108911859,
      -0.10245706903018036
    ],
    [
      -2.2171144465459167,
      0.44148236701143884,
      0.47189875399308706,
      -1.568274291539985,
      -0.5791275760799788
    ],
    [
      -1.2864259745508952,
      -0.1538820964867604,
      0.6970186321152123,
      0.8767590559203307,
      -0.05485834580700756
    ],
    [
      -0.6053118174449066,
      0.8652958540035732,
      -0.39146750387272683,
      0.5196718597166148,
      0.9406514443575373
    ],
    [
      -1.7476775610367494,
      -0.8072260247900787,
      1.0563308856841114,
      2.011471862769776,
      -0.17020202772794024
    ],
    [
      0.26381077405146214,
      0.46356307434922983,
      0.24789224425272421,
      0.7010223408313373,
      0.7356060673956616
    ],
    [
      -1.1418231898306164,
      1.974599150975003,
      -0.2902078915608239,
      0.2581736185775066,
      -0.22260038561106696
    ]
  ],
  "id": 11,
  "df": 5
}