{
  "mu": [
    -0.6234015310570965,
    -1.0106868270799765,
    -0.1314358382767353,
    0.12086237972631364,
    0.9663476418783178
  ],
  "x": [
    [
      0.08786437703211825,
      -0.529419296316877,
      -2.0075960152993715,
      0.5219663392595926,
      1.9437749273157323
    ],
    [
      -2.116772363651802,
      -0.38411554631492495,
      -0.041154734772051685,
      -0.2758757094912448,
      1.5956214806824232
    ],
    [
      -1.7349168347088146,
      -2.0553478187204623,
      -2.284499106528867,
      0.9049310594574994,
      2.0609923260419034
    ],
    [
      -0.5027454154034628,
      -0.4810248435284391,
      -0.7098013697167154,
      -0.29858523699044226,
      0.7199259791016668
    ],
    [
      0.11254589673679116,
      -1.44120799675324,
      -0.49527827803933533,
      -0.4519437059105442,
      -0.5570239229683563
    ],
    [
      1.0253826901669822,
      -1.043525356221304,
      -0.22862608384743632,
      -0.019400456895108997,
      0.6794602819024478
    ],
    [
      -1.6997925715465168,
      -0.5733733878988138,
      -1.4098040982584785,
      -0.14208114706824077,
      1.6211885740268932
    ],
    [
      -1.4710607615210871,
      -2.008147389669048,
      -0.8474651766602368,
      1.0851591600216346,
      1.8016769294036106
    ],
    [
      -1.1591669125272182,
      -0.30344288244928763,
      0.11170972891632391,
      -1.242290300133174,
      -0.22621465114433892
    ],
    [
      -0.32477258575894286,
      -1.9339621688798792,
      -1.3587654039967603,
      -0.9869589386225398,
      -0.40053860273047215
    ],
    [
      -0.5933568722483625,
      -1.8351931349307833,
      -1.102045488803332,
      0.211662954117194,
      0.8208303391424541
    ],
    [
      0.23651906112691146,
      -0.510230999052104,
      0.39802029115850945,
      -7.316490630591314,
      4.046693939980317
    ],
    [
      -1.202213044975758,
      -1.6029221514487721,
      0.7074222341874512,
      1.3218858959408664,
      0.43001421954194274
    ],
    [
      -1.0684142261193506,
      -1.0347103398298256,
      -1.6509994772531102,
      0.07111691929979227,
      1.5804124980128507
    ],
    [
      -0.6537914195891071,
      0.23653438277690464,
      -0.1796131543839705,
      -0.38559499092011706,
      -0.8202517838947468
    ],
    [
      0.218104573311652,
      0.13748801782259235,
      0.6733502887961869,
      0.7622479645509914,
      0.5704886346433253
    ],
    [
      -1.2823019793577668,
      -1.1387361356283194,
      -0.053924163997333865,
      -0.11425698941081075,
      1.8273996245103186
    ],
    [
      -0.5969885540385174,
      -1.1199523928208721,
      1.3794401994835905,
      0.7005812496058511,
      0.680720194583825
    ],
    [
      0.19593844980349617,
      0.3993335173297843,
      -0.8108535556625549,
      -0.9247526565811751,
      1.5935800931578918
    ],
    [
      -1.0561781418996332,
      -3.6234702097364657,
      -0.08345434605429325,
      -1.0504826233955398,
      0.9633367007019186
    ],
    [
      -1.2492077197005962,
      -1.253501768270719,
      0.16557621324209257,
      -0.07856960700653298,
      0.25206328959564217
    ],
    [
      -1.0633188598481393,
      -1.8297566708274298,
      -1.3395918618124403,
      -0.28067675955363647,
      1.768144638486421
    ],
    [
      0.2769698458352551,
      -0.9526781317178045,
      -1.1859471813553444,
      -0.4162198765836813,
      0.06823742042957004
    ],
    [
      2.0683734508276785,
      -1.8884211473860282,
      -0.058572857904493014,
      -0.2807685924070988,
      1.7116533789224002
    ],
    [
      -0.42131153920171577,
      0.29020209944466924,
      -0.3767874735720129,
      -0.3016544364058464,
      1.4567446669039246
    ],
    [
      -1.9621758417354247,
      -1.9943805356298998,
      1.4953131398425723,
      -0.32979911332651296,
      1.72447456750542
    ],
    [
      1.2460309386416903,
      -1.335404979919994,
      0.5818523797463331,
      -0.6448901529373685,
      0.6191008780636034
    ],
    [
      -0.6324296626129916,
      -2.9725817437459767,
      -1.8278152259639902,
      -0.12604713338985962,
      -0.0038058369399511793
    ],
    [
      0.2804099700721875,
      -0.5433820614067615,
      0.08512593308762709,
      0.5545682849649312,
      0.5705670699434164
    ],
    [
      -0.8302256739534675,
      -0.893515283088636,
      -0.5903310101239592,
      0.4269736355189368,
      2.656667658209908
    ],
    [
      0.579394245398052,
      -1.0409470477126805,
      -0.9037391548871941,
      -0.31947233125364843,
      0.513940543576937
    ],
    [
      -1.1086108848324132,
      -1.411031499333762,
      -0.32531651530053096,
      0.25042324631675295,
      1.250419404061231
    ],
    [
      -2.2012635357122443,
      -1.9325591588174347,
      -1.583666856354992,
      0.2819593364485654,
      0.8310238274685261
    ],
    [
      -0.3505422815399314,
      -1.1882561596594663,
      -1.001828277651733,
      -0.19628931534484345,
      -0.4212428388290733
    ],
    [
      -1.4959927929916153,
      2.183302971946792,
      -0.47218133454713207,
      0.5035566875685312,
      0.237468393725778
    ],
    [
      -0.9211947360561736,
      -1.3769617206464457,
      0.0873671375945348,
      -2.214991841001309,
      1.5792510986490467
    ],
    [
      -0.9394128827596604,
      -0.39621933164695766,
      0.10180319254284459,
      0.24487220241866658,
      1.5636229930567955
    ],
    [
      -0.10183154961735985,
      0.13281945288656627,
      0.34189545399859833,
      -0.3438249348231517,
      0.8189271715533214
    ],
    [
      1.7446736956161506,
      -0.9473285012549276,
      0.3557330337915213,
      -0.47216341102818826,
      0.8306938083404766
    ],
    [
      -1.5036712320598942,
      -0.13061526882149987,
      -1.5313329335323693,
      -0.501216614642601,
      -1.7305852344602801
    ],
    [
      -1.5623401369091419,
      -1.227634429121949,
      0.9306210105622807,
      0.12760513674160354,
      1.0035220090036268
    ],
    [
      -0.8747416542810633,
      -1.0445605453133795,
      0.5102793671309911,
      -1.0788553915490966,
      0.08108343373797322
    ],
    [
      0.344507979342803,
      -0.9586549902436564,
      -0.32457041299399525,
      -0.010098546927303442,
      1.2047102755938988
    ],
    [
      -1.5302858164768776,
      -1.365069125224697,
      0.7740858109446845,
      2.2510377594349738,
      0.554235683778188
    ],
    [
      0.374563635923462,
      -1.0256804240011745,
      1.0717145630458529,
      1.0803205072084374,
      1.2889316609320118
    ],
    [
      -0.2817096424663432,
      -1.7251293176352696,
      0.12853805422739198,
      1.19760616844369,
      1.2809664780124899
    ],
    [
      -1.0528354909942992,
      0.2926050731451344,
      0.6162148502457576,
      2.9599033232640357,
      1.3853473401332659
    ],
    [
      -0.5463420995992174,
      -1.0329349934277152,
      1.569523274344871,
      0.49557645566116576,
      0.7924426193383167
    ],
    [
      -0.8730326757719666,
      -1.2907121303705205,
      -2.238143371664783,
      -0.7918220622260297,
      0.5838606627423797
    ],
    [
      -0.02352722451246314,
      0.08248406926228857,
      -0.9028555631559518,
      -3.8284955925034723,
      0.8118497535780116
    ]
  ],
  "id": 17,
  "df": 5
}