{
  "mu": [
    0.46871846077828616,
    -0.3673988144449555,
    -0.7345115720423013,
    -0.5092441918237699,
    -0.6577061646804317
  ],
  "x": [
    [
      0.8369159244491529,
      1.2114019717668256,
      -0.28294658615333507,
      -1.4459110782664246,
      0.31469127251898443
    ],
    [
      0.5337117180918132,
      -1.1294582754261715,
      -2.041605759161437,
      0.4490702791551142,
      -0.4350384240307471
    ],
    [
      2.377158299069096,
      0.10339157848174707,
      -0.9875437184045599,
      -0.5326363151740885,
      -0.9897264141535853
    ],
    [
      0.02061229052443031,
      -0.2550652642334687,
      -0.7336929984105094,
      -2.101571860325261,
      -0.4999482938201124
    ],
    [
      0.6263720650563769,
      -0.9696947974441236,
      -0.05582071358198781,
      -1.490551361456626,
      -1.7427248836029103
    ],
    [
      -1.5583304080513996,
      0.4349603722501957,
      0.30080330245073317,
      -0.3039530809220089,
      -0.8312523649986082
    ],
    [
      0.06971605936547098,
      0.19805581579738796,
      -0.6045407575349966,
      -1.145756038529068,
      -1.9989101267121403
    ],
    [
      1.0195919902724317,
      0.9645215687955678,
      -1.418817294273046,
      -0.3493775955000977,
      -2.857512766863485
    ],
    [
      0.9676634790604502,
      -1.0379737418555173,
      -1.2128605861862223,
      -0.8583601982924864,
      -0.32567671422834205
    ],
    [
      2.1722960360471184,
      0.32819142260437717,
      -0.07556150637465531,
      -3.997541508677498,
      -2.175468068774354
    ],
    [
      1.3336235322073176,
      2.3803442317581016,
      -1.1928236619005377,
      -3.1097550813868713,
      -1.8456632107568876
    ],
    [
      2.9221874772176597,
      -1.8607483993672922,
      -0.29180285900026987,
      -0.23855417089231612,
      -0.43987704185983956
    ],
    [
      1.4931632258925829,
      -1.131071703168796,
      -1.4324927329982513,
      -0.497845016789708,
      -1.5179091364757193
    ],
    [
      0.533110388223984,
      -1.0092917633762641,
      -0.22638990398856662,
      0.22479130498641564,
      -0.02797073124701721
    ],
    [
      0.7265049906908652,
      0.41459804528104793,
      -0.8398602066078849,
      -1.3008609102998632,
      -0.22338574077306073
    ],
    [
      -0.798741149637558,
      -1.1829601504036757,
      -0.8890097978918781,
      0.8746458935752631,
      -1.211686274966995
    ],
    [
      0.2686597205099347,
      0.45780106126795106,
      -0.0034574520122002683,
      -1.9580851444035234,
      -0.5115112207390868
    ],
    [
      0.2282294437767883,
      -2.080790902729806,
      -0.5863200756527813,
      0.6283384287777684,
      -0.7604421964504937
    ],
    [
      0.4601606585165596,
      0.22654907285991477,
      -1.4336757808407135,
      -0.8004699037531264,
      -0.7667529626177569
    ],
    [
      0.7287093259982178,
      0.56412439166692,
      -0.7929153821483289,
      0.11537959538604259,
      -3.1769692490060857
    ],
    [
      1.4626722973343074,
      -0.040246252027793084,
      0.9959365147140592,
      0.23322902715701865,
      -1.5338901189493341
    ],
    [
      1.0193403810348496,
      -1.5529294317655893,
      -1.2554035831372827,
      -0.3540544817749969,
      -1.4933474322195857
    ],
    [
      0.703742226696716,
      0.7968591516008258,
      -2.606317842110237,
      -0.6559268911629537,
      3.622208044233226
    ],
    [
      0.5518156019666209,
      -0.22832327629338314,
      0.07594896917071048,
      -0.265722590165699,
      -0.04147868130807841
    ],
    [
      -0.2182546620060012,
      -0.42098945997349385,
      -0.7757426152504973,
      -1.7675962710288724,
      -0.5595522350251382
    ],
    [
      0.1254249241093982,
      1.523095033367066,
      -1.2903026092832146,
      -2.390777307535412,
      1.1920589706006552
    ],
    [
      0.30041950704532455,
      0.1667873484739738,
      -0.48539608885962177,
      -1.7865930729212063,
      -1.8844262191282475
    ],
    [
      1.152538565556302,
      -0.3924222461165886,
      -0.357084827730454,
      -2.0366801090209767,
      -0.8658083972472898
    ],
    [
      0.24082846970570912,
      -0.8915580865058013,
      0.35744843256492354,
      -1.4354501905187322,
      -1.4261508973610226
    ],
    [
      0.9830507521339619,
      -0.9073525655149067,
      -1.0691617564510925,
      -0.6141981628423033,
      -1.4371608064670238
    ],
    [
      1.0740041978291126,
      -0.49531972450700484,
      -0.6720970575808096,
      -1.5905875855953284,
      -0.6828286772806283
    ],
    [
      0.2567717696501181,
      -0.09491563935996933,
      -0.26749554160605815,
      0.4905451485771084,
      0.7440550635330357
    ],
    [
      1.770528252835783,
      -0.2734704130541878,
      -0.47007584759898435,
      -1.0050193259505167,
      0.17418493556253134
    ],
    [
      -0.23847470459844355,
      0.14875866381213398,
      -1.2185866625640633,
      -2.2479374719039087,
      -0.9047135864335696
    ],
    [
      1.2469877202466733,
      -0.9219623380560898,
      -1.1710898305906101,
      0.055517318759973455,
      2.373868092963073
    ],
    [
      1.2659442590585956,
      -0.6938309063088066,
      -1.4975986169712163,
      0.4208054743089207,
      -0.3636816839815716
    ],
    [
      0.7084724133198099,
      -2.4280741280855507,
      -0.5092312991483319,
      -0.07609820950663321,
      -0.3595672760374043
    ],
    [
      0.7300060884457436,
      -1.7831955345982267,
      0.615341132439358,
      0.03882703925119835,
      -0.019700796077098293
    ],
    [
      1.3776775318263472,
      -1.880250856071478,
      0.36136660796945874,
      -0.24845325406825103,
      -0.619813214295348
    ],
    [
      0.21507815865180735,
      0.30360202025141314,
      -0.6410152902176368,
      1.3869904228805097,
      -0.8120131861336463
    ],
    [
      -0.19747085099211337,
      -0.5181044447932153,
      1.2119684762004646,
      0.5760425000366965,
      -0.9437096262157223
    ],
    [
      0.04532433451974177,
      -2.1307384912462197,
      -0.4847635702876751,
      0.49723386636348776,
      1.1277244794899453
    ],
    [
      0.26500599643638084,
      0.9080539381654172,
      -0.6719209805932709,
      -0.5266811568240543,
      -0.8274773577069425
    ],
    [
      0.7491965525860615,
      -1.049351185968482,
      -1.1757532901447878,
      -1.20421582164087,
      0.03766706611337689
    ],
    [
      -0.6257963049574371,
      -0.31883373570585344,
      -0.2767641644119637,
      0.08266076424834845,
      -0.9024100380662319
    ],
    [
      -0.3565053913716658,
      -0.7221945134958784,
      -1.8536228300692206,
      0.4879122604307743,
      1.1702132876600762
    ],
    [
      1.55119813004432,
      -1.1395058839378116,
      -1.7316237757380173,
      -1.8764947024317808,
      -0.42554515988474134
    ],
    [
      0.27628235291554615,
      -0.10399029353728917,
      -0.28643674860862345,
      0.5147902262194185,
      -0.25160978423249836
    ],
    [
      0.2908496954529692,
      -1.8969206925310513,
      0.6827531939035266,
      -1.1631860162449916,
      -0.17380541137599598
    ],
    [
      0.40980924869955626,
      0.05484934512652129,
      0.23353989313051138,
      -1.13854450909094,
      -1.4165012246244169
    ]
  ],
  "id": 16,
  "df": 5
}