{
  "mu": [
    -1.538501350588825,
    -1.3963968768662005,
    -0.43795358843631044,
    -0.4097433401930461,
    0.026614731880604026
  ],
  "x": [
    [
      -1.3340257899620098,
      -0.2222536114303444,
      -0.8279916664839267,
      -0.6905842640760644,
      0.9467705057498137
    ],
    [
      -2.203622727553827,
      -0.06381558014006017,
      -0.18852715672708417,
      -0.2200647945156628,
      -0.032989029048215254
    ],
    [
      -1.6194112998956662,
      -2.8225647974365504,
      -1.1702366866627716,
      -1.1038997813627285,
      -0.1612551042549864
    ],
    [
      -0.8938154957186808,
      -0.4215253312018853,
      -0.9541696238121047,
      -0.770755464654332,
      -0.6111816709556849
    ],
    [
      -1.546708276927248,
      -2.489215887898089,
      0.344281479205413,
      -3.5959905339536262,
      1.223798006438274
    ],
    [
      -2.9201934677499395,
      -1.0414674968547817,
      0.8892408299876096,
      0.09271584773541858,
      -0.9848111952096315
    ],
    [
      -0.8167967571558082,
      -1.3676706351677799,
      -0.8831394545763345,
      -1.3355105885548846,
      -0.7627373735163073
    ],
    [
      -1.4940417818848033,
      -1.389125623577623,
      -0.4327125819435855,
      -0.48034161834233774,
      -0.7725341894421698
    ],
    [
      -1.45350438268738,
      -1.8451871265683077,
      0.5656184010675502,
      -0.3500909452780034,
      0.8877394621647611
    ],
    [
      -1.3844774186716968,
      -2.666403649171799,
      -1.252744939009629,
      -0.5184810286621503,
      1.669698212926739
    ],
    [
      -1.1265368989912015,
      -0.0184823763660098,
      -2.060274207406004,
      0.5914344977532795,
      -0.8323783405894595
    ],
    [
      -1.566662708400887,
      -0.3190841772439532,
      -0.8511957960278075,
      -0.6659451615337344,
      1.397516571143215
    ],
    [
      1.0116851992045153,
      -0.791461548262054,
      0.8652712908780189,
      1.5809639705990313,
      0.6294267618668914
    ],
    [
      -2.3380647616719874,
      -2.271625810427755,
      -0.09470491869797759,
      -0.46380455356829764,
      0.267324915960397
    ],
    [
      0.13649347503497045,
      -1.3051380052357222,
      -0.181355978744562,
      0.3083178786613015,
      -1.7483815874236033
    ],
    [
      -4.78650489651616,
      -2.3580854349767284,
      -1.3100485312709451,
      -0.25477556608625757,
      0.13268707341442862
    ],
    [
      -1.079922680222361,
      -1.8714033732349473,
      -0.6019137067332098,
      -1.0914765394029635,
      -1.5376980350596807
    ],
    [
      -1.3511558723934822,
      -0.6799034591202269,
      0.7800585844373258,
      -2.4483106512278137,
      7.495962923485152
    ],
    [
      -0.5526496283404833,
      -2.1679592202903177,
      -1.5087079906244805,
      -1.110565091183915,
      1.3567592104169393
    ],
    [
      -2.415193004492215,
      -1.5873811670141067,
      0.23636180356832998,
      0.3522187904387842,
      0.05595025392657012
    ],
    [
      -2.4302337869793273,
      -0.27416277779528353,
      -0.5113276279997376,
      -0.33414789739737627,
      0.22267822391315636
    ],
    [
      -1.8769768939722455,
      -1.232932841996167,
      -1.3961393574482273,
      0.7579199555538878,
      -0.46912117181823343
    ],
    [
      -0.9777974399384481,
      -2.264927640439042,
      0.2949159633138196,
      0.0842169320789582,
      1.4855906496433011
    ],
    [
      -2.984619850259378,
      -0.11835020414600494,
      -0.26096625851636246,
      -0.9038340394278463,
      1.0606626832664274
    ],
    [
      -1.127241450895871,
      -1.3332841355172012,
      0.1049609298875222,
      0.7795905515370758,
      -0.45412243573872074
    ],
    [
      -1.5784542852656607,
      -2.139736760492614,
      -0.7429704544876732,
      -0.04316553619686975,
      0.24155558369918637
    ],
    [
      0.6455861438722115,
      0.5789269123031184,
      -0.9916842455436532,
      -0.7588127530433836,
      -0.9715637442707042
    ],
    [
      -0.9612052041198591,
      -1.6461598380865077,
      -1.7208964580782833,
      0.3128675310233254,
      0.2671991022384772
    ],
    [
      -3.3789255415320856,
      -0.3429502307182073,
      -0.5873621053658683,
      -0.0018531577380565545,
      -0.8895341528461288
    ],
    [
      -0.7718841791824759,
      -0.4712186001348927,
      -1.1199168202775356,
      0.6311073565056515,
      -0.7179290534993935
    ],
    [
      -2.3224176305898587,
      -0.3994410423585739,
      -0.6978787410188036,
      0.8572703573632066,
      0.024161200492467394
    ],
    [
      -2.085049996546814,
      -1.306893231298458,
      0.9211548459502039,
      0.3636036943869136,
      2.3905934066720858
    ],
    [
      -1.4132508846153624,
      -2.584332999605324,
      -0.47729908773170016,
      1.1523572700682323,
      1.1881577504661116
    ],
    [
      -0.8994839641192438,
      -0.4115572407397442,
      0.6015904218997608,
      -0.37835440385680696,
      0.5155292108975279
    ],
    [
      -1.293567205169663,
      -0.6613651649394774,
      -0.702965873701752,
      -1.5293450203049437,
      0.18180303920011173
    ],
    [
      -2.3274049975914792,
      -1.0175932155427843,
      0.6447994684036822,
      -0.580763234996292,
      2.7775707084031325
    ],
    [
      -1.5519069142117912,
      -1.4588794778677565,
      -1.4926342560076977,
      0.10562394561824001,
      -0.6070483836752124
    ],
    [
      -0.29365018768936935,
      -1.830017300602084,
      -0.42077153368986375,
      0.5153494709618782,
      1.6505857976326412
    ],
    [
      -2.296883846827039,
      -2.337389775427115,
      0.059617946009330014,
      1.3018088653036177,
      0.9487886953286314
    ],
    [
      -1.2507711974022357,
      -4.295417035061521,
      -1.268390473421528,
      -0.23470698771716508,
      -0.8343437300369699
    ],
    [
      -1.2029051172468221,
      -2.1974312489119248,
      -1.1072359607946296,
      -0.5618358822009095,
      -0.7839336861162935
    ],
    [
      -0.747666941772329,
      -2.1601327176390335,
      0.9923381394072792,
      0.41939478919146683,
      -5.3550076001666325
    ],
    [
      -2.4385420554412587,
      -1.8482557639194406,
      -1.0031612259933882,
      -1.198049616446195,
      0.1476944311786481
    ],
    [
      -2.284189732654547,
      -1.7573704190782105,
      -1.3559041092086594,
      0.4530650349936411,
      0.422677279417182
    ],
    [
      -1.0240982919840271,
      -1.8584606861828425,
      -1.010149363189818,
      0.12300994603829346,
      1.8851599920980469
    ],
    [
      -1.6198489939958693,
      -1.199035430770104,
      -2.375005491500618,
      1.2454878391437698,
      0.5510776450930432
    ],
    [
      -2.247280152575684,
      1.3509570082024875,
      -2.5792882841301026,
      -0.909469760016778,
      0.06572682551916659
    ],
    [
      -1.350424452017412,
      -2.705274673516253,
      -0.07855334189481411,
      0.9553079876841764,
      -0.2787865706898828
    ],
    [
      -2.5655871714865017,
      -2.129418438230706,
      -0.6189346455872657,
      -0.9923864558608475,
      -0.7620252920827068
    ],
    [
      -1.2536642116987404,
      -1.4252701634437943,
      -0.15421042470836782,
      -0.0809806029475672,
      -0.09648751019760213
    ]
  ],
  "id": 43,
  "df": 5
}