{
  "mu": [
    -0.5469338122501287,
    -0.5136455410685726,
    -0.0038971325490018464,
    -0.997437316473922,
    -1.8194111672931579
  ],
  "x": [
    [
      0.9142106625237206,
      0.07753967389211058,
      -0.9913632028544292,
      -1.3353032421967217,
      -0.6121279269093276
    ],
    [
      -0.2562393167317923,
      -0.34406599840603014,
      -1.0499107361522095,
      -0.5615570359448134,
      -0.8927111433671618
    ],
    [
      -1.5002351763933828,
      -1.1890385660620948,
      -0.07214849064292322,
      -1.0959047516894422,
      -1.7711051919225342
    ],
    [
      0.728077355631973,
      -0.8513157680870256,
      -1.9889177081417693,
      -0.48770007628019374,
      -1.8991858426175003
    ],
    [
      -0.49783258409455855,
      -0.27578270128745264,
      -1.2096587013267917,
      -0.10241672525539858,
      -2.3689665893988585
    ],
    [
      -1.1803552155754662,
      -0.6401385380522553,
      -0.9390674546069726,
      -0.4824011451013629,
      -4.00077009835156
    ],
    [
      -1.2282580188929326,
      1.7059842789923367,
      -1.5445853217743375,
      -0.7614401554545396,
      -0.8600278659597144
    ],
    [
      -1.416549008637412,
      -0.14102883729702076,
      -1.0335394404511429,
      -4.425836330318328,
      -0.9511568696407116
    ],
    [
      0.8139933939917913,
      -0.11461438956639775,
      -0.053289299628646446,
      -1.4885043920443346,
      -1.9841141311704376
    ],
    [
      -0.7300443356321639,
      -1.207678957813641,
      0.9122297825161844,
      0.056504947481265444,
      -2.3477575920348555
    ],
    [
      -1.4861812819953462,
      -1.0739112145461926,
      0.8133854327514362,
      -0.5590480515947331,
      -1.9652546174335133
    ],
    [
      -0.7354241448029541,
      0.013320452951739892,
      0.08732506936190249,
      -0.6756796247769079,
      -1.232034152476455
    ],
    [
      -0.35911126773353663,
      0.22086685460727962,
      -0.3513026243429125,
      -1.156265561802489,
      -2.3708473796273553
    ],
    [
      1.7158944760146415,
      -1.1905844459004546,
      -0.39983881628149714,
      -0.7223438521838541,
      -2.3279460071327813
    ],
    [
      0.9494483740142617,
      -2.0359770348014377,
      0.28346753123616103,
      -0.7511530773903403,
      -2.8610722005117575
    ],
    [
      0.19879745341307065,
      0.1134240964055172,
      1.0959934016299755,
      -1.1134491527376222,
      -2.1000124546632444
    ],
    [
      -0.7871977790314535,
      -0.810679711379096,
      -1.2598132659989667,
      -0.8911423021703315,
      -3.6733914774958145
    ],
    [
      0.9044016601106614,
      -1.188803709010584,
      1.6769455137690983,
      2.1282060085693657,
      -2.0129925095059096
    ],
    [
      0.44882131124684155,
      -0.5140398679976494,
      -0.5309123872820908,
      -0.7733508878161445,
      -1.8907910338049647
    ],
    [
      -0.36254387797976734,
      -0.4624939492501228,
      -0.01587609415750443,
      -0.6455158835494486,
      -0.8001922792794052
    ],
    [
      -0.9914819679175984,
      -0.24709462174179664,
      1.31966958314187,
      -1.7695311181110578,
      -2.107045875641429
    ],
    [
      -0.04376442120668533,
      -2.031666650727467,
      -1.6424470997706793,
      -1.5846915858894293,
      -1.1270956624470232
    ],
    [
      -0.5134041578154673,
      0.20829357202768983,
      -0.5333872082432484,
      -2.4402881929108973,
      -2.1662357293722785
    ],
    [
      -1.5790839324576238,
      -0.8634988624539959,
      1.5314422545091126,
      -1.1970532795735886,
      -2.729071815173804
    ],
    [
      -0.7291199694843038,
      0.24678805069601173,
      0.653707212383888,
      -0.00811306188431049,
      -0.8955600851182628
    ],
    [
      -0.23063999800306534,
      -0.14281905297924086,
      1.4272960991892991,
      -0.26104423604861615,
      0.9163575987750849
    ],
    [
      -0.3362822282261406,
      0.42248241487762195,
      0.47529918820182077,
      -1.557801008617243,
      -2.347170737912476
    ],
    [
      -0.7742446621166761,
      1.7981017450818735,
      -0.3599320843137202,
      -1.9037368179094565,
      -3.7193955920432966
    ],
    [
      -0.14609026029445654,
      -0.8830123424106738,
      0.7198001696230896,
      -1.57058832701261,
      -2.442651815632851
    ],
    [
      -2.0623016969889516,
      0.20460058060303443,
      0.4079590603948563,
      -1.1879826605584252,
      -1.9317926852367262
    ],
    [
      0.7013465909559148,
      1.20725640108919,
      -0.0345379785793872,
      -2.020891020051361,
      -2.5063296437061213
    ],
    [
      -0.7577530569729924,
      -2.6923620933533234,
      0.013004824967199893,
      -1.4977151444621521,
      -1.8553659051960083
    ],
    [
      -1.1914843889921016,
      0.8570103202004816,
      0.9877909707525367,
      -1.7881567917037575,
      -2.5826497674293183
    ],
    [
      0.10193539700903564,
      0.5994835901912844,
      -0.6635452344526459,
      -0.22248890447460234,
      -2.029083824167229
    ],
    [
      -0.38347424448839623,
      -0.2757985156588011,
      0.669301957785217,
      -1.7950709402369243,
      -2.212851404186027
    ],
    [
      -1.0913816960965583,
      -0.9908861333428638,
      -0.1814815201644508,
      -1.3014739595646148,
      -1.0529583948475416
    ],
    [
      2.323324043253802,
      -1.23564272669956,
      -0.13137634144814989,
      -1.7113600886649878,
      -1.8190307846459386
    ],
    [
      -0.4745349649316496,
      -1.9191741851233677,
      -0.5517408763270124,
      -0.8967025507143065,
      -0.1776296612790249
    ],
    [
      -1.6424106673475634,
      -0.28360546325765795,
      0.007739748105336999,
      -0.8334626612978722,
      -3.834932823683223
    ],
    [
      -1.0292499580968957,
      -0.4392852461946543,
      0.39372987312292734,
      -0.5746663745089433,
      0.6736334891922209
    ],
    [
      -0.5688771494778183,
      -1.4963498333487193,
      1.0672719314968695,
      -0.1711270872882924,
      -1.4642104485490095
    ],
    [
      -2.2101729089165514,
      0.1020536657638399,
      0.7375556966704193,
      -1.0206581834383477,
      -1.3608491333961998
    ],
    [
      -1.871429486615642,
      0.041271052225868465,
      -1.0507384689334456,
      2.2045547481906906,
      -1.7939934729849667
    ],
    [
      -1.7766297328255667,
      -1.301217284311577,
      -0.41142077003893796,
      0.6836847061298418,
      -1.7664696798332218
    ],
    [
      -1.1914348480766934,
      3.1458068829648385,
      0.6611742135013227,
      -1.7488638310503346,
      -2.6054944990453195
    ],
    [
      -1.3605171863553998,
      -0.8412295514693722,
      0.36059371611471414,
      -0.8093096188924359,
      -3.4635093160625146
    ],
    [
      -0.2565729672086706,
      -0.260270501302298,
      -3.0968857670308534,
      -0.5156501171721886,
      -2.9727941323653577
    ],
    [
      -1.2374979531570167,
      -0.7448473807551823,
      -0.8301406435033475,
      -0.4403138292118648,
      -0.9015224319017917
    ],
    [
      -2.349809306312372,
      -1.1949059077009219,
      0.6075984541130329,
      -0.9430520023481705,
      -1.2176602065939233
    ],
    [
      0.8159652045140956,
      1.4732597126098672,
      1.2626352674331376,
      -3.64705352127553,
      -0.48102416292465033
    ]
  ],
  "id": 23,
  "df": 5
}