{
  "mu": [
    -1.0810300875226897,
    -1.1935153982056097,
    -1.3035695987349618,
    -2.0210345767789497,
    0.004625372852543219
  ],
  "x": [
    [
      -2.7048099590456642,
      -1.7321865973943316,
      -2.489748057343543,
      -1.919983825549838,
      2.227034469218731
    ],
    [
      -2.757681361510507,
      -0.6358346942280935,
      -1.877175847009004,
      -1.3213915404566374,
      1.4805255711746246
    ],
    [
      -2.957940875169764,
      -1.3616707863617017,
      -1.2834251198117885,
      0.7890542821633364,
      0.3612798302388275
    ],
    [
      -1.331456726549753,
      -1.8601273542307402,
      -1.2714932576345999,
      -2.4014390188158603,
      1.0160067270697317
    ],
    [
      -2.1137613399597934,
      -0.9316518219388662,
      -1.2488720549337646,
      -2.4961737524012495,
      -0.8718394010776409
    ],
    [
      -1.7647620075966428,
      -1.3473673017705046,
      -2.1131358374457787,
      -2.1921544806730644,
      1.108011427970991
    ],
    [
      -0.08452725451259091,
      -2.4449253230102537,
      -1.8330109094310867,
      -1.979456651756629,
      -0.16361450141500872
    ],
    [
      -1.104634728004653,
      -1.1944573645619851,
      -0.6459669121090749,
      -0.915268272419445,
      -1.6966105577435713
    ],
    [
      -0.3821395774657931,
      -0.7090082283310912,
      -1.774903668588842,
      -0.9417003324937123,
      -0.07395646278029638
    ],
    [
      -0.9032489394760863,
      0.6474907661853058,
      -0.13972618240956103,
      -1.3845029163451419,
      0.8285517389602945
    ],
    [
      -1.3994442790103243,
      2.5262278030718583,
      -0.3058315640922722,
      -0.7258862107857187,
      1.1247427417279872
    ],
    [
      -1.1419091418863594,
      -1.8635338660422867,
      -3.127648270693378,
      -0.15446286509046514,
      0.1380464072816309
    ],
    [
      -1.6317894287198214,
      -0.4221531583699081,
      -0.3477557420827595,
      -0.2343121542983011,
      -0.17727188721670595
    ],
    [
      -4.63417043293459,
      -0.3823173326062599,
      -1.9158467707178053,
      -0.5932745674568309,
      -1.2828076248826352
    ],
    [
      -0.7581133406670414,
      -0.61005573675242,
      -1.1554181556956655,
      -1.262587381037572,
      -0.06829884546881744
    ],
    [
      -0.1434990059757818,
      -0.20924120929668477,
      -3.576672784607111,
      -3.585844827940514,
      0.1420378835510389
    ],
    [
      -0.07996996964610004,
      -1.3844351856359092,
      0.11340179867571765,
      -2.55839272501467,
      -0.24077480552983105
    ],
    [
      0.8236620412158338,
      -0.9783058901573913,
      -0.42821535447851644,
      -2.2350404257473406,
      -0.07513541870438574
    ],
    [
      -0.8897843560216235,
      -1.3188086994229318,
      -2.6087048892942697,
      -2.0189690883077613,
      0.7321857138337973
    ],
    [
      -0.7718413217172574,
      -0.2851850674568793,
      -1.0348626005393196,
      -1.549790926257457,
      -0.6158582602366602
    ],
    [
      -0.1693854306668846,
      -1.0940203601093672,
      -0.6659302691603596,
      -2.9331516963151656,
      -1.1783971603786134
    ],
    [
      -0.6039106171086793,
      -0.7180246954734235,
      -2.0811946979084457,
      -2.459953938596229,
      1.052481409793074
    ],
    [
      0.5637600839412797,
      -1.622390202485233,
      -0.12209472758844941,
      -3.2472542589183884,
      -0.5122980579564229
    ],
    [
      -1.5421455333848066,
      -2.781642740151061,
      -1.9689884138293707,
      -4.312148266225341,
      0.4614782054070183
    ],
    [
      -0.9167451379127168,
      0.5617881136219731,
      -1.0700194044449782,
      -4.955535634702487,
      0.7299653212377029
    ],
    [
      -1.376594836211893,
      -1.0503818649043823,
      -2.300620627778211,
      -0.704721369174587,
      -1.7377026429619413
    ],
    [
      0.1602004467286804,
      -1.7081502991251272,
      -1.2347517869334006,
      -1.9181537646593012,
      -0.9420267860710854
    ],
    [
      -0.6348560313373963,
      -0.309854708602895,
      -0.9809100592171185,
      -3.3637355002231994,
      0.9229604991813931
    ],
    [
      -1.4490481304567675,
      0.5280383471622008,
      0.5323761113596701,
      -1.159632667452923,
      0.4654677637132285
    ],
    [
      -1.664954108718153,
      -1.6292234350834118,
      -2.4319906862034073,
      -2.213774017057233,
      1.8182133024050642
    ],
    [
      -1.0164989952208212,
      -0.6628737258437919,
      -1.454674856441102,
      -3.0110591115198364,
      0.4103944246555715
    ],
    [
      -3.331142210632985,
      -2.424119036376651,
      1.507335436770327,
      -2.9189694851599017,
      0.35933365795977795
    ],
    [
      -1.7581119721694285,
      -0.7651812690733703,
      -0.9103006221053238,
      -3.773282940905472,
      -0.5976757358382501
    ],
    [
      -1.1298986630825998,
      -1.2737118695675,
      -1.5036570465142058,
      -1.5516008764551745,
      -1.1766554160270548
    ],
    [
      -1.2480454920019233,
      -1.5036452355938994,
      0.7740949577548382,
      -3.4451045567889684,
      0.8413184505112699
    ],
    [
      -1.9851202485377977,
      -4.488650883183194,
      -1.2502548578911388,
      -0.7851335626845282,
      -0.31112837121733833
    ],
    [
      -1.4665219285603643,
      0.0008821590609098262,
      -1.7035686629526705,
      -0.44642663313139974,
      1.0547321629650508
    ],
    [
      -1.2826720090570871,
      -2.3687965742143584,
      -2.3749321476150635,
      -2.0977100314255237,
      -1.678470087950872
    ],
    [
      -1.7498767481275712,
      -3.648666556413936,
      -2.266876073311793,
      -0.699241119018855,
      -0.8148389810810823
    ],
    [
      -1.0943985789163369,
      -0.7217133206291575,
      -0.4652368003190338,
      -1.9795256239324701,
      -0.10142176319364535
    ],
    [
      -0.8312518845916823,
      -2.30907068362528,
      -1.3913086133423245,
      -1.7695347112211324,
      0.6841250169783011
    ],
    [
      -0.38904960217153417,
      -1.3044870012484,
      -1.495046298957933,
      -2.630878635840316,
      0.07440797637635564
    ],
    [
      -0.3097346411637699,
      -2.3204573411295675,
      1.9166464703249482,
      -2.815333299713456,
      0.3307695020610562
    ],
    [
      -2.2188766922746144,
      -1.3540308095562763,
      -0.9920795989064326,
      -2.22329963562412,
      0.5017261420419044
    ],
    [
      -1.4400471170883469,
      -1.7468293850767624,
      -1.8074936905570875,
      -3.0660942456531095,
      -0.06164894483756535
    ],
    [
      -3.1393005525466546,
      -1.0308668628505344,
      -2.1575195131800013,
      -1.9233111373879428,
      0.08448377626842267
    ],
    [
      -5.127805851825477,
      -3.228652487746274,
      -2.9815017478736356,
      -1.3879429979551787,
      0.4121528694433578
    ],
    [
      -1.0868050744485966,
      -1.538093632170932,
      -1.7345891072063557,
      -2.7169656163470544,
      -0.044919794307223496
    ],
    [
      -0.6701674090087615,
      -0.04295897995436593,
      -1.761560490202238,
      -0.7249793191189629,
      -1.840024709327569
    ],
    [
      -2.238912282557224,
      -1.0043006839981206,
      -1.0973265172139977,
      -6.515712084104491,
      0.3000725405899632
    ]
  ],
  "id": 44,
  "df": 5
}