{
  "mu": [
    -1.8070399973291105,
    -0.5463414371162023,
    1.817719434897967,
    -1.8655268157475424,
    -0.5584181511233205
  ],
  "x": [
    [
      -2.0016037595874208,
      0.0707940478357818,
      0.3530754525989439,
      -4.28843961359696,
      -0.35424552031027745
    ],
    [
      -1.306980568581027,
      -0.23390166505585586,
      2.1115928193532003,
      -2.22022424860892,
      -1.2713401924370102
    ],
    [
      -1.058600657962324,
      -0.054728318611819204,
      1.9381701515489733,
      -1.2480383951806178,
      -0.7358724829700486
    ],
    [
      -2.158153248059653,
      -0.4081197835708286,
      2.1247834700767707,
      -2.3910598371897294,
      -0.10493227959767942
    ],
    [
      -2.9586028061836704,
      -0.37575569527191466,
      1.8446029915558348,
      -1.726004053833358,
      -1.1788292103365903
    ],
    [
      -1.5728532589151498,
      0.5111328280342982,
      1.856285287179672,
      -1.4168293514666317,
      -0.7007320234483441
    ],
    [
      -1.409828355891707,
      -0.03016124448434443,
      2.9346451113359557,
      -1.9790263161343062,
      -2.469055780857051
    ],
    [
      -1.8483074508007744,
      -0.42696501044136115,
      1.5103956760719783,
      -1.522101715469494,
      -0.4159213625252147
    ],
    [
      -1.3208073930545043,
      -0.855207535955887,
      2.407808987086513,
      -1.8170925463234278,
      0.46148003006341687
    ],
    [
      -1.2895814690730774,
      -0.17131872911815643,
      2.2014546108895914,
      -0.07934894309925955,
      0.5930609031399235
    ],
    [
      -1.7322655485282008,
      -0.24232157440473406,
      -2.8810178500801733,
      -2.4430795480527228,
      0.0309037805014567
    ],
    [
      -1.079322668000989,
      0.15881470402625275,
      1.8246713294379417,
      -0.5076942890701059,
      0.37160904722241106
    ],
    [
      -2.594877255688559,
      0.3333907965189774,
      4.450756754236371,
      -2.9305368781754995,
      -1.876523670826197
    ],
    [
      -1.8219473304665648,
      -0.7058875440850936,
      2.920312768179522,
      -2.3250534467902244,
      -1.8717032135371068
    ],
    [
      -1.2686833612028021,
      -0.5923542322234471,
      1.8262319246869034,
      -2.4494931714504333,
      -1.1395104346725544
    ],
    [
      -1.5318618508155546,
      -0.237899446969835,
      0.9884331186604945,
      -1.2792407432012673,
      1.4121128583802092
    ],
    [
      -2.1903364373454393,
      -0.5507431068925668,
      0.3977953203428912,
      -1.7553483041660967,
      -0.8608121528711795
    ],
    [
      -1.2157283225638882,
      -0.14098009484615476,
      3.002244224251846,
      -2.045104547340916,
      -0.775580289574286
    ],
    [
      -1.4941719777045448,
      -0.2851067860503376,
      1.2151549460545117,
      -2.4597066989520435,
      1.7981378903863336
    ],
    [
      -2.965469379337919,
      0.24821534287616942,
      3.367263785465758,
      -1.3969069436278496,
      0.4295610524175746
    ],
    [
      -1.429792195010552,
      -0.19533410414470226,
      1.894675110627423,
      -1.7335619920387648,
      -0.7926999434620132
    ],
    [
      -0.6541762139738112,
      0.28480838315843016,
      1.6752770765072744,
      -1.175638880468552,
      0.14386754307567529
    ],
    [
      -2.2186407006054547,
      -0.3614530703343086,
      0.01829532163955805,
      -3.067450051528282,
      -0.9355006042125801
    ],
    [
      -2.3268944222195636,
      -1.0660388802050815,
      2.7384600907516323,
      -1.7583507418947544,
      -0.7591493524635435
    ],
    [
      -2.3251507113771317,
      0.9904472338073969,
      0.08325491549854558,
      -1.7222696761036482,
      -0.796794849063924
    ],
    [
      -0.822423045731305,
      -0.7419699905633512,
      1.850609856399497,
      -0.9323760688374572,
      -0.14528719348380315
    ],
    [
      -3.0857313347345894,
      -0.013495764459490966,
      1.7685090333674252,
      -3.8473840856280193,
      -1.3937888345799823
    ],
    [
      1.10261041007767,
      -1.505968285449719,
      2.948499481907519,
      -1.5865586837040788,
      -1.1396165529331603
    ],
    [
      -1.1282227168967665,
      -1.1985189566552403,
      2.404756966020844,
      -3.1764863073802414,
      -1.3183713195389637
    ],
    [
      -1.7993855521214128,
      -0.16207738842507208,
      2.006973877809603,
      -1.8279621547126523,
      -0.9276455668197291
    ],
    [
      -2.0499420469361582,
      0.8585437717262354,
      2.8038343129722243,
      -3.5238023820295874,
      -0.653151830706013
    ],
    [
      -1.525531731029002,
      -0.25520472467195965,
      2.9452453023531158,
      -2.0219471584922313,
      -0.21967928484706406
    ],
    [
      -1.020323198628016,
      -0.5502845909488202,
      1.5701241548582678,
      -2.514924396499774,
      -0.18847586790030008
    ],
    [
      -3.462436115520739,
      -2.235278342415426,
      2.03647485764739,
      -1.9969447319014306,
      0.11107868081632222
    ],
    [
      -1.6605930287511839,
      -0.7879275029772075,
      0.9132786849168516,
      -1.8347042754008662,
      0.03572359248723056
    ],
    [
      -2.386824689026053,
      0.7535308190485743,
      3.1619806848587655,
      -2.6564977693906857,
      -0.41308472886527736
    ],
    [
      -1.4409521388664648,
      -0.7807968219269859,
      2.6796432260328915,
      -1.878017580696884,
      -0.6355876340584782
    ],
    [
      -1.8956107885005196,
      0.5975583119762895,
      1.1004330134906644,
      -2.135623273440157,
      -0.8561811584136021
    ],
    [
      -1.3293464714835341,
      -2.3881250875946414,
      3.045700674502859,
      -2.2950888849386732,
      -0.5572350243182217
    ],
    [
      -1.5202295348645167,
      -0.3250983118986278,
      2.1475100841898427,
      -3.5244403530200663,
      -0.21274907434332707
    ],
    [
      0.12357043453019112,
      -0.5871510938812101,
      2.4536646730624248,
      -0.9072713476067025,
      -0.5427938197865573
    ],
    [
      -1.3977222714993383,
      -0.052794694563819966,
      1.8371693408320722,
      -2.6372664516347006,
      1.5723582157536224
    ],
    [
      -1.766374848745725,
      0.15178933013580198,
      1.5121952146976105,
      -2.0342798625320273,
      1.2813479359847149
    ],
    [
      -1.881370161365084,
      -0.8311496542904206,
      1.697590697620303,
      -3.118107881767373,
      0.29953215541325173
    ],
    [
      -2.3592190424300403,
      -0.38791552776462324,
      2.2426998360735984,
      -0.5296301909534682,
      -1.4208441610269213
    ],
    [
      -1.7750270321277442,
      -1.2427064020343783,
      0.0782910396926455,
      -1.8481481754167355,
      -1.379976823303811
    ],
    [
      -2.1790235187088873,
      -0.7429174999415193,
      2.1370495784253363,
      0.03335524886613772,
      -1.2807775873517233
    ],
    [
      -4.709352117151418,
      0.4470165356882312,
      1.7011477594087183,
      -2.0371509478838288,
      -0.5917956579582635
    ],
    [
      -0.36690419895100557,
      -1.3652591972516142,
      1.7282839716086627,
      -1.3154734371720198,
      -1.7433154601784966
    ],
    [
      -2.627238994784871,
      -0.6199177705632416,
      1.0262215306703262,
      -1.898331707459906,
      0.35880360053739835
    ]
  ],
  "id": 7,
  "df": 5
}