{
  "mu": [
    -1.6170833991495535,
    -1.40776752207023,
    -0.7892267688291138,
    -0.8941653644931475,
    0.9018246910912613
  ],
  "x": [
    [
      -0.9613786683173239,
      -1.370585379236868,
      0.7164457218839643,
      -0.44257946944122656,
      3.213052871823553
    ],
    [
      -1.3155821651291653,
      -1.35608804162578,
      -1.257482891322844,
      -0.14494276710833343,
      1.308246508635286
    ],
    [
      -2.200350507742841,
      -2.5382161676990043,
      -0.9991270303255504,
      0.21480813174793134,
      1.2801345005146425
    ],
    [
      -0.696605850937257,
      -2.9310354545138733,
      -0.9448820666508243,
      -2.123614133152458,
      1.0839193699426861
    ],
    [
      -3.0183074522338122,
      -2.729755143295205,
      0.43500282159076276,
      0.6995128364148173,
      0.9256752899752189
    ],
    [
      -0.5899714603944817,
      -1.3616994259028006,
      -0.5953125538387983,
      -0.9332358678912754,
      0.9558900781150543
    ],
    [
      -0.9093294621142064,
      -1.0705536794283832,
      -0.7197829560033693,
      0.6267049660792243,
      -2.2933655983051553
    ],
    [
      -2.9579237573651573,
      -2.758110008677795,
      -1.036180400662255,
      0.15061163161075064,
      -0.15947074851723375
    ],
    [
      -1.7779769608805043,
      -1.6622072137406068,
      -0.035195672181263515,
      -1.7579205515994527,
      0.1889628155762697
    ],
    [
      -4.286021776511936,
      -1.0217251558908287,
      -0.1080347340256651,
      -0.573463738056371,
      0.4249915325811355
    ],
    [
      -1.0493471650851582,
      -2.1281387576644155,
      -1.812279319935664,
      -3.1083316251792903,
      0.5404237497309159
    ],
    [
      -1.218367889818314,
      -1.8824595181886976,
      -0.3505211559205869,
      -0.2923321988949097,
      0.26106541725711174
    ],
    [
      -1.4369598968357187,
      -2.6560408396846222,
      1.4939782392472325,
      -3.3931915231911693,
      -0.428200465131628
    ],
    [
      -0.8712623157856397,
      -1.5305408867238908,
      -2.385779923794586,
      -1.3430844221662297,
      -1.6160326409711094
    ],
    [
      -2.697885282371309,
      -2.0116920728792524,
      -0.5046696801608317,
      -1.9828811869226222,
      1.3348262247264975
    ],
    [
      -0.728182022652778,
      -0.795264003921049,
      -0.17695695125500877,
      -1.8728932748347322,
      1.561704935805818
    ],
    [
      -1.307168945914207,
      0.26681538310960495,
      0.5166215728496476,
      -1.720587176783911,
      1.5335460134099823
    ],
    [
      -4.507550933431464,
      -0.8975513810893474,
      -2.480384259890502,
      -1.059972624340951,
      1.0371163554846106
    ],
    [
      -0.8326162091335048,
      0.9373398710351069,
      -0.04381436127837923,
      -1.4196521491733884,
      1.4505232864483038
    ],
    [
      -2.5758784781098254,
      -2.230399802597802,
      -1.851734997409558,
      -0.5048560404155894,
      -0.7649922783365242
    ],
    [
      -2.713825575703554,
      -0.755482722593141,
      0.05740851429362337,
      -0.29326357696100336,
      -0.14200648829970963
    ],
    [
      -1.0073793912271847,
      -0.9739283322949297,
      -1.4194629959946354,
      -0.9506558302658754,
      0.9578566367281935
    ],
    [
      -0.8383622165838964,
      -2.186645498732902,
      0.6577261213151654,
      -0.6099984102092424,
      1.491856846821738
    ],
    [
      -1.1236440458469803,
      -0.7844597986953731,
      -2.300340991197783,
      -1.2354995905570942,
      0.12511348656650734
    ],
    [
      -2.3975606874945936,
      -3.19980518970503,
      -0.32027652246826516,
      -1.24527820888142,
      0.5520969429504612
    ],
    [
      -1.4712840664498494,
      -1.349091803496253,
      -0.9716018487033026,
      -1.6180718654909698,
      0.4654442018925065
    ],
    [
      -2.0686811330727797,
      -1.9979194637656794,
      -1.1878009677801682,
      -0.08277440003258352,
      -0.1227628725244243
    ],
    [
      -0.8746077449233236,
      -0.7503709622851434,
      -1.9151040510032167,
      -5.202238314099852,
      0.43725636051567185
    ],
    [
      -2.326125680587192,
      -1.0665602680260466,
      -1.5166495196148455,
      -2.302368652492649,
      1.7872439793770933
    ],
    [
      -2.4254245088592232,
      -2.4191907468873834,
      -3.2340297844679187,
      -0.8400619054516933,
      0.0737433261553625
    ],
    [
      -3.1291477850357077,
      -1.627319948884349,
      0.6451397211753368,
      -1.9569753643935914,
      1.2118282624705943
    ],
    [
      -1.9763799324468139,
      -0.8889962164247175,
      -0.7281301183813917,
      -0.837218014171876,
      1.2406884701098164
    ],
    [
      -2.7751527827455216,
      -1.8593401160730276,
      -2.360835182242712,
      2.0195222437997966,
      -0.6599845248239748
    ],
    [
      -1.7324570785071087,
      -1.4820596575602687,
      -1.1094323055910942,
      -0.7369166240805638,
      0.3924926702634266
    ],
    [
      -0.2955873163844773,
      -1.9740330529319223,
      -2.694563776139957,
      -3.2549083534361287,
      -0.5195609004605888
    ],
    [
      -1.139989942104175,
      -1.2219009050327037,
      1.4344996842739284,
      0.5360406848080235,
      1.3622427499006138
    ],
    [
      -0.614981626489054,
      -1.9556500276844437,
      -3.3569620335134265,
      -0.7183055462237874,
      -0.059694532031523195
    ],
    [
      -2.1376683520173025,
      -1.6126527678122307,
      -0.8908054462441809,
      0.05279322023690913,
      1.8058108812726452
    ],
    [
      -0.561876794895017,
      -0.7334282735768186,
      -0.6994338366950689,
      -1.7236934934628274,
      1.1630135959152235
    ],
    [
      -1.408189449136396,
      -0.6253678576027134,
      0.4386791568940739,
      -1.6587207490469429,
      1.0058001432061525
    ],
    [
      -2.2705507357657684,
      -0.7402192341276765,
      0.16412485059568194,
      -1.0588515792776059,
      0.5962023333576416
    ],
    [
      -1.6584154180735462,
      -1.219215710846823,
      -0.9439422800822523,
      -0.5984343194862842,
      -0.32610553267224907
    ],
    [
      -2.066661428134359,
      -1.539966428390561,
      -1.1395586522940417,
      -3.1638812593947554,
      0.13538304907987575
    ],
    [
      -2.0530780259185555,
      -0.5477540746205267,
      0.7834246435054036,
      -0.48178191315337027,
      -0.8719771154825304
    ],
    [
      -0.9538073272800217,
      -2.0555885722863927,
      -0.08961321304947656,
      -1.9912175475462133,
      2.031737854331146
    ],
    [
      -1.02355430178817,
      -0.9034064450070255,
      -2.7761068983677326,
      0.3193111311188144,
      0.8979171236485386
    ],
    [
      -0.8990483550005088,
      -1.4630797069663162,
      -0.8199647848182623,
      -1.3149761942488176,
      0.48626431563864403
    ],
    [
      -0.43791537837624017,
      -2.2592072077100838,
      -1.6844658422664818,
      0.5181439306310514,
      0.05046546491027204
    ],
    [
      -0.8823684528000679,
      -1.2184367694805789,
      2.8230685953456214,
      -1.1719579454643614,
      1.2570463607139555
    ],
    [
      -0.9908866951364765,
      -0.2133736946307534,
      -0.36054006583585685,
      -0.8190295081462322,
      -0.3461411159424086
    ]
  ],
  "id": 2,
  "df": 5
}