{
  "mu": [
    0.1777844246115445,
    0.44531694922265613,
    1.749866669486134,
    -1.306764636629629,
    -2.4487061862454564
  ],
  "x": [
    [
      -0.12406344382008686,
      1.2572508434902798,
      2.19622198433024,
      -0.8428215525500298,
      -0.9077497293771319
    ],
    [
      0.6822197116484209,
      0.5503487241351801,
      1.7861744510487125,
      -0.7026601437975964,
      -1.1650598465261672
    ],
    [
      0.3686272028020309,
      1.4044665883072809,
      2.665478206691563,
      0.48636786886420613,
      -2.075251793692463
    ],
    [
      -0.8068509620643216,
      -0.05358974686381951,
      0.8755574450319927,
      -1.8424539269060656,
      -2.3581535720900106
    ],
    [
      0.22192209000596086,
      1.4101843133287222,
      2.8412271781681966,
      -0.10818917041918863,
      -3.0454949966505658
    ],
    [
      0.13121009354550162,
      0.5112553289490959,
      -0.012087326778535967,
      -1.5639458272670996,
      -2.615944543199229
    ],
    [
      0.2997432996907305,
      1.0631462769935816,
      1.8026614212558036,
      -1.3272255667030817,
      -1.7982575875659221
    ],
    [
      0.18850102011994616,
      1.2897033825598772,
      -0.020533114700576727,
      0.34114563695395983,
      -4.016980506425384
    ],
    [
      0.25758918033142897,
      -0.030732150612836406,
      0.7893012933354654,
      0.46279745336998324,
      -2.334840140370062
    ],
    [
      0.3303979403594375,
      0.16305361831214799,
      2.970092217948748,
      -1.2523116009435813,
      -2.227872888422421
    ],
    [
      2.490959172488501,
      0.28362500552572323,
      2.3033312923623925,
      -1.4531694621615852,
      -2.735653597902662
    ],
    [
      -0.9778694737859577,
      1.2099674501683753,
      2.3301972592976714,
      -0.9682413293670773,
      -3.1495645662914367
    ],
    [
      0.2767021478607833,
      0.5635730062480864,
      3.102202271368477,
      -0.6296244709795125,
      -2.351071759675543
    ],
    [
      0.7160037253017882,
      0.9938048684814196,
      2.8828660751887005,
      -0.5761955456204757,
      -2.749074631361941
    ],
    [
      0.37336661258687276,
      1.3383266982509756,
      1.265760262238782,
      -0.31097871638393315,
      -0.5120367713558258
    ],
    [
      0.05928547525206586,
      1.203936608763003,
      0.2219783957105148,
      -1.0882603433758555,
      -4.421700320379023
    ],
    [
      -1.0935983870180912,
      0.31696102475638,
      1.9469056380556735,
      -2.2541812733137006,
      -1.921570212096296
    ],
    [
      -1.842398106185612,
      2.1170336467740434,
      0.20364707620707856,
      -2.043254069258523,
      -2.414008486356697
    ],
    [
      -0.6125916972111951,
      0.25053843051527946,
      1.6203149208896293,
      1.6253506047574329,
      -2.7564997058004588
    ],
    [
      0.06344439326744364,
      1.7695513734570827,
      2.498752397769278,
      -0.8314680287398001,
      -6.135633336755668
    ],
    [
      -0.3909601270325752,
      -0.6992748280797834,
      1.5177292754953016,
      -1.6696417073780012,
      -2.5867106694018855
    ],
    [
      0.6704157979955214,
      -0.08652610618662177,
      1.673852752546558,
      -1.7916212156936797,
      -3.0873135142649284
    ],
    [
      -0.39940984784450484,
      1.355483456563714,
      3.7120389855397957,
      -1.8468061622709069,
      -3.0916525822062124
    ],
    [
      0.23778573107030307,
      -0.8336655930280272,
      2.6418918001689877,
      -4.278159832887625,
      -2.3823379977935324
    ],
    [
      1.2090241793794663,
      1.0873347987300885,
      -0.26019635791614526,
      0.1482884013541197,
      -2.4972122004831436
    ],
    [
      1.7720126686443898,
      -0.09553449197400782,
      2.529336863679096,
      -1.723291000151977,
      -2.051994394046166
    ],
    [
      1.3326345156342385,
      0.39824603063353003,
      3.3750135102234893,
      -2.2114080825206104,
      -1.6990864233784428
    ],
    [
      1.0192556657820013,
      0.5410285495079504,
      1.4803411809674676,
      -3.319769997786019,
      -2.964619627761521
    ],
    [
      -1.5649288928833938,
      -0.5904575977602287,
      1.1904689756108027,
      -0.655041726906265,
      -1.4914742263438394
    ],
    [
      -0.379578191370329,
      0.8390432883508756,
      1.9735682372495678,
      0.08475185440093425,
      -2.5040599332708235
    ],
    [
      0.035347301483913046,
      1.122448139659764,
      3.4833808756876645,
      -0.5353573614445261,
      -2.0358505443800823
    ],
    [
      -0.4758237318301948,
      -1.332343587951817,
      3.037435818475787,
      -3.015491204298863,
      -1.3034667380051905
    ],
    [
      -1.5009473630870103,
      0.4875883083995783,
      1.119469122684053,
      -1.1145932699976413,
      -2.702153543846208
    ],
    [
      -0.04915316555060609,
      0.2823513554803099,
      1.7686134685229324,
      -1.0775676011694897,
      -1.134463839475412
    ],
    [
      1.432967131167206,
      -0.09013937655535059,
      1.861344405340595,
      -0.586904453264946,
      -1.976640728671639
    ],
    [
      1.0217242666529973,
      0.23274303599354698,
      1.246533864114665,
      -1.5159082555960137,
      -2.0733667156945503
    ],
    [
      2.47434470807468,
      0.7916520815746829,
      0.6119060562146956,
      -2.550584884438809,
      -4.9882710283231235
    ],
    [
      1.8559514328506805,
      0.1023376675442716,
      1.7064657829597205,
      -1.7775356341734012,
      -2.1647032248326985
    ],
    [
      0.276034389129489,
      0.1613814095599776,
      2.7934378629499603,
      -3.0572658681614766,
      -3.119000924619038
    ],
    [
      0.6361735253908398,
      1.814937932565284,
      1.6507063240520088,
      -0.6117929304626331,
      -1.7732270576918254
    ],
    [
      -0.12348507604016637,
      0.2048134178815045,
      2.0375990728669597,
      -1.4659067977447915,
      -2.637655051019549
    ],
    [
      -1.7689924512697937,
      2.285250279890428,
      1.9049901384517827,
      0.23014361080922452,
      -1.7784871107773907
    ],
    [
      1.3986131895005554,
      1.8125570564234104,
      4.061384149715016,
      -1.7130632402200692,
      -2.2954218047605117
    ],
    [
      -0.71954474095484,
      1.179711624435149,
      2.3014746528125114,
      -0.7389175583718308,
      -3.4537414998052145
    ],
    [
      -0.44394606722235186,
      2.4620921857265503,
      1.446760248331493,
      -0.7065188096791588,
      -2.818296609174773
    ],
    [
      0.503769848953856,
      0.5357336075417821,
      2.100254244416583,
      -0.7202486046978285,
      -2.1793799241792637
    ],
    [
      0.22388212824595038,
      1.0986056304842684,
      1.9801123132720257,
      -1.0709633586553342,
      -3.3064071779590627
    ],
    [
      0.5826747869566612,
      0.7089533336646139,
      0.7198426917097065,
      -2.2571310558037823,
      -1.59031113060407
    ],
    [
      0.7372794156126997,
      0.5592171508585907,
      1.4421685452755917,
      -1.0232868553335535,
      -2.621586765692201
    ],
    [
      1.052970993974709,
      0.2806567056848017,
      1.48384352613807,
      -1.9927274933456967,
      -1.8993119973962207
    ]
  ],
  "id": 27,
  "df": 5
}