{
  "mu": [
    1.8923088272843231,
    0.8650325326711555,
    -0.8130041458658158,
    -1.6183716442383478,
    0.2882057049543623
  ],
  "x": [
    [
      0.32256123974642126,
      -0.1811738616924382,
      -0.9995936628568736,
      -2.6475440458796244,
      -1.1179774683404893
    ],
    [
      1.995812260873047,
      1.6136980539535857,
      -1.4547931306660573,
      -0.6303043196599429,
      0.006818387549639371
    ],
    [
      2.3013684100047174,
      0.21130904633849423,
      -1.3516167563041859,
      -2.380157126253046,
      0.14019761329858196
    ],
    [
      2.170460364136597,
      2.327455051673071,
      -0.7372857117353686,
      -1.8316432737748718,
      0.3896078921356882
    ],
    [
      2.5220518060041734,
      1.0709549654415942,
      -1.204640348391625,
      -0.46035689133916313,
      0.6619967844223646
    ],
    [
      0.9395348012941631,
      2.637069120781908,
      0.05628397219252723,
      -1.8496489326024805,
      0.3881652004120819
    ],
    [
      1.9241170418714701,
      -0.15422139258074907,
      -0.8397848641479594,
      -0.4616138962437919,
      1.360654064861713
    ],
    [
      1.8465606375636412,
      1.1419111698150237,
      -0.4830769800823683,
      -2.267629322141565,
      -0.04425991253455763
    ],
    [
      0.8758937937323641,
      0.23939420404918565,
      -1.0585826836740897,
      -2.1725404215892006,
      -0.3992233196848059
    ],
    [
      -0.6227383379484892,
      -0.3699484353760011,
      -1.7789943461396045,
      -1.9968325280464017,
      1.1224445284855584
    ],
    [
      1.3167750128789366,
      2.4898008363753408,
      -1.3730608631145325,
      -3.4469296240776273,
      0.9409814976125854
    ],
    [
      4.37295989737008,
      1.4004322977522654,
      -2.3329084797233315,
      -1.6552356891115936,
      0.1152036274571466
    ],
    [
      1.4416507551767155,
      -0.2840479035288562,
      0.28475244903031005,
      -3.1803100917333653,
      0.45933739781127875
    ],
    [
      2.22456230419022,
      1.2693972087084182,
      -1.7986097920387887,
      -2.5715644722045945,
      -1.018974526363438
    ],
    [
      2.3972535004555366,
      -0.7339629631739214,
      -0.8785934763808606,
      -1.4349019510496215,
      0.46562957079262607
    ],
    [
      1.3771125269437352,
      1.2928871754390077,
      -0.034418609110102416,
      -1.4204078743782709,
      1.1272324390821449
    ],
    [
      2.3909554889778843,
      0.25079004986028275,
      -1.5181975998285864,
      -2.1387140339784976,
      0.28603812223125347
    ],
    [
      0.5507614619425978,
      0.987893801562775,
      -1.5735841783214157,
      -2.69278022985805,
      -0.07955896510414873
    ],
    [
      -0.45514543702396315,
      0.20293415008183358,
      0.6655115613705936,
      -0.0018569248442099617,
      -1.027058163827016
    ],
    [
      2.533058803874069,
      1.579453766635993,
      -0.07219154959782537,
      -1.9897580749526318,
      1.1296046286980672
    ],
    [
      4.074549843787404,
      1.9283036716735324,
      -1.069798094020803,
      -0.9533219130679281,
      1.4890245800059083
    ],
    [
      2.525093424531943,
      1.5717299608370028,
      -0.02360410626630227,
      -2.6841693929908086,
      0.03700696800268549
    ],
    [
      2.943698903126655,
      1.7270002511055371,
      0.1817409335462873,
      0.21569842642007653,
      0.955216770686871
    ],
    [
      1.1112093472828244,
      -0.5378364680019542,
      -0.6418502291165329,
      -2.548145191549451,
      -0.20174013807250035
    ],
    [
      1.5817420568523526,
      1.0081757018807536,
      0.38519209309928504,
      -1.9849287989660724,
      1.059258993285655
    ],
    [
      2.119461002373656,
      2.0475447129429796,
      -1.1895564633513989,
      -1.6990016535468242,
      0.6112018554498373
    ],
    [
      1.3720257575242414,
      3.7025391584325535,
      -2.1204831467208556,
      -2.0377587661445538,
      1.5344838452576908
    ],
    [
      2.271465500927631,
      1.1710385010212008,
      -0.7396006067469146,
      -0.6502785504326208,
      0.3057329956553497
    ],
    [
      2.2902363282179294,
      1.9386369306434768,
      -1.254707494917494,
      -2.11920187762647,
      0.6126554207962125
    ],
    [
      0.014221309569262708,
      0.6097098256354312,
      -0.9873643147793986,
      -0.1109473203407636,
      1.3191159126312557
    ],
    [
      1.6679097002020886,
      -0.025207566818701066,
      -2.678187067523694,
      -1.589514684908405,
      0.9793341864932612
    ],
    [
      3.257535628575979,
      3.005107801856338,
      -0.034651167549036965,
      0.034789228189101795,
      -0.6365991703725136
    ],
    [
      1.137160089334897,
      1.7103668695048475,
      -1.9906272932170896,
      -1.6462253527847075,
      1.094793792094154
    ],
    [
      2.5061808540662813,
      1.2874395865022548,
      0.9405078834671042,
      -2.194294502034264,
      0.47834423431999595
    ],
    [
      2.2647349529586815,
      1.7208730973629893,
      -0.22707788958461617,
      -0.8018870500215831,
      1.5070582716555185
    ],
    [
      2.3033518098341164,
      0.3574066983358799,
      -0.031713608593947784,
      0.36498509409401914,
      -1.1528044221486287
    ],
    [
      3.080996722789397,
      0.2204964289856255,
      -0.1455518379100199,
      -1.358441486737554,
      -0.046773845423490834
    ],
    [
      4.469796917853207,
      -1.2474253168728056,
      -0.2734182842242998,
      -1.8510828729963835,
      0.3040244880637414
    ],
    [
      2.853199982277892,
      1.4877764199460273,
      -0.8998724153164652,
      -1.0793172095249526,
      0.6779447762007615
    ],
    [
      2.231991687455677,
      1.9352708873129187,
      -0.5787042613550318,
      -2.199847174843545,
      0.9962208343957539
    ],
    [
      2.550265210113965,
      1.3757208296175372,
      0.5672988311988686,
      -1.9730910967212418,
      2.6793338732965943
    ],
    [
      2.6839250875374328,
      -0.4310920349820714,
      0.2575731002332514,
      -1.6083734838888202,
      -1.3501135519269771
    ],
    [
      0.10566323778631848,
      0.35222530820197595,
      -0.974856454103254,
      -2.1201242075726103,
      -0.8663587959416561
    ],
    [
      1.8685752410562302,
      0.5245258872617323,
      0.3896255468389348,
      -1.6025922906865422,
      0.4809824124786705
    ],
    [
      2.1908813165614722,
      0.3712671308091871,
      -1.240050816933953,
      -0.34965021153621945,
      1.1108254920897331
    ],
    [
      1.6886694461349336,
      0.27423239669524413,
      -1.1660115593715923,
      -1.86164109627162,
      -1.738762860991215
    ],
    [
      1.1968073589881367,
      0.33290301017506996,
      -1.7542654380398988,
      -3.482468800191657,
      -1.3839574063909963
    ],
    [
      2.3870281814099172,
      1.3486376785470973,
      -0.03969135654365563,
      -2.9718337865886424,
      -1.0947080506771982
    ],
    [
      3.1972148045397155,
      1.251872013979228,
      -0.6092098615604528,
      -2.3676375215165315,
      -0.777804547207906
    ],
    [
      2.507848715826341,
      1.695863726425523,
      -0.5792305202055233,
      -1.6641274751205999,
      0.27711066835021503
    ]
  ],
  "id": 39,
  "df": 5
}