{
  "mu": [
    -1.0894678888746074,
    0.9673932037673786,
    -0.9732086612084548,
    -0.9471518456190806,
    2.1577562454358037
  ],
  "x": [
    [
      -1.046222155298217,
      0.24584817230609068,
      -1.5654783635114826,
      -0.1550502922328093,
      2.3788487949571504
    ],
    [
      2.9233452998195624,
      0.3010814266302423,
      -1.856497872579517,
      0.41068923225172815,
      2.923245819378063
    ],
    [
      -1.342763227179652,
      -0.0036073456840752804,
      -0.7034270896939264,
      -0.008034316377378614,
      1.4299403844658372
    ],
    [
      -0.32619925711324427,
      1.5732348795060194,
      -1.552481656633874,
      0.24063899025244617,
      2.5406967246055663
    ],
    [
      -1.0555618815673913,
      1.2139701341543239,
      -0.35244238166386466,
      -0.6387463855812778,
      2.7133835927560748
    ],
    [
      -0.9135627460799665,
      1.1706689610208696,
      -2.123216572627344,
      -2.939607384724548,
      2.002857067334184
    ],
    [
      -0.3488932518973509,
      0.6851589603903374,
      -2.660279101173104,
      -2.5802726384315466,
      2.0610426754523066
    ],
    [
      -1.3616404376144953,
      -0.15978293316390813,
      -1.271842421001383,
      -1.3324598238417693,
      1.8644682604135365
    ],
    [
      -2.1514361537498425,
      4.047113743717671,
      2.862144651278063,
      -2.3131748692766942,
      1.5245243508717723
    ],
    [
      -0.4460371681299232,
      1.4667395174741447,
      -1.845495253870998,
      -3.9956025145084038,
      3.574062850911999
    ],
    [
      0.455066468791941,
      0.3110456493692658,
      0.40814924181535017,
      0.07142412903206918,
      2.919972153696005
    ],
    [
      -1.6225999268049862,
      2.8502607256659847,
      0.4328032202985631,
      -0.312805270829703,
      2.7627543772943586
    ],
    [
      0.7182908742694416,
      0.6608024580113592,
      -0.734464713130386,
      -1.582321029707058,
      1.7190148535022862
    ],
    [
      -1.101352250640059,
      0.557535422922558,
      -0.7314775609507881,
      -1.5233121188189056,
      0.7454603982787418
    ],
    [
      -2.753706153861828,
      1.8337750935756358,
      -0.38373793817616353,
      0.5860542861611373,
      1.091203893473518
    ],
    [
      -1.8824534931318904,
      -1.4590092143800328,
      -0.512768763618413,
      -0.13114704690935508,
      1.6143762717766776
    ],
    [
      -0.6072690673215089,
      -0.34264369477392387,
      0.18783865554775014,
      -1.7225232799579433,
      1.783368712351999
    ],
    [
      -0.4548413855690392,
      2.9287306402668136,
      -0.37930567959255834,
      -0.6134965815723024,
      1.6845094935520855
    ],
    [
      -1.8818670208573538,
      0.8075825766307538,
      -1.57741216805535,
      -0.7164973862214553,
      2.433390503652638
    ],
    [
      -1.3392903747225995,
      0.8367454383340365,
      -1.654556297019088,
      -2.0288203642318035,
      2.148338738281717
    ],
    [
      -0.751102834623693,
      1.083648739478889,
      3.6549934327485323,
      -2.042877735046431,
      2.147477038491081
    ],
    [
      -0.46047552697874705,
      1.304891521952917,
      -1.6880723306383365,
      -1.1199225430033144,
      2.103363377260906
    ],
    [
      -1.746264123497217,
      -0.36705137620107264,
      -0.4856289702335694,
      -2.596596547190616,
      2.1254124155715752
    ],
    [
      -0.935178158000862,
      0.9396743506666864,
      -1.01986468977526,
      -0.034527524933815834,
      2.2163658527252745
    ],
    [
      -0.9684252894611973,
      0.9162258137545456,
      0.6501463752527045,
      -3.2456037601404235,
      1.9696127446557
    ],
    [
      0.052638713040540575,
      2.0110630115378925,
      -2.8329184165936043,
      -0.8439700218995547,
      2.0813060479221495
    ],
    [
      -2.6159726956205303,
      0.4036106936852025,
      -0.6356731499597619,
      -1.345999043934118,
      2.4650949521770835
    ],
    [
      -0.9230624737362478,
      1.6111169606127391,
      -1.2054817579231971,
      -2.2433628648137747,
      2.0579019715268214
    ],
    [
      -1.56420519120957,
      0.5936874430559053,
      -1.2625099306944074,
      -1.014211475705295,
      1.9673000563627205
    ],
    [
      -0.7620539308650225,
      -0.6886976152224079,
      -0.3346575678849316,
      -0.861301417569294,
      0.4499403124761858
    ],
    [
      -0.25342633210455934,
      0.22133676641164457,
      0.12905863099862913,
      -0.9038265828633434,
      2.6995169739137803
    ],
    [
      -0.7924894359412925,
      0.648115077059693,
      -1.2020348946295683,
      -0.7087941915684248,
      0.9607809768419215
    ],
    [
      -3.2383283557872815,
      1.3616717952410182,
      -3.864606383968695,
      0.7402470311421456,
      1.330127704306093
    ],
    [
      -0.2036520928714628,
      0.2668798228175221,
      -1.5730535706558633,
      -1.9431278180157774,
      -0.673681729412571
    ],
    [
      -2.047615167494036,
      0.059570609564544075,
      0.5557586959477786,
      0.4391246931119477,
      5.3267011132724384
    ],
    [
      -0.5401735936728917,
      0.7136250877286876,
      -0.9759840468883936,
      -0.683062301172232,
      3.7792006663793085
    ],
    [
      -0.7553658527553595,
      2.3513167474060688,
      -0.10816277862475687,
      -0.3205163032095095,
      3.8533280851791027
    ],
    [
      -0.8120725094819268,
      -0.3769113793943456,
      -2.0223993631323354,
      -0.42722569922679854,
      2.197860841407689
    ],
    [
      -1.2498066991618852,
      -0.6833666572733265,
      -1.5068509132426782,
      -1.4338798785417586,
      3.0078139048579398
    ],
    [
      -2.0949096914469165,
      0.19459905297679014,
      0.1746937434632091,
      -3.283740033288571,
      3.3574804375840763
    ],
    [
      -2.2333333571247076,
      1.405992576499473,
      -1.0408387543620752,
      -1.2200605014705528,
      3.2935166735768493
    ],
    [
      -2.629830739221483,
      -0.548904577071447,
      -3.4835583503228764,
      -0.6950717352135514,
      2.2266955288763466
    ],
    [
      -0.6725366475295884,
      0.6281688235067842,
      -0.5874521405893818,
      -0.08236889701701544,
      1.7502358609942072
    ],
    [
      -1.3761818570950208,
      0.9049763193821758,
      -2.050631584694603,
      -1.875624243067121,
      2.6255556509265774
    ],
    [
      0.1777247315901176,
      -0.625300966527437,
      -0.994546996695068,
      -1.0345837040161234,
      0.7445017851947913
    ],
    [
      -0.850753957432399,
      1.65930294604876,
      -1.9530621012922689,
      -1.0769808818293063,
      2.200448684856628
    ],
    [
      -1.5291220245764376,
      2.41004435584444,
      -1.6665227019377156,
      -1.0401279748553884,
      2.230754823948814
    ],
    [
      -1.721300478787151,
      1.6566638833749665,
      -1.9658333284549345,
      -3.4036418403514377,
      1.4573001661213794
    ],
    [
      -0.33763716213726824,
      0.4646527841714413,
      -0.8163376338642652,
      -0.9441329503872568,
      2.9308502585860112
    ],
    [
      -0.6966421889499125,
      0.6312860258380392,
      0.20940460345295409,
      -1.818057757578804,
      1.120061460929898
    ]
  ],
  "id": 36,
  "df": 5
}