{
  "mu": [
    -0.07097553301612822,
    -0.6097589431745583,
    -1.682204462484684,
    -0.11933993873848493,
    0.34158437035975264
  ],
  "x": [
    [
      0.2604459281476855,
      -0.6866221563657446,
      0.7123427637709807,
      -0.8394220654456221,
      1.5994670737527232
    ],
    [
      -0.8095579507177013,
      -0.4620303832857029,
      -1.613116447162688,
      -1.0286855530103494,
      -0.09753201091435704
    ],
    [
      1.4914834865815412,
      0.6673029713445058,
      -1.3606418161996048,
      -0.5584154956982273,
      0.657018397122118
    ],
    [
      0.5207993177392889,
      -1.7821061465170067,
      -3.821387983944053,
      -1.0323339525324111,
      0.17148289182837384
    ],
    [
      -2.4218955391344483,
      -1.1238280080843943,
      -1.3037253992571438,
      0.9149615066338487,
      -0.3775148199358509
    ],
    [
      -0.8249538651709049,
      1.1522366646688098,
      -0.6756672601510227,
      0.41996514419240727,
      0.31740376609220594
    ],
    [
      -0.9341872297202602,
      -2.9937090487329927,
      -0.9660500352949061,
      -0.3087570198354458,
      -0.1315732507184484
    ],
    [
      -0.09457767138447831,
      -0.5134758447517742,
      -1.0101824539781337,
      -0.44348146386991205,
      0.49554285706257034
    ],
    [
      -0.047489659851982544,
      0.2010506088624966,
      -1.8963658621006223,
      -1.9973619871972337,
      0.6609025219468616
    ],
    [
      -1.1845218236652357,
      -1.1120578274814983,
      -2.6214750150301143,
      -0.27539043966048654,
      0.8569237475172948
    ],
    [
      0.7676569572186428,
      -0.45850204072082557,
      -2.4609589810442256,
      0.5841128967271875,
      0.4929826736889953
    ],
    [
      -0.6334785269034845,
      -0.7624306196825861,
      -2.2037361749845283,
      -1.2965951198082593,
      0.8702435118310369
    ],
    [
      -0.8998018324030557,
      -2.712105695148802,
      -1.5719760916137413,
      0.16797718982414045,
      -0.03432428127906634
    ],
    [
      -1.3201982751354995,
      -1.200274529425248,
      -1.7924986826060056,
      -0.6754519225009528,
      1.3702587275863296
    ],
    [
      -0.43750650561735216,
      -1.1702834077442128,
      -3.4867460613594505,
      -1.0624218449627203,
      -0.2296514247532263
    ],
    [
      -0.46743752281500706,
      -1.5297155302797352,
      -2.26079586405074,
      0.12578354304983075,
      -1.4741819073638185
    ],
    [
      -0.838203879073396,
      0.09137746156820359,
      -2.1266262897424295,
      -0.0007885969947017818,
      1.3879581760087674
    ],
    [
      -0.08429625073195371,
      -0.03738160793278156,
      -0.4230771036861378,
      0.4551026470536659,
      1.5460052478170891
    ],
    [
      -1.754662982390595,
      -1.1179797982197406,
      -2.3510501745455645,
      0.6996137581813349,
      0.4070438784307479
    ],
    [
      -0.3596845446946145,
      -1.3374589378023414,
      -0.7605316700190095,
      0.5858296228636312,
      0.6404463057096648
    ],
    [
      -0.6403013390496162,
      0.22221788879379933,
      -1.3063774547905649,
      -1.0860706782745728,
      0.33423577428234097
    ],
    [
      -1.0030816153710667,
      -1.214438239191682,
      -1.4387382875613985,
      0.22643957221386107,
      1.3756092360094043
    ],
    [
      1.0529808390720194,
      -0.699960085247342,
      -2.647212132709946,
      -0.8874561584474416,
      1.6707501367043633
    ],
    [
      0.8998639341757393,
      -0.4520337761584815,
      -2.1698878110929396,
      -0.4407167129154118,
      0.2128837801186229
    ],
    [
      2.3456599521973445,
      -1.3198936374038643,
      -2.2164177128565163,
      -1.8244568478034542,
      -0.5560554840937495
    ],
    [
      -0.3885608266906594,
      0.21419236047291346,
      -1.2324437341276815,
      -1.1411834387096813,
      0.49372549696186474
    ],
    [
      0.12224913252138175,
      0.4312504267663744,
      -1.4595183578036646,
      -0.8010906556032427,
      1.190884022768599
    ],
    [
      -0.6186929355169133,
      -0.595514796744062,
      -1.463464907630059,
      -1.3146919637052372,
      0.07442618383019028
    ],
    [
      0.443962716069799,
      -1.246741193601451,
      -0.8409768894707044,
      0.3570248570624233,
      1.642883321781151
    ],
    [
      1.2964515746976555,
      -1.0479704390485889,
      -0.6631142065943785,
      -0.1890503157321325,
      0.06153633880294279
    ],
    [
      -0.8096170482133298,
      -0.037895145895643134,
      -2.30783467650902,
      -0.39765513157139215,
      -2.6095459482412138
    ],
    [
      3.0703622107438453,
      -0.10486911502827889,
      -0.9752924898232759,
      0.16435882244218403,
      1.3292216935210242
    ],
    [
      0.542121904491264,
      -0.2766044776284331,
      -2.356557004360776,
      -0.5267265379102481,
      0.7183374542355588
    ],
    [
      -0.2378109730755273,
      -1.539993558173681,
      -1.4875766425769457,
      0.017925063970669272,
      1.0972998250940451
    ],
    [
      -0.8975396377104363,
      0.11744588131218281,
      -0.9557429316194805,
      0.18989898908877473,
      0.5519547037687818
    ],
    [
      -5.149276729073638,
      -0.6842388779027206,
      -1.4547911500490183,
      -0.34718668353529714,
      0.832673766109501
    ],
    [
      0.41222769922867575,
      -1.897580964328373,
      -2.3343084716987343,
      -5.119743320977527,
      1.3322753206588387
    ],
    [
      -0.7181885067989793,
      -0.34559745489599564,
      -2.0942909796937776,
      0.5534999403404871,
      1.4400816834029362
    ],
    [
      0.7060950805162217,
      -0.21135114385089354,
      -1.5578662755726516,
      -1.0104733446724998,
      -0.6304325302024745
    ],
    [
      0.5193053512232664,
      -0.7589713417096152,
      -1.703043645931746,
      -0.4832438753300576,
      -0.49378867815664884
    ],
    [
      -0.19074980718317922,
      -0.2012867052923218,
      -0.5353837896440647,
      0.6769554897586473,
      -0.08957059794004679
    ],
    [
      0.35721641124981207,
      1.3150307352122623,
      -4.395981359708255,
      1.7980149552404572,
      -0.7162040433282236
    ],
    [
      1.2243659097012407,
      -1.0646805894062028,
      -1.361751244666632,
      -0.09532765657682196,
      0.2071033664071157
    ],
    [
      0.49534450928981233,
      -0.14075257261442586,
      -2.772626355549524,
      -0.05773881770591943,
      1.2188024244589577
    ],
    [
      0.5780913971478356,
      -0.8273034463089389,
      -0.449453288613727,
      -3.0098477660289276,
      -1.3063614151222764
    ],
    [
      -0.08216206280168153,
      -0.5907290711473352,
      -1.6356563155188908,
      0.2578272158072035,
      0.36057094991120237
    ],
    [
      0.20451734432968757,
      0.4060554716495264,
      -1.0146091641715338,
      2.1227516135869227,
      0.4309994477075834
    ],
    [
      -0.8701131555333649,
      -1.8386365699776086,
      -0.9090227872616359,
      -0.034364712795233704,
      0.22540656899464484
    ],
    [
      -0.42309054557292514,
      0.3314557759117208,
      -1.3869023283893431,
      -0.1467021241566242,
      0.47406044972941525
    ],
    [
      -0.5509408447950918,
      -3.0215099521688393,
      -0.9947398778768523,
      -1.0051938538515792,
      -0.8118819043441284
    ]
  ],
  "id": 12,
  "df": 5
}