{
  "mu": [
    0.6432705804983841,
    -0.0768370498490471,
    -0.6906043868483853,
    -1.609897242834108,
    0.20852619839254444
  ],
  "x": [
    [
      1.346144889121196,
      -0.4086225222148685,
      -1.366588884560184,
      -1.244871601629814,
      0.15547033511638822
    ],
    [
      2.256921564801218,
      -0.41295200810812804,
      0.21484322731243521,
      -1.1401613353226683,
      -1.4002094864528882
    ],
    [
      1.8498723436144537,
      -1.6599533558618484,
      1.1365584106359132,
      -2.604718445051121,
      -0.038180474630901184
    ],
    [
      -0.46402341634962807,
      -1.1693268341678587,
      -0.21413364327224488,
      -1.6405017675743654,
      0.4533669346122753
    ],
    [
      1.2162545555131592,
      2.806272288701683,
      -3.345929022660794,
      0.5797780366705974,
      0.18465644717598723
    ],
    [
      0.8027459564525333,
      -0.0964152988241918,
      0.0882543687728452,
      -0.08363216625869985,
      -2.0069625379982936
    ],
    [
      -0.12328830989811268,
      0.2134263481255329,
      -1.624527311028988,
      -3.544856700369369,
      -0.5329684584881675
    ],
    [
      -0.21820114618974418,
      0.4642139356850315,
      -1.6796640190424283,
      -1.8153607773378622,
      1.4199765249034522
    ],
    [
      3.7853470056622753,
      -1.6770205620756506,
      -3.287940616253649,
      -2.8411214934348012,
      0.3466480510506443
    ],
    [
      3.3428718589498336,
      0.3791281617620557,
      -1.3473792182226134,
      -1.9126777883996853,
      0.46191471800869455
    ],
    [
      0.21310881878925564,
      -0.42795202161392487,
      -1.669666966127155,
      -1.2738294279713025,
      -2.275181180947613
    ],
    [
      0.605342908680015,
      1.0455192903183992,
      0.3096305493885554,
      -0.6453260595089152,
      0.5528270693959452
    ],
    [
      0.7054853668404362,
      -1.036365248385645,
      0.1160546163418007,
      -0.5713064995760422,
      0.4289754376372912
    ],
    [
      0.586620023502184,
      -0.11804945480572474,
      -1.630625337283146,
      -2.368683494909472,
      0.4293868493916522
    ],
    [
      1.6403422588193166,
      0.8707420970935931,
      -1.7597301261582485,
      -5.8615795444159815,
      -0.9030103930758586
    ],
    [
      0.20669742891801934,
      0.02374476397782138,
      -0.6700020528095333,
      -1.7015975454225873,
      1.853086618401203
    ],
    [
      0.9322355319036592,
      -0.5519153859730251,
      -0.3931779757143129,
      -1.2616010556352435,
      0.9734837485362839
    ],
    [
      -0.961209318236442,
      -0.6866907191512681,
      -0.6685232366901676,
      -2.6216879144120115,
      -0.39194215297731644
    ],
    [
      1.523701288378792,
      0.7733441723858867,
      -1.5935303158244456,
      -3.3900109879980325,
      1.481158853044799
    ],
    [
      0.8551522834663937,
      0.0598469926451915,
      -0.40595636590791256,
      -0.6841926263118163,
      0.819049160609963
    ],
    [
      2.390979928406311,
      0.983732251657988,
      -1.404710773158065,
      -1.4624803568454225,
      0.22701747548448922
    ],
    [
      2.5412634173884046,
      0.09741150369551507,
      -2.1475654679388754,
      -1.6963281800996854,
      -0.5752524752928379
    ],
    [
      0.17592135775419415,
      -1.605114540296639,
      -0.06830521913316678,
      -1.5860449536319203,
      -1.9402783579456855
    ],
    [
      0.9197820987105444,
      -1.1330286018910647,
      0.04387716812737241,
      -1.7559817271038953,
      -0.2588250442234538
    ],
    [
      -0.4153189163149592,
      0.3315774691133242,
      -2.80133955855795,
      -1.519279388324567,
      -1.0060586947876144
    ],
    [
      0.9765741078853232,
      0.933614966557232,
      -3.0150832789066797,
      -0.8012994086264166,
      0.23131141454516385
    ],
    [
      -0.3321557550268104,
      -0.34422869200021794,
      -1.5076675284998005,
      -0.6164689614818947,
      1.2372222531777948
    ],
    [
      0.4156994102098006,
      0.10004821758222243,
      -2.5455490355086146,
      -1.4333415652423218,
      0.3924676685777213
    ],
    [
      0.40916677469056884,
      -0.716393740404871,
      -0.13353573557276333,
      -0.5424269998284501,
      -0.17931850079303652
    ],
    [
      1.5423507678519757,
      0.520751260583509,
      -1.136461332040135,
      -1.4308884391395358,
      1.011927656368437
    ],
    [
      0.09871305000653985,
      0.9054900274995172,
      0.7430381878819605,
      1.1361863616818182,
      0.16952960052184196
    ],
    [
      1.635866757842091,
      1.7826395564420916,
      -1.0709019333587468,
      -0.7608676201191197,
      1.2141454211316522
    ],
    [
      1.347040757540078,
      -0.08818561736604182,
      0.8410503961997484,
      -1.0397847833842795,
      -0.31125023053483786
    ],
    [
      1.8258423222640645,
      2.004835503106616,
      -0.11180535309065054,
      -0.7722705034701087,
      -1.3121592831438744
    ],
    [
      0.3820545051756231,
      -0.1550727869627398,
      0.24911714788723904,
      -1.5257218599773708,
      1.0807597562683051
    ],
    [
      1.1297509433373676,
      -0.38749960344246964,
      -1.0743762557214063,
      -1.493576916024356,
      -0.17726531893954495
    ],
    [
      1.5603473625133844,
      0.4276223268660136,
      -0.4338198625052659,
      -1.9804468406822262,
      -0.4837794352096117
    ],
    [
      0.8739288173761619,
      -0.4581548932986826,
      0.27920066878491656,
      -1.9524286468909051,
      0.4237251585241123
    ],
    [
      0.6460677603406272,
      0.2606839634447552,
      -1.735181986763141,
      -0.5181833050502906,
      0.7378536822267561
    ],
    [
      1.0782908065943726,
      -1.5257881845206456,
      -0.07893589914238774,
      -2.6415726294638002,
      0.10108215054130186
    ],
    [
      1.1692309313458114,
      -0.8270817718821635,
      -0.7305653923672539,
      -0.9146106653662671,
      -0.6370362814516892
    ],
    [
      0.6536255780748874,
      0.013058223274451747,
      -0.056205958143290324,
      0.25472385649255447,
      -0.7972870520788002
    ],
    [
      -0.11136470462026826,
      -0.37020346044069286,
      -1.8860555536799208,
      1.3493011869625304,
      -0.7185284189797327
    ],
    [
      0.610883156125848,
      1.7662244245332883,
      -0.1091522811309974,
      -1.750663677662014,
      0.1890196231468879
    ],
    [
      3.6227418902338284,
      0.2328702258175243,
      -1.7712894519991738,
      -0.843511438628926,
      0.8525809090473948
    ],
    [
      -0.007767063905633087,
      -0.24462342865859482,
      -0.09778171577304728,
      -1.0046813338466754,
      0.10086753459784822
    ],
    [
      0.35174972118076264,
      -0.33269332915114663,
      -0.9576742969545706,
      -1.8317515522207657,
      0.7826653232223051
    ],
    [
      0.6388417912952682,
      -0.7914655798779577,
      -0.15579364802265894,
      -2.7934729276111483,
      1.1214450163242087
    ],
    [
      1.7583249113782,
      0.7574144322410918,
      -1.7940761052657548,
      -0.7110383888116768,
      0.9979130294040921
    ],
    [
      0.6665101672533165,
      0.22677475257650875,
      -0.08247878453494562,
      -2.5249873204515714,
      0.31866623789939985
    ]
  ],
  "id": 49,
  "df": 5
}