{
  "mu": [
    -0.747992852201648,
    1.0654199187390014,
    1.2850912947168756,
    1.8611499560767266,
    1.1778633714064481
  ],
  "x": [
    [
      1.276568230317467,
      2.2412826479850994,
      0.24183950083480332,
      2.122708696699154,
      0.9659770699960699
    ],
    [
      -2.2338248281953983,
      -0.1952776910741323,
      0.826644779313528,
      1.9320780677847342,
      1.6551606866409365
    ],
    [
      -1.8974638941148214,
      0.8747457663477498,
      1.1761135877507438,
      1.5188956728395933,
      2.3860561649137386
    ],
    [
      0.053763945992353346,
      0.47969615983285296,
      0.35769074043638427,
      1.9841924678323397,
      2.092963613424411
    ],
    [
      -1.6806215178930057,
      -0.41513400685368507,
      0.5953573404528375,
      3.185234874260659,
      1.0043330484229154
    ],
    [
      -1.1133126116760663,
      -1.3907674873370757,
      2.13733342578342,
      2.026008775476494,
      1.8747404912437653
    ],
    [
      1.0417709761731953,
      0.4410342867781408,
      1.344130667205278,
      1.35727381926066,
      1.1814666632304418
    ],
    [
      -1.7718495647144659,
      1.6848893610791276,
      1.7895432400871523,
      1.8207988618921185,
      2.319659814916906
    ],
    [
      -0.6569185800870032,
      0.945361359312069,
      2.68505386266468,
      0.7832461332826752,
      2.7277021087306483
    ],
    [
      -0.14557959596790626,
      0.9536991825186298,
      -0.8710327879147426,
      1.7856883737425517,
      1.104863229601702
    ],
    [
      -0.9727045324620218,
      0.30178456291351574,
      1.7544853142475514,
      2.2048176103323307,
      2.5438287532900272
    ],
    [
      -1.9314892937790766,
      1.3993856436282306,
      1.3378377074946686,
      1.4961448065888105,
      1.126269761499365
    ],
    [
      -0.2848762939518793,
      3.1178159922858137,
      1.0239632672826795,
      2.760123659108374,
      1.7078023674712752
    ],
    [
      -0.5380040074808625,
      0.4073707189981499,
      0.9634566898655221,
      2.045318051052756,
      1.4789181114786494
    ],
    [
      2.5902555058686647,
      0.26912561891763864,
      1.3208508929241238,
      0.9214478533188399,
      1.039568356611665
    ],
    [
      0.49720432397175707,
      1.0825670028248193,
      1.8176707641724108,
      1.6362122067286176,
      1.3801288796929827
    ],
    [
      0.07824346253773451,
      0.6630634183754678,
      0.9047179644412712,
      2.083545107284785,
      1.4441398046683709
    ],
    [
      -0.6126669523894744,
      1.1009104721460132,
      -0.21530320263698388,
      3.535157708977893,
      1.7762241394907714
    ],
    [
      -0.9309904708700953,
      2.271121548850866,
      0.9234620413465238,
      2.2504495646906557,
      1.2374122633991242
    ],
    [
      -1.4773062231718197,
      0.6983073399973725,
      1.742023452976827,
      1.595710643136663,
      1.171232566686909
    ],
    [
      -0.49405290512395184,
      1.5642276734035125,
      -0.00585010508159356,
      2.790503101551232,
      -0.37002580827596665
    ],
    [
      -1.8321022122551383,
      1.9154506289475686,
      1.7592803335356766,
      2.335118075469187,
      0.8018155196277076
    ],
    [
      -0.05460597667451761,
      1.1231393284864117,
      0.005478125723097582,
      6.13184792843008,
      -0.5017231091649073
    ],
    [
      -1.9455422793459993,
      2.5057139158070205,
      2.404950658768239,
      -0.11460203346251374,
      2.195447414967599
    ],
    [
      -1.8201369533872191,
      2.1260754481599027,
      1.8582447272851426,
      0.931714865774319,
      1.9568835997135672
    ],
    [
      -0.5644585701032757,
      1.9492800178053924,
      1.8521425851466025,
      -0.34693306777762056,
      1.6393492709984845
    ],
    [
      -0.41785171880356914,
      0.6405464642531191,
      -0.1866036537383413,
      2.518815539660996,
      1.4804126199482337
    ],
    [
      2.1779631478105643,
      1.4131505389600272,
      2.946614201096934,
      1.3019561891782527,
      0.7578324039497948
    ],
    [
      -1.524273937170892,
      0.13871543018709143,
      4.29956765140322,
      0.9643675881359551,
      0.03596119212708837
    ],
    [
      -0.8966836750923273,
      -0.16585953368981676,
      1.0562365919031056,
      1.5775512881168188,
      1.7113234960112322
    ],
    [
      0.17640537997929762,
      -2.9989932447318957,
      2.4998121127819184,
      1.6884776027598576,
      4.4233255508955365
    ],
    [
      -0.028902559559871976,
      0.7946931737452831,
      2.4466514655982294,
      2.059212526924347,
      1.8750317426674772
    ],
    [
      -1.595547351461735,
      1.3678435159165065,
      0.6403167274136904,
      1.5976849033316165,
      0.6467519525798754
    ],
    [
      -0.24725559801970332,
      0.7858992616922964,
      1.7688161936173326,
      1.5665514949869659,
      0.3544867433665597
    ],
    [
      0.31830642150296506,
      1.7611867684316178,
      0.821604152814092,
      2.3454271254452594,
      1.8052921927184196
    ],
    [
      -1.7866907140782957,
      0.5541037581032798,
      1.4657715244933704,
      2.1868937149025593,
      1.0431001803624476
    ],
    [
      -0.8159159828854523,
      0.9736085000293662,
      -0.6473165731437116,
      2.6597511924455417,
      -0.43996988696855355
    ],
    [
      -0.847643928036384,
      -0.05860389235489638,
      1.9965250696205674,
      3.066448337408288,
      2.366677261890765
    ],
    [
      -0.22000641696088197,
      0.6076793477223925,
      1.7022462638407805,
      2.0823958481323466,
      1.4740146303157484
    ],
    [
      -1.5662471671981377,
      1.792714297272016,
      0.9846909268788551,
      2.3957018738295552,
      -0.35931886049325157
    ],
    [
      -1.1254575357393182,
      0.9298169015508038,
      0.7920839344410369,
      1.818834711930843,
      1.3717589699050314
    ],
    [
      -0.4306455735829682,
      1.5170597814709996,
      2.116275124650822,
      0.55995575146168,
      -0.20523114787931607
    ],
    [
      -1.1661041511790309,
      0.813668254278699,
      2.92234585903386,
      1.8712976928371363,
      1.7515618871733158
    ],
    [
      -0.6810079976509649,
      1.5086084859659383,
      0.021260775343721505,
      2.149184118618138,
      1.75075687350681
    ],
    [
      -1.4624028345851152,
      1.4817416887488548,
      1.9730275648851583,
      2.1829499614987964,
      0.5041159096748332
    ],
    [
      -0.2587046113189438,
      -1.962132628019922,
      2.753083742061591,
      1.9129053435680825,
      2.3162302389415093
    ],
    [
      -0.19958255225642862,
      2.5805815642434196,
      1.106357618232841,
      1.3872465616704455,
      1.81312643177322
    ],
    [
      -1.5726787172827097,
      0.4616157061199825,
      0.6025190444095803,
      2.363578555218978,
      2.3052427656851524
    ],
    [
      -0.11664897386024031,
      1.612015570887162,
      -3.205755444179297,
      1.4708515259219066,
      1.2064828185870207
    ],
    [
      0.6317759550335841,
      1.3061548435554196,
      1.5380138029105388,
      2.9562739150049047,
      1.762746632081047
    ]
  ],
  "id": 26,
  "df": 5
}