{
  "mu": [
    0.3308838112713584,
    -0.11859308118327455,
    1.1332922314823404,
    0.9039876187286278,
    -1.0074752594202838
  ],
  "x": [
    [
      0.39471541537821053,
      -2.188770248283697,
      1.7112581316394726,
      0.49506507881871736,
      -2.2140686955624655
    ],
    [
      0.3637554801354826,
      1.224838108194689,
      0.9709955459809967,
      1.0220488887515544,
      -1.0237807532206138
    ],
    [
      -0.7612065806302335,
      0.9157993510730498,
      1.9753376335906587,
      0.6795457989797012,
      -1.0265010668459131
    ],
    [
      0.9261495459867672,
      0.403442674971667,
      1.988605726843228,
      0.9081101940571166,
      -0.7373635889631991
    ],
    [
      0.7114445633562684,
      0.2690284601860505,
      1.113723072036626,
      1.2504956018909195,
      -3.7739295122520646
    ],
    [
      0.69247036663848,
      0.06558081054194259,
      1.9866868150202777,
      1.8893138894379677,
      -1.2059675015085625
    ],
    [
      0.6285238408396948,
      -0.7912243661246479,
      1.4164025208767064,
      -0.20545374852810472,
      2.353862709756899
    ],
    [
      0.4346766756606186,
      -1.0332480240055264,
      1.4577183370066593,
      1.0670383518095419,
      -1.0742385802217336
    ],
    [
      0.8421840479443203,
      0.009179250497609537,
      2.7737835810864797,
      2.0071271338998233,
      1.171451106789974
    ],
    [
      -0.5413954191075538,
      -0.2534644346161963,
      0.8517135097676589,
      0.7673807865939822,
      -1.0838985160791355
    ],
    [
      0.24726801225442668,
      -0.29963249489401933,
      0.13302416551453233,
      1.8876424856528433,
      1.3181947128243978
    ],
    [
      1.6682898673787152,
      0.28472728825429666,
      2.0351651276321414,
      0.16855250906534558,
      -1.031637291967736
    ],
    [
      1.3686969348133238,
      0.06751619090300878,
      -1.038516485705136,
      0.8697420653508424,
      -1.5111010521529429
    ],
    [
      1.2143156003950264,
      -0.7287928340267944,
      0.6693188529808674,
      2.5078581025064106,
      -2.2547394219512653
    ],
    [
      -0.2911238069789606,
      0.17586115384974954,
      -1.2888547058183324,
      3.045732041954399,
      -1.4967001742541612
    ],
    [
      1.4314530630685305,
      -0.5446907258539543,
      1.6708234580461119,
      1.0878234599157086,
      -0.8107988628906253
    ],
    [
      0.07197124636951335,
      -4.424587123329786,
      0.1954802734570571,
      2.082374130645637,
      -0.9369799013142496
    ],
    [
      0.17003947756039717,
      0.18131370618876141,
      0.4350196686198524,
      -0.18574368442428968,
      -2.378225064410967
    ],
    [
      -0.2742555685536719,
      -0.27684404297912346,
      0.32660912825045485,
      1.8006944869148378,
      -2.8001616115177574
    ],
    [
      1.0798778637086757,
      0.4766024356278153,
      0.8808536994938134,
      1.5807963216499095,
      -1.7751216890726509
    ],
    [
      1.982273581409803,
      -1.178185367435191,
      0.754002200923618,
      0.7256223331082344,
      -1.8248109803832904
    ],
    [
      -0.10459687588341138,
      -0.3966727792376383,
      -0.1967158873015027,
      0.6592918599808965,
      -2.0550066062692234
    ],
    [
      0.674232171742274,
      0.22168287247984608,
      0.40267781468951247,
      0.48585299726904724,
      -1.676094548658967
    ],
    [
      -0.1957543797851276,
      -0.9490503822666645,
      0.31154679486791426,
      0.4489617660080654,
      -0.41935232819939294
    ],
    [
      1.2547851099488654,
      -0.09327061170786813,
      1.1952179148701902,
      -0.5893031899011323,
      -1.8599435728757419
    ],
    [
      0.16458372692000856,
      -0.6649984069263983,
      1.601689663140174,
      0.7721201856299483,
      -1.8104429605217427
    ],
    [
      0.7327040254968162,
      -2.529802885221765,
      0.8892618799393315,
      2.320787615650409,
      -1.3414523637050506
    ],
    [
      1.1282300894746864,
      1.610905016110385,
      0.11142594371188919,
      -0.6492798290861961,
      -1.375497249801978
    ],
    [
      -0.765237218475409,
      1.737420576310287,
      0.9245896774083182,
      2.72889382995034,
      -0.902263712322725
    ],
    [
      1.7843018978432441,
      -0.6024139023870196,
      1.1805957616619718,
      1.9784617130813096,
      -0.29993871091010016
    ],
    [
      0.21586917802583147,
      0.05330440856323157,
      0.024176596404723805,
      4.54973421018537,
      -1.567455666332981
    ],
    [
      1.14316506582476,
      -1.6465818310628575,
      0.8429008369138534,
      1.0066770287207416,
      -0.19426686318225173
    ],
    [
      2.684839492429993,
      0.35881902342178473,
      0.1348297875215625,
      -0.5020506860987484,
      -1.4314098645895288
    ],
    [
      0.3920275607912397,
      -0.5522739257477305,
      1.7160998659386495,
      -0.7935499065819283,
      -0.07399420896530284
    ],
    [
      -1.048842530077785,
      -1.0693142410843162,
      0.9305840108532304,
      0.19569514506890562,
      -0.15226258146513372
    ],
    [
      1.7821057169629893,
      -0.27237161261861587,
      0.1290528663747843,
      0.8192340049338594,
      -0.33352739968267064
    ],
    [
      0.22091261896213482,
      -0.7419047054878973,
      2.3632071269760067,
      1.2998756237474836,
      -0.21771472612568654
    ],
    [
      2.482416807771125,
      0.5163094071058867,
      0.6035325199604659,
      1.216206263885559,
      -0.795804704168528
    ],
    [
      1.1917958534303426,
      -0.4061618633036436,
      1.0577403762495123,
      -0.12232834556128869,
      -0.3537249625557004
    ],
    [
      -1.0142223913219859,
      -0.890021945850549,
      0.9279195001423755,
      0.9108236467494762,
      -0.07598557553808483
    ],
    [
      1.3562112832088808,
      0.300949667284818,
      1.3657586781459916,
      2.788240983523407,
      -1.8334865613383893
    ],
    [
      -0.4509351806674213,
      -0.618391195283974,
      1.0043113595878037,
      0.9972512244889573,
      -0.31750098663116744
    ],
    [
      0.7864771071347956,
      0.003372908129253699,
      1.0640025165604308,
      -2.186776770273539,
      0.6697301459763207
    ],
    [
      -0.5178481863598263,
      0.21320366036021637,
      0.6485612344450953,
      0.381669385382032,
      -0.2403746354413956
    ],
    [
      0.8704936235462146,
      -0.4084877521994226,
      1.4449773993076411,
      2.198319474269214,
      -0.9493565305838945
    ],
    [
      -0.23081691746823002,
      -1.2760778377579,
      1.1649756517347127,
      1.2084061179660577,
      1.1225759339484442
    ],
    [
      0.08125459144390348,
      2.2957293172277584,
      0.843429926990329,
      1.220112142121407,
      -0.49059784745245594
    ],
    [
      -0.49512834205262685,
      0.3419943745472481,
      1.305013506034221,
      1.2509289895206037,
      -0.007737161562683337
    ],
    [
      0.20357114137226243,
      0.46145101785848747,
      0.6761325595980827,
      0.80096855729653,
      -1.8843067864576462
    ],
    [
      0.1514260906799258,
      -0.7766979809289922,
      2.0542949338451333,
      -1.3037772909289473,
      0.24527401400824678
    ]
  ],
  "id": 8,
  "df": 5
}