{
  "mu": [
    0.2631191993971948,
    0.3837594786345238,
    -0.48325918258250417,
    1.7713688402820393,
    0.3534125131910994
  ],
  "x": [
    [
      0.20115792279206313,
      0.6433555739854773,
      -0.7781632849243989,
      2.639279804814709,
      0.3592234902835434
    ],
    [
      0.3384360369583464,
      0.596071649950316,
      -1.553188874393099,
      2.444154501939535,
      0.8395972101092157
    ],
    [
      -0.5332400176062448,
      -0.5904284133755442,
      0.5029881408501304,
      3.8937380344032264,
      -0.281671495758466
    ],
    [
      -0.5467974065006151,
      0.617483842788016,
      -2.5578922775386745,
      3.0627266915104685,
      -0.5236080463062232
    ],
    [
      1.0037637820363614,
      -0.10182745678706495,
      0.5262588667043222,
      2.2564649479778756,
      0.012664831472627147
    ],
    [
      -0.1396708973473914,
      0.17390605290686337,
      -1.5415728367643384,
      2.203932393233023,
      1.7643442066772013
    ],
    [
      1.8716647642030815,
      0.7060028855815614,
      -0.45364887892574135,
      1.6850699059668228,
      2.2696297296339263
    ],
    [
      -0.426078601195694,
      0.8016132820666536,
      1.1279981862674333,
      1.2777246545012673,
      -0.7745300858769335
    ],
    [
      0.835036921191018,
      -0.044531974212279946,
      -0.6925422757875179,
      0.34651142803962,
      0.881521119800379
    ],
    [
      0.879643237503811,
      1.178499957838652,
      -1.1184545136195168,
      1.3791896480854247,
      1.3735145944362592
    ],
    [
      -3.391406162609208,
      0.9843466113428778,
      -0.08141607874698198,
      1.090462092042217,
      1.0201544198718375
    ],
    [
      -0.9043364283976543,
      1.1760157087610503,
      -0.05347708140120966,
      2.1015990555764676,
      0.4707873158917836
    ],
    [
      2.3829089608151675,
      0.7684432890388928,
      -0.8343594151250088,
      2.8792341176250984,
      -0.06115418677296236
    ],
    [
      -0.6977878757052922,
      0.38441959542739945,
      0.7647314914740271,
      2.0256905784096415,
      1.2533529643804402
    ],
    [
      0.05995585879742604,
      0.8396892677261951,
      -0.8534908703308878,
      2.083006497272774,
      -0.23943142038144688
    ],
    [
      1.8447102479937132,
      -0.07468167521980484,
      0.4732501927749175,
      0.6667174069533517,
      2.45717867393174
    ],
    [
      0.9592700847883726,
      -0.11493323882876066,
      0.2846946789844457,
      1.7352178408895327,
      0.5014782258329142
    ],
    [
      -0.11317719227037676,
      0.29936783025268815,
      0.0996467620061709,
      0.8741338457028269,
      0.15703539031285632
    ],
    [
      0.12943913257989434,
      0.2347746646932552,
      -0.29237002376640525,
      1.3969387307276149,
      1.0925536205139887
    ],
    [
      0.6069366408750445,
      -0.17299546002561833,
      -1.8215042633729173,
      2.0831538759235433,
      -1.6612410045793853
    ],
    [
      -1.0596607444715789,
      0.26084710748296674,
      -1.1136120632366897,
      1.6958405587618117,
      0.20908661618140104
    ],
    [
      1.5663382627553624,
      0.13378960596151562,
      -1.1645275033798768,
      2.1564753902061606,
      0.8591352233805145
    ],
    [
      0.26576573704526846,
      -0.3387227597417009,
      -1.3390711636005257,
      1.100224478500877,
      0.23544967878413797
    ],
    [
      0.3840994370618218,
      -1.1946967442784948,
      -1.3525558679773766,
      1.3585080080640979,
      0.660726060361831
    ],
    [
      -0.23584837519658458,
      -0.015342735636385274,
      -0.7104574623753354,
      1.6516579824727007,
      1.7096684156542614
    ],
    [
      -0.03986022122494859,
      -0.28719668072275856,
      -0.3319160572673445,
      1.3574535683999618,
      1.192808109288126
    ],
    [
      0.7136960524370639,
      -0.2631144662474992,
      -0.3904514894800055,
      1.7610830946698801,
      0.20629562132690696
    ],
    [
      0.22542914587142832,
      -0.646905348170925,
      -1.4670285083317558,
      1.4407153014201735,
      1.630554768374747
    ],
    [
      0.5255974411730875,
      0.014064568003814504,
      -0.4746611996693513,
      2.7214533221893435,
      -0.3020934140490045
    ],
    [
      0.3177403034528608,
      0.7776474233822286,
      -0.3871635612229477,
      1.0986253368729566,
      1.78790909380576
    ],
    [
      0.4251646039153991,
      0.10228996006000168,
      -0.4235161400055104,
      0.2835603210554394,
      0.490412411803545
    ],
    [
      1.6437228857107358,
      0.8623600214485994,
      -0.6048915570438635,
      1.5899055256433379,
      0.8187969031601645
    ],
    [
      0.12588033003296015,
      1.8574886642254829,
      -0.4614547400930978,
      1.9156415138610658,
      -0.13317479826028744
    ],
    [
      -0.09933705256440833,
      -0.9907177043278543,
      -1.3968383336564556,
      1.9110344958134857,
      0.7110432010306109
    ],
    [
      0.12030390421803444,
      -1.0114704566663337,
      -1.2743493670063264,
      2.1435239814407505,
      -0.8763969216375262
    ],
    [
      1.386267459718932,
      1.12942645540483,
      -0.21841881435301908,
      2.605290060102238,
      1.1664235292598861
    ],
    [
      0.16088067211646992,
      1.0894369015491385,
      -1.0561425148179757,
      1.6402828799408402,
      1.0510144645085808
    ],
    [
      1.331571579687483,
      -1.9444502272172588,
      -1.2537547376023144,
      1.492185008710898,
      -0.5643140624127545
    ],
    [
      1.1136474131631515,
      -0.18062997138510478,
      -0.8430087365450987,
      1.9377508543080955,
      -0.4534193079981181
    ],
    [
      1.0993225281841366,
      0.6377458995599443,
      -0.3495054686131844,
      1.3933882623847578,
      0.17764811735016975
    ],
    [
      -0.05763192788877691,
      -0.21408573162177919,
      -1.111201205736923,
      1.3997078426700176,
      -0.1099322263461277
    ],
    [
      1.0271845938086235,
      1.72602317959553,
      -0.7612123734609977,
      0.7369269261312883,
      -0.11376502843254854
    ],
    [
      -0.0016463224407352595,
      1.9128179583089147,
      -1.5327844963798163,
      -0.029912703778454786,
      0.5508974882846636
    ],
    [
      0.6564528794177387,
      0.25634906375207234,
      -2.2603900508431947,
      -0.305266157372019,
      0.140103905958129
    ],
    [
      0.4450266643509603,
      -1.0916287102627382,
      -0.14052412437095108,
      1.7493163000908862,
      1.606279551813499
    ],
    [
      0.45927845833051534,
      1.4885728248454204,
      0.32248706980067493,
      2.0316529363915077,
      -0.2425480877364053
    ],
    [
      -0.7524971160880192,
      1.3233815478029611,
      -1.1848516188324825,
      -2.287491581621376,
      0.08205148949677399
    ],
    [
      0.5814147355078656,
      0.5923620318577648,
      -2.6532249171344535,
      -1.7601228691903636,
      0.7863945401639996
    ],
    [
      -1.147156735539341,
      0.5087821634646125,
      0.6657660147697053,
      0.21762468139808333,
      0.44760318235928664
    ],
    [
      -1.825380325287413,
      -0.339602062793463,
      -1.054648710125205,
      2.0462882028261022,
      -0.02212992523967522
    ]
  ],
  "id": 1,
  "df": 5
}