{
  "mu": [
    -0.022166426893033928,
    -0.331721837675188,
    0.019368134752293768,
    -1.6087863630499621,
    -0.28437398277529496
  ],
  "x": [
    [
      0.5050955756672076,
      -0.7775966451416856,
      1.0143865206063252,
      -0.9337581343960195,
      0.08072362169263897
    ],
    [
      0.2677692421804462,
      -0.48176549721749823,
      -0.656396066591608,
      -1.727143351137031,
      -1.725577698503534
    ],
    [
      -0.22535115734071542,
      0.4192550703386552,
      -1.673772803901587,
      -1.1923160441868248,
      0.631817210643226
    ],
    [
      -0.26235710738624746,
      0.04019695171823945,
      0.3532683278221538,
      -0.8377486609246155,
      -0.6842195972872674
    ],
    [
      -0.3601451669070056,
      -0.7298061541201234,
      1.3864082311361579,
      -1.4847306344653748,
      -0.4913135525308252
    ],
    [
      0.018291034662167867,
      -2.4693059398002393,
      1.4046269664657118,
      -0.9800380434908983,
      0.292212732843902
    ],
    [
      -0.3553487437249045,
      0.056466676174426966,
      0.6734486165155393,
      -2.7222061218324045,
      0.6809159769112951
    ],
    [
      -2.2858920605302093,
      -0.20242272211096146,
      -1.3890719995848924,
      -3.018324670337872,
      -0.3870577978812559
    ],
    [
      -0.8980858844625016,
      -0.5199103051250121,
      2.3544643635743454,
      -2.623509284494383,
      0.19558081710005698
    ],
    [
      -0.34204662180721657,
      -0.050216831007721174,
      -0.09796404137460499,
      -0.7314807611136029,
      0.1851897074555242
    ],
    [
      -1.9121400865807998,
      -1.7184908247133157,
      0.017748076601681883,
      -1.3814792592453184,
      0.71544462763849
    ],
    [
      -1.6264070725544642,
      -1.0431772969175819,
      1.3598789319177529,
      -0.4699357114886016,
      -1.7727320506796211
    ],
    [
      1.0313518086862314,
      -0.6664418039677975,
      -0.08781944092261657,
      -0.8566651023319479,
      -1.5158352839307694
    ],
    [
      0.9643846941184697,
      0.11364551850136789,
      0.38231394075473335,
      -2.104240644166957,
      1.087397081835449
    ],
    [
      1.473115828959279,
      2.2509607185588343,
      -3.8576880081568765,
      -1.1321028902436443,
      -0.8279579808376181
    ],
    [
      -0.2041007647598661,
      -0.5436008142805986,
      1.1237294425642264,
      -1.6267563303372123,
      -0.39002265936604685
    ],
    [
      -0.06147846412434423,
      0.12026070910709702,
      1.228482785335842,
      -3.6091126894308605,
      0.493907402015391
    ],
    [
      -0.38944653634197807,
      -0.21873311123396422,
      0.05272416318040514,
      -2.2900118118683546,
      -1.0068422148863247
    ],
    [
      0.14772943785413462,
      -1.7993571043431589,
      1.109845021426682,
      -2.0913053205152985,
      0.4916360599841095
    ],
    [
      0.820518512047845,
      -0.9790963009455098,
      -0.13282070178929564,
      -0.8068383116597021,
      -0.7847946366409961
    ],
    [
      -1.714293814209662,
      -0.5782702424268833,
      0.19708935088373788,
      -2.374062795752761,
      -0.5140659887059706
    ],
    [
      -1.9043777552916117,
      0.3925699161656437,
      0.0847309370036474,
      -1.6773950776344275,
      0.26919617684667757
    ],
    [
      -2.4066636058067137,
      0.15992656536519573,
      -2.481488665703422,
      -1.9768042685608356,
      0.8701611122749768
    ],
    [
      -0.536737222175346,
      -1.6004888584340695,
      -0.9232400207477662,
      -0.39277777364031774,
      -0.5050664757490095
    ],
    [
      -0.8774026130006901,
      -0.2874380621236204,
      -0.29081242303190846,
      -1.3444727846642006,
      -0.3081531356401912
    ],
    [
      0.2184862472583199,
      -0.8798888204538795,
      5.955600566843671,
      -3.0778107876015364,
      0.9062578002241986
    ],
    [
      0.7869031248069261,
      0.49565985834401666,
      -0.0753646865431571,
      0.4515193143639322,
      0.6807684544199537
    ],
    [
      -0.7844914140583817,
      -2.501829875603717,
      2.229845613136991,
      -3.029680819250249,
      0.38423046066079364
    ],
    [
      0.9111005758473352,
      -1.2910435333565484,
      -0.4527056122862555,
      -2.1785655612012773,
      0.8677484525494716
    ],
    [
      1.7717521939128162,
      -0.8924576489190672,
      -0.5063459107619631,
      -2.8371489179019913,
      0.18227423185009
    ],
    [
      -0.2366814813248096,
      1.0740568863055837,
      -0.23877653669699955,
      -1.2834457199972893,
      -0.04761383495667157
    ],
    [
      -0.5583380528431791,
      1.1109833177230288,
      -0.3904379387277792,
      1.7603416832518863,
      -0.6977880378057352
    ],
    [
      -0.027167350320714156,
      -0.35657715085514147,
      -0.41380058840552475,
      -2.01122185488631,
      -0.28420575450743163
    ],
    [
      0.5383273625603068,
      0.366246352565977,
      -0.6883440386790526,
      0.3885771810317977,
      -0.5776417999691082
    ],
    [
      -1.0584243230288488,
      -1.1367103844710522,
      0.05997671460986241,
      -0.7993581746351236,
      -0.692206336392441
    ],
    [
      0.017612697811798056,
      -0.20333081023857705,
      -0.8044745157945093,
      -0.8914685179655079,
      -1.0318739091405096
    ],
    [
      0.8836263313099325,
      -0.7271508006921252,
      -0.03350536677582168,
      -2.530932155309821,
      0.08093002282670242
    ],
    [
      0.31447296564419897,
      -0.5920347986396335,
      -0.1701965145291819,
      -0.6441936979007277,
      -0.3009801894467889
    ],
    [
      0.19507224974414866,
      0.24567548780543252,
      -1.304582449885177,
      -2.5041040059264343,
      -0.4149317475451478
    ],
    [
      -0.025079618598220707,
      0.13174036153077318,
      -0.044762588009771176,
      0.9069843945466551,
      2.779176115940524
    ],
    [
      -0.019579508058385726,
      -1.0512488785770113,
      1.6310378835031973,
      -3.44387493503068,
      -0.5762613815072868
    ],
    [
      -0.10445802733085167,
      -0.39407645763954846,
      0.7407634419495542,
      -0.18581957013506067,
      -0.9395811589876593
    ],
    [
      -1.9803373120413532,
      -0.6618436304119684,
      -0.2798237569507581,
      -1.4457920576277077,
      0.18939321992271685
    ],
    [
      1.3177951165744497,
      -0.2834723507877659,
      0.10404486893934091,
      -0.8424329115406379,
      0.20992841826478748
    ],
    [
      0.019409923404369187,
      2.2004273776814838,
      0.4633673513241921,
      -1.6196545952981498,
      0.72806151355129
    ],
    [
      -0.8991276890441674,
      -0.6107842265038594,
      0.4133640581772448,
      -2.9785766619131975,
      0.2757738957917642
    ],
    [
      1.226671532283067,
      -1.4964442606921804,
      0.18770579423445016,
      -1.8777501880844054,
      -1.842834562248196
    ],
    [
      -1.7794880776844706,
      0.9533472680702675,
      0.7248820104044058,
      -1.917808949399891,
      0.18306812306308645
    ],
    [
      0.472463754355267,
      -0.4671554447340932,
      1.0612390361083222,
      -2.6959620050104283,
      -0.09217444632541741
    ],
    [
      0.23839596996319845,
      0.37854833070603194,
      0.32517569858620843,
      -1.4117445128889283,
      -0.6467699650191131
    ]
  ],
  "id": 40,
  "df": 5
}