{
  "mu": [
    -0.9620552325031141,
    1.5643045177174144,
    -1.1504156317833247,
    0.20868930154489324,
    -1.8356707217381223
  ],
  "x": [
    [
      -0.768726742834817,
      2.5763064332931416,
      -1.2723457205913578,
      -0.9148772381430625,
      -1.3742547827694096
    ],
    [
      -0.7201253079307263,
      1.075442067682759,
      1.0448635668151967,
      3.9232958636063477,
      -1.7265965149799147
    ],
    [
      -1.4806749434739448,
      0.13279818211606487,
      -0.8674469819232051,
      -1.5550429472882328,
      -0.43996266930911343
    ],
    [
      -1.9965254402967574,
      2.6748942482690765,
      -2.665455150950053,
      1.9733325449705434,
      -2.783077503710665
    ],
    [
      0.043935423983812005,
      1.619434356100987,
      -2.708524625524314,
      -0.44427351077036276,
      -2.1837186418385075
    ],
    [
      -1.0824434539107264,
      2.937907000980433,
      -0.1266964177065817,
      0.7598991589914172,
      -0.5461853223009776
    ],
    [
      0.27864888314088765,
      1.825653983617572,
      -0.7928059930984974,
      0.26232232821876933,
      -0.8114500361421686
    ],
    [
      -1.3664442789368043,
      2.405266687023069,
      -0.5645078594954465,
      0.7830388097836569,
      -2.1179547185347647
    ],
    [
      -1.6123388799929312,
      3.364558729563674,
      -3.633350409762847,
      1.2807124894971422,
      -0.8361988170607619
    ],
    [
      -2.281970715037479,
      1.5111573142541563,
      -0.6094083153640502,
      0.18851302399509418,
      0.9257989840502663
    ],
    [
      -2.2792741534419068,
      1.9626731493076797,
      -0.045810857132672966,
      -1.198079063654344,
      -2.1941980153689413
    ],
    [
      0.10703998709312434,
      2.417409345522297,
      -0.7496351305534609,
      -0.026923439996704768,
      -0.21003740243655722
    ],
    [
      -0.4996388972117399,
      2.460954695685061,
      -1.1499855892721633,
      -0.19815994856858665,
      -0.9947544739051868
    ],
    [
      -2.2712267096601564,
      0.020948226647485413,
      -0.9442838162150642,
      1.5689773816447297,
      -2.778022714856318
    ],
    [
      -0.6470301805945206,
      1.645175027790592,
      -1.5780247551454032,
      1.8345523378219715,
      -1.2665487683726564
    ],
    [
      -0.0020945008029319423,
      -0.2671842150786812,
      -2.2627672974275344,
      0.12463762612326486,
      -0.8920892216441306
    ],
    [
      -0.6094561381267496,
      2.0011758024371273,
      -0.9701506595695875,
      0.277510304160668,
      -2.013176455610524
    ],
    [
      -1.3007922312304103,
      2.7565424965922007,
      -1.408308149615453,
      0.7712064296932877,
      -1.6612512456571298
    ],
    [
      -1.20974962660717,
      1.0542949472229408,
      -3.6366769888247097,
      0.3072441234131498,
      -3.0771956825160665
    ],
    [
      -1.6493533263125575,
      1.0602472299944057,
      0.4749478378490337,
      -0.3082145081574362,
      -1.1871041776230489
    ],
    [
      -2.648624845759651,
      1.5340842835204176,
      -1.1478529895271032,
      1.2747403871696428,
      -2.486664816607057
    ],
    [
      -1.127710953076589,
      3.1315592321194696,
      -2.4001754567761315,
      -0.4759907677610617,
      0.9397712718495816
    ],
    [
      -1.7762952998226456,
      1.0808210445207342,
      -1.281047162969352,
      -1.3354909467004588,
      -1.549676292044727
    ],
    [
      0.8807147196626707,
      2.3095198620953648,
      -1.1842035965229347,
      -0.11711254664203463,
      -0.3279934419410966
    ],
    [
      -0.9931384201108374,
      0.9763478355747562,
      -0.9357030501929586,
      0.17232118527447865,
      -2.04971699378882
    ],
    [
      -0.06137159264631309,
      1.831796803197953,
      1.106715713852181,
      0.45548346705679077,
      -1.8787439710771714
    ],
    [
      -0.41780916721174344,
      2.6230747438363364,
      -1.0431972522107205,
      0.016067802505136924,
      -1.2029352197975964
    ],
    [
      -0.7581761907539128,
      0.5501417772301129,
      -2.0099848015115294,
      0.5845126740933463,
      -0.7771323666878565
    ],
    [
      0.8440119506224423,
      0.6106713407085524,
      -2.9321357896852023,
      -0.25285997728648163,
      -1.8971699876371264
    ],
    [
      0.37711101851942586,
      2.594954062698476,
      -2.300600320264729,
      0.808954437227452,
      -1.011351423875917
    ],
    [
      -0.01785550080034326,
      1.4232814984283977,
      -0.753196383475453,
      -1.1801013925227595,
      -1.481434954531965
    ],
    [
      -1.6974223319818353,
      3.960846865911382,
      -1.0302796798301286,
      0.29403930727573563,
      -2.93548043931638
    ],
    [
      -0.6631335438700228,
      2.487392182111755,
      -2.584712275305399,
      0.6864019381404453,
      -1.993993636127731
    ],
    [
      -0.798985889873757,
      1.8528495990750546,
      -0.9875772637836819,
      1.161651759303017,
      -2.097763823965602
    ],
    [
      -1.521151314418302,
      2.0158780447489306,
      -1.6138503465886895,
      -0.24792497048664525,
      -2.8245132966798687
    ],
    [
      -0.3075249026189444,
      2.026084332246132,
      -0.7112523445554177,
      -1.239132729951518,
      -0.7153471256867385
    ],
    [
      0.16448065050384886,
      1.4474219791852516,
      -1.2451792989560897,
      0.7655466468083234,
      -1.9544864012059757
    ],
    [
      0.6053609188258219,
      1.2366223014609563,
      0.17662184549696502,
      -0.08443866949067924,
      -0.9496292609231194
    ],
    [
      -1.2112357810272585,
      3.3099756400807396,
      -1.044088210125547,
      -0.1087928114643823,
      -3.047594971137536
    ],
    [
      3.7633980957778874,
      1.4989041970895638,
      -0.8746744358642727,
      0.08808078828381886,
      -2.6140839946070513
    ],
    [
      -1.886757307916688,
      1.6592902473484794,
      -1.993520775669562,
      0.39431357697838654,
      -1.560791092372867
    ],
    [
      -0.12891895341884874,
      2.2456245722809802,
      -1.436307931906066,
      0.25038133766996656,
      -3.8574902654273426
    ],
    [
      0.34246224886000054,
      1.0921159539929488,
      -2.0383028104104355,
      0.2111165867915151,
      -2.815173961740046
    ],
    [
      -0.7650343996281898,
      0.7728502165751209,
      -1.2176093154952352,
      -0.33438001562655656,
      -1.9217127533036844
    ],
    [
      -1.380984625514326,
      2.4771188510272397,
      -0.7141457557412255,
      0.41172546402793475,
      -1.0564323195778274
    ],
    [
      -0.8581957800475446,
      1.7430361025706858,
      -1.161194021916899,
      -1.5761507851261258,
      -2.7181123425456466
    ],
    [
      -1.4217148206279808,
      1.8600274998256092,
      -0.883891436257469,
      0.7361622054775319,
      -3.5577542444407384
    ],
    [
      -0.8150468829198881,
      1.2627767227362257,
      -0.7511417458541234,
      2.627039385395108,
      -1.3148790182464034
    ],
    [
      -1.7478951895370933,
      0.7562285870749477,
      -0.8220840736758663,
      0.7238027094968242,
      -1.4000856972305105
    ],
    [
      0.6800875284382532,
      1.5381406540314573,
      -0.583299008438685,
      -1.2844946707294154,
      -1.7932367435642222
    ]
  ],
  "id": 0,
  "df": 5
}