{
  "mu": [
    -0.3562693593206755,
    -0.4021034368154014,
    -0.7801309516499598,
    0.5484678771830471,
    -0.15971290905271096
  ],
  "x": [
    [
      -0.2850980845809523,
      0.2769660889571508,
      -0.7486263550113117,
      0.6719355276770353,
      0.2563200299137404
    ],
    [
      -1.9703659628254204,
      0.09431728106444254,
      0.11808470055091824,
      0.6966031738187455,
      -1.4230704506029466
    ],
    [
      -0.2595644125975933,
      -1.076795759098987,
      -0.3449436475635838,
      0.05567479475374998,
      -1.6830565142099423
    ],
    [
      -4.028440546541099,
      -2.591273957474604,
      -1.0550591372048745,
      -0.7513718349465441,
      -0.8577184383522319
    ],
    [
      -0.49560855483893684,
      -0.8539758817241605,
      -0.1553832677695467,
      0.8946457351634112,
      0.1879633452996366
    ],
    [
      -2.294382405666476,
      -0.7816910864485023,
      -0.6257217329905325,
      1.3211720016520994,
      -0.13319792515208487
    ],
    [
      -2.910140888843647,
      0.4427981775025994,
      -0.9572438309089021,
      1.137202864447045,
      0.2778642043659127
    ],
    [
      0.5857601289132258,
      -0.6852648303716151,
      -0.710438229133327,
      -0.01206605598782251,
      -1.459239050369183
    ],
    [
      1.0861031769581708,
      1.2846387984038885,
      -1.6294493546874493,
      1.0270624678687021,
      -0.7681489126193195
    ],
    [
      -2.3741253873592334,
      0.00972516069265772,
      -0.15345400592704317,
      1.0203754352856393,
      -0.54228162078195
    ],
    [
      -0.6535923281186704,
      -2.9628530606692656,
      -1.1871822431831318,
      0.027833545858602426,
      -0.4507066046844632
    ],
    [
      -0.5519672110715337,
      -2.065102054389527,
      -0.9897524358804944,
      -0.076695653072683,
      0.8080553183875624
    ],
    [
      0.6853069951032554,
      -1.8503741605249542,
      -0.6467685584521826,
      1.064079643647021,
      -0.016314283542093633
    ],
    [
      -1.2991425434773383,
      0.6409877151768101,
      0.8184687228172852,
      -0.006569722112879095,
      -1.37343444194369
    ],
    [
      1.0465438940772227,
      -0.5718522819573462,
      -0.9049142680042838,
      0.9085381575537524,
      0.539253693712306
    ],
    [
      -1.3504226109426882,
      0.025563750563024012,
      -0.6933467121582849,
      -0.5936075357952286,
      0.08445269879532813
    ],
    [
      0.6857121517041226,
      -1.534816156633092,
      0.9328236626380776,
      -0.04619047762360551,
      -0.24732154307169507
    ],
    [
      -0.9123018086843216,
      -0.3215414016192412,
      -1.5817742432857582,
      -0.6252650666811312,
      -1.2297262688649702
    ],
    [
      -1.028440332906937,
      -0.19406943615876854,
      -0.44323419381026635,
      1.4884394408937784,
      0.4382337133419175
    ],
    [
      -0.8687548620184344,
      -1.386946156616593,
      0.8216584259244263,
      -1.2211126147846016,
      0.16673506108385205
    ],
    [
      -1.1273994085973882,
      -0.5887945262067131,
      0.9327332722026508,
      -0.11648230761064182,
      0.2674268954430692
    ],
    [
      -0.9375969315432799,
      -1.5844337508369475,
      0.33899593531449435,
      -1.3817533112458689,
      -0.08387540054752401
    ],
    [
      0.5287531449778106,
      -0.6575850916831013,
      -1.795607090840793,
      0.6826732518260037,
      0.04060241754965849
    ],
    [
      0.05493686034372364,
      -0.33079104825609507,
      -1.5612204899327593,
      1.3801790668180058,
      0.02944148454258083
    ],
    [
      0.23132364373875236,
      -0.6564016101349253,
      -1.5810162557075182,
      0.35942628680579414,
      1.2514102620520857
    ],
    [
      -1.6283098628331025,
      -0.4093540952414108,
      -0.6497721841423149,
      1.7244193541309802,
      0.5834374795727217
    ],
    [
      -1.279505409383249,
      -1.0984383710633803,
      -0.8860685267658402,
      0.5960050073636183,
      -0.3212142213388678
    ],
    [
      -0.20583953442900074,
      -1.106216827215086,
      -1.1954402632268601,
      0.561801108364414,
      -1.0651258421678733
    ],
    [
      -0.4588534576270217,
      0.7184145425242202,
      -1.7396115669482488,
      0.4993282348153531,
      -0.3179141172103716
    ],
    [
      -0.8615185814239987,
      -0.09223666753766413,
      -1.4871455150639847,
      -0.4517081046441753,
      -0.8785816200733138
    ],
    [
      -2.222352851545175,
      0.6700923144757261,
      -1.3717129936913617,
      -0.11853447347748447,
      0.16711671174123754
    ],
    [
      -1.9713853248445927,
      -0.5600171296757649,
      -0.8361513834084553,
      0.5009572547729919,
      1.00807159901352
    ],
    [
      1.4970021273896208,
      -0.6670350006160299,
      -1.394909399834752,
      0.5181468100119149,
      1.2972657775528824
    ],
    [
      -0.4125650508021318,
      -0.3546612851849498,
      -0.942933174201424,
      0.2858427467654689,
      -0.1716998013393572
    ],
    [
      0.3477236685937941,
      -1.2385302401624294,
      -0.21351523400672168,
      0.7855843571813809,
      -1.0620131156500179
    ],
    [
      0.22468561286345212,
      1.9947786297119259,
      0.46876168202464397,
      -0.1872871869292857,
      -0.6311434515175972
    ],
    [
      -0.3470225642926379,
      -0.49733938440151215,
      -2.271706427436888,
      0.5368733495943294,
      0.9263624360258478
    ],
    [
      -0.7419838783826648,
      -0.13600032632221198,
      -0.793396611923776,
      1.0023125149936618,
      -0.5269915616576909
    ],
    [
      -3.475896711599967,
      -0.6122947802498249,
      -3.0359813693930815,
      1.2135415672638548,
      0.5213606310271025
    ],
    [
      0.6561338792687713,
      1.047986804252183,
      -1.118547817257269,
      1.1640733547777409,
      -0.7259354971362553
    ],
    [
      -0.7026483977174476,
      -0.44598143324484085,
      -0.36770654464588126,
      0.9431874299654149,
      -0.3189333808342576
    ],
    [
      -0.01716888958946139,
      -0.5826069149108218,
      2.607497561212375,
      -0.0021580410046921905,
      0.2871560819395958
    ],
    [
      -0.7259341590826943,
      -0.41249709568239334,
      -0.7900419725792168,
      -0.46433756761125733,
      -0.2738352280765593
    ],
    [
      -0.691049011009405,
      0.44087792742580845,
      -0.8052951618648319,
      -0.5720510292657106,
      1.1569072860293097
    ],
    [
      -0.09807207605831236,
      0.7308496638826952,
      -0.15826414301092928,
      0.2906657519416536,
      0.15766390534671276
    ],
    [
      -0.35734610537109557,
      -0.004310700187526606,
      0.017286837313096215,
      0.6066287076051913,
      0.10203479139186655
    ],
    [
      0.027392439810763836,
      0.6662976710769312,
      -1.8271229084571217,
      1.6189241792203033,
      0.06154000729505582
    ],
    [
      -0.9302456914140176,
      -0.2703647371911012,
      0.3671797158471236,
      0.16028984232126048,
      -0.16118555854734945
    ],
    [
      1.0028208203931208,
      -1.3305764642276183,
      -1.512316557165196,
      0.6419647782011957,
      -3.1672414108269864
    ],
    [
      0.6841786883811768,
      -1.5492501958127738,
      -0.46588239606042614,
      0.31319664687888304,
      -0.5646264088507941
    ]
  ],
  "id": 32,
  "df": 5
}