{
  "mu": [
    -0.23654972599216506,
    -0.3029037230957733,
    1.013129022980193,
    -0.5246719927956163,
    0.5279146376102578
  ],
  "x": [
    [
      1.7431208400494174,
      -2.8530827350906445,
      0.44334285717170285,
      -0.5533190902920664,
      -0.17459386577648606
    ],
    [
      2.278043442871704,
      -0.14089126659328968,
      3.268192876680649,
      1.1755277912714606,
      -0.13727494086958358
    ],
    [
      0.7003764208262698,
      0.11705363279903325,
      -1.5492256372552795,
      -0.49718751658915517,
      0.24689932467658565
    ],
    [
      1.0541145727717325,
      -0.17512114898136585,
      1.496679404514451,
      0.6804757604416476,
      -0.578225672645151
    ],
    [
      -0.9119621073976909,
      -0.01861664156171766,
      0.4278453342665919,
      -0.03809065492481911,
      0.46299451943964104
    ],
    [
      0.3987855414590452,
      -0.21846753809910469,
      0.6573243726040213,
      0.24860715800800526,
      -0.0033583439299572637
    ],
    [
      -0.3681926527933309,
      -0.7707896976201678,
      -1.3948867450424833,
      -0.2520172267879012,
      0.06937014472995873
    ],
    [
      -0.06832504920356133,
      0.25290125436281896,
      0.9577258938800924,
      -1.5088757473389198,
      0.8265617075868859
    ],
    [
      -1.5204311115561646,
      -0.567903718260033,
      1.6200137733835613,
      -0.6454165791498744,
      -0.24513816094362972
    ],
    [
      -0.5314017793187065,
      -1.128866610598141,
      0.21555523035293644,
      -2.63296991409784,
      2.381394127673192
    ],
    [
      -0.22232633991136397,
      -0.28308194043612217,
      1.3361908526626032,
      0.4507646200482375,
      0.1814448099245347
    ],
    [
      1.5931363861866559,
      -0.39901510559005415,
      -0.28900721227421067,
      -0.3394502371718919,
      0.4798048196177269
    ],
    [
      -0.7010766465047324,
      -0.6800805041191786,
      -0.1376576046177409,
      -0.050056793748245954,
      0.30721821696182394
    ],
    [
      -0.19854880354811158,
      -0.796123136261218,
      1.4576203511625714,
      1.5937092414262086,
      0.5786020680951205
    ],
    [
      -0.9070215837987949,
      -0.5146516961428413,
      0.46578351702276755,
      -0.3553022160968412,
      0.943323791100574
    ],
    [
      -1.232012546167672,
      -0.6129057038027108,
      0.16346354606454339,
      -0.26243163091103233,
      0.9755620337935818
    ],
    [
      -0.12837924713543494,
      0.11903171490880649,
      0.33506618712198444,
      0.5354220409543686,
      0.1999214409655194
    ],
    [
      0.16552403267504462,
      0.036387870600635086,
      2.0688247713380807,
      -0.7933357372760399,
      1.1508155949148842
    ],
    [
      -0.0222213649439284,
      -0.6827708731641897,
      -0.19837598776729704,
      -0.9547916749248864,
      -0.5785795842984575
    ],
    [
      -1.5966350999097245,
      -0.8839599124116843,
      2.153469201363261,
      -0.5618684835281613,
      0.1659447454938775
    ],
    [
      -0.3029630799526898,
      -0.8846176373850224,
      1.1023427801384242,
      0.020405653905760324,
      -1.5268217256260135
    ],
    [
      -0.6585619542193195,
      -0.8274115438282235,
      1.434358570883654,
      -0.29096045487871197,
      -0.6842576731390845
    ],
    [
      0.39999947037003036,
      -0.4887552037928201,
      1.5190059313842252,
      -0.7605635782938225,
      1.599702955851019
    ],
    [
      -1.454471381431821,
      -0.40430277379405577,
      2.404642255732223,
      0.5569125798483441,
      1.1392520571966207
    ],
    [
      1.8283073133770245,
      -0.5166742828098148,
      0.5418123880385259,
      1.1500824098212838,
      1.1950855107569143
    ],
    [
      -0.8968552619467449,
      -0.7704804501463396,
      0.0009432156194553176,
      -1.1370356575399447,
      -0.19415659458540846
    ],
    [
      0.4300636580812113,
      -0.23052201539795525,
      0.9639427048398758,
      1.5427217061812855,
      -0.06256003409536814
    ],
    [
      0.46701841137387834,
      0.399267136142189,
      0.5094720946887766,
      -1.4230902590172734,
      0.8380057012224119
    ],
    [
      -2.5086009165406944,
      0.5268518211588918,
      2.5670937821714794,
      -0.2953546400899718,
      0.16967014909453415
    ],
    [
      -0.006374656740241874,
      -0.7859089869137872,
      1.1052276093096247,
      -1.2610943408257405,
      -0.2570692991286967
    ],
    [
      -1.3908022573716003,
      -1.161690219250983,
      -0.28984712688365444,
      -0.2658810553692858,
      0.28438117072309854
    ],
    [
      -0.24566020968991095,
      -0.23430785897828504,
      1.5390358540776101,
      0.7124668962537857,
      0.13454384042924028
    ],
    [
      -2.5446609590777802,
      0.7788754425099921,
      -0.17067595975804228,
      -0.41983173600161405,
      -0.9442307928460955
    ],
    [
      -0.44290467267309913,
      0.5375461272164674,
      0.909121644259967,
      -0.44062485520715855,
      0.5355727382658716
    ],
    [
      -1.6975648652957616,
      -0.34402771318132835,
      -0.718793206644774,
      -1.4393928409390586,
      2.0035188543874853
    ],
    [
      -0.15074346055961796,
      -0.780376594249355,
      0.7187249695898366,
      -0.8990873493297544,
      -1.021460265156232
    ],
    [
      -0.08830264131373708,
      -0.7935188326445018,
      0.3534111302565408,
      0.23307265945320377,
      1.7467109268238024
    ],
    [
      -0.923613308026962,
      1.2547927061742845,
      1.7558125925819397,
      -2.419007779621853,
      -0.36196800772578475
    ],
    [
      -0.9677650086882099,
      -0.37174123104638124,
      1.1434737684064515,
      -1.1582829709389637,
      -0.25721613522781117
    ],
    [
      -0.0770222980229757,
      -2.2606419673377753,
      2.7820776071229485,
      -0.15320134166977967,
      -0.005785012669355383
    ],
    [
      -0.7888765415238667,
      -1.1489525872479662,
      2.0162505219704876,
      -0.6291081723884755,
      -0.9549681088510279
    ],
    [
      -0.020035177916540886,
      -0.8726518201820078,
      0.17008606948760707,
      -0.3936575600311153,
      0.4058181871064522
    ],
    [
      0.09325349194450694,
      -1.0107626208219453,
      -0.06706744237211937,
      -0.17066690762954262,
      0.28447902127932334
    ],
    [
      -0.8924212307530657,
      -0.5701460882048441,
      2.564684204816964,
      -0.32748462466904027,
      0.07538674639467913
    ],
    [
      0.48843416878915213,
      0.7069509146668799,
      1.8812589211770923,
      -0.5058381584181757,
      -0.9180322744405237
    ],
    [
      -0.260552623580217,
      -1.8261301717226797,
      1.0956617301880567,
      1.7642803222836598,
      0.5040596976056209
    ],
    [
      -1.1154171989846953,
      2.094655310236887,
      1.460357202712089,
      -2.8160262926567645,
      1.3403198936771175
    ],
    [
      0.11226975780056081,
      -0.6990797436027474,
      0.604681397930092,
      -2.8035662173803138,
      0.6656001498788929
    ],
    [
      -0.14934007169435043,
      -0.30903221090065164,
      1.8481569510941476,
      -0.7128092171171239,
      0.23847314724811164
    ],
    [
      -0.22442320266266733,
      -0.4600200609573223,
      0.9331034906739691,
      -1.6132009874852105,
      0.6697647392184439
    ]
  ],
  "id": 6,
  "df": 5
}