{
  "mu": [
    -1.424228711803727,
    -0.23174810913981628,
    -0.2671370582899257,
    -2.67239462318861,
    0.46343638968418643
  ],
  "x": [
    [
      -1.527128282499735,
      0.7463359549036496,
      -1.1487154209158597,
      -2.7197421393484755,
      2.6080599346998192
    ],
    [
      -0.791415388504143,
      -1.0745149529575277,
      -0.6871643593291005,
      -3.101184011287453,
      0.8183745824683961
    ],
    [
      -1.8647040418022989,
      -0.10910069541916254,
      -1.576167957808925,
      -3.9751683067876376,
      0.6193888961101822
    ],
    [
      -0.669828661596388,
      0.7455101914496345,
      0.6955951327583134,
      -4.060733365367657,
      0.12355547425975044
    ],
    [
      -0.40994078475788176,
      -0.4818221723659818,
      0.21098319298275292,
      -2.873775608661405,
      0.4268862565960118
    ],
    [
      -1.8716440597594999,
      -1.5710335351514446,
      -0.5268309721614737,
      -2.2419224436579546,
      1.7294791403024263
    ],
    [
      -1.5847040809551982,
      -0.2668535132780379,
      0.8115602681118128,
      -2.7343398701550825,
      1.1085343496889295
    ],
    [
      -2.1983559672303534,
      0.8730518964395021,
      3.338552777281124,
      -3.859725544056986,
      0.23906897388269366
    ],
    [
      -2.964304219756479,
      -0.6675275730387575,
      0.852494378226734,
      -1.6002539528251656,
      -0.7052865519138272
    ],
    [
      -2.873330285577169,
      -1.5107916960898042,
      0.37124508658440464,
      -2.698579176988018,
      0.984531343572562
    ],
    [
      -0.5971318981329845,
      -0.6903113203635352,
      -0.19630292544359645,
      -3.307714222540565,
      0.8248369646588053
    ],
    [
      -2.264384070538355,
      -0.7501103369305583,
      -1.4043079407571044,
      -2.545166734836868,
      0.22846134096352222
    ],
    [
      -1.59332403887405,
      -0.1321730018096797,
      2.7001128315521377,
      -2.0317713654452763,
      -0.7226106643311716
    ],
    [
      0.5834594012856829,
      -0.7028854667233752,
      -0.2782864457838018,
      -1.66491917373946,
      0.6601983020204804
    ],
    [
      -2.1565301880366956,
      0.01645049504660112,
      0.07402995801705492,
      -2.9188848723963843,
      -0.21553052742985057
    ],
    [
      -2.582430731890052,
      -0.07754565678107875,
      0.22690769518919063,
      -2.0217569565395883,
      1.8460480161646864
    ],
    [
      -2.1827593743603817,
      -1.0937388279789806,
      0.30728534695557747,
      -3.6471027774826723,
      0.9790792718338002
    ],
    [
      -2.205010969183043,
      1.57095527036419,
      -0.48334450510138216,
      -3.5284606453781473,
      1.6118960855319098
    ],
    [
      -0.981368997252882,
      0.36224685071339446,
      -1.0903137394280715,
      -2.181895933591831,
      -0.2672960672370933
    ],
    [
      1.500107989195627,
      -0.18474891531275883,
      -0.06893447584322304,
      -1.6153894806533184,
      0.48531808309323426
    ],
    [
      -2.0166260008736514,
      -0.2823362799008946,
      0.4348995282085207,
      -3.4811406762346166,
      1.5440944454267054
    ],
    [
      -1.3930417209141854,
      0.06565570577739652,
      1.2585389744189734,
      -2.3555463618895223,
      1.3172087183121766
    ],
    [
      0.36416060477940504,
      0.044821018061306755,
      1.358907075810005,
      -1.4329545324147193,
      0.19674733045090864
    ],
    [
      -1.7515326179378035,
      -0.3522561451368602,
      -0.28588946914092306,
      -2.0244614592153902,
      0.11574663310871192
    ],
    [
      -1.721374577537083,
      -0.6066129287562515,
      -2.154448119334991,
      -0.9116650196289569,
      0.9376076490291951
    ],
    [
      -3.4244341235987763,
      -1.9852049233153009,
      0.1264546401882078,
      -3.7338782920373275,
      0.1572271482489398
    ],
    [
      0.6142759127594539,
      -0.2551018178609529,
      0.4429079030491599,
      -3.246761982546334,
      1.012863308718253
    ],
    [
      -1.6477973533562793,
      -0.5347670244668639,
      -0.17127272494471818,
      -1.9437011777220992,
      0.8340551875280817
    ],
    [
      -1.6182724451353871,
      -0.3416587521814114,
      0.8809211741864058,
      -3.1860538418499997,
      0.9361704922549859
    ],
    [
      -1.1502747934220066,
      0.35722689525202245,
      -0.852109105063819,
      -2.1756622354972928,
      0.35978181182198155
    ],
    [
      -2.79853473867842,
      -1.9798533078232947,
      -1.0297410289461928,
      -2.111753276981636,
      1.1458531433893189
    ],
    [
      -1.0708329102243082,
      2.066549321956588,
      -0.3004099939858267,
      -2.6770514355192714,
      -0.44372170697712987
    ],
    [
      -2.3982339125642342,
      -0.9251741011225927,
      0.07643778958244146,
      -3.0894915002726635,
      0.5499456254737484
    ],
    [
      -0.6087434007678614,
      0.8745436288068594,
      -0.7710969778399079,
      -2.275195771753395,
      0.8667582605060051
    ],
    [
      -1.4553736002810145,
      -1.744227927448317,
      -0.727774525005189,
      -1.9158758028237752,
      0.654173958566928
    ],
    [
      -2.465648639192219,
      -0.6432799956442389,
      -1.048740015827109,
      -2.7035024188874255,
      -0.9801456662217345
    ],
    [
      -1.9152460057562881,
      -0.460846152195244,
      1.0933959024398157,
      -2.4724535622418697,
      -0.0979299504285821
    ],
    [
      -0.7845389207626403,
      -0.0156949749142839,
      -1.1842669721283678,
      -4.448721673185557,
      0.042014605733732
    ],
    [
      -0.5975800392375107,
      -0.22920502482249272,
      -0.05162476309311215,
      -2.888048330702895,
      -1.3024104334203457
    ],
    [
      -0.5113918478783634,
      0.07759672601263332,
      -1.0972173427232599,
      -1.1021759997404468,
      1.686177280314732
    ],
    [
      -2.3293775958365117,
      -0.07714101005348345,
      2.2120791661396377,
      -3.585151186432795,
      1.11884024501636
    ],
    [
      -2.2313195870537754,
      0.7062298872805476,
      -1.0847047437125583,
      -1.5399351651572022,
      -0.8947438626149793
    ],
    [
      -1.1966793428908455,
      0.46390456819523285,
      -0.29413493642558286,
      -2.0834656247329644,
      1.4885585135208295
    ],
    [
      -0.6355893088630291,
      0.10064900565288884,
      -1.3167414378151518,
      -2.8556554550713655,
      0.11584803503414393
    ],
    [
      -1.256401911695093,
      -0.9837285004288677,
      1.0422597661024564,
      -2.044797084983551,
      2.6114846599735317
    ],
    [
      -4.407680065695303,
      -0.9068197273879248,
      0.34513096690948836,
      -0.4994372905561528,
      1.090224072118919
    ],
    [
      -0.49013681732806347,
      -0.21713149992150071,
      -1.2385560599175531,
      -3.131275558704734,
      0.6920244814250609
    ],
    [
      -3.8026227573121405,
      -0.2640313516108219,
      1.1390363432663948,
      -2.1526299671357574,
      -0.24501940731920457
    ],
    [
      -1.2894773075238692,
      0.441314962265548,
      -0.07776756290265488,
      -4.330347274125456,
      1.7428467424455036
    ],
    [
      -2.124393269770492,
      -0.5289742778735211,
      -0.0721135862799458,
      -3.6726600061152364,
      0.6911702579552474
    ]
  ],
  "id": 19,
  "df": 5
}