{
  "mu": [
    -1.0735551271753676,
    0.5510413962188115,
    0.0809147087175983,
    -0.6978816859845204,
    0.29660843406020376
  ],
  "x": [
    [
      -1.0965864058748924,
      -0.4842790353790386,
      -0.9513172642309766,
      -1.1080745553296125,
      -0.30350781997054366
    ],
    [
      -2.4740297006496874,
      0.5163383244384077,
      -0.09805687079688767,
      -0.6704739475201553,
      -0.12756802063498457
    ],
    [
      -1.862244670464524,
      -0.28084691552752106,
      -2.4215334094318597,
      -0.7784434058399992,
      -1.358195156825126
    ],
    [
      -0.34577969861461166,
      -0.14774690717346106,
      -2.2960135901276693,
      -0.4363839109177193,
      0.500787355580625
    ],
    [
      -2.1188609870939836,
      -0.7764971372153705,
      1.6621311827117193,
      -0.911133158285701,
      0.2919251660309022
    ],
    [
      -1.5050531575302666,
      1.8930583474091045,
      -1.4502899673887355,
      -1.7701136860626825,
      2.731353527211585
    ],
    [
      -1.0328270822333878,
      0.6608568814717216,
      -1.0421625882314032,
      -0.9042278048727722,
      -1.0012282283997558
    ],
    [
      -2.3613641191758785,
      1.1066108067389528,
      0.3905649401304205,
      -1.2954547745813174,
      3.664493928360895
    ],
    [
      -1.0051505014170927,
      0.6507318607800123,
      1.747455648576851,
      -1.117930389610697,
      -0.6510288122224707
    ],
    [
      1.263318859606975,
      0.05905336724888327,
      -0.3565475206897693,
      -1.2941408154542025,
      0.28075209094126796
    ],
    [
      -0.7606926323752906,
      0.8543782849844033,
      0.15711293144695093,
      0.15144940384429484,
      0.2963078708381864
    ],
    [
      -0.972207292545807,
      0.45340980192585945,
      -2.401934802705615,
      -1.9379691530395013,
      0.3880073886258121
    ],
    [
      -1.6622942282256183,
      1.0278855717962525,
      0.40862459808883245,
      0.6979174000051419,
      1.7609354187371407
    ],
    [
      -1.6284843014279824,
      -0.3279698232963021,
      -0.6193440891649719,
      -1.2598792604588973,
      0.9279925805650809
    ],
    [
      -1.1629616508600669,
      0.5017526867022012,
      -1.2751304277335866,
      0.41734344541461843,
      -0.145512227964337
    ],
    [
      -0.48117332623094744,
      0.9273776421307878,
      -0.17459963618136337,
      -1.4682310940087993,
      -0.4914686955016261
    ],
    [
      -1.3514781542622516,
      0.8517822250125013,
      0.13572174663902895,
      -1.0917656719398678,
      0.9817560951186671
    ],
    [
      -0.976334325242493,
      0.09827054116542078,
      0.6728170969380591,
      -2.138612969273493,
      6.198071434201528
    ],
    [
      -1.8778547838799358,
      0.15127893545915255,
      -0.26701761231095633,
      -0.12297995779432003,
      2.036842714170264
    ],
    [
      1.198284649206126,
      -0.6635935458537255,
      -1.5135182061493644,
      -0.00803294049742831,
      0.6700682154398006
    ],
    [
      -1.3248284586513206,
      1.061535981522451,
      0.6338175779219153,
      -2.546917845626245,
      -2.4058655691281725
    ],
    [
      -1.656072899937434,
      0.13049827222529536,
      -0.18629043552077956,
      -0.15471203284257584,
      0.6451528289246893
    ],
    [
      -0.9614948734041303,
      1.0230174480308687,
      -0.24469867884807528,
      -0.8373458707071076,
      -1.510516037991581
    ],
    [
      -1.8318588909504032,
      1.840834174097226,
      0.3298743732386679,
      -2.0587982391405317,
      1.0970955969051053
    ],
    [
      -0.13122019026953824,
      1.3828497925690004,
      0.2657641294132314,
      -0.882897153523245,
      -0.2792882039955704
    ],
    [
      1.0613651569370381,
      1.0985552409146717,
      0.6220763337843892,
      -1.1922322230078124,
      0.5877871348393281
    ],
    [
      -0.3275339970584298,
      -0.32321553998037567,
      2.287902931914562,
      -1.5001405982693516,
      0.025404137226244572
    ],
    [
      -1.710852204984369,
      -0.22407296114294006,
      0.3393606524224918,
      0.3456203437214226,
      1.4079725946468602
    ],
    [
      -1.396937024123195,
      0.38800218967930966,
      1.385740415702441,
      -0.95114126734238,
      1.174063412184889
    ],
    [
      -0.8446188433378485,
      0.1442023337806217,
      -0.5411527916008572,
      -2.2044974220005096,
      -0.28578825450249534
    ],
    [
      -0.6577733971342608,
      0.35531202245917176,
      0.8759377904745574,
      0.5595141852140076,
      1.2357185281516871
    ],
    [
      0.022441131758896615,
      1.2042912804335284,
      0.5754958678418994,
      0.9912875501894046,
      0.6092967566590564
    ],
    [
      -1.6431929725151724,
      -1.206939269683656,
      -1.076902928564041,
      -0.22423429110954335,
      0.8937952262418261
    ],
    [
      -1.7668332404537546,
      0.1640075970259327,
      1.1285740600840506,
      -0.7873349119473818,
      0.2949014206233812
    ],
    [
      -0.9199139958878407,
      1.7278305017062752,
      -1.6330015635410593,
      0.32052917925325175,
      1.4004122653110067
    ],
    [
      0.2952482931190361,
      0.37731120661936757,
      0.4084144088781854,
      -0.7495192440231311,
      -0.9462232694742596
    ],
    [
      -0.6435779141483112,
      0.3933217635993991,
      -1.0123787796277088,
      0.08378068850057707,
      1.0092520980394302
    ],
    [
      -1.6364612797057243,
      1.350984619094785,
      0.6517894924144876,
      -1.7082159648426307,
      -0.7290423987940933
    ],
    [
      -2.7936715160067793,
      2.159867653712453,
      -0.18715847402583213,
      -1.5672777076784303,
      0.18255387669985357
    ],
    [
      -2.8424212221851786,
      -0.35656515317553417,
      1.3000582394586138,
      -0.7768646010547674,
      0.510858729599404
    ],
    [
      0.14390430959069733,
      0.7978535432416846,
      0.28192308337681915,
      0.3800947027723306,
      0.5259872908756702
    ],
    [
      -0.7639783739224155,
      -0.2071332362101902,
      -0.2966263488207623,
      -0.3464137748064693,
      -0.2578713831346795
    ],
    [
      -0.8500494200858085,
      2.275031369983098,
      0.1402496437015113,
      -0.33358833365201923,
      -0.1513693838080119
    ],
    [
      -0.8787910016837419,
      0.6998684746580179,
      0.4292194573129651,
      -1.5308244703609357,
      -0.008309394048912289
    ],
    [
      -2.2506453706180807,
      0.3191393036102407,
      1.0743761458495644,
      -0.24870107270507769,
      -0.0581260619889018
    ],
    [
      -0.531685452256051,
      0.1127546482230129,
      0.12205620458577407,
      0.8208317683031369,
      1.3246988786780154
    ],
    [
      0.12675481784513143,
      -0.10419033407512446,
      -0.2988903003727941,
      0.009123761557536247,
      -0.15081816800686182
    ],
    [
      -1.4896402564535915,
      -0.6172256298902784,
      -0.7615701120174314,
      -1.0582469706855546,
      -0.6115689076352792
    ],
    [
      -0.486546104760051,
      -0.9550574605065903,
      -1.0803162431821571,
      -0.7247380321634088,
      0.3582472802371354
    ],
    [
      -0.42556483894388486,
      -0.020083294298701038,
      0.6880945739498997,
      -0.7166643353433135,
      -0.9317126359161407
    ]
  ],
  "id": 31,
  "df": 5
}