{
  "mu": [
    0.3455328466109369,
    -0.4574136874158524,
    0.6832251057350476,
    0.4562917453194444,
    -2.159784102517666
  ],
  "x": [
    [
      -0.9177991898432214,
      -0.05919546566516659,
      -0.12938794875300053,
      -0.6427900708262526,
      -2.347490159496944
    ],
    [
      0.3447140317187664,
      -0.6938235424660452,
      1.2019303959773464,
      0.7434337000293594,
      -3.396383287694161
    ],
    [
      1.5515210269465272,
      -1.3905538242148898,
      0.5848729092506124,
      3.1042134727458324,
      -2.3610736391633416
    ],
    [
      -0.14798490630212774,
      0.021041253354871337,
      1.7209976691289313,
      1.1205357566086869,
      -0.7654251498423683
    ],
    [
      0.7068004361986717,
      -0.33775397352057657,
      1.2615397357491407,
      -0.341459949430183,
      -2.333373806151037
    ],
    [
      1.4852999874476553,
      -0.1966299870272626,
      0.6944362018920768,
      3.708403666993722,
      -3.243950326985173
    ],
    [
      0.2914600036763227,
      -1.348838838458826,
      1.0910100058146077,
      0.9377937639928092,
      -2.8899897490464843
    ],
    [
      -0.4167464655688526,
      -1.7736196251957415,
      0.8436995899924732,
      -0.39532019954119424,
      0.986608900327798
    ],
    [
      -0.20958799388566968,
      -0.5986016497534287,
      1.0319508523508907,
      1.6419841019765744,
      -2.310581420291169
    ],
    [
      1.1881024031880327,
      1.2767176091109746,
      0.8293847590055909,
      0.9875695767912414,
      -1.8616184110479135
    ],
    [
      -0.036041847485610734,
      -0.21564911744758872,
      0.08740902738083789,
      0.09572370911656103,
      -1.1010946056645208
    ],
    [
      0.6888896746374737,
      -0.39862880777825804,
      0.5946306392774905,
      -0.7811475331509463,
      -1.4937039003981667
    ],
    [
      -0.5248797410780421,
      -1.2988378327552312,
      1.0183825104718716,
      0.19438926651061494,
      -2.3023436757076823
    ],
    [
      0.7059375725773158,
      -0.4202002427509023,
      0.9136439946225019,
      1.1343747984961188,
      -2.946072307457758
    ],
    [
      -0.9222977391757239,
      2.4920095679845704,
      1.1423197751841112,
      1.419130358353621,
      -2.876006042079528
    ],
    [
      0.997756451659271,
      -0.44347679518970295,
      2.522297608920554,
      1.543495415207361,
      -2.130777455698743
    ],
    [
      0.9676906800550902,
      -2.4039312062354696,
      2.0794871836910804,
      -0.09689775028530179,
      -3.020757771146341
    ],
    [
      0.5472357075660126,
      -3.7017891063933708,
      1.2908100010863095,
      1.7002235702928434,
      -2.3124397283036258
    ],
    [
      -0.42041584697562534,
      0.12226406120806899,
      1.5669406497166567,
      0.1826669212060723,
      -2.9510307899109507
    ],
    [
      0.6274400687352826,
      0.11079136235750087,
      1.960740121765369,
      0.26566397193374003,
      -3.0406983712935984
    ],
    [
      -0.15007177619595502,
      -1.4151796667556553,
      1.830188476867631,
      0.4202660097361778,
      -2.5082138803974168
    ],
    [
      0.21311652554272376,
      -1.2341686053765177,
      1.2906759950107318,
      0.23350752813053674,
      -1.3098172996303363
    ],
    [
      -0.4616700377558292,
      -1.257252075050026,
      0.44818339646077415,
      -0.10148327466694329,
      -0.7473885481281182
    ],
    [
      -0.09770391889249569,
      -1.759070636241491,
      -15.21622555658812,
      -0.2831774022313599,
      -2.048027281088315
    ],
    [
      2.9041005936359214,
      -0.4872416738253206,
      1.0936079443183235,
      0.5599568277193432,
      -1.9992812515644185
    ],
    [
      2.039292746148176,
      -0.2759673099984551,
      1.4414144904106556,
      -1.316131119418956,
      -1.3850340518542377
    ],
    [
      0.8843961941088996,
      0.4738756142712267,
      0.3195138729386882,
      0.9608147796610933,
      -3.679168484585579
    ],
    [
      0.27351629697321067,
      -1.0924289701952743,
      0.0009164214609940213,
      0.8760950306918692,
      -1.8352197480296422
    ],
    [
      -0.6266194999231718,
      -0.5570454977557076,
      0.23493435857363237,
      0.29709455073236457,
      -2.1980002882313037
    ],
    [
      0.8455301386645027,
      0.1405097515282322,
      1.2445460082829904,
      0.6456212467166482,
      -1.6726246175890935
    ],
    [
      -0.5857291123569277,
      1.0667962738843855,
      0.6548371732809575,
      2.092451284756182,
      -2.2420620960368796
    ],
    [
      0.7379930686856544,
      -2.118064640954675,
      0.9223953902870493,
      -0.07443784785005358,
      -2.2249240632237592
    ],
    [
      1.174749957824851,
      -0.03056890672642204,
      1.4684992781072537,
      1.410252981686733,
      -2.9266492997554647
    ],
    [
      -0.8874970513862952,
      0.6118194052474556,
      0.41111597216457496,
      -0.6805755121559618,
      -1.4401643702756497
    ],
    [
      0.06694751604811444,
      -1.4070875180528186,
      0.7319065471450265,
      1.0397972733425844,
      -2.632519064584084
    ],
    [
      -0.8125130503345706,
      -1.1736545331764188,
      0.5898460963795326,
      0.9408625054712213,
      -2.51025173715345
    ],
    [
      0.07638855417167473,
      3.945246505577582,
      0.2101512711014411,
      0.5293318383064406,
      -2.180943037153716
    ],
    [
      0.23742469661206028,
      -1.036111459055589,
      0.6769084484535204,
      -0.13385958608280912,
      -1.0751714370681744
    ],
    [
      2.172085397633709,
      0.6322288118009675,
      -1.6718241211704168,
      -0.2805089607494683,
      -2.4370530863348154
    ],
    [
      -0.6198491660690439,
      0.19979121407871603,
      -0.44078648368855755,
      0.3722398169845354,
      -2.373438841967016
    ],
    [
      -0.6024626094331385,
      -0.9390764225772532,
      0.30386136190402735,
      -0.6199688291933187,
      -1.8232788465251875
    ],
    [
      -0.13345075469326023,
      -1.6321720115322051,
      -0.20687172276179,
      -0.9226032344965576,
      -3.052697079704468
    ],
    [
      0.17231839800739907,
      -0.16721634073687253,
      0.5017296053962409,
      0.6878697955165878,
      -3.7708254009806863
    ],
    [
      0.8803315152904239,
      -1.1129814022827262,
      0.9897589258511807,
      -0.17048192528032868,
      0.27983406575354053
    ],
    [
      0.1076532857741127,
      -0.9749147947720392,
      0.006008710628055303,
      1.3018837833382577,
      -3.6954086877185413
    ],
    [
      0.059360694659268465,
      0.705899502980227,
      0.6731497306426432,
      0.9527577516061454,
      -1.2727618687071782
    ],
    [
      -0.6759166239573304,
      -1.4051804349035826,
      0.10209830482968751,
      0.1011010680019096,
      0.06518923003225252
    ],
    [
      -1.1061579817716398,
      -1.294326694283444,
      0.18414596560819102,
      1.4494698875510525,
      -3.149532974718669
    ],
    [
      0.08334493113061425,
      -0.48087212791494016,
      1.227832203282618,
      3.2486705497305257,
      -2.30144649457614
    ],
    [
      0.6541105899059182,
      0.48551151896729483,
      -2.7263813999130604,
      1.4872954903174975,
      -2.738219319121613
    ]
  ],
  "id": 33,
  "df": 5
}