{
  "mu": [
    -0.4210077524862682,
    -1.6868240970519084,
    0.2623857156483094,
    1.1841663640903013,
    0.9355516284035896
  ],
  "x": [
    [
      -1.7369481139733987,
      -2.1587422699509586,
      0.7075756168987885,
      -0.8334561812801464,
      -1.1918448477058192
    ],
    [
      -0.8179898756039582,
      -0.9766724725256052,
      -0.01526013132376175,
      -0.0281859399197677,
      1.3426215850166934
    ],
    [
      0.39890030037810076,
      -1.3470539523212899,
      -0.5558458166333378,
      1.37087787151672,
      1.113281446564658
    ],
    [
      -0.19084886027154901,
      -1.7286791123086775,
      -0.35612221048269316,
      2.665271575166932,
      1.3988188001101598
    ],
    [
      -1.3413462820251476,
      -0.470231388095234,
      0.6036192125818343,
      1.1221582331267705,
      0.4600422397210305
    ],
    [
      -1.1398652414746704,
      -0.49447046992964916,
      -0.5929825347801272,
      1.1538908039867404,
      2.3919748262537723
    ],
    [
      0.4016111634633789,
      -1.5784207671165102,
      -0.14652325620418377,
      1.127318452771016,
      1.4019620057637243
    ],
    [
      -1.2320172544098726,
      -0.11192562083312163,
      0.11714575182641265,
      2.4619388484300577,
      0.45993366639096045
    ],
    [
      -0.5070395089158818,
      -2.2449282149223433,
      0.4138077091367025,
      2.10508885562966,
      0.3872707984488536
    ],
    [
      0.24161946523394795,
      -1.794235879541656,
      3.431246353049719,
      1.033892118829034,
      -0.06867515209206765
    ],
    [
      -0.5370082509109929,
      -2.997151621315048,
      0.13621444268016197,
      3.0849584845996523,
      -0.800290064815125
    ],
    [
      -0.08013046084690284,
      -1.2597899234666539,
      0.1873114642531034,
      0.1986571039196301,
      0.6252616193911597
    ],
    [
      -0.8026888182689635,
      -2.4022589609571767,
      -0.39377917584099803,
      1.3632439593497312,
      1.2766414153897125
    ],
    [
      0.9884802568153949,
      -9.806265684464165,
      0.029682481921804116,
      1.6390551908756255,
      0.14571847020952466
    ],
    [
      -0.514904941747965,
      -1.0193771100343085,
      -0.4773392406596762,
      -0.3135754426573316,
      0.43921656069247555
    ],
    [
      0.4621284969635667,
      -2.869968680879018,
      -0.4716823230795771,
      1.1890011270600136,
      3.2220938964282224
    ],
    [
      -0.6190548613993198,
      -1.997461555359592,
      -0.9450420909839239,
      0.18795235199531046,
      0.6008617930972106
    ],
    [
      -0.4477072265419807,
      -1.6366326631417718,
      0.7433802274019912,
      0.45359960480708394,
      0.677227324604732
    ],
    [
      -1.160283466913103,
      -2.121631533891039,
      0.09146200320814146,
      2.1820913405686415,
      2.0021972463369364
    ],
    [
      -2.0822134158014083,
      -3.9560040785834474,
      -1.7882137913388665,
      1.5045254159630732,
      0.45286300815287334
    ],
    [
      -1.9133639308194148,
      -0.4291126825932643,
      0.07439451784871687,
      1.8011350091918041,
      -0.6198196699431602
    ],
    [
      0.0999897261116095,
      -1.2061703032869155,
      -1.5245715976417793,
      0.21288495526683093,
      1.215186503356978
    ],
    [
      0.11950276920910374,
      -1.6732692416986603,
      0.34440371019932214,
      -0.32657971880474146,
      0.680565364929463
    ],
    [
      -0.39282863842114474,
      -1.2025898146524843,
      1.2371700595656243,
      0.6037406902109862,
      0.6770788931198499
    ],
    [
      -1.2759869232641279,
      -2.744552688605345,
      0.8591075267465038,
      1.9383648654220231,
      -0.5082282707460626
    ],
    [
      1.4730146250979215,
      -3.483155696205003,
      -1.0771962751075517,
      1.5386259501439985,
      1.243512310709152
    ],
    [
      -1.1516724339630584,
      -0.271832223883701,
      -0.09588786434352337,
      1.2911001819429964,
      1.4119688163036
    ],
    [
      -0.06998295970136126,
      -1.6191520352280362,
      0.29860252670116333,
      1.3052516486705614,
      1.6533614380552806
    ],
    [
      -2.054757162535057,
      -1.6008498815397725,
      -0.24465471793597277,
      2.3490628564022105,
      1.3640233855514503
    ],
    [
      -0.03361618815494377,
      -1.1885657230330628,
      0.5436941283797927,
      1.7320705263570124,
      0.23070812140016161
    ],
    [
      -1.4179201555510783,
      -1.511521686582247,
      0.23080596829810152,
      1.2572467805057261,
      -0.41731277696750224
    ],
    [
      -0.832097781838296,
      -2.45367096416473,
      0.7552377843386591,
      2.216778085100807,
      0.3166177686145447
    ],
    [
      0.42164154023655365,
      -1.6691918134232056,
      0.42992257263349154,
      1.6757254655080882,
      0.722488931116995
    ],
    [
      -0.2180058196754049,
      -1.8372414416357046,
      0.1636721458983314,
      1.9038871443120349,
      1.5416578107697188
    ],
    [
      0.3417916755894319,
      -1.9030014656058407,
      1.3772286331287809,
      1.9660640083506387,
      0.6749928528906002
    ],
    [
      0.05553034286820813,
      -2.736033416350065,
      -0.1961388865879421,
      1.3564218436479176,
      2.51692094802283
    ],
    [
      -1.5682296296464977,
      0.09311723943457184,
      0.47641222449161635,
      0.009906400431091145,
      0.1940853881658351
    ],
    [
      -1.5657889262327553,
      -2.585377645753006,
      1.2245145500612373,
      0.5026479801729711,
      0.5078251914108987
    ],
    [
      -1.4571864024760566,
      -4.61627903134158,
      0.6715713175938283,
      1.5339062225394906,
      -0.3877092700428606
    ],
    [
      -0.028399217120340103,
      -2.478338029823652,
      0.22775674176674865,
      1.8687332182559293,
      2.7320790458018847
    ],
    [
      0.3206130401512206,
      -1.4800357481954904,
      0.9699100104270133,
      -0.07321800382292376,
      1.05277117259848
    ],
    [
      0.45287721967021133,
      -0.7398310243892644,
      0.0034428258327196537,
      1.9099766228541575,
      0.5342135566545505
    ],
    [
      0.10754657412097013,
      -2.6163667708038743,
      -1.1458965831406425,
      1.412086643757464,
      2.080031929780662
    ],
    [
      -1.602124121638,
      -2.687967940450452,
      -0.20831439316282924,
      1.9292506189425054,
      0.47752714971086585
    ],
    [
      -0.8973687474910821,
      -4.537191217164008,
      0.19096021956301878,
      1.2553138489106994,
      0.6315602205556933
    ],
    [
      0.6426740663761846,
      -0.21005874954247394,
      0.9343080715821996,
      1.205063338211301,
      1.3061624101179565
    ],
    [
      -1.9081512930646118,
      -2.1476088452201547,
      1.053719869647843,
      1.7938481037438994,
      0.264141910220702
    ],
    [
      0.9941954271533119,
      -1.222431559219592,
      0.8321231617378255,
      0.3531411956437829,
      0.8243660332098329
    ],
    [
      0.17510935018005835,
      -0.6271620975397072,
      -0.0009954810894475252,
      0.28454088900394503,
      2.3028997156426145
    ],
    [
      0.49329236864503356,
      -0.49952288997518735,
      0.1628614356466675,
      0.008180584459433815,
      -0.32277373596656944
    ]
  ],
  "id": 48,
  "df": 5
}