"draw","source_draw","id","assumed_model","alpha_0","alpha_1","nu_0","nu_1","tau"
1,13,"s7","m1",-0.472348878186512,-0.138345617075935,-1.77500591945414,0.18084668196545,-1.89323600930341
2,61,"s7","m1",-0.4422990603209,-0.289811131820467,-1.94410712738191,-0.0239190341935831,-1.87109848234153
3,82,"s7","m1",-0.440682919736497,-0.2084204283663,-2.35283730883431,0.0583507701590026,-2.46255521652621
4,109,"s7","m1",-0.434795740079717,-0.147262057694944,-1.7959215131179,0.106487032808589,-1.47797903904456
5,124,"s7","m1",-0.433837128706292,-0.182133082741698,-1.65373544548774,0.171320824224084,-2.41127105021108
6,137,"s7","m1",-0.411531717416613,-0.190405859794767,-1.31903190301672,0.184699121398845,-2.50874802597469
7,145,"s7","m1",-0.451956879145729,-0.207480103737958,-2.16969369914293,0.14219150769117,-1.53382327464288
8,147,"s7","m1",-0.535906348215286,-0.27268287256731,-1.7599521900209,0.180197940539343,-1.47312988900591
9,164,"s7","m1",-0.495738319897733,-0.193064785614822,-1.440078027649,0.201548551527182,-1.20133380792081
10,192,"s7","m1",-0.434962489526696,-0.223565821021308,-1.62563482835507,0.129098064394168,-1.44765004018877
11,203,"s7","m1",-0.516538360223825,-0.249544620190423,-1.85797696469829,0.0723169643778341,-1.9773913126597
12,240,"s7","m1",-0.481475895473514,-0.217791010286541,-1.63120439893653,0.0737530992893476,-1.60665716562105
13,251,"s7","m1",-0.395408512161472,-0.153279857192757,-1.86969428796174,0.206552304696928,-1.64006619819492
14,253,"s7","m1",-0.497288014495322,-0.229310558226963,-1.84096837087642,0.0285571785785572,-2.34150718099928
15,289,"s7","m1",-0.500081334803769,-0.261962080135578,-1.68965203326385,0.07791642735654,-0.952408568845584
16,300,"s7","m1",-0.4653419813417,-0.207136087754203,-1.52633947448891,0.141958589665795,-2.10841794694745
17,303,"s7","m1",-0.442518796262251,-0.171139051230703,-1.85596912371198,0.0817275018465548,-0.726376972386504
18,311,"s7","m1",-0.504625372706734,-0.250160958459562,-1.77322172743656,0.0459645077825719,-1.81178972800179
19,327,"s7","m1",-0.443493915025864,-0.254444866793884,-1.647995871269,0.127919746612077,-2.71374457739736
20,355,"s7","m1",-0.443452427960499,-0.122041178517569,-1.71755511407448,-0.0100586972194139,-1.75751898021896
21,358,"s7","m1",-0.460196615420466,-0.177019168306198,-1.79239439059721,0.115585997200671,-2.06765446208728
22,399,"s7","m1",-0.413317153114134,-0.152773711170695,-1.94423709753576,0.222206994113483,-2.7265659453904
23,402,"s7","m1",-0.478543105851399,-0.248208096115087,-2.16627420921206,0.168622729118788,-1.57610526317368
24,403,"s7","m1",-0.433226412383842,-0.264349926450557,-1.71839437023872,-0.0897099279857453,-1.37639115521594
25,410,"s7","m1",-0.425530342800752,-0.264058116539333,-1.44492587026019,0.0533470947135795,-1.85048080428596
26,428,"s7","m1",-0.486200875899449,-0.232036575705578,-1.45587461296438,-0.00277826101461697,-2.00635059887204
27,429,"s7","m1",-0.421937126016314,-0.185892963598646,-2.2224673379849,0.0936571907822893,-1.41760864125322
28,457,"s7","m1",-0.461315139608587,-0.191814816277405,-1.86239163702688,0.188710124339067,-1.64845172866778
29,466,"s7","m1",-0.513163075414151,-0.21113917806539,-1.90156755070235,-0.0329345075362548,-1.32086604709636
30,492,"s7","m1",-0.484260186229838,-0.180499068820705,-1.83143834567969,0.100171914931642,-2.06380092149951
31,494,"s7","m1",-0.379786543686173,-0.185994124604735,-1.83544018211633,0.260645711771765,-2.408746719292
32,504,"s7","m1",-0.461814533890899,-0.214787824664491,-1.76548382988046,0.000288819481742492,-1.89457046229801
33,515,"s7","m1",-0.421645680093908,-0.191586292657287,-2.07797021799083,0.123575881015043,-1.84960529307742
34,519,"s7","m1",-0.505014305235838,-0.206771309569714,-1.73350639755092,0.123626059566877,-1.40987320335886
35,524,"s7","m1",-0.434745843927646,-0.144349184872344,-1.85888739165985,0.0629675741731976,-2.56455987858086
36,532,"s7","m1",-0.48790815468844,-0.19848453894705,-1.89182366300906,0.00722450889556724,-2.04724949825644
37,533,"s7","m1",-0.584663918554305,-0.247990289988632,-2.18465985485271,0.0855198975859552,-0.76746207086602
38,535,"s7","m1",-0.396927981516854,-0.194069825663669,-1.40925630027318,0.072459274358862,-2.40834083033249
39,549,"s7","m1",-0.445488554712385,-0.181065548669817,-2.01502228902588,0.149912776353505,-2.78412111197047
40,558,"s7","m1",-0.450002984532776,-0.157925996756852,-1.85705022465221,0.222654746130887,-2.00913407471621
41,575,"s7","m1",-0.383842465873394,-0.231440694350728,-1.71344993783552,0.222152104968395,-2.221168025887
42,585,"s7","m1",-0.44207539997923,-0.181245148460426,-2.02666577199805,0.191711022772687,-1.67943864340389
43,596,"s7","m1",-0.440985098740853,-0.237326151963357,-1.41452614498757,-0.0420587275018561,-1.60127568232252
44,647,"s7","m1",-0.497447084124083,-0.181948559838762,-2.11901887220896,0.174192828843832,-2.54048844294214
45,648,"s7","m1",-0.52662912613973,-0.280889880305425,-1.81257340838373,0.153315008505255,-0.670296842401799
46,667,"s7","m1",-0.488443036147292,-0.281674011945825,-1.37397382702918,-0.0171780053286939,-0.757096270230464
47,704,"s7","m1",-0.491604859629547,-0.200135821839313,-1.36496746061475,0.107813258483605,-1.70206394677398
48,768,"s7","m1",-0.479980166374051,-0.156107282201007,-1.68031227694749,0.20389838779455,-2.19387676159059
49,773,"s7","m1",-0.360283449471515,-0.217569139617099,-1.96023907843454,0.269427484737179,-1.68704023093028
50,775,"s7","m1",-0.385822082359413,-0.154239853157076,-1.79485368711264,0.263483978015192,-1.81059951568063
51,781,"s7","m1",-0.46098661667345,-0.247811493101749,-2.43695944979361,0.074709788406265,-1.73365415552879
52,790,"s7","m1",-0.424631559502627,-0.183684144183344,-1.61325992961836,0.205048309350341,-1.63109811297705
53,824,"s7","m1",-0.467429742286072,-0.237742319719857,-1.69069420507299,0.1741797232344,-1.37457867127659
54,834,"s7","m1",-0.44921406281823,-0.217285546586196,-2.19769680324083,0.133854986117931,-1.126691089051
55,838,"s7","m1",-0.49057160801804,-0.179412326187644,-2.32415399699881,0.22906171055009,-1.8767962621419
56,862,"s7","m1",-0.376903267504131,-0.145917778623233,-1.58156438995845,0.378279321676781,-3.03714146337795
57,869,"s7","m1",-0.445479652984517,-0.192283674282481,-2.24974972695398,0.156862362581873,-0.930571019262648
58,876,"s7","m1",-0.537491907812736,-0.164410715815236,-1.90500973863399,0.115492671157673,-1.69168676809722
59,880,"s7","m1",-0.426250001852844,-0.19368035884914,-2.00928399927922,0.0561186908243829,-2.09941426316179
60,895,"s7","m1",-0.466258447142243,-0.204278030957438,-1.6136613216342,0.186349441680344,-1.15304591574049
61,897,"s7","m1",-0.464362764607839,-0.238004686927201,-1.49219495956198,0.242186881877628,-2.03412908371846
62,904,"s7","m1",-0.50262834736746,-0.177449260605611,-1.6782112460579,0.0897967444074922,-1.87669939626111
63,929,"s7","m1",-0.438754287116911,-0.265604170806012,-2.02933336040085,0.116224090501269,-1.51392041918928
64,934,"s7","m1",-0.407786418266723,-0.210093477776637,-1.53611269029945,0.21636533185449,-1.8007801100306
65,937,"s7","m1",-0.519761821555847,-0.204444325247676,-1.58685988123536,0.0872134736300682,-2.12436527623639
66,939,"s7","m1",-0.41079297621265,-0.1622839150177,-2.18849811590916,0.191411528536491,-1.48245451268432
67,946,"s7","m1",-0.457629219913259,-0.197204001379939,-1.44074609604307,0.0745663791056135,-1.36728272227001
68,964,"s7","m1",-0.471390311322666,-0.205643898908232,-1.85472950693963,0.0219213810951425,-1.79958613174267
69,978,"s7","m1",-0.384918111195016,-0.136667857850471,-1.59467529924164,0.216350421307257,-2.12269685552346
70,1013,"s7","m1",-0.511221067163275,-0.290851779499347,-1.91817739358542,-0.010057594643804,-0.769187143707175
71,1022,"s7","m1",-0.444375945062708,-0.252312613529086,-1.65082758423687,0.0534748713090616,-1.26212430263061
72,1043,"s7","m1",-0.402177116104954,-0.228960717136009,-1.63010935468605,0.0959994127229612,-1.54266769230567
73,1054,"s7","m1",-0.434506186428381,-0.204249607028036,-1.47527558457826,0.318583102208294,-2.19382799173916
74,1062,"s7","m1",-0.45686926979619,-0.223360779404504,-1.75891140463891,0.199262978249232,-1.77211385317893
75,1079,"s7","m1",-0.4573818775567,-0.172312457374319,-1.67908951622447,0.158502577611443,-1.73118963939497
76,1086,"s7","m1",-0.438215780753444,-0.192829846104434,-2.17612046449979,0.203059172532159,-3.41081734294299
77,1090,"s7","m1",-0.421252812360851,-0.150834484810692,-1.58938495918259,0.231977713190616,-2.14824248753223
78,1107,"s7","m1",-0.45588093401921,-0.178586340628735,-1.95912828290502,0.166245599893761,-1.85070839226744
79,1108,"s7","m1",-0.466157747666476,-0.237867482050513,-1.95562734463531,0.0923786036209762,-1.45134984173266
80,1113,"s7","m1",-0.525072601940482,-0.277983513788655,-2.08079538618896,0.00470825942291924,-0.816375480273195
81,1154,"s7","m1",-0.525377619399691,-0.236669563945478,-1.74953934221567,-0.0372564035672041,-1.59114294491355
82,1178,"s7","m1",-0.48356404245401,-0.217278636608835,-1.57968465097743,0.0948679437637628,-1.98353586576195
83,1202,"s7","m1",-0.481024564908016,-0.252613482717186,-1.5175496196318,0.0848103165358206,-1.1765331717413
84,1225,"s7","m1",-0.485113685084085,-0.150565186445569,-1.86362521169407,0.0586861823066793,-2.60272607816379
85,1235,"s7","m1",-0.439163299461447,-0.203222924028951,-2.03768577387863,0.127424749998363,-1.95321304693655
86,1236,"s7","m1",-0.502686196091854,-0.236869147738397,-1.67174503617029,0.0601812241137581,-1.3535415864655
87,1279,"s7","m1",-0.528591583944975,-0.191484862067097,-1.48489871764553,0.225668272252974,-1.57929299804929
88,1299,"s7","m1",-0.383490315800524,-0.132613165531266,-1.64946755336709,0.218438628261403,-2.0263790859646
89,1300,"s7","m1",-0.445532189769266,-0.193575666501972,-1.86227359630562,0.0959376561387383,-1.63687571012625
90,1309,"s7","m1",-0.362845454637216,-0.139373581184855,-1.68456450771729,0.277154199510583,-2.39445742715905
91,1327,"s7","m1",-0.446038544281789,-0.220146568508806,-2.21662965444111,0.0410952230384079,-2.54051662117909
92,1338,"s7","m1",-0.42948676736056,-0.214903051155039,-1.33101893861855,0.132315822107988,-2.64754880287228
93,1339,"s7","m1",-0.440897833806855,-0.184552202755489,-1.76989717510159,0.153921176464532,-2.6020899944961
94,1340,"s7","m1",-0.467765131363739,-0.199318892680403,-1.66685649886871,0.148435405257215,-1.71053350225984
95,1350,"s7","m1",-0.44850387608033,-0.199792024148918,-2.06236761833024,0.203365352333771,-1.26600660008046
96,1372,"s7","m1",-0.439051714745863,-0.190680957762314,-1.47414488844813,0.130283643861895,-1.15663540221743
97,1376,"s7","m1",-0.414576838955908,-0.142804533997283,-1.80108357928285,0.223583039512874,-2.58880379938901
98,1382,"s7","m1",-0.484479661158098,-0.193692586948,-1.66483717209048,0.0678024167380935,-2.26131517518787
99,1404,"s7","m1",-0.451351618257916,-0.207379707819423,-1.91442631622411,0.271527107531579,-1.59453104467828
100,1414,"s7","m1",-0.408557280634986,-0.189219237854467,-1.60450144906436,0.155588994515945,-2.6628495649968
101,1417,"s7","m1",-0.449743956783216,-0.207157584777953,-1.34994815724204,0.189524123050985,-1.16900801722374
102,1425,"s7","m1",-0.418861720584544,-0.202014494263345,-1.857748182833,0.0944150175705049,-2.37348014254784
103,1436,"s7","m1",-0.478931646659848,-0.230839768227433,-1.89427908582614,0.0173715494326689,-1.05439372143416
104,1449,"s7","m1",-0.475682811028295,-0.216450773214532,-2.14311840289928,0.0741187347347834,-2.36304744465847
105,1452,"s7","m1",-0.336726108811915,-0.21504337172746,-1.63818342585186,0.248373783346581,-1.95261510141758
106,1458,"s7","m1",-0.413103486910305,-0.168797872820692,-1.53846341366301,0.162448599832643,-1.98040557492174
107,1471,"s7","m1",-0.427470135157247,-0.180131355102661,-1.59692912934455,0.185848260220493,-2.37537560965708
108,1479,"s7","m1",-0.448302730321236,-0.163262915681993,-1.80543681725027,0.0550094049166379,-2.62528768803401
109,1482,"s7","m1",-0.459052516703754,-0.149069264351857,-1.71580850513885,0.221802022779994,-2.40093159627672
110,1483,"s7","m1",-0.494490120690669,-0.205395970763529,-1.70559083841141,0.124677271239862,-1.56699567757914
111,1512,"s7","m1",-0.420354817772437,-0.0930229388398632,-1.46041516649706,0.290948259238153,-2.08733610771799
112,1518,"s7","m1",-0.432770578636292,-0.18730147248569,-1.6618529334773,0.155130070871073,-1.91346137133841
113,1526,"s7","m1",-0.412845739847189,-0.191069832209982,-2.23779097653673,0.042469331870158,-2.14709637050404
114,1541,"s7","m1",-0.43988350896597,-0.149143194109657,-2.03331912316046,0.14902039172535,-2.01624576875327
115,1543,"s7","m1",-0.511087248730435,-0.19847266939096,-1.8704703047087,0.0107627791413902,-1.72661113917066
116,1598,"s7","m1",-0.468358922283819,-0.158140564603125,-2.10746786575336,0.0837322106802706,-2.42689816639131
117,1621,"s7","m1",-0.459317832664359,-0.165644051323315,-2.10713639986272,0.0861947760224919,-2.38821970263977
118,1625,"s7","m1",-0.440271454573642,-0.1171670292801,-1.90861451696336,0.169074261014827,-2.30575838866804
119,1631,"s7","m1",-0.447842809365084,-0.229934265409724,-1.45284826655953,0.114151853876281,-1.67836844043008
120,1635,"s7","m1",-0.440610114771027,-0.198193058156901,-2.17896864037162,0.126157195869522,-2.12746622877354
121,1641,"s7","m1",-0.386707748394536,-0.23399402433217,-1.89142138903565,0.231975698967482,-2.12838335412716
122,1652,"s7","m1",-0.538083185691087,-0.262012094623069,-2.06420938611049,-0.0350232252759042,-1.37206288609932
123,1665,"s7","m1",-0.430762437537135,-0.207637843049832,-1.70344213305868,0.163884533004833,-1.54861237864587
124,1675,"s7","m1",-0.547318434003387,-0.191711722147013,-1.47903543175515,0.0299116397029572,-1.54131985706398
125,1686,"s7","m1",-0.40002911320076,-0.185393587603318,-1.66342680084537,0.170820110590607,-2.63555882467488
126,1688,"s7","m1",-0.395902070821365,-0.174982304456182,-1.10927445768093,0.218791018726712,-2.49278041400804
127,1718,"s7","m1",-0.433573781248142,-0.171718778596578,-1.96927488279669,0.240429939601249,-2.09642202686178
128,1741,"s7","m1",-0.430126299175203,-0.272578901171148,-2.09430114135093,0.0143889828198526,-1.69508420267669
129,1744,"s7","m1",-0.438654040102575,-0.17680447548957,-1.59709551134426,0.234374717441327,-2.11648017761812
130,1757,"s7","m1",-0.387233010273816,-0.207381332975914,-1.63345149341745,0.23489632404062,-1.77308056187732
131,1765,"s7","m1",-0.469413671143985,-0.192805226467983,-2.17239255334924,0.048340512826928,-1.17633772158701
132,1829,"s7","m1",-0.426233743117291,-0.169318868310085,-1.61093133214551,0.155515411622787,-2.15881026786443
133,1850,"s7","m1",-0.460535877778036,-0.181609921848994,-1.78696015922642,0.184996563421937,-1.55468598203011
134,1860,"s7","m1",-0.432653006695088,-0.209206547783486,-1.64939164222013,0.162280611924978,-1.53926284990164
135,1867,"s7","m1",-0.443335156561859,-0.165790869554918,-1.66618637377327,0.0966708542898224,-1.14244281873276
136,1890,"s7","m1",-0.426047270137726,-0.262405547176065,-1.98767566162082,0.180928205775055,-1.05102045374692
137,1912,"s7","m1",-0.396424466157665,-0.231073034832436,-1.9547794944524,0.117190229081058,-2.25248161742585
138,1934,"s7","m1",-0.529767241617353,-0.211386142851186,-1.79221832023809,-0.0383390578184028,-1.52137196417674
139,1966,"s7","m1",-0.448977549554587,-0.131979385801955,-1.75100910109491,0.295661096867413,-2.3597809271851
140,1973,"s7","m1",-0.405222384252578,-0.208339741911031,-1.11916322991708,0.120315130629415,-1.66458637293893
141,1974,"s7","m1",-0.481544555887543,-0.259158633171351,-1.42396911428334,0.0134221685759949,-1.81779565981982
142,1977,"s7","m1",-0.421819907063762,-0.219923508571234,-1.62898752733067,0.138372047124142,-2.13733015110872
143,1978,"s7","m1",-0.435952193898531,-0.223184632103651,-1.60012142304557,0.192427696121795,-0.93738730652015
144,2015,"s7","m1",-0.455590113007101,-0.246001635397806,-1.44247647196004,0.136709147761376,-1.88618922960098
145,2022,"s7","m1",-0.490916355872381,-0.219699283503404,-2.09312419220418,0.27331731775906,-2.00366274483033
146,2055,"s7","m1",-0.442700610407706,-0.199347806418717,-1.46855227418201,0.260561363608823,-2.7191169358117
147,2106,"s7","m1",-0.404036798904568,-0.162929683040542,-1.76028385462178,0.114573539023967,-1.40513587748424
148,2115,"s7","m1",-0.446551812603847,-0.187396838956637,-2.08510235066678,0.159056073185894,-1.77308728410092
149,2124,"s7","m1",-0.454012629658982,-0.23645618159606,-1.77282468718037,0.108820551152545,-1.53462745212128
150,2127,"s7","m1",-0.481138019042592,-0.119673583631972,-1.65482836585303,0.249277916860702,-2.75964912708006
151,2128,"s7","m1",-0.447620930322139,-0.229819324436341,-2.1065127314023,0.101032645073567,-1.79456645153884
152,2137,"s7","m1",-0.484835682997956,-0.265536125788126,-1.54703477729635,0.0740610270141827,-1.20687217977876
153,2168,"s7","m1",-0.484197732068925,-0.172748976683396,-1.86907434472569,0.0473164663294279,-2.00784895158108
154,2169,"s7","m1",-0.454311495894687,-0.132492748436027,-1.44897626745749,0.120704044778782,-1.90928015648872
155,2193,"s7","m1",-0.378153292064493,-0.13203560520248,-1.39786597542012,0.159789642848697,-2.87036191415321
156,2203,"s7","m1",-0.396761902772413,-0.145351964580637,-1.74324501317321,0.259361304711385,-2.64620350869776
157,2204,"s7","m1",-0.377209203924864,-0.193646700786138,-1.81591727966202,0.0400758137633057,-1.84573022160318
158,2221,"s7","m1",-0.350660930719845,-0.120373107984616,-1.53931050456006,0.33940635574457,-2.80305101007014
159,2222,"s7","m1",-0.434138206773502,-0.152756806494459,-1.62404219939203,0.153916672099477,-1.68007861478421
160,2245,"s7","m1",-0.481962408816572,-0.167985962845861,-1.25983733829096,0.186511973098502,-1.03037718481491
161,2251,"s7","m1",-0.44914565716297,-0.174848208685104,-1.91248706301562,0.0194061400968982,-1.80385267303294
162,2257,"s7","m1",-0.408141053438349,-0.224101606257686,-1.58896249603049,0.135306452520857,-1.49419281400259
163,2263,"s7","m1",-0.482161910110668,-0.221143930816022,-1.57948481250133,0.157117727719777,-1.99431105365354
164,2266,"s7","m1",-0.402366752226038,-0.236996890656809,-1.63016087541264,0.10189164217727,-2.28427474366224
165,2286,"s7","m1",-0.387607703797867,-0.142937699749931,-1.72532993773087,0.100911229029883,-1.84261898548447
166,2289,"s7","m1",-0.44749840503652,-0.203931813200598,-1.68870722263782,0.0460684684289246,-1.56364413449958
167,2290,"s7","m1",-0.43683228695178,-0.234331676675256,-1.70645291840412,0.107375603028306,-1.6700851983854
168,2291,"s7","m1",-0.499055615669276,-0.168879016657896,-2.12844353822529,0.165906076610971,-1.46648723934352
169,2319,"s7","m1",-0.445082120189893,-0.266058793491071,-1.87721461139085,0.0450542954252469,-2.02920972439125
170,2320,"s7","m1",-0.490795125362949,-0.184447832634253,-1.85920133387822,0.212968998880059,-1.93236433521607
171,2338,"s7","m1",-0.471619141931981,-0.172202500732401,-1.72050376655302,0.120192733999409,-2.74146912382549
172,2346,"s7","m1",-0.518268627986882,-0.212287862349578,-1.72930744402146,0.114323828098318,-2.20707705791487
173,2350,"s7","m1",-0.385911477963634,-0.198865325130991,-1.95160496915414,0.10980809176358,-2.02889518324411
174,2370,"s7","m1",-0.429780057242666,-0.180733864422925,-2.23495868082948,0.25086539609457,-2.0551614178995
175,2383,"s7","m1",-0.49048869236527,-0.211973768903051,-2.09804876295312,0.0655400065110778,-1.31472298122232
176,2386,"s7","m1",-0.418260563022528,-0.107512487796554,-1.7787902801951,0.214411080939586,-1.98579153994356
177,2392,"s7","m1",-0.390843257102159,-0.185459092768774,-1.93338335581915,0.184979766069922,-2.75148172087669
178,2402,"s7","m1",-0.460770973256096,-0.205925860245179,-1.85853290908964,0.243628756055142,-1.3515757994114
179,2406,"s7","m1",-0.469593525334776,-0.117159961389056,-1.82820110945788,0.204343358445037,-3.29713288153845
180,2410,"s7","m1",-0.42925638706259,-0.168116311600873,-1.97698212100099,0.196143886327158,-2.4204833863635
181,2417,"s7","m1",-0.438479354700087,-0.154759946805726,-2.07333519596946,0.0495173139563692,-1.95515282861313
182,2426,"s7","m1",-0.525492354534893,-0.242495165757388,-2.41719927489511,-0.0959595843302139,-1.55498105200563
183,2459,"s7","m1",-0.426609994594737,-0.150296329788282,-1.66067570172571,0.201328188022804,-2.33911660075515
184,2473,"s7","m1",-0.374350801376807,-0.196118465268412,-2.21902270903024,0.200418304668836,-2.06357853842671
185,2482,"s7","m1",-0.403647713330466,-0.226411069961114,-1.80412791789985,0.0992847122178078,-2.51504672455863
186,2487,"s7","m1",-0.509546930205635,-0.165573717395676,-1.87736296856092,0.058003118980356,-1.34346088653776
187,2517,"s7","m1",-0.51379954965558,-0.247514144360935,-1.80007946393845,0.105089583519694,-1.47080706055715
188,2519,"s7","m1",-0.415732751214991,-0.197616953809967,-1.47241827026395,0.145091970964904,-2.41782957799302
189,2522,"s7","m1",-0.437889544798954,-0.165804437026699,-1.63613640056899,0.191111336347053,-1.96653508633882
190,2524,"s7","m1",-0.421674798246065,-0.223503170337229,-2.16657425036987,0.142500066595606,-1.45522209601384
191,2533,"s7","m1",-0.51632569289458,-0.161117145914819,-1.43973047455038,0.0967633601482238,-2.16479929783471
192,2572,"s7","m1",-0.458333065855321,-0.248917527608577,-2.04996132004423,0.00616972891358972,-1.13706179068568
193,2574,"s7","m1",-0.381022529893088,-0.179991756617684,-1.71962631116758,0.0279642494344397,-1.77109614653852
194,2596,"s7","m1",-0.389418495514316,-0.189490361929131,-1.75993251072916,0.188830708060522,-2.7843355322514
195,2599,"s7","m1",-0.46346669035962,-0.18776600218432,-1.9086218605261,0.0876779738470641,-2.22666019741805
196,2602,"s7","m1",-0.456861816723823,-0.138314807561087,-1.87257825443526,0.182283494611011,-2.71179595292811
197,2635,"s7","m1",-0.456943469971836,-0.230908580055781,-1.93568001203201,0.120548524636915,-1.14695832844573
198,2643,"s7","m1",-0.478065645291593,-0.244599755565705,-1.40112180931471,0.0945612154339855,-1.38167869480983
199,2644,"s7","m1",-0.454833466203906,-0.225694506695811,-1.55011716855653,0.124467268199448,-3.23954157420923
200,2645,"s7","m1",-0.425354715189169,-0.267691974421323,-1.85246021988849,0.137635374318701,-2.24780866891335
201,2660,"s7","m1",-0.396415757499278,-0.103875542144042,-1.59817984382028,0.203371055694165,-2.60588250328601
202,2703,"s7","m1",-0.412409155741262,-0.156506060115415,-1.47982356617356,0.190795191793568,-1.69336468826291
203,2704,"s7","m1",-0.462630166214126,-0.242887013845045,-1.98764551492613,0.0432100990874757,-1.24885505574217
204,2705,"s7","m1",-0.44151244701345,-0.202914526641867,-2.10617002302346,0.154815738828289,-1.6209988575884
205,2707,"s7","m1",-0.447909611184103,-0.186221579821723,-1.82719720021861,0.111958301458171,-1.84799820277888
206,2723,"s7","m1",-0.432655899679006,-0.197550012112659,-1.40046783013416,0.0350788752662785,-1.89447394255457
207,2771,"s7","m1",-0.438299475210641,-0.234190744600742,-1.890665123447,0.158275381901314,-1.2066389992364
208,2804,"s7","m1",-0.475806595877964,-0.179615666493273,-1.775024420821,0.11229387689342,-3.28558063972315
209,2808,"s7","m1",-0.499127296215123,-0.247001570107671,-1.92172602217089,0.063617244267325,-1.42758640781405
210,2816,"s7","m1",-0.494022453582695,-0.209130563168457,-1.64559667679606,0.139760884509087,-1.67512460863578
211,2829,"s7","m1",-0.377095167329372,-0.231506798915699,-1.69811002276154,0.199889549019245,-1.53850791333305
212,2834,"s7","m1",-0.48770693699404,-0.199669182615717,-1.54472786172517,0.143263173796088,-2.23410940284692
213,2839,"s7","m1",-0.420336519095645,-0.16515993224416,-2.31441536585653,0.193704857145433,-1.96852638767755
214,2863,"s7","m1",-0.456342579399636,-0.237567417662775,-1.53891605214481,-0.0629259261391524,-1.998453075084
215,2873,"s7","m1",-0.397639440860729,-0.198544258693319,-1.77203139502341,0.282146099734526,-1.61967256337541
216,2880,"s7","m1",-0.440972602549088,-0.256574750314966,-2.01309443759065,0.0563245547517357,-2.32015271733008
217,2889,"s7","m1",-0.39578562906022,-0.196408199008826,-1.65008259852044,0.0474683902583361,-2.13900543883881
218,2905,"s7","m1",-0.466405746447457,-0.170756650296978,-1.81799465160123,0.0916151361460672,-2.02419689323707
219,2913,"s7","m1",-0.481146749842747,-0.21709957875614,-1.61970328688384,0.107901577369668,-1.43464296069872
220,2930,"s7","m1",-0.515089182203243,-0.194077971590694,-2.17677736015072,0.2304154418426,-1.08416506186213
221,2956,"s7","m1",-0.372002325239031,-0.13329630264251,-1.54492417509954,0.407876148624543,-2.14723480759126
222,2973,"s7","m1",-0.441991425578846,-0.183470517597623,-1.94319846065749,0.159077856861024,-1.79170873289938
223,3000,"s7","m1",-0.455272411223442,-0.163871943591047,-1.51610698918739,0.196405714651981,-2.2294804829253
224,3015,"s7","m1",-0.427261653397692,-0.192841197842967,-1.88988933987107,0.0387265121047378,-1.86602384588665
225,3026,"s7","m1",-0.500448739084397,-0.192111951986875,-1.66904784645876,0.171201876093472,-1.2125270357081
226,3036,"s7","m1",-0.467477567953216,-0.18148045556782,-1.66016148546944,0.032935209807933,-2.30986771886858
227,3055,"s7","m1",-0.399079610594046,-0.179429591370232,-1.95605028185706,0.262141160151327,-2.08249996048853
228,3077,"s7","m1",-0.4084770383299,-0.210115795899338,-1.80075980013936,0.275751433547593,-2.54712900377313
229,3092,"s7","m1",-0.434659868276644,-0.171482795634079,-1.4885807747824,0.16394457100632,-2.00664532303029
230,3093,"s7","m1",-0.416968746232374,-0.245521751279916,-1.85813581889794,0.105577446787319,-1.79161544230525
231,3094,"s7","m1",-0.400246970050955,-0.164066673026549,-1.98143950084261,0.178078676679941,-2.9154023975114
232,3111,"s7","m1",-0.38326309155486,-0.193610021373676,-2.02333195444358,0.151274969096005,-2.91248730207427
233,3134,"s7","m1",-0.456257100883419,-0.172901610017371,-1.82483313361227,0.102674720362057,-1.70723939612215
234,3138,"s7","m1",-0.491484710735081,-0.123497609815864,-1.64235527560436,0.160314535121411,-1.02503330763203
235,3139,"s7","m1",-0.478310931723578,-0.216378541466537,-1.95456223453771,0.135930126024879,-1.42298493476598
236,3141,"s7","m1",-0.424103989827389,-0.148178747365751,-1.46781859175715,0.133469499643101,-1.71236453873573
237,3155,"s7","m1",-0.427752719102812,-0.192570464087306,-1.47889937180497,0.149112857559629,-1.55854327565771
238,3157,"s7","m1",-0.502100835304303,-0.196175430034059,-1.91949123101359,0.0919400671695182,-1.11520149852112
239,3165,"s7","m1",-0.443863482463885,-0.136292075084457,-1.42219892722285,0.130408709833453,-2.17361507714392
240,3180,"s7","m1",-0.495090578328835,-0.2401563112503,-1.87519499397165,0.152740851935255,-1.10090941822631
241,3196,"s7","m1",-0.431628776941812,-0.221177027588784,-2.03088759851708,0.0921698023806553,-2.01028234653742
242,3203,"s7","m1",-0.428653428240121,-0.140167254298353,-1.48930878246888,0.327571899325583,-1.6786833294405
243,3210,"s7","m1",-0.475089403903074,-0.22920350583069,-1.38730716457921,0.0785124134772478,-2.74433303916078
244,3218,"s7","m1",-0.423370936493862,-0.232258926332718,-2.15741533582318,0.14178323841109,-1.76412000396774
245,3219,"s7","m1",-0.422086782959571,-0.169984447686603,-1.78970802471705,0.138085796003523,-2.44900784251585
246,3220,"s7","m1",-0.462236733021538,-0.181198713152668,-1.53157707203449,0.114501338150541,-1.84481248430946
247,3225,"s7","m1",-0.446459122993698,-0.106861450834916,-2.17822149808227,0.176726311237121,-3.22018049652237
248,3242,"s7","m1",-0.469746954815284,-0.254062851636448,-1.52209638598881,0.0597055642130678,-1.11336209076681
249,3249,"s7","m1",-0.509031169814547,-0.165909729992681,-2.06555220931052,0.105762141424685,-1.85808256659249
250,3268,"s7","m1",-0.440712228890614,-0.220240988638963,-1.61391038493411,-0.0150716286178779,-2.09703389130168
251,3277,"s7","m1",-0.470692575384045,-0.153803127099345,-1.90921244036497,0.190818050424376,-1.4394078355567
252,3284,"s7","m1",-0.454825334021067,-0.207613084421673,-1.90427582167457,-0.00725596269531798,-2.10073245732717
253,3291,"s7","m1",-0.478813078855877,-0.182680121643604,-1.7598048673201,0.0982711322043399,-1.49252860041897
254,3306,"s7","m1",-0.51941803692299,-0.185527791490693,-1.48003926896039,0.103008235047425,-2.31869477340352
255,3309,"s7","m1",-0.513010895481066,-0.256382240851562,-2.61321418106265,0.0555330673194961,-1.76047364681192
256,3312,"s7","m1",-0.465318997597187,-0.229586286713095,-1.73973202391647,0.284020222464946,-1.28946750946326
257,3315,"s7","m1",-0.456136665406972,-0.177786830543484,-1.48913033935684,0.214778085919242,-1.92457630934605
258,3331,"s7","m1",-0.449296376775769,-0.192621397820309,-1.733895476462,0.0957753467677099,-2.00719504258575
259,3332,"s7","m1",-0.45600124607213,-0.244736077242538,-1.91835519129236,0.100576729742228,-1.19840736242059
260,3334,"s7","m1",-0.433657915575873,-0.170146985471175,-2.52522864259057,0.127322082095966,-1.4535140108685
261,3340,"s7","m1",-0.479741908007655,-0.151767254709243,-1.67992817545903,0.247136733263088,-1.85400736742378
262,3367,"s7","m1",-0.357804633632816,-0.144512438504557,-1.7361330903571,0.273899807426805,-2.22492686019783
263,3375,"s7","m1",-0.44017251314512,-0.0989132688171776,-1.77166585581625,0.292434360242357,-2.45483451104859
264,3407,"s7","m1",-0.468379458020637,-0.200146820261514,-1.4051508533383,0.105651458587453,-1.96467224508452
265,3417,"s7","m1",-0.379355943491808,-0.219991059625185,-1.81567382946412,0.203624587176233,-2.49892563752636
266,3426,"s7","m1",-0.397304329059059,-0.0780483182018214,-1.87507032538893,0.235016502952311,-1.96728159144742
267,3446,"s7","m1",-0.515563070040742,-0.185067797276605,-1.75747368864982,0.11666481861764,-1.20505838522633
268,3471,"s7","m1",-0.433504403474818,-0.191372260257223,-1.54010618950247,0.180906997711934,-1.92707195416174
269,3479,"s7","m1",-0.499541315824258,-0.223625782589913,-1.95070918460271,0.103677809991039,-1.41763363144799
270,3492,"s7","m1",-0.419540075370629,-0.177376289901484,-2.18095555637795,0.0849010347842334,-2.32855283897521
271,3530,"s7","m1",-0.494791392642064,-0.173548789743509,-1.57103980512362,0.171865074298381,-1.25185650541637
272,3577,"s7","m1",-0.417563748843024,-0.209082778409694,-1.72614043231117,0.10446027789199,-2.29189687916427
273,3585,"s7","m1",-0.446429868658763,-0.248215657634177,-1.80040051408738,0.123994177002341,-0.994474762801746
274,3590,"s7","m1",-0.445659650632714,-0.231235309247318,-1.87211166051299,0.221835882908453,-1.980124605334
275,3596,"s7","m1",-0.452772009985817,-0.207097473903226,-1.75074520589621,0.0699693662984389,-1.95285555569739
276,3614,"s7","m1",-0.446628840930604,-0.253442587569048,-2.11911179029861,0.134625453115805,-1.33027236030467
277,3639,"s7","m1",-0.474723862701346,-0.234848128112044,-1.75847547559448,0.0118166004802089,-2.1998371662451
278,3640,"s7","m1",-0.520585736669947,-0.179889044799638,-1.57931687143956,0.0674450350587444,-1.62010949862391
279,3670,"s7","m1",-0.426487681113452,-0.20270866789545,-1.52016881861182,0.115055960786612,-1.92214554601514
280,3692,"s7","m1",-0.398645823338885,-0.237309249812951,-1.54035167525352,0.0301160833800484,-1.58985819322445
281,3703,"s7","m1",-0.413310514702414,-0.217490639836839,-1.61433852169952,0.115811220950027,-2.54746720044578
282,3743,"s7","m1",-0.469401779981678,-0.142329714127274,-1.53903386611119,0.133874540975113,-1.84463904223235
283,3771,"s7","m1",-0.461289122647692,-0.195316302317873,-1.21963136805706,0.182217813740452,-1.95549669302353
284,3779,"s7","m1",-0.466141571218054,-0.204027877780127,-2.03364762557455,0.222418606573261,-1.48819058634859
285,3788,"s7","m1",-0.535682257857945,-0.229701202572677,-1.63541993776136,0.162253005756097,-0.902535392918705
286,3795,"s7","m1",-0.462477991719429,-0.183093123140285,-1.77029737769035,0.0560188206457803,-1.55523828033075
287,3803,"s7","m1",-0.468435827506905,-0.252495180888645,-1.92417894479662,0.0961823633888809,-1.15748435052698
288,3806,"s7","m1",-0.45380742629025,-0.229103739141625,-1.63389545146326,0.233964310797089,-2.55137449344174
289,3814,"s7","m1",-0.390635359152897,-0.172989632862017,-1.66704524785299,0.288928124123713,-2.43243309887966
290,3815,"s7","m1",-0.43029085212071,-0.251768755071254,-1.93071918734902,0.0578337655817917,-1.92933933915986
291,3832,"s7","m1",-0.410695193929924,-0.218425572878323,-1.68264955161352,0.120722953134112,-0.966642909931532
292,3849,"s7","m1",-0.439697077040512,-0.270489963223274,-1.62278880773055,0.0112469423358929,-1.85791347660163
293,3853,"s7","m1",-0.341478017872823,-0.14082728482217,-1.68944858441531,0.234838284120768,-2.6092992873423
294,3855,"s7","m1",-0.438063596171973,-0.224206099975014,-1.67580297721117,0.0522126804132807,-1.49949430677789
295,3859,"s7","m1",-0.485110585799267,-0.166599178442673,-1.97216362316625,0.160487776833281,-1.54064907978687
296,3860,"s7","m1",-0.422437963120483,-0.222311213708484,-1.64337292836235,0.147351893722368,-1.18759401701829
297,3867,"s7","m1",-0.444617042669128,-0.18550425559504,-1.81713334271316,0.113742906629244,-2.40163041971681
298,3900,"s7","m1",-0.511510126979443,-0.198637009623365,-1.90901095460751,0.181507184521099,-1.83389113876497
299,3901,"s7","m1",-0.466317246150921,-0.212205890878195,-1.57077867937402,0.0398851584012713,-1.94232213505392
300,3912,"s7","m1",-0.52261154515671,-0.248623258288592,-2.14608664017863,0.0632308767907729,-1.33866281957508
301,3916,"s7","m1",-0.415527082127191,-0.192060993987998,-1.71170416447509,0.175792628676103,-2.292630918079
302,3924,"s7","m1",-0.408177312979337,-0.195261726316708,-2.21532955406315,0.208642951109872,-2.46932859033234
303,3926,"s7","m1",-0.481417728150944,-0.176072834529854,-1.57177024799324,0.203281989080321,-1.05320754213592
304,3927,"s7","m1",-0.443492325947048,-0.15043451892053,-1.52792110978069,0.164732296863664,-2.71569105609589
305,3960,"s7","m1",-0.446881175150475,-0.167170766463396,-1.59851551952561,0.254320957508368,-2.39822794936327
306,3977,"s7","m1",-0.5283568094006,-0.225083549467468,-1.93317896046226,0.0492218724928338,-1.57855258095514
307,3992,"s7","m1",-0.426575112535949,-0.18329672870527,-1.7734585095597,0.259120639149328,-2.16662425780512
308,3994,"s7","m1",-0.412849116441469,-0.203418038169075,-1.59291550982353,0.174136465745563,-2.62708095263177
309,4025,"s7","m1",-0.402729878278443,-0.21717895176891,-1.88527475981671,0.132761956134091,-1.84057230426288
310,4029,"s7","m1",-0.428342133798411,-0.153174192215657,-2.0155397268716,0.26010575308684,-2.06344088149236
311,4068,"s7","m1",-0.39247421986203,-0.209398970469711,-1.51879303865872,0.16358727654384,-1.75222191844705
312,4087,"s7","m1",-0.355556050578479,-0.156632174645979,-1.27451846937555,0.228355631143791,-2.06518041766324
313,4100,"s7","m1",-0.407595347288749,-0.178334620047578,-1.62345871457634,0.194123831636112,-1.80365528867002
314,4110,"s7","m1",-0.448349386693671,-0.241929020557711,-1.84045165894376,0.171411115148849,-1.58612108348367
315,4137,"s7","m1",-0.428794963896649,-0.202624109397086,-1.85720810118656,0.146496308780435,-2.55409255362125
316,4160,"s7","m1",-0.385483684363018,-0.235292105789777,-1.83610383156141,0.0791088589402392,-1.89284680002855
317,4164,"s7","m1",-0.460583855216003,-0.20900609238023,-1.8326397919196,0.14937897363305,-2.24639518384424
318,4215,"s7","m1",-0.476890809603813,-0.175963478538033,-1.6200835078173,0.158061376061602,-2.14860568784158
319,4227,"s7","m1",-0.433371833791796,-0.178463746344858,-1.73960414502443,0.199721393557781,-1.80095765361354
320,4229,"s7","m1",-0.464335473956856,-0.149004399555325,-1.7916702362395,0.0834043022585333,-2.08859569525924
321,4232,"s7","m1",-0.415376820549098,-0.208353429637745,-1.42789098815267,0.0238069408825951,-2.69735647369999
322,4233,"s7","m1",-0.468720254667624,-0.232993470969293,-2.37428443596274,0.000598477798413155,-1.08201156316044
323,4242,"s7","m1",-0.430819365806783,-0.182526148964034,-1.97449242041912,0.218181684819268,-1.39383881591421
324,4255,"s7","m1",-0.481829420862336,-0.217958628327657,-1.85224360056832,-0.0277837543404723,-1.47135019508511
325,4267,"s7","m1",-0.407219846449852,-0.158448836930543,-2.03356917602114,0.283973567552881,-1.7450153090217
326,4289,"s7","m1",-0.417389283959004,-0.131123224439893,-1.96109123989555,0.0536861228549576,-2.08539135164602
327,4292,"s7","m1",-0.41711867507842,-0.263024113119323,-1.80175807840445,0.109762412765973,-2.0075190563159
328,4295,"s7","m1",-0.464008506601398,-0.0987576303248732,-1.42055374458161,0.298981139152263,-1.89757102634985
329,4306,"s7","m1",-0.524420715188135,-0.205522193934513,-2.26318989779893,-0.0187221733885708,-2.68254125764518
330,4334,"s7","m1",-0.501786053276803,-0.191781129189859,-1.27529785823167,0.163155271808138,-0.760711513522644
331,4361,"s7","m1",-0.494472325047016,-0.186202816829035,-1.86172154099676,0.169881666506226,-1.67224587043643
332,4366,"s7","m1",-0.397766435503396,-0.164146481426214,-1.84070626272258,0.180770021317397,-2.81457328604814
333,4367,"s7","m1",-0.477302095013636,-0.18697097598481,-1.4977102037389,0.13208801708882,-2.18743412514986
334,4375,"s7","m1",-0.473913033269672,-0.223954878971264,-1.80549865293646,0.0582946299572966,-2.15412267327982
335,4422,"s7","m1",-0.445660897616127,-0.23747262384686,-1.88966456786572,0.233094970895955,-1.74589805244973
336,4427,"s7","m1",-0.351203871904057,-0.227120790427707,-1.47871881174315,0.230226877676487,-1.96474238737186
337,4428,"s7","m1",-0.428977234514413,-0.152539932460611,-2.26743380762057,0.198085222776445,-2.2397344711107
338,4429,"s7","m1",-0.407265857146907,-0.117746874209525,-1.44219280684163,0.302252532577512,-1.89314423363268
339,4432,"s7","m1",-0.372422436365684,-0.169688079446563,-1.8779597968422,0.199883029141831,-2.49529594630933
340,4448,"s7","m1",-0.447976340581636,-0.183711217989237,-1.72962386287436,0.08116186003849,-1.94745437864837
341,4449,"s7","m1",-0.527240184282889,-0.233260118687232,-1.691008117634,0.0563397460188071,-1.33952510424908
342,4455,"s7","m1",-0.386789189990563,-0.202548522598383,-1.57441679818858,0.150896247253532,-2.0873470473635
343,4456,"s7","m1",-0.43796816996469,-0.10999029215613,-1.88444326527115,0.212186526044361,-2.41307207113576
344,4463,"s7","m1",-0.453331431476788,-0.199922255482142,-1.89929301052799,0.114001598902558,-1.70071477398076
345,4465,"s7","m1",-0.414801388263192,-0.206474918144734,-1.48676846178592,0.133859774791114,-2.29913627948126
346,4474,"s7","m1",-0.452673741022054,-0.179593939464717,-1.7517946874127,0.119973879750954,-2.39697919287785
347,4479,"s7","m1",-0.422238234445146,-0.177416403507803,-2.07675083564034,0.0303589328978229,-2.50093356099697
348,4498,"s7","m1",-0.50481397810564,-0.204047987239361,-1.85953932220679,0.135436014144574,-2.44138338348091
349,4524,"s7","m1",-0.460995162384479,-0.153185829804477,-1.77549569787327,0.0645514618034346,-1.91878411364216
350,4541,"s7","m1",-0.415160523366017,-0.171778657275841,-2.03391619158643,0.220781816883441,-2.44213664003777
351,4542,"s7","m1",-0.506747989004048,-0.22176925447985,-2.21287799857244,0.0572098491578637,-0.936675854102858
352,4564,"s7","m1",-0.490708446246992,-0.185437843438401,-1.73427746030881,0.145043575565108,-2.39385039396446
353,4593,"s7","m1",-0.541781788570383,-0.153006333983133,-1.50157094662737,0.0667970150945208,-1.30021227864205
354,4597,"s7","m1",-0.454218263843632,-0.18067201048364,-2.05257606910146,0.156106633984477,-2.12389488480953
355,4606,"s7","m1",-0.469155847423865,-0.180416300665839,-1.94324611711822,0.0931867364362745,-1.79987066637143
356,4620,"s7","m1",-0.458100636792176,-0.177685660885883,-1.7467417777566,0.110011960001237,-2.98267197147709
357,4644,"s7","m1",-0.465662009624773,-0.220947814574948,-1.70804272402453,0.177208865356972,-1.95950065241124
358,4645,"s7","m1",-0.373348004115075,-0.171959471068749,-1.76496637251241,0.0599251459839173,-3.19671467363191
359,4647,"s7","m1",-0.392544836424223,-0.201673641612915,-1.94544351281221,0.24209030277006,-2.08684043034057
360,4649,"s7","m1",-0.456182343215785,-0.188997436116632,-1.8528032762364,0.0252495682717903,-1.78022552108434
361,4661,"s7","m1",-0.453375405324964,-0.204178952351396,-1.89062911086222,0.233659729440908,-1.88853610872413
362,4676,"s7","m1",-0.438232065552518,-0.226235089412825,-1.73694458914926,0.164246271288643,-1.10741569090772
363,4681,"s7","m1",-0.432644829750335,-0.197000799278188,-2.07729500875131,0.194570823176348,-2.11965004574305
364,4694,"s7","m1",-0.415659808764197,-0.17338352332369,-1.49204120168368,0.219662929003321,-2.23232671834552
365,4703,"s7","m1",-0.457700555430807,-0.191416053881689,-1.60347519639128,0.10651352909675,-2.69601853674149
366,4712,"s7","m1",-0.478409628383957,-0.182755744495847,-1.585532991428,0.134802796744249,-2.51376274649236
367,4745,"s7","m1",-0.465767013524788,-0.149015148297491,-1.82148616159193,0.201860662241115,-2.38718246334185
368,4767,"s7","m1",-0.458372649552276,-0.20218977695412,-1.56675980863219,0.150654573896494,-1.91568255076549
369,4777,"s7","m1",-0.502551007450753,-0.265505819453671,-1.47988070565436,0.111123148514651,-1.46450790126885
370,4798,"s7","m1",-0.454079099210865,-0.17224398699701,-1.42910890352249,0.107411693637721,-1.76586674191673
371,4802,"s7","m1",-0.478405841475341,-0.202835584238261,-2.09205691719027,0.227907083005453,-1.77165924549319
372,4814,"s7","m1",-0.494991348857882,-0.226867320822258,-1.83955350324793,-0.100053173048746,-1.57499154747722
373,4817,"s7","m1",-0.459215621315693,-0.211212434340892,-1.81169850596769,0.0169930963828471,-1.51876409560268
374,4820,"s7","m1",-0.430243744451966,-0.142132048996573,-1.87610021904891,0.15475305398833,-2.20483024604139
375,4826,"s7","m1",-0.47263478492038,-0.216470644428741,-1.39427213905571,0.19465310537574,-0.958142873876534
376,4853,"s7","m1",-0.438291792133089,-0.145280811582499,-1.8707376834558,0.111882263260084,-1.6568153006673
377,4864,"s7","m1",-0.442023607173029,-0.220437691988195,-1.6416556803719,0.183626747869548,-2.40494594406604
378,4869,"s7","m1",-0.458499113929205,-0.251188623165496,-1.67886166235431,0.214651159609956,-1.49231060058554
379,4872,"s7","m1",-0.435557720630296,-0.200776775579182,-1.52265037265303,0.105184659074946,-2.47775232722969
380,4878,"s7","m1",-0.361253184204208,-0.20358758437899,-1.79113196548479,0.269189203489859,-1.9334444888269
381,4879,"s7","m1",-0.426674801021568,-0.219192826655766,-2.05784434217347,0.0313540199313465,-1.99205540430695
382,4892,"s7","m1",-0.50781410569213,-0.28740921934169,-1.7395206360788,0.0122523134999766,-1.03183994803076
383,4920,"s7","m1",-0.492925138580248,-0.226341124417712,-1.63768058266376,0.114005514849791,-2.12450447443786
384,4928,"s7","m1",-0.443370751920426,-0.169026960175015,-1.38996636723449,0.118914863053054,-2.13328232149472
385,4936,"s7","m1",-0.494488173674158,-0.157707665320755,-1.72195854981443,0.214016867881026,-2.36655899261481
386,4939,"s7","m1",-0.465399637257464,-0.256287660892955,-1.84416352747357,0.0866566493284805,-1.67491431981079
387,4943,"s7","m1",-0.523875777259309,-0.254349499806736,-2.62434168090806,0.0525194896535726,-1.15364661220752
388,4944,"s7","m1",-0.436719907110785,-0.230951164116117,-2.2153441663741,0.129092849672898,-2.94646810051954
389,4972,"s7","m1",-0.52519441931992,-0.255709097643748,-2.61827229983223,0.0665133057056281,-0.944012500305474
390,4981,"s7","m1",-0.452480492458468,-0.170308397522049,-1.40838201135944,0.0288899000107997,-2.32611952088637
391,4989,"s7","m1",-0.432816659917508,-0.165168020574519,-1.72036558236769,0.229254341695281,-1.30767087980717
392,5005,"s7","m1",-0.433404504270298,-0.185456418725734,-1.86437198258355,0.176948332267497,-2.41343642408364
393,5024,"s7","m1",-0.3857667045056,-0.128550770973019,-1.87140930514765,0.241347007842437,-1.9542026223215
394,5059,"s7","m1",-0.46815626207488,-0.205594603047187,-1.79243468747135,0.172364155947733,-1.93788082768021
395,5062,"s7","m1",-0.375223749578696,-0.178396846722992,-1.83592341886636,0.187931907320052,-2.00506798665524
396,5064,"s7","m1",-0.452126696473608,-0.257182620926683,-1.28063078621423,0.0280670156694394,-1.40187717826892
397,5085,"s7","m1",-0.393560901404496,-0.191478514715153,-1.64808693872944,0.241689142671745,-2.38659062179437
398,5095,"s7","m1",-0.469731210746556,-0.181575238713733,-1.96809506066134,0.0955035132338964,-2.62501228601226
399,5100,"s7","m1",-0.413682575609515,-0.238416602297706,-1.50744588083183,0.187338622448889,-2.81576056710984
400,5101,"s7","m1",-0.427841264512095,-0.202855708768897,-1.63092740718144,0.142309769806062,-2.42713804283315
401,5104,"s7","m1",-0.430893979504617,-0.199051033986025,-2.05631518465608,0.252856187300658,-1.15872076815677
402,5115,"s7","m1",-0.537759086788388,-0.218071078867109,-1.33388489814095,0.108516841577663,-1.16188727643241
403,5121,"s7","m1",-0.456136390508616,-0.125030261777833,-1.67058812870694,0.155687120853403,-2.01097426043737
404,5122,"s7","m1",-0.415666500219601,-0.216325106549782,-1.82802245850425,0.148118495942078,-2.30121199443774
405,5130,"s7","m1",-0.333952465646455,-0.164249483449732,-1.80031904421655,0.235901404243197,-3.56852575815495
406,5134,"s7","m1",-0.471954295378656,-0.235885853707337,-1.54061842302136,0.0290428300387845,-1.80503731906927
407,5136,"s7","m1",-0.459870132898943,-0.221853164035263,-1.56654302173552,0.197768431004977,-2.0635632060098
408,5150,"s7","m1",-0.440662806310033,-0.165271978617196,-1.94456987889377,0.254179653204799,-2.9277487439066
409,5154,"s7","m1",-0.48552114548638,-0.14056637837477,-1.70168980021787,0.1372812098725,-2.31570210334753
410,5160,"s7","m1",-0.491955058924998,-0.242964390906217,-1.46549898619311,0.136219047162734,-1.4044252901344
411,5171,"s7","m1",-0.490552478699268,-0.208117432403,-2.02542977935358,0.0519284097476993,-1.33018151669789
412,5177,"s7","m1",-0.438721463856651,-0.10271646735128,-1.6217014138824,0.274230588402027,-1.83264016907093
413,5179,"s7","m1",-0.436452372729572,-0.165818293915074,-1.91622233922893,0.100523286659724,-1.86215681863118
414,5190,"s7","m1",-0.506646942100595,-0.235971938236652,-1.49143514851526,0.194013552321528,-1.10489184445267
415,5201,"s7","m1",-0.440510784924665,-0.229171217293223,-1.88347555039383,0.193741415603831,-1.7525154571094
416,5208,"s7","m1",-0.373177329461709,-0.20498009182931,-1.72108174485387,0.263964579939423,-2.59472746854217
417,5221,"s7","m1",-0.460595609419897,-0.231828564347465,-1.8307193779387,0.0769255624901091,-2.57513735503272
418,5222,"s7","m1",-0.493141772414685,-0.200702230618226,-2.01765553517174,0.0828904140343112,-1.95049961208661
419,5229,"s7","m1",-0.430858858866802,-0.216363188101355,-1.78339523104199,0.121520186791204,-1.71820964684392
420,5234,"s7","m1",-0.4083745963116,-0.220949144215104,-1.91147401920742,0.102312732992775,-2.01021608088959
421,5262,"s7","m1",-0.414744419143515,-0.176605524215627,-1.40599632149972,0.112750243483835,-2.33457475470907
422,5285,"s7","m1",-0.424000700965811,-0.155913414573712,-1.58820986381436,0.188131208223353,-1.72280590668489
423,5292,"s7","m1",-0.446786910359154,-0.196814291029457,-1.64689863331357,0.164969425180036,-0.892085591148852
424,5302,"s7","m1",-0.422187131750063,-0.176260052356599,-2.02882729900625,0.140784644736749,-2.31946646806827
425,5311,"s7","m1",-0.488210653844895,-0.203657831538635,-1.99149148454962,0.104149786851907,-1.5209588772501
426,5319,"s7","m1",-0.431615378938653,-0.119655219821371,-1.83822487154112,0.185115473972604,-2.66226007154009
427,5320,"s7","m1",-0.357643774656035,-0.128069080998151,-1.3285484837687,0.273559859612915,-2.81230892162812
428,5334,"s7","m1",-0.471153108418765,-0.175136102180622,-1.90646379441801,0.176525293826565,-1.93450201335345
429,5343,"s7","m1",-0.423232977265688,-0.180400397253127,-1.57135833615649,0.104530376226363,-1.79444788977676
430,5348,"s7","m1",-0.475786321313295,-0.161999606385037,-2.00936502955738,0.182009611822477,-2.55629594148765
431,5361,"s7","m1",-0.407955046093887,-0.206700919787939,-1.90008979715696,0.202706257709348,-2.01079665003955
432,5381,"s7","m1",-0.46112216782787,-0.165012416982917,-1.74775241694499,0.128001798660217,-1.62699381782687
433,5383,"s7","m1",-0.392845774905534,-0.197565159462378,-2.15940995774475,0.161150295622072,-1.96516844391281
434,5387,"s7","m1",-0.394737523128591,-0.113995768801704,-2.08586184073401,0.267397063765721,-2.75655075895594
435,5395,"s7","m1",-0.400981997657482,-0.215288697488721,-1.68331584637948,0.0957804361010424,-2.12267716399001
436,5398,"s7","m1",-0.506773573888637,-0.222443311358598,-1.99778276724061,0.079187965432428,-1.3570394073138
437,5423,"s7","m1",-0.441406189799273,-0.247921904316212,-1.67966911111533,0.0478270077690913,-2.03243431832385
438,5432,"s7","m1",-0.500347612537126,-0.306079090413951,-1.53178031212356,0.00343526762795657,-2.01449712201568
439,5433,"s7","m1",-0.447448744098984,-0.184679071442564,-1.68907195458171,0.143438087353189,-2.13596715176703
440,5440,"s7","m1",-0.449626915320985,-0.217054705688619,-1.92637660482586,0.179557918956013,-1.77249523800841
441,5484,"s7","m1",-0.426126917736291,-0.112804676949614,-1.54425983667114,0.195083534925093,-2.65945315580624
442,5508,"s7","m1",-0.530781958985141,-0.220967768189052,-2.11882161336137,0.0569834013484726,-1.20625603296216
443,5541,"s7","m1",-0.507952962723368,-0.20924086288198,-1.69527076939016,0.211480437732258,-1.5059364859604
444,5560,"s7","m1",-0.471212043188253,-0.198654528552428,-1.94833060338984,-0.0222900215537264,-2.03594926244129
445,5562,"s7","m1",-0.458546284718816,-0.193471589417635,-1.5217702064643,0.119836263909516,-2.50587643249869
446,5567,"s7","m1",-0.417611526209421,-0.136838928249409,-1.40541564897268,0.137105764557876,-3.32791779392308
447,5577,"s7","m1",-0.399090784735104,-0.200637341229006,-2.08199617060015,0.221574741918983,-2.35738415355099
448,5590,"s7","m1",-0.451645406268473,-0.292065963470968,-2.22368589303848,0.0779134893415662,-1.02934170601779
449,5599,"s7","m1",-0.509997577292573,-0.150434737253756,-1.56344147764481,-0.0467073188062929,-0.952526319045394
450,5613,"s7","m1",-0.447501161212846,-0.224650257242957,-2.02827802283252,0.18060238674898,-3.0181818507559
451,5615,"s7","m1",-0.487394721937645,-0.193100735469537,-1.66993922287675,0.210404169143566,-1.35022484215136
452,5623,"s7","m1",-0.467058355265607,-0.174118867989139,-2.357622345362,0.297357240272074,-2.61284585668543
453,5626,"s7","m1",-0.411350929232632,-0.183809874613683,-1.67244665882464,0.313260473061738,-2.27747472774218
454,5637,"s7","m1",-0.435220055250545,-0.208749425178993,-1.29623157423694,0.121853704622633,-1.85760815081457
455,5650,"s7","m1",-0.38325477229106,-0.188569732762358,-1.52576631978187,0.222460713626839,-2.3177191075285
456,5653,"s7","m1",-0.403641198592381,-0.232974286829823,-1.58773560508555,0.0680106676258762,-2.19531435549852
457,5666,"s7","m1",-0.518851681922216,-0.185115840984972,-2.08073918852174,0.103572160644263,-1.43200372926583
458,5675,"s7","m1",-0.466910477559146,-0.272900085018352,-1.8342140203243,0.0840524858619278,-1.34657876276353
459,5677,"s7","m1",-0.533588458162676,-0.262437127235432,-2.52328600766115,0.0998774449721346,-2.20440675044623
460,5686,"s7","m1",-0.481427710646484,-0.197560194366284,-1.50186579761016,0.146420393894157,-2.81301083963008
461,5689,"s7","m1",-0.442891527425376,-0.166578203420301,-1.84631760672044,0.0960287362541231,-1.68273513678939
462,5690,"s7","m1",-0.485335545149296,-0.178716770648465,-1.69347752583011,0.0810223914005947,-1.9106423844334
463,5749,"s7","m1",-0.470104160269585,-0.177833712242386,-1.45691617128204,0.100054630991605,-1.11907173687518
464,5753,"s7","m1",-0.562993374755523,-0.221857986442408,-1.6134135761447,0.113077030881997,-0.854707162552128
465,5755,"s7","m1",-0.497954542698413,-0.214034121731905,-1.59896665569381,0.0800373706905866,-1.46101902322052
466,5786,"s7","m1",-0.441934448218315,-0.194815959740273,-1.32423768868126,0.190837505828544,-2.13297569614847
467,5787,"s7","m1",-0.456443790223466,-0.215587160443831,-1.6782858813219,0.155537031380807,-2.48321535169774
468,5793,"s7","m1",-0.406894348000932,-0.189932686060088,-1.71309463218154,0.161145536855291,-2.25351844977723
469,5805,"s7","m1",-0.448950116166452,-0.221236438470402,-1.25107598363745,0.0849565935186626,-2.96171440547269
470,5807,"s7","m1",-0.502575156284697,-0.211809032386864,-1.52959894254008,0.159555250560557,-1.26997584910346
471,5819,"s7","m1",-0.430077301653611,-0.180173794557043,-1.71754756525418,0.224983605193199,-2.16917585907433
472,5838,"s7","m1",-0.384433294019922,-0.2088130534952,-1.81071020117158,0.119436098139647,-2.01402111320772
473,5852,"s7","m1",-0.466246268884551,-0.192143304235546,-1.87544858168658,0.170191747347891,-1.69062562438172
474,5866,"s7","m1",-0.407362801182963,-0.219993451454306,-1.9177489114818,0.181140609060515,-2.23517644263726
475,5867,"s7","m1",-0.405320655769521,-0.182656850469001,-1.61999190811469,0.111121452697927,-2.42562288008622
476,5909,"s7","m1",-0.493846685022828,-0.277594088490996,-2.01468507223374,-0.0387191378305188,-2.09840162253603
477,5929,"s7","m1",-0.44612853037364,-0.238756692007578,-1.70776161337151,0.059140778937612,-2.16644892825789
478,5936,"s7","m1",-0.441968086921893,-0.145861784835027,-1.41740993449114,0.176142782122995,-1.82932102178329
479,5947,"s7","m1",-0.448196561507483,-0.151915270649162,-1.84533660828113,0.190058460608073,-1.84177671304887
480,5952,"s7","m1",-0.421103184316925,-0.147847063405217,-1.06138927354462,0.213321795758478,-3.13889813512741
481,5978,"s7","m1",-0.483188094285389,-0.230380598863241,-1.63538992718231,0.162997109627447,-1.37914323834929
482,5990,"s7","m1",-0.448022531673371,-0.276730654290598,-2.34119608283528,0.0435491399326523,-1.37709499184478
483,5999,"s7","m1",-0.489238486928636,-0.227414285018267,-1.95122116833748,0.0608473897818398,-2.01641617605335
484,6004,"s7","m1",-0.407817451443887,-0.17523298330596,-1.62446737243137,0.150965430589811,-1.82160333916111
485,6006,"s7","m1",-0.426450078764781,-0.174117050864728,-2.27930122008864,0.21113285527349,-1.89834720373898
486,6040,"s7","m1",-0.418389779445021,-0.159196378808201,-1.3950069969924,0.0814164147015108,-2.60572745839858
487,6041,"s7","m1",-0.512687639908769,-0.145792079472477,-1.36948751112551,0.128154631409089,-1.69473092003479
488,6053,"s7","m1",-0.475669466227849,-0.235369237783751,-1.80783342470817,0.0589756074492357,-1.14724695000469
489,6072,"s7","m1",-0.423709500497622,-0.203391391398389,-1.50806884108859,0.213025637878162,-1.89614829584589
490,6086,"s7","m1",-0.404270210269659,-0.181736042831559,-1.47718517929894,0.27410500486089,-2.34942015405811
491,6097,"s7","m1",-0.480027878083002,-0.193680762642393,-2.47263141932166,0.170964108806568,-1.32149046132469
492,6101,"s7","m1",-0.472026599909976,-0.164065775659369,-1.59286420414967,0.180026078518683,-1.99825564151855
493,6128,"s7","m1",-0.454815608954083,-0.263119458732184,-2.15951106369796,0.074862061823427,-0.90683114071629
494,6150,"s7","m1",-0.472605542664639,-0.185179340848773,-1.95942451376609,0.193121220973179,-3.44326428558203
495,6159,"s7","m1",-0.565928610727127,-0.180444841604257,-1.46394906805557,0.0414517490295507,-2.1713277099446
496,6161,"s7","m1",-0.482447423035134,-0.228641699335381,-2.35915605597472,0.144670228369076,-3.02688253295424
497,6177,"s7","m1",-0.513038839067372,-0.163806676381521,-1.597074541586,0.0703367727362474,-1.76195695789698
498,6190,"s7","m1",-0.476872033872258,-0.192415900672852,-2.22988615303003,0.102158983285407,-2.08969283965213
499,6193,"s7","m1",-0.464325663381872,-0.263097340580922,-1.92876299135832,0.126668514841992,-1.54844116121074
500,6210,"s7","m1",-0.475262088964296,-0.233674155644738,-1.95738377506976,0.144903302787112,-2.25857389787294
501,6243,"s7","m1",-0.497793570027319,-0.216273062155904,-1.54566722649756,0.117699034956728,-1.40800373389023
502,6248,"s7","m1",-0.439414480562659,-0.178998506120944,-2.31229228859932,0.183818692172243,-1.60880973165665
503,6253,"s7","m1",-0.394521090686607,-0.179337969375755,-2.03035482889916,0.191718573368868,-2.72652519534541
504,6297,"s7","m1",-0.430132694125474,-0.176569453357803,-2.07563252972701,0.0982352975611771,-2.17370133421037
505,6318,"s7","m1",-0.452968155874271,-0.204338881645872,-1.95148889907798,0.237360189482912,-1.34005224411413
506,6330,"s7","m1",-0.411422737529387,-0.243314207712776,-1.67713675522819,0.125552802268158,-2.10315991374557
507,6340,"s7","m1",-0.467233259326381,-0.237319670870811,-2.20997553851759,0.00375433341229985,-1.98665035724352
508,6360,"s7","m1",-0.44241951918182,-0.234548392433281,-1.90477734593963,0.0358570755244616,-1.84027817226725
509,6365,"s7","m1",-0.418018780891264,-0.211557962569655,-1.51776284518691,0.24027115441799,-1.44945675523449
510,6376,"s7","m1",-0.458927700803924,-0.219088417254939,-2.53024741606212,0.168935729767313,-2.34266133979315
511,6382,"s7","m1",-0.471211185159373,-0.198884309485595,-1.87224870195155,0.141937573751283,-2.04637542164035
512,6394,"s7","m1",-0.442588005444089,-0.239978039315631,-2.23254067256243,0.0853671242703546,-1.70755197866849
513,6405,"s7","m1",-0.435567590436062,-0.154276012009913,-1.88240592425625,0.152508527777153,-2.46651955033711
514,6441,"s7","m1",-0.445431643747499,-0.252335186971344,-1.82376980743962,0.0863609237792809,-1.38806035763367
515,6462,"s7","m1",-0.601749324070096,-0.224221277724272,-1.71792402341857,0.14779250935111,-1.0282549419576
516,6470,"s7","m1",-0.5195489350451,-0.223329758903625,-1.8178784172918,0.107712835485806,-2.41645175413708
517,6475,"s7","m1",-0.445404647745014,-0.13002373183476,-1.50485208828577,0.10110006195754,-1.78450238302619
518,6484,"s7","m1",-0.373296850032111,-0.188151504171146,-1.43261026783318,0.211296021673245,-2.56309175793864
519,6502,"s7","m1",-0.42827041807559,-0.170609742667809,-1.74934961595549,0.186518844806475,-1.82934010586479
520,6512,"s7","m1",-0.460478298060864,-0.229842171341734,-2.33830765660926,0.0872912466499225,-1.79370703380462
521,6521,"s7","m1",-0.404648111611685,-0.157434532020516,-2.24347746805789,0.112127843204941,-2.83506308476459
522,6535,"s7","m1",-0.435423873718214,-0.200733812154303,-1.83825944431758,0.0515264055572476,-2.42932948671698
523,6543,"s7","m1",-0.423969330199911,-0.175480799816901,-1.59332974929031,0.198198001172371,-1.42113345187493
524,6550,"s7","m1",-0.459492884845852,-0.223587355734623,-1.97839587771603,0.213228825838421,-1.5520187388463
525,6560,"s7","m1",-0.367665750725792,-0.212205456620321,-2.08654508154259,0.18776171642196,-2.96035778775507
526,6565,"s7","m1",-0.404927807422195,-0.23616366525795,-1.43304607058073,0.179082835499338,-1.31129388840616
527,6589,"s7","m1",-0.429416306359584,-0.205061447335954,-1.95205496519834,0.183396300614086,-2.08030238323728
528,6593,"s7","m1",-0.471589576044864,-0.248265913994721,-2.17062236417681,0.0887291695640607,-1.56237925962121
529,6606,"s7","m1",-0.445232232131824,-0.228301486078361,-1.66607469847233,-0.0211891208764211,-1.51366729245013
530,6639,"s7","m1",-0.529312908960232,-0.25100593487535,-1.74836020307967,0.0607405980892959,-1.16555120540117
531,6646,"s7","m1",-0.495240141166712,-0.196517317286507,-1.52665193460645,0.0918023060887219,-2.03448356772098
532,6664,"s7","m1",-0.442936093249216,-0.245754750556,-2.33486485534859,-0.0434222028375214,-1.93906845006954
533,6669,"s7","m1",-0.388142058212821,-0.154228719260003,-1.56775173732997,0.144484913639893,-2.468193852945
534,6679,"s7","m1",-0.39526228859394,-0.152033130966279,-1.67896141470457,0.332091978318607,-2.13725618723995
535,6705,"s7","m1",-0.43291589035758,-0.211507282816258,-2.62986113382245,0.122547239962681,-1.90300194808723
536,6722,"s7","m1",-0.428276091927381,-0.132934787844949,-1.47282448111661,0.236483969291144,-1.79000654159906
537,6742,"s7","m1",-0.495898494230874,-0.174980181826893,-1.61665488933268,0.0763512556482433,-2.0587646551656
538,6747,"s7","m1",-0.439727254606725,-0.183763269466491,-1.71261468470244,0.127977421951719,-2.46631540709958
539,6749,"s7","m1",-0.434610395154135,-0.154807947044961,-2.13560610131117,0.188082294416824,-2.31589430011477
540,6750,"s7","m1",-0.374619042285954,-0.232476704810139,-2.1254471112153,0.109497288156931,-2.59287700404634
541,6751,"s7","m1",-0.43937749847402,-0.166999182110346,-1.99382422753172,0.123616907694069,-1.64817815007228
542,6753,"s7","m1",-0.496065049437426,-0.199077563959089,-1.62354348709458,0.0819565223756816,-1.67296056044747
543,6769,"s7","m1",-0.39009071557959,-0.232641764206644,-2.07247062746612,0.181931955315071,-1.95276664803626
544,6781,"s7","m1",-0.393464665893988,-0.185423528622158,-1.52955324757429,0.15112340237604,-1.66024438928125
545,6797,"s7","m1",-0.381061039720411,-0.17983723147187,-1.40467395085737,0.124587381909749,-2.26295815960626
546,6803,"s7","m1",-0.508583544323526,-0.257559689692347,-1.7773589694116,0.0109319706105372,-1.29841826270527
547,6805,"s7","m1",-0.432734210156468,-0.197659864824976,-1.69244275220743,0.192983134854597,-1.78203176570207
548,6868,"s7","m1",-0.418653409280205,-0.158883074461862,-1.64253562637909,0.16895200296987,-2.10590876236462
549,6872,"s7","m1",-0.468140145370419,-0.222267243934506,-2.00600177934121,0.137822451687792,-1.97034785180317
550,6881,"s7","m1",-0.372841102782487,-0.173102226586736,-1.75868724295119,0.171568012693061,-2.86841828821092
551,6884,"s7","m1",-0.45458554985892,-0.239592900610635,-1.62676704810692,0.126606371018497,-1.91525024778595
552,6892,"s7","m1",-0.421724038899817,-0.178390073569974,-1.12562352670874,0.228343169969636,-2.15887089364284
553,6902,"s7","m1",-0.438231708324144,-0.150229550906251,-1.94438072246615,0.149276716829533,-1.72306268235706
554,6908,"s7","m1",-0.374590373027399,-0.152306686251354,-1.64701011470028,0.154385009630191,-3.32169445956085
555,6911,"s7","m1",-0.440840960987463,-0.188693388545174,-1.87646332797916,0.0860816332982138,-2.15651569848418
556,6931,"s7","m1",-0.491730918215975,-0.205066606875471,-1.90625898327015,0.104219681088728,-1.38506625787219
557,6955,"s7","m1",-0.525643704491854,-0.193863590888921,-1.75462785816324,0.19710751302733,-1.41312294220543
558,6969,"s7","m1",-0.469829379735219,-0.193347397044494,-1.98574293435196,0.118956054487527,-2.47184049866636
559,7006,"s7","m1",-0.42769641240711,-0.228028509949321,-1.78543599419316,0.099988600739169,-2.09183284425194
560,7033,"s7","m1",-0.447587814778065,-0.155468828204348,-1.51829997775648,0.191822839195099,-1.93568329909757
561,7047,"s7","m1",-0.471342006716704,-0.157721313793681,-1.52122991255992,0.175901096693171,-1.50426309215097
562,7088,"s7","m1",-0.444904029872404,-0.188861525349774,-1.60766131219624,0.242597499513635,-1.07556369446344
563,7093,"s7","m1",-0.455494997292012,-0.183542711193361,-2.11598110161261,0.127966223383729,-2.19866331163181
564,7098,"s7","m1",-0.449396047435651,-0.212167085301561,-2.21138143854117,0.0947174976699738,-1.54835005003248
565,7112,"s7","m1",-0.441924077741062,-0.141763515078334,-1.63819336647199,0.125316286052714,-2.39688360707054
566,7113,"s7","m1",-0.439345527876763,-0.180424204783418,-1.63891457036837,0.21475321428061,-2.49547030791012
567,7121,"s7","m1",-0.420532257295951,-0.20056808295341,-1.94426474769386,0.267696356321354,-1.49341908176585
568,7125,"s7","m1",-0.504501845477036,-0.228602476294011,-2.19457353886416,0.103603969713375,-1.3853049884673
569,7126,"s7","m1",-0.46176800548648,-0.23850146365305,-1.87748958994996,0.112044091951573,-1.34308067631697
570,7131,"s7","m1",-0.508941951921143,-0.185495794263011,-2.18253350140551,0.0624851865323075,-1.41118413507768
571,7135,"s7","m1",-0.466674166866899,-0.275729896521563,-1.83113278619229,0.118545001384582,-1.67899248767823
572,7137,"s7","m1",-0.528758927126453,-0.20588133106366,-1.7283164958763,-0.0723627546923927,-1.16637158884388
573,7138,"s7","m1",-0.517375019184117,-0.270055661590781,-1.40434656538319,0.160673541229786,-1.24330803205424
574,7179,"s7","m1",-0.454835938482071,-0.160949689813992,-2.04925124122736,0.226567508135176,-1.9945729321521
575,7180,"s7","m1",-0.465379957578044,-0.284048875482802,-1.80812500837432,0.0672978534801734,-0.973571449392739
576,7182,"s7","m1",-0.441880378482046,-0.165516955555949,-2.12521747607034,0.193796940200042,-2.64035345608048
577,7196,"s7","m1",-0.467202225581291,-0.162617780612027,-1.56001828591141,0.274952468205801,-1.67650013868802
578,7206,"s7","m1",-0.467704143809412,-0.178482710947264,-2.05403562247055,0.0267862868507951,-2.34477201947702
579,7216,"s7","m1",-0.472428928733743,-0.129925978397982,-1.33255026893663,0.173646744219438,-1.9850996730325
580,7219,"s7","m1",-0.480189529779745,-0.279293411628,-2.04618285303283,0.106919355367036,-0.689664867361217
581,7224,"s7","m1",-0.429040473017255,-0.250571139484502,-1.9429479027767,0.0873469622332175,-1.15564112344694
582,7225,"s7","m1",-0.433108658623535,-0.208261693598947,-2.11707313923049,0.0999239186907785,-2.44838020826581
583,7230,"s7","m1",-0.429620093461839,-0.258787020572025,-1.73907073519856,-0.0286319430611935,-1.81513189116018
584,7250,"s7","m1",-0.469721568445382,-0.175956778467461,-2.0195144499223,0.155286892753773,-2.80782265842494
585,7258,"s7","m1",-0.408382965328708,-0.200543818199725,-1.52259249146101,0.263614610713496,-1.68810736893289
586,7278,"s7","m1",-0.519185359065538,-0.215449610311941,-1.74597285857664,0.175589521154533,-1.46951680847381
587,7284,"s7","m1",-0.435895382315485,-0.206013407182096,-1.42618319311923,0.181987937570654,-2.29819289473792
588,7286,"s7","m1",-0.44871049350587,-0.195615678932598,-1.45107211402426,0.22312955111065,-1.9533314970592
589,7291,"s7","m1",-0.441283844195225,-0.27191373773025,-1.82430386123478,0.124585488863579,-1.72007606187274
590,7296,"s7","m1",-0.439648288889447,-0.152926347813307,-1.71986992281658,0.231591269983618,-0.970464286623626
591,7298,"s7","m1",-0.444865994771673,-0.182155921120384,-2.37033808155387,0.0888284757924681,-1.89302092564979
592,7300,"s7","m1",-0.459190148190671,-0.168810372271802,-1.78792389997918,0.247962078295549,-2.6552215715732
593,7305,"s7","m1",-0.464489034696531,-0.195035236157455,-2.15616955051803,0.133472719876178,-1.87883072203912
594,7326,"s7","m1",-0.418914294639764,-0.205945655423365,-1.29913829768339,0.214436600363704,-2.35603803209009
595,7328,"s7","m1",-0.470659176718085,-0.124344518360759,-2.4477724019295,0.218550481643455,-1.3030122725792
596,7337,"s7","m1",-0.424886435774823,-0.1822293587883,-1.63054437977949,0.186218688735573,-2.02343116170334
597,7344,"s7","m1",-0.368617587571768,-0.112296788390281,-1.91235183712164,0.374639967635126,-2.17625537852988
598,7364,"s7","m1",-0.4878116211108,-0.181023202099854,-1.58927862934365,0.114814705782748,-1.08363403630258
599,7371,"s7","m1",-0.445426141869644,-0.161567936726855,-2.17413487779768,0.150933735380888,-1.53352566691942
600,7376,"s7","m1",-0.458290068289973,-0.250903916090167,-1.44229255490914,0.0501411426241403,-1.69410301762667
601,7382,"s7","m1",-0.446767042849402,-0.22989633657047,-1.67265784478051,0.14251419768084,-1.99336670537031
602,7383,"s7","m1",-0.471500190679374,-0.199500100211386,-1.97314731846977,0.269378037431075,-1.65405208468855
603,7384,"s7","m1",-0.420049655108256,-0.203893402165855,-1.72345581692506,0.145813150694828,-2.13016219483692
604,7400,"s7","m1",-0.433542461959694,-0.272053153222324,-1.95295347511834,0.0679574454198066,-1.3472469788591
605,7403,"s7","m1",-0.470982796603978,-0.231672343242436,-2.19341007437192,0.021944449682048,-1.94508945597141
606,7405,"s7","m1",-0.375449367958278,-0.133010701210831,-1.93724407261252,0.227921840922772,-2.14951873790233
607,7418,"s7","m1",-0.474661787444308,-0.186644971083877,-1.65168526758217,0.22245142510764,-2.6600864315213
608,7423,"s7","m1",-0.480379768961872,-0.240431950012178,-1.85036072525721,0.0591878394204615,-0.911405282606179
609,7443,"s7","m1",-0.449294038557975,-0.16054555470621,-1.86328234518896,0.241615209382976,-2.22239911702679
610,7457,"s7","m1",-0.488663234283478,-0.167751484475423,-2.3524236989424,0.139691410283327,-1.56990324164438
611,7474,"s7","m1",-0.470330535423536,-0.208836238357049,-1.6807279655786,0.112303187025291,-2.05225663045625
612,7477,"s7","m1",-0.439858951919517,-0.150103719395073,-1.43498310063313,0.103015550373199,-2.23892267294518
613,7485,"s7","m1",-0.40837680590041,-0.185318051107717,-1.53673737348178,0.178000221697925,-2.56521825840557
614,7486,"s7","m1",-0.499834852469138,-0.212070923997037,-1.95402954422744,0.142343012840946,-2.25119287744219
615,7501,"s7","m1",-0.458380682984538,-0.159937004095964,-1.8920053964635,0.157256040421559,-1.86555125562515
616,7502,"s7","m1",-0.472063210325256,-0.258834639281452,-2.08971412843588,0.028665780851625,-1.61933707892959
617,7570,"s7","m1",-0.492531195695485,-0.163232958324485,-1.87545969280737,0.203230378421428,-1.79360389300697
618,7590,"s7","m1",-0.434829801320243,-0.217165926516693,-1.91406311509893,0.202073324291561,-2.08618081282883
619,7598,"s7","m1",-0.488545869662507,-0.267986380262417,-1.75331361213627,0.109434143969224,-1.48274786083524
620,7606,"s7","m1",-0.427714174471253,-0.196823621505185,-2.06910501920546,0.278667983087734,-1.93542406757761
621,7613,"s7","m1",-0.458162228697405,-0.21925122547395,-1.83693881883092,0.115054004558881,-1.34974982523944
622,7639,"s7","m1",-0.498405811699703,-0.241044474191797,-2.58107971293706,0.0623145018674788,-1.55463565783403
623,7687,"s7","m1",-0.460045064676787,-0.244418409326077,-1.43388665614593,0.178682149541143,-1.62733915623788
624,7702,"s7","m1",-0.430954477840681,-0.176500540374806,-1.44023853658651,0.19084252874434,-2.25420654371565
625,7715,"s7","m1",-0.444085258006063,-0.228641901118954,-1.99685970698278,0.0910095714608797,-2.65952920896394
626,7716,"s7","m1",-0.461122209935881,-0.140473212000458,-1.72485243660268,0.226901955103344,-2.26335511309344
627,7719,"s7","m1",-0.488807245086021,-0.206681085877525,-1.72117935227466,0.109497745955599,-2.25750687390177
628,7736,"s7","m1",-0.422264118278985,-0.17421184824537,-1.83402504401189,0.115055894122828,-2.4012099598931
629,7743,"s7","m1",-0.424728350845308,-0.206230520238025,-1.65774361743989,0.196523695128597,-1.54026078939288
630,7753,"s7","m1",-0.492096313265084,-0.26306511678436,-2.17241564878629,0.142840952158649,-1.20503292371875
631,7764,"s7","m1",-0.422747102779995,-0.253736530727024,-1.8404909468123,0.119802614245019,-1.96870371860555
632,7775,"s7","m1",-0.446840104247239,-0.207555147871755,-1.4887283592833,0.0477381426526342,-2.15283218318002
633,7777,"s7","m1",-0.506726893147633,-0.208496448614834,-2.43588804237063,0.0994213161633387,-0.917433420194255
634,7786,"s7","m1",-0.501787046392814,-0.262576167048866,-2.01592956781298,0.0600997729769595,-1.16022149712198
635,7787,"s7","m1",-0.435589226059959,-0.268880796669915,-1.93479471897222,0.113595134618748,-1.52887252212299
636,7790,"s7","m1",-0.469841283347114,-0.241668789340606,-1.46199005790564,0.166744333157128,-2.33069982539697
637,7792,"s7","m1",-0.52267323057679,-0.217196660567089,-1.45399223253071,0.0255343492203695,-1.26496054222952
638,7796,"s7","m1",-0.43074700293616,-0.125029095401776,-1.77713491425821,0.144042986489165,-2.86914129682384
639,7805,"s7","m1",-0.444208844668118,-0.1395046055516,-1.20643405487425,0.125190942662277,-2.34217316231037
640,7819,"s7","m1",-0.465264375966661,-0.168793122055144,-1.78443356028923,0.216381156644864,-1.70768257241133
641,7834,"s7","m1",-0.429459636688632,-0.155182869591425,-1.74287649008524,0.291548830666042,-2.03437465359777
642,7841,"s7","m1",-0.428344112384007,-0.196113652220858,-1.81290990093042,0.0489211958529233,-1.28670620120415
643,7849,"s7","m1",-0.422526764936283,-0.154959183975183,-2.21966307620333,0.212250730143849,-1.99260601714195
644,7862,"s7","m1",-0.440189557863145,-0.143915458353318,-1.95014802738415,0.149534921810455,-2.84908794384811
645,7886,"s7","m1",-0.499098540471609,-0.212581103296903,-1.93672627874027,0.197787872356052,-1.64068465260637
646,7894,"s7","m1",-0.461850442325203,-0.167686482667945,-1.73333028869157,0.166759863070167,-1.58564599147479
647,7898,"s7","m1",-0.413853377322785,-0.217598580500988,-1.62822897453262,0.236754825175089,-1.3590094988249
648,7899,"s7","m1",-0.427083015147473,-0.185013114021966,-1.82522058156056,0.157551907932377,-2.1043036642384
649,7905,"s7","m1",-0.525863839649676,-0.243763082169118,-2.19567714198294,0.166284016559998,-1.59422474741073
650,7906,"s7","m1",-0.460563207238019,-0.145111002380969,-2.0082187654073,0.117664009831554,-2.17177599025876
651,7925,"s7","m1",-0.537152480016514,-0.14941652275809,-1.7621655505461,0.249754499962393,-1.75664712116027
652,7930,"s7","m1",-0.45551538071144,-0.187435818694422,-2.0103952594746,0.105033096057553,-2.69473794423776
653,7938,"s7","m1",-0.440713197422405,-0.168111976330724,-1.98051154682819,0.188563419268457,-1.85826361919086
654,7942,"s7","m1",-0.482732701774514,-0.146241291118508,-1.76379064187505,0.159965018789602,-1.67980762671116
655,7943,"s7","m1",-0.46394577163907,-0.194038330004444,-1.83286503374261,0.15579653184077,-1.39980537497231
656,7961,"s7","m1",-0.412393126755372,-0.175661158072517,-1.88831895180425,0.170957525488614,-2.60727700162779
657,7962,"s7","m1",-0.457971705947252,-0.197133340941392,-2.09735359672012,0.162753305387911,-1.86495728675523
658,7975,"s7","m1",-0.492296283311923,-0.193633961395034,-1.89926634398964,0.11144343708787,-0.917753690853395
659,7978,"s7","m1",-0.553609691287545,-0.275550901914609,-2.08354298823608,-0.0319247419147125,-0.831392677913351
660,7981,"s7","m1",-0.392957585420546,-0.155319335714506,-1.78803444167212,0.151144139897129,-3.0167520520016
661,7992,"s7","m1",-0.432880426622514,-0.190896910844978,-1.22221111121027,0.256572858656897,-2.09592402010279
662,8015,"s7","m1",-0.436705091129416,-0.184011924882265,-1.84206428684507,0.168916725385946,-3.02240116682822
663,8024,"s7","m1",-0.536551782156705,-0.24952945782225,-1.88321631915426,0.102591467268778,-1.35284555548804
664,8040,"s7","m1",-0.46328523536513,-0.224121363956777,-1.52966664634896,0.153040487487962,-1.3817281097523
665,8048,"s7","m1",-0.523930551063886,-0.266956715969605,-1.69826749597943,0.105373270163375,-1.04756626984223
666,8064,"s7","m1",-0.487176369430602,-0.195418662626764,-1.75629327140332,0.12749457009876,-1.14387221526506
667,8102,"s7","m1",-0.41110627394408,-0.215621221350172,-1.91408214169389,0.117628483176328,-2.64414687598549
668,8107,"s7","m1",-0.467521791639853,-0.17261863152936,-2.07207568065493,0.128042166437456,-2.04579319717745
669,8116,"s7","m1",-0.374495992678055,-0.124626701110432,-1.65386461184097,0.274280992272558,-2.42383025510902
670,8120,"s7","m1",-0.458721554701252,-0.174390653954214,-1.81273123653835,0.176929982566582,-2.05678399500769
671,8123,"s7","m1",-0.442900037856439,-0.20345315118275,-1.65763544925959,0.0726539605420755,-2.243758401088
672,8125,"s7","m1",-0.46406965339788,-0.148429189836105,-2.13473598302479,0.18079420605514,-2.12480298798648
673,8126,"s7","m1",-0.411124910931486,-0.177985786671217,-2.00530069896146,0.267777192048136,-2.29280272980952
674,8132,"s7","m1",-0.401531613537914,-0.243554899785629,-1.51130223038573,0.173366964233166,-1.40322177022862
675,8134,"s7","m1",-0.433733471613311,-0.110277388770276,-1.76827687956407,0.228317372427168,-2.75551797085406
676,8144,"s7","m1",-0.511676311424281,-0.216624457215962,-1.70862768456917,0.183874956980971,-0.764485725607595
677,8149,"s7","m1",-0.419881370686886,-0.205934073270765,-1.90565411649028,0.188180709696657,-2.32325012612035
678,8150,"s7","m1",-0.454547612895864,-0.185839772524415,-1.39568253928395,0.227557674712185,-1.86812272005801
679,8158,"s7","m1",-0.469561849886895,-0.141860156350794,-2.00901268338126,0.125494003229348,-2.74673815251391
680,8180,"s7","m1",-0.437121917757203,-0.208070873825865,-1.70165632146922,0.0794560034532885,-1.19776338779882
681,8187,"s7","m1",-0.475784727364163,-0.215375575194849,-1.56085563016195,0.0583254850832784,-1.7327985564827
682,8192,"s7","m1",-0.466612802929046,-0.100705205130666,-1.5875152006557,0.205527085908845,-2.13374137223085
683,8262,"s7","m1",-0.398457436517557,-0.150079082768302,-1.47343645096992,0.224924938296293,-1.89031899867161
684,8272,"s7","m1",-0.485699720246729,-0.184953265431854,-1.74920095064258,0.227080945494687,-1.83591611557763
685,8274,"s7","m1",-0.461438489402397,-0.169970335439975,-1.69164126499178,0.0711111562025603,-2.29451657996844
686,8289,"s7","m1",-0.392317656839812,-0.196442562921819,-1.80745623066593,0.175856601840967,-1.77705391336571
687,8301,"s7","m1",-0.4453051217839,-0.214349727881205,-1.76750313339156,0.10652141985432,-2.44498421641339
688,8317,"s7","m1",-0.483204530789961,-0.212518726010601,-1.50587637076862,0.0358168187046492,-1.80936136962132
689,8320,"s7","m1",-0.408728999122691,-0.227748792123001,-1.55956759184172,0.0649533044934856,-3.17814953711044
690,8330,"s7","m1",-0.40507254590482,-0.196092365124439,-1.68363217950428,0.143114737869405,-2.12054813283247
691,8342,"s7","m1",-0.447412641094378,-0.159331957589717,-1.99189672527626,0.314644387803376,-2.09080730997901
692,8347,"s7","m1",-0.49630792315567,-0.210227817141746,-1.54264395348476,0.148138313016097,-1.68794152779567
693,8355,"s7","m1",-0.49532607276036,-0.179980934068799,-1.46547254783297,0.119054207226506,-2.23563354186182
694,8364,"s7","m1",-0.43787175897295,-0.166031309295218,-1.79661981091322,0.15617304591423,-3.03548017724602
695,8366,"s7","m1",-0.487001840604532,-0.210296520871588,-2.00251387323448,0.129499573923146,-1.38596347460699
696,8375,"s7","m1",-0.48949604583865,-0.241266459009196,-2.05377719741958,0.0442252573525447,-1.34853394638518
697,8378,"s7","m1",-0.485081546557842,-0.244384578169576,-1.83200238360483,0.0656210480125166,-2.05238196286285
698,8382,"s7","m1",-0.46673195075427,-0.171401280908204,-2.193525304908,0.15943587127498,-2.42076966596317
699,8407,"s7","m1",-0.542106241131975,-0.259449202894592,-1.89135571399006,0.055206857978604,-0.926344286074901
700,8411,"s7","m1",-0.465152840544859,-0.235307732474892,-1.80018988761438,0.228664719268067,-1.73716834453508
701,8438,"s7","m1",-0.441453234936017,-0.163792761930389,-1.44315134650732,0.213178712913626,-1.85849910623097
702,8439,"s7","m1",-0.424399261282027,-0.174151836944123,-1.8840563967462,-0.0511949999069718,-2.63525173604903
703,8440,"s7","m1",-0.442340283703369,-0.147774474232653,-2.03809601311238,0.165667498349375,-2.17395320118831
704,8464,"s7","m1",-0.413796335443,-0.206297631621744,-1.77569631685617,0.137721225988979,-2.04098332764789
705,8477,"s7","m1",-0.498254041600336,-0.255111664294644,-2.11111829282243,0.0992537793900597,-1.84210513481393
706,8490,"s7","m1",-0.439269588131544,-0.183602211332347,-1.50659419218965,0.111767483028431,-3.46463804470875
707,8497,"s7","m1",-0.42238369426089,-0.217184364363832,-1.63807826430314,0.151544797283458,-2.24528384364979
708,8547,"s7","m1",-0.469569847167328,-0.148681033343998,-1.48751430107252,0.113707387307011,-1.19161427839612
709,8550,"s7","m1",-0.443814297766673,-0.191693858980926,-2.18509558531063,0.206808151964529,-1.73893243311994
710,8561,"s7","m1",-0.492992866626699,-0.181050192246513,-1.54754414139516,0.180901738257298,-1.18549968789697
711,8568,"s7","m1",-0.447086136368969,-0.222398205907027,-1.55292511160571,0.110543093827868,-2.50184998258722
712,8581,"s7","m1",-0.425006816307016,-0.192722884806306,-1.3481991406992,0.230317757585771,-2.20803442694235
713,8586,"s7","m1",-0.45550535840404,-0.189045048744856,-1.78933912649809,0.113684405264434,-1.88535734126439
714,8601,"s7","m1",-0.420938514516606,-0.218654578965007,-1.85417238007775,0.17839096362364,-1.07029011263016
715,8620,"s7","m1",-0.492387076775236,-0.219924406343906,-1.30318324710861,0.0694796929466477,-1.18224199568197
716,8628,"s7","m1",-0.401866849573922,-0.122174664656729,-2.31486681399186,0.261140958372903,-2.95938671706213
717,8637,"s7","m1",-0.46648900300452,-0.176227823084336,-1.39444628420038,0.101249295676737,-2.33031865200682
718,8647,"s7","m1",-0.460309384338623,-0.157626696880327,-1.98837055043572,0.124719374397319,-1.66409809708472
719,8663,"s7","m1",-0.408864292433978,-0.231472608663077,-1.40135797343004,0.0690110680843624,-1.84806828914253
720,8667,"s7","m1",-0.441380101721113,-0.216266789594312,-2.3625399248727,0.113955690170143,-1.92401334041875
721,8668,"s7","m1",-0.430550822128948,-0.191443879152105,-1.91696689850437,0.00764890906033131,-2.02108984081797
722,8669,"s7","m1",-0.473096726576809,-0.1882909012852,-1.65425100300074,0.162686903519392,-1.64616283720173
723,8670,"s7","m1",-0.42892004943698,-0.140800367529088,-1.47615112829166,0.276913778954031,-1.67465136557911
724,8687,"s7","m1",-0.505263161970739,-0.221211772896081,-1.8001050848173,0.00885693938914819,-1.92820609380091
725,8710,"s7","m1",-0.489541089569248,-0.191352805814856,-2.01379639835607,0.175644830507607,-1.16499288581462
726,8718,"s7","m1",-0.454342012136648,-0.177354228868879,-1.49373608873224,0.252361203014486,-1.36073398909382
727,8750,"s7","m1",-0.457022374113943,-0.0765130887842684,-1.35404474428427,0.310507434556709,-1.95840895982089
728,8757,"s7","m1",-0.39258271398423,-0.23288490308647,-1.85574891033111,0.0324844898023569,-2.19778628610252
729,8778,"s7","m1",-0.441971435955283,-0.167640394479061,-1.56906056233838,0.169431757143433,-2.67165344940721
730,8789,"s7","m1",-0.442959862226193,-0.147909823105149,-1.66733178229538,0.22270274367129,-1.93344570579154
731,8807,"s7","m1",-0.412947537869706,-0.203058548590275,-1.81977266837442,0.142514220192244,-1.36449776149743
732,8810,"s7","m1",-0.380475363717113,-0.136767768133553,-1.57858079440195,0.279775845340949,-2.76886198255181
733,8813,"s7","m1",-0.502963547453739,-0.17612907427094,-1.63483872672351,0.105143200727019,-1.65880469908909
734,8825,"s7","m1",-0.417098050308374,-0.237355387625628,-2.27634088785492,0.221029792073324,-1.2372757842028
735,8828,"s7","m1",-0.393898107564638,-0.25510278466639,-1.89474527250733,0.0889558491111743,-0.882551911856023
736,8832,"s7","m1",-0.447194283320237,-0.218354625075006,-1.93122547494609,0.0390784579978143,-2.61827823849736
737,8837,"s7","m1",-0.489569006765454,-0.233711593699306,-1.80743680439617,-0.0239211149824727,-1.95263501141118
738,8842,"s7","m1",-0.438554404727599,-0.16848148633987,-1.32107877952625,0.0446242938478899,-2.00015296540437
739,8845,"s7","m1",-0.442291389079517,-0.225452344179827,-1.77519815223218,0.0452828681828854,-2.89826455226372
740,8852,"s7","m1",-0.392150418877388,-0.201870223401002,-1.69476402002286,0.145942030479231,-2.45733752181381
741,8884,"s7","m1",-0.465517594426346,-0.251393456807998,-1.65991021495383,0.216029695559836,-1.79274978665512
742,8919,"s7","m1",-0.461317471182616,-0.264029068382028,-1.88498407255502,0.118053282554546,-1.27125201681473
743,8925,"s7","m1",-0.432356000213616,-0.218224878485921,-1.55839696754918,-0.0848696200650607,-1.8469462959975
744,8927,"s7","m1",-0.459745821876455,-0.238640202840245,-2.05507339319876,0.0979803141729568,-1.96515812707282
745,8942,"s7","m1",-0.381403459677906,-0.139728580899608,-1.43734668572359,0.196236519072302,-2.45598541567419
746,8958,"s7","m1",-0.470889176740828,-0.21920473930108,-2.078685550613,0.104257598822034,-2.23239343581453
747,8966,"s7","m1",-0.491318481987079,-0.217602789579882,-1.84134986431878,0.14013198648365,-1.89003039549698
748,8977,"s7","m1",-0.423602991253116,-0.185783862332739,-1.33887836037662,0.145306403197627,-2.70651095163635
749,8990,"s7","m1",-0.432552792185744,-0.21018238281696,-1.48443686761382,0.133412332345013,-1.52329315406981
750,8996,"s7","m1",-0.509288584587207,-0.191319192436746,-1.6975991715145,0.154217584205405,-2.52236393803864
751,8999,"s7","m1",-0.417264549378769,-0.202478116105078,-1.88604098538734,0.102524680848203,-2.62135105499319
752,9005,"s7","m1",-0.461665633771207,-0.210884928319771,-2.24605076367116,0.0573884008335337,-2.868208706742
753,9031,"s7","m1",-0.382493338772055,-0.179147211736453,-1.70964384124817,0.269816627629118,-1.80283348671142
754,9033,"s7","m1",-0.433628132022488,-0.196200854499059,-1.87666421459726,0.285954867106175,-1.99744541311225
755,9034,"s7","m1",-0.455825983789312,-0.239360756297366,-1.54075889866852,0.08095225341548,-1.63579625069672
756,9041,"s7","m1",-0.448297938373986,-0.230100499046733,-1.53134742932296,0.0806507706597874,-2.1647149767877
757,9054,"s7","m1",-0.504468165639175,-0.270287774641597,-2.167235005078,-0.0541629898780594,-0.961574399706515
758,9067,"s7","m1",-0.47309529567855,-0.211480374124728,-1.99073481272365,0.253860898478235,-1.01262411348816
759,9111,"s7","m1",-0.472235249457845,-0.210724642571511,-1.74816334443385,0.101904342781141,-1.58010874197207
760,9124,"s7","m1",-0.433761697645473,-0.197091710134418,-1.76074685469912,0.210254011400218,-2.11539802015283
761,9130,"s7","m1",-0.460438011293772,-0.230975247561691,-1.96307631285643,0.0741261926331744,-2.19439796281843
762,9133,"s7","m1",-0.396003410117046,-0.157408237024413,-1.68082638755429,0.14373593659481,-2.4127232451343
763,9134,"s7","m1",-0.428542244006798,-0.222673168755342,-1.69223095659108,0.167703412667011,-1.42289148574653
764,9135,"s7","m1",-0.389673054821613,-0.170212618339162,-2.00679429212583,0.106180495515752,-1.63765842135794
765,9145,"s7","m1",-0.452405729922067,-0.208699891435459,-2.04369331226002,0.220184301228747,-1.34548719746586
766,9160,"s7","m1",-0.402510339214174,-0.210383652705667,-1.63609246234914,0.163793332289709,-1.91232246780824
767,9181,"s7","m1",-0.40874610762689,-0.158876141737236,-1.50135288796783,0.208165602930563,-1.43633088865073
768,9184,"s7","m1",-0.476192204745748,-0.228437468806033,-1.90829354903431,0.123631680968465,-1.91478091163037
769,9207,"s7","m1",-0.464750071070988,-0.230688443484418,-1.73422541451919,0.190186829281439,-0.993595562843104
770,9208,"s7","m1",-0.393897456530441,-0.160040450062724,-2.04374572956679,0.149974442373646,-1.86762630378391
771,9223,"s7","m1",-0.448617456562238,-0.202054785020246,-2.00365224759062,0.146431362923685,-1.35914413438803
772,9292,"s7","m1",-0.49937282016972,-0.239232059590865,-1.98936429881039,0.0354513436107125,-1.99409439410357
773,9301,"s7","m1",-0.432752671087166,-0.185239956062713,-1.38361638977633,0.0247093818376486,-1.88355764769419
774,9309,"s7","m1",-0.451907492059938,-0.216690742523141,-2.08271910590809,0.0184410350979165,-2.27701956761606
775,9316,"s7","m1",-0.524542897434169,-0.159340789221926,-1.56253246042345,0.152320897742326,-1.3534556262838
776,9347,"s7","m1",-0.446763138581321,-0.164030740023252,-1.52736451481751,0.102881409865895,-2.73930939731836
777,9356,"s7","m1",-0.465419435277227,-0.196988600796331,-2.00598841885677,0.207523237603167,-2.75223681993555
778,9358,"s7","m1",-0.418587964102373,-0.19602844193164,-1.7878616801231,0.175330836388295,-3.73029086529734
779,9373,"s7","m1",-0.421559121547587,-0.177260420391293,-1.8828050025257,0.160307269995579,-1.72856067176977
780,9374,"s7","m1",-0.46393395129883,-0.21676438547152,-2.1073279460478,0.0736374172078921,-2.4638185334994
781,9379,"s7","m1",-0.394672450498909,-0.191443793368173,-2.21859294460707,0.143234166163678,-2.79143972015723
782,9382,"s7","m1",-0.396217142885251,-0.17181544827652,-1.49664581913354,0.264770494979759,-2.63205586029168
783,9397,"s7","m1",-0.388947300176867,-0.116397340450347,-1.69835904733842,0.281669576190683,-2.9679759906547
784,9407,"s7","m1",-0.446616800547146,-0.204933637820555,-2.48508664832885,0.176612497926763,-2.32956835197395
785,9412,"s7","m1",-0.440236727126008,-0.261624059242048,-1.43004744503335,0.0546541846545562,-1.30515333765758
786,9417,"s7","m1",-0.415731153935924,-0.16793260923385,-1.70586224172448,0.197810674888009,-2.09104945318431
787,9421,"s7","m1",-0.43417673172881,-0.147359551878039,-2.02498696423837,0.193989235513024,-2.31929085152964
788,9435,"s7","m1",-0.439501914764178,-0.134424413923636,-1.54870154865084,0.116041308835636,-2.86210854365976
789,9446,"s7","m1",-0.46502424638946,-0.228677142401098,-2.14247126599251,0.303856320385916,-1.5474196312818
790,9448,"s7","m1",-0.377002875297395,-0.183818883492026,-2.06288535111855,0.00039244937273635,-1.97129172884007
791,9454,"s7","m1",-0.364522493140433,-0.241296812276542,-1.82227457128655,0.182237345602851,-3.64286384638284
792,9464,"s7","m1",-0.525427166701767,-0.168969663904629,-1.60771818581199,0.257785758899891,-1.61830100492194
793,9478,"s7","m1",-0.477902423813404,-0.217687630365242,-1.7260012982085,-0.00119071960744451,-1.50620738184857
794,9483,"s7","m1",-0.431198506810999,-0.174041935309321,-1.75194205701811,0.158188494058134,-1.49939197895855
795,9511,"s7","m1",-0.494692536935321,-0.172784221282508,-1.83214562976147,0.110722471907464,-1.64980400944252
796,9512,"s7","m1",-0.471674835066525,-0.180697210246399,-1.4305512168865,0.163422105568735,-2.29966811279506
797,9522,"s7","m1",-0.434831593547514,-0.1343176926274,-1.69474344731607,0.229069320581865,-1.64865529937525
798,9536,"s7","m1",-0.414797643839962,-0.17629291199647,-1.78708915386226,0.129490807493473,-2.5232918199835
799,9537,"s7","m1",-0.427891156326428,-0.202708066457156,-1.80633143390903,0.163649456585933,-1.54810981914863
800,9538,"s7","m1",-0.47109419045949,-0.211797695214912,-1.6762674665331,0.0156702619268797,-1.48891053298812
801,9539,"s7","m1",-0.453451096392312,-0.193933994670023,-1.73472166666986,0.18333952001585,-1.42176423460042
802,9547,"s7","m1",-0.481524707779417,-0.17589564802324,-1.44641911955529,0.228015273789115,-1.17532520903097
803,9554,"s7","m1",-0.50494391065444,-0.224632819378731,-2.0290406234534,0.0430898488035147,-1.31362823432197
804,9563,"s7","m1",-0.339924428047879,-0.137007926741771,-1.60651068042241,0.327912015792686,-2.59417858790408
805,9591,"s7","m1",-0.524084280173037,-0.212546089037627,-1.9809387480647,0.0898472419135576,-1.70063662236286
806,9608,"s7","m1",-0.49170493961509,-0.250010764477721,-1.9932352403266,0.093742949590716,-1.44954423449581
807,9610,"s7","m1",-0.42819664432351,-0.245329051642975,-1.92291433950161,0.0685230434042792,-2.83471506013289
808,9622,"s7","m1",-0.457663692480085,-0.195813803999077,-1.50422921346392,0.174826136124834,-1.63447357499685
809,9652,"s7","m1",-0.457869757770982,-0.201393636975256,-1.46528529058785,0.164648197878298,-1.25140950666652
810,9656,"s7","m1",-0.441925162378733,-0.163508121056277,-1.91735346017844,0.145551552902492,-2.11595478357068
811,9674,"s7","m1",-0.433958377531179,-0.190972212345613,-1.78878447608932,0.101899898897291,-1.74990290252312
812,9684,"s7","m1",-0.514379518539674,-0.134706393026552,-1.47717631169219,0.091085203153743,-1.94134543781191
813,9699,"s7","m1",-0.51342968770335,-0.155137514927159,-2.2749790570744,0.115172521906625,-1.50859427114
814,9703,"s7","m1",-0.477721538855953,-0.198418301001392,-1.36685565779255,0.236617096031388,-1.2917477884971
815,9707,"s7","m1",-0.402512885592108,-0.156481798023788,-1.34612774997268,0.101152229651396,-1.90944977506933
816,9739,"s7","m1",-0.437841272952091,-0.182443387517315,-2.27921136501816,0.160157868379139,-2.07241791558715
817,9741,"s7","m1",-0.513773728331227,-0.19821799241981,-2.20033012561207,0.0966788893891489,-1.29933378832185
818,9742,"s7","m1",-0.447809736160897,-0.201862374473114,-2.15559871471405,0.0372696743190687,-1.80528264629277
819,9748,"s7","m1",-0.403411612362617,-0.122812844773481,-1.68415649607413,0.307520322116554,-1.94420670418498
820,9759,"s7","m1",-0.419356516484489,-0.190674403072699,-1.73626086383525,0.174759373334939,-2.19072346928801
821,9782,"s7","m1",-0.501717016140529,-0.193804993963387,-1.79238056898152,0.0974309069357582,-1.79859355421495
822,9798,"s7","m1",-0.462772477460447,-0.177498901022053,-1.98720926549832,0.17435352705159,-2.02186263616827
823,9811,"s7","m1",-0.496055786679015,-0.184958888792362,-1.69923309999682,0.162438262066009,-1.26713062364343
824,9855,"s7","m1",-0.483811251926135,-0.248847676268065,-1.82527092965851,-0.0137956608219098,-0.661814272916915
825,9856,"s7","m1",-0.417989517220326,-0.16653238570912,-1.35773621489933,0.195722601419498,-1.29543501092498
826,9886,"s7","m1",-0.426871702983968,-0.198115773170812,-1.8352613024148,0.124026541436332,-1.95482377615172
827,9909,"s7","m1",-0.48339046411948,-0.216930550994108,-1.5763385450146,0.0683771049495882,-0.719573171701942
828,9921,"s7","m1",-0.461065443899712,-0.200884392490211,-1.74855422662283,0.18121172400805,-1.65204510774961
829,9922,"s7","m1",-0.396156788466759,-0.207085216969145,-1.77304636780615,0.046857775256635,-1.48267620458115
830,9933,"s7","m1",-0.457077722182691,-0.155587189952228,-1.63115981270519,0.079529020047875,-2.64705856539522
831,9938,"s7","m1",-0.446394483226355,-0.16243341199099,-1.92962343582018,0.177593311155262,-1.65460222320965
832,9971,"s7","m1",-0.450460327930146,-0.180381822582924,-1.42203610250907,0.0878263610692706,-1.51593177972103
833,9973,"s7","m1",-0.455037230500855,-0.210501703151913,-1.68899833378621,0.140930204158944,-3.27372953165943
834,9974,"s7","m1",-0.485328763936488,-0.19581438258212,-1.45901990723198,0.118610413550612,-1.61434143483591
835,9989,"s7","m1",-0.430173403257716,-0.124458139585024,-1.89590676413711,0.0612815130289498,-2.05068889531175
836,9999,"s7","m1",-0.391587691113991,-0.14992474383531,-1.64935550925407,0.256523543602506,-2.94825925589052
837,10007,"s7","m1",-0.362616753718217,-0.134799348498042,-1.2917959138227,0.299929908487132,-3.37185715222054
838,10031,"s7","m1",-0.385387623317163,-0.172632752767493,-1.47965730805248,0.127562187681767,-2.37278962569426
839,10038,"s7","m1",-0.400020573070138,-0.179969716120275,-1.94788896002909,0.130816020564169,-2.21426076734935
840,10051,"s7","m1",-0.596991682644918,-0.279792634322899,-1.62023443179026,0.0439050297375464,-1.41931567840857
841,10058,"s7","m1",-0.430870651415944,-0.254362489762177,-1.81490332160128,0.0292579575300745,-2.29693830688258
842,10071,"s7","m1",-0.422775603009255,-0.245794686759247,-1.99616115840835,0.0888201979403995,-1.6440050013589
843,10075,"s7","m1",-0.471763609454927,-0.185221170596295,-2.0547903856494,0.195943493675871,-1.11171583989504
844,10118,"s7","m1",-0.420676821236161,-0.190839701463055,-1.66356733894975,0.176474778552582,-2.33241153032303
845,10123,"s7","m1",-0.421060902349466,-0.172973527065152,-1.54725110532795,0.178661359774272,-2.61882586289826
846,10130,"s7","m1",-0.560627050705622,-0.212433624339017,-2.02071325205536,0.063745095518164,-1.90284786017858
847,10148,"s7","m1",-0.449727987923897,-0.244828596238927,-1.85029698107,0.12837621903451,-1.80745437174621
848,10174,"s7","m1",-0.444481289139949,-0.204263873284315,-1.88300698662491,0.0786977777775398,-1.81162829950438
849,10175,"s7","m1",-0.442678631747244,-0.170215409190325,-1.45373136824607,0.117013812703844,-1.37899654916291
850,10178,"s7","m1",-0.441784979263982,-0.216322565458182,-1.33870578102031,0.212715244032,-2.60006706874501
851,10181,"s7","m1",-0.39509238164816,-0.177052206440492,-1.73040193181751,0.224432779567872,-2.61472890322443
852,10185,"s7","m1",-0.451821869733816,-0.21704793577783,-2.07021689550036,0.123732090880695,-1.01049227383865
853,10193,"s7","m1",-0.47535574310497,-0.239736147187408,-1.88607330553984,0.111386870989179,-1.10260982891329
854,10208,"s7","m1",-0.484206807906775,-0.220040312851054,-2.2861709609677,0.183166751536056,-1.35889194042241
855,10210,"s7","m1",-0.439017379678803,-0.226957569432259,-1.53390595824909,0.0844187884046111,-2.11377620762164
856,10213,"s7","m1",-0.432327190849019,-0.172274647063825,-1.59019301525672,0.129366512557758,-2.14605299918617
857,10223,"s7","m1",-0.501881063160322,-0.297913383489609,-1.45372796088951,0.0319643543322113,-1.19944663991245
858,10229,"s7","m1",-0.495462822708992,-0.22369032439875,-1.94406217306792,0.0170261814022219,-1.31997773472845
859,10244,"s7","m1",-0.485003108623502,-0.166881050301322,-1.69293477195529,0.185615656618141,-2.0500403877526
860,10248,"s7","m1",-0.48183654779559,-0.176058493335748,-1.97439399213516,0.17247161766634,-1.92560765717565
861,10258,"s7","m1",-0.398760392011039,-0.160545660975381,-1.41508364280194,0.208174322646024,-2.18278509966091
862,10267,"s7","m1",-0.406213273110487,-0.169342439919925,-1.20598893674321,0.214686962317328,-2.01611039980092
863,10268,"s7","m1",-0.448729338450807,-0.153816297327321,-1.84645302056764,0.296089949301325,-2.45424031263604
864,10270,"s7","m1",-0.429073988667231,-0.182350216532984,-1.66624872913976,0.2391231714806,-2.28182611174215
865,10277,"s7","m1",-0.472684572751527,-0.207079044614418,-1.81052516842453,0.20374160591442,-3.33898124987231
866,10288,"s7","m1",-0.638888687769087,-0.211072525826997,-1.69103201143108,0.0714299514150184,-0.485937249427422
867,10305,"s7","m1",-0.499327138539734,-0.209590294948173,-1.80933286040892,0.148153006778258,-2.01989968367364
868,10313,"s7","m1",-0.401193692632077,-0.0950250606637953,-1.67084122466658,0.15913047458709,-2.33137445632806
869,10344,"s7","m1",-0.425862279423867,-0.158585114175288,-1.76807655844456,0.224897819971387,-1.39470380485651
870,10364,"s7","m1",-0.444966393672749,-0.193954790054039,-2.17571796685238,0.17147675126435,-1.6326177170908
871,10368,"s7","m1",-0.404911312853165,-0.180253308531996,-1.87648541517473,0.163238730855555,-1.18984538241577
872,10382,"s7","m1",-0.497973766353296,-0.208412174029532,-2.19422366439657,0.0339014602656681,-1.76971739455565
873,10394,"s7","m1",-0.400877654385854,-0.242698825130509,-1.29801100031366,0.170279501273044,-2.57850916128531
874,10418,"s7","m1",-0.446575101842972,-0.165444407970165,-1.51659579838917,0.197258529660819,-1.49426002664338
875,10431,"s7","m1",-0.434355231385032,-0.148784413560923,-1.40423316590546,0.176166410126757,-1.63850141116541
876,10484,"s7","m1",-0.375457322244323,-0.152282479883539,-1.277229923123,0.273550215103064,-3.13014668308829
877,10488,"s7","m1",-0.454904187712363,-0.218234640298356,-1.57854779400406,0.139964314873425,-1.29114388717737
878,10496,"s7","m1",-0.487569028744963,-0.254204603458354,-1.68314945693501,0.0427525141119974,-1.72416385324612
879,10507,"s7","m1",-0.431802224109714,-0.161724838109684,-2.16577342042732,0.240520685165869,-1.96029333505976
880,10512,"s7","m1",-0.410744396906804,-0.166238897916449,-1.68309070057822,0.109059060214484,-2.70383390176791
881,10515,"s7","m1",-0.484577641603501,-0.205439755401832,-2.02998786728841,0.180995633390147,-1.00537574953252
882,10532,"s7","m1",-0.460758539656388,-0.195311206276083,-1.43977941527269,0.147293341759638,-2.159282406445
883,10535,"s7","m1",-0.385816445448763,-0.162724093501013,-1.72307370622563,0.211489025941922,-1.60906318124243
884,10538,"s7","m1",-0.464550822139117,-0.164912955299498,-1.69335067384836,0.191681683770797,-1.92923921545046
885,10543,"s7","m1",-0.477156611875454,-0.191286184107342,-1.45873560503114,0.181446509209369,-1.96570295576056
886,10567,"s7","m1",-0.468207780476043,-0.223143125810357,-1.78089717889943,0.224276690557042,-1.63791805298456
887,10586,"s7","m1",-0.416893311274227,-0.167850184611334,-2.10372362301205,0.179784757583028,-1.87496520133096
888,10588,"s7","m1",-0.473593698822724,-0.174582867121911,-1.32638012597944,0.0773963869513398,-1.10505930600449
889,10602,"s7","m1",-0.542743247714176,-0.266761248630887,-1.64963908601151,0.125009346743954,-1.12217235443555
890,10609,"s7","m1",-0.444770611328462,-0.182279300820009,-1.73097615986575,0.170405154368954,-2.31087192749292
891,10625,"s7","m1",-0.430843210413231,-0.139784311876154,-1.60855320780872,0.207074791331906,-2.58856759266952
892,10640,"s7","m1",-0.489289117195776,-0.162104576372351,-1.29485509942362,0.110659935436059,-2.71725600657221
893,10642,"s7","m1",-0.403584365818752,-0.210145252818178,-1.60886953456734,0.211630688694079,-1.69863504007355
894,10657,"s7","m1",-0.490105585048647,-0.193837077402638,-2.19921401431249,0.0175551386140871,-3.08792673398595
895,10684,"s7","m1",-0.4234778922089,-0.187452800084281,-2.12192173533249,0.125886158485374,-1.85483211362269
896,10700,"s7","m1",-0.418276948414277,-0.200616688817874,-1.98074205416978,0.224032397963169,-1.79697008262536
897,10712,"s7","m1",-0.401970696314645,-0.197657991132703,-1.93662323829783,0.157264095406657,-2.16876188777244
898,10716,"s7","m1",-0.497043647251789,-0.210385368793572,-1.34458356204562,0.0858797276336646,-2.44645455079751
899,10726,"s7","m1",-0.454636130877745,-0.165742311409898,-1.70813866461289,0.0951604819063375,-1.85306508449686
900,10739,"s7","m1",-0.515974556445982,-0.249775383779794,-1.94754860352411,0.0583859755860646,-1.65817598995924
901,10744,"s7","m1",-0.476957709056486,-0.210319100968728,-1.52497092987749,0.167296336844948,-1.87805806119302
902,10757,"s7","m1",-0.498337334868256,-0.165051687721382,-1.73965315803013,0.139118078985438,-1.60375334132663
903,10768,"s7","m1",-0.442900503944959,-0.142960606274904,-1.88208868542296,0.179939318444952,-1.95201383645833
904,10779,"s7","m1",-0.5169364615223,-0.227074990563297,-1.67815013775565,0.131421335325936,-2.4709806054717
905,10783,"s7","m1",-0.434523405164027,-0.20159864172205,-2.07572642886041,-0.0335393716603904,-2.10914820354625
906,10806,"s7","m1",-0.482992215596243,-0.216472899104622,-2.08758634913588,0.0715772210518718,-1.19593979317338
907,10807,"s7","m1",-0.402542748060699,-0.159199462417528,-1.41233122386189,0.179458883845305,-1.82655054977892
908,10822,"s7","m1",-0.456827169407072,-0.136543205874382,-1.54664121622621,0.206840391863206,-1.71257598030759
909,10823,"s7","m1",-0.387982895314518,-0.171090392257135,-1.58889558729614,0.229935608944325,-1.75712104749769
910,10828,"s7","m1",-0.435809752004477,-0.221067903774047,-2.06016479935564,0.187873295405073,-1.15046444167218
911,10831,"s7","m1",-0.469827898255446,-0.170502126446115,-1.75182985249075,0.111536312194696,-2.99646262331688
912,10850,"s7","m1",-0.485506665490502,-0.19324872936677,-1.9308258632374,0.0622925518512133,-2.13939624179195
913,10867,"s7","m1",-0.435293914927573,-0.226504249294797,-1.98045146244521,0.0103531141080484,-1.35927493945945
914,10871,"s7","m1",-0.453380780969655,-0.185948752580033,-1.91945264311215,0.248848222805784,-2.34316956045514
915,10877,"s7","m1",-0.421398060141701,-0.158713792406177,-1.77915247345967,0.212056915495008,-1.64130489127988
916,10893,"s7","m1",-0.44418136629266,-0.133754820069847,-2.0713476155427,0.259756483920141,-2.16416830985445
917,10904,"s7","m1",-0.448488901765604,-0.219559646025404,-1.322666939524,0.230549877086908,-3.02390819484706
918,10921,"s7","m1",-0.40176970213898,-0.192528168722762,-1.82252374772032,0.207023010354627,-1.97197785928386
919,10955,"s7","m1",-0.406568512723182,-0.194113304314847,-2.13336956259768,0.173131066655205,-3.45356176861298
920,10969,"s7","m1",-0.411028089480255,-0.256422157357022,-1.75036414183596,0.123118125829435,-1.6834534245328
921,10977,"s7","m1",-0.503344781261786,-0.198513946733796,-1.60872680569167,0.212699602491567,-1.64493213453158
922,10978,"s7","m1",-0.424833776393647,-0.232266574375276,-1.58879777139102,0.230620959064012,-1.865001979699
923,10985,"s7","m1",-0.451777644285003,-0.153808475174646,-1.79547888598598,0.226496584147537,-2.16447043849198
924,11029,"s7","m1",-0.43470864049411,-0.225408433097106,-1.50792328514131,0.188331833766371,-1.92077260237323
925,11030,"s7","m1",-0.390590953633414,-0.141715647743373,-1.69154041676068,0.189797569009102,-3.64721558706924
926,11048,"s7","m1",-0.431496381291778,-0.145012599665821,-1.30524459653189,-0.0473035500895446,-3.06465911663438
927,11069,"s7","m1",-0.409791172351709,-0.219763138840579,-1.38794440237935,0.0917439279504669,-1.83340962234486
928,11070,"s7","m1",-0.455827883129076,-0.224453620693992,-2.14968068058096,0.200812000677814,-2.46869660922711
929,11077,"s7","m1",-0.515833488306323,-0.252094366845111,-2.02536821334238,0.013486605052454,-2.1432943995971
930,11102,"s7","m1",-0.513403998941324,-0.182451102617281,-1.6445864478819,0.179932354312924,-1.94284087520464
931,11105,"s7","m1",-0.424679888150974,-0.202414062802227,-2.08510474429952,0.18148235815759,-2.80890269776834
932,11109,"s7","m1",-0.433490460757663,-0.278649550284252,-1.78614439912555,0.143062971072739,-1.13350543475236
933,11117,"s7","m1",-0.452060355381562,-0.263846048779847,-1.69198338636664,0.116309516840775,-1.74216847904967
934,11132,"s7","m1",-0.430398056153728,-0.146873746076738,-2.29702172003482,0.230796091960138,-2.45787921404721
935,11184,"s7","m1",-0.390250476577789,-0.14422428671248,-1.84139104425093,0.26739396561705,-2.07069505612697
936,11187,"s7","m1",-0.436223332678536,-0.177767504725922,-1.6576177357446,0.163953938203452,-2.43832414437608
937,11192,"s7","m1",-0.454504925940422,-0.185672141850437,-2.08168454122095,0.157476243632879,-2.27228819967104
938,11234,"s7","m1",-0.415245184512974,-0.229208053052043,-2.13723252146805,0.200541756668642,-2.75556751568389
939,11239,"s7","m1",-0.419598935986012,-0.165166986244096,-1.59475389792151,0.181325234288229,-1.91391750891316
940,11246,"s7","m1",-0.480700760476848,-0.19428563346707,-1.55212552508555,0.280928024601299,-2.54722677419029
941,11247,"s7","m1",-0.420974240209668,-0.257406825544255,-1.75540310753522,0.18891935698878,-2.45724457926074
942,11251,"s7","m1",-0.450227348014286,-0.179322434483708,-1.68008018505812,0.174784246062605,-2.31709761929015
943,11260,"s7","m1",-0.449940152993054,-0.142574732386825,-1.8580959881924,0.0857062494459386,-2.96646802981604
944,11285,"s7","m1",-0.47058018000846,-0.161518299962927,-1.63273823074543,0.0914216649050116,-1.29195287185392
945,11288,"s7","m1",-0.421651250629123,-0.127577492629512,-1.32476045566745,0.26143402233557,-1.9289013909915
946,11307,"s7","m1",-0.490331649389947,-0.171541493555883,-1.62163589706434,0.184079795813374,-1.800047508291
947,11328,"s7","m1",-0.446869531123163,-0.149470939349725,-1.52965536866093,0.291435791342342,-1.69331040042947
948,11341,"s7","m1",-0.415074746716181,-0.231243389773329,-1.73289824681534,0.108784790504328,-1.60905351621649
949,11347,"s7","m1",-0.424257018958663,-0.173210396873421,-1.75926100455593,0.184528211910141,-1.79933854346895
950,11349,"s7","m1",-0.372781718794259,-0.164433283296958,-1.55407284355412,0.213247396243183,-2.17490020731627
951,11357,"s7","m1",-0.406417365335908,-0.161675639865044,-1.5901218347724,0.081945529217928,-2.02873636447526
952,11363,"s7","m1",-0.469410751062962,-0.1998816096423,-2.02556309055199,0.0327897779374598,-1.93366178140075
953,11365,"s7","m1",-0.432048048139517,-0.156279258987271,-1.68919820640877,0.0265157864278462,-1.72615601149229
954,11383,"s7","m1",-0.471460924685155,-0.156880367881533,-2.18098307145718,0.13861434368897,-2.78089490845457
955,11386,"s7","m1",-0.476333674122442,-0.244218948232032,-1.86687503821983,0.063097273624889,-1.26514692269363
956,11416,"s7","m1",-0.484759241442981,-0.241927795778358,-1.79632328674201,0.193257583833781,-1.68292891448955
957,11421,"s7","m1",-0.467773612428339,-0.224056904914013,-2.36449729304284,0.0771556172204487,-2.84269450010356
958,11423,"s7","m1",-0.528742941496403,-0.210109382307757,-1.73871608478675,0.0625808916388487,-2.24256755666696
959,11428,"s7","m1",-0.462913741938177,-0.241536729241716,-1.42381358232151,0.110180065398844,-1.27817508125542
960,11437,"s7","m1",-0.426503088538353,-0.179611801175641,-1.51691310121926,0.136853396498966,-1.5414960175106
961,11464,"s7","m1",-0.511969020861656,-0.238437607910251,-2.1295934608144,-0.0515587415265191,-1.18051980167129
962,11467,"s7","m1",-0.415012050018785,-0.212263022561438,-2.09685795677513,0.204760588041879,-1.34939672910897
963,11468,"s7","m1",-0.422550729084719,-0.193639003220451,-2.07288687794931,0.0518200698023128,-1.11612832477458
964,11486,"s7","m1",-0.543383809975963,-0.293284375282359,-1.76802532285516,0.0806097971085447,-1.09091831559913
965,11495,"s7","m1",-0.463260637364502,-0.11579447674748,-1.45132026105847,0.22388962666793,-2.41380197413632
966,11497,"s7","m1",-0.516654755837764,-0.20100492454198,-1.8411687500337,0.194756801584283,-1.46173978987791
967,11505,"s7","m1",-0.464097915957356,-0.123523559482117,-1.54850647284065,0.232998999317756,-1.58381504508577
968,11518,"s7","m1",-0.478163510652145,-0.175010780926109,-1.76278802324848,0.0916157906726649,-1.92130130153732
969,11522,"s7","m1",-0.333460880564472,-0.241160351177771,-1.7870438674816,0.236444242555831,-2.54696971467752
970,11537,"s7","m1",-0.379559805102486,-0.144391238680291,-1.78588209374179,0.298879098059508,-2.97413853313
971,11542,"s7","m1",-0.464360291240515,-0.135981114696569,-2.13939483425132,0.143725634678313,-1.52554138745411
972,11551,"s7","m1",-0.410224756533796,-0.223483354353579,-1.85211192323014,0.179882256241429,-1.33438117782268
973,11570,"s7","m1",-0.439490838322212,-0.186659200523397,-1.42203885866871,0.206818306991999,-1.64239120726116
974,11584,"s7","m1",-0.547969075675032,-0.257055451361886,-1.62227645386764,-0.0415750869902317,-0.991142956929167
975,11604,"s7","m1",-0.45019154867417,-0.209840961453802,-1.57784894158728,0.109791489744139,-2.19285192533614
976,11613,"s7","m1",-0.371060229051575,-0.226754416930168,-2.85788606968394,0.19231729407814,-1.24714673486677
977,11617,"s7","m1",-0.52343583799932,-0.237368514384231,-1.50807563599449,0.169641167544905,-0.957065302158561
978,11631,"s7","m1",-0.402617096412385,-0.169807131411487,-1.72855511902289,0.0961373892440747,-2.49479732683465
979,11658,"s7","m1",-0.521408773938646,-0.162063734469459,-2.00998339662035,0.112681420309206,-1.80530338562675
980,11662,"s7","m1",-0.491131690810632,-0.219674115598495,-1.47147860568353,0.146438622799095,-0.938670845498857
981,11664,"s7","m1",-0.44141371417381,-0.204617380298199,-1.98473149551732,0.138611173793278,-1.53209196704023
982,11668,"s7","m1",-0.482094454241972,-0.229373398030962,-1.67953830423878,0.097851289399904,-2.57561830613853
983,11682,"s7","m1",-0.434861152310226,-0.196488674088548,-1.6710781788515,0.0818544301179336,-1.58956785937499
984,11712,"s7","m1",-0.417290109609366,-0.20339920705301,-1.83317866044401,0.123919443598175,-1.26429709712754
985,11714,"s7","m1",-0.468482784846497,-0.193315446036811,-1.50122616091787,0.0591808536518789,-1.46914736413734
986,11722,"s7","m1",-0.471180409182282,-0.177168787890762,-1.93268526722825,0.206269115341244,-1.90176754907426
987,11731,"s7","m1",-0.409615571949623,-0.131605904222315,-1.72371512355765,0.320124058030688,-1.6359978604898
988,11756,"s7","m1",-0.429498670958022,-0.221457556351812,-1.41219944430911,0.256566337053902,-1.9199132441612
989,11763,"s7","m1",-0.452701427316257,-0.172429062842411,-1.7039493561,0.0780640725966693,-1.93118297723736
990,11769,"s7","m1",-0.441502849031544,-0.176317122352062,-1.92828459384165,0.102618694814224,-2.42501958677715
991,11770,"s7","m1",-0.459470343066466,-0.23173100687141,-1.83312831212204,0.156384413089227,-2.1500931740441
992,11805,"s7","m1",-0.51337651991969,-0.220068385495071,-2.00318226713995,0.233102745798491,-1.31740336975013
993,11815,"s7","m1",-0.506199917416373,-0.176497484895191,-2.37452837812419,0.130614222493442,-1.530748897017
994,11819,"s7","m1",-0.501415018627347,-0.187096720109652,-2.47555175169278,0.079032625909691,-2.59890947899781
995,11820,"s7","m1",-0.480235815455134,-0.144061096575093,-1.69743331785092,0.163571996764205,-2.80680975766674
996,11824,"s7","m1",-0.345623647213374,-0.161778630148577,-1.66204226755562,0.230813406032896,-2.03173893090495
997,11827,"s7","m1",-0.477056379477132,-0.204806446535264,-1.64505223769032,0.158763374303103,-1.67590507241739
998,11848,"s7","m1",-0.479835092573509,-0.314718098135778,-1.98679366641904,0.113726921645892,-1.26304414970336
999,11872,"s7","m1",-0.429020165633317,-0.150736760516311,-1.99868277414191,0.0742173336387825,-2.36238507387477
1000,11913,"s7","m1",-0.443043352718857,-0.200991801630646,-1.71769910631664,0.121086390233799,-1.93662806758357
1001,11923,"s7","m1",-0.544808108365544,-0.185239517578393,-2.02051745320026,0.0602613456423339,-0.795011206748726
1002,11950,"s7","m1",-0.478434820011029,-0.242869962736238,-2.08328712947722,0.201110869359199,-0.782995128461399
1003,11961,"s7","m1",-0.40571513274176,-0.166616071110638,-1.87449915516056,0.189828786867084,-2.05543783853337
1004,11974,"s7","m1",-0.482750493859432,-0.233936569288633,-2.36493443054279,0.0535893677022535,-2.85651412038024
1005,11985,"s7","m1",-0.474551449622073,-0.198634682223676,-1.8489080718731,0.0194101248847111,-2.17004307907494
1006,11990,"s7","m1",-0.511715068957531,-0.237565776805567,-1.88871522269275,0.0997860995036759,-1.28128654714206
1007,11994,"s7","m1",-0.403692181719179,-0.198573627285057,-1.60056269475502,0.106643967365975,-1.16490310980511
1008,12008,"s7","m1",-0.478205733354293,-0.194461085810797,-1.38680712245904,0.0731258028954937,-1.64898653960064
1009,12020,"s7","m1",-0.471433192260313,-0.247853387083233,-1.9064739399247,0.146004538361695,-1.15721407605967
1010,12021,"s7","m1",-0.451229797856809,-0.221561478879321,-2.17375825856689,0.11565732098846,-1.96575804987696
1011,12029,"s7","m1",-0.383595551009959,-0.153553117446694,-1.6618367653387,0.162235103903659,-2.80201254404504
1012,12042,"s7","m1",-0.495270588591197,-0.193872281031852,-1.73277377132833,0.0762283886169965,-1.97008466887543
1013,12049,"s7","m1",-0.48728508548481,-0.185424081357742,-1.02958064802759,0.140893890174512,-1.9158889367504
1014,12065,"s7","m1",-0.501535750737254,-0.183296679240968,-1.7637698252423,0.150323874791025,-2.07034537280124
1015,12071,"s7","m1",-0.409601791900434,-0.179533620240826,-1.19736522198038,0.0553383982132865,-3.08809428083109
1016,12078,"s7","m1",-0.368889658738091,-0.17331152473864,-1.67933924604643,0.0772233676724448,-2.33034609143185
1017,12082,"s7","m1",-0.436032202177071,-0.229168610561546,-1.36285812146819,0.219028373275916,-1.76734866439723
1018,12090,"s7","m1",-0.465894619260996,-0.220628406714684,-1.93135936084363,0.10311049050255,-1.78206509269498
1019,12096,"s7","m1",-0.472163892118866,-0.188206091106303,-1.90952266273429,0.146564522187847,-1.52383919522675
1020,12107,"s7","m1",-0.471007007365349,-0.151949260822791,-2.03459593784749,0.0621783449801868,-1.89393331690508
1021,12113,"s7","m1",-0.41461553144417,-0.14561268376524,-1.75016053543761,0.154746696163756,-2.3189916208159
1022,12115,"s7","m1",-0.501658167006787,-0.15677660499224,-1.71376522304175,0.0847559365973182,-4.12697432545945
1023,12121,"s7","m1",-0.472806767011293,-0.153121631409674,-2.19354189881505,0.152966386942952,-1.3195779890999
1024,12139,"s7","m1",-0.483913095984574,-0.174493162964437,-1.51440204251676,0.175371789059933,-1.23211453044816
1025,12145,"s7","m1",-0.432100689255951,-0.153918024766428,-1.71444197001341,0.226476545285312,-1.94982217940266
1026,12161,"s7","m1",-0.447537479209117,-0.194972197627277,-1.34294782346959,0.0794577206539018,-1.54931133775367
1027,12165,"s7","m1",-0.476678243262203,-0.227195519631753,-2.33042908271233,0.169787879673981,-2.66909971089909
1028,12181,"s7","m1",-0.466152024160003,-0.227408921346971,-1.679429367988,0.120706454920949,-1.41101144188625
1029,12185,"s7","m1",-0.485402317730526,-0.153119995271836,-1.61533577478016,0.156445532544543,-1.9154339305547
1030,12201,"s7","m1",-0.424656283726086,-0.185456577209166,-1.95994511465962,0.140629226230348,-2.47592760710653
1031,12229,"s7","m1",-0.457808074187759,-0.194666359370207,-2.01590300545369,0.225085078535638,-2.06755229080791
1032,12232,"s7","m1",-0.366661615729604,-0.22219579046454,-1.8137763215788,0.212264174802111,-1.87923450817011
1033,12269,"s7","m1",-0.4075206232052,-0.196363497531485,-2.05875589812076,0.156055511249812,-1.9238331823853
1034,12270,"s7","m1",-0.455540762707029,-0.195412097892056,-1.89747486129654,0.151189484739295,-1.8309968750223
1035,12330,"s7","m1",-0.467742563759726,-0.239506218008772,-1.85337784382303,-0.0336144274970754,-1.29935002545779
1036,12337,"s7","m1",-0.472018407523775,-0.252627285896803,-1.91427136730436,0.0997177888186583,-1.93268893845968
1037,12350,"s7","m1",-0.441845498167626,-0.207435712466349,-1.48117676309094,0.104185731297382,-2.18262607851172
1038,12360,"s7","m1",-0.454751605603465,-0.188870445059576,-1.5582402681668,0.234686632115836,-1.25940532013611
1039,12367,"s7","m1",-0.447788577620805,-0.171561473616623,-1.75745850451133,0.0911500607804411,-2.00654929121481
1040,12373,"s7","m1",-0.427658479211892,-0.181796086026848,-1.33393494431495,0.232495950307298,-3.00109403243747
1041,12420,"s7","m1",-0.431719849588395,-0.197175731310332,-1.45792937146472,0.129610317091055,-2.48377516553924
1042,12439,"s7","m1",-0.50921630319007,-0.244813303138746,-1.67358933311213,0.204281867885758,-1.47263442692433
1043,12449,"s7","m1",-0.51042991385592,-0.253838258900394,-1.71489776420957,-0.0192216969911529,-2.21887506687878
1044,12456,"s7","m1",-0.472979477795563,-0.271228067358091,-1.80129554235545,0.180977831816362,-1.39799862769123
1045,12460,"s7","m1",-0.494079945959476,-0.199299296001503,-1.70624620034517,0.0533573805067957,-1.18455231195081
1046,12465,"s7","m1",-0.481467519018994,-0.160041810687593,-1.89595070269082,0.171136971006454,-1.97209393139983
1047,12477,"s7","m1",-0.481524042819201,-0.22274510301069,-2.01044594015283,-0.0783411298666144,-1.76265518491409
1048,12504,"s7","m1",-0.421646549075209,-0.197108095508001,-1.56073210274003,0.184246317038963,-2.462174675022
1049,12521,"s7","m1",-0.449393281719964,-0.229933460083875,-1.595693088363,0.146752275555732,-2.12009818192539
1050,12525,"s7","m1",-0.401781553062266,-0.1217338580169,-1.94576341323516,0.202208727268522,-2.06283776207107
1051,12555,"s7","m1",-0.460481181259906,-0.237727979658711,-1.93547057628123,0.0141051484728786,-1.52099204547571
1052,12564,"s7","m1",-0.429292426589744,-0.230268014144376,-1.89931370479864,0.0798167157108423,-2.18905662059086
1053,12568,"s7","m1",-0.468299696407693,-0.186491791127865,-1.81132172343651,0.144753799680395,-1.51672343113686
1054,12578,"s7","m1",-0.485750232100281,-0.196853502881894,-1.90827525645512,0.133266764241889,-2.23961556277895
1055,12589,"s7","m1",-0.45964858038939,-0.227974368217093,-2.23775488563127,0.130851880245224,-1.0172192552695
1056,12590,"s7","m1",-0.474845288281914,-0.171475909010782,-1.4678212146204,0.113190314377468,-2.07206633284678
1057,12593,"s7","m1",-0.473041186169388,-0.180302590752161,-1.52588177464185,0.140588340918194,-1.38237896143679
1058,12594,"s7","m1",-0.452996341400451,-0.211249647671632,-1.75710055015228,0.0887419145332281,-2.17707592451016
1059,12618,"s7","m1",-0.438325172503683,-0.18607631214995,-1.81237778007961,0.132175202259117,-2.13150714725545
1060,12629,"s7","m1",-0.503373734409841,-0.221108255655634,-2.28968128083382,0.0927011841664524,-1.57144416934268
1061,12642,"s7","m1",-0.362992856712433,-0.19614042124351,-1.42549250953102,0.221710512755949,-2.48654852969841
1062,12660,"s7","m1",-0.435621578229242,-0.21628924157862,-2.35975248462049,0.158554173522797,-2.37241972679798
1063,12725,"s7","m1",-0.463307772831087,-0.189661908708495,-1.62718898580351,0.165220821941816,-1.60127744286251
1064,12746,"s7","m1",-0.469406663670491,-0.203774534643697,-1.91474340251283,0.0791770432623636,-2.24731203053516
1065,12761,"s7","m1",-0.36323145820848,-0.271266402252737,-1.61871483883238,0.121185426824284,-2.15648719318037
1066,12782,"s7","m1",-0.500803262606779,-0.214472598749398,-1.91913513853224,0.072895617381293,-1.51519161219706
1067,12796,"s7","m1",-0.464754287743279,-0.219392740994742,-1.77220859938604,0.10619107781191,-1.05724941125895
1068,12836,"s7","m1",-0.431647898786807,-0.215645156569511,-1.94979855266122,0.255543401916642,-2.0553814671027
1069,12848,"s7","m1",-0.363838882741331,-0.153097416932025,-2.00641956012742,0.195036757974586,-3.5264159405933
1070,12851,"s7","m1",-0.46964417767578,-0.136870572961654,-1.90629418976754,0.116131037096335,-3.62616629589041
1071,12869,"s7","m1",-0.454645607340424,-0.178850383089415,-1.63212373632522,0.0855339743401616,-1.92361179157915
1072,12882,"s7","m1",-0.437130613449469,-0.221203568701707,-1.99472280643529,0.0798358306039145,-2.16672741565433
1073,12894,"s7","m1",-0.538529521592438,-0.208391172882044,-1.34606333858018,0.220488041433399,-0.950520004643182
1074,12905,"s7","m1",-0.422490296318801,-0.175042233072081,-1.88312693786175,0.203410057596322,-2.42896082926797
1075,12914,"s7","m1",-0.429169789533981,-0.219989302622284,-1.4772051798068,0.117910024608614,-1.81071250504932
1076,12938,"s7","m1",-0.528737411401236,-0.221159338174926,-1.39924565058297,0.0756099464958733,-1.30120134511519
1077,12945,"s7","m1",-0.450209113871556,-0.209551426820632,-1.89941680429743,0.136047132516205,-1.98114646127013
1078,12951,"s7","m1",-0.528740667745372,-0.178122905460403,-1.4941817016224,0.171827529109569,-1.16940491148128
1079,12967,"s7","m1",-0.494384181727903,-0.182060925200991,-1.57953326981806,0.155098396581915,-2.96782845468002
1080,12988,"s7","m1",-0.481697602791799,-0.260723309137113,-1.91320169039262,0.165031965297456,-1.48405592246614
1081,12994,"s7","m1",-0.361421887751715,-0.137980035770298,-1.87162976227542,0.173486235124958,-2.76410675917973
1082,13011,"s7","m1",-0.486018503591314,-0.141830597730161,-1.98062919000375,0.177800296266855,-1.70127239310838
1083,13018,"s7","m1",-0.486528670363355,-0.202260226039309,-1.63230621373955,0.172995002051172,-2.38196841680476
1084,13023,"s7","m1",-0.45505155317681,-0.140922536741308,-1.5729432786393,0.168395245917997,-1.42376587121817
1085,13041,"s7","m1",-0.42679828363491,-0.195848795876,-1.83628169417016,-0.0342314626730976,-1.33300174548685
1086,13045,"s7","m1",-0.441902979439301,-0.213755806366387,-1.71812674713151,0.0353659146402902,-2.27402413401341
1087,13046,"s7","m1",-0.494088283522388,-0.151148121944781,-1.99514148042719,0.0905950368713544,-1.18438796320907
1088,13058,"s7","m1",-0.454520522687142,-0.159295977125159,-1.56186866317922,0.212950709636807,-1.75042464953186
1089,13076,"s7","m1",-0.487813795049538,-0.14517260078364,-1.79561539668751,0.185345902369101,-0.956114010673743
1090,13085,"s7","m1",-0.444202903734169,-0.170863795576952,-1.97181573305782,0.08547512563608,-2.73543624371646
1091,13086,"s7","m1",-0.428234925847481,-0.13972322863087,-1.85661769508911,0.183429684773848,-1.93068426985184
1092,13104,"s7","m1",-0.441498542269034,-0.267760958715038,-1.81556875329947,0.0591629049687234,-1.29271676187124
1093,13122,"s7","m1",-0.433018358218187,-0.242255889904003,-1.94489744592221,0.109153361791294,-1.4866520785696
1094,13131,"s7","m1",-0.536510280620474,-0.233597257682755,-1.60955364622025,0.158714534182902,-0.677549680701234
1095,13150,"s7","m1",-0.424179335184056,-0.159187180215191,-1.98605656008861,0.209704297479639,-2.43775164099094
1096,13163,"s7","m1",-0.400173556093664,-0.209770788572988,-1.94283268253791,0.0576869408497706,-2.7202392181349
1097,13180,"s7","m1",-0.457311174631553,-0.223241235541535,-1.9784000711683,0.158240718562683,-2.39933100679604
1098,13184,"s7","m1",-0.436580511977141,-0.131388959456295,-1.76619662610889,0.153073340849486,-3.0869470094459
1099,13196,"s7","m1",-0.449089244805431,-0.184764038274448,-1.70251451226635,0.171910904629942,-2.17364763072195
1100,13244,"s7","m1",-0.423142717902627,-0.210616383496509,-1.74497587815314,0.204608696225395,-1.19146962786241
1101,13249,"s7","m1",-0.491406864542126,-0.181510958576316,-1.97418050690633,0.184283542014639,-1.29928907995984
1102,13288,"s7","m1",-0.4090019078624,-0.245832484906529,-2.10071205569285,0.235675403054061,-1.50150675250355
1103,13294,"s7","m1",-0.480949855862395,-0.17440437034308,-2.05468251682933,0.149205263551756,-2.10058546859766
1104,13295,"s7","m1",-0.434637505881092,-0.234168314636913,-1.61912071380722,0.0369685277312104,-1.57571644662788
1105,13300,"s7","m1",-0.423758244751756,-0.130014999500517,-1.73022291006399,0.188057826232373,-1.83765088917157
1106,13307,"s7","m1",-0.463776082162786,-0.176555754528659,-1.95268040465532,0.0813755374849308,-2.09560747350856
1107,13324,"s7","m1",-0.533180352797571,-0.214360677150452,-1.84042915778047,0.0537888275374776,-1.77777144115044
1108,13339,"s7","m1",-0.548785467568918,-0.156674475798071,-1.78099257296451,-0.0162592816849882,-1.7261505104346
1109,13344,"s7","m1",-0.434110108373311,-0.204632258216407,-2.11829118134031,0.150820554021288,-2.8486272623065
1110,13345,"s7","m1",-0.441879025603261,-0.16910360020777,-1.83294167628083,0.0830279909836097,-3.76665227513577
1111,13349,"s7","m1",-0.429346792968354,-0.201740729343235,-1.47778751272361,0.224304046168579,-1.16513533378282
1112,13359,"s7","m1",-0.38719894840589,-0.192561303030012,-1.70573834695856,0.199746295587505,-2.723881780585
1113,13365,"s7","m1",-0.438007767923011,-0.223278188196858,-1.4152753603605,0.065778688448912,-1.81407234336975
1114,13368,"s7","m1",-0.407456441027337,-0.152093009693714,-1.7160583295484,0.0930675002836052,-1.75816651576812
1115,13371,"s7","m1",-0.470649755386176,-0.21314989422605,-1.99418236464894,0.06015513667084,-1.0660165407352
1116,13376,"s7","m1",-0.393683727661818,-0.179974820410359,-1.48078632106974,0.0339002345989448,-2.24706668526225
1117,13378,"s7","m1",-0.428212021272536,-0.215106352269594,-2.31329256761921,0.155151484595931,-2.67068769747707
1118,13389,"s7","m1",-0.456041749758146,-0.179173716314695,-2.255230046056,0.133220327264495,-2.10304845303845
1119,13394,"s7","m1",-0.411812026018505,-0.227668089004291,-1.76713864142813,0.210461889735675,-1.63463156032425
1120,13414,"s7","m1",-0.437165856973794,-0.215943611551854,-1.61212121484184,0.16633538585295,-2.67595727059994
1121,13432,"s7","m1",-0.42087864792393,-0.14491475908423,-1.49681569834466,0.280231817611371,-2.9083459046171
1122,13457,"s7","m1",-0.473304067548653,-0.16658078433577,-1.79175716688902,0.280540871336442,-1.5293674009183
1123,13497,"s7","m1",-0.463834681454779,-0.212948975693903,-2.15329595746665,0.159078490432199,-1.78565905949598
1124,13515,"s7","m1",-0.433837868987909,-0.180603636482876,-2.17035490902467,0.160120414842273,-2.59394481785649
1125,13520,"s7","m1",-0.50284310819108,-0.222177520308162,-1.43873473707396,0.118854575459088,-2.48342039980403
1126,13521,"s7","m1",-0.482222380095781,-0.147866596001336,-1.75498023589657,0.16941770253371,-2.23553059260193
1127,13528,"s7","m1",-0.429242225590288,-0.195959957702001,-1.61205885861678,0.11532683168438,-1.65953402213556
1128,13540,"s7","m1",-0.416787835314125,-0.165336920458711,-1.72007029099241,0.108010942527594,-2.79753137689354
1129,13547,"s7","m1",-0.38822152775893,-0.171310986555681,-1.54924346379079,0.254024600159666,-2.62419298351106
1130,13567,"s7","m1",-0.362323559618112,-0.149335494854993,-1.70520599119467,0.245999352753767,-3.19305685096302
1131,13577,"s7","m1",-0.433165807726756,-0.198166271340604,-1.7918933978475,0.218178188595823,-2.41127092239912
1132,13611,"s7","m1",-0.446425009945064,-0.237050790823521,-1.42987165869695,0.285317313109415,-1.48812194011892
1133,13636,"s7","m1",-0.49278804170169,-0.216840060268684,-2.01301603583792,-0.0387130869750828,-1.13724573262272
1134,13637,"s7","m1",-0.482116952703758,-0.260983832851443,-1.8226104827516,0.242068144713015,-1.7506784802118
1135,13638,"s7","m1",-0.480441043505706,-0.258650358488738,-1.7531800544085,0.0149130520993125,-1.56080163209449
1136,13645,"s7","m1",-0.442311521857326,-0.220421040396886,-2.01600047604171,-0.0957881981560324,-2.04212289030431
1137,13652,"s7","m1",-0.483580209299184,-0.200436088092352,-1.39285978171346,0.139225829066556,-1.53861781266055
1138,13657,"s7","m1",-0.499627773727421,-0.219896594988771,-1.83907544776398,0.187419970788036,-1.5424506713477
1139,13659,"s7","m1",-0.514029443264721,-0.207711215288912,-2.02376323343692,0.0613622276499195,-1.81557908617539
1140,13664,"s7","m1",-0.414963026844808,-0.260226057415982,-2.18432906012589,0.0936214119143744,-1.84351109789307
1141,13685,"s7","m1",-0.469779754761376,-0.234022182570149,-1.68394110646829,0.057697796509397,-1.50885498882045
1142,13689,"s7","m1",-0.404594543352305,-0.144228007562563,-1.21360458145886,0.230667951279423,-2.74373504346598
1143,13691,"s7","m1",-0.396428395385096,-0.196685177805703,-1.90575639365289,0.172456957423457,-1.68139604271367
1144,13697,"s7","m1",-0.474151692669396,-0.140587038471856,-1.90635478583844,0.0760834063401533,-0.988721742330708
1145,13702,"s7","m1",-0.451888173695704,-0.194506672494567,-1.79869010736378,0.114377088774976,-1.15622421156222
1146,13716,"s7","m1",-0.449604621769542,-0.225646332425409,-1.43105066471841,0.253628271644916,-1.78671790778891
1147,13726,"s7","m1",-0.456903991885212,-0.202331748312418,-1.68212163204693,0.108381709840726,-1.60051752368433
1148,13739,"s7","m1",-0.444821071490921,-0.202931280731945,-2.03993502543238,0.203238074720312,-1.18798634822708
1149,13751,"s7","m1",-0.414117650230597,-0.176132584767135,-1.59530140636898,0.0905732735122605,-1.73787452306751
1150,13756,"s7","m1",-0.389201927978734,-0.245863498002369,-1.77430622124901,0.0884202429688072,-1.97540473133243
1151,13777,"s7","m1",-0.42811004953931,-0.249080924358508,-2.15893720264003,0.228739316054709,-1.91867669975171
1152,13789,"s7","m1",-0.464748517720986,-0.200979586708899,-1.9667620631769,0.113184832042049,-2.01862651021554
1153,13795,"s7","m1",-0.468418114948464,-0.182562388426987,-1.55078634278093,0.0774219241836738,-2.55433065575062
1154,13811,"s7","m1",-0.392183182957134,-0.170888542348173,-1.592464337667,0.306160787301889,-2.65656420788108
1155,13812,"s7","m1",-0.418133587685544,-0.157146797191434,-2.07466534421227,0.167791509584918,-2.21325904572667
1156,13817,"s7","m1",-0.474208254089788,-0.18311983789942,-1.76840394897421,0.12803842387937,-1.28433763119606
1157,13831,"s7","m1",-0.415996068809947,-0.109273501774296,-1.33430581053251,0.236400372702442,-2.81163300589688
1158,13843,"s7","m1",-0.47088616503238,-0.178195717271993,-1.40030892043968,0.164853237235406,-1.70634864793155
1159,13845,"s7","m1",-0.429405217579767,-0.250528801589132,-1.85251161649019,0.136953292579035,-1.56268352917041
1160,13851,"s7","m1",-0.474974135165148,-0.196559875169414,-2.08972183101234,-0.0319077463850912,-3.09876392379103
1161,13852,"s7","m1",-0.432214525252736,-0.19572407848908,-2.06937658374848,0.138558735669864,-1.7078652560809
1162,13887,"s7","m1",-0.411138341712915,-0.151013983720868,-1.59165913638933,0.124875962997509,-2.08538942164392
1163,13891,"s7","m1",-0.479191995858216,-0.208651508144027,-1.98296586255834,0.0302923213347986,-1.1348025480664
1164,13900,"s7","m1",-0.46711694838072,-0.182639802319898,-1.44509854500045,0.178716461750732,-1.56169540025753
1165,13941,"s7","m1",-0.42909500379027,-0.177657397854102,-2.02400858672097,0.186507735847024,-2.58911529333996
1166,13946,"s7","m1",-0.422548080588344,-0.128820974633518,-1.65503371754746,0.122799125520927,-2.16163322095816
1167,13961,"s7","m1",-0.507651961575824,-0.281957916674492,-1.9190839588451,0.0309469141252386,-0.369346602615978
1168,13983,"s7","m1",-0.474516479229907,-0.202431171175555,-2.08338109884392,0.207459028531552,-1.97750902514312
1169,14022,"s7","m1",-0.502409788543122,-0.212099458274119,-1.79545988182454,0.0425593638431263,-1.22298495917901
1170,14023,"s7","m1",-0.392770748683625,-0.184742338936682,-2.12291864873657,0.186744856053255,-1.69715459068902
1171,14024,"s7","m1",-0.504572508220902,-0.186882463478072,-1.85480306979511,0.135481276074066,-2.5193621673278
1172,14028,"s7","m1",-0.42745015205601,-0.127338566335772,-1.68651711732395,0.131050121922835,-1.97527755566583
1173,14056,"s7","m1",-0.448084846000293,-0.188358557724854,-1.28054516206273,0.169794908734565,-1.7730233042176
1174,14060,"s7","m1",-0.453256892734519,-0.209285264394443,-1.41373230908601,0.0761249529692356,-1.29141194696823
1175,14062,"s7","m1",-0.522026745113045,-0.161618491953849,-1.91457819603837,0.123303317636823,-1.23851981844824
1176,14084,"s7","m1",-0.475037237618489,-0.246373661939095,-1.9322695583943,0.0816505952369893,-1.29283795922738
1177,14090,"s7","m1",-0.472975484287521,-0.169520178354594,-2.01889786178377,0.265996751006436,-1.25127385187734
1178,14095,"s7","m1",-0.410368270589154,-0.159793449082297,-1.76630140068672,0.139756407183758,-2.40981824917126
1179,14100,"s7","m1",-0.421624688994432,-0.252380183298857,-1.96219810809269,0.127765656006787,-1.60114064083579
1180,14107,"s7","m1",-0.424994808210115,-0.185923726310205,-1.60873023745364,0.153619829586517,-2.03798002541912
1181,14115,"s7","m1",-0.414859128563655,-0.203892932028354,-1.41094569756105,0.0497706117533685,-2.05746714482726
1182,14122,"s7","m1",-0.38181361238108,-0.215409902493915,-1.67668898264055,0.163035166026943,-1.51751953973425
1183,14123,"s7","m1",-0.467189626197159,-0.228364309330713,-1.67663595403405,0.0997193849786348,-1.78335512995405
1184,14126,"s7","m1",-0.458896796073779,-0.20746441440533,-1.96297813783957,0.0529298906324699,-1.91608946233539
1185,14129,"s7","m1",-0.455786913521663,-0.174404133999049,-2.4660543686562,0.236846228844586,-2.20933801513046
1186,14134,"s7","m1",-0.446798803363377,-0.230533574480233,-1.8532318237389,0.0934467294106102,-1.33636335551813
1187,14140,"s7","m1",-0.431720091666084,-0.215665899664032,-1.80182935014972,0.0798952018816743,-2.68891023563353
1188,14143,"s7","m1",-0.418742366524575,-0.256430193913999,-1.35249655324017,0.27424832744777,-1.50617370898801
1189,14185,"s7","m1",-0.52851426769249,-0.263944998938486,-2.05681113146497,0.0826924834121296,-1.43465187681374
1190,14188,"s7","m1",-0.447862439559379,-0.11427904106308,-1.41560435273502,0.129541227906387,-2.3215500946718
1191,14233,"s7","m1",-0.479247047846169,-0.194272829569746,-1.5863391923402,0.121004029738894,-2.20187133903243
1192,14243,"s7","m1",-0.486690350139655,-0.17439103739844,-1.5655875712867,0.17533609608551,-1.72128850496713
1193,14244,"s7","m1",-0.441290151224957,-0.185411044738326,-1.60463464737094,0.201405061945513,-2.70111076920677
1194,14245,"s7","m1",-0.431143087861946,-0.216766827752782,-1.53179536125082,0.217201633327603,-1.28431110965323
1195,14246,"s7","m1",-0.424544867586292,-0.161307606627681,-1.88788977629608,0.149403420085896,-1.75993270004447
1196,14249,"s7","m1",-0.486180421929415,-0.147307640423394,-1.59370853512877,0.282381239218696,-2.03726534861617
1197,14250,"s7","m1",-0.497821849308176,-0.186285867380685,-2.07152531741523,0.16633608795865,-2.09107308925959
1198,14271,"s7","m1",-0.441935230887124,-0.253930521046823,-1.70846241412728,0.20206813143193,-1.66640575190436
1199,14274,"s7","m1",-0.400177108714015,-0.210766662354028,-1.92815786271006,0.0856575768762691,-2.73225690082817
1200,14289,"s7","m1",-0.449566027910192,-0.151782591911726,-2.16721022621888,0.19679798453391,-2.7820248449279
1201,14302,"s7","m1",-0.501343889857146,-0.219174874058717,-1.86739242790908,0.0264128096182198,-1.54581552754493
1202,14312,"s7","m1",-0.417724564571786,-0.228983717424815,-1.93901484653454,0.0397931189421491,-2.54045238103843
1203,14313,"s7","m1",-0.473121694832624,-0.15937356143304,-1.57848350052657,0.202426563860378,-1.5167956287149
1204,14327,"s7","m1",-0.489167515327448,-0.115804568889421,-2.00815193007386,0.219009049748965,-1.44916272740355
1205,14335,"s7","m1",-0.495115277579032,-0.273156819761479,-1.57005965673103,-0.13159617671927,-1.27612078594835
1206,14345,"s7","m1",-0.399050519103991,-0.197037250088115,-1.9682650409271,0.109152411245617,-2.91802139778652
1207,14348,"s7","m1",-0.43651627507838,-0.250957408127341,-2.00165143406875,0.111548796353846,-1.74240536079003
1208,14350,"s7","m1",-0.437702516071552,-0.196141731390545,-1.39548912404326,0.0899819652555808,-2.45947229632045
1209,14360,"s7","m1",-0.471436953342543,-0.225453410867306,-1.77144284607182,0.12393531493156,-1.69673462883003
1210,14373,"s7","m1",-0.479750097727401,-0.20894373203931,-1.62341247072074,0.170628855208307,-1.7125589754763
1211,14391,"s7","m1",-0.413623807025225,-0.223303374974222,-2.33341257845689,0.208859396800401,-2.11323329206951
1212,14413,"s7","m1",-0.478062589338915,-0.166389632509864,-1.77386028441356,0.130942606867589,-1.91004246228369
1213,14418,"s7","m1",-0.360433557063483,-0.217297237791068,-1.59590513127571,0.194539088896471,-2.19935787949434
1214,14421,"s7","m1",-0.429955906820624,-0.162199019906403,-1.88790047812836,0.101054901642917,-1.91555268179052
1215,14433,"s7","m1",-0.436263784384696,-0.226683932510252,-1.88853464631979,0.208354810398451,-2.05889511681184
1216,14437,"s7","m1",-0.442544329676607,-0.161039315549734,-1.87386485012663,0.161282370935786,-2.64293871478334
1217,14438,"s7","m1",-0.434124066626065,-0.219115105454736,-1.95043222055254,0.104757968363973,-1.725845797332
1218,14455,"s7","m1",-0.473586643223896,-0.234252689889868,-1.97527039318649,0.0697088849106817,-1.78915769683587
1219,14461,"s7","m1",-0.456118645881075,-0.165403316889707,-1.86156762218915,0.152737483373388,-2.11561800391301
1220,14471,"s7","m1",-0.438088905607321,-0.182696308970369,-2.03293477502878,0.210880379709259,-2.60816540467677
1221,14477,"s7","m1",-0.41321940117831,-0.174874771081752,-1.55616859232935,0.326948145379235,-2.56992483230849
1222,14516,"s7","m1",-0.444720349561982,-0.240226751841986,-1.70881637514769,0.0161914758875067,-1.64960009615709
1223,14523,"s7","m1",-0.47654366428273,-0.323474976479528,-2.01353621108402,-0.0819766609180915,-1.39545103985901
1224,14524,"s7","m1",-0.473971100154966,-0.196605460002241,-1.3816538341029,0.144863365870251,-1.48485878320157
1225,14532,"s7","m1",-0.435709179767657,-0.168244121108505,-1.64724396256473,0.245658811895434,-1.23001907577509
1226,14545,"s7","m1",-0.464686641987521,-0.171355756877746,-1.50531549558367,0.183970264796957,-1.4968361220684
1227,14565,"s7","m1",-0.438813173764077,-0.292470031142321,-2.00812751604628,0.132007695684561,-2.05286952527165
1228,14574,"s7","m1",-0.434586891756268,-0.212707359829527,-1.80824930034612,0.0761441156832936,-1.51404260464631
1229,14584,"s7","m1",-0.47739169405946,-0.186444549579309,-1.54433962482681,0.142851957630072,-1.9408390042951
1230,14589,"s7","m1",-0.421778349894301,-0.198662626725669,-1.36434313611702,0.102287748923136,-1.00104269804467
1231,14593,"s7","m1",-0.428993679349874,-0.255704786928592,-1.40215549055885,0.0773783306408218,-2.28135883697172
1232,14595,"s7","m1",-0.461150470841029,-0.278261755558815,-2.03522014355513,0.140446612095638,-1.3922401608189
1233,14596,"s7","m1",-0.502689980044946,-0.234417831547099,-1.78940298713121,0.0422602479895507,-2.54642553832376
1234,14606,"s7","m1",-0.505643309214914,-0.234872315457611,-1.88440802735703,0.125912149012959,-1.16117107229247
1235,14629,"s7","m1",-0.403066214559016,-0.245195606119071,-2.56747172883834,0.0844874452560625,-1.5966619440633
1236,14658,"s7","m1",-0.513562788127128,-0.240662409790168,-1.78318149554851,0.0700968415842045,-1.95213959555135
1237,14685,"s7","m1",-0.496709227778255,-0.212814076291539,-1.86285277466187,0.17030343961576,-1.01675743202403
1238,14689,"s7","m1",-0.445874820363915,-0.223989088026744,-1.40753172460533,0.0724847127337885,-1.4596560562637
1239,14697,"s7","m1",-0.465929162755242,-0.191492967279269,-1.70881971357336,0.0586535150214065,-3.18856030951901
1240,14698,"s7","m1",-0.486642951846061,-0.233793558535612,-1.63731110528701,0.070952023116657,-1.64540111047426
1241,14712,"s7","m1",-0.425207936479795,-0.177728493959431,-1.69337387281378,0.153728365818593,-2.16812452791108
1242,14726,"s7","m1",-0.412442669456815,-0.213433131291075,-1.77890536864907,0.123775395649889,-3.08972175814378
1243,14731,"s7","m1",-0.415236382552059,-0.158518339476556,-1.38394882841142,0.312753330356819,-2.18772230599098
1244,14732,"s7","m1",-0.405070394260309,-0.18316719947395,-1.52216422597239,0.196270971907199,-2.33532976841502
1245,14754,"s7","m1",-0.465658847246827,-0.236582974735558,-2.01574413064748,0.18863949848701,-1.5882908569876
1246,14760,"s7","m1",-0.451966389995223,-0.173186556445589,-1.5479298659622,0.170020293724933,-2.90729896366268
1247,14765,"s7","m1",-0.496690881806984,-0.153742607938845,-1.60427966215006,0.217600146851174,-1.46811450617146
1248,14771,"s7","m1",-0.450799439857323,-0.257242023265621,-1.99203417629385,0.0405475825514093,-1.79876958880427
1249,14779,"s7","m1",-0.458526442933731,-0.192953814377883,-2.20136574721939,0.111031195332628,-2.62616254560011
1250,14802,"s7","m1",-0.431923289897516,-0.219966980832192,-1.9724091074941,0.107770243647522,-2.50866397061677
1251,14810,"s7","m1",-0.483370043798663,-0.139604852175223,-1.62418327498867,0.179112597240049,-1.69425164389057
1252,14833,"s7","m1",-0.413368453776195,-0.180702673695002,-1.88684349767723,0.207225549247668,-2.29055690109111
1253,14835,"s7","m1",-0.395551963685302,-0.227462684552,-2.29531147074068,0.247617160760452,-3.33812027839858
1254,14839,"s7","m1",-0.46193962259099,-0.174735195747216,-1.91733062552304,-0.000154032770420266,-1.95233856565173
1255,14875,"s7","m1",-0.455346226688541,-0.146119634276367,-1.62536463954881,0.0811989294224209,-2.33594180245901
1256,14879,"s7","m1",-0.466597976786474,-0.246610291171008,-1.54823813926725,0.133132766039008,-1.5027950299187
1257,14889,"s7","m1",-0.432002575131885,-0.215167662922751,-1.86989551426027,0.132147858601871,-1.46730289863676
1258,14892,"s7","m1",-0.488100885033617,-0.224458812616003,-2.19621149871234,0.119503052245691,-2.54126006651792
1259,14893,"s7","m1",-0.411016643135892,-0.276158277609127,-2.12913631397192,0.131599237734761,-1.51464408680507
1260,14897,"s7","m1",-0.522380725342552,-0.27908553292415,-1.62098091781813,0.0165752969043204,-1.55342155188803
1261,14899,"s7","m1",-0.463384599486249,-0.25895405592768,-1.85742980025682,0.123711453474528,-1.44654314167305
1262,14912,"s7","m1",-0.385945190913394,-0.197640163949527,-1.90152602204197,0.179176448817034,-1.69627660197622
1263,14915,"s7","m1",-0.430230493104109,-0.139878904795898,-1.84596130219871,0.221540586807915,-2.51885361571856
1264,14926,"s7","m1",-0.424410777580773,-0.179773858396593,-1.83223495252703,0.175217608039022,-2.01662570928433
1265,14943,"s7","m1",-0.435040118329403,-0.206527668928576,-2.09623226110022,0.159007019485696,-2.39816884805569
1266,14956,"s7","m1",-0.450713975703597,-0.202031800571453,-1.69870806469516,0.173107058961091,-1.28795522536291
1267,14957,"s7","m1",-0.384883577812477,-0.181870778911757,-2.13124128061357,0.125540073333489,-1.70644548639409
1268,14958,"s7","m1",-0.439057258896147,-0.180661441702211,-2.00559709429273,0.038488274474441,-2.15412705797761
1269,14966,"s7","m1",-0.509702321048825,-0.204808713165922,-1.6857123460505,0.00630279519520106,-0.57561445584919
1270,14982,"s7","m1",-0.451662336192398,-0.199713564875857,-1.75998622726966,0.179172860719072,-1.37003144103187
1271,14986,"s7","m1",-0.455509096308063,-0.127885636998254,-1.87602379928601,0.108946449097899,-2.27341156376796
1272,14994,"s7","m1",-0.463071332190625,-0.196811572495944,-1.78605427789778,0.137591457569083,-0.699880632537387
1273,14999,"s7","m1",-0.490029967287984,-0.196249830959403,-2.03635786838883,0.0199244916698502,-1.36252082378129
1274,15000,"s7","m1",-0.479346865358811,-0.190325660194119,-1.50852594359975,0.130907076832964,-2.43109593665295
1275,15007,"s7","m1",-0.427517337279845,-0.172488659618595,-1.88169593792221,0.185814237587695,-1.48506845427001
1276,15008,"s7","m1",-0.461213088814603,-0.184686534763627,-1.64292444038613,0.171244710916622,-2.36157405869472
1277,15021,"s7","m1",-0.473342693127501,-0.189582326296036,-2.08797243815224,0.0997831299258754,-1.86779427736756
1278,15040,"s7","m1",-0.477626768299012,-0.191576455302653,-2.20991295140571,-0.0511190053877151,-2.41598632022446
1279,15046,"s7","m1",-0.506726981163754,-0.2068242008453,-1.90505329876839,0.136280383554015,-2.9282275569974
1280,15047,"s7","m1",-0.389750570554668,-0.204512494015411,-1.428553648522,0.239065803626767,-2.08400221344704
1281,15074,"s7","m1",-0.360427643290905,-0.241064119981156,-1.95265717388384,0.175238660827667,-1.52299886406675
1282,15084,"s7","m1",-0.480555118507133,-0.197192943232125,-1.27746254345571,0.200801558960772,-2.40663013888269
1283,15089,"s7","m1",-0.404096723282192,-0.127228882845804,-2.00135634601354,0.223416612535802,-2.35879818914962
1284,15105,"s7","m1",-0.421496610161324,-0.173024728668418,-1.85703344337478,0.205792075017436,-1.71959734196032
1285,15110,"s7","m1",-0.496382778927844,-0.224632593793972,-1.75923392802717,0.0331440169374405,-1.65429707023078
1286,15133,"s7","m1",-0.436467537177618,-0.227912968125332,-1.57064805796203,0.0244711445575717,-1.75623349878028
1287,15140,"s7","m1",-0.469372852236292,-0.268206346107338,-1.70202455287584,0.0564106361773946,-1.90514736740599
1288,15160,"s7","m1",-0.419874737537888,-0.176628684132619,-1.43476544062798,0.105912175119537,-3.037874258142
1289,15161,"s7","m1",-0.419332124080148,-0.214455885009592,-1.87769656649643,0.162699342581818,-2.0225429114752
1290,15163,"s7","m1",-0.435684401597423,-0.231584069853792,-1.36463061388909,0.244735312647862,-2.3254074416739
1291,15167,"s7","m1",-0.51928771389679,-0.227910882907816,-1.91952695406239,0.0460161195300197,-1.04090868854285
1292,15176,"s7","m1",-0.43859353361734,-0.173432640431481,-1.73485051075692,0.312605871303409,-1.60580960053912
1293,15182,"s7","m1",-0.43819844996802,-0.200824924195221,-2.52949197385844,0.152874493830214,-1.92405522087831
1294,15199,"s7","m1",-0.478838203054067,-0.20962037334844,-1.47666779388514,0.0878796055566608,-1.83662985243593
1295,15201,"s7","m1",-0.459567263883023,-0.166451697739215,-1.85125531193435,0.181949385260846,-2.56033305431985
1296,15210,"s7","m1",-0.422708806543422,-0.176784734722266,-1.51833354863782,0.265796207175112,-2.13694773558273
1297,15232,"s7","m1",-0.450466354817571,-0.138032103298763,-1.7868720285819,0.154162262735992,-1.71273979479523
1298,15249,"s7","m1",-0.465093675444526,-0.236995193528968,-2.3174719124778,0.141993968906269,-1.22730186228738
1299,15254,"s7","m1",-0.441965695252108,-0.225928109038453,-1.69683546662262,0.150001708126111,-2.0472986094529
1300,15271,"s7","m1",-0.520450695963179,-0.187952076907084,-1.86039656818002,0.135157157321339,-2.65917731085787
1301,15278,"s7","m1",-0.41264076448818,-0.186488891387673,-1.62843669282935,0.0788229469712971,-1.56676124168452
1302,15280,"s7","m1",-0.419580999222469,-0.21763685319367,-1.79821425867612,0.138383824687894,-2.45467752156441
1303,15281,"s7","m1",-0.455635157991903,-0.22579420641069,-1.57894420238089,0.119299217887703,-2.47730230264072
1304,15329,"s7","m1",-0.493089151608757,-0.203218710419077,-1.7133099130939,0.0750566852578957,-2.80263544614246
1305,15334,"s7","m1",-0.504104395879996,-0.21399175654162,-1.84844094448706,0.149286526435471,-1.33641967893908
1306,15342,"s7","m1",-0.480373171737441,-0.197706708729723,-2.14116458460073,0.153879136688155,-1.6376338621123
1307,15343,"s7","m1",-0.46906607190272,-0.185850707701442,-2.22355536899772,-0.00184631794521524,-1.95960509656392
1308,15355,"s7","m1",-0.471540529627113,-0.149673384248547,-1.71710498239869,0.0798532577757262,-1.30809660030661
1309,15362,"s7","m1",-0.44468397141342,-0.188298592788579,-1.68861015437489,0.126483696497109,-2.59408416878638
1310,15363,"s7","m1",-0.506176075189252,-0.163904748768967,-1.61262761858525,0.0909292028751496,-2.18841238597973
1311,15367,"s7","m1",-0.461843227308541,-0.21982883481223,-1.447975151686,0.194320057049637,-1.12216661520398
1312,15373,"s7","m1",-0.438067992009768,-0.172387292291894,-1.15707663231861,0.116494472549436,-2.3524401209727
1313,15376,"s7","m1",-0.542447704340292,-0.187328200233653,-1.78072654471104,0.201164311371568,-2.22539993462479
1314,15378,"s7","m1",-0.432712952727257,-0.206236397905858,-1.95200192328388,0.0755050271932702,-2.35161599385274
1315,15383,"s7","m1",-0.411241355237787,-0.212128554429296,-1.96829987186132,0.143854538183181,-1.34631273874996
1316,15384,"s7","m1",-0.499820709658926,-0.178321979329242,-1.11887210219807,0.102148850808203,-1.91857769052174
1317,15389,"s7","m1",-0.418437851361682,-0.210102843216131,-1.54438169502255,0.275595991854141,-1.87374499018915
1318,15399,"s7","m1",-0.460179365076218,-0.174634292627305,-1.91996179659041,0.112490865500329,-1.38143080886858
1319,15420,"s7","m1",-0.431661697153084,-0.245362803267101,-1.81980839796409,0.113989897028937,-2.1493761660411
1320,15441,"s7","m1",-0.428473025099261,-0.27637916182239,-2.50808366274871,0.150371471629998,-2.20228875915176
1321,15443,"s7","m1",-0.413198714419387,-0.160782819542569,-1.75624619354658,0.197295749296302,-2.50893709433038
1322,15447,"s7","m1",-0.432172973125347,-0.156531932893158,-2.21997003248657,0.272914119784381,-1.59643745603828
1323,15464,"s7","m1",-0.424831012150463,-0.226681585084611,-1.53290760866471,0.0267580960140365,-3.04971994531049
1324,15498,"s7","m1",-0.413607644931203,-0.108523432310895,-1.65530342110452,0.242037633057629,-2.85319197255852
1325,15506,"s7","m1",-0.436171101013085,-0.18010697679057,-1.86483072984227,0.128114872337594,-2.4262905103954
1326,15515,"s7","m1",-0.412278663917377,-0.169667240669628,-2.04094440167667,0.211843219547292,-1.17924088402261
1327,15518,"s7","m1",-0.461376720970683,-0.191471005501734,-1.78001616432244,0.25432501185805,-1.91324859730104
1328,15560,"s7","m1",-0.537819392236583,-0.205925544816623,-2.18406951151025,0.025635734915747,-0.919868924645703
1329,15570,"s7","m1",-0.473601308423475,-0.258141977109171,-1.87901157923518,0.068954623975212,-1.46409015721073
1330,15591,"s7","m1",-0.433753978616186,-0.213329164837543,-1.67159345627574,0.145444023033636,-0.983567974079752
1331,15637,"s7","m1",-0.481280675099042,-0.213152869794742,-2.03911000075136,0.122342388824458,-1.49228584131064
1332,15661,"s7","m1",-0.427040775082997,-0.165201745686686,-1.63422995472462,0.263852861544688,-2.38677434391783
1333,15688,"s7","m1",-0.413998224114969,-0.223280048137292,-1.68150343776204,0.0274176169940432,-3.4692404190041
1334,15704,"s7","m1",-0.384804484819197,-0.158178027277653,-1.62009772237037,0.186197768056956,-1.96617630017205
1335,15722,"s7","m1",-0.413015145490654,-0.198515043652703,-1.35719792015239,0.118047867973647,-2.45886450508168
1336,15746,"s7","m1",-0.422378835963533,-0.145268117225696,-1.77550798044392,0.167157195399836,-2.59294231263816
1337,15757,"s7","m1",-0.498700691032618,-0.253262311261768,-1.81734443406735,0.141313066330937,-1.22910811786561
1338,15764,"s7","m1",-0.380363405804671,-0.164184445024202,-1.44970057854704,0.254619971098365,-3.37656219501945
1339,15775,"s7","m1",-0.48196313522518,-0.168762361706998,-1.71768931208457,0.140764358105547,-1.70685112300601
1340,15782,"s7","m1",-0.37656826158665,-0.168812548328893,-1.39313813959271,0.256102579699817,-1.84785780296288
1341,15792,"s7","m1",-0.470028594883683,-0.20324833400071,-1.39376645398365,0.112226579702676,-2.04956472544681
1342,15794,"s7","m1",-0.4889002034572,-0.197656420120025,-2.15147694019759,0.178812041975872,-1.70547195997608
1343,15798,"s7","m1",-0.460876817833876,-0.231896118646374,-2.16114466850263,-0.0103569005715638,-0.960104021759294
1344,15801,"s7","m1",-0.514907026266553,-0.158717749794068,-2.27364636429693,0.200161739183966,-2.03732633700466
1345,15803,"s7","m1",-0.410883464238956,-0.240946155697737,-1.97593963030338,0.183577278175381,-1.43150697507453
1346,15810,"s7","m1",-0.448227600954807,-0.233464871964538,-1.81492628705616,0.142872058528875,-1.93434486793427
1347,15815,"s7","m1",-0.540532534287705,-0.217696615097655,-2.25196869694155,0.102288706097921,-3.1322580422643
1348,15823,"s7","m1",-0.44962757610349,-0.212292553382032,-1.70860893732845,0.127443687093835,-1.66122351468687
1349,15827,"s7","m1",-0.401281172455161,-0.223432494293786,-1.62506019465198,0.0850306217473726,-2.60405758541789
1350,15831,"s7","m1",-0.536191444960421,-0.221387114656385,-1.59544835912861,0.023545318253395,-1.18205203016225
1351,15834,"s7","m1",-0.47552213234038,-0.238195697215627,-1.64603748207301,0.107892389733753,-1.53549629584779
1352,15854,"s7","m1",-0.456452097693348,-0.152429759129353,-1.87604178210354,0.151165571259676,-1.70327660138531
1353,15865,"s7","m1",-0.478879601168302,-0.169792691651864,-1.73557713965561,0.125274851967379,-2.13388306018442
1354,15868,"s7","m1",-0.420421253371997,-0.183959078146863,-1.8902975877408,0.230469396847138,-1.53435408542538
1355,15874,"s7","m1",-0.431650813992943,-0.210181741425616,-2.23294259967578,0.083812179418453,-2.70595768688874
1356,15903,"s7","m1",-0.426849182463426,-0.183557132563846,-1.89850748675633,0.0708390487511775,-2.00716526150952
1357,15919,"s7","m1",-0.481884104302611,-0.280003615373124,-1.93222505371085,0.0175614708141235,-1.42800598664539
1358,15923,"s7","m1",-0.426158558624048,-0.161318675644871,-1.72959980746054,0.204663039456814,-1.85721305289298
1359,15953,"s7","m1",-0.443609696781027,-0.218225285894028,-1.6894595291599,0.15237978090987,-1.63933690274619
1360,15960,"s7","m1",-0.45989779707684,-0.21806456344709,-1.78400959530089,0.0275454112596766,-2.42507363283043
1361,15961,"s7","m1",-0.422732241092258,-0.167189737543465,-1.83857562590709,0.217754551714861,-1.3891386141051
1362,15981,"s7","m1",-0.405235366590309,-0.187858967567784,-1.82155932162316,0.130864026586178,-2.03712374470932
1363,15992,"s7","m1",-0.387747658074372,-0.149512938623205,-1.74979401458036,0.272876805691347,-2.3073399112217
1364,15995,"s7","m1",-0.49946208170904,-0.252467243656753,-1.62301820868105,0.0127814856919879,-1.72507615814845
1365,15997,"s7","m1",-0.468168083636745,-0.276994232062588,-1.78385462685505,-0.143850061124907,-2.34780689372207
1366,15998,"s7","m1",-0.441767491489927,-0.202581591112895,-1.86483974095412,0.128847862536689,-1.67701843592276
1367,16013,"s7","m1",-0.454940104228259,-0.198394145064553,-1.80762985004146,0.248540376511824,-1.9661058811142
1368,16018,"s7","m1",-0.416251298940001,-0.199897328222518,-1.97400656577274,0.0637482962341152,-2.252836438959
1369,16019,"s7","m1",-0.483938801944462,-0.18412659600333,-2.06726658984745,0.129098802075963,-1.22223421475021
1370,16036,"s7","m1",-0.47972157305666,-0.252767235159339,-2.06903077240644,0.035182034815108,-2.17319018504853
1371,16040,"s7","m1",-0.414960048336357,-0.207009777410334,-1.62947648190167,0.203900318809205,-2.54976983805092
1372,16045,"s7","m1",-0.438063034707276,-0.178575881293647,-1.96451443360569,0.13375293949134,-2.19259800198724
1373,16059,"s7","m1",-0.473829353247553,-0.222256410237734,-2.15267130750644,0.218600317120842,-2.50902217711593
1374,16065,"s7","m1",-0.390579330904788,-0.126098010664044,-1.68617783285589,0.266913141156262,-2.2103440314042
1375,16069,"s7","m1",-0.463518327760279,-0.221908261483523,-1.83788860261808,0.0117781064568939,-1.60075618108704
1376,16078,"s7","m1",-0.433624360352843,-0.211920296372343,-2.2966555564047,0.148536604240607,-2.43520987352014
1377,16093,"s7","m1",-0.45020507797275,-0.210874620190729,-1.76383391999568,0.112679429998335,-2.36150125866618
1378,16100,"s7","m1",-0.461357784725367,-0.224093928292856,-1.5741803239015,-0.00333857964385455,-1.9821611916544
1379,16117,"s7","m1",-0.426502978692176,-0.215939693629452,-1.5088559710186,0.155119569819348,-2.11795841774595
1380,16134,"s7","m1",-0.396376868983101,-0.143172560403524,-1.29285265782557,0.253820845545372,-2.40805572215531
1381,16136,"s7","m1",-0.424896993032504,-0.211528946437696,-1.8024354827036,0.0662720965768598,-1.70168418290344
1382,16138,"s7","m1",-0.43556536777599,-0.174734406722525,-1.95629605624112,0.226652572609734,-1.36661403935294
1383,16160,"s7","m1",-0.487894269827925,-0.181756416236631,-2.44692444109454,0.0861882349488206,-1.59325221330787
1384,16191,"s7","m1",-0.472832571566536,-0.21789221477274,-2.13012893454643,0.141971309656458,-2.02782608884391
1385,16192,"s7","m1",-0.410708254710163,-0.181070493837918,-1.97680897785022,0.172544634858274,-2.81001952495401
1386,16194,"s7","m1",-0.45779838435152,-0.229223926778197,-1.85711503735459,0.157642931980664,-2.08458696252
1387,16198,"s7","m1",-0.401684713560565,-0.18227058998588,-1.91653642042471,0.281189122332829,-2.27964758004561
1388,16207,"s7","m1",-0.412841982360118,-0.253051501976459,-1.50061767876787,0.245595410476668,-1.4244789579016
1389,16269,"s7","m1",-0.432329720135084,-0.163301336257725,-1.68256943474054,0.288797969721793,-1.82309869616038
1390,16280,"s7","m1",-0.471755749611327,-0.161504812959176,-1.80727935614392,0.172821773341059,-1.5820978740864
1391,16293,"s7","m1",-0.49710800089682,-0.191431383675973,-1.97293128364547,0.193152248336116,-2.06689515677974
1392,16315,"s7","m1",-0.435431643382932,-0.234607557978783,-1.54885398867617,0.118354507691769,-1.89450305601864
1393,16340,"s7","m1",-0.449502165400086,-0.145279704180761,-1.79057914274418,0.132870638959455,-1.97757024252363
1394,16344,"s7","m1",-0.423435064214622,-0.175111569542876,-1.50852817927151,0.179264574175956,-2.20307047243857
1395,16357,"s7","m1",-0.492677591342897,-0.252384618879012,-1.58630778684442,-0.0504464763628958,-1.26676215709934
1396,16379,"s7","m1",-0.438505975068565,-0.204905458740461,-1.66311662188475,0.123951458784783,-2.4908690312662
1397,16380,"s7","m1",-0.456153469566437,-0.193011384835202,-1.65116139592057,0.286833608724231,-1.76800698959974
1398,16399,"s7","m1",-0.432271680328812,-0.183286442755624,-1.67642304935857,0.230213302841871,-2.45716628841659
1399,16407,"s7","m1",-0.439885786015096,-0.201635871548349,-1.78219004925145,0.141445809327586,-3.16107271366293
1400,16418,"s7","m1",-0.429495413060125,-0.173528846354819,-1.50381708660867,0.20036110067072,-2.44655508935031
1401,16421,"s7","m1",-0.466026458470634,-0.173821193746732,-1.87320073970532,0.135512890988865,-2.52835577044198
1402,16440,"s7","m1",-0.396552180578614,-0.166363883058466,-1.87959458080397,0.164090662728806,-1.95266565203357
1403,16445,"s7","m1",-0.478669426542274,-0.0758596245688641,-1.84528586268317,0.258777830819247,-2.38438620970121
1404,16456,"s7","m1",-0.37481807485391,-0.137765328526569,-2.07633316790037,0.250739410210966,-1.72579793289347
1405,16461,"s7","m1",-0.480986524155978,-0.167571046392661,-1.89735394614963,0.215329383463742,-2.29114292088407
1406,16471,"s7","m1",-0.378670336830334,-0.144992977831348,-1.31128177215233,0.15109763271175,-1.72328153172528
1407,16483,"s7","m1",-0.43493660294996,-0.21398388330742,-2.03458475467958,0.20284679587493,-1.7018094043082
1408,16508,"s7","m1",-0.475756910734375,-0.182129006472767,-1.74051195284111,0.0801728947542446,-1.50051090081821
1409,16515,"s7","m1",-0.481993371785329,-0.169257424379313,-2.24623790641584,0.17746306070203,-1.57635455911627
1410,16517,"s7","m1",-0.424450619305887,-0.139208669032754,-1.90556009199515,0.163287479914834,-1.7810869744377
1411,16535,"s7","m1",-0.389048847653352,-0.16834715490838,-1.65648482026128,0.184168138218605,-2.98028926767444
1412,16540,"s7","m1",-0.43720787901737,-0.225311688496659,-1.85903557785288,0.0778650418405506,-2.83327045812456
1413,16551,"s7","m1",-0.375215058452165,-0.132918762863899,-1.50220518445616,0.18148822329881,-2.4382941371739
1414,16555,"s7","m1",-0.400943798638608,-0.247137460978341,-1.87877426383208,0.154502992711814,-1.92802234239603
1415,16573,"s7","m1",-0.457975982818919,-0.219712204544911,-1.97762569891637,0.108314731807745,-1.91452460357091
1416,16584,"s7","m1",-0.444118249234968,-0.207215348688364,-1.67620583025399,0.223691228713697,-2.09848683029396
1417,16589,"s7","m1",-0.559338186850951,-0.2707146299588,-2.1033129985718,0.0356665926329463,-1.80582549395761
1418,16600,"s7","m1",-0.539300106479779,-0.171063462810034,-2.07768053749138,0.0821099146604798,-1.79224666692168
1419,16606,"s7","m1",-0.412633857551585,-0.152590783174005,-2.03741922423871,0.211843305614398,-2.01921620007604
1420,16608,"s7","m1",-0.40836303403644,-0.255760900338815,-1.57689622125265,0.0362899591430495,-1.1345585223138
1421,16624,"s7","m1",-0.441668833113456,-0.158190041584907,-1.55938233157665,0.120024450250541,-1.38142453029735
1422,16631,"s7","m1",-0.439241252242739,-0.148646282251115,-1.75696874799419,0.180910851601451,-2.25508767266239
1423,16632,"s7","m1",-0.446088593648547,-0.214723750996889,-1.84597776125329,0.0631920377051942,-2.09763673861797
1424,16635,"s7","m1",-0.504547482855631,-0.183499239678961,-1.9610087121616,0.11578194108817,-2.89759251562849
1425,16655,"s7","m1",-0.46327627951276,-0.204223848570026,-1.60755411465306,0.269350202487259,-1.00702208695039
1426,16661,"s7","m1",-0.346020611956454,-0.178835816762068,-1.90255559444752,0.165093597066655,-2.43694036116787
1427,16669,"s7","m1",-0.436200025759264,-0.140248369804813,-1.69005767402002,0.161207287928039,-2.36122411745048
1428,16690,"s7","m1",-0.463903200281782,-0.204047119144295,-1.72320635005461,0.105797420568903,-1.71520296522723
1429,16694,"s7","m1",-0.450927324391625,-0.153898621938412,-2.03520992777313,0.150019891229196,-1.68498005423894
1430,16705,"s7","m1",-0.393753700214278,-0.141992218995581,-1.63408464705689,0.0932340460572419,-2.64329799006266
1431,16707,"s7","m1",-0.430887076934635,-0.161178636429682,-1.88722108893595,0.254441922010776,-2.42225440672577
1432,16709,"s7","m1",-0.419530414239583,-0.214012247414333,-2.15103094343235,0.180008001717003,-2.58737257170485
1433,16721,"s7","m1",-0.421541417112192,-0.220384017420036,-1.66149854752912,0.123226482998023,-2.0759304807018
1434,16726,"s7","m1",-0.481785650763239,-0.260198227119582,-2.08334387094109,0.0274921399403914,-1.92182226819172
1435,16733,"s7","m1",-0.452120505952215,-0.156549442501285,-1.75440986051422,0.186247236550237,-1.91710483183449
1436,16759,"s7","m1",-0.440178837243047,-0.166366841343743,-1.2529323385832,0.110221443256767,-1.87864759517604
1437,16760,"s7","m1",-0.423972133767637,-0.200525097063874,-1.96099332110729,0.0753762977338296,-2.63096602999752
1438,16773,"s7","m1",-0.437808809178119,-0.192167004972512,-1.55290644374206,0.149001466191726,-1.90035742509156
1439,16796,"s7","m1",-0.496131701889302,-0.1622906106054,-1.72360944639446,0.182221458309751,-1.36140263207968
1440,16815,"s7","m1",-0.455279629843771,-0.183571011394212,-1.67170370664825,0.224906534754472,-3.39087473238959
1441,16831,"s7","m1",-0.412191757917698,-0.254970002875378,-1.85482088001283,0.0386332596471501,-1.90723618640905
1442,16840,"s7","m1",-0.512300628546796,-0.274427228951421,-2.30748291792443,-0.0224442764327372,-0.875676573238026
1443,16887,"s7","m1",-0.51112666633237,-0.21386730063535,-1.74985795051557,0.157649185909826,-1.0957008540305
1444,16896,"s7","m1",-0.424507227415674,-0.113405239412076,-1.58854622987356,0.233942233827827,-2.3472880926902
1445,16909,"s7","m1",-0.496822726229202,-0.192574935102173,-1.95255307293129,0.114174187363313,-1.288916282798
1446,16919,"s7","m1",-0.408174441249309,-0.222628251705688,-1.65963529942064,0.0875523985062903,-1.61179409214879
1447,16935,"s7","m1",-0.462500057237111,-0.179516433523823,-1.45197260658883,0.153582636872217,-1.42775647464219
1448,16942,"s7","m1",-0.454541484210392,-0.194968013174956,-2.2105524270469,0.118464353897138,-1.49662998963459
1449,16947,"s7","m1",-0.541290849413396,-0.179666898484628,-1.53407967763422,0.121576753859918,-1.11756819589082
1450,16954,"s7","m1",-0.477251599544281,-0.232656476607266,-1.68616693554133,0.0830681233034963,-2.27184966199389
1451,16965,"s7","m1",-0.453311074252099,-0.145730932934198,-1.68240508799155,0.192286196629391,-1.8529227921688
1452,16969,"s7","m1",-0.505915120491038,-0.269622240384683,-2.35651985222175,0.0403849367102309,-1.15383344824833
1453,16987,"s7","m1",-0.464823653292633,-0.171246827395173,-1.38947096348926,0.196798166851571,-1.81090898679205
1454,16993,"s7","m1",-0.387596163484352,-0.105584676716184,-1.39169331286093,0.224009072081244,-2.88293055337449
1455,16997,"s7","m1",-0.462245363675834,-0.243668689824904,-2.24949598038208,0.122218265931622,-1.53858611145705
1456,17009,"s7","m1",-0.454307232850997,-0.15897170639063,-1.51791013508325,0.204045952355706,-1.6898094362133
1457,17014,"s7","m1",-0.511309913913815,-0.209410919158012,-1.51499905540464,0.138202164216392,-1.1703542806372
1458,17016,"s7","m1",-0.466874052623294,-0.172338388793053,-1.44299563694334,0.184981159142083,-2.96895193260286
1459,17032,"s7","m1",-0.4327126702519,-0.172540618292849,-1.97633925112088,0.158411051723797,-1.82798869492104
1460,17044,"s7","m1",-0.443822176602379,-0.118193486892678,-1.51121183246328,0.218821107067092,-1.72385483227841
1461,17057,"s7","m1",-0.52974291790088,-0.233360077916031,-1.96055246994237,0.184697857287048,-0.832640202779634
1462,17067,"s7","m1",-0.471667172604866,-0.172055041751203,-1.54203299973928,0.134060749365712,-1.70638289263204
1463,17085,"s7","m1",-0.512417765361051,-0.23337008108955,-1.95976619301476,0.0979782361927185,-1.08034510314073
1464,17107,"s7","m1",-0.428181603946557,-0.153184492749802,-1.57490731000455,0.220291110011063,-2.0184312171121
1465,17125,"s7","m1",-0.390464152658905,-0.183450426315651,-1.5006378348508,0.167035958372477,-2.5130198571799
1466,17178,"s7","m1",-0.366872056447133,-0.179207924457085,-2.65310313596788,0.294085222522469,-2.19345947113744
1467,17188,"s7","m1",-0.45781806217703,-0.209116213799849,-2.47343136185716,0.177740853571939,-1.92196549614221
1468,17193,"s7","m1",-0.469199587517931,-0.184289152161232,-2.17187652620717,0.195187931188317,-2.34903852597719
1469,17196,"s7","m1",-0.475835359831519,-0.154078166736491,-1.45959424295908,0.177451292836416,-1.33984306369852
1470,17205,"s7","m1",-0.411373491834495,-0.169787074235951,-1.60143174330673,0.207903615060566,-1.47080807831953
1471,17211,"s7","m1",-0.429565429662396,-0.313488278990827,-2.00409753040342,-0.0633337362014599,-1.39446909741256
1472,17215,"s7","m1",-0.441478881922181,-0.140917983268842,-1.75567843566942,0.204929923030334,-3.1366454487779
1473,17229,"s7","m1",-0.410542014955126,-0.227977772612817,-1.61229085212698,0.157833662191046,-2.13194994466739
1474,17235,"s7","m1",-0.393533518824184,-0.161276477088601,-1.75545771223533,0.249421583394228,-2.63021432628728
1475,17245,"s7","m1",-0.424365701799079,-0.19732197893082,-1.55636180305902,0.174299285804675,-2.69426879078543
1476,17252,"s7","m1",-0.482323007952844,-0.182096703413822,-1.70871539816628,0.151970404283871,-1.90157588011023
1477,17253,"s7","m1",-0.458000927682333,-0.141661603609124,-1.72086029812834,0.108827953332524,-1.62633108493877
1478,17261,"s7","m1",-0.458323205453436,-0.276843758560676,-1.96846105803863,0.121425476130226,-1.07143671039325
1479,17264,"s7","m1",-0.48448431031094,-0.206571830961268,-1.49179925118009,0.12740149908153,-1.4377214746872
1480,17266,"s7","m1",-0.451619174718483,-0.261152205959916,-1.9162078399381,0.122133802611141,-1.27038671009409
1481,17285,"s7","m1",-0.449232633763379,-0.1942435627275,-1.5358992837183,0.144585694496057,-2.22247463016573
1482,17322,"s7","m1",-0.509074776100715,-0.193007747603958,-2.22127817729706,0.131760272441332,-1.66858470287011
1483,17352,"s7","m1",-0.49617297286419,-0.188098094319571,-2.06734858742497,0.203359962532242,-1.74889947603214
1484,17353,"s7","m1",-0.473343538501841,-0.198535778871094,-1.79557880458645,0.116995097150058,-1.08094925289641
1485,17356,"s7","m1",-0.468545519967898,-0.230572046367365,-1.71773125507436,0.0144525464844581,-2.29476444066197
1486,17357,"s7","m1",-0.438035143164451,-0.138411089466006,-1.33772311073172,0.139930638612125,-2.23829376887232
1487,17359,"s7","m1",-0.448952420978507,-0.240209220694691,-1.94862806678579,0.0924241859708964,-2.33567162538776
1488,17376,"s7","m1",-0.527256262199276,-0.313207393739178,-2.01915905843736,0.0273911572192795,-1.31353198494459
1489,17418,"s7","m1",-0.489270724436715,-0.222223301783021,-1.67493821984886,0.0860164645274182,-1.25037038278534
1490,17425,"s7","m1",-0.489672214822995,-0.21906363699269,-1.77425891046243,0.151335085058517,-1.19921391887128
1491,17433,"s7","m1",-0.396315354110005,-0.196130385574894,-1.85048501025691,-0.0457836029576832,-2.16509221732473
1492,17436,"s7","m1",-0.50000282268928,-0.18934898963797,-1.27426919050316,0.0714008709398747,-2.55399338185877
1493,17460,"s7","m1",-0.46582536399864,-0.218466408454899,-1.87638925156816,0.0088652594119786,-2.07157040537376
1494,17475,"s7","m1",-0.456657099941263,-0.22819259161426,-2.0577308856294,0.114905486976795,-1.31169834914127
1495,17477,"s7","m1",-0.416695562493853,-0.179119651190443,-1.98932383037411,0.271939356596078,-2.04826657917962
1496,17483,"s7","m1",-0.534254185946409,-0.190195090296141,-1.60310597628953,0.0624339473394225,-1.08876221132583
1497,17487,"s7","m1",-0.423806595855751,-0.209576229761475,-1.7906142320674,0.169732476244008,-2.52822357955066
1498,17504,"s7","m1",-0.500964263872864,-0.219368127398673,-1.98211693813199,0.145609857851205,-2.06540308230641
1499,17507,"s7","m1",-0.508450825233607,-0.167192348769486,-1.57261421929939,0.15990308152958,-1.76441873714609
1500,17521,"s7","m1",-0.389365147840758,-0.170844565045097,-1.32646374341194,0.150586843350494,-2.90245381380148
1501,17537,"s7","m1",-0.441620312067504,-0.285973244928824,-1.74308682596647,0.0525128907403375,-2.46415968302469
1502,17570,"s7","m1",-0.372174796645162,-0.170470348082422,-1.40071733271007,0.146460365000073,-2.89217325406887
1503,17578,"s7","m1",-0.488316308063234,-0.275097114830276,-2.09591422361213,0.0218192943226787,-0.938786932805302
1504,17590,"s7","m1",-0.389223754210996,-0.159498107351096,-1.79910057327908,0.307403066710997,-2.46653731211605
1505,17602,"s7","m1",-0.458157427607318,-0.226567098230287,-2.15505106238127,0.111220512573628,-1.12355233268385
1506,17610,"s7","m1",-0.483602121244083,-0.193736337294656,-2.02325912471152,0.0780897299088663,-1.51289156815754
1507,17611,"s7","m1",-0.420635633632388,-0.218346277389087,-1.75593378935221,0.278078235719638,-1.87014657117535
1508,17618,"s7","m1",-0.4187196226788,-0.161386482760164,-1.79380287767093,0.114139737550387,-1.97234939450187
1509,17627,"s7","m1",-0.47783216648394,-0.22948586886091,-1.5391167831872,0.0474860720283135,-2.07876576750924
1510,17632,"s7","m1",-0.404377771483423,-0.2444357930872,-1.61997192214666,0.118786927001314,-2.22091161616862
1511,17637,"s7","m1",-0.449253853345466,-0.23644875822189,-1.83702980449744,0.0677472749638339,-2.10456449723522
1512,17650,"s7","m1",-0.472364467254843,-0.190808597553955,-2.20227920864917,0.191480941724532,-1.79765780080608
1513,17692,"s7","m1",-0.433151982777585,-0.159010814813879,-1.51262044351364,0.187604948131958,-3.44803266223809
1514,17693,"s7","m1",-0.461149049354613,-0.186658930932004,-1.41831709443377,0.173004797589394,-1.49826965064146
1515,17714,"s7","m1",-0.471184530641575,-0.278358342854628,-1.82425289086269,0.023854427756409,-1.91341092556969
1516,17730,"s7","m1",-0.490628581132441,-0.198572024429597,-1.79029230808768,0.102836312971149,-1.81568567752785
1517,17732,"s7","m1",-0.390695137137454,-0.221777910776719,-1.71287130897891,0.178070622301107,-2.4437252559387
1518,17733,"s7","m1",-0.395171892297862,-0.201035873671294,-2.01998150574151,0.230565580039726,-1.6143908690459
1519,17740,"s7","m1",-0.485831859610619,-0.229690134023618,-1.52651600100019,-0.0535483515948332,-1.44808447789268
1520,17745,"s7","m1",-0.385107691398131,-0.209779448083195,-1.73665833398693,0.213102678681725,-3.32847492234542
1521,17755,"s7","m1",-0.420914986389025,-0.185278625965175,-1.3888219299237,0.200846510438848,-1.9414147864689
1522,17769,"s7","m1",-0.419040065148122,-0.166811176260693,-2.17522613435738,0.221218135428745,-1.65149408771453
1523,17770,"s7","m1",-0.485000981075835,-0.280588931053581,-1.38985523438104,0.113574819355671,-1.77527530467305
1524,17773,"s7","m1",-0.432619420478366,-0.160770813358475,-1.56648419446925,0.291258088540074,-2.63648283182509
1525,17779,"s7","m1",-0.403505998348727,-0.168488407446241,-2.3899720920579,0.249239183354594,-2.87208364306702
1526,17801,"s7","m1",-0.454815488896476,-0.17511065736827,-2.02626566964494,0.0671381166725144,-1.96591140680842
1527,17805,"s7","m1",-0.462999971177846,-0.169464924501155,-1.56140756916465,0.180468376638543,-2.02800569796436
1528,17826,"s7","m1",-0.46184788852544,-0.245613315161105,-1.36405924895658,0.0555103198251907,-1.81997498356675
1529,17830,"s7","m1",-0.464160487381022,-0.286759695526738,-1.64509793442278,0.130454391670301,-0.944698838771912
1530,17852,"s7","m1",-0.498551113766431,-0.1913591433003,-2.25356563945004,0.0203394196557893,-1.86494306347476
1531,17860,"s7","m1",-0.477934595986963,-0.259449656278933,-1.81160763130666,0.136831120427141,-1.12345893014051
1532,17869,"s7","m1",-0.397520175575761,-0.158848068088773,-1.5047947924007,0.129565489286866,-2.43837695389629
1533,17887,"s7","m1",-0.459379124483494,-0.253588921309896,-1.68914745788771,0.222082873691001,-1.77978524329215
1534,17890,"s7","m1",-0.483628580831225,-0.204422872963824,-1.92409661030271,0.00516189419567636,-1.43236524161937
1535,17906,"s7","m1",-0.528789967026987,-0.15878016055406,-2.33209579121946,0.112827742489093,-0.92852541922911
1536,17907,"s7","m1",-0.456437929303407,-0.191230656440495,-2.11176853850345,0.126803439387635,-1.03482232682438
1537,17913,"s7","m1",-0.485081602989127,-0.211083340479353,-2.06515976754266,-0.0689975572228003,-1.79284625629475
1538,17935,"s7","m1",-0.437696167252726,-0.191070711451371,-1.58589419948664,0.26915841534286,-2.87355809355662
1539,17945,"s7","m1",-0.476421711457645,-0.184226760613862,-1.81516553032734,0.0440848172631578,-2.70063245269605
1540,17971,"s7","m1",-0.493613843967861,-0.210700557574399,-1.80724249402226,0.159193130280828,-1.35461654724584
1541,17973,"s7","m1",-0.436042401210928,-0.149478477688027,-1.53941893530454,0.126402853135709,-4.20894812660239
1542,17975,"s7","m1",-0.55174701114433,-0.216010518398501,-2.21592658695171,-0.0236810918738947,-1.10250346147818
1543,18002,"s7","m1",-0.432524040689391,-0.181197928715321,-1.82446427458468,0.142357629932718,-2.06077023078569
1544,18008,"s7","m1",-0.461838763656986,-0.150884557020964,-2.18035514291792,0.136858389279198,-2.51756778080403
1545,18011,"s7","m1",-0.402134459615618,-0.172112376431542,-1.87921829299281,0.039521874264055,-2.04744121789642
1546,18037,"s7","m1",-0.40678432791761,-0.202248455412981,-1.81334128476853,0.0801396917680725,-2.81950738261758
1547,18071,"s7","m1",-0.440864668635156,-0.191272976456738,-1.44312803070027,0.16750905001173,-1.9194420749085
1548,18073,"s7","m1",-0.417109607808276,-0.18778794086624,-2.43388775236849,0.159564820666477,-2.58086419115217
1549,18075,"s7","m1",-0.455891273424423,-0.230124524824761,-1.51333993340183,0.184004834688062,-2.11919655941182
1550,18084,"s7","m1",-0.400830222761704,-0.164707925206824,-1.71765422059762,0.237376697949043,-2.17573572655335
1551,18090,"s7","m1",-0.467514812735513,-0.201520493320516,-1.74220810483509,0.197198522904561,-1.58918296938704
1552,18092,"s7","m1",-0.45731836659623,-0.260532083665295,-2.08005266181115,0.142684249979405,-1.33324337435549
1553,18101,"s7","m1",-0.371200142238069,-0.191487510689551,-2.00001259930629,0.25819940269973,-1.92915563503918
1554,18105,"s7","m1",-0.441098343659766,-0.191357804460024,-1.6340035329853,0.157271933977588,-1.90017089366281
1555,18120,"s7","m1",-0.478038657298167,-0.268774816408217,-1.43871797473237,0.0275930554253876,-1.49720506961608
1556,18122,"s7","m1",-0.469840959424624,-0.209244531185762,-1.60721600380638,0.1248357685366,-1.77984566310529
1557,18140,"s7","m1",-0.548391780163142,-0.172650977861522,-2.41082058020007,-0.0129437275642339,-1.68896957971596
1558,18142,"s7","m1",-0.474557987355896,-0.195041410731107,-1.75116326226805,0.0572815739588275,-1.79933373132526
1559,18143,"s7","m1",-0.454540192567347,-0.204822955655008,-2.13068881773116,0.101207782517388,-1.43510987401626
1560,18164,"s7","m1",-0.452539773631465,-0.195768370320942,-1.83046772196328,0.177900164048324,-1.90221629365516
1561,18204,"s7","m1",-0.455258282621827,-0.23071053109595,-1.96555020445466,-0.0978002181454439,-0.914541140180287
1562,18208,"s7","m1",-0.446152913508454,-0.235267410209639,-1.79119725344833,0.0644552206041138,-1.6489318400433
1563,18209,"s7","m1",-0.46596902975613,-0.172217055866429,-1.81192977475823,0.101003180217001,-1.20372751523781
1564,18212,"s7","m1",-0.438858470083891,-0.239812312526908,-1.84663600580909,0.0545511710230764,-2.82440295147701
1565,18228,"s7","m1",-0.476595843880815,-0.211557169229687,-1.29630516801791,0.0456139768963481,-1.47019218818477
1566,18233,"s7","m1",-0.523868763555581,-0.199516467136337,-1.49439198692919,0.0439914768395997,-1.36743369800841
1567,18236,"s7","m1",-0.430988543535615,-0.212285892276644,-1.78265559559619,0.158557525855656,-1.86519574278936
1568,18241,"s7","m1",-0.34266488424478,-0.215674573495194,-1.81958566920779,0.170588826994776,-2.39933703189907
1569,18258,"s7","m1",-0.4647378154979,-0.241632973856303,-2.10984644154455,0.0590799602714214,-2.27509785562642
1570,18278,"s7","m1",-0.418752900470231,-0.182089361778431,-1.53211190044712,0.180205684968248,-3.05158038726017
1571,18286,"s7","m1",-0.371137171019881,-0.179383886281593,-1.82277737605334,0.105774740942672,-3.23923953391114
1572,18290,"s7","m1",-0.538776300392639,-0.260243491695591,-1.77874468533119,-0.00417582992561684,-1.69652624368252
1573,18299,"s7","m1",-0.465228671206005,-0.237480703822118,-1.52209670032277,0.116268813104344,-1.4403099186872
1574,18316,"s7","m1",-0.547086771172408,-0.244432829718214,-2.3348180876617,0.113156597989421,-0.54244071229351
1575,18320,"s7","m1",-0.424821566528486,-0.226985080922418,-1.93699831034457,0.0715303687994465,-1.99557099331215
1576,18334,"s7","m1",-0.457602795805586,-0.187290245429685,-1.71449824606516,0.111507093396535,-1.80922810873259
1577,18338,"s7","m1",-0.482941778641574,-0.196649226966414,-1.77477061382898,0.127751554715342,-3.00438940546091
1578,18341,"s7","m1",-0.520342216624698,-0.210114723313149,-1.67686644442681,0.0218545340894318,-0.688459292595915
1579,18344,"s7","m1",-0.443677592536438,-0.231782137710928,-1.57844492583764,0.0259867223717537,-1.66354429558891
1580,18376,"s7","m1",-0.427064267886443,-0.155988423130207,-1.29264445718644,0.147934722504634,-2.80893688338313
1581,18377,"s7","m1",-0.444853912514545,-0.19334433937396,-1.63573445813157,0.261090786646775,-1.35844318170406
1582,18399,"s7","m1",-0.370190097512327,-0.258784884147471,-2.11377147566636,0.124617295996071,-1.61671842130462
1583,18414,"s7","m1",-0.47646601960919,-0.228664146147126,-1.85001697299279,0.060145040193653,-1.25850285858146
1584,18432,"s7","m1",-0.391151189634422,-0.162792878780338,-1.56515089564133,0.237635142741011,-1.90128458044262
1585,18445,"s7","m1",-0.4645827465644,-0.163741199385908,-1.95339962562789,0.141594494319352,-2.12814030480943
1586,18446,"s7","m1",-0.438874310261411,-0.262597135430573,-1.75324004761376,0.187297773006311,-1.80560750999221
1587,18449,"s7","m1",-0.460322210429858,-0.201798090387017,-1.70305554064571,0.159976652338636,-1.92861566101117
1588,18453,"s7","m1",-0.437074708023998,-0.256153822162499,-1.58695004293298,0.112319101707322,-1.62606783060945
1589,18458,"s7","m1",-0.469075075817747,-0.160380211707885,-1.73376056119461,0.195111296951783,-1.80788847067819
1590,18461,"s7","m1",-0.469360096454143,-0.1902502052306,-2.10349564096543,0.0779453838560994,-1.84426835325222
1591,18475,"s7","m1",-0.434453959579827,-0.213930733766969,-1.82863368580809,0.180042261611972,-2.16277455648807
1592,18509,"s7","m1",-0.455456166106656,-0.212763771368103,-1.84092445698868,0.0238086896519896,-1.45967942942684
1593,18518,"s7","m1",-0.396284489704618,-0.151554419045695,-1.58439661327024,0.149706549116096,-1.74923266721
1594,18550,"s7","m1",-0.467379353984498,-0.186333256943621,-1.61318851798958,0.175195760100613,-1.81191717184014
1595,18552,"s7","m1",-0.444484264093472,-0.204259586382874,-1.72959844275845,0.123417448925124,-1.64574157554904
1596,18558,"s7","m1",-0.435235351033467,-0.182210065706033,-1.45925506940069,0.090350992311562,-1.72567139475944
1597,18563,"s7","m1",-0.450282717657997,-0.180504023603417,-1.42650875765909,0.0561570671403068,-2.62942918716371
1598,18600,"s7","m1",-0.437755872082412,-0.223881696730955,-1.95753829416024,0.112941245199509,-1.89827771076204
1599,18627,"s7","m1",-0.496355267853543,-0.294489902818161,-2.1612645946978,0.0292978504311813,-1.47890665766703
1600,18633,"s7","m1",-0.432831548267905,-0.199570212163911,-2.42202573930713,0.170836109965154,-2.30351117489603
1601,18646,"s7","m1",-0.474360357441511,-0.290958712230854,-1.96223089106067,-0.0599361961050653,-1.57268858515416
1602,18669,"s7","m1",-0.559831136361077,-0.210989307846118,-1.86306426542028,0.114361249740007,-0.977485953880587
1603,18675,"s7","m1",-0.418229073482128,-0.177029968880407,-2.01529673418474,0.196503772218958,-2.27808453579277
1604,18698,"s7","m1",-0.456910515255306,-0.224137879583824,-1.81828982886973,0.150370044936104,-1.37195483601641
1605,18702,"s7","m1",-0.373843116100457,-0.140242115394027,-1.65476583282779,0.17167170476159,-3.58180958645969
1606,18705,"s7","m1",-0.442443575975094,-0.12358790342927,-2.12913379727601,0.0862981173618175,-1.44770602999762
1607,18708,"s7","m1",-0.462827309585438,-0.218448492633448,-1.93760964307736,0.0689527739978499,-3.12047518690932
1608,18710,"s7","m1",-0.451271379917295,-0.28966358175679,-1.80232962987164,0.0221602850440341,-1.09573997745377
1609,18735,"s7","m1",-0.49927789084838,-0.199072903540095,-1.42009940492376,0.053357976828652,-1.48008827592791
1610,18769,"s7","m1",-0.494791827292461,-0.216639144835853,-1.94257973320076,0.163901320340257,-0.569469370344581
1611,18781,"s7","m1",-0.503479562671136,-0.160596932850378,-1.87433852576431,0.077707310170013,-1.66720905089548
1612,18784,"s7","m1",-0.408025803827867,-0.227787472436354,-1.92301043796185,0.19687063842074,-3.71207474367957
1613,18788,"s7","m1",-0.5819011589169,-0.226533610588912,-1.96347452048177,0.18792170224255,-1.34293105306678
1614,18800,"s7","m1",-0.450045215801087,-0.162569039090963,-2.04824023822361,0.167897536467648,-2.71151190115856
1615,18813,"s7","m1",-0.41552880183938,-0.198655367395252,-1.73234660835171,0.244094264128255,-2.20002385103523
1616,18820,"s7","m1",-0.474909324567875,-0.151624816908951,-1.84999206713475,0.2176858544309,-2.01687001772644
1617,18824,"s7","m1",-0.418328723938654,-0.127911379970966,-1.667227210307,0.286933328155132,-1.73662280875324
1618,18836,"s7","m1",-0.532597910142933,-0.1944929081011,-1.5771648229727,-0.00089367151339426,-0.994027960284393
1619,18837,"s7","m1",-0.450588573197325,-0.22535132069282,-1.70119274636417,0.0698322600540069,-1.12567471934862
1620,18849,"s7","m1",-0.482894336764353,-0.188463854224033,-2.13796684059839,0.182479421626898,-1.86755978498789
1621,18866,"s7","m1",-0.404214109108763,-0.232130700290941,-1.72689490131462,0.174361776474164,-1.61810358959776
1622,18881,"s7","m1",-0.471264619587906,-0.219805891093065,-1.75737970013846,-0.0628342667411547,-2.45390262454913
1623,18887,"s7","m1",-0.454477603878049,-0.212320671736711,-2.24452859820298,0.240181027157576,-1.48584595294989
1624,18895,"s7","m1",-0.461378867182193,-0.143127367430512,-1.53166732795795,0.168374791503851,-1.05944116711184
1625,18905,"s7","m1",-0.533230668331624,-0.184200334191336,-1.39713306255261,0.0165202819812412,-1.03452599639701
1626,18926,"s7","m1",-0.436632165468792,-0.150070303875308,-1.88514004632927,0.199149953685816,-2.2191359644144
1627,18945,"s7","m1",-0.502674149672032,-0.174024964657939,-2.03621391671321,0.110565894605095,-2.48484838619704
1628,18955,"s7","m1",-0.434074275464757,-0.202716138539939,-1.20444551302538,0.103229352196169,-1.5036748872629
1629,18965,"s7","m1",-0.479458198627009,-0.254463444364211,-1.73701991470117,0.0378829197026121,-2.00191912257567
1630,18981,"s7","m1",-0.49482677527627,-0.181572371977548,-1.74446392319304,0.155850101999098,-1.40569284348203
1631,18994,"s7","m1",-0.467806694150272,-0.229332180351537,-1.64879347566334,0.149665532035993,-1.82064244535395
1632,18998,"s7","m1",-0.386934119953175,-0.160490789269346,-1.47252316943082,0.0934584268183464,-2.06675532021357
1633,19003,"s7","m1",-0.452762711989046,-0.240108688559464,-1.55961361751163,0.0581676129875234,-1.42874561667263
1634,19016,"s7","m1",-0.370965858671815,-0.178767966020152,-1.54933787491321,0.199667272537577,-2.95686820628337
1635,19035,"s7","m1",-0.428340052841688,-0.21918223542786,-1.45521430404891,0.0437630479695747,-2.79334137614542
1636,19039,"s7","m1",-0.387172729093465,-0.212271562285192,-1.3008637677354,0.127781340627513,-1.90443053384846
1637,19053,"s7","m1",-0.418478457745254,-0.179737541172763,-1.6112216394393,0.0975271817995805,-1.6667603833751
1638,19069,"s7","m1",-0.420759256846875,-0.22606725583866,-2.3980373299793,0.162909000110833,-1.96818192722273
1639,19070,"s7","m1",-0.419803480547951,-0.186531555207603,-1.56096933790121,0.233545127788068,-2.28236839990888
1640,19074,"s7","m1",-0.434556845504357,-0.200237697669721,-1.68041645868787,0.123068634455746,-1.83686721027769
1641,19083,"s7","m1",-0.442079557339363,-0.185863895298466,-1.85549409248969,0.197740445254851,-1.60675550002796
1642,19087,"s7","m1",-0.489442503765003,-0.240638104132227,-2.32094457248199,0.0486424604123106,-1.11478019640461
1643,19095,"s7","m1",-0.411279808230495,-0.13300227824981,-1.50718796027769,0.11574008081621,-3.01369593511119
1644,19104,"s7","m1",-0.469993462982681,-0.159975231816751,-1.90014604697586,0.180502083985976,-1.88577703524855
1645,19131,"s7","m1",-0.454363373235757,-0.224230457857734,-1.69422362255994,0.0256368517583328,-1.87529520929442
1646,19156,"s7","m1",-0.420521604599587,-0.220427124435086,-1.61955416900164,0.0240828758752343,-2.72935500311279
1647,19164,"s7","m1",-0.418934648333953,-0.204840117363011,-1.59650886725252,0.214756754929527,-1.89358972762185
1648,19169,"s7","m1",-0.424444645661483,-0.228208413080569,-1.96824851064166,-0.0408646768364924,-1.98905635835689
1649,19175,"s7","m1",-0.435963621041078,-0.210414176558775,-1.70555265941823,0.192616094275579,-1.52547961640076
1650,19178,"s7","m1",-0.470708118219854,-0.277118499639083,-1.6356168023927,0.0349641479308515,-1.15373205352048
1651,19185,"s7","m1",-0.413668723315437,-0.251397572449791,-1.91624852570757,0.091977469093811,-2.12510710804462
1652,19190,"s7","m1",-0.456261821823477,-0.199053227699829,-1.80266735081298,0.190191731860479,-1.71206933014653
1653,19223,"s7","m1",-0.46768033292693,-0.162852155635171,-1.74342731516253,0.216027480689575,-2.76877712591569
1654,19276,"s7","m1",-0.43084088596905,-0.155788923272046,-1.40784448099955,0.360415309780629,-1.97326043437607
1655,19311,"s7","m1",-0.485031944466,-0.173765785163436,-1.69756343671124,0.105042646502515,-1.5277552186883
1656,19326,"s7","m1",-0.476942867748073,-0.242140430859111,-1.913515978737,0.103759473263913,-1.41557158888102
1657,19331,"s7","m1",-0.423833101121417,-0.170563081288566,-1.60391900838828,0.0893489515149201,-2.55535864357672
1658,19334,"s7","m1",-0.382052990302695,-0.115380224596364,-1.59203017938567,0.238596521951649,-2.55027831740273
1659,19339,"s7","m1",-0.441850223105073,-0.227165347873287,-1.9732718387269,0.154780703999364,-1.56597700137614
1660,19350,"s7","m1",-0.445732883505449,-0.221222288538736,-2.39800663986002,0.0852095870708225,-2.30293657290233
1661,19354,"s7","m1",-0.397380445990946,-0.206988619623873,-1.63461856736289,0.273632265536412,-2.08904781610519
1662,19377,"s7","m1",-0.494923550890237,-0.179249656581742,-2.21554341622016,0.187914527922895,-1.43124708720989
1663,19383,"s7","m1",-0.500286907624771,-0.174957837603292,-1.89731795612652,0.149876515708613,-1.81116573908675
1664,19416,"s7","m1",-0.479495794573526,-0.227507999129008,-1.98902646960728,0.142014523276317,-1.14078315277946
1665,19417,"s7","m1",-0.458316939620491,-0.171304283830178,-1.60112612043689,0.326845016576618,-2.34222099096606
1666,19420,"s7","m1",-0.429274593854932,-0.156056045019328,-1.64757862349544,0.0877714369795386,-2.76058767861446
1667,19428,"s7","m1",-0.407646948401006,-0.14493790306024,-1.6618468797175,0.101319918754942,-1.7255528253262
1668,19445,"s7","m1",-0.43424054956203,-0.210819893027964,-1.46000381058746,0.0846156375564658,-1.76018123879765
1669,19446,"s7","m1",-0.434783582213533,-0.2034179850117,-2.1724043634824,0.100894447412065,-1.58349996581341
1670,19452,"s7","m1",-0.406147452533205,-0.204900904542587,-1.84419122218971,0.253714632746531,-1.8375466326562
1671,19466,"s7","m1",-0.461515828074491,-0.204279154114522,-1.86340760971169,0.241979089231309,-0.665298281408059
1672,19470,"s7","m1",-0.388554526616372,-0.255031958037203,-1.92819369670546,-0.0174712949786361,-2.08214057819027
1673,19493,"s7","m1",-0.471114657495796,-0.229655231795175,-1.88288139132578,0.10258389871978,-2.18728505930778
1674,19494,"s7","m1",-0.462836534421535,-0.160470093223953,-1.57821065629866,0.14383506561692,-1.9027606183519
1675,19495,"s7","m1",-0.522975615981002,-0.230654784817718,-1.87765009091099,-0.0254765018619644,-1.47673244622647
1676,19516,"s7","m1",-0.448850324569586,-0.198549617704131,-1.67542434856997,0.0914439927036971,-2.54641874205476
1677,19558,"s7","m1",-0.486660044201028,-0.174156494112632,-1.99059466828713,0.246353686130751,-2.71224149742309
1678,19568,"s7","m1",-0.502136833405268,-0.194012425267179,-1.88042662643466,0.168376863484157,-1.51088466539279
1679,19572,"s7","m1",-0.422811236938627,-0.184543559830313,-1.20697055826308,0.0388964160523727,-2.65724076345436
1680,19577,"s7","m1",-0.407263220179462,-0.174537317958072,-1.77194231458691,0.184635570657408,-1.97596111967091
1681,19586,"s7","m1",-0.472906364175442,-0.197954080029898,-1.90687574539898,0.284429412388438,-1.59952724154107
1682,19594,"s7","m1",-0.432898229229972,-0.160164578554175,-1.69479916368426,0.244306948962666,-2.01580651931986
1683,19602,"s7","m1",-0.44601559459981,-0.196426179875442,-1.86233024312291,0.181023265091131,-2.27151039678465
1684,19608,"s7","m1",-0.401771735524397,-0.149928777127451,-1.65670380568493,0.243727428747679,-2.15711642348495
1685,19617,"s7","m1",-0.389677823677661,-0.201846927949229,-1.99416036492955,0.0373224975788881,-1.79540690448382
1686,19636,"s7","m1",-0.510818033101312,-0.221548932941157,-1.82961162368253,0.166454279485976,-0.537526542395787
1687,19654,"s7","m1",-0.449401654965258,-0.186079881642327,-1.98703178363068,0.245654405222555,-1.74592975468804
1688,19663,"s7","m1",-0.472205893441124,-0.175419210374623,-1.57831291110869,0.184070456476568,-1.9819058182417
1689,19669,"s7","m1",-0.388315136774774,-0.181882567528064,-1.8596787331658,0.209046982911495,-2.74424046257731
1690,19671,"s7","m1",-0.411844142550637,-0.225368514235777,-2.13506615172763,0.249753974288362,-2.10345069787924
1691,19711,"s7","m1",-0.511259256630476,-0.210668437870673,-2.29416757939928,0.184344680249498,-0.649842519462615
1692,19713,"s7","m1",-0.359538699940592,-0.176517147206818,-1.99073574518032,0.250707131584367,-2.28424260445754
1693,19723,"s7","m1",-0.474283825444094,-0.170155223930732,-1.98551678020142,0.192729537105737,-2.18939515426984
1694,19735,"s7","m1",-0.397446886489241,-0.211069819511034,-2.00242332761587,0.117019555587403,-3.33882337660358
1695,19744,"s7","m1",-0.48418763013736,-0.213201191314329,-1.7043430886723,0.20540602950057,-0.857191997874302
1696,19750,"s7","m1",-0.49290537575456,-0.272324785778916,-1.66046125258526,0.0769385603414692,-1.56762031002713
1697,19758,"s7","m1",-0.448463978667543,-0.138004409054681,-2.3412329274669,0.125498947366945,-1.8624874869729
1698,19787,"s7","m1",-0.500489635927404,-0.285016632179087,-1.82641893670482,-0.0297532363488826,-1.43643703409431
1699,19791,"s7","m1",-0.489491803733604,-0.171229286402306,-1.87758462611105,0.0715483660917937,-1.40799961077852
1700,19795,"s7","m1",-0.405192453353462,-0.147105594437542,-1.95035929785948,0.0915579609177775,-1.82210513283089
1701,19799,"s7","m1",-0.434957583135905,-0.166625675513378,-1.72400972849756,0.110159867669785,-2.16840348203613
1702,19827,"s7","m1",-0.437374791530265,-0.134156992143547,-1.68743051540585,0.172350081558655,-1.88817722665074
1703,19832,"s7","m1",-0.442556859515522,-0.245571316670283,-1.75102587812791,0.0434604196002343,-2.31491654232624
1704,19839,"s7","m1",-0.469975292609906,-0.244451825389639,-1.46181897083761,0.0501764812999637,-1.76665263499537
1705,19849,"s7","m1",-0.53439775917214,-0.23054878709395,-1.69818769129257,0.0502258482113127,-0.965635196989367
1706,19863,"s7","m1",-0.504540108815389,-0.283289588812544,-1.70424829025437,0.0465084998462545,-1.0308407475977
1707,19879,"s7","m1",-0.491739321878993,-0.132972211378529,-2.23639876365678,0.198929892087459,-1.78036906817951
1708,19887,"s7","m1",-0.497780877786604,-0.268900499951933,-1.85065362562613,0.131004862369019,-0.715448276297739
1709,19897,"s7","m1",-0.437540476149685,-0.231770393389152,-1.41831391456787,0.102816109116241,-1.6964284506844
1710,19900,"s7","m1",-0.386175243070601,-0.17851548128163,-1.55131178985136,0.193804574921787,-2.26089816314329
1711,19905,"s7","m1",-0.40345489933249,-0.145513426211932,-1.59923463608528,0.160265159458721,-2.34578509817492
1712,19908,"s7","m1",-0.45573909982238,-0.220521262229398,-1.51103455391619,0.0850738730503957,-1.58915866660629
1713,19911,"s7","m1",-0.483416147953054,-0.164593776578429,-2.03072528922797,0.0946309098693305,-1.5419857100543
1714,19918,"s7","m1",-0.457446223894966,-0.143248292727085,-1.98412080844684,0.248130736806035,-2.04136133381021
1715,19926,"s7","m1",-0.447570902863442,-0.1452684571573,-2.25182398655593,0.194665750352684,-1.77339089390866
1716,19960,"s7","m1",-0.454195898805736,-0.199012764020457,-1.95908684240166,0.0966541289214421,-1.22517739367818
1717,19963,"s7","m1",-0.477803841363834,-0.223153331271094,-2.15919026078897,0.0571900937980362,-1.47990126897882
1718,19964,"s7","m1",-0.482678793622918,-0.264846308155127,-2.48535823527102,0.0102438797415258,-1.49726637286723
1719,19966,"s7","m1",-0.464997317113606,-0.206037873555641,-2.05907068858519,0.179024037423791,-1.11136232493054
1720,19971,"s7","m1",-0.40111407110951,-0.207766008817195,-1.79375010401956,0.153506856071297,-2.12964419074404
1721,20002,"s7","m1",-0.466614638336238,-0.217141693448134,-2.24853226645052,0.129088401778287,-1.30348282672359
1722,20004,"s7","m1",-0.446843445000413,-0.28144126883388,-1.91792258340626,0.0701219224898174,-1.34584862837857
1723,20024,"s7","m1",-0.460297413424199,-0.206083673274172,-2.33878921183544,0.287619176098227,-1.95137882595472
1724,20045,"s7","m1",-0.45406277690042,-0.245327186853503,-2.19849531389869,0.109949187039373,-1.09502942491374
1725,20058,"s7","m1",-0.369336754840501,-0.109820594251137,-1.47818776359892,0.0198056847560945,-2.58378454676665
1726,20065,"s7","m1",-0.416458041433811,-0.232024577955517,-2.02633334011598,0.161369893354232,-1.59371002948129
1727,20067,"s7","m1",-0.489288619307755,-0.184275935532783,-1.30855674835604,0.12705855493517,-1.49922690778064
1728,20068,"s7","m1",-0.479891545065082,-0.12740528422277,-2.19685294089583,0.230647607307132,-1.51070552921814
1729,20074,"s7","m1",-0.347369274877532,-0.178453276692905,-1.60379719011859,0.185921723832285,-2.67255020780089
1730,20076,"s7","m1",-0.458265039569146,-0.188116605059412,-1.71828581258904,0.15625228354543,-2.32496055379498
1731,20095,"s7","m1",-0.465459781312247,-0.207101302930473,-2.16443965918168,0.125539456517939,-2.24266251712685
1732,20110,"s7","m1",-0.451413180850141,-0.231580032843731,-1.72795633334639,0.143323574582986,-1.56933588542844
1733,20135,"s7","m1",-0.501990420862909,-0.15457612480667,-2.32376127235954,0.131496937876462,-2.23062328517215
1734,20136,"s7","m1",-0.509871363626649,-0.247789393387995,-1.44193956059739,0.159413903265095,-1.18020456855257
1735,20159,"s7","m1",-0.500841798215113,-0.25413720937726,-2.19335830587433,0.0783667909273433,-2.16128240686299
1736,20161,"s7","m1",-0.393725285942491,-0.135560892859852,-1.76755405810098,0.12118169954547,-2.32541149617615
1737,20184,"s7","m1",-0.423008246237237,-0.208287343359838,-1.99957622095385,0.177559212475363,-1.65951481518645
1738,20187,"s7","m1",-0.438946379275373,-0.180551402354162,-1.84744686975697,0.162463634390865,-1.71459252719728
1739,20191,"s7","m1",-0.433639718503788,-0.128877399412554,-1.57372188028188,0.190557252094017,-2.66839886238656
1740,20200,"s7","m1",-0.38678309110231,-0.249152987350562,-2.16984739566309,0.138481679905029,-1.66330679690562
1741,20215,"s7","m1",-0.47726266726825,-0.197442594654114,-1.98623025422164,0.075095744565823,-2.27840836369207
1742,20241,"s7","m1",-0.490929681187434,-0.25012195011683,-1.59630139688683,0.0654196592246201,-2.02298696370112
1743,20244,"s7","m1",-0.445337358029248,-0.122048131386092,-1.51225206007417,0.201446702289031,-1.19309537826352
1744,20247,"s7","m1",-0.429735823230143,-0.161565052645235,-1.94107477149273,0.16148707533086,-1.17533694201276
1745,20250,"s7","m1",-0.459302604275671,-0.168149786818422,-1.65619644706651,0.185499638366432,-2.33408951218415
1746,20252,"s7","m1",-0.456169748575548,-0.193985414665441,-1.6911577942161,0.195016659855473,-1.45469758285696
1747,20257,"s7","m1",-0.496540814006284,-0.222542103301171,-1.48129953883919,0.161493201863035,-2.80517143672835
1748,20284,"s7","m1",-0.451093350461622,-0.264620819743641,-1.66451706594669,0.0804496141963713,-1.29962169971696
1749,20293,"s7","m1",-0.450652330892765,-0.207061234889802,-1.71831193112766,0.182569754125194,-1.79702141005136
1750,20298,"s7","m1",-0.390741487965833,-0.219557114238809,-1.7483386498139,0.190987144796357,-2.30692618576835
1751,20308,"s7","m1",-0.462527919297534,-0.21986815029626,-1.7868087392944,0.202726595856178,-1.17677570390061
1752,20315,"s7","m1",-0.410719958477811,-0.121811294006546,-1.60008979844995,0.226678641981497,-2.31647270889298
1753,20317,"s7","m1",-0.406927780310895,-0.245392070850642,-1.81917994751027,0.181565726036047,-1.74843913857528
1754,20330,"s7","m1",-0.462107233595382,-0.181241299942927,-1.67742553280604,0.21706172956996,-1.19080422846479
1755,20341,"s7","m1",-0.494813149739372,-0.197156569686466,-1.54572476941346,0.202018952469547,-1.15893304521213
1756,20346,"s7","m1",-0.428500031762623,-0.262641913085361,-1.74337079110059,0.0872997635896437,-1.57009769654312
1757,20349,"s7","m1",-0.3360104172877,-0.162599971045863,-1.62679791806609,0.28051936664212,-2.31472604880198
1758,20351,"s7","m1",-0.396702450106531,-0.116814885504335,-1.38440540028005,0.062681880679737,-2.24575264985004
1759,20362,"s7","m1",-0.441686272010647,-0.200185726546063,-1.93808249512569,0.0430538895466577,-2.13714434826221
1760,20429,"s7","m1",-0.424449889591289,-0.165448163897961,-2.54379541935581,0.164694654871314,-3.19210113934691
1761,20431,"s7","m1",-0.444004034411524,-0.17169727424325,-1.88941757862275,0.230477250650902,-2.01640745834314
1762,20444,"s7","m1",-0.590921039307946,-0.258606313767172,-1.97790596004628,-0.0937743202619387,-1.20726961082541
1763,20456,"s7","m1",-0.472274628775218,-0.22599481949116,-1.55942721342894,0.147790045184121,-1.7574301074501
1764,20467,"s7","m1",-0.407339307831868,-0.175644311983779,-2.13413962060542,0.154412810822903,-1.92797710160306
1765,20470,"s7","m1",-0.487702821038515,-0.230130342635635,-1.78619978306624,0.0827373420580572,-1.77704205241811
1766,20480,"s7","m1",-0.487569590998441,-0.214124290757552,-1.91591904265871,0.146019874866855,-1.24757615747798
1767,20510,"s7","m1",-0.43230696100062,-0.247916125366609,-1.84972629703265,0.0802490007091161,-1.58230395655326
1768,20523,"s7","m1",-0.42836553113842,-0.171132765865546,-1.65552478777271,0.186287158812141,-2.09945977221116
1769,20531,"s7","m1",-0.489919862389118,-0.177295276872012,-2.14516069722277,0.190247195572356,-1.56033840184851
1770,20537,"s7","m1",-0.435182563594867,-0.216222500349315,-1.4238074835566,0.161706194352512,-2.33993543540668
1771,20560,"s7","m1",-0.36297310152492,-0.200732549306974,-2.22079269966815,0.211395924734105,-2.18975189295884
1772,20594,"s7","m1",-0.465510611081153,-0.171754260284852,-1.43027271699625,0.100463625296196,-2.25321922180191
1773,20603,"s7","m1",-0.478388701801077,-0.192295139198417,-1.81846466878968,0.111470846272199,-1.22778910468969
1774,20611,"s7","m1",-0.398642329831117,-0.172217942994337,-1.69024429407812,0.112060172322484,-2.52921891585897
1775,20621,"s7","m1",-0.444676505463434,-0.161895172433181,-1.8942444016123,0.173134760638955,-3.29948049391503
1776,20623,"s7","m1",-0.422157902907111,-0.145599141735592,-1.63213915965881,0.206733868331311,-2.85842694996035
1777,20632,"s7","m1",-0.456317749007919,-0.233098116884596,-1.70878366703858,0.0940177208507301,-1.49095358296938
1778,20690,"s7","m1",-0.418437100275247,-0.270183292518929,-2.02163566175921,0.163518510692182,-2.40143182751078
1779,20695,"s7","m1",-0.396139116737043,-0.234493098145537,-1.90979589347987,0.131402563185878,-2.24808467372338
1780,20716,"s7","m1",-0.566926854074071,-0.203493994586816,-2.30746578022523,0.103546225979243,-1.05209905060159
1781,20733,"s7","m1",-0.400727286666703,-0.149093054666052,-1.82258236784572,0.19297251613265,-3.04825231645175
1782,20734,"s7","m1",-0.430617382781451,-0.270955978805544,-2.47985943066278,0.0192442265883926,-2.08024391109549
1783,20739,"s7","m1",-0.429860856209385,-0.199091782959947,-2.10898996959126,0.123269864037385,-2.30120330588209
1784,20744,"s7","m1",-0.448071684949523,-0.204172695484351,-1.56261977548831,0.0929552670148996,-1.79180944753929
1785,20747,"s7","m1",-0.423344059147336,-0.224328543840755,-2.00989668274321,0.169522107229488,-1.5579437064678
1786,20758,"s7","m1",-0.450376661298844,-0.141962477817121,-1.57626135586722,0.199089831582636,-1.83951486235491
1787,20764,"s7","m1",-0.407614933057327,-0.196924489177491,-1.6109316048727,0.252342995752055,-2.64782277607858
1788,20773,"s7","m1",-0.476918707516057,-0.182154387356698,-1.59213760764142,0.146862345026007,-1.52129970162001
1789,20788,"s7","m1",-0.507032944925776,-0.240888614247705,-1.81733213100143,0.115849966547251,-1.1335034317339
1790,20789,"s7","m1",-0.404910439356733,-0.153817822437409,-1.6153835427004,0.180306442478119,-2.50549510928607
1791,20800,"s7","m1",-0.443702024949694,-0.196713102501062,-1.39888533744778,0.0744075059908102,-1.77316507881734
1792,20825,"s7","m1",-0.368069910808113,-0.084067798150761,-2.39393980744546,0.240746830092069,-2.14509693546207
1793,20826,"s7","m1",-0.490774054069603,-0.19881909857475,-1.94916773429283,0.0481260673660906,-2.57989664580923
1794,20833,"s7","m1",-0.518562113786896,-0.165376625668446,-1.49285610795929,0.0725640117204734,-0.698325701222306
1795,20888,"s7","m1",-0.432559191389873,-0.200641907133013,-1.82474176190645,0.273622590892844,-1.65744256539038
1796,20890,"s7","m1",-0.453555371959178,-0.239342491681982,-1.71862513556469,0.0963928216213181,-1.86929310048616
1797,20896,"s7","m1",-0.455303439304509,-0.178197041614271,-2.22660459133988,0.129043155167393,-1.5064473324719
1798,20904,"s7","m1",-0.482458120556613,-0.230379554959754,-2.23255025822333,0.188450358237723,-1.1107950398839
1799,20911,"s7","m1",-0.469265926696106,-0.200648952360041,-1.81002062599366,0.167606848859548,-2.16168554314499
1800,20912,"s7","m1",-0.440800879340265,-0.212527988183799,-1.84549014244116,0.110899125779662,-2.45341065118443
1801,20932,"s7","m1",-0.381106153946945,-0.21208053195142,-1.79991770232752,0.253730687113484,-2.15031288484953
1802,20934,"s7","m1",-0.405413413869895,-0.186426440088197,-1.75592862222282,0.173215798792877,-1.9921946553035
1803,20961,"s7","m1",-0.481571930848678,-0.23041520710648,-1.5176157255198,0.0425837805352065,-1.8310030177914
1804,21003,"s7","m1",-0.498691571026795,-0.216047169669192,-1.53752697222307,0.14707732290852,-1.65619996533729
1805,21006,"s7","m1",-0.463983738227173,-0.193918455424483,-2.4302489457705,0.12228518282471,-1.2732237842356
1806,21010,"s7","m1",-0.551107399367785,-0.19017716721824,-1.69345049485301,-0.0109538272701587,-1.0034454279742
1807,21027,"s7","m1",-0.426936764032259,-0.20164391344667,-1.66977751761246,0.0486592575889335,-2.25086615310526
1808,21028,"s7","m1",-0.471621679260278,-0.177683239334161,-2.3767127334147,0.168335482826151,-2.5276380492913
1809,21029,"s7","m1",-0.44092611908702,-0.150858818030895,-1.78733176790147,0.176982327335683,-2.67553874168749
1810,21049,"s7","m1",-0.457358553579214,-0.204172264868676,-1.92821985576766,0.0621416971972904,-1.30403030244791
1811,21080,"s7","m1",-0.481461405099321,-0.202141244804449,-2.00701122288373,0.148685454086234,-2.50349027741323
1812,21082,"s7","m1",-0.435131870597385,-0.25338164359446,-2.28213977751377,0.177391363023597,-1.95689057534002
1813,21091,"s7","m1",-0.431223799894609,-0.24115529621518,-2.10796017508224,0.143178386898901,-1.49393045123474
1814,21097,"s7","m1",-0.433554798859801,-0.143211193255708,-1.68733698151611,0.242449339378196,-1.6097769668972
1815,21099,"s7","m1",-0.513592044259696,-0.255759179591691,-2.03020365725935,0.051568480504424,-0.949350852511769
1816,21108,"s7","m1",-0.463751129534285,-0.180216020902973,-1.78937263321452,0.0636449981792711,-1.6409218458007
1817,21131,"s7","m1",-0.474224059417695,-0.229565356069712,-1.86838344294434,0.194681536119587,-2.11471028489188
1818,21168,"s7","m1",-0.454449649679263,-0.153259376813941,-1.5766468196423,0.123663763402305,-2.08383822018869
1819,21183,"s7","m1",-0.449021206811321,-0.24754947226454,-1.63200564136462,0.128604621106816,-1.29955964963795
1820,21190,"s7","m1",-0.451880839611081,-0.221258960430557,-1.3788171977287,0.101691411293126,-1.12532825947915
1821,21192,"s7","m1",-0.425056481181402,-0.156571463967773,-1.36288206034589,0.223966876674091,-2.56256879077488
1822,21208,"s7","m1",-0.44890653669998,-0.191423044968153,-1.66618145110934,0.0432700729124224,-2.29330931093803
1823,21228,"s7","m1",-0.438771762512461,-0.253028419645973,-1.61960687965584,0.109722351734603,-1.57223500657099
1824,21240,"s7","m1",-0.470371661008154,-0.174856106057094,-1.98630248242766,0.176622264606888,-1.67132723800712
1825,21246,"s7","m1",-0.41595289939855,-0.234622704778615,-1.31398868845182,0.117184671342424,-1.73970793783375
1826,21248,"s7","m1",-0.414794379001721,-0.150435463834026,-1.77769309345297,0.314486188551207,-2.30250087820917
1827,21261,"s7","m1",-0.466822233378354,-0.211249867584985,-1.9969245932415,0.202574813974986,-2.10971980602345
1828,21262,"s7","m1",-0.451439244482033,-0.195579674777774,-1.45984406042875,0.157280484965163,-1.53250202683334
1829,21279,"s7","m1",-0.48129957775865,-0.201790379553798,-2.15859069840828,0.08392796377313,-1.36177935620552
1830,21286,"s7","m1",-0.44399389739709,-0.213864793519769,-1.84427920207301,0.130475434447252,-2.30970718233054
1831,21293,"s7","m1",-0.526714875093686,-0.218803753319325,-1.93436134251944,-0.0294045175310443,-1.63362908661144
1832,21303,"s7","m1",-0.385605422618171,-0.14081369888403,-1.79588479548873,0.129649583535049,-2.14077886154704
1833,21316,"s7","m1",-0.547807779200991,-0.280045030061216,-1.88307703012339,0.0219600784649626,-0.936341347834113
1834,21319,"s7","m1",-0.336368897240535,-0.160781442061705,-1.51306267207927,0.276261763702214,-2.51793746456929
1835,21322,"s7","m1",-0.398072179918863,-0.197723666568499,-1.7432167317585,0.272782630821719,-2.10652016672859
1836,21326,"s7","m1",-0.496645111645315,-0.227657417093006,-1.89880879227881,0.135656580388772,-1.6518577201766
1837,21348,"s7","m1",-0.491179625705516,-0.135180812996416,-2.04271863364131,0.307749544723028,-2.42679467334262
1838,21355,"s7","m1",-0.475660154873256,-0.203796791844751,-1.44479788297012,0.0256792294613202,-1.0252499892856
1839,21358,"s7","m1",-0.491648956086861,-0.18707966446371,-1.79657725297417,0.182415321951637,-2.08628191079586
1840,21368,"s7","m1",-0.463459856106209,-0.164337343507113,-1.97739943327514,0.218445433367956,-1.61759133781248
1841,21374,"s7","m1",-0.394191930314195,-0.148378982944818,-1.66714202297668,0.213878373590071,-2.07752990164109
1842,21391,"s7","m1",-0.521137419764431,-0.196004223992356,-1.94717100960056,0.177330371148287,-1.86585491164171
1843,21398,"s7","m1",-0.405680646858901,-0.184348313122091,-2.29969657257717,0.22434697502853,-2.03162027739398
1844,21446,"s7","m1",-0.463497487549491,-0.159212761652272,-1.38823064074704,0.277477421447065,-1.37281249735378
1845,21450,"s7","m1",-0.461505643448382,-0.188417765776745,-1.3675004385553,0.0883944696552812,-3.03232938728935
1846,21456,"s7","m1",-0.381786048110316,-0.189577817810006,-1.76259263290552,0.177045617507686,-2.33748054694443
1847,21457,"s7","m1",-0.47425991515021,-0.200195358539583,-1.79470701320563,0.0975537918217568,-1.64670474207361
1848,21470,"s7","m1",-0.437127064266476,-0.290813721446935,-1.73426473572445,0.0171361286067427,-1.02405404921832
1849,21489,"s7","m1",-0.512106497461727,-0.204107273514509,-2.08536012319971,0.00567014550103336,-1.47686113173339
1850,21497,"s7","m1",-0.456848529388422,-0.166009657834189,-1.78797010107677,0.193868165408983,-1.18229313970717
1851,21511,"s7","m1",-0.419429314786458,-0.116020197560791,-1.78521001334104,0.213436849991691,-2.61907186233711
1852,21523,"s7","m1",-0.356629272302338,-0.155134903333062,-1.31837648819695,0.224795718721868,-2.8565961718876
1853,21539,"s7","m1",-0.514904532368351,-0.213450856908144,-2.16789093716319,0.145074271639183,-1.9397964323459
1854,21549,"s7","m1",-0.424753507062258,-0.254378402028743,-2.42531851859971,0.064075784808233,-2.64465924939094
1855,21557,"s7","m1",-0.483911425683302,-0.26215280648613,-1.71730039241261,-0.0402125836457084,-2.71358422560714
1856,21566,"s7","m1",-0.460524988952524,-0.13761716744322,-1.65132793170471,0.217592170373979,-1.28525803335153
1857,21571,"s7","m1",-0.45278491130176,-0.212182479677312,-1.76996944199017,0.138173271474612,-1.84869354892432
1858,21584,"s7","m1",-0.473740202772208,-0.245616428762967,-2.49359285621994,0.0754940459205376,-0.926204152158613
1859,21589,"s7","m1",-0.499153253141187,-0.225114188533377,-1.42079323251859,0.0867845148737679,-1.203520362444
1860,21597,"s7","m1",-0.419039049964813,-0.111072978790649,-1.62247868539304,0.243535677990388,-2.95444265978127
1861,21614,"s7","m1",-0.450626774219355,-0.170122466567913,-1.57395094093615,0.229760466258538,-1.49987857195001
1862,21622,"s7","m1",-0.460373055850936,-0.159873938884917,-1.74032660758334,0.161638144793171,-2.29487613324167
1863,21625,"s7","m1",-0.432450050088906,-0.184604612102991,-1.66854619913369,0.1901453358924,-3.43249889554213
1864,21627,"s7","m1",-0.392772045470643,-0.198382059587919,-1.71092309498716,0.0704013569500605,-2.35343786134336
1865,21629,"s7","m1",-0.453914633124641,-0.19921497989696,-1.91093444259497,0.23630441703248,-0.984330321637692
1866,21631,"s7","m1",-0.357148643247811,-0.214606039903667,-1.82346704598824,0.202481942004356,-2.64856606776628
1867,21651,"s7","m1",-0.427613105868055,-0.235038449337955,-1.75037731587108,0.134893016932439,-1.57468060155839
1868,21671,"s7","m1",-0.445058470890413,-0.245525271139457,-1.37402319621403,0.154898171173292,-1.31628919620669
1869,21673,"s7","m1",-0.392412089988425,-0.181610492335626,-1.80966136537661,0.131368038045065,-3.04071186351035
1870,21682,"s7","m1",-0.460697927162032,-0.233622047546416,-1.35453150259588,0.0951058693099212,-0.956796046215595
1871,21709,"s7","m1",-0.481330256995761,-0.191815862803743,-2.07541415013247,0.108554699949916,-3.10002516182688
1872,21712,"s7","m1",-0.430299352957452,-0.211144837256056,-2.18079315496693,0.117147807302005,-1.60892658268972
1873,21715,"s7","m1",-0.476519982356433,-0.180780135218469,-2.27671282749629,0.20628322152739,-0.811532272812838
1874,21718,"s7","m1",-0.441608208854963,-0.178036809739521,-1.57759209498056,0.148944385803737,-2.96482404081924
1875,21732,"s7","m1",-0.466406290740777,-0.190637968813069,-2.3441319117002,0.0956632698734567,-1.67500226407266
1876,21749,"s7","m1",-0.497073412073575,-0.12507523208048,-2.1555356520856,0.266530035915734,-2.25640005210314
1877,21757,"s7","m1",-0.440931599683535,-0.189035891598554,-1.683794323506,0.169198013247759,-2.19520158550175
1878,21773,"s7","m1",-0.448285559798852,-0.163557139932373,-2.07124056516018,0.0336134799702074,-2.35880193938249
1879,21778,"s7","m1",-0.450880938751136,-0.199072852295461,-2.01520262285666,0.0985576943996671,-1.56104560484003
1880,21812,"s7","m1",-0.459839059405709,-0.153025595430768,-1.32569563984028,0.255268657380588,-1.26942123527141
1881,21817,"s7","m1",-0.409598128030839,-0.172340425431036,-1.90103483551053,0.201035288734484,-2.56675674695267
1882,21828,"s7","m1",-0.476351475906242,-0.22851801468294,-2.22234051405367,0.144374406418494,-1.92891424426826
1883,21839,"s7","m1",-0.496941178372426,-0.279872173201204,-2.01227430555304,0.103797600339783,-0.929253054714957
1884,21843,"s7","m1",-0.453989842777795,-0.207409638453919,-1.83402701553932,0.164314850399216,-2.37847142879529
1885,21849,"s7","m1",-0.471001116019833,-0.165378154334259,-1.72553005494762,0.226971316416586,-2.13685698357406
1886,21853,"s7","m1",-0.491536256304648,-0.18465781948524,-1.82049434606559,0.0956428161236509,-2.41987475485868
1887,21870,"s7","m1",-0.37844679538651,-0.240306798410754,-2.48045142630217,0.15233995258419,-1.5366163153437
1888,21880,"s7","m1",-0.41302726062355,-0.203248501179518,-1.82065192713028,0.194198745046533,-1.8265977140149
1889,21881,"s7","m1",-0.403006750155896,-0.163416985272235,-1.52766587122313,0.245657735820062,-2.14064405737854
1890,21883,"s7","m1",-0.393311428909833,-0.201025215616293,-1.74011649103857,0.237805929359965,-1.25705138437646
1891,21889,"s7","m1",-0.394603292661698,-0.180297440130723,-1.90022250629927,0.179075351332778,-1.97789586646758
1892,21918,"s7","m1",-0.428569865852312,-0.158167032623778,-1.84023240795389,0.224259575231222,-1.60104642731399
1893,21936,"s7","m1",-0.417060205220556,-0.174575500850516,-1.90104880788493,0.213162825512897,-2.65865349996737
1894,21993,"s7","m1",-0.379147073964409,-0.167063743711963,-1.94510704505275,0.140384391749507,-2.07443392942096
1895,22006,"s7","m1",-0.508922908734626,-0.16841231306425,-1.94205940317384,0.107996752046553,-2.10740026387235
1896,22023,"s7","m1",-0.457012847209498,-0.233485974117094,-2.35191706519407,0.293019519595769,-1.83581757962538
1897,22036,"s7","m1",-0.468436111553791,-0.220782747408627,-1.79777344497528,-0.00984623630872054,-1.99408484749558
1898,22046,"s7","m1",-0.386810826741319,-0.247850753701206,-1.8749038330617,0.173948449746791,-2.51666472429192
1899,22049,"s7","m1",-0.415354535598793,-0.224043789924858,-1.73163567232855,0.159703625866721,-1.83592063201566
1900,22054,"s7","m1",-0.493087706658062,-0.179578626595028,-1.80652446509884,0.196730500668546,-1.46666093913539
1901,22064,"s7","m1",-0.436313590530716,-0.199156340194986,-1.72751031992388,0.230662982413699,-1.82143634131145
1902,22066,"s7","m1",-0.482805306010012,-0.220653910123052,-1.89660420976684,0.0511450323342,-1.90357250012527
1903,22069,"s7","m1",-0.535306387720473,-0.207097671307299,-2.52579524183821,0.0310797887596432,-1.59586831212389
1904,22071,"s7","m1",-0.424847086637387,-0.19442357261085,-2.49527847194058,0.10520133056265,-1.55311210423577
1905,22077,"s7","m1",-0.407974958736842,-0.154266267070557,-1.65466647679232,0.158529097755274,-1.72186651551586
1906,22078,"s7","m1",-0.411680514822394,-0.181065214242596,-1.59873576131276,0.201855227466849,-1.41898260694654
1907,22086,"s7","m1",-0.482280798811307,-0.215252676969602,-1.8474615624449,0.121925004502363,-1.98208536082936
1908,22130,"s7","m1",-0.421541138657532,-0.262878006762139,-2.0381958906776,0.130329775488699,-2.734286289808
1909,22138,"s7","m1",-0.402023809693023,-0.207597625328756,-1.55071733234103,0.201132859743684,-1.91708938729514
1910,22142,"s7","m1",-0.367573880686847,-0.209687442543951,-1.43434780290672,0.287840746841855,-1.87122981849551
1911,22162,"s7","m1",-0.451026064851494,-0.22754159974105,-1.91590376270241,0.127747890739108,-1.71649071675239
1912,22169,"s7","m1",-0.522254507318433,-0.25225617027697,-2.18295715722058,0.0665692430148948,-1.13291795253563
1913,22182,"s7","m1",-0.408945224232164,-0.212678433037609,-2.12141827294209,0.0152445107995069,-2.25852892551051
1914,22187,"s7","m1",-0.426838972116827,-0.138723822735189,-1.32050011444993,0.266564717527106,-2.64963717319701
1915,22224,"s7","m1",-0.41045144193911,-0.192599966958775,-1.99809822866732,0.191080834232459,-2.78657065036195
1916,22238,"s7","m1",-0.467593735528808,-0.206496604733144,-1.72707983525953,0.0695690463942403,-1.20765521196652
1917,22274,"s7","m1",-0.466690040330956,-0.200385607338912,-1.35576325401383,0.140868540261284,-1.89490294118563
1918,22275,"s7","m1",-0.508652961034263,-0.216510654647697,-1.71146994666621,0.121012267728378,-1.28292656501491
1919,22305,"s7","m1",-0.488522073039717,-0.220834818294209,-1.64879678692588,0.0198748231532071,-1.41305225357768
1920,22322,"s7","m1",-0.386930990251883,-0.201046348755969,-1.87577729632402,0.115771639302917,-2.79412246490569
1921,22325,"s7","m1",-0.54323872637261,-0.268654080752887,-1.97865942821481,-0.0316096490930965,-2.35464238981348
1922,22363,"s7","m1",-0.380959901671782,-0.178688097125442,-1.35597550837803,0.21626137540122,-1.96595193128712
1923,22386,"s7","m1",-0.516423823503399,-0.190653947863222,-2.24389978687316,0.126318211198624,-1.50129197650124
1924,22388,"s7","m1",-0.398917528955755,-0.156804701827395,-1.9701171047551,0.226870542428978,-2.19430977595528
1925,22470,"s7","m1",-0.462429029011684,-0.15376688462775,-1.41679755433987,0.205489796665818,-1.28975012490293
1926,22532,"s7","m1",-0.431031774814351,-0.218859701216648,-1.51457327978725,0.132854837051332,-1.8622412396082
1927,22542,"s7","m1",-0.426079007818632,-0.138695220403433,-1.83752296597196,0.112009008358049,-1.67441046153916
1928,22545,"s7","m1",-0.422494715306281,-0.230737074465522,-2.02953450451785,0.174553123872922,-2.06263931654898
1929,22563,"s7","m1",-0.46819461629658,-0.25269007264516,-2.15890348213052,0.108945172341457,-1.02859241999202
1930,22574,"s7","m1",-0.394217605499827,-0.17601288494258,-1.53246986504175,0.113635200483554,-2.37018730819168
1931,22584,"s7","m1",-0.437058488369013,-0.199175763651096,-2.08279780466185,0.0931332622610453,-1.61576574294325
1932,22612,"s7","m1",-0.441468225237212,-0.245901819135766,-1.78713916241939,0.154440387743129,-2.04734160783914
1933,22620,"s7","m1",-0.440912648488136,-0.182678889286342,-2.19896322388257,0.132782489746895,-2.21109539117839
1934,22636,"s7","m1",-0.448592927336142,-0.234224885499832,-2.02815453851271,0.17762691184823,-1.49783704666162
1935,22673,"s7","m1",-0.509590390726352,-0.25706198164147,-1.76407350623026,0.164005269845651,-0.912398862689607
1936,22677,"s7","m1",-0.528120789371723,-0.202626484091596,-2.46368496631802,0.222846240123657,-3.09288336534375
1937,22679,"s7","m1",-0.454084784325806,-0.248794723611515,-1.82907719943194,0.138074919660875,-1.84566271281848
1938,22688,"s7","m1",-0.523662608721415,-0.190641936066025,-1.40074483209361,0.103550171658045,-1.07462262278015
1939,22701,"s7","m1",-0.472492997181046,-0.244894296543818,-2.10177459511338,0.046459215747026,-1.03006918761835
1940,22729,"s7","m1",-0.439417409877196,-0.221892763421034,-1.39038270128363,0.27395457313639,-1.70976689127783
1941,22733,"s7","m1",-0.533361904485221,-0.217771416433735,-1.50852702391973,0.161567710315292,-1.00785602096552
1942,22747,"s7","m1",-0.424041094031101,-0.243457429057763,-1.30139339556638,0.200715106726489,-1.79167294439553
1943,22756,"s7","m1",-0.398813823354048,-0.190894835096281,-1.75933996998167,0.0809137886684664,-2.50335330921247
1944,22758,"s7","m1",-0.423992284281242,-0.128472779372238,-1.4451920105672,0.346533111701854,-1.94790255750006
1945,22779,"s7","m1",-0.420136180815914,-0.209136971911978,-1.48069332778309,0.110361678324867,-1.79911629046851
1946,22805,"s7","m1",-0.442165168960539,-0.163123113596576,-1.97905190522263,0.139073086382156,-1.13600256189726
1947,22810,"s7","m1",-0.425675873639012,-0.206726045813767,-1.61602136452933,0.143060000960033,-1.86332377516124
1948,22865,"s7","m1",-0.47997872615797,-0.232609963071178,-1.75820698338519,0.0692743180236492,-2.54719299540613
1949,22875,"s7","m1",-0.421896682575624,-0.120662645386518,-1.49044754191843,0.102125390016751,-2.93916571724066
1950,22877,"s7","m1",-0.494474750360519,-0.186005367219576,-1.66542305871784,0.122078210892248,-1.54842162830477
1951,22882,"s7","m1",-0.502795117096035,-0.165926465541858,-2.02815292507,0.110945511517143,-2.42774756449352
1952,22884,"s7","m1",-0.449532866482955,-0.163037692713102,-2.07568211479282,0.154061765963165,-1.70594013691526
1953,22893,"s7","m1",-0.466820666537622,-0.229039468658367,-2.25874090018465,0.0106437866262603,-2.39702054586593
1954,22900,"s7","m1",-0.43760197909654,-0.193741077316939,-1.44626396321899,0.355558998337973,-2.92677556798996
1955,22936,"s7","m1",-0.520568736622661,-0.207485441288272,-2.3141369126303,0.141085326829863,-0.745099272439391
1956,22967,"s7","m1",-0.495510222666496,-0.127455200630627,-1.83253318194634,0.243542529185905,-2.04559446116078
1957,22977,"s7","m1",-0.46954638908544,-0.282992893056865,-1.5954147790641,0.154913467193974,-2.09596956780173
1958,22994,"s7","m1",-0.499806603397091,-0.189668731768782,-1.63350402928279,0.107284144065332,-2.00824233390434
1959,22999,"s7","m1",-0.483149538717366,-0.224968972709646,-2.3662405011617,0.145845879143655,-1.87470601745241
1960,23007,"s7","m1",-0.464398450603612,-0.195565581930081,-1.70878645966548,0.121696539011001,-2.23907596207553
1961,23017,"s7","m1",-0.416399441568465,-0.124183729602955,-2.11755888106005,0.209541591477317,-2.91590229367072
1962,23030,"s7","m1",-0.429803266635218,-0.211296575260257,-1.56369766446915,0.0959490653771228,-2.19306695576065
1963,23031,"s7","m1",-0.483013761372245,-0.168015729319888,-1.35842138719202,0.0985866794577841,-1.72330120346913
1964,23033,"s7","m1",-0.491742115694098,-0.199780208819736,-1.98115537819337,0.145371782122451,-1.72359719365927
1965,23038,"s7","m1",-0.477707179063067,-0.245990700563562,-1.76432502552234,0.189386517153102,-1.64701388892035
1966,23069,"s7","m1",-0.427030575288483,-0.176320967859483,-1.57315214776976,0.180386295874668,-2.32069857993146
1967,23088,"s7","m1",-0.489130312751995,-0.206965049025894,-1.39832608621617,0.0121009754368138,-1.67288642960945
1968,23098,"s7","m1",-0.467634702070644,-0.140225180545543,-1.7816430481887,0.125389936210341,-1.85906594460848
1969,23104,"s7","m1",-0.445560413959069,-0.164787353528374,-1.76688763146126,0.11950272486864,-1.76861194154399
1970,23106,"s7","m1",-0.473189396569587,-0.194660408258995,-1.78107791140203,0.12632662299804,-2.57085797568655
1971,23116,"s7","m1",-0.44960639285961,-0.222810578567949,-1.91138718436869,0.106135387562065,-1.94491580961777
1972,23118,"s7","m1",-0.505635486713514,-0.189321174421236,-2.43940307389689,0.105056245949646,-1.97087615018562
1973,23119,"s7","m1",-0.424161106046906,-0.238509614902537,-1.86266908468614,0.171104343313698,-1.48160876437719
1974,23126,"s7","m1",-0.504675630348961,-0.210023504773678,-1.74204635125092,0.178148666363761,-1.53440631223674
1975,23136,"s7","m1",-0.480365546878388,-0.291252035908508,-2.38646131098841,0.040023775278613,-2.0296691415675
1976,23158,"s7","m1",-0.363485306326666,-0.190581713219268,-2.09554317069269,0.184385159823079,-2.79087477664451
1977,23169,"s7","m1",-0.512917195563282,-0.167688114778113,-1.90830980718039,0.0509070294983992,-1.57823822729067
1978,23174,"s7","m1",-0.400654227140732,-0.161241418430683,-1.87040043569047,0.165855821871878,-1.79399900905557
1979,23184,"s7","m1",-0.390028148804545,-0.20374591447999,-1.65787303436014,0.104911479013562,-2.61428850303959
1980,23185,"s7","m1",-0.480140478057729,-0.219526112508978,-1.74692580463911,0.0842137298001651,-0.994806146760954
1981,23202,"s7","m1",-0.446344158728134,-0.207461323997858,-2.08071008467435,-0.0252931947189872,-1.42446666911748
1982,23221,"s7","m1",-0.444479707701451,-0.279268163013035,-1.53164355027766,-0.010128242195999,-1.62758106667128
1983,23222,"s7","m1",-0.448975480828904,-0.189087353077083,-1.97141526270889,0.0725308460150995,-1.79535192109509
1984,23229,"s7","m1",-0.49024201499951,-0.265478150431024,-1.45503718140628,0.0180935633905619,-1.87383441108462
1985,23251,"s7","m1",-0.440854135757766,-0.197951990868998,-1.56516918413089,0.129522332776125,-1.92190023440449
1986,23282,"s7","m1",-0.439603424288162,-0.199503818454806,-2.01630437923642,0.20244705447957,-1.5730810422632
1987,23283,"s7","m1",-0.496140181620969,-0.212567766534351,-1.30696285268667,-0.0235976546016224,-1.29486746737407
1988,23284,"s7","m1",-0.481959112879215,-0.212176312092167,-1.6827299546965,0.131582946452663,-2.59622325345162
1989,23304,"s7","m1",-0.472329043259792,-0.202289988750327,-1.92260614564891,0.156928186012718,-1.09869703921269
1990,23344,"s7","m1",-0.416079679718306,-0.187604301446833,-2.06970486189567,0.169392831637847,-2.06932575642915
1991,23360,"s7","m1",-0.401462944398302,-0.212214904214281,-1.79032593408405,0.0879374031214277,-3.51988511156692
1992,23375,"s7","m1",-0.43650080822855,-0.223740976802689,-1.3962604459874,0.19194099353571,-1.57095217296591
1993,23393,"s7","m1",-0.428176636139728,-0.247717071705999,-2.34362317449957,0.0753370620642612,-2.65145953418399
1994,23424,"s7","m1",-0.437649842721981,-0.10661842873132,-1.56082771514029,0.172094716996877,-2.77335464692788
1995,23444,"s7","m1",-0.459865427537258,-0.218778681549211,-1.72103734285048,0.0859859430532922,-2.35763949163341
1996,23455,"s7","m1",-0.42406923811734,-0.221620930749314,-2.44839641376324,0.0998978517316668,-2.63053358509764
1997,23459,"s7","m1",-0.397882069922222,-0.195660582692985,-1.89550211897957,0.263206531302022,-2.49818081752446
1998,23482,"s7","m1",-0.486235819085152,-0.190997806953292,-1.6160943869562,0.165140679424285,-1.86829961530286
1999,23489,"s7","m1",-0.446506142905149,-0.164735517091857,-1.97084636111537,0.159452548762194,-1.63709392648606
2000,23498,"s7","m1",-0.478005447870437,-0.220806327592926,-2.19914688996203,0.065839250184715,-1.92358814557478
2001,23499,"s7","m1",-0.451423868796548,-0.203646695907396,-2.0251568290307,0.130471871206797,-3.09158668195868
2002,23510,"s7","m1",-0.508501485015507,-0.235551224046186,-1.33176583881911,0.204920259699687,-0.673899123590723
2003,23518,"s7","m1",-0.524722134808886,-0.204639701299454,-1.85706451657422,0.0506694401244025,-1.09098855553444
2004,23527,"s7","m1",-0.423692752346002,-0.217637700747825,-2.26035138477604,0.19640558208768,-2.58739177631986
2005,23528,"s7","m1",-0.469894502511241,-0.19767696426921,-1.27331636772129,0.249697537090634,-2.90788457209367
2006,23530,"s7","m1",-0.46716650287601,-0.190693122287232,-1.93306038399841,0.0211450162740703,-2.06428818889851
2007,23552,"s7","m1",-0.38605498630567,-0.167474604916121,-1.85511955532428,0.122829568863405,-2.32554826761654
2008,23564,"s7","m1",-0.466948281975208,-0.216713050571994,-1.57628037666739,0.131673293636716,-1.68055179144824
2009,23573,"s7","m1",-0.51571267363539,-0.255154887447338,-1.91228744177934,0.0585209888833465,-1.04204648540465
2010,23584,"s7","m1",-0.458297579710249,-0.161781944019878,-2.10331787332934,0.185884152326278,-2.18278067269605
2011,23593,"s7","m1",-0.547954635939906,-0.253666210434256,-2.32635478016439,-0.00797783670425388,-1.50312882421318
2012,23596,"s7","m1",-0.466897501352739,-0.200363250484024,-2.10432528931734,0.148412611996364,-2.38887748725308
2013,23610,"s7","m1",-0.496936821335301,-0.221291209901673,-1.59325257077968,0.031223238715102,-1.82117757283419
2014,23611,"s7","m1",-0.473245248350621,-0.247759044661217,-1.51396431296549,0.166075388542819,-1.94521134448965
2015,23628,"s7","m1",-0.404586905589514,-0.251989172704029,-1.83303767740707,0.225554427851755,-2.02870538254904
2016,23635,"s7","m1",-0.448461399659484,-0.141128303675462,-1.63421362779944,0.201976158162472,-2.33947159626161
2017,23646,"s7","m1",-0.416018011481622,-0.194621028355537,-1.48279698686986,0.239323743265431,-1.54483903459584
2018,23678,"s7","m1",-0.484358664017643,-0.14605346310226,-1.46036047333901,0.0823397451940046,-1.64756764148677
2019,23682,"s7","m1",-0.440087080554354,-0.17787608676853,-2.24882784338427,0.107214239219662,-2.6913108775211
2020,23684,"s7","m1",-0.494729521578582,-0.222640116902845,-1.62178343597445,0.134332068363425,-1.25828216035756
2021,23685,"s7","m1",-0.396019617495591,-0.229770697352483,-1.85220981381135,0.191969563308724,-1.11404132415872
2022,23696,"s7","m1",-0.423441985044218,-0.229938116530883,-1.37599980269594,0.166369081987624,-1.4545082556636
2023,23699,"s7","m1",-0.479695512131208,-0.213889748189098,-1.5652708963836,0.11348263210531,-1.56843346743382
2024,23723,"s7","m1",-0.448830325681051,-0.182098279034791,-1.65704726682069,0.154699983677406,-2.17403429889784
2025,23724,"s7","m1",-0.4859220240223,-0.242656891986673,-1.89329354328509,0.108700894333412,-2.8631348549934
2026,23741,"s7","m1",-0.458860783310623,-0.24637488121419,-2.14088284377353,0.096113071319493,-1.68424239843231
2027,23748,"s7","m1",-0.513218011980053,-0.206994151596304,-1.91918150421092,0.13573063870817,-1.95310713544294
2028,23759,"s7","m1",-0.446012325143904,-0.16198936866501,-2.09735660957245,0.113932862421337,-2.45225952904543
2029,23768,"s7","m1",-0.468479633421494,-0.263293794448472,-2.01375359503754,0.092546281439312,-2.40046974940884
2030,23785,"s7","m1",-0.436592911387851,-0.242370160114385,-2.07629283540735,0.0156243656781566,-2.63792764374567
2031,23806,"s7","m1",-0.465363789341882,-0.200944425311767,-2.42676276763474,0.0761964661388003,-2.34766408258191
2032,23828,"s7","m1",-0.374109971903982,-0.17188088882606,-1.5160685076834,0.247891971354414,-2.15474266157978
2033,23850,"s7","m1",-0.454235570610965,-0.234910825004712,-1.36132336884434,0.0963368973683687,-2.31770412078624
2034,23861,"s7","m1",-0.422300749084615,-0.210379001171472,-1.83821537734869,0.0680572962366572,-2.96336715725016
2035,23899,"s7","m1",-0.433493899798827,-0.25964122593565,-1.77703349768899,0.0367093958062718,-1.59334106159778
2036,23901,"s7","m1",-0.45336243086155,-0.235588748018826,-1.60518510959183,0.115311022277844,-1.21103204768156
2037,23908,"s7","m1",-0.517853862656967,-0.213172393676189,-1.5751945924754,0.04507869575189,-0.95514199541759
2038,23924,"s7","m1",-0.356038753362393,-0.217144742233776,-1.44588494691832,0.152383545673422,-2.06617887810593
2039,23927,"s7","m1",-0.399901282987895,-0.210572389982122,-1.96980069524517,0.0932145013027861,-1.85269940763322
2040,23928,"s7","m1",-0.4063152771662,-0.162561772029122,-1.65887112285149,0.278889294829754,-1.95631070270515
2041,23935,"s7","m1",-0.4645385525326,-0.208492036627869,-2.31095143516691,0.199151866396759,-1.26286898927348
2042,23943,"s7","m1",-0.492972299281008,-0.246153116717298,-2.39795345254036,-0.00135011090039103,-0.993228363515738
2043,23944,"s7","m1",-0.385705199723584,-0.211462454319352,-1.66876768262572,0.0782775223101947,-2.58846436352259
2044,23956,"s7","m1",-0.422783081903563,-0.242410333694241,-1.75309806724777,0.146131543806388,-2.34494871332804
2045,23980,"s7","m1",-0.40941270747184,-0.1764304214793,-1.34859280322636,0.146770560839947,-3.06112373692981
2046,23985,"s7","m1",-0.425077675122645,-0.16299142202662,-1.93399974967467,0.171096983256734,-2.37453719980101
2047,23994,"s7","m1",-0.521974177382816,-0.260790594615929,-1.86289021438011,0.129113088741015,-0.693094469314119
2048,23997,"s7","m1",-0.450871673482375,-0.210395362189802,-1.7666006895098,0.133483104331965,-1.68035630535317
