"draw","source_draw","id","assumed_model","alpha_0","alpha_1","nu_0","nu_1","tau"
1,2,"s1","m1",-0.607286453304134,-0.565507450930551,-0.700930817793379,0.89638961917921,-1.66439461446882
2,5,"s1","m1",-0.580437219693417,-0.57406070499538,-0.663804425382842,0.865484026015382,-2.6064346283206
3,15,"s1","m1",-0.627580568193854,-0.615482698514189,-1.26714505258681,0.777055129825112,-2.12387851588075
4,34,"s1","m1",-0.675828278341601,-0.56410412154799,-1.55867781051914,0.822914908403851,-3.30198465260778
5,54,"s1","m1",-0.69600789044835,-0.6789834344577,-1.53745818758205,0.740622358989329,-2.20620784067643
6,55,"s1","m1",-0.643814155235995,-0.64827363102525,-0.693236217652512,0.806363396835627,-2.07389435617862
7,81,"s1","m1",-0.65972794209137,-0.685315935109184,-1.04883711820668,0.752047863559286,-3.10985732967572
8,92,"s1","m1",-0.675418418736546,-0.611397129718746,-0.699058320253137,0.783568504880957,-2.87073778870267
9,102,"s1","m1",-0.591876060453346,-0.634499443139569,-0.425912423567128,0.807433519267763,-2.15648298879562
10,117,"s1","m1",-0.607271422313075,-0.650280800900129,-0.882797717362102,0.777165615238078,-3.17434955569615
11,120,"s1","m1",-0.693569060628921,-0.63123317201508,-0.758960138725955,0.858197275536066,-2.17472572740178
12,121,"s1","m1",-0.576850047544979,-0.63012122028851,-0.56956285154694,0.805616957796078,-3.15660610402025
13,127,"s1","m1",-0.670479941396866,-0.700564410773326,-1.32463614796586,0.745430029829695,-2.61560459494886
14,131,"s1","m1",-0.640775364421185,-0.66275739082043,-1.05338417974446,0.771843903042299,-1.59379150628498
15,156,"s1","m1",-0.6273813725264,-0.58748413386933,-0.961019291494059,0.791238110333636,-1.59703530897046
16,200,"s1","m1",-0.638268257544744,-0.712701737280258,-1.26755250635729,0.798666569600219,-2.48859720406984
17,201,"s1","m1",-0.665269565865583,-0.652862126574338,-1.47623628790853,0.798814980167773,-2.43929694690957
18,206,"s1","m1",-0.663246658731899,-0.643708070209355,-0.849181786919959,0.743146666294173,-2.33396001272539
19,222,"s1","m1",-0.731494848516658,-0.710357224491733,-0.808734118610822,0.643594080041142,-0.933371183836274
20,230,"s1","m1",-0.661133928172004,-0.638826896835792,-1.21509732035696,0.780955114953737,-1.79666557916037
21,233,"s1","m1",-0.642521857543263,-0.61709562779591,-0.790744642817038,0.882263854207906,-1.90992928253384
22,238,"s1","m1",-0.568956601695536,-0.659646338284294,-1.14917617239275,0.847292924985738,-2.97691983511857
23,248,"s1","m1",-0.646883458418922,-0.608581116618371,-1.38550740432801,0.863700070115892,-2.4947686510878
24,249,"s1","m1",-0.709686566883138,-0.576134246464332,-0.733978873587652,0.823039167413056,-1.25778341419064
25,266,"s1","m1",-0.689122861905054,-0.677166247281293,-1.13539007505621,0.73374685572644,-2.12939302126396
26,285,"s1","m1",-0.645283175174284,-0.601747519253394,-1.10750569923108,0.69907301373343,-2.0941469679232
27,288,"s1","m1",-0.675204827707733,-0.638403419016611,-1.50726704080615,0.786956808342534,-2.24949171049956
28,303,"s1","m1",-0.662473442122545,-0.617093200051171,-1.44237903741158,0.814541742576202,-2.13678760188833
29,327,"s1","m1",-0.632708474815919,-0.548624157436345,-0.834615702929495,0.852837142340636,-2.40571791000967
30,335,"s1","m1",-0.590007772181769,-0.624680677046611,-1.48006090444621,0.814045578614186,-2.36525320052608
31,343,"s1","m1",-0.654924917470931,-0.644350675851081,-0.994955967968611,0.8725818642532,-2.0999432240362
32,355,"s1","m1",-0.677720301004783,-0.681628661288713,-1.06555525539567,0.759478400007426,-1.94730311270749
33,365,"s1","m1",-0.58952259040299,-0.662793706444928,-0.538234258268004,0.713218003638767,-3.48268337072407
34,377,"s1","m1",-0.574217467858103,-0.58362873934205,-0.829505905168636,0.942435444930484,-2.29778463071514
35,388,"s1","m1",-0.631017738642663,-0.610701266630584,-0.675692377738299,0.814583658226224,-1.88025204162734
36,394,"s1","m1",-0.712266898044324,-0.691727599332834,-1.08526922894609,0.701361064236005,-1.29802117328434
37,406,"s1","m1",-0.699271925635191,-0.725294698931363,-1.39582156995621,0.632087266132821,-1.49701278674825
38,407,"s1","m1",-0.696584423106549,-0.636454953165328,-0.952899373190421,0.757363464573049,-1.06818993818481
39,408,"s1","m1",-0.6664505058124,-0.667963710445536,-0.97490260583704,0.769214796956309,-1.40061047714077
40,417,"s1","m1",-0.696144706288936,-0.616523343140838,-1.19047337426427,0.870764788355314,-1.35611209429762
41,421,"s1","m1",-0.628393291083357,-0.64558358373819,-0.554553117098434,0.834786620084245,-1.1012400053131
42,439,"s1","m1",-0.628397686331325,-0.642706552638398,-1.23616632308907,0.735052025213733,-2.37106472080506
43,445,"s1","m1",-0.643948820994429,-0.684025269046469,-1.32684893071023,0.781921867118336,-2.28413636596911
44,449,"s1","m1",-0.620311610861102,-0.687703496605226,-1.10504892054955,0.706874902601756,-2.62952233182927
45,451,"s1","m1",-0.643884410741417,-0.630837683378109,-1.21629352197295,0.847390139924706,-2.81482271826094
46,457,"s1","m1",-0.609083499806356,-0.668595374805789,-0.676350818158854,0.76531918499949,-2.19499758279151
47,490,"s1","m1",-0.62950521092326,-0.698749547213691,-0.913639533672354,0.789480130950133,-2.84944341932982
48,501,"s1","m1",-0.601711292536137,-0.580427718046717,-0.994655233420448,0.958967644284174,-3.01009722877108
49,506,"s1","m1",-0.678090450462034,-0.6350507310565,-1.0879018237602,0.679929954368186,-2.18293743077655
50,515,"s1","m1",-0.66049816481106,-0.668185477397113,-0.516356165120977,0.761832942994872,-2.05315018863479
51,547,"s1","m1",-0.654923290157728,-0.651005011148929,-1.23120300392678,0.747923658130229,-2.70992969920136
52,552,"s1","m1",-0.692011073242429,-0.660495370013004,-1.03311014415183,0.663511760743197,-1.97543290350412
53,562,"s1","m1",-0.630477858823739,-0.604420008224523,-1.1613654813701,0.713194407400175,-2.81714890561513
54,609,"s1","m1",-0.625915425769687,-0.559493190154534,-1.1251725509732,0.866173112858661,-1.54458468838751
55,618,"s1","m1",-0.639006714724906,-0.616427625761115,-1.2691133160572,0.79409564433962,-2.76142397734878
56,626,"s1","m1",-0.731522575894325,-0.662491175264618,-1.38341383775335,0.741273173578206,-1.81278160341416
57,636,"s1","m1",-0.620808290922652,-0.588008233824684,-1.30684145941285,0.844713323752255,-3.20049758737875
58,689,"s1","m1",-0.626155429922818,-0.617277919246227,-1.11184155429989,0.797707281572865,-2.91137640727837
59,717,"s1","m1",-0.626294710511072,-0.592423423167372,-0.74275566627816,0.794565940501717,-2.33449634491016
60,734,"s1","m1",-0.652949443204794,-0.667662064408203,-0.907016136781556,0.7302280741881,-3.60858245986935
61,750,"s1","m1",-0.596349823401335,-0.570802907097719,-1.05604276889583,0.901842138919297,-3.23158592500517
62,751,"s1","m1",-0.667219261400888,-0.649135549832616,-1.24976288034304,0.731463381197213,-2.46146494139203
63,752,"s1","m1",-0.690868360437094,-0.686796402688867,-1.43585454651833,0.809909022382666,-1.86294703531669
64,759,"s1","m1",-0.610192186227671,-0.54550321487796,-0.629905175846554,0.852868475676093,-3.1175440404599
65,767,"s1","m1",-0.702738704385975,-0.597312937755013,-0.705326673338016,0.77086364759124,-3.05774603756483
66,777,"s1","m1",-0.692158717341457,-0.72202467678336,-0.879456342250786,0.564236220904838,-1.20104521947536
67,780,"s1","m1",-0.615815187826817,-0.567500000231473,-0.834401996143932,0.823180828426229,-3.24640827850177
68,783,"s1","m1",-0.665506505172351,-0.664001240776632,-0.843021576478516,0.6987096202257,-1.7149453370654
69,811,"s1","m1",-0.644707750182934,-0.603550057438337,-0.37739857172037,0.823661867544124,-2.0367364308902
70,817,"s1","m1",-0.633664451262168,-0.641043619727711,-0.919294047407553,0.822973553803033,-1.89580695748088
71,819,"s1","m1",-0.662918506258181,-0.670071125915992,-0.708630994412649,0.774434366589497,-1.59823415367203
72,827,"s1","m1",-0.672009112412589,-0.653311060540327,-0.997282390647036,0.798343253249812,-2.19376635584896
73,834,"s1","m1",-0.747694343672603,-0.706370380900622,-1.45018802697146,0.673758224198178,-2.53853013962776
74,841,"s1","m1",-0.6320678900868,-0.571577545099357,-0.556481163743788,0.882922257514113,-1.92457921299273
75,853,"s1","m1",-0.660522644640507,-0.583110502160248,-0.701914144720473,0.894277506991501,-2.43136022477685
76,867,"s1","m1",-0.622962502751985,-0.588596327272993,-1.31121597045458,0.830320888998506,-2.13017038630069
77,878,"s1","m1",-0.668539530957968,-0.628601464258052,-0.903387706236988,0.735052227554008,-2.25210804784214
78,886,"s1","m1",-0.623997838241172,-0.593993749344389,-0.627754843649256,0.828916662917486,-2.01485365538837
79,894,"s1","m1",-0.604909568294777,-0.644583067654158,-0.813421186767235,0.766791816033404,-2.28473775487432
80,905,"s1","m1",-0.774156641840538,-0.680968508959036,-1.29944423181003,0.653651666859588,-1.52376543604618
81,924,"s1","m1",-0.654536412748472,-0.682483364742577,-0.834904957489867,0.786284489461699,-2.39336111603237
82,938,"s1","m1",-0.645511374804977,-0.603362237299004,-1.23127023151673,0.94845183467658,-2.11442909371648
83,947,"s1","m1",-0.686006985336812,-0.647439632176894,-1.09781142117851,0.692855515545405,-2.6063199828752
84,955,"s1","m1",-0.691509160308743,-0.639372086510039,-0.655111039020973,0.735881478950365,-1.53675129149109
85,956,"s1","m1",-0.622310082447697,-0.62669438623335,-1.54447088575942,0.84732177756372,-2.18179963764098
86,962,"s1","m1",-0.649137673621341,-0.614827675634667,-1.57148751248534,0.859628749728347,-1.65291089120185
87,979,"s1","m1",-0.572907444069424,-0.566843272177263,-0.850444065110816,0.906727119653917,-2.85952232286328
88,1004,"s1","m1",-0.686577937012202,-0.658421799263209,-0.974019136497289,0.769393885941653,-1.93423942340737
89,1030,"s1","m1",-0.639970472409772,-0.570813457820325,-1.07286382348312,0.804524324524068,-2.47747039436412
90,1047,"s1","m1",-0.688114281234512,-0.706559589781258,-1.47290289231674,0.688944375204837,-1.82924922612401
91,1067,"s1","m1",-0.691695789454609,-0.705177710066022,-0.915123909377193,0.688267715487828,-1.69584810492374
92,1072,"s1","m1",-0.660340601283076,-0.682356849077033,-0.971324819466364,0.680185218739536,-2.2031507289198
93,1079,"s1","m1",-0.641551119457729,-0.581454375379885,-0.897404018286347,0.89259191621397,-2.3511215847312
94,1080,"s1","m1",-0.641179503624179,-0.655783220098364,-1.11146702589015,0.817333829697399,-1.74800038866528
95,1084,"s1","m1",-0.640779694327952,-0.62762153743699,-1.14526076333912,0.815683561039708,-1.50980647430998
96,1109,"s1","m1",-0.581871558031595,-0.609115185714412,-0.946796976386889,0.862947362091631,-3.08310713423148
97,1119,"s1","m1",-0.633653203220118,-0.635796425677871,-1.16588593105576,0.766858348030217,-2.24516307018426
98,1122,"s1","m1",-0.623840430552517,-0.622019719533238,-0.896085300492218,0.887238949240301,-3.08646431644528
99,1136,"s1","m1",-0.655635027110339,-0.582235618613383,-0.695614396517756,0.799975622883247,-2.76531571804525
100,1150,"s1","m1",-0.628502943352216,-0.620651526715748,-0.995791840232861,0.854690998685549,-3.10639842809169
101,1164,"s1","m1",-0.633246637088082,-0.666430801264643,-0.651795517006523,0.743006840951639,-2.02067848793055
102,1166,"s1","m1",-0.648439298795737,-0.588391107608402,-0.981662179500858,0.777356570235795,-1.84178991672087
103,1191,"s1","m1",-0.67838765703165,-0.61683569014229,-0.810636965808659,0.770858580833576,-2.43718769099819
104,1212,"s1","m1",-0.658816232266973,-0.57818580481215,-0.905631946182861,0.843934744837709,-2.12213338181779
105,1215,"s1","m1",-0.647256798651872,-0.64865471561528,-1.00042705875012,0.881530930152557,-2.06778032947983
106,1221,"s1","m1",-0.664366880385787,-0.628535781251213,-1.31046435254053,0.812909832709649,-2.27577597716793
107,1222,"s1","m1",-0.594225457443125,-0.696628681159549,-1.15231610259712,0.768521192607443,-2.37017009758075
108,1223,"s1","m1",-0.683074028679425,-0.62572456341523,-1.0309100472639,0.789984969016903,-2.01957671472106
109,1226,"s1","m1",-0.654438606159576,-0.631464425596723,-1.09790798223214,0.766266500665688,-2.84721882356527
110,1255,"s1","m1",-0.695178978442264,-0.591482920480741,-0.618193941455148,0.661079754577407,-1.88422784730895
111,1279,"s1","m1",-0.6190066795591,-0.616321462554978,-0.917297766617941,0.887186541610662,-2.18522467322718
112,1284,"s1","m1",-0.545832059757023,-0.629582911773246,-1.64454754472943,0.856663649486579,-2.82634555390204
113,1285,"s1","m1",-0.601304788271757,-0.636087407131372,-0.683851591716276,0.867738582931261,-2.78957389459898
114,1310,"s1","m1",-0.744313206187354,-0.649761229536026,-1.18845009456828,0.70544834236489,-2.0975022490606
115,1329,"s1","m1",-0.651624555453258,-0.677163482304018,-0.976018823289347,0.80735402553771,-2.16695562653598
116,1330,"s1","m1",-0.629467229868116,-0.640230333707509,-0.792428844841318,0.714175481317595,-1.74632917164548
117,1342,"s1","m1",-0.625460453996766,-0.636371544210821,-0.967564043925721,0.703026348080396,-2.27822862025166
118,1345,"s1","m1",-0.638716543485544,-0.67661916404422,-1.45187035582479,0.84822568674405,-3.427005528663
119,1346,"s1","m1",-0.653618899015151,-0.616719798540826,-1.14071564837469,0.850500977629769,-2.12401839397769
120,1348,"s1","m1",-0.583673259941324,-0.649041443407572,-0.842367075933198,0.789651348416989,-1.82663179657134
121,1367,"s1","m1",-0.690376830028833,-0.653659943650177,-0.514830261487241,0.644988482575457,-2.56124003999499
122,1381,"s1","m1",-0.677505530927203,-0.633895209340478,-1.00396907278312,0.712485662885984,-1.97068920870519
123,1393,"s1","m1",-0.694298795571424,-0.680176658464809,-1.24899183019222,0.788647843918646,-2.03870901006451
124,1409,"s1","m1",-0.688421097760206,-0.709311942603481,-1.17909680872679,0.711297886943152,-1.83872068698949
125,1410,"s1","m1",-0.573627672800176,-0.674336049627077,-0.784855576228885,0.738885559724176,-2.79516706424253
126,1437,"s1","m1",-0.68036301414661,-0.660372000143915,-0.755445918783024,0.756206273254588,-2.33531807087
127,1442,"s1","m1",-0.676647681621348,-0.642881486727463,-1.03277977489956,0.721824596688874,-2.51331844878117
128,1446,"s1","m1",-0.628758896121703,-0.607027726419197,-1.0320129413976,0.783468641425311,-2.73834372473493
129,1456,"s1","m1",-0.663642911401609,-0.677318752199586,-0.972296930198824,0.690344927925233,-2.13264530208129
130,1487,"s1","m1",-0.665995074670409,-0.678691239486013,-0.802014502551244,0.756642965798164,-2.03376801434049
131,1501,"s1","m1",-0.70383058873523,-0.680421528421834,-1.12932578561523,0.714870062043772,-1.62528671993091
132,1568,"s1","m1",-0.624690779893623,-0.553995423210624,-0.717568262101565,0.768946237235947,-2.81562605665329
133,1574,"s1","m1",-0.640798189786201,-0.63335737144275,-0.877535674109934,0.868390257126125,-1.75193310050827
134,1578,"s1","m1",-0.625969863481361,-0.666079730730005,-0.756295848095941,0.759512183576781,-2.76505718163985
135,1590,"s1","m1",-0.664556258313368,-0.634166602748493,-1.08347713109283,0.675307416012941,-2.60310399362505
136,1598,"s1","m1",-0.607145604586213,-0.633895982377105,-1.36697441645645,0.787627168779189,-1.72435530739101
137,1608,"s1","m1",-0.621277360408831,-0.585186551763215,-0.884745968900002,0.794984752350865,-1.82324146136925
138,1609,"s1","m1",-0.656305812892753,-0.635548666853234,-1.14158205054761,0.696309128125993,-2.12972636092648
139,1612,"s1","m1",-0.607962461760788,-0.641238718140553,-0.948209008252714,0.811975771870014,-2.1020164150841
140,1613,"s1","m1",-0.659728122876678,-0.709450909251911,-0.670564492644523,0.724871512719172,-2.54667430652003
141,1618,"s1","m1",-0.621409534562004,-0.717119839085933,-1.24837409925821,0.81062821519143,-1.92862898714382
142,1621,"s1","m1",-0.659442991160067,-0.643022996567944,-1.06288266639652,0.754302292620932,-1.571919017072
143,1645,"s1","m1",-0.651234585176666,-0.63509331013139,-1.1042683604553,0.793778480920686,-2.00590004552508
144,1665,"s1","m1",-0.713542159973885,-0.61869685426177,-1.57799686974803,0.729697174172878,-1.61964943109692
145,1684,"s1","m1",-0.659472025814378,-0.701569439100301,-0.997233794177425,0.739137248821904,-1.54345328989686
146,1685,"s1","m1",-0.656901449217908,-0.600632364516858,-1.38369691212667,0.784036978516665,-2.54051527613013
147,1690,"s1","m1",-0.632288226470668,-0.637650178685951,-0.857648819579946,0.851633717916596,-2.2314575871184
148,1700,"s1","m1",-0.647238655194356,-0.63822723441611,-1.0696884923064,0.806174853921827,-2.37050596323631
149,1733,"s1","m1",-0.59830005047142,-0.650640159683346,-0.578707362743864,0.789045810199938,-1.72779164587924
150,1735,"s1","m1",-0.686731108780902,-0.624413772803983,-0.682763850327353,0.75049394933647,-1.39854191805021
151,1737,"s1","m1",-0.64063855854021,-0.63222399636231,-1.11311385830164,0.76725326012707,-2.3648638292053
152,1747,"s1","m1",-0.701602285716258,-0.568923500425386,-0.600929571530165,0.773135332286626,-1.8564802435179
153,1760,"s1","m1",-0.559884935468904,-0.604647468592133,-0.809243003411077,0.806434437461744,-1.72275336797894
154,1762,"s1","m1",-0.660316797285741,-0.657176351526955,-0.86756257527465,0.77868094386511,-2.74297083442387
155,1773,"s1","m1",-0.634333858407766,-0.646907584770217,-0.956349392872846,0.766785381549613,-2.25666132600381
156,1785,"s1","m1",-0.650652756083985,-0.610465901382249,-0.946933953260936,0.85923912514962,-2.45411638893095
157,1802,"s1","m1",-0.657093488286884,-0.62686279357617,-1.08614637694919,0.832249789341647,-1.80087688078371
158,1804,"s1","m1",-0.611402394756943,-0.686158552926554,-0.878988307445569,0.687271612101641,-3.65567878210509
159,1807,"s1","m1",-0.688876853024016,-0.658334272032717,-0.870816687000275,0.736134135618501,-1.47157831824059
160,1824,"s1","m1",-0.687665546851898,-0.740550676623878,-0.840449258967678,0.751229729226667,-2.07275925986221
161,1826,"s1","m1",-0.648101226223674,-0.633451806445952,-0.831415600584677,0.871400054741613,-2.16891293765592
162,1835,"s1","m1",-0.632465635534551,-0.589373495638103,-0.861076822559342,0.837059579648782,-2.63955704254304
163,1850,"s1","m1",-0.643170033691541,-0.620662897176497,-1.27118151856754,0.793788724764426,-2.45332934704576
164,1862,"s1","m1",-0.689592918382062,-0.648989452963045,-0.938915295731468,0.721302859246718,-1.55793147510119
165,1872,"s1","m1",-0.648609019398034,-0.708404471562936,-0.891228712897649,0.836580654817935,-1.70659021697885
166,1873,"s1","m1",-0.675498853482136,-0.61997887236755,-0.738265326373846,0.776208666208617,-2.62487404576505
167,1874,"s1","m1",-0.69395226115169,-0.701940314199586,-0.788029643546195,0.773402334003432,-2.05339954043959
168,1875,"s1","m1",-0.654901088969994,-0.634164089481455,-0.922056696430378,0.777535512334314,-2.80142718286888
169,1882,"s1","m1",-0.572880128122487,-0.544789551681197,-0.749695421131776,0.839058675238396,-3.2182355687256
170,1905,"s1","m1",-0.649040456252737,-0.627813619109093,-1.08197763824521,0.825935455555948,-1.96757283745344
171,1910,"s1","m1",-0.618557883681639,-0.550848878879367,-0.800112847490374,0.866523942709082,-2.47930135703214
172,1919,"s1","m1",-0.615798969758024,-0.604524717462707,-0.997401575941442,0.864719289348702,-1.31659000012154
173,1922,"s1","m1",-0.693528025145075,-0.64144168197232,-0.878691140628287,0.773674097036177,-1.56985724045415
174,1928,"s1","m1",-0.643855952964264,-0.585412902236546,-0.94270881636938,0.774233112715992,-3.00355817117089
175,1934,"s1","m1",-0.671914510102543,-0.647533706848461,-1.40605397915925,0.809389799020798,-1.72077981789962
176,1941,"s1","m1",-0.680512569405852,-0.607347973140539,-1.19657635431427,0.705071414027942,-2.26206480134262
177,1960,"s1","m1",-0.594136087107068,-0.659349413943014,-0.951178557252286,0.913297673790034,-4.05895548827012
178,1979,"s1","m1",-0.65787396560203,-0.621277245301064,-1.06563482958397,0.847685157665129,-1.23763514999965
179,1986,"s1","m1",-0.715706428218627,-0.660977203345714,-1.02008178638521,0.700714118800303,-1.91153407926776
180,1991,"s1","m1",-0.613720141584361,-0.672078675754697,-0.643459734157665,0.718633456235351,-2.02652716274568
181,2010,"s1","m1",-0.657724885975734,-0.64476353423463,-1.19584191143444,0.738231972011425,-1.19968206029371
182,2011,"s1","m1",-0.627998098363533,-0.627416499773577,-0.375562824135111,0.821621573113604,-2.19589328157569
183,2025,"s1","m1",-0.661752485436493,-0.655903437749773,-1.17349255763712,0.833081096559178,-1.85059140986008
184,2071,"s1","m1",-0.678261234820886,-0.60150945300391,-0.893766417457501,0.727943644471688,-3.77868125273009
185,2081,"s1","m1",-0.606342547914469,-0.589781611046975,-0.757261724228518,0.834083053435099,-2.96468882366917
186,2083,"s1","m1",-0.639020379164775,-0.600872845568127,-1.23617857071151,0.896016854179081,-3.71354234713974
187,2089,"s1","m1",-0.680433162860201,-0.681645568460144,-1.01747746627393,0.612172892903446,-2.02129373082841
188,2107,"s1","m1",-0.69545554524306,-0.652609056825934,-0.980570280387775,0.784500944189288,-1.48592852876634
189,2113,"s1","m1",-0.59353833094588,-0.601969266915094,-1.12696043326848,0.799681915156976,-3.42571978361021
190,2140,"s1","m1",-0.686598114875865,-0.766543002175692,-0.913150213936265,0.51291403300206,-1.3244839257356
191,2149,"s1","m1",-0.686242329230321,-0.592413321715749,-0.864620749596843,0.701500761560085,-2.19683259232653
192,2160,"s1","m1",-0.63540826922009,-0.646431408465431,-0.942120207433317,0.740405959049392,-1.8529701430181
193,2161,"s1","m1",-0.67303989191289,-0.632862157781327,-0.923385553462455,0.794477430160004,-1.51575705224297
194,2234,"s1","m1",-0.705617832626482,-0.665403260699775,-0.845230733340377,0.8198402756865,-2.81399623042432
195,2244,"s1","m1",-0.61625724304783,-0.631057621234146,-0.959111697002981,0.860656018895896,-2.22873067916994
196,2252,"s1","m1",-0.654435241847462,-0.645759969117557,-1.00145992878621,0.777187364464692,-2.10015983698221
197,2256,"s1","m1",-0.596031773767742,-0.644432742289797,-1.14710514117647,0.774981539554043,-1.99241394711777
198,2259,"s1","m1",-0.69616189703009,-0.693731582738514,-1.43283815788322,0.76214354969349,-1.65633562330397
199,2271,"s1","m1",-0.610268593113592,-0.599056582820326,-0.628546874622627,0.842488631665318,-2.25354324580728
200,2274,"s1","m1",-0.624614849805666,-0.616312712970928,-0.764624350300467,0.792065888436875,-2.4725921237276
201,2282,"s1","m1",-0.615280196215397,-0.598493050998749,-1.09526485441517,0.754182356158739,-3.59150929369972
202,2297,"s1","m1",-0.639921588551564,-0.651182581214673,-0.984357793097605,0.811282794961878,-1.42048122038146
203,2298,"s1","m1",-0.670792997484749,-0.660230039711679,-0.837853908298223,0.772592566653868,-2.45010582076534
204,2342,"s1","m1",-0.648034741796683,-0.628397272405705,-1.19718011099143,0.817333427077112,-2.38943058439316
205,2377,"s1","m1",-0.594171287779977,-0.662780797454326,-1.48636222749135,0.8441774480165,-2.49289162131626
206,2446,"s1","m1",-0.676430240058031,-0.69850740023251,-1.6879126179491,0.674711661763065,-3.01919461616368
207,2447,"s1","m1",-0.66341175049335,-0.554710822999075,-0.950101059176416,0.820413534775873,-1.82912017020653
208,2449,"s1","m1",-0.6886292389435,-0.635513266678827,-0.905095990545043,0.802549001670527,-1.90646610755965
209,2451,"s1","m1",-0.609167648020163,-0.620875203369561,-0.767179327665456,0.815963514505606,-1.5702439413523
210,2452,"s1","m1",-0.659904266658696,-0.593652842760689,-0.94333013687877,0.782675639369394,-2.20778593472233
211,2454,"s1","m1",-0.639527479299268,-0.653905791615827,-1.0478237074748,0.769209650753577,-1.85952588068328
212,2459,"s1","m1",-0.609245110846446,-0.611502894664543,-0.898388514219708,0.847147453025446,-2.4882432735599
213,2465,"s1","m1",-0.667593436963509,-0.610178956610453,-1.27473791402239,0.857029474026061,-1.90245332181333
214,2468,"s1","m1",-0.660739498888547,-0.621166712002572,-1.05486984575756,0.801954935054735,-2.16472127429689
215,2482,"s1","m1",-0.617064967677611,-0.574746728756618,-0.939072942452707,0.759624480807596,-2.75351176547931
216,2485,"s1","m1",-0.665969115087583,-0.639489708883816,-0.888456707042949,0.789271703894645,-2.38256411868814
217,2528,"s1","m1",-0.649631418159531,-0.65708415628502,-0.87125264034961,0.767402314511907,-2.75179788180808
218,2529,"s1","m1",-0.613074412575674,-0.617829097976335,-0.958778126813222,0.803897652451965,-2.4115938469331
219,2534,"s1","m1",-0.638607144330568,-0.662825170949215,-1.11103018053697,0.812960360835078,-2.67012840495959
220,2558,"s1","m1",-0.625232254312867,-0.606819228116341,-0.671755215093189,0.746606549643839,-2.18393626023135
221,2570,"s1","m1",-0.691050603256247,-0.657169996045778,-1.16599962353251,0.81108379464655,-1.56213599430703
222,2575,"s1","m1",-0.568248202403341,-0.633937441921673,-0.673212348306492,0.751383102968509,-2.06431726696741
223,2584,"s1","m1",-0.669988343976753,-0.606841569616824,-1.13369411220232,0.803758923591554,-2.83530143444571
224,2593,"s1","m1",-0.627474396379926,-0.616700816419908,-1.34287824633435,0.84993562206117,-2.21526717027511
225,2594,"s1","m1",-0.672601899397983,-0.601250684659018,-1.34911919951562,0.745506369035311,-2.73823535279373
226,2603,"s1","m1",-0.627780221058202,-0.67158204974397,-0.833275987473206,0.876094096076255,-1.61701278898713
227,2627,"s1","m1",-0.643174337912977,-0.602417407698506,-1.27786061920879,0.646635128597997,-2.56257414448058
228,2631,"s1","m1",-0.657330457283496,-0.63910792826007,-0.810011965367778,0.84951409842157,-2.45107899902244
229,2642,"s1","m1",-0.649888683222437,-0.665705669466417,-1.00206110729654,0.881246175649986,-2.93132981348172
230,2662,"s1","m1",-0.655737664658684,-0.707048853088339,-0.784885822083456,0.818799970525236,-0.94158022057462
231,2663,"s1","m1",-0.674541510334729,-0.640261080427034,-0.950087920712961,0.765985115801043,-1.12140924814314
232,2671,"s1","m1",-0.677914696652596,-0.677936098965629,-0.999067972319643,0.70901199515678,-2.27310894872615
233,2672,"s1","m1",-0.578884137983838,-0.555754086781914,-0.703169068270387,0.94806584065407,-2.43758234287588
234,2673,"s1","m1",-0.584743076558882,-0.585057400723996,-0.91546429828434,0.902131402814002,-2.46449971155688
235,2675,"s1","m1",-0.621416813278043,-0.632368087669767,-0.574395237624711,0.86241180099287,-2.2536393653969
236,2680,"s1","m1",-0.691953035773996,-0.635354376231401,-1.23570231735815,0.771725061455595,-2.10319868025635
237,2724,"s1","m1",-0.629974443578937,-0.644416182899458,-1.26993605563939,0.853896210390595,-2.75194742869586
238,2743,"s1","m1",-0.63944845360271,-0.601639341845588,-0.723685885869821,0.767785675085152,-2.30440476446424
239,2750,"s1","m1",-0.664071582318989,-0.618785373984477,-0.806713392654533,0.79096603896011,-1.80603135684563
240,2760,"s1","m1",-0.563390779225306,-0.652305195206066,-1.02631952247541,0.771976119125759,-3.36785529858333
241,2778,"s1","m1",-0.629609326541793,-0.613959752677302,-1.39602772593281,0.821284487620511,-2.70885582441305
242,2787,"s1","m1",-0.752137947889515,-0.726409041773404,-1.05628501471413,0.771802899690236,-1.77738907789502
243,2799,"s1","m1",-0.629895751036631,-0.609207196640078,-0.614061695312041,0.805244887023887,-2.05878418080394
244,2800,"s1","m1",-0.618757065711156,-0.643901707602454,-0.882177266957939,0.848136626667298,-2.68901531352893
245,2805,"s1","m1",-0.67737741096681,-0.630187870514321,-1.24872593874001,0.670582313243116,-1.63247375905209
246,2826,"s1","m1",-0.637342704923107,-0.653644965898636,-0.905373016579986,0.791452227866268,-2.28151929048772
247,2850,"s1","m1",-0.65941305519375,-0.68797676408541,-1.47988899327594,0.780153243683062,-2.00659192603694
248,2853,"s1","m1",-0.676721884772638,-0.649287131082579,-0.678284278619474,0.766059165128942,-1.89957636801763
249,2874,"s1","m1",-0.617797093312272,-0.646157445719904,-1.2098771817839,0.847820325915815,-3.45025697995917
250,2886,"s1","m1",-0.665691955488732,-0.654581212742274,-0.789757551380799,0.867882662375292,-2.09516586585981
251,2897,"s1","m1",-0.605945338316542,-0.601820960414024,-0.733207866888002,0.898133810103632,-1.72962314399755
252,2904,"s1","m1",-0.654028945039996,-0.639365238020497,-1.39138550537763,0.688894634771547,-2.65773725514326
253,2927,"s1","m1",-0.58277686233237,-0.622651625239713,-1.28808815939182,0.85922613771709,-2.28623794305689
254,2939,"s1","m1",-0.684969146953771,-0.650425525685792,-1.23690438768276,0.78650074122648,-2.10537684833991
255,2942,"s1","m1",-0.602985898666417,-0.625937571750156,-1.22150397924307,0.75633787372025,-2.83581937621207
256,2959,"s1","m1",-0.670506792213844,-0.66975227875167,-1.31373268443006,0.71224960238985,-2.19262618717082
257,2978,"s1","m1",-0.678560326695244,-0.691869529335175,-1.05836763212316,0.755384708168938,-2.1172507148649
258,2981,"s1","m1",-0.64823800623221,-0.65813176094859,-1.38119669047185,0.812062092145988,-2.11700407579563
259,2986,"s1","m1",-0.65686359130337,-0.622161869122547,-1.02931738112816,0.868259349328877,-2.88303779877881
260,2994,"s1","m1",-0.63535585528524,-0.626913830029512,-0.613937807941455,0.84988386775777,-2.17332449007605
261,3001,"s1","m1",-0.590718564516096,-0.58576330437694,-0.607920278523961,0.832076114574734,-2.50037994823593
262,3002,"s1","m1",-0.691227033964637,-0.584087788218473,-0.783154692067571,0.719108285060905,-2.9177866424805
263,3004,"s1","m1",-0.623149523815367,-0.63572599331326,-0.965230219814384,0.876840743791868,-2.65612787858827
264,3007,"s1","m1",-0.600902709220586,-0.622107120962058,-0.450483734391693,0.844856611087033,-2.17448400318349
265,3018,"s1","m1",-0.675838007241316,-0.682046380708047,-0.865217666457669,0.798019959316254,-2.01869564268509
266,3022,"s1","m1",-0.693916835998167,-0.659934159041579,-1.01442693000427,0.804521374400882,-1.85479548564411
267,3046,"s1","m1",-0.657006253213829,-0.63003439812823,-1.19615975502841,0.800555948426369,-2.13872930998086
268,3065,"s1","m1",-0.632705701154156,-0.587800139932333,-0.827579330908253,0.864705716997934,-2.68094778683905
269,3078,"s1","m1",-0.690508053499205,-0.687134788895124,-1.31706472151794,0.732780785226581,-2.05992354611715
270,3084,"s1","m1",-0.688220005202996,-0.692819359885419,-0.814191990396528,0.680576072647954,-2.92730556352497
271,3093,"s1","m1",-0.655547725676258,-0.607666847185,-1.16663858972049,0.753643292005207,-3.23195522476729
272,3098,"s1","m1",-0.668265339952648,-0.647851650735709,-0.792874160189683,0.781201794777494,-1.70675679429828
273,3099,"s1","m1",-0.645468559450453,-0.60816566441295,-0.941258942592553,0.798092093003058,-1.83544933702083
274,3120,"s1","m1",-0.66756014135721,-0.641293194272694,-0.609172427387148,0.775542626898937,-2.14247831181507
275,3132,"s1","m1",-0.681150336622432,-0.646315127060661,-0.677119764115221,0.813512807722717,-2.09422159399453
276,3147,"s1","m1",-0.647649183943979,-0.655150647533805,-1.18576279988698,0.797012156357094,-1.70802122486025
277,3160,"s1","m1",-0.625965299534934,-0.661265811855049,-0.419406948359392,0.741554904215218,-2.1252956197242
278,3172,"s1","m1",-0.673067382402928,-0.566418358682584,-1.09519331006872,0.809915157813557,-2.47805357188431
279,3177,"s1","m1",-0.648048587553927,-0.690658216408398,-1.06795015180529,0.886229291119738,-3.30926690453668
280,3190,"s1","m1",-0.697556708211685,-0.632337276498776,-0.750855392386357,0.821800067904028,-1.45201847466946
281,3194,"s1","m1",-0.67117958640678,-0.687517387683942,-1.05042259020081,0.802220763938969,-1.61703282349062
282,3215,"s1","m1",-0.663657973326636,-0.659323935788073,-1.28086737783067,0.701115471584298,-3.02583284863182
283,3247,"s1","m1",-0.74472158491043,-0.623207601033742,-1.21400325800588,0.730437174370612,-1.9847530800238
284,3265,"s1","m1",-0.672082701968811,-0.70585296404395,-0.731373336757007,0.698313336757435,-1.63683892512609
285,3302,"s1","m1",-0.635351030893476,-0.653561935184131,-1.07911478895207,0.766339558074906,-3.46666125788268
286,3315,"s1","m1",-0.662276118670551,-0.665249768021894,-0.93987945356386,0.691281669776721,-2.33379290323028
287,3316,"s1","m1",-0.663109554680423,-0.642933215157177,-1.21235912150496,0.80815998919748,-1.97354411472489
288,3320,"s1","m1",-0.662725860692709,-0.643541558058593,-1.05605499780523,0.815453479999878,-1.65607830673444
289,3325,"s1","m1",-0.62475725755106,-0.620492286933404,-0.95066472318684,0.881666968701082,-1.92060999249396
290,3327,"s1","m1",-0.61771343649512,-0.577550165521533,-0.659981136786845,0.91293958691421,-2.03375137911913
291,3335,"s1","m1",-0.606064671852489,-0.569176883436873,-0.787810025086291,0.886854791315507,-3.751140613195
292,3338,"s1","m1",-0.71283306491229,-0.668489818529668,-0.566664574394227,0.793163800445989,-1.58582004806388
293,3348,"s1","m1",-0.619856430053441,-0.5955710134459,-1.41189273750507,0.831944770448864,-2.6362751857204
294,3350,"s1","m1",-0.675872780480166,-0.626991696610647,-1.84830409458422,0.805121451339494,-3.41790866213708
295,3390,"s1","m1",-0.598128059547423,-0.569578241268084,-0.988549295087687,0.828899274149088,-2.70459884818224
296,3392,"s1","m1",-0.672989205084891,-0.692471682544076,-1.26227085803683,0.741147688812765,-2.6251579842533
297,3433,"s1","m1",-0.679716212045716,-0.719056781490007,-1.13433182192648,0.751481151756342,-1.14067420929093
298,3446,"s1","m1",-0.732538671469739,-0.682148555260865,-1.47689438456725,0.742838499811218,-1.50862226513894
299,3453,"s1","m1",-0.605675747335825,-0.665482496899771,-1.5359271917858,0.749198784493482,-1.66764289478503
300,3456,"s1","m1",-0.639462378559696,-0.632409370826284,-0.586940155953776,0.860667855678746,-3.72683473380104
301,3458,"s1","m1",-0.6654754195468,-0.642892359120164,-1.27352406615081,0.701829072413706,-1.94864544676411
302,3519,"s1","m1",-0.702262549031754,-0.571948473087349,-0.776885156057041,0.830054768657978,-2.18619669624656
303,3521,"s1","m1",-0.612938889114336,-0.678410389301866,-0.918524904698925,0.83289403325698,-2.7421957153139
304,3548,"s1","m1",-0.649080485639596,-0.608478469788936,-0.836934290547738,0.880111760231933,-3.15139051023569
305,3583,"s1","m1",-0.652743102487578,-0.486666022405307,-1.15917388357029,0.935119334908855,-2.29020257781259
306,3590,"s1","m1",-0.651050796288716,-0.642016038633814,-0.809638207895493,0.721228992208631,-2.16203334512668
307,3591,"s1","m1",-0.630059951360288,-0.698060516109584,-0.766186341726536,0.78447017363936,-2.54568771635985
308,3610,"s1","m1",-0.712670934909836,-0.68280507931712,-1.47561778387309,0.616332584844818,-1.64189209141596
309,3619,"s1","m1",-0.690137843426485,-0.566980785476545,-0.556668396996372,0.766505483818849,-2.96960846734107
310,3650,"s1","m1",-0.633712792941733,-0.633761706411135,-0.832376922663391,0.833288566194621,-1.3750096167067
311,3656,"s1","m1",-0.660102321511036,-0.610888505382537,-0.982834961647756,0.892514143955197,-2.41830888937392
312,3674,"s1","m1",-0.663380908732433,-0.583067343245094,-0.41597807406707,0.753715664174747,-2.9395753419303
313,3690,"s1","m1",-0.595574358532456,-0.603814305025351,-1.16941933342535,0.98149193301775,-2.47026658361737
314,3701,"s1","m1",-0.67562972182588,-0.708299091539118,-1.34259280439492,0.669023810291834,-1.52887092778219
315,3710,"s1","m1",-0.596077138065473,-0.666247775002874,-1.09036294770209,0.776765430055333,-1.70855641529563
316,3722,"s1","m1",-0.710381457180623,-0.669372316556292,-1.25042821825597,0.737350985923805,-1.76366439739064
317,3727,"s1","m1",-0.606286448349426,-0.618540492134515,-1.11094675985677,0.856325825768021,-2.26135335201693
318,3745,"s1","m1",-0.619873401602049,-0.601657021774727,-0.609481121956872,0.915615717162768,-1.41108761554767
319,3750,"s1","m1",-0.682925183988559,-0.601447752918471,-0.935589284573769,0.751739707188771,-2.10937893007238
320,3785,"s1","m1",-0.689716911041422,-0.60779624984102,-0.937852711164662,0.833412953692415,-1.94932293338932
321,3799,"s1","m1",-0.63793617006598,-0.613725747913228,-1.19536466231809,0.792285684076295,-2.89289067687738
322,3805,"s1","m1",-0.637533699623896,-0.698275050869292,-0.951228722627336,0.701108776822761,-2.06239317730566
323,3809,"s1","m1",-0.70003922114655,-0.621583547100376,-1.49842801739602,0.69632090650083,-2.60807901267948
324,3820,"s1","m1",-0.642983328075323,-0.673259496133818,-1.0601547172536,0.764126379406558,-2.72472179752361
325,3822,"s1","m1",-0.701384449945937,-0.659632002253772,-1.42557915575269,0.756624524937612,-1.48946170321489
326,3837,"s1","m1",-0.656403889348567,-0.663555979157705,-1.48348667665419,0.820254492336346,-1.89075874514553
327,3852,"s1","m1",-0.614485891980054,-0.61329516599133,-1.08381459433842,0.732585386465234,-2.24975564759261
328,3853,"s1","m1",-0.694586093163847,-0.617264966568962,-1.08607865399802,0.732864608006531,-1.79593464498899
329,3860,"s1","m1",-0.714571529708356,-0.687754819535982,-1.19912683294725,0.728272954736675,-1.47222647985613
330,3873,"s1","m1",-0.626688866718035,-0.664014650284598,-1.05504211736323,0.830273010002673,-2.58880768480591
331,3893,"s1","m1",-0.605936255883292,-0.555556612410105,-0.820199586857265,0.929784642559925,-2.26212321789737
332,3904,"s1","m1",-0.664734392815549,-0.616291228663033,-1.10345665626817,0.821942383720108,-2.84643965623305
333,3913,"s1","m1",-0.682821790254292,-0.682589696327472,-0.65662266526412,0.702948350993104,-1.66091107034605
334,3919,"s1","m1",-0.664231118772107,-0.637719801873895,-1.12388220189135,0.858858305374339,-2.82011569608837
335,3923,"s1","m1",-0.659171169042933,-0.615697616338612,-0.979154166513457,0.795938572161043,-1.39671850688756
336,3931,"s1","m1",-0.705427594546535,-0.699250790312949,-1.51727754429794,0.780849623205754,-1.56426227405744
337,3934,"s1","m1",-0.612242199261059,-0.582513307898406,-1.26896789764498,0.874419542454274,-2.56900477042038
338,3937,"s1","m1",-0.556922830715131,-0.621395110331368,-0.838907722588151,0.802788612766009,-1.95695367927727
339,3939,"s1","m1",-0.674426207796034,-0.648266811339183,-0.885750540547023,0.879111018591077,-2.1066833986764
340,3949,"s1","m1",-0.674511291428345,-0.67334613845546,-0.796725145563632,0.766300648457275,-2.04385631241835
341,3993,"s1","m1",-0.666244439052053,-0.676328307092338,-1.31768127961233,0.744632932790954,-2.34201698969451
342,4000,"s1","m1",-0.690886977249894,-0.668481784630524,-1.06677622078884,0.731609050987735,-2.11356041242954
343,4010,"s1","m1",-0.671499657190934,-0.595631472997176,-1.03266877615287,0.767915850199492,-3.17620039408641
344,4025,"s1","m1",-0.663082697490177,-0.633823689648906,-0.735565244111598,0.832310166780077,-2.17413827466472
345,4026,"s1","m1",-0.690978577645666,-0.689104762977848,-0.643913726491635,0.653372940186501,-1.59460165050573
346,4037,"s1","m1",-0.655822157581323,-0.61261250989301,-0.901853683797906,0.852153896396803,-2.72874284460243
347,4055,"s1","m1",-0.609722950487246,-0.684316505399035,-0.555353234879381,0.785834750304402,-1.74479454777688
348,4056,"s1","m1",-0.737911857944047,-0.672621331836323,-1.20218354130049,0.670590904704311,-2.56964981638963
349,4080,"s1","m1",-0.59435104197561,-0.571531912126376,-0.558406325717878,0.872932381695684,-2.87854687566494
350,4085,"s1","m1",-0.599237955229594,-0.592366836503713,-0.72754108159819,0.783668625395332,-2.22514732769911
351,4096,"s1","m1",-0.538337039103924,-0.534088011583433,-0.463636760264099,0.8876426326286,-2.98302853638796
352,4122,"s1","m1",-0.73584526699671,-0.700095721241341,-0.687700977539647,0.520315772246074,-2.07146764140811
353,4133,"s1","m1",-0.717535668332189,-0.572941950866178,-1.33760715485881,0.803281647000533,-2.15672991182925
354,4135,"s1","m1",-0.673418813634559,-0.601769258821354,-0.803887151252782,0.788383177877218,-2.49745091751091
355,4144,"s1","m1",-0.63036735365891,-0.648574546497363,-1.21588354195439,0.791043715783732,-1.47584454088145
356,4146,"s1","m1",-0.762573570273609,-0.668240421177049,-1.41621957689891,0.59548420514099,-2.64737613912804
357,4148,"s1","m1",-0.653245703708486,-0.585288380268325,-0.492136604515187,0.824280771097406,-1.67009499532752
358,4155,"s1","m1",-0.697142091299492,-0.678978875135851,-0.844929488358926,0.768665067541443,-2.4832016658749
359,4157,"s1","m1",-0.613087610283891,-0.605309791496183,-0.845467505736488,0.839752029128362,-3.0297148418365
360,4212,"s1","m1",-0.684032276812485,-0.61903620244453,-0.985732730680459,0.786112873278177,-1.95902149327089
361,4217,"s1","m1",-0.62609456641385,-0.667176472418148,-0.74709455964685,0.780922789873973,-1.97487375019813
362,4223,"s1","m1",-0.630237464897669,-0.609004396610618,-0.833345378991796,0.878590033367322,-1.62451399985759
363,4266,"s1","m1",-0.700786220371296,-0.62963983019884,-0.76670722955434,0.909115206024606,-1.71244461262796
364,4291,"s1","m1",-0.617588876515854,-0.693588723714359,-0.55345344596957,0.795506370576169,-2.26819965070535
365,4297,"s1","m1",-0.685900660475753,-0.64610543411574,-0.834075051828894,0.816455003726452,-2.49551487986961
366,4319,"s1","m1",-0.683265395924165,-0.623674283828617,-1.16789683598043,0.709791198708672,-1.61823030926897
367,4320,"s1","m1",-0.609680948832237,-0.621645793793337,-0.634503338934017,0.785621792820223,-1.82739495763058
368,4331,"s1","m1",-0.633791869093014,-0.639439443455181,-1.23479390211106,0.787959077262432,-3.43601993321649
369,4332,"s1","m1",-0.610894496500654,-0.646063895972632,-1.22067965843687,0.731025834738117,-2.61682522491588
370,4346,"s1","m1",-0.668255874145894,-0.600678754821294,-0.925240494008576,0.727467472196048,-3.9498216994821
371,4347,"s1","m1",-0.620140502065388,-0.592580745685893,-1.19282260177103,0.909405390272353,-1.86812338320384
372,4365,"s1","m1",-0.641384023001446,-0.653532452775614,-1.18232164283401,0.759972134035577,-2.1650861110464
373,4375,"s1","m1",-0.648524102714604,-0.596157483209665,-0.971444939059194,0.778638689252705,-2.83710738788556
374,4384,"s1","m1",-0.710105208425211,-0.625898115953119,-1.22777044361934,0.797462129169409,-1.75493282293701
375,4446,"s1","m1",-0.648189309599275,-0.65177581246419,-0.826768042590004,0.735335167941027,-2.26598304043592
376,4451,"s1","m1",-0.694711651158932,-0.589828664755663,-1.22568895841417,0.786964672143402,-1.45896324041841
377,4454,"s1","m1",-0.608037032401831,-0.58840804812277,-0.766227783043873,0.84079110851676,-2.41844771870637
378,4464,"s1","m1",-0.642057238009363,-0.631867446777107,-1.05236781775116,0.767906871827162,-1.56165618561454
379,4476,"s1","m1",-0.60417279172012,-0.554617090991863,-0.475592346124212,0.875774612224249,-2.5923115212776
380,4487,"s1","m1",-0.757187417865449,-0.688527745899002,-1.46267974807621,0.649265000933183,-1.23138393080544
381,4493,"s1","m1",-0.646025959906355,-0.640946337652745,-0.920998946385413,0.807971242232866,-2.26625592966466
382,4496,"s1","m1",-0.764158093584862,-0.738814712235795,-1.27674350366734,0.590707836321625,-1.84313772528413
383,4497,"s1","m1",-0.623454685739783,-0.588277422311808,-1.03330225931649,0.930385081167252,-2.93400347891389
384,4502,"s1","m1",-0.671736083755905,-0.630095903036276,-0.6791546920837,0.906905909433018,-1.03473318165456
385,4520,"s1","m1",-0.669708884491104,-0.61080154211134,-0.817708949522862,0.821985807165557,-2.44064964214254
386,4527,"s1","m1",-0.666281123385449,-0.645455472788039,-0.736021424012577,0.882682369878619,-1.1831547055271
387,4530,"s1","m1",-0.651843592957857,-0.605501052298903,-1.02547941867846,0.750288615793512,-2.58780265318895
388,4532,"s1","m1",-0.65343800013715,-0.621449796603461,-1.08540462745756,0.841866594985212,-1.94103847213515
389,4541,"s1","m1",-0.635774999453703,-0.610912646226645,-0.731499274846691,0.730596218104285,-2.73593046214092
390,4564,"s1","m1",-0.697190971245564,-0.629786120591307,-0.885254013706915,0.802857408276361,-2.44352664436093
391,4568,"s1","m1",-0.586504789149146,-0.642900612996339,-0.684047504639341,0.864279302429932,-2.45753504953829
392,4582,"s1","m1",-0.707416649658877,-0.66301073582821,-0.791465681625938,0.789640741486708,-1.2660545093967
393,4590,"s1","m1",-0.675913093118012,-0.637091801584821,-0.768452204865626,0.722538088784928,-2.38790362176567
394,4593,"s1","m1",-0.673358572371964,-0.602738340831302,-1.3313618389251,0.791117542506067,-3.00757530213552
395,4599,"s1","m1",-0.718965516555997,-0.655458085186729,-1.04217296492348,0.642745728588599,-1.77217278253811
396,4601,"s1","m1",-0.639980776008115,-0.634610648740801,-0.979183295109574,0.747504327800172,-1.89431030579122
397,4603,"s1","m1",-0.666477265239457,-0.600709404707973,-1.28418883875217,0.895273520008845,-2.61138824041844
398,4626,"s1","m1",-0.595864767621858,-0.654879104861466,-1.61432887709964,0.911247491653515,-1.95763992211978
399,4631,"s1","m1",-0.752284544692354,-0.635545303110323,-0.982052399861837,0.609512463908913,-1.87561970809588
400,4635,"s1","m1",-0.644235422637769,-0.685507789953659,-1.40941517181554,0.768451898738951,-2.03009951558034
401,4643,"s1","m1",-0.662443704480949,-0.576046827350768,-0.595936569489917,0.871150171374251,-2.70796207135608
402,4674,"s1","m1",-0.677283058926882,-0.634748856058945,-1.44177922645139,0.789930977204398,-1.75018717081677
403,4677,"s1","m1",-0.628107028279659,-0.637435658886686,-1.22146325942842,0.768237729168657,-1.99245686998652
404,4726,"s1","m1",-0.576233173233781,-0.596247032180268,-0.806123823629178,0.826803245235536,-2.10974715684563
405,4730,"s1","m1",-0.619198600691927,-0.589321061762014,-1.40460517598546,0.738604695883048,-2.62030271945238
406,4732,"s1","m1",-0.710712874962986,-0.64372385735144,-1.19486491294307,0.693741779053506,-2.57868320868217
407,4734,"s1","m1",-0.60799271530293,-0.614043057649297,-1.48371232541651,0.838167147341157,-2.62517561871499
408,4746,"s1","m1",-0.709814175439621,-0.679055023100848,-1.30670709270204,0.645117421251855,-1.26043283375419
409,4749,"s1","m1",-0.747640424760607,-0.652557143994823,-1.28342707942152,0.737181838299455,-3.16305713940386
410,4752,"s1","m1",-0.619520338034652,-0.595887109637333,-1.10276369481497,0.757869876787825,-2.51360766030869
411,4761,"s1","m1",-0.646485457185808,-0.638990238480911,-1.09602067262722,0.772644619382618,-2.14526006808418
412,4780,"s1","m1",-0.664171579944471,-0.59752927615795,-0.934156799037481,0.743654621370455,-2.05718566175852
413,4782,"s1","m1",-0.658903991872474,-0.684436860897926,-0.802239531875903,0.80497622303181,-1.94325441790511
414,4784,"s1","m1",-0.685211212960102,-0.66183502642188,-1.13853028010627,0.792122169054086,-1.9602315916271
415,4798,"s1","m1",-0.584390144419142,-0.632246139766113,-0.863387521496129,0.732437542045481,-2.65067076334496
416,4805,"s1","m1",-0.712206555335339,-0.652702143324695,-1.36785985139079,0.763397363044566,-1.51713659088881
417,4820,"s1","m1",-0.580684430577983,-0.603083312172485,-0.408593476177775,0.791486933675824,-2.13752290431627
418,4822,"s1","m1",-0.667656191924168,-0.595479394993592,-0.801099851302327,0.852219778951997,-3.20375424015943
419,4844,"s1","m1",-0.63014740901959,-0.666034825036092,-0.97482725707336,0.747845519737206,-1.91260897535029
420,4848,"s1","m1",-0.735168502349121,-0.702097031358472,-1.31448290004311,0.649859498249015,-1.09799525779691
421,4890,"s1","m1",-0.678792837577699,-0.620497438324202,-0.900689987517601,0.805510223136323,-2.08696110885989
422,4891,"s1","m1",-0.785726304679211,-0.670495238356404,-0.800673317175436,0.710989483157333,-1.66767491081904
423,4913,"s1","m1",-0.683767450695159,-0.656307723725091,-0.642312332727762,0.753202078701219,-1.90742249538322
424,4943,"s1","m1",-0.638971044766669,-0.634957033019162,-1.01709920201055,0.808401641286277,-2.28506023394032
425,4954,"s1","m1",-0.665663269775946,-0.708122267338123,-1.04166581038335,0.705080793544724,-2.18711899715365
426,4960,"s1","m1",-0.628223729029207,-0.563170065159027,-0.530037310473832,0.924883169815755,-2.41827765626473
427,5000,"s1","m1",-0.673586028225035,-0.651496279863262,-0.734081131440738,0.659720947039654,-1.87842752831963
428,5009,"s1","m1",-0.680930048447702,-0.691622500227887,-1.10716155024579,0.742915804589691,-2.87554135618201
429,5012,"s1","m1",-0.602812772725242,-0.633113756017525,-0.942679904579337,0.830460226575931,-2.42220499609082
430,5020,"s1","m1",-0.607597545395994,-0.630549149087838,-0.591950520237365,0.824668013313232,-2.91267652565229
431,5028,"s1","m1",-0.610723761350556,-0.654962223418088,-0.848516583648473,0.725649978128766,-2.94622145514965
432,5044,"s1","m1",-0.642486413563217,-0.682306850706476,-0.853225097171761,0.806932807862565,-1.74784479466617
433,5045,"s1","m1",-0.644197900593774,-0.630736380662796,-0.959479340487537,0.841875803073803,-1.81317663687972
434,5059,"s1","m1",-0.637173933079101,-0.619690971789998,-1.10899742595518,0.855460738288548,-1.64775360874918
435,5066,"s1","m1",-0.605562218557992,-0.623565326550608,-0.86631435376729,0.886765171956006,-2.21778212604927
436,5117,"s1","m1",-0.631455633109589,-0.697906608859024,-0.993861575649829,0.819498276744445,-2.71406939243416
437,5121,"s1","m1",-0.607435127249398,-0.612104637669282,-0.826349400519833,0.881502333552793,-2.19994011687872
438,5124,"s1","m1",-0.590954171311111,-0.666991603937774,-0.82443773323138,0.864742970137396,-2.30286790501334
439,5127,"s1","m1",-0.585756515420542,-0.577583921735116,-0.830381459560732,0.909944968334175,-1.81615472375705
440,5128,"s1","m1",-0.688414001353126,-0.671146781763094,-1.01391243560971,0.739636534523324,-1.90875181631042
441,5130,"s1","m1",-0.667644652723828,-0.610253224431515,-0.808711972188682,0.770561475064766,-3.12751105759929
442,5134,"s1","m1",-0.64808876963209,-0.655613772881354,-0.881489554122418,0.725730830027535,-2.27907175593907
443,5135,"s1","m1",-0.649225894904893,-0.595889280041482,-1.09918485915192,0.828347075661981,-2.48627052232131
444,5137,"s1","m1",-0.617395851561687,-0.622231390322152,-1.06170044429158,0.863741391876463,-1.95684881107009
445,5139,"s1","m1",-0.626160955192056,-0.599094010735277,-0.553195994355632,0.80900690549577,-2.77391115133509
446,5141,"s1","m1",-0.624869632303486,-0.655580723385465,-0.247582875692944,0.784013925433342,-1.78739747958751
447,5144,"s1","m1",-0.622156341554257,-0.626647384169827,-0.769555439731785,0.815999420786035,-1.79266747512104
448,5146,"s1","m1",-0.603162558219158,-0.618912035126094,-0.901316701453641,0.683630887856945,-1.87258450072941
449,5160,"s1","m1",-0.636856611343129,-0.652530587851564,-0.662330903171611,0.722839127585257,-2.26779521613724
450,5175,"s1","m1",-0.677270033962843,-0.640990350860036,-1.22265529504185,0.738547046922245,-1.67608997764077
451,5204,"s1","m1",-0.682652957419801,-0.663860605463925,-0.502899924896108,0.778715458495179,-1.49710934561797
452,5217,"s1","m1",-0.680517926683486,-0.725701452916099,-1.06018741707272,0.643262507475667,-2.22554397993524
453,5235,"s1","m1",-0.658803188896746,-0.683178448851225,-1.18469700879489,0.712181550601276,-1.72965866373523
454,5255,"s1","m1",-0.609737865456847,-0.643932779414672,-0.755457716248927,0.777785277426565,-2.35088647876341
455,5264,"s1","m1",-0.64715630521959,-0.634374849433313,-1.36852544991867,0.823548437441215,-2.26233050823931
456,5265,"s1","m1",-0.805460904079741,-0.624731367363418,-1.11407449743999,0.726765737526731,-1.81984269149362
457,5274,"s1","m1",-0.632567163081621,-0.617755151511718,-1.0450073310652,0.748368384024898,-2.34981949031181
458,5285,"s1","m1",-0.608646775317905,-0.66853899551783,-0.890002817858718,0.759849422678613,-1.98860281139937
459,5287,"s1","m1",-0.616462621642464,-0.602905843568705,-0.554531521817694,0.813584216250366,-3.11797025956969
460,5328,"s1","m1",-0.62507924734626,-0.656217101105808,-0.87376276900256,0.798215345347001,-1.93764951105809
461,5359,"s1","m1",-0.642171825419,-0.60958779728986,-0.619153410238767,0.812823390917403,-3.15703781580397
462,5375,"s1","m1",-0.639847107850586,-0.652808551106601,-1.18317290776119,0.840484227314364,-3.12302052407203
463,5379,"s1","m1",-0.690262214237876,-0.691201780858194,-1.25045414692724,0.649119022806397,-2.52674571704602
464,5384,"s1","m1",-0.633484923793471,-0.622291533816248,-0.692829228290665,0.727813329351225,-2.45677561416972
465,5386,"s1","m1",-0.65278189617903,-0.611954375936269,-1.00202452354963,0.835934632401304,-2.69339985748838
466,5408,"s1","m1",-0.653742022549536,-0.699960558717074,-1.13350589948969,0.778673712595832,-1.71582208278495
467,5422,"s1","m1",-0.685969594731887,-0.665373695954818,-1.62291190656417,0.709577005254335,-3.2461421128759
468,5434,"s1","m1",-0.703372507996504,-0.551469890749352,-0.684844924009738,0.769696071160918,-1.87731397689044
469,5445,"s1","m1",-0.666998491847716,-0.659773444546057,-1.13694277516767,0.726772178857827,-2.54315078048092
470,5447,"s1","m1",-0.758781916171021,-0.660886050883181,-1.06698820083411,0.789973925418846,-1.43823814842077
471,5461,"s1","m1",-0.584549763586187,-0.648402504356145,-1.11364925622662,0.797875676488768,-2.87036830251083
472,5464,"s1","m1",-0.60108207004077,-0.665503248254004,-1.35702354660084,0.822750680581631,-2.45362656464972
473,5494,"s1","m1",-0.580308140749864,-0.656341678780129,-0.931717629266284,0.757410590621162,-2.2346065884193
474,5506,"s1","m1",-0.684207126951872,-0.624861990546954,-0.716140950637841,0.748516794624057,-2.43666573035764
475,5532,"s1","m1",-0.627406302596157,-0.59119680162512,-1.06173696760197,0.912536907762436,-2.64198222485572
476,5545,"s1","m1",-0.704763568133802,-0.641331258183752,-0.948028880432739,0.798618267421483,-1.86091199590316
477,5572,"s1","m1",-0.609136445506251,-0.599894737906588,-0.634243441544456,0.773462655318098,-1.82437772584236
478,5593,"s1","m1",-0.640646107122602,-0.713679520822562,-1.70873845451158,0.833980795436853,-1.40025340268896
479,5597,"s1","m1",-0.616054718171633,-0.674953685439388,-1.03270914791873,0.796644247848121,-2.80898300855217
480,5652,"s1","m1",-0.732376415362456,-0.693680932924871,-1.01107968679344,0.695320458198253,-1.60754613519029
481,5660,"s1","m1",-0.575348317281555,-0.612540650579478,-1.39423756212731,0.797626795926773,-3.1960740323797
482,5677,"s1","m1",-0.639034575523627,-0.655931447613944,-0.785778181166748,0.828140532675433,-2.16162979490536
483,5681,"s1","m1",-0.634174317315266,-0.641999018282651,-1.0775438260183,0.822720187713384,-3.29709614084901
484,5720,"s1","m1",-0.543335784976185,-0.635237388868107,-0.54218824240653,0.811138714360781,-3.42322939781941
485,5756,"s1","m1",-0.553702809402254,-0.582328778263032,-0.715630990260249,0.907073155815936,-3.07020342225198
486,5762,"s1","m1",-0.614986588678246,-0.629324152880026,-0.947625755402643,0.785075442455502,-3.92912565216217
487,5791,"s1","m1",-0.590087912889611,-0.611638529713982,-1.27478630094514,0.843234632188766,-3.31809588344731
488,5802,"s1","m1",-0.675807252000266,-0.62642135239899,-1.15019111624385,0.755039448182504,-2.47864169054513
489,5814,"s1","m1",-0.653147313954614,-0.673826447788332,-0.738181031474736,0.723022711261369,-2.92384540935184
490,5827,"s1","m1",-0.679665427433088,-0.602831965150789,-0.991438780303328,0.806490192084074,-3.44039586435562
491,5836,"s1","m1",-0.587957899230587,-0.620599353993918,-1.047183812653,0.864702232326565,-3.18248907953613
492,5838,"s1","m1",-0.634740550054412,-0.61905361996579,-0.874322379465969,0.85361577404046,-1.58095760212233
493,5865,"s1","m1",-0.651657260476637,-0.602288281034096,-0.884682639225154,0.858569868386136,-3.07032880958619
494,5867,"s1","m1",-0.646631556108745,-0.604745986197401,-0.937276034823363,0.931314814786661,-1.22934308111547
495,5868,"s1","m1",-0.630787169089308,-0.667001735594961,-0.625710080410904,0.782472833103415,-2.21455307351988
496,5881,"s1","m1",-0.697156816291363,-0.654246188006964,-1.25086512510473,0.791486503559704,-2.03249701356379
497,5893,"s1","m1",-0.658984254622992,-0.614677418200381,-1.50163183803606,0.812303058598403,-2.19800223899853
498,5912,"s1","m1",-0.665354257139649,-0.613495014775722,-0.727922467845345,0.815375587357699,-1.70801946965036
499,5933,"s1","m1",-0.704809068771106,-0.654504568190447,-0.414634390936438,0.687845009061672,-1.96805706155378
500,5959,"s1","m1",-0.613368914559073,-0.625467332825309,-0.846626039453491,0.936387647503102,-3.05719370224434
501,5978,"s1","m1",-0.675010070367097,-0.609345775640899,-1.17030732313333,0.753077335739182,-2.49573833867033
502,5989,"s1","m1",-0.563331370653702,-0.630047021010351,-0.981998748101303,0.79560979640095,-3.07960503581939
503,5993,"s1","m1",-0.624059295956584,-0.705295193629948,-0.684874547135398,0.753100093842414,-1.47866229047297
504,6050,"s1","m1",-0.679400156392566,-0.616512950140455,-1.25835695487166,0.830048501738404,-2.44409264850042
505,6062,"s1","m1",-0.60912113300951,-0.647728125288748,-1.01850930941512,0.709866695964668,-2.38553200456932
506,6127,"s1","m1",-0.617580357947429,-0.614313100025084,-1.3683831080467,0.803480469249429,-2.00906953526272
507,6130,"s1","m1",-0.610739449299894,-0.647183571929817,-1.36543138987885,0.792377821305667,-1.88213640135409
508,6132,"s1","m1",-0.615603374259338,-0.680722861574835,-0.779929463477168,0.781056878720468,-1.7065762635715
509,6135,"s1","m1",-0.63215800225425,-0.652802863147623,-0.909633380977398,0.760389613784672,-2.31551441555464
510,6154,"s1","m1",-0.660997603754553,-0.617459272939389,-0.84748797828209,0.794179226301892,-2.54830134014517
511,6156,"s1","m1",-0.705058169887507,-0.640194424095417,-1.72453725339715,0.649829440258417,-2.59336772854543
512,6158,"s1","m1",-0.631390670752813,-0.646637551521895,-0.966208556188094,0.880745164429549,-2.86718699558499
513,6171,"s1","m1",-0.624263149598666,-0.608931033175815,-0.868495984906238,0.782628024870987,-2.14813389159654
514,6175,"s1","m1",-0.633596739275672,-0.621441651058572,-1.10733566999438,0.752937977796584,-1.76212686490833
515,6185,"s1","m1",-0.606235946036113,-0.60612822350737,-0.651370514341069,0.734843674754512,-2.1579811041766
516,6187,"s1","m1",-0.60678282343169,-0.599460636398814,-1.01784766440664,0.84318332095749,-2.71722739473935
517,6191,"s1","m1",-0.656368994297985,-0.576469109925271,-0.848131988361333,0.813187306182585,-2.19890410539718
518,6212,"s1","m1",-0.603611838917374,-0.615869079539869,-0.955498758034965,0.8737559341449,-2.78507506678174
519,6218,"s1","m1",-0.616871370150465,-0.611701222069418,-1.02279471809259,0.847903142278027,-2.55157164865267
520,6221,"s1","m1",-0.706139273923811,-0.669913105752305,-1.51525554401158,0.734377314249389,-1.87932568507791
521,6238,"s1","m1",-0.682841586038826,-0.644600957138345,-0.626387687356466,0.682346061560287,-2.61013078402505
522,6273,"s1","m1",-0.723821631392758,-0.635412982370973,-0.887788547686807,0.81561674593068,-2.37216793006841
523,6284,"s1","m1",-0.597430674179464,-0.550161784046755,-0.556002546005874,0.944958518175867,-2.71144228696192
524,6292,"s1","m1",-0.723897402934305,-0.623980718241208,-1.2020184187592,0.679681341073734,-2.22644185388695
525,6298,"s1","m1",-0.610199175604253,-0.602414104245757,-1.20862273988886,0.737769138970962,-2.96041547849702
526,6315,"s1","m1",-0.648779578908905,-0.703643857549469,-0.957867615517823,0.670280792454034,-2.92543061097664
527,6366,"s1","m1",-0.670795251043494,-0.71371140192902,-1.04440761869295,0.727865909218144,-1.46834152826702
528,6367,"s1","m1",-0.72787948757516,-0.670177229378524,-0.854628223360613,0.70437779227005,-1.22300936467474
529,6380,"s1","m1",-0.653527844199016,-0.644218906310816,-1.32566424879304,0.704065188470328,-2.00921316424754
530,6382,"s1","m1",-0.726587653926607,-0.656310265874432,-0.767229639564369,0.671797459277467,-2.31680074116703
531,6387,"s1","m1",-0.668842929702203,-0.691163419372051,-1.18637899819635,0.719081852285094,-1.56543547238093
532,6419,"s1","m1",-0.585324595388346,-0.611576855303926,-0.946714356541322,0.827023097977509,-2.2867814460488
533,6425,"s1","m1",-0.654224473148894,-0.568504903850103,-0.407528998849683,0.916202452116472,-3.29532639759806
534,6438,"s1","m1",-0.60527715846715,-0.665566263756356,-1.06294333065185,0.79401390083284,-2.62953295321084
535,6458,"s1","m1",-0.631407542663194,-0.636539827375911,-1.12572274094791,0.780727920416928,-1.92428855351005
536,6488,"s1","m1",-0.66633155100943,-0.598136450300316,-0.892488005186418,0.75943613443393,-3.08764776284887
537,6490,"s1","m1",-0.607264127934708,-0.63384408478892,-0.785135285239856,0.719843319929716,-2.9069495999762
538,6494,"s1","m1",-0.699587515773859,-0.662383906555061,-1.43906634585421,0.758034937345818,-1.31598778152134
539,6497,"s1","m1",-0.629391757690362,-0.680259775012626,-0.904802379764166,0.648667993487295,-1.36931977247456
540,6505,"s1","m1",-0.666414607185805,-0.629718370425058,-0.809843788751904,0.799570717074269,-2.51528581715716
541,6506,"s1","m1",-0.550909524178156,-0.624397333316605,-0.929528868301908,0.903048198918917,-2.88639124486686
542,6519,"s1","m1",-0.601313448707431,-0.644844387474018,-0.580614409471398,0.766037509662694,-1.8066964033357
543,6530,"s1","m1",-0.637845228800145,-0.693573209819399,-0.987201624392601,0.785812126350979,-1.81351323768663
544,6549,"s1","m1",-0.628384651085039,-0.633125100489344,-1.3032947283947,0.84244497285267,-2.92614174839112
545,6559,"s1","m1",-0.670808993363382,-0.623507087331263,-0.858933934712187,0.833700073844758,-2.93586432250425
546,6563,"s1","m1",-0.654273134540037,-0.612729989355323,-0.925558517300878,0.829361675605575,-1.71598314241863
547,6586,"s1","m1",-0.595115788608922,-0.647845547125267,-0.971372623648406,0.859137978485096,-2.40754879435985
548,6596,"s1","m1",-0.6177968632879,-0.683321374720813,-1.1150742490524,0.837229737661041,-2.42943238999212
549,6599,"s1","m1",-0.600073719166506,-0.539519946746173,-0.548672114784924,0.942643341199885,-1.56567225780296
550,6620,"s1","m1",-0.658087898329126,-0.665425028353299,-0.996382322199075,0.778153751369369,-1.99095478409665
551,6623,"s1","m1",-0.633978868432324,-0.633611479529925,-1.02071500976975,0.748808904874112,-1.79232082753542
552,6633,"s1","m1",-0.583862112099744,-0.625364704073452,-0.567441852372406,0.908998125445194,-2.3972801206701
553,6662,"s1","m1",-0.662060518035983,-0.62236219687624,-0.990294180022898,0.772152178373939,-2.79522930071335
554,6667,"s1","m1",-0.688784804034767,-0.613641081861425,-1.03337319584856,0.75946189253338,-1.99767742808975
555,6674,"s1","m1",-0.639095716548926,-0.601499088586892,-0.762692331059647,0.790318990093222,-2.59378999452781
556,6708,"s1","m1",-0.64236283387466,-0.617839783231302,-0.758835574372049,0.808421446154775,-2.48869004054059
557,6713,"s1","m1",-0.660738213431951,-0.671008591236955,-0.59761592569384,0.785070479773877,-3.31292150100279
558,6739,"s1","m1",-0.633313552377541,-0.665523750123263,-0.997853166610311,0.688747300595039,-2.24481929998506
559,6741,"s1","m1",-0.626113402354395,-0.644625894729397,-1.47992902305849,0.887596798311581,-2.18285307991813
560,6761,"s1","m1",-0.699910428702162,-0.674906062027629,-0.910708516827981,0.740071953925331,-1.84583233923028
561,6766,"s1","m1",-0.63916038016511,-0.614080616651512,-0.848917601829823,0.836096519685732,-2.53751330103925
562,6774,"s1","m1",-0.674788850633054,-0.59283812163397,-1.08176442849367,0.892887463508999,-3.13511219487477
563,6775,"s1","m1",-0.605195634251533,-0.632737418764736,-0.964448620343814,0.813913776754293,-2.81717698231722
564,6776,"s1","m1",-0.613543977923271,-0.660687963996714,-0.94002046969465,0.837891004242681,-1.96783551286922
565,6778,"s1","m1",-0.618596680875661,-0.622228502686746,-0.976321547528482,0.813990383083073,-1.93074199006583
566,6781,"s1","m1",-0.724760677678142,-0.661840327744992,-1.02202418884226,0.789495500481515,-1.36885707983785
567,6788,"s1","m1",-0.656183660406703,-0.61005218414312,-0.720294528996172,0.788624058127699,-2.58920584020046
568,6792,"s1","m1",-0.669967827898884,-0.707695906146725,-1.85625132785197,0.794394854742844,-1.47919033869453
569,6798,"s1","m1",-0.664573255844,-0.646006858865067,-0.964831170629759,0.814639961592793,-2.05899484373199
570,6833,"s1","m1",-0.656447407733519,-0.626562788819513,-0.879495537410576,0.914551958859219,-1.77991307174782
571,6834,"s1","m1",-0.602337659934328,-0.730064082435081,-1.25110523412789,0.689979242991385,-2.54524235007973
572,6841,"s1","m1",-0.660243912188535,-0.67083884007228,-1.21403462295288,0.81123107461793,-1.5681708457271
573,6851,"s1","m1",-0.680314249003076,-0.669542562534379,-1.39475413407049,0.742074549889885,-1.13266010083878
574,6867,"s1","m1",-0.623568190043025,-0.629177743133651,-0.846694882818506,0.924304147859368,-2.1923338240406
575,6875,"s1","m1",-0.63847899157513,-0.583312472855531,-0.557353548297279,0.828181009922034,-3.01868226834634
576,6877,"s1","m1",-0.68392046690482,-0.678900876058447,-1.37155038133436,0.701345477211911,-1.18247561484186
577,6887,"s1","m1",-0.699782846139585,-0.668319907622585,-0.89611072437234,0.798922922045588,-1.40378454102708
578,6890,"s1","m1",-0.675331518738169,-0.633936680218526,-0.923985692000447,0.765212949742855,-1.37039759564914
579,6908,"s1","m1",-0.664300878909224,-0.663612017477688,-1.23953514551641,0.810572953045593,-1.79440254182802
580,6923,"s1","m1",-0.629525790793468,-0.629895240008483,-1.08960748102121,0.839902577845265,-1.69136418111449
581,6992,"s1","m1",-0.588182800525468,-0.688558098115631,-0.830775592488868,0.770455468119848,-2.45327691304913
582,7008,"s1","m1",-0.660312320917107,-0.6173335361127,-1.29852784195335,0.864554245508915,-2.52748336730451
583,7011,"s1","m1",-0.581090097065102,-0.612267969566832,-0.960674986047275,0.815135965769588,-1.90834413731087
584,7034,"s1","m1",-0.635536061717834,-0.619140802503503,-0.871693466250416,0.796868612313747,-1.36200600800166
585,7064,"s1","m1",-0.667028446761396,-0.621842485434541,-1.38843992698989,0.68786075558437,-2.15370425593186
586,7068,"s1","m1",-0.68265679825728,-0.662005915890339,-0.953183559976668,0.746704693583724,-2.30119792204826
587,7072,"s1","m1",-0.668846272758684,-0.678463697072911,-0.810156119473879,0.685857205152655,-2.64315672774466
588,7074,"s1","m1",-0.589927049270008,-0.65562776013859,-1.10008789787701,0.848193411855957,-2.42417510839011
589,7080,"s1","m1",-0.737176786543822,-0.664048312156053,-1.04144548538078,0.793784149034481,-1.80305773288921
590,7090,"s1","m1",-0.661048620508613,-0.627878724608499,-1.16461575663849,0.880062040817503,-2.27460989686162
591,7099,"s1","m1",-0.727894069467874,-0.587404470299382,-1.1773439703527,0.723175274891858,-2.69965202481571
592,7115,"s1","m1",-0.664851052231892,-0.667403272214138,-0.878050390449313,0.775141924115159,-2.5837165888605
593,7147,"s1","m1",-0.708819363339993,-0.637095995170121,-1.61821242481942,0.769216136526408,-2.61437198252245
594,7152,"s1","m1",-0.661070112546002,-0.652028491734917,-0.990963903562861,0.697928262846679,-2.6243900934091
595,7169,"s1","m1",-0.729767200530407,-0.612211046686928,-1.22789330135433,0.711590962896993,-3.66921698890685
596,7173,"s1","m1",-0.611608566999016,-0.653930591930933,-1.03551670905294,0.890162049249757,-2.52639453436658
597,7177,"s1","m1",-0.698080942710725,-0.565361645603151,-0.682754884380676,0.775960916540253,-2.29995164568354
598,7188,"s1","m1",-0.638056861925082,-0.69791472117426,-1.08253247247681,0.742060636868969,-2.59274261611268
599,7189,"s1","m1",-0.64870434584385,-0.626000329598397,-1.3059420196345,0.765458521356874,-3.05159338481096
600,7214,"s1","m1",-0.659789024184086,-0.680238878799509,-0.54067610677132,0.760846804542671,-1.98942430809516
601,7219,"s1","m1",-0.669508604294744,-0.619037891192039,-0.800811193346816,0.842108680805741,-1.56603098036865
602,7228,"s1","m1",-0.643719130808622,-0.657376684773227,-0.751514231084453,0.75807173183867,-2.36485242218591
603,7231,"s1","m1",-0.641165343133999,-0.636686049710884,-1.610513729413,0.834682441729046,-2.60692418999414
604,7232,"s1","m1",-0.664725255903692,-0.690185550570358,-1.38928394372037,0.673962741191531,-1.28580126759619
605,7234,"s1","m1",-0.650551493663867,-0.649877496294681,-0.802516021401081,0.801073227084929,-2.20934917452499
606,7250,"s1","m1",-0.682068743043002,-0.626357534284382,-0.795349371252315,0.797902241357843,-1.67865260665063
607,7261,"s1","m1",-0.737537923918059,-0.6739091966521,-1.16993654466282,0.738744177463261,-1.25924714564077
608,7278,"s1","m1",-0.66653118268185,-0.631038634961926,-0.898553568860374,0.735104441807666,-1.75190546541169
609,7279,"s1","m1",-0.652819664780839,-0.623158321109148,-0.866900027514222,0.815133256822298,-3.11608173803174
610,7281,"s1","m1",-0.652243035310402,-0.635155379605465,-0.661847044419677,0.661773707686065,-3.87005358703719
611,7286,"s1","m1",-0.69729780936799,-0.662559774845559,-0.800786660869646,0.648722471059078,-1.88580137934002
612,7299,"s1","m1",-0.624758337339213,-0.681292143634468,-0.714888153532883,0.85722152462385,-3.27159208622483
613,7305,"s1","m1",-0.69132783979171,-0.654951844207044,-1.11941476772629,0.89697493370421,-1.78578640149156
614,7337,"s1","m1",-0.63580797270822,-0.651204503541006,-1.58537477985269,0.835147205255121,-1.65288671392635
615,7338,"s1","m1",-0.631564743048795,-0.632575071153902,-0.928078184773991,0.843773058355623,-2.11577605311806
616,7357,"s1","m1",-0.66017323762302,-0.682774961209272,-0.857392923768074,0.756873657647989,-1.7222191159597
617,7371,"s1","m1",-0.575970963250874,-0.628798084975027,-0.614148926124298,0.887862258895688,-2.49759995914368
618,7405,"s1","m1",-0.634615815037147,-0.596483615461438,-0.649386090128007,0.845169198834398,-2.84905417836539
619,7430,"s1","m1",-0.664611723137344,-0.65027087028765,-0.725328730027768,0.785353944934279,-3.12041287069705
620,7445,"s1","m1",-0.679429809249991,-0.623558725423573,-1.25204568575636,0.808378636462816,-1.80695115085933
621,7452,"s1","m1",-0.667837475600848,-0.667735839210822,-0.641094338985961,0.783547420675214,-1.98151891291795
622,7453,"s1","m1",-0.665806414688258,-0.608765439091147,-0.582835298879362,0.68447409745859,-2.45324952530904
623,7472,"s1","m1",-0.667214766802808,-0.614164530911469,-1.00177970908045,0.637123843079607,-3.18589702395222
624,7473,"s1","m1",-0.64971860912335,-0.662667026337665,-1.12290195541448,0.79946906038331,-1.707472604892
625,7476,"s1","m1",-0.636934410730524,-0.598314305323247,-0.851530572933835,0.814430145854674,-2.33631842229183
626,7483,"s1","m1",-0.661608732413205,-0.642401642247122,-0.879776745610001,0.756963060743105,-2.21748730239025
627,7486,"s1","m1",-0.648180248820633,-0.659026346801518,-1.10067177215268,0.811119929071892,-3.20989668854555
628,7489,"s1","m1",-0.635645108346853,-0.661145402824071,-1.23675578306204,0.802787229791232,-2.17923805303927
629,7496,"s1","m1",-0.668468882111525,-0.629081720697834,-0.864354985330582,0.851781155894679,-3.00066338938791
630,7500,"s1","m1",-0.70783437105408,-0.645403302581828,-0.972525949075984,0.709406648346785,-1.88857566233398
631,7510,"s1","m1",-0.628396228135801,-0.643300759167413,-1.22861688903263,0.747075413229152,-2.29642531598849
632,7562,"s1","m1",-0.692810035880624,-0.651657243769967,-1.10892228994463,0.692896218457363,-1.07581070174458
633,7569,"s1","m1",-0.677165120439815,-0.689044390513127,-0.930486718729052,0.725644285952326,-1.84450314934469
634,7599,"s1","m1",-0.681786470261611,-0.638562716960004,-1.09335869601565,0.721537736717227,-1.38042500399818
635,7607,"s1","m1",-0.675991513829069,-0.651784699320581,-1.17492349499737,0.851406031505479,-2.38947452421765
636,7616,"s1","m1",-0.653391338758245,-0.676372623642078,-1.24118442607957,0.662502431069366,-1.24150971199461
637,7618,"s1","m1",-0.622890196074018,-0.641597567599712,-0.77563713401042,0.768991090489877,-2.89507922779983
638,7651,"s1","m1",-0.622657302042893,-0.614276851560762,-0.82463339952432,0.837816398016118,-2.43112032166776
639,7655,"s1","m1",-0.709955255935202,-0.72970574137916,-0.997673834023681,0.763591237309207,-1.82182886408823
640,7660,"s1","m1",-0.685748292403774,-0.685867827982057,-0.991215161425339,0.783480033687373,-2.20873905439199
641,7668,"s1","m1",-0.637788720134719,-0.656354235157934,-0.905924364507083,0.879500641676727,-1.40806955078299
642,7702,"s1","m1",-0.735655202666265,-0.635236684036735,-0.98793380096788,0.759061051968811,-1.4291235684367
643,7704,"s1","m1",-0.675996839253023,-0.682929225039625,-0.878514287418819,0.805515201337534,-3.04825499595292
644,7710,"s1","m1",-0.62619806746468,-0.600759115217839,-1.1148693718005,0.854001523183666,-3.1641395465076
645,7720,"s1","m1",-0.678316070698122,-0.668491701456992,-0.989689218711301,0.769600369777752,-2.51897072769596
646,7734,"s1","m1",-0.686346219993389,-0.691256505980173,-0.967239829476857,0.670442173430559,-1.33362680503573
647,7737,"s1","m1",-0.640434010356643,-0.601618639694432,-0.812853164824857,0.788573195169794,-1.79221176488868
648,7740,"s1","m1",-0.598277777521922,-0.597117932471784,-0.942766935239533,0.851426240444428,-2.58941586480119
649,7746,"s1","m1",-0.645776759008751,-0.660707468770492,-0.812316718666276,0.889734686878227,-2.30396388836915
650,7772,"s1","m1",-0.670478482219656,-0.611778716749166,-1.51702401869137,0.769408446691635,-1.88243965916834
651,7773,"s1","m1",-0.68483491842286,-0.62767982352404,-1.20480732192503,0.859305716615017,-2.17261343218294
652,7774,"s1","m1",-0.665172118217957,-0.5886179639076,-0.988295532836915,0.808375845871218,-2.77045427421388
653,7780,"s1","m1",-0.642245815380218,-0.590026378729508,-1.12940822666174,0.774851647662465,-2.45063158101499
654,7783,"s1","m1",-0.695576307982854,-0.655795172528479,-0.996488762713794,0.663593430482937,-1.85281478578372
655,7788,"s1","m1",-0.627740521849601,-0.525080425762032,-0.989747762438686,0.821134578540712,-2.62942139048986
656,7810,"s1","m1",-0.646354642212587,-0.559253002555211,-0.724439964558577,0.91556620856326,-2.32666870696439
657,7831,"s1","m1",-0.689614153485659,-0.622614184118317,-1.40874180713398,0.859281034463278,-2.37722867051545
658,7861,"s1","m1",-0.595158681186219,-0.608160514113334,-0.759315457231193,0.796809574935575,-3.78173800911928
659,7868,"s1","m1",-0.678366132017256,-0.696527788454973,-0.88886465231387,0.843014487920674,-2.45883057839318
660,7875,"s1","m1",-0.690874389407935,-0.690564357130712,-1.35416657099244,0.670185440495561,-2.27136926016037
661,7887,"s1","m1",-0.658593771907783,-0.60544750498129,-1.19832858160715,0.870545448789388,-3.12193075123703
662,7889,"s1","m1",-0.603903795885646,-0.632499206114848,-0.995799255384078,0.913656990770158,-2.34914872571871
663,7892,"s1","m1",-0.701141144286053,-0.651874610227473,-1.25856908641067,0.718056908073679,-3.25399779363088
664,7917,"s1","m1",-0.679804359539897,-0.63540078978999,-1.00931122919097,0.797904859680487,-1.70788706028222
665,7921,"s1","m1",-0.665931813855185,-0.607227839003767,-1.33708990585669,0.843557625940002,-2.34530528840213
666,7945,"s1","m1",-0.699404397169305,-0.671871391518147,-0.988261689962279,0.713091391416954,-2.44425522343124
667,7969,"s1","m1",-0.71063677527828,-0.710975684559051,-1.37572235135448,0.670007985676476,-1.48783914519823
668,7986,"s1","m1",-0.711044307823215,-0.667426752384103,-1.22666813010715,0.753308330635478,-2.04311112531484
669,7993,"s1","m1",-0.673908087139659,-0.565374637041574,-0.925593654878496,0.892319442244297,-2.08999594886375
670,8008,"s1","m1",-0.607605161403741,-0.689736191988508,-0.931076452011534,0.910732546845149,-1.89994860131717
671,8010,"s1","m1",-0.616517539744802,-0.605021768113671,-1.49790889563587,0.812454318348238,-2.32786797875309
672,8015,"s1","m1",-0.64909712907458,-0.616947497486245,-1.57640839315043,0.807660071175103,-2.85450600482421
673,8023,"s1","m1",-0.683787838607284,-0.634864800532292,-1.08572906374031,0.795023056243813,-2.04462284358738
674,8036,"s1","m1",-0.589689357561296,-0.627348928306268,-0.647570699452167,0.779631914166838,-3.27175388327859
675,8046,"s1","m1",-0.716873702644434,-0.667233162622811,-0.916799165549576,0.696346169474925,-1.73140700293254
676,8070,"s1","m1",-0.634271520863595,-0.620360823073191,-0.827894458352034,0.834693229531893,-1.5602906529037
677,8071,"s1","m1",-0.70782118906404,-0.617982802601813,-1.54402571147509,0.746230480787609,-2.71525321265086
678,8077,"s1","m1",-0.54363803264506,-0.568526700834536,-0.709439849224016,0.856990009187621,-2.91319506489046
679,8082,"s1","m1",-0.623761495192615,-0.664899266275899,-0.92861673845717,0.771865497254476,-2.15508450462761
680,8087,"s1","m1",-0.622996360779716,-0.61858050572625,-1.1386143860588,0.739002722188967,-3.32686290293195
681,8097,"s1","m1",-0.748179687961032,-0.774689174142838,-0.976860378454393,0.63477403468184,-1.0669535631702
682,8108,"s1","m1",-0.651211053041142,-0.596462852781853,-1.41954282188886,0.804686994589436,-3.14899368328631
683,8126,"s1","m1",-0.625541925973863,-0.624896766349059,-0.947257335917763,0.782016408814816,-2.27672246938146
684,8127,"s1","m1",-0.688931476207037,-0.612329019807787,-1.04938355310595,0.738074618693309,-2.76353569180391
685,8129,"s1","m1",-0.641075685615495,-0.547252148429908,-0.934228295421688,0.835111347925515,-2.65883585602822
686,8131,"s1","m1",-0.643172226488885,-0.619009983839421,-0.921346340098058,0.85978658626021,-2.21916998728492
687,8139,"s1","m1",-0.680343734442136,-0.68019261817867,-0.765552236914865,0.695615515223163,-2.09114070604373
688,8144,"s1","m1",-0.688088447834454,-0.670402629576189,-0.857608506353142,0.710470980990792,-1.87656483523938
689,8145,"s1","m1",-0.643639187543217,-0.619974339479742,-1.26405091131871,0.680135414963188,-2.3165339329762
690,8157,"s1","m1",-0.621151182270254,-0.593331767019917,-0.652191301533147,0.877604590040032,-1.7673213161619
691,8160,"s1","m1",-0.616602633429832,-0.642601431702671,-0.519211663598054,0.757936356542159,-2.90886567784818
692,8172,"s1","m1",-0.718383838761145,-0.66800333003416,-1.54986815941536,0.78936952629441,-1.05242831097968
693,8186,"s1","m1",-0.669504440259374,-0.720554775682691,-0.977023554750776,0.696378412457524,-2.23628299735392
694,8197,"s1","m1",-0.655650292555814,-0.614868740579837,-1.11350093077891,0.884650058133229,-2.47538045925432
695,8223,"s1","m1",-0.610483626487186,-0.634251062604526,-1.31855149862842,0.841461390224189,-2.34564291308535
696,8228,"s1","m1",-0.600777210988783,-0.679030635347473,-1.32548037012228,0.73827999140538,-2.55930402137691
697,8234,"s1","m1",-0.635930177109827,-0.605135677845971,-1.1216139777419,0.777811995316657,-1.98645867860864
698,8236,"s1","m1",-0.594396832641855,-0.623939987015709,-1.265511001359,0.833023877789057,-2.04394234531764
699,8241,"s1","m1",-0.644945765722175,-0.672972847162805,-0.852586566578891,0.694010087661618,-1.83293190383108
700,8247,"s1","m1",-0.629948574365033,-0.604965019455605,-1.0698968405855,0.86037182515721,-1.9577328465628
701,8259,"s1","m1",-0.621436855947926,-0.626163440786094,-0.708058428532735,0.834179247475585,-2.91494754081535
702,8263,"s1","m1",-0.685996498157649,-0.657548954202638,-1.15275023115564,0.73318685821333,-2.20149221683953
703,8266,"s1","m1",-0.694752941276137,-0.610850128852904,-0.890055272516997,0.743484042231254,-2.70950367307423
704,8307,"s1","m1",-0.603157931519455,-0.61828395063196,-0.877616795090772,0.76692072869761,-2.65750408734776
705,8311,"s1","m1",-0.624813591209002,-0.65396908585767,-0.734746866604321,0.91067772243986,-2.53622343117368
706,8318,"s1","m1",-0.693113256663972,-0.603002233396298,-0.8183229496683,0.809041251289353,-2.08613112883369
707,8328,"s1","m1",-0.696242144773902,-0.741605223409177,-1.05581708973633,0.71974408459762,-1.18864697652787
708,8361,"s1","m1",-0.655286819492183,-0.630863505577469,-1.43401410526684,0.726822734714603,-2.40667969501342
709,8365,"s1","m1",-0.688681526465458,-0.697030525101208,-0.83032260671069,0.659618239921705,-2.53299071622265
710,8369,"s1","m1",-0.702005563029041,-0.672791234054369,-0.950648151446474,0.677748098999495,-3.04019224133509
711,8377,"s1","m1",-0.609785123998902,-0.647023981952419,-1.33357151877118,0.883045391887728,-2.57747174232746
712,8392,"s1","m1",-0.67861085721919,-0.611470800038943,-1.13460264116455,0.750505677193437,-1.87640139037618
713,8393,"s1","m1",-0.627653056864659,-0.667202083197603,-0.435050138599945,0.866102840518725,-2.19116687631627
714,8406,"s1","m1",-0.64296820250357,-0.657988064426198,-1.06351824099811,0.8493924002185,-2.37291700857682
715,8426,"s1","m1",-0.703264420535577,-0.686935679415386,-1.02450428756216,0.797154278935745,-1.73478882928159
716,8427,"s1","m1",-0.630602488011664,-0.636379236406961,-1.15409711671913,0.812687406036493,-1.8114958294156
717,8436,"s1","m1",-0.664152007841405,-0.678091477676999,-0.966885284509331,0.791417576127914,-1.38233898292008
718,8447,"s1","m1",-0.629759855919361,-0.650147690783268,-1.29829335317718,0.893421832143155,-2.53411960673096
719,8449,"s1","m1",-0.715081403411797,-0.672829121970026,-0.777908541983861,0.743109171800864,-1.51568502396522
720,8451,"s1","m1",-0.655974863095927,-0.601453712639528,-0.94925034291116,0.777430531001911,-1.84869427730932
721,8494,"s1","m1",-0.650493251300578,-0.653577763117785,-1.16870622219391,0.758677962124164,-2.20873144692403
722,8496,"s1","m1",-0.638443311140189,-0.610900764245562,-1.09365067278524,0.714564158554267,-2.27483624099329
723,8500,"s1","m1",-0.670225489353877,-0.640674257211844,-0.99339085460518,0.676944950549928,-2.08494924653795
724,8531,"s1","m1",-0.608287564311241,-0.616831877667773,-0.83546176127648,0.80273298936826,-1.9629521315584
725,8538,"s1","m1",-0.640350691160301,-0.633931102204954,-1.02990582142401,0.778698448881101,-3.92953032944159
726,8542,"s1","m1",-0.676068818255562,-0.626812086445418,-0.939609282567052,0.753486330685691,-2.81006271896424
727,8548,"s1","m1",-0.651644055204898,-0.607966730396418,-0.918678755531409,0.723271376394284,-1.77916859952737
728,8554,"s1","m1",-0.696599948949894,-0.62952871171709,-1.42258305339687,0.847567810816762,-2.6857622005861
729,8556,"s1","m1",-0.658413615869066,-0.642282118755832,-1.23976054473927,0.846014714555145,-2.03445041565785
730,8569,"s1","m1",-0.686846591017812,-0.673007040042388,-1.12636498648426,0.799322899797008,-1.29882221108683
731,8595,"s1","m1",-0.632872538764441,-0.650275675765706,-1.18024472748969,0.819987072029163,-3.00183668819764
732,8619,"s1","m1",-0.624289589833106,-0.609122882414982,-1.15022793686142,0.787186020862141,-2.62264825083995
733,8624,"s1","m1",-0.665761310003041,-0.599601165909883,-0.658205283260439,0.825761827597795,-2.04806021254859
734,8633,"s1","m1",-0.612258789465203,-0.60701545580613,-1.56394356868554,0.89358952417894,-2.99819201607545
735,8680,"s1","m1",-0.584179792995201,-0.658750115396144,-0.617936541125222,0.770826261420684,-2.62590204016969
736,8683,"s1","m1",-0.648373289050486,-0.649066771571217,-1.63471987090832,0.859927277621487,-1.88468386275003
737,8688,"s1","m1",-0.635979748993042,-0.614074673822679,-1.31812466379551,0.806302402372077,-2.39496957784279
738,8690,"s1","m1",-0.686532664178792,-0.646676600647109,-0.990172655065854,0.677249528076973,-2.49115317370807
739,8736,"s1","m1",-0.752165949798564,-0.6527412128135,-1.55491811475204,0.774037892618295,-0.872799389116304
740,8740,"s1","m1",-0.675550908464094,-0.657533972805087,-0.70095774907218,0.85988845703358,-2.65735970710537
741,8750,"s1","m1",-0.59844903200699,-0.641480534049873,-1.25116780000206,0.865803435452735,-2.39802296007286
742,8753,"s1","m1",-0.746326996802144,-0.676865452757761,-1.06419697750621,0.71997697362116,-1.37534080456832
743,8783,"s1","m1",-0.635733189935436,-0.638694825557902,-0.693017457263526,0.675931240880485,-1.69889102100092
744,8828,"s1","m1",-0.693780668454271,-0.706231712257213,-1.10609896567175,0.619777964506411,-3.39390255918225
745,8830,"s1","m1",-0.613367674755223,-0.683145009534113,-0.891932562250431,0.806192903226574,-2.55334980638193
746,8840,"s1","m1",-0.692892417022587,-0.711494458656807,-1.64901718909669,0.786076739081084,-1.82894878279563
747,8861,"s1","m1",-0.677562375625752,-0.594126580117055,-1.12589463022272,0.693225959776837,-2.39726885564717
748,8867,"s1","m1",-0.689459662655287,-0.668511077449858,-1.22501284287137,0.772640703405218,-1.89691910535195
749,8869,"s1","m1",-0.628702067563262,-0.64490491374233,-0.791561646552223,0.736927076162164,-2.47241996259161
750,8884,"s1","m1",-0.608549433210354,-0.563263015714269,-0.796947351223855,0.826504116346595,-2.79329851471751
751,8886,"s1","m1",-0.690100567982777,-0.679443140063175,-0.992357696354998,0.735337876279148,-2.62885047658154
752,8899,"s1","m1",-0.627940653991614,-0.643842920118217,-1.18926177216346,0.796023435271008,-2.14455392980248
753,8902,"s1","m1",-0.590135557388395,-0.64038022034191,-0.976393501821853,0.824518133347914,-2.32564262757324
754,8919,"s1","m1",-0.640139318886117,-0.66540946543211,-1.39348450580894,0.775178222809069,-1.91095495132856
755,8948,"s1","m1",-0.658199697095812,-0.661961555265511,-0.971525205628029,0.837203337288321,-1.30640375437127
756,8954,"s1","m1",-0.77862610375417,-0.709681377583379,-1.17648024360565,0.60329089365621,-1.26739503299384
757,8977,"s1","m1",-0.664017669332079,-0.641593450919112,-1.10403399814063,0.735108187841409,-1.65633901450404
758,8981,"s1","m1",-0.629378582788485,-0.685228316995224,-0.625275477648117,0.779865944285801,-1.90406810661368
759,8984,"s1","m1",-0.71404390714269,-0.656886436824499,-1.38888771075646,0.735779586793439,-2.26650195894076
760,8987,"s1","m1",-0.658319294271545,-0.692626989229008,-1.26047509686264,0.769681742371123,-2.53845450593087
761,9010,"s1","m1",-0.703937357112983,-0.672038102477449,-1.41430142141302,0.856881638178643,-1.97736642325264
762,9025,"s1","m1",-0.614018931914609,-0.635099259470798,-0.908945012218477,0.811668562524341,-3.06535989602775
763,9041,"s1","m1",-0.690795555547607,-0.643140490679703,-0.737156131648199,0.765926040803179,-1.4107199798189
764,9044,"s1","m1",-0.695556346287898,-0.716574257885112,-1.1274253240022,0.72161963778477,-1.91000733024975
765,9054,"s1","m1",-0.62891878123668,-0.653963775127043,-1.45576333080273,0.698808908761048,-3.09419826482632
766,9056,"s1","m1",-0.656256736984473,-0.645507790926094,-0.916606242234691,0.887563498904683,-1.5893405720208
767,9076,"s1","m1",-0.644456440966895,-0.60759871336708,-0.786393961004117,0.79284423632058,-2.57174407179861
768,9097,"s1","m1",-0.664879635381919,-0.688962487552221,-0.966216478575653,0.70609841365865,-2.48326593662249
769,9103,"s1","m1",-0.617816881607527,-0.597601926484043,-0.906029342509199,0.805704726801887,-2.26534356607312
770,9106,"s1","m1",-0.668882862692245,-0.578046355459364,-0.530323197439046,0.809419481610527,-2.85507222262864
771,9108,"s1","m1",-0.682908059167768,-0.659038052640887,-0.733513424641416,0.650953377007982,-2.09103362249928
772,9111,"s1","m1",-0.638850644090368,-0.596805894662717,-0.774428650515561,0.908644191479375,-2.8898227006174
773,9113,"s1","m1",-0.672768462062578,-0.630027212345164,-1.39313280767833,0.871673738071722,-1.58014172392857
774,9114,"s1","m1",-0.611816177919567,-0.592930620487741,-0.686060325741328,0.912610052728439,-2.25805247082425
775,9119,"s1","m1",-0.642251111688117,-0.580207836139287,-1.36676486587534,0.781879187033783,-2.25474732853134
776,9120,"s1","m1",-0.540698140772905,-0.627409513247148,-1.22212857792289,0.852957668457132,-3.41701398808271
777,9131,"s1","m1",-0.651763869985527,-0.695801524387402,-1.3646505277052,0.872777289878328,-2.13209769428322
778,9132,"s1","m1",-0.68251089141703,-0.598155962041059,-1.40350223465482,0.685709155001357,-2.14426927266519
779,9149,"s1","m1",-0.62000359939317,-0.612208427973785,-1.0648552729722,0.824128989093133,-2.66104376599581
780,9152,"s1","m1",-0.676701202915909,-0.579102971026934,-0.984360873274892,0.813761382032905,-1.89782766250811
781,9166,"s1","m1",-0.627641050653576,-0.601249265069624,-1.02471371792043,0.904388756211588,-2.18817822717087
782,9185,"s1","m1",-0.704159979560141,-0.70899391280484,-1.4087422187168,0.766475786821165,-1.57339680191772
783,9190,"s1","m1",-0.617768664210974,-0.616475017977886,-0.679080591440239,0.846772924262834,-1.822681776247
784,9203,"s1","m1",-0.7174967507321,-0.626750036423625,-1.29717766486821,0.801105028709308,-1.26119506833421
785,9226,"s1","m1",-0.650871388714873,-0.647400456176219,-0.67821846096248,0.735182441649253,-2.82231749180298
786,9263,"s1","m1",-0.688932149904356,-0.659327466095381,-0.787765494583729,0.770816266989297,-1.40753237419488
787,9284,"s1","m1",-0.677917142479271,-0.616519831744923,-1.15297874541578,0.739758947265895,-2.60125214471221
788,9286,"s1","m1",-0.567276545992701,-0.634988279949287,-0.683709176273446,0.896497153846763,-3.45149448674866
789,9297,"s1","m1",-0.643502272828205,-0.642900663208326,-1.05109989685476,0.784822739420428,-1.65249435624009
790,9337,"s1","m1",-0.636544238824626,-0.606377620491415,-0.980251829663699,0.832974297308226,-2.54715134366364
791,9340,"s1","m1",-0.636307689278702,-0.600255366628233,-0.874642164427046,0.814586035238142,-2.00125730063633
792,9345,"s1","m1",-0.61247901081879,-0.631593236796619,-0.862134495144228,0.78952329152634,-2.57327361860397
793,9352,"s1","m1",-0.654827197487113,-0.66047206289273,-1.07353248769728,0.696817465733554,-2.40560012298275
794,9376,"s1","m1",-0.663140788059106,-0.630432177810351,-1.04863680040623,0.719930433046385,-2.13919968960142
795,9381,"s1","m1",-0.666524112341126,-0.656735784103805,-0.964630214676192,0.806180350165761,-2.14345737406222
796,9402,"s1","m1",-0.566319372565159,-0.57209303454343,-1.08120768130783,0.902100975487062,-3.37643904657779
797,9411,"s1","m1",-0.591115239946115,-0.595729262030785,-0.874024973777376,0.796048093217903,-1.93452666629509
798,9412,"s1","m1",-0.653936788879033,-0.68073432621342,-0.963236887750578,0.810261518185533,-2.05664086628717
799,9423,"s1","m1",-0.663244297735928,-0.773499394819299,-1.46099024451935,0.678353314956554,-1.5066917726347
800,9440,"s1","m1",-0.707552468742802,-0.609293069388975,-1.05627991085195,0.769215208597164,-2.64420017427013
801,9456,"s1","m1",-0.619632406270757,-0.573019932209553,-0.743214697954897,0.736914913808819,-3.72363676040662
802,9479,"s1","m1",-0.686427284560295,-0.66046308421544,-1.60304538410256,0.846295243938184,-2.59130498417721
803,9480,"s1","m1",-0.700365210711611,-0.613667244920253,-0.733429941862877,0.670546009680859,-2.43149509906376
804,9482,"s1","m1",-0.614544917200946,-0.641392941898849,-0.88207971678858,0.777924088274296,-2.8214877520925
805,9506,"s1","m1",-0.610454779282379,-0.649053099427222,-1.19425774965224,0.844943684096653,-3.04839483487364
806,9517,"s1","m1",-0.630953056022713,-0.630554276964286,-0.884354972348415,0.783178837703004,-2.38853529507204
807,9526,"s1","m1",-0.695444375020474,-0.68570171606791,-1.31049502818941,0.704391820722549,-1.77134737108864
808,9546,"s1","m1",-0.658278665756535,-0.600470224307823,-0.312201698838442,0.802449078821458,-2.93378207731224
809,9558,"s1","m1",-0.655185299116644,-0.650706167662426,-0.875216313072409,0.819087468924108,-1.9461861468011
810,9569,"s1","m1",-0.625995442009706,-0.623118021733409,-0.957939568346465,0.938817693855878,-3.29078147008775
811,9571,"s1","m1",-0.585740287403017,-0.604091296454601,-0.736309965649778,0.83737064589905,-2.55968511350584
812,9583,"s1","m1",-0.618659294309698,-0.606930474529659,-1.10431222044417,0.887287377484422,-2.91704182662988
813,9599,"s1","m1",-0.706170734339246,-0.611356372261048,-0.896565209515395,0.853442217284556,-1.17367600583262
814,9604,"s1","m1",-0.564238193206578,-0.668421329520402,-1.0624047897996,0.863902385706481,-2.37615566797535
815,9638,"s1","m1",-0.691100083004388,-0.581200151647809,-0.524916543729559,0.736285882083374,-1.83902866436408
816,9648,"s1","m1",-0.698681546245191,-0.715036157559932,-1.34905450310825,0.757404085403463,-1.53848851109725
817,9665,"s1","m1",-0.67960252178412,-0.62228512420575,-1.00602399958064,0.817667201917263,-2.39611392873754
818,9681,"s1","m1",-0.654169075443421,-0.650479423792069,-1.19566227282013,0.702780022695118,-2.10432192056115
819,9691,"s1","m1",-0.651997307580025,-0.592422647648811,-0.750583732737904,0.85426416157501,-2.61200358148419
820,9703,"s1","m1",-0.690207019113148,-0.557899741681334,-0.665431223768861,0.816981416432096,-2.48714949634102
821,9715,"s1","m1",-0.677515078633933,-0.665241970668674,-1.20395736655721,0.648231257087091,-2.10448761147985
822,9718,"s1","m1",-0.636287828606587,-0.613052615510389,-1.27072607237356,0.896932542165551,-2.9402180608447
823,9730,"s1","m1",-0.669657006523038,-0.635869522788906,-0.871407620816079,0.747487730456967,-2.4270271169379
824,9733,"s1","m1",-0.620890038048512,-0.609120629471908,-0.873005599115991,0.725061104788678,-2.54541440964021
825,9743,"s1","m1",-0.641185920521824,-0.673128686745162,-0.995104550474862,0.818685618156693,-2.01054171640148
826,9748,"s1","m1",-0.623208387879822,-0.574044951963984,-1.09693798960314,0.950723684643148,-2.06176981427933
827,9755,"s1","m1",-0.629202564581487,-0.63338742849075,-0.651956685475447,0.827090208030261,-2.91314871516707
828,9762,"s1","m1",-0.710881740263351,-0.674433056875433,-1.16207198035271,0.752279175673274,-2.50167859587228
829,9765,"s1","m1",-0.562034021645566,-0.626056384242993,-0.547791869707293,0.826342247102989,-3.22507185016259
830,9772,"s1","m1",-0.625173052284832,-0.60506330721973,-0.701158077219052,0.741798875372028,-2.97207498689078
831,9788,"s1","m1",-0.709617177313039,-0.677366414257775,-1.20575041232638,0.745968608526374,-1.76305498715424
832,9793,"s1","m1",-0.67709441264667,-0.588342366880048,-0.837703186462676,0.840026081725416,-2.68117374192888
833,9797,"s1","m1",-0.674341469489025,-0.698116977672308,-1.27360023254751,0.769968952141215,-1.78199078750957
834,9813,"s1","m1",-0.62841141636907,-0.676664250503841,-0.836299753213547,0.782317616545796,-2.09135941845942
835,9820,"s1","m1",-0.680111574651667,-0.668509962083442,-1.10993089239583,0.789187304079845,-1.61790025555997
836,9821,"s1","m1",-0.643707532471572,-0.58312670236571,-0.924721193641486,0.795203713721455,-2.46577267099182
837,9843,"s1","m1",-0.640216258957265,-0.648946489856987,-0.956863873139045,0.814410866451642,-0.994978864458391
838,9844,"s1","m1",-0.594191611808533,-0.648898418194051,-1.15505940164875,0.759194294783736,-2.93388441115716
839,9851,"s1","m1",-0.60956791384798,-0.702904607551062,-1.5643732559995,0.825034130116935,-2.79980197319884
840,9858,"s1","m1",-0.654159808108235,-0.63841569652798,-0.98262563090281,0.771438547211792,-2.72526771198699
841,9869,"s1","m1",-0.639381588140778,-0.569915150276557,-0.53358061588595,0.770272351942362,-2.21519612697488
842,9880,"s1","m1",-0.700437368753678,-0.610510282713024,-0.891632552997665,0.786728677652517,-3.20896457762574
843,9887,"s1","m1",-0.636350040589926,-0.614318600269999,-1.02769089012197,0.792654873083873,-2.07113242798619
844,9890,"s1","m1",-0.668714703219627,-0.592552630285858,-0.466283823247422,0.880915203398601,-1.78141076020377
845,9912,"s1","m1",-0.62551839061836,-0.637363481081625,-1.50262403330616,0.803815931314786,-3.15097183585351
846,9916,"s1","m1",-0.673843844854758,-0.676155686848112,-0.643848865794502,0.65113562504896,-3.29812130941532
847,9925,"s1","m1",-0.682415345478942,-0.67905541917746,-1.26977223844034,0.784776327734814,-1.61310965295184
848,9928,"s1","m1",-0.687167821950974,-0.698062058378024,-1.55494426006023,0.745015189873757,-2.39001534571193
849,9935,"s1","m1",-0.538495598519624,-0.567831038930851,-0.522222725889953,0.937963739436423,-3.49350059127332
850,9944,"s1","m1",-0.578436376173856,-0.645933294520986,-1.20948044998038,0.854757453023101,-2.07691207475102
851,9957,"s1","m1",-0.623977075563655,-0.61297267177525,-0.739542397625677,0.801524467292967,-2.64874342802318
852,9962,"s1","m1",-0.713312019913068,-0.675888399583635,-0.477163213986915,0.584344247565482,-1.09152883142584
853,9987,"s1","m1",-0.599716749399254,-0.666702442033653,-0.770292730354304,0.862105602330075,-1.46681025646023
854,9995,"s1","m1",-0.702714327370142,-0.644046705958618,-0.94192770093618,0.836746961313828,-2.28012620165941
855,9997,"s1","m1",-0.633265839084578,-0.597649516977626,-0.836901007840997,0.852947026552307,-2.29127570735886
856,10026,"s1","m1",-0.615790812958386,-0.615071055926392,-0.872778268081424,0.799425741719688,-2.50558748558056
857,10034,"s1","m1",-0.640365896439851,-0.652305027599735,-1.32595740052882,0.755259255897124,-2.56847675701336
858,10036,"s1","m1",-0.679058437739486,-0.652815950932399,-1.2608349686921,0.798991497447762,-1.60752583985481
859,10053,"s1","m1",-0.678778833621838,-0.624479633260917,-1.31937153354157,0.802515455230659,-1.8124398614777
860,10056,"s1","m1",-0.642432723023955,-0.505807037108469,-0.858760004161018,0.891954245701553,-2.87993344560086
861,10058,"s1","m1",-0.678244460770638,-0.579073358298522,-1.35919895290091,0.878307787679635,-2.13376796663018
862,10076,"s1","m1",-0.635498585143955,-0.611832051595265,-1.05560838465028,0.86304626005537,-1.43636437540905
863,10089,"s1","m1",-0.622781063035656,-0.614994024164705,-0.720218561652212,0.826152101209212,-2.32124255140666
864,10104,"s1","m1",-0.651639584315538,-0.651392998222356,-1.02513800968428,0.687305277476929,-2.44050232643662
865,10111,"s1","m1",-0.659062715602028,-0.618323827954567,-1.1640265104168,0.727077450775771,-2.19847546534585
866,10112,"s1","m1",-0.641567437457884,-0.614829507015873,-1.10070315941135,0.820624113907495,-1.66297810091938
867,10119,"s1","m1",-0.597025749068075,-0.660291713408637,-0.887450794674401,0.784782870649498,-2.09985964484029
868,10126,"s1","m1",-0.697751716703391,-0.63857895080779,-1.60644942303711,0.84021749883752,-1.63373845297698
869,10190,"s1","m1",-0.661216626118056,-0.662690764628277,-1.1377196492059,0.73663501155091,-2.25069013262537
870,10199,"s1","m1",-0.626011528328656,-0.668844514453822,-0.612673447013399,0.797811015171073,-1.75246778530385
871,10243,"s1","m1",-0.656255723116053,-0.692627462391188,-0.786938530449386,0.718939301819751,-1.91722626397215
872,10250,"s1","m1",-0.597466629519945,-0.60358031679115,-0.902200214230442,0.874447483667971,-1.92408897695499
873,10256,"s1","m1",-0.671093961673477,-0.611735037960751,-0.751385608581957,0.861471663676707,-2.61723868965559
874,10289,"s1","m1",-0.548285814327711,-0.572824424326582,-0.713620324191883,0.81146376428088,-2.18070034463486
875,10303,"s1","m1",-0.708773227839959,-0.609936420030932,-1.76960564627659,0.772065517414703,-1.52143635321221
876,10304,"s1","m1",-0.606253576898739,-0.621389518644967,-0.901913253589535,0.779436217566502,-2.44853659257752
877,10323,"s1","m1",-0.691249796318967,-0.706040126589462,-1.19914281052129,0.756445107842652,-1.98920677510639
878,10332,"s1","m1",-0.639268108388436,-0.596683234939405,-0.931696825388141,0.795340722843774,-2.1750064462394
879,10349,"s1","m1",-0.601212640163613,-0.658597559020867,-1.05056271436157,0.810223088267699,-2.32602643560296
880,10359,"s1","m1",-0.605134654000366,-0.587643918967885,-1.35561867726849,0.824511625478233,-2.63764377867162
881,10369,"s1","m1",-0.615706307118858,-0.619191947069329,-0.946823260772538,0.807311160340244,-3.11033500866752
882,10371,"s1","m1",-0.649015330068862,-0.655635990005624,-1.21274948905023,0.879285432895974,-1.73308516881823
883,10372,"s1","m1",-0.635206324881558,-0.596225973717801,-0.807234694795334,0.775524677823137,-2.91710394260556
884,10381,"s1","m1",-0.630669770215822,-0.664132052276793,-1.03565089586423,0.691538313713602,-1.50222183790962
885,10394,"s1","m1",-0.676564336191127,-0.63525849712538,-1.20018079880695,0.793938498691834,-1.4579802988418
886,10399,"s1","m1",-0.66963796841812,-0.681304276082372,-0.897950428509863,0.765774814374505,-2.18782687070277
887,10401,"s1","m1",-0.651727914036085,-0.600530657917459,-0.872550564440293,0.837840849634982,-3.27505154603395
888,10402,"s1","m1",-0.635128840796406,-0.679119032276482,-1.14578291845688,0.829813771494487,-2.89818977581428
889,10405,"s1","m1",-0.629839332095326,-0.71028001622838,-0.992551879926834,0.703400007314029,-1.70168535225817
890,10425,"s1","m1",-0.601659472523949,-0.645617540339633,-1.46424064903099,0.843957217967125,-3.9088497737071
891,10456,"s1","m1",-0.648468495906638,-0.703603089809926,-0.897520288675048,0.662126184514199,-2.29390583262779
892,10461,"s1","m1",-0.67199421481588,-0.648199207395274,-1.27463444761465,0.793689029523924,-2.26473649701474
893,10477,"s1","m1",-0.653942138698346,-0.637795578609784,-0.686495798738693,0.882990275274601,-1.82537471656072
894,10485,"s1","m1",-0.602064976586209,-0.577684851967742,-0.977982002210311,0.912837067359606,-3.14085810329479
895,10495,"s1","m1",-0.561946705388393,-0.606376038099708,-0.793582419892004,0.840758748180928,-2.48797050105236
896,10502,"s1","m1",-0.63901928240232,-0.678260067923962,-1.08745454713969,0.815730147858183,-1.25901493521514
897,10514,"s1","m1",-0.65061102399944,-0.629196393339177,-0.896455808771582,0.797581301311854,-2.03209280444809
898,10520,"s1","m1",-0.632221497353583,-0.592587093338808,-1.22285064283015,0.890630118711367,-2.20681093874249
899,10523,"s1","m1",-0.71893374781345,-0.631407743625835,-0.815679009912173,0.711842585539843,-1.63829590408654
900,10537,"s1","m1",-0.642230472120849,-0.699657271640018,-1.33995477434369,0.877726191241323,-1.35695525100213
901,10538,"s1","m1",-0.68635072794523,-0.64882536310214,-0.964896319006685,0.796453820123667,-2.78714787694072
902,10542,"s1","m1",-0.723749570279567,-0.682976172489525,-1.56255135979258,0.589200227054857,-0.991354814645766
903,10550,"s1","m1",-0.651966775364052,-0.650417774040601,-0.880205743950501,0.751488404406429,-1.92992884987081
904,10565,"s1","m1",-0.615332692785274,-0.579464388439464,-0.807865610256518,0.838354804595968,-3.28860710554435
905,10566,"s1","m1",-0.672736248774954,-0.640875040773314,-1.76803417714136,0.819049551473572,-2.11287578097661
906,10597,"s1","m1",-0.649050536562167,-0.627921817582266,-1.21603198778336,0.83916790483962,-2.3952483683526
907,10612,"s1","m1",-0.625824075550151,-0.658448157738482,-1.07213949617246,0.815215124021756,-2.44014745115807
908,10631,"s1","m1",-0.659556396157205,-0.640678353909715,-0.999964701853929,0.793775414920603,-2.87260768630743
909,10650,"s1","m1",-0.646732751817573,-0.604394056722107,-0.804524770973813,0.776258937071959,-2.19833316704186
910,10652,"s1","m1",-0.664827201307401,-0.662018167045317,-1.20040492500162,0.874927439136377,-1.90367008750095
911,10653,"s1","m1",-0.627152337527432,-0.65280398995726,-0.871772933722459,0.74881157827527,-1.89113675905119
912,10696,"s1","m1",-0.691688845437924,-0.64803066579075,-1.31596560563098,0.742174575113575,-1.96501928702969
913,10709,"s1","m1",-0.574872556169123,-0.632002617039561,-1.01269080377427,0.846513327886434,-3.41890942983721
914,10712,"s1","m1",-0.63377109398753,-0.633436836191286,-1.00271736939935,0.80820637982085,-2.71144451304619
915,10714,"s1","m1",-0.653333889812692,-0.610549928954872,-1.31677335826048,0.796802091978722,-2.41372581776934
916,10759,"s1","m1",-0.622855051139055,-0.645262334202113,-0.54538886489621,0.776158523967626,-2.55196811096869
917,10801,"s1","m1",-0.63743291993501,-0.597995851418579,-1.14436504775609,0.822187396527352,-2.73657219271174
918,10806,"s1","m1",-0.718503781225853,-0.694945242646765,-0.721848824147285,0.627709824543912,-1.09763751444171
919,10808,"s1","m1",-0.645348145801969,-0.650519303040364,-1.03208771326604,0.821812871457402,-2.87858590108706
920,10813,"s1","m1",-0.666131644903452,-0.668766340802826,-1.15988471461688,0.865172564071057,-1.60857791014282
921,10815,"s1","m1",-0.62401018700495,-0.588186441094577,-0.563857107086956,0.734806030020684,-3.34096227903378
922,10822,"s1","m1",-0.638101754533238,-0.616057202482876,-1.19890331434184,0.857621027655127,-2.62565404024996
923,10823,"s1","m1",-0.646333540185625,-0.658794134650176,-0.768454291409057,0.789514774175665,-2.07880032004095
924,10829,"s1","m1",-0.638585925444826,-0.589762636437436,-0.664220265701619,0.885361427324438,-3.40207627653063
925,10830,"s1","m1",-0.646828309355155,-0.638695535156091,-0.833065603262713,0.814242599677835,-2.40934286901987
926,10831,"s1","m1",-0.634339788284459,-0.628203757625399,-0.84141254416888,0.786582169339199,-2.3067043788941
927,10835,"s1","m1",-0.653994330686584,-0.63034599091651,-1.06590442863168,0.67505100527099,-2.44813305662577
928,10837,"s1","m1",-0.698426619365357,-0.694106024019005,-1.10329726506612,0.757178391761905,-1.67845901975248
929,10838,"s1","m1",-0.596849708991277,-0.553822503775253,-0.997152789684008,0.857859099002694,-2.89937597526616
930,10895,"s1","m1",-0.657677363241385,-0.696845994043657,-1.13611986729333,0.714385442978145,-2.42988822814325
931,10900,"s1","m1",-0.697610015292669,-0.637740162400137,-1.01267078967109,0.823477544950033,-1.99040599772877
932,10911,"s1","m1",-0.650829333945291,-0.698137146715501,-1.55976838674858,0.70299408128081,-2.21859349197441
933,10913,"s1","m1",-0.625253646061171,-0.651216738605033,-0.90209307517254,0.826658536459728,-2.5882833780856
934,10914,"s1","m1",-0.642385425716439,-0.57730364807407,-0.814076876254562,0.917175326225136,-2.11029239386275
935,10918,"s1","m1",-0.66792679818036,-0.604591050265194,-0.834815341509409,0.775250054595839,-1.39486852019474
936,10935,"s1","m1",-0.656531529356639,-0.651571978374126,-1.57503734842119,0.735703968081866,-2.49244152800294
937,10958,"s1","m1",-0.623598349178201,-0.606581962158204,-0.762988450492898,0.779518171129423,-3.20328553417959
938,10959,"s1","m1",-0.734771557073438,-0.606591749466372,-1.48666644801573,0.83952201231431,-2.1626734895648
939,10966,"s1","m1",-0.698319684724091,-0.644343595275741,-0.728966238860225,0.721723195879972,-3.25020963970485
940,10968,"s1","m1",-0.672317267631377,-0.686073438474748,-1.07506953127326,0.752224787942614,-1.85844789218054
941,10983,"s1","m1",-0.634955719028304,-0.613384552515596,-1.37688860222724,0.780039204742164,-3.09546267488037
942,10992,"s1","m1",-0.631656025668022,-0.640884485850322,-0.998352007268601,0.854502528970742,-1.94263243615891
943,11010,"s1","m1",-0.626436215005315,-0.626790301281844,-0.789844853885537,0.787721780449334,-1.7756965934411
944,11045,"s1","m1",-0.61129499222438,-0.667751537843832,-1.20149315728762,0.733375017215691,-2.39016358147004
945,11057,"s1","m1",-0.615397111789407,-0.660965505920214,-0.68930326053726,0.768611993269413,-1.93545203387081
946,11062,"s1","m1",-0.65533755288203,-0.703954240490942,-0.740508547208127,0.745824481042502,-1.61460119892019
947,11107,"s1","m1",-0.592843952165497,-0.681531633047147,-1.10928873108671,0.706171483666054,-2.29886111407324
948,11111,"s1","m1",-0.58780687750818,-0.57952022849716,-0.685223955061813,0.738755503554015,-3.03716005056475
949,11129,"s1","m1",-0.618113897447064,-0.693886266899615,-0.409538213706233,0.712150515124462,-1.32210152886785
950,11139,"s1","m1",-0.636311407268865,-0.735945699924627,-0.92962143435506,0.801936077933352,-1.49945503679635
951,11153,"s1","m1",-0.666252839791809,-0.633797270152851,-1.16436920095336,0.750661434196454,-2.30091934333211
952,11170,"s1","m1",-0.643058009501973,-0.635709960726613,-1.09604073343351,0.793453352098292,-2.18026512824484
953,11175,"s1","m1",-0.551711897814039,-0.62723743734613,-0.680348565800447,0.805234720253873,-3.4805596832164
954,11193,"s1","m1",-0.61152159633012,-0.626642861947934,-0.976694332260402,0.925048272817534,-1.91672377657434
955,11210,"s1","m1",-0.62437927198004,-0.59077934378548,-1.2540379219065,0.814054830367076,-2.50717161242351
956,11233,"s1","m1",-0.59620305614269,-0.649535426685753,-1.18134123981296,0.807612921686405,-2.77536833429948
957,11235,"s1","m1",-0.667431853150416,-0.664611263415881,-0.646804580738918,0.736391717461148,-2.08421901680736
958,11242,"s1","m1",-0.665997788320892,-0.618512516808444,-1.12505221387301,0.713307103313935,-2.68224943476235
959,11250,"s1","m1",-0.63536950031236,-0.605128538134901,-0.601387441761159,0.83091786423226,-1.50455502253864
960,11267,"s1","m1",-0.638017549029025,-0.623847053234201,-1.3484774417028,0.750546464396681,-2.86202031373946
961,11280,"s1","m1",-0.686458756357779,-0.698024110257274,-1.19550261633518,0.661847077775927,-1.9769929865615
962,11299,"s1","m1",-0.698925167022845,-0.680084245580258,-1.62503903689675,0.631820206066127,-2.03404264341141
963,11318,"s1","m1",-0.640996510838374,-0.646351436581984,-1.00529194356207,0.878628316315691,-2.74656013439808
964,11321,"s1","m1",-0.687648166440581,-0.67031909437509,-0.5569385092338,0.714022206080936,-1.88703434685191
965,11324,"s1","m1",-0.665677190177892,-0.638430612661181,-0.966989164808871,0.773771335221466,-2.01673046979934
966,11336,"s1","m1",-0.703817544912401,-0.646673597066082,-0.633522986285805,0.637570604768411,-2.19802543891611
967,11347,"s1","m1",-0.631019316318833,-0.683766068657059,-0.976897177662006,0.702164117199515,-1.48952969367796
968,11348,"s1","m1",-0.661499622172911,-0.596785670535013,-1.22230965325443,0.829284731469311,-2.22138289406968
969,11368,"s1","m1",-0.676299485148793,-0.612473127602043,-1.053836919343,0.833058884290623,-1.81861292446293
970,11370,"s1","m1",-0.656964683233927,-0.590408247039845,-0.559483027089795,0.790178121189054,-2.73180137544774
971,11374,"s1","m1",-0.686900053688118,-0.556097002457702,-1.03567861294289,0.884365414342052,-1.94558552097948
972,11383,"s1","m1",-0.619163803057779,-0.706938828498144,-1.41650982847841,0.831155317582616,-1.47586565865784
973,11384,"s1","m1",-0.63039569772202,-0.684083683863071,-1.03246954477654,0.755394884677705,-1.63435185643923
974,11404,"s1","m1",-0.637652841135483,-0.63024761028104,-0.813069876671587,0.800219818506006,-2.49022499888643
975,11406,"s1","m1",-0.627199666074131,-0.680074703927177,-0.947954841866377,0.779771311753527,-1.77614591261645
976,11440,"s1","m1",-0.737037233854752,-0.658083100853258,-2.17526912712561,0.600688306765338,-2.1238980462415
977,11443,"s1","m1",-0.696380385759802,-0.648052214578127,-1.00584498336308,0.657167338380874,-2.94517208567656
978,11464,"s1","m1",-0.64045448315918,-0.586911375671033,-0.815567027467732,0.851327605276406,-2.42908309765765
979,11499,"s1","m1",-0.593465356619122,-0.576854239796467,-0.836784790649996,0.895193730355948,-2.32596828075371
980,11505,"s1","m1",-0.70047542010091,-0.624181604674006,-1.39811925124505,0.739415385850996,-1.76471221017495
981,11510,"s1","m1",-0.625641059794843,-0.597542763248337,-0.919333338103165,0.811350807416389,-3.10756134087649
982,11512,"s1","m1",-0.621526813267991,-0.5857107463751,-0.887064392992931,0.916189641196373,-1.64597545196732
983,11537,"s1","m1",-0.616445723567445,-0.601782760010723,-0.719186739750103,0.780398274185926,-2.31263723128745
984,11538,"s1","m1",-0.620359259330855,-0.655242202160591,-0.919957892008438,0.729944203625246,-2.77601884832625
985,11552,"s1","m1",-0.623503646730413,-0.598766310249521,-0.587651870891605,0.87721341100704,-3.00489322375291
986,11563,"s1","m1",-0.677464382461207,-0.623424691855595,-0.508637696735368,0.783323403997245,-2.66968135497132
987,11580,"s1","m1",-0.681712157399174,-0.642920681264303,-1.02169262537605,0.804227707619343,-1.86744840282997
988,11615,"s1","m1",-0.659369965023298,-0.666497085950078,-1.01892190495296,0.80570082345787,-2.39826085884163
989,11620,"s1","m1",-0.6425407769115,-0.627506896727293,-0.494438769438375,0.912768397954854,-2.70433395417255
990,11632,"s1","m1",-0.665057570393385,-0.611278964663356,-0.732332804377153,0.889212779225197,-2.04640877379944
991,11648,"s1","m1",-0.67904484628237,-0.635184643171805,-1.16648317501724,0.722708729094965,-2.48799603186145
992,11658,"s1","m1",-0.636223556107289,-0.598784213379115,-0.801340930422829,0.79367645923183,-2.54589037564034
993,11662,"s1","m1",-0.65566780270027,-0.553948415366586,-1.25345428289053,0.79957826158712,-2.66748215312988
994,11674,"s1","m1",-0.602244559353927,-0.65127706003423,-0.685673588035867,0.880988239535407,-2.72889466030294
995,11685,"s1","m1",-0.610075658184158,-0.559069843105433,-0.592365268343195,0.9042088321456,-3.13894256342187
996,11693,"s1","m1",-0.630270625555524,-0.701008121013391,-0.907188309762975,0.827537459763978,-3.62626252772491
997,11694,"s1","m1",-0.665874856251396,-0.763464685700872,-0.652179341592327,0.774837408841373,-1.6712887556029
998,11723,"s1","m1",-0.717344141056239,-0.669574851481728,-1.21105386949065,0.784390393106604,-1.66451275078937
999,11759,"s1","m1",-0.680744293621153,-0.664840475921284,-1.23686479167192,0.785323329078916,-2.7001885366164
1000,11760,"s1","m1",-0.669836466468389,-0.707821828881655,-1.0956034405133,0.673145167939273,-2.3968484135167
1001,11776,"s1","m1",-0.629260072893427,-0.62963602461015,-0.930135578150869,0.758590681282534,-2.57531169420145
1002,11779,"s1","m1",-0.679519763814924,-0.643085543157419,-0.861117804284283,0.666904706200628,-2.16948371756948
1003,11782,"s1","m1",-0.56693751744844,-0.591751426586602,-0.979523396894466,0.929363316834157,-2.32498939891388
1004,11801,"s1","m1",-0.646612278277788,-0.647792663285243,-0.976397128554947,0.936006352473393,-2.92581626307694
1005,11820,"s1","m1",-0.60016952886479,-0.586153838943343,-1.36127585030507,0.824636696893102,-1.6599878575744
1006,11868,"s1","m1",-0.69832647948439,-0.635669322641823,-0.767397814321207,0.724774793370996,-2.23873820291309
1007,11901,"s1","m1",-0.64553537397727,-0.674280485805148,-0.997161799324796,0.823886015734299,-2.12550671852994
1008,11907,"s1","m1",-0.60607913388388,-0.637042220204733,-0.715759754895014,0.895159179324815,-1.36558774849009
1009,11912,"s1","m1",-0.682027846724291,-0.578509631978581,-0.941169588916956,0.641035429045767,-1.69298396211787
1010,11916,"s1","m1",-0.692802286728023,-0.680393030993974,-1.29209402401814,0.786552444564352,-1.31017430419641
1011,11919,"s1","m1",-0.669451930072645,-0.643118726001357,-0.66799888403479,0.81837711007095,-2.48942921673671
1012,11924,"s1","m1",-0.693519057072843,-0.653959311091931,-0.829207613909744,0.769912373697512,-1.55922589597476
1013,11925,"s1","m1",-0.62097827873154,-0.584702512689135,-0.796381420105294,0.827146232204448,-2.35926949251059
1014,11932,"s1","m1",-0.609680758314886,-0.610848014286001,-1.02857092384353,0.94252029867124,-4.70810990827477
1015,11943,"s1","m1",-0.692303301216469,-0.630016163990512,-1.37224068857311,0.679232536652517,-1.56060906127653
1016,11971,"s1","m1",-0.599928418760011,-0.609884543173459,-0.908228462351671,0.956780674755373,-2.00782523303345
1017,11993,"s1","m1",-0.597487416182712,-0.691960324030527,-0.920807508775037,0.770800235826872,-2.41542714228298
1018,12000,"s1","m1",-0.661138640778558,-0.660861880130465,-1.17668239615725,0.740973036206981,-2.46186867065762
1019,12001,"s1","m1",-0.65045750058666,-0.58326201839431,-0.903038467253454,0.908991510186667,-1.86244683850618
1020,12004,"s1","m1",-0.628988013399802,-0.635372916964162,-0.982737392546423,0.856081039879059,-2.89584682928887
1021,12005,"s1","m1",-0.591859243257078,-0.619216286797072,-0.823276292542461,0.711377870939854,-2.17524263865421
1022,12016,"s1","m1",-0.582769101265726,-0.602993454709018,-0.640088369924517,0.823481226634968,-2.3028451008387
1023,12035,"s1","m1",-0.696435015834736,-0.647538896049285,-0.949007178989898,0.719159231965167,-1.82155250084969
1024,12045,"s1","m1",-0.670145278329834,-0.710267098120506,-1.12444315047693,0.80341623937787,-2.06620383188516
1025,12048,"s1","m1",-0.777547644970123,-0.669571276564328,-1.55484519212618,0.799112566215182,-1.51227037994555
1026,12055,"s1","m1",-0.668553962675756,-0.719204458099063,-1.13162454360412,0.774340394092539,-1.75666788039583
1027,12061,"s1","m1",-0.655147653318596,-0.634613250963205,-0.680808450091128,0.820015343140113,-2.0536051229349
1028,12065,"s1","m1",-0.592782874256363,-0.64006701365252,-1.19260039526749,0.869281396677939,-2.25415353311144
1029,12069,"s1","m1",-0.679813514743716,-0.710638914842476,-1.23894589138855,0.729760954006257,-1.03096413884166
1030,12080,"s1","m1",-0.702268688522919,-0.696063342116954,-1.05467224197239,0.667320451633187,-1.43120013338814
1031,12082,"s1","m1",-0.674016820936909,-0.706912137953072,-1.03096529455319,0.733244084118597,-1.96158232506851
1032,12086,"s1","m1",-0.733781091587453,-0.68736057554934,-1.06459334575499,0.643881258001773,-1.70558310609463
1033,12094,"s1","m1",-0.741025714888725,-0.713966384402597,-1.34762621570451,0.752112839828634,-1.19230201403664
1034,12118,"s1","m1",-0.639319617664231,-0.609150123815454,-0.906210537234879,0.781147362357924,-2.586684533161
1035,12125,"s1","m1",-0.653062415242939,-0.588545045875929,-1.09048054032015,0.732198925040893,-2.11048551680223
1036,12130,"s1","m1",-0.681699027992069,-0.614643137182509,-0.662385124653998,0.794089486250193,-2.42994390991254
1037,12133,"s1","m1",-0.655665496847613,-0.709153919102717,-1.2851857713848,0.800585788821992,-2.82410115632679
1038,12158,"s1","m1",-0.700053673871289,-0.597310932168709,-1.3066765699038,0.74037731386648,-3.15368253085207
1039,12178,"s1","m1",-0.665760229258808,-0.638472277543055,-1.58272247120347,0.809572558409025,-1.89614677945433
1040,12210,"s1","m1",-0.58980237800007,-0.587352651251345,-0.418164292446146,0.80598356790979,-2.32188271284003
1041,12225,"s1","m1",-0.64885717333465,-0.629532344058775,-1.04200378233361,0.811805137150884,-2.34534603643944
1042,12228,"s1","m1",-0.644671513583846,-0.658259054305413,-0.947478395955642,0.8328209108437,-2.24996346541642
1043,12238,"s1","m1",-0.594096253017972,-0.576385323744875,-0.692512863688435,0.897248598658562,-3.30492570433265
1044,12244,"s1","m1",-0.626764745034272,-0.593588750665038,-1.02278582044514,0.78974095890562,-3.2513002403784
1045,12259,"s1","m1",-0.644146023326625,-0.631417478377944,-1.19401342664191,0.787509884995796,-3.17869569444945
1046,12261,"s1","m1",-0.649482890698359,-0.654795463352382,-1.66902275064171,0.769368088686264,-2.17815111943577
1047,12266,"s1","m1",-0.625075825711218,-0.628007832401059,-1.31102617514692,0.723453857795496,-2.52804128519003
1048,12279,"s1","m1",-0.671395227049078,-0.63626358504707,-0.851399037447174,0.724499480492563,-2.22893134832846
1049,12294,"s1","m1",-0.664519197830903,-0.617054984053286,-0.596247604775472,0.827531870094018,-1.56795652445917
1050,12295,"s1","m1",-0.651059783266315,-0.633614245384093,-0.466370353144582,0.708423216868793,-3.03805725014187
1051,12296,"s1","m1",-0.6533238910087,-0.678348439266278,-1.39050324164379,0.714062739845454,-2.37840815321348
1052,12298,"s1","m1",-0.630600825744467,-0.611694567833116,-1.47803482168457,0.88656272758184,-2.10957592403948
1053,12309,"s1","m1",-0.690138034937964,-0.638041050723873,-1.55527054306233,0.701618163127023,-2.3067817253621
1054,12315,"s1","m1",-0.701629821991808,-0.628733725148068,-1.15846728689419,0.761592961347706,-1.29256570627784
1055,12325,"s1","m1",-0.759035297655183,-0.678519575100284,-1.203081961666,0.726821019244478,-2.26908746108591
1056,12332,"s1","m1",-0.64542727831792,-0.685170692298018,-1.31614072165271,0.71758956147475,-2.00246951050186
1057,12334,"s1","m1",-0.714629611061792,-0.627042572433979,-1.5261617095342,0.541402547249369,-2.06702023818561
1058,12366,"s1","m1",-0.671680237088842,-0.64324474169154,-1.16725445712258,0.7736885652369,-3.83645337147372
1059,12371,"s1","m1",-0.617131749399934,-0.641639503591402,-0.887964362079201,0.806561500321913,-2.80451658800958
1060,12383,"s1","m1",-0.65852088494697,-0.626512511805338,-0.828141798062119,0.904773767260795,-2.2507376455181
1061,12387,"s1","m1",-0.622473470457123,-0.641445014158956,-0.933365039191106,0.810869458214314,-2.14922228734859
1062,12396,"s1","m1",-0.670192058983034,-0.658166589511931,-0.612287988120095,0.822768001723245,-2.23916900859512
1063,12410,"s1","m1",-0.601426138780258,-0.587067577243184,-1.24248907123137,0.872359589048907,-2.78233947716841
1064,12456,"s1","m1",-0.681875870562968,-0.712950269707301,-0.910920966637892,0.63322969997665,-2.01233716186863
1065,12460,"s1","m1",-0.703277916766072,-0.749343949679198,-1.17808284279099,0.6317544713568,-0.969681604799583
1066,12465,"s1","m1",-0.594004671479748,-0.604489185424206,-0.596406040068478,0.82533088755346,-2.64587847762898
1067,12497,"s1","m1",-0.69128786589303,-0.635128160344839,-0.797729026092126,0.795658540675364,-2.08983069247216
1068,12510,"s1","m1",-0.610854628149134,-0.630727959638736,-1.54253387298869,0.8109425982424,-2.14349202677431
1069,12527,"s1","m1",-0.60889527930148,-0.584293111650673,-1.12394978434088,0.893862175812598,-2.35328414475392
1070,12537,"s1","m1",-0.632614618254754,-0.656601937346931,-0.922563383085335,0.889532326818943,-1.98464273097893
1071,12568,"s1","m1",-0.652831021648338,-0.62533375254422,-0.771015246809489,0.693046237430533,-2.54389777256928
1072,12580,"s1","m1",-0.710714897765798,-0.670292074804729,-1.67303646474869,0.63089644177445,-2.01855992505014
1073,12581,"s1","m1",-0.650759500145695,-0.700982705724256,-0.836451630135199,0.719879883712527,-1.3837982872327
1074,12583,"s1","m1",-0.652086160195477,-0.606582654974457,-1.0216246010142,0.751564570266041,-2.44530730371683
1075,12584,"s1","m1",-0.616870936189615,-0.604610314104028,-0.823908273249778,0.686829209903348,-2.30599142147884
1076,12587,"s1","m1",-0.671093976195368,-0.559790804287092,-1.20000622598204,0.814334587925708,-2.28287829773978
1077,12637,"s1","m1",-0.650352870708917,-0.623394091566601,-0.980023958303663,0.763247203931503,-2.45025312767963
1078,12640,"s1","m1",-0.648016816359268,-0.563075118746955,-0.507001917757691,0.838300762472272,-2.21892176901994
1079,12644,"s1","m1",-0.631059584193089,-0.649734652206335,-1.15297714225626,0.722756562521792,-1.99842105131161
1080,12657,"s1","m1",-0.674395823386562,-0.736541153150855,-1.1553177165265,0.66083537101756,-1.41991951934099
1081,12663,"s1","m1",-0.598037075608363,-0.661308755878201,-0.766798473744121,0.741782943350798,-2.61414980985412
1082,12665,"s1","m1",-0.587629681660444,-0.629699446793326,-0.758389715085051,0.885766304263099,-2.94492180035
1083,12667,"s1","m1",-0.710360706682907,-0.676915206991986,-0.694808847403531,0.801867984453633,-1.4462143252159
1084,12698,"s1","m1",-0.663437021984322,-0.686988430522048,-0.63558139166334,0.738862460512741,-2.48346782234243
1085,12705,"s1","m1",-0.681309365215798,-0.649212324503795,-0.991042761733493,0.721243380525349,-1.84695638821559
1086,12707,"s1","m1",-0.67904842235722,-0.654178515964696,-1.01360303919864,0.893383260417066,-1.05527202156791
1087,12708,"s1","m1",-0.603641851893417,-0.590323659412526,-1.25629153171666,0.83400410797249,-2.86027930750312
1088,12709,"s1","m1",-0.627694143474929,-0.603571893238256,-1.02252104007658,0.794406922820527,-2.36346803977206
1089,12717,"s1","m1",-0.669413573905738,-0.648997989222542,-0.664483176014814,0.704753790386878,-1.79094282931274
1090,12728,"s1","m1",-0.720742852932154,-0.732601727638994,-1.63958886330365,0.65655181415929,-2.075416840006
1091,12744,"s1","m1",-0.605809135208981,-0.612208728594189,-0.890095614928325,0.821596028295274,-2.18750749150656
1092,12767,"s1","m1",-0.597612419660384,-0.669550569386405,-1.3427680986265,0.835226797877043,-2.24972718834255
1093,12781,"s1","m1",-0.669932846372276,-0.652173034497391,-1.07113497357749,0.758802923081036,-1.64338095071709
1094,12802,"s1","m1",-0.713246037009844,-0.70369575379527,-0.920173069844009,0.729194533652561,-1.40039484991654
1095,12803,"s1","m1",-0.611886268655774,-0.587506861373315,-0.768171700831702,0.862223098422097,-1.86218899880439
1096,12808,"s1","m1",-0.647791584272276,-0.642181777860533,-0.654223037437021,0.815026524151918,-2.04487625805327
1097,12811,"s1","m1",-0.668064798659874,-0.727284439066438,-0.950411120006816,0.739908367729083,-1.62231389709799
1098,12817,"s1","m1",-0.60562850970523,-0.66052129520769,-0.856430583993215,0.846533117588096,-1.89226673712373
1099,12833,"s1","m1",-0.743064826364105,-0.710264475655439,-0.970820641581524,0.692309527867893,-1.78321824550332
1100,12846,"s1","m1",-0.684021273120867,-0.691212586879095,-1.31905400914607,0.738414489516394,-1.29809447792803
1101,12864,"s1","m1",-0.692900190450446,-0.590517490794314,-0.576725432473894,0.793067849042231,-1.71133418679991
1102,12883,"s1","m1",-0.740839005324519,-0.583633748273988,-0.714536540741387,0.772398134305545,-2.90122244223661
1103,12886,"s1","m1",-0.639019749328431,-0.733190219882363,-1.34931748730004,0.780598752756113,-2.75208567265509
1104,12918,"s1","m1",-0.687919953340286,-0.66357261689296,-1.11508607213939,0.806557736657357,-1.62286810303811
1105,12919,"s1","m1",-0.624991100886586,-0.655007651512352,-0.92461183830141,0.7688608636605,-1.76944934180812
1106,12923,"s1","m1",-0.675832273799536,-0.691771481627248,-1.04552068174245,0.717338300695122,-2.35111200497823
1107,12937,"s1","m1",-0.647363903603794,-0.6233617092754,-0.98860057707329,0.737362808648656,-1.82036289552765
1108,12949,"s1","m1",-0.660506017658916,-0.661328249351806,-1.11452462055509,0.826924646531379,-1.96506688811169
1109,12962,"s1","m1",-0.648741225867094,-0.532212041406276,-0.953924104757089,0.917364270891527,-2.38181538339844
1110,12971,"s1","m1",-0.736492105954199,-0.68384704733225,-0.73110707865415,0.700485097435525,-1.58382577160682
1111,12986,"s1","m1",-0.582877108333201,-0.565777734779826,-0.51358187804635,0.815360963903379,-2.32771962785634
1112,12988,"s1","m1",-0.641647484179018,-0.732460041745856,-0.994937575762179,0.67349387306695,-2.254002082664
1113,13012,"s1","m1",-0.61317557709231,-0.686001477620418,-0.729973059929902,0.819617911374931,-2.01610608381331
1114,13015,"s1","m1",-0.621518900307633,-0.649475557728199,-0.909648387952285,0.762385512317538,-1.54403555099519
1115,13019,"s1","m1",-0.653124183896695,-0.70908277996491,-1.17766169618296,0.679090650676394,-2.05884806649638
1116,13023,"s1","m1",-0.618047140332563,-0.6719219222479,-0.858357002941063,0.846169476257332,-3.26776762734039
1117,13032,"s1","m1",-0.645265918594842,-0.63168854093613,-1.42891974293054,0.818227125092163,-1.49965004394583
1118,13041,"s1","m1",-0.630122412850654,-0.686129906214949,-1.13055390736719,0.750175792033477,-1.45070541995816
1119,13066,"s1","m1",-0.661211681097397,-0.679423792142126,-0.749828844626869,0.609768623574268,-1.10477434466991
1120,13072,"s1","m1",-0.622922841980583,-0.713075096939127,-0.843649415737258,0.660844180329653,-2.10951906326846
1121,13074,"s1","m1",-0.680290312335656,-0.665319254527278,-1.43460669685655,0.564907152598755,-1.81762950957366
1122,13078,"s1","m1",-0.649396320965929,-0.580090363654363,-1.19222553895052,0.862901410754083,-2.89002072097987
1123,13084,"s1","m1",-0.61007053867006,-0.655080665334486,-0.945576412162964,0.824527075563947,-1.24181881165303
1124,13085,"s1","m1",-0.61678025952238,-0.627684733037233,-1.01825283351067,0.955255260636405,-2.45302640613304
1125,13104,"s1","m1",-0.609910948311349,-0.621521516472344,-0.87163644003527,0.917392951722966,-3.04600939014747
1126,13124,"s1","m1",-0.653027517696644,-0.6253402484532,-1.01308021191233,0.722033615558235,-1.88053325883836
1127,13128,"s1","m1",-0.621077989902053,-0.62503862761013,-1.16681775477485,0.901545120279476,-2.17654939933543
1128,13136,"s1","m1",-0.654772331866477,-0.634863616487994,-0.84508369496778,0.773983667993567,-1.78611151071613
1129,13138,"s1","m1",-0.667157317766208,-0.642878383867115,-1.05336081581283,0.675228349552582,-1.90016792570614
1130,13154,"s1","m1",-0.653825493470837,-0.665137357675677,-1.28505806941568,0.821107534457713,-2.09216240452701
1131,13186,"s1","m1",-0.669851796976839,-0.62856903809561,-0.592972545384579,0.724554121521554,-3.08811936760664
1132,13189,"s1","m1",-0.697352704458132,-0.662457381621331,-1.56917979244278,0.815618051376621,-1.35869031841308
1133,13192,"s1","m1",-0.696540095558693,-0.653240452056203,-0.87351866440605,0.717659097455555,-1.2056483158749
1134,13194,"s1","m1",-0.681379646646187,-0.635937470138756,-1.04826906659656,0.693092635721601,-3.22763771619544
1135,13203,"s1","m1",-0.686676936270049,-0.697838011561357,-0.924911595506754,0.710757387268278,-2.19843923586658
1136,13230,"s1","m1",-0.595579596230825,-0.608353920587477,-1.42488954539794,0.89684128445729,-2.71021606758253
1137,13232,"s1","m1",-0.62685734833497,-0.621050599574221,-1.36651162801589,0.766096853342297,-2.22325153706486
1138,13235,"s1","m1",-0.62679948326556,-0.626276387069846,-0.741215018809638,0.859888939791556,-3.22039853859433
1139,13243,"s1","m1",-0.588554539051909,-0.656109023533981,-0.629079994971323,0.805872147282186,-2.16287610643183
1140,13253,"s1","m1",-0.621352919798927,-0.665676428341307,-0.818884765114067,0.77692565784853,-2.34736810739921
1141,13260,"s1","m1",-0.623012975604003,-0.680069215003091,-0.427452552415715,0.883522692627864,-1.52367939938999
1142,13275,"s1","m1",-0.643083701712056,-0.628463901205567,-0.846120535567043,0.76651272938841,-2.21362831421476
1143,13276,"s1","m1",-0.672373266392651,-0.643084722556706,-1.12987772832544,0.744329520998225,-2.14222909462032
1144,13291,"s1","m1",-0.62835807049982,-0.631776687326671,-1.59680503496369,0.806400088512628,-3.9927656223937
1145,13295,"s1","m1",-0.680527062884855,-0.652084009714771,-1.74150706048024,0.687206621339927,-2.22128409574652
1146,13319,"s1","m1",-0.639864163001374,-0.670229058029668,-0.745658103485422,0.725295564946159,-2.03362398542908
1147,13328,"s1","m1",-0.626738224749783,-0.622387749217895,-1.13774735792247,0.789390724733201,-2.52414733035324
1148,13340,"s1","m1",-0.597684693784066,-0.627308780489593,-0.960709727435114,0.77755044042643,-2.48372259946948
1149,13347,"s1","m1",-0.720494345145322,-0.635791086187604,-1.01501531624253,0.762500415775162,-1.90722739675987
1150,13353,"s1","m1",-0.62603864193108,-0.645112886952893,-1.0198108196601,0.760749358586357,-1.97464119104852
1151,13368,"s1","m1",-0.621574645098505,-0.622926873980283,-0.952169624069436,0.895633032817973,-2.31930108378406
1152,13369,"s1","m1",-0.644310907711134,-0.625945759900138,-1.12915591989264,0.844708463273163,-1.78900481401276
1153,13385,"s1","m1",-0.623022918725674,-0.588962058732339,-1.37183838050351,0.855843525565893,-2.42880452877808
1154,13408,"s1","m1",-0.604400956558277,-0.610657182009256,-1.23146965434286,0.817698061429805,-2.17850724209375
1155,13411,"s1","m1",-0.623310625614757,-0.675660660633958,-0.796792665638026,0.791253495570595,-1.92464750612508
1156,13416,"s1","m1",-0.629275728594418,-0.689395273061665,-0.890362069849137,0.767690775065918,-2.20482552129373
1157,13427,"s1","m1",-0.640284241667644,-0.675145348377393,-1.33056108224535,0.704516032484131,-3.59539217493547
1158,13445,"s1","m1",-0.659849776282222,-0.599052726531142,-0.996131639922443,0.739053776305165,-2.27785223479836
1159,13465,"s1","m1",-0.684494199213346,-0.596644446168331,-0.679458453492661,0.787769511987018,-1.89123984231197
1160,13493,"s1","m1",-0.620723093256737,-0.621457100129654,-0.90791271117536,0.777653256231936,-1.94138823694254
1161,13508,"s1","m1",-0.643887811857626,-0.627817237009475,-1.34758935348141,0.788134823244113,-2.77588982564951
1162,13522,"s1","m1",-0.63562403783423,-0.592573806906293,-0.650823930405882,0.806106386919335,-2.14988294047804
1163,13532,"s1","m1",-0.574528199718775,-0.655105647586978,-0.959575123428037,0.88622864440134,-3.45830911586871
1164,13540,"s1","m1",-0.67796180297434,-0.615276245523636,-1.04462850519939,0.750056584888181,-2.38643833174829
1165,13546,"s1","m1",-0.624972952036709,-0.620209283951634,-1.2492590861898,0.681285739371895,-2.87417252854032
1166,13557,"s1","m1",-0.66207862658721,-0.706937720661353,-1.26352417359186,0.725771375098955,-2.36927210808602
1167,13561,"s1","m1",-0.633256260204362,-0.680078571437269,-0.713668780100282,0.76359643865482,-1.97758387613198
1168,13565,"s1","m1",-0.606889513572282,-0.622545617526041,-0.730820340761908,0.778084666257694,-2.6332950941809
1169,13568,"s1","m1",-0.612544134030564,-0.64655667601781,-1.26308574495945,0.758143142551527,-2.21967775308662
1170,13588,"s1","m1",-0.668888668705786,-0.655527991488536,-1.06317490264919,0.69358343929682,-1.81665796863015
1171,13590,"s1","m1",-0.651304423942629,-0.648397142207761,-1.54700238627512,0.792541603707776,-2.10120585472137
1172,13592,"s1","m1",-0.673500101231282,-0.625383429601707,-1.21927628554659,0.702555997913227,-1.83552493115827
1173,13597,"s1","m1",-0.650768712920158,-0.66788954470496,-0.935379839632232,0.71091084267249,-1.64797005263569
1174,13617,"s1","m1",-0.631202254754344,-0.611520958693257,-1.58604293563392,0.793681819526935,-2.00677513579034
1175,13667,"s1","m1",-0.644650577580212,-0.629906676207179,-1.27004391900615,0.812691661080587,-2.34797379339712
1176,13681,"s1","m1",-0.642191222265154,-0.615312228268197,-0.53781735718077,0.822286649989689,-2.21170870789066
1177,13706,"s1","m1",-0.687329625406097,-0.662438770912316,-1.33262674593657,0.792836313284015,-1.92278001626348
1178,13708,"s1","m1",-0.705334237798777,-0.707032126391549,-1.37357764745839,0.703360944114345,-1.4307693971091
1179,13719,"s1","m1",-0.684378010431008,-0.644236226000569,-1.14685821530336,0.858579458477992,-1.92491120913836
1180,13724,"s1","m1",-0.696758907026502,-0.682336831316347,-0.796240709490912,0.748504407128059,-1.29141973014062
1181,13729,"s1","m1",-0.619716082662249,-0.600226157458197,-1.01671600316577,0.869153559450692,-2.10635512443411
1182,13743,"s1","m1",-0.621682198978209,-0.612309159233894,-0.877529310081028,0.824234246331022,-2.0716589298305
1183,13750,"s1","m1",-0.642980672502985,-0.659592347396582,-1.18274410538697,0.713192061915367,-2.65052936516242
1184,13756,"s1","m1",-0.59126145693678,-0.615206199467358,-0.932510245565517,0.830310729244489,-2.65043861553438
1185,13761,"s1","m1",-0.655748072866294,-0.659015000252998,-0.975675930384793,0.67837110766311,-2.35100036442248
1186,13773,"s1","m1",-0.643673931346809,-0.61231146987351,-1.08764840724592,0.865075131434587,-2.63899327211874
1187,13789,"s1","m1",-0.655504514616057,-0.626701357498591,-1.02883155625569,0.808925656937558,-1.50401357480462
1188,13805,"s1","m1",-0.675043096818563,-0.655362358974405,-1.19561810090163,0.741515379514109,-1.35975726030856
1189,13811,"s1","m1",-0.648442344198941,-0.588168300595646,-0.817456291758813,0.834219540827863,-2.9980606433034
1190,13813,"s1","m1",-0.732137469207186,-0.616939239216154,-0.617938411274492,0.827926846503567,-1.71060593750129
1191,13824,"s1","m1",-0.647856826146423,-0.637073443766472,-0.884299390923599,0.889835319967576,-1.98972811299117
1192,13825,"s1","m1",-0.645878821688628,-0.610643980325996,-0.994227958709405,0.854516520125881,-1.48090665261755
1193,13832,"s1","m1",-0.627862472258698,-0.610847234161273,-0.910506789351329,0.876289699693175,-1.99877408026963
1194,13839,"s1","m1",-0.608424349355195,-0.665393501094462,-1.06416315515215,0.813718643286534,-1.87834486076508
1195,13840,"s1","m1",-0.624467404229441,-0.596053515184455,-0.751533325607594,0.786682984229008,-2.74709774118246
1196,13848,"s1","m1",-0.637212970626275,-0.647863440588254,-0.889556397953171,0.678372601839562,-1.85223548012913
1197,13853,"s1","m1",-0.602447877800728,-0.608372214420212,-1.51128363589867,0.78935410392442,-2.30521343196348
1198,13858,"s1","m1",-0.667169159941488,-0.653821957654809,-1.33283319189364,0.792224420647254,-2.11785186022993
1199,13884,"s1","m1",-0.657964396358714,-0.624674224584429,-0.731809964980086,0.816297606658662,-2.20311752042471
1200,13902,"s1","m1",-0.640825218387885,-0.612278401000314,-0.745163753251012,0.77796941620517,-2.86799853546835
1201,13903,"s1","m1",-0.635299741360381,-0.602933590596241,-1.57775900578006,0.75187280242222,-2.73077407065812
1202,13904,"s1","m1",-0.691891989985073,-0.659109211821815,-1.00053604192991,0.788694994922471,-1.71417030086018
1203,13912,"s1","m1",-0.703735782247452,-0.570828384945492,-0.565268766601337,0.768968007070379,-1.38243333394943
1204,13918,"s1","m1",-0.67391141544988,-0.643542417111014,-0.881853013818948,0.82100991705076,-1.44818946058451
1205,13935,"s1","m1",-0.732741523274303,-0.641271739919252,-0.903687387001199,0.728119902710268,-2.40374574584609
1206,13946,"s1","m1",-0.650921058423036,-0.555842040388395,-0.845465388865838,0.849093129424419,-2.20354978264314
1207,13948,"s1","m1",-0.60243599270332,-0.593465000735439,-1.11998066199291,0.851788595996606,-3.26700773951268
1208,13952,"s1","m1",-0.649248391047177,-0.651729028688196,-0.849245646360638,0.69867928768524,-1.72863194441769
1209,13973,"s1","m1",-0.630248989744745,-0.635059325631071,-0.758027963662358,0.773381429743462,-2.22500329368532
1210,13974,"s1","m1",-0.668598002574019,-0.659166537904849,-0.875204019946372,0.834561226745272,-1.68184086253462
1211,13978,"s1","m1",-0.647750050094887,-0.659610089409699,-0.975046713315187,0.762447172338556,-3.14385692189911
1212,13982,"s1","m1",-0.709979328303135,-0.654168137660244,-1.47691149711583,0.781844104660904,-1.47834048840128
1213,13999,"s1","m1",-0.655293580338622,-0.668935234964112,-1.4484297850243,0.847710742445606,-2.37745428324952
1214,14004,"s1","m1",-0.63793060620119,-0.608691091777763,-0.688258604735436,0.82101828359216,-2.15153128120721
1215,14024,"s1","m1",-0.675516138102628,-0.680024376672571,-0.927762317800843,0.881992151863639,-1.74712408407212
1216,14034,"s1","m1",-0.641817540049615,-0.705241524926127,-0.929728635592129,0.839185033378719,-1.85977761452265
1217,14048,"s1","m1",-0.668680302931741,-0.673630318005268,-0.715186415595779,0.741683173702838,-1.29062930914814
1218,14050,"s1","m1",-0.638447103320243,-0.62395707689252,-1.43443453854859,0.813824225825889,-2.09490625466293
1219,14061,"s1","m1",-0.679837006197939,-0.631921793486304,-0.97503638701072,0.784199337994417,-1.94836020814
1220,14094,"s1","m1",-0.676217564807374,-0.619758745346484,-0.71622205875064,0.888206248773431,-2.25267664334884
1221,14108,"s1","m1",-0.674268559771249,-0.675836612122865,-0.746807918067764,0.734242975200255,-2.00815992810128
1222,14115,"s1","m1",-0.612874140728385,-0.632992932166428,-1.16125117379136,0.667327814016333,-2.56476739651922
1223,14137,"s1","m1",-0.707869113340734,-0.604060952169474,-0.997181102406904,0.778238318677423,-1.98126853397143
1224,14144,"s1","m1",-0.67052062701888,-0.584622171258875,-0.868179175405384,0.847771405726886,-1.44656694527435
1225,14169,"s1","m1",-0.709525806726086,-0.585344066702444,-1.08323586482768,0.888196717018506,-2.01627325925532
1226,14178,"s1","m1",-0.638314477029615,-0.59440931145331,-0.751290052690773,0.864843505058435,-3.16455230574316
1227,14187,"s1","m1",-0.668712511190225,-0.669439268031066,-1.6230232316875,0.675145640624263,-2.40947500307371
1228,14190,"s1","m1",-0.660175563694103,-0.595610238645878,-0.588108976215526,0.833492174693564,-2.46045374817149
1229,14195,"s1","m1",-0.667397162319919,-0.687392520985395,-1.9857635567753,0.703839505423129,-1.5143552734469
1230,14200,"s1","m1",-0.658598607732973,-0.67059359703751,-1.11960983635652,0.796177403054132,-1.55693026849611
1231,14205,"s1","m1",-0.703147990286826,-0.662452394661684,-1.23892147542281,0.676835029877928,-1.98946641949875
1232,14214,"s1","m1",-0.704681251229641,-0.656967145010278,-0.927821124853773,0.683397194546957,-2.40271141520762
1233,14216,"s1","m1",-0.595830968363021,-0.616926169063779,-1.29624396521045,0.857608713950822,-3.02230174743642
1234,14217,"s1","m1",-0.661985235391101,-0.719903471240394,-1.11140551445116,0.795139449846564,-1.43974385536589
1235,14218,"s1","m1",-0.6377480348149,-0.620718651870961,-0.867310723871132,0.750389591897877,-1.81550049377467
1236,14220,"s1","m1",-0.697680693960585,-0.654878064192474,-1.39002490123627,0.676220773604861,-2.30841197802948
1237,14222,"s1","m1",-0.672114526406584,-0.692225851155853,-1.10520895427779,0.698228201496707,-2.92129961560504
1238,14247,"s1","m1",-0.680167482571297,-0.659168577115086,-1.35747739756087,0.714055945220024,-1.563556713246
1239,14259,"s1","m1",-0.68547227880351,-0.654024752383141,-0.506529439245952,0.702906587485287,-1.6387191528029
1240,14260,"s1","m1",-0.660693317085575,-0.664425707511933,-0.563781720078077,0.803498284478684,-3.43320369595795
1241,14263,"s1","m1",-0.685031922159098,-0.690991648835742,-1.02568816211311,0.733828825889288,-2.48072966888727
1242,14280,"s1","m1",-0.56875594822186,-0.608314265021383,-0.778120457240285,0.840722855858794,-3.53646772803294
1243,14283,"s1","m1",-0.657958235243087,-0.706900247716959,-0.845440140044037,0.676680259759471,-2.19267910761341
1244,14302,"s1","m1",-0.669551356964001,-0.619288174075028,-1.01362128301364,0.741023861572747,-2.34636149832373
1245,14305,"s1","m1",-0.645088984886386,-0.647865699589798,-1.01196942050601,0.902717981362355,-2.08562621728412
1246,14312,"s1","m1",-0.678876962276421,-0.763591142760308,-1.48887102229238,0.738792086976057,-1.65805039126601
1247,14324,"s1","m1",-0.623497612685371,-0.66881022675821,-0.620879898058067,0.735187542318364,-2.60217877878166
1248,14330,"s1","m1",-0.670204101654568,-0.60835696155294,-1.05906242626633,0.869115852066613,-2.47203179603682
1249,14334,"s1","m1",-0.694882926832631,-0.614475204512083,-1.21935768909436,0.752984547259653,-1.59272910901506
1250,14340,"s1","m1",-0.640371346267019,-0.69536866498993,-0.801529079116717,0.766237882201722,-3.50022503126174
1251,14345,"s1","m1",-0.663793480816822,-0.643166206902798,-1.24054058094893,0.74531137059056,-2.69183160338931
1252,14355,"s1","m1",-0.630070693000207,-0.696892776660811,-1.06005415592807,0.768794401262871,-1.80068586666315
1253,14365,"s1","m1",-0.669133141663967,-0.669544168982255,-1.015885525669,0.77541502526696,-2.83876039857149
1254,14389,"s1","m1",-0.738334892334155,-0.5739132959282,-0.612409390571357,0.764495435606574,-1.86916639201162
1255,14392,"s1","m1",-0.620064798734581,-0.594701464516816,-0.656208740215645,0.889462431252667,-3.31485125400599
1256,14395,"s1","m1",-0.673622169559482,-0.587418567229189,-0.753104347730647,0.79067592668377,-2.1100103694652
1257,14404,"s1","m1",-0.667913030197375,-0.614810473218166,-0.788601649198564,0.74676724588451,-2.19574808992128
1258,14418,"s1","m1",-0.617619947616231,-0.707032800183889,-1.09501776358094,0.815926044195889,-1.77810553677417
1259,14424,"s1","m1",-0.701868660572612,-0.671779701512698,-1.13108661588898,0.738404010821038,-2.24342430533178
1260,14436,"s1","m1",-0.714850156477053,-0.644621041009848,-1.08081236926856,0.718791525803636,-2.4136145618935
1261,14447,"s1","m1",-0.66950533458596,-0.592434974687432,-0.598785649217634,0.745236731079941,-1.52416972063788
1262,14456,"s1","m1",-0.6126143323569,-0.626655253413953,-0.871860359686226,0.899116644793282,-2.04902930065334
1263,14457,"s1","m1",-0.653490132419729,-0.589749529807396,-0.88218665587025,0.810997911911382,-2.17386070076393
1264,14469,"s1","m1",-0.654220714786276,-0.658669720040142,-1.16075798169835,0.795993892961988,-2.40545422068943
1265,14485,"s1","m1",-0.609130293812006,-0.577284944552422,-0.738484738560893,0.854161510284933,-2.69479158705964
1266,14491,"s1","m1",-0.647297581382877,-0.614620193566493,-1.25129186258002,0.79078026746671,-2.25909980817905
1267,14510,"s1","m1",-0.659420950724386,-0.625983863662238,-0.718718188611586,0.709391544537157,-2.25649117636765
1268,14530,"s1","m1",-0.584995702903146,-0.581052973200442,-0.624444874337056,0.844347332092875,-1.98402850141717
1269,14562,"s1","m1",-0.613769262476691,-0.608144063130965,-0.592875184627657,0.867081087501673,-1.91914060833841
1270,14567,"s1","m1",-0.69955570530595,-0.655480921880216,-1.06651484977186,0.650446308848531,-1.98431937335434
1271,14587,"s1","m1",-0.599263217122232,-0.651656316392815,-1.1453145061678,0.839484255216197,-2.2448741120082
1272,14588,"s1","m1",-0.623479046670359,-0.618196722292766,-1.11383088575209,0.871381902798717,-2.92784941840269
1273,14596,"s1","m1",-0.667167441829512,-0.675334210979542,-1.16715977392807,0.748529249359075,-1.84974286710025
1274,14615,"s1","m1",-0.602513050018599,-0.626277796060667,-0.938005847798475,0.860085259538976,-1.88007569866426
1275,14649,"s1","m1",-0.619500594984549,-0.577685509993165,-1.28420637113576,0.831467616993042,-1.71528345527435
1276,14653,"s1","m1",-0.679880334685347,-0.700467947368089,-1.72189784767195,0.775157355224388,-1.5808592142853
1277,14655,"s1","m1",-0.680540553017854,-0.741419992361126,-1.47108974541631,0.74164528440756,-1.72568454169628
1278,14664,"s1","m1",-0.603058734561386,-0.621327979138577,-0.808774311268423,0.761326057310483,-2.01523040661064
1279,14666,"s1","m1",-0.657316388196528,-0.560216125718203,-1.16056283587167,0.854406932661179,-1.96369601571072
1280,14670,"s1","m1",-0.699095426273157,-0.665723251088206,-0.727060080107247,0.77762295582153,-2.5632711510671
1281,14687,"s1","m1",-0.64582627918505,-0.687596811599662,-0.440583333535217,0.720643162678812,-2.39353394083568
1282,14688,"s1","m1",-0.689883563061789,-0.654297209748356,-1.05280114285963,0.726113604275424,-2.45781888453129
1283,14689,"s1","m1",-0.62916892566435,-0.700004328001985,-0.836664226358485,0.869334834434068,-2.33946292503488
1284,14703,"s1","m1",-0.579038341192056,-0.625185796927388,-1.38424943535292,0.768439797675467,-3.75944597048465
1285,14708,"s1","m1",-0.619817850280411,-0.64546324830579,-1.25771092595614,0.624798198874753,-2.56955085741999
1286,14736,"s1","m1",-0.626971076508744,-0.615088940225344,-0.652765026138506,0.799360603963159,-2.41446807156283
1287,14781,"s1","m1",-0.597170056505568,-0.608851741310239,-1.2069646066059,0.847612106007585,-2.59136403331555
1288,14796,"s1","m1",-0.608693322937223,-0.592924699230045,-0.840487687036765,0.860915863030438,-3.62277397792564
1289,14797,"s1","m1",-0.688615489604616,-0.628134903553551,-0.891090493332471,0.778875101367629,-1.86613246722584
1290,14807,"s1","m1",-0.733184645667506,-0.63956614413577,-1.08830057992279,0.740046888313573,-1.13540212797736
1291,14834,"s1","m1",-0.671426524408263,-0.623493155206182,-0.963290665987829,0.726128575947858,-1.94341650341859
1292,14857,"s1","m1",-0.625353487515142,-0.572793161595679,-1.26728149467997,0.868966744304625,-3.52846117587163
1293,14859,"s1","m1",-0.646340453179674,-0.603022344095946,-0.859298882565506,0.745608282068099,-2.03184775717648
1294,14872,"s1","m1",-0.67059964714954,-0.614459468433617,-1.22096068898108,0.782370836607152,-1.88943719429677
1295,14888,"s1","m1",-0.661345843934946,-0.713295220597871,-1.28959573793409,0.709313153888859,-2.57992145091472
1296,14895,"s1","m1",-0.695255146746769,-0.654853502309212,-1.04795283181673,0.762854873029832,-1.1955641153544
1297,14914,"s1","m1",-0.671492106732251,-0.666359649894509,-0.858149137248438,0.72414260590209,-2.13259237818501
1298,14916,"s1","m1",-0.653189038794863,-0.579897796372718,-1.36271834880164,0.787289606214911,-2.84630727919746
1299,14964,"s1","m1",-0.651984062561119,-0.646815313410861,-0.934901030657118,0.698836926734715,-2.442236560429
1300,14979,"s1","m1",-0.6273207984756,-0.627183347864775,-0.946181006815106,0.738195425168197,-1.89999782445202
1301,14987,"s1","m1",-0.61920871430343,-0.584977679882401,-1.08911280983342,0.893713574086915,-1.79060355501385
1302,14989,"s1","m1",-0.637265499741054,-0.657528161392784,-0.886296379353138,0.800273710541277,-2.46032739922438
1303,15001,"s1","m1",-0.675762416862182,-0.666757798825197,-0.996436817411434,0.713671637785689,-1.94149343240953
1304,15022,"s1","m1",-0.69257337050014,-0.682296345026836,-1.39333420840749,0.728897514766816,-1.28948419503413
1305,15032,"s1","m1",-0.604245825574681,-0.661009523356189,-1.33240382057947,0.820264484057837,-2.07853943676424
1306,15043,"s1","m1",-0.575246024446013,-0.650348600213359,-1.23701774152587,0.783189753054129,-1.3857550550984
1307,15060,"s1","m1",-0.65638334217453,-0.652166233985089,-0.802539496402798,0.819941412731192,-2.19439671334957
1308,15065,"s1","m1",-0.613939857823148,-0.580542086839083,-0.748641868135617,0.891296309245151,-1.51101558758567
1309,15071,"s1","m1",-0.6543531249526,-0.6897086833396,-1.18840153783647,0.68648106792911,-1.72366748141135
1310,15100,"s1","m1",-0.680321383025336,-0.645766237740658,-1.32844825176891,0.802633051272913,-2.44635697497128
1311,15107,"s1","m1",-0.614615671818522,-0.595621313021839,-1.25787578187692,0.786938212913107,-2.1387046863332
1312,15128,"s1","m1",-0.632818294952223,-0.6847649188875,-0.809366885383229,0.882237635353709,-1.98017120113663
1313,15131,"s1","m1",-0.64339789033278,-0.581244439564127,-1.15396884782284,0.888574328154939,-2.01537649860477
1314,15146,"s1","m1",-0.677596581093987,-0.596048882347187,-1.18307774086904,0.745973007682065,-1.93593807668845
1315,15165,"s1","m1",-0.663507400967021,-0.651898243956978,-0.808272256470714,0.769415618006912,-1.70800165800796
1316,15178,"s1","m1",-0.694036232183577,-0.590866575272848,-1.28257430082031,0.715800711072524,-1.45450352194387
1317,15189,"s1","m1",-0.683421855648778,-0.684958921076529,-1.21921878343402,0.791097170641565,-2.19176479653848
1318,15193,"s1","m1",-0.657187424532724,-0.645872723246091,-0.946614009226736,0.7944972865924,-2.30684681129889
1319,15218,"s1","m1",-0.7006464756895,-0.618236782700033,-1.26556490423182,0.61118182658333,-1.22888068817072
1320,15230,"s1","m1",-0.678444012045885,-0.667487933064144,-1.40973444165854,0.768204155509572,-1.50064002025246
1321,15244,"s1","m1",-0.582793511851957,-0.637239099044416,-0.764647353905159,0.856772763863967,-2.59623165501465
1322,15266,"s1","m1",-0.658647081293107,-0.659612524225665,-1.12492025836296,0.681508928041689,-2.03197609535926
1323,15277,"s1","m1",-0.728712886348392,-0.726994450299207,-1.81642712463236,0.809510412001911,-1.03558937018628
1324,15279,"s1","m1",-0.673856833760833,-0.640674387682653,-0.925354245607096,0.749764858642535,-2.60140950023892
1325,15284,"s1","m1",-0.660557834006444,-0.64923786837782,-1.40488710194076,0.737501509961401,-1.98725311055442
1326,15298,"s1","m1",-0.718432447218928,-0.668392272481427,-1.1148749505247,0.700597980540753,-2.950368703163
1327,15326,"s1","m1",-0.6219024717003,-0.637714149101442,-1.16907314067896,0.856042098557341,-2.02349295351808
1328,15343,"s1","m1",-0.687156334787552,-0.618614675752844,-0.955237823044565,0.888979032166525,-1.91964319065017
1329,15363,"s1","m1",-0.749042061035481,-0.655049767569857,-1.53768112230257,0.7207411142187,-2.24712654533675
1330,15370,"s1","m1",-0.7079927260256,-0.661792799760047,-0.794762079696951,0.771948908738004,-1.23630187452879
1331,15409,"s1","m1",-0.659449159281676,-0.641878833815198,-0.508480707655276,0.784919727658873,-1.87961423591063
1332,15425,"s1","m1",-0.693735770707338,-0.637248449476189,-0.804352025894673,0.790454804755805,-2.00032680233091
1333,15433,"s1","m1",-0.673222286737315,-0.64580456567816,-0.839017787788967,0.789257447173553,-1.87830454626234
1334,15460,"s1","m1",-0.645270498107499,-0.690973913234958,-1.25066238292075,0.752500227481176,-2.37951643690205
1335,15480,"s1","m1",-0.667520634677698,-0.670248868855697,-1.08034930477182,0.797508892432755,-2.06290067042039
1336,15482,"s1","m1",-0.5964881286234,-0.614377712633019,-1.09217140349352,0.873114532342299,-2.55683829913413
1337,15489,"s1","m1",-0.623565253130494,-0.594036172064404,-1.07762589754346,0.800563299929826,-2.19085915764397
1338,15500,"s1","m1",-0.673213159589055,-0.683734276189726,-0.904209262354755,0.763022837210274,-1.98981525220396
1339,15509,"s1","m1",-0.701824216451026,-0.65747683165777,-1.06545728916823,0.765292906124982,-3.45478563739431
1340,15511,"s1","m1",-0.670369823612716,-0.583627672991382,-0.681605859939324,0.809473712915832,-2.33647585012831
1341,15531,"s1","m1",-0.667745755984614,-0.63068805628621,-0.93331232326681,0.838602183956699,-2.71142806386464
1342,15539,"s1","m1",-0.66329586312542,-0.700187715688795,-1.13502885347061,0.695437562288567,-1.94565723928319
1343,15560,"s1","m1",-0.662644043512448,-0.689330634813175,-1.55924553972414,0.787114799389489,-2.73713100705798
1344,15563,"s1","m1",-0.641220800378243,-0.613424796202865,-0.982991130478359,0.877624526824617,-2.23908660113705
1345,15565,"s1","m1",-0.654650564221196,-0.613614470861978,-0.727217117079216,0.831853218222448,-3.65505105182937
1346,15585,"s1","m1",-0.644242889554815,-0.65509913213145,-1.32053203818724,0.768755985553141,-2.21360718923977
1347,15589,"s1","m1",-0.63574612454813,-0.618269864445964,-0.75729765229652,0.837821483465437,-3.59811955961144
1348,15596,"s1","m1",-0.705190472745571,-0.664605860124631,-0.802898953265823,0.77206779008923,-1.72393681290911
1349,15597,"s1","m1",-0.6053635142174,-0.606789682186482,-0.990271448457834,0.935549907850823,-1.94257524690204
1350,15598,"s1","m1",-0.681353557114177,-0.684331140352846,-1.02542433751407,0.675024737476637,-2.38806181745118
1351,15603,"s1","m1",-0.633435275360641,-0.618470310052575,-0.836354818032775,0.832533751040314,-3.60798164536031
1352,15609,"s1","m1",-0.647973078426975,-0.606630288531126,-1.25460355252999,0.828464577615799,-2.92276376629772
1353,15610,"s1","m1",-0.746952267956372,-0.701017930188386,-1.20188146942049,0.597610120112146,-1.60695261273943
1354,15624,"s1","m1",-0.605338815370264,-0.573202466365652,-0.50426204879346,0.787182215537306,-2.65359286702799
1355,15625,"s1","m1",-0.621598169236733,-0.59606979654123,-0.70225207962114,0.80862639212815,-2.65640827187415
1356,15645,"s1","m1",-0.604363373518185,-0.618385052722235,-1.04501569075016,0.800783426726192,-1.85395778980265
1357,15663,"s1","m1",-0.706834681018588,-0.631227042063346,-1.47628592723455,0.790430640793838,-1.33833264834512
1358,15666,"s1","m1",-0.558422197721634,-0.585501097853077,-1.40666453201465,0.869463038005787,-3.7690871178021
1359,15680,"s1","m1",-0.663605448888782,-0.601849489435718,-0.825639190094156,0.74963536018601,-2.2607544284239
1360,15693,"s1","m1",-0.586022160262401,-0.628598762421798,-0.917509756034654,0.834310687282639,-2.37517621484164
1361,15704,"s1","m1",-0.600641466424429,-0.564287212619755,-0.847458840180001,0.754469711407593,-3.03071656370355
1362,15708,"s1","m1",-0.670386798898536,-0.627666043267108,-0.698997092662715,0.700089810162713,-2.23018577333473
1363,15726,"s1","m1",-0.587064601996575,-0.627424901135497,-0.373511488503815,0.84140034580312,-2.0225795940607
1364,15741,"s1","m1",-0.639143675845938,-0.640283946874339,-0.979542320287624,0.76846609234327,-2.06768004999084
1365,15764,"s1","m1",-0.617533315770414,-0.574836303412149,-0.803564090016743,0.869241393248929,-1.95266431749854
1366,15768,"s1","m1",-0.675157715217084,-0.618950148458435,-1.35467885429272,0.86020814331284,-1.72964581108118
1367,15771,"s1","m1",-0.700932346979225,-0.637339133804753,-1.17190273856866,0.826030472247747,-2.11368908448319
1368,15783,"s1","m1",-0.5978914986093,-0.606078114152197,-0.747350678508617,0.9020969564087,-2.72415018312301
1369,15803,"s1","m1",-0.679381705956247,-0.625689958468413,-0.609778547297189,0.666743488452841,-2.99763999696457
1370,15809,"s1","m1",-0.69990453538622,-0.631063370903883,-1.18120864587903,0.786481041948834,-2.2321122722975
1371,15811,"s1","m1",-0.599239643758444,-0.572185930591535,-0.65384116587846,0.908887106504284,-2.91657604545662
1372,15814,"s1","m1",-0.625702765958768,-0.613991473504622,-1.23029598738343,0.795128866680313,-2.25894455419482
1373,15817,"s1","m1",-0.620007150154452,-0.631439616201578,-0.723934719157316,0.751565302282755,-2.16501116876652
1374,15827,"s1","m1",-0.657758399310871,-0.634147483818763,-0.534450523974301,0.81563591144606,-1.66398926560922
1375,15844,"s1","m1",-0.644793506730689,-0.699447974742374,-1.09414548876273,0.734501232503903,-1.93597921938148
1376,15847,"s1","m1",-0.680426192950578,-0.667876906548232,-1.11108116506102,0.766770076082562,-2.13871436011971
1377,15852,"s1","m1",-0.645905964814628,-0.657054129768212,-1.2619582142003,0.780823210673921,-2.596109768195
1378,15858,"s1","m1",-0.660113690602603,-0.570558240117604,-0.510922614713856,0.866392754395161,-3.79247165545516
1379,15861,"s1","m1",-0.701680524236025,-0.661959573074177,-1.0104098334988,0.662660580212089,-2.53339525778723
1380,15881,"s1","m1",-0.645893245913539,-0.615728743805391,-1.23454708713283,0.830008413866934,-1.9388579129089
1381,15899,"s1","m1",-0.712292301829646,-0.706921650842158,-0.907183703598551,0.609789939266289,-1.95011843723636
1382,15937,"s1","m1",-0.64048607714433,-0.605319456888416,-1.51093179592967,0.771216343472502,-2.24306470197677
1383,15950,"s1","m1",-0.627036898885362,-0.661022123611607,-0.826853085490872,0.71275554918601,-3.00207792664515
1384,15962,"s1","m1",-0.614631696843679,-0.629364915823577,-1.16334152066594,0.838323932422356,-1.30111391595505
1385,15984,"s1","m1",-0.656708682436081,-0.663357216758552,-1.08431670645287,0.792689538495475,-1.5871772524623
1386,15987,"s1","m1",-0.689900563509475,-0.650620290498384,-1.33518480342313,0.671990499844276,-2.97574906291311
1387,15996,"s1","m1",-0.639233322178696,-0.62451329478436,-0.902839441340691,0.75205026871122,-2.48775392305635
1388,16006,"s1","m1",-0.666231148651564,-0.630577905810721,-1.03842898725479,0.759632318982474,-2.74181965738784
1389,16008,"s1","m1",-0.655272125801958,-0.596178202127091,-1.2769010092528,0.83301344449489,-1.4672007688456
1390,16010,"s1","m1",-0.680857806818372,-0.67658993593451,-1.15439693477235,0.745179634692948,-1.10191508951756
1391,16026,"s1","m1",-0.698948635059556,-0.641308920900436,-0.993881648797875,0.765451276939416,-1.95000666437825
1392,16050,"s1","m1",-0.631051588797283,-0.589583277950607,-0.917402318093966,0.87601037365616,-2.14755003371853
1393,16052,"s1","m1",-0.676434538169974,-0.627499958676616,-1.07856292509536,0.680028076094327,-2.68959381541835
1394,16059,"s1","m1",-0.676156406836983,-0.726024314435858,-1.6074904465213,0.706812948295174,-1.87008718847723
1395,16093,"s1","m1",-0.6299872776117,-0.66492824162697,-1.0794987413396,0.71076438221535,-2.50311809487883
1396,16102,"s1","m1",-0.634026497221953,-0.586471687674854,-0.85705240605093,0.935903033215715,-2.87102033978112
1397,16115,"s1","m1",-0.650436976048705,-0.632292013717152,-1.22774763046167,0.851820479082227,-2.31126404528993
1398,16126,"s1","m1",-0.671361563315879,-0.582862602794774,-0.584995591618688,0.822819066215175,-2.9235873249168
1399,16129,"s1","m1",-0.657227340945969,-0.638419458643621,-0.78601557765002,0.886504763753233,-1.64542575666589
1400,16151,"s1","m1",-0.707013372629419,-0.66423919222633,-1.32363190398456,0.741914800424806,-1.87416212500372
1401,16153,"s1","m1",-0.616366529721215,-0.552425948991188,-0.837779071163081,0.898357638375544,-2.31565850661337
1402,16155,"s1","m1",-0.664826998409743,-0.624080399527807,-1.20777133877373,0.76109423768898,-2.83082061510149
1403,16170,"s1","m1",-0.662661104545321,-0.629308648723533,-0.684163833612427,0.914879374437266,-1.87914215111821
1404,16178,"s1","m1",-0.703970683853271,-0.652784257941094,-1.83870126810095,0.805617828269079,-1.23494782467918
1405,16181,"s1","m1",-0.660827095499523,-0.670530703320325,-0.654992299855106,0.734549894905782,-2.26585144522072
1406,16183,"s1","m1",-0.619270090761962,-0.564029227288235,-0.928015996835941,0.794540514614906,-2.59210641517539
1407,16186,"s1","m1",-0.691718053184488,-0.628725909192415,-1.17798713926101,0.725220286292511,-2.00328473509092
1408,16187,"s1","m1",-0.62808815239804,-0.554271039455002,-0.610684862794639,0.887930618777933,-2.29252253080771
1409,16191,"s1","m1",-0.617606644696862,-0.637509400883917,-0.687458268402098,0.859220700075618,-2.2347165660161
1410,16208,"s1","m1",-0.610936350112805,-0.658984399945186,-0.801281930843593,0.816818133466022,-1.93954974279489
1411,16210,"s1","m1",-0.651949444846985,-0.639115611099904,-1.1490645486864,0.826273311588608,-2.19427406494419
1412,16216,"s1","m1",-0.714600081790356,-0.770491416631867,-1.2144189441311,0.586771825606151,-3.21559647965826
1413,16229,"s1","m1",-0.681953373380114,-0.72700907318707,-1.21981894081914,0.779681270911154,-1.52084231826511
1414,16247,"s1","m1",-0.696738511080747,-0.642934162992942,-1.18830353041545,0.770884847215238,-2.2701709472368
1415,16265,"s1","m1",-0.679780612721668,-0.656703841452065,-0.810528344275554,0.786119854483624,-2.23770596347388
1416,16280,"s1","m1",-0.674526194542827,-0.688439028741845,-1.49800012528873,0.691296695894591,-1.76985455061703
1417,16288,"s1","m1",-0.657422050889482,-0.625547770132495,-1.09872250407167,0.774912023992021,-2.16761437571719
1418,16305,"s1","m1",-0.71628158920504,-0.563938894569124,-0.667925852742675,0.791948656996896,-1.83632342758633
1419,16311,"s1","m1",-0.691128381338355,-0.683573951926759,-1.35692655837796,0.74664255269772,-2.07811224631623
1420,16315,"s1","m1",-0.631971023545231,-0.653769847897073,-1.06214943538628,0.823582840796017,-1.76445989527326
1421,16338,"s1","m1",-0.592570929977106,-0.672116263786815,-0.78520596620298,0.944113503397077,-1.9652699218177
1422,16343,"s1","m1",-0.731302700060639,-0.694651171659419,-1.0037136429047,0.718170356738541,-1.43836625833499
1423,16357,"s1","m1",-0.691512641626135,-0.655352080444081,-1.05394798617928,0.682017343815934,-1.8783881825949
1424,16359,"s1","m1",-0.551675473996164,-0.56997673477183,-0.909288551077805,0.97843016864752,-3.28460117882264
1425,16368,"s1","m1",-0.626934534667639,-0.634932099737042,-1.30576250369207,0.830107971987734,-3.77786843653022
1426,16369,"s1","m1",-0.60929786023905,-0.565362294375617,-0.433305251473382,0.905326334260849,-3.16536826086511
1427,16370,"s1","m1",-0.584531601578623,-0.683177641660503,-0.55086784764228,0.724450591696886,-3.26437822911104
1428,16378,"s1","m1",-0.597599678937439,-0.624582527140401,-0.888373082982824,0.863289833182569,-2.56176425327695
1429,16380,"s1","m1",-0.583260834696699,-0.701255722475051,-1.00099631717625,0.8575551942893,-1.62398075828649
1430,16387,"s1","m1",-0.638648000158937,-0.621761301622016,-0.617319728344382,0.757350720489396,-1.64652912046218
1431,16389,"s1","m1",-0.73030421454778,-0.693774560070127,-1.51679081614873,0.779906412756874,-1.2037719956596
1432,16460,"s1","m1",-0.689978390057831,-0.615952853829896,-1.45669758875521,0.769177842950868,-2.80377386867039
1433,16464,"s1","m1",-0.653165813220222,-0.647864335635604,-0.692322924339267,0.772371617551342,-1.88172555607272
1434,16481,"s1","m1",-0.642521763017146,-0.603599038583601,-0.793063599721123,0.760952779400788,-2.10289190254215
1435,16486,"s1","m1",-0.65336527597614,-0.655028076392951,-1.05035230050181,0.856975037711136,-2.85505677906274
1436,16503,"s1","m1",-0.61713797389707,-0.651511685646071,-1.2648149717146,0.806290545054347,-2.03768712984885
1437,16511,"s1","m1",-0.70377252524743,-0.700930965522423,-1.09794688827537,0.640665533434553,-1.57679000072278
1438,16516,"s1","m1",-0.665959557781938,-0.7117361991676,-0.600285661064704,0.79360409374606,-1.56817962197555
1439,16534,"s1","m1",-0.643757684932205,-0.619847371885914,-0.917784312006933,0.866421212197572,-1.33359085301273
1440,16536,"s1","m1",-0.720356426238512,-0.664180157683481,-1.11198153693747,0.630182079912475,-2.09588133898088
1441,16565,"s1","m1",-0.601489216589112,-0.637732384120527,-1.22490129120943,0.802992494531105,-2.44960889088469
1442,16574,"s1","m1",-0.641981404832233,-0.632196579411373,-0.516603572861784,0.854141587000971,-2.45432786445557
1443,16579,"s1","m1",-0.676687906113456,-0.718356154033794,-1.14075968522088,0.699595073428473,-1.58660779114701
1444,16586,"s1","m1",-0.706985538304841,-0.62347035256716,-1.18722332736969,0.729383111753092,-2.24100169668228
1445,16587,"s1","m1",-0.591413755586353,-0.636696474705083,-0.772422831871796,0.749588833249172,-2.45024747687286
1446,16597,"s1","m1",-0.639312908526074,-0.641498889532073,-0.921215424652415,0.65996515624279,-2.96736148834249
1447,16609,"s1","m1",-0.65824142419347,-0.615918294531495,-0.922032884017231,0.840542431392992,-2.55638819960571
1448,16628,"s1","m1",-0.644114536403216,-0.715215469619068,-0.938183476433953,0.757378506500453,-2.10633338460888
1449,16629,"s1","m1",-0.622161069601714,-0.62931575163031,-0.965777664918128,0.737351471824877,-3.23501725199394
1450,16664,"s1","m1",-0.641240963450013,-0.638731404302132,-0.775728277255284,0.851037860729034,-1.73611521505375
1451,16668,"s1","m1",-0.641449806261679,-0.662045886262993,-1.42008690962851,0.835878983900299,-1.58406387694677
1452,16700,"s1","m1",-0.672008125891125,-0.692256078479435,-1.10673203001453,0.725925200284085,-1.92156144790326
1453,16716,"s1","m1",-0.712333754072781,-0.65838297414051,-1.46363642783317,0.682566883854152,-1.39644365708348
1454,16721,"s1","m1",-0.604269558319965,-0.5858712801963,-1.1667421599839,0.837516968765861,-2.62521420959286
1455,16722,"s1","m1",-0.578779183939754,-0.551107752302172,-0.740772305013623,0.92873080750183,-3.32535599324565
1456,16733,"s1","m1",-0.692555502561092,-0.631622123942702,-1.03516845917976,0.728896191540432,-1.9638888389761
1457,16742,"s1","m1",-0.613820170460547,-0.600026774097626,-0.726468782945003,0.803196783327826,-1.90368601492025
1458,16764,"s1","m1",-0.676187575621381,-0.635722086861958,-1.36801552103403,0.74781278305264,-1.80648976918664
1459,16774,"s1","m1",-0.686045073247304,-0.624539601328568,-1.31352593177193,0.810270011670517,-2.93061184838818
1460,16792,"s1","m1",-0.637291148428785,-0.62254324037853,-1.21559700766464,0.804282577255378,-2.26891652491622
1461,16795,"s1","m1",-0.71171779185309,-0.646765772884999,-1.06297884423416,0.812132995470803,-2.53238109127439
1462,16796,"s1","m1",-0.628582668747049,-0.586671046774066,-0.702701359884756,0.8566661577219,-2.6184131626269
1463,16824,"s1","m1",-0.689273571042864,-0.729624634467961,-0.831248625546866,0.750084117197666,-1.26333498379788
1464,16839,"s1","m1",-0.688074627169345,-0.660794902728774,-1.15210826815186,0.694512006677551,-2.27832937802643
1465,16852,"s1","m1",-0.662461439682979,-0.681680323863087,-0.874782689874897,0.725964624958579,-2.62112849807003
1466,16859,"s1","m1",-0.58889706003426,-0.565122329258085,-0.454983595345209,0.809969609390886,-2.89206364309026
1467,16864,"s1","m1",-0.669944427082188,-0.649694616202321,-1.00287629211277,0.812164823876431,-2.47398625870332
1468,16868,"s1","m1",-0.591986346345118,-0.622284556240701,-1.27037848040281,0.838001812414019,-3.09980249195741
1469,16873,"s1","m1",-0.586985272781117,-0.634628650235738,-1.24782393839152,0.755452840603781,-2.16152165920922
1470,16876,"s1","m1",-0.661083483076878,-0.570057128864138,-1.01886787483628,0.926291439604835,-2.1202357960095
1471,16881,"s1","m1",-0.590821158272586,-0.607874967347478,-1.18093077108536,0.864798985887933,-2.4524762161323
1472,16912,"s1","m1",-0.60123183468018,-0.669282942523883,-0.795859504431573,0.785800028278668,-3.38473863312297
1473,16922,"s1","m1",-0.658357025682172,-0.618630158676929,-1.23148047721694,0.751710646642729,-2.73237743136344
1474,16940,"s1","m1",-0.69979305893885,-0.661821892290765,-0.804869189417825,0.676537467320632,-2.52554145750547
1475,16945,"s1","m1",-0.668301667288159,-0.588790002955312,-1.18524868007141,0.701932316060028,-2.21403994600725
1476,16948,"s1","m1",-0.632000370268543,-0.621441096668775,-1.3895788166769,0.826880061589434,-2.69326228698398
1477,16966,"s1","m1",-0.595860991821171,-0.669839330515523,-1.62008939357461,0.800870662932792,-1.97262043119583
1478,16968,"s1","m1",-0.625217551629091,-0.666653497615514,-0.979834387063226,0.896770385605466,-2.30306811983176
1479,16990,"s1","m1",-0.65195918187716,-0.679163408256828,-1.09714379582576,0.824033028881068,-2.77032330162817
1480,17001,"s1","m1",-0.665848832714672,-0.669671514592436,-1.32031908307551,0.611096378868275,-1.03779962255204
1481,17005,"s1","m1",-0.640262965844332,-0.701299352888804,-0.749739733609787,0.756802471982073,-2.29972337550058
1482,17017,"s1","m1",-0.654812255886817,-0.6058320418065,-0.809752383341187,0.765129113500842,-1.80019964424139
1483,17046,"s1","m1",-0.627111484508205,-0.619794145541454,-0.86918530721794,0.890721685451075,-1.9680379994363
1484,17047,"s1","m1",-0.648699285151971,-0.692834809322026,-1.07099538434219,0.716650096463979,-1.38998709065865
1485,17056,"s1","m1",-0.656405438660856,-0.652427589370374,-1.19140597785656,0.697737612134106,-1.89365127395818
1486,17069,"s1","m1",-0.608031665990832,-0.656731892554828,-1.14156237930957,0.746312539961624,-2.75132681550284
1487,17093,"s1","m1",-0.645621425979262,-0.597331144946007,-1.7167564107785,0.727564340453451,-3.09023365280098
1488,17095,"s1","m1",-0.647640879114923,-0.671793347545788,-0.939443274408021,0.787523998435162,-1.96626569043185
1489,17099,"s1","m1",-0.665063684246242,-0.719243417301114,-0.73888694652472,0.745210220875355,-1.80277818161165
1490,17101,"s1","m1",-0.565748523844775,-0.632441081799095,-0.946241021837682,0.852695802783975,-2.40188994309974
1491,17112,"s1","m1",-0.58790821745582,-0.582634440606909,-0.818932616916336,0.920695825110099,-1.77516498926738
1492,17132,"s1","m1",-0.724352534657556,-0.720394491573607,-0.745894274103027,0.73940702714179,-1.39092509441439
1493,17143,"s1","m1",-0.63311521805305,-0.66466113105746,-1.27989345423153,0.908506970465614,-2.17894831494475
1494,17145,"s1","m1",-0.719355258881717,-0.744130453450984,-1.30469008010071,0.565236250350971,-2.1372033323829
1495,17151,"s1","m1",-0.629467318105823,-0.632276193012096,-1.15523613482034,0.822348069169679,-2.28765950517925
1496,17155,"s1","m1",-0.703274298464546,-0.65495970352869,-0.935021961469658,0.76810432008737,-1.72528290216999
1497,17168,"s1","m1",-0.576008748722347,-0.570406614159243,-0.661100309215051,0.935833211463946,-2.03465045444307
1498,17175,"s1","m1",-0.624399208450114,-0.604814830110063,-1.00822195739776,0.833755473297814,-2.66361967762904
1499,17219,"s1","m1",-0.671585891030032,-0.731776289744264,-0.942146392299936,0.685595793851577,-1.65540213768482
1500,17222,"s1","m1",-0.604820539963285,-0.634617553806326,-0.909153583214191,0.762721364736939,-1.75631700876726
1501,17227,"s1","m1",-0.621482635208225,-0.591521734211453,-1.21048994485306,0.919901886842496,-2.52567000946902
1502,17237,"s1","m1",-0.677823038047377,-0.674634242050602,-0.938044599477414,0.624782885062557,-1.94011194888983
1503,17256,"s1","m1",-0.617204646162863,-0.656714673202899,-0.80336200804503,0.845112036762873,-2.5969087245917
1504,17260,"s1","m1",-0.699304625300269,-0.667957460892408,-1.59943837577561,0.671368681281299,-2.81515736380239
1505,17287,"s1","m1",-0.691432370443889,-0.640760999487434,-0.902313344543595,0.809028977710656,-2.01467565137814
1506,17296,"s1","m1",-0.670349424591591,-0.649943373285093,-0.767740338671011,0.647934524823474,-3.31208530020832
1507,17309,"s1","m1",-0.696804713335434,-0.723070033144878,-0.799367788564083,0.710882190096364,-1.15558646594739
1508,17313,"s1","m1",-0.62286056798986,-0.661287091728896,-1.65538329510891,0.773751235040328,-2.04921929494607
1509,17334,"s1","m1",-0.710534137325363,-0.564615384976454,-1.66757923204036,0.891736799766535,-2.29532163782525
1510,17358,"s1","m1",-0.651014264418222,-0.645635840945757,-0.965259987866587,0.806299762399009,-1.6543473916443
1511,17363,"s1","m1",-0.693391706373836,-0.609687148108305,-1.27654717350933,0.805763677029719,-2.05328741002115
1512,17365,"s1","m1",-0.644743934160132,-0.569490859233364,-0.578216855383933,0.916176345801509,-2.13806306003069
1513,17382,"s1","m1",-0.644886743462723,-0.654886220543954,-0.724123172579776,0.694633597625519,-2.4373940091061
1514,17408,"s1","m1",-0.705565477078982,-0.653863629885264,-1.13325143996877,0.760362244594438,-2.10753571500578
1515,17436,"s1","m1",-0.632715800951339,-0.650902506641443,-0.911520575365061,0.883933525961302,-1.81268898267059
1516,17440,"s1","m1",-0.63746884452865,-0.631532625645451,-0.674509305331926,0.767243402134529,-3.40150392206698
1517,17446,"s1","m1",-0.722391399554728,-0.645110252096099,-0.975569718596564,0.80831492501808,-1.87230241451661
1518,17458,"s1","m1",-0.730780101989566,-0.64909079808922,-1.37427227090044,0.674070550275062,-2.25251161794133
1519,17464,"s1","m1",-0.603502851521108,-0.584670385395133,-0.986397032138354,0.809611183418486,-2.7795331292667
1520,17475,"s1","m1",-0.606106164799531,-0.617708164852218,-1.07877461476813,0.913898122281637,-3.68018204093058
1521,17509,"s1","m1",-0.628444984747705,-0.647889587168205,-1.09099276930176,0.737933942899046,-2.92456685730113
1522,17513,"s1","m1",-0.626714525915996,-0.59732499423092,-0.766770273908142,0.767790430921877,-2.11911274877929
1523,17520,"s1","m1",-0.660147855568509,-0.630737784884489,-1.26083154928228,0.692549248895057,-3.29226949174243
1524,17527,"s1","m1",-0.613982748396628,-0.663540279959396,-1.14298265548934,0.862457739222014,-1.93081008547432
1525,17535,"s1","m1",-0.666286021570102,-0.647227858449086,-1.71264482749093,0.730303207079886,-2.57266753275164
1526,17539,"s1","m1",-0.66776713304383,-0.64699033144083,-1.74605456595096,0.692482927582506,-2.33314685163622
1527,17548,"s1","m1",-0.721552986411272,-0.653765425653048,-1.81666733103405,0.778757286586497,-1.86194815431192
1528,17557,"s1","m1",-0.678904885908572,-0.603023820235286,-1.80677288826985,0.818764945595262,-1.89767210990245
1529,17563,"s1","m1",-0.676673523223274,-0.661085743213388,-0.756752375594645,0.746218943186718,-2.16257081470253
1530,17568,"s1","m1",-0.676194572439966,-0.613511493106354,-0.822013746825561,0.820552572005821,-2.01746893548939
1531,17580,"s1","m1",-0.648030849927647,-0.641298106582699,-1.08789732052549,0.748565277447335,-2.09548838038959
1532,17583,"s1","m1",-0.709181295420636,-0.62819318069487,-1.14337177923073,0.848067625848151,-1.9937461178168
1533,17587,"s1","m1",-0.637650207423922,-0.667457754722073,-1.44767455172566,0.808640756553394,-1.52393034031624
1534,17590,"s1","m1",-0.71008511419034,-0.664788569138772,-0.910084519277275,0.708573982460538,-2.17149380172384
1535,17591,"s1","m1",-0.636989302565902,-0.600545516282062,-0.696056521608116,0.830947976570835,-4.192989229875
1536,17604,"s1","m1",-0.591984528390278,-0.576169310471626,-0.72115557708095,0.864919252279375,-2.39909144404311
1537,17634,"s1","m1",-0.705266948329325,-0.61698694356371,-0.960227615683287,0.820004060036194,-1.76878429225853
1538,17657,"s1","m1",-0.655929871061263,-0.668801500701353,-1.31066189556422,0.752039649454881,-2.35472212807803
1539,17661,"s1","m1",-0.646495578649974,-0.561491029981089,-0.896935850149393,0.891514448988271,-2.61928803134064
1540,17711,"s1","m1",-0.662979987188791,-0.683852983232056,-1.09171187163444,0.765468722092423,-2.77434685329056
1541,17713,"s1","m1",-0.715830127125836,-0.670406455073126,-0.891781450720389,0.777102405492788,-2.18238443003074
1542,17720,"s1","m1",-0.681392880832124,-0.628466635866906,-1.01249231443617,0.755110608019308,-2.27299752324366
1543,17725,"s1","m1",-0.630609796315453,-0.670834042618908,-1.0534341889248,0.810760547931866,-1.46047737095049
1544,17726,"s1","m1",-0.606938897763873,-0.634954476038573,-0.620991191648424,0.752351987952622,-2.0283589911306
1545,17732,"s1","m1",-0.644249977097112,-0.711964082483084,-1.56022309294348,0.718168089904547,-2.12655670690621
1546,17734,"s1","m1",-0.652260908168134,-0.638109939831425,-1.08977738809988,0.817242255203822,-2.91658345066726
1547,17748,"s1","m1",-0.638598679987769,-0.606826946448574,-0.662320549019119,0.839442004877709,-2.85654702045968
1548,17781,"s1","m1",-0.63738742808475,-0.534816220400595,-1.39065737439564,0.889445083991332,-3.95780040214619
1549,17795,"s1","m1",-0.676394723985579,-0.658768436347353,-1.07898667414002,0.764612449150726,-1.35006177767899
1550,17797,"s1","m1",-0.694307039178802,-0.670736607305161,-1.49728828640909,0.68965162175538,-1.49724814561389
1551,17803,"s1","m1",-0.612285614961972,-0.68787706462943,-1.01231560682374,0.710531068562509,-3.37636858422909
1552,17808,"s1","m1",-0.630454441585087,-0.629118242669919,-1.46149652524837,0.851507653414702,-1.90194698388765
1553,17830,"s1","m1",-0.648905833325958,-0.657733491114927,-1.13984103514054,0.818109875233145,-1.81638705373571
1554,17834,"s1","m1",-0.622350764075756,-0.606555603699364,-0.820050000851857,0.899929519604801,-3.82441228925153
1555,17859,"s1","m1",-0.660525716840433,-0.660645677805966,-1.35244685661069,0.753967411084903,-2.45399228569399
1556,17863,"s1","m1",-0.720363475449684,-0.703240799102238,-1.10867881314267,0.710144941687968,-1.68781477283272
1557,17872,"s1","m1",-0.676810267332902,-0.658286292347923,-1.05905971428266,0.798207180540872,-1.40164264857594
1558,17884,"s1","m1",-0.60733757655844,-0.60534139546125,-1.18288290070175,0.835127425548677,-3.10041996177003
1559,17894,"s1","m1",-0.681122990933111,-0.623047831787486,-0.975071658515595,0.74086615809163,-2.43449358702866
1560,17907,"s1","m1",-0.680065973825627,-0.615716207108028,-1.86508021810938,0.765554521064028,-2.77560526827585
1561,17912,"s1","m1",-0.68894094148943,-0.677795543655944,-1.04922390036505,0.805895249739947,-2.22784320792858
1562,17913,"s1","m1",-0.716864442159658,-0.72323847620438,-1.50191486662235,0.589242349778396,-2.17115897907905
1563,17921,"s1","m1",-0.621894112808727,-0.652466000032829,-0.606297474056319,0.696150006332636,-2.27601281714667
1564,17925,"s1","m1",-0.620405853465598,-0.63581128194775,-0.904531773643864,0.794058915281579,-2.89013370613346
1565,17936,"s1","m1",-0.645474717443328,-0.622042578001967,-0.939527267075664,0.884631669858327,-2.51211098756278
1566,17970,"s1","m1",-0.633614039425553,-0.588351492618825,-0.863059421111592,0.917510284990962,-2.98429343970763
1567,17998,"s1","m1",-0.650265044399483,-0.615636032598113,-1.14394682375798,0.818277293170768,-2.01890451784359
1568,18002,"s1","m1",-0.599215336601933,-0.65366412287468,-1.04619396578452,0.768892300746726,-2.56632924535546
1569,18003,"s1","m1",-0.673627694578661,-0.681825724923557,-1.2400512974901,0.822182400762855,-1.21120407639891
1570,18050,"s1","m1",-0.671115192311914,-0.598157060171212,-0.820873062441892,0.828302945226848,-2.77181432228025
1571,18058,"s1","m1",-0.711380042996043,-0.660968360124319,-1.69288112432223,0.709258705579274,-2.64797616199215
1572,18066,"s1","m1",-0.640385498005748,-0.667182140179119,-0.888358479469418,0.758525892469914,-2.1931389213649
1573,18074,"s1","m1",-0.582733293782158,-0.59065909660233,-1.30243371900581,0.958440526060574,-1.95206851250633
1574,18082,"s1","m1",-0.723173616840504,-0.724217031869492,-1.09476542174413,0.780729837944486,-0.85094058933431
1575,18085,"s1","m1",-0.669482688602602,-0.658546569088277,-1.39245147683289,0.822985785103919,-2.04065502683116
1576,18095,"s1","m1",-0.646464425577482,-0.67821957771713,-1.02114578088902,0.710236418801628,-2.3799673575208
1577,18105,"s1","m1",-0.660403574515723,-0.574372654968915,-0.498412903415339,0.849414106388343,-1.72051112788297
1578,18121,"s1","m1",-0.69925234435429,-0.710233219575137,-1.19506675779378,0.688785346835441,-2.05763576700753
1579,18123,"s1","m1",-0.657310178829069,-0.622644472661098,-0.875532979126955,0.841765712512459,-2.65845492962304
1580,18135,"s1","m1",-0.611752164827901,-0.68297943379176,-1.14663339087501,0.855988313069458,-1.82387045141825
1581,18163,"s1","m1",-0.635613549843633,-0.591049188654916,-0.789116382146532,0.834542958742395,-2.42939193802462
1582,18168,"s1","m1",-0.674849354424262,-0.65966992497167,-1.03157381702026,0.865595527067207,-2.32123812524884
1583,18188,"s1","m1",-0.692439344507639,-0.569541556521052,-1.01774145289889,0.847805787454429,-1.99327663391249
1584,18211,"s1","m1",-0.656920948645982,-0.631441808972482,-0.79386923872198,0.790741803581267,-2.36826449438972
1585,18215,"s1","m1",-0.597037019945414,-0.56755539615779,-0.756882497271452,0.884709927407702,-3.94215691494791
1586,18235,"s1","m1",-0.702046898103208,-0.681774485461653,-0.861997647439976,0.611795220411816,-1.79481140923018
1587,18262,"s1","m1",-0.62014406828581,-0.621503827228276,-0.758854603392863,0.855467500751211,-2.08375963232026
1588,18281,"s1","m1",-0.715169449739608,-0.630079620770694,-0.963013779183702,0.723379351886789,-2.10804018925301
1589,18291,"s1","m1",-0.679729513189608,-0.608799874752436,-1.03430944728054,0.790954622477909,-1.44893602706273
1590,18339,"s1","m1",-0.704326566540349,-0.659587129003738,-0.56857736575063,0.69840526557534,-1.47511921365094
1591,18357,"s1","m1",-0.653592699361034,-0.661464604147532,-0.85825624495693,0.823826193000455,-2.12508951052703
1592,18362,"s1","m1",-0.683533362959111,-0.665898295145673,-0.892958774414501,0.698798427627375,-1.16278575546032
1593,18380,"s1","m1",-0.622594460021545,-0.680637693092832,-1.21678138993398,0.788688825063549,-1.98128326103169
1594,18390,"s1","m1",-0.709827281443024,-0.711856228383145,-1.24528420075993,0.648490279939674,-1.35374375381597
1595,18395,"s1","m1",-0.601942892224888,-0.604894525821627,-0.797291569261739,0.773421122826856,-2.92600705977601
1596,18412,"s1","m1",-0.660419464380788,-0.55329936770486,-0.637989138979024,0.966661366476153,-2.80578843440683
1597,18419,"s1","m1",-0.600025951025334,-0.625130860762311,-1.41248529164009,0.847277427180328,-2.12047813130148
1598,18444,"s1","m1",-0.662311449172921,-0.62197621530698,-0.800919544312642,0.776133708692111,-2.56322809431287
1599,18446,"s1","m1",-0.648183671088598,-0.694074519718008,-0.776507597780933,0.646480389933628,-2.49931465782207
1600,18448,"s1","m1",-0.713379703940367,-0.626223208383291,-0.845461659284569,0.716634749981401,-1.43459545287562
1601,18455,"s1","m1",-0.640677875790736,-0.655300685959831,-1.56483320555652,0.734306603851566,-1.49311935675091
1602,18458,"s1","m1",-0.672191923101879,-0.623149903591667,-0.854043055598537,0.786732511839713,-3.65100886701332
1603,18464,"s1","m1",-0.580202548329964,-0.621975952006424,-0.559980505457239,0.897512855801082,-2.0087210036362
1604,18477,"s1","m1",-0.635319213167552,-0.622930678335344,-0.844796345202362,0.854715817758753,-2.95222753190119
1605,18484,"s1","m1",-0.630013557306669,-0.598317451365579,-0.731103694350403,0.825381711319835,-3.12925109764177
1606,18488,"s1","m1",-0.650934300204151,-0.657559871171921,-1.02723729786018,0.697908338019132,-2.06047961046433
1607,18563,"s1","m1",-0.585051986665483,-0.591186402122291,-1.13896379075095,0.898084872569592,-1.78828308771736
1608,18595,"s1","m1",-0.643067759747518,-0.642302303035165,-1.27500520277918,0.906713719749824,-3.53069885366999
1609,18597,"s1","m1",-0.601941895856295,-0.636438754697886,-1.02521408558033,0.865840105419965,-3.08149444092568
1610,18598,"s1","m1",-0.626170145998398,-0.68293007616268,-1.39427492198259,0.779927516378656,-3.69322390004025
1611,18600,"s1","m1",-0.734369850241236,-0.633332141643816,-1.16724125516953,0.775741149752062,-2.4261071506446
1612,18603,"s1","m1",-0.629002265854261,-0.648584518038573,-1.07134534892875,0.80205667561645,-1.94718863855676
1613,18607,"s1","m1",-0.655977401437019,-0.63778703079326,-1.11295543210493,0.761176281297284,-2.50926667870972
1614,18619,"s1","m1",-0.616652236941714,-0.627633481849668,-0.844494590888005,0.845032199110831,-2.79420632454532
1615,18624,"s1","m1",-0.678052379467881,-0.636506298430651,-0.95662802744607,0.818617191086368,-2.2440357659329
1616,18626,"s1","m1",-0.683141498526734,-0.688569617890635,-1.21966298547719,0.724354119248424,-1.53426712937608
1617,18637,"s1","m1",-0.623335342926698,-0.618204708085038,-0.536333216196958,0.855829679011145,-2.37480667511318
1618,18657,"s1","m1",-0.660205335495138,-0.636339640774338,-0.529620944078263,0.832882826307775,-3.08337828407661
1619,18660,"s1","m1",-0.64253521559214,-0.65438177039382,-0.737575026944507,0.7934445473747,-2.08518758920887
1620,18663,"s1","m1",-0.718142014900207,-0.721464607916259,-1.20435620589976,0.746169773954604,-1.0599420528217
1621,18684,"s1","m1",-0.632706011001746,-0.701769556603423,-0.760867524059408,0.71130994551713,-1.82769804190994
1622,18685,"s1","m1",-0.643930843698342,-0.652535203921299,-1.11010447325077,0.765898380026886,-2.58378815313726
1623,18701,"s1","m1",-0.609609594754237,-0.617552426902539,-0.927200074593115,0.854045338868366,-1.90243373853278
1624,18712,"s1","m1",-0.615627352426707,-0.682257005830981,-0.846707726257852,0.752700341691177,-2.56713955432451
1625,18716,"s1","m1",-0.657183030878202,-0.67588575750693,-1.05652043129784,0.888979742046751,-2.20171019833702
1626,18718,"s1","m1",-0.630262983939145,-0.611060117392764,-0.726077435439637,0.82604578308629,-2.51517917854028
1627,18719,"s1","m1",-0.733768369180911,-0.719104999021956,-1.70737809128031,0.66703703710324,-2.38534185807628
1628,18725,"s1","m1",-0.739124535603419,-0.675372663389295,-1.12928251581752,0.738634596949283,-2.10786287258093
1629,18731,"s1","m1",-0.582820036374104,-0.625765092532687,-1.73932511688061,0.892614531289249,-2.39753249633844
1630,18748,"s1","m1",-0.627351990208324,-0.671558806674616,-1.18019744332214,0.72967693165811,-2.2344610226679
1631,18750,"s1","m1",-0.628838509664233,-0.593304437756036,-0.589807872141344,0.848364641320648,-2.17279349174162
1632,18764,"s1","m1",-0.574651142360614,-0.561558758888823,-0.528899917311835,0.950868347779041,-2.10334397208668
1633,18765,"s1","m1",-0.654647153384466,-0.600702373093444,-1.19467030616917,0.709369091055209,-1.98544010979496
1634,18779,"s1","m1",-0.650802966591302,-0.6698708574778,-1.53801101937429,0.743703247364722,-3.03542943167598
1635,18795,"s1","m1",-0.667489965562742,-0.671738805475603,-1.48816077956317,0.772255605231164,-1.92773043352911
1636,18809,"s1","m1",-0.702477731975372,-0.638389206842999,-1.10360454273498,0.820461682634027,-2.31983405511058
1637,18815,"s1","m1",-0.671612760018805,-0.593962040423668,-1.76443192541254,0.891036785543379,-2.34554435745155
1638,18829,"s1","m1",-0.592583532053388,-0.522410206888943,-0.828029645747002,0.938065163363221,-2.57843925240618
1639,18831,"s1","m1",-0.699320802571016,-0.650309691351219,-1.53470366256365,0.701722694133258,-1.55397992217701
1640,18845,"s1","m1",-0.666667998385483,-0.613623551051423,-1.07209606699768,0.829834069161364,-1.98717581970632
1641,18849,"s1","m1",-0.674096083038303,-0.65229350767898,-0.582141327185302,0.842210524802719,-2.33998811732003
1642,18850,"s1","m1",-0.594584397688629,-0.658201840885936,-0.964727828379406,0.816403924727315,-2.01477402405853
1643,18862,"s1","m1",-0.703505915654148,-0.654165024114415,-1.45197984647884,0.743089704209539,-2.56905560446961
1644,18871,"s1","m1",-0.575549762975464,-0.587888529411167,-1.4029905242455,0.909051738807505,-3.03996898169618
1645,18874,"s1","m1",-0.64466596402173,-0.718427083635876,-0.772169079960602,0.783713728955358,-1.09889408870937
1646,18879,"s1","m1",-0.584061833322092,-0.60238663450824,-1.23468743100435,0.911850136136701,-3.02232205419791
1647,18883,"s1","m1",-0.639765634153432,-0.630766453002572,-0.680024354813917,0.782879913542741,-2.07285439204673
1648,18884,"s1","m1",-0.635436887149944,-0.622312987536425,-0.677744379718832,0.877664430692122,-2.70662755967639
1649,18888,"s1","m1",-0.642150545871708,-0.67543319356516,-0.922348146491145,0.828396560111666,-1.57279211505227
1650,18892,"s1","m1",-0.80599026850801,-0.658948024965381,-0.808626260322172,0.746649481927977,-1.71904768443279
1651,18932,"s1","m1",-0.649281625861237,-0.657061443414623,-0.663318973838718,0.876705685835989,-1.60712895098491
1652,18950,"s1","m1",-0.627182500466932,-0.662991933678342,-1.04262569072685,0.86486465410133,-2.12141115265772
1653,18952,"s1","m1",-0.694164258607256,-0.705632957888145,-1.96611263594966,0.767897812476022,-1.96374988279762
1654,18958,"s1","m1",-0.681306771932164,-0.632301476326877,-0.835359089251767,0.756482655515473,-1.4610719821143
1655,18964,"s1","m1",-0.673840714203947,-0.617392660566635,-0.630954654922957,0.864448596909646,-1.46163137351802
1656,18973,"s1","m1",-0.609525522497016,-0.673433865348994,-1.21736216052577,0.848073052459674,-3.12114731289864
1657,18999,"s1","m1",-0.706176115135833,-0.656361820713169,-0.831101159508884,0.718304765056614,-1.80112117207934
1658,19025,"s1","m1",-0.683522335387699,-0.712196858862391,-1.13308183045491,0.85121552974693,-1.91905185559137
1659,19047,"s1","m1",-0.66833175009679,-0.702877650418053,-0.977296336537364,0.863364772000454,-1.98453694364056
1660,19052,"s1","m1",-0.617759683478668,-0.615734764734441,-1.21413068531851,0.797214780381208,-1.83501892101118
1661,19054,"s1","m1",-0.696648768988189,-0.64072869951239,-0.966018808149393,0.687657801648217,-3.46858080557216
1662,19092,"s1","m1",-0.633821636714693,-0.631883717547934,-1.10171750195603,0.870745940623599,-3.3112869966464
1663,19128,"s1","m1",-0.662316782282928,-0.644275405053339,-1.22821012995206,0.763924180780568,-2.14422211791664
1664,19129,"s1","m1",-0.662392858567283,-0.603317620739794,-1.14940618186328,0.876241416247085,-2.89057989077539
1665,19131,"s1","m1",-0.637569674789989,-0.70686109123766,-1.57547918400354,0.719299956011904,-2.29742758200553
1666,19136,"s1","m1",-0.6639134795247,-0.608690637978637,-0.815693417376353,0.855659532531561,-1.724159512067
1667,19154,"s1","m1",-0.600049979415044,-0.620336972650931,-0.797414297787265,0.84814935560002,-3.73003921539572
1668,19158,"s1","m1",-0.663122102193346,-0.655037284500268,-0.778869200320292,0.788742975957266,-2.41251999895334
1669,19188,"s1","m1",-0.69116154226109,-0.688199140738898,-1.18028344749381,0.806324388652792,-3.07166806301823
1670,19192,"s1","m1",-0.664479553188881,-0.649026790410695,-0.848452194101803,0.823660445150402,-2.10316247055121
1671,19193,"s1","m1",-0.665448660403137,-0.621137329263113,-1.09990366091206,0.788420763273986,-2.53689040425566
1672,19205,"s1","m1",-0.659867424550552,-0.618515256297344,-0.803266185058712,0.61106815797712,-3.40458382141545
1673,19222,"s1","m1",-0.739343429963922,-0.673225327915021,-1.14380419580501,0.739428146410103,-1.55975192865956
1674,19237,"s1","m1",-0.681588852621264,-0.63769944984618,-1.06981093947818,0.826199086518947,-2.03820554622588
1675,19241,"s1","m1",-0.682958718136422,-0.675190044595375,-1.22832827389136,0.825267959264288,-2.66482631297094
1676,19243,"s1","m1",-0.685984838249116,-0.606135297299397,-0.809772709541357,0.773053538102605,-2.5062407018576
1677,19244,"s1","m1",-0.67102895707584,-0.72382180683815,-1.31352850352017,0.633676446971887,-2.59958676115711
1678,19257,"s1","m1",-0.614527820621698,-0.592871244755086,-1.0769649254957,0.863673400934691,-1.88775115367731
1679,19262,"s1","m1",-0.670544582857628,-0.664145861597707,-1.23111384141733,0.718737488180473,-2.81609614785301
1680,19272,"s1","m1",-0.711991740671972,-0.657970102635768,-1.11829615792055,0.750298508241828,-1.29014457524821
1681,19294,"s1","m1",-0.61093263980754,-0.621731601198612,-0.761442083149072,0.887605676104982,-3.04934917747547
1682,19305,"s1","m1",-0.651274935722012,-0.590226536823843,-1.21610213260164,0.839280930377534,-2.39005031464821
1683,19309,"s1","m1",-0.644820233735642,-0.672938762132983,-1.09429632307366,0.686085803773804,-2.10134759477448
1684,19325,"s1","m1",-0.692840637511965,-0.629832277773796,-1.13530007586172,0.701104198608463,-3.42631628385714
1685,19326,"s1","m1",-0.599563679247817,-0.591210077750944,-0.668257713040832,0.861757239949224,-2.00458496732732
1686,19342,"s1","m1",-0.559787466385008,-0.620808814736006,-0.753943791135242,0.885775950176442,-2.09344380696695
1687,19379,"s1","m1",-0.57683457815912,-0.647126516020797,-1.44602350484905,0.729216726784701,-2.12073688902312
1688,19397,"s1","m1",-0.646786698121946,-0.592652133936816,-1.37528653165012,0.778954032082411,-2.16706246019693
1689,19399,"s1","m1",-0.702593927432793,-0.588901623432655,-0.581583574377778,0.724431593075103,-3.92381831547647
1690,19407,"s1","m1",-0.623628498294121,-0.563516010929755,-0.893617122200905,0.873873712677202,-2.70016325524613
1691,19438,"s1","m1",-0.629428137517533,-0.582706779889527,-0.908872083993725,0.808209957874933,-2.89081443720828
1692,19463,"s1","m1",-0.688224038776305,-0.650016542817827,-1.02139823589039,0.829612716004436,-1.86894220006567
1693,19472,"s1","m1",-0.656044517848224,-0.67105082198647,-1.17560082069255,0.687803081716264,-1.78922640506341
1694,19479,"s1","m1",-0.652525470429746,-0.655128523591134,-1.53014491480858,0.810843746988188,-1.72876632836678
1695,19497,"s1","m1",-0.657803239272729,-0.570085027964217,-1.04933644123148,0.764344247520473,-2.3887473606094
1696,19498,"s1","m1",-0.667048298555879,-0.640194506736981,-1.2288013651703,0.772452394359368,-1.92456673732274
1697,19502,"s1","m1",-0.676075455791222,-0.665683453445107,-0.866250815087097,0.744707316635354,-2.69297423194811
1698,19514,"s1","m1",-0.65376224452135,-0.63124409905361,-0.960559206099948,0.737551928438097,-2.27380175226656
1699,19541,"s1","m1",-0.628791550688306,-0.615137570890158,-1.11994378044457,0.884860610540165,-2.02509394471875
1700,19569,"s1","m1",-0.64775221116921,-0.667855879484561,-0.803554491307022,0.84731245081214,-3.27346051466412
1701,19578,"s1","m1",-0.68046629819616,-0.658592993119409,-1.01823355388917,0.74564023770381,-2.88759469281363
1702,19582,"s1","m1",-0.612782391115756,-0.685847459877888,-0.877108029504676,0.754586874820851,-2.19345302774241
1703,19609,"s1","m1",-0.705363723479482,-0.579069029582327,-1.38466643389187,0.676911154432377,-3.1810517074845
1704,19610,"s1","m1",-0.65796048382446,-0.654558993179139,-0.962367092826689,0.812821168797819,-3.1550647875302
1705,19617,"s1","m1",-0.682370159009614,-0.609184845979017,-1.65825692956798,0.823514141807765,-2.38379716702082
1706,19624,"s1","m1",-0.602632343829909,-0.640699999953148,-1.08908684340772,0.778799168848076,-2.9704672370196
1707,19638,"s1","m1",-0.66418691664628,-0.684075141858866,-1.02911394688169,0.64945286017568,-2.62612592094885
1708,19693,"s1","m1",-0.621857274859564,-0.632626410760733,-1.37352227669621,0.857904232623316,-2.89922705362212
1709,19697,"s1","m1",-0.656503390796838,-0.640397487484349,-1.14179021178278,0.767140426256032,-2.64871202661322
1710,19700,"s1","m1",-0.605972152901262,-0.625218005940255,-1.05837172048343,0.819694216297882,-1.58890434682638
1711,19730,"s1","m1",-0.677530282643918,-0.660156034673199,-1.08792650099062,0.62954639825845,-2.72880899977744
1712,19744,"s1","m1",-0.659971691350938,-0.700628545372507,-1.10120288832543,0.84170306705423,-2.49656487555513
1713,19754,"s1","m1",-0.723628786600596,-0.644212350406637,-1.34893403220386,0.719726184216404,-2.39762336562113
1714,19756,"s1","m1",-0.673772295391684,-0.567636749059988,-1.2280458848777,0.949795300128193,-1.17483310108871
1715,19767,"s1","m1",-0.710485023759131,-0.676875407685096,-1.10919023919706,0.645818136637029,-1.95513947070136
1716,19804,"s1","m1",-0.657553384145558,-0.720689007915193,-1.00087126086144,0.738709370259605,-1.65671170277107
1717,19820,"s1","m1",-0.651968276440588,-0.636803193248177,-1.28366160750877,0.812954485097135,-2.11572865923585
1718,19849,"s1","m1",-0.66245724839568,-0.602011106120331,-1.2528069562816,0.833002472949926,-1.94995758869326
1719,19850,"s1","m1",-0.666735138943424,-0.710266510040415,-1.14122739830033,0.807669491539492,-1.42169852197475
1720,19851,"s1","m1",-0.596768114202582,-0.579000257844294,-0.530537822629383,0.852583343212344,-2.53176078217072
1721,19866,"s1","m1",-0.624968446562917,-0.560612940590849,-0.948139572374354,0.914721917290607,-2.18036403275104
1722,19868,"s1","m1",-0.623881918688591,-0.565940930833421,-0.805825460072543,0.821267031893544,-2.97475311566293
1723,19879,"s1","m1",-0.625359156372849,-0.621807966794502,-0.704271861203685,0.890630374696354,-2.39174794257482
1724,19886,"s1","m1",-0.63265734752054,-0.617052118386514,-0.824116268047734,0.819394263403651,-2.47345889337634
1725,19922,"s1","m1",-0.621022181708521,-0.664894608590827,-1.20611530561035,0.77797680845898,-2.63950305237545
1726,19948,"s1","m1",-0.635632599432181,-0.673863876158793,-1.10209926492972,0.770539158626299,-1.55547062890092
1727,19968,"s1","m1",-0.685836698214253,-0.688618871534368,-0.943209196572531,0.707749116986686,-1.83228525191247
1728,19972,"s1","m1",-0.690273510099167,-0.697282213723792,-1.72621033684309,0.82318371773628,-1.41238430640771
1729,19998,"s1","m1",-0.579101120424816,-0.579141967862557,-0.683252605875809,0.92096364460255,-2.88229059712479
1730,20005,"s1","m1",-0.645236917884699,-0.613876704724238,-0.83198402220398,0.807681140439197,-2.35104834115839
1731,20022,"s1","m1",-0.693540231538198,-0.654615408512236,-1.04686643738182,0.742815290664175,-2.29780136182704
1732,20048,"s1","m1",-0.644364222877021,-0.614995258865946,-1.68243774833396,0.821569723413609,-2.94744224920241
1733,20073,"s1","m1",-0.641031110443152,-0.646840091044286,-0.836117297909055,0.779844166738077,-1.83113304689467
1734,20092,"s1","m1",-0.654597861561181,-0.638196085743283,-1.02358809846594,0.801647300680966,-2.37902922208833
1735,20098,"s1","m1",-0.678074792585826,-0.674228729436605,-0.903548123747789,0.672463046117893,-2.61799373654976
1736,20104,"s1","m1",-0.646060483515552,-0.642473900442283,-1.2171487353388,0.790778423799432,-2.44923586766931
1737,20108,"s1","m1",-0.63257282767622,-0.618801510650852,-0.969777096744315,0.806496450075326,-3.00870290237356
1738,20111,"s1","m1",-0.72265257394641,-0.588930805398296,-1.14305986820731,0.73926978100862,-3.61338734288511
1739,20120,"s1","m1",-0.608136751627198,-0.624757553452464,-1.03525628492344,0.878511223473659,-2.54481530770358
1740,20121,"s1","m1",-0.610904574356155,-0.609629269714046,-0.821050323727405,0.819872602141652,-2.07256272500822
1741,20130,"s1","m1",-0.707276374090736,-0.651455525073528,-0.971007435650703,0.759677295164682,-2.54846915928508
1742,20188,"s1","m1",-0.660161851616602,-0.674070645041624,-1.33720243725398,0.770412757895651,-1.69936779232366
1743,20228,"s1","m1",-0.590974842441506,-0.624812607485062,-0.652450730250104,0.827774518646615,-2.69281469118918
1744,20235,"s1","m1",-0.640440700691052,-0.624055047804898,-0.680016226203713,0.875826307260573,-1.91118386738631
1745,20245,"s1","m1",-0.63497531262716,-0.600912765756226,-1.1540045870283,0.873225184688916,-2.92515463852314
1746,20246,"s1","m1",-0.631964794353355,-0.62850776785249,-1.20954854280889,0.863159678657549,-3.2962512349909
1747,20254,"s1","m1",-0.693898634592937,-0.66025720331126,-1.24145848820918,0.7564920128107,-2.19900237836796
1748,20262,"s1","m1",-0.688070037937047,-0.641490863325454,-1.13547980319449,0.826828251153163,-1.66764492044352
1749,20264,"s1","m1",-0.731272437085354,-0.73222789452448,-1.34847058122582,0.63009828115219,-2.06782808623314
1750,20267,"s1","m1",-0.634384959898167,-0.635415667265627,-0.896482383704724,0.904959322437684,-2.57021215226287
1751,20280,"s1","m1",-0.74255235752661,-0.714198619804014,-1.52391291509364,0.703893499899584,-1.59327863456354
1752,20282,"s1","m1",-0.69595856862968,-0.655007590718634,-1.00050043328605,0.8721147209996,-2.21693729243417
1753,20283,"s1","m1",-0.608508039173845,-0.628120291773115,-0.640765110379239,0.963237655825567,-2.33792333928344
1754,20289,"s1","m1",-0.639210668211032,-0.663022496601825,-1.4039000579837,0.761895316066672,-2.35444447980863
1755,20291,"s1","m1",-0.640699375030599,-0.664627940688546,-1.05829899730047,0.780889715550392,-1.62958394827881
1756,20307,"s1","m1",-0.596193106406423,-0.660886907832865,-1.09775197529885,0.838388187706506,-2.42070518337349
1757,20344,"s1","m1",-0.595731378657848,-0.597432413465038,-1.08222145979654,0.857168871888465,-3.16750900479192
1758,20347,"s1","m1",-0.655698780294741,-0.660310119511029,-1.04473345244626,0.788523302619789,-1.05640725191754
1759,20354,"s1","m1",-0.570139624785467,-0.60145886995598,-0.75762355478673,0.903317666749589,-2.05302651912924
1760,20377,"s1","m1",-0.65157415002293,-0.611720617238691,-0.746416624610805,0.88439812683363,-1.849299766736
1761,20395,"s1","m1",-0.683126478935925,-0.690276852238186,-1.47391335189048,0.760622443370162,-1.74559587256361
1762,20402,"s1","m1",-0.630318821276539,-0.691079087568922,-1.22602272165472,0.712958974343436,-2.01397845653567
1763,20408,"s1","m1",-0.690565707123384,-0.592301356177513,-1.08650233890863,0.822959262651752,-2.21097169085299
1764,20411,"s1","m1",-0.662654218608654,-0.654884726868747,-1.2250677526131,0.859707959299778,-2.05363052007628
1765,20414,"s1","m1",-0.632461716028884,-0.640046713336742,-1.18286551326867,0.810754601112242,-2.07772737522056
1766,20419,"s1","m1",-0.674962743641461,-0.649682981807725,-0.970064358828957,0.873721125699649,-1.59285072638035
1767,20426,"s1","m1",-0.710892241084904,-0.669774573152651,-1.20668063662813,0.666762612375843,-1.62099623557282
1768,20431,"s1","m1",-0.697105540175705,-0.621548807152377,-0.945422728652605,0.767184822735417,-2.26450929363931
1769,20440,"s1","m1",-0.704143581970583,-0.614620836448753,-1.59608937342607,0.869292031885604,-1.88938704228003
1770,20453,"s1","m1",-0.681385624918535,-0.655753865031043,-0.908458582952383,0.772536522641385,-2.8598167456899
1771,20464,"s1","m1",-0.648778487778514,-0.613800635824895,-0.981261858519853,0.853440087869654,-2.3897650056706
1772,20477,"s1","m1",-0.682996513940256,-0.649826460223381,-0.869735328776213,0.693685472000986,-3.35544898054556
1773,20483,"s1","m1",-0.639639044432619,-0.597759770439729,-1.00899864281555,0.832231886670406,-2.58591360451926
1774,20489,"s1","m1",-0.693399562365437,-0.610304317686295,-0.881836814199243,0.748201051443016,-2.15519249446829
1775,20491,"s1","m1",-0.721730741517466,-0.629754203898213,-1.0447673260328,0.741070268748652,-1.11399359767626
1776,20505,"s1","m1",-0.640848079570444,-0.634507355215612,-0.619169425142494,0.834110342059852,-2.08159945108562
1777,20518,"s1","m1",-0.673346672259837,-0.630885229305406,-0.928474186100693,0.876424750580434,-2.21433127325656
1778,20558,"s1","m1",-0.603620889905358,-0.683795538544871,-1.01495367103476,0.828363627736565,-1.99515302445425
1779,20570,"s1","m1",-0.667436890541103,-0.658277227666465,-0.99934996175828,0.736925283537068,-2.48952328030197
1780,20590,"s1","m1",-0.687364829971092,-0.629849193076612,-0.903662750640409,0.793470030678113,-1.5333291241543
1781,20595,"s1","m1",-0.67103124686972,-0.658280713876159,-1.44845909782822,0.657560645188986,-2.2605787956949
1782,20600,"s1","m1",-0.641449899053613,-0.574153350405994,-1.84767832535704,0.921220442396447,-3.26840730471194
1783,20618,"s1","m1",-0.668248298522017,-0.583650115576314,-1.01371052388001,0.918376063420876,-2.0616959588425
1784,20649,"s1","m1",-0.624238135577444,-0.671756463210382,-0.913855517387043,0.676332118517617,-2.51428021134786
1785,20658,"s1","m1",-0.721906631912674,-0.632207943212206,-1.14538046796326,0.758957517155363,-1.63085812160385
1786,20669,"s1","m1",-0.67505090579464,-0.685806003038686,-1.16914350431833,0.639546505424029,-2.34893403751685
1787,20676,"s1","m1",-0.683036386265465,-0.666575931093018,-0.753400220557555,0.861256719948233,-2.48552212627116
1788,20691,"s1","m1",-0.65254669587034,-0.585939497938451,-0.733944328169442,0.763109148951224,-2.54467961883703
1789,20707,"s1","m1",-0.643312151828208,-0.663136427551131,-1.800171670001,0.772309660556918,-2.90079589089377
1790,20714,"s1","m1",-0.781398237784233,-0.648266316166037,-1.04685001850691,0.57362717349415,-2.40146190592735
1791,20715,"s1","m1",-0.63599874381597,-0.669698607951172,-0.831130809953814,0.702371423314089,-2.53840805404764
1792,20740,"s1","m1",-0.676169506913191,-0.646134665758391,-0.682460931251844,0.721970794301086,-1.89004587779029
1793,20744,"s1","m1",-0.656689036260827,-0.661646010960031,-1.40861033368719,0.868706717515742,-2.29554678930293
1794,20754,"s1","m1",-0.708613577501568,-0.655817653893681,-1.10175395411644,0.724558443691229,-2.40639488307693
1795,20756,"s1","m1",-0.635348736955844,-0.621288500622416,-1.36225924845722,0.808928715705357,-2.5746150629567
1796,20758,"s1","m1",-0.71945362239519,-0.638865664674901,-0.988936167045685,0.804933075812074,-1.92873142621152
1797,20760,"s1","m1",-0.645163048765123,-0.61760734498057,-0.888648085322977,0.813900459243405,-1.79004792497214
1798,20764,"s1","m1",-0.662704636924084,-0.640038061412062,-0.983797377963173,0.735287530761618,-3.1952785612125
1799,20778,"s1","m1",-0.624200453423578,-0.641152694368511,-1.32125349431139,0.879730427501345,-2.29063403007667
1800,20785,"s1","m1",-0.642473897711163,-0.636882596798972,-0.388484642830713,0.770001119979264,-2.38290865460217
1801,20789,"s1","m1",-0.701802431414113,-0.601233833420496,-1.02881976195265,0.686958543566385,-1.98122952217499
1802,20802,"s1","m1",-0.646298956253228,-0.670382097650738,-1.55020655060987,0.841616986074858,-2.45244043374054
1803,20813,"s1","m1",-0.664189055152662,-0.666841276468311,-1.28072633740563,0.755961251897046,-2.51758569892129
1804,20834,"s1","m1",-0.638879866998783,-0.573685333725867,-0.926897784237854,0.920606408703494,-1.89945316344722
1805,20845,"s1","m1",-0.622599087746445,-0.684920935843609,-1.0462714272686,0.809430025358936,-2.14888279726425
1806,20851,"s1","m1",-0.640008315177546,-0.640855717734536,-1.07497522371983,0.761464064301875,-2.84764759508272
1807,20856,"s1","m1",-0.601656791707201,-0.684685794376332,-1.21854005453459,0.85223879814044,-1.96717544455489
1808,20896,"s1","m1",-0.638751527188649,-0.606894086713057,-1.17429253309066,0.79302366075398,-2.48250861282291
1809,20900,"s1","m1",-0.646758216729133,-0.652296433361801,-0.82855303876059,0.78155217997595,-2.48769837212991
1810,20901,"s1","m1",-0.629041674048285,-0.574879611866233,-0.682341183736178,0.870284202640749,-2.61748269307865
1811,20904,"s1","m1",-0.684938692528386,-0.688589537523189,-1.59193244349161,0.769503411558508,-2.06171626577483
1812,20911,"s1","m1",-0.633001876401345,-0.607591890490073,-1.09829688014207,0.702257756232824,-2.16785249002089
1813,20914,"s1","m1",-0.615375938013812,-0.669515564487361,-0.831379825349882,0.766245193093757,-2.07279508426175
1814,20919,"s1","m1",-0.623327530571538,-0.647536652314101,-1.11212072094638,0.798778947847386,-2.80178009911089
1815,20925,"s1","m1",-0.66641694337955,-0.648733690292039,-1.15262976149312,0.831618052749782,-2.26848786998716
1816,20931,"s1","m1",-0.67235206155715,-0.645045326465781,-1.02397050350676,0.792174911432335,-2.82068609383217
1817,20974,"s1","m1",-0.560738266037832,-0.563860892741041,-0.520065154559133,0.842773844566039,-3.30647207010436
1818,20979,"s1","m1",-0.613696477429538,-0.624609348100428,-0.801748005133056,0.81274139870821,-2.39902171764013
1819,20986,"s1","m1",-0.61427719316602,-0.716167387158921,-1.08190353297729,0.876142737502448,-1.65515724671596
1820,20994,"s1","m1",-0.694444279420034,-0.732840045930416,-0.836960285329011,0.6193213547513,-1.97982504438174
1821,21050,"s1","m1",-0.639438450484616,-0.67495883093288,-1.05369275097126,0.644333832505062,-1.57164575699091
1822,21058,"s1","m1",-0.662694217765731,-0.637223648272293,-0.755255420290177,0.749973415875299,-2.22468868917931
1823,21066,"s1","m1",-0.663809214529723,-0.67442260426654,-1.11137424016111,0.739041849955727,-2.39929966605693
1824,21072,"s1","m1",-0.610337202514079,-0.66878202890075,-0.754398791209186,0.801350744920363,-2.51310624795372
1825,21078,"s1","m1",-0.696529551953456,-0.674444772883913,-1.06141199881398,0.731813342157797,-1.72407119314801
1826,21090,"s1","m1",-0.66127767526094,-0.678592172432671,-0.696510610907586,0.699517109338155,-1.59767544745067
1827,21114,"s1","m1",-0.660348456630048,-0.581966412150961,-0.644667363690199,0.727889173854871,-2.1879167314378
1828,21115,"s1","m1",-0.65357577487011,-0.606797167011047,-1.16785757826824,0.904884957226928,-1.9038802459377
1829,21126,"s1","m1",-0.690095292513959,-0.613442665600995,-1.15874775558139,0.858178155285394,-2.48982128493339
1830,21127,"s1","m1",-0.659198832376327,-0.640231651268432,-0.786668716190483,0.890441310918757,-2.66753565906814
1831,21139,"s1","m1",-0.567780075155589,-0.608010799944078,-0.471143325105391,0.834692232006133,-3.03747855829284
1832,21145,"s1","m1",-0.678567918405272,-0.681153569656044,-1.50121325969191,0.731961152445559,-2.24370787624389
1833,21161,"s1","m1",-0.648977163655209,-0.647526988110757,-0.997043808454676,0.781334284054923,-1.79871830944791
1834,21165,"s1","m1",-0.703564160703324,-0.69350328433052,-1.06356773541744,0.75252429811874,-1.90636292706894
1835,21167,"s1","m1",-0.578466592716644,-0.619364140044193,-0.819737585504325,0.856580711818856,-2.89195784811255
1836,21185,"s1","m1",-0.670497123894972,-0.662584610708481,-0.529718477674878,0.783172576773616,-1.64847075377916
1837,21196,"s1","m1",-0.589683638233328,-0.655737712686829,-0.759305828908338,0.938868437360949,-2.450894943652
1838,21199,"s1","m1",-0.689159874609859,-0.638270596383125,-1.22880291196586,0.698207639450103,-2.00923392854414
1839,21202,"s1","m1",-0.654122950219489,-0.638644343046892,-1.18621344475331,0.852640406497463,-2.43589063377362
1840,21207,"s1","m1",-0.642965338192253,-0.643088748521632,-1.28207294926772,0.764579565506385,-2.79299662393002
1841,21219,"s1","m1",-0.665502192925657,-0.642570007025571,-1.0463693990676,0.728510737954662,-3.01854497255419
1842,21233,"s1","m1",-0.643377582012799,-0.646792377926432,-1.38050279958887,0.751529655703986,-2.32989560254895
1843,21235,"s1","m1",-0.670947443892053,-0.616952854357466,-0.902006748263022,0.633365209233876,-3.43048342115519
1844,21258,"s1","m1",-0.659835786232897,-0.645765193480124,-0.906684372701544,0.795212487142912,-1.6741003183992
1845,21279,"s1","m1",-0.629382354034543,-0.549148511090297,-0.889549744416872,0.850966705033548,-2.11742966048207
1846,21281,"s1","m1",-0.625917466707141,-0.644209417666158,-1.30720359083738,0.690358294362709,-1.72037686481439
1847,21298,"s1","m1",-0.691348683857587,-0.666743139029345,-0.700953696459662,0.760237695564237,-1.90064537527831
1848,21301,"s1","m1",-0.63896053253753,-0.643883459915838,-0.813808994465566,0.803237158413058,-2.9762471609224
1849,21302,"s1","m1",-0.658988487609827,-0.680872631570853,-0.965465459672114,0.697342795554073,-2.18716391063056
1850,21306,"s1","m1",-0.711294750149765,-0.682438199172805,-0.792153445152101,0.69480741590295,-2.29196786318078
1851,21310,"s1","m1",-0.62595424390087,-0.615192851627531,-0.836282636620788,0.853271084949255,-2.73941446682029
1852,21311,"s1","m1",-0.647182373966209,-0.632480990515597,-1.31187614231903,0.724297955114868,-2.88730792638661
1853,21316,"s1","m1",-0.64514018090865,-0.647373898643059,-0.535427375193396,0.891669061818119,-2.38530549213099
1854,21329,"s1","m1",-0.689135716053524,-0.587450778793038,-0.840932770815626,0.895287828919738,-3.144453432955
1855,21332,"s1","m1",-0.667611198030684,-0.689638834468682,-1.68475403513862,0.659983237619846,-1.83270432219364
1856,21343,"s1","m1",-0.606409020347314,-0.582670727492383,-1.08829398121824,0.8446072820793,-3.58317702264175
1857,21359,"s1","m1",-0.719343259297736,-0.654903604770416,-1.37111115227352,0.691382406678357,-1.87270637822319
1858,21405,"s1","m1",-0.627799115053241,-0.645824959160721,-0.410314965802418,0.805772164641932,-2.17797491980028
1859,21408,"s1","m1",-0.663396122108219,-0.632988500749992,-0.961569287663,0.793180226670576,-2.33119356343311
1860,21449,"s1","m1",-0.637797099243484,-0.615483702493104,-0.777310221286246,0.854064535470102,-1.91229384579676
1861,21450,"s1","m1",-0.615058819579316,-0.63439726280892,-1.04192506842395,0.898519907457902,-1.98493088388962
1862,21454,"s1","m1",-0.634656123325308,-0.59992216275832,-1.38354567212378,0.86766312637133,-1.96964960098431
1863,21467,"s1","m1",-0.679425490517211,-0.604801588194631,-1.20716031967687,0.85404760359105,-1.5765645118841
1864,21469,"s1","m1",-0.634696538348661,-0.626562602012128,-1.14193642627695,0.898886998702874,-2.91939438996022
1865,21511,"s1","m1",-0.621330182299968,-0.649835500555727,-0.791758511183727,0.760317243694929,-2.64844838375979
1866,21526,"s1","m1",-0.66515554511312,-0.659961130878208,-1.05899212697963,0.820309013166584,-1.9030842179782
1867,21542,"s1","m1",-0.628437562453162,-0.642925660690542,-0.972047748727093,0.892141126503062,-2.54822762859579
1868,21550,"s1","m1",-0.638825825266381,-0.636933844790511,-0.971638691055123,0.846210143614205,-1.69423196787967
1869,21552,"s1","m1",-0.714467879241145,-0.710948623173902,-1.36934582469717,0.67036055801121,-1.47303005546629
1870,21566,"s1","m1",-0.667873064158598,-0.643551737715795,-1.19835104902362,0.775401191994264,-2.57846762695997
1871,21581,"s1","m1",-0.642192027933804,-0.577030422766127,-0.905069081100494,0.880091181233394,-2.26798156187793
1872,21625,"s1","m1",-0.655410381069366,-0.658884850704279,-1.71281463527834,0.748085958869117,-1.59755993341573
1873,21640,"s1","m1",-0.725066567269199,-0.678925704436885,-1.29773442072295,0.637195222115592,-2.14811399199106
1874,21648,"s1","m1",-0.624582820737779,-0.640659948955147,-0.616312019126018,0.698895143720399,-2.60563280218706
1875,21651,"s1","m1",-0.681084677337338,-0.66884219829782,-1.05487397534999,0.750310976181018,-2.84550995502022
1876,21653,"s1","m1",-0.636219594190538,-0.651455523945345,-0.692301603251348,0.75720008295329,-2.42228708581519
1877,21691,"s1","m1",-0.655273967681229,-0.66936743623352,-1.04002378575683,0.774609885799899,-2.28749854391358
1878,21698,"s1","m1",-0.692709619209785,-0.634736396749097,-1.2081824564747,0.760756577377885,-1.59328460139843
1879,21701,"s1","m1",-0.701913521370849,-0.729780445711593,-1.67258385817276,0.670382651063139,-1.48502771691843
1880,21705,"s1","m1",-0.675132806696227,-0.657672036705158,-1.09555375312964,0.838222303181736,-2.03235110697493
1881,21715,"s1","m1",-0.68962074470912,-0.711484600920398,-1.22148652346993,0.708127079298434,-1.84850280650902
1882,21721,"s1","m1",-0.70004999699244,-0.651573042646795,-1.04462337015123,0.781091852198655,-2.37837217078221
1883,21730,"s1","m1",-0.632743014123191,-0.606723465055892,-1.02760147000775,0.830477003041236,-2.57221018356043
1884,21740,"s1","m1",-0.776615992574196,-0.701769097665491,-0.883607985556619,0.669161015062384,-1.16967849087373
1885,21742,"s1","m1",-0.690837394278713,-0.627637127024844,-0.858256116592972,0.718808062244948,-2.52056095363335
1886,21762,"s1","m1",-0.65919654367708,-0.664196398615171,-1.11324058963242,0.822093002761811,-1.10550376107519
1887,21766,"s1","m1",-0.661003212067743,-0.645993817686087,-1.14858905646332,0.863953869422963,-1.86936551848165
1888,21819,"s1","m1",-0.686489462273435,-0.646919460724165,-1.11422035926849,0.727286881938144,-2.08943643492716
1889,21820,"s1","m1",-0.625386388427791,-0.61293520553236,-0.785763514820347,0.931665114223682,-2.46582762048373
1890,21830,"s1","m1",-0.656904379324411,-0.6596969716042,-0.873197996108846,0.812636689447371,-1.5503383776726
1891,21831,"s1","m1",-0.658924539421898,-0.655147047104875,-0.684015634231091,0.657530532189025,-2.56306421409619
1892,21857,"s1","m1",-0.643065556959392,-0.64999259282859,-0.312446375593169,0.83817773430677,-2.28635109124464
1893,21865,"s1","m1",-0.658561405019201,-0.666038481274616,-1.13096812717971,0.73352860637494,-1.48437303427639
1894,21887,"s1","m1",-0.656369109559507,-0.640128972571376,-0.957927534785185,0.74107477296899,-2.16630860124066
1895,21901,"s1","m1",-0.682622552101378,-0.695280577457913,-0.823966403685289,0.567080576871756,-2.04448085281795
1896,21903,"s1","m1",-0.640986792150268,-0.631866118607814,-1.53684095599443,0.82069134200214,-2.58887385459346
1897,21915,"s1","m1",-0.60012769127526,-0.643649376051701,-1.24616097486463,0.807396142565645,-2.66615364699059
1898,21925,"s1","m1",-0.755827373801616,-0.622147763392851,-0.904176618911054,0.68903655232292,-1.91370507187905
1899,21960,"s1","m1",-0.655508240283409,-0.68390790756028,-1.4003503135185,0.666545557959982,-1.73000927568987
1900,21974,"s1","m1",-0.701495141003803,-0.61882872593165,-1.2067381820505,0.741907222100945,-2.12591862592125
1901,21979,"s1","m1",-0.634714236539731,-0.678093303278757,-0.778865571573472,0.85570409202932,-2.64297520951669
1902,21983,"s1","m1",-0.585042611806057,-0.582549925750612,-0.765394504154374,0.902561766984007,-2.66773364787751
1903,21991,"s1","m1",-0.69438250828723,-0.676238363891962,-0.896047434734029,0.795025416466116,-2.20839487488109
1904,21992,"s1","m1",-0.669610926296562,-0.666352929942186,-1.13382317596972,0.857599392710682,-2.01898414792607
1905,21994,"s1","m1",-0.586929919749298,-0.666890605922448,-0.583211853470298,0.763660132783789,-2.72939876600489
1906,21998,"s1","m1",-0.70525459118202,-0.635833319152871,-0.690442264089866,0.7502337387296,-2.45765278658689
1907,22025,"s1","m1",-0.649572539180071,-0.580326441270038,-0.98842372204814,0.659763163595698,-4.35535273404183
1908,22030,"s1","m1",-0.674753099367401,-0.703538314270026,-1.03857453784309,0.79020313302373,-1.66030186920068
1909,22033,"s1","m1",-0.658804934402247,-0.604912971448751,-1.04794721755437,0.860899355494807,-2.11374820527468
1910,22052,"s1","m1",-0.682054297083593,-0.663790919387276,-1.37792788617181,0.819028851963839,-2.06523634266647
1911,22053,"s1","m1",-0.703887700145184,-0.632418194345741,-1.06512103472589,0.824882659880648,-1.3197224777725
1912,22095,"s1","m1",-0.644770428254499,-0.661088552322162,-0.640887867065915,0.689713814857049,-1.84189070490032
1913,22126,"s1","m1",-0.732775282528607,-0.650538287095755,-1.39489603632378,0.765339787445736,-2.85161115625762
1914,22146,"s1","m1",-0.717357732619392,-0.687356326123987,-0.941588545280475,0.721990976294853,-1.93711056899228
1915,22161,"s1","m1",-0.61817231561545,-0.583219130085289,-0.764323239790739,0.807403281237366,-2.73549940140647
1916,22169,"s1","m1",-0.622993775264532,-0.633416878965327,-1.51379080082657,0.826104917864863,-2.74437585659222
1917,22180,"s1","m1",-0.703069921464286,-0.708348662762671,-1.45118676376009,0.665813588862342,-1.43529707708157
1918,22184,"s1","m1",-0.621379686124662,-0.642920465854376,-0.62226814236191,0.832781594502269,-2.26381975739299
1919,22228,"s1","m1",-0.668369586945283,-0.603948380545108,-0.778135486278394,0.76028821519518,-2.78944637552967
1920,22233,"s1","m1",-0.680849991332721,-0.611746049949855,-1.14385100117625,0.836604963931354,-2.14124343648048
1921,22234,"s1","m1",-0.649344148396154,-0.591924005280494,-1.46928916895735,0.769411028660962,-2.20825209892882
1922,22247,"s1","m1",-0.655175686248281,-0.674307341279431,-1.07215065098356,0.872782830255836,-1.55197755690565
1923,22270,"s1","m1",-0.671478618033689,-0.728892527372537,-1.32327784562241,0.740612113094617,-1.1065677897403
1924,22276,"s1","m1",-0.598317408549493,-0.685611392952273,-0.985923620622944,0.761671155090934,-2.35700767125263
1925,22326,"s1","m1",-0.596054085429135,-0.601045057133551,-0.810171285281925,0.782158833031175,-2.95421314323806
1926,22328,"s1","m1",-0.668980005301245,-0.679418675942185,-1.12770411921951,0.713802805924472,-1.38967372265046
1927,22355,"s1","m1",-0.623273287769628,-0.690844722733081,-0.395213334879176,0.837481155961539,-3.01944089241892
1928,22371,"s1","m1",-0.646397075731247,-0.617367185559086,-1.28115682870889,0.806663582992363,-2.01601382839938
1929,22383,"s1","m1",-0.678205231827002,-0.6292711217561,-1.60108264227627,0.785047585813378,-2.8140573228119
1930,22407,"s1","m1",-0.69379244811195,-0.654251420641753,-1.28549645250998,0.751526484941739,-2.47971996215529
1931,22408,"s1","m1",-0.603329870782267,-0.673775694647661,-1.20862654363548,0.748539354875194,-1.70973816901674
1932,22418,"s1","m1",-0.66434831047567,-0.620187408957625,-1.00557465281266,0.783342077242573,-2.71480330893525
1933,22428,"s1","m1",-0.653147975674966,-0.612543532813027,-1.16645376846852,0.799673634195528,-2.41818845888825
1934,22447,"s1","m1",-0.598696684828022,-0.591600186131169,-0.8149708177411,0.786753588134579,-2.06430229586767
1935,22451,"s1","m1",-0.621335677511334,-0.655797256604608,-0.938508300934826,0.730878600849066,-2.63570840396328
1936,22486,"s1","m1",-0.611030788200866,-0.688824192555091,-1.01282113632131,0.77102460541482,-1.40526351101629
1937,22519,"s1","m1",-0.663551450956902,-0.660359768814403,-1.29576663721999,0.725131966637444,-2.23273120774037
1938,22525,"s1","m1",-0.717291157071081,-0.654314136800931,-1.55707296781366,0.736503801114415,-1.87624097693346
1939,22532,"s1","m1",-0.647471501560594,-0.624303088821274,-1.22594368979224,0.81879283649629,-1.94099837280085
1940,22536,"s1","m1",-0.668094185740312,-0.680381692938704,-0.956378804343973,0.688718187277064,-2.82451552731108
1941,22540,"s1","m1",-0.599438495956572,-0.641760465451227,-1.12452634980572,0.762810872478336,-1.85255294762547
1942,22560,"s1","m1",-0.641778357299836,-0.598325521916625,-0.98224449648086,0.774164378468004,-2.26831210456857
1943,22563,"s1","m1",-0.567642933010213,-0.621423952040414,-1.24115367072381,0.853118341460451,-1.24079948699214
1944,22571,"s1","m1",-0.667517703562755,-0.597809706068563,-0.860626050369394,0.742696287990658,-3.02445210297411
1945,22573,"s1","m1",-0.632954257766939,-0.639318135818077,-0.468324264876242,0.79568918816459,-2.31224507124963
1946,22603,"s1","m1",-0.667951877173829,-0.639088206133996,-0.812784203141926,0.808365431568749,-2.23879835014966
1947,22626,"s1","m1",-0.652524597590467,-0.600352307599234,-0.878983368764978,0.760147670911916,-1.96059456129018
1948,22630,"s1","m1",-0.646929700495034,-0.591761580292454,-0.866164596273384,0.826838743054579,-2.14889270157777
1949,22639,"s1","m1",-0.635871684927686,-0.64526972761187,-0.937204510086102,0.765547246399258,-2.09597681095098
1950,22644,"s1","m1",-0.672543115606505,-0.614617753686151,-1.53082368997957,0.817151712337213,-1.3504622838351
1951,22657,"s1","m1",-0.617150856378709,-0.64224893336106,-0.865857461986257,0.836066758093211,-3.67254168308241
1952,22663,"s1","m1",-0.672608748912906,-0.64405394519232,-0.896230656203713,0.827522810119114,-1.63310675879367
1953,22698,"s1","m1",-0.624717150724205,-0.621645244467553,-0.813616222191578,0.825788092394402,-2.5880574125437
1954,22713,"s1","m1",-0.61491176326035,-0.685833589529326,-1.09270765444722,0.777399690828126,-2.61807558511252
1955,22737,"s1","m1",-0.627785020217744,-0.632701111733672,-1.00043930285923,0.814816667589338,-2.31231059549349
1956,22742,"s1","m1",-0.691531956888278,-0.625246157046877,-0.773549294981951,0.71897000923859,-1.78109867345373
1957,22757,"s1","m1",-0.58705441092285,-0.674609801410075,-1.27472359168985,0.855308602158376,-1.80328187734752
1958,22766,"s1","m1",-0.619996814812353,-0.642428937820672,-0.936306119569523,0.805661736838239,-3.15394173901547
1959,22783,"s1","m1",-0.580130651107459,-0.622556306711383,-0.775641240255733,0.806653615168899,-2.08682179950112
1960,22803,"s1","m1",-0.694087291245671,-0.664045212518893,-1.26194706915661,0.799509619419384,-2.18647256538058
1961,22827,"s1","m1",-0.651420688994633,-0.699586428657967,-1.09262154608871,0.710434925448036,-2.77991998575284
1962,22857,"s1","m1",-0.658831733095278,-0.650242547631228,-0.689035391376326,0.796417245476863,-2.57960953475762
1963,22859,"s1","m1",-0.598901317898022,-0.649227880789858,-1.04747798751422,0.777538648409579,-2.88258822990016
1964,22860,"s1","m1",-0.614234145212965,-0.658507560552936,-1.46012432875412,0.817334463025722,-2.73699065418899
1965,22869,"s1","m1",-0.682720349147132,-0.617731898511451,-0.791307732456456,0.691696626344832,-2.56665400824858
1966,22883,"s1","m1",-0.719720900382781,-0.663958446977236,-1.46155778755682,0.660059136071038,-2.57496758434217
1967,22889,"s1","m1",-0.665446546839404,-0.629600041698924,-1.04715318007358,0.778593919675223,-2.37700539341883
1968,22899,"s1","m1",-0.658794761081892,-0.652298203188367,-1.34421508729826,0.686820706414,-1.64702538487903
1969,22917,"s1","m1",-0.657285407636773,-0.66190201008302,-1.20836401416221,0.77720014703693,-2.01943654774462
1970,22964,"s1","m1",-0.674276584951106,-0.625870794319646,-1.35558536571596,0.731202517863462,-3.33077199748652
1971,22972,"s1","m1",-0.643180207955204,-0.622328847162162,-1.02371869223896,0.806531149415475,-2.88514083064348
1972,22976,"s1","m1",-0.646567330140128,-0.625560840944331,-0.737007808746891,0.78093564485333,-1.72069368249817
1973,22996,"s1","m1",-0.685651591301244,-0.609463069520817,-0.792023275754657,0.895805314143626,-1.92733461647533
1974,23015,"s1","m1",-0.617104273307227,-0.626168529618937,-1.08626154007189,0.802709759664066,-3.84580307714386
1975,23033,"s1","m1",-0.629674813144687,-0.661637534885999,-0.934595855005244,0.835570300088926,-3.32105113812621
1976,23040,"s1","m1",-0.649503030367532,-0.656326679307363,-1.3002728444111,0.803898664411828,-2.74032464204067
1977,23047,"s1","m1",-0.616895930337439,-0.645508186767224,-1.00616326565208,0.785322305952346,-1.80319309506142
1978,23049,"s1","m1",-0.658868715615044,-0.680670089558637,-0.626441354874832,0.659751588572783,-2.80183165019482
1979,23057,"s1","m1",-0.722792014907563,-0.711458990500845,-0.952957606155675,0.6257338467828,-1.22950925332544
1980,23061,"s1","m1",-0.637169294509553,-0.61831772398408,-1.02901956867181,0.785985858051003,-2.5476217408977
1981,23090,"s1","m1",-0.703365160194253,-0.6654611149423,-1.31519077050166,0.684405467004513,-1.79077106169235
1982,23121,"s1","m1",-0.584152946239679,-0.641199126829466,-1.07375106584682,0.844437532654739,-3.11747534211205
1983,23137,"s1","m1",-0.619660314825262,-0.674608435579212,-1.1209626620982,0.702444311541153,-2.597936857933
1984,23159,"s1","m1",-0.717477973348799,-0.599408180249462,-1.13342547672928,0.820125743021855,-2.17333130457747
1985,23164,"s1","m1",-0.661627687345208,-0.612522438623929,-0.85016012945373,0.859748611299549,-1.74119039736336
1986,23173,"s1","m1",-0.650650794230235,-0.676425528116431,-0.502867260108378,0.84908909416878,-3.29999155573516
1987,23183,"s1","m1",-0.714934683439308,-0.652592457878297,-0.790389108972789,0.869955944832859,-2.22247842706558
1988,23194,"s1","m1",-0.637474518875934,-0.673555755161369,-1.20392917312787,0.866877597791152,-1.65754845116693
1989,23214,"s1","m1",-0.695800520679518,-0.695396427574524,-1.09264371614604,0.649345167332797,-1.95448299315228
1990,23216,"s1","m1",-0.686453294250786,-0.732868459341541,-1.09812284719442,0.694559207537716,-1.07154538258331
1991,23243,"s1","m1",-0.602202510430829,-0.595377317555989,-1.42745220945697,0.784994057480257,-2.23388680236304
1992,23252,"s1","m1",-0.667841210715681,-0.652183043782956,-1.02573801385971,0.789298642999131,-2.22767352976563
1993,23265,"s1","m1",-0.675140999425413,-0.674261739943539,-0.901908895208727,0.786563468821198,-2.3491740664125
1994,23282,"s1","m1",-0.619955944452051,-0.573529940902377,-0.821022061584194,0.855308256467942,-1.49897826219604
1995,23329,"s1","m1",-0.686134801995334,-0.682045502552517,-1.61960552739136,0.696037014917071,-2.00681199734988
1996,23343,"s1","m1",-0.732417168682061,-0.595723314577373,-1.58869284724653,0.670080329348613,-1.72181909844601
1997,23363,"s1","m1",-0.659450757543566,-0.673559037080168,-0.911236700401009,0.728571823164722,-1.2010288491305
1998,23368,"s1","m1",-0.715916070483465,-0.660968012764623,-1.05131585349396,0.699033254050165,-2.35178375752103
1999,23372,"s1","m1",-0.707697935184867,-0.659368931757322,-0.488071100917886,0.769562269753631,-2.11389441024671
2000,23376,"s1","m1",-0.656119649220675,-0.636884775916033,-0.842633318917223,0.648815553414823,-2.65952488020781
2001,23384,"s1","m1",-0.617040694457533,-0.605815825533557,-0.623190077813893,0.790528007615046,-2.36680797232332
2002,23386,"s1","m1",-0.660426740369675,-0.628197892406492,-1.16824970467356,0.711389386710174,-2.30245132597965
2003,23388,"s1","m1",-0.726561343488254,-0.654137433945142,-1.17892066652246,0.747134600091803,-2.51247739794094
2004,23397,"s1","m1",-0.606687967818369,-0.574944208956102,-1.0997887431294,0.832272882601615,-2.7502209540758
2005,23425,"s1","m1",-0.624174902618736,-0.612897863530334,-1.00842668690262,0.76793772474794,-2.36162803483432
2006,23430,"s1","m1",-0.658233516435162,-0.60832772141077,-0.86689425487248,0.755028174599442,-1.91364898083167
2007,23457,"s1","m1",-0.579350706446918,-0.65850304925491,-0.821154608632137,0.623967470284152,-2.26288771208676
2008,23460,"s1","m1",-0.637924006541092,-0.652027092262132,-0.782934552951481,0.769339226946347,-2.47914249839176
2009,23515,"s1","m1",-0.624873710998806,-0.645893452623097,-0.804574201270907,0.748774397793098,-1.47577088827176
2010,23516,"s1","m1",-0.724985124418997,-0.630572122885286,-0.998276303453862,0.7219620178265,-2.27239082151548
2011,23522,"s1","m1",-0.667954775278883,-0.665214596340017,-1.13799065136074,0.778795123491102,-2.44364092186267
2012,23548,"s1","m1",-0.603323715933692,-0.61515904129833,-0.767495680074095,0.849745871384055,-3.52102428824655
2013,23550,"s1","m1",-0.584712819599558,-0.673907034262341,-1.04609255406346,0.798446690227513,-1.93055497543089
2014,23565,"s1","m1",-0.633033626725327,-0.573629390413125,-0.95080125274669,0.700474284003827,-2.46788481537954
2015,23574,"s1","m1",-0.628433861403226,-0.590898626725081,-1.07316863660425,0.890746590652594,-3.48006561548253
2016,23584,"s1","m1",-0.649504652259555,-0.646764195226827,-0.752819767910729,0.770036475915996,-2.39929376489405
2017,23618,"s1","m1",-0.669597761080535,-0.665881638006533,-1.12979442760755,0.735212751864599,-1.99187180375277
2018,23634,"s1","m1",-0.638722101527114,-0.657244208152261,-0.788849413414175,0.777533962698056,-2.82832289557436
2019,23647,"s1","m1",-0.687967677842791,-0.634340790438075,-1.02187500401878,0.781425573799098,-2.34096569729346
2020,23657,"s1","m1",-0.643210649124027,-0.648276053736177,-1.48475958035034,0.789018574194866,-2.2556810683876
2021,23660,"s1","m1",-0.656419246330799,-0.666295955066077,-1.20815762342757,0.81441161073064,-2.29197802865767
2022,23684,"s1","m1",-0.810980408073562,-0.710631594351312,-1.18173465466747,0.599923946833918,-1.08830213708928
2023,23698,"s1","m1",-0.603613975854785,-0.620373292969747,-1.56111261694717,0.808742955363362,-2.31981030144199
2024,23711,"s1","m1",-0.655312577029119,-0.648995521244452,-1.02683524458342,0.812882594908013,-2.40368369506872
2025,23738,"s1","m1",-0.717240588813211,-0.678970360189353,-0.921679606361703,0.770988638783,-1.1646751925367
2026,23741,"s1","m1",-0.652139812422,-0.659223778801,-1.10969412634084,0.761618257220008,-2.37904210683105
2027,23743,"s1","m1",-0.68509429879283,-0.651206481863159,-0.645475213985468,0.831384577126029,-2.24822483607049
2028,23745,"s1","m1",-0.653232801768373,-0.639175603203373,-1.17261431733618,0.731539732573619,-1.60862265213455
2029,23758,"s1","m1",-0.581964025852697,-0.672602121694401,-0.893362794203865,0.826843252509428,-1.82912930532718
2030,23759,"s1","m1",-0.61161331472929,-0.623383040738424,-0.628441512889297,0.8957092508578,-1.90203329168297
2031,23783,"s1","m1",-0.676451185978167,-0.617589240373943,-0.834927942319502,0.891827592711274,-2.43754764829736
2032,23784,"s1","m1",-0.612920598661478,-0.629898583763319,-1.28918951295735,0.881403963800664,-2.10484610911853
2033,23785,"s1","m1",-0.679346669444729,-0.585830574030451,-1.16846340207039,0.826330801565983,-1.94767470235413
2034,23788,"s1","m1",-0.64558642137699,-0.642371332385159,-0.756942882041802,0.792555089566004,-2.64617712451347
2035,23821,"s1","m1",-0.698539327790085,-0.59857767868612,-0.744884876767646,0.893113843627817,-3.08907858369237
2036,23826,"s1","m1",-0.637503461491718,-0.621520678038421,-1.16672061167534,0.891021889684561,-2.70623807112529
2037,23827,"s1","m1",-0.758193561682658,-0.632908375500175,-1.68449270956136,0.754888425290176,-2.56128171252086
2038,23846,"s1","m1",-0.638470376786966,-0.657374887689539,-1.55980098286273,0.687885751358257,-1.76073376312879
2039,23848,"s1","m1",-0.685372474120773,-0.685282234897001,-1.1621962334189,0.887036457588856,-1.91364267314089
2040,23849,"s1","m1",-0.66927624446453,-0.678733519224074,-0.837079413088809,0.690031467824453,-2.52313035347493
2041,23865,"s1","m1",-0.691406352190196,-0.702931931948969,-0.700755215879783,0.663174506703986,-2.49814931445111
2042,23910,"s1","m1",-0.64988341261707,-0.661729146927863,-0.562441974799775,0.852201833956342,-1.60501663903252
2043,23916,"s1","m1",-0.61015839529569,-0.638380916003576,-0.910509818923865,0.851803239940268,-3.09710413980262
2044,23935,"s1","m1",-0.681102355187784,-0.633109565309025,-1.41670762602138,0.718006823030751,-2.60643247275696
2045,23947,"s1","m1",-0.650633300383093,-0.618018889486139,-0.776891063346806,0.807000989049091,-3.00917020479748
2046,23979,"s1","m1",-0.606920939606173,-0.638550698188387,-0.828461504061707,0.873515761782863,-1.72954460884986
2047,23986,"s1","m1",-0.62726946542875,-0.700427666023575,-1.57528743620243,0.833666426561893,-2.66207059214446
2048,23993,"s1","m1",-0.580620756999556,-0.608309832565846,-0.664931700418277,0.865222789949068,-2.08045075873235
