{
  "mu": [
    3.1358047603573906,
    6.108758545334556,
    4.894301628829995,
    4.418243062002258,
    5.586688319516308
  ],
  "x": [
    [
      3.245970478284082,
      5.65967901014392,
      5.933989017578926,
      4.71596293658842,
      5.146426245675834
    ],
    [
      1.9135087300826894,
      6.194909918938103,
      6.01021440689395,
      4.34906944855184,
      4.794602996227024
    ],
    [
      2.2110005990118244,
      6.235865013119276,
      3.9426911096979254,
      3.947013039518586,
      7.907376292829852
    ],
    [
      5.546783715997311,
      6.880819637547143,
      6.560263633231381,
      5.954895920251538,
      4.713243706099457
    ],
    [
      3.8035558475456908,
      6.7773068408512005,
      6.067683171800913,
      3.381583772087051,
      4.499027209813453
    ],
    [
      2.8691000230976487,
      5.6534170952515765,
      3.462426014959581,
      2.7285412379803207,
      5.872843613338204
    ],
    [
      3.0921158672675504,
      5.725926916593098,
      4.922481154252284,
      5.527597710317254,
      6.450768947415415
    ],
    [
      2.012815662419361,
      5.784702812220689,
      5.852846700614398,
      4.369110375876119,
      6.05978300378624
    ],
    [
      2.024756801119193,
      6.771342190080013,
      4.773651877995715,
      5.416391630414592,
      3.770903997968246
    ],
    [
      3.425479739407581,
      4.686962769866593,
      6.62498697205835,
      4.450769938951946,
      5.089617498070475
    ],
    [
      1.8315779350053893,
      6.672025189559419,
      3.236742517060269,
      4.04243181746914,
      5.742868593538936
    ],
    [
      3.507416294466599,
      6.292852497087118,
      3.414141791026334,
      3.8668912443753314,
      5.919803577752225
    ],
    [
      1.8051564134348037,
      6.645789819223393,
      4.531989558802308,
      4.056530577724788,
      4.6127104750751355
    ],
    [
      3.1055812305425357,
      5.456782566413915,
      5.9610411523997495,
      4.701831269690456,
      6.061527159300512
    ],
    [
      3.9005002170701832,
      6.2668001978963845,
      4.989507496316192,
      1.6840173221495496,
      5.909521840797137
    ],
    [
      3.0209209954620784,
      5.073431980932483,
      7.495401371478084,
      4.53622912243471,
      4.302338836803786
    ],
    [
      1.3003899916401787,
      6.476159492265437,
      6.2722620108231375,
      5.726641049620276,
      4.840722160151169
    ],
    [
      3.599040056490715,
      8.54724374752885,
      3.571221923030037,
      3.45678415272937,
      4.809853317522289
    ],
    [
      1.6406481450471337,
      5.851604331642447,
      6.182289237045218,
      3.3243944709557143,
      6.581332863125877
    ],
    [
      2.011750587886957,
      5.513112272496592,
      6.532646818581779,
      3.4642882518512943,
      5.103757816456202
    ],
    [
      3.6028846895129374,
      5.036214313656959,
      4.495476052857475,
      5.544283161162819,
      4.351306766584299
    ],
    [
      1.2971429149616698,
      6.521573130972535,
      3.8705692710372843,
      3.6016039365691555,
      5.330979660902167
    ],
    [
      2.012110005834315,
      6.635352208863516,
      2.509351267226355,
      5.651347440968362,
      5.932575930428116
    ],
    [
      2.6565526179263275,
      5.882489273082359,
      4.698426643812281,
      4.232906748011652,
      5.362611959905856
    ],
    [
      3.060131907838769,
      5.182655131353517,
      5.891767790526593,
      3.811229762653726,
      6.7274915165967215
    ],
    [
      1.8565581758309877,
      7.824239210814532,
      5.230960703289989,
      4.591771812165099,
      3.574929634652681
    ],
    [
      3.8323517612386975,
      6.242716061509692,
      2.9563553814230668,
      4.478878737715711,
      7.43533444297042
    ],
    [
      3.5600566983910453,
      5.6150112467568345,
      5.696772931006381,
      6.100860723852349,
      6.0856283987537045
    ],
    [
      -0.8593801743740421,
      6.027751761594831,
      3.7230122626997257,
      3.6859268128418687,
      4.971076515652878
    ],
    [
      1.6151358445525876,
      8.351604797050957,
      3.8193792188307754,
      5.518377981015684,
      5.729832607771968
    ],
    [
      2.5042522913946774,
      6.066590321815571,
      4.821582079805186,
      4.667223609131791,
      5.097472639318576
    ],
    [
      2.5848737736228062,
      5.0891035935108775,
      6.48686171344211,
      5.938388786018033,
      5.669012884135165
    ],
    [
      0.9196278582846102,
      5.84698867687734,
      2.1577015913577156,
      3.8585793716397983,
      6.296146352203885
    ],
    [
      3.8173662304674245,
      8.901783349339482,
      5.079917777253463,
      3.3868336797185066,
      4.934441143858995
    ],
    [
      2.677701839439958,
      6.490815264058753,
      5.470650110971178,
      4.091667853433123,
      4.43638127198567
    ],
    [
      3.557626309529122,
      6.366409880933411,
      6.626073814652945,
      4.009192246589277,
      5.4982044418903815
    ],
    [
      3.7636888933749604,
      6.568985855812563,
      3.3094613492293643,
      4.7074027319607925,
      6.749138277915734
    ],
    [
      4.385125535701672,
      5.632481987019056,
      4.372872559320871,
      2.496292395324736,
      8.26512742167234
    ],
    [
      2.9599468679841587,
      7.607282304264114,
      4.9176263892315335,
      3.3310244840653964,
      5.470018570966316
    ],
    [
      3.286278193842365,
      6.14497255420288,
      6.20951286046486,
      5.563579075431518,
      6.33598612755362
    ],
    [
      1.7868422911909225,
      5.5769256180925595,
      6.978162105332453,
      3.979029038914397,
      6.439233261364209
    ],
    [
      4.412969966385792,
      5.3320701567387045,
      6.262352577498076,
      4.0452999267006895,
      4.267540815797967
    ],
    [
      3.54602623178694,
      5.755436697284446,
      4.831381243703069,
      5.26103185126663,
      6.673819441175105
    ],
    [
      2.617441553095336,
      6.454157976172736,
      5.014436490540586,
      3.077834905061149,
      5.829676127775209
    ],
    [
      2.5332608370057104,
      6.043608878970949,
      6.1032749946618585,
      2.933142852131634,
      3.809608595532727
    ],
    [
      3.122002564200735,
      6.410610355994913,
      5.2117280660245,
      5.055647944202417,
      5.648711322745802
    ],
    [
      2.2354940637995897,
      6.789571860446853,
      5.953340265138621,
      2.0276997394199174,
      5.754730334163987
    ],
    [
      1.109751037906769,
      5.496890382878904,
      4.361010737294987,
      4.850717288016359,
      5.4400344167431625
    ],
    [
      4.416145293026801,
      2.4201985008148763,
      4.800981831187265,
      3.155682942724617,
      7.534108649612113
    ],
    [
      4.1901907522261785,
      7.0686061410595045,
      5.93476395711784,
      4.256868726315784,
      7.137387653074812
    ]
  ],
  "id": 22,
  "df": 5
}