{
  "mu": [
    4.004596272216621,
    5.577547387449356,
    5.777511051144564,
    5.450122922259024,
    4.39893566189774
  ],
  "x": [
    [
      2.8824160991901637,
      5.481592445257732,
      7.065744890319775,
      6.326080345656034,
      4.051200005332918
    ],
    [
      3.16562090060292,
      4.03793672722472,
      5.77657503193189,
      3.968041025277932,
      6.215932123213453
    ],
    [
      4.364033990034933,
      6.634183375655152,
      7.043652643862059,
      3.9477814653795966,
      2.66805730594631
    ],
    [
      4.792589780498439,
      5.904158729790374,
      6.254745971486277,
      2.732106853768837,
      6.102466191981058
    ],
    [
      4.174740725938518,
      8.170236738122792,
      6.275662661811261,
      3.832436716270777,
      3.9976068415030204
    ],
    [
      3.181115358634474,
      7.298524245615325,
      6.1905285793524065,
      6.54624375141379,
      3.5260255482474254
    ],
    [
      5.407012085039563,
      4.178847206932279,
      5.151535747950421,
      5.230762235899976,
      3.176566891306395
    ],
    [
      4.649710647467979,
      5.852569978190291,
      6.781097160332825,
      6.1868571178912894,
      3.881625438615886
    ],
    [
      3.8961253171449295,
      5.804862479790159,
      6.045178460948873,
      5.275352310662947,
      4.7466122637234065
    ],
    [
      4.083349645413,
      5.395872034869193,
      5.23995271515582,
      5.9116109952140174,
      3.6778210545452636
    ],
    [
      5.041408139184359,
      5.862752512214024,
      4.894353078028759,
      5.901621341870553,
      3.5120823043196565
    ],
    [
      3.1470346746473137,
      5.891133250818196,
      5.968561944724023,
      4.202288880319139,
      4.623466336214074
    ],
    [
      5.146078941183079,
      6.822326663294242,
      6.622390683066072,
      5.422903122233276,
      4.25692670256128
    ],
    [
      3.958414049485877,
      6.0791827469533395,
      4.567911848533728,
      6.716825683277103,
      3.150249140406928
    ],
    [
      4.057889053915026,
      5.575938359968783,
      5.8396630783770505,
      5.72794925214233,
      3.6511115418056344
    ],
    [
      3.9613997810098693,
      5.319408524229412,
      4.462465756339383,
      6.19351030068764,
      3.4216513437742746
    ],
    [
      2.317571393989548,
      7.0706995964017905,
      6.285681638575767,
      4.876475929507146,
      4.764556422449941
    ],
    [
      4.017164570785912,
      6.808868570799796,
      5.408166637195932,
      5.564389133832532,
      4.837613574731779
    ],
    [
      3.865021596907854,
      5.948499585266636,
      6.916877294346001,
      5.768902328176787,
      3.047261047486956
    ],
    [
      6.257792917284684,
      4.162546227304766,
      5.638357792248643,
      5.4561832752781,
      6.010702482540069
    ],
    [
      4.162510083251987,
      5.653069575200863,
      5.760411130823479,
      6.498074389574034,
      3.513460333382545
    ],
    [
      2.1123629842472837,
      4.3189830587224,
      8.140522711159296,
      6.288355500771195,
      4.208434569979446
    ],
    [
      4.390964338507511,
      6.746577575184351,
      6.3979253451010925,
      3.146469405722787,
      5.151931705691675
    ],
    [
      3.014640978677868,
      3.4842328593808958,
      4.8498466420177495,
      4.5964294046423,
      4.13535365718672
    ],
    [
      3.6824536501927927,
      6.53137825957627,
      4.868475509208579,
      6.560817805452738,
      5.053232387325599
    ],
    [
      6.066357765282044,
      4.021750637273618,
      5.930692078993778,
      6.024597454741026,
      3.2837253107673323
    ],
    [
      4.785984002604229,
      5.048970368087059,
      5.863457081324504,
      3.7647872032039986,
      5.334729428918681
    ],
    [
      2.8537457680589773,
      3.7926780101166795,
      7.686213669145287,
      4.216621037818706,
      3.597168624574061
    ],
    [
      4.58903511819989,
      5.858815118172712,
      6.4913763009854515,
      5.553606647273645,
      2.2677140113559013
    ],
    [
      3.3566366336236286,
      7.188863578766608,
      4.2040845113593726,
      5.139791432264454,
      4.337776970225922
    ],
    [
      2.736373470797589,
      4.277386900645068,
      4.987770319161067,
      5.055964006871688,
      5.913134609905799
    ],
    [
      1.594888738792962,
      4.017669144533616,
      5.188784074438343,
      4.62364954207364,
      3.7340610782724655
    ],
    [
      2.49708583332783,
      6.57832811066252,
      5.622683096965642,
      4.566885848002354,
      3.5257724412569127
    ],
    [
      3.20254955672173,
      5.334849719693072,
      8.342441040748977,
      2.0740305699175794,
      5.262585832653896
    ],
    [
      4.439184879786394,
      5.13933534813534,
      5.66809966404984,
      5.097554694096052,
      4.621752153885967
    ],
    [
      4.198611934308576,
      5.03593042642242,
      5.745018260248008,
      5.925853817489975,
      4.009771606977912
    ],
    [
      4.103008092319729,
      5.037725176627848,
      6.200951762569984,
      3.7105472835210422,
      2.626280917526726
    ],
    [
      6.026263004210282,
      6.5769589819551255,
      6.962813907666257,
      6.2513951886500285,
      3.433570616584829
    ],
    [
      5.154377980093113,
      7.7519512520132725,
      6.500503696262211,
      5.83389894432177,
      4.487564550493491
    ],
    [
      3.9539024369816564,
      2.6060317303584637,
      5.586082068884782,
      5.626055506080567,
      2.9399597356229883
    ],
    [
      4.439222271638288,
      4.182132546059201,
      4.844494605069221,
      4.820039561542177,
      2.8479334922416486
    ],
    [
      3.8399238167911625,
      5.059742123503025,
      5.713402476727699,
      4.599301220342159,
      4.535595897401445
    ],
    [
      3.391891404811348,
      5.49286479000398,
      4.413368848090555,
      4.67384258602435,
      3.7082809040961915
    ],
    [
      4.488380799863685,
      5.446886923291418,
      4.859228327431455,
      4.928498192445018,
      4.409387451280928
    ],
    [
      5.464441769870808,
      5.38029388444468,
      3.2469005001544478,
      5.19501660479915,
      4.864399404446133
    ],
    [
      3.540728076342729,
      4.677617393902693,
      5.857823801392386,
      4.831582888260784,
      5.172874622316844
    ],
    [
      4.247502530566219,
      5.329465952021491,
      4.196149346141134,
      4.741935686829276,
      3.5684704904772646
    ],
    [
      2.157640310978832,
      4.482038332818044,
      5.928423283318261,
      4.901122138642679,
      6.0011573962697735
    ],
    [
      2.2454046251529327,
      5.270447268242376,
      5.95059390505237,
      3.704269739608874,
      5.4342212207856395
    ],
    [
      4.529379725367078,
      4.688787895848543,
      4.230776586184601,
      5.126466968607823,
      3.634160611973823
    ]
  ],
  "id": 37,
  "df": 5
}