{
  "mu": [
    5.904597810324261,
    4.55460487809153,
    4.864996131946929,
    6.299305137332652,
    7.673619987804779
  ],
  "x": [
    [
      6.006411832583728,
      3.9697592154403614,
      5.473768925257735,
      4.536111112340003,
      7.791905901205877
    ],
    [
      6.659101790524991,
      4.062577483291129,
      5.891520146117488,
      7.646512166586745,
      8.093990855490963
    ],
    [
      5.4758592449771735,
      4.280173076784237,
      5.020071977781928,
      6.218379026904709,
      8.651078451247804
    ],
    [
      6.592729091961228,
      3.7114881592345457,
      4.711707355368386,
      5.133923655460977,
      7.5801257617146565
    ],
    [
      5.724436452975431,
      3.9168919142701353,
      3.84667141203817,
      7.241822610994765,
      8.190674372244006
    ],
    [
      6.326646628565179,
      3.2609613789235565,
      5.220408631491752,
      6.305954969893852,
      7.802339985232911
    ],
    [
      5.620494548157076,
      5.186588533004364,
      5.485080500516641,
      7.276450697984843,
      6.896327234512978
    ],
    [
      5.870598044973201,
      4.454760988235385,
      3.351240280434584,
      4.2563196083176,
      5.986461162567255
    ],
    [
      6.634375250072307,
      4.277494493594173,
      4.576206397125356,
      5.52740702437058,
      6.3999238886691545
    ],
    [
      7.350413093451699,
      5.403425780270981,
      6.903239573824939,
      6.128865157202087,
      8.446874984521495
    ],
    [
      7.491490984011257,
      3.7571725035717254,
      5.44503687543351,
      3.8400725424215127,
      9.33199451767769
    ],
    [
      5.174858288718714,
      6.371285950816529,
      3.6019403565216006,
      6.426349416604255,
      8.99194859346147
    ],
    [
      5.917260069638066,
      5.3175229197099805,
      3.9752317682207736,
      7.212942069450238,
      7.156118463757742
    ],
    [
      6.43065972920407,
      5.396411349571973,
      6.059809934493531,
      8.889279693497066,
      9.489547819772817
    ],
    [
      5.2576051276329885,
      4.078369742337005,
      5.153038726329696,
      5.788152598679444,
      10.752905193056575
    ],
    [
      6.078350859251241,
      6.203220234538678,
      4.860486396808311,
      5.935802320451182,
      8.812871920265996
    ],
    [
      7.483443772989939,
      4.547942801574956,
      5.543271362816444,
      5.3196596508353355,
      6.6611459752321895
    ],
    [
      5.729150249795292,
      4.711907636235049,
      6.640454041242153,
      6.673554782819416,
      7.7048784244965685
    ],
    [
      4.917522796799744,
      2.633553402226983,
      4.918380420994184,
      4.660448914834367,
      7.263562652132355
    ],
    [
      5.693299384901217,
      4.7205076671209465,
      5.452166460087399,
      4.813719873261563,
      7.602667473844556
    ],
    [
      4.374443820903673,
      4.233966915809078,
      4.8659837708049976,
      5.448991671334101,
      8.922800417826837
    ],
    [
      5.001043058847932,
      5.154501961781572,
      4.807183032223824,
      5.325545223342831,
      6.488340980701228
    ],
    [
      5.927464690315399,
      3.6639009661836575,
      3.868690919206264,
      7.423468973826509,
      8.067809382623063
    ],
    [
      5.660272479634101,
      2.60507585112704,
      6.324029864147263,
      5.878983613651645,
      8.15433265646043
    ],
    [
      6.731579640292594,
      3.9971078773475797,
      4.444199004222896,
      6.231804593858966,
      6.200634238038105
    ],
    [
      4.555263643876698,
      5.4627112873683,
      6.649505021499736,
      5.8680278180054435,
      8.29509403393983
    ],
    [
      7.016210263853967,
      3.3182096315633878,
      4.791085952684089,
      5.816338874713133,
      9.289398174089497
    ],
    [
      5.745649235289063,
      2.4102778560864953,
      6.199578205859144,
      6.131380356731313,
      7.05485638127096
    ],
    [
      6.328610545440356,
      2.9944324490908087,
      3.9436306427488623,
      6.494368989218508,
      9.23069939330164
    ],
    [
      5.69600634033524,
      4.042431446820906,
      4.523174131579957,
      6.151878286808017,
      8.137597718412847
    ],
    [
      6.829845939824931,
      4.239337856596397,
      3.8371499972049037,
      6.331225002330818,
      6.684197244907775
    ],
    [
      6.675226619043745,
      3.6073597122588885,
      6.537353209903991,
      6.736546381223305,
      8.444183771347928
    ],
    [
      4.570210134987383,
      3.7997542488727465,
      6.029095721185479,
      5.349224027017068,
      6.793135877917427
    ],
    [
      6.9988807975919105,
      5.860722993375841,
      3.657868202195265,
      5.702895855424531,
      7.463394572005455
    ],
    [
      5.88875433017095,
      3.569324372494034,
      3.986060904842182,
      6.70009853242175,
      8.396205748806874
    ],
    [
      5.938367325834408,
      6.070613189067041,
      5.3128546247852695,
      5.926131959273148,
      8.591138036801263
    ],
    [
      7.164653824946508,
      5.607276157958333,
      6.630162671074746,
      6.893728888923453,
      7.28594074910117
    ],
    [
      5.2900608629890895,
      6.6226624506509815,
      6.65550235060055,
      7.083283287744774,
      7.8808363135330834
    ],
    [
      7.515917538620151,
      5.082959033304748,
      5.886134875896229,
      7.139819154323226,
      8.561940404017042
    ],
    [
      4.056114714996163,
      4.290411277939053,
      3.955036713591228,
      6.853955942911292,
      7.095127658233296
    ],
    [
      6.280619019520006,
      5.272207867976281,
      3.5126584727082077,
      6.8601673421066165,
      8.500487985858328
    ],
    [
      4.382354008207163,
      5.67060660264233,
      6.265045024016526,
      7.194489552974774,
      7.925794272666371
    ],
    [
      4.871892312702876,
      4.175511674343274,
      4.326676800090073,
      7.203029354282566,
      7.2904049962147015
    ],
    [
      5.271751028723722,
      6.587683403036381,
      4.854483937760986,
      6.151580519689972,
      7.650620259387109
    ],
    [
      6.515507876669379,
      5.910596076017209,
      4.891504316237148,
      7.727081067177766,
      7.09141147974899
    ],
    [
      5.752737882331496,
      2.5255352454947464,
      5.507805171701482,
      5.8259718592598535,
      8.068765634576325
    ],
    [
      6.163019215988663,
      3.7181886224322818,
      3.2863484653578108,
      7.164627389927885,
      6.591300967101149
    ],
    [
      7.0036253042297245,
      5.779891400111044,
      3.1050129419568533,
      6.546061318763051,
      7.935481114961877
    ],
    [
      6.117980687025381,
      4.554985309844926,
      5.043921574041463,
      5.283201797100793,
      9.03881775408994
    ],
    [
      5.776273030103797,
      5.610283902479455,
      5.618550959960312,
      6.653387912744213,
      8.077151951647375
    ]
  ],
  "id": 45,
  "df": 5
}