{
  "mu": [
    6.072073840480488,
    5.321778861588736,
    7.156983333611658,
    4.455342375764753,
    5.364476872097468
  ],
  "x": [
    [
      6.375149904886618,
      6.276845656520734,
      6.658944397354127,
      3.8331292225813947,
      6.53774858516383
    ],
    [
      6.390425901181208,
      4.269808845063649,
      7.733314075663419,
      4.562089477205817,
      5.926572966454869
    ],
    [
      5.008630250527736,
      4.713234904498085,
      6.887682905879367,
      3.805973119759263,
      5.414152645511162
    ],
    [
      7.207747857140653,
      5.2308417319387495,
      7.425662603771225,
      5.78440468277353,
      5.117563074007246
    ],
    [
      7.113949099749769,
      7.32377336485556,
      7.17000075065164,
      6.456629981365973,
      4.822042191636618
    ],
    [
      5.9363954503776775,
      4.375843133003907,
      8.250368464198822,
      2.7558890846880137,
      5.715865012045719
    ],
    [
      8.510909846690632,
      6.3655289959645005,
      8.010897472059746,
      4.472124600577777,
      4.640228138712364
    ],
    [
      7.00749074846968,
      3.8019123364880762,
      6.882767705048673,
      6.215741784789187,
      6.060616597533939
    ],
    [
      5.953043104906624,
      6.197714597921955,
      6.439701203763623,
      4.514409502116078,
      4.735071144113535
    ],
    [
      6.952303783293339,
      5.609212240050298,
      8.13508386592066,
      2.7650187966399082,
      5.608512076828782
    ],
    [
      8.966035859875468,
      4.948399293946358,
      6.845308997871192,
      3.6466823814345837,
      6.075828477754102
    ],
    [
      4.364999405375067,
      3.933570679684682,
      7.185680423227073,
      5.461168947372306,
      7.2896596539483625
    ],
    [
      6.553013657619079,
      5.5844356652022045,
      7.903334551664925,
      4.536190654022581,
      7.014756946819425
    ],
    [
      3.722845598511953,
      5.233800180869304,
      8.391207729809947,
      4.249091844562532,
      4.951300049153657
    ],
    [
      6.591434552995219,
      4.904209655091421,
      6.768559384458041,
      4.6823038784551905,
      4.533421868412492
    ],
    [
      5.489765714412777,
      5.1070096924884,
      9.375243057900615,
      4.297749387467482,
      3.285675852425028
    ],
    [
      5.432272276716533,
      4.769568886679921,
      8.150191641619633,
      3.6448148145220722,
      4.566585179239616
    ],
    [
      6.787262654302939,
      3.9200252232835826,
      8.291912219973762,
      5.485141189248882,
      6.45046329030897
    ],
    [
      5.494931599734867,
      4.4485702485929135,
      7.762254531746859,
      4.83283527679984,
      4.39301261600231
    ],
    [
      5.278908687928479,
      5.344739381792621,
      7.614766249911051,
      5.386241426257757,
      6.29419577419761
    ],
    [
      5.716470102148299,
      6.560846080270251,
      7.609471134100958,
      4.643454278016056,
      7.058332555082587
    ],
    [
      6.300667213190835,
      5.556964867955127,
      8.050869286557568,
      3.990821223553143,
      7.230137269608846
    ],
    [
      3.950816356003066,
      4.48353948280596,
      6.2978464124367814,
      5.337443877255674,
      4.9860884427030046
    ],
    [
      6.982638945877004,
      4.344714038644264,
      6.433638081412713,
      4.717771716051722,
      5.0571512852475085
    ],
    [
      5.995334138395488,
      6.45300988935976,
      8.06967921685318,
      5.627047413539799,
      8.040880454265212
    ],
    [
      5.826983209385784,
      4.27400056376722,
      6.663421074474314,
      5.27217358251832,
      4.861371191666827
    ],
    [
      6.643249495707679,
      5.135797187510632,
      7.977739216926517,
      5.627368975618681,
      4.815381851241482
    ],
    [
      5.242079151909733,
      5.459801691964409,
      6.5278435485045945,
      5.540664800780924,
      3.8699999560245724
    ],
    [
      6.174208102346209,
      5.9218613672028715,
      6.1431779912388045,
      2.9129169494715206,
      5.130692492506147
    ],
    [
      7.021728627292775,
      3.6243466687999657,
      7.030995663107272,
      4.439400468505136,
      5.899308612765103
    ],
    [
      6.189475107192031,
      6.048634528287973,
      5.356842828874188,
      2.7957115980623986,
      4.632250822699941
    ],
    [
      4.251740445715403,
      5.113937947000477,
      5.577680139291012,
      5.5185754189533265,
      5.707264575323283
    ],
    [
      6.490830758984061,
      7.485298366510117,
      7.26764070395835,
      4.563177840269794,
      4.453902691116459
    ],
    [
      6.458469993207065,
      5.497575754691763,
      8.282564685578281,
      2.9468879526070535,
      3.583567502292004
    ],
    [
      5.443143259684215,
      6.301028694567426,
      6.139579974484743,
      4.2753818031936,
      6.1111394226301154
    ],
    [
      6.006501240525582,
      5.02345881096504,
      8.715575130534035,
      3.4951300263744365,
      6.853701476259057
    ],
    [
      3.6874366068211093,
      5.109776912964832,
      6.838160820475958,
      3.489912319511448,
      5.746914781417958
    ],
    [
      5.742664670454775,
      5.9172577759738045,
      6.691478774032605,
      4.170194434312481,
      3.943221824334719
    ],
    [
      5.0208324710726515,
      5.775643010559326,
      9.390481242124734,
      2.99197188635043,
      6.15848643818191
    ],
    [
      5.5989738539059495,
      6.408333901807222,
      6.991954780091772,
      4.881480264796022,
      5.926926532099657
    ],
    [
      4.263087962683988,
      7.1314217870503605,
      8.049996155412323,
      3.8190033391395546,
      4.376316108024904
    ],
    [
      5.59308275013878,
      4.350145753004692,
      5.600192633412569,
      2.7759272426029886,
      5.153540374063988
    ],
    [
      6.006475243012466,
      5.459109500950676,
      6.46673316821474,
      5.903173767472217,
      5.520409005439822
    ],
    [
      5.150217317181149,
      5.526087426266281,
      7.131235681335536,
      4.16606186493449,
      4.844931852711711
    ],
    [
      7.007116092627404,
      5.06685257239596,
      7.071401254541815,
      3.2150561873383867,
      5.454013884488176
    ],
    [
      4.270514000246033,
      8.066349907545003,
      6.025727583596205,
      5.277378794655478,
      5.4358904843503035
    ],
    [
      5.019125626101256,
      3.990365114149932,
      6.154361639490932,
      3.2223227347916206,
      3.9042733498401967
    ],
    [
      5.6256093186412635,
      3.5793520573560507,
      6.484413011930554,
      4.750773183773798,
      4.571587988268728
    ],
    [
      6.720108203886789,
      5.673627695334066,
      8.97319765786265,
      3.9129264413229468,
      6.940562312476671
    ],
    [
      4.346760319404472,
      6.146377238563298,
      7.723248691123671,
      4.632393645534019,
      4.786126654455147
    ]
  ],
  "id": 10,
  "df": 5
}