{
  "mu": [
    4.661847239514922,
    4.583089186936795,
    4.062366815931459,
    5.318969585382709,
    4.934324308851563
  ],
  "x": [
    [
      3.3548261037420213,
      5.466508755793648,
      5.137098730139175,
      4.75853677019873,
      4.758166713547574
    ],
    [
      3.9300348773927176,
      6.023717703389514,
      2.4875216215566356,
      5.636146163028111,
      6.782331585381677
    ],
    [
      4.279932709077207,
      6.389556579233779,
      3.3600128502730318,
      4.284947483324308,
      4.326794873732522
    ],
    [
      4.704523464196887,
      4.436036958885655,
      5.132254748119926,
      5.306157459010465,
      5.681288504426572
    ],
    [
      3.98192784799327,
      4.403530880750935,
      3.275249640299312,
      4.451616386699669,
      4.409697653522906
    ],
    [
      2.2944809824340213,
      3.924556389785158,
      5.533223211828972,
      5.3454009678422265,
      4.531089372656846
    ],
    [
      4.3170454677255785,
      4.324323517978014,
      4.3731149805521135,
      6.011767451220311,
      5.14393161910646
    ],
    [
      6.312970511910222,
      4.2947599508918,
      4.8138950323575385,
      5.741406588097224,
      5.479293108591969
    ],
    [
      3.201917190551683,
      6.54265730826518,
      5.7056399234807635,
      6.572131676437936,
      5.844657862140782
    ],
    [
      4.586912286205122,
      3.139775233652122,
      5.566708352485165,
      4.685439078325163,
      5.819220538067429
    ],
    [
      6.19428978249574,
      5.0609114723759525,
      3.0817728902752637,
      6.045486250536789,
      6.765288354116373
    ],
    [
      3.3931951573614585,
      4.282015716621761,
      5.10644145318785,
      7.419953563152086,
      3.8781723493672917
    ],
    [
      4.647449030151005,
      4.2130089481899375,
      5.213608105811497,
      5.2624640265492815,
      3.7032528331027543
    ],
    [
      4.359849404838619,
      5.092477957357574,
      2.675334180763314,
      5.269360184558741,
      6.376216341453742
    ],
    [
      4.636087645883468,
      3.3474974435904734,
      2.9492835162143756,
      5.1589882649038294,
      4.616901309171952
    ],
    [
      5.101343207635287,
      4.443637274097253,
      5.628912141212657,
      5.027491323440038,
      5.680769926896262
    ],
    [
      4.711951973281002,
      6.529826962657495,
      5.835297239068739,
      4.267761538874172,
      5.024099884877987
    ],
    [
      4.768208288844545,
      5.467451754870889,
      3.1342799626938094,
      4.974923719428656,
      4.584112819313447
    ],
    [
      4.245829280792966,
      4.503295680329804,
      5.0149292566276795,
      5.6758231442588505,
      3.866392936170661
    ],
    [
      4.915778292858983,
      4.007298826010008,
      4.647957112053917,
      3.9991646929897544,
      4.692661783648063
    ],
    [
      4.8130447867352295,
      4.225170285252966,
      3.772578201291392,
      5.310512073125561,
      4.59822661336076
    ],
    [
      4.981021112997511,
      3.710070610636117,
      6.004668945477658,
      7.3159439828641695,
      4.630881525611788
    ],
    [
      5.6691028230933265,
      5.244510033330087,
      2.400116831305615,
      4.570015945482612,
      4.784325711893803
    ],
    [
      5.14016810714239,
      3.302605369444151,
      3.974346276658613,
      6.4181356023540665,
      4.586116529303902
    ],
    [
      4.805816691034575,
      4.252939142756464,
      2.774516850804832,
      4.452935240552499,
      6.228851460943961
    ],
    [
      5.883802955100274,
      5.542717331817936,
      3.2772038486202044,
      6.975849960856838,
      5.701036933775333
    ],
    [
      2.196412505635694,
      2.427345312034004,
      4.220401374972313,
      5.201512428882589,
      6.173535136866391
    ],
    [
      3.788704815107776,
      2.782780219210988,
      1.676989122960511,
      5.055924919618644,
      3.7847195781939718
    ],
    [
      6.3236577503011056,
      3.630158984989238,
      5.292409081814729,
      5.747544218220529,
      4.762306960454489
    ],
    [
      3.1702130866885314,
      6.47518312023354,
      4.762183566302468,
      5.159700646824621,
      3.625588418749532
    ],
    [
      5.215966576335273,
      4.675367784645923,
      3.9858937773829046,
      4.6965508235281765,
      6.406234944894431
    ],
    [
      5.750268391338877,
      4.843000291129091,
      4.961580559334779,
      5.647110999374798,
      4.425997112506697
    ],
    [
      5.3650700838707746,
      4.871189799661767,
      1.2012820420568353,
      5.8474236858958095,
      5.45647786638138
    ],
    [
      5.076338803753324,
      3.922586956931593,
      5.8891153646386245,
      5.007918567352116,
      5.165656878471517
    ],
    [
      6.2973802924876345,
      5.130048466637407,
      4.428697471258606,
      6.1555031829856715,
      4.662140262557053
    ],
    [
      3.2898366954700364,
      5.218645353285252,
      5.611476955245403,
      5.350530060002605,
      4.972151299446035
    ],
    [
      3.9333812683439473,
      3.997637243523358,
      5.086306996153537,
      4.387213118270165,
      4.227562394619487
    ],
    [
      3.2804672888283926,
      5.019706995628953,
      4.577573175377679,
      6.904927199654201,
      2.8503740860993108
    ],
    [
      4.615153162002455,
      5.030318539466711,
      3.8436709249654673,
      5.210618625580349,
      4.813340853283205
    ],
    [
      3.5862125815209733,
      3.7316154777547528,
      3.1940926141886266,
      5.773898877922785,
      3.3380869250875027
    ],
    [
      4.8907705269185575,
      3.4454543592784095,
      4.718451007085504,
      5.83679314725444,
      4.367278375617379
    ],
    [
      5.9371138882856,
      5.615841687101924,
      4.1060082796628805,
      4.9565271665158654,
      4.909579108884982
    ],
    [
      4.249394421809601,
      4.034374790419429,
      3.633141704049961,
      6.0557752088429755,
      4.3132252647363
    ],
    [
      5.612022429322151,
      3.5659745822090376,
      5.028933961759586,
      5.069388550629039,
      5.2035078681674705
    ],
    [
      4.888397008813554,
      3.7899962944632586,
      4.003034334211778,
      6.058123873327391,
      5.300877482582439
    ],
    [
      3.9069615173537766,
      4.206387868890962,
      3.7184320783598364,
      5.885830025566946,
      5.075681857996762
    ],
    [
      4.335098501427117,
      4.805223154759623,
      4.057649559826763,
      5.376449094501877,
      5.728019980632982
    ],
    [
      4.1783432787912576,
      3.9254452673440525,
      2.527105523291192,
      4.732812250150232,
      5.8417531284312725
    ],
    [
      4.01398071392291,
      5.348072495961323,
      3.4036130319227182,
      5.1991131505051795,
      6.6936837332678945
    ],
    [
      3.9506702838409296,
      4.889414222599949,
      4.466841654644743,
      5.4819094079733475,
      4.15765861098315
    ]
  ],
  "id": 23,
  "df": 5
}