{
  "mu": [
    6.385877766653939,
    4.649873318350322,
    4.387005438766425,
    5.686734412315596,
    4.297148821416667
  ],
  "x": [
    [
      4.625350879360402,
      3.1392209746475146,
      4.784590316125113,
      8.024580175470886,
      4.221943014719999
    ],
    [
      7.260121460868307,
      3.2808188952609223,
      4.965530403063399,
      7.412682891702018,
      4.273408670363452
    ],
    [
      6.345986701458349,
      4.907762498810034,
      2.101923328937301,
      8.371723310335664,
      3.933952477816121
    ],
    [
      6.695235891196119,
      3.882310139256417,
      4.835734649098388,
      4.775036365584947,
      2.709652290689646
    ],
    [
      6.5520277937254585,
      4.858441377666708,
      5.227310010475473,
      5.311212913507179,
      3.095403411535183
    ],
    [
      8.34086425914269,
      3.311352837661701,
      4.512168952349162,
      5.768362023080793,
      3.5047456931790455
    ],
    [
      5.387521877393517,
      4.069285897243562,
      3.6864274824976895,
      5.079114428442187,
      2.8549248379683334
    ],
    [
      4.516121620649452,
      5.081136425465208,
      6.361549754766006,
      5.836734252252209,
      4.178026473792906
    ],
    [
      6.218445458395081,
      4.454737320596361,
      3.4063646659887654,
      5.172490806904562,
      2.3797510163064968
    ],
    [
      6.255263094325656,
      4.421067016101195,
      4.850980950307813,
      5.484251855020885,
      3.437432866583263
    ],
    [
      7.019147425281598,
      5.348096681044267,
      4.542154289120951,
      5.264429222636348,
      7.153296418642588
    ],
    [
      5.905176139639988,
      4.765066609401359,
      3.4669307748677354,
      5.799070391457653,
      5.526985416774185
    ],
    [
      5.585450107725852,
      5.410454148741591,
      5.689319546749747,
      6.348458625285451,
      2.3165190652427263
    ],
    [
      6.093329621059696,
      5.153244701357568,
      4.639027752372626,
      4.063012547131393,
      4.594663680353482
    ],
    [
      7.34916549682598,
      3.934561200410788,
      5.019973302264564,
      4.996781749271487,
      4.618146657962887
    ],
    [
      5.584825320097808,
      4.558776887349953,
      2.913258833677685,
      5.849171664962726,
      3.371501057924647
    ],
    [
      7.38175616458708,
      5.049717707132872,
      5.245397077887616,
      6.988203928918542,
      4.18567652638854
    ],
    [
      6.307569002879551,
      3.088497348211716,
      4.362448983172751,
      6.9927163445737355,
      3.285975653792793
    ],
    [
      6.499163678685529,
      5.073612864727435,
      5.23579771406897,
      7.074233882800399,
      3.280578970282516
    ],
    [
      5.702560460925509,
      3.9019493715592883,
      4.2230772768650455,
      6.743050677787514,
      4.571479876117913
    ],
    [
      5.63605671573079,
      6.1460472548979155,
      4.22447492147232,
      7.960472695985779,
      3.3145264398102645
    ],
    [
      7.940539817532978,
      2.861754365572459,
      4.071900227980897,
      6.147442678422233,
      4.3625957184432265
    ],
    [
      6.702391138730928,
      5.059073886540354,
      3.5282582352810126,
      6.850984539143603,
      5.03444899514505
    ],
    [
      6.906806356700659,
      3.0935867839962734,
      3.4507729689755187,
      7.332720823935652,
      4.902701008952069
    ],
    [
      7.032608468955427,
      4.843988828438011,
      3.7402740324258414,
      5.974656630567431,
      4.890621771748988
    ],
    [
      8.624349222949792,
      3.1982100047834914,
      3.170957080391605,
      6.6393692741775325,
      4.959975460482485
    ],
    [
      5.67000497468057,
      3.6237108360481187,
      5.587233945475935,
      5.927070235141241,
      3.7572459343114204
    ],
    [
      7.485204745017725,
      6.03197197375977,
      4.683560821220084,
      6.978703487936241,
      1.3888911056973097
    ],
    [
      8.594663372559863,
      4.044648367414628,
      6.087701419365695,
      4.53540780154931,
      5.0190461750447595
    ],
    [
      6.606130422988545,
      2.8523007126634896,
      5.124170614266925,
      7.965689927642824,
      2.4813021010722967
    ],
    [
      4.627972870016438,
      5.725098172568215,
      5.777922203209232,
      4.818316142073527,
      3.836027083152538
    ],
    [
      5.8793342627380145,
      3.013191366924688,
      5.4538230708363535,
      7.176241249122552,
      3.511898474584683
    ],
    [
      6.207949413392187,
      3.7720960083282926,
      3.8106162051673396,
      5.997366809592219,
      4.212133265711565
    ],
    [
      7.259955702763536,
      6.540689673520672,
      6.043329688317381,
      3.932164432361814,
      3.004737145451289
    ],
    [
      4.58464181349227,
      4.519694861051476,
      3.8801994887977473,
      6.6873950610667015,
      2.19550815901855
    ],
    [
      6.200393760146148,
      4.52202096203315,
      3.73626913795746,
      5.9460173715109805,
      4.549224413962254
    ],
    [
      5.7095338236809985,
      6.654748111666295,
      3.7591670060911713,
      2.9588681448323815,
      4.621306557237385
    ],
    [
      5.720768184426747,
      6.496084488400884,
      4.00766161786838,
      5.451996848077826,
      2.354703837164389
    ],
    [
      6.6548721101743995,
      2.5251597373291714,
      3.6199094119007063,
      3.8540940342697105,
      5.136647541238975
    ],
    [
      5.115110699574011,
      6.323510778646623,
      3.7103574016750596,
      5.8090500957833795,
      3.6230309208525115
    ],
    [
      7.075967585657285,
      4.370412344548338,
      5.8332840705593,
      5.190903744452835,
      2.7262989099645507
    ],
    [
      6.41722575371062,
      2.0307800514724033,
      3.4174444161475264,
      6.617595967833172,
      4.600589819525783
    ],
    [
      5.517772851198972,
      4.274883881983435,
      5.732579807494714,
      4.9604527800961495,
      6.636043308544859
    ],
    [
      6.66015139095331,
      6.791445684807063,
      5.6523750979683385,
      5.016887153786133,
      6.688699200945901
    ],
    [
      5.236854091445347,
      3.242995892919777,
      4.434036079593092,
      4.148046867483821,
      5.54224510048917
    ],
    [
      6.081210929765629,
      3.9544009986546422,
      3.9830173796898154,
      3.7217265951810923,
      2.638479817555169
    ],
    [
      6.041697603730608,
      4.510042025861549,
      6.071145353053784,
      6.710562663557969,
      2.8777444190072856
    ],
    [
      6.599148101519644,
      4.146957097604654,
      6.917899175039764,
      4.692603931518245,
      4.0835717823813535
    ],
    [
      4.599181627001155,
      3.923554094298018,
      3.685054346341375,
      4.65402390594076,
      2.7232806887069914
    ],
    [
      6.582885547156989,
      5.53268254435447,
      5.1028415249358945,
      5.992703468272819,
      6.879195514418988
    ]
  ],
  "id": 6,
  "df": 5
}