{
  "mu": [
    4.949430829865747,
    5.254578904632486,
    4.351869033908379,
    5.422598010987358,
    5.025106033374753
  ],
  "x": [
    [
      5.654981080723793,
      6.918974942774973,
      5.387111429500528,
      6.3399984285455755,
      4.692092327162355
    ],
    [
      4.737491402459924,
      5.8320980204727855,
      4.738725212493172,
      6.357157952403587,
      5.627127482179146
    ],
    [
      6.625262652353541,
      5.677470051278626,
      3.6868806736126127,
      5.748758729976834,
      4.405482432410414
    ],
    [
      4.180695241973999,
      7.762842059041682,
      5.0907335661077315,
      6.053653413299143,
      3.2910535225996687
    ],
    [
      3.5884485398214925,
      4.3832116756191555,
      5.059321994100029,
      6.102076220786604,
      6.0166537336830785
    ],
    [
      5.453185469743065,
      3.6289968695532435,
      2.9046801403212292,
      5.168554330826236,
      4.097896993314586
    ],
    [
      6.166488485203335,
      3.918935970689867,
      2.6585897146969857,
      3.7555082901162975,
      3.5443605124026387
    ],
    [
      6.474547857105503,
      4.068203064267243,
      5.253174400343636,
      5.047444455833186,
      3.9046824715191795
    ],
    [
      6.5088802661014915,
      5.3346343181944045,
      4.3664024825395655,
      7.106890452186825,
      4.378602737478364
    ],
    [
      5.684686730309205,
      7.003572097272912,
      4.171439151341387,
      6.528298026640732,
      4.476571634378609
    ],
    [
      4.497546895532023,
      6.761157847832436,
      4.528932797541223,
      5.042489952051165,
      5.479563753413138
    ],
    [
      5.144957465828414,
      5.731763734332318,
      5.334207668695998,
      5.958592574434852,
      4.761733189156419
    ],
    [
      6.0789834366363324,
      6.431071404610134,
      3.4804249430979657,
      4.872192242351239,
      5.570547840476452
    ],
    [
      6.40524958092898,
      4.622877997700386,
      5.015138069721092,
      4.452417550574166,
      2.885124873678728
    ],
    [
      3.861691622192321,
      5.801830990912391,
      3.8972876038193855,
      5.258544199171665,
      5.797507474596082
    ],
    [
      5.3992905699718685,
      5.862390974780511,
      5.0332993423772345,
      5.596026652211437,
      6.664882396519946
    ],
    [
      2.9406696163658306,
      5.708399595155746,
      4.6733822755059595,
      5.751474706381533,
      5.577762524045628
    ],
    [
      5.829470149599329,
      5.161424336921677,
      3.4802719628843937,
      7.6842870708633395,
      5.151059757209431
    ],
    [
      3.8916656356323185,
      4.202949421564692,
      4.072474169015991,
      6.208766850200844,
      5.096783320726411
    ],
    [
      5.061043568232803,
      5.680765100692197,
      3.958035499150702,
      4.056468210681203,
      4.74050552648969
    ],
    [
      5.333376787987481,
      5.121360577505972,
      3.7341857669926632,
      2.754507682686495,
      5.281949175517275
    ],
    [
      4.932227627362861,
      5.674779775079115,
      4.350457269909233,
      5.975631934310503,
      5.08344909204653
    ],
    [
      4.450946772133131,
      6.4976573478506925,
      4.150028371381221,
      4.3940462433487575,
      4.267777522524129
    ],
    [
      4.931456729810825,
      3.0494702189518486,
      4.8927871580702424,
      5.695124262149821,
      3.612341620419609
    ],
    [
      4.305231566053921,
      7.167762488904064,
      2.833273047787557,
      4.847616393826132,
      6.04544785397935
    ],
    [
      4.53363107380019,
      4.153333754058433,
      4.128318456606651,
      3.728991372932365,
      6.335768727253848
    ],
    [
      4.587321147099435,
      4.9168940700432335,
      3.4472294880100547,
      6.075368723892809,
      6.700109353348102
    ],
    [
      6.252577822379886,
      5.1998094505901395,
      2.381853139775237,
      5.709699641347514,
      4.449496936473888
    ],
    [
      5.583377960334737,
      4.5425844620543385,
      6.144742104115678,
      3.5583123489402073,
      4.034284561410914
    ],
    [
      5.0587852318595825,
      4.974569524752873,
      4.168198304741462,
      5.8993975992564875,
      6.410969673355231
    ],
    [
      5.110917828354417,
      5.374721522399655,
      6.146543003604761,
      4.717413968116598,
      6.620650408842727
    ],
    [
      5.504203597184619,
      4.845038796572224,
      5.143569553511228,
      4.731753268267703,
      5.536296506602785
    ],
    [
      6.979802816645449,
      5.0423657487193,
      4.555551484168701,
      6.606715363438351,
      4.781828941031587
    ],
    [
      5.691684745431774,
      5.665527735379125,
      3.7999560402752275,
      6.1658309242753715,
      4.084654340243201
    ],
    [
      6.1265651242732435,
      5.959015106117915,
      3.281286046685961,
      5.9729753337426725,
      6.266945303963092
    ],
    [
      4.9880031604174215,
      5.095774642642014,
      4.862584077944286,
      5.680226174814685,
      6.267230118814687
    ],
    [
      3.4742156992146502,
      6.485209864326549,
      5.666241074131829,
      5.229698496051023,
      5.316858874782382
    ],
    [
      5.033494836582229,
      4.672836306814048,
      5.643454737946239,
      5.519936146302388,
      5.953939309123391
    ],
    [
      4.797689721098262,
      3.516976515485548,
      3.632981017591582,
      5.043634801119513,
      3.555592968735879
    ],
    [
      4.724163663899391,
      4.863506903143284,
      3.9881514672880534,
      5.031688125177446,
      5.139012307315624
    ],
    [
      3.2795798953621773,
      5.81705992173963,
      4.862439285593528,
      4.436756765461452,
      3.74258281900036
    ],
    [
      3.1876282223094377,
      5.274465287166319,
      4.090985125930257,
      4.216879739433556,
      5.888457914255483
    ],
    [
      4.710437757432091,
      5.341306150103885,
      3.417299878156899,
      5.529054105200244,
      4.937403198772229
    ],
    [
      4.261757847112085,
      5.660693125445226,
      3.9501469575699164,
      5.836630745558802,
      5.367745839235271
    ],
    [
      5.1188740045118735,
      4.999410021522493,
      5.171059845461196,
      5.673937917998332,
      3.8260679960404875
    ],
    [
      5.428474457801833,
      4.195980753168156,
      3.996929312076783,
      6.373257498227041,
      6.249257302286642
    ],
    [
      4.544397286026758,
      4.855147957735505,
      3.636114179570447,
      6.080837987030431,
      4.425615111228534
    ],
    [
      4.6109720265340846,
      4.578552874108732,
      4.450524830851251,
      4.990911043092669,
      5.210458457005121
    ],
    [
      7.0161953793039995,
      6.241897652808736,
      4.555422408621096,
      6.675090388111837,
      5.081663476600505
    ],
    [
      5.752468175813645,
      4.376677050604333,
      4.053050275104657,
      4.569399743928747,
      4.820470134298719
    ]
  ],
  "id": 30,
  "df": 5
}