{
  "mu": [
    3.7619082976211047,
    4.420913122613539,
    5.621392658792145,
    5.324589000143744,
    7.102099971580065
  ],
  "x": [
    [
      4.602928996959341,
      3.8736069594280056,
      6.131611137821138,
      6.9989220273377875,
      8.336948740587905
    ],
    [
      4.917018474464781,
      4.2541396338628275,
      6.07542927863284,
      7.572486954957266,
      7.174638007866956
    ],
    [
      3.8360338696059806,
      4.753068182444499,
      3.842870148514408,
      5.821559835326965,
      8.288137868909486
    ],
    [
      3.141352993322002,
      2.438199070895099,
      4.3298206697836985,
      4.764326295925582,
      5.893780794858044
    ],
    [
      5.5391455925041555,
      2.694876541375388,
      4.558992660620422,
      5.878435211876624,
      7.52472183076411
    ],
    [
      4.836604691245931,
      3.299055934758715,
      6.8176134740887715,
      3.0283767448019834,
      7.509873554194992
    ],
    [
      3.428757254918298,
      4.196966111851739,
      7.370992225684296,
      6.937364598856386,
      7.515316914042245
    ],
    [
      4.558079900449825,
      4.503429286968092,
      4.167591399896507,
      6.986869493131159,
      8.632692516438588
    ],
    [
      2.8675578792783742,
      3.270859160550858,
      4.963165889550868,
      6.7648980570065245,
      6.816202838226465
    ],
    [
      4.462813338478382,
      4.319458923864866,
      7.351777451133535,
      5.622573308270216,
      6.830461387860418
    ],
    [
      3.5138225025694045,
      3.785713628356859,
      5.46906158588438,
      5.9719686841704664,
      8.142371032294484
    ],
    [
      4.83473119806654,
      4.421806656753189,
      3.693231224171123,
      4.875166695445958,
      6.835381772447226
    ],
    [
      2.390159119317403,
      5.832535376814239,
      5.369664157883599,
      6.5293389612840835,
      6.322232235456097
    ],
    [
      3.656383623941299,
      5.764707650896251,
      5.408847860312678,
      4.032629653352638,
      8.329329859038298
    ],
    [
      3.191794180602976,
      7.57690218912982,
      5.615163158076363,
      6.146602691414221,
      6.061793215260912
    ],
    [
      4.612878329050377,
      4.606969350471982,
      5.072460217570673,
      6.510751520809888,
      7.109769719894554
    ],
    [
      4.401488625763489,
      4.775012365827724,
      6.882805293332236,
      5.038050922308176,
      7.733411187535959
    ],
    [
      2.0344455284770246,
      4.987311160060678,
      5.630357752275924,
      2.9075243340817343,
      7.990391956078344
    ],
    [
      4.287716913497532,
      5.39745046888393,
      4.78957309681286,
      5.0170906427654005,
      7.881367174542807
    ],
    [
      5.201938366137393,
      3.7636693788078244,
      5.498234885393697,
      6.301000166073817,
      6.714463814852501
    ],
    [
      3.739214690907246,
      4.061490908116072,
      5.501136526546214,
      5.251268795242281,
      6.753011664385128
    ],
    [
      3.4820181357722744,
      6.335774514092702,
      4.938183969300384,
      5.719695623652966,
      8.451757313395165
    ],
    [
      4.830340293029821,
      5.811180871624936,
      6.729082169599032,
      5.05761323202749,
      6.489419508640525
    ],
    [
      2.8596669495818254,
      4.455687965451357,
      6.599436540212288,
      5.307557414017757,
      6.657737960722729
    ],
    [
      2.725393145260309,
      4.061793636528007,
      5.227547523777454,
      5.556009051332068,
      5.226208668583492
    ],
    [
      4.049773971377071,
      4.923190481520229,
      5.227474033470069,
      5.090246813785683,
      6.847738990434334
    ],
    [
      3.3598049622761836,
      5.951421667963189,
      3.5042018505160524,
      5.464517995070494,
      7.481156498940143
    ],
    [
      5.053504744904355,
      5.10792925549886,
      5.22068525898348,
      4.962031982300294,
      7.746160304479889
    ],
    [
      3.2980435983218914,
      4.034238909194579,
      4.993332781819502,
      7.374977148796781,
      7.363200831668941
    ],
    [
      4.293834423711565,
      3.2990987041458606,
      5.884236067474994,
      5.499181774203791,
      7.187384687565256
    ],
    [
      5.076213678158995,
      5.4339030275263465,
      4.290506788126425,
      5.65003892744153,
      6.6430474562553
    ],
    [
      3.1932781981463996,
      2.6710924091313872,
      5.109287313551066,
      3.5478514984896865,
      8.027712566252024
    ],
    [
      3.982754253655778,
      3.2100439895486232,
      6.633912332026172,
      5.4481648050706735,
      8.033756993382381
    ],
    [
      3.3876800487095293,
      5.338343195632459,
      5.17908532255958,
      5.164159114227042,
      7.01606252517582
    ],
    [
      3.7926794767090484,
      5.4136923934135215,
      6.2384887417039545,
      4.534080963265465,
      7.8288945483445485
    ],
    [
      3.2108020088638654,
      4.0265211624091135,
      6.813944144856016,
      6.828518918047325,
      7.34376839982977
    ],
    [
      4.7283129932658206,
      5.760316225052956,
      5.23960818771962,
      5.997402484321356,
      5.809338458918113
    ],
    [
      4.066552883375981,
      5.017410935884033,
      4.372635114793207,
      7.443601405671243,
      7.114090684768481
    ],
    [
      1.9375286968722087,
      5.026375434370187,
      5.333858624022465,
      3.6057198350688,
      9.566559844442311
    ],
    [
      3.3805849278707356,
      5.9093906666522535,
      5.806030161533178,
      4.205627806710741,
      7.023488629431699
    ],
    [
      2.402222436066037,
      2.8466866666382833,
      5.404104355208902,
      6.126952354757775,
      7.222208433587659
    ],
    [
      1.951350218662182,
      3.05561658396263,
      5.971568607832684,
      3.514308978301517,
      6.864689414686638
    ],
    [
      2.5248569527516054,
      4.859677514177232,
      4.844291646041409,
      3.6075413385640145,
      6.52324645097234
    ],
    [
      4.485231804741778,
      3.7548476556759374,
      6.715745581852247,
      5.262939480589315,
      4.741957872365837
    ],
    [
      3.100135659209087,
      3.4811823416374907,
      5.863627742567221,
      5.7570092124034185,
      9.407189663646875
    ],
    [
      2.4516172410108377,
      3.0800661660242317,
      3.5812609357404805,
      5.902496924552906,
      6.881312229470962
    ],
    [
      3.6196365783075253,
      4.495586950192276,
      6.2306285080082,
      6.281165529017685,
      7.629456269290562
    ],
    [
      5.844084557352929,
      3.1395542888802117,
      6.295476701617671,
      2.312611803208404,
      7.28165323469255
    ],
    [
      3.952735613521688,
      3.1983650409803084,
      4.953558844864203,
      5.267129919807742,
      7.13549676216866
    ],
    [
      3.595582210876435,
      3.8559910351850077,
      6.403027089366439,
      3.7166124110524827,
      8.171500226051986
    ]
  ],
  "id": 35,
  "df": 5
}