{
  "mu": [
    5.134397237346929,
    3.6011635848066925,
    6.960318202073893,
    3.3322347978939906,
    6.358157307416937
  ],
  "x": [
    [
      3.1115945511462844,
      2.5133659370479458,
      7.27985771528965,
      5.029326795831089,
      7.869262455203515
    ],
    [
      5.2874938360132315,
      1.8767599644563153,
      6.4152559166589365,
      4.34432592455484,
      7.2895837815258995
    ],
    [
      5.415632830960919,
      5.853984202046815,
      7.094531177914665,
      3.1779232169199645,
      6.206797615577601
    ],
    [
      5.7861247044365145,
      3.791255623270592,
      7.377991378812634,
      4.890945131100073,
      7.921162634562656
    ],
    [
      6.186855220247832,
      3.5974512864444663,
      7.714938538370461,
      2.94370627940997,
      7.497105535038671
    ],
    [
      4.927105126310006,
      1.6141223118099264,
      6.746630974410099,
      2.6926384103745673,
      4.909250833394331
    ],
    [
      5.215518123763884,
      3.6284500307306335,
      5.947553140365273,
      2.9425778898081227,
      6.938070282476631
    ],
    [
      6.0328665004753095,
      4.644396013246885,
      8.288197465868258,
      3.286074231031526,
      5.258315269237478
    ],
    [
      5.8970970159280505,
      4.3026273093955245,
      7.6338896127404965,
      5.239479192675693,
      6.557282847969637
    ],
    [
      6.083499149421412,
      3.794837978761771,
      7.161149103898653,
      2.263227352422631,
      5.87276503495405
    ],
    [
      5.656431703653417,
      3.6461595636578408,
      7.451234722717063,
      3.386320145576767,
      7.084985562325208
    ],
    [
      6.54014795519377,
      4.57622570128027,
      8.940324958772335,
      4.894894892624929,
      5.418258737077311
    ],
    [
      4.513760695973861,
      4.962834008459389,
      8.702641500501638,
      4.286601096488536,
      7.259917422539307
    ],
    [
      5.932891986994966,
      3.0580077013213907,
      8.7095726689936,
      3.419865468906055,
      6.856412907500008
    ],
    [
      5.618152065624129,
      3.4907817842902897,
      6.6317244055105204,
      3.874583720037,
      6.40953235160862
    ],
    [
      3.4807045087016006,
      4.1822703512143615,
      4.991751018552257,
      2.3055897243683416,
      6.295378075997099
    ],
    [
      3.9295099333823464,
      3.9261587785752243,
      6.847897763095509,
      4.218682636413362,
      7.455305109261941
    ],
    [
      9.200294994487955,
      3.9686124396032865,
      7.847145121045912,
      2.998882624560423,
      4.723185939422543
    ],
    [
      5.8182262622120255,
      4.78845977433155,
      6.765794196832103,
      3.0775364406391033,
      6.472769621114727
    ],
    [
      5.6564985725986405,
      3.243138385401025,
      6.981658400383105,
      3.2689803146933163,
      7.241326162855106
    ],
    [
      4.912265218816591,
      3.896077870089635,
      6.743789374351162,
      3.3121286651610133,
      6.645914445601999
    ],
    [
      5.120896429293962,
      3.3722344835486666,
      7.046751049123291,
      4.102136801607352,
      6.34184688264203
    ],
    [
      3.5759868790941756,
      3.181336510990092,
      6.256229706558912,
      3.225128655636645,
      7.433515594757331
    ],
    [
      4.950018404184275,
      3.9312650116979047,
      6.590819376734866,
      3.258671717384011,
      6.292758990202493
    ],
    [
      5.383950372354852,
      2.554636925466408,
      6.671849690141728,
      2.8416486606040547,
      5.691498909574216
    ],
    [
      5.628996835073266,
      3.8817015450205683,
      7.355028705206397,
      1.764310801280823,
      6.297893802642183
    ],
    [
      5.748221797386539,
      3.63019785778569,
      6.698860063101951,
      3.2013512837011873,
      4.37729909026915
    ],
    [
      5.064939243214528,
      4.513876569652311,
      8.933805148141648,
      3.5473482670228127,
      7.243666947007171
    ],
    [
      5.062041837630503,
      2.484009071934018,
      7.874788595718105,
      1.8722230594781502,
      9.10091929257193
    ],
    [
      6.492849622959728,
      4.41835456946166,
      7.4860174998542925,
      3.1159738666073067,
      6.654828920409012
    ],
    [
      6.566348160107876,
      5.4914981871250905,
      6.1455228671132325,
      3.3610598953976485,
      6.483508595842305
    ],
    [
      5.1183545362962635,
      4.023194195629115,
      6.9127185081150975,
      3.5441923855805437,
      6.760698445098041
    ],
    [
      7.015435596233971,
      3.2802037316880495,
      8.525893520431188,
      2.518524578632477,
      8.78183736098058
    ],
    [
      6.224951115882474,
      4.626283425385735,
      7.407211904004939,
      2.7705225786013266,
      6.703880519107907
    ],
    [
      5.68923626594504,
      3.4300303890842225,
      8.42609731094204,
      4.050324532026952,
      7.5369171662728345
    ],
    [
      6.038034552088026,
      3.3775028018718842,
      7.0129904826876635,
      3.4526804158011943,
      7.2604880726223255
    ],
    [
      4.948779589884483,
      4.475596759654348,
      7.389697832368412,
      5.134804199393669,
      6.54001436362231
    ],
    [
      4.0251929462638945,
      2.260235854763666,
      6.700886182525798,
      2.6466493009086554,
      6.727111219363565
    ],
    [
      4.709384297091559,
      2.995279086184394,
      8.936955126963946,
      2.2642888147628604,
      6.997032472520469
    ],
    [
      6.110854164924996,
      2.9085005513070548,
      7.300508492067236,
      3.7185971072767425,
      6.740265107036594
    ],
    [
      4.814064130018854,
      5.130175649355392,
      8.079583496291546,
      3.823716538051131,
      4.420631443895516
    ],
    [
      5.050514757290673,
      2.560312033071399,
      6.899634846967084,
      3.75054981167158,
      7.048701718677506
    ],
    [
      5.158787407412052,
      4.309897689642412,
      7.3499235147131525,
      3.2487096418136288,
      6.9085328379009034
    ],
    [
      6.339821821542648,
      4.127526516815866,
      7.800246606018632,
      2.9408759031277736,
      6.93682930939331
    ],
    [
      5.123657510859606,
      2.560463193451479,
      8.883613148831156,
      1.1352861046149418,
      5.95385452070076
    ],
    [
      4.081035337116859,
      4.124207119830945,
      7.6567641359778795,
      1.878447342536765,
      5.58944735591406
    ],
    [
      3.5928717862792343,
      3.595038513746126,
      6.911174447349892,
      3.489033649422246,
      3.045383182319137
    ],
    [
      5.840936613156205,
      2.145662869006134,
      5.4713292674744745,
      1.6819347874971655,
      5.514147581733795
    ],
    [
      6.254919502265972,
      2.5108114029954383,
      7.983967127573762,
      2.2117434195237484,
      5.5810864002156295
    ],
    [
      6.063976418471274,
      2.7822685504096696,
      8.085528555801808,
      3.7677842307600025,
      4.303466617330001
    ]
  ],
  "id": 36,
  "df": 5
}