{
  "mu": [
    6.96803601985905,
    4.815040129674482,
    4.894615641281344,
    5.838359091470084,
    4.418640177206652
  ],
  "x": [
    [
      7.597691544212931,
      4.37831372086469,
      5.363816088463748,
      5.360014936396525,
      4.9639858582870735
    ],
    [
      7.261100022052338,
      5.502152429623129,
      5.686204958014088,
      5.899505837655413,
      3.0976756690177067
    ],
    [
      6.5428043502176445,
      3.7028040605903287,
      6.792443151635396,
      7.504860313123929,
      3.4313159793206927
    ],
    [
      6.967794557637613,
      4.553843789525638,
      6.367766040673837,
      6.328061638088846,
      5.181150816101526
    ],
    [
      6.583686882975627,
      4.600621313497663,
      5.68443208291416,
      6.1509724980533775,
      3.0914318279643407
    ],
    [
      7.399383201618801,
      4.135686827677446,
      4.263772729337613,
      7.526210799809358,
      3.8520457310534253
    ],
    [
      6.424516655588723,
      5.102041498092108,
      4.4271934591769755,
      5.369602203954616,
      5.006444201403066
    ],
    [
      7.167704538967575,
      4.791146870683259,
      4.360726015223539,
      5.24628145338847,
      4.078183626455205
    ],
    [
      7.367465102199975,
      5.179258351226557,
      5.7715353543113626,
      6.841047550868167,
      3.646920882349602
    ],
    [
      7.278143358955394,
      2.785960011387038,
      5.228821028809231,
      8.526765893538181,
      3.7869922145848083
    ],
    [
      6.012299168368999,
      5.4391848698457705,
      4.682227123542938,
      5.935517830468811,
      5.797414869185802
    ],
    [
      4.985181517055167,
      5.918833463900153,
      4.436607750125069,
      6.8433800194505565,
      4.61034111702761
    ],
    [
      6.20917036285554,
      6.060534918809807,
      5.64249362020578,
      6.018367480597993,
      4.4125555271173615
    ],
    [
      7.322042837072444,
      3.9163715444345195,
      4.39740055270382,
      4.475302063243889,
      3.8431668366703216
    ],
    [
      8.584791534592139,
      4.782107913671339,
      4.715767700535365,
      6.18972784974269,
      5.679883206622552
    ],
    [
      7.15244090086998,
      6.719949839770674,
      4.56986389938349,
      5.225431844722421,
      3.377066249463126
    ],
    [
      7.54856394060679,
      4.654928640177238,
      4.005136131261471,
      5.49626923934973,
      5.154010371890876
    ],
    [
      6.85585451020855,
      5.432532780124833,
      5.637509560041739,
      5.005324865502683,
      5.670667343327818
    ],
    [
      7.4404931972189425,
      4.884828385712779,
      5.424770613057795,
      7.014622226700431,
      3.68769650563864
    ],
    [
      7.167803082693552,
      2.0494131296482134,
      5.63648967132003,
      7.571560001499504,
      3.416243371965355
    ],
    [
      6.32071056472215,
      4.755400719039956,
      4.159774557039895,
      6.517961118430925,
      4.6606473898307
    ],
    [
      5.140809784632397,
      4.110436512443717,
      3.8802534581357975,
      7.638491682973831,
      4.755294920319149
    ],
    [
      7.304446750797821,
      3.721552040593499,
      3.0791375127497207,
      6.562510514416727,
      4.914074431485014
    ],
    [
      7.780964537806858,
      5.435694466471659,
      3.527372536882762,
      6.028311565534827,
      5.249796672019174
    ],
    [
      6.360557360583936,
      4.65904469727042,
      4.65186196779288,
      4.561139392193267,
      3.6717325489467276
    ],
    [
      6.568247442260513,
      4.610319428020987,
      4.2868273230212015,
      4.7253412250241125,
      4.050701980564924
    ],
    [
      7.419409898602136,
      3.3588722811377956,
      5.524599323203727,
      5.582273106190695,
      7.069848643060844
    ],
    [
      8.621904551283851,
      4.894561784433456,
      6.010809692097823,
      4.7447582514689515,
      4.0748742514042045
    ],
    [
      6.528609084390399,
      5.697848429109065,
      5.926537159470113,
      4.687775551679503,
      4.284560323778207
    ],
    [
      7.881816646109074,
      4.9109477472765395,
      5.582230278472535,
      4.440105007883202,
      3.366048946146539
    ],
    [
      7.662665265062707,
      4.893426594324849,
      4.897416914151292,
      6.876355297032077,
      3.5406631379845384
    ],
    [
      8.365737734886876,
      2.868984539027436,
      2.9841052314684924,
      7.521095977687576,
      4.096823075138817
    ],
    [
      7.526112498775424,
      3.895688910054236,
      3.1262826467150138,
      5.634135512964238,
      5.131873796943619
    ],
    [
      7.858693711542464,
      4.169949343054208,
      5.619388699656292,
      7.476673462221454,
      5.791800734111124
    ],
    [
      8.722568444583828,
      5.860181728535892,
      5.076622992128822,
      6.0176278601994175,
      4.153946089456325
    ],
    [
      8.132132142564753,
      3.67288844453533,
      5.813573441637776,
      4.934087643949038,
      5.207669088619959
    ],
    [
      6.5301860239098275,
      4.941362008157357,
      5.152669840376186,
      4.323130990682079,
      6.156523885258857
    ],
    [
      7.05645842223119,
      5.448767908566783,
      4.145614871021931,
      4.464455559499857,
      5.405871587679052
    ],
    [
      6.284774994327341,
      5.190596019092519,
      4.669856016750635,
      5.888624085932084,
      5.224826540913266
    ],
    [
      4.444119799733521,
      5.001954167327096,
      6.768277918992897,
      7.630341728555927,
      4.241720865293094
    ],
    [
      6.318024360261362,
      4.337553604950484,
      5.330734896303004,
      4.9072558815731595,
      4.5425129676654645
    ],
    [
      7.975524301615405,
      5.910177058482262,
      3.473296368901444,
      5.975619829262016,
      2.4652307085454184
    ],
    [
      5.654496955841688,
      6.2649635330320805,
      4.807259880437876,
      5.9516862363185545,
      4.5254600989773
    ],
    [
      8.173823900018903,
      5.2737850598997,
      4.532271744059133,
      7.171380225136705,
      6.3070836324232395
    ],
    [
      7.846939474406347,
      3.5124067119018134,
      5.0977858074121585,
      7.032504801438921,
      3.4839815210581855
    ],
    [
      6.542267998019782,
      6.051637281161171,
      6.486775175808315,
      6.7833674105474735,
      2.6379237251248764
    ],
    [
      6.4303832806454,
      5.950634781600653,
      6.538550778638399,
      5.181835165616084,
      4.36844111812085
    ],
    [
      5.792989437335297,
      5.948367976693078,
      2.895705607437405,
      5.6263054462976125,
      4.1363463336186985
    ],
    [
      7.369606140387255,
      7.101643098703233,
      4.833676619056482,
      5.653081199516358,
      5.050129583248699
    ],
    [
      5.745571044911194,
      3.61075121649022,
      5.812991882818934,
      5.501494747460198,
      4.640831531127946
    ]
  ],
  "id": 12,
  "df": 5
}