{
  "mu": [
    4.55082544773795,
    5.041031121539839,
    4.233144108446605,
    2.692619198337101,
    4.881104734532971
  ],
  "x": [
    [
      3.2173604955423465,
      4.605180518661399,
      4.17250041331297,
      1.276410252825907,
      5.215200076696107
    ],
    [
      4.863172576331181,
      3.8077403648749097,
      5.301889104191162,
      2.5866099903492956,
      4.38246224779423
    ],
    [
      4.709287178848761,
      5.421930571668632,
      4.818763377679649,
      1.3476939537582917,
      4.273422566211096
    ],
    [
      5.0846079736955865,
      5.201784006330998,
      4.926479363269077,
      2.7236531692976866,
      5.895747034448144
    ],
    [
      4.459365599071201,
      4.127553109684597,
      5.149265737357474,
      3.0942792971790296,
      5.226919881689852
    ],
    [
      4.489200351395338,
      5.008046828392342,
      5.592878794256548,
      1.9013664040330163,
      6.596410288911228
    ],
    [
      5.8120238516547,
      4.4552841173331315,
      4.717113430318329,
      1.7992562926625348,
      4.794394178575638
    ],
    [
      5.634379953424872,
      2.064918131004876,
      3.7237081487494077,
      0.24203573966370007,
      5.193294051439249
    ],
    [
      5.09276240599871,
      6.022672661677375,
      4.2790040911974865,
      3.2342646354951627,
      5.130069989301703
    ],
    [
      4.432272243115758,
      3.760430717980425,
      4.192206106157825,
      1.5632161883146924,
      6.499433398642881
    ],
    [
      4.284643397301134,
      6.87327139229592,
      4.634645885256294,
      3.4510274843839444,
      5.299151778999845
    ],
    [
      4.227171443261439,
      2.0945617578279747,
      3.916985023390764,
      2.897764928129586,
      6.284923531685695
    ],
    [
      3.8031489301807437,
      4.6734434807058545,
      5.00301219442549,
      3.1240253318658,
      6.283756564566191
    ],
    [
      6.32452537890403,
      3.5893267625878433,
      3.8503119998424644,
      1.1647619109665983,
      5.233869462128799
    ],
    [
      4.641362237315162,
      4.256208126503265,
      2.7957637116393617,
      2.4184976895171113,
      3.9233302280452342
    ],
    [
      3.245276261013254,
      4.188752449402864,
      4.211287620537275,
      2.8385787575189156,
      3.2753867661402682
    ],
    [
      4.8160106114847085,
      6.266415490601483,
      7.355762473512853,
      3.2041360769654936,
      4.696424153885718
    ],
    [
      3.565632485980159,
      3.374653126169251,
      4.885477839736908,
      2.616052583316209,
      4.603036943073126
    ],
    [
      4.3671258979406335,
      5.4180693273031215,
      4.3136083339641935,
      3.5095686055860646,
      3.7814944593457023
    ],
    [
      5.156574982319647,
      4.793738549793205,
      5.561375576728283,
      0.5037874733566743,
      5.5227195969343335
    ],
    [
      4.587454022360502,
      4.841833033301144,
      4.891974340729481,
      2.173322884644434,
      3.4833896025070645
    ],
    [
      6.6071399114289315,
      5.844989744999317,
      5.594783660685421,
      4.745433210573999,
      5.601109348345908
    ],
    [
      4.369392743618611,
      5.448411934304663,
      3.2732474027049423,
      0.636944706624667,
      4.450177915941261
    ],
    [
      4.55185282555487,
      6.264001108988623,
      2.573001394065151,
      3.2664209137619418,
      5.972071366603131
    ],
    [
      4.683975206424677,
      6.992984885997968,
      3.9188327168904014,
      4.153031074838035,
      5.272194985187717
    ],
    [
      4.3268254868003675,
      3.6541973841347115,
      2.973786202688405,
      3.1479524828822436,
      6.815480192721952
    ],
    [
      4.040141019964973,
      6.1219585522077775,
      5.118253600970902,
      2.8236238896336157,
      5.6403400446779335
    ],
    [
      4.087970517235776,
      5.0186052626271636,
      4.812940573837321,
      2.6890936159427823,
      5.491416424959864
    ],
    [
      6.032388183803692,
      5.803762892232319,
      3.838688867470359,
      3.107744920589436,
      5.720178212873703
    ],
    [
      1.7534551195172847,
      5.710989156570303,
      6.009191995005001,
      1.3836441981917336,
      4.25961477614926
    ],
    [
      5.001194669291256,
      5.334507601514573,
      4.2683150296844,
      2.856562630458143,
      6.583072849326442
    ],
    [
      4.404626545180287,
      4.272035524745104,
      3.9783929465420065,
      2.2569910650733727,
      5.077089264753097
    ],
    [
      4.740598701771436,
      5.132822115668819,
      5.0627965215358515,
      2.98409653197222,
      5.350803136893077
    ],
    [
      4.369654357186551,
      4.609940655023632,
      4.918481120213775,
      3.9775530284365406,
      6.194006922725085
    ],
    [
      3.534012983573399,
      4.0222446371070655,
      4.659800838307973,
      1.9655504573347624,
      6.531485041309645
    ],
    [
      3.7358503304151456,
      4.893031920989121,
      5.857573068104778,
      5.764143804356282,
      4.431544704896454
    ],
    [
      3.9765794429202552,
      4.548205758247972,
      3.6850373006475428,
      2.4953092292907453,
      4.9399139439895965
    ],
    [
      5.639987260076113,
      7.31105937325316,
      4.745524947303599,
      2.4529981063286663,
      5.036495254847286
    ],
    [
      6.612619164533931,
      5.546123057684948,
      5.0773847238370005,
      2.0947590421856486,
      2.9686834158465025
    ],
    [
      5.601897663297219,
      4.532426069567628,
      4.114995007403616,
      2.30776273550784,
      4.839672219722263
    ],
    [
      5.0749370036667525,
      6.241627309427925,
      5.023705331103369,
      1.2388021224826367,
      4.478348372420813
    ],
    [
      5.1388049674744956,
      5.263570738468235,
      4.7179163988962065,
      3.3324925202409315,
      5.6640407580580225
    ],
    [
      4.258277848081012,
      4.615088153144125,
      4.262709483214515,
      1.84491068825968,
      5.151118359748288
    ],
    [
      4.5002884668188265,
      4.481797312002649,
      2.4183261445349613,
      1.5301094699166242,
      3.6600810381320272
    ],
    [
      5.698984355304145,
      4.166905521915652,
      3.2491343033746225,
      4.284731098732737,
      5.347480851004354
    ],
    [
      3.9075081491936716,
      5.986122422040045,
      3.5249688041844527,
      3.3989452008958936,
      4.786041138551132
    ],
    [
      4.665201047875073,
      4.487922182374006,
      4.516500541403328,
      3.348020281072467,
      3.9869835392042345
    ],
    [
      5.986289092894992,
      3.998266846625456,
      5.4879371219919175,
      2.6596204682575393,
      6.005789166941247
    ],
    [
      4.978943228156479,
      4.95251044508947,
      5.519166501110908,
      1.9294556355456636,
      5.417648374514929
    ],
    [
      6.13589548109488,
      3.765191031649036,
      5.201720047949517,
      2.5704201870557926,
      5.637489205183804
    ]
  ],
  "id": 47,
  "df": 5
}