{
  "mu": [
    6.122852073202659,
    4.6734757505223445,
    4.221753219738591,
    5.298156803688593,
    4.994031342936503
  ],
  "x": [
    [
      5.5049333155891755,
      6.629795270226866,
      2.898177025119141,
      5.776570324659818,
      4.561276963817534
    ],
    [
      7.09805572659676,
      3.7546966821442442,
      3.8043397021645595,
      4.6376987872327105,
      4.427920866239738
    ],
    [
      5.916915953499651,
      5.028792366803977,
      5.470860456872392,
      4.1675323569525204,
      3.984533067919254
    ],
    [
      7.032303132976823,
      4.379877216564196,
      4.585320940369706,
      5.003271123567137,
      5.431796394950476
    ],
    [
      7.252195626282248,
      6.551519649936706,
      4.104115360562004,
      4.642156019930397,
      5.408184824927997
    ],
    [
      7.713169348358436,
      5.986124418572845,
      4.702159857169544,
      6.240726972450286,
      6.64204903295374
    ],
    [
      5.3910889976169765,
      2.5623380077656,
      5.021450573764798,
      3.7053230785870035,
      3.424541579072468
    ],
    [
      7.957068576997846,
      5.29391408229688,
      4.273508324317943,
      5.798485544094873,
      5.03828721131885
    ],
    [
      5.619250599416587,
      6.6585995353903416,
      4.991433273162602,
      5.648376662925846,
      3.411947740872172
    ],
    [
      5.257897830596035,
      4.1509068258631086,
      3.4847114249348325,
      3.865120537323074,
      6.087551721162902
    ],
    [
      6.366283554424712,
      4.810847101307601,
      3.9466860704119933,
      7.1873862311753465,
      6.392977514015183
    ],
    [
      5.037389358817982,
      6.1032104902812865,
      4.70834820530639,
      6.326100313814982,
      4.8597565140192405
    ],
    [
      7.673890400944456,
      4.975671486994473,
      3.1753871074513125,
      5.327175660652403,
      3.3154256134051225
    ],
    [
      7.691399597777484,
      6.720516055880993,
      3.6850042645248338,
      4.79268723425826,
      7.02460792048453
    ],
    [
      6.228197036648711,
      4.143912582319486,
      5.329650048973075,
      5.287975003329612,
      4.716976154129693
    ],
    [
      6.669014015263921,
      5.192141080078765,
      7.515354152324804,
      5.163931437516098,
      4.894263686955754
    ],
    [
      6.103697658951098,
      5.07445796492779,
      4.5023473089909185,
      5.143475445879201,
      3.912080218453925
    ],
    [
      6.051912493474924,
      3.1842224855484416,
      2.6258179801519064,
      5.190514591517011,
      4.267938092315847
    ],
    [
      5.995791814906964,
      4.161471600168363,
      5.004913578918396,
      4.281323242076227,
      3.963755007659579
    ],
    [
      7.0432181020038565,
      5.215432918345499,
      4.157483915179241,
      4.826390369164815,
      5.691549016707564
    ],
    [
      6.64316542737786,
      4.1107946188104405,
      3.9223080457153214,
      3.499026962449526,
      3.6411695190394697
    ],
    [
      6.375321255562652,
      4.254543185345365,
      2.3323950349941462,
      3.964345070671161,
      5.8165546668836825
    ],
    [
      6.27122111943872,
      5.527162183257431,
      4.987990408312944,
      4.084743668344801,
      6.236110402844741
    ],
    [
      4.908665045927556,
      7.1284896987459,
      3.3460311059383647,
      7.143923023019436,
      4.994502711344782
    ],
    [
      6.787514896302647,
      7.205967713223654,
      5.489227997057711,
      3.0215539051743336,
      5.1940433233798755
    ],
    [
      7.218573760276632,
      5.735685819339188,
      2.320655859132636,
      7.0557873865752,
      6.1065476484078705
    ],
    [
      6.754093363567582,
      5.47927933693138,
      3.623480500717426,
      5.032716022551591,
      6.359428339508874
    ],
    [
      6.276634128159527,
      6.131115214765273,
      4.972103070780404,
      5.888031806928755,
      7.060146045604055
    ],
    [
      6.546114788267717,
      5.967199217468215,
      5.2094284261442985,
      5.056484487951765,
      5.327307155513804
    ],
    [
      7.509466989061007,
      6.133016011153955,
      3.902643684784431,
      4.995574578961577,
      5.486736198656443
    ],
    [
      6.29467885619572,
      4.094837589806452,
      5.353836793819864,
      6.9756074830856845,
      4.174935257686315
    ],
    [
      6.130371083527563,
      3.9144628584106305,
      4.314458236242742,
      4.8011370232120125,
      5.725118403935849
    ],
    [
      6.926261313903164,
      5.7592032619443785,
      3.7430851485828867,
      3.4503143720308525,
      5.453179503780341
    ],
    [
      6.3072975010018775,
      4.001561881295002,
      5.090050224814634,
      7.098735344116614,
      2.703654814142074
    ],
    [
      5.652756992231368,
      5.532902150675195,
      3.924124915932422,
      6.548691605702006,
      5.046089313282219
    ],
    [
      4.61053727501269,
      3.6554791782885756,
      3.447099320305999,
      5.293362752783088,
      4.322943152437751
    ],
    [
      8.06398168619388,
      5.6592856108366485,
      3.221398281838783,
      5.77829902808083,
      4.136345128499583
    ],
    [
      7.363929143009726,
      4.647661808854669,
      4.749218140671463,
      5.221966550451696,
      3.57760070232322
    ],
    [
      5.17096647842109,
      3.052716425294983,
      3.3643914699671424,
      6.20882477034844,
      5.016035816415204
    ],
    [
      6.540059576964405,
      6.283484058716707,
      3.7121324161611158,
      5.442269219883059,
      4.7924263164498075
    ],
    [
      6.351606420152504,
      4.728434706424267,
      4.448149359264574,
      6.161209087606865,
      5.589164846603133
    ],
    [
      7.695658833536074,
      6.4497905765510275,
      4.625338877883239,
      5.315057548178014,
      5.020821806959065
    ],
    [
      5.299761085730985,
      5.014838815491872,
      3.3456288018200637,
      6.267238421963956,
      5.237475324345977
    ],
    [
      7.111404750409308,
      4.57411648903011,
      4.263918294389305,
      4.815741280761314,
      5.653987984737738
    ],
    [
      6.487001756711933,
      5.107293406872551,
      4.038321187172037,
      5.552266810930759,
      7.250202790917722
    ],
    [
      6.972342417797288,
      5.485799720417841,
      4.498581694624619,
      5.909401355783897,
      4.114772124383265
    ],
    [
      6.2970346515670945,
      4.021086355333488,
      4.692470151568317,
      5.143356189780432,
      6.596386962239519
    ],
    [
      5.663777387006448,
      3.858840573849497,
      6.069009249368388,
      6.3713431253732615,
      5.576070665358448
    ],
    [
      6.139299547334746,
      5.126978823786496,
      6.721152052497182,
      5.405394553026557,
      4.0413840168964
    ],
    [
      5.000693911432634,
      6.294703968378359,
      2.0744819508908217,
      3.8951598715861184,
      4.843766017071497
    ]
  ],
  "id": 8,
  "df": 5
}