{
  "mu": [
    4.195157666471073,
    4.82174917681295,
    4.533801470620931,
    6.5532445933575705,
    6.984392816041318
  ],
  "x": [
    [
      4.162961596873981,
      5.1141703843336055,
      4.7902610658800855,
      6.039733605970307,
      7.744221480774664
    ],
    [
      3.463246067856055,
      5.099522298513113,
      4.402193039777822,
      6.114028970804952,
      9.645730251661552
    ],
    [
      4.784447035582622,
      5.5459146386489335,
      4.475170369721662,
      7.499076698590347,
      7.158636401414926
    ],
    [
      2.379580004276593,
      4.565617799592384,
      5.0568758986089515,
      6.17655599733883,
      7.875511960020774
    ],
    [
      4.546125365119704,
      4.690337666842992,
      4.342140719600258,
      6.081991852836051,
      5.668432047099436
    ],
    [
      2.9331553524876375,
      4.882733489831777,
      3.816748660539758,
      7.58740318194249,
      6.639011346358834
    ],
    [
      5.740259006362388,
      4.178965454256061,
      5.664595615041677,
      5.241920924585624,
      7.026842442350467
    ],
    [
      5.021022721119124,
      5.30376865309572,
      5.313551837885009,
      5.094211997389727,
      5.7839634780548455
    ],
    [
      3.0537148073259237,
      3.9162008385812475,
      4.81442289367971,
      6.2667193520205355,
      5.985256495380623
    ],
    [
      3.0418035485370414,
      4.544829402376913,
      5.069396125188912,
      5.761596024199747,
      8.49162161358418
    ],
    [
      4.538795377266018,
      4.636646902773294,
      4.962068414704274,
      7.1158538835819405,
      6.873113155508368
    ],
    [
      3.9945785981566755,
      4.957339101123238,
      6.111773009330511,
      7.1708313585530465,
      5.906217703966885
    ],
    [
      3.4281188968726064,
      3.3218813227036392,
      4.65442827968067,
      5.968523179956267,
      7.403111638039108
    ],
    [
      4.065449383515706,
      4.266667244727724,
      4.023389775186625,
      6.213659843532383,
      7.710705165178958
    ],
    [
      4.018103370351961,
      4.871128425094177,
      3.3492779534714217,
      6.005183822610683,
      7.343181081585952
    ],
    [
      4.91752769770674,
      6.588744892594097,
      3.9779780791344743,
      9.097481209036316,
      5.781409169921588
    ],
    [
      4.694571656716804,
      5.22320126238707,
      6.467202253232804,
      7.095616691466353,
      5.916980374771011
    ],
    [
      3.5520135973299056,
      4.261480751828228,
      3.879245696483237,
      5.810924069079744,
      6.460612851974798
    ],
    [
      3.845399919325895,
      5.722107624332247,
      5.157758495922699,
      6.412871565731719,
      5.640522631174237
    ],
    [
      3.5382584697483033,
      5.137037623407045,
      3.9835913054177814,
      6.6101976179208135,
      6.167790998223539
    ],
    [
      2.850608044056453,
      4.992699909150258,
      3.353280822767231,
      7.485870586228326,
      8.436087562610904
    ],
    [
      4.384770873074686,
      4.241623623596606,
      5.218058523361831,
      5.183539886777124,
      7.527387368165357
    ],
    [
      2.6027438428499425,
      4.568494022171386,
      6.673000883937442,
      5.669060200041249,
      5.6611408574062265
    ],
    [
      4.3946171179292595,
      4.851127102107415,
      3.9946535201736992,
      4.932713172478119,
      8.020651253852797
    ],
    [
      4.516029138442038,
      6.094280057055713,
      5.4073233619796595,
      7.127413746850803,
      8.679058587042428
    ],
    [
      5.911952986276731,
      4.005707661453108,
      5.583142896196754,
      7.511975206486235,
      7.754232653534566
    ],
    [
      3.651748316652407,
      4.879999046683216,
      6.558528972605195,
      7.627787055836714,
      7.562846562781274
    ],
    [
      4.575968208730695,
      5.457628463673465,
      3.9273762456589942,
      6.501363223232512,
      7.846792194724807
    ],
    [
      4.320958332451237,
      5.784690844271994,
      4.469234188902476,
      7.025156530458625,
      7.2308788175694625
    ],
    [
      3.578284727383463,
      5.385687950990775,
      5.394637019489046,
      5.8417284308011155,
      6.697415785833337
    ],
    [
      4.510773998304616,
      4.431705029134289,
      4.574147613000572,
      7.068891726414777,
      7.153541039885541
    ],
    [
      3.1761363422036206,
      5.226725076977095,
      2.2570351248839278,
      6.658605913575569,
      8.648316689070386
    ],
    [
      4.2751132952538535,
      3.1195331793780667,
      4.207775816767807,
      6.5737669786705855,
      7.209507356373959
    ],
    [
      4.626811399672037,
      4.659073064425028,
      2.326834005967376,
      7.080981277900752,
      7.59025791213926
    ],
    [
      4.342636594555404,
      5.557197531569304,
      2.965149577742496,
      6.7466792115537455,
      7.448695410460469
    ],
    [
      5.042582224323792,
      5.745899192060102,
      4.751585542918172,
      6.453675482360963,
      6.14178886150309
    ],
    [
      4.162732873564595,
      6.349673332800277,
      4.851421956799633,
      7.064471231665506,
      8.175357608614078
    ],
    [
      4.873166642296541,
      4.026761114642401,
      3.3203794167407072,
      8.03871062203482,
      7.2411745144756585
    ],
    [
      4.395915979615619,
      4.686985671772222,
      4.477111711459549,
      6.865313067082066,
      6.742735504981434
    ],
    [
      3.4180137945623104,
      4.669606463285976,
      6.424324547791546,
      7.751472122067524,
      8.275792913685898
    ],
    [
      3.396670928475731,
      4.916344395252515,
      3.5623873690072942,
      6.2561123202989934,
      7.62234774795393
    ],
    [
      5.183072484258711,
      4.197434302114267,
      4.262964267180097,
      6.45928539743612,
      5.470703708312566
    ],
    [
      4.065691541462089,
      4.126708486911648,
      5.281690274716609,
      6.004323646684922,
      7.040695142379501
    ],
    [
      4.066033326233304,
      6.435521358517951,
      5.286861616697943,
      6.096948520838241,
      7.278769264741409
    ],
    [
      3.613803832800024,
      5.169998483901153,
      4.299327413100309,
      7.100906914838713,
      4.88470471135873
    ],
    [
      4.630433276416065,
      5.121828146842815,
      1.7184339473338581,
      6.5713793578256,
      6.099349931223339
    ],
    [
      4.308262011328218,
      4.736000041811283,
      4.743801455069289,
      7.265083441525412,
      8.22668123294638
    ],
    [
      5.579789619705652,
      4.8913805036486115,
      4.72887574139565,
      5.984417885126028,
      6.305393410580909
    ],
    [
      2.987321455586021,
      5.2284748514750214,
      2.808230487228472,
      5.998299846167235,
      8.946409366674839
    ],
    [
      4.311779698475465,
      4.591446827228346,
      4.822370367874491,
      6.84115872053525,
      7.411297339502634
    ]
  ],
  "id": 34,
  "df": 5
}