{
  "mu": [
    3.1116435706301964,
    4.133813182233014,
    5.228272431603788,
    6.262800390359092,
    4.122584101440135
  ],
  "x": [
    [
      2.9329930410319704,
      4.986226075477636,
      4.756173622128007,
      4.7527502216738915,
      5.988207403763088
    ],
    [
      4.575430699025605,
      4.112240968482531,
      5.502275463090534,
      5.496847835573883,
      5.169029673807104
    ],
    [
      2.361157956156717,
      4.9472382692777215,
      4.628596463868103,
      6.322833877211498,
      4.5630980415480895
    ],
    [
      3.4699408234090003,
      5.9519415743365816,
      5.265846091369431,
      6.07045155716687,
      3.1300908004434906
    ],
    [
      5.255319310608346,
      5.474451725518446,
      3.6949978723024546,
      4.966918163443282,
      6.1880735090184515
    ],
    [
      4.777733911613691,
      2.843467369510021,
      5.269596259923886,
      6.601959237126355,
      3.2619733953107017
    ],
    [
      4.049880765959991,
      5.7420198590834275,
      4.402570246011268,
      5.184695269829744,
      4.695742561156832
    ],
    [
      3.4164591067029275,
      3.760342294312846,
      4.97311990004703,
      8.129105609256001,
      4.89685370529678
    ],
    [
      1.6658001116337766,
      2.7042481300499723,
      4.7653116889378175,
      5.690346347705445,
      3.713250844268883
    ],
    [
      3.2677959749677763,
      4.721816567291235,
      4.310499531070339,
      6.764886619557613,
      4.156688330512461
    ],
    [
      0.9776120285897401,
      4.952500913598221,
      5.636564782541373,
      5.696141261036946,
      5.441177353610474
    ],
    [
      2.4751927952451336,
      5.281977867030999,
      7.246425935550736,
      7.823351657320009,
      5.002950017034389
    ],
    [
      1.4610464046578833,
      3.947312256835199,
      5.090947133651609,
      7.858533581674235,
      2.8338666166929163
    ],
    [
      3.4975197533782403,
      4.666683190184767,
      5.237849984397396,
      6.850515307321805,
      5.406161120113546
    ],
    [
      4.002233060454724,
      3.4282239767714358,
      6.037302342242849,
      5.911002350769592,
      4.325667153251475
    ],
    [
      1.6262499657608716,
      3.713929160424861,
      4.077449359611167,
      6.0958606958272235,
      3.9269256483180794
    ],
    [
      2.6123112262843176,
      3.8472650309339156,
      6.1325793027534035,
      6.01329070307383,
      5.320171206742817
    ],
    [
      2.6127067651889306,
      4.718568729134481,
      4.980509998251777,
      4.99021374517117,
      5.011733262749314
    ],
    [
      4.031181210983287,
      4.498029743998216,
      6.53979118665812,
      7.580452377803968,
      4.7414790314375574
    ],
    [
      2.85145770614273,
      3.562601238274326,
      5.493915215865244,
      6.3482866254352714,
      3.0976754293067117
    ],
    [
      3.1413025294383816,
      5.847633832726253,
      5.514179126215259,
      6.115835583704848,
      2.4636026310180275
    ],
    [
      2.271563762929594,
      4.120943828796693,
      4.0001015676126315,
      6.771351063259537,
      5.054583286037503
    ],
    [
      2.115262554252157,
      4.189890169344504,
      5.532480469027023,
      7.0875131169167735,
      4.941902183638063
    ],
    [
      3.4360796321231644,
      4.93362521902675,
      6.251090984790498,
      5.279435253209135,
      4.309275907374604
    ],
    [
      2.8696161750203473,
      3.354260384625793,
      5.7033120924758745,
      5.932478275693327,
      4.410759262806399
    ],
    [
      3.8395800257552852,
      4.767307953157398,
      4.740680900122169,
      7.240108189261271,
      2.49570619433859
    ],
    [
      3.219840148019347,
      3.1650915738457677,
      6.4158714880085475,
      5.51160475113805,
      5.70543643353773
    ],
    [
      4.410201047169127,
      3.619548395931606,
      5.225186252551556,
      4.8209381789257515,
      3.2371488363912544
    ],
    [
      3.614948010372601,
      3.87664092107081,
      5.415436333577326,
      6.116620089349571,
      3.9666462703209455
    ],
    [
      3.798629118674506,
      3.9530106492165906,
      6.609514204285281,
      6.209573487392723,
      4.543610941214718
    ],
    [
      3.522379602249267,
      2.068415217635742,
      4.677840015345556,
      7.460091944567876,
      5.3263815044688565
    ],
    [
      2.6664445031662183,
      2.982198070638092,
      5.563405418424456,
      8.478869068311507,
      2.713509906917137
    ],
    [
      3.0726544770375632,
      2.9512846136413646,
      5.0866698118047555,
      6.5041024494784,
      3.623501699624933
    ],
    [
      3.325763053565676,
      3.250032055735667,
      5.491668024695905,
      7.506032864820067,
      4.525481434657199
    ],
    [
      3.12943012056043,
      4.529145906813475,
      4.24246038743167,
      6.404377692160817,
      4.925987344852735
    ],
    [
      2.8469785941078327,
      5.129152808106636,
      3.8795353155172942,
      6.228235591536672,
      4.252496908527263
    ],
    [
      2.2609563184221284,
      4.654667181635904,
      5.749989565571001,
      7.73115351847554,
      4.1475139569187505
    ],
    [
      2.8287771380315583,
      2.1214986310422663,
      6.289840331484159,
      5.74273871985946,
      4.506741690079438
    ],
    [
      3.0389852875952705,
      4.398367007129034,
      4.732964646186303,
      6.550511216714361,
      4.680045954943237
    ],
    [
      2.287821021185983,
      3.722308703589182,
      4.778708823619665,
      7.186184834729783,
      4.749328280734515
    ],
    [
      3.285506059989565,
      3.8853379290832066,
      5.309714684121358,
      6.491142234640512,
      5.367049705502307
    ],
    [
      3.680323711885796,
      0.6811923625285763,
      3.520451964100749,
      5.763369446925436,
      4.850775927085929
    ],
    [
      4.0799650733013175,
      2.398126302964518,
      4.449725930656236,
      5.050854055003281,
      4.98400420985255
    ],
    [
      2.4776504108906616,
      4.557931289514458,
      3.564627329377806,
      6.8046706814806575,
      4.22236964143322
    ],
    [
      4.017071598546922,
      5.163939102382135,
      4.751528575805859,
      5.5500487744973155,
      3.644133357310216
    ],
    [
      4.301871019747834,
      4.943827252297039,
      5.91297415594518,
      6.626544790655047,
      3.7590967857426008
    ],
    [
      1.1733089927681069,
      4.6354609621293985,
      6.38005897743996,
      5.472301271440447,
      2.67053552794156
    ],
    [
      4.228651179377306,
      3.5613943189364683,
      5.472305300190411,
      4.719005001732584,
      6.232279759454775
    ],
    [
      3.821273504492438,
      3.953883163733211,
      5.604172701642393,
      7.586992825367515,
      3.698261689747145
    ],
    [
      3.212156189116572,
      2.5867271040424544,
      6.375816063851855,
      6.073365400165683,
      3.3134839869713093
    ]
  ],
  "id": 33,
  "df": 5
}