{
  "mu": [
    5.058518833939686,
    5.719925818016676,
    5.336440706736929,
    4.517934448589006,
    5.687048071408856
  ],
  "x": [
    [
      4.966004235096082,
      4.117323822378859,
      5.734930578288289,
      3.557345909399627,
      4.81511886968101
    ],
    [
      5.36691660169698,
      6.465829367537811,
      5.219573549146149,
      6.053186280888934,
      6.873693540647922
    ],
    [
      5.593501271815482,
      6.676158226210349,
      5.4854497107739375,
      4.555868660177946,
      8.120078308407939
    ],
    [
      4.1948990451426695,
      4.394556635723388,
      5.8386312891490455,
      3.7132945361289194,
      6.747960285887895
    ],
    [
      5.71529910332228,
      4.1082678591657,
      5.014969071835889,
      5.15697923067955,
      5.1245735694008
    ],
    [
      3.64716182896531,
      5.895595334863637,
      4.2235518264497784,
      3.3742489833027376,
      6.462989541764022
    ],
    [
      5.108978752088613,
      5.9254967091041415,
      3.9545163731962862,
      5.839238925327409,
      5.494571204550323
    ],
    [
      5.400183485052915,
      5.238696019778916,
      7.729921085231015,
      4.723349800826644,
      5.026737667018994
    ],
    [
      3.4968460117333278,
      4.489353362128472,
      3.7506039009335415,
      3.953803437748581,
      4.97064152273423
    ],
    [
      6.006771269258817,
      5.133451851994847,
      6.179351202182029,
      4.024114971672129,
      5.618646306729956
    ],
    [
      4.631292064494261,
      6.86658356703032,
      6.010023860099743,
      4.160783554751862,
      6.722508777414408
    ],
    [
      6.624322185938071,
      4.370287913376334,
      5.148064368387072,
      6.109344446558138,
      5.773446241475087
    ],
    [
      5.666400664840503,
      6.125962604667242,
      3.65065772433137,
      4.9381561804837,
      7.340298060704598
    ],
    [
      5.484040199745014,
      5.558061025985931,
      6.35821315690457,
      2.3769273942337072,
      6.249639652933984
    ],
    [
      6.611314637778703,
      3.902225196513524,
      7.281534643967573,
      4.148069070287292,
      5.5057133509269285
    ],
    [
      3.66882308331956,
      5.732992471724628,
      6.52476754088093,
      4.974951875555522,
      7.658964491691789
    ],
    [
      5.919047741893065,
      5.2652864341622365,
      5.175656613438931,
      3.7296632961996647,
      7.724717159775169
    ],
    [
      6.5299980100088515,
      6.416653718534518,
      2.7949922778191327,
      4.636790270319519,
      5.897437620695508
    ],
    [
      4.558859915407511,
      4.823346914497912,
      7.772797839834088,
      5.983484676141505,
      5.940682417287427
    ],
    [
      3.790546568802853,
      6.894782472957344,
      6.355694536240508,
      5.28884058526873,
      7.181720533588364
    ],
    [
      4.2313159438567585,
      7.280158881688399,
      5.880604899107683,
      4.058218993781897,
      5.66014286012686
    ],
    [
      4.823942602345826,
      5.586139227612477,
      4.928300711797068,
      2.5290452317728778,
      6.323432117783783
    ],
    [
      6.019294400510349,
      5.820554682978721,
      6.063144348532877,
      3.6761949665056637,
      7.111653293071087
    ],
    [
      6.0064469266883584,
      4.496763158745608,
      4.749104615779532,
      5.292902490505913,
      4.4362993027454936
    ],
    [
      5.59930644163654,
      3.7930245809142096,
      5.8083804289380465,
      4.559350397915406,
      4.703049235520116
    ],
    [
      5.133654140070255,
      6.159807776215074,
      4.417219703918437,
      4.904658505274191,
      5.722526750637667
    ],
    [
      5.509158007041909,
      5.624648046025749,
      3.8919578234786156,
      3.745756269198603,
      5.942976482677453
    ],
    [
      3.2564645620175128,
      5.702835269404613,
      5.10490044435657,
      4.364470720636613,
      3.9329288876176536
    ],
    [
      4.743893491695682,
      5.87200540547016,
      5.731867732817147,
      4.904370899630296,
      5.1672138355525625
    ],
    [
      4.298824341566977,
      7.1168531882630806,
      4.063756540536226,
      2.9367937226443246,
      5.728212843956804
    ],
    [
      5.170791469994067,
      5.050482959104075,
      5.3265453469963875,
      2.9169873374153594,
      5.79372945232373
    ],
    [
      4.5847130645693115,
      5.482148482480199,
      5.835592306898832,
      4.581522340101682,
      5.302335911319881
    ],
    [
      6.068421284557191,
      7.049299813170384,
      3.664366926084182,
      5.498730887597387,
      6.176331534115236
    ],
    [
      5.024833174093173,
      5.030892196233233,
      4.643469143683443,
      3.792063044456408,
      6.2304807427854
    ],
    [
      6.349551711131703,
      5.474290208450831,
      5.32342414899127,
      3.518979270152644,
      4.568008385689175
    ],
    [
      5.4676957691435355,
      5.410887803670357,
      5.799982586019185,
      4.357592077003696,
      6.171383494344636
    ],
    [
      5.689419343656349,
      7.972002022204068,
      5.074020415927695,
      4.206418718455855,
      5.721452611662053
    ],
    [
      4.132840438713206,
      5.2857120182831565,
      6.420728461994979,
      4.535646533390728,
      5.595108078064677
    ],
    [
      4.93405370127326,
      6.910192321084103,
      4.869819926493951,
      5.867185507195623,
      7.692206993626265
    ],
    [
      3.6347521250547703,
      5.632891565074619,
      7.9427367894337415,
      4.375363329602795,
      4.995018132499986
    ],
    [
      3.6249557259375162,
      7.031020076989907,
      6.250400157565645,
      4.695384326364571,
      4.806915336831382
    ],
    [
      4.96712686435651,
      4.50897967872331,
      6.142724205843633,
      2.502702201289256,
      5.127514639565449
    ],
    [
      3.460081407028843,
      5.834145172058798,
      5.228110728547045,
      5.823736072764365,
      7.145503825932734
    ],
    [
      5.142554329653486,
      5.150523113850597,
      5.8640813248879295,
      4.597729999518262,
      6.628230074142776
    ],
    [
      4.192160857174524,
      5.375948708187616,
      3.666597707271877,
      3.5847660730978745,
      3.9102667423142883
    ],
    [
      2.9549979626704874,
      6.053407894823324,
      4.496437574986186,
      5.144518665305222,
      5.2077702624250755
    ],
    [
      5.368465264238754,
      4.154100287507744,
      6.718662841219231,
      4.446223400678505,
      6.913350503756482
    ],
    [
      4.9642375083385275,
      5.939932736194079,
      4.572221023676072,
      5.537879179790165,
      7.588637362328613
    ],
    [
      5.954932295974266,
      4.383317951502826,
      4.354683359737856,
      3.980465772480678,
      2.8432988448753393
    ],
    [
      4.839724340882128,
      6.805611461023576,
      3.7974157040151133,
      3.8883581651236323,
      6.384832668510779
    ]
  ],
  "id": 24,
  "df": 5
}