{
  "mu": [
    4.926266879314031,
    4.8983651101515475,
    4.056896651136106,
    4.555756208482674,
    3.3085909983486665
  ],
  "x": [
    [
      5.588446803527219,
      6.682942491033085,
      4.352461959034563,
      5.181144683672536,
      2.9216343764715407
    ],
    [
      3.5886920455905233,
      5.095382002963172,
      1.8327246598986786,
      3.0086441296325654,
      3.9069554970861193
    ],
    [
      4.219897454940976,
      3.862772809547725,
      3.2682358117082044,
      6.432832261819042,
      3.237400498271982
    ],
    [
      4.1687106446886055,
      5.300679097185183,
      3.594487400695973,
      4.020656976055358,
      1.2709819124270298
    ],
    [
      3.4202977064979256,
      4.48588668199396,
      4.815412916920667,
      5.249466993106953,
      2.9969016603847276
    ],
    [
      5.272115253772286,
      6.029950895478569,
      4.919681274937222,
      5.2661328125490146,
      1.9300193407096304
    ],
    [
      4.800348520680025,
      5.1665469252458145,
      4.587640219326672,
      3.6574744028479413,
      2.9182376665232295
    ],
    [
      5.444234712340313,
      4.101466790887261,
      4.805214145122689,
      3.9150842444933236,
      4.689821616149328
    ],
    [
      4.1414406583666,
      5.194153125074023,
      5.384505841550839,
      4.130576219692958,
      3.806885468686114
    ],
    [
      3.597189716908815,
      4.794817280698416,
      4.18702932946186,
      4.904518212610537,
      4.680444361463639
    ],
    [
      5.793268269708942,
      6.294261981087818,
      4.458262845178572,
      3.5289412947296803,
      2.8938987673664176
    ],
    [
      4.558331764264276,
      3.7939358070341167,
      4.69694516766931,
      3.7921396171230017,
      3.25538696515301
    ],
    [
      5.876417945060453,
      4.265450840159184,
      4.271177966347348,
      6.055897170208321,
      3.220527254806262
    ],
    [
      5.909498843412618,
      2.519109540523383,
      4.14046272769562,
      3.552998392237959,
      3.426330452032491
    ],
    [
      4.1999489233669465,
      5.550843573824318,
      4.908605492819303,
      5.5726229616464575,
      3.8134701585290127
    ],
    [
      3.821564786548462,
      4.493895123585226,
      4.745080759676662,
      7.379150646133024,
      1.5637328480146169
    ],
    [
      4.409662594965468,
      5.157109945377475,
      3.8049786381061637,
      4.838301537533448,
      4.821530596961805
    ],
    [
      4.315696273796737,
      3.4605823364406545,
      4.168306538055619,
      3.6127427147710183,
      2.3252568946209533
    ],
    [
      3.806799982990111,
      3.5707843745822876,
      5.274941851429624,
      5.785633363693666,
      2.2664541183276503
    ],
    [
      5.378239840022934,
      4.833760160134421,
      2.886102299534657,
      5.013528060559979,
      5.13808140634183
    ],
    [
      3.7748360417411204,
      5.597946905442855,
      1.9238832452152543,
      4.346156149532566,
      2.2127071768825317
    ],
    [
      6.445641977560843,
      3.7536633835619666,
      4.950677877518228,
      4.159366719768112,
      3.6629395748074876
    ],
    [
      4.247972546062471,
      3.1584940731356186,
      5.461653039098297,
      4.401778617606762,
      3.094425687243422
    ],
    [
      5.4903344279983255,
      3.3787162164071143,
      4.1805488135017255,
      4.806902372402979,
      4.330554625088956
    ],
    [
      6.551151721195461,
      4.269739759271021,
      5.681674786478301,
      3.9235136322249056,
      3.3276093126478465
    ],
    [
      4.266548889611395,
      3.961392979012805,
      4.7906042382908804,
      4.340817072754395,
      3.9932012099660037
    ],
    [
      3.008129163802893,
      6.0295525425293635,
      5.251385116691763,
      4.332006568439661,
      4.471679485931496
    ],
    [
      6.206981024326948,
      3.830281056528315,
      3.1900428119042687,
      4.5227737158166645,
      4.048164762421035
    ],
    [
      2.91646925193771,
      5.916783134784753,
      3.731219513746784,
      5.778343013083238,
      3.2811130326274176
    ],
    [
      3.942470273351102,
      4.240029034615079,
      2.683950130951028,
      3.30623343956319,
      5.044698059371469
    ],
    [
      3.7058449634502626,
      3.552736980237136,
      4.855167635539933,
      6.1779504010267825,
      2.609207792169756
    ],
    [
      4.831864291958373,
      3.075599824297357,
      2.910848704686975,
      5.217363376519375,
      3.716106383459341
    ],
    [
      6.209015735560222,
      4.332035587086904,
      4.178196802776397,
      3.661338470051854,
      2.9326899734249015
    ],
    [
      4.275656818310586,
      5.625044315247241,
      4.620464017217187,
      4.621042809365486,
      2.9701086937380556
    ],
    [
      4.77036669080131,
      3.7385611127167238,
      4.203019700730572,
      5.295262166447815,
      2.1411462419195066
    ],
    [
      5.78483514598234,
      6.149367605695765,
      5.6075980796420355,
      4.831765383012004,
      3.724893892054134
    ],
    [
      3.146348453461032,
      5.311805885370535,
      3.1588008721993552,
      3.786905993653666,
      3.5739900291541367
    ],
    [
      3.297289485600662,
      4.4775923148039425,
      4.65609627471423,
      5.1249638149497185,
      2.430545563646012
    ],
    [
      4.775534973041472,
      2.2615732880230652,
      4.24026457696356,
      3.3185681384073433,
      3.8132970442416485
    ],
    [
      5.643447277300307,
      4.9734991163746285,
      3.2411490382800183,
      4.870275679534685,
      4.893584479516013
    ],
    [
      6.1004864346357275,
      4.6698128471861775,
      4.6183307625005625,
      3.709362587015555,
      3.6080755506729214
    ],
    [
      4.6656708070840756,
      5.022519941787588,
      4.009595594028523,
      3.4570759563576283,
      2.59675215401604
    ],
    [
      6.083771863750329,
      5.703557284896138,
      4.303743496765902,
      4.946039427869426,
      3.1624801923636405
    ],
    [
      5.8967171681140815,
      5.545193239830349,
      3.285195760142106,
      5.249489606371147,
      5.16967665666917
    ],
    [
      5.121608762961238,
      4.076738915035581,
      2.258212443378087,
      2.7056789288831693,
      3.8919673800751795
    ],
    [
      4.215616415332875,
      5.091759723381069,
      5.258903868937024,
      5.039219710472771,
      3.0035411018085356
    ],
    [
      4.851623827503069,
      5.944225158213527,
      4.184542706427725,
      3.3886559601805386,
      1.3871252288055986
    ],
    [
      5.73577922109042,
      3.3724326874617727,
      3.820665425033884,
      4.902246568488381,
      1.6057121556890839
    ],
    [
      4.843621603889383,
      5.717699763137071,
      3.5153801522661694,
      5.363924195202915,
      4.330758493635222
    ],
    [
      4.976831051336376,
      2.487544277696947,
      5.359481297022272,
      7.203583293827268,
      3.9042962778657886
    ]
  ],
  "id": 5,
  "df": 5
}