{
  "mu": [
    4.523983499667098,
    5.444026106394079,
    4.620449103684694,
    3.9450547248241117,
    3.9049411613661196
  ],
  "x": [
    [
      2.952245215485516,
      5.930106732118277,
      4.5169845113484834,
      3.382653354089901,
      3.703694986473078
    ],
    [
      2.578295113121719,
      6.324670498809887,
      5.682267562730048,
      4.408304056936202,
      3.6244304287957827
    ],
    [
      4.338671841656445,
      5.542568334068952,
      6.1265278105568655,
      3.1570666749252716,
      3.5755528497331266
    ],
    [
      2.9292445083514247,
      5.5497435038422855,
      4.784837868426547,
      3.889601948973255,
      4.390046266512323
    ],
    [
      5.164143530607663,
      5.652626131098019,
      4.8625456424485005,
      2.6514569895410176,
      3.8560848793156772
    ],
    [
      3.9528188417615087,
      5.242291016845158,
      5.06077021135853,
      2.8745484727433492,
      3.599427726165011
    ],
    [
      4.925250561574389,
      5.143102484395547,
      4.545733217329085,
      2.245166664697439,
      3.6259286773645094
    ],
    [
      4.722220546389587,
      5.3483351545384314,
      5.496942178738572,
      4.912825151646006,
      4.455499973317737
    ],
    [
      2.7618167709469703,
      6.390340216288799,
      4.181145470626161,
      3.4700529357577983,
      2.989681491155427
    ],
    [
      5.5264421807237785,
      4.599783825225448,
      5.07979746822134,
      2.273857875247484,
      3.3010609037759373
    ],
    [
      3.6037947582560044,
      5.767729495226742,
      5.569662542774435,
      2.9608956121161967,
      2.9108392256146325
    ],
    [
      6.385452103277825,
      6.876206014579319,
      5.205248580732059,
      5.005953403012245,
      3.8255938414916035
    ],
    [
      3.7247996995688943,
      4.55639012988311,
      5.776416784123375,
      4.981302069602578,
      3.4367883318008285
    ],
    [
      4.8716427138231575,
      3.7161273687066148,
      4.768354850100149,
      3.2654597385976136,
      4.4901693219786765
    ],
    [
      3.8082076446692703,
      4.693083098449083,
      4.757774701969943,
      2.360960566590057,
      3.6220522209462196
    ],
    [
      3.672459476557942,
      6.655623431437989,
      4.810014996622778,
      5.3443903525919785,
      3.3491854939808223
    ],
    [
      4.2497905089281,
      6.046287091150382,
      5.758161991338627,
      4.225983314288219,
      2.999257313315973
    ],
    [
      5.181196707054706,
      5.621171391682738,
      5.2090782899327195,
      3.2780433069612056,
      4.329661598326677
    ],
    [
      4.340228385415393,
      4.618877127589356,
      4.2033346447782876,
      4.17267626451057,
      3.787475564664781
    ],
    [
      4.664686209070437,
      5.65296457648308,
      2.9195057399765867,
      4.548528973262929,
      4.544314919635083
    ],
    [
      4.519330952623015,
      6.023176043473583,
      5.192339914374195,
      3.6405218537571824,
      4.905241516789279
    ],
    [
      4.665369493501106,
      6.918036255987955,
      3.984267038539157,
      4.19140957325107,
      4.49184281335019
    ],
    [
      3.0789257651595276,
      5.630604460910174,
      5.248173888593053,
      4.395475260214755,
      4.206171757906802
    ],
    [
      5.283803096262192,
      5.683221053902156,
      5.39815998495265,
      4.671985728731498,
      5.628030811469314
    ],
    [
      4.191612557977021,
      3.845324893396062,
      4.01486465095873,
      3.5644195942941703,
      3.5733352368260194
    ],
    [
      3.2481034334166674,
      4.8687928065295285,
      3.6006488936233954,
      5.664931056263992,
      4.27997228402303
    ],
    [
      5.959934035844382,
      6.4061993238645325,
      4.544592321942681,
      3.4974507604892824,
      2.791593072671426
    ],
    [
      4.60820240710829,
      6.495778165782334,
      5.839079203551744,
      4.008870800968069,
      1.542877821784932
    ],
    [
      3.191479825096675,
      5.201256270173971,
      4.821115995150533,
      2.1891561129398815,
      5.150370024786608
    ],
    [
      3.5986268071242002,
      5.614573485483274,
      5.775056550269021,
      4.013001235609407,
      3.7119499367404014
    ],
    [
      5.719580210503128,
      5.132078734312973,
      3.6744271423463957,
      2.4675908202083936,
      4.44732047710331
    ],
    [
      4.313143558520107,
      8.241222896765109,
      4.907870950449711,
      4.593149049695924,
      4.065592613695351
    ],
    [
      2.6969892157792277,
      4.490544170971053,
      5.064773221812781,
      3.476629076603718,
      5.508603314619473
    ],
    [
      4.616571420271963,
      5.6615190898024785,
      5.020974951619708,
      5.577864860894129,
      4.965048489990107
    ],
    [
      2.7388313386596614,
      6.337201816576194,
      5.006896827570842,
      3.6889815778539354,
      3.3352442261492334
    ],
    [
      6.317178580062714,
      4.890069028782326,
      4.195786158431353,
      3.097121839370892,
      4.013637900453209
    ],
    [
      4.695160039322032,
      5.513571774551317,
      3.6488012521490187,
      3.4885460805771418,
      2.5828712448689313
    ],
    [
      4.1930267343926095,
      5.161155003283086,
      3.5302845776407388,
      4.295390967695945,
      3.214002516103732
    ],
    [
      5.265866116308633,
      4.802072442989028,
      4.34882740321103,
      4.917239586700305,
      4.718106973389806
    ],
    [
      6.15636234195936,
      5.737410045121991,
      5.6142715531882095,
      3.259602972558186,
      4.3088545253922375
    ],
    [
      3.00080783310392,
      5.754498207651061,
      4.842358805968659,
      3.1131393477789318,
      5.3821925508255894
    ],
    [
      5.9118195180254105,
      7.107923214718384,
      6.185915993059236,
      5.8232757258724845,
      4.199603413153079
    ],
    [
      4.483138462795944,
      6.437049028582696,
      4.869406444496603,
      4.86620250274999,
      5.4801332396686355
    ],
    [
      4.986007293351787,
      4.5735027832935735,
      3.6152917012700874,
      3.549506258268762,
      2.714433718171464
    ],
    [
      3.683534353940562,
      6.122206634635238,
      4.645163765379082,
      4.150127578639292,
      3.671444781857151
    ],
    [
      3.796053464920658,
      5.5505707156466935,
      3.5297307542666374,
      4.105199669545777,
      3.2361223720998296
    ],
    [
      4.071926360191244,
      5.121026921020918,
      3.8232583923254166,
      4.186845434770652,
      5.592665338997914
    ],
    [
      3.3448824301351596,
      5.455700595720968,
      4.902696989017139,
      5.822534390489964,
      6.356470651543843
    ],
    [
      4.8026537047300115,
      6.143440680996275,
      5.413411085055186,
      4.6947176559274615,
      2.867955068080148
    ],
    [
      3.6805000257975884,
      6.2084113974350075,
      5.31540054387412,
      6.084882803947619,
      3.834546139396573
    ]
  ],
  "id": 0,
  "df": 5
}