{
  "mu": [
    5.265439086887065,
    5.393624676946473,
    5.498439093490476,
    5.3476277633643665,
    4.913660732547656
  ],
  "x": [
    [
      5.590214358812975,
      5.45091808306634,
      5.862112473983074,
      5.241684083550148,
      4.810756289568529
    ],
    [
      5.19298800964075,
      6.47236418063995,
      3.4551709605606664,
      3.875340025576442,
      5.278904450625186
    ],
    [
      6.6300990484218945,
      3.7834144136192513,
      7.477735370089615,
      6.505601244137658,
      5.293399107226881
    ],
    [
      4.460841722819513,
      3.8900102526886227,
      4.110221070695207,
      4.823640078766249,
      5.196881281332286
    ],
    [
      5.827131795486824,
      5.689645841109271,
      6.175212602460411,
      5.428868772015092,
      3.900728118382786
    ],
    [
      5.750430231675881,
      5.842715916936127,
      6.503944956388294,
      5.430855696126452,
      5.647510904513683
    ],
    [
      4.67826366581016,
      6.239570722584752,
      5.929870130065857,
      4.3567713721205905,
      4.549359969725894
    ],
    [
      6.356003602944,
      6.043329221009147,
      6.835080623219827,
      5.893449059356421,
      6.766037217770461
    ],
    [
      4.983833311518014,
      5.485371825851934,
      5.282204276477917,
      6.486864566969281,
      5.559453856145822
    ],
    [
      4.398701611995666,
      5.514296212368156,
      6.993853336758296,
      7.375835534433648,
      4.89092665261126
    ],
    [
      6.654718613218172,
      5.0268239450990295,
      3.921196336645896,
      5.55071227226622,
      4.442185973243967
    ],
    [
      5.209763512461426,
      3.774201243594007,
      6.2863955870054715,
      5.021338035671004,
      6.5098932358210835
    ],
    [
      3.881401063396428,
      6.99250610940945,
      5.551689270990816,
      5.698587615337448,
      3.967562605994621
    ],
    [
      6.769884259481711,
      5.520377230633186,
      5.611492204295984,
      4.409776493068795,
      6.2007718280601765
    ],
    [
      3.62408723498375,
      5.487568460044839,
      6.71091112438062,
      4.042805047873456,
      3.8839365880855237
    ],
    [
      6.366555175399992,
      5.5033254351253404,
      6.096559689563735,
      5.031425163924998,
      4.912129390471913
    ],
    [
      4.327609789937636,
      5.216070201172492,
      4.6469171435126775,
      6.456631228587534,
      4.847912038502081
    ],
    [
      4.363167265002537,
      5.341423155403516,
      6.763559639181609,
      3.0298027015417763,
      6.415125144256905
    ],
    [
      7.177911315406407,
      6.165344050957245,
      4.882246444829467,
      5.187484616999475,
      4.5256526577706815
    ],
    [
      5.7266835285721625,
      4.323058768655814,
      5.40339228512249,
      5.395349979798003,
      5.994279126899935
    ],
    [
      5.1008829574081105,
      4.2327775960791385,
      5.5444148084984,
      6.466784471884505,
      4.815216809766872
    ],
    [
      5.177706114383695,
      6.384625647820066,
      4.780464395301426,
      5.600266607807135,
      6.109942792926461
    ],
    [
      5.608563122603216,
      5.120587282524987,
      6.454986570639163,
      6.760969811320609,
      4.68828972140726
    ],
    [
      4.191593069038636,
      4.64702725640292,
      5.340549681049458,
      4.119766957441804,
      5.037847314994509
    ],
    [
      4.727286877296373,
      5.881083217306817,
      4.915857075272722,
      6.2996287591633395,
      5.992315180634875
    ],
    [
      4.318932414658326,
      5.056340330594312,
      4.450690802312663,
      4.8037638089564885,
      5.516923081345831
    ],
    [
      3.5856027931018506,
      6.064296954786767,
      6.277159208632068,
      5.312057511014821,
      5.561911761785279
    ],
    [
      5.800304075328676,
      6.55041331153283,
      6.367242949688405,
      4.864713684252004,
      4.683805715494074
    ],
    [
      4.964100508186327,
      6.068404349443563,
      5.7315242531716715,
      4.569006718553821,
      5.0973701127665345
    ],
    [
      4.780190562038415,
      4.780832995258415,
      5.0788164983243425,
      5.287077703242872,
      4.705634629134502
    ],
    [
      6.403978373088291,
      5.0839849373344626,
      3.7565352041786246,
      6.093232496503918,
      4.7785301679998256
    ],
    [
      3.8501632557042305,
      5.233865196516815,
      6.20361249134914,
      4.769419541128418,
      5.381156276278904
    ],
    [
      5.86194796719647,
      5.581685997179608,
      4.592492786246487,
      5.048854806049927,
      4.951515319469579
    ],
    [
      7.005653637276861,
      5.038907978423815,
      6.650763826704274,
      5.836903886362516,
      2.8120628117869164
    ],
    [
      4.951244843504928,
      5.921444665925554,
      4.781869878553221,
      3.9294232571551038,
      6.7561291139962005
    ],
    [
      4.772130083623918,
      2.508609310660384,
      6.295227507524328,
      5.455748527550082,
      4.602022178841963
    ],
    [
      4.757146300635519,
      5.251799594152584,
      5.619053951352747,
      5.444938883238017,
      4.726112081370627
    ],
    [
      4.365420635148201,
      3.7845171770768102,
      4.25649022499268,
      5.914730554454964,
      4.624368444352103
    ],
    [
      4.683164370841614,
      5.950307113560807,
      7.348672493796132,
      5.916755283213374,
      5.206760167671095
    ],
    [
      6.02310492496564,
      5.935876130939225,
      6.662804424147545,
      3.137753659936519,
      5.292700920936301
    ],
    [
      6.000044830858165,
      5.234595512928328,
      6.12539073998273,
      4.008984582777046,
      5.364982028429634
    ],
    [
      3.0885601306839434,
      4.994686380069796,
      7.086288642322244,
      7.560305284155871,
      5.808959381933287
    ],
    [
      5.213617801255896,
      4.983001972447149,
      5.33463588721975,
      7.7581453480558835,
      5.713900502291935
    ],
    [
      5.307254749181923,
      4.9237276533477505,
      6.697899035410704,
      6.283047726071409,
      5.376119080661651
    ],
    [
      4.743228848341086,
      6.223635922245266,
      3.1282266686299205,
      4.650605564182122,
      5.089750264640042
    ],
    [
      5.5510195384237235,
      5.036692441375762,
      5.149551880888483,
      5.787346815584081,
      8.304874263496375
    ],
    [
      6.359229644663817,
      4.443669498201775,
      6.1225152028408685,
      5.710442818510532,
      6.403494923027852
    ],
    [
      3.996719879398103,
      5.6190360089585205,
      4.27057719274482,
      6.664996569334054,
      4.63013605420146
    ],
    [
      6.324439871879204,
      4.974410399448252,
      4.434935667622386,
      4.603323456542445,
      4.353755406286126
    ],
    [
      5.718140673660301,
      6.094004214223613,
      5.398277229797741,
      4.613860263880903,
      4.2864096459120455
    ]
  ],
  "id": 1,
  "df": 5
}