{
  "mu": [
    4.799092585181378,
    6.253942716860566,
    4.211328244192513,
    4.2665529067348125,
    7.414035826304866
  ],
  "x": [
    [
      5.06333525285186,
      4.946723388038615,
      3.4722682742473068,
      4.870353701797116,
      6.335009946136001
    ],
    [
      4.269492661300817,
      5.73510260259692,
      4.9108806265901315,
      3.411906690732093,
      6.356507070120825
    ],
    [
      5.838731366619947,
      6.696430366242843,
      5.652684850416029,
      3.33936455019881,
      8.040890043000998
    ],
    [
      5.4879316459638785,
      5.299942972225258,
      5.474615376640567,
      3.6819838089512604,
      8.225101676094356
    ],
    [
      2.736744019486054,
      6.447519584077619,
      4.54138987077069,
      4.079600632510746,
      10.369784432905066
    ],
    [
      3.9702406352624493,
      7.162622250325988,
      3.332978624883206,
      4.355271946857201,
      5.736789919509932
    ],
    [
      4.747848101631965,
      5.126017401474127,
      3.243956790771622,
      4.812158097218318,
      7.185940338500278
    ],
    [
      5.4166275893166205,
      7.274226507360125,
      2.302268602861167,
      4.42968572499608,
      8.008744865281749
    ],
    [
      5.792956828215237,
      6.2416721795552705,
      5.049856110814088,
      6.23778639283187,
      6.424990588359982
    ],
    [
      3.0311271898342023,
      7.006296075965747,
      3.957152685396962,
      4.146768687936059,
      6.713535376745075
    ],
    [
      4.6558256643306635,
      6.0462519059295925,
      5.9002783707283175,
      3.3453403134432222,
      7.398940216834882
    ],
    [
      5.798645468094764,
      6.568892851097368,
      5.023450968839415,
      4.571432125302682,
      8.66771241251278
    ],
    [
      4.667277068067961,
      5.198288456935804,
      4.467535101722753,
      5.51443794397768,
      6.664835641924462
    ],
    [
      6.503445592026506,
      7.882771783007886,
      1.8552845335871968,
      4.3344340403816,
      7.331123625276033
    ],
    [
      5.083847599086945,
      6.508381285396416,
      4.490822045861123,
      2.499073402409163,
      7.920154645110419
    ],
    [
      3.8838263863593725,
      6.234285072286148,
      4.612772326437655,
      2.8626660854358796,
      6.70772308754372
    ],
    [
      4.078097878266306,
      6.513127483061222,
      4.203174993084501,
      4.686644434259113,
      7.504501170274043
    ],
    [
      4.3521709335048895,
      5.170368011334926,
      6.268057585149383,
      5.372659645514092,
      6.545643601956142
    ],
    [
      4.886671886518124,
      7.899589146776131,
      3.5286392652831085,
      3.350560422771159,
      8.53688948333594
    ],
    [
      4.901404017422502,
      5.9493975941526775,
      3.991552203515812,
      4.725043521277889,
      10.4086347713562
    ],
    [
      5.091351217020033,
      5.45565878359165,
      4.3804913749342775,
      5.319036521879194,
      5.7617430820679605
    ],
    [
      3.9009301988293146,
      4.928858797776364,
      4.492615085514966,
      4.779617459091143,
      8.041896251780788
    ],
    [
      4.8177482768219395,
      5.208524698145476,
      4.361991567947179,
      3.456877673823242,
      7.4955537272574455
    ],
    [
      3.5425763342727983,
      6.679309288393157,
      5.414119213150742,
      3.8963017483022306,
      8.609877694595173
    ],
    [
      4.415673812036942,
      6.564948165064749,
      4.017935423806311,
      4.4070085536751975,
      8.071666954955178
    ],
    [
      4.854827114467448,
      5.358354237293039,
      2.826027106552009,
      4.059314597644821,
      8.842133164203082
    ],
    [
      5.518053145983289,
      7.377591350238175,
      5.093600489226231,
      4.131163948562116,
      7.147970818706872
    ],
    [
      4.801340898206577,
      6.25839827538816,
      4.643672052353528,
      4.764887775104737,
      6.398084963867754
    ],
    [
      6.00347653829885,
      8.202286199394127,
      6.072903460014735,
      3.452047350482072,
      6.844713213587433
    ],
    [
      5.085116869605285,
      6.4175373839413865,
      3.2197726799234716,
      4.415034450806059,
      5.737114570537819
    ],
    [
      5.74063431894645,
      6.827031012065417,
      4.933206016872699,
      4.912169279579286,
      8.468039087114617
    ],
    [
      5.580441242201312,
      6.662228914849481,
      3.59132587873631,
      6.078170086228772,
      8.973296665144833
    ],
    [
      4.180162797200616,
      6.578784895991004,
      3.783856804346901,
      5.973144400310089,
      7.00440278995915
    ],
    [
      5.094383757041364,
      6.102832061410999,
      2.40444242588877,
      4.265782234187251,
      9.006043156196581
    ],
    [
      3.7084367803141536,
      4.369741931191515,
      3.562932190370848,
      4.2696655251332585,
      7.41791776091387
    ],
    [
      4.251064433610111,
      5.951292264703242,
      3.971617567274867,
      4.881923269123634,
      6.492114578717764
    ],
    [
      5.196347963293535,
      5.620668973821299,
      3.848810678549333,
      3.7087566307190616,
      7.446734700365597
    ],
    [
      5.390280901913657,
      7.920998384093189,
      4.855194225184378,
      2.513911278453394,
      6.626285579726806
    ],
    [
      4.651801186633516,
      5.6407975948253375,
      3.553398742225617,
      3.924644820779362,
      7.9155031463354995
    ],
    [
      6.172503191739644,
      7.645066241070471,
      2.927685662803021,
      4.516249558158108,
      6.765963150935001
    ],
    [
      3.9043068548723783,
      6.090224913097185,
      3.8542563520839948,
      5.1700486424260825,
      8.343098524474115
    ],
    [
      3.626702510053987,
      7.465975082360948,
      4.434348851469597,
      4.433146210803576,
      6.957256984830958
    ],
    [
      4.214357760348842,
      3.7893294756423006,
      3.4267870639739813,
      5.299838069058731,
      8.665340089232558
    ],
    [
      5.3596061764839025,
      7.348519149811886,
      2.71499208778686,
      5.203046230707582,
      8.087036185160153
    ],
    [
      6.934855108728653,
      5.992741921256259,
      4.687448043235804,
      5.374079503738763,
      6.237479722923585
    ],
    [
      5.151379545263139,
      6.939385347574743,
      5.197743643237975,
      3.635624582784692,
      6.516752221902591
    ],
    [
      5.083422367436147,
      7.0646125728659035,
      5.5862595656374054,
      3.314572776211021,
      7.456568593186415
    ],
    [
      4.552071400034922,
      6.359511682404568,
      3.1457237363361,
      4.097070529459652,
      7.924393307012929
    ],
    [
      6.771591628158026,
      6.1209244494802055,
      4.541774548495813,
      4.171021147902388,
      7.698247702130415
    ],
    [
      3.9763591591876644,
      6.7967061114208365,
      5.6625004952306774,
      3.893223808243336,
      7.082585616895112
    ]
  ],
  "id": 49,
  "df": 5
}