{
  "mu": [
    5.381404814010731,
    4.469613542630749,
    5.88527518589717,
    3.2660112294910775,
    4.9137136086004665
  ],
  "x": [
    [
      5.42550852618837,
      4.660835982464456,
      5.568240756661358,
      2.84633958879596,
      4.636116147872917
    ],
    [
      5.037300118731036,
      4.374192737375827,
      6.06990406628565,
      3.3397144663911873,
      3.543855551016919
    ],
    [
      5.285314518700499,
      3.801478744752309,
      6.590835419065746,
      5.123847180357391,
      5.122675803021824
    ],
    [
      4.704983070765945,
      3.6601161727311857,
      6.763748902001889,
      2.911515168276261,
      6.327498982884823
    ],
    [
      3.1684236462456803,
      5.659590833838684,
      6.573992234467363,
      4.660647595533114,
      4.522249757818766
    ],
    [
      5.804379549755595,
      4.197642161513557,
      4.956316805721148,
      2.891542254627572,
      4.488992590894125
    ],
    [
      3.8747838151019347,
      3.3352359727317538,
      5.0719992697712,
      1.6807366156490302,
      5.663870876227459
    ],
    [
      2.9097350147705123,
      4.7638484508256145,
      3.706231517499094,
      4.005548700279501,
      5.870222862878952
    ],
    [
      5.744213306795995,
      5.099436246139337,
      4.444035376986548,
      3.689613856785996,
      6.384571800438399
    ],
    [
      3.5587845900058253,
      6.230485930606594,
      5.764522478594145,
      2.2979378346866497,
      5.062406017967628
    ],
    [
      4.475168000243943,
      5.687252233941007,
      6.570537863780259,
      2.714541921810447,
      3.974223735306713
    ],
    [
      3.9691523490434664,
      4.160475506491458,
      5.953369306418927,
      3.1859186235204286,
      4.344576053917009
    ],
    [
      4.404956903656705,
      3.6583053385944595,
      6.524294491949187,
      2.02360615701052,
      4.7306399664940315
    ],
    [
      5.365027187870164,
      3.2529193630111464,
      5.813974447692376,
      2.936709923509669,
      6.305483624156764
    ],
    [
      6.866586609568844,
      4.683931392605858,
      6.711776149137225,
      3.1687621482361674,
      5.57294375534879
    ],
    [
      5.313365691056049,
      7.599624252154649,
      7.78688681714839,
      3.302613913694223,
      4.182275759996282
    ],
    [
      6.361320366268864,
      3.934203488470636,
      5.974938351653368,
      3.316330231587385,
      4.2800485442741145
    ],
    [
      3.801697198973707,
      4.67316404616427,
      4.269765012012579,
      3.961262195165986,
      5.274252826252886
    ],
    [
      4.869664190757878,
      4.3624738681793644,
      6.363668018453794,
      3.0803465939747685,
      5.090829470376786
    ],
    [
      3.366510101302901,
      4.228411299142761,
      5.257903532907574,
      2.3694362184178996,
      4.816537893334511
    ],
    [
      6.289015826140485,
      4.067587543186725,
      5.053276981105675,
      3.0754977569683106,
      5.098935388475002
    ],
    [
      6.089090675867931,
      5.555422837820779,
      5.005527021028729,
      3.836917321820181,
      5.837310334818184
    ],
    [
      5.03445413477005,
      3.658200509978996,
      4.358604339201808,
      2.616322814288133,
      5.234824240285531
    ],
    [
      5.3144310512774755,
      4.033756744798267,
      6.855557029445269,
      0.9658335673996064,
      4.8099273466971875
    ],
    [
      5.888886278033765,
      3.091744920416855,
      5.595627049233888,
      3.216676427874063,
      4.733891523243635
    ],
    [
      6.386243622346362,
      4.970450821572412,
      7.183841338564862,
      1.6996505345734643,
      4.7084616266235955
    ],
    [
      8.296917635836339,
      3.648151136835766,
      6.744947831273614,
      3.7650629344118633,
      5.444394011187526
    ],
    [
      6.117363305538079,
      5.381941662781227,
      6.795916187916071,
      3.6182111916538764,
      4.69502590120248
    ],
    [
      4.16281054270101,
      4.634712148080411,
      6.127361423472969,
      4.363928557504872,
      5.0748813362400185
    ],
    [
      3.8137832230684765,
      3.428384907101726,
      7.102565927112993,
      4.14332433773208,
      3.291335919221601
    ],
    [
      6.953391930489677,
      5.248018420309658,
      9.301907814428379,
      3.945210940923188,
      4.604253802357526
    ],
    [
      5.440398864423,
      3.9254140836772957,
      6.124003371518408,
      2.208055430129094,
      4.148444031503976
    ],
    [
      4.606634284434007,
      2.4533503098084153,
      4.65486687307768,
      4.961835279072748,
      5.082640859786028
    ],
    [
      3.8856006374888388,
      4.515427750479256,
      6.870353144721963,
      4.1130343888860335,
      6.2285860317929815
    ],
    [
      3.816398120610226,
      4.7454615183503135,
      7.3220909902828435,
      1.9841742064242713,
      4.5465434020896325
    ],
    [
      5.651428583153278,
      3.3129065767887544,
      6.634904984361626,
      2.604707058772887,
      4.697609177542127
    ],
    [
      5.607248382413766,
      5.46778729958519,
      6.9064307068856925,
      4.9907641636969355,
      4.399961367943907
    ],
    [
      5.608509373228702,
      5.06637380673634,
      5.560444691433029,
      2.5220772506033295,
      4.784329872218075
    ],
    [
      3.865043261505289,
      6.315077851301549,
      4.568077645466732,
      5.014939603744873,
      4.682597832939268
    ],
    [
      6.52577179708695,
      4.245473652706629,
      4.952339520837595,
      4.668784380706022,
      4.690540202402728
    ],
    [
      6.347706542047646,
      3.4047528986168905,
      5.343477804578153,
      2.359419647562734,
      3.2086057624214948
    ],
    [
      4.404871224888426,
      4.678336716258226,
      6.613585816385325,
      2.690756229272996,
      5.8410422437520895
    ],
    [
      5.281607057870007,
      2.810810482581882,
      6.5332215715236055,
      4.900015095756043,
      4.815164617152092
    ],
    [
      4.191672763969576,
      4.219032578380791,
      8.003979469462777,
      5.096345132198151,
      4.945279460115264
    ],
    [
      5.559503456302734,
      3.6470297883913774,
      4.876699583166862,
      3.8837559687667835,
      6.0195297552322895
    ],
    [
      7.054229358071959,
      4.858846710448875,
      6.486183477598264,
      2.3760930794998854,
      4.238020703530468
    ],
    [
      4.953193211862456,
      6.388440521767588,
      8.118827806897338,
      4.2514027213421555,
      3.226911124591486
    ],
    [
      5.662457496729236,
      4.703042061455676,
      4.967276054710665,
      2.89604360341143,
      4.514911711227895
    ],
    [
      7.373259321174805,
      4.123443057708704,
      6.338670230910077,
      2.70910814743019,
      6.356272681733823
    ],
    [
      3.1515428381208337,
      4.080760535646911,
      4.8030295901324065,
      2.2247725223844292,
      5.939342963433666
    ]
  ],
  "id": 13,
  "df": 5
}