{
  "mu": [
    5.772604334486971,
    4.784991179059245,
    5.504165128327638,
    3.6636946580481604,
    3.201850715180923
  ],
  "x": [
    [
      3.8389308250229828,
      5.085234237238566,
      6.148247268185194,
      3.7376415545037363,
      3.4897119393188625
    ],
    [
      6.10047397352112,
      2.8236183489551125,
      6.142310734561928,
      3.2014705288907876,
      3.252841143571914
    ],
    [
      3.5004437986135044,
      5.705243919691169,
      6.506801748426558,
      5.331170878629154,
      1.5074707565228462
    ],
    [
      4.539144533546795,
      4.097534345000882,
      5.891875498834539,
      2.1551669829839897,
      2.0227087290619266
    ],
    [
      6.582514770515691,
      4.729505510259331,
      7.1461397369566075,
      2.3154657996058257,
      2.786018592115081
    ],
    [
      5.141416116783377,
      3.654562307034249,
      7.74944516042496,
      2.67308715215224,
      3.113127545301391
    ],
    [
      4.208135283274633,
      3.400835751218548,
      3.910999624136268,
      4.73026040616379,
      2.8860138456065174
    ],
    [
      4.925847984829118,
      5.069587012516281,
      5.9088593484312195,
      3.4949129090194435,
      2.9856441922395796
    ],
    [
      4.988327849480642,
      5.832890180880599,
      5.352663732031142,
      3.3104692248698724,
      3.8562970729997508
    ],
    [
      6.219804323674699,
      4.850628082555017,
      4.040280390555791,
      2.788076808159823,
      4.75015190242264
    ],
    [
      7.102724462590128,
      4.553897539008527,
      6.80812453626368,
      4.480908098114889,
      3.6485842680698326
    ],
    [
      5.257600110785406,
      3.0625075341822012,
      5.41651878311719,
      3.504117699440269,
      3.7959464914775287
    ],
    [
      6.401933303936296,
      4.062756883072532,
      5.265155436353519,
      3.505538936011912,
      4.079317732055911
    ],
    [
      8.22319382078388,
      4.4966328393458825,
      5.214924864620446,
      5.2601230614568815,
      2.97518553188142
    ],
    [
      6.675117655114565,
      5.764338577726656,
      5.507496011973924,
      3.1726223446183104,
      1.660016713055045
    ],
    [
      7.526923894920586,
      4.369663141348175,
      7.019261568268895,
      4.423464802678053,
      3.653750354871561
    ],
    [
      6.3849548947914165,
      4.51704549829726,
      6.531119480429706,
      2.9514684365549155,
      2.3604511672560253
    ],
    [
      6.462174752590495,
      3.7046594231484455,
      7.848605786983779,
      2.4793274558638387,
      5.734871748817015
    ],
    [
      7.10243542059941,
      4.676430546332272,
      4.72663307995552,
      3.9507014576730852,
      1.8073242759055903
    ],
    [
      6.375171018321756,
      4.758772227501455,
      4.562427098665107,
      3.757640567472774,
      2.9980118152358974
    ],
    [
      7.045732955240505,
      4.605466815478946,
      6.221246972384086,
      3.6693637331676214,
      3.0402855219452847
    ],
    [
      5.497075530951392,
      5.199556255077659,
      5.23730866568351,
      3.6644402640045968,
      4.391806692496847
    ],
    [
      6.559145372700194,
      5.264406208482899,
      5.726367729292168,
      3.3983717328975307,
      2.5536519748835653
    ],
    [
      6.554639681808755,
      4.082779737487415,
      6.065872051571025,
      4.318451302382821,
      3.589739453731127
    ],
    [
      4.21235790813728,
      4.875113072120903,
      4.755820703493778,
      3.8144753020758086,
      2.700395603996644
    ],
    [
      6.233710878034904,
      6.071088898019821,
      5.533130897756584,
      3.6325448791950694,
      4.166150575302354
    ],
    [
      7.111191932688404,
      5.851582409537135,
      6.338752689324848,
      1.6606082209442339,
      1.8477173641174864
    ],
    [
      5.053399619786903,
      5.2995307775523095,
      6.028186704618649,
      2.0261131420029326,
      4.333248200168503
    ],
    [
      5.565982218453791,
      5.437597308705259,
      5.328058229688383,
      3.667956914642554,
      1.2252398371137458
    ],
    [
      6.023984442880613,
      4.92322035887927,
      5.356099444941045,
      4.302759167340511,
      4.501102111008846
    ],
    [
      4.614705963964156,
      4.551454096115582,
      4.341098475937119,
      3.576802976601058,
      3.462367775080263
    ],
    [
      6.083630485718413,
      4.930825440317328,
      4.8168205155133,
      2.4579190746197224,
      5.058245748726089
    ],
    [
      5.530282660765266,
      3.033300574926535,
      6.922801584635402,
      3.649145351170987,
      2.650721512619613
    ],
    [
      5.997605621227999,
      4.573679565395489,
      4.698233087361533,
      4.38454387001297,
      4.994189352945803
    ],
    [
      5.481537920545092,
      5.321259700884985,
      3.79071255009433,
      4.017971569731955,
      2.831085388692799
    ],
    [
      5.123500264021149,
      3.729094707418546,
      5.30210363765052,
      3.5940400135806505,
      3.378591486349894
    ],
    [
      6.29789962155257,
      3.359841455290879,
      6.179309162094998,
      3.139222404991849,
      3.415250795397569
    ],
    [
      6.089813659492526,
      2.5548530200784536,
      4.549057708592395,
      4.3512582975642715,
      2.735734457253531
    ],
    [
      6.963180785423572,
      5.2435294433841335,
      5.506334458656804,
      2.2739985743383935,
      0.9307573019626054
    ],
    [
      5.566674394892334,
      4.466628292211083,
      6.362140026586881,
      4.362720960397203,
      2.6660278440483243
    ],
    [
      4.5186288768009835,
      4.019166173883713,
      7.062924526616033,
      2.27533152488008,
      0.8644746155919059
    ],
    [
      4.868929456056834,
      5.436630717157595,
      5.447684527625573,
      4.4149561173881535,
      3.4171083642444096
    ],
    [
      6.610093417111473,
      3.953998531962079,
      4.362127028133445,
      4.515809429916129,
      3.3577894423295214
    ],
    [
      7.00116238747996,
      4.692018761727819,
      4.152747437516024,
      3.351433068240089,
      1.1523809124909312
    ],
    [
      5.675113490804969,
      2.1405176229561738,
      6.343724455496913,
      4.345872964790349,
      3.2796409505742865
    ],
    [
      5.251118384852003,
      3.914393478397539,
      5.517091017538173,
      2.4170498132332985,
      1.5982642475735198
    ],
    [
      5.204165258652155,
      4.252573128336534,
      6.028562190323033,
      2.635611183997383,
      4.722851818946946
    ],
    [
      5.6608374900529075,
      3.389916290453296,
      5.1892425275387435,
      4.229373815411774,
      3.550144753212865
    ],
    [
      6.0975944987673865,
      4.821535471253083,
      4.103845542711543,
      4.051177993969771,
      2.0178293025051435
    ],
    [
      6.795388146097272,
      3.6884979094936505,
      3.1139915239919502,
      3.9256256000768124,
      1.8001456282839927
    ]
  ],
  "id": 19,
  "df": 5
}