{
  "mu": [
    4.5132871457875305,
    4.620793133514008,
    5.664827703878983,
    4.665127635257122,
    4.643360785551959
  ],
  "x": [
    [
      4.006368381618491,
      5.165852173292391,
      4.7439148558817905,
      3.301739987201417,
      5.743948389942686
    ],
    [
      3.275595082998612,
      6.282423660099356,
      6.707385488762586,
      4.802875965426378,
      3.482116243206331
    ],
    [
      4.546083802492519,
      5.772288930772654,
      5.415971658237532,
      4.196850129743124,
      3.9390227029901066
    ],
    [
      3.2864957903869874,
      3.9214137530139648,
      7.520657810460144,
      3.7921913940952208,
      6.361086082098101
    ],
    [
      3.453374685846695,
      5.740740315614505,
      5.224360861463865,
      3.7302777137459704,
      5.9614852938949126
    ],
    [
      3.6405470416941723,
      5.602482657641385,
      5.8390031621884315,
      3.6198322813478434,
      3.4738208918000684
    ],
    [
      5.425488136035175,
      3.6565911927407764,
      6.461537256742512,
      3.9321296729463864,
      4.669455422100113
    ],
    [
      4.175116031579819,
      4.963952008577145,
      6.0049499183039625,
      4.687087938268292,
      3.7022547908974968
    ],
    [
      4.837405697185313,
      4.257875465990656,
      5.487209406947038,
      4.169016286085313,
      5.222581023993137
    ],
    [
      4.858161611886559,
      4.6470967724083145,
      4.6349738044211035,
      5.852916206053447,
      4.494231441470081
    ],
    [
      4.258933165292296,
      4.929759530924694,
      6.442364344004924,
      4.880805641493282,
      3.8957135693521443
    ],
    [
      4.512076917806991,
      4.782307641268705,
      5.695798320200719,
      6.170949591512628,
      3.661770544346027
    ],
    [
      5.306610466689908,
      4.086606642987082,
      5.833469200812882,
      3.108149675173668,
      5.0400079642058655
    ],
    [
      2.566787717073656,
      3.337133984855127,
      4.019228688483236,
      4.181167302150715,
      4.640426812175169
    ],
    [
      3.6122696821207656,
      3.154887584874002,
      5.847890071176352,
      5.269623955158393,
      4.687418466686921
    ],
    [
      4.05643394563156,
      3.931302137277081,
      5.931780846287736,
      5.082366171016786,
      5.630518798673595
    ],
    [
      4.377569783118054,
      4.671675707740926,
      5.774049406245686,
      2.264887077031615,
      5.206595356501743
    ],
    [
      5.945542944395883,
      5.499505835141686,
      5.641446525977744,
      3.832210337800821,
      5.01259087521166
    ],
    [
      4.274308013902624,
      2.7150578101706317,
      5.424489077317932,
      3.992088880397038,
      2.8338609825153407
    ],
    [
      5.7889481399383,
      6.641366755326297,
      5.434376112037995,
      5.025434560679305,
      4.631652712299841
    ],
    [
      3.9180654477962076,
      3.704291976146971,
      4.963612303298165,
      4.546595749889615,
      5.179236538473364
    ],
    [
      5.042069143334072,
      5.2347053734999545,
      5.973978086080842,
      4.961666913251181,
      2.794833796977512
    ],
    [
      2.8537304953066007,
      5.151654650091612,
      3.902967876074772,
      5.1959621234753,
      5.20079442560087
    ],
    [
      4.077589706364247,
      6.181411375774864,
      5.69474747384586,
      4.176006712282815,
      4.627452616785647
    ],
    [
      4.526341300228296,
      4.155341385673896,
      6.478222350830637,
      5.454259358848031,
      4.030156764311016
    ],
    [
      4.320867146645368,
      4.3395836552622225,
      6.6695977491070675,
      5.334840223078664,
      4.918765056157555
    ],
    [
      3.4164609117886133,
      4.851497622198785,
      6.63063427244524,
      6.346879838006923,
      5.401770350968824
    ],
    [
      5.7136950622933504,
      5.048649541360292,
      5.944850938594573,
      4.418234682210151,
      5.1455200509980505
    ],
    [
      3.6301894064662084,
      6.465347903812045,
      3.832389373779471,
      4.712279829881972,
      3.9930931266762872
    ],
    [
      4.496906186509803,
      3.0743995855291155,
      6.11333176499611,
      3.805228452140476,
      4.72352335453491
    ],
    [
      4.566657929766121,
      6.320027857923968,
      6.637001897234783,
      5.10486583598669,
      3.5999649168329984
    ],
    [
      5.065963811592655,
      4.018018461180367,
      3.9475981316798308,
      5.0237512338401995,
      3.584728570555132
    ],
    [
      4.466460071193554,
      5.881611782945126,
      4.924627609111289,
      5.130339308798938,
      3.7142171737741303
    ],
    [
      3.18691737692341,
      3.6774914954352953,
      4.85242544262716,
      5.296398065068708,
      4.853634723785494
    ],
    [
      4.512705917779989,
      5.369048935339225,
      7.050921994715033,
      4.0125820164254105,
      5.5680889791100485
    ],
    [
      6.362356177455942,
      4.830860018605343,
      5.787281346801237,
      3.3611071542234123,
      4.433540098016268
    ],
    [
      3.622698347237879,
      4.751206813062428,
      6.10416671796107,
      5.964656913915708,
      4.455741716413446
    ],
    [
      4.229379824218024,
      4.67475910066477,
      5.273361232160294,
      4.50526893742796,
      3.4208565094196253
    ],
    [
      6.056239107153408,
      3.4531289270752206,
      5.337041423591215,
      5.354940686194357,
      3.487223862259383
    ],
    [
      6.973983994566209,
      6.304332464894754,
      5.585747983905715,
      5.3955724735375785,
      3.6993788098316767
    ],
    [
      4.362708679463161,
      3.789246717689571,
      5.978565298193429,
      4.578384432395236,
      5.854212903465935
    ],
    [
      6.9589448487010745,
      5.28625067014122,
      6.326487406440964,
      3.145831546410813,
      5.736349470545292
    ],
    [
      6.03109568871138,
      5.028312510023764,
      6.747161504022991,
      3.5488818222227754,
      3.694675298913326
    ],
    [
      5.012741019986782,
      5.669752966457221,
      5.412360605743081,
      4.837604432518979,
      4.0435373668547046
    ],
    [
      3.3290598666512254,
      4.371867060243162,
      6.228541166434367,
      3.2972760540377535,
      3.482197930083612
    ],
    [
      3.594496190112365,
      4.5963560762343505,
      4.498598722231461,
      3.8227448430746707,
      4.947159808274155
    ],
    [
      4.719284280675666,
      6.367643653015998,
      4.872106995351726,
      3.311647546825993,
      4.003770676508209
    ],
    [
      4.558280313606058,
      3.6659006469870756,
      5.230588265009962,
      5.179717699464687,
      3.645358775404252
    ],
    [
      3.188611520363068,
      4.5382824201466105,
      5.474258063706347,
      4.030859386564843,
      3.124175929597425
    ],
    [
      3.632509239003049,
      5.052583456496896,
      6.0125611858194885,
      4.167543378604942,
      3.817600794684857
    ]
  ],
  "id": 29,
  "df": 5
}