{
  "mu": [
    4.683813385773562,
    5.229564938140543,
    4.249659377713279,
    4.109788423197234,
    5.047376185680019
  ],
  "x": [
    [
      3.823991772351177,
      3.976394618909664,
      3.8349277930852543,
      5.117329811355389,
      3.427713543913622
    ],
    [
      2.8095347825622716,
      4.534428963452283,
      5.671205552010482,
      5.808245479701849,
      5.245008863371507
    ],
    [
      4.646110861302996,
      5.7763560706116035,
      2.359170615128883,
      4.4216977666961155,
      4.298163165730163
    ],
    [
      3.556436087214226,
      5.948441776951604,
      3.5543514587875653,
      4.639364024099324,
      5.434670558157086
    ],
    [
      5.815210261205586,
      5.757371874058715,
      4.656628996160234,
      3.2228043696710187,
      6.279294387104394
    ],
    [
      4.941210464463154,
      4.532078019739229,
      4.596469343855873,
      5.699266701208654,
      3.3539296854234166
    ],
    [
      5.131553788528246,
      6.323370471707146,
      3.757390011829107,
      5.383778401605892,
      3.275719784020002
    ],
    [
      5.7942781569152375,
      5.268666777343247,
      4.646884309525009,
      3.7162245942150873,
      4.804121375156362
    ],
    [
      3.2051687991466027,
      3.5962197257351276,
      3.5482221122490296,
      3.426852334376291,
      3.35777822637562
    ],
    [
      4.349388400867958,
      6.400243234830939,
      4.678890998358992,
      5.206912953248202,
      6.5544812546646325
    ],
    [
      3.8559324007755587,
      5.550482340896773,
      3.085983051557056,
      3.836875650255092,
      4.302871299654048
    ],
    [
      4.631152719020934,
      4.226516162483857,
      5.836334540822224,
      2.295019420175352,
      5.3209481719567515
    ],
    [
      5.502438192468135,
      4.482701058579769,
      4.74260004900704,
      3.214824404496139,
      6.395301372593011
    ],
    [
      3.0466657265831607,
      4.094384013712121,
      2.356985845226175,
      3.2488617418201167,
      4.790743044788874
    ],
    [
      6.942656367688997,
      3.870117118933301,
      3.903702838684703,
      4.230799154004458,
      4.685181326525577
    ],
    [
      4.110737153646789,
      4.5142023309980495,
      2.1286309464870685,
      4.757197487835923,
      5.434735477652727
    ],
    [
      6.72706559763986,
      4.945030461564395,
      5.065875989792256,
      4.387670508061639,
      4.3929887325765025
    ],
    [
      5.782939468686863,
      5.354759806034824,
      4.493384855695382,
      3.727419434191596,
      5.392813768171579
    ],
    [
      4.672858460693659,
      5.4231751476633665,
      6.037497986149594,
      1.9077121492058056,
      3.978544926750225
    ],
    [
      5.083282789407239,
      4.9451338743135445,
      5.896954461470786,
      5.497303319003429,
      5.028506606552448
    ],
    [
      3.623500970620944,
      5.966256755284686,
      5.668056500275703,
      3.2055881801269797,
      5.251494456778683
    ],
    [
      4.768485078921172,
      5.79408175069357,
      2.5606317457559173,
      4.0172336245584805,
      4.676371787106603
    ],
    [
      5.735382667748333,
      4.984434221821592,
      4.695314848620515,
      4.650545256799306,
      2.8990503366430427
    ],
    [
      4.191873106729053,
      5.627144368560721,
      3.9464387213630716,
      4.534819672784716,
      4.1106947580166615
    ],
    [
      4.75982139126701,
      5.223520564511236,
      4.5745218625857795,
      3.5499831882544353,
      4.221946473525587
    ],
    [
      4.364132338415409,
      6.092386564302885,
      5.50647704584701,
      4.9037844957871,
      5.68105761607032
    ],
    [
      5.329221838470095,
      4.865865254984541,
      5.390327720940901,
      3.07403725435241,
      3.9672053155719564
    ],
    [
      5.012861359631025,
      5.705366138896394,
      6.560760585066855,
      5.586786444235939,
      5.109389151479959
    ],
    [
      3.0970519511778427,
      5.734639442734263,
      4.885996407933016,
      5.989726097212432,
      5.882426835092455
    ],
    [
      5.766304401025985,
      6.649149086156046,
      3.163786259043018,
      3.6431903460477666,
      7.8018074963680295
    ],
    [
      3.90479594999862,
      5.022577614979174,
      3.9892401627395753,
      2.7219883464999186,
      4.818129851957853
    ],
    [
      4.4179477433374625,
      6.339508967806211,
      3.5376192361914143,
      3.4368909150611104,
      5.4032441110584095
    ],
    [
      4.398239901341619,
      4.983181582216593,
      3.133322648120588,
      4.7551138937968656,
      4.545187041541029
    ],
    [
      4.891400108521608,
      4.966001444162213,
      4.357166456579378,
      3.8270299870596136,
      3.2235176054543
    ],
    [
      3.6048111483807213,
      2.778268488325287,
      3.7859620109158314,
      5.6632212817592205,
      4.849118145240814
    ],
    [
      4.075036807324119,
      6.036596848161584,
      4.918617359544695,
      3.322652357013611,
      3.3677901115751494
    ],
    [
      6.241713732621664,
      5.819516107572149,
      3.852954154689585,
      3.620900379476903,
      5.352012157289503
    ],
    [
      4.776751431960789,
      5.287215047574101,
      4.413623000231105,
      3.6190198112985175,
      4.437047901946956
    ],
    [
      3.526526638971767,
      4.9088841702797845,
      4.417679929415932,
      2.9235834688506896,
      5.588700838090912
    ],
    [
      6.13325130057337,
      5.66613829771921,
      4.8027861363177555,
      2.691631497008962,
      3.0272414687459084
    ],
    [
      3.9311412321205275,
      5.021688665329763,
      4.8938465193753835,
      3.8971623845382517,
      5.455161522315253
    ],
    [
      5.866350253308893,
      4.94787084916472,
      1.9600883266804696,
      5.860201297965743,
      4.400302894236383
    ],
    [
      5.578752250421716,
      4.6012305352859055,
      5.45623674864994,
      5.834551352887388,
      4.209095955317016
    ],
    [
      5.719481428870974,
      5.339733078827633,
      5.719283897329109,
      4.9822378495161646,
      5.439751134758214
    ],
    [
      4.455874539821188,
      5.710361932776383,
      3.851103649807571,
      4.88408645183879,
      5.044798970443172
    ],
    [
      4.373862165256499,
      4.2928791422175685,
      4.67617381853091,
      5.895881207585615,
      6.413270659260581
    ],
    [
      4.885738719658683,
      4.537436304347498,
      3.9433026618926306,
      2.7784333192137813,
      5.525164261021662
    ],
    [
      6.044178714854637,
      6.12388387769346,
      1.6456091740933312,
      4.633698375256155,
      5.670523991821405
    ],
    [
      4.81511669511228,
      5.27788238831989,
      4.171221956495039,
      3.4576959011555473,
      3.892561644548692
    ],
    [
      6.6005189103419335,
      5.4369098807695835,
      4.216650707488008,
      4.987472167944788,
      4.865142452810994
    ]
  ],
  "id": 38,
  "df": 5
}