{
  "mu": [
    5.27998861245715,
    4.65450898745399,
    5.005499080941103,
    5.769799387740488,
    2.6147139788193683
  ],
  "x": [
    [
      6.090922983227439,
      3.3183438069546343,
      5.625655439962863,
      5.745357668881614,
      0.5291975606513071
    ],
    [
      5.1625430979045674,
      3.2519743962069834,
      4.480474241251975,
      6.857110495379303,
      1.7679013508388082
    ],
    [
      4.661246817623698,
      4.770576906297294,
      4.975924730859286,
      6.009003774119363,
      3.7376220406895477
    ],
    [
      5.015512841878701,
      3.6143217811921433,
      2.9469756193745593,
      6.221785261432944,
      3.1095206248304414
    ],
    [
      5.296077418251422,
      5.155840374782721,
      5.8477833810627695,
      5.791733809556645,
      0.6493249943781978
    ],
    [
      5.762047387118826,
      5.326384734572885,
      5.277591384142297,
      5.651255631588492,
      1.9389656384912912
    ],
    [
      4.118783202472135,
      5.911408678964178,
      2.8432816249036827,
      6.867197167034527,
      2.943446775946328
    ],
    [
      5.744699353430037,
      4.920587734761102,
      4.237114600107485,
      5.823138170915883,
      3.4475290106092955
    ],
    [
      5.362074626607061,
      5.980048630942793,
      5.652388983610651,
      5.745551846292902,
      0.6079974421026204
    ],
    [
      6.153963447812277,
      3.700009225692579,
      3.671586400143775,
      6.888743842770751,
      0.8039655332010929
    ],
    [
      4.60613058196378,
      4.9183780786294085,
      4.473976162617116,
      7.044347064079098,
      3.4331144289807547
    ],
    [
      5.076385111587972,
      5.4495025936612835,
      6.467286966109046,
      7.3868088862765235,
      2.0229968087071466
    ],
    [
      4.003122562716341,
      6.345118816296234,
      3.4265681348294894,
      5.640897878106788,
      1.4644407729179232
    ],
    [
      5.069644676406046,
      2.146557867943185,
      4.813525091955983,
      6.622191407463781,
      2.009554694002623
    ],
    [
      7.42041931904509,
      5.593727138243529,
      3.672068028139808,
      6.688452923545424,
      5.520473901833552
    ],
    [
      4.786413001812492,
      2.498282971338878,
      5.272163754200435,
      3.1558843715236993,
      3.243079885276831
    ],
    [
      6.349403846604545,
      4.831882864175889,
      4.556058161674505,
      5.424445091255859,
      3.0061026768890144
    ],
    [
      5.3223405062386755,
      4.826613072762178,
      4.068039452564717,
      5.428682029066001,
      2.798203227485758
    ],
    [
      4.634859036070621,
      4.877519607126214,
      5.054360306207821,
      6.137691444063148,
      3.4186608545664585
    ],
    [
      3.8023717197549614,
      5.677495386045102,
      4.57660294920978,
      6.406571831150002,
      0.6535888557046399
    ],
    [
      6.696882740739033,
      3.4912409536434,
      4.425731696237895,
      5.104282584635051,
      2.972071072600704
    ],
    [
      4.935010390841963,
      4.23077259197858,
      4.080933333647898,
      6.641046606904683,
      2.1374396497405432
    ],
    [
      5.5878260171769245,
      2.897811111566889,
      4.344076493452274,
      6.676273168048966,
      3.0020306154399488
    ],
    [
      5.883415408799989,
      3.936345472261663,
      4.942861198218945,
      5.667536336353363,
      3.6153215368114493
    ],
    [
      5.187869878702754,
      5.871976563147479,
      4.731277408710653,
      6.4570170014324315,
      2.9612569603133956
    ],
    [
      5.889963974428035,
      4.387450407752432,
      4.200334905352998,
      5.591759889896801,
      3.5235591734046166
    ],
    [
      4.43667952859613,
      5.603039827337352,
      4.786234650176409,
      6.5105863333522365,
      3.5475559019680927
    ],
    [
      3.1231458832927825,
      4.942369807033238,
      3.8737109454087184,
      5.935007304805554,
      3.3776150956419313
    ],
    [
      4.841431247985538,
      4.4949503820138785,
      4.293069412928455,
      6.946453078779963,
      2.4387429973140167
    ],
    [
      5.410742835688969,
      5.14134758275642,
      4.191228924647952,
      6.416374613367803,
      1.2569587273147316
    ],
    [
      4.571513878989361,
      3.7125122653274056,
      6.320033617177181,
      6.236669864123454,
      2.4708776202639253
    ],
    [
      5.791768236230082,
      5.018815221761495,
      4.995385686513491,
      7.569285925598108,
      0.7361855416767071
    ],
    [
      4.484681055125966,
      4.983629626551938,
      3.937998919980648,
      6.842801542935867,
      3.500276207574112
    ],
    [
      4.759154032854456,
      3.9107535292584377,
      4.162913704389924,
      5.775170327782478,
      3.16756371438206
    ],
    [
      5.352303491768852,
      4.723685671563913,
      6.961544077115403,
      5.454883984016593,
      2.068732618576131
    ],
    [
      6.05404894521792,
      4.888240718630683,
      3.3026225468245247,
      5.6083996076575255,
      4.398017509143736
    ],
    [
      5.666246915485411,
      3.6907184838706675,
      2.3548451511774227,
      6.180415097469564,
      2.475211844089791
    ],
    [
      5.808070482434564,
      3.9376650921098033,
      3.2813030603331894,
      4.415462288051332,
      2.217149794242116
    ],
    [
      5.496830465328196,
      4.581578147941512,
      4.928967604127072,
      5.824888295082902,
      4.349468227585603
    ],
    [
      5.058011569043172,
      6.03940353334692,
      4.100992242099342,
      6.177193078686935,
      1.832479329287993
    ],
    [
      4.637448125988468,
      4.388057645784533,
      3.9571425984494235,
      6.428108231688485,
      1.9214891230080888
    ],
    [
      6.179767807994786,
      4.38709216239004,
      4.296677577079783,
      6.515702988372174,
      1.8926528921379697
    ],
    [
      5.422337389825299,
      5.269908177313006,
      5.620497783440706,
      5.692688342251348,
      0.9486572621380485
    ],
    [
      6.132959348378576,
      4.037537630926002,
      5.511996538697529,
      6.26341420488024,
      1.3723988179681037
    ],
    [
      6.723172455772626,
      4.815309840952176,
      3.660401714775353,
      5.75904594127822,
      2.4708506724553403
    ],
    [
      5.0682058249469435,
      4.253855931003028,
      6.513369555622181,
      6.765307995860396,
      4.2457433593241865
    ],
    [
      4.603056703066725,
      7.685966219007781,
      4.19303936163026,
      5.914855435007917,
      4.183981757477905
    ],
    [
      5.073179883570084,
      6.765542882551772,
      4.980437208359323,
      6.241800909081173,
      0.6979991125824374
    ],
    [
      4.71195097459597,
      5.130204278081461,
      4.752457733899778,
      5.750159611821036,
      1.6590656371951193
    ],
    [
      5.7453840448163955,
      4.426578364812227,
      4.21083204291071,
      7.126342522851857,
      2.637066188149985
    ]
  ],
  "id": 27,
  "df": 5
}