{
  "mu": [
    5.163174890129055,
    5.833941700498217,
    4.387415025497309,
    2.466363047868887,
    6.969359250007947
  ],
  "x": [
    [
      6.192677379797936,
      6.295128065422016,
      4.07770407389008,
      2.3376223325631966,
      6.745279178306403
    ],
    [
      4.966822519254825,
      5.724873506631107,
      2.765009944119959,
      3.8767121002823286,
      8.295866348355393
    ],
    [
      6.317918660904176,
      4.978934344933889,
      3.6755994528429032,
      1.8421008163010768,
      6.294330750090564
    ],
    [
      5.1109953263964565,
      3.9855880762058975,
      4.62257838107291,
      2.325673407410735,
      5.477112308323101
    ],
    [
      6.211134599484936,
      5.028473823138512,
      4.015066494067715,
      2.233350907204762,
      6.631631096263806
    ],
    [
      4.614625647023558,
      6.104879110917997,
      3.662301616316385,
      3.7966229792259933,
      6.187906735867384
    ],
    [
      2.453564980685027,
      5.308631467021508,
      4.733285846294503,
      4.37510918003642,
      6.3301371457584725
    ],
    [
      6.3470960091349,
      5.332564114769491,
      4.817553839017601,
      2.893199382616622,
      7.355374834270221
    ],
    [
      3.489855576637699,
      6.076992122878364,
      4.524276766317979,
      3.696714364643517,
      6.004263190266129
    ],
    [
      4.825226502790642,
      4.05192770865429,
      2.2827778207908316,
      2.0792458099040916,
      7.131131482313004
    ],
    [
      6.138289781438637,
      6.799951396349918,
      5.484500024213721,
      4.175918777987233,
      6.483876982526032
    ],
    [
      5.1842386963133045,
      5.436797282056445,
      4.31505591977726,
      1.955022314165468,
      6.642067547523224
    ],
    [
      5.90516982031896,
      8.411371961242331,
      4.492873502672852,
      1.9836757568157666,
      6.414745853342475
    ],
    [
      4.107566442487348,
      4.380772166357815,
      4.387652845351313,
      3.0134574655648407,
      6.453383628929758
    ],
    [
      3.486968996208156,
      5.392008409551814,
      3.8861166470112174,
      2.8870444165506575,
      6.914669081071686
    ],
    [
      5.892740109082146,
      6.5716725923416694,
      4.205561894581631,
      2.935787730756104,
      7.355480422038024
    ],
    [
      3.550872772242827,
      7.998522032778098,
      5.273442649283087,
      1.557590060491045,
      6.956759544943095
    ],
    [
      4.6220136675027526,
      5.816636075152725,
      6.151000866163053,
      1.2529991822518072,
      8.130552389194566
    ],
    [
      4.807426950915008,
      4.911134287298015,
      4.619803852429981,
      1.6089200695189887,
      6.974002437259779
    ],
    [
      5.1475805514807655,
      6.1772779858791,
      4.8986759887781695,
      3.393725815631492,
      7.115154220487658
    ],
    [
      5.729353676750131,
      5.587300550283972,
      4.988033331638183,
      3.0494007236022864,
      7.037523626433363
    ],
    [
      5.142328599094211,
      5.387791819604679,
      4.012824637781955,
      3.1190599799776093,
      8.929784141911275
    ],
    [
      5.999321319422849,
      8.098804947678031,
      5.243881628662723,
      3.6529792512140586,
      6.109371739835516
    ],
    [
      4.988176390312847,
      5.393252324022402,
      4.383916326498521,
      3.0449560805009237,
      6.190927548787361
    ],
    [
      4.5692047737335475,
      5.016762422615861,
      3.799282328315999,
      3.0618819744466825,
      5.161263062031234
    ],
    [
      5.275749309297337,
      4.582196285884829,
      4.530299402783651,
      0.9152513732756566,
      6.1961744893714314
    ],
    [
      4.5559561593047775,
      8.32146824126945,
      2.3808414890025653,
      2.1540724417516413,
      4.15060294406374
    ],
    [
      6.081496177383699,
      8.130740016620285,
      3.8632018513236903,
      0.8484594000033145,
      6.869296793162718
    ],
    [
      3.8515787659138763,
      5.8547613636187545,
      5.0558804522837075,
      1.4898024741157838,
      7.246006506484638
    ],
    [
      6.062566098104897,
      4.398741611885326,
      4.243067404393923,
      1.8311014360131819,
      6.221004787859762
    ],
    [
      4.410667597048013,
      7.538360789709394,
      4.472464262212244,
      0.8678780467108209,
      6.637237926882626
    ],
    [
      6.60452562170388,
      5.753354377147101,
      5.920273661901986,
      3.743419901080645,
      8.825341812027041
    ],
    [
      5.427930563163276,
      5.918077137838824,
      4.1460325488249,
      2.4167484898453577,
      6.872925718611813
    ],
    [
      3.49825956360565,
      6.373382513714787,
      4.385660688592201,
      2.74902000606017,
      7.291103560516524
    ],
    [
      4.699704809073992,
      6.700112671623768,
      5.02810166162209,
      2.2447953613613394,
      6.853271675633082
    ],
    [
      6.6783889225290345,
      4.690614568394331,
      4.141225782724013,
      1.8729113315041324,
      7.14581639836287
    ],
    [
      5.00684294425177,
      5.822957710999544,
      3.316184070450373,
      1.9699841588877933,
      3.295862454152315
    ],
    [
      5.237263136234157,
      6.052608381721304,
      4.749630870364175,
      2.6509531026445905,
      7.822230713753286
    ],
    [
      5.075431012233992,
      4.403509336712002,
      4.092668069619177,
      3.2668625345516435,
      8.43839242825642
    ],
    [
      5.858848931478322,
      6.255595833557769,
      4.202984199750212,
      2.2798433738687334,
      5.976947492282908
    ],
    [
      5.269363482865117,
      7.358728242990427,
      4.334164967685945,
      1.625379548718013,
      6.094618392211942
    ],
    [
      6.2705416886711385,
      5.983359242658142,
      3.470594402781155,
      2.9801529545205145,
      6.903797809489641
    ],
    [
      4.387879520888857,
      4.3580272059224505,
      5.360773787603091,
      0.7769264386608468,
      6.546858297529724
    ],
    [
      5.205217789850577,
      4.291176956077322,
      4.422873132231293,
      1.57328880662396,
      8.675700349739909
    ],
    [
      5.12448854229232,
      6.178444272913623,
      4.644170763482178,
      3.5203249155441716,
      6.8655116660301205
    ],
    [
      4.038839402712556,
      5.917989047163706,
      4.399579799230454,
      4.7106684478606535,
      7.3676051063408154
    ],
    [
      4.139996116944253,
      5.944649463260192,
      4.378170222211891,
      3.2479103889113987,
      6.5253400219225295
    ],
    [
      3.8213977976662594,
      7.6699264635253,
      3.5033486759986743,
      2.096389979387434,
      7.412141833124999
    ],
    [
      4.708639000242285,
      4.411494915784424,
      5.155067471917608,
      1.6659765974947702,
      6.295093331578345
    ],
    [
      4.198855148718611,
      5.262737457924584,
      5.199167044415304,
      3.135058185712381,
      7.097374871607755
    ]
  ],
  "id": 43,
  "df": 5
}