{
  "mu": [
    4.447456042060442,
    5.50462509146721,
    6.21271541849343,
    4.2631562434636985,
    4.933940514558588
  ],
  "x": [
    [
      2.2625903098664577,
      5.2347779559325796,
      6.095631333949278,
      6.240529279950496,
      4.79243374939211
    ],
    [
      7.268839548408953,
      5.96698510947422,
      6.929206306078493,
      2.775327848701851,
      4.412383966764794
    ],
    [
      4.266476911430969,
      5.460461240520344,
      6.98984858476172,
      2.5147025052734726,
      4.463906121294939
    ],
    [
      4.676982858965146,
      4.640904908954958,
      7.909429775299548,
      3.8703587646548168,
      5.859285608013349
    ],
    [
      5.887338523651395,
      4.142050300444507,
      7.038720112638153,
      5.710389007805532,
      5.459010230251209
    ],
    [
      5.802610352643915,
      4.77890981438687,
      6.354738112712182,
      5.17605684177766,
      2.923595333300891
    ],
    [
      4.091272538317773,
      4.3695797435500365,
      4.587871628006127,
      2.293658573420859,
      4.619082977679439
    ],
    [
      5.46633678869701,
      7.186349643669978,
      7.380539623970889,
      2.5039193986713535,
      4.4870824327141055
    ],
    [
      4.510552025401814,
      6.2395191718443455,
      6.760570348550224,
      4.924160671993878,
      5.504447831170105
    ],
    [
      3.7481408800835636,
      4.780541846258643,
      3.9806868790799714,
      2.8870491155156666,
      6.078316651726864
    ],
    [
      4.355153958037385,
      5.7314352870195115,
      6.430484968833446,
      3.2810274709271816,
      3.217220575436878
    ],
    [
      3.740475715518792,
      5.415147838021348,
      7.503029952084569,
      4.18671034256469,
      4.876992399721069
    ],
    [
      5.107934589441237,
      5.687282553376129,
      5.473599810302784,
      3.401556320793323,
      3.6204425286585984
    ],
    [
      4.997204374546745,
      6.385421764926622,
      7.088799698226218,
      3.116247372514139,
      5.134090065836512
    ],
    [
      3.48385281430008,
      4.366818393718939,
      5.750397684621082,
      3.64163899579066,
      4.222567581020538
    ],
    [
      5.172411125332018,
      6.249309899076089,
      4.95487309755616,
      4.1786039698211415,
      3.6113397898194064
    ],
    [
      3.9313922977385207,
      7.139819872770895,
      5.744503865334466,
      4.075165174703995,
      5.498083411150733
    ],
    [
      4.28779821437797,
      5.619036352267908,
      5.578119476974732,
      2.903705980772866,
      5.095803338453033
    ],
    [
      3.550379884413384,
      6.006103485420951,
      6.522116321506337,
      4.085185782833301,
      5.413711194712982
    ],
    [
      3.385030290399576,
      5.779115124059912,
      5.7684179028223665,
      4.208939181449607,
      5.914770204299506
    ],
    [
      5.818470533496232,
      4.3320476146346,
      5.74780006978834,
      3.908642106701437,
      5.725829920532905
    ],
    [
      4.8541569907651185,
      3.876968437441583,
      4.230940761305889,
      4.804475814678549,
      4.764388309161823
    ],
    [
      4.532750052151693,
      6.12000123843574,
      5.863819518934665,
      2.8961052406586885,
      4.57891553408407
    ],
    [
      4.111585670301331,
      6.566451733584441,
      4.477465647815858,
      4.22854396008493,
      4.067187530061099
    ],
    [
      4.024659771816965,
      5.113002723329565,
      6.4372175029352245,
      3.7614021482118747,
      4.6765745347030085
    ],
    [
      4.990457093792318,
      5.62620095136702,
      7.359883434402484,
      3.6671278262339206,
      5.774282842548835
    ],
    [
      2.6987201538604157,
      6.034063133544341,
      5.685665392404965,
      6.633101982909734,
      3.6628280666662487
    ],
    [
      3.8350871397358746,
      4.8326404304245685,
      6.766683824646276,
      4.9552725857766715,
      5.74653576105355
    ],
    [
      6.270350781786197,
      3.467516551224246,
      5.497119688625653,
      4.685302341110152,
      3.1565629198967757
    ],
    [
      5.223947078832044,
      3.9346314120113597,
      7.448300305591145,
      3.4502568253774637,
      4.813418254968907
    ],
    [
      4.4281600681467115,
      6.385688993394987,
      6.982336369828818,
      2.5632351381193548,
      4.702316140518046
    ],
    [
      4.6649355986291585,
      3.3892813811300475,
      5.048077117967185,
      5.2284406651634,
      6.186740660275369
    ],
    [
      4.84169397473654,
      5.212469828624777,
      5.180818553847892,
      3.599444864727929,
      4.226594421322948
    ],
    [
      4.2549556881759685,
      5.048000398150536,
      6.829283114851379,
      2.9718133770304997,
      4.54544913834713
    ],
    [
      4.912862380826868,
      7.467608560363519,
      5.888878237319329,
      3.686850738408382,
      4.988483598488498
    ],
    [
      6.416714952591386,
      5.287405349510282,
      5.501345630774722,
      3.8960528657782287,
      3.634717503191123
    ],
    [
      4.8768796871068725,
      4.949398927721379,
      5.26074718682854,
      4.715535432881348,
      5.426176096008835
    ],
    [
      5.44750552152056,
      5.6797214921128445,
      6.399532425165143,
      4.125777642515063,
      6.215949858552794
    ],
    [
      3.2746446729149437,
      6.412083358515151,
      7.998543394911202,
      3.9750964468481795,
      5.442703690909465
    ],
    [
      5.538069591174223,
      4.903006048556673,
      6.4076217147658285,
      4.867416495971353,
      5.350210625087383
    ],
    [
      3.539919178232494,
      6.882664348621472,
      6.842658471309738,
      4.200787898522404,
      5.864736050231861
    ],
    [
      4.5013889848242785,
      4.790868430802582,
      5.521171481984321,
      5.705598427426544,
      5.170735416807162
    ],
    [
      4.237435915773926,
      3.8059318018382395,
      5.594656540832056,
      3.0283930093312206,
      5.835869906768168
    ],
    [
      4.7752510963105665,
      4.832770555052981,
      6.977444739840483,
      6.018108836118483,
      4.12737603593253
    ],
    [
      3.5939768998172705,
      5.766618410697908,
      7.980033011361733,
      2.9893984878943565,
      5.866516564339722
    ],
    [
      3.266558068857827,
      4.819685628244885,
      6.003870755445504,
      3.7060195640598868,
      5.632077975476104
    ],
    [
      3.9231321856910446,
      5.695312741208899,
      6.534571570438915,
      2.999109882298277,
      5.928421335897995
    ],
    [
      6.409418113517467,
      4.2498563974078,
      6.347504110755788,
      3.7767466708519857,
      4.175710332649173
    ],
    [
      6.40467921588579,
      6.918320696875856,
      7.422446280374922,
      2.873433032397578,
      5.829999521060898
    ],
    [
      4.897745576543181,
      5.39411450259317,
      6.122977576944057,
      4.088774844437914,
      3.753289038630167
    ]
  ],
  "id": 31,
  "df": 5
}