{
  "mu": [
    8.71545424283172,
    6.622850469990613,
    4.573982409373304,
    5.202410601270235,
    3.5566085514445085
  ],
  "x": [
    [
      7.39182454502092,
      7.348412077375297,
      4.699007759739198,
      4.988327335027642,
      4.787108032498484
    ],
    [
      9.299253583646836,
      5.309475372035412,
      2.9726969527970044,
      5.275730395119135,
      2.750350412264171
    ],
    [
      7.540971104341505,
      5.302389171418486,
      3.48197128362583,
      3.641253641131742,
      4.528069455329141
    ],
    [
      9.574230105800828,
      7.312194735438251,
      1.8526717684703526,
      5.442101746770819,
      3.035944857881069
    ],
    [
      8.256939576706127,
      5.423956029215351,
      4.744408099830704,
      4.954898736803036,
      3.00541752382906
    ],
    [
      8.917303591580676,
      5.657979280725179,
      4.0048956460896745,
      5.54201731800735,
      3.307023218232721
    ],
    [
      7.85945229375559,
      6.851469728169219,
      5.323356377054081,
      5.178485302221742,
      5.336998783138002
    ],
    [
      7.775420626650963,
      6.912195490097523,
      5.698695869683554,
      5.1213298850319156,
      4.6547927131208615
    ],
    [
      9.200104826887825,
      7.704578227309711,
      2.907416633595764,
      5.467437472386891,
      3.6532961818758696
    ],
    [
      7.969272450245531,
      5.754306709905321,
      4.1027579906610905,
      5.683463159210685,
      4.236709905922198
    ],
    [
      9.09651493027658,
      5.088406213749596,
      5.138964087715,
      4.962955182754215,
      2.98284363862822
    ],
    [
      9.078744101043306,
      7.362515075486359,
      3.1048098550884697,
      5.276433141164665,
      3.8916246096403246
    ],
    [
      8.398984508416017,
      4.6085479883568645,
      4.294511799126371,
      5.2474779531425,
      4.068175562701758
    ],
    [
      9.185144575748224,
      6.210619248273798,
      5.5464694825842065,
      4.568683323658957,
      4.492429011956823
    ],
    [
      8.86925453621739,
      6.443770052340189,
      4.022952387432366,
      4.726195668934225,
      3.3587107834865058
    ],
    [
      7.054987144660238,
      5.774901491559811,
      4.034136335874023,
      5.343994412311636,
      6.032569097770636
    ],
    [
      8.772852718106755,
      4.5655889055236205,
      4.40997347227845,
      6.117108575819698,
      2.6904569178755544
    ],
    [
      9.038166821698198,
      4.83803069179533,
      4.946163684045979,
      5.2436321726580495,
      2.9844827596701777
    ],
    [
      6.952512333382541,
      5.365746027496803,
      1.9087784967564936,
      4.873903094220886,
      3.755186449230848
    ],
    [
      8.227774479150959,
      7.446620940461235,
      2.533679200415682,
      5.431616122717372,
      4.690851614527075
    ],
    [
      6.711703586169327,
      5.954002649425367,
      5.808918833444208,
      5.311720509650989,
      4.849357709992922
    ],
    [
      7.772276291651228,
      6.239901178562576,
      4.426982109692361,
      5.32653361229481,
      3.181122447757885
    ],
    [
      8.652612139084225,
      4.797001840213993,
      4.445866386758568,
      6.796087977040316,
      4.187469527565044
    ],
    [
      6.581571136285896,
      6.468154105793106,
      2.60882832564468,
      6.367175413546746,
      4.876547601569625
    ],
    [
      9.5998966996947,
      7.042756628860771,
      3.8372664624366566,
      5.21959397924151,
      2.3992201164409694
    ],
    [
      9.020033903628399,
      6.089931791393471,
      4.7579382233313465,
      6.201188532289353,
      3.914541010800798
    ],
    [
      8.684653610355394,
      6.8021014785166445,
      5.0575653086608225,
      4.628921091124636,
      2.4732619976362216
    ],
    [
      8.017814525372742,
      7.385603597427077,
      5.19578556638675,
      3.884925556053296,
      5.257554643942612
    ],
    [
      9.056593729870801,
      6.350561214656073,
      4.690207029504087,
      5.672163063020279,
      3.0864082313415167
    ],
    [
      9.818898621224829,
      5.816446860134852,
      3.5085653494324514,
      4.888712326709684,
      4.831773785071619
    ],
    [
      7.519122980536524,
      6.421510388393116,
      5.755703774500468,
      5.301227898544093,
      4.376784329823719
    ],
    [
      8.478847909389604,
      6.331991743690024,
      5.04007357954832,
      6.510251191983105,
      4.235200286117662
    ],
    [
      9.481024431352699,
      5.685572159438863,
      8.004512761770494,
      6.030049806677964,
      3.591286257908912
    ],
    [
      8.9962338560279,
      5.329069638932223,
      4.9466156029222965,
      4.971148563319764,
      2.8396186811709216
    ],
    [
      9.323179072879189,
      7.642458691836092,
      6.2699934919684015,
      6.066593691900561,
      2.9644063459224075
    ],
    [
      8.991456770867329,
      7.657481937537522,
      5.447908694237013,
      4.80214163741951,
      2.9729794718720957
    ],
    [
      9.418084537500325,
      8.111834412417098,
      5.95550481851073,
      6.571351917403232,
      4.695664645976758
    ],
    [
      8.527777721712694,
      6.693238802159858,
      5.578397756465273,
      5.877034132005004,
      3.3814637334582893
    ],
    [
      9.153145823394292,
      6.018213980567303,
      4.674304845441582,
      5.431673669607097,
      4.4533371207497385
    ],
    [
      9.841202156978143,
      5.813896360353695,
      2.880143504035453,
      5.501275233268334,
      4.216680719819109
    ],
    [
      9.092165134031916,
      6.815259427829659,
      4.168034713617399,
      5.791675670335585,
      3.189057559894855
    ],
    [
      9.259499587853089,
      6.652858512077457,
      2.462243408500224,
      3.454739122150146,
      3.250077382606836
    ],
    [
      9.755694526329902,
      5.855559657315848,
      5.810742483457905,
      5.359212454033045,
      3.4550995848636283
    ],
    [
      10.454128613883153,
      7.381385758605455,
      4.206437284362199,
      5.140150614696806,
      2.9133241888129393
    ],
    [
      7.679816310607294,
      6.612007967171986,
      5.245636187794474,
      5.134357450252285,
      5.115281257099138
    ],
    [
      8.127635939543003,
      4.136165762570908,
      4.426374560653023,
      4.251411567910039,
      3.112161511909485
    ],
    [
      9.639893269794388,
      6.552705843275851,
      4.589441327962815,
      3.298674808161339,
      4.242357189369967
    ],
    [
      7.859066840122756,
      7.017093242892132,
      4.656836444124916,
      4.688004274620231,
      2.9377435966108
    ],
    [
      10.141572024794263,
      7.746824950633011,
      5.135904706698402,
      5.248308997244153,
      3.0775723675321824
    ],
    [
      7.8220814333220945,
      7.330948508618256,
      4.766259261672512,
      5.391977542187528,
      4.952005836035116
    ]
  ],
  "id": 25,
  "df": 5
}