{
  "mu": [
    5.776788061057168,
    4.3969739078787615,
    4.431745304250241,
    4.401607937208736,
    4.859127017893013
  ],
  "x": [
    [
      6.876679129149603,
      4.3244161109490085,
      6.1412242835053465,
      5.308810925519465,
      5.09100821704587
    ],
    [
      6.746109896180806,
      4.827107469227419,
      4.784611623999527,
      3.923545164690527,
      4.248822628537171
    ],
    [
      4.942530710561567,
      4.318535442645254,
      3.7875811682346514,
      3.6050546264925596,
      5.215608910874304
    ],
    [
      5.378388320409914,
      4.10757387929626,
      4.7767168890758045,
      4.487088595358627,
      3.3821872272021603
    ],
    [
      5.277452258593606,
      3.7797060853265254,
      5.439073865591275,
      5.909612934402184,
      5.0354605439624605
    ],
    [
      3.083001772985482,
      2.9464573987198053,
      4.230537645563276,
      5.479260711132972,
      5.464909700545053
    ],
    [
      5.682223636639596,
      3.4390623718019637,
      3.5145889382667015,
      3.89777126889841,
      3.5193892567467486
    ],
    [
      5.6545217541009505,
      2.981903233229634,
      4.069799832516893,
      3.029246024341088,
      5.401693776665522
    ],
    [
      5.623668172520325,
      2.9131008073600677,
      3.8563256664911156,
      5.8831685034410395,
      4.32300564534052
    ],
    [
      5.583667013284879,
      3.885481563142643,
      3.0738731474039853,
      4.681040254902764,
      4.697745936464409
    ],
    [
      4.495386406473372,
      3.8928354962734515,
      6.111981098955079,
      3.2909549430942295,
      4.139808219899459
    ],
    [
      5.756558942909704,
      6.128338238960855,
      5.005247512620902,
      3.9783684465659883,
      5.613247596858585
    ],
    [
      6.095425033805917,
      2.68192688095154,
      5.258239183201567,
      5.043761427960419,
      5.667600877173211
    ],
    [
      5.448074586786209,
      4.499537791996655,
      3.7003162218415087,
      3.2548600649011554,
      4.9703339451361845
    ],
    [
      5.410056877345173,
      4.784128023909557,
      4.923753838759063,
      3.8607698410437017,
      5.674562316625681
    ],
    [
      5.889327537244482,
      5.536630981208174,
      3.7166492687498796,
      5.005091986544757,
      3.981609095920471
    ],
    [
      4.346459884730139,
      3.6536282754933014,
      5.607560572298767,
      3.2450831699714646,
      6.193383233992238
    ],
    [
      4.763323371978632,
      3.5120639298353575,
      4.312127252815865,
      1.967301056742833,
      5.843490078520974
    ],
    [
      4.484558764547816,
      5.22902951714961,
      4.601329786233991,
      4.508205250060624,
      3.389827786636525
    ],
    [
      6.468157023807895,
      5.844384355466616,
      4.121991408891575,
      3.31684509462607,
      4.821239173009532
    ],
    [
      4.96102661475331,
      3.602493801716923,
      4.594266317181157,
      5.158888813650698,
      4.705683803570219
    ],
    [
      5.197952463830178,
      6.1615228015052805,
      5.93093323494811,
      3.6926076152158225,
      3.4681940257949586
    ],
    [
      6.366031784380675,
      4.7719114008682535,
      4.604960860561262,
      3.6439618461910257,
      4.892601636163436
    ],
    [
      6.719850329515985,
      4.215629956631993,
      6.652601913326333,
      4.626174637033574,
      6.400380989171695
    ],
    [
      5.783791615786184,
      4.062608593640574,
      4.079018048797417,
      3.282095966702725,
      4.8543543834630976
    ],
    [
      5.458183332663343,
      4.687241822582783,
      6.201458670109245,
      4.573954767553188,
      5.209762947486706
    ],
    [
      5.616279134202356,
      3.906740606396042,
      5.520034690691072,
      4.387540286172749,
      5.937208870872938
    ],
    [
      6.053970832632771,
      3.97718710175523,
      6.312060222232482,
      2.827786360734395,
      4.480793121650933
    ],
    [
      6.047738038160543,
      4.3504000334145685,
      4.5253380780510435,
      4.9935227063031,
      3.872315796298739
    ],
    [
      6.505054037568359,
      4.201825183749737,
      6.219491774742424,
      4.375831971017901,
      5.109784004768449
    ],
    [
      6.2972704628814595,
      2.87040920359212,
      3.109419265175254,
      3.8960196247113634,
      5.417243869344329
    ],
    [
      5.39365876797334,
      3.8783371182637794,
      3.949144341685474,
      5.024176285397556,
      4.590349174303492
    ],
    [
      6.525365905309003,
      4.588795367488698,
      4.1962598493412315,
      4.635527974569965,
      6.910794696238579
    ],
    [
      5.691807532991077,
      4.784925437654308,
      2.9490874101889855,
      5.524426833607873,
      5.35749538612041
    ],
    [
      6.432824201548331,
      5.132961513049349,
      4.141097397832612,
      4.828763444233437,
      4.356908898887746
    ],
    [
      5.258919911279494,
      4.925066989686633,
      4.135085771147964,
      5.713948516267674,
      4.971156255648572
    ],
    [
      5.9282794130433585,
      5.817530829797125,
      4.672484938784255,
      4.561945900077739,
      3.9001013756145744
    ],
    [
      4.363387479454428,
      5.224120013822859,
      4.693957966450317,
      2.9466434603081755,
      3.6703862648008867
    ],
    [
      6.481297412228005,
      4.442447167744209,
      3.444672394772953,
      4.678721875100571,
      5.412569441032666
    ],
    [
      5.6388552311308535,
      4.333985800029592,
      3.3119771097707402,
      2.566348500186352,
      5.244720594458607
    ],
    [
      5.537135700784239,
      6.11888003336434,
      4.4311193696573845,
      3.4923826841324965,
      5.448773886019168
    ],
    [
      5.138759535831391,
      4.384295301124649,
      4.026786301690122,
      5.62548232784258,
      4.212085372634732
    ],
    [
      5.175094299409186,
      4.835174720570037,
      5.171941407983621,
      5.398494151937998,
      5.5618724565468804
    ],
    [
      4.982870969216213,
      3.517138620677171,
      5.04898165776629,
      3.1102088890773043,
      5.562160352391982
    ],
    [
      6.499531512688397,
      6.675286913083995,
      3.541666633030327,
      2.7311446283812097,
      5.807772960263816
    ],
    [
      7.905271668916717,
      5.361032325266194,
      4.457827672121973,
      2.8416924440681828,
      4.531190363965804
    ],
    [
      4.327279197408449,
      4.2325809919989466,
      3.6172466249622053,
      3.4924925158679816,
      5.202912817956055
    ],
    [
      5.581710394106583,
      3.269100641251394,
      3.36364422159586,
      5.823828325372356,
      5.308414094360236
    ],
    [
      6.100957473027623,
      5.854969603490962,
      4.044328978057788,
      3.129917336911615,
      4.937361350034633
    ],
    [
      5.422139420544812,
      4.832627596924706,
      4.150127660338859,
      5.498742909948734,
      6.57683419496897
    ]
  ],
  "id": 11,
  "df": 5
}