{
  "mu": [
    4.526521577198772,
    4.942746539364735,
    3.807720373407995,
    5.284203168204216,
    6.3369064893108735
  ],
  "x": [
    [
      3.591914923595982,
      5.556164670229663,
      4.341426454025499,
      4.637566446196147,
      4.821797566958377
    ],
    [
      6.334468095027669,
      5.082138973297881,
      1.9516787897405183,
      6.198985986658365,
      6.673160633421281
    ],
    [
      3.518917128584714,
      3.1990075925155175,
      3.5850344145559196,
      6.722667438993141,
      3.6986562475437674
    ],
    [
      2.273274441193017,
      4.562407506154675,
      4.272957010613957,
      5.364700636452897,
      5.495900255248332
    ],
    [
      4.0358929510255175,
      5.6951233254888445,
      4.43971254773251,
      4.496089255518887,
      7.234817867311451
    ],
    [
      4.254527881148321,
      6.514262989540816,
      5.088798002934659,
      4.787735923270063,
      6.292142990709241
    ],
    [
      4.888226824133622,
      5.648461303844423,
      2.214261100306836,
      7.017842757499352,
      6.276236675337798
    ],
    [
      2.921134180195633,
      3.7496111184392062,
      2.717010163086092,
      5.202120238145339,
      4.895360745772183
    ],
    [
      6.348944950897795,
      2.832114890483415,
      4.03515236709993,
      5.610500701414475,
      5.525579779170637
    ],
    [
      3.2656908957155153,
      5.0085967366354325,
      2.127917474765611,
      4.857134672924446,
      6.021039213050185
    ],
    [
      3.889844983648528,
      6.083515511352091,
      2.8522517495249375,
      4.987303779772623,
      5.802057193516248
    ],
    [
      5.005772021905892,
      5.603693817832409,
      5.729200793275587,
      5.582285604270216,
      5.315651896132479
    ],
    [
      6.410100572683707,
      4.576581423540872,
      3.230487985052012,
      4.511606984346391,
      7.377829614659617
    ],
    [
      3.5487739524021515,
      4.485963110883819,
      4.379946966779521,
      5.608216480690063,
      7.399788985331924
    ],
    [
      6.24079785817683,
      5.278180722993294,
      3.596873439758946,
      6.796756042380575,
      5.863305951992249
    ],
    [
      3.1348298728545427,
      3.47540141430007,
      3.214377852259378,
      6.049371695391387,
      6.120434867285246
    ],
    [
      5.134801527868095,
      6.291042084266336,
      3.627813766524602,
      6.002982800454101,
      7.687954294462506
    ],
    [
      5.256466698702739,
      6.226824073497222,
      3.3054472881470645,
      5.301701819108817,
      5.911705789907873
    ],
    [
      2.3233196083774885,
      4.047233250399363,
      2.3665233520455002,
      4.538145311505381,
      7.080626507764518
    ],
    [
      5.900722641249526,
      3.3008697621595102,
      4.706792225209338,
      4.384481770787465,
      6.272895792949536
    ],
    [
      4.464001391692693,
      4.7233810056962575,
      3.791167945439884,
      6.2957183274240105,
      5.405607892776741
    ],
    [
      3.145812465034065,
      3.6291952178577986,
      3.136694434009217,
      4.996879651409731,
      7.928800676815288
    ],
    [
      3.220357603292978,
      4.561007901296288,
      3.543677227235552,
      7.236223533877286,
      5.683473483153811
    ],
    [
      5.920931335924379,
      5.267156698390999,
      3.7074168579623397,
      3.7528809650465886,
      5.819913520520268
    ],
    [
      3.1252383407275843,
      3.281643819297534,
      2.9285123393613324,
      4.874233022760963,
      7.546299288862322
    ],
    [
      4.5841431911891775,
      5.148551933393226,
      4.16014649130566,
      5.451197044622377,
      7.215095080198462
    ],
    [
      3.9181659322126334,
      4.530498297977102,
      7.030939391666318,
      5.684589761889363,
      5.8928343947195945
    ],
    [
      3.383211502643322,
      3.8476196918535392,
      2.675381262335833,
      5.1901694776926846,
      7.056426693300512
    ],
    [
      3.3450994179969564,
      4.160064844723232,
      2.4174544811541816,
      6.084355873121431,
      7.014694538429212
    ],
    [
      2.980298923169713,
      4.060396105483964,
      4.233741238819274,
      3.3420332324720476,
      7.311028401830221
    ],
    [
      3.815126687542566,
      6.4752986934195995,
      4.427924453734693,
      6.109600159792922,
      6.071714171475189
    ],
    [
      4.8260409653278185,
      3.181207168799785,
      1.5189932836604325,
      5.93750229705307,
      8.145179506937666
    ],
    [
      4.937602409501129,
      5.15759797914286,
      2.6415540697525692,
      4.921349368141748,
      6.599261689332113
    ],
    [
      6.536007112584722,
      5.9370447229349,
      3.536358011595361,
      4.4246521015679985,
      7.8170020982010975
    ],
    [
      4.257572431641126,
      6.456835554902678,
      5.205282368576913,
      3.4821596141105076,
      6.57967661388037
    ],
    [
      5.793672507825099,
      5.631161630808688,
      2.640310800388927,
      6.695631718131312,
      6.431168209796523
    ],
    [
      5.528709911126313,
      3.744403509629545,
      2.93286155020612,
      6.285613742192222,
      6.346146309179722
    ],
    [
      3.450037713904031,
      4.293323178535914,
      2.5442909253079518,
      6.702291200663093,
      6.070256978362191
    ],
    [
      4.521062045067181,
      4.264982882792916,
      4.0708415304910135,
      4.22993899882435,
      6.4466402776436516
    ],
    [
      4.222443107949687,
      4.426598837570639,
      4.834685675530574,
      3.9944078818098276,
      6.281627413628192
    ],
    [
      4.7770964161353,
      4.529085165469499,
      4.910321613817304,
      4.307628733404853,
      5.59818895561355
    ],
    [
      5.062344233724158,
      5.075634293242759,
      3.592304490252181,
      5.7358524676405995,
      5.566023832629417
    ],
    [
      2.747558276218959,
      4.510480902667247,
      4.48289244609147,
      5.699387903009896,
      4.8063886711327575
    ],
    [
      3.710859629035299,
      2.7939701783836406,
      4.610750840009452,
      4.645325787947761,
      5.869611889138208
    ],
    [
      4.475107791482901,
      5.790875999452391,
      2.7976207328023603,
      5.297429199080521,
      4.774426357503424
    ],
    [
      4.018965158876755,
      4.740071676271558,
      5.13362118803162,
      5.593249103259487,
      5.670639792775614
    ],
    [
      4.352996408879181,
      4.404285068769553,
      2.3913864370323856,
      6.20583397110805,
      4.92484633283261
    ],
    [
      3.993788114878637,
      5.366626692691414,
      3.926745607539367,
      4.502084272614905,
      7.143898123911013
    ],
    [
      2.74730462716606,
      5.428174010623334,
      5.181461793313458,
      4.3513682982666415,
      6.808592055352098
    ],
    [
      4.935017260234977,
      7.017486098208174,
      2.450892023230087,
      4.143414646745509,
      6.338125262833192
    ]
  ],
  "id": 44,
  "df": 5
}