{
  "mu": [
    3.705478490308766,
    4.010092415535606,
    3.9167055508663777,
    4.317268434909725,
    4.320341718456049
  ],
  "x": [
    [
      3.2893554609254663,
      3.5538193442839985,
      3.1032840350012845,
      4.830740195055298,
      4.365577943992719
    ],
    [
      4.285315525415468,
      5.485833138634021,
      3.8491859278183727,
      4.051542056386512,
      4.981477801543641
    ],
    [
      5.310872757718929,
      2.1695131774333247,
      4.436125427658127,
      4.264967338003591,
      4.908102083695535
    ],
    [
      2.6149346124216377,
      3.897993026933558,
      5.872849757587395,
      2.7926278589197926,
      4.650210223513298
    ],
    [
      3.2669541743606336,
      3.3157024779975255,
      6.072255634817339,
      3.4122925065212373,
      3.381933642177282
    ],
    [
      2.4682120300699433,
      4.379217077291038,
      4.343419101296209,
      7.375971395522886,
      3.6877846312276223
    ],
    [
      5.7374408083716375,
      4.717974911067604,
      3.921924383475757,
      4.74979001543391,
      3.8663579604478753
    ],
    [
      4.482317696212718,
      5.669119759385158,
      4.676267635995899,
      4.662359271112493,
      4.076480952367506
    ],
    [
      2.062308701791408,
      4.294395117972316,
      3.49364215771428,
      3.2018689356660386,
      6.373805708210337
    ],
    [
      3.649288285264713,
      4.463335147384543,
      2.8462245269179194,
      4.481768927873659,
      4.018631984366372
    ],
    [
      1.2452200932881894,
      4.038818016875238,
      4.380450257022005,
      5.553980878929627,
      3.5951495137387006
    ],
    [
      5.47277652870925,
      4.372927962526228,
      4.167207980523094,
      4.2312413339822985,
      6.1315862048587295
    ],
    [
      3.3792294701179237,
      3.6415637543917803,
      3.9503002655641004,
      4.738161487125739,
      7.348968844196669
    ],
    [
      3.078209822011447,
      6.167497167555243,
      4.402487597400244,
      5.2275559953735335,
      4.706004582764708
    ],
    [
      2.688088838066684,
      4.154868294351021,
      2.772401416602251,
      3.2330408348084507,
      4.6572697913027294
    ],
    [
      2.0503753154020963,
      3.3855780807804847,
      3.955699957386808,
      3.763768716964561,
      5.108785582668138
    ],
    [
      3.390166804975936,
      3.036494426906157,
      3.7883433550920413,
      3.041050304129174,
      3.8912853184322747
    ],
    [
      4.0710888518839035,
      4.8901791495998195,
      6.870711043668319,
      5.34646631238736,
      5.232512242512781
    ],
    [
      3.9891178333424784,
      3.7637037920573504,
      4.626746093108183,
      3.847864856848986,
      5.004788680438574
    ],
    [
      2.865279065797197,
      3.3478028427509194,
      4.634826519601563,
      3.900240269140553,
      4.114592097461292
    ],
    [
      6.586579249104494,
      4.998748449190572,
      3.2660693207525773,
      3.4048117067307495,
      3.858867141880862
    ],
    [
      3.7359470009132765,
      5.689414507854251,
      5.682014777466453,
      4.06422871121976,
      4.842067996421781
    ],
    [
      3.080781670999738,
      2.638043919511227,
      4.847965093200919,
      3.1300513480444287,
      1.3815124420024754
    ],
    [
      2.8607555505311786,
      2.756059317699676,
      4.253762086420782,
      3.307679514517165,
      4.704276036775929
    ],
    [
      3.339561465654785,
      3.769892056327397,
      3.6606158329773453,
      3.705224736345107,
      3.799258465555504
    ],
    [
      1.8420798161979286,
      5.059739287952166,
      4.5346384584061905,
      5.159018341922005,
      4.747157083620128
    ],
    [
      2.75594626999972,
      3.6397029726219836,
      3.627304060977592,
      3.6424872271334108,
      3.8211680529677046
    ],
    [
      3.6463989367294145,
      4.747137480632739,
      4.480835382513153,
      5.142763423017501,
      5.067669526890901
    ],
    [
      3.5143903681903046,
      4.5312979168591845,
      4.823462424206069,
      4.580758254933235,
      5.207198865487637
    ],
    [
      5.615519637952084,
      3.305763314533409,
      2.902902772461208,
      5.6691262537641185,
      4.616295272652308
    ],
    [
      4.920694097495178,
      3.7439086205781535,
      3.6491403502234108,
      4.006064921787209,
      4.448677576495826
    ],
    [
      4.029980963169928,
      3.417944058374605,
      3.443641397473404,
      4.90375085954397,
      5.083843102411606
    ],
    [
      3.8140214303835656,
      3.2412219165865674,
      5.032844912629628,
      5.4933552667470575,
      5.060988635766391
    ],
    [
      2.0659975300954345,
      5.684943514155993,
      4.3060349778677285,
      3.229692310504155,
      4.059149695146035
    ],
    [
      3.2344393610453848,
      5.273700649618965,
      3.6859043688215203,
      4.104707285442968,
      1.4327495369592014
    ],
    [
      2.995114850385206,
      6.082407247668272,
      3.8915312578780097,
      3.9252273611779844,
      4.401517161081136
    ],
    [
      3.343575492902103,
      3.8646428040879828,
      3.9167541532334944,
      2.490249243711529,
      5.567834081856494
    ],
    [
      3.541163925503554,
      4.1066913066110775,
      2.90976398261747,
      2.824199802650577,
      5.2382009684784885
    ],
    [
      3.1927058393291716,
      4.251515904982288,
      5.743564368996317,
      2.9889006191923384,
      4.3320833816996105
    ],
    [
      3.9517017165308896,
      4.377242411327648,
      3.2921185499873413,
      5.019763339825114,
      4.751979452708287
    ],
    [
      5.852398663220568,
      2.7247853201849903,
      2.6569339874693982,
      4.227311852516068,
      6.461466452560675
    ],
    [
      3.766067502527659,
      5.256940410643293,
      4.830084394352743,
      2.8642186102736265,
      6.252554810482874
    ],
    [
      2.556315297376257,
      2.6309914321878622,
      2.5136167645529772,
      4.164008878212414,
      4.934248598396792
    ],
    [
      2.7317096729161,
      5.170163161099953,
      3.343791920063176,
      4.589369415550589,
      4.332721752905302
    ],
    [
      4.050535053723845,
      3.2886608768504413,
      2.6056736927285566,
      3.172776597974508,
      4.658169166933903
    ],
    [
      2.354592833431078,
      2.2369532777790293,
      4.893493245027953,
      3.8835088135083065,
      6.413921668487455
    ],
    [
      4.027905231461127,
      3.479705809269463,
      3.481179059605981,
      3.277429242233816,
      4.317889754711844
    ],
    [
      4.493346875994188,
      3.2864210154195153,
      5.023969883832082,
      5.4851235076731655,
      5.862206837028641
    ],
    [
      2.408971095387087,
      3.708015411088799,
      3.705102431137341,
      5.173962993910868,
      3.376954823974468
    ],
    [
      2.2914324251724274,
      4.305781213972253,
      4.165503882276174,
      3.283100524131818,
      5.43405144760559
    ]
  ],
  "id": 9,
  "df": 5
}