{
  "mu": [
    3.623267794847769,
    5.279575201816719,
    3.4424274073291086,
    5.293696642485079,
    5.842341412455557
  ],
  "x": [
    [
      3.9167893534130616,
      5.995019049537267,
      4.514902103511836,
      5.826817129265798,
      5.5047541321850355
    ],
    [
      3.5850564696024674,
      6.505339815484907,
      3.981928792246543,
      5.732741691374385,
      5.600388326552956
    ],
    [
      3.7838981675372407,
      4.667963203526299,
      1.5827696807112188,
      4.45565838581723,
      4.872924226925872
    ],
    [
      3.3070884490535932,
      4.100680299620615,
      4.585778424710602,
      4.491474103514909,
      6.596561107721451
    ],
    [
      3.108794034712684,
      4.162124547754012,
      3.5105098275929594,
      5.365913012011872,
      3.6968143388894856
    ],
    [
      5.157813510015072,
      4.703378629241397,
      3.790009619185876,
      5.435513614610562,
      6.399364453243659
    ],
    [
      4.533466401192493,
      5.090062279802975,
      5.959991893246963,
      5.3404301729560215,
      4.8043116352078625
    ],
    [
      3.6542576404686016,
      4.632092057852642,
      3.3972289730150087,
      5.962762498780495,
      5.525180356789654
    ],
    [
      3.361984396035827,
      5.505878727942428,
      2.9680895792313695,
      4.991118812556798,
      5.444576913039047
    ],
    [
      5.956714261806651,
      7.130019973323712,
      3.48588253111751,
      5.4796489514239335,
      5.837723752768998
    ],
    [
      5.098619912491585,
      4.91399568818661,
      2.858089085411955,
      5.48922385868902,
      6.473018003172611
    ],
    [
      3.1466840911346283,
      2.748431295752851,
      3.024116489069857,
      5.945415955726029,
      6.114244093137856
    ],
    [
      3.452348352129813,
      5.6774786785894085,
      1.3912253885170967,
      5.827799000265443,
      5.90273923416022
    ],
    [
      3.345540477265243,
      6.070723176844771,
      3.930609354007324,
      4.477937412538598,
      6.2308860367535
    ],
    [
      4.208995791945899,
      6.802783350173703,
      3.212435364180692,
      6.021833588565066,
      5.140037161635805
    ],
    [
      3.1356043278377244,
      5.184561432061678,
      4.193767715910283,
      6.342619445221267,
      6.329029578865732
    ],
    [
      4.290025605106607,
      7.50893778480338,
      1.8251598030208644,
      6.625872369333473,
      5.205796545659317
    ],
    [
      4.05404279541434,
      5.418526178154444,
      3.964432649857147,
      4.703370035815036,
      6.689218025086833
    ],
    [
      2.862136733939037,
      6.1077169536191205,
      0.7401604240730797,
      5.2970982123757056,
      6.554829774835187
    ],
    [
      4.048210487118206,
      5.789782392659087,
      4.911512399052904,
      4.64745160216805,
      6.517666825809583
    ],
    [
      2.1732880534755274,
      6.748881402559939,
      2.934188731590945,
      6.73306629045788,
      6.2003116116500605
    ],
    [
      4.2347654839363145,
      4.4139172478472295,
      4.440556528082834,
      4.4554447563191575,
      8.2217430422921
    ],
    [
      2.2726693654916055,
      3.4822829199182017,
      2.6276030307054077,
      5.268401956740233,
      5.930740702909401
    ],
    [
      2.634896442525536,
      4.1190094477176675,
      0.4408984578746993,
      6.357197791996583,
      5.025821184553385
    ],
    [
      2.1186373761630577,
      5.533382630701498,
      2.1444492428033515,
      4.293819511327745,
      5.820575384112276
    ],
    [
      3.835052169256265,
      6.371689219724512,
      3.2267164267660546,
      8.174668236813039,
      5.409923631477374
    ],
    [
      4.346523750662163,
      4.369656728057982,
      4.363702810329208,
      6.6841720938552385,
      6.446551377167185
    ],
    [
      3.9794528284408446,
      4.708304374440988,
      2.650268938958326,
      4.257895192922627,
      6.304590701826107
    ],
    [
      4.175650449536706,
      3.3874594371649307,
      3.332830026116227,
      3.6148403540624483,
      6.033841350404105
    ],
    [
      3.604795345802886,
      4.898543625132456,
      3.535872735214275,
      5.3239920532489045,
      6.462803096558703
    ],
    [
      2.491129703822047,
      8.253730842993829,
      2.880052978448082,
      6.637070103768713,
      6.114535156604836
    ],
    [
      2.1505796444271397,
      5.334437369151146,
      2.8188409070398475,
      6.297232887244596,
      6.616137891750566
    ],
    [
      4.566305023838716,
      5.227302608629178,
      4.2070251554554465,
      6.737833359094569,
      5.885732971050874
    ],
    [
      2.746261626255507,
      4.240167403069645,
      3.664047602515053,
      4.7959483990655105,
      5.9947673340454255
    ],
    [
      1.994468510655482,
      3.5336431134689095,
      3.1565738717077583,
      5.793950587594272,
      3.47874086484996
    ],
    [
      5.697940146351337,
      6.254761942958924,
      4.867809249830552,
      5.48152380401346,
      6.024328388113931
    ],
    [
      4.585926314886635,
      4.113465373794662,
      3.339857530242021,
      5.791858911751865,
      6.838521636847037
    ],
    [
      3.328294350360994,
      6.020314595576478,
      3.6445431182720887,
      5.648271873642005,
      4.837666087224852
    ],
    [
      4.42465093111443,
      5.371920933246224,
      4.961699685990626,
      5.424998313328832,
      6.099260076862208
    ],
    [
      4.34792651236436,
      6.324566816636218,
      1.0648065787663739,
      6.195623196081433,
      5.502991334658785
    ],
    [
      2.9275652625944804,
      6.483936045419271,
      4.761322650663923,
      4.9687579710368155,
      5.801725358997746
    ],
    [
      3.4122824107370526,
      6.544584645563458,
      2.6239201042962854,
      4.948061049206708,
      6.572780252645198
    ],
    [
      2.6332555074620023,
      6.814104989033663,
      2.4223678838293816,
      5.881546491187249,
      4.453344752164602
    ],
    [
      3.2573848121313453,
      3.2583475416402163,
      3.9994720101514427,
      5.965159263892988,
      4.848511713162156
    ],
    [
      3.2733722134428667,
      4.840307132247161,
      4.077863442468915,
      4.544209188572403,
      6.307799651633033
    ],
    [
      4.252400819732793,
      6.158949260354089,
      5.122182373147717,
      6.385332290555258,
      5.644597012914725
    ],
    [
      4.90412922490926,
      6.707142420850069,
      5.896944376509506,
      4.778175028216322,
      5.137026944004858
    ],
    [
      3.296520655067747,
      4.933751429712534,
      3.0553007380077783,
      4.597260699411464,
      4.919817819210243
    ],
    [
      3.1522714823904625,
      5.476800352336134,
      3.666686796324169,
      5.653027251445604,
      6.685165547975968
    ],
    [
      4.00776404225697,
      6.324364324659355,
      4.299343107847012,
      5.560785743053727,
      3.7772332510746125
    ]
  ],
  "id": 14,
  "df": 5
}