{
  "mu": [
    4.0396218048750425,
    3.640075785410959,
    4.41265835338274,
    4.660520588599115,
    5.504582322086951
  ],
  "x": [
    [
      0.8771112118343227,
      3.7114350026038156,
      3.2820048211599677,
      3.9128209626947017,
      4.529530648081369
    ],
    [
      4.825850414610542,
      2.344102284571981,
      3.3106902887161,
      5.163828528117037,
      5.430125710599696
    ],
    [
      4.6993843072453405,
      2.9893219693357667,
      4.263875544778783,
      4.152098575323431,
      5.097879198255054
    ],
    [
      4.605668952234362,
      4.08257373856983,
      3.95277394467268,
      5.199776033977167,
      5.077643062756214
    ],
    [
      3.5010577620073193,
      4.4181560575460965,
      4.097927823628526,
      5.17513039008365,
      4.678587543027994
    ],
    [
      4.307552093826096,
      4.589560776759025,
      4.119460441430994,
      4.845415958581792,
      6.1374273276852165
    ],
    [
      3.7059903096034557,
      3.881340983039161,
      4.654919756944076,
      4.649847696313058,
      5.0307422379113
    ],
    [
      4.060011553203757,
      3.0732782786341306,
      4.918988578271252,
      4.156725071420881,
      5.316125820446761
    ],
    [
      5.085432600931243,
      3.072628455234219,
      4.8063537375189505,
      5.905350984291521,
      5.249459258436181
    ],
    [
      5.215435878592775,
      4.2395528863442395,
      4.067110686923156,
      5.425515569115549,
      4.656890948322436
    ],
    [
      4.540088814059971,
      3.6581409655940065,
      3.042271351288897,
      3.7202027968478477,
      4.913684846893212
    ],
    [
      2.5606172509529816,
      3.5450923597526924,
      4.68299302706189,
      5.543904925845355,
      5.271236304447791
    ],
    [
      5.621008532631654,
      2.8567590836450245,
      4.728714550052327,
      5.688763713939581,
      4.674490436792455
    ],
    [
      4.143642672136363,
      4.689101527330916,
      6.267007203153542,
      2.833843158575795,
      4.642892017744955
    ],
    [
      5.283387371775596,
      3.8273080729493976,
      3.85262811533912,
      4.0793359895234005,
      4.21408790181462
    ],
    [
      4.911201325378908,
      5.783397489621096,
      5.913795534460312,
      7.236835855805186,
      5.243099185866521
    ],
    [
      3.497317254215692,
      3.594291380785333,
      3.9206839088656693,
      4.960719450668651,
      6.367621870042467
    ],
    [
      3.9965235689260337,
      4.361441127537793,
      3.8784189966266482,
      3.6703450051277646,
      6.70276568265585
    ],
    [
      5.856461287256234,
      3.2998989677319197,
      3.988393280329589,
      5.070933215130896,
      6.116894163125753
    ],
    [
      3.1986104987062407,
      3.406279641086556,
      4.03052632830021,
      3.771716704574238,
      6.491997796046832
    ],
    [
      5.845224257947623,
      1.9779464377719798,
      4.31907679562346,
      5.054310545110081,
      4.775547196674335
    ],
    [
      2.9358421361599323,
      3.6147814209820974,
      4.432894867094757,
      5.606620697264508,
      5.396522048071805
    ],
    [
      4.857907207405125,
      4.797884996687704,
      4.4461550338654945,
      4.683147820243201,
      4.169610647433071
    ],
    [
      5.7072065087316,
      4.670946172590045,
      5.483909408357616,
      4.95868177294424,
      5.533601202170349
    ],
    [
      4.500526501274655,
      2.675993186235589,
      4.2799946855161854,
      3.8193806157399566,
      5.751828285253062
    ],
    [
      3.594694069764261,
      3.7397421005165636,
      3.6795144857207474,
      3.4221244302275915,
      5.7514294060732105
    ],
    [
      3.9424882234557046,
      4.217095424866031,
      4.0363995598319855,
      5.965553145474722,
      4.4262877807259144
    ],
    [
      2.6739467106489143,
      3.8084050253483714,
      5.410662413786554,
      5.098866874888638,
      6.769882100097082
    ],
    [
      4.216119368834462,
      2.9394457507230625,
      4.377274875780448,
      3.807372762650914,
      4.114553356134252
    ],
    [
      4.09383780667716,
      3.6221078064812278,
      4.754558327474387,
      4.148605994620309,
      6.032515485391139
    ],
    [
      3.4427034415663256,
      2.7921306755081017,
      3.4324728441130308,
      5.836535927062009,
      3.1498225190290197
    ],
    [
      2.627184001924175,
      2.772137714230079,
      4.032971119492278,
      4.161186222870279,
      5.500076040076933
    ],
    [
      2.537727443237869,
      2.801895138243088,
      4.801879796128853,
      5.696978239670527,
      5.18662796329795
    ],
    [
      3.719158781185296,
      3.3191394959259384,
      2.997926012352563,
      3.023304817786121,
      5.003784133676425
    ],
    [
      5.666434117275651,
      3.7662504171885676,
      5.322205856434881,
      5.2096967849184015,
      4.944102801551084
    ],
    [
      1.9616077831627043,
      1.879279225336205,
      4.434207862599032,
      2.777273456639273,
      4.120198448733255
    ],
    [
      4.060530287939535,
      3.980809295086775,
      5.620474811160237,
      4.400397678495656,
      7.536894807682762
    ],
    [
      5.316152729941713,
      3.5693472069534797,
      5.048771876310409,
      5.998023525525147,
      5.3739304395846474
    ],
    [
      4.661761327729083,
      6.229907649502182,
      4.369580512646132,
      3.7973172146720344,
      5.250007733443264
    ],
    [
      4.571401800998435,
      4.10500961122797,
      5.531055680185564,
      3.705927286370117,
      4.642649612345446
    ],
    [
      4.162568156543205,
      2.552760597834538,
      4.120156217078061,
      3.6087183577792,
      5.160368511859834
    ],
    [
      4.466797409912582,
      2.7804483749584987,
      2.281485594460312,
      4.101308828541057,
      5.066117919430748
    ],
    [
      4.132617237174884,
      3.5316631172492756,
      4.741759324024011,
      3.8173337836325594,
      6.691558248015434
    ],
    [
      2.908831737791803,
      4.662604051331228,
      5.8048145421339115,
      5.231430434719151,
      4.948962108874252
    ],
    [
      3.949606261145263,
      5.8133090225214445,
      3.531482946038535,
      3.4833492252213594,
      5.456235804196871
    ],
    [
      3.283429034389026,
      3.7888281450067454,
      5.651899123721687,
      3.6895185973254785,
      5.637255397859618
    ],
    [
      5.580505187995807,
      4.414117793537607,
      4.045597096166419,
      4.441912574143498,
      6.18008745582669
    ],
    [
      3.7502918502823475,
      4.453053972996234,
      3.9959644603830413,
      4.526613467092655,
      7.443288164861876
    ],
    [
      3.1380709843186656,
      4.260443167871987,
      4.069608719009409,
      3.3979959684605348,
      5.209159221559042
    ],
    [
      1.88311745251541,
      2.404720367245096,
      3.3199668300973126,
      4.145508657166271,
      4.931767396903269
    ]
  ],
  "id": 15,
  "df": 5
}