{
  "mu": [
    4.783851281272679,
    4.641793365753895,
    4.080289011575955,
    4.6395527788327735,
    5.585111893472589
  ],
  "x": [
    [
      3.7380296679669627,
      4.80598594332856,
      5.987370976229528,
      7.077291942054221,
      6.504812071097633
    ],
    [
      5.59964533297977,
      6.284810441359124,
      4.649934648182956,
      4.065716360525472,
      6.132026216447634
    ],
    [
      5.039071799437908,
      6.365618230702287,
      4.7841625713685785,
      5.090499691714114,
      6.111657982729997
    ],
    [
      2.9138462421490394,
      7.055095318123308,
      3.287418360434311,
      4.18058949921595,
      6.546502095993994
    ],
    [
      4.134775550661913,
      4.24347829999074,
      3.9316976446477243,
      4.189979626341326,
      4.157633843849155
    ],
    [
      2.1398402455349674,
      5.005384064883679,
      3.611783175053794,
      2.60170094629736,
      3.6066683386858056
    ],
    [
      3.012924889225677,
      4.721526124287809,
      3.9158306888126138,
      4.187028754611034,
      5.124362451766969
    ],
    [
      3.8597012031599682,
      4.791720404155946,
      2.8791816466089677,
      4.7877674621942266,
      5.88838862431333
    ],
    [
      3.3620299016670856,
      5.031688459590057,
      5.118214481793478,
      5.155213249342423,
      5.60298611110584
    ],
    [
      2.8565984059357685,
      3.8072868875420585,
      2.542905118667891,
      4.39881236290149,
      6.363038217057404
    ],
    [
      4.23986568839242,
      4.700827996730724,
      3.9174784712632595,
      5.738990290321655,
      5.8089622405702634
    ],
    [
      4.636603814783576,
      3.929622417856414,
      2.4349238227123693,
      3.9775738111172254,
      5.266360627207153
    ],
    [
      3.658223221592816,
      5.077627668413394,
      4.244566988591499,
      4.409860818632718,
      6.3773154576641575
    ],
    [
      3.88273272838025,
      7.184990514874746,
      2.9433821230795605,
      5.775211432825768,
      7.6656917010483685
    ],
    [
      6.201984688643188,
      4.509567609572807,
      4.630272496799388,
      4.189707947375925,
      5.9339663663218944
    ],
    [
      5.750665826336117,
      4.569120063749524,
      3.403586931218161,
      5.146083861780969,
      5.394141154091146
    ],
    [
      5.438314734885448,
      3.7574805465035657,
      3.2062613979526384,
      4.934988831530566,
      3.8217667985712245
    ],
    [
      4.8874455420415535,
      5.61526833322162,
      4.264852594868377,
      5.492739953455076,
      5.633122191598825
    ],
    [
      3.1345335582802814,
      4.723132994821405,
      5.217665094386074,
      4.638016373254285,
      4.554525777336804
    ],
    [
      5.450472284267149,
      5.433509120939953,
      5.75758145111878,
      4.375649956225573,
      5.9012893925740775
    ],
    [
      3.782306871965218,
      5.837109573700039,
      3.148969180681491,
      4.143299057323242,
      5.66828041791308
    ],
    [
      3.469299435427753,
      3.1174719093676613,
      4.444082026034963,
      4.371711155951161,
      6.245223292672254
    ],
    [
      6.19836667465056,
      4.120938207966786,
      4.998569127292918,
      6.611459508054046,
      5.583622887755941
    ],
    [
      5.982689034673003,
      6.272828023405076,
      5.103773672484263,
      5.065396263723721,
      5.731062171916973
    ],
    [
      4.782819544816457,
      3.4024178053916287,
      2.481108327294033,
      4.755974256953201,
      5.075963476356062
    ],
    [
      4.706354865485962,
      3.5151016732691147,
      6.072296730625619,
      4.278786955650755,
      6.976368595668125
    ],
    [
      4.768657118354084,
      5.047915696997475,
      5.95745684073435,
      5.053362868855659,
      4.979665128032224
    ],
    [
      5.589311874934884,
      6.6922044506427145,
      4.359041937527952,
      3.8022483000286966,
      6.470795234280296
    ],
    [
      4.672652042161421,
      4.112398004478608,
      3.7585985098028276,
      4.172651175100974,
      6.88922369529224
    ],
    [
      4.262181609942671,
      3.9965244916805687,
      4.178419297810943,
      3.7528049096663736,
      4.464350423243525
    ],
    [
      4.555190106256403,
      3.2853657198633965,
      3.8780332875167134,
      4.324508773406807,
      5.261130846687733
    ],
    [
      4.75701489573632,
      3.231188889839155,
      2.6945165977185956,
      5.11992948646242,
      5.279909702076772
    ],
    [
      5.879008233585559,
      2.895658523310008,
      5.217623412272155,
      6.97361972354958,
      6.092283838098062
    ],
    [
      4.20915658536267,
      5.162323571541354,
      3.760322532013381,
      4.953555089017173,
      4.00388721391578
    ],
    [
      5.63353889835636,
      4.387240587858525,
      1.2150857532657504,
      5.130538729511908,
      6.122402123825683
    ],
    [
      4.110385380033689,
      3.334021125747336,
      2.5637196259563995,
      4.814461992985541,
      7.247388206328983
    ],
    [
      4.507202965192689,
      4.859480681507093,
      3.499525771123234,
      5.699945284237695,
      5.966655997156164
    ],
    [
      4.111766582313346,
      5.446368135974009,
      3.1433939993740783,
      2.3205552273110306,
      6.881290429839934
    ],
    [
      4.833469447288241,
      3.4679067326409676,
      4.041654169589358,
      4.460387325846811,
      7.628444622532208
    ],
    [
      4.5796382279305705,
      4.626767298902183,
      4.139046247055087,
      4.909837332007657,
      6.117168440003095
    ],
    [
      5.236956414961293,
      4.445690348803878,
      4.620834655842592,
      4.813597301224323,
      5.037579671109544
    ],
    [
      3.746336704786702,
      5.034172993245446,
      4.977588492242675,
      6.352594824236373,
      6.8120048164288995
    ],
    [
      6.792187751550528,
      3.0409309685282064,
      3.560415459145153,
      2.924889453220578,
      4.480888148904837
    ],
    [
      4.471598303611821,
      4.410582082996481,
      2.2124933603485917,
      4.100285400890211,
      4.074222405431988
    ],
    [
      5.75927685438838,
      5.28333573109743,
      3.3768816634253693,
      3.5012645169838326,
      5.272295201904739
    ],
    [
      6.579464214811182,
      4.064638775758743,
      2.8735725130755547,
      3.558033767325394,
      6.376028726420001
    ],
    [
      5.470561600586886,
      5.651892084495741,
      2.857355427131772,
      4.629392543647445,
      4.0362357912010545
    ],
    [
      4.33994461902381,
      4.996992592311868,
      3.304357422868961,
      5.017392193085421,
      5.740306954604459
    ],
    [
      5.208097345176474,
      5.006425244108304,
      4.6031080924106975,
      4.372205109738834,
      4.569888243820585
    ],
    [
      5.233283404781316,
      2.5203993304238144,
      5.3755699165986615,
      5.061389860713647,
      5.834955426867021
    ]
  ],
  "id": 2,
  "df": 5
}