{
  "mu": [
    5.819789798078083,
    5.034324030860017,
    4.533215524431707,
    5.430931806942883,
    7.013004226371519
  ],
  "x": [
    [
      6.885853081923332,
      4.43438776659098,
      3.478324660483291,
      4.929638035149235,
      7.051882840013562
    ],
    [
      7.364087947719462,
      5.485541237450607,
      4.821487351794738,
      4.156711091795847,
      7.17484679473761
    ],
    [
      7.987739241450242,
      4.232082044729151,
      3.2319015507415445,
      5.553063421677649,
      6.80767250892642
    ],
    [
      5.412978439558683,
      5.647395948891151,
      4.208743079837916,
      5.99702419022988,
      5.700648605159355
    ],
    [
      5.782637827818709,
      3.348494831904223,
      4.117993749512551,
      5.601017972074278,
      6.044419628770449
    ],
    [
      5.980385760398806,
      3.7008699396991167,
      5.36002308533435,
      5.090139920155567,
      6.963985915908182
    ],
    [
      5.3697910369102955,
      5.233682309677249,
      4.930789072929978,
      5.0804874233059705,
      7.422271516739244
    ],
    [
      7.401845312281775,
      5.445617340627182,
      4.95532754344472,
      4.657522884873668,
      5.924651657970402
    ],
    [
      5.680948066829746,
      5.676618178519215,
      4.237003985980791,
      4.518400217023502,
      7.495715815015417
    ],
    [
      5.197024091486724,
      5.927009879590153,
      4.617214072534556,
      6.725696464464704,
      8.724652508877313
    ],
    [
      5.949058485532463,
      7.4584645915723335,
      3.4940024037075417,
      5.965239441794397,
      8.56003124904248
    ],
    [
      4.882551817927294,
      4.872965731448968,
      4.057128789033991,
      4.5455241265694974,
      5.286447058909992
    ],
    [
      5.1386884505043025,
      5.104119373873341,
      4.383214507299286,
      5.520731427674746,
      6.871934539950646
    ],
    [
      6.641442381131335,
      3.5198326733791143,
      4.036075220549523,
      6.812079734754224,
      5.255857496730409
    ],
    [
      5.454710819691618,
      5.500210477881755,
      4.037364483478747,
      5.302758333454726,
      6.638865275913699
    ],
    [
      5.240592544772538,
      5.138749584125262,
      4.680319336554679,
      7.28572794273939,
      6.7681056181710995
    ],
    [
      8.125224580056955,
      4.263599709347677,
      3.4110350675318766,
      5.4962177656968185,
      8.384435321604757
    ],
    [
      4.908578092767353,
      5.625360905572975,
      4.6435294652450025,
      4.942735120977537,
      7.510789171046571
    ],
    [
      6.320229926163059,
      5.726120808402881,
      4.192440251966926,
      3.29502946585614,
      5.469669701600546
    ],
    [
      6.252536692301816,
      4.889646267388498,
      5.24904770246756,
      5.786431311533036,
      6.563006820276391
    ],
    [
      5.371222379288495,
      5.309665199826322,
      4.791344569214461,
      4.27029925430786,
      8.859153314868264
    ],
    [
      6.936154245475741,
      5.820480494710159,
      4.438788688681169,
      5.781666740537951,
      8.311854230346135
    ],
    [
      6.744935917425499,
      2.9600834689949984,
      3.9859008807019,
      4.69535228983382,
      6.2080251505641435
    ],
    [
      4.786390919698677,
      4.845448531704674,
      4.125097219900616,
      5.293056818168619,
      6.720872461482407
    ],
    [
      6.68481974331444,
      5.157212158622393,
      5.033066325846063,
      6.404606667154253,
      7.278066269155056
    ],
    [
      5.963644864813071,
      4.349758281569427,
      3.6618165922766805,
      6.432039213514727,
      7.689870219540906
    ],
    [
      3.7453475561342158,
      4.755525849506575,
      3.5014092163406856,
      6.268654996166869,
      7.759049695771855
    ],
    [
      7.771357170301084,
      4.530765380184001,
      3.208445183847886,
      6.242370807991687,
      6.3330099300208476
    ],
    [
      5.489767134920414,
      4.5841258916727465,
      4.5851071500511775,
      5.188230161423332,
      8.426798113521292
    ],
    [
      4.5540451915997355,
      4.643128308693915,
      4.57374177198454,
      3.429610910337434,
      7.6419154523063355
    ],
    [
      5.3690100360553386,
      5.168393948883827,
      4.608560392804667,
      7.132105945070725,
      8.649700242534808
    ],
    [
      6.748775702554564,
      6.083313437736438,
      4.15544279031643,
      6.3320977129834635,
      5.255264590963991
    ],
    [
      6.598356881386559,
      4.148686908285861,
      4.454691788647406,
      5.204602348168776,
      6.533237509394572
    ],
    [
      4.722231217083738,
      4.795869689776583,
      6.218466219858703,
      4.171532699976157,
      6.062995985645057
    ],
    [
      7.500967139607635,
      5.963402837065666,
      3.6395921190666884,
      5.629434882887654,
      7.846138911679601
    ],
    [
      6.438058126488248,
      5.1767373251584345,
      3.5990801503434646,
      5.802325311277613,
      4.040248972223256
    ],
    [
      6.5163239206518515,
      4.462434141004223,
      3.4167480276250126,
      5.361812483355074,
      5.673329396104526
    ],
    [
      5.3049542259333515,
      4.825820947204279,
      3.8975782404796226,
      5.744312836214888,
      8.920492736702297
    ],
    [
      5.046825866792676,
      3.475001940839941,
      5.987477856343618,
      5.919056334859024,
      5.836387734150948
    ],
    [
      6.172511681149186,
      6.063603411247253,
      4.2036299124938825,
      6.343171139311958,
      7.777114897069791
    ],
    [
      6.147503600989208,
      6.065281564613056,
      4.607753603696335,
      6.961912362552548,
      6.514293624625425
    ],
    [
      4.914055329447889,
      6.114305809966675,
      5.499543183235336,
      7.0066586468045635,
      8.082846062890225
    ],
    [
      6.932159933288249,
      6.044189707992202,
      4.451113817638745,
      6.455523050257696,
      7.016139439413806
    ],
    [
      5.668338107610861,
      4.570138317197356,
      3.712793354376806,
      5.865394463809274,
      7.001288751133304
    ],
    [
      4.906090957532552,
      5.976021210450395,
      4.067741771419318,
      5.15197614592361,
      8.384468452552275
    ],
    [
      5.25148027628045,
      7.767994261593022,
      5.043380715938816,
      5.9599496641911855,
      7.531521111127105
    ],
    [
      5.33005253898929,
      4.692724247301444,
      3.8553007640493684,
      4.843657319970099,
      6.8870040370951475
    ],
    [
      4.626945930109024,
      5.5181322173831795,
      4.9937348128296835,
      4.115916390969432,
      6.676358321343955
    ],
    [
      6.879624616123575,
      5.67004162711161,
      7.302056331489337,
      5.939839642830828,
      7.879677197838275
    ],
    [
      7.269053102607956,
      4.4476212378000515,
      5.2123379792359055,
      3.820275710621675,
      7.340443749412643
    ]
  ],
  "id": 41,
  "df": 5
}