{
  "mu": [
    5.687305975617872,
    6.184927487735407,
    5.5881166482402485,
    6.094993476698975,
    5.911889854685597
  ],
  "x": [
    [
      5.520176444837387,
      7.413662275231842,
      6.238653061008532,
      4.9908926642994995,
      5.145381818305813
    ],
    [
      5.777600908576674,
      6.676119549802649,
      7.95871036914226,
      3.6846263864350943,
      7.314800998227188
    ],
    [
      5.72803165894758,
      6.8990470444167515,
      7.057088456869119,
      6.448098132185475,
      4.62555817393671
    ],
    [
      5.266830826611482,
      6.335300663360194,
      6.635666089090925,
      3.981060008628746,
      7.676929848572164
    ],
    [
      7.943163182068637,
      7.478321649543082,
      6.091246357368731,
      5.330195011859225,
      6.426246308888812
    ],
    [
      7.533817596212596,
      6.737185683411014,
      4.364926795074167,
      6.838352994830409,
      5.04828219761118
    ],
    [
      6.493233162243468,
      7.044611471119202,
      5.933797266869957,
      5.7479316357234636,
      4.68772800612588
    ],
    [
      5.4187522813105415,
      5.855696881016521,
      4.904204716990761,
      7.182505660264203,
      5.916958943734236
    ],
    [
      5.4925758688201025,
      4.914031314590633,
      4.388052116112214,
      5.837590501046743,
      5.22296186701843
    ],
    [
      5.453656834139211,
      6.520667919448514,
      3.6695834537429626,
      5.877996492374706,
      5.34868481344827
    ],
    [
      6.883716287157535,
      6.866073911946349,
      5.168260214481595,
      5.302791183509743,
      6.280208591968977
    ],
    [
      6.16207934145913,
      4.140640406713512,
      4.552735536885828,
      7.06727804593122,
      6.55781055590198
    ],
    [
      4.480825403377942,
      7.916948099573166,
      4.401381996525129,
      6.169145678069612,
      7.546015736199827
    ],
    [
      5.094479750364486,
      5.681427625720444,
      4.729250364204347,
      5.494801406884513,
      6.107105537471496
    ],
    [
      6.488680922407509,
      6.917452283895764,
      4.731004265726165,
      6.339503664881623,
      4.134886571839415
    ],
    [
      4.782804188987762,
      7.05312658254496,
      6.061025480008128,
      5.676812574791398,
      4.830392066059939
    ],
    [
      6.343592464248969,
      6.468251766447908,
      6.219955092823634,
      4.255024417951356,
      6.7433841864872734
    ],
    [
      5.029369350729777,
      5.040985811421305,
      4.640265432087211,
      6.551360792596007,
      6.995823959712422
    ],
    [
      5.259186213063819,
      4.790173901174551,
      7.147422574230434,
      4.820807564496981,
      4.1357421145759625
    ],
    [
      4.860064861343402,
      6.390144308866854,
      7.386530235439588,
      5.530946426152081,
      6.218621201900359
    ],
    [
      5.357003786015713,
      4.847401462391653,
      4.0512109472639155,
      6.901804463684039,
      7.093310389341745
    ],
    [
      6.36424493027831,
      5.868603039235654,
      3.8935017524712237,
      5.546100697244977,
      5.815219603944543
    ],
    [
      4.695192410857067,
      6.014030876251174,
      4.6698948763836805,
      6.133210650480119,
      5.760452569943957
    ],
    [
      6.6871048059764995,
      5.811875653662408,
      6.301619694806668,
      7.203359759726923,
      6.0150225457667235
    ],
    [
      5.421293762390254,
      6.18049439949022,
      4.558073221118226,
      7.894919164551469,
      4.935111051714047
    ],
    [
      6.352862430247483,
      4.633416789120244,
      5.960816634354007,
      5.605203864486799,
      6.31308027437839
    ],
    [
      5.655699720408955,
      7.414956920585031,
      5.874173237557668,
      5.925377956042106,
      6.946491094777519
    ],
    [
      6.621228325800329,
      7.572799493265314,
      5.80313350454927,
      6.6143977744955595,
      6.435148939644937
    ],
    [
      5.733410587969404,
      7.8520579830010195,
      6.738738408930993,
      3.904472473999036,
      6.228533123913863
    ],
    [
      4.166510993692815,
      4.856025929527673,
      5.055698174075819,
      5.80321990125116,
      5.529795779860284
    ],
    [
      4.698884385888179,
      7.214047404713323,
      5.772411237945592,
      5.1072093631589235,
      5.336771331359477
    ],
    [
      4.598589283989761,
      7.362772611914133,
      5.613842559896412,
      5.165158415519889,
      5.31027814196597
    ],
    [
      5.463094427102158,
      7.159519318096884,
      5.732983022507999,
      5.500899260576205,
      4.831477281021095
    ],
    [
      5.361417957033509,
      5.969105131225156,
      5.015469488388339,
      6.709570158304146,
      4.990797307346464
    ],
    [
      4.895110943324637,
      6.6219503254595224,
      4.363736894841213,
      4.832235217672837,
      5.971895617661097
    ],
    [
      6.791215506771619,
      5.904545442187586,
      3.9475125415900894,
      6.606788139489842,
      4.44295783441089
    ],
    [
      4.84651404169957,
      7.761548441842563,
      6.821761024554213,
      6.343355330921703,
      4.83721945371443
    ],
    [
      7.643068479875001,
      5.841759557651214,
      4.894665659262228,
      6.173048264238252,
      6.588660749849385
    ],
    [
      7.417924674715403,
      6.943476476787078,
      5.171214537236632,
      4.418482468438569,
      7.9724404254722145
    ],
    [
      4.493665561199015,
      4.53802275472475,
      6.346601770188289,
      5.899675016584998,
      5.667246340505245
    ],
    [
      3.9699722065766396,
      7.108668830653873,
      5.941868507631794,
      6.2230697560715065,
      6.010811984244069
    ],
    [
      7.120309111196286,
      5.737911744518584,
      4.793728831591526,
      7.888646687307142,
      5.056975455819324
    ],
    [
      5.164032279561673,
      6.004303251864124,
      4.373866505977381,
      7.041264185662136,
      6.492153330327797
    ],
    [
      7.62325014315817,
      6.408889126664342,
      5.766016012293117,
      6.66877077583402,
      6.951391646358149
    ],
    [
      4.187167248293524,
      5.780816513078851,
      5.120398729583909,
      6.5075820267859,
      7.146617020639885
    ],
    [
      7.269291405220582,
      6.936435457842454,
      5.786574991863504,
      6.677419924412936,
      4.963340158526291
    ],
    [
      5.572326266515971,
      7.737021588008249,
      4.737949969740196,
      5.1982099217494,
      4.256516439428445
    ],
    [
      7.0704560792062034,
      4.553517640741303,
      4.871643912214353,
      6.066710839816361,
      4.634902906420876
    ],
    [
      5.1558115607948665,
      5.107317850101444,
      5.549316429101927,
      5.315714574217979,
      4.0990221292836
    ],
    [
      6.091420887329463,
      6.520506784448937,
      4.598192685341789,
      6.469773331691716,
      6.004384565994639
    ]
  ],
  "id": 16,
  "df": 5
}