{
  "mu": [
    3.628532847501428,
    5.00824185241083,
    4.607231180243265,
    5.55379412173675,
    5.468950852249096
  ],
  "x": [
    [
      3.6853541095265823,
      3.2953032664868216,
      4.333754672135059,
      4.18910139185957,
      4.665290120356308
    ],
    [
      2.8533195311224837,
      5.478959897526257,
      3.4137657147205296,
      3.6909057417758486,
      5.7752282901527145
    ],
    [
      3.1387327431125724,
      6.242966476214764,
      3.635910973228566,
      6.80561643168308,
      5.229047804846857
    ],
    [
      3.806295013408211,
      4.869670699745484,
      3.125664197841073,
      5.895465209375591,
      5.435244067980501
    ],
    [
      4.682359236988681,
      5.232683210996008,
      6.061660347876709,
      5.7765366520361745,
      4.751243250360163
    ],
    [
      2.9152051066548577,
      3.4975835882338995,
      6.07031926962374,
      5.590893682685474,
      5.726198865344368
    ],
    [
      2.523370179358583,
      6.414102343437539,
      4.062736194429273,
      4.191913795295358,
      3.4884616019026664
    ],
    [
      4.43814309406431,
      5.010757613989671,
      6.168174736815266,
      6.694306439115195,
      6.584315906590671
    ],
    [
      3.173483162713263,
      5.061051130948824,
      5.743834347089863,
      4.95616859599007,
      4.901524800800033
    ],
    [
      3.4006969725928813,
      4.500611027709242,
      5.854418483342798,
      4.933082748271169,
      5.734753029951961
    ],
    [
      2.4408276977077725,
      3.343698414631059,
      4.292144799453724,
      4.312488705667305,
      5.393617348516936
    ],
    [
      3.0049265556388334,
      6.2911013681638135,
      4.712915865517032,
      6.233239367216171,
      6.375715528826434
    ],
    [
      4.3157302688701344,
      5.130231564656125,
      4.236236198122326,
      6.960557190867769,
      6.1508457837504915
    ],
    [
      4.101391722610818,
      4.898578669940188,
      4.802590937716245,
      5.143328606628726,
      5.259429028347501
    ],
    [
      3.6107551086629086,
      5.293697611401062,
      4.476141142433838,
      7.000992110563133,
      4.6125755379313285
    ],
    [
      1.9074264542319663,
      4.064595150020662,
      5.2828872819114325,
      4.244603553712492,
      4.865796807762578
    ],
    [
      3.645541238726674,
      3.375185585588854,
      4.132033499279676,
      5.948073819589742,
      6.026417067594314
    ],
    [
      3.156076293671642,
      6.146966676089281,
      4.280736451929885,
      5.722664618995839,
      6.589078041430946
    ],
    [
      2.7006233175373344,
      5.65761808741831,
      5.16688017011282,
      6.078351052329377,
      5.4815373489508
    ],
    [
      2.1110585611998056,
      5.5077726081252045,
      2.3586174513033993,
      6.078084691215159,
      6.400928238175404
    ],
    [
      4.146430106084261,
      5.453678719558923,
      5.170791899097123,
      6.136673151052744,
      4.6571935651089635
    ],
    [
      2.813577771789495,
      5.691378409061024,
      5.424381970995219,
      5.191180043625072,
      4.592884097880274
    ],
    [
      2.523034269123298,
      5.398215337004768,
      4.8758861559552535,
      4.980863818423452,
      2.2343372430017014
    ],
    [
      3.7257793839380886,
      4.259480036027611,
      2.4852623327644037,
      5.534621441972568,
      5.712510586232849
    ],
    [
      3.0911845661603303,
      3.5921482101013966,
      4.620704914282931,
      6.324944094918146,
      6.175855230292748
    ],
    [
      4.640274533977207,
      4.65795191714728,
      3.753593650224825,
      6.09895387657577,
      8.124705880741331
    ],
    [
      2.7661732231809513,
      4.364003407294056,
      4.720573423280834,
      4.974372535637237,
      3.665496924389008
    ],
    [
      3.032695138599319,
      6.677398119824675,
      5.6574364056983875,
      6.068536184436204,
      4.445795009768364
    ],
    [
      2.4995260559086994,
      3.577495912101301,
      4.8234558533625735,
      5.5738403370575,
      6.228313967139654
    ],
    [
      3.841300704300975,
      5.011955692069003,
      2.9357514767763098,
      5.920334635904302,
      5.827819394533387
    ],
    [
      3.5808340310936755,
      4.0331056435493835,
      3.750175470350895,
      4.860146410754991,
      8.42342962066653
    ],
    [
      5.233397611262977,
      4.398543697754128,
      4.826551458961474,
      5.613593312826942,
      3.6980513228505814
    ],
    [
      1.6575205775067445,
      4.388624492673577,
      2.703558478235981,
      5.716756146625995,
      5.52291093052607
    ],
    [
      3.5907250552695795,
      6.202452486692233,
      3.8099600650312757,
      6.24254693508867,
      5.798940035539669
    ],
    [
      5.918238833676098,
      5.680943338266614,
      4.34170198580219,
      5.183960138062295,
      3.6232324428105738
    ],
    [
      4.2886529620021125,
      5.165482063921327,
      5.447602321988279,
      4.568785057803688,
      6.650348936818221
    ],
    [
      4.576581311804507,
      5.546466649858144,
      4.237413287488485,
      5.7859570773879865,
      3.343349572437003
    ],
    [
      4.662687768022633,
      6.658332683568724,
      6.119333793800818,
      4.799639383548623,
      5.508696482934248
    ],
    [
      4.815162789471172,
      3.488544105737142,
      5.0534708734304745,
      5.636569229450255,
      4.035513445901158
    ],
    [
      4.514053886459417,
      4.9141545558656725,
      4.220556406910063,
      4.741527765760848,
      5.563888562543187
    ],
    [
      5.516621245834286,
      3.792880419518391,
      5.0639698378662485,
      5.747094494165371,
      7.083727324625388
    ],
    [
      4.9508712805915565,
      4.887403477698717,
      4.919340696814634,
      6.005702358796819,
      7.221491700913834
    ],
    [
      3.648290856364781,
      5.601204492132192,
      4.895205540882199,
      4.9650094522071235,
      6.213808644341229
    ],
    [
      3.4935568071123293,
      5.562706680009152,
      4.1394662389472225,
      3.3421769618233808,
      5.538292244040163
    ],
    [
      3.255686537588221,
      6.40322353726269,
      4.588374581162768,
      4.3875255451883115,
      5.132007355079107
    ],
    [
      3.0910801659388687,
      4.121998657646751,
      4.630337324842804,
      5.311419113565161,
      6.645203110182618
    ],
    [
      2.8866497929240214,
      4.688842742290891,
      4.011900012944412,
      5.881907685832388,
      6.706454595648305
    ],
    [
      3.3496809612911203,
      5.332520976780322,
      5.848748594519145,
      5.1004350670032315,
      6.280728996442986
    ],
    [
      4.087015228630956,
      2.6022301654423354,
      2.3008889115622537,
      6.6349347441546875,
      5.402885251109013
    ],
    [
      1.6941406413970654,
      5.969730907655622,
      3.735816206192691,
      7.1284637491830045,
      7.231259032386598
    ]
  ],
  "id": 20,
  "df": 5
}