{
  "mu": [
    4.439063419129343,
    4.859155583103917,
    6.037612942238871,
    3.8908787825021482,
    4.142114555604708
  ],
  "x": [
    [
      4.221821541888795,
      6.152354791019221,
      7.244746529070655,
      2.842159397973042,
      3.45940212760276
    ],
    [
      3.7408236745363235,
      4.634977205619125,
      6.067580012388755,
      3.045454364343889,
      4.2560722794901515
    ],
    [
      2.7678788307040687,
      5.603822765201133,
      4.834737146141923,
      3.5846354753430396,
      4.189978653549673
    ],
    [
      5.8913689334983514,
      6.023223445131531,
      6.248910307417973,
      4.269905040781657,
      5.131368024382093
    ],
    [
      3.156474162297439,
      5.4982834721902325,
      6.937098271547981,
      3.59013298687779,
      3.9560559096707446
    ],
    [
      5.506186552117386,
      4.107951145064386,
      5.315119476725242,
      2.7568769215866054,
      3.5030176161572815
    ],
    [
      5.422923515589887,
      4.4195786101853445,
      6.547588276837496,
      4.542453041096318,
      5.752745674911873
    ],
    [
      0.9312673694866538,
      5.53877394961011,
      4.876594856650877,
      5.192364101925055,
      4.98327512448987
    ],
    [
      3.157891624247185,
      4.478947225778198,
      3.7659718723423925,
      3.18547240644001,
      3.7618083148486354
    ],
    [
      5.4132534886312325,
      4.719263050038176,
      4.708237287459331,
      1.9178189355881619,
      4.840168257415977
    ],
    [
      2.479798705516178,
      3.5065485695759935,
      4.298651599961391,
      4.319097167047059,
      6.229916025800992
    ],
    [
      3.416811205747564,
      4.128242876926321,
      5.416416182280712,
      5.6538850324410115,
      5.410676960184406
    ],
    [
      5.61496320637313,
      5.538855391335047,
      6.6459441949775595,
      2.591111163195066,
      2.302841919801539
    ],
    [
      3.5678288586688525,
      5.63597572583443,
      7.409874084859004,
      4.431734055216517,
      4.596496496406395
    ],
    [
      4.932720436535944,
      5.758897463491763,
      5.115520842106644,
      2.727213649813373,
      6.017619605912617
    ],
    [
      4.071444592561874,
      5.919894340800963,
      5.8892048766827365,
      3.8103415944767653,
      4.0828035427903675
    ],
    [
      4.30397796937736,
      4.269409244000422,
      5.1512471973162155,
      3.620921291421401,
      3.474539046001418
    ],
    [
      5.14602601334392,
      4.34115742254237,
      5.800855101774794,
      3.1961085598227155,
      3.51673944938162
    ],
    [
      3.1171957465924764,
      5.110119150528765,
      5.361006852222257,
      2.7974835023416533,
      3.3232725060495865
    ],
    [
      3.521931475574317,
      4.706081423222523,
      4.216263359377984,
      3.4542068148782796,
      5.257270954067146
    ],
    [
      3.147618652627366,
      5.085356770204814,
      5.345663838578288,
      4.0809561192854495,
      6.033178710503694
    ],
    [
      4.261426834685943,
      4.277134202247784,
      7.739870474304976,
      3.2023032842601715,
      3.814827549305044
    ],
    [
      4.471278323107076,
      5.7325921925008965,
      5.057923699967683,
      3.7430586368838177,
      4.323627880870692
    ],
    [
      5.105902185061807,
      4.606468004521236,
      6.041437646659335,
      4.537507945016805,
      4.599786844635942
    ],
    [
      4.742738247804896,
      5.284637662339562,
      5.445090696948766,
      3.348362346071046,
      4.954218764067231
    ],
    [
      5.29599653298026,
      4.138630925653194,
      6.091445282126964,
      2.9127224871887174,
      4.419910739869919
    ],
    [
      4.9258507475698625,
      4.547946894637624,
      6.226442554678115,
      4.183829131893383,
      4.043721138590509
    ],
    [
      5.482512050598884,
      3.880894292221593,
      6.074524391947824,
      3.452777303896138,
      3.572125824388917
    ],
    [
      3.6415487617058218,
      5.721681844879304,
      6.071072960431378,
      3.277078463462228,
      3.8581005995950606
    ],
    [
      5.073486050363678,
      5.387331592308753,
      3.865849376408625,
      2.490449908241162,
      6.2374627994894905
    ],
    [
      5.103502995182238,
      4.227288364622929,
      4.573802675776234,
      5.1775489590196635,
      5.399490979318303
    ],
    [
      3.1776301320685687,
      3.6493674698397562,
      4.61373134472859,
      2.7508554714037734,
      3.3889445707027526
    ],
    [
      4.070953600188001,
      2.6169473203180615,
      6.059935167444916,
      3.395994246037583,
      5.540171817255553
    ],
    [
      4.548585910678518,
      4.194739603530548,
      7.028902993396386,
      2.4645131619912144,
      4.538118047228884
    ],
    [
      4.895730431692167,
      3.8133719887634223,
      6.81465700663931,
      2.1887072297436734,
      5.387903908652746
    ],
    [
      5.9831032778498106,
      5.589641069727076,
      6.416113086266564,
      3.2428185766231428,
      3.8341289339626057
    ],
    [
      5.183948526928509,
      4.709548263486198,
      5.944350773699246,
      2.8171907564566494,
      4.900097725796669
    ],
    [
      4.351458436156055,
      5.708413378200297,
      7.726254482076442,
      3.5912546524158557,
      4.210789654931397
    ],
    [
      4.206162391325486,
      5.231379364552378,
      5.7062780666536765,
      5.258448775103648,
      4.30327085673107
    ],
    [
      5.785259850468075,
      2.8054808832877463,
      4.793704519013599,
      3.938352745940304,
      4.594375171992728
    ],
    [
      4.358588401521397,
      6.130071591298989,
      6.224977368860318,
      2.355679184538343,
      3.4145957051664406
    ],
    [
      4.433439708920634,
      6.62561896310615,
      6.265323302183223,
      3.9242444538581527,
      4.08989218862696
    ],
    [
      6.471608653220147,
      3.25731096296592,
      7.322654021178581,
      1.7791473265612847,
      3.3107835160193746
    ],
    [
      4.787359903619057,
      5.19879894610206,
      7.183667902875136,
      4.444516757497733,
      6.304803526277755
    ],
    [
      6.35179728867012,
      4.010171331029517,
      5.373857561965057,
      4.340043950470695,
      3.2091697964784625
    ],
    [
      4.796742803213565,
      4.694346036775836,
      8.258638082999257,
      5.0887463110415485,
      3.878877630325059
    ],
    [
      5.17089407063145,
      5.230648443663192,
      3.532424268369353,
      4.183163181658065,
      5.600098249156963
    ],
    [
      4.4055735517420365,
      6.07372278633251,
      5.4469161981278145,
      5.181141089318101,
      4.856231728124235
    ],
    [
      4.837826199312962,
      5.694926063429579,
      5.436224342123198,
      1.5593863796445633,
      3.7470432048645472
    ],
    [
      4.54893892940929,
      3.693324796824602,
      5.344194223995022,
      3.9866414583983256,
      3.526942094590776
    ]
  ],
  "id": 32,
  "df": 5
}