{
  "mu": [
    5.450264847050512,
    3.7367612510547756,
    6.962979148848465,
    5.493106805435089,
    5.949419769228401
  ],
  "x": [
    [
      8.160768647358474,
      3.774925162350172,
      6.252502656320827,
      5.912174318441773,
      7.539719409404257
    ],
    [
      3.3406344186614767,
      4.001752248982457,
      6.63837230567617,
      5.803734695756942,
      6.644352925864869
    ],
    [
      5.09007004608549,
      4.1403462996318385,
      6.978644716483095,
      6.723325390334945,
      4.90632520670912
    ],
    [
      5.4719196379122925,
      3.7465130269846822,
      6.658798175650351,
      4.747274076597671,
      6.3215755826459485
    ],
    [
      6.446448720319828,
      5.9786578944382285,
      4.750035203966725,
      5.995604926527383,
      4.450263499660259
    ],
    [
      4.647694034964373,
      6.534347250065137,
      5.564150247807551,
      4.553621231352949,
      5.123588166524721
    ],
    [
      6.831027862011414,
      3.907853021976245,
      8.379442861155134,
      7.120172606301621,
      5.365169729251132
    ],
    [
      5.9884243204797,
      3.189910435418442,
      7.313381160970124,
      4.730956372412444,
      6.3501427759896565
    ],
    [
      4.300991101805547,
      3.835816589878111,
      7.885265691866531,
      6.05980785833758,
      3.5972014885121504
    ],
    [
      5.925246165136416,
      4.334077225762519,
      6.051706475865045,
      5.486235953142945,
      6.0613412544680365
    ],
    [
      4.621100811515796,
      3.7237460275043395,
      4.933068610904754,
      6.17057608732896,
      5.2625026390820935
    ],
    [
      7.0463674603687885,
      4.536117233361665,
      7.234146656587662,
      5.49819841371591,
      6.662518187776825
    ],
    [
      6.424259663338423,
      4.519790237216127,
      7.470517669801652,
      4.89111699033279,
      7.336545006329036
    ],
    [
      7.530212071444719,
      3.283628093167217,
      8.145287475413323,
      5.378773446324431,
      7.458857123215408
    ],
    [
      5.474238459047524,
      4.814899208523038,
      6.865697922272202,
      7.887227040488341,
      5.548222423431229
    ],
    [
      6.4802715453456425,
      3.7459382233473173,
      5.555346919143888,
      7.419143253914935,
      4.621411542575917
    ],
    [
      5.428934770317119,
      1.3664321437057256,
      6.3778901795359495,
      3.5743326429463638,
      6.125190715483549
    ],
    [
      5.481164695418846,
      2.3402515215112007,
      7.697534111585623,
      5.84057521974824,
      5.675704279092571
    ],
    [
      5.680888850386648,
      3.084153403223775,
      6.0220070252946005,
      4.510895958040568,
      5.972210215304688
    ],
    [
      5.720551938954679,
      3.904474357044987,
      7.0624580720290915,
      6.230487583052355,
      6.111734213587958
    ],
    [
      5.563004979410896,
      4.627789195605311,
      5.499309076823466,
      4.646698608788516,
      7.117335683502799
    ],
    [
      4.054270096237003,
      5.338501072725885,
      7.49245254847847,
      6.18269861285566,
      3.667565942230915
    ],
    [
      4.383222538445289,
      1.4514096202694904,
      5.763875623171911,
      4.038916601256138,
      2.3637863801066485
    ],
    [
      6.80039816350281,
      5.589339228632575,
      6.979001738528519,
      6.785747798674363,
      6.684852803900823
    ],
    [
      4.7935450311362295,
      4.287440841122802,
      8.099177390767581,
      4.8201928355246615,
      4.222304281660147
    ],
    [
      4.314196581391497,
      3.1533839113342976,
      5.713474680710251,
      5.543836886340925,
      5.744972762447441
    ],
    [
      3.729960811897218,
      5.232089813335043,
      8.680778725497994,
      3.5608033842967615,
      5.5794602120076755
    ],
    [
      5.462925257886776,
      3.9532678485706807,
      6.232525050103298,
      6.2351442519791735,
      6.061890605079482
    ],
    [
      5.705853539376662,
      4.284245018067608,
      7.068444330796726,
      5.670156967685022,
      6.009830152941162
    ],
    [
      4.86704600195265,
      3.8624944246476347,
      5.47584440171496,
      5.447383769555503,
      7.590533516265886
    ],
    [
      4.584046945253735,
      3.6577629400115006,
      6.919031492058178,
      6.221151715318205,
      6.584084475554881
    ],
    [
      4.768698876759759,
      2.978029601645126,
      6.789320659808998,
      6.168686723678489,
      5.9477011887176126
    ],
    [
      4.870933396019035,
      4.002371096253825,
      5.817961964593291,
      5.81825057834744,
      4.601687639267141
    ],
    [
      4.186840826891728,
      4.760496987788994,
      7.480894485660546,
      5.673779870639804,
      5.512927046273272
    ],
    [
      5.253417319635693,
      4.735614108480842,
      6.494844418723957,
      5.911643626397145,
      6.150742687938982
    ],
    [
      5.6138343128750785,
      3.4397921221338756,
      8.10363518264912,
      5.9712385044936065,
      5.74760554135471
    ],
    [
      6.990211354409544,
      5.8761422974807545,
      6.18618438688741,
      5.540209215436296,
      6.495494244860636
    ],
    [
      4.225132230458174,
      5.038335637060997,
      6.369446851676985,
      3.9471276648255467,
      5.995698486219375
    ],
    [
      4.513380324562478,
      3.8769264326282946,
      9.347253015510962,
      6.833103369496172,
      5.490720896352938
    ],
    [
      6.235525913858496,
      3.241038513249846,
      8.63424158950733,
      6.847655534215748,
      4.89181842422068
    ],
    [
      5.275721019631264,
      3.304996808894506,
      6.1435184965283005,
      5.17390682093042,
      8.750087001787893
    ],
    [
      3.6828826642701973,
      2.227227279977359,
      5.086093202616367,
      3.50252400000707,
      5.3357217665191214
    ],
    [
      4.990675072956151,
      2.3045482101270167,
      7.737279373892015,
      6.791007308319272,
      5.594407023695236
    ],
    [
      4.641591198001407,
      3.4055828825563297,
      6.280533958969405,
      5.355947992079579,
      6.2072123449573375
    ],
    [
      4.513379955308684,
      3.734278842336671,
      6.940737214061642,
      5.229236031442626,
      5.234297106771774
    ],
    [
      7.306272106271765,
      4.1919557020856875,
      7.766488298260815,
      6.506129136894938,
      5.422041719257523
    ],
    [
      6.352463793472045,
      4.396140259150254,
      6.764759620717905,
      5.214681928313737,
      5.071492344894959
    ],
    [
      6.7783770135257475,
      4.377530509022413,
      7.553920636512002,
      6.037848223631721,
      7.155380600427989
    ],
    [
      4.1636302146968065,
      2.489307929210939,
      8.524981377632528,
      4.7049541581035585,
      4.047262510503691
    ],
    [
      5.720937006926129,
      3.390065419141497,
      7.457070832595629,
      4.989396481298782,
      6.39013809913542
    ]
  ],
  "id": 48,
  "df": 5
}