{
  "mu": [
    6.29389552463368,
    3.982675323885868,
    4.90407359044618,
    6.569750876710012,
    4.763840631135128
  ],
  "x": [
    [
      7.884754375613894,
      2.4640496580618976,
      5.098707497318088,
      5.51606884952581,
      4.203090110762611
    ],
    [
      4.723115814399829,
      3.2127100716058212,
      5.040611380768164,
      7.276338361755896,
      5.1591923241974955
    ],
    [
      7.612007770431637,
      3.720561588138517,
      3.8499431868384093,
      6.08566104351931,
      3.775905033710127
    ],
    [
      6.371006512067267,
      4.720626831741047,
      4.738826665937644,
      6.456996822782148,
      5.119651510115339
    ],
    [
      6.33852157171679,
      3.774869612828502,
      3.9827905464651954,
      5.2459798852252595,
      4.861636221037708
    ],
    [
      6.86594780920633,
      3.2451798168790615,
      4.118360000112963,
      6.89544998685328,
      3.161377070447571
    ],
    [
      6.417505806730745,
      4.194264335917775,
      6.712493619303854,
      6.40751664154032,
      3.1868296865874175
    ],
    [
      5.2296604049957285,
      3.204535941006028,
      3.7564036652010167,
      6.87284153188092,
      4.682626381633976
    ],
    [
      6.923198574376963,
      3.9330155308478227,
      4.67585649001617,
      8.386319484999069,
      6.691181415300628
    ],
    [
      5.0962743889422235,
      3.121283584128144,
      3.9188614656164735,
      7.98953528126486,
      3.8597664866367607
    ],
    [
      6.596784875263326,
      3.482655912841879,
      4.3714044384196225,
      8.252546187790523,
      4.442935211353494
    ],
    [
      9.077527604867303,
      3.3224002260003425,
      5.4691904471319495,
      5.856727308714076,
      4.152050386344909
    ],
    [
      7.300657526607549,
      6.81028685056396,
      4.066581502289724,
      7.267043783440009,
      4.181368668448765
    ],
    [
      6.935890358030006,
      4.418082891327215,
      4.002124597769415,
      6.785249357666871,
      4.522609848343696
    ],
    [
      7.826650727286596,
      4.094372751990925,
      6.294246393382879,
      7.824535364294762,
      4.434380381099106
    ],
    [
      5.01962557718827,
      4.630513396599144,
      5.498060479966121,
      6.366314708367468,
      3.0276177165935074
    ],
    [
      5.423034810360935,
      2.9036387274303213,
      6.642207072005168,
      8.716770224312233,
      6.204047994760598
    ],
    [
      6.1142611199204415,
      3.1014534570138457,
      5.702486346062293,
      7.32952511635378,
      4.615990348946549
    ],
    [
      7.059712370246979,
      4.677308282450006,
      5.354913660432534,
      6.20165725169846,
      4.294960091263895
    ],
    [
      7.89110346696353,
      3.2605867368384756,
      4.848948175299694,
      7.224816483426718,
      6.655066065113858
    ],
    [
      5.346281072429139,
      3.4348981061907864,
      3.3496649049723555,
      6.86614593388349,
      4.36588842764602
    ],
    [
      6.138876688808843,
      2.9866399535157315,
      5.198770688463849,
      8.03406475041519,
      4.465017541425074
    ],
    [
      5.942597409036913,
      4.348706183429304,
      3.986464836755379,
      6.330394020570649,
      2.6378062828147764
    ],
    [
      5.008085719926233,
      1.5633322865333281,
      3.5206832331174613,
      5.737586823810894,
      5.0882026601099515
    ],
    [
      6.443537327978248,
      2.4511430651495134,
      4.285357303206175,
      6.355376865684063,
      4.564730432605855
    ],
    [
      8.399435214264697,
      4.95198437706014,
      4.4158264230999285,
      5.6897014138224655,
      5.64405682900699
    ],
    [
      5.826193492781489,
      4.334244738831279,
      5.072332222467993,
      5.3750460833416716,
      5.75426509752528
    ],
    [
      5.928910319857782,
      2.6070101971732127,
      6.4446225096047645,
      5.648969409321771,
      4.489772030584831
    ],
    [
      7.0431399743442,
      4.628066288727711,
      3.695187242095187,
      6.612769784169011,
      3.811996767858429
    ],
    [
      6.889660969844478,
      3.043706939023285,
      5.9716224322096725,
      8.440015370798994,
      4.006789600992603
    ],
    [
      5.853868134268999,
      4.4309277092586905,
      4.355427786350447,
      7.154961004571583,
      4.344161252861011
    ],
    [
      5.705625828512867,
      4.486861883556654,
      5.789796928097204,
      7.025374711744626,
      3.414175682441556
    ],
    [
      5.507085006500307,
      2.0284542874809968,
      3.2661318455507686,
      6.401072069085286,
      4.451977908008044
    ],
    [
      6.69396123114455,
      6.713897534268023,
      2.967126082492417,
      6.267533045941417,
      5.177380470764509
    ],
    [
      5.641422628803695,
      3.600663654685942,
      4.704284563627272,
      6.164588613650179,
      3.4730058384360456
    ],
    [
      7.478450968149645,
      4.154951341710106,
      5.2805563014500985,
      6.3922528906607425,
      4.336324800222775
    ],
    [
      5.443273393775074,
      4.286759541075028,
      5.798481699738768,
      4.995421536339961,
      3.2918645765034524
    ],
    [
      5.539732534761885,
      4.4013155987522525,
      5.2322161549851876,
      4.358851153278614,
      5.976225233737642
    ],
    [
      5.002146030949236,
      3.79954741401814,
      5.011100396764303,
      6.896415136426992,
      5.651915560463718
    ],
    [
      6.9961630067114715,
      6.623610364272927,
      5.891364532250748,
      4.762710990287503,
      5.346437275062176
    ],
    [
      6.579519969543742,
      4.717725635998287,
      5.435310531396424,
      7.818963865895805,
      2.699524291029013
    ],
    [
      8.573091223317437,
      4.933745489639681,
      6.731519197168154,
      5.6644833146316875,
      5.7733928609245
    ],
    [
      6.42610676025729,
      3.205565678432504,
      6.742566651432058,
      6.381266344217842,
      4.425875347596445
    ],
    [
      7.678694874767289,
      4.070075450845359,
      7.15049053329866,
      7.841753441225889,
      4.245044467930536
    ],
    [
      5.436214147550848,
      3.3231677156042103,
      5.946685652577411,
      8.118047095071951,
      3.5446648473033786
    ],
    [
      5.495975083763391,
      3.6761343264299398,
      3.3121726274847685,
      6.335595322980423,
      5.695427049155614
    ],
    [
      5.1339009288958195,
      3.3653961556734897,
      3.902653382520552,
      7.101631297433349,
      5.412206275637006
    ],
    [
      6.797995738555393,
      4.068554404534347,
      2.971802381622551,
      5.2849172204896675,
      3.8947110371031997
    ],
    [
      6.204950585936789,
      3.0490407186438513,
      6.516725240705137,
      5.623871246857375,
      4.1320466995295355
    ],
    [
      6.276600168442191,
      2.828250047442275,
      4.220705717351416,
      6.169312995294655,
      4.630309472691343
    ]
  ],
  "id": 3,
  "df": 5
}