{
  "mu": [
    4.376745984386988,
    4.1462367543495455,
    6.330037377087634,
    3.204444222941027,
    5.634713946289397
  ],
  "x": [
    [
      6.129534885807621,
      3.2966500543896795,
      7.020063587852256,
      5.146711933494633,
      7.5281446046390945
    ],
    [
      4.03069428828619,
      3.8431871394597072,
      5.576254005758137,
      3.261286415864746,
      6.722325157541919
    ],
    [
      4.173282107970037,
      3.4387986847547896,
      6.279835033448548,
      2.8975976610686978,
      6.598989343994912
    ],
    [
      5.644796699627466,
      4.816476421768701,
      7.767890988397864,
      2.84972113483644,
      6.628156033537
    ],
    [
      1.9003202635168193,
      4.909226228402613,
      6.430304992567969,
      5.293654076954041,
      6.916466022395694
    ],
    [
      5.15403463543324,
      3.6732766539646446,
      6.5887285264915825,
      2.322698464216659,
      6.116596988872168
    ],
    [
      5.59540579497611,
      4.414958272224659,
      5.957654118763257,
      3.6084779106869527,
      6.805564190200392
    ],
    [
      3.4411810103137714,
      4.240617206539053,
      7.325249125476869,
      3.4419069731650827,
      5.370902814265099
    ],
    [
      3.908433513138782,
      4.324284125861342,
      4.801775532470942,
      2.702186294347448,
      7.108880255780496
    ],
    [
      6.983816448656917,
      3.1913528039039827,
      5.946727091348674,
      4.1990891674511115,
      6.016261338102639
    ],
    [
      4.553252712583986,
      4.619473289824523,
      6.528973248002599,
      4.486241607428794,
      6.753375021256143
    ],
    [
      3.6435819256669983,
      4.925358252346381,
      7.223747198258942,
      3.5817430603789866,
      6.870317533316548
    ],
    [
      4.203594532446439,
      4.101972088721059,
      5.826485826403376,
      4.6159668463297265,
      3.8360631805750236
    ],
    [
      2.45188998140821,
      3.9998530083100814,
      6.62899300708598,
      3.9495099648967926,
      6.3928090569293134
    ],
    [
      3.950327733993524,
      3.969833508088582,
      7.263634907909366,
      4.308866660907892,
      5.994743645739968
    ],
    [
      5.137814252434227,
      4.241278172797082,
      7.052584162947132,
      2.2350669867275044,
      5.482277990216996
    ],
    [
      4.842155771515783,
      3.6483318891604153,
      7.596631892649493,
      3.7507996764766416,
      6.12343299201321
    ],
    [
      3.9873376937038683,
      4.3594440635587315,
      6.718081481425085,
      3.8713888331943216,
      4.443354702018914
    ],
    [
      5.045770006457356,
      4.497711503787092,
      6.880375592126897,
      0.26611046362059865,
      7.241300886385467
    ],
    [
      4.692561000499652,
      5.537772670745845,
      6.045285828188279,
      3.9852826528212164,
      5.93428148777949
    ],
    [
      3.837708850914182,
      5.113925758257165,
      5.576626848678877,
      3.2373607628847356,
      5.781608834820665
    ],
    [
      1.4309684585248088,
      4.010144566141387,
      6.403572541227264,
      2.885132930220318,
      4.780120359820744
    ],
    [
      4.943418561134016,
      4.503820748736368,
      5.555852285189398,
      2.365508632823693,
      4.834333944196871
    ],
    [
      4.099276724392419,
      4.727743147306304,
      5.231903434803532,
      3.417081114651894,
      5.797118017622698
    ],
    [
      4.81947785933701,
      5.3412767563707355,
      6.052177524425928,
      2.827488993202059,
      6.125251230067002
    ],
    [
      4.067782621378437,
      3.753008172885097,
      7.310313535977633,
      2.899576874085763,
      6.338776918910715
    ],
    [
      3.410048157956213,
      2.8037417047141617,
      5.729453296228851,
      3.996977457058332,
      5.058973606770406
    ],
    [
      3.652817887762735,
      4.522314798016515,
      5.998044642763404,
      4.278294654216904,
      6.707777488992381
    ],
    [
      4.827639845288522,
      4.191641767375713,
      4.613348722273992,
      2.534999008068618,
      3.2925750640851503
    ],
    [
      2.8132817698275563,
      4.259921498209886,
      5.389730657565582,
      3.6935577667199,
      4.967908242415307
    ],
    [
      5.832172407728365,
      3.7889756670866475,
      5.912705305483033,
      3.608863679834687,
      4.891022402009881
    ],
    [
      4.992184407379732,
      4.453391788499618,
      5.760200356984891,
      3.2169010429699605,
      6.503898192851962
    ],
    [
      3.7788184191386422,
      3.4199471965194657,
      4.311099135245648,
      3.704292125258335,
      6.48501253643284
    ],
    [
      4.724365685874258,
      3.2628603988735128,
      5.966281873604296,
      3.6370115804615235,
      6.196385369439101
    ],
    [
      5.525778061983541,
      3.894777291899791,
      7.175410632606079,
      3.4901196134643615,
      6.776112018133579
    ],
    [
      5.476781096181885,
      5.231164935601872,
      7.235506151270645,
      1.7589953499443605,
      5.2056469621929615
    ],
    [
      4.1857617432689,
      7.447390630379056,
      6.044504685108307,
      3.8422196337245444,
      6.393006328958867
    ],
    [
      3.374220478682063,
      4.819511674605162,
      6.662417037717028,
      4.079024477003233,
      7.482160785285817
    ],
    [
      5.457077847094748,
      4.955282765752864,
      6.2296732244056985,
      2.9445645950119337,
      4.469169870528949
    ],
    [
      5.473642807432403,
      4.930589419085198,
      5.756112788320759,
      3.1255323008559133,
      5.728703256273539
    ],
    [
      6.2131905557196205,
      4.449600971138603,
      7.228252285614297,
      2.8277248208971755,
      7.768025771106011
    ],
    [
      5.537004862981534,
      6.356533969742971,
      6.160971372270946,
      2.0017828452816326,
      3.7918302499828593
    ],
    [
      3.919142819047308,
      4.636535064327678,
      4.605294656466598,
      4.015534668866113,
      5.899250860681025
    ],
    [
      5.484020410552237,
      5.911246107853302,
      6.874076167582268,
      2.598978472826826,
      4.265528791433954
    ],
    [
      5.948895907898212,
      2.851193255715532,
      7.392169205860649,
      2.9952135927955488,
      4.1803378638843816
    ],
    [
      4.3891928869508865,
      5.244848442053543,
      5.669591433101937,
      4.084449919284837,
      5.909571107838731
    ],
    [
      4.038668046795612,
      3.876623007168658,
      8.252060100138191,
      1.8696652715421307,
      3.4035897042154306
    ],
    [
      3.2893482004162644,
      5.5945289395066045,
      6.448820488144061,
      2.737139387275592,
      5.568655807848022
    ],
    [
      5.0239557342317545,
      3.5849374291562595,
      6.927753518368516,
      2.525236333250869,
      5.435727893511892
    ],
    [
      4.014511966937964,
      4.716580368417848,
      4.079687164787867,
      3.0743635439828703,
      5.859124191454443
    ]
  ],
  "id": 18,
  "df": 5
}