{
  "mu": [
    3.8320437590528083,
    6.332931574918472,
    4.810360078521227,
    5.9663735185304,
    4.663073848139904
  ],
  "x": [
    [
      4.362893412356595,
      8.146316925269085,
      5.920717469455736,
      5.302760588437293,
      6.22161983559452
    ],
    [
      2.9093779206927914,
      6.41129256318979,
      4.864232933313857,
      7.073198439734566,
      6.1906936550762115
    ],
    [
      3.1505911814169205,
      6.696539940769027,
      6.724718592916474,
      5.4337704697556,
      5.530046581444762
    ],
    [
      4.283438497235089,
      6.983601121989935,
      4.178763699778837,
      6.464366806177022,
      6.044843886517952
    ],
    [
      4.957823565642412,
      5.9465777471453904,
      6.435977232535011,
      5.928717956704532,
      5.51177155904108
    ],
    [
      2.5863118077711293,
      7.245033454856456,
      5.054945299769325,
      6.045433944520265,
      4.88356852986407
    ],
    [
      5.982438472647408,
      5.848830532167495,
      4.336247277983409,
      4.275668057022581,
      4.324575246597986
    ],
    [
      3.6891184933539516,
      6.536978942406039,
      4.618318726925994,
      6.820002156986989,
      4.443109314549236
    ],
    [
      2.287060354917688,
      5.76012240477765,
      4.438422418529519,
      6.421130802326199,
      6.481220992831885
    ],
    [
      4.042665527247092,
      6.3324404243062125,
      5.5731429231375715,
      2.91723221730429,
      5.231284439048666
    ],
    [
      4.7094289252607044,
      9.695800016049047,
      4.732129138864776,
      6.6678553041016295,
      5.168870676517945
    ],
    [
      5.41390100529836,
      7.153932536262522,
      5.727091225507043,
      7.132402510513186,
      3.835784170442424
    ],
    [
      4.52521553804055,
      7.330022781637346,
      4.280818852737703,
      7.830238572641838,
      3.487385206805541
    ],
    [
      4.07834536178554,
      6.643305433670038,
      5.080155751372338,
      5.179050672697154,
      6.279198268626259
    ],
    [
      3.451221817393237,
      7.870754735220944,
      3.698489236136001,
      3.764083080508847,
      5.027526281774991
    ],
    [
      5.584825818091024,
      5.7432856855741266,
      5.913443514686223,
      7.578765583765073,
      5.420906200947292
    ],
    [
      3.9275075765669865,
      3.139832239424112,
      5.896992597569979,
      7.240138868914931,
      3.760084622320359
    ],
    [
      4.000957871936878,
      6.940663034304091,
      4.911271185941623,
      8.360909944662842,
      4.305730828789517
    ],
    [
      3.8499857306770022,
      7.068611444543402,
      4.3414703454655905,
      6.620910669648588,
      5.512953954256077
    ],
    [
      2.6649340185449133,
      7.327318144691692,
      5.78260336341265,
      5.233606388384293,
      5.732974352520708
    ],
    [
      4.108544556213222,
      4.426119105453389,
      5.532073745626724,
      5.7720602420318485,
      4.153978665750477
    ],
    [
      4.130632715329675,
      5.749273397269415,
      5.195154476922446,
      6.699444389413657,
      4.943351144966033
    ],
    [
      3.4277243392291012,
      6.08938144473788,
      3.4713357341838122,
      6.40835431278607,
      6.651629874835649
    ],
    [
      3.9610281852269504,
      6.055845662064393,
      4.961590662299088,
      5.043519498115437,
      2.784345974229371
    ],
    [
      3.838689945138985,
      7.172472668047702,
      3.6567910324569572,
      6.178850708187747,
      3.4027569153509427
    ],
    [
      3.06980128053288,
      6.495911052563911,
      4.642189645182002,
      5.744073462604185,
      5.086534399926502
    ],
    [
      2.938477473308883,
      6.121344750360859,
      5.049401531104596,
      8.021322079874029,
      3.653836203827024
    ],
    [
      4.288512545722427,
      4.790978504769398,
      4.483744499969491,
      5.78875154967965,
      5.530318758217055
    ],
    [
      4.338634923144536,
      5.64325248842103,
      3.67100697281934,
      5.6783628403832065,
      4.481100336335682
    ],
    [
      5.034098406466448,
      6.742259528086479,
      4.6657133551125325,
      4.680754025321978,
      3.7749177662170483
    ],
    [
      3.637711011118505,
      5.411010610295552,
      4.617779153072998,
      5.415003087844412,
      4.0747610474095595
    ],
    [
      4.722955082359347,
      4.105099949235001,
      3.7974739706209,
      5.8557349700141454,
      4.030281543965222
    ],
    [
      4.291262648210077,
      4.212182561039451,
      4.798700179251917,
      5.172163583936855,
      5.380953976628717
    ],
    [
      3.2580335881544844,
      6.153487005819756,
      4.92643201926857,
      6.298660032284563,
      4.198985965262663
    ],
    [
      4.74390364693929,
      6.910832275782808,
      3.3707969218138256,
      6.126881579037182,
      4.867145909096457
    ],
    [
      2.882611993219164,
      6.176223068249783,
      4.858413426644991,
      7.624956707829442,
      4.101180524374287
    ],
    [
      2.912770696348973,
      6.655828984643617,
      4.884046315551867,
      6.433609092325163,
      6.566997844389479
    ],
    [
      3.5645278008795316,
      6.013967170224053,
      4.86766201437817,
      4.860679133860877,
      4.021939723395796
    ],
    [
      5.252658068050458,
      6.8399804587930255,
      4.760343744642953,
      4.24860822550949,
      4.392776251631102
    ],
    [
      3.7028046259810634,
      5.435551137427598,
      3.8129771170428937,
      5.290836477954811,
      3.4496920300204383
    ],
    [
      2.4993870833578375,
      6.575442035512943,
      5.473307898389276,
      6.3289010950793,
      6.17227482374475
    ],
    [
      3.4032517550527808,
      5.227340090420821,
      4.140748966864013,
      5.8396263518270874,
      3.789828377812589
    ],
    [
      3.551673249951937,
      7.1109746992185805,
      4.688106957070977,
      6.9468510477235155,
      4.542569551388156
    ],
    [
      4.868397978955465,
      5.309664627541124,
      4.0069305817737915,
      7.151114971372724,
      4.714858620763045
    ],
    [
      3.2425141190832694,
      5.93119737417472,
      5.221916707689483,
      6.847246657061598,
      5.4433838158931565
    ],
    [
      4.439262454294371,
      4.905812430279986,
      4.4223301010309966,
      5.194287285326984,
      5.321074231377908
    ],
    [
      4.759418942252891,
      7.491635056091784,
      6.758849011068793,
      5.1500820807867385,
      4.30994261936699
    ],
    [
      5.557196321472372,
      6.1163190842537825,
      5.940671157625953,
      6.344313254671737,
      5.851604717974913
    ],
    [
      4.436424175392808,
      7.560783955435917,
      4.445512113416037,
      5.610896065900672,
      4.8412196692392575
    ],
    [
      4.591440565051281,
      7.115879324003079,
      3.373880662222936,
      6.048558803732407,
      2.523999325375794
    ]
  ],
  "id": 46,
  "df": 5
}