{
  "mu": [
    4.830997884073384,
    5.535161747470221,
    6.092109669398269,
    3.8859067326291603,
    6.53931183580131
  ],
  "x": [
    [
      3.241461813448254,
      6.0013740418622135,
      5.874487072064416,
      3.3989364035813168,
      5.9743619599482205
    ],
    [
      6.437133277524777,
      6.102807400958885,
      5.306954190377252,
      3.054869361592252,
      5.9062811374174204
    ],
    [
      4.874384080340484,
      6.767896737551565,
      5.819257234083838,
      2.193921072920527,
      6.645166594678127
    ],
    [
      5.379620672957917,
      4.437040613356173,
      5.91116364416179,
      3.9399652218366557,
      7.278450992532514
    ],
    [
      5.4710276031559335,
      3.1312677790765684,
      5.523915014276484,
      1.6388615511488367,
      6.3723635755500485
    ],
    [
      6.019980085931954,
      5.50614188138564,
      8.00699082383557,
      3.7623237366385673,
      6.900674339958114
    ],
    [
      5.022756987046127,
      5.165623904078422,
      6.656340477099589,
      3.0006695496889826,
      6.890032629678088
    ],
    [
      4.38950164309316,
      5.741443040372169,
      5.846117253660242,
      5.278929741935497,
      6.894327996383595
    ],
    [
      4.031736667228408,
      5.149683996684175,
      4.901543121066601,
      4.530032216846595,
      6.751043115129969
    ],
    [
      4.458062707934075,
      4.787111439628062,
      5.674917453582706,
      2.7303262120683787,
      6.595938017914891
    ],
    [
      4.315437949210143,
      5.717935616221253,
      5.380339692389408,
      4.481149440543385,
      6.195913938439977
    ],
    [
      5.023743994673896,
      5.947905892683843,
      6.841509477359148,
      5.724644739517774,
      6.729374668554156
    ],
    [
      3.756201375420357,
      4.756673762985411,
      5.26781888863323,
      3.0517766256115078,
      7.154902212035252
    ],
    [
      3.0760993028997143,
      4.877818173365182,
      7.375444912954798,
      3.88189399078798,
      9.354414610443623
    ],
    [
      5.565988729039418,
      4.152078750301632,
      5.895935923105014,
      3.291919245933675,
      6.768857375474926
    ],
    [
      5.758071838416186,
      4.603374988353029,
      7.795619763983169,
      3.4293621681529913,
      6.222101205297323
    ],
    [
      4.54238146535325,
      6.518232969850018,
      7.2491855709991935,
      4.065833452076739,
      6.535957379960783
    ],
    [
      5.625569205995507,
      6.985214034412053,
      4.842424883054725,
      2.3626555921472816,
      6.876949718665751
    ],
    [
      2.828649326450281,
      5.968846394955133,
      6.448750204489808,
      3.092283963021303,
      7.775476405766468
    ],
    [
      4.894068339603553,
      5.6066629508595245,
      6.460533891226713,
      4.259484992309872,
      6.712342376091807
    ],
    [
      5.555648210733563,
      3.2554674476643637,
      6.042817575877134,
      4.707200365273468,
      5.656910984841008
    ],
    [
      3.8762021255508654,
      5.938937048021121,
      5.467476068652321,
      4.810699781828172,
      7.821424331114671
    ],
    [
      4.842079661296361,
      6.1466657182520175,
      8.311575829939276,
      2.803041182662089,
      4.627163570763635
    ],
    [
      5.403812527007669,
      5.702670530842854,
      5.746557376769862,
      4.744559113400171,
      6.465585916960704
    ],
    [
      6.200134592060836,
      6.772862892458203,
      5.838572532869847,
      3.9067768889208097,
      6.373362890010707
    ],
    [
      6.9610075968185265,
      5.755364278282695,
      5.282429524842528,
      3.210675106379073,
      6.461375022239604
    ],
    [
      5.417427951552019,
      5.846679262353309,
      6.911684218385107,
      3.621344376806677,
      5.40115617226078
    ],
    [
      5.160161022911477,
      7.4214674177629885,
      5.783709428376055,
      4.27427190877874,
      6.311139141768997
    ],
    [
      4.247548818105513,
      6.432797010752419,
      6.620586423878837,
      5.194815905801786,
      7.135638735630641
    ],
    [
      4.858088126416324,
      5.058950128551248,
      5.014770358903971,
      3.8566003659847357,
      6.748260727979879
    ],
    [
      4.992871499627319,
      5.807040028263263,
      5.742390736799252,
      2.8763558640079068,
      6.568865660754073
    ],
    [
      3.1742611080359024,
      5.732165954560764,
      6.817406857928456,
      2.063762952010939,
      5.736906807793272
    ],
    [
      5.002325217359112,
      4.781764997469861,
      4.053859287730578,
      3.5548156808144005,
      7.444013897179448
    ],
    [
      4.517709825464088,
      5.706048353956813,
      6.085498654036226,
      4.301327457188419,
      7.065666101410024
    ],
    [
      3.9880514766264623,
      5.673026617084105,
      4.767636889909624,
      2.464250793690578,
      7.064647583402375
    ],
    [
      4.9400768875601555,
      6.151159282373398,
      5.4726726261703424,
      2.2553635528123577,
      6.79211144026293
    ],
    [
      5.878699546025892,
      5.211967508929842,
      5.223048615432299,
      5.0889075244529565,
      5.4740900050759205
    ],
    [
      4.952243566619309,
      6.27432118375083,
      6.113957000027613,
      5.147144508482528,
      5.302750999996492
    ],
    [
      5.937447530789713,
      5.172864100563651,
      5.950828363899036,
      1.9090490497686314,
      7.1597597199817375
    ],
    [
      6.749313699466947,
      6.852063107705241,
      5.830400874990682,
      3.5100624652658183,
      6.022289378712568
    ],
    [
      3.6705250783269006,
      5.980549605128975,
      6.791168342903134,
      3.1907756091886914,
      5.170516203471837
    ],
    [
      5.236800717894284,
      5.52230751761261,
      4.665438932273489,
      5.649978298673114,
      6.778641186531705
    ],
    [
      4.488035802190869,
      4.891703990312235,
      5.5777486940134695,
      3.556554975824985,
      6.011124772664658
    ],
    [
      6.708906052100627,
      7.2713888084642075,
      6.985857691456439,
      3.7667033926407747,
      5.686426568275931
    ],
    [
      5.067040588714326,
      4.468190889241232,
      5.9663865321361325,
      2.531812310500625,
      7.768512549461678
    ],
    [
      5.282028770974892,
      6.226297314596086,
      5.330333888444808,
      4.031652167850577,
      6.281224222565738
    ],
    [
      6.046093207950039,
      6.609896692110816,
      6.7175151433891225,
      5.757203640247069,
      8.522064661265688
    ],
    [
      6.312175165077144,
      3.9474269286777837,
      6.828118585001233,
      5.3586953740670165,
      8.362682513680433
    ],
    [
      5.058937593004425,
      4.882383017447527,
      4.573848002192764,
      3.3770415697726444,
      6.907709015525749
    ],
    [
      3.805331574464744,
      4.154725485699583,
      7.172413631458426,
      3.869122508184776,
      6.115039298123694
    ]
  ],
  "id": 40,
  "df": 5
}