{
  "mu": [
    4.870081444947808,
    4.6396488477452404,
    5.558044307739779,
    3.1205027781591355,
    4.386507134805103
  ],
  "x": [
    [
      6.080963169848679,
      3.2718657390912123,
      5.7790010010453114,
      2.017588846898262,
      3.7073923407691893
    ],
    [
      5.6369048223376845,
      5.913115408958232,
      5.4770583819128875,
      1.2875228557817717,
      3.9415518714500206
    ],
    [
      3.4996692620611034,
      5.782583521587824,
      6.734398736126616,
      3.455725186934037,
      3.589517901071448
    ],
    [
      3.517126256248906,
      5.161140589441954,
      5.828962438982372,
      2.7100689159029305,
      4.313545623257442
    ],
    [
      4.998441555186411,
      5.886135615830339,
      5.665237710343499,
      3.1261501469986213,
      4.762598742561817
    ],
    [
      4.147676095172354,
      6.165799098506256,
      5.428833961315833,
      1.4746300738479647,
      5.134995754157861
    ],
    [
      6.44314777804474,
      4.047225326417615,
      7.068193122220572,
      4.668739844202717,
      4.128669195208842
    ],
    [
      5.843252000163566,
      3.572771582412029,
      5.622823772098668,
      3.491060278195131,
      5.197863603276664
    ],
    [
      3.5727465393531563,
      4.2112035141823245,
      7.23257495875306,
      2.806498169493596,
      4.482503625886236
    ],
    [
      5.077764380421061,
      4.513285452904916,
      5.242667904869795,
      3.808815892632155,
      2.3464105079508055
    ],
    [
      3.928955516431509,
      2.6920529512776112,
      6.053505293503545,
      1.9061212698954917,
      4.609493779531106
    ],
    [
      5.934632939182527,
      4.261359769836347,
      6.384802844366206,
      3.1725665206203097,
      2.6453632033226677
    ],
    [
      4.210864922136367,
      4.686656809713285,
      5.358557546965856,
      4.563998610299208,
      5.9178594916242915
    ],
    [
      3.2060241572927985,
      4.380011636747082,
      6.404785317491475,
      4.318012780750607,
      4.913223384316062
    ],
    [
      3.087465459435856,
      5.461680579899246,
      5.53798388721457,
      1.1571885866323801,
      4.147944422482205
    ],
    [
      4.7075504238131165,
      5.075452586162415,
      5.040420070790724,
      2.269395799348963,
      5.1938182971326965
    ],
    [
      4.666783012044264,
      4.237268558964415,
      4.635928924522535,
      4.7786256832666965,
      4.842502457626065
    ],
    [
      3.4596463291957615,
      4.6804047029826386,
      5.346100860169847,
      2.295909873269918,
      4.712025871529489
    ],
    [
      3.6468680742014046,
      7.04388323817159,
      6.38259798081707,
      5.437866433019277,
      5.55711870608253
    ],
    [
      4.100313607393818,
      4.532379863457699,
      5.633180276187529,
      2.2397072806535627,
      4.866703691271467
    ],
    [
      3.7541279918597823,
      4.183368147771471,
      5.109089759192202,
      3.5276985815059514,
      4.889777540963552
    ],
    [
      3.2426000481393826,
      5.014639761774152,
      7.051408942124833,
      3.5740387257393404,
      3.8281937084512556
    ],
    [
      5.782220042674279,
      4.705709072184446,
      5.789003689289826,
      2.386545321903099,
      5.964099612542316
    ],
    [
      5.643309844040097,
      3.917910717702584,
      6.392633462405222,
      1.2058359180044649,
      5.675598214017509
    ],
    [
      4.6193767670626915,
      4.039599295457128,
      5.445622241293635,
      1.832521391784866,
      3.91955372025678
    ],
    [
      6.084021678509357,
      3.439824682315086,
      5.637584370386544,
      2.5122053677987806,
      4.416028968716931
    ],
    [
      3.704036056396159,
      5.20665997769802,
      4.495844610391168,
      3.229162340147058,
      4.530208740273355
    ],
    [
      3.014861645404483,
      4.041258955259598,
      6.025617284344193,
      3.291612932537943,
      4.4824162198179
    ],
    [
      3.072398424767555,
      6.139971134259009,
      5.710547018110359,
      2.053361381948932,
      4.032016143298697
    ],
    [
      5.459834971037805,
      2.5207140924059708,
      6.212607355890193,
      2.725110703151818,
      5.156528207247736
    ],
    [
      6.594808647183805,
      3.881122964182722,
      3.6327964623453735,
      2.7588758181344066,
      2.9164572946411336
    ],
    [
      4.657301993166005,
      4.634185591591279,
      5.344697064602704,
      3.336255905790154,
      5.496318950668404
    ],
    [
      5.945084612737508,
      6.252766454695063,
      5.692590072774652,
      2.785045813784581,
      5.909860800053929
    ],
    [
      4.081930362085285,
      3.48677116825466,
      5.494098553712506,
      4.708445064002416,
      4.626063048019393
    ],
    [
      5.539931023676393,
      4.5782033527915615,
      6.869269880970578,
      5.7002543664928425,
      5.859077464983568
    ],
    [
      4.48270592444006,
      4.734333102347996,
      5.312468703943856,
      4.631152748283445,
      3.9283232391658363
    ],
    [
      3.9660040164481916,
      5.691386025979425,
      4.683020040586763,
      3.794527846311606,
      5.327370869790092
    ],
    [
      3.5856503982502117,
      4.321041244984136,
      6.48292635632391,
      4.11204416770017,
      4.689652507610121
    ],
    [
      4.689539983294178,
      5.2211038337584466,
      4.03145414764724,
      3.261839935418834,
      4.17966378551232
    ],
    [
      3.2475984995036975,
      5.518570688974806,
      5.643517694890392,
      3.2897195436128013,
      3.5970671126141935
    ],
    [
      6.126086791247978,
      4.007377612615164,
      7.49578100067292,
      2.46091347216083,
      5.938985439471017
    ],
    [
      5.1833213608096464,
      4.383608219692529,
      4.544991424601851,
      4.194979268239583,
      2.7473923534586904
    ],
    [
      5.112164891289339,
      6.2552542500229205,
      6.440051157726437,
      3.6430265995797964,
      3.5395706276750047
    ],
    [
      5.023987957890162,
      5.890333735721846,
      6.291692741558547,
      3.2374768413820947,
      4.970264900883205
    ],
    [
      4.128646872895134,
      5.471845585295649,
      5.215925381107086,
      4.3651530719803215,
      3.870629987406798
    ],
    [
      3.044613477327493,
      5.019598551027284,
      7.0113041405628245,
      4.883681535076368,
      3.006272124284083
    ],
    [
      4.614613870763638,
      4.706737852734054,
      6.201789696377438,
      2.9268561974825267,
      4.086507150241968
    ],
    [
      3.2490230726831646,
      4.476690089184746,
      6.480383259359527,
      1.7828874300220487,
      4.363883799221171
    ],
    [
      6.611965663982026,
      3.7098115479780613,
      5.670426586940742,
      3.856854664947523,
      2.6315692651764335
    ],
    [
      5.809901512528604,
      3.7130385012071883,
      8.010683871648379,
      5.0285810758141505,
      5.215920585733142
    ]
  ],
  "id": 7,
  "df": 5
}