{
  "mu": [
    5.635847407412355,
    5.225297000802093,
    3.195999251121324,
    6.875299361105827,
    6.195726739499261
  ],
  "x": [
    [
      4.454097851872744,
      3.9787835221778356,
      4.345424431765551,
      6.202141135426551,
      5.610586355755568
    ],
    [
      3.985883781283135,
      5.890483813462022,
      3.23626750751406,
      6.446495191569678,
      4.96455745355947
    ],
    [
      4.931950091982442,
      6.505649525070202,
      4.638829775923665,
      8.012796232242117,
      6.197185960166461
    ],
    [
      7.676284679186014,
      4.1036569873849995,
      3.400859251814473,
      8.78261448742646,
      6.420325347522461
    ],
    [
      6.397355229999588,
      5.41951821927365,
      2.912880397219298,
      7.1289860563340515,
      6.6841215987684475
    ],
    [
      6.601863543056635,
      4.579704576176246,
      3.1038265299834613,
      5.472917462713405,
      5.592836681283373
    ],
    [
      7.192388975824735,
      5.179493367729683,
      2.308806005746725,
      7.450162966089861,
      6.81416917249299
    ],
    [
      5.517038390559556,
      6.121755440327274,
      4.7359081678086445,
      7.524278858905317,
      7.230071693614579
    ],
    [
      6.189834911318246,
      5.725805662041281,
      0.6194955241925149,
      7.367352265855932,
      6.573763266088843
    ],
    [
      4.201446679984458,
      4.910387077247924,
      4.18571170984867,
      5.4637763871393314,
      6.092320997001576
    ],
    [
      4.675489867688081,
      5.405067368637744,
      1.2057476468347534,
      5.50535212354454,
      6.963943582672106
    ],
    [
      5.865326344000482,
      5.69810489146675,
      4.249989756315671,
      5.6564991693133715,
      4.449315097321105
    ],
    [
      6.798628523343476,
      3.679212136625593,
      2.80804535784489,
      6.824890105262989,
      5.252406120709842
    ],
    [
      4.588556102613303,
      4.631604128677236,
      5.992005316104239,
      6.5305018114167765,
      6.813073323950159
    ],
    [
      5.789097993349871,
      5.544377201460551,
      3.999349033164493,
      7.735249640431053,
      6.117541173001686
    ],
    [
      6.2964690788037485,
      4.944792762827209,
      3.8161274810832504,
      6.925825620435474,
      4.79855152468362
    ],
    [
      5.279917876254347,
      5.112758269801005,
      3.8262538802362505,
      7.085465801825346,
      4.826701514813532
    ],
    [
      4.054645832601053,
      5.800707079173205,
      5.56248247404184,
      5.985414933312104,
      6.3992242897926355
    ],
    [
      4.522710271116495,
      5.4893901708075274,
      3.0636466021127413,
      6.9202010768681355,
      6.608192465179193
    ],
    [
      5.961159957462984,
      4.412437435802435,
      2.748144085574835,
      6.899258565343662,
      5.911981159497953
    ],
    [
      6.214412541947944,
      3.6487592339800643,
      2.6143435064295324,
      6.730152022718735,
      5.555220826731363
    ],
    [
      5.351498144286138,
      6.36023296301079,
      3.3435689655452645,
      6.206289533638364,
      6.112724684119022
    ],
    [
      4.897184541870985,
      6.243336392450428,
      3.4888004016805128,
      5.410999519924477,
      5.628932013496996
    ],
    [
      5.832417590789982,
      3.494528607619385,
      2.5565650988176274,
      5.854563132942061,
      7.0365284621470625
    ],
    [
      5.622579500473128,
      6.556935548269718,
      3.6456939643650093,
      8.47090302572603,
      5.905501641786058
    ],
    [
      6.284374434317698,
      5.047349598622427,
      4.135865589888703,
      6.453413308535646,
      5.88131154166044
    ],
    [
      5.789511417337133,
      5.04868370600276,
      1.8341126709250064,
      7.38178697178633,
      6.164851815991544
    ],
    [
      5.400066847939789,
      4.0236090447151405,
      3.784081220879191,
      7.347871068237819,
      5.145369939507128
    ],
    [
      4.858903891824255,
      6.521327952421487,
      2.288277291108531,
      7.176051099057154,
      6.424338736636878
    ],
    [
      6.68419775520988,
      4.781872388815513,
      4.292544362156859,
      7.7644322332757465,
      8.796709353036634
    ],
    [
      6.089770417028031,
      5.255940737190362,
      4.100116389261374,
      6.429544551666502,
      6.231000532220834
    ],
    [
      5.253054802135383,
      3.3871265225702416,
      4.048020668434546,
      8.250225847127997,
      5.507905222935665
    ],
    [
      5.399681609718773,
      3.6966922686791186,
      4.000679353528677,
      6.6462574215480155,
      5.657392060859868
    ],
    [
      4.939435974711739,
      6.511339827632547,
      2.5134839551545296,
      5.699934811192625,
      7.527950801593423
    ],
    [
      5.509190318658717,
      6.030091070785445,
      2.637359484184058,
      8.493668473072955,
      5.812488512951652
    ],
    [
      4.69621470454347,
      4.839957624691505,
      2.852381273180092,
      8.515718458342256,
      6.683989006072573
    ],
    [
      4.350015221048319,
      5.570071281083285,
      3.5369107902143377,
      7.054289714204687,
      6.023586147528053
    ],
    [
      6.488717727746326,
      4.925192633166379,
      2.577253485034769,
      7.227063103210149,
      5.957251293106393
    ],
    [
      4.780158272495098,
      5.330422204041642,
      4.281045903662171,
      7.23907815255084,
      7.361511227520059
    ],
    [
      6.6119716306156615,
      5.7099760213849535,
      1.4478978095931472,
      6.404434039058647,
      5.683592916582982
    ],
    [
      6.686938904638172,
      3.2951982997254854,
      5.4522200734209445,
      6.781442474892743,
      5.968214933970519
    ],
    [
      5.909161398599899,
      4.715149390397615,
      4.294251878624506,
      7.031757637185984,
      5.700641731401626
    ],
    [
      7.427968077337381,
      5.397101161370486,
      2.951718608467605,
      8.589949206854989,
      6.384563845407756
    ],
    [
      6.184779557253587,
      3.292003465215888,
      4.2891985488147,
      4.388598752696657,
      4.893377141198056
    ],
    [
      5.548731407655659,
      5.611976852354164,
      2.011505318378389,
      5.444097666182025,
      5.438872312611286
    ],
    [
      5.5978142615648245,
      5.201104150374529,
      0.18687336999953796,
      7.713650818989822,
      5.582681552914489
    ],
    [
      5.030147814912374,
      6.790417758680272,
      2.2597837096860984,
      9.422003460979218,
      6.743779867692741
    ],
    [
      7.730630706167517,
      6.061822382175222,
      3.0760949105475235,
      5.788576639135705,
      7.154577345321917
    ],
    [
      7.306204818655701,
      4.666311744958857,
      2.7748606718484803,
      8.032216499818437,
      6.483784266674625
    ],
    [
      5.24947327913815,
      4.776280496307922,
      3.291686171206018,
      4.653792079998931,
      4.166499085520062
    ]
  ],
  "id": 21,
  "df": 5
}