{
  "mu": [
    4.94068972329038,
    5.303318688092838,
    4.762161793151796,
    3.475816424098994,
    5.962560027288605
  ],
  "x": [
    [
      5.75187893768638,
      5.5640010496676044,
      6.6852667350936565,
      3.899539755850541,
      5.0305282465345265
    ],
    [
      5.244678389709328,
      5.231932459881074,
      3.679693785370718,
      3.469879922112621,
      5.600739641957807
    ],
    [
      4.685569617547988,
      6.737763866785171,
      5.509440254640671,
      4.878983938811873,
      6.132471756849211
    ],
    [
      5.634281218167632,
      3.6368365165875507,
      5.579586062169373,
      3.149563380073256,
      6.405713641711924
    ],
    [
      4.873321322753785,
      5.438383577088745,
      3.1905236727185153,
      5.059515895068084,
      6.0795986480277
    ],
    [
      5.723269684744877,
      6.1929585609206335,
      6.521731630395743,
      2.899069524069166,
      8.247200904425966
    ],
    [
      4.399857149198258,
      5.372094997002715,
      5.55687463942307,
      3.3729469041665427,
      6.423287742800123
    ],
    [
      5.719191308056601,
      7.068155764665127,
      5.975270549468254,
      5.543065352793626,
      6.52682779095336
    ],
    [
      5.30613747398394,
      4.990668028645253,
      3.9681064297496262,
      3.7163459591751455,
      6.632533820700958
    ],
    [
      4.833621088214181,
      4.458833276642235,
      4.339358262504001,
      2.875211890574928,
      5.954008965651236
    ],
    [
      3.970524332417436,
      6.7886300094326,
      4.199448832878309,
      4.476334842511749,
      6.710725646634107
    ],
    [
      4.402394225030306,
      4.9284008447182455,
      4.63419204955436,
      3.372803027067727,
      8.279846896380093
    ],
    [
      2.7345765025798383,
      4.456103117008625,
      4.099261526309382,
      3.195805867866721,
      5.258518770029449
    ],
    [
      5.5034829203750135,
      5.010884841092447,
      3.908660527317867,
      3.8034832354583195,
      6.4230311257909305
    ],
    [
      4.143518610899459,
      5.699141911610225,
      5.200236426950234,
      2.485807274229784,
      3.8040996627809336
    ],
    [
      5.777092221639125,
      5.7215610816509095,
      6.084144903071337,
      1.5076677043393736,
      6.152201631860508
    ],
    [
      5.6794859097391,
      6.287752723316782,
      6.0682885818545955,
      5.7694133859521735,
      7.305739953430105
    ],
    [
      3.735678686167921,
      3.1188620904771978,
      5.781206625090098,
      3.6901380344596624,
      4.9625046056550675
    ],
    [
      5.226969431322206,
      4.3409461328339125,
      4.88722429231323,
      2.0994871988694834,
      5.242038047453998
    ],
    [
      4.530580644399127,
      4.065893462843977,
      3.6133075661369434,
      1.700946538814482,
      5.91769131837318
    ],
    [
      5.088171653769645,
      5.3345056958056265,
      5.716213993038647,
      2.3367268058867623,
      5.526410610419595
    ],
    [
      3.7068467131176064,
      5.929254320610406,
      5.031536478271434,
      5.213501791712356,
      3.9317986759526775
    ],
    [
      5.539395674794569,
      5.062778631805751,
      4.693653382189986,
      4.11048491371143,
      6.266204498586849
    ],
    [
      6.517138353543368,
      5.2737109924318135,
      2.864561568951172,
      4.559493126978882,
      5.539784482710201
    ],
    [
      6.372365916740751,
      5.4318222942325445,
      4.83219730209756,
      1.9642823960569145,
      5.972121485120599
    ],
    [
      5.717480953412715,
      5.448999396936902,
      4.6265710787762755,
      4.492892023647242,
      5.948172553124635
    ],
    [
      2.7187019674161403,
      4.78851703849181,
      3.113451605074598,
      4.784426134399075,
      5.613790045455874
    ],
    [
      4.18720033729537,
      4.747134783734214,
      4.459725526960941,
      4.334199555759737,
      5.44170831974002
    ],
    [
      5.552529066039015,
      5.2075661369945685,
      4.930458515373527,
      3.799945387777185,
      7.618122930756213
    ],
    [
      5.682033733281388,
      6.300558857378526,
      4.991865959715114,
      3.8130124106113072,
      5.520005125587555
    ],
    [
      4.505726213622458,
      6.400903267105555,
      6.752351623703384,
      5.073155691719067,
      5.345376551255325
    ],
    [
      5.149063858409808,
      4.423621235693162,
      4.720729906451204,
      5.494908022780458,
      6.524527643693594
    ],
    [
      5.781987869158649,
      5.737674205825799,
      6.5624076951145165,
      4.329142988139756,
      7.0834315319454815
    ],
    [
      5.884702762847082,
      4.151056355683622,
      4.5155591497626535,
      1.3746558297771938,
      6.834557886598253
    ],
    [
      4.924014005386686,
      5.594544134071942,
      4.755192113287301,
      3.9319058566735956,
      5.743630153463533
    ],
    [
      5.665161355719055,
      5.643190892979625,
      3.905705377933073,
      3.053131496276182,
      5.677481414004417
    ],
    [
      4.616544416945809,
      5.798232115914457,
      4.88003880229078,
      4.510005400132098,
      5.937794458868728
    ],
    [
      3.1192439648652504,
      6.196477626335588,
      3.9703886303093103,
      3.303049632707418,
      7.332338424893959
    ],
    [
      5.318929400712597,
      6.353869278913237,
      3.7765771174647322,
      1.8670272575474456,
      5.29827183925423
    ],
    [
      4.420999586883555,
      4.1822451311683055,
      6.093517140414152,
      4.363008863385951,
      6.800554989117841
    ],
    [
      5.073850829195797,
      6.179285414880888,
      6.249710331551354,
      2.768573859934563,
      5.6936443025366295
    ],
    [
      5.426959243376355,
      5.893119109083426,
      5.590626675328586,
      3.8192594537238995,
      8.778757685460409
    ],
    [
      3.99017656388868,
      5.699991237138714,
      4.811033788221658,
      2.3543324929825244,
      5.012164343087433
    ],
    [
      6.9819940833561835,
      4.952694169726598,
      3.7031838767808107,
      3.899336757483793,
      7.628309585153554
    ],
    [
      5.314253869817621,
      5.368280367971675,
      4.516321313614728,
      3.348827202328866,
      7.02182448666152
    ],
    [
      4.272371918184062,
      3.705561884344476,
      4.2827246650208695,
      3.7065345545800676,
      5.937046249455581
    ],
    [
      4.441946617578748,
      5.036732996383218,
      5.113627812749529,
      5.219799619138083,
      6.213339462999967
    ],
    [
      4.420970757531354,
      6.3043376665581805,
      4.613546447716684,
      4.342882758919667,
      6.2958403422650875
    ],
    [
      5.086129441279014,
      5.331078819853684,
      4.755907939475974,
      3.6216685925183585,
      6.0817465559026775
    ],
    [
      5.874157984376822,
      6.136511655134452,
      4.020080628922704,
      3.357697660664854,
      7.667249970458617
    ]
  ],
  "id": 42,
  "df": 5
}