{
  "mu": [
    6.445494552591593,
    4.438017434872915,
    4.507519730383907,
    5.716434092447713,
    5.254648513464859
  ],
  "x": [
    [
      5.091307963819872,
      6.004464212292737,
      3.6421770729324585,
      5.207644692475819,
      6.194745465560972
    ],
    [
      4.889883107865904,
      5.722907602884658,
      5.8736337777269005,
      6.773164840207942,
      4.466768133734852
    ],
    [
      6.392300022242916,
      5.224440750938992,
      5.356621100831784,
      5.051847433143233,
      5.049197798741163
    ],
    [
      5.645930735467508,
      4.611505073496605,
      3.0156149508563237,
      6.72077334951449,
      4.42367356299781
    ],
    [
      6.526042715028621,
      3.235670016929748,
      5.946635294622797,
      6.787486356409692,
      4.157089978516536
    ],
    [
      5.1669814787595785,
      4.043447173231476,
      4.135799527850109,
      5.489961574474098,
      6.493339836377803
    ],
    [
      5.662830146475873,
      4.1898878053772535,
      4.209452558347775,
      6.065754044280615,
      5.413889900363689
    ],
    [
      6.583348219862914,
      4.687746508469294,
      4.011378914152129,
      4.725890542070948,
      5.838287104213331
    ],
    [
      6.775937479241555,
      5.665226203056253,
      4.111921482568282,
      7.0229104561127995,
      4.926297688227236
    ],
    [
      6.544717367765534,
      3.8575841260880694,
      4.473293140514703,
      5.287896354438904,
      5.1163884055788715
    ],
    [
      6.188472798388686,
      6.14002412813572,
      3.1828105298194114,
      6.12560267537113,
      5.193777505049603
    ],
    [
      7.996032693750406,
      6.187971661122307,
      5.691241024093579,
      5.825677866069336,
      4.323792211881462
    ],
    [
      5.14038893891432,
      5.001076294380225,
      4.062130650785032,
      6.254508779234263,
      5.70422565764404
    ],
    [
      6.779627377477031,
      5.408725101625599,
      2.9450234934227417,
      5.250493505866788,
      5.881672253393887
    ],
    [
      4.030148249545819,
      3.611924482948349,
      4.022860173117179,
      5.819082470880918,
      4.535151147832745
    ],
    [
      7.413546016202781,
      5.946773514323372,
      3.2642423768503352,
      5.240992619596433,
      5.915528474306542
    ],
    [
      5.324705561668905,
      4.9174408759067765,
      6.631204171930123,
      5.037979718181379,
      3.932129676551723
    ],
    [
      5.158656971145034,
      4.043639217142222,
      4.566041664515278,
      5.795444159893993,
      5.50575049173464
    ],
    [
      4.424783047171284,
      4.947787110070646,
      3.4593357765566464,
      6.321441083033507,
      5.433599468409311
    ],
    [
      5.98347567253493,
      5.660696852296576,
      4.984134992997398,
      5.133135819080506,
      3.754688716952693
    ],
    [
      7.104381935063274,
      4.532290472829944,
      6.4256713368614236,
      5.609229948801142,
      6.9789325349074005
    ],
    [
      5.926898098034885,
      2.8709792457015824,
      4.540381320112398,
      5.967474541990079,
      4.981870096453213
    ],
    [
      7.529181378452946,
      2.3260878780738743,
      4.956967938170323,
      6.763669527214664,
      7.2161817266869495
    ],
    [
      5.6619776760353835,
      4.208147508317046,
      5.237861164053911,
      5.133822720398085,
      6.462146658998762
    ],
    [
      4.4857241692941185,
      3.5073496158939492,
      3.243126623774202,
      5.917801291356893,
      5.262399912671428
    ],
    [
      6.384233344903142,
      4.478698183266589,
      3.3006200058830917,
      5.8162576030049875,
      6.081488386737133
    ],
    [
      5.4024407687400195,
      3.214116457139464,
      6.307715369563374,
      5.976545999622497,
      1.6636670630250574
    ],
    [
      7.9587213060473205,
      3.7572119434228166,
      5.424498222807112,
      6.390432534173478,
      3.9240748737007776
    ],
    [
      6.256138860835628,
      3.32384307330664,
      6.189322818278127,
      5.352053265475237,
      4.750801993828839
    ],
    [
      5.05784486506596,
      3.891224486913299,
      5.299298775531331,
      4.628112491270819,
      5.423609324946276
    ],
    [
      7.8376628070151515,
      5.263851088425356,
      1.7528696286627556,
      6.978137632716487,
      4.349487923633701
    ],
    [
      7.032157271866299,
      5.716935312083098,
      2.276480028042291,
      6.215647533781157,
      6.096088527797657
    ],
    [
      6.068228663502907,
      5.288687200279105,
      4.230825910623534,
      4.451148958931691,
      5.828395545489294
    ],
    [
      5.369085363593749,
      5.113446761463074,
      3.9464588026913163,
      6.304230964960967,
      3.722004175195077
    ],
    [
      6.778380408222229,
      4.460400762881294,
      5.549533870774612,
      5.849297279866432,
      5.655619942960052
    ],
    [
      7.546361789854052,
      5.2101945316705445,
      7.593175993936756,
      4.523882962132458,
      4.475291312711121
    ],
    [
      6.737204725596595,
      5.222827525178171,
      4.373080802374521,
      4.8839872607280945,
      5.544732870830675
    ],
    [
      6.494889257237336,
      4.731633816690718,
      6.200153945822712,
      5.261111843176193,
      4.050010098608638
    ],
    [
      6.066559460180978,
      3.946173552357299,
      4.920295050184592,
      6.951891564955452,
      4.692857476797773
    ],
    [
      6.863786103217155,
      4.38880715111223,
      5.25099372687775,
      4.463102979546639,
      6.368350881208505
    ],
    [
      6.88089865769216,
      5.176630133926062,
      3.428653256484687,
      2.8182577716649533,
      3.9268825840561803
    ],
    [
      6.197210340678113,
      4.606223471152332,
      3.6268249315727523,
      7.509851899733934,
      4.152985399683028
    ],
    [
      6.476853063212202,
      4.278891410013866,
      3.0343167969583806,
      5.1816952135673455,
      5.321760706091968
    ],
    [
      7.370912093700472,
      3.7986800067008146,
      5.27289935855453,
      5.474918035138032,
      5.707249585679572
    ],
    [
      8.401675348818593,
      3.31687118214792,
      5.676080189443981,
      5.09027902539364,
      5.699299596978704
    ],
    [
      7.480216365580684,
      3.1572620614678293,
      5.687922764945224,
      6.100473468173825,
      3.5209010261942173
    ],
    [
      5.144169090924231,
      5.495494488560292,
      6.482630572937776,
      5.400153010246477,
      5.2964695649473486
    ],
    [
      6.927848076076785,
      4.942792070027029,
      4.982401148446863,
      5.521515284670518,
      4.365835380324171
    ],
    [
      7.155531976662154,
      5.195286561912294,
      5.258351280011513,
      6.659523638925199,
      3.6970685010490643
    ],
    [
      5.999008574366011,
      5.369126864777149,
      5.7654111430303665,
      6.6981618755199905,
      5.335531654075595
    ]
  ],
  "id": 4,
  "df": 5
}