{
  "mu": [
    4.543718887380782,
    5.704792525533241,
    4.475281146433828,
    6.663866234868198,
    4.947166152474099
  ],
  "x": [
    [
      5.79413499336908,
      5.276813584385165,
      3.4021205400109897,
      6.794647274370275,
      4.2082063080053524
    ],
    [
      4.248047820254148,
      4.766986058991165,
      4.361525535765474,
      7.162199581170929,
      4.498783332665505
    ],
    [
      4.375168392911328,
      5.0711038491973595,
      4.209358040240763,
      6.188492017071708,
      4.994761730429767
    ],
    [
      6.228724210867563,
      6.378691930399356,
      3.80121724254354,
      6.96311378558101,
      5.094237048923729
    ],
    [
      4.590417251397832,
      6.39336344044202,
      3.8886221766494806,
      7.014488646849461,
      6.119040834909093
    ],
    [
      4.070334807678905,
      6.3197426521298645,
      4.858408199387169,
      5.529981830683703,
      4.247223797706873
    ],
    [
      5.130520465528678,
      5.893646155102934,
      4.344241552604629,
      7.405026146753435,
      4.361830828145649
    ],
    [
      1.9253569223542955,
      4.5749824154364385,
      3.865665498239367,
      4.1151814914459575,
      5.76938328433916
    ],
    [
      4.888208416260739,
      7.47648128487627,
      4.7008834603271294,
      6.644999172075976,
      4.473831772029267
    ],
    [
      4.478427934003059,
      5.135280479013283,
      3.6009995258605545,
      8.559234797829946,
      5.408491637549568
    ],
    [
      4.499225008022065,
      5.5051717874819985,
      5.262653484137596,
      6.308247848322949,
      4.027034406616645
    ],
    [
      4.799378378575826,
      4.5025867221047235,
      4.518523220847463,
      8.582676887035037,
      4.184982343630893
    ],
    [
      5.346246233455789,
      7.605406794940529,
      3.8275072289225305,
      6.641081615455586,
      5.681490598054731
    ],
    [
      4.886336560447801,
      4.951220845778839,
      4.3712317413701,
      4.985668479392019,
      3.857354848871443
    ],
    [
      4.548862302913031,
      5.715052432437272,
      5.650521697529342,
      6.212235075576082,
      5.6924120801112315
    ],
    [
      5.1685500794841115,
      5.6709476688525555,
      5.284024081491687,
      7.055615321923922,
      5.464153601136807
    ],
    [
      5.193351440050994,
      6.822688982926893,
      3.2818401140722946,
      6.007921008105945,
      4.884033253005407
    ],
    [
      5.414670163901246,
      5.759307393347041,
      5.094871307085052,
      5.315552052403074,
      4.9919657856546005
    ],
    [
      4.960149339482255,
      5.907827799527779,
      4.700805256240733,
      6.304686791931628,
      5.138191575329577
    ],
    [
      4.331641980235673,
      5.390745818677308,
      4.668462238037598,
      7.7550071313087425,
      6.677990506835426
    ],
    [
      3.276179320463463,
      5.968391304324164,
      4.304375386528244,
      7.2681245905259395,
      6.214318314626457
    ],
    [
      2.4465066142970633,
      4.6204724838502855,
      5.294051268718518,
      4.610489965515634,
      5.139085470575173
    ],
    [
      4.443295269226207,
      6.224071635122731,
      5.0904438701267045,
      7.654305336178384,
      6.688030853289858
    ],
    [
      3.9922026550395686,
      7.69379536449287,
      3.090769725332298,
      8.266466653698371,
      5.296072353856999
    ],
    [
      4.400669930096288,
      6.935568480930565,
      4.820532670440044,
      6.4022236831069055,
      5.078186717437558
    ],
    [
      5.192339724022521,
      4.2026097285305415,
      4.3110279600695,
      6.420935197837895,
      6.903891610252947
    ],
    [
      4.916546524929555,
      5.578778212517226,
      7.166166365000873,
      6.114078852751708,
      6.495096759530252
    ],
    [
      3.5639303464352023,
      7.560816099317474,
      3.9731206115077677,
      6.337468166346083,
      4.480035073882069
    ],
    [
      4.7573247136146515,
      7.539465471598421,
      2.152397740763479,
      7.356565756121592,
      6.248375027738637
    ],
    [
      4.300950344019042,
      5.87901518252186,
      3.9573547694929814,
      6.780602058100629,
      5.789346056855679
    ],
    [
      4.802948145648459,
      7.344521804756743,
      3.670965919193906,
      8.00902652392091,
      4.728624459277692
    ],
    [
      5.033377677200205,
      5.701948268357706,
      2.711176777163371,
      7.336200728403433,
      6.509283054744214
    ],
    [
      5.3126743981698406,
      4.809672643018043,
      5.290735526010827,
      7.478893242519162,
      4.76107688267055
    ],
    [
      3.585516290461558,
      6.628912650968968,
      4.8237911157273246,
      6.790273575688637,
      3.777862753447182
    ],
    [
      3.0902703038566095,
      4.6385058886289645,
      4.962124611627924,
      5.774983741045496,
      4.1219650262406216
    ],
    [
      4.422023593002702,
      6.587857893894177,
      2.510866400884164,
      5.800478152746991,
      3.963120851893257
    ],
    [
      5.196953734101393,
      3.579869847369202,
      4.257164949420554,
      5.328730494564393,
      3.8104494905140243
    ],
    [
      4.324792849408726,
      5.803636462568271,
      4.982004287191602,
      8.093399845666548,
      2.4949977015264126
    ],
    [
      6.108264758896315,
      3.205763671305024,
      2.8671809073889327,
      6.606591070884942,
      4.159794049756629
    ],
    [
      4.704765578670403,
      6.123011344415318,
      5.129798077765067,
      4.723924379214178,
      6.261707390007
    ],
    [
      3.1775714184885446,
      4.376218617293559,
      3.2291061471831837,
      6.250410210472122,
      4.723189245338861
    ],
    [
      4.0091409494320756,
      6.505260030767367,
      4.68598519405442,
      7.521528046588039,
      4.518341744123681
    ],
    [
      5.861427514535407,
      4.370192414477538,
      5.105997655743204,
      8.0429510079825,
      4.237872796940313
    ],
    [
      4.904076097116789,
      5.094372214186811,
      4.141681796738269,
      5.755128545191938,
      5.077347933113145
    ],
    [
      3.6744811560043047,
      5.297440090111002,
      3.7856157308303997,
      6.2141266321952235,
      5.190313289502199
    ],
    [
      4.496822788619344,
      4.2961694228734295,
      5.526962029996783,
      7.578613245416486,
      5.619235528456877
    ],
    [
      5.784357251584263,
      5.436852869737102,
      5.151850654585749,
      7.147581233132513,
      5.703549549398261
    ],
    [
      3.4290091315555298,
      7.9599840298758355,
      4.286480907758639,
      7.813756992816784,
      4.9464548893242934
    ],
    [
      3.4453204806360347,
      6.793464943083539,
      3.8099054875385394,
      6.23440307316872,
      6.345690450330382
    ],
    [
      4.8462204667094655,
      4.872107444379617,
      4.243919800580747,
      5.264285082693975,
      5.490686225069609
    ]
  ],
  "id": 28,
  "df": 5
}