{
  "mu": [
    6.170388901386578,
    5.037655031199937,
    5.597724578098868,
    3.7318759609353807,
    5.298866590417226
  ],
  "x": [
    [
      7.007527203178209,
      3.7679020782773742,
      5.492794180843031,
      2.6272739572233563,
      5.814984592997104
    ],
    [
      5.39005958146609,
      5.151576061465273,
      4.611318228542785,
      3.7012348133174013,
      5.6938699773986245
    ],
    [
      7.193828643467472,
      3.4691134823840883,
      5.003670798883582,
      5.023062741602829,
      5.266510987300556
    ],
    [
      4.902625707357361,
      6.724706229680497,
      5.769670142099009,
      2.2659636263401057,
      5.990158307319461
    ],
    [
      6.106051490369156,
      5.822918969836943,
      4.407953797303497,
      4.52970808065354,
      4.821949061573379
    ],
    [
      4.9479315019106265,
      4.681373995915868,
      6.092844957230996,
      5.096080813369256,
      6.4792254151632545
    ],
    [
      6.159899072450776,
      5.866135035754339,
      5.1226371246684135,
      4.425886505192027,
      5.402202124132619
    ],
    [
      7.735758476147437,
      5.369756575009151,
      7.4040006887930465,
      3.303443789332135,
      2.6703881746991236
    ],
    [
      8.322338477055212,
      5.475773097154734,
      4.735468891675454,
      4.268378186340828,
      4.488702478154762
    ],
    [
      7.061177373884391,
      4.4324254538502545,
      6.2070797362118455,
      4.383012808824759,
      3.8289636135410143
    ],
    [
      6.911416133465441,
      4.3262451413403,
      4.849754153811296,
      4.831157597110444,
      5.379812004308112
    ],
    [
      7.201015261059726,
      4.5021995918861535,
      5.503859106798542,
      3.213807271215597,
      5.9898182923281595
    ],
    [
      7.624142314971902,
      5.8471576598779595,
      5.087482449303071,
      5.017967660335094,
      4.239392267595563
    ],
    [
      5.747142590906182,
      4.716159604872108,
      4.809777173341274,
      4.078733490689451,
      5.699095636119671
    ],
    [
      6.287775508634006,
      6.205223034086711,
      5.6612494666562645,
      2.7571185465793797,
      6.294793179825599
    ],
    [
      2.6577372582705903,
      5.1824481471760455,
      4.773335996901203,
      5.170395145173968,
      6.178884282375831
    ],
    [
      5.142650548441361,
      4.4617714550765415,
      6.8386733354187275,
      3.690555800213051,
      5.404373907423519
    ],
    [
      7.975980857245166,
      5.0154659030352375,
      5.7411963685950935,
      3.207605212408148,
      6.596673745727534
    ],
    [
      7.094097324149155,
      4.126883273684963,
      5.81255742467907,
      4.105273536881891,
      6.749659004482258
    ],
    [
      4.752543595489181,
      4.751851096147525,
      5.619547454367044,
      5.044295757226227,
      4.206748356393884
    ],
    [
      5.831792509144313,
      6.046178669057253,
      6.214573862138466,
      2.8045677292315587,
      6.2500726543782585
    ],
    [
      5.7150977012668385,
      5.304108606339719,
      6.012844939103942,
      3.5578026096793813,
      5.498665907480718
    ],
    [
      6.341217017851908,
      5.223621280961925,
      6.3506945471521865,
      2.4817286386920205,
      5.978549087274938
    ],
    [
      6.7310200534517115,
      4.992016975688918,
      5.6254924939832796,
      5.08148273703687,
      7.452786200231788
    ],
    [
      7.06090422272195,
      3.450552985090205,
      5.894171035301871,
      4.1384152826725344,
      4.578276399907124
    ],
    [
      5.905471521299949,
      4.465619596719701,
      6.579698266320385,
      2.658903540690237,
      5.838219209493189
    ],
    [
      5.76412466879145,
      6.683593187327378,
      3.5040702282490757,
      4.119520092289115,
      5.568726625995621
    ],
    [
      5.281148826082017,
      4.855329276056565,
      4.6868291756662135,
      2.8618302525828208,
      4.305498426775851
    ],
    [
      6.618304105889852,
      5.101085769922361,
      5.820286770268784,
      1.815005807856798,
      4.555899801839047
    ],
    [
      6.384627225169484,
      3.272861003972471,
      6.528411776844688,
      2.3548790512957174,
      5.418914436681626
    ],
    [
      6.928988965115223,
      5.251049358625799,
      4.404568385154414,
      3.8707463227295946,
      6.253148210672444
    ],
    [
      6.260455701707731,
      5.758517590790268,
      5.423968778798318,
      4.165956704062938,
      6.000438252910258
    ],
    [
      6.683377491768458,
      6.868371892528808,
      5.639277443337999,
      3.534662222384159,
      6.480097515284871
    ],
    [
      7.073556686318486,
      5.841471845875898,
      6.9072161489436255,
      3.666456910923585,
      5.091790750925914
    ],
    [
      5.194380594035405,
      7.366611316306089,
      5.6672086793736485,
      5.1102832898757065,
      5.080441406940391
    ],
    [
      4.612621579535033,
      3.9583274559135138,
      5.573755768723005,
      4.057289016600717,
      3.0115855993900498
    ],
    [
      6.275231335903488,
      6.097230981804708,
      6.340036512926776,
      4.524665419840175,
      4.614130713788923
    ],
    [
      6.077078164168995,
      4.219261501526361,
      6.694666896285333,
      3.5152175769974443,
      5.015700170823463
    ],
    [
      8.043874297615247,
      5.3664715374651095,
      5.06039690724472,
      5.414593695055524,
      4.745328931244281
    ],
    [
      5.862605360724382,
      4.435136871744477,
      6.670088906375722,
      2.220178415677684,
      4.532981297312002
    ],
    [
      6.51154744805014,
      4.627610389064509,
      5.299411213879982,
      3.4366244715727747,
      6.180024495184629
    ],
    [
      7.477267503856995,
      5.570321892692955,
      5.048121350937333,
      3.274488703439268,
      6.790582285555537
    ],
    [
      6.157843480722681,
      6.26318561847877,
      5.1301200619065455,
      3.1412998252855546,
      5.327299441265209
    ],
    [
      6.230273922217885,
      5.262675929077918,
      4.444324876557209,
      3.652251430986539,
      6.148414026257791
    ],
    [
      6.985975492599947,
      4.0860505374172975,
      6.013114695090274,
      3.413273992779129,
      5.417728189209517
    ],
    [
      5.167476487503403,
      5.093516794198872,
      4.7951683591859195,
      4.850525306248456,
      5.024931276913224
    ],
    [
      5.962780502651976,
      4.539382394853425,
      3.9802164657967265,
      2.789099669892954,
      4.175505630193615
    ],
    [
      5.399585224351507,
      5.337653929572732,
      6.294541854651754,
      5.196252422120193,
      4.04033665079705
    ],
    [
      4.681807296676745,
      2.9564752361405597,
      4.521402699886268,
      4.476544986186616,
      8.169756419018157
    ],
    [
      6.964485838272347,
      5.156850157040943,
      7.013251843411073,
      4.029116589766581,
      5.134543468020517
    ]
  ],
  "id": 39,
  "df": 5
}