{
  "mu": [
    4.220934633798093,
    4.561409378698248,
    4.624144308135193,
    5.994999381300339,
    6.200719550521679
  ],
  "x": [
    [
      5.546360573073572,
      6.733321469943091,
      3.1263002344508495,
      5.347840719341553,
      6.562716699438349
    ],
    [
      3.986059009061366,
      5.132312879867226,
      3.780064138685341,
      5.885956072307324,
      5.803676425330183
    ],
    [
      5.83538423927541,
      3.7453560079369907,
      6.103507051233079,
      5.835670457302403,
      7.38446359212562
    ],
    [
      4.987620242671947,
      3.71452542586204,
      5.71008245467741,
      6.471768876533295,
      5.744376576718162
    ],
    [
      4.279638279660631,
      6.83648759666581,
      5.5861449661119025,
      5.6195604745496945,
      6.432150818352132
    ],
    [
      4.382864964040286,
      6.65241580117483,
      3.139839942498722,
      5.270204504786768,
      7.895078370466623
    ],
    [
      3.8482592577738486,
      7.518395118470616,
      6.300087269911227,
      6.531042829215554,
      8.249251046266858
    ],
    [
      2.5301422513689324,
      3.6791777241307893,
      6.1041666218960104,
      5.816819419262326,
      6.3749489312571805
    ],
    [
      3.3293295346800074,
      5.440132467397556,
      4.373488050475179,
      5.514326045587538,
      5.797067625783632
    ],
    [
      3.692889621315465,
      2.8741275096101218,
      5.009307459494119,
      6.9552745321872065,
      5.16352470187105
    ],
    [
      3.1329345950607497,
      5.80138507322688,
      5.748637458623461,
      6.284746675580658,
      8.09874935232399
    ],
    [
      3.7328216218762944,
      4.638488119517345,
      4.959512595464995,
      6.73948126248108,
      7.1328807019387925
    ],
    [
      3.131405399458193,
      4.460218853336366,
      4.758498845411687,
      6.149682049508403,
      5.168877491499547
    ],
    [
      5.143932508346124,
      4.9124075474682485,
      4.897820049776703,
      5.35188130660193,
      4.398674633858453
    ],
    [
      4.235883988024161,
      3.5766441796260415,
      3.814583197912568,
      5.456995130316279,
      7.749172290490889
    ],
    [
      2.6215625067961117,
      4.299143519740195,
      4.373107782694898,
      6.805816258367564,
      7.557156024161291
    ],
    [
      3.0250658545307445,
      5.217105866147245,
      2.773750113962864,
      6.866309528881789,
      5.996166623558082
    ],
    [
      3.913000296810095,
      4.734125136517839,
      6.217176739445108,
      4.942759914249855,
      4.953575258018734
    ],
    [
      4.935741436365928,
      4.837575130149036,
      5.430345433348224,
      5.292671070510198,
      4.773746219887798
    ],
    [
      4.571044272491655,
      6.769917174800502,
      7.05093145594997,
      5.099146005244005,
      7.375388768051163
    ],
    [
      2.732682582576016,
      4.765945135531431,
      3.4204880435776825,
      5.285899437391123,
      6.029013397655062
    ],
    [
      3.7681866797169685,
      4.821035171897778,
      4.128518337798066,
      5.472512545533894,
      7.5320432762433445
    ],
    [
      4.083671465954583,
      5.107438523356794,
      3.8978711191434674,
      6.321281915536028,
      6.828518806200399
    ],
    [
      3.920990934537766,
      4.7055279789532705,
      6.152825453388212,
      5.765735612743715,
      8.504552297694019
    ],
    [
      4.530418004289041,
      4.880836868096052,
      2.6951984368172095,
      7.468732349530394,
      6.448862697191349
    ],
    [
      2.8954775489299323,
      4.459377532961202,
      4.131415781403966,
      6.4547751024475675,
      8.162694783885746
    ],
    [
      5.705759394970716,
      1.0954791247123943,
      6.573807847546803,
      7.04388686674106,
      5.940704209108436
    ],
    [
      4.199988685573985,
      5.150717383420593,
      4.216697521157415,
      6.1074370175121855,
      6.389051652882525
    ],
    [
      5.896175160199008,
      3.1285733748948963,
      5.850979555674233,
      6.0387063146532505,
      6.035397479858364
    ],
    [
      5.458708527307824,
      4.2067451294209,
      3.129185773253621,
      5.227999696664592,
      8.47762485524229
    ],
    [
      3.0731750488421845,
      3.574623900743978,
      3.851187069853329,
      6.579147544675503,
      6.2886515206002365
    ],
    [
      5.078176517599222,
      3.994703213639632,
      3.9396682570116104,
      2.6520153319581126,
      5.810658024805443
    ],
    [
      2.700704407089063,
      2.657522968714762,
      4.151529473808465,
      6.599303891281062,
      6.3693053479802115
    ],
    [
      3.053626713516917,
      5.405025706993772,
      5.264428861789873,
      4.415297756881852,
      7.463344158242169
    ],
    [
      5.479200799827984,
      4.036166182750695,
      3.3324791646534866,
      6.9132502811716625,
      7.382454285208962
    ],
    [
      4.599106275504798,
      4.160254794243622,
      5.525289643788398,
      8.500270087356002,
      5.98311105605205
    ],
    [
      4.0901581975320225,
      4.347529064153469,
      4.2688811581821735,
      7.4929098534385865,
      6.251796629250348
    ],
    [
      4.89443033614901,
      6.235333465367873,
      5.187992224718138,
      5.113155007561554,
      6.169067744810243
    ],
    [
      4.065599644492602,
      7.529978365466393,
      3.6882316435781966,
      4.209207434258302,
      5.686226428354599
    ],
    [
      4.045598831573808,
      5.754496109475953,
      3.9720304673850824,
      5.421776166436696,
      7.9334044757218285
    ],
    [
      3.5594396181279047,
      5.432116901504258,
      4.847052309130465,
      5.421233454335307,
      6.224419461110033
    ],
    [
      3.977601577682235,
      4.665891538761615,
      5.249608399964926,
      6.376757669580351,
      5.187567648980574
    ],
    [
      3.9145215250891785,
      4.1450802980136885,
      6.382673364886948,
      5.978836797669342,
      7.420226513892187
    ],
    [
      4.608954760124276,
      5.866904189166268,
      3.0018005146092346,
      5.331986981319743,
      7.329686064871748
    ],
    [
      4.966167060072457,
      3.637560740489003,
      5.236172172283372,
      5.09233087249528,
      6.656738764424171
    ],
    [
      3.7139115492127504,
      5.248848146451869,
      5.780788772595151,
      4.4810569479543325,
      6.669112875082772
    ],
    [
      5.282212768555835,
      5.766364215418927,
      5.328929312690976,
      6.250550010355568,
      6.568181956081601
    ],
    [
      3.824711483038279,
      3.9332293375864786,
      4.418396873609528,
      6.725123792389527,
      5.23643758981916
    ],
    [
      4.979209388116256,
      5.2965173304297615,
      4.8075848266267975,
      6.328529654723392,
      6.071920035661476
    ],
    [
      4.357345407767883,
      5.489295630933783,
      4.811679417969988,
      6.268008225173637,
      4.292183121059951
    ]
  ],
  "id": 17,
  "df": 5
}