{
  "mu": [
    5.714302470158826,
    5.672135213120982,
    6.060134547975351,
    7.16789967543173,
    5.786322916181285
  ],
  "x": [
    [
      5.4120230838842405,
      4.498043371955818,
      5.227095143807225,
      7.943896869284982,
      6.1981443455427545
    ],
    [
      6.688283528938615,
      4.291117682309209,
      7.011392606456861,
      7.321324077858663,
      6.336764579382876
    ],
    [
      4.838094698682665,
      6.025149809211042,
      6.274497315674666,
      7.252739903370905,
      5.7796782752294185
    ],
    [
      7.4523708968027815,
      6.359657923498377,
      5.846489292528941,
      6.001714365474877,
      6.759333622912984
    ],
    [
      6.0881311210326325,
      4.719120975403837,
      4.121949295716191,
      6.099138194187185,
      6.3047174623585995
    ],
    [
      3.202864660227801,
      3.974031351539784,
      5.977256284854739,
      6.530415614293025,
      5.883409420864581
    ],
    [
      6.229628204719224,
      6.949994954511458,
      6.459527681954873,
      6.669748071463898,
      4.666322973533454
    ],
    [
      5.044954449336825,
      5.540687709478351,
      6.143555487178773,
      6.3830729158610096,
      5.836400039883468
    ],
    [
      5.183508106369523,
      6.307374118313076,
      5.023532731080225,
      6.354396749405165,
      6.50045200971366
    ],
    [
      4.930389516413731,
      6.473490160673918,
      5.731627883388788,
      8.722906492623613,
      5.902736701415992
    ],
    [
      6.622654795032781,
      6.440253545038053,
      6.9333024883041325,
      6.011622254728689,
      6.511264418523766
    ],
    [
      5.012858128847224,
      6.166827204004424,
      6.8599892881150275,
      6.006642039174444,
      6.145561964921112
    ],
    [
      5.715850473859401,
      3.9779489332405453,
      5.076945383262468,
      4.305336938731508,
      5.633531100304462
    ],
    [
      5.402041522270316,
      6.231621399790583,
      5.898847890825999,
      5.591682855045751,
      7.594833659598894
    ],
    [
      3.0193875405264428,
      7.011764866701789,
      3.7794425433649357,
      6.093406764182991,
      7.099745706153882
    ],
    [
      4.519920456717405,
      5.6470388359215695,
      6.720950748035504,
      7.5331713334165675,
      5.478904979226039
    ],
    [
      4.779661166578647,
      5.392456594862376,
      3.4361866227011975,
      7.936188045125833,
      6.702092486523737
    ],
    [
      4.482129869936539,
      5.125022282968458,
      5.116003553392716,
      7.4077642623833455,
      7.354961604116378
    ],
    [
      7.7321421703211595,
      5.90636479523149,
      6.160566148815792,
      6.739204638582646,
      7.637878192814699
    ],
    [
      6.374027964150905,
      4.935274867369438,
      5.085557897105138,
      8.071001930976086,
      5.275853423190285
    ],
    [
      4.78410770183907,
      4.706696257428226,
      6.526394996233832,
      7.894614952873634,
      4.997337525185111
    ],
    [
      6.064811624764042,
      5.4252784132835465,
      5.993292488026389,
      7.62098877382723,
      5.503208061351505
    ],
    [
      5.235393216899358,
      4.049911914003094,
      6.516474253182827,
      7.1588700199041915,
      4.141725504165471
    ],
    [
      5.131743125532135,
      7.13994434719336,
      6.0750292506872166,
      7.529283937548085,
      6.110173768482025
    ],
    [
      5.651747930828661,
      5.16237918810514,
      6.0666442814942965,
      8.667896764092765,
      4.4892224571070924
    ],
    [
      5.3864208008702885,
      4.099323119174892,
      6.47798556751416,
      6.577244053552903,
      5.424008991545323
    ],
    [
      5.152977706644048,
      5.9213869002248405,
      7.940713315709706,
      7.207299587871184,
      6.194496549634251
    ],
    [
      5.2621310953371285,
      4.276252189280101,
      6.073595504947107,
      7.297975176357186,
      7.147848979748353
    ],
    [
      6.221291442050102,
      5.018841403795085,
      7.032264129712006,
      7.596900196222374,
      6.146925990827839
    ],
    [
      5.764612624739548,
      6.530034378382787,
      5.5449302207829705,
      6.742012246653673,
      5.287751998662865
    ],
    [
      5.344744325660972,
      6.667612541750402,
      7.940069759305024,
      6.704892492728636,
      5.09520771809238
    ],
    [
      4.514993325071743,
      5.818782895618987,
      6.370711696768318,
      8.773424108062834,
      6.238392289977459
    ],
    [
      5.984680376804344,
      6.618598141719219,
      4.373572578842273,
      7.395959180193627,
      5.3530893856660375
    ],
    [
      4.815099757808194,
      5.906973859998695,
      7.197792270661057,
      5.583908900568094,
      6.028824197762423
    ],
    [
      7.855073118181665,
      7.709777029549613,
      7.48911149252437,
      6.3121232982755595,
      5.741457085575706
    ],
    [
      4.220391858181007,
      7.4503142838382335,
      7.529571973985316,
      7.749722512224226,
      8.225152716222015
    ],
    [
      4.4449283506831145,
      5.7643879823871735,
      7.566308412524293,
      6.095879574693864,
      5.434432628374695
    ],
    [
      7.3787927786968375,
      4.6311442891249115,
      5.368882321231878,
      7.021851377959414,
      4.2842949779290205
    ],
    [
      7.749692242221987,
      6.038803586385233,
      4.645594632325254,
      8.598672519544241,
      5.3236680327851325
    ],
    [
      5.582001748470156,
      6.920858663058983,
      5.999375290398923,
      7.6892777084554425,
      6.346434397158969
    ],
    [
      4.948984608781907,
      5.512707497908439,
      5.8035583670114725,
      6.686147661363049,
      6.164650544093505
    ],
    [
      4.645071557370322,
      6.034924410228448,
      4.495804444278053,
      8.725172568262607,
      6.447013226284195
    ],
    [
      4.655759558805315,
      6.875575091203871,
      5.965486602414376,
      6.385719303926266,
      7.253539296064402
    ],
    [
      4.952711929155755,
      6.715581302859278,
      6.147817861130883,
      8.09355170366483,
      4.4909369256211304
    ],
    [
      6.690080904594993,
      8.186106538013481,
      7.582078610143444,
      6.742328001325515,
      4.972270552458919
    ],
    [
      6.331953393869291,
      6.77694954863168,
      6.559329546226019,
      6.9595487080315275,
      4.534486134778022
    ],
    [
      4.691900625692089,
      5.400628813558471,
      7.6664000234070535,
      6.541327986307082,
      5.30484083666014
    ],
    [
      5.612477080811381,
      5.243967181594583,
      6.671819922806777,
      6.477312630548961,
      5.279042145195474
    ],
    [
      5.6519973735380615,
      4.578557430414004,
      5.161434491134404,
      8.770654176487517,
      6.713281312507993
    ],
    [
      4.147407447412185,
      4.984986589832714,
      6.04274845028251,
      7.422999947141237,
      5.451615826986147
    ]
  ],
  "id": 26,
  "df": 5
}