generating_model,generating_model_label,dataset_id,dataset_seed,candidate_model,candidate_model_label,npe_configuration,training_setting,summary_multiplier,summary_dimension,model_prior,mcmc_seed,mcmc_elapsed_seconds,bridge_elapsed_seconds,fit_elapsed_seconds,all_models_mcmc_elapsed_seconds,all_models_bridge_elapsed_seconds,all_models_fit_elapsed_seconds,npe_seed,mmd_seed,num_chains,num_postwarmup_draws,max_rhat,min_n_eff,min_n_eff_ratio,num_divergent,num_max_treedepth,min_ebfmi,converged,all_candidate_models_converged,num_gold_posterior_draws,num_npe_mmd_draws,num_mmd_draws_per_sample,parameter_space,mmd_kernel,mmd_bandwidth_rule,mmd_estimator,rbf_bandwidth2,posterior_mmd2,posterior_mmd,num_npe_logml_draws,npe_log_ml,bridge_log_ml,bridge_log_ml_sd,importance_ess,signed_logml_error,absolute_logml_error,estimated_pmp,gold_pmp,signed_pmp_error,absolute_pmp_error
m3,M3,s000,302025,m0,M0,S2D_noMMD,without_mmd,2,8,0.25,3002026,48.961,33.576,82.537,229.8539999999992,134.8400000000015,364.6940000000007,112032025,,4,24000,1.00028130581684,8426.6577155761,0.351110738149004,0,0,0.976862067990205,True,True,,,,,,,,,,,2048,-284.0667164044082,-284.091030342235,0.0005305811265426,935.6644388321728,0.0243139378267756,0.0243139378267756,6.081706185096693e-39,5.832231332237302e-39,2.494748528593913e-40,2.494748528593913e-40
m3,M3,s000,302025,m1,M1,S2D_noMMD,without_mmd,2,10,0.25,3102026,53.1030000000001,33.797,86.9000000000001,229.8539999999992,134.8400000000015,364.6940000000007,112032026,,4,24000,1.00042681004649,7266.68240779841,0.302778433658267,0,0,0.956198855123584,True,True,,,,,,,,,,,2048,-212.7052887056605,-212.713840586375,0.0010795534749198,1569.8282003551756,0.0085518807144922,0.0085518807144922,5.968974249225598e-08,5.8150624942287614e-08,1.5391175499683734e-09,1.5391175499683734e-09
m3,M3,s000,302025,m2,M2,S2D_noMMD,without_mmd,2,10,0.25,3202026,56.6789999999992,33.6900000000005,90.3689999999997,229.8539999999992,134.8400000000015,364.6940000000007,112032027,,4,24000,1.00025140866455,9493.87759391792,0.395578233079913,0,0,0.930895907262763,True,True,,,,,,,,,,,2048,-268.7638093082792,-268.716660677861,0.0008190457107074,1406.7872786790974,-0.047148630418178,0.047148630418178,2.6914947927911646e-32,2.772289944267582e-32,-8.079515147641745e-34,8.079515147641745e-34
m3,M3,s000,302025,m3,M3,S2D_noMMD,without_mmd,2,14,0.25,3302026,71.1109999999999,33.777000000001,104.888000000001,229.8539999999992,134.8400000000015,364.6940000000007,112032028,122032025.0,4,24000,1.00045193837429,8298.79508938561,0.3457831287244,0,0,0.9588696574739,True,True,2048.0,1024.0,1024.0,log_alpha+log_nu+logit_tau,rbf,median_positive_squared_distance_full_mcmc,biased,0.33644986982426306,0.001746842248719238,0.041795241938757076,2048,-196.07118311648992,-196.053611433559,0.0013086048030866,1726.7691378879022,-0.0175716829309067,0.0175716829309067,0.9999999403102576,0.999999941849375,-1.5391175001155943e-09,1.5391175001155943e-09
m3,M3,s001,302026,m0,M0,S2D_noMMD,without_mmd,2,8,0.25,3002027,55.912,33.48,89.392,217.8820000000007,134.5009999999983,352.382999999999,112032026,,4,24000,1.00024048235771,6299.3613729607,0.262473390540029,0,0,0.90131559341273,True,True,,,,,,,,,,,2048,-504.2025864152199,-504.192483145108,0.0009455715561392,1659.444964812316,-0.0101032701119265,0.0101032701119265,6.607328512251594e-17,6.775242845069206e-17,-1.6791433281761217e-18,1.6791433281761217e-18
m3,M3,s001,302026,m1,M1,S2D_noMMD,without_mmd,2,10,0.25,3102027,55.0650000000001,33.73,88.7950000000001,217.8820000000007,134.5009999999983,352.382999999999,112032027,,4,24000,1.0008762272879,6392.95933345418,0.266373305560591,0,0,0.96301155855894,True,True,,,,,,,,,,,2048,-471.13125349650613,-471.118601816676,0.0009737114832881,1120.7585065033095,-0.0126516798301281,0.0126516798301281,0.0152308203639602,0.0156577380194823,-0.000426917655522,0.000426917655522
m3,M3,s001,302026,m2,M2,S2D_noMMD,without_mmd,2,10,0.25,3202027,59.1270000000004,33.7159999999994,92.8429999999998,217.8820000000007,134.5009999999983,352.382999999999,112032028,,4,24000,1.0001868561172,7818.89509989994,0.325787295829164,0,0,0.944006637927265,True,True,,,,,,,,,,,2048,-506.10168394689873,-506.084577402165,0.0011079171471572,1660.796704967224,-0.0171065447337355,0.0171065447337355,9.891412683061888e-18,1.0214068619165517e-17,-3.2265593610363075e-19,3.2265593610363075e-19
m3,M3,s001,302026,m3,M3,S2D_noMMD,without_mmd,2,14,0.25,3302027,47.7780000000002,33.5749999999989,81.3529999999992,217.8820000000007,134.5009999999983,352.382999999999,112032029,122032026.0,4,24000,1.00040820000025,8376.73327010305,0.349030552920961,0,0,0.930264641269585,True,True,2048.0,1024.0,1024.0,log_alpha+log_nu+logit_tau,rbf,median_positive_squared_distance_full_mcmc,biased,0.2587017206113136,0.0046010758910570715,0.06783123094163242,2048,-466.9621672486469,-466.977593389815,0.0005890545254522,1493.2409410147254,0.0154261411681773,0.0154261411681773,0.9847691796360396,0.9843422619805176,0.0004269176555221,0.0004269176555221
m3,M3,s002,302027,m0,M0,S2D_noMMD,without_mmd,2,8,0.25,3002028,47.98,33.303,81.283,230.8400000000001,133.5290000000002,364.36900000000026,112032027,,4,24000,1.0003014450091,8770.13040689837,0.365422100287432,0,0,0.936894575598423,True,True,,,,,,,,,,,2048,-302.45773035536416,-302.498000145729,0.0008155508399135,563.075615118861,0.0402697903648459,0.0402697903648459,3.3129369003444017e-43,2.995260336580905e-43,3.176765637634971e-44,3.176765637634971e-44
m3,M3,s002,302027,m1,M1,S2D_noMMD,without_mmd,2,10,0.25,3102028,63.3520000000003,33.6349999999998,96.9870000000001,230.8400000000001,133.5290000000002,364.36900000000026,112032028,,4,24000,1.00025514760565,6817.94463953798,0.284081026647416,0,0,0.975801807713034,True,True,,,,,,,,,,,2048,-252.6313577729543,-252.488429972711,0.0010648762820721,127.62403946590064,-0.1429278002432852,0.1429278002432852,1.4438824243850473e-21,1.5678876673981662e-21,-1.240052430131191e-22,1.240052430131191e-22
m3,M3,s002,302027,m2,M2,S2D_noMMD,without_mmd,2,10,0.25,3202028,54.9979999999996,33.2980000000007,88.2960000000003,230.8400000000001,133.5290000000002,364.36900000000026,112032029,,4,24000,1.00032944366091,7635.3881897737,0.318141174573904,0,0,0.966722057615487,True,True,,,,,,,,,,,2048,-269.5893038823922,-269.567480777737,0.0007814545563025,932.9632100527094,-0.0218231046551977,0.0218231046551977,6.234324592686978e-29,5.99759897076166e-29,2.367256219253175e-30,2.367256219253175e-30
m3,M3,s002,302027,m3,M3,S2D_noMMD,without_mmd,2,14,0.25,3302028,64.5100000000002,33.2929999999997,97.8029999999999,230.8400000000001,133.5290000000002,364.36900000000026,112032030,122032027.0,4,24000,1.00042067304234,9635.81163410449,0.40149215142102,0,0,0.955706267057507,True,True,2048.0,1024.0,1024.0,log_alpha+log_nu+logit_tau,rbf,median_positive_squared_distance_full_mcmc,biased,0.2512446121658214,0.06596133389183612,0.25682938673725814,2048,-204.6444064336788,-204.583872298508,0.0005366105882456,996.7190836284522,-0.0605341351708261,0.0605341351708261,1.0,1.0,0.0,0.0
m3,M3,s003,302028,m0,M0,S2D_noMMD,without_mmd,2,8,0.25,3002029,40.546,33.207,73.753,194.0480000000008,132.9360000000002,326.984000000001,112032028,,4,24000,1.00015049699563,15598.6547878744,0.649943949494766,0,0,0.946565886121681,True,True,,,,,,,,,,,2048,-284.1563078646061,-284.142898517438,0.0003187665076076,501.86746279265685,-0.0134093471680785,0.0134093471680785,3.3558946646647736e-39,3.053041091187397e-39,3.0285357347737695e-40,3.0285357347737695e-40
m3,M3,s003,302028,m1,M1,S2D_noMMD,without_mmd,2,10,0.25,3102029,40.8679999999999,33.3890000000001,74.2570000000001,194.0480000000008,132.9360000000002,326.984000000001,112032029,,4,24000,1.00008716558545,16461.9386268812,0.685914109453382,0,0,0.944304917441582,True,True,,,,,,,,,,,2048,-280.74002596757396,-280.517856673589,0.0003135449570621,79.59573943847822,-0.2221692939849617,0.2221692939849617,1.0220701322578649e-37,1.1456931566254283e-37,-1.2362302436756364e-38,1.2362302436756364e-38
m3,M3,s003,302028,m2,M2,S2D_noMMD,without_mmd,2,10,0.25,3202029,54.6469999999999,33.143,87.79,194.0480000000008,132.9360000000002,326.984000000001,112032030,,4,24000,1.00037153017863,9493.29247159489,0.39555385298312,0,0,0.965991681526507,True,True,,,,,,,,,,,2048,-196.81861754972465,-196.731049594279,0.0007335911543415,1624.1523513108002,-0.0875679554456496,0.0875679554456496,0.2858151771102119,0.2800375631608748,0.0057776139493371,0.0057776139493371
m3,M3,s003,302028,m3,M3,S2D_noMMD,without_mmd,2,14,0.25,3302029,57.987000000001,33.1970000000001,91.1840000000011,194.0480000000008,132.9360000000002,326.984000000001,112032031,122032028.0,4,24000,1.00037697996052,10307.3137726488,0.4294714071937,0,0,0.976435837213993,True,True,2048.0,1024.0,1024.0,log_alpha+log_nu+logit_tau,rbf,median_positive_squared_distance_full_mcmc,biased,0.47531831010543146,0.014442257852190776,0.12017594539753276,2048,-195.9028211333348,-195.786774303004,0.0009952327481072,1302.0153149129258,-0.1160468303308164,0.1160468303308164,0.7141848228897881,0.7199624368391252,-0.005777613949337,0.005777613949337
m3,M3,s004,302029,m0,M0,S2D_noMMD,without_mmd,2,8,0.25,3002030,31.738,33.367,65.105,203.5339999999994,133.8060000000008,337.3400000000002,112032029,,4,24000,1.00023645138525,15579.1429261112,0.649130955254632,0,0,0.963454069673041,True,True,,,,,,,,,,,2048,-343.4622283416382,-343.365128628954,0.0004206439517254,58.65409670081874,-0.0970997126842121,0.0970997126842121,7.446270376996883e-156,7.966006537134315e-155,-7.221379499434627e-155,7.221379499434627e-155
m3,M3,s004,302029,m1,M1,S2D_noMMD,without_mmd,2,10,0.25,3102030,50.1779999999999,33.828,84.0059999999999,203.5339999999994,133.8060000000008,337.3400000000002,112032030,,4,24000,1.00012191700826,9369.55498540676,0.390398124391948,0,0,0.964865897281741,True,True,,,,,,,,,,,2048,-145.37790608791175,-144.235125783459,0.0003812501235671,1.907967387350637,-1.1427803044527425,1.1427803044527425,7.922585010128177e-70,2.4115822332498723e-68,-2.3323563831485907e-68,2.3323563831485907e-68
m3,M3,s004,302029,m2,M2,S2D_noMMD,without_mmd,2,10,0.25,3202030,50.7349999999997,33.2520000000004,83.9870000000001,203.5339999999994,133.8060000000008,337.3400000000002,112032031,,4,24000,1.00008995896804,11301.0568456009,0.470877368566705,0,0,0.92321212410673,True,True,,,,,,,,,,,2048,-260.1856963567266,-260.05385321178,0.000502221709153,61.37979889877955,-0.1318431449466288,0.1318431449466288,1.0926400485165791e-119,1.2102298276548093e-118,-1.1009658228031514e-118,1.1009658228031514e-118
m3,M3,s004,302029,m3,M3,S2D_noMMD,without_mmd,2,14,0.25,3302030,70.8829999999998,33.3590000000004,104.242,203.5339999999994,133.8060000000008,337.3400000000002,112032032,122032029.0,4,24000,1.0003710598094,11271.7032126085,0.469654300525353,0,0,0.973739366931141,True,True,2048.0,1024.0,1024.0,log_alpha+log_nu+logit_tau,rbf,median_positive_squared_distance_full_mcmc,biased,0.6074701383000116,0.15906469845002447,0.398829159478121,2048,13.73333287893109,11.4603774797345,0.0010381955657004,27.52244999144177,2.27295539919659,2.27295539919659,1.0,1.0,0.0,0.0
m3,M3,s005,302030,m0,M0,S2D_noMMD,without_mmd,2,8,0.25,3002031,41.892,33.395,75.287,188.2529999999998,134.19700000000012,322.44999999999993,112032030,,4,24000,1.0007700007022,12353.2059632864,0.514716915136932,0,0,0.991437506798992,True,True,,,,,,,,,,,2048,-277.42664694260804,-277.44723406194,0.000517796528682,1113.5206147881815,0.0205871193319353,0.0205871193319353,2.8669320722026767e-32,2.794156382904169e-32,7.277568929850847e-34,7.277568929850847e-34
m3,M3,s005,302030,m1,M1,S2D_noMMD,without_mmd,2,10,0.25,3102031,38.8249999999998,33.721,72.5459999999998,188.2529999999998,134.19700000000012,322.44999999999993,112032031,,4,24000,1.00042495555553,12024.0935033715,0.501003895973814,0,0,0.974364586419043,True,True,,,,,,,,,,,2048,-223.47021986919205,-223.437114631777,0.0004509511633097,783.7890940094994,-0.0331052374150431,0.0331052374150431,7.769551402720439e-09,7.990014076516344e-09,-2.2046267379590576e-10,2.2046267379590576e-10
m3,M3,s005,302030,m2,M2,S2D_noMMD,without_mmd,2,10,0.25,3202031,47.6489999999994,33.4380000000001,81.0869999999995,188.2529999999998,134.19700000000012,322.44999999999993,112032032,,4,24000,1.0003186656824,12402.2210839638,0.516759211831826,0,0,0.988173905792492,True,True,,,,,,,,,,,2048,-277.5494421902353,-277.570905338354,0.0005956271655702,1218.6468240174888,0.0214631481186984,0.0214631481186984,2.5356429802477045e-32,2.4691129432017e-32,6.653003704600422e-34,6.653003704600422e-34
m3,M3,s005,302030,m3,M3,S2D_noMMD,without_mmd,2,14,0.25,3302031,59.8870000000006,33.643,93.5300000000007,188.2529999999998,134.19700000000012,322.44999999999993,112032033,122032030.0,4,24000,1.00040631457393,10179.6195501324,0.424150814588848,0,0,0.955417656761106,True,True,2048.0,1024.0,1024.0,log_alpha+log_nu+logit_tau,rbf,median_positive_squared_distance_full_mcmc,biased,0.46437402787831195,0.027258080808346463,0.1651002144406435,2048,-204.79716646820043,-204.792041324364,0.0008055392214454,1487.0554798724472,-0.0051251438364374,0.0051251438364374,0.9999999922304488,0.999999992009986,2.2046275915954539e-10,2.2046275915954539e-10
m3,M3,s006,302031,m0,M0,S2D_noMMD,without_mmd,2,8,0.25,3002032,45.117,33.695,78.812,189.1099999999995,134.8150000000008,323.9250000000003,112032031,,4,24000,1.00045591599123,9364.82926470349,0.390201219362645,0,0,0.953932793030631,True,True,,,,,,,,,,,2048,-683.0442336959945,-683.08762776146,0.0008104492706179,1138.207605826581,0.0433940654654634,0.0433940654654634,1.276999796260936e-56,1.0622858439554559e-56,2.1471395230547992e-57,2.1471395230547992e-57
m3,M3,s006,302031,m1,M1,S2D_noMMD,without_mmd,2,10,0.25,3102032,44.1869999999999,33.8940000000002,78.0810000000001,189.1099999999995,134.8150000000008,323.9250000000003,112032032,,4,24000,1.00034074269917,10682.4418725067,0.445101744687778,0,0,0.950562356756673,True,True,,,,,,,,,,,2048,-683.1791444841753,-683.580251620973,0.0006891078555706,17.3422599231906,0.401107136797691,0.401107136797691,1.1158345824084805e-56,6.490790177275074e-57,4.667555646809729e-57,4.667555646809729e-57
m3,M3,s006,302031,m2,M2,S2D_noMMD,without_mmd,2,10,0.25,3202032,51.9980000000005,33.7839999999997,85.7820000000002,189.1099999999995,134.8150000000008,323.9250000000003,112032033,,4,24000,1.00017698004965,10763.7038974147,0.448487662392279,0,0,0.967949346310489,True,True,,,,,,,,,,,2048,-685.1884271536575,-685.225989012655,0.0008173659898101,749.2019954862714,0.0375618589974919,0.0375618589974919,1.4961648283127386e-57,1.2518805799094204e-57,2.442842484033182e-58,2.442842484033182e-58
m3,M3,s006,302031,m3,M3,S2D_noMMD,without_mmd,2,14,0.25,3302032,47.8079999999991,33.4420000000009,81.25,189.1099999999995,134.8150000000008,323.9250000000003,112032034,122032031.0,4,24000,1.00093685391164,10234.6620697075,0.42644425290448,0,0,0.979126226709473,True,True,2048.0,1024.0,1024.0,log_alpha+log_nu+logit_tau,rbf,median_positive_squared_distance_full_mcmc,biased,0.4165998393364001,0.006264120097230874,0.07914619445829897,2048,-554.3439819058333,-554.203285596664,0.0010312657400044,945.9479534613076,-0.1406963091692432,0.1406963091692432,1.0,1.0,0.0,0.0
m3,M3,s007,302032,m0,M0,S2D_noMMD,without_mmd,2,8,0.25,3002033,30.1940000000001,33.0569999999999,63.251,203.93299999999928,132.9800000000001,336.9129999999994,112032032,,4,24000,1.00009427986048,16382.9199563295,0.682621664847061,0,0,0.976261130208656,True,True,,,,,,,,,,,2048,-523.7318254599996,-524.091094638045,0.0002736905225903,17.88252507355838,0.3592691780453378,0.3592691780453378,3.603674550436493e-137,2.0153259987952653e-137,1.5883485516412276e-137,1.5883485516412276e-137
m3,M3,s007,302032,m1,M1,S2D_noMMD,without_mmd,2,10,0.25,3102033,55.0229999999997,33.4410000000003,88.4639999999999,203.93299999999928,132.9800000000001,336.9129999999994,112032033,,4,24000,1.00029304389263,7506.88021375445,0.312786675573102,0,0,0.990378458984285,True,True,,,,,,,,,,,2048,-271.3634666118394,-271.275211936333,0.0008459678296578,140.63309607873802,-0.0882546755063913,0.0882546755063913,1.4418869708093353e-27,1.2615024619246988e-27,1.803845088846364e-28,1.803845088846364e-28
m3,M3,s007,302032,m2,M2,S2D_noMMD,without_mmd,2,10,0.25,3202033,45.3450000000003,33.2610000000004,78.6060000000007,203.93299999999928,132.9800000000001,336.9129999999994,112032034,,4,24000,1.00047953058546,10792.4118641294,0.449683827672056,0,0,0.97168910181327,True,True,,,,,,,,,,,2048,-428.50205109516,-428.292481440068,0.0009527560546784,186.850640642175,-0.2095696550919683,0.2095696550919683,8.21317510856017e-96,8.112494090096056e-96,1.006810184641146e-97,1.006810184641146e-97
m3,M3,s007,302032,m3,M3,S2D_noMMD,without_mmd,2,14,0.25,3302033,73.3709999999992,33.2209999999995,106.591999999999,203.93299999999928,132.9800000000001,336.9129999999994,112032035,122032032.0,4,24000,1.00047037092201,9974.25711647273,0.415594046519697,0,0,0.932868607651867,True,True,2048.0,1024.0,1024.0,log_alpha+log_nu+logit_tau,rbf,median_positive_squared_distance_full_mcmc,biased,0.39954242739843115,0.024926152965393245,0.1578801854742806,2048,-209.55962175316336,-209.337717866176,0.0010799703521768,834.2919056699166,-0.221903886987377,0.221903886987377,1.0,1.0,0.0,0.0
m3,M3,s008,302033,m0,M0,S2D_noMMD,without_mmd,2,8,0.25,3002034,77.656,33.7090000000001,111.365,306.7780000000012,135.0480000000004,441.8260000000016,112032033,,4,24000,1.00040134503243,4942.69720911891,0.205945717046621,0,0,0.973141976735385,True,True,,,,,,,,,,,2048,-147.3758733697061,-147.414931237426,0.0016031558620021,681.0298881920168,0.0390578677198902,0.0390578677198902,1.5323509731623683e-34,1.581082168351184e-34,-4.8731195188815895e-36,4.8731195188815895e-36
m3,M3,s008,302033,m1,M1,S2D_noMMD,without_mmd,2,10,0.25,3102034,69.9949999999999,33.7840000000001,103.779,306.7780000000012,135.0480000000004,441.8260000000016,112032034,,4,24000,1.00149043232986,5168.46036131995,0.215352515054998,0,0,0.959140588015907,True,True,,,,,,,,,,,2048,-95.18113112542348,-95.272108352535,0.0007083207278044,69.94864302964939,0.0909772271115088,0.0909772271115088,7.132582267740883e-12,6.9870635031762196e-12,1.455187645646631e-13,1.455187645646631e-13
m3,M3,s008,302033,m2,M2,S2D_noMMD,without_mmd,2,10,0.25,3202034,83.8900000000003,33.7209999999995,117.611,306.7780000000012,135.0480000000004,441.8260000000016,112032035,,4,24000,1.00024088043415,4563.46033923187,0.190144180801328,0,0,0.977535767611254,True,True,,,,,,,,,,,2048,-149.00506830438334,-149.003130131506,0.0013853216592044,733.0690671218064,-0.0019381728773453,0.0019381728773453,3.0047467798104375e-35,3.2300438990601726e-35,-2.2529711924973557e-36,2.2529711924973557e-36
m3,M3,s008,302033,m3,M3,S2D_noMMD,without_mmd,2,14,0.25,3302034,75.237000000001,33.8340000000007,109.071000000002,306.7780000000012,135.0480000000004,441.8260000000016,112032036,122032033.0,4,24000,1.00013299046584,6003.54355051481,0.250147647938117,0,0,0.973811108453836,True,True,2048.0,1024.0,1024.0,log_alpha+log_nu+logit_tau,rbf,median_positive_squared_distance_full_mcmc,biased,0.21252652648513237,0.05466955086361791,0.23381520665606398,2048,-69.5147833477494,-69.5851476049039,0.0009945086429268,493.9220972446243,0.0703642571544946,0.0703642571544946,0.9999999999928676,0.9999999999930128,-1.454392162258955e-13,1.454392162258955e-13
m3,M3,s009,302034,m0,M0,S2D_noMMD,without_mmd,2,8,0.25,3002035,50.657,33.284,83.941,221.28100000000015,133.7579999999998,355.039,112032034,,4,24000,1.00007009100335,6175.32438584308,0.257305182743462,0,0,0.957129320623695,True,True,,,,,,,,,,,2048,-476.09902787242333,-476.106881490706,0.0010257337908873,1865.315858224143,0.0078536182826383,0.0078536182826383,6.440416685275224e-05,6.421846920175941e-05,1.8569765099282886e-07,1.8569765099282886e-07
m3,M3,s009,302034,m1,M1,S2D_noMMD,without_mmd,2,10,0.25,3102035,55.556,33.4400000000001,88.9960000000001,221.28100000000015,133.7579999999998,355.039,112032035,,4,24000,1.00053958069663,6764.76837664972,0.281865349027072,0,0,0.982270949742632,True,True,,,,,,,,,,,2048,-475.4633592927671,-475.458127625072,0.001059426621319,1819.7492001889843,-0.0052316676951136,0.0052316676951136,0.0001216133699039,0.0001228599043525,-1.246534448598734e-06,1.246534448598734e-06
m3,M3,s009,302034,m2,M2,S2D_noMMD,without_mmd,2,10,0.25,3202035,51.1289999999999,33.5529999999999,84.6819999999998,221.28100000000015,133.7579999999998,355.039,112032036,,4,24000,1.00023463671345,8151.41670555857,0.339642362731607,0,0,0.987761705918529,True,True,,,,,,,,,,,2048,-475.3578556585726,-475.350690029351,0.0013568755699364,1822.2366156687165,-0.0071656292216175,0.0071656292216175,0.0001351453069744,0.0001367948437987,-1.6495368242957066e-06,1.6495368242957066e-06
m3,M3,s009,302034,m3,M3,S2D_noMMD,without_mmd,2,14,0.25,3302035,63.9390000000003,33.4809999999998,97.4200000000001,221.28100000000015,133.7579999999998,355.039,112032037,122032034.0,4,24000,1.00057212265158,7317.86634059576,0.304911097524823,0,0,0.973796226174944,True,True,2048.0,1024.0,1024.0,log_alpha+log_nu+logit_tau,rbf,median_positive_squared_distance_full_mcmc,biased,0.37919322338445416,0.0019760051528010525,0.04445227950061788,2048,-466.4490168625863,-466.453985710011,0.0015973755959937,1787.998745675741,0.0049688474247204,0.0049688474247204,0.9996788371562688,0.9996761267826468,2.710373621983564e-06,2.710373621983564e-06
m3,M3,s010,302035,m0,M0,S2D_noMMD,without_mmd,2,8,0.25,3002036,36.962,33.4190000000001,70.3810000000001,195.7119999999995,134.1439999999995,329.85599999999897,112032035,,4,24000,1.00021653486843,9253.00906138996,0.385542044224582,0,0,0.943544515973937,True,True,,,,,,,,,,,2048,-300.7156316255861,-300.729618299888,0.0004750249216582,1735.24213852067,0.0139866743018615,0.0139866743018615,0.0010538836330888,0.0010407838214962,1.3099811592544178e-05,1.3099811592544178e-05
m3,M3,s010,302035,m1,M1,S2D_noMMD,without_mmd,2,10,0.25,3102036,46.5260000000003,33.6459999999997,80.172,195.7119999999995,134.1439999999995,329.85599999999897,112032036,,4,24000,1.0004115002239,9443.28970700376,0.39347040445849,0,0,0.946510242546264,True,True,,,,,,,,,,,2048,-295.0750966374185,-295.079906664414,0.0007001922372588,1745.2665004949574,0.0048100269955284,0.0048100269955284,0.2967876877624578,0.295800647505777,0.0009870402566807,0.0009870402566807
m3,M3,s010,302035,m2,M2,S2D_noMMD,without_mmd,2,10,0.25,3202036,54.0039999999999,33.4290000000001,87.433,195.7119999999995,134.1439999999995,329.85599999999897,112032037,,4,24000,1.00035912603489,10193.9537345665,0.424748072273603,0,0,0.962960543642922,True,True,,,,,,,,,,,2048,-299.23747591016985,-299.249125485131,0.0006931625471752,1262.5246967587873,0.0116495749611544,0.0116495749611544,0.0046211230242708,0.0045743605504071,4.676247386370576e-05,4.676247386370576e-05
m3,M3,s010,302035,m3,M3,S2D_noMMD,without_mmd,2,14,0.25,3302036,58.2199999999993,33.6499999999996,91.869999999999,195.7119999999995,134.1439999999995,329.85599999999897,112032038,122032035.0,4,24000,1.00047565932768,10431.952062338,0.434664669264084,0,0,0.992457788420846,True,True,2048.0,1024.0,1024.0,log_alpha+log_nu+logit_tau,rbf,median_positive_squared_distance_full_mcmc,biased,0.45629222060911645,0.0033791434340160187,0.058130400256802106,2048,-294.2205576676031,-294.220536676605,0.0012510466652382,1628.8637571397985,-2.099099810948246e-05,2.099099810948246e-05,0.6975373055801826,0.6985842081223196,-0.001046902542137,0.001046902542137
m3,M3,s011,302036,m0,M0,S2D_noMMD,without_mmd,2,8,0.25,3002037,52.859,33.328,86.187,250.7230000000009,133.3829999999994,384.10600000000034,112032036,,4,24000,1.00030167232222,6479.53289244581,0.269980537185242,0,0,0.957352852348913,True,True,,,,,,,,,,,2048,76.13368877093123,76.1092185583737,0.0008208165432641,1058.542159706137,0.0244702125575315,0.0244702125575315,1.0773453971003529e-29,9.615890192361357e-30,1.157563778642173e-30,1.157563778642173e-30
m3,M3,s011,302036,m1,M1,S2D_noMMD,without_mmd,2,10,0.25,3102037,58.3470000000002,33.402,91.7490000000003,250.7230000000009,133.3829999999994,384.10600000000034,112032037,,4,24000,1.00149814639936,5470.5604375072,0.227940018229467,0,0,0.940718435744433,True,True,,,,,,,,,,,2048,87.64380246872544,87.7749181100483,0.0013684004309323,116.6558192826926,-0.1311156413228644,0.1311156413228644,1.0743204074518257e-24,1.1203105819465341e-24,-4.599017449470847e-26,4.599017449470847e-26
m3,M3,s011,302036,m2,M2,S2D_noMMD,without_mmd,2,10,0.25,3202037,65.3180000000002,33.2239999999993,98.5419999999995,250.7230000000009,133.3829999999994,384.10600000000034,112032038,,4,24000,1.00084101266328,9378.42484471037,0.390767701862932,0,0,0.963807990568539,True,True,,,,,,,,,,,2048,74.422277817627,74.4724641258965,0.0012702164317074,617.2714820903682,-0.0501863082694882,0.0501863082694882,1.945801918291656e-30,1.8713545482267813e-30,7.444737006487494e-32,7.444737006487494e-32
m3,M3,s011,302036,m3,M3,S2D_noMMD,without_mmd,2,14,0.25,3302037,74.1990000000005,33.4290000000001,107.628000000001,250.7230000000009,133.3829999999994,384.10600000000034,112032039,122032036.0,4,24000,1.00043963609572,7601.5463642097,0.316731098508737,0,0,0.970103626313521,True,True,2048.0,1024.0,1024.0,log_alpha+log_nu+logit_tau,rbf,median_positive_squared_distance_full_mcmc,biased,0.4544935719114038,0.22174751455400976,0.47090074809242954,2048,142.83415641802696,142.923354389731,0.0009832375999016,372.5301587634415,-0.0891979717040385,0.0891979717040385,1.0,1.0,0.0,0.0
m3,M3,s012,302037,m0,M0,S2D_noMMD,without_mmd,2,8,0.25,3002038,49.7040000000001,33.2859999999999,82.99,237.1400000000007,134.1530000000001,371.2930000000008,112032037,,4,24000,1.00098464646733,7863.39080634203,0.327641283597585,0,0,0.942969529724795,True,True,,,,,,,,,,,2048,-516.7856144128021,-516.88581862492,0.0011956676979332,229.97181548884816,0.1002042121178874,0.1002042121178874,2.9545637558840137e-94,2.5229322479329566e-94,4.316315079510571e-95,4.316315079510571e-95
m3,M3,s012,302037,m1,M1,S2D_noMMD,without_mmd,2,10,0.25,3102038,63.0799999999999,33.857,96.9369999999999,237.1400000000007,134.1530000000001,371.2930000000008,112032038,,4,24000,1.00049696331434,6590.38187778495,0.274599244907706,0,0,0.954118474924157,True,True,,,,,,,,,,,2048,-392.7534124156318,-392.787736252148,0.0011284971947652,105.28638205678963,0.0343238365162505,0.0343238365162505,2.17267252105957e-40,1.9816090508335574e-40,1.9106347022601263e-41,1.9106347022601263e-41
m3,M3,s012,302037,m2,M2,S2D_noMMD,without_mmd,2,10,0.25,3202038,66.0479999999998,33.5910000000003,99.6390000000001,237.1400000000007,134.1530000000001,371.2930000000008,112032039,,4,24000,1.00034464487049,7231.8900815477,0.301328753397821,0,0,0.938574959301042,True,True,,,,,,,,,,,2048,-457.8447159271368,-457.893178824394,0.0015709947796916,86.86379552568614,0.0484628972571954,0.0484628972571954,1.1700389965484336e-68,1.0521642130691024e-68,1.178747834793312e-69,1.178747834793312e-69
m3,M3,s012,302037,m3,M3,S2D_noMMD,without_mmd,2,14,0.25,3302038,58.3080000000009,33.4189999999999,91.7270000000008,237.1400000000007,134.1530000000001,371.2930000000008,112032040,122032037.0,4,24000,1.00025733771886,8909.2678541706,0.371219493923775,0,0,0.972238156471425,True,True,2048.0,1024.0,1024.0,log_alpha+log_nu+logit_tau,rbf,median_positive_squared_distance_full_mcmc,biased,0.20608950809282778,0.021344990647372608,0.14609924930461693,2048,-301.4259666821792,-301.368241699006,0.000582166700178,1062.6680403490589,-0.057724983173216,0.057724983173216,1.0,1.0,0.0,0.0
m3,M3,s013,302038,m0,M0,S2D_noMMD,without_mmd,2,8,0.25,3002039,70.327,33.433,103.76,271.2220000000009,134.55000000000018,405.772000000001,112032038,,4,24000,1.00058108171847,5889.72034366193,0.245405014319247,0,0,0.963982545107604,True,True,,,,,,,,,,,2048,-813.6935283445441,-813.672062835475,0.0010652199675038,428.96475734653586,-0.0214655090691167,0.0214655090691167,6.890663540922416e-37,6.443159179490949e-37,4.475043614314664e-38,4.475043614314664e-38
m3,M3,s013,302038,m1,M1,S2D_noMMD,without_mmd,2,10,0.25,3102039,66.886,33.5929999999998,100.479,271.2220000000009,134.55000000000018,405.772000000001,112032039,,4,24000,1.00040937245874,4720.81975341645,0.196700823059019,0,0,0.960341209470991,True,True,,,,,,,,,,,2048,-816.6739813558991,-816.646299005472,0.0009613624890607,200.035690716846,-0.0276823504270851,0.0276823504270851,3.498378120495855e-38,3.29158067804319e-38,2.0679744245266538e-39,2.0679744245266538e-39
m3,M3,s013,302038,m2,M2,S2D_noMMD,without_mmd,2,10,0.25,3202039,65.5680000000002,33.6179999999995,99.1859999999997,271.2220000000009,134.55000000000018,405.772000000001,112032040,,4,24000,1.0004065942424,6980.60193422286,0.290858413925953,0,0,0.954215585818843,True,True,,,,,,,,,,,2048,-771.5488721524483,-771.532447201063,0.0005085946475855,1149.5600867584478,-0.0164249513853746,0.0164249513853746,1.3850092392018305e-18,1.2885503711161885e-18,9.645886808564212e-20,9.645886808564212e-20
m3,M3,s013,302038,m3,M3,S2D_noMMD,without_mmd,2,14,0.25,3302039,68.4410000000007,33.9060000000009,102.347000000002,271.2220000000009,134.55000000000018,405.772000000001,112032041,122032038.0,4,24000,1.0013281699864,8003.2749895607,0.333469791231696,0,0,0.969805337222521,True,True,2048.0,1024.0,1024.0,log_alpha+log_nu+logit_tau,rbf,median_positive_squared_distance_full_mcmc,biased,0.2015041106116895,0.01722144844140394,0.131230516425883,2048,-730.4280472890764,-730.33943337035,0.000789193391589,722.0996268426882,-0.0886139187264234,0.0886139187264234,1.0,1.0,0.0,0.0
m3,M3,s014,302039,m0,M0,S2D_noMMD,without_mmd,2,8,0.25,3002040,72.5640000000001,33.296,105.86,286.4520000000013,133.89099999999848,420.3429999999998,112032039,,4,24000,1.0002339151346,5167.87594709026,0.215328164462094,0,0,0.970708811075435,True,True,,,,,,,,,,,2048,-65.1212435691674,-65.1183728037027,0.0013137266492958,1548.512594097239,-0.0028707654647064,0.0028707654647064,1.5105804266882922e-47,1.3628848133482722e-47,1.4769561334002023e-48,1.4769561334002023e-48
m3,M3,s014,302039,m1,M1,S2D_noMMD,without_mmd,2,10,0.25,3102040,64.9280000000003,33.7259999999997,98.654,286.4520000000013,133.89099999999848,420.3429999999998,112032040,,4,24000,1.00148809131811,4750.82416777504,0.197951006990627,0,0,0.977322089145037,True,True,,,,,,,,,,,2048,-51.48859367554818,-51.5737757267295,0.0016889289820983,229.8627318065144,0.0851820511813201,0.0851820511813201,1.2581385673746176e-41,1.0394483695117767e-41,2.1869019786284077e-42,2.1869019786284077e-42
m3,M3,s014,302039,m2,M2,S2D_noMMD,without_mmd,2,10,0.25,3202040,79.3819999999996,33.4279999999999,112.809999999999,286.4520000000013,133.89099999999848,420.3429999999998,112032041,,4,24000,1.00174839522426,6011.92006129425,0.250496669220594,0,0,0.958647231244227,True,True,,,,,,,,,,,2048,-65.44415562319185,-65.471618971872,0.0010402062586858,1127.390009045983,0.0274633486801576,0.0274633486801576,1.0937169176140068e-47,9.572961022218643e-48,1.3642081539214248e-48,1.3642081539214248e-48
m3,M3,s014,302039,m3,M3,S2D_noMMD,without_mmd,2,14,0.25,3302040,69.5780000000013,33.4409999999989,103.019,286.4520000000013,133.89099999999848,420.3429999999998,112032042,122032039.0,4,24000,1.00070414874169,5796.6634133504,0.241527642222933,0,0,0.979915832287043,True,True,2048.0,1024.0,1024.0,log_alpha+log_nu+logit_tau,rbf,median_positive_squared_distance_full_mcmc,biased,0.26188801405273066,0.03378804288148407,0.18381524115666817,2048,42.68776183604895,42.7935229275233,0.0011740867375944,1108.9416250891843,-0.1057610914743492,0.1057610914743492,1.0,1.0,0.0,0.0
m3,M3,s015,302040,m0,M0,S2D_noMMD,without_mmd,2,8,0.25,3002041,52.537,32.933,85.47,207.0220000000001,132.0369999999994,339.0589999999995,112032040,,4,24000,1.0002665426678,8354.95297016917,0.348123040423715,0,0,0.991663598062653,True,True,,,,,,,,,,,2048,-195.7272752077423,-195.463173059915,0.0006700994256242,63.83432943871363,-0.264102147827316,0.264102147827316,1.2857384508408363e-47,1.4790733634515835e-47,-1.9333491261074718e-48,1.9333491261074718e-48
m3,M3,s015,302040,m1,M1,S2D_noMMD,without_mmd,2,10,0.25,3102041,45.9169999999999,33.2950000000001,79.212,207.0220000000001,132.0369999999994,339.0589999999995,112032041,,4,24000,1.00022448324622,9329.15615398594,0.388714839749414,0,0,0.998230871415456,True,True,,,,,,,,,,,2048,-186.12730146976716,-186.520622067141,0.0011131870098603,2.4108600349102587,0.3933205973738438,0.3933205973738438,1.8983148834655857e-43,1.1315930364566251e-43,7.667218470089609e-44,7.667218470089609e-44
m3,M3,s015,302040,m2,M2,S2D_noMMD,without_mmd,2,10,0.25,3202041,62.5140000000001,33.0619999999999,95.576,207.0220000000001,132.0369999999994,339.0589999999995,112032042,,4,24000,1.00049193892061,8614.52419798285,0.358938508249286,0,0,0.939733477349678,True,True,,,,,,,,,,,2048,-103.99809208712992,-103.780835822812,0.0007146983922459,517.6614030907281,-0.2172562643179247,0.2172562643179247,8.843632575269485e-08,9.707845725426025e-08,-8.642131501565402e-09,8.642131501565402e-09
m3,M3,s015,302040,m3,M3,S2D_noMMD,without_mmd,2,14,0.25,3302041,46.0540000000001,32.7469999999994,78.8009999999995,207.0220000000001,132.0369999999994,339.0589999999995,112032043,122032040.0,4,24000,1.0005848716856,8998.53145674976,0.374938810697907,0,0,0.983280010109063,True,True,2048.0,1024.0,1024.0,log_alpha+log_nu+logit_tau,rbf,median_positive_squared_distance_full_mcmc,biased,0.28577354497117735,0.03873729864342623,0.1968179327282609,2048,-87.7571091486612,-87.6330895721873,0.0008597980461249,319.38891669329325,-0.1240195764738985,0.1240195764738985,0.9999999115636742,0.9999999029215428,8.642131343883364e-09,8.642131343883364e-09
m3,M3,s016,302041,m0,M0,S2D_noMMD,without_mmd,2,8,0.25,3002042,83.0039999999999,33.6190000000001,116.623,291.95500000000084,134.52199999999812,426.47699999999895,112032041,,4,24000,1.00061371124119,4323.76806833226,0.180157002847178,0,0,0.951754255626264,True,True,,,,,,,,,,,2048,-713.8110660258968,-713.782237538337,0.0008923912228252,409.23672092326586,-0.0288284875598492,0.0288284875598492,1.8035625914118316e-30,2.176747898270158e-30,-3.731853068583264e-31,3.731853068583264e-31
m3,M3,s016,302041,m1,M1,S2D_noMMD,without_mmd,2,10,0.25,3102042,70.0839999999998,33.8359999999998,103.92,291.95500000000084,134.52199999999812,426.47699999999895,112032042,,4,24000,1.0012105297944,4990.10286924218,0.207920952885091,0,0,0.984332416070943,True,True,,,,,,,,,,,2048,-695.4144616942338,-695.306864615288,0.001256420805801,9.592742383199775,-0.1075970789457869,0.1075970789457869,1.7606578436125894e-22,2.2991147379203926e-22,-5.384568943078032e-23,5.384568943078032e-23
m3,M3,s016,302041,m2,M2,S2D_noMMD,without_mmd,2,10,0.25,3202042,82.8470000000007,33.6879999999992,116.535,291.95500000000084,134.52199999999812,426.47699999999895,112032043,,4,24000,1.00035304829695,5370.49649389637,0.223770687245682,0,0,0.949224259206949,True,True,,,,,,,,,,,2048,-711.5944842646887,-711.658669232638,0.0008777386224601,214.397241475098,0.0641849679492452,0.0641849679492452,1.654933115631865e-29,1.8199612067615737e-29,-1.650280911297084e-30,1.650280911297084e-30
m3,M3,s016,302041,m3,M3,S2D_noMMD,without_mmd,2,14,0.25,3302042,56.0200000000004,33.378999999999,89.3989999999994,291.95500000000084,134.52199999999812,426.47699999999895,112032044,122032041.0,4,24000,1.00031815703345,6689.25961469528,0.278719150612303,0,0,0.945812342735547,True,True,2048.0,1024.0,1024.0,log_alpha+log_nu+logit_tau,rbf,median_positive_squared_distance_full_mcmc,biased,0.19855920363581614,0.17690463282577362,0.4206003243291351,2048,-645.3232771623583,-645.482516721706,0.0008073388820758,145.22343373126157,0.1592395593477249,0.1592395593477249,1.0,1.0,0.0,0.0
m3,M3,s017,302042,m0,M0,S2D_noMMD,without_mmd,2,8,0.25,3002043,51.2639999999999,33.483,84.7469999999998,240.6889999999991,134.71700000000038,375.4059999999995,112032042,,4,24000,1.00038640084138,6990.46684947541,0.291269452061476,0,0,0.95166989491317,True,True,,,,,,,,,,,2048,-529.1029635543982,-529.076238296818,0.0009168577438588,1341.6926254462526,-0.0267252575802103,0.0267252575802103,7.604437054589773e-29,7.46510561919044e-29,1.3933143539933275e-30,1.3933143539933275e-30
m3,M3,s017,302042,m1,M1,S2D_noMMD,without_mmd,2,10,0.25,3102043,57.5280000000002,33.9589999999998,91.4870000000001,240.6889999999991,134.71700000000038,375.4059999999995,112032043,,4,24000,1.00023430301722,7027.8530885785,0.292827212024104,0,0,0.931255245692019,True,True,,,,,,,,,,,2048,-497.85467562601053,-497.844481613175,0.0011905972190587,1590.6865765204282,-0.0101940128355408,0.0101940128355408,2.8315620666098827e-15,2.734107237514816e-15,9.745482909506724e-17,9.745482909506724e-17
m3,M3,s017,302042,m2,M2,S2D_noMMD,without_mmd,2,10,0.25,3202043,64.8029999999999,33.5440000000008,98.3470000000007,240.6889999999991,134.71700000000038,375.4059999999995,112032044,,4,24000,1.0002432278072,6628.23972279483,0.276176655116451,0,0,0.986262195840782,True,True,,,,,,,,,,,2048,-492.2349780011214,-492.2231258127,0.0010750446580898,1540.9240801565188,-0.0118521884214146,0.0118521884214146,7.809617330518358e-13,7.55334548482894e-13,2.5627184568941697e-14,2.5627184568941697e-14
m3,M3,s017,302042,m3,M3,S2D_noMMD,without_mmd,2,14,0.25,3302043,67.0939999999991,33.7309999999998,100.824999999999,240.6889999999991,134.71700000000038,375.4059999999995,112032045,122032042.0,4,24000,1.00048064238759,7261.7737508427,0.302573906285113,0,0,0.965583661302026,True,True,2048.0,1024.0,1024.0,log_alpha+log_nu+logit_tau,rbf,median_positive_squared_distance_full_mcmc,biased,0.2412332582321285,0.006357440427895211,0.07973355898174377,2048,-464.356727757478,-464.311510179468,0.0007292490707262,1476.0787464832451,-0.0452175780100105,0.0452175780100105,0.9999999999992162,0.999999999999242,-2.5757174171303632e-14,2.5757174171303632e-14
m3,M3,s018,302043,m0,M0,S2D_noMMD,without_mmd,2,8,0.25,3002044,49.585,33.538,83.123,233.0580000000017,134.61299999999798,367.6709999999997,112032043,,4,24000,1.00042704736572,7580.38767592859,0.315849486497024,0,0,0.937739621301052,True,True,,,,,,,,,,,2048,-160.2244859459006,-160.223758138078,0.0008813736747618,1737.3191473310965,-0.0007278078225851,0.0007278078225851,2.928362772748982e-24,2.9181554347634853e-24,1.0207337985497225e-26,1.0207337985497225e-26
m3,M3,s018,302043,m1,M1,S2D_noMMD,without_mmd,2,10,0.25,3102044,58.4009999999998,33.8789999999999,92.2799999999997,233.0580000000017,134.61299999999798,367.6709999999997,112032044,,4,24000,1.00019769057354,6072.5589849379,0.253023291039079,0,0,0.954366632409489,True,True,,,,,,,,,,,2048,-112.21550764876186,-112.216514726344,0.0012208764387488,1779.1004376784826,0.0010070775821446,0.0010070775821446,0.002073286087585,0.0020624780053745,1.0808082210505936e-05,1.0808082210505936e-05
m3,M3,s018,302043,m2,M2,S2D_noMMD,without_mmd,2,10,0.25,3202044,56.7620000000006,33.5239999999994,90.2860000000001,233.0580000000017,134.61299999999798,367.6709999999997,112032045,,4,24000,1.00055096194873,8722.08185406698,0.363420077252791,0,0,0.970492787819438,True,True,,,,,,,,,,,2048,-159.48844268332414,-159.504704996617,0.0009440669993698,1690.294939844245,0.0162623132928558,0.0162623132928558,6.113422409145584e-24,5.9894815614827064e-24,1.2394084766287774e-25,1.2394084766287774e-25
m3,M3,s018,302043,m3,M3,S2D_noMMD,without_mmd,2,14,0.25,3302044,68.3100000000013,33.6719999999987,101.982,233.0580000000017,134.61299999999798,367.6709999999997,112032046,122032043.0,4,24000,1.00075540318371,7303.3674791133,0.304306978296387,0,0,0.996817638172049,True,True,2048.0,1024.0,1024.0,log_alpha+log_nu+logit_tau,rbf,median_positive_squared_distance_full_mcmc,biased,0.3680484684909868,0.006238569954019502,0.07898461846473338,2048,-106.03896263858516,-106.034732230313,0.0006851302374627,1570.5248275931217,-0.00423040827215,0.00423040827215,0.9979267139124148,0.9979375219946256,-1.080808221065599e-05,1.080808221065599e-05
m3,M3,s019,302044,m0,M0,S2D_noMMD,without_mmd,2,8,0.25,3002045,40.2439999999999,33.325,73.569,206.6059999999982,133.562000000001,340.1679999999992,112032044,,4,24000,1.00015986882072,9659.27738467102,0.402469891027959,0,0,0.968133174178512,True,True,,,,,,,,,,,2048,-356.6871513445071,-356.676886842365,0.0008135599644429,1612.068110891155,-0.0102645021420926,0.0102645021420926,4.695627594659847e-55,4.2885320596515946e-55,4.0709553500825225e-56,4.0709553500825225e-56
m3,M3,s019,302044,m1,M1,S2D_noMMD,without_mmd,2,10,0.25,3102045,46.8849999999993,33.598,80.4829999999993,206.6059999999982,133.562000000001,340.1679999999992,112032045,,4,24000,1.0005275363129,9856.14023378814,0.410672509741172,0,0,0.984266855071148,True,True,,,,,,,,,,,2048,-355.6157896144844,-355.242245668546,0.0007213293216189,29.74979840880852,-0.3735439459384224,0.3735439459384224,1.3708190579825328e-54,1.8003850847107238e-54,-4.295660267281913e-55,4.295660267281913e-55
m3,M3,s019,302044,m2,M2,S2D_noMMD,without_mmd,2,10,0.25,3202045,56.7839999999997,33.3690000000006,90.1530000000002,206.6059999999982,133.562000000001,340.1679999999992,112032046,,4,24000,1.00050068892447,10802.5611607909,0.450106715032952,0,0,0.963384770235991,True,True,,,,,,,,,,,2048,-355.9294009525036,-355.9376814266,0.0006842475558418,536.8037488845837,0.0082804740964093,0.0082804740964093,1.0017986914284723e-54,8.98134737583588e-55,1.0366395384488432e-55,1.0366395384488432e-55
m3,M3,s019,302044,m3,M3,S2D_noMMD,without_mmd,2,14,0.25,3302045,62.6929999999993,33.2700000000004,95.9629999999997,206.6059999999982,133.562000000001,340.1679999999992,112032047,122032044.0,4,24000,1.00015621362331,9442.66536604313,0.393444390251797,0,0,0.955663407851165,True,True,2048.0,1024.0,1024.0,log_alpha+log_nu+logit_tau,rbf,median_positive_squared_distance_full_mcmc,biased,0.4364181197393133,0.007355070792406604,0.08576170936033518,2048,-231.59160300654537,-231.490651224839,0.000749000186235,1351.5936597465677,-0.1009517817063283,0.1009517817063283,1.0,1.0,0.0,0.0
m3,M3,s020,302045,m0,M0,S2D_noMMD,without_mmd,2,8,0.25,3002046,72.3799999999999,33.5340000000001,105.914,289.5820000000002,134.9910000000013,424.5730000000015,112032045,,4,24000,1.00076398510128,4993.21269762441,0.208050529067684,0,0,0.929838257520035,True,True,,,,,,,,,,,2048,-187.14062405837527,-187.184730697368,0.0010247585456497,862.6883556672567,0.04410663899273,0.04410663899273,2.1606527386782266e-22,2.087258638232995e-22,7.33941004452315e-24,7.33941004452315e-24
m3,M3,s020,302045,m1,M1,S2D_noMMD,without_mmd,2,10,0.25,3102046,63.7240000000002,33.8060000000005,97.5300000000007,289.5820000000002,134.9910000000013,424.5730000000015,112032046,,4,24000,1.00062662667401,5174.66681872988,0.215611117447078,0,0,0.992722279323426,True,True,,,,,,,,,,,2048,-137.29080972413595,-137.301019279275,0.0006512822763984,1006.4988137818282,0.0102095551390561,0.0102095551390561,0.96401604361834,0.9633783292011368,0.0006377144172032,0.0006377144172032
m3,M3,s020,302045,m2,M2,S2D_noMMD,without_mmd,2,10,0.25,3202046,80.7830000000004,33.7629999999999,114.546,289.5820000000002,134.9910000000013,424.5730000000015,112032047,,4,24000,1.0011987415841,4778.06602995504,0.19908608458146,0,0,0.967962214188041,True,True,,,,,,,,,,,2048,-188.85956875075723,-188.83427755804,0.0009286100552759,601.206988454113,-0.0252911927172476,0.0252911927172476,3.873082766726617e-23,4.010395163499144e-23,-1.3731239677252724e-24,1.3731239677252724e-24
m3,M3,s020,302045,m3,M3,S2D_noMMD,without_mmd,2,14,0.25,3302046,72.6949999999997,33.8880000000008,106.583000000001,289.5820000000002,134.9910000000013,424.5730000000015,112032048,122032045.0,4,24000,1.00021663312779,5766.87286022768,0.240286369176153,0,0,0.935542718437121,True,True,2048.0,1024.0,1024.0,log_alpha+log_nu+logit_tau,rbf,median_positive_squared_distance_full_mcmc,biased,0.15469625471901116,0.06438301151756343,0.2537380766017655,2048,-140.5788444783087,-140.57082531562,0.0007862328181395,696.5167112093237,-0.0080191626886971,0.0080191626886971,0.0359839563816598,0.0366216707988631,-0.0006377144172033,0.0006377144172033
m3,M3,s021,302046,m0,M0,S2D_noMMD,without_mmd,2,8,0.25,3002047,39.046,33.608,72.654,192.6229999999993,135.456,328.07899999999927,112032046,,4,24000,1.00008015222427,16017.2795913626,0.667386649640109,0,0,0.982823697027108,True,True,,,,,,,,,,,2048,-617.6259867614219,-616.780155773904,0.000264280014461,19.529302180059258,-0.8458309875179566,0.8458309875179566,6.1800277715993904e-83,1.427982887796543e-82,-8.099801106366039e-83,8.099801106366039e-83
m3,M3,s021,302046,m1,M1,S2D_noMMD,without_mmd,2,10,0.25,3102047,51.0799999999999,34.0360000000001,85.116,192.6229999999993,135.456,328.07899999999927,112032047,,4,24000,1.0003012605386,9097.73600214914,0.379072333422881,0,0,0.965378774554436,True,True,,,,,,,,,,,2048,-428.43417385249853,-428.426201479348,0.0009676069075124,1680.0027806379744,-0.0079723731505509,0.0079723731505509,0.9035470958155036,0.9032458979070896,0.000301197908414,0.000301197908414
m3,M3,s021,302046,m2,M2,S2D_noMMD,without_mmd,2,10,0.25,3202047,41.7620000000006,33.9290000000001,75.6910000000007,192.6229999999993,135.456,328.07899999999927,112032048,,4,24000,1.00026362867148,16329.7430250308,0.680405959376285,0,0,0.937499542929518,True,True,,,,,,,,,,,2048,-618.0920036452206,-617.632364100428,0.0004675821009916,14.600478546776102,-0.4596395447925943,0.4596395447925943,3.8779469672647155e-83,6.0899486326378535e-83,-2.212001665373138e-83,2.212001665373138e-83
m3,M3,s021,302046,m3,M3,S2D_noMMD,without_mmd,2,14,0.25,3302047,60.7349999999988,33.8829999999998,94.6179999999986,192.6229999999993,135.456,328.07899999999927,112032049,122032046.0,4,24000,1.00032447247073,10031.1896813267,0.417966236721948,0,0,0.966831228863868,True,True,2048.0,1024.0,1024.0,log_alpha+log_nu+logit_tau,rbf,median_positive_squared_distance_full_mcmc,biased,0.3997779430210695,0.018245969586179633,0.1350776428065712,2048,-430.6714472374681,-430.66002357798,0.0010518013434447,1369.4710789026103,-0.0114236594881163,0.0114236594881163,0.0964529041844962,0.0967541020929104,-0.0003011979084142,0.0003011979084142
m3,M3,s022,302047,m0,M0,S2D_noMMD,without_mmd,2,8,0.25,3002048,43.307,33.78,77.087,179.1880000000012,134.5069999999998,313.695000000001,112032047,,4,24000,1.0002683830454,14343.3298346706,0.597638743111275,0,0,0.942201471096195,True,True,,,,,,,,,,,2048,-206.62322690056345,-206.642459817942,0.0003636170133097,570.0886113080014,0.0192329173785879,0.0192329173785879,7.424448947631346e-97,5.975826126635225e-97,1.4486228209961212e-97,1.4486228209961212e-97
m3,M3,s022,302047,m1,M1,S2D_noMMD,without_mmd,2,10,0.25,3102048,43.5810000000001,33.8940000000002,77.4750000000004,179.1880000000012,134.5069999999998,313.695000000001,112032048,,4,24000,1.00018332318046,14846.2363705887,0.618593182107862,0,0,0.996931478435832,True,True,,,,,,,,,,,2048,-183.39678013999185,-184.822804083474,0.0006347209713808,1.010877895729833,1.4260239434821642,1.4260239434821642,9.073647169059166e-87,1.7887680750005022e-87,7.284879094058663e-87,7.284879094058663e-87
m3,M3,s022,302047,m2,M2,S2D_noMMD,without_mmd,2,10,0.25,3202048,46.4740000000002,33.7079999999996,80.1819999999998,179.1880000000012,134.5069999999998,313.695000000001,112032049,,4,24000,1.00015266162401,13758.8073433786,0.573283639307442,0,0,0.976976943054561,True,True,,,,,,,,,,,2048,-185.84454173546993,-185.855462526889,0.000595156954781,161.82852641596497,0.0109207914190676,0.0109207914190676,7.847521851712356e-88,6.369072192064862e-88,1.4784496596474934e-88,1.4784496596474934e-88
m3,M3,s022,302047,m3,M3,S2D_noMMD,without_mmd,2,14,0.25,3302048,45.8260000000009,33.125,78.9510000000009,179.1880000000012,134.5069999999998,313.695000000001,112032050,122032047.0,4,24000,1.00044854450522,11620.8719647129,0.484202998529704,0,0,0.941313247420501,True,True,2048.0,1024.0,1024.0,log_alpha+log_nu+logit_tau,rbf,median_positive_squared_distance_full_mcmc,biased,0.47184593437159217,0.006136136233980016,0.07833349369190688,2048,14.722748653731582,14.9205718503484,0.0007854227135318,961.4980830410184,-0.1978231966168184,0.1978231966168184,1.0,1.0,0.0,0.0
m3,M3,s023,302048,m0,M0,S2D_noMMD,without_mmd,2,8,0.25,3002049,43.969,33.5509999999999,77.52,196.9679999999997,134.8880000000004,331.8560000000001,112032048,,4,24000,1.00030235153538,9098.29614001139,0.379095672500475,0,0,0.98776865025893,True,True,,,,,,,,,,,2048,-452.4111533705056,-452.414433180561,0.0009533568502948,1267.8026466269482,0.0032798100554032,0.0032798100554032,1.6116557258851273e-13,1.553552889449333e-13,5.810283643579417e-15,5.810283643579417e-15
m3,M3,s023,302048,m1,M1,S2D_noMMD,without_mmd,2,10,0.25,3102049,44.759,33.723,78.482,196.9679999999997,134.8880000000004,331.8560000000001,112032049,,4,24000,1.00032134341854,12045.8033366074,0.501908472358643,0,0,0.977910493204531,True,True,,,,,,,,,,,2048,-450.9970598868484,-450.997586927153,0.0007487205173973,1401.2259851785825,0.0005270403046324,0.0005270403046324,6.628347553713348e-13,6.406997471614516e-13,2.213500820988318e-14,2.213500820988318e-14
m3,M3,s023,302048,m2,M2,S2D_noMMD,without_mmd,2,10,0.25,3202049,51.5210000000006,33.906,85.4270000000006,196.9679999999997,134.8880000000004,331.8560000000001,112032050,,4,24000,1.00018060169523,11534.4040657854,0.480600169407726,0,0,0.949405422787692,True,True,,,,,,,,,,,2048,-435.3754980454727,-435.355787743649,0.0007606072527795,1438.2185452177184,-0.019710301823693,0.019710301823693,4.034255304882098e-06,3.979253665870124e-06,5.5001639011973683e-08,5.5001639011973683e-08
m3,M3,s023,302048,m3,M3,S2D_noMMD,without_mmd,2,14,0.25,3302049,56.7189999999991,33.7080000000005,90.4269999999997,196.9679999999997,134.8880000000004,331.8560000000001,112032051,122032048.0,4,24000,1.00037184799629,11339.7783971144,0.472490766546435,0,0,0.996168655093573,True,True,2048.0,1024.0,1024.0,log_alpha+log_nu+logit_tau,rbf,median_positive_squared_distance_full_mcmc,biased,0.5168604363250138,0.006543356363896136,0.08089101534717026,2048,-422.9548132475723,-422.921375445521,0.0009569595202668,1585.86613754315,-0.0334378020513099,0.0334378020513099,0.9999959657438712,0.9999960207455382,-5.5001666998677485e-08,5.5001666998677485e-08
m3,M3,s024,302049,m0,M0,S2D_noMMD,without_mmd,2,8,0.25,3002050,41.617,33.2249999999999,74.8419999999999,227.4729999999997,132.2890000000011,359.7620000000008,112032049,,4,24000,1.00015460995367,12017.4222839302,0.500725928497093,0,0,0.931975109689254,True,True,,,,,,,,,,,2048,-275.24348343122966,-275.310072529996,0.0004235564013507,5.1556378625651265,0.0665890987663146,0.0665890987663146,1.3064064414107365e-104,1.1871169086360358e-104,1.1928953277470071e-105,1.1928953277470071e-105
m3,M3,s024,302049,m1,M1,S2D_noMMD,without_mmd,2,10,0.25,3102050,72.2179999999998,33.4250000000002,105.643,227.4729999999997,132.2890000000011,359.7620000000008,112032050,,4,24000,1.00029620914306,7853.43393347026,0.327226413894594,0,0,0.960534579279885,True,True,,,,,,,,,,,2048,-128.9405061105955,-124.092586208421,0.0006832844776076,4.044034778839959,-4.847919902174496,4.847919902174496,4.5149614802595745e-41,5.5900200760747466e-39,-5.5448704612721506e-39,5.5448704612721506e-39
m3,M3,s024,302049,m2,M2,S2D_noMMD,without_mmd,2,10,0.25,3202050,51.7550000000001,32.8320000000003,84.5870000000004,227.4729999999997,132.2890000000011,359.7620000000008,112032051,,4,24000,1.0005666733937,8432.66504250059,0.351361043437525,0,0,0.974253628710912,True,True,,,,,,,,,,,2048,-173.648841300192,-172.713551918748,0.00098921335502,35.558656451842324,-0.9352893814439938,0.9352893814439938,1.7300983085021306e-60,4.281503021245903e-60,-2.5514047127437725e-60,2.5514047127437725e-60
m3,M3,s024,302049,m3,M3,S2D_noMMD,without_mmd,2,14,0.25,3302050,61.8829999999998,32.8070000000007,94.6900000000005,227.4729999999997,132.2890000000011,359.7620000000008,112032052,122032049.0,4,24000,1.00069372345665,11698.1639696338,0.487423498734743,0,0,0.977807258362233,True,True,2048.0,1024.0,1024.0,log_alpha+log_nu+logit_tau,rbf,median_positive_squared_distance_full_mcmc,biased,0.30658363904709773,0.0412963971168131,0.20321514982110242,2048,-36.041913953168205,-36.0127504602404,0.0005863779461718,607.3636528019906,-0.0291634929278075,0.0291634929278075,1.0,1.0,0.0,0.0
m3,M3,s025,302050,m0,M0,S2D_noMMD,without_mmd,2,8,0.25,3002051,39.5789999999997,33.518,73.0969999999998,189.8750000000008,135.1130000000003,324.9880000000011,112032050,,4,24000,1.00015006006384,17088.2777507499,0.712011572947912,0,0,0.99066908830275,True,True,,,,,,,,,,,2048,-827.8824292189423,-827.346270732093,0.0006048041382089,16.77842234321947,-0.536158486849331,0.536158486849331,5.405430747115938e-107,9.028089837614356e-107,-3.622659090498418e-107,3.622659090498418e-107
m3,M3,s025,302050,m1,M1,S2D_noMMD,without_mmd,2,10,0.25,3102051,49.4650000000001,33.8710000000001,83.3360000000002,189.8750000000008,135.1130000000003,324.9880000000011,112032051,,4,24000,1.00034907239158,9272.13492159445,0.386338955066436,0,0,0.955615710735606,True,True,,,,,,,,,,,2048,-587.7752839523262,-587.751453517164,0.0010203686702561,345.24070173140905,-0.0238304351621536,0.0238304351621536,0.0102338385799998,0.0102400689547653,-6.2303747655062525e-06,6.2303747655062525e-06
m3,M3,s025,302050,m2,M2,S2D_noMMD,without_mmd,2,10,0.25,3202051,38.4970000000003,33.9200000000001,72.4170000000004,189.8750000000008,135.1130000000003,324.9880000000011,112032052,,4,24000,1.00011497101909,16854.0878690823,0.702253661211763,0,0,0.954919558851764,True,True,,,,,,,,,,,2048,-814.9678185868319,-814.062074946177,0.0004709910373272,4.261947109051324,-0.9057436406549186,0.9057436406549186,2.1957072764790694e-101,5.306996465593708e-101,-3.111289189114639e-101,3.111289189114639e-101
m3,M3,s025,302050,m3,M3,S2D_noMMD,without_mmd,2,14,0.25,3302051,62.3340000000007,33.8040000000001,96.1380000000008,189.8750000000008,135.1130000000003,324.9880000000011,112032053,122032050.0,4,24000,1.00025853253199,12364.5637960163,0.515190158167348,0,0,0.966918029825711,True,True,2048.0,1024.0,1024.0,log_alpha+log_nu+logit_tau,rbf,median_positive_squared_distance_full_mcmc,biased,0.3618237354568006,0.10074031539699047,0.31739614899521146,2048,-583.2035149750278,-583.180299450788,0.0007368577095136,365.63003120453794,-0.0232155242398448,0.0232155242398448,0.98976616142,0.9897599310452349,6.230374765325841e-06,6.230374765325841e-06
m3,M3,s026,302051,m0,M0,S2D_noMMD,without_mmd,2,8,0.25,3002052,65.114,33.386,98.5,283.3710000000006,134.06,417.4310000000006,112032051,,4,24000,1.00056352363779,6260.92801690282,0.260872000704284,0,0,0.962217448776996,True,True,,,,,,,,,,,2048,-40.37302307227274,-40.3692132314049,0.0010809126064727,1666.5548422475108,-0.0038098408678379,0.0038098408678379,0.6954946287784899,0.6965580004965359,-0.001063371718046,0.001063371718046
m3,M3,s026,302051,m1,M1,S2D_noMMD,without_mmd,2,10,0.25,3102052,61.5630000000001,33.6040000000003,95.1670000000004,283.3710000000006,134.06,417.4310000000006,112032052,,4,24000,1.00114223042969,5316.18804134059,0.221507835055858,0,0,0.951228278444853,True,True,,,,,,,,,,,2048,-42.71032793069671,-42.7428723779622,0.0009730629322371,1355.7642835444135,0.0325444472654936,0.0325444472654936,0.0671761604976388,0.0648769187670091,0.0022992417306297,0.0022992417306297
m3,M3,s026,302051,m2,M2,S2D_noMMD,without_mmd,2,10,0.25,3202052,80.9070000000002,33.5,114.407,283.3710000000006,134.06,417.4310000000006,112032053,,4,24000,1.00070311647034,6507.88601246674,0.271161917186114,0,0,0.975600814266388,True,True,,,,,,,,,,,2048,-41.61407316199154,-41.6047091317404,0.0018503235563078,1472.6115776357915,-0.0093640302511417,0.0093640302511417,0.201053933672466,0.2024828443382781,-0.0014289106658121,0.0014289106658121
m3,M3,s026,302051,m3,M3,S2D_noMMD,without_mmd,2,14,0.25,3302052,75.7870000000003,33.5699999999997,109.357,283.3710000000006,134.06,417.4310000000006,112032054,122032051.0,4,24000,1.00035154599922,6622.79162355765,0.275949650981569,0,0,0.944787742619834,True,True,2048.0,1024.0,1024.0,log_alpha+log_nu+logit_tau,rbf,median_positive_squared_distance_full_mcmc,biased,0.40246028622877383,0.033839221043971746,0.18395439936019944,2048,-43.32650992451491,-43.3295636176791,0.0017205935197098,1385.9943557317129,0.0030536931641833,0.0030536931641833,0.0362752770514052,0.0360822363981765,0.0001930406532286,0.0001930406532286
m3,M3,s027,302052,m0,M0,S2D_noMMD,without_mmd,2,8,0.25,3002053,59.3319999999999,33.4340000000002,92.7660000000001,256.6239999999993,134.7499999999991,391.3739999999984,112032052,,4,24000,1.00041702184402,6170.74607356178,0.257114419731741,0,0,0.958518022081598,True,True,,,,,,,,,,,2048,-329.38448689537006,-329.328332633863,0.0006559622036361,455.37292598915593,-0.0561542615070607,0.0561542615070607,9.32834012961111e-25,9.29102862689698e-25,3.731150271413022e-27,3.731150271413022e-27
m3,M3,s027,302052,m1,M1,S2D_noMMD,without_mmd,2,10,0.25,3102053,60.9270000000006,33.5919999999996,94.5190000000002,256.6239999999993,134.7499999999991,391.3739999999984,112032053,,4,24000,1.0003066273958,5604.92344151324,0.233538476729718,0,0,0.946783090592924,True,True,,,,,,,,,,,2048,-331.0829801438093,-331.041547008124,0.0015724582459692,516.0039396274509,-0.0414331356853381,0.0414331356853381,1.7067036904970284e-25,1.675036400254553e-25,3.166729024247542e-27,3.166729024247542e-27
m3,M3,s027,302052,m2,M2,S2D_noMMD,without_mmd,2,10,0.25,3202053,68.9049999999997,33.906,102.811,256.6239999999993,134.7499999999991,391.3739999999984,112032054,,4,24000,1.0003896685599,6161.19697322903,0.25671654055121,0,0,0.941682235191799,True,True,,,,,,,,,,,2048,-314.2320344169947,-314.26194309083,0.0012001729876507,896.2537072642879,0.0299086738353366,0.0299086738353366,3.5516558084301135e-18,3.245739336474554e-18,3.0591647195555925e-19,3.0591647195555925e-19
m3,M3,s027,302052,m3,M3,S2D_noMMD,without_mmd,2,14,0.25,3302053,67.4599999999991,33.8179999999993,101.277999999998,256.6239999999993,134.7499999999991,391.3739999999984,112032055,122032052.0,4,24000,1.00034024616197,6984.64828011511,0.291027011671463,0,0,0.960424429658354,True,True,2048.0,1024.0,1024.0,log_alpha+log_nu+logit_tau,rbf,median_positive_squared_distance_full_mcmc,biased,0.20587343117606693,0.023505069525173505,0.15331363124384442,2048,-274.0529166627568,-273.992754579809,0.0008476977971552,1334.8134146553762,-0.0601620829477838,0.0601620829477838,1.0,1.0,0.0,0.0
m3,M3,s028,302053,m0,M0,S2D_noMMD,without_mmd,2,8,0.25,3002054,50.7359999999999,33.0030000000002,83.739,283.6410000000006,132.6439999999988,416.2849999999994,112032053,,4,24000,1.0001092424975,7973.85685434047,0.33224403559752,0,0,0.975120710776988,True,True,,,,,,,,,,,2048,-33.95032822805858,-33.9475005060651,0.0008771428260262,910.309485787513,-0.0028277219934835,0.0028277219934835,2.8875482901221977e-43,2.6897759268289277e-43,1.9777236329326997e-44,1.9777236329326997e-44
m3,M3,s028,302053,m1,M1,S2D_noMMD,without_mmd,2,10,0.25,3102054,69.2049999999999,33.3249999999998,102.53,283.6410000000006,132.6439999999988,416.2849999999994,112032054,,4,24000,1.00062363449246,5851.68614039382,0.243820255849743,0,0,0.970757305402995,True,True,,,,,,,,,,,2048,39.10569956322845,39.133638816595,0.0028600486034706,479.54401078995,-0.0279392533665543,0.0279392533665543,1.5429753764723883e-11,1.4738444196270578e-11,6.913095684533054e-13,6.913095684533054e-13
m3,M3,s028,302053,m2,M2,S2D_noMMD,without_mmd,2,10,0.25,3202054,82.7790000000005,32.9709999999995,115.75,283.6410000000006,132.6439999999988,416.2849999999994,112032055,,4,24000,1.00072772006582,7063.8523188921,0.294327179953837,0,0,0.975258599673292,True,True,,,,,,,,,,,2048,-11.133939518004924,-11.0997976578697,0.0025859776857568,1104.6347421712946,-0.0341418601352234,0.0341418601352234,2.3418602207247936e-33,2.2508542477372557e-33,9.100597298753786e-35,9.100597298753786e-35
m3,M3,s028,302053,m3,M3,S2D_noMMD,without_mmd,2,14,0.25,3302054,80.9210000000003,33.3449999999993,114.266,283.6410000000006,132.6439999999988,416.2849999999994,112032056,122032053.0,4,24000,1.00123033009652,6714.27096275335,0.279761290114723,0,0,0.972361040520782,True,True,2048.0,1024.0,1024.0,log_alpha+log_nu+logit_tau,rbf,median_positive_squared_distance_full_mcmc,biased,0.2557002465267366,0.033567514372947915,0.18321439455716332,2048,64.00042297111004,64.0742006010965,0.0009944803613113,767.1295264847929,-0.0737776299864663,0.0737776299864663,0.9999999999845705,0.9999999999852616,-6.912248551316226e-13,6.912248551316226e-13
m3,M3,s029,302054,m0,M0,S2D_noMMD,without_mmd,2,8,0.25,3002055,56.8540000000003,33.0679999999998,89.922,267.5529999999999,133.8799999999996,401.4329999999995,112032054,,4,24000,1.0003199836403,8748.86626173855,0.364536094239106,0,0,0.94613252341372,True,True,,,,,,,,,,,2048,197.85634092284312,197.863578046956,0.0010976286761464,823.0279515901268,-0.0072371241128905,0.0072371241128905,9.328057427901475e-17,8.039415509108244e-17,1.2886419187932313e-17,1.2886419187932313e-17
m3,M3,s029,302054,m1,M1,S2D_noMMD,without_mmd,2,10,0.25,3102055,54.723,33.2070000000003,87.9300000000003,267.5529999999999,133.8799999999996,401.4329999999995,112032055,,4,24000,1.00046322610808,8036.45370372432,0.33485223765518,0,0,0.997154619847239,True,True,,,,,,,,,,,2048,195.662156479382,195.67687070014,0.0012051301504175,16.310381344204,-0.0147142207580088,0.0147142207580088,1.0396065690975366e-17,9.02712676288208e-18,1.3689389280932871e-18,1.3689389280932871e-18
m3,M3,s029,302054,m2,M2,S2D_noMMD,without_mmd,2,10,0.25,3202055,79.9049999999997,33.1970000000001,113.102,267.5529999999999,133.8799999999996,401.4329999999995,112032056,,4,24000,1.00060989940259,7214.65600467301,0.300610666861375,0,0,0.954777510089266,True,True,,,,,,,,,,,2048,210.57878987649335,210.574476381466,0.0014511307966456,1268.7350386689382,0.0043134950273326,0.0043134950273326,3.126659498580702e-11,2.6637746525641076e-11,4.6288484601659434e-12,4.6288484601659434e-12
m3,M3,s029,302054,m3,M3,S2D_noMMD,without_mmd,2,14,0.25,3302055,76.0709999999999,34.4079999999994,110.478999999999,267.5529999999999,133.8799999999996,401.4329999999995,112032057,122032054.0,4,24000,1.0003412035742,6846.8399588825,0.285284998286771,0,0,0.948319679820986,True,True,2048.0,1024.0,1024.0,log_alpha+log_nu+logit_tau,rbf,median_positive_squared_distance_full_mcmc,biased,0.47848260367907613,0.029552592648278253,0.17190867531418608,2048,234.767260717614,234.923168245152,0.0010372493196774,654.2787616534811,-0.1559075275380053,0.1559075275380053,0.9999999999687332,0.9999999999733622,-4.628963878872128e-12,4.628963878872128e-12
m3,M3,s030,302055,m0,M0,S2D_noMMD,without_mmd,2,8,0.25,2026,122.141,49.023,171.164,647.1759999999999,233.185,880.3609999999999,112032055,,4,24000,1.00068745087196,7338.61181727698,0.305775492386541,0,0,0.980716262522903,True,True,,,,,,,,,,,2048,-220.88638083911104,-220.886753693081,0.0010238161131132,1309.0778728970522,0.00037285396996367126,0.00037285396996367126,1.7500394049258774e-19,1.7554290027904633e-19,-5.389597864585826e-22,5.389597864585826e-22
m3,M3,s030,302055,m1,M1,S2D_noMMD,without_mmd,2,10,0.25,102026,158.844,60.956,219.8,647.1759999999999,233.185,880.3609999999999,112032056,,4,24000,1.00034949249109,6362.81852161532,0.265117438400638,0,0,1.00565533500887,True,True,,,,,,,,,,,2048,-187.18736395697275,-187.191756266531,0.0013653564775158,1297.4035081468053,0.004392309558255647,0.004392309558255647,7.556921399790976e-05,7.549787353112161e-05,7.134046678815113e-08,7.134046678815113e-08
m3,M3,s030,302055,m2,M2,S2D_noMMD,without_mmd,2,10,0.25,202026,167.253,61.848,229.101,647.1759999999999,233.185,880.3609999999999,112032057,,4,24000,1.00067129759627,7395.14733401871,0.308131138917446,0,0,0.94571090429547,True,True,,,,,,,,,,,2048,-222.487294894715,-222.477807691731,0.0015138780053557,1688.531895753512,-0.00948720298401895,0.00948720298401895,3.5300404936645993e-20,3.5759982481645616e-20,-4.5957754499962235e-22,4.5957754499962235e-22
m3,M3,s030,302055,m3,M3,S2D_noMMD,without_mmd,2,14,0.25,302026,198.938,61.358,260.296,647.1759999999999,233.185,880.3609999999999,112032058,122032055.0,4,24000,1.0004414090281,6116.03474727617,0.254834781136507,0,0,0.965208160187857,True,True,2048.0,1024.0,1024.0,log_alpha+log_nu+logit_tau,rbf,median_positive_squared_distance_full_mcmc,biased,0.37322807410722747,0.006833816955038374,0.08266690362556453,2048,-177.69697794907609,-177.700425699998,0.0019617570789972,1569.848821152549,0.0034477509219073,0.0034477509219073,0.9999244307860021,0.9999245021264689,-7.134046675627559e-08,7.134046675627559e-08
m3,M3,s031,302056,m0,M0,S2D_noMMD,without_mmd,2,8,0.25,2027,133.18,49.415,182.595,611.3679999999999,233.721,845.0889999999999,112032056,,4,24000,1.00051467797352,6592.09236907562,0.274670515378151,0,0,0.946369346169559,True,True,,,,,,,,,,,2048,-451.66669785674424,-451.663930592286,0.0007988147621834,1102.7265959938125,-0.0027672644582139583,0.0027672644582139583,5.674444784417813e-25,5.611193421227268e-25,6.325136319054533e-27,6.325136319054533e-27
m3,M3,s031,302056,m1,M1,S2D_noMMD,without_mmd,2,10,0.25,102027,143.618,60.941,204.559,611.3679999999999,233.721,845.0889999999999,112032057,,4,24000,1.00071783775869,5974.40126414005,0.248933386005835,0,0,0.977274936744798,True,True,,,,,,,,,,,2048,-442.49464988822393,-442.465046915441,0.0009931999777578,218.6314803910581,-0.029602972782925008,0.029602972782925008,5.461264300285518e-21,5.547274537602149e-21,-8.60102373166307e-23,8.60102373166307e-23
m3,M3,s031,302056,m2,M2,S2D_noMMD,without_mmd,2,10,0.25,202027,160.82,62.263,223.083,611.3679999999999,233.721,845.0889999999999,112032058,,4,24000,1.0002872388258,6633.19525310705,0.276383135546127,0,0,0.95938670470359,True,True,,,,,,,,,,,2048,-450.81657759369534,-450.79250062331,0.0011382093646444,622.7533542627824,-0.024076970385351615,0.024076970385351615,1.3277793608217046e-24,1.3412584351294395e-24,-1.3479074307734924e-26,1.3479074307734924e-26
m3,M3,s031,302056,m3,M3,S2D_noMMD,without_mmd,2,14,0.25,302027,173.75,61.102,234.852,611.3679999999999,233.721,845.0889999999999,112032059,122032056.0,4,24000,1.00050757584456,7273.40107832948,0.303058378263728,0,0,0.970801565149917,True,True,2048.0,1024.0,1024.0,log_alpha+log_nu+logit_tau,rbf,median_positive_squared_distance_full_mcmc,biased,0.19068951535091672,0.04493199741129161,0.2119716901175523,2048,-395.8380432551295,-395.824066695402,0.0004456584114081,622.391770065158,-0.013976559727495896,0.013976559727495896,1.0,1.0,0.0,0.0
m3,M3,s032,302057,m0,M0,S2D_noMMD,without_mmd,2,8,0.25,2028,66.553,48.803,115.356,415.238,235.648,650.886,112032057,,4,24000,1.0003812854195,15035.2592186788,0.626469134111615,0,0,0.968638221930873,True,True,,,,,,,,,,,2048,-180.82310007616468,-180.511543967158,0.0003883212713688,8.980147034627896,-0.3115561090066876,0.3115561090066876,8.205345722870084e-59,9.787976768689131e-59,-1.5826310458190471e-59,1.5826310458190471e-59
m3,M3,s032,302057,m1,M1,S2D_noMMD,without_mmd,2,10,0.25,102028,93.112,60.701,153.813,415.238,235.648,650.886,112032058,,4,24000,1.0002552856266,17823.9039736627,0.74266266556928,0,0,0.974965148063803,True,True,,,,,,,,,,,2048,-164.8830951612237,-165.023041142856,0.0003498876523401,5.276812306631353,0.13994598163228034,0.13994598163228034,6.866778842429874e-52,5.2151192007234995e-52,1.651659641706374e-52,1.651659641706374e-52
m3,M3,s032,302057,m2,M2,S2D_noMMD,without_mmd,2,10,0.25,202028,118.349,63.521,181.87,415.238,235.648,650.886,112032059,,4,24000,1.00035738655605,11481.4565533885,0.478394023057855,0,0,0.955494975898008,True,True,,,,,,,,,,,2048,-69.43232671353344,-69.3487828421437,0.0011158886021093,858.8145246536571,-0.08354387138973607,0.08354387138973607,1.952068667140473e-10,1.8538162281914874e-10,9.825243894898562e-12,9.825243894898562e-12
m3,M3,s032,302057,m3,M3,S2D_noMMD,without_mmd,2,14,0.25,302028,137.224,62.623,199.847,415.238,235.648,650.886,112032060,122032057.0,4,24000,1.00021831989873,11880.1390853535,0.495005795223063,0,0,0.953930207990176,True,True,2048.0,1024.0,1024.0,log_alpha+log_nu+logit_tau,rbf,median_positive_squared_distance_full_mcmc,biased,0.5188995602882369,0.14299767477902714,0.3781503335699007,2048,-47.07536544899873,-46.9401782528241,0.0003951132714792,271.7723449950305,-0.13518719617463404,0.13518719617463404,0.999999999804793,0.9999999998146183,-9.82525172332771e-12,9.82525172332771e-12
m3,M3,s033,302058,m0,M0,S2D_noMMD,without_mmd,2,8,0.25,2029,130.128,49.379,179.507,581.6030000000001,234.019,815.6220000000001,112032058,,4,24000,1.00070997725309,6153.01874181032,0.256375780908763,0,0,0.964850751392868,True,True,,,,,,,,,,,2048,-551.8804998473112,-551.877708583097,0.0015214066339178,1377.6396624411068,-0.002791264214124567,0.002791264214124567,7.413519404594421e-19,7.85708935428496e-19,-4.435699496905386e-20,4.435699496905386e-20
m3,M3,s033,302058,m1,M1,S2D_noMMD,without_mmd,2,10,0.25,102029,123.43,61.948,185.378,581.6030000000001,234.019,815.6220000000001,112032059,,4,24000,1.00070542720696,4352.96928409651,0.181373720170688,0,0,0.933700796548519,True,True,,,,,,,,,,,2048,-510.3618655488436,-510.429804320329,0.001054370261906,1083.8498866865675,0.06793877148544425,0.06793877148544425,0.7967795896177654,0.7867881312490637,0.009991458368701744,0.009991458368701744
m3,M3,s033,302058,m2,M2,S2D_noMMD,without_mmd,2,10,0.25,202029,163.067,61.937,225.004,581.6030000000001,234.019,815.6220000000001,112032060,,4,24000,1.00016926458667,6470.23519000667,0.269593132916944,0,0,0.970068153395366,True,True,,,,,,,,,,,2048,-551.2340102422913,-551.225931036625,0.0013424279522762,1051.0238579678578,-0.008079205666376765,0.008079205666376765,1.4151135736894428e-18,1.5077352344178466e-18,-9.262166072840386e-20,9.262166072840386e-20
m3,M3,s033,302058,m3,M3,S2D_noMMD,without_mmd,2,14,0.25,302029,164.978,60.755,225.733,581.6030000000001,234.019,815.6220000000001,112032061,122032058.0,4,24000,1.00025477083696,5979.92842114106,0.249163684214211,0,0,1.01053926618445,True,True,2048.0,1024.0,1024.0,log_alpha+log_nu+logit_tau,rbf,median_positive_squared_distance_full_mcmc,biased,0.27675507662043364,0.018110548953850003,0.13457543963833074,2048,-511.72815248389185,-511.735476961586,0.000873678257442,685.7065203532695,0.007324477694169218,0.007324477694169218,0.20322041038223457,0.21321186875093626,-0.009991458368701689,0.009991458368701689
m3,M3,s034,302059,m0,M0,S2D_noMMD,without_mmd,2,8,0.25,2030,113.938,49.795,163.733,576.054,236.2490000000002,812.3030000000001,112032059,,4,24000,1.00105234713884,6544.71886926056,0.272696619552523,0,0,0.942931555416229,True,True,,,,,,,,,,,2048,-324.34506343446145,-324.336321860543,0.0015106442217097,370.4005136594352,-0.008741573918428003,0.008741573918428003,7.707555774442231e-30,7.133990267972502e-30,5.73565506469729e-31,5.73565506469729e-31
m3,M3,s034,302059,m1,M1,S2D_noMMD,without_mmd,2,10,0.25,102030,116.781,61.8710000000001,178.652,576.054,236.2490000000002,812.3030000000001,112032060,,4,24000,1.0011545296134,5640.95294893549,0.235039706205645,0,0,0.956205507838088,True,True,,,,,,,,,,,2048,-315.253875239687,-314.998049974028,0.0013763673945064,168.01446360697898,-0.25582526565898434,0.25582526565898434,6.841786898148052e-26,8.107602788346147e-26,-1.2658158901980952e-26,1.2658158901980952e-26
m3,M3,s034,302059,m2,M2,S2D_noMMD,without_mmd,2,10,0.25,202030,167.109,62.684,229.793,576.054,236.2490000000002,812.3030000000001,112032061,,4,24000,1.00044861708806,6902.41020554034,0.287600425230847,0,0,0.937897980189637,True,True,,,,,,,,,,,2048,-277.2316041137237,-277.141331657672,0.0009000268370294,1642.2483490433058,-0.09027245605165035,0.09027245605165035,2.2285997757351306e-09,2.2379806701790317e-09,-9.380894443901135e-12,9.380894443901135e-12
m3,M3,s034,302059,m3,M3,S2D_noMMD,without_mmd,2,14,0.25,302030,178.226,61.8990000000001,240.125,576.054,236.2490000000002,812.3030000000001,112032062,122032059.0,4,24000,1.00094370324833,6608.05062894643,0.275335442872768,0,0,0.976126180130712,True,True,2048.0,1024.0,1024.0,log_alpha+log_nu+logit_tau,rbf,median_positive_squared_distance_full_mcmc,biased,0.23009427339966693,0.011313556134687763,0.10636520170943016,2048,-257.3097117640063,-257.22363979572,0.0008852138873507,1189.6301910262384,-0.08607196828631913,0.08607196828631913,0.9999999977714003,0.9999999977620193,9.380940468872723e-12,9.380940468872723e-12
m3,M3,s035,302060,m0,M0,S2D_noMMD,without_mmd,2,8,0.25,2031,129.305,49.0859999999999,178.391,632.421,233.245,865.666,112032060,,4,24000,1.00066292780839,6536.94416563708,0.272372673568212,0,0,0.956679230572873,True,True,,,,,,,,,,,2048,-145.73787960790278,-145.754794714798,0.0008782405435259,1854.1963851817009,0.016915106895226018,0.016915106895226018,1.4524542840944123e-17,1.407326731070117e-17,4.512755302429539e-19,4.512755302429539e-19
m3,M3,s035,302060,m1,M1,S2D_noMMD,without_mmd,2,10,0.25,102031,147.816,60.6980000000001,208.514,632.421,233.245,865.666,112032061,,4,24000,1.00074419053393,6393.04751023158,0.266376979592982,0,0,0.965290560618807,True,True,,,,,,,,,,,2048,-109.98689300647737,-109.975958230715,0.0006695943584338,1298.0183497988453,-0.010934775762379445,0.010934775762379445,0.04881560492579001,0.048634694342791863,0.00018091058299814916,0.00018091058299814916
m3,M3,s035,302060,m2,M2,S2D_noMMD,without_mmd,2,10,0.25,202031,169.82,61.559,231.379,632.421,233.245,865.666,112032062,,4,24000,1.0009026042677,6572.04371351889,0.273835154729954,0,0,0.906363353746047,True,True,,,,,,,,,,,2048,-147.68081165938673,-147.699618327075,0.0011902552248383,1789.7354804399563,0.018806667688266998,0.018806667688266998,2.0811232600355963e-18,2.0126523919169157e-18,6.847086811868065e-20,6.847086811868065e-20
m3,M3,s035,302060,m3,M3,S2D_noMMD,without_mmd,2,14,0.25,302031,185.48,61.902,247.382,632.421,233.245,865.666,112032063,122032060.0,4,24000,1.00062937888199,7220.74017391603,0.300864173913168,0,0,0.977240273743158,True,True,2048.0,1024.0,1024.0,log_alpha+log_nu+logit_tau,rbf,median_positive_squared_distance_full_mcmc,biased,0.24683676608247584,0.013974526430997392,0.1182139011749354,2048,-107.01723510156235,-107.002397265587,0.0013049159775825,1164.0396648637643,-0.014837835975342273,0.014837835975342273,0.95118439507421,0.9513653056572081,-0.00018091058299807283,0.00018091058299807283
m3,M3,s036,302061,m0,M0,S2D_noMMD,without_mmd,2,8,0.25,2032,71.7650000000001,48.5119999999999,120.277,435.07400000000007,233.5340000000001,668.6080000000002,112032061,,4,24000,1.00029609524772,15037.4946457882,0.62656227690784,0,0,0.969116917250882,True,True,,,,,,,,,,,2048,-528.6158269400191,-528.422514430289,0.0004361102101008,85.19672658105308,-0.19331250973016267,0.19331250973016267,3.7350060223814254e-91,4.4848575028858047e-91,-7.498514805043793e-92,7.498514805043793e-92
m3,M3,s036,302061,m1,M1,S2D_noMMD,without_mmd,2,10,0.25,102032,86.258,61.086,147.344,435.07400000000007,233.5340000000001,668.6080000000002,112032062,,4,24000,1.00014069899773,11654.4386117523,0.485601608823012,0,0,0.969163696183776,True,True,,,,,,,,,,,2048,-388.7042901735805,-388.719805413884,0.0004270310227442,995.7060384575406,0.015515240303500377,0.015515240303500377,2.163214964932827e-30,2.107969299655759e-30,5.52456652770683e-32,5.52456652770683e-32
m3,M3,s036,302061,m2,M2,S2D_noMMD,without_mmd,2,10,0.25,202032,110.374,61.7620000000002,172.136,435.07400000000007,233.5340000000001,668.6080000000002,112032063,,4,24000,1.00039820577306,13214.0920286622,0.550587167860926,0,0,0.957963772202263,True,True,,,,,,,,,,,2048,-452.4104148030369,-452.291879765713,0.0005073046091481,246.39004311631422,-0.11853503732385207,0.11853503732385207,4.6545884624332015e-58,5.186366309089058e-58,-5.317778466558566e-59,5.317778466558566e-59
m3,M3,s036,302061,m3,M3,S2D_noMMD,without_mmd,2,14,0.25,302032,166.677,62.174,228.851,435.07400000000007,233.5340000000001,668.6080000000002,112032064,122032061.0,4,24000,1.00036658023811,11139.1126186798,0.46412969244499,0,0,0.953671362141292,True,True,2048.0,1024.0,1024.0,log_alpha+log_nu+logit_tau,rbf,median_positive_squared_distance_full_mcmc,biased,0.48682998476252215,0.05802004809690975,0.24087351057538425,2048,-320.3983329085625,-320.387977690905,0.0007303860050932,1130.277173465825,-0.010355217657490812,0.010355217657490812,1.0,1.0,0.0,0.0
m3,M3,s037,302062,m0,M0,S2D_noMMD,without_mmd,2,8,0.25,2033,120.911,49.4259999999999,170.337,599.942,233.5619999999999,833.5039999999999,112032062,,4,24000,1.00073811204531,6746.43915938805,0.281101631641169,0,0,0.955877961838492,True,True,,,,,,,,,,,2048,-523.453379700637,-523.447160652263,0.0012648419598007,1734.315839676768,-0.006219048373964142,0.006219048373964142,1.178101786465865e-43,1.1758422826496105e-43,2.259503816254468e-46,2.259503816254468e-46
m3,M3,s037,302062,m1,M1,S2D_noMMD,without_mmd,2,10,0.25,102033,142.037,61.059,203.096,599.942,233.5619999999999,833.5039999999999,112032063,,4,24000,1.00162327384597,5447.65074412062,0.226985447671692,0,0,0.969021789194403,True,True,,,,,,,,,,,2048,-428.88917229857594,-428.879588116092,0.0006676889914461,1430.3543320377971,-0.009584182483934,0.009584182483934,0.013800546184457285,0.013820507551016336,-1.9961366559051105e-05,1.9961366559051105e-05
m3,M3,s037,302062,m2,M2,S2D_noMMD,without_mmd,2,10,0.25,202033,144.959,61.9110000000001,206.87,599.942,233.5619999999999,833.5039999999999,112032064,,4,24000,1.00019160269018,7805.85544564745,0.325243976901977,0,0,0.978161787363594,True,True,,,,,,,,,,,2048,-525.624044812878,-525.595595059708,0.0017362758425897,1264.2044956823884,-0.028449753169979886,0.028449753169979886,1.3442341805692586e-44,1.3718160042738702e-44,-2.7581823704611586e-46,2.7581823704611586e-46
m3,M3,s037,302062,m3,M3,S2D_noMMD,without_mmd,2,14,0.25,302033,192.035,61.1659999999999,253.201,599.942,233.5619999999999,833.5039999999999,112032065,122032062.0,4,24000,1.00077867001269,6479.10089225164,0.269962537177152,0,0,0.959726818963457,True,True,2048.0,1024.0,1024.0,log_alpha+log_nu+logit_tau,rbf,median_positive_squared_distance_full_mcmc,biased,0.2204945902839872,0.008320653932837319,0.09121761854399246,2048,-424.62002184857715,-424.611903280532,0.0008078854286907,1296.7635338987818,-0.008118568045176744,0.008118568045176744,0.9861994538155427,0.9861794924489837,1.9961366559018145e-05,1.9961366559018145e-05
m3,M3,s038,302063,m0,M0,S2D_noMMD,without_mmd,2,8,0.25,2034,128.78,49.0360000000001,177.816,626.208,233.202,859.41,112032063,,4,24000,1.00030239143739,5795.76139360555,0.241490058066898,0,0,0.934407304733345,True,True,,,,,,,,,,,2048,-106.60784319281709,-106.597360958761,0.0008637385822182,612.7164706707564,-0.010482234056084394,0.010482234056084394,4.808979074793214e-18,4.7455938909785734e-18,6.33851838146408e-20,6.33851838146408e-20
m3,M3,s038,302063,m1,M1,S2D_noMMD,without_mmd,2,10,0.25,102034,146.035,61.0319999999999,207.067,626.208,233.202,859.41,112032064,,4,24000,1.00033669547823,5325.3836143772,0.221890983932383,0,0,0.941174013540495,True,True,,,,,,,,,,,2048,-108.82732469649902,-108.678377046292,0.0007541373382291,137.74441090753075,-0.1489476502070204,0.1489476502070204,5.22569811963312e-19,5.922659519181781e-19,-6.969613995486611e-20,6.969613995486611e-20
m3,M3,s038,302063,m2,M2,S2D_noMMD,without_mmd,2,10,0.25,202034,164.902,62.174,227.076,626.208,233.202,859.41,112032065,,4,24000,1.00142916118472,6793.91557163969,0.283079815484987,0,0,0.949093021403859,True,True,,,,,,,,,,,2048,-108.10768826953134,-108.027528233387,0.0007794395817695,415.7001916658278,-0.08016003614433487,0.08016003614433487,1.0731945210521802e-18,1.135473007747315e-18,-6.22784866951349e-20,6.22784866951349e-20
m3,M3,s038,302063,m3,M3,S2D_noMMD,without_mmd,2,14,0.25,302034,186.491,60.96,247.451,626.208,233.202,859.41,112032066,122032063.0,4,24000,1.00055672194805,7161.67453213414,0.298403105505589,0,0,0.953865464240844,True,True,2048.0,1024.0,1024.0,log_alpha+log_nu+logit_tau,rbf,median_positive_squared_distance_full_mcmc,biased,0.18150386495422532,0.1357616126213378,0.36845842726329087,2048,-66.73179632995085,-66.7080458705266,0.001206753056553,589.2749705548302,-0.02375045942424947,0.02375045942424947,1.0,1.0,0.0,0.0
m3,M3,s039,302064,m0,M0,S2D_noMMD,without_mmd,2,8,0.25,2035,69.662,48.1869999999999,117.849,487.28700000000003,233.31999999999948,720.6069999999995,112032064,,4,24000,1.00015020875543,11694.6799196547,0.487278329985611,0,0,0.955142977443623,True,True,,,,,,,,,,,2048,-153.55679842870504,-153.675466367468,0.0005369263170532,52.985309443693936,0.1186679387629681,0.1186679387629681,3.83030462937636e-62,2.8093406216468875e-62,1.0209640077294724e-62,1.0209640077294724e-62
m3,M3,s039,302064,m1,M1,S2D_noMMD,without_mmd,2,10,0.25,102035,113.983,60.635,174.618,487.28700000000003,233.31999999999948,720.6069999999995,112032065,,4,24000,1.00014087275541,11102.8533979767,0.462618891582363,0,0,0.955549300789104,True,True,,,,,,,,,,,2048,-119.8851258229823,-119.721090459117,0.0006157571437241,21.12686337699992,-0.1640353638653096,0.1640353638653096,1.6093663796760284e-47,1.566038708026332e-47,4.3327671649696495e-49,4.3327671649696495e-49
m3,M3,s039,302064,m2,M2,S2D_noMMD,without_mmd,2,10,0.25,202035,147.824,62.5699999999997,210.394,487.28700000000003,233.31999999999948,720.6069999999995,112032066,,4,24000,1.00039816220999,8444.27551436328,0.35184481309847,0,0,0.922649886134443,True,True,,,,,,,,,,,2048,-39.71950671316612,-39.6199459978883,0.0011668542873766,492.40116683992875,-0.09956071527781774,0.09956071527781774,1.0523033240081476e-12,9.600360160255471e-13,9.22673079826005e-14,9.22673079826005e-14
m3,M3,s039,302064,m3,M3,S2D_noMMD,without_mmd,2,14,0.25,302035,155.818,61.9279999999999,217.746,487.28700000000003,233.31999999999948,720.6069999999995,112032067,122032064.0,4,24000,1.00052680992186,10314.9565230869,0.429789855128621,0,0,0.940626664865964,True,True,2048.0,1024.0,1024.0,log_alpha+log_nu+logit_tau,rbf,median_positive_squared_distance_full_mcmc,biased,0.2634423711819527,0.07096902583211251,0.2664001235587411,2048,-12.139467000801023,-11.94814040343,0.0006984524998632,647.6143383475248,-0.19132659737102387,0.19132659737102387,0.9999999999989477,0.9999999999990399,-9.214851104388799e-14,9.214851104388799e-14
m3,M3,s040,302065,m0,M0,S2D_noMMD,without_mmd,2,8,0.25,2036,139.707,49.0519999999999,188.759,675.0319999999999,233.0620000000001,908.094,112032065,,4,24000,1.00080873917968,4880.80055585154,0.203366689827147,0,0,0.955332727609344,True,True,,,,,,,,,,,2048,-99.13205335528858,-99.0822871678914,0.0008655021776189,502.68014659544485,-0.04976618739718219,0.04976618739718219,7.980752985792042e-15,8.154967484220364e-15,-1.7421449842832175e-16,1.7421449842832175e-16
m3,M3,s040,302065,m1,M1,S2D_noMMD,without_mmd,2,10,0.25,102036,164.166,61.5599999999999,225.726,675.0319999999999,233.0620000000001,908.094,112032066,,4,24000,1.00125316687541,4341.06009421915,0.180877503925798,0,0,0.962578094811068,True,True,,,,,,,,,,,2048,-92.86761495253519,-92.8713642899449,0.0010423806829336,897.8924199799615,0.003749337409715281,0.003749337409715281,4.194255663226385e-12,4.062484969401223e-12,1.317706938251621e-13,1.317706938251621e-13
m3,M3,s040,302065,m2,M2,S2D_noMMD,without_mmd,2,10,0.25,202036,171.215,62.6970000000001,233.912,675.0319999999999,233.0620000000001,908.094,112032067,,4,24000,1.00062379539795,5578.77902682359,0.23244912611765,0,0,0.960744555111438,True,True,,,,,,,,,,,2048,-84.12650183342365,-84.140317293188,0.0007580829199474,1488.2057176700062,0.013815459764359161,0.013815459764359161,2.6234457804076044e-08,2.515575168390493e-08,1.0787061201711134e-09,1.0787061201711134e-09
m3,M3,s040,302065,m3,M3,S2D_noMMD,without_mmd,2,14,0.25,302036,199.944,59.7530000000002,259.697,675.0319999999999,233.0620000000001,908.094,112032068,122032065.0,4,24000,1.00063499994517,6134.75950013338,0.255614979172224,0,0,0.943701147622585,True,True,2048.0,1024.0,1024.0,log_alpha+log_nu+logit_tau,rbf,median_positive_squared_distance_full_mcmc,biased,0.23911144594893474,0.019426296948151567,0.13937825134557963,2048,-66.67030975274854,-66.6421380469855,0.0006013480805131,1070.8390304252648,-0.028171705763043065,0.028171705763043065,0.9999999737613399,0.9999999748401778,-1.078837907897423e-09,1.078837907897423e-09
m3,M3,s041,302066,m0,M0,S2D_noMMD,without_mmd,2,8,0.25,2037,133.495,49.2420000000002,182.737,655.643,235.7850000000004,891.4280000000005,112032066,,4,24000,1.0007603472054,5888.528154163,0.245355339756792,0,0,0.972662631042512,True,True,,,,,,,,,,,2048,-435.72070529566696,-435.754685968892,0.0012786693195251,985.4184704745569,0.033980673225016744,0.033980673225016744,2.4489080053406143e-59,2.2547646279478654e-59,1.9414337739274895e-60,1.9414337739274895e-60
m3,M3,s041,302066,m1,M1,S2D_noMMD,without_mmd,2,10,0.25,102037,167.776,61.098,228.874,655.643,235.7850000000004,891.4280000000005,112032067,,4,24000,1.00065348506161,5462.35945815116,0.227598310756298,0,0,0.963906856558723,True,True,,,,,,,,,,,2048,-317.14407051497403,-317.118006382234,0.001250725113901,530.0881935139563,-0.026064132740032164,0.026064132740032164,7.693972661405336e-08,7.522401486709534e-08,1.7157117469580137e-09,1.7157117469580137e-09
m3,M3,s041,302066,m2,M2,S2D_noMMD,without_mmd,2,10,0.25,202037,179.481,64.317,243.798,655.643,235.7850000000004,891.4280000000005,112032068,,4,24000,1.00052081415061,5880.16129956475,0.245006720815198,0,0,0.92848876543422,True,True,,,,,,,,,,,2048,-429.7291676954685,-429.749076340624,0.0020485889220503,1166.0168990292975,0.019908645155510385,0.019908645155510385,9.796347648693833e-57,9.147540377386183e-57,6.488072713076499e-58,6.488072713076499e-58
m3,M3,s041,302066,m3,M3,S2D_noMMD,without_mmd,2,14,0.25,302037,174.891,61.1280000000002,236.019,655.643,235.7850000000004,891.4280000000005,112032069,122032066.0,4,24000,1.00057794800215,6390.9105341467,0.266287938922779,0,0,0.968888477781786,True,True,2048.0,1024.0,1024.0,log_alpha+log_nu+logit_tau,rbf,median_positive_squared_distance_full_mcmc,biased,0.17861225348822174,0.028739583428722848,0.16952753000242424,2048,-300.7638270990496,-300.715211147124,0.0004721576941683,906.8147242238568,-0.048615951925569334,0.048615951925569334,0.9999999230602733,0.9999999247759851,-1.715711794858521e-09,1.715711794858521e-09
m3,M3,s042,302067,m0,M0,S2D_noMMD,without_mmd,2,8,0.25,2038,176.689,49.5810000000001,226.27,717.4300000000001,234.3300000000004,951.7600000000004,112032067,,4,24000,1.00021135994288,4463.44191442324,0.185976746434302,0,0,0.944950111957329,True,True,,,,,,,,,,,2048,-276.1866790064423,-276.104196302102,0.0014342576245998,62.22122846214773,-0.08248270434029337,0.08248270434029337,2.3357347793503696e-23,2.3263296726946204e-23,9.405106655749171e-26,9.405106655749171e-26
m3,M3,s042,302067,m1,M1,S2D_noMMD,without_mmd,2,10,0.25,102038,144.506,60.8050000000003,205.311,717.4300000000001,234.3300000000004,951.7600000000004,112032068,,4,24000,1.0008324503278,3730.75531782092,0.155448138242538,0,0,0.978203976943438,True,True,,,,,,,,,,,2048,-278.1049080954765,-278.247977321469,0.0011262001524814,86.7948469573822,0.14306922599251948,0.14306922599251948,3.430419394812012e-24,2.7267102649981983e-24,7.037091298138138e-25,7.037091298138138e-25
m3,M3,s042,302067,m2,M2,S2D_noMMD,without_mmd,2,10,0.25,202038,192.46,62.9079999999999,255.368,717.4300000000001,234.3300000000004,951.7600000000004,112032069,,4,24000,1.00075407906648,5332.52680958265,0.222188617065944,0,0,0.967220989283786,True,True,,,,,,,,,,,2048,-246.0570448388905,-246.039463622164,0.0003671756109199,1095.8729074119747,-0.01758121672651214,0.01758121672651214,2.84156364791868e-10,2.6522762904470344e-10,1.8928735747164543e-11,1.8928735747164543e-11
m3,M3,s042,302067,m3,M3,S2D_noMMD,without_mmd,2,14,0.25,302038,203.775,61.0360000000001,264.811,717.4300000000001,234.3300000000004,951.7600000000004,112032070,122032067.0,4,24000,1.00042291435543,5329.26075447316,0.222052531436382,0,0,0.966977606897939,True,True,2048.0,1024.0,1024.0,log_alpha+log_nu+logit_tau,rbf,median_positive_squared_distance_full_mcmc,biased,0.21829341029552252,0.01797060429642494,0.13405448256744323,2048,-224.07554839014668,-223.989030941304,0.0010851277530764,860.966524528665,-0.08651744884267032,0.08651744884267032,0.9999999997158437,0.9999999997347724,-1.8928636436044144e-11,1.8928636436044144e-11
m3,M3,s043,302068,m0,M0,S2D_noMMD,without_mmd,2,8,0.25,2039,138.819,49.0839999999998,187.903,618.814,233.442,852.256,112032068,,4,24000,1.00083186558531,5907.88331426084,0.246161804760868,0,0,0.982939840161766,True,True,,,,,,,,,,,2048,-371.3281025753086,-371.391068312691,0.0006919756790567,483.2449111353984,0.06296573738239886,0.06296573738239886,1.3494347465760298e-12,1.2083096816475592e-12,1.411250649284706e-13,1.411250649284706e-13
m3,M3,s043,302068,m1,M1,S2D_noMMD,without_mmd,2,10,0.25,102039,161.316,61.6559999999999,222.972,618.814,233.442,852.256,112032069,,4,24000,1.0018382845469,4957.80168059721,0.206575070024884,0,0,0.980570645738946,True,True,,,,,,,,,,,2048,-359.05818432066314,-359.054275874233,0.0010920632006645,1139.1474677048616,-0.003908446430159529,0.003908446430159529,2.8768000659031586e-07,2.7540963884352757e-07,1.227036774678829e-08,1.227036774678829e-08
m3,M3,s043,302068,m2,M2,S2D_noMMD,without_mmd,2,10,0.25,202039,132.887,62.0120000000002,194.899,618.814,233.442,852.256,112032070,,4,24000,1.00076101184952,5096.70662977323,0.212362776240551,0,0,0.978908053545966,True,True,,,,,,,,,,,2048,-355.94670830572323,-355.965701775033,0.0013884228550378,996.7953779772579,0.018993469309748434,0.018993469309748434,6.459613654166716e-06,6.044074709870057e-06,4.155389442966592e-07,4.155389442966592e-07
m3,M3,s043,302068,m3,M3,S2D_noMMD,without_mmd,2,14,0.25,302039,185.792,60.6900000000001,246.482,618.814,233.442,852.256,112032071,122032068.0,4,24000,1.00095530112694,5474.42976640409,0.228101240266837,0,0,0.971972869813511,True,True,2048.0,1024.0,1024.0,log_alpha+log_nu+logit_tau,rbf,median_positive_squared_distance_full_mcmc,biased,0.19478300000826776,0.05318636124824416,0.23062168425420052,2048,-343.99677400522626,-343.949275941906,0.0008508653215383,537.0679034763481,-0.04749806332023354,0.04749806332023354,0.9999932527049897,0.999993680514443,-4.278094533072263e-07,4.278094533072263e-07
m3,M3,s044,302069,m0,M0,S2D_noMMD,without_mmd,2,8,0.25,2040,64.319,48.5820000000003,112.901,428.8580000000002,235.2960000000007,664.1540000000009,112032069,,4,24000,1.00009080630038,13191.4885178469,0.549645354910289,0,0,0.989710347525607,True,True,,,,,,,,,,,2048,-244.66868708688676,-244.652804385475,0.0005501992387281,31.210407956735,-0.01588270141175485,0.01588270141175485,3.251691721045339e-58,3.053958694364997e-58,1.9773302668034195e-59,1.9773302668034195e-59
m3,M3,s044,302069,m1,M1,S2D_noMMD,without_mmd,2,10,0.25,102040,95.8560000000002,61.076,156.932,428.8580000000002,235.2960000000007,664.1540000000009,112032070,,4,24000,1.00051032945972,12260.6723985752,0.510861349940634,0,0,0.985551461097929,True,True,,,,,,,,,,,2048,-165.7850025602848,-165.781908024135,0.000509633248816,1218.7666411866405,-0.003094536149802707,0.003094536149802707,5.900084986325888e-24,5.470893130925967e-24,4.291918553999209e-25,4.291918553999209e-25
m3,M3,s044,302069,m2,M2,S2D_noMMD,without_mmd,2,10,0.25,202040,125.282,63.4960000000001,188.778,428.8580000000002,235.2960000000007,664.1540000000009,112032071,,4,24000,1.00009562862933,9958.54541247257,0.414939392186357,0,0,0.940899561529301,True,True,,,,,,,,,,,2048,-206.56131191394647,-206.512097640716,0.000999666702236,636.306703266844,-0.04921427323046146,0.04921427323046146,1.1532729949401083e-41,1.1198545888249306e-41,3.3418406115177763e-43,3.3418406115177763e-43
m3,M3,s044,302069,m3,M3,S2D_noMMD,without_mmd,2,14,0.25,302040,143.401,62.1420000000003,205.543,428.8580000000002,235.2960000000007,664.1540000000009,112032072,122032069.0,4,24000,1.00011206657337,11017.1757954479,0.459048991476996,0,0,0.982699174437505,True,True,2048.0,1024.0,1024.0,log_alpha+log_nu+logit_tau,rbf,median_positive_squared_distance_full_mcmc,biased,0.46870515600316676,0.008402103047921772,0.0916629862481131,2048,-112.29792708369764,-112.219307673432,0.0011691955704555,1379.2906161130293,-0.07861941026564523,0.07861941026564523,1.0,1.0,0.0,0.0
m3,M3,s045,302070,m0,M0,S2D_noMMD,without_mmd,2,8,0.25,2041,126.141,49.261,175.402,600.735,235.4869999999996,836.2219999999996,112032070,,4,24000,1.00041579218428,6744.31150498354,0.281012979374314,0,0,0.965654480952355,True,True,,,,,,,,,,,2048,-277.4049118083743,-277.413640850803,0.0015749080313365,1706.8531952404128,0.008729042428683442,0.008729042428683442,1.8051053164141005e-20,1.7490848948481217e-20,5.602042156597874e-22,5.602042156597874e-22
m3,M3,s045,302070,m1,M1,S2D_noMMD,without_mmd,2,10,0.25,102041,147.62,61.181,208.801,600.735,235.4869999999996,836.2219999999996,112032071,,4,24000,1.00034844378989,5567.89425358733,0.231995593899472,0,0,0.95561362602604,True,True,,,,,,,,,,,2048,-257.7840783657389,-257.755543122877,0.0006837044016944,1114.736508289684,-0.02853524286189213,0.02853524286189213,5.994075925970293e-12,6.028569293998647e-12,-3.449336802835349e-14,3.449336802835349e-14
m3,M3,s045,302070,m2,M2,S2D_noMMD,without_mmd,2,10,0.25,202041,162.796,63.2509999999997,226.047,600.735,235.4869999999996,836.2219999999996,112032072,,4,24000,1.00090415240302,6373.41703069608,0.26555904294567,0,0,0.983362013236972,True,True,,,,,,,,,,,2048,-273.402045277759,-273.390116201743,0.0008841858420546,1431.302645640993,-0.01192907601597426,0.01192907601597426,9.883832829580333e-19,9.77699610366385e-19,1.0683672591648279e-20,1.0683672591648279e-20
m3,M3,s045,302070,m3,M3,S2D_noMMD,without_mmd,2,14,0.25,302041,164.178,61.7939999999999,225.972,600.735,235.4869999999996,836.2219999999996,112032073,122032070.0,4,24000,1.00053901252561,6184.24050525594,0.257676687718998,0,0,0.984705099295219,True,True,2048.0,1024.0,1024.0,log_alpha+log_nu+logit_tau,rbf,median_positive_squared_distance_full_mcmc,biased,0.24627025477375744,0.003424774093717442,0.05852156947414724,2048,-231.94382888562595,-231.921031724865,0.0010655563645575,1701.6974825326272,-0.022797160760944735,0.022797160760944735,0.9999999999940059,0.9999999999939715,3.441691376337985e-14,3.441691376337985e-14
m3,M3,s046,302071,m0,M0,S2D_noMMD,without_mmd,2,8,0.25,2042,86.7439999999997,49.3190000000004,136.063,519.8319999999997,236.3920000000003,756.2239999999999,112032071,,4,24000,1.0003994972661,10290.7096573162,0.428779569054844,0,0,0.981595618664715,True,True,,,,,,,,,,,2048,-251.32137017795262,-251.293239423005,0.000656824166622,782.1092062966767,-0.02813075494762529,0.02813075494762529,1.7508573529023803e-54,1.610897039662552e-54,1.399603132398283e-55,1.399603132398283e-55
m3,M3,s046,302071,m1,M1,S2D_noMMD,without_mmd,2,10,0.25,102042,136.052,60.8050000000003,196.857,519.8319999999997,236.3920000000003,756.2239999999999,112032072,,4,24000,1.00113004314177,6513.21576815873,0.271383990339947,0,0,0.975871894926418,True,True,,,,,,,,,,,2048,-207.74206592026997,-207.571359314272,0.0014895504982196,8.776292876528634,-0.17070660599796383,0.17070660599796383,1.4774137230314575e-35,1.5676137100250132e-35,-9.01999869935557e-37,9.01999869935557e-37
m3,M3,s046,302071,m2,M2,S2D_noMMD,without_mmd,2,10,0.25,202042,107.3,64.8579999999997,172.158,519.8319999999997,236.3920000000003,756.2239999999999,112032073,,4,24000,0.999996395880531,8949.6105407409,0.372900439197538,0,0,0.952901928280882,True,True,,,,,,,,,,,2048,-229.46106303639664,-229.511327390705,0.0013344261964032,657.586101932776,0.05026435430835363,0.05026435430835363,5.45835186804372e-45,4.64335602795185e-45,8.149958400918704e-46,8.149958400918704e-46
m3,M3,s046,302071,m3,M3,S2D_noMMD,without_mmd,2,14,0.25,302042,189.736,61.4099999999999,251.146,519.8319999999997,236.3920000000003,756.2239999999999,112032074,122032071.0,4,24000,1.00041446288981,8859.51517152284,0.369146465480118,0,0,0.968048094679804,True,True,2048.0,1024.0,1024.0,log_alpha+log_nu+logit_tau,rbf,median_positive_squared_distance_full_mcmc,biased,0.3280296145901789,0.04146448938135405,0.2036283118364292,2048,-127.54188074018415,-127.430435592655,0.0008259955177051,1061.276847590152,-0.11144514752915313,0.11144514752915313,1.0,1.0,0.0,0.0
m3,M3,s047,302072,m0,M0,S2D_noMMD,without_mmd,2,8,0.25,2043,78.4950000000003,48.7129999999997,127.208,411.1640000000001,236.05100000000039,647.2150000000005,112032072,,4,24000,0.999996410301596,13680.8165355339,0.570034022313913,0,0,0.960224924196493,True,True,,,,,,,,,,,2048,-314.94611883289025,-314.98922953816,0.0003973830553031,424.4329287613904,0.04311070526972571,0.04311070526972571,2.9415704837233184e-54,2.4982103372352997e-54,4.4336014648801866e-55,4.4336014648801866e-55
m3,M3,s047,302072,m1,M1,S2D_noMMD,without_mmd,2,10,0.25,102043,98.2579999999998,61.6900000000001,159.948,411.1640000000001,236.05100000000039,647.2150000000005,112032073,,4,24000,1.00017510179985,16714.778989755,0.696449124573124,0,0,0.993844252993323,True,True,,,,,,,,,,,2048,-282.88476791595735,-282.887725356325,0.0004461642074333,554.395185587375,0.002957440367651998,0.002957440367651998,2.4697161669764033e-40,2.1834091604057864e-40,2.8630700657061697e-41,2.8630700657061697e-41
m3,M3,s047,302072,m2,M2,S2D_noMMD,without_mmd,2,10,0.25,202043,111.766,62.8690000000001,174.635,411.1640000000001,236.05100000000039,647.2150000000005,112032074,,4,24000,1.00034597427626,12273.7323896945,0.51140551623727,0,0,0.960620402680854,True,True,,,,,,,,,,,2048,-277.12779469091635,-277.096691321582,0.0004468626812955,724.9826125129232,-0.031103369334346098,0.031103369334346098,7.813916189843056e-38,7.147419189917051e-38,6.664969999260044e-39,6.664969999260044e-39
m3,M3,s047,302072,m3,M3,S2D_noMMD,without_mmd,2,14,0.25,302043,122.645,62.7790000000005,185.424,411.1640000000001,236.05100000000039,647.2150000000005,112032075,122032072.0,4,24000,1.00042325348259,10850.8380835302,0.452118253480423,0,0,0.976890410547935,True,True,2048.0,1024.0,1024.0,log_alpha+log_nu+logit_tau,rbf,median_positive_squared_distance_full_mcmc,biased,0.5049011780329891,0.018503030922604413,0.13602584652412356,2048,-191.6854674280772,-191.565209126896,0.0009474304278242,1334.2326681699667,-0.12025830118119529,0.12025830118119529,1.0,1.0,0.0,0.0
m3,M3,s048,302073,m0,M0,S2D_noMMD,without_mmd,2,8,0.25,2044,108.003,49.8109999999997,157.814,676.743,239.1759999999999,915.919,112032073,,4,24000,1.00052198499376,6931.01726728041,0.288792386136684,0,0,0.981119154156206,True,True,,,,,,,,,,,2048,-72.67708726200368,-72.673910117794,0.0016117860432818,1409.422760928181,-0.003177144209686844,0.003177144209686844,1.479191062587492e-23,1.500446010326132e-23,-2.1254947738640095e-25,2.1254947738640095e-25
m3,M3,s048,302073,m1,M1,S2D_noMMD,without_mmd,2,10,0.25,102044,155.641,61.9100000000003,217.551,676.743,239.1759999999999,915.919,112032074,,4,24000,1.00063231573178,5864.76346542386,0.244365144392661,0,0,0.93787841650945,True,True,,,,,,,,,,,2048,-45.32742714509454,-45.3342792249584,0.001957845857184,1416.1558296360129,0.006852079863861604,0.006852079863861604,1.1164280636510603e-11,1.1211693252030671e-11,-4.7412615520068315e-14,4.7412615520068315e-14
m3,M3,s048,302073,m2,M2,S2D_noMMD,without_mmd,2,10,0.25,202044,176.734,65.6999999999998,242.434,676.743,239.1759999999999,915.919,112032075,,4,24000,1.00074154937293,7750.90691096597,0.322954454623582,0,0,0.960286873179214,True,True,,,,,,,,,,,2048,-69.84318968497871,-69.8758182079008,0.001875823878469,1299.2637412882132,0.032628522922095726,0.032628522922095726,2.5163459843715276e-22,2.462726873098711e-22,5.361911127281658e-24,5.361911127281658e-24
m3,M3,s048,302073,m3,M3,S2D_noMMD,without_mmd,2,14,0.25,302044,236.365,61.7550000000001,298.12,676.743,239.1759999999999,915.919,112032076,122032073.0,4,24000,1.00011997569931,6017.04842827956,0.250710351178315,0,0,0.967678546316063,True,True,2048.0,1024.0,1024.0,log_alpha+log_nu+logit_tau,rbf,median_positive_squared_distance_full_mcmc,biased,0.4204468207630878,0.006210343818980668,0.07880573468333804,2048,-20.109125482166114,-20.1202153830709,0.0013922164377213,1413.035169643538,0.011089900904785566,0.011089900904785566,0.9999999999888358,0.9999999999887883,4.75175454539567e-14,4.75175454539567e-14
m3,M3,s049,302074,m0,M0,S2D_noMMD,without_mmd,2,8,0.25,2045,129.019,49.5309999999999,178.55,641.176,238.92699999999832,880.1029999999984,112032074,,4,24000,1.00032025952266,5724.21878963134,0.238509116234639,0,0,0.970744460701499,True,True,,,,,,,,,,,2048,-308.33334719368935,-308.317416386738,0.0018739574588115,1532.3103592581058,-0.015930806951359955,0.015930806951359955,2.532236432836661e-15,2.423878079961791e-15,1.083583528748702e-16,1.083583528748702e-16
m3,M3,s049,302074,m1,M1,S2D_noMMD,without_mmd,2,10,0.25,102045,157.693,62.3359999999998,220.029,641.176,238.92699999999832,880.1029999999984,112032075,,4,24000,1.00159681973073,5044.62684092046,0.210192785038352,0,0,0.973736206450257,True,True,,,,,,,,,,,2048,-305.7292831362897,-305.699685329437,0.0012976530023806,1133.1968521045658,-0.02959780685273472,0.02959780685273472,3.423220731321996e-14,3.321826340386815e-14,1.0139439093518073e-15,1.0139439093518073e-15
m3,M3,s049,302074,m2,M2,S2D_noMMD,without_mmd,2,10,0.25,202045,163.73,63.7909999999993,227.521,641.176,238.92699999999832,880.1029999999984,112032076,,4,24000,1.0006075022835,6618.39461129801,0.275766442137417,0,0,0.975834531557964,True,True,,,,,,,,,,,2048,-308.1054322618182,-308.114542858529,0.001072391774839,1487.4381933735729,0.009110596710797836,0.009110596710797836,3.180434458694934e-15,2.9690507772343123e-15,2.1138368146062174e-16,2.1138368146062174e-16
m3,M3,s049,302074,m3,M3,S2D_noMMD,without_mmd,2,14,0.25,302045,190.734,63.2689999999993,254.003,641.176,238.92699999999832,880.1029999999984,112032077,122032074.0,4,24000,1.00070673695031,5963.23301523084,0.248468042301285,0,0,0.98143057355675,True,True,2048.0,1024.0,1024.0,log_alpha+log_nu+logit_tau,rbf,median_positive_squared_distance_full_mcmc,biased,0.3551237516113235,0.01582658319155028,0.12580374871819314,2048,-274.72367367659876,-274.664008761724,0.0010310751713841,908.618350657386,-0.05966491487475878,0.05966491487475878,0.99999999999996,0.9999999999999614,-1.3322676295501878e-15,1.3322676295501878e-15
m3,M3,s050,302075,m0,M0,S2D_noMMD,without_mmd,2,8,0.25,2046,72.73,48.1110000000003,120.841,483.312999999999,234.31900000000041,717.6319999999994,112032075,,4,24000,1.00015681170269,14986.8216607965,0.624450902533188,0,0,0.972957508160145,True,True,,,,,,,,,,,2048,-365.85152899231485,-365.972319363882,0.0004276984580922,179.84608106758515,0.12079037156712502,0.12079037156712502,7.756977253467939e-113,6.081038332660291e-113,1.6759389208076476e-113,1.6759389208076476e-113
m3,M3,s050,302075,m1,M1,S2D_noMMD,without_mmd,2,10,0.25,102046,114.054,60.2539999999995,174.308,483.312999999999,234.31900000000041,717.6319999999994,112032076,,4,24000,1.00022366808106,10757.9219174327,0.448246746559695,0,0,0.964457292384351,True,True,,,,,,,,,,,2048,-238.36617568880973,-238.447173155607,0.0006704711169232,67.36781081871031,0.08099746679727104,0.08099746679727104,1.8025112382228197e-57,1.4704323311934951e-57,3.320789070293245e-58,3.320789070293245e-58
m3,M3,s050,302075,m2,M2,S2D_noMMD,without_mmd,2,10,0.25,202046,128.514,63.8710000000001,192.385,483.312999999999,234.31900000000041,717.6319999999994,112032077,,4,24000,1.00026869822835,9569.68587830974,0.398736911596239,0,0,0.937274011357944,True,True,,,,,,,,,,,2048,-210.67998934730372,-210.450080942695,0.0009329870583243,127.52870516776773,-0.22990840460872164,0.22990840460872164,1.9047410175281724e-45,2.120448361056142e-45,-2.157073435279695e-46,2.157073435279695e-46
m3,M3,s050,302075,m3,M3,S2D_noMMD,without_mmd,2,14,0.25,302046,168.014999999999,62.0830000000005,230.098,483.312999999999,234.31900000000041,717.6319999999994,112032078,122032075.0,4,24000,1.00037195115539,10273.4255173478,0.42805939655616,0,0,0.970970896493271,True,True,2048.0,1024.0,1024.0,log_alpha+log_nu+logit_tau,rbf,median_positive_squared_distance_full_mcmc,biased,0.2682463325465152,0.10197578096349125,0.3193364698300074,2048,-107.70800621310434,-107.58537931535,0.0003039327158041,348.9140077951538,-0.1226268977543441,0.1226268977543441,1.0,1.0,0.0,0.0
m3,M3,s051,302076,m0,M0,S2D_noMMD,without_mmd,2,8,0.25,2047,78.277,49.2020000000002,127.479,588.615000000001,235.8769999999995,824.4920000000005,112032076,,4,24000,1.00022737017775,6554.07624094678,0.273086510039449,0,0,0.937221865591183,True,True,,,,,,,,,,,2048,-262.89168940906285,-262.884368464821,0.0008085311157394,1267.8942455789083,-0.007320944241826055,0.007320944241826055,3.421850440831249e-30,3.357826224362129e-30,6.402421646912039e-32,6.402421646912039e-32
m3,M3,s051,302076,m1,M1,S2D_noMMD,without_mmd,2,10,0.25,102047,153.584000000001,61.1359999999995,214.72,588.615000000001,235.8769999999995,824.4920000000005,112032077,,4,24000,1.00044565942497,5936.32143735793,0.24734672655658,0,0,0.974997941233978,True,True,,,,,,,,,,,2048,-213.90517706175112,-213.928289298539,0.0008337857371623,539.5426902349583,0.023112236787881102,0.023112236787881102,6.439216451930922e-09,6.129333527659045e-09,3.0988292427187703e-10,3.0988292427187703e-10
m3,M3,s051,302076,m2,M2,S2D_noMMD,without_mmd,2,10,0.25,202047,161.776,64.2510000000002,226.027,588.615000000001,235.8769999999995,824.4920000000005,112032078,,4,24000,1.00079011278039,7511.95875811256,0.312998281588023,0,0,0.94293083276225,True,True,,,,,,,,,,,2048,-258.7053423493712,-258.71659466234,0.0006869945951757,1751.4582809940641,0.011252312968792921,0.011252312968792921,2.250963491555176e-28,2.168200203422455e-28,8.276328813272125e-30,8.276328813272125e-30
m3,M3,s051,302076,m3,M3,S2D_noMMD,without_mmd,2,14,0.25,302047,194.978,61.2879999999996,256.266,588.615000000001,235.8769999999995,824.4920000000005,112032079,122032076.0,4,24000,1.00031928223626,7231.81370197366,0.301325570915569,0,0,0.952378538717781,True,True,2048.0,1024.0,1024.0,log_alpha+log_nu+logit_tau,rbf,median_positive_squared_distance_full_mcmc,biased,0.3798743065531962,0.009593250133441922,0.09794513838594503,2048,-195.0443180950031,-195.018109488702,0.0012401012770793,665.873075642974,-0.026208606301082682,0.026208606301082682,0.9999999935607835,0.9999999938706665,-3.098830081427195e-10,3.098830081427195e-10
m3,M3,s052,302077,m0,M0,S2D_noMMD,without_mmd,2,8,0.25,2048,78.9479999999999,48.8589999999999,127.807,493.3549999999989,237.3709999999996,730.7259999999985,112032077,,4,24000,1.00017401011715,12266.5409420027,0.511105872583448,0,0,0.965927494464649,True,True,,,,,,,,,,,2048,-80.88995077842924,-80.9966603438976,0.0004763367298478,25.866939893659588,0.10670956546836408,0.10670956546836408,2.206221033978317e-39,1.8367296244745683e-39,3.694914095037487e-40,3.694914095037487e-40
m3,M3,s052,302077,m1,M1,S2D_noMMD,without_mmd,2,10,0.25,102048,109.932,60.942,170.874,493.3549999999989,237.3709999999996,730.7259999999985,112032078,,4,24000,1.00040154593041,12598.498510482,0.52493743793675,0,0,0.969913691971213,True,True,,,,,,,,,,,2048,-65.74778045144033,-65.5635324856356,0.0006287176343637,2.368058403466558,-0.18424796580472957,0.18424796580472957,8.314000338649868e-33,9.259072785649449e-33,-9.450724469995806e-34,9.450724469995806e-34
m3,M3,s052,302077,m2,M2,S2D_noMMD,without_mmd,2,10,0.25,202048,134.75,65.0649999999996,199.815,493.3549999999989,237.3709999999996,730.7259999999985,112032079,,4,24000,1.00035567056523,8649.13091551373,0.360380454813072,0,0,0.964230857190943,True,True,,,,,,,,,,,2048,-24.98339574411265,-24.9565188509565,0.0009447111268675,1724.9297711256452,-0.026876893156149606,0.026876893156149606,4.202980493816432e-15,3.999166135614958e-15,2.038143582014741e-16,2.038143582014741e-16
m3,M3,s052,302077,m3,M3,S2D_noMMD,without_mmd,2,14,0.25,302048,169.724999999999,62.5050000000001,232.23,493.3549999999989,237.3709999999996,730.7259999999985,112032080,122032077.0,4,24000,1.00058767669433,9320.00914059259,0.388333714191358,0,0,0.963591495799496,True,True,2048.0,1024.0,1024.0,log_alpha+log_nu+logit_tau,rbf,median_positive_squared_distance_full_mcmc,biased,0.4073478317708432,0.05310138443092871,0.23043737637572753,2048,8.119586735800233,8.19617167066263,0.0006915533944177,547.1115625705936,-0.0765849348623977,0.0765849348623977,0.9999999999999958,0.999999999999996,-2.220446049250313e-16,2.220446049250313e-16
m3,M3,s053,302078,m0,M0,S2D_noMMD,without_mmd,2,8,0.25,2049,141.059,49.846,190.905,675.6020000000001,234.9019999999996,910.5039999999997,112032078,,4,24000,1.00042227635767,4996.13865107242,0.208172443794684,0,0,0.97734530962257,True,True,,,,,,,,,,,2048,-234.81903186037,-234.847782381224,0.0005263186829124,659.5685818379625,0.02875052085400398,0.02875052085400398,2.0059456765879946e-08,1.9377135033347415e-08,6.823217325325311e-10,6.823217325325311e-10
m3,M3,s053,302078,m1,M1,S2D_noMMD,without_mmd,2,10,0.25,102049,165.139,60.625,225.764,675.6020000000001,234.9019999999996,910.5039999999997,112032079,,4,24000,1.00087697623255,4540.2604074693,0.189177516977887,0,0,0.937244709345662,True,True,,,,,,,,,,,2048,-220.55798076589792,-220.524622037351,0.0008811694943578,764.7076189456023,-0.03335872854691502,0.03335872854691502,0.03131951038101347,0.032192823348914636,-0.0008733129679011631,0.0008733129679011631
m3,M3,s053,302078,m2,M2,S2D_noMMD,without_mmd,2,10,0.25,202049,178.913,63.7649999999994,242.678,675.6020000000001,234.9019999999996,910.5039999999997,112032080,,4,24000,1.00117748061257,5067.74036661918,0.211155848609133,0,0,0.960869925369937,True,True,,,,,,,,,,,2048,-231.74104684783683,-231.688833983767,0.0008627206158412,659.106500412454,-0.05221286406981562,0.05221286406981562,4.3558315270164005e-07,4.5625057350578115e-07,-2.0667420804141102e-08,2.0667420804141102e-08
m3,M3,s053,302078,m3,M3,S2D_noMMD,without_mmd,2,14,0.25,302049,190.491,60.6660000000002,251.157,675.6020000000001,234.9019999999996,910.5039999999997,112032081,122032078.0,4,24000,1.00140621294969,5154.25677255984,0.21476069885666,0,0,0.962117331866689,True,True,2048.0,1024.0,1024.0,log_alpha+log_nu+logit_tau,rbf,median_positive_squared_distance_full_mcmc,biased,0.16293708547630859,0.08109824556080836,0.28477753696667923,2048,-217.126287649041,-217.121333209387,0.0010710019546199,414.4514827354887,-0.004954439653999998,0.004954439653999998,0.9686800339763771,0.9678067010233767,0.0008733329530004053,0.0008733329530004053
m3,M3,s054,302079,m0,M0,S2D_noMMD,without_mmd,2,8,0.25,2050,60.4049999999997,48.6100000000001,109.015,447.1709999999987,234.63200000000012,681.8029999999987,112032079,,4,24000,1.00014405709866,13303.5965962946,0.554316524845607,0,0,0.981811118745913,True,True,,,,,,,,,,,2048,-479.88377571799464,-479.908826225925,0.0003158371795156,737.0471501365009,0.025050507930359345,0.025050507930359345,1.2130024582853972e-48,1.0436441390558864e-48,1.6935831922951085e-49,1.6935831922951085e-49
m3,M3,s054,302079,m1,M1,S2D_noMMD,without_mmd,2,10,0.25,102050,102.88,59.7460000000001,162.626,447.1709999999987,234.63200000000012,681.8029999999987,112032080,,4,24000,1.00018440571633,13862.6259970176,0.5776094165424,0,0,0.955711892761348,True,True,,,,,,,,,,,2048,-442.43488654921094,-442.380506720814,0.0006621342669081,336.8891899506701,-0.05437982839691813,0.05437982839691813,2.2269353047630283e-32,2.0744096052080244e-32,1.5252569955500392e-33,1.5252569955500392e-33
m3,M3,s054,302079,m2,M2,S2D_noMMD,without_mmd,2,10,0.25,202050,132.71,63.6039999999994,196.313999999999,447.1709999999987,234.63200000000012,681.8029999999987,112032081,,4,24000,1.00020312694548,9941.19723288891,0.414216551370371,0,0,0.99783307584424,True,True,,,,,,,,,,,2048,-404.8730605009065,-404.776727622452,0.0006167018832868,1569.2111138590126,-0.09633287845451832,0.09633287845451832,4.577215747395204e-16,4.446397403470482e-16,1.3081834392472157e-17,1.3081834392472157e-17
m3,M3,s054,302079,m3,M3,S2D_noMMD,without_mmd,2,14,0.25,302050,151.175999999999,62.6720000000005,213.848,447.1709999999987,234.63200000000012,681.8029999999987,112032082,122032079.0,4,24000,1.00023363182729,10188.2961568816,0.424512339870067,0,0,0.956629449429626,True,True,2048.0,1024.0,1024.0,log_alpha+log_nu+logit_tau,rbf,median_positive_squared_distance_full_mcmc,biased,0.4559528358756788,0.002549936184466528,0.0504968928199204,2048,-369.55278991085646,-369.427460330591,0.0010242237442457,1262.7194703433158,-0.12532958026548613,0.12532958026548613,0.9999999999999996,0.9999999999999996,0.0,0.0
m3,M3,s055,302080,m0,M0,S2D_noMMD,without_mmd,2,8,0.25,2051,92.73,49.4369999999999,142.167,568.011999999999,234.83499999999998,802.8469999999991,112032080,,4,24000,1.00007493611592,6818.20593692462,0.284091914038526,0,0,0.996507444535102,True,True,,,,,,,,,,,2048,-264.45273096303936,-264.451785959519,0.0010311933436493,925.6727809752318,-0.0009450035203713014,0.0009450035203713014,3.1344585461341386e-28,3.050826944593401e-28,8.363160154073759e-30,8.363160154073759e-30
m3,M3,s055,302080,m1,M1,S2D_noMMD,without_mmd,2,10,0.25,102051,128.516,61.5919999999996,190.107999999999,568.011999999999,234.83499999999998,802.8469999999991,112032081,,4,24000,1.00095041358582,6448.14005002368,0.26867250208432,0,0,0.979513269131436,True,True,,,,,,,,,,,2048,-259.5194753905406,-259.567681666201,0.0011316109533878,403.14579318599,0.04820627566039093,0.04820627566039093,4.351592339264415e-26,4.032339749851661e-26,3.1925258941275365e-27,3.1925258941275365e-27
m3,M3,s055,302080,m2,M2,S2D_noMMD,without_mmd,2,10,0.25,202051,148.157,62.5860000000002,210.743,568.011999999999,234.83499999999998,802.8469999999991,112032082,,4,24000,1.00047773175965,8417.85529910444,0.350743970796018,0,0,0.978400967332882,True,True,,,,,,,,,,,2048,-251.57608254959388,-251.564906465773,0.0006848613940152,1391.2610122515528,-0.011176083820885196,0.011176083820885196,1.2258007477666307e-22,1.2053640277365794e-22,2.0436720030051274e-24,2.0436720030051274e-24
m3,M3,s055,302080,m3,M3,S2D_noMMD,without_mmd,2,14,0.25,302051,198.608999999999,61.2200000000003,259.829,568.011999999999,234.83499999999998,802.8469999999991,112032083,122032080.0,4,24000,1.00069236748912,6659.67211275639,0.277486338031516,0,0,0.95766559323669,True,True,2048.0,1024.0,1024.0,log_alpha+log_nu+logit_tau,rbf,median_positive_squared_distance_full_mcmc,biased,0.4586484520869205,0.0029439756880227375,0.05425841582669676,2048,-201.12280480581754,-201.094816038931,0.0021190849989734,1557.1656590932798,-0.027988766886551275,0.027988766886551275,1.0,1.0,0.0,0.0
m3,M3,s056,302081,m0,M0,S2D_noMMD,without_mmd,2,8,0.25,2052,71.9660000000003,47.9690000000001,119.935,500.8010000000013,233.9620000000005,734.7630000000017,112032081,,4,24000,1.00009962283539,15290.7588566028,0.637114952358451,0,0,0.951271528146749,True,True,,,,,,,,,,,2048,-613.6244473601876,-609.509568260576,0.0003076596510764,1.5032479617143086,-4.114879099611585,4.114879099611585,6.068611559852353e-193,5.391721060661709e-191,-5.331034945063186e-191,5.331034945063186e-191
m3,M3,s056,302081,m1,M1,S2D_noMMD,without_mmd,2,10,0.25,102052,100.883,60.3150000000005,161.198,500.8010000000013,233.9620000000005,734.7630000000017,112032082,,4,24000,1.0003191883472,8349.69102871484,0.347903792863119,0,0,0.977673033998454,True,True,,,,,,,,,,,2048,-264.5875719824549,-264.143282538881,0.0009707007646108,20.380092235158916,-0.44428944357389355,0.44428944357389355,2.332804247174211e-41,5.277151232350374e-41,-2.944346985176163e-41,2.944346985176163e-41
m3,M3,s056,302081,m2,M2,S2D_noMMD,without_mmd,2,10,0.25,202052,131.025,63.6320000000005,194.657,500.8010000000013,233.9620000000005,734.7630000000017,112032083,,4,24000,1.00052940309594,11038.2453858151,0.45992689107563,0,0,0.984280644791239,True,True,,,,,,,,,,,2048,-464.07463914671774,-463.182986845688,0.0005388208392067,12.991123042294273,-0.891652301029751,0.891652301029751,5.391949509943676e-128,1.9078941670180354e-127,-1.3686992160236677e-127,1.3686992160236677e-127
m3,M3,s056,302081,m3,M3,S2D_noMMD,without_mmd,2,14,0.25,302052,196.927000000001,62.0459999999994,258.973,500.8010000000013,233.9620000000005,734.7630000000017,112032084,122032081.0,4,24000,1.00012419793044,10759.0965123527,0.448295688014695,0,0,0.957781122319189,True,True,2048.0,1024.0,1024.0,log_alpha+log_nu+logit_tau,rbf,median_positive_squared_distance_full_mcmc,biased,0.37514901458351435,0.09470185449316793,0.30773666420036455,2048,-171.02865425316324,-171.400680138912,0.0012642471584419,16.809595735635273,0.37202588574876927,0.37202588574876927,1.0,1.0,0.0,0.0
m3,M3,s057,302082,m0,M0,S2D_noMMD,without_mmd,2,8,0.25,2053,76.9269999999997,47.7929999999997,124.719999999999,434.5830000000005,231.8279999999987,666.4109999999991,112032082,,4,24000,1.00057532585476,12776.8757634469,0.532369823476953,0,0,0.938211529198182,True,True,,,,,,,,,,,2048,-383.69744446078704,-383.769245422765,0.0007511834535653,53.074888379193546,0.07180096197794228,0.07180096197794228,3.951317714356631e-69,3.6590118364527364e-69,2.923058779038945e-70,2.923058779038945e-70
m3,M3,s057,302082,m1,M1,S2D_noMMD,without_mmd,2,10,0.25,102053,89.1729999999998,60.3209999999999,149.494,434.5830000000005,231.8279999999987,666.4109999999991,112032083,,4,24000,1.00047622350896,11694.0725451459,0.487253022714412,0,0,0.984636520516219,True,True,,,,,,,,,,,2048,-304.70244764500404,-304.758546636269,0.0007423486052016,417.60614973397077,0.05609899126494611,0.05609899126494611,8.01370159324008e-35,7.538315477725779e-35,4.753861155143006e-36,4.753861155143006e-36
m3,M3,s057,302082,m2,M2,S2D_noMMD,without_mmd,2,10,0.25,202053,107.959000000001,61.7959999999994,169.755,434.5830000000005,231.8279999999987,666.4109999999991,112032084,,4,24000,1.00025716577297,12958.8649894416,0.539952707893402,0,0,0.981125575071288,True,True,,,,,,,,,,,2048,-341.5856251121339,-341.691263274759,0.0004744507562286,134.91646015996616,0.10563816262509818,0.10563816262509818,7.685510451750199e-51,6.880171610579144e-51,8.05338841171055e-52,8.05338841171055e-52
m3,M3,s057,302082,m3,M3,S2D_noMMD,without_mmd,2,14,0.25,302053,160.524,61.9179999999997,222.442,434.5830000000005,231.8279999999987,666.4109999999991,112032085,122032082.0,4,24000,1.00046525969267,10028.6544942928,0.417860603928865,0,0,0.968137423142968,True,True,2048.0,1024.0,1024.0,log_alpha+log_nu+logit_tau,rbf,median_positive_squared_distance_full_mcmc,biased,0.39714934193212725,0.1903663727210706,0.43630995028886355,2048,-226.19312216605059,-226.188067127095,0.0008405131785281,379.04118766592677,-0.005055038955589453,0.005055038955589453,1.0,1.0,0.0,0.0
m3,M3,s058,302083,m0,M0,S2D_noMMD,without_mmd,2,8,0.25,2054,85.0450000000001,48.482,133.527,469.8290000000011,232.4120000000002,702.2410000000013,112032083,,4,24000,1.00020677466128,10146.5801344515,0.422774172268813,0,0,0.953676620749306,True,True,,,,,,,,,,,2048,-112.34878057963651,-112.371244963918,0.0010979705599581,1445.0392706756636,0.022464384281491334,0.022464384281491334,1.440916516788099e-29,1.3980538319651586e-29,4.2862684822940365e-31,4.2862684822940365e-31
m3,M3,s058,302083,m1,M1,S2D_noMMD,without_mmd,2,10,0.25,102054,117.067,59.9520000000002,177.019,469.8290000000011,232.4120000000002,702.2410000000013,112032084,,4,24000,1.00044651894973,8129.08403483613,0.338711834784839,0,0,0.970731945881402,True,True,,,,,,,,,,,2048,-59.875658892539,-59.8714776413584,0.0010430894982587,1205.4844658298152,-0.004181251180597201,0.004181251180597201,8.859842804882762e-07,8.828423204858583e-07,3.141960002417832e-09,3.141960002417832e-09
m3,M3,s058,302083,m2,M2,S2D_noMMD,without_mmd,2,10,0.25,202054,114.642000000001,63.143,177.785000000001,469.8290000000011,232.4120000000002,702.2410000000013,112032085,,4,24000,1.00036439100171,11695.4819643851,0.487311748516046,0,0,0.965877380400851,True,True,,,,,,,,,,,2048,-114.74830671185163,-114.743112783556,0.0004112292887449,1197.3816835254886,-0.005193928295625483,0.005193928295625483,1.3077895451648147e-30,1.3044720804042462e-30,3.31746476056852e-33,3.31746476056852e-33
m3,M3,s058,302083,m3,M3,S2D_noMMD,without_mmd,2,14,0.25,302054,153.075,60.835,213.91,469.8290000000011,232.4120000000002,702.2410000000013,112032086,122032083.0,4,24000,1.00032357025523,9677.12156977723,0.403213398740718,0,0,0.94715329078696,True,True,2048.0,1024.0,1024.0,log_alpha+log_nu+logit_tau,rbf,median_positive_squared_distance_full_mcmc,biased,0.47735869926223007,0.005358310339254491,0.07320048045781183,2048,-45.939093149912395,-45.9313592994165,0.0013009083150365,1367.6315045577478,-0.007733850495895922,0.007733850495895922,0.9999991140157194,0.9999991171576794,-3.1419600254878333e-09,3.1419600254878333e-09
m3,M3,s059,302084,m0,M0,S2D_noMMD,without_mmd,2,8,0.25,2055,67.9430000000002,48.7650000000003,116.708000000001,470.0520000000002,234.0419999999994,704.0939999999996,112032084,,4,24000,1.00043413865596,10845.1203651689,0.451880015215371,0,0,0.988710058214054,True,True,,,,,,,,,,,2048,-359.47586265243206,-359.434072048865,0.0004132605940227,663.6734688974333,-0.04179060356705122,0.04179060356705122,3.941190981652646e-36,3.7199780635170846e-36,2.212129181355615e-37,2.212129181355615e-37
m3,M3,s059,302084,m1,M1,S2D_noMMD,without_mmd,2,10,0.25,102055,111.654,60.7439999999997,172.397999999999,470.0520000000002,234.0419999999994,704.0939999999996,112032085,,4,24000,1.00015391664875,10269.2992785057,0.427887469937738,0,0,0.970327577262169,True,True,,,,,,,,,,,2048,-334.9592725348784,-334.976717788221,0.0004530583787782,471.54381816907164,0.01744525334260061,0.01744525334260061,1.750037212261917e-25,1.5568055680975422e-25,1.9323164416437493e-26,1.9323164416437493e-26
m3,M3,s059,302084,m2,M2,S2D_noMMD,without_mmd,2,10,0.25,202055,130.725,63.7109999999993,194.436,470.0520000000002,234.0419999999994,704.0939999999996,112032086,,4,24000,1.00026360340424,9203.95556499804,0.383498148541585,0,0,0.987667979263661,True,True,,,,,,,,,,,2048,-341.4877628965237,-341.490328873416,0.0007627194278378,1539.9253871721628,0.0025659768922992043,0.0025659768922992043,2.5571720225576776e-28,2.3089207391350987e-28,2.4825128342257884e-29,2.4825128342257884e-29
m3,M3,s059,302084,m3,M3,S2D_noMMD,without_mmd,2,14,0.25,302055,159.73,60.8220000000001,220.552,470.0520000000002,234.0419999999994,704.0939999999996,112032087,122032084.0,4,24000,1.00069016661287,9126.08001965503,0.380253334152293,0,0,0.966315349286714,True,True,2048.0,1024.0,1024.0,log_alpha+log_nu+logit_tau,rbf,median_positive_squared_distance_full_mcmc,biased,0.4488932294489072,0.0045743134598752455,0.06763367105129844,2048,-277.95428226188625,-277.854726472443,0.0007943791068038,1465.7345450679438,-0.09955578944322951,0.09955578944322951,1.0,1.0,0.0,0.0
m3,M3,s060,302085,m0,M0,S2D_noMMD,without_mmd,2,8,0.25,2056,60.2249999999995,48.7359999999999,108.960999999999,433.305999999998,235.5709999999999,668.8769999999979,112032085,,4,24000,1.00016230657597,14739.2614421853,0.614135893424387,0,0,0.982493480712883,True,True,,,,,,,,,,,2048,-72.9659825084815,-72.9279980270803,0.0005955871115832,118.99765343775223,-0.037984481401196035,0.037984481401196035,1.1374623196828308e-58,1.0613015699878675e-58,7.616074969496333e-60,7.616074969496333e-60
m3,M3,s060,302085,m1,M1,S2D_noMMD,without_mmd,2,10,0.25,102056,98.1179999999995,60.2489999999998,158.366999999999,433.305999999998,235.5709999999999,668.8769999999979,112032086,,4,24000,1.00021863292167,15575.4187157563,0.648975779823178,0,0,0.988244391959306,True,True,,,,,,,,,,,2048,-71.63026834875235,-71.5796338160851,0.0003488534147694,68.16943892501047,-0.050634532667245935,0.050634532667245935,4.325440156393095e-58,4.0872005029369174e-58,2.3823965345617726e-59,2.3823965345617726e-59
m3,M3,s060,302085,m2,M2,S2D_noMMD,without_mmd,2,10,0.25,202056,116.518999999999,63.9390000000003,180.458,433.305999999998,235.5709999999999,668.8769999999979,112032087,,4,24000,1.00030596900536,10049.3140905089,0.418721420437873,0,0,0.956181527541692,True,True,,,,,,,,,,,2048,19.965795587065827,20.0634234282587,0.0011905087264704,1322.9907118880353,-0.0976278411928746,0.0976278411928746,2.604326554730629e-18,2.579289018337403e-18,2.503753639322585e-20,2.503753639322585e-20
m3,M3,s060,302085,m3,M3,S2D_noMMD,without_mmd,2,14,0.25,302056,158.444,62.6469999999999,221.090999999999,433.305999999998,235.5709999999999,668.8769999999979,112032088,122032085.0,4,24000,1.00046571647925,9348.03787707344,0.389501578211393,0,0,0.969001720236596,True,True,2048.0,1024.0,1024.0,log_alpha+log_nu+logit_tau,rbf,median_positive_squared_distance_full_mcmc,biased,0.45724389370572016,0.05164339259502271,0.2272518263843499,2048,60.45515313943239,60.5624413154834,0.0008767776959971,518.6618013027493,-0.10728817605100716,0.10728817605100716,1.0,1.0,0.0,0.0
m3,M3,s061,302086,m0,M0,S2D_noMMD,without_mmd,2,8,0.25,2057,80.9160000000002,48.3990000000003,129.315000000001,421.87799999999993,232.1810000000014,654.0590000000013,112032086,,4,24000,1.00042427939706,9477.34066404622,0.394889194335259,0,0,0.967719104031225,True,True,,,,,,,,,,,2048,-510.4011943277016,-510.434675801071,0.0005985287552541,853.1059792560276,0.0334814733694202,0.0334814733694202,1.9012702748632726e-32,1.774785774727609e-32,1.2648450013566362e-33,1.2648450013566362e-33
m3,M3,s061,302086,m1,M1,S2D_noMMD,without_mmd,2,10,0.25,102057,99.7799999999997,60.4120000000003,160.192,421.87799999999993,232.1810000000014,654.0590000000013,112032087,,4,24000,1.00053469055628,11172.8127434221,0.465533864309254,0,0,0.972155595656568,True,True,,,,,,,,,,,2048,-485.56970968552,-485.59662435084,0.0004943740801371,537.9669344005466,0.026914665319964115,0.026914665319964115,1.1566996812450633e-21,1.0868625515697105e-21,6.983712967535282e-23,6.983712967535282e-23
m3,M3,s061,302086,m2,M2,S2D_noMMD,without_mmd,2,10,0.25,202057,117.419,62.1720000000005,179.591,421.87799999999993,232.1810000000014,654.0590000000013,112032088,,4,24000,1.00061349643217,12000.1102996678,0.500004595819493,0,0,0.990758325454219,True,True,,,,,,,,,,,2048,-512.0728029820057,-512.106486346541,0.0006740684985177,814.6934407102384,0.03368336453536358,0.03368336453536358,3.5733326194344426e-33,3.334938614907e-33,2.3839400452744257e-34,2.3839400452744257e-34
m3,M3,s061,302086,m3,M3,S2D_noMMD,without_mmd,2,14,0.25,302057,123.763,61.1980000000003,184.961,421.87799999999993,232.1810000000014,654.0590000000013,112032089,122032086.0,4,24000,1.00058516024927,11284.9162435962,0.470204843483175,0,0,0.990540520816039,True,True,2048.0,1024.0,1024.0,log_alpha+log_nu+logit_tau,rbf,median_positive_squared_distance_full_mcmc,biased,0.48883325778555964,0.002854858028617402,0.053430871494084785,2048,-437.36099358039155,-437.325632550611,0.0007666356929488,1476.4226656701824,-0.03536102978057443,0.03536102978057443,1.0,1.0,0.0,0.0
m3,M3,s062,302087,m0,M0,S2D_noMMD,without_mmd,2,8,0.25,2058,120.019,49.2429999999995,169.262,573.259,234.3509999999987,807.6099999999988,112032087,,4,24000,1.00031995540027,6229.94269661919,0.259580945692466,0,0,0.92821478449739,True,True,,,,,,,,,,,2048,-364.97276698353284,-364.958272839649,0.0010046151691429,1713.786015546084,-0.014494143883837296,0.014494143883837296,0.014941328987023291,0.0152758735454412,-0.00033454455841790826,0.00033454455841790826
m3,M3,s062,302087,m1,M1,S2D_noMMD,without_mmd,2,10,0.25,102058,130.988,60.1499999999996,191.138,573.259,234.3509999999987,807.6099999999988,112032088,,4,24000,1.00024664485572,6663.49213649709,0.277645505687379,0,0,0.93234139732289,True,True,,,,,,,,,,,2048,-362.57460409826393,-362.593360058105,0.0009885297903017,1838.064070790239,0.018755959841087133,0.018755959841087133,0.16439860808862292,0.16258281014896703,0.0018157979396558888,0.0018157979396558888
m3,M3,s062,302087,m2,M2,S2D_noMMD,without_mmd,2,10,0.25,202058,152.734,63.0159999999996,215.75,573.259,234.3509999999987,807.6099999999988,112032089,,4,24000,1.00061775347916,7279.62791885381,0.303317829952242,0,0,0.944457544014684,True,True,,,,,,,,,,,2048,-364.5810863298008,-364.578972968395,0.0008787848245655,1806.2580259358485,-0.002113361405804426,0.002113361405804426,0.022105175893653572,0.022322040701091016,-0.00021686480743744393,0.00021686480743744393
m3,M3,s062,302087,m3,M3,S2D_noMMD,without_mmd,2,14,0.25,302058,169.518,61.942,231.46,573.259,234.3509999999987,807.6099999999988,112032090,122032087.0,4,24000,1.00040499247064,6754.84867191571,0.281452027996488,0,0,0.963540712569051,True,True,2048.0,1024.0,1024.0,log_alpha+log_nu+logit_tau,rbf,median_positive_squared_distance_full_mcmc,biased,0.3107769170987348,0.005068704206172336,0.07119483272100817,2048,-360.9940944112717,-361.000161734336,0.0014103096413397,1727.6101679567757,0.006067323064314678,0.006067323064314678,0.7985548870307003,0.7998192756045007,-0.0012643885738004013,0.0012643885738004013
m3,M3,s063,302088,m0,M0,S2D_noMMD,without_mmd,2,8,0.25,2059,113.404,48.8119999999999,162.215999999999,628.696,234.156,862.8520000000001,112032088,,4,24000,1.00034846868751,6328.67608554666,0.263694836897778,0,0,0.962254838474001,True,True,,,,,,,,,,,2048,-347.8786403939806,-347.881734413316,0.001413134816201,1861.3173060025865,0.0030940193353785617,0.0030940193353785617,1.512921054926947e-09,1.468139915525522e-09,4.4781139401425056e-11,4.4781139401425056e-11
m3,M3,s063,302088,m1,M1,S2D_noMMD,without_mmd,2,10,0.25,102059,144.697,60.5410000000002,205.238,628.696,234.156,862.8520000000001,112032089,,4,24000,1.00059023444158,6462.90831644783,0.26928784651866,0,0,0.967806649583364,True,True,,,,,,,,,,,2048,-335.7390925893021,-335.739755433468,0.0016457023961521,1390.8697136631292,0.0006628441659017881,0.0006628441659017881,0.0002831097923669674,0.00027539871953766084,7.711072829306585e-06,7.711072829306585e-06
m3,M3,s063,302088,m2,M2,S2D_noMMD,without_mmd,2,10,0.25,202059,176.16,62.9690000000001,239.129,628.696,234.156,862.8520000000001,112032090,,4,24000,1.00044687079283,7878.51624222507,0.328271510092711,0,0,0.982066573222076,True,True,,,,,,,,,,,2048,-346.33804482801895,-346.33621545815,0.001438449650896,1660.9597099520524,-0.001829369868971753,0.001829369868971753,7.061361087812641e-09,6.886170955361164e-09,1.7519013245147677e-10,1.7519013245147677e-10
m3,M3,s063,302088,m3,M3,S2D_noMMD,without_mmd,2,14,0.25,302059,194.435,61.8339999999998,256.269,628.696,234.156,862.8520000000001,112032091,122032088.0,4,24000,1.0007992688252,6252.15129814988,0.260506304089578,0,0,0.986575074838534,True,True,2048.0,1024.0,1024.0,log_alpha+log_nu+logit_tau,rbf,median_positive_squared_distance_full_mcmc,biased,0.3503191186840322,0.0053166206466526145,0.07291516060911211,2048,-327.5696999710906,-327.542740257329,0.00115854562265,1454.0637749261878,-0.02695971376158468,0.02695971376158468,0.9997168816333509,0.9997245929261513,-7.71129280041638e-06,7.71129280041638e-06
m3,M3,s064,302089,m0,M0,S2D_noMMD,without_mmd,2,8,0.25,2060,72.8109999999997,47.6880000000001,120.499,454.5329999999996,233.0140000000001,687.5469999999997,112032089,,4,24000,1.00001771572713,15314.2287220434,0.638092863418476,0,0,0.991989939596473,True,True,,,,,,,,,,,2048,-251.39160533605056,-250.870059258197,0.0002947536036846,7.151770978719199,-0.5215460778535714,0.5215460778535714,1.8538293945177153e-103,2.979363450332628e-103,-1.1255340558149126e-103,1.1255340558149126e-103
m3,M3,s064,302089,m1,M1,S2D_noMMD,without_mmd,2,10,0.25,102060,98.3969999999999,60.4390000000003,158.836,454.5329999999996,233.0140000000001,687.5469999999997,112032090,,4,24000,1.00031869964796,13063.6935704569,0.544320565435703,0,0,0.991169088905641,True,True,,,,,,,,,,,2048,-62.206208770663864,-62.1997777103093,0.0004853298890063,345.8253543299817,-0.006431060354564977,0.006431060354564977,2.693044619981254e-21,2.585744806602076e-21,1.072998133791778e-22,1.072998133791778e-22
m3,M3,s064,302089,m2,M2,S2D_noMMD,without_mmd,2,10,0.25,202060,111.121,63.3969999999999,174.518,454.5329999999996,233.0140000000001,687.5469999999997,112032091,,4,24000,1.00015164767018,13276.2497373047,0.553177072387695,0,0,0.980009768432961,True,True,,,,,,,,,,,2048,-158.99850170000775,-158.692021872001,0.0006365210903612,16.76784541004011,-0.30647982800675777,0.30647982800675777,2.476765212499187e-63,3.2102324115186783e-63,-7.334671990194915e-64,7.334671990194915e-64
m3,M3,s064,302089,m3,M3,S2D_noMMD,without_mmd,2,14,0.25,302060,172.204,61.4899999999998,233.694,454.5329999999996,233.0140000000001,687.5469999999997,112032092,122032089.0,4,24000,1.00094010484487,8919.30953905041,0.371637897460434,0,0,0.952184946436139,True,True,2048.0,1024.0,1024.0,log_alpha+log_nu+logit_tau,rbf,median_positive_squared_distance_full_mcmc,biased,0.6227694638543992,0.04110034201242474,0.20273219283681795,2048,-14.842594200356423,-14.7955043502394,0.0009944233299198,783.9291521709331,-0.0470898501170236,0.0470898501170236,1.0,1.0,0.0,0.0
m3,M3,s065,302090,m0,M0,S2D_noMMD,without_mmd,2,8,0.25,2061,69.4870000000001,49.482,118.969,481.7870000000001,235.0000000000001,716.7870000000003,112032090,,4,24000,1.00029101683177,9248.98197070146,0.385374248779228,0,0,0.986782250360339,True,True,,,,,,,,,,,2048,-347.82365022760376,-347.811445671395,0.0005189035442491,1374.7412805166705,-0.012204556208757822,0.012204556208757822,2.19716095473728e-21,2.1763684404466255e-21,2.0792514290654573e-23,2.0792514290654573e-23
m3,M3,s065,302090,m1,M1,S2D_noMMD,without_mmd,2,10,0.25,102061,106.557,61.0360000000001,167.593,481.7870000000001,235.0000000000001,716.7870000000003,112032091,,4,24000,1.00009348467265,10868.1919079621,0.452841329498423,0,0,0.957880147316286,True,True,,,,,,,,,,,2048,-330.72135994345615,-330.702410549794,0.0007312446951188,1559.6704582996927,-0.018949393662126113,0.018949393662126113,5.878847181108293e-14,5.862622947230466e-14,1.6224233877826866e-16,1.6224233877826866e-16
m3,M3,s065,302090,m2,M2,S2D_noMMD,without_mmd,2,10,0.25,202061,135.341,63.6610000000001,199.002,481.7870000000001,235.0000000000001,716.7870000000003,112032092,,4,24000,1.00029449353606,9294.14169806127,0.387255904085886,0,0,0.986597630690361,True,True,,,,,,,,,,,2048,-331.0474369433509,-331.04620405023,0.0007902611848535,1570.9124069138877,-0.0012328931208571703,0.0012328931208571703,4.2430556640240214e-14,4.157041340136532e-14,8.601432388748966e-16,8.601432388748966e-16
m3,M3,s065,302090,m3,M3,S2D_noMMD,without_mmd,2,14,0.25,302061,170.402,60.8209999999999,231.223,481.7870000000001,235.0000000000001,716.7870000000003,112032093,122032090.0,4,24000,1.00049231278923,8625.47853361305,0.359394938900544,0,0,0.998660610356277,True,True,2048.0,1024.0,1024.0,log_alpha+log_nu+logit_tau,rbf,median_positive_squared_distance_full_mcmc,biased,0.4043671642544553,0.005957449361432943,0.07718451503658583,2048,-300.2565293265937,-300.234816353239,0.0005886928278788,1457.3698720351163,-0.021712973354681253,0.021712973354681253,0.9999999999998987,0.9999999999998999,-1.1102230246251565e-15,1.1102230246251565e-15
m3,M3,s066,302091,m0,M0,S2D_noMMD,without_mmd,2,8,0.25,2062,104.805,49.1169999999993,153.922,573.848,236.0329999999995,809.8809999999994,112032091,,4,24000,1.00041421360208,6850.51784021403,0.285438243342251,0,0,0.957249340103737,True,True,,,,,,,,,,,2048,-510.6708491699461,-510.676923753514,0.0011815328379648,1681.3576118363555,0.006074583567908576,0.006074583567908576,5.412198364220147e-36,5.340489186694039e-36,7.170917752610757e-38,7.170917752610757e-38
m3,M3,s066,302091,m1,M1,S2D_noMMD,without_mmd,2,10,0.25,102062,145.406,62.1109999999999,207.517,573.848,236.0329999999995,809.8809999999994,112032092,,4,24000,1.00011368332712,5683.46636925813,0.236811098719089,0,0,0.961038728620002,True,True,,,,,,,,,,,2048,-450.6389803173176,-450.644177323303,0.0016966705264549,741.8369518921565,0.0051970059853942985,0.0051970059853942985,6.380916870139797e-10,6.301900591789462e-10,7.901627835033486e-12,7.901627835033486e-12
m3,M3,s066,302091,m2,M2,S2D_noMMD,without_mmd,2,10,0.25,202062,131.414,62.8310000000001,194.245,573.848,236.0329999999995,809.8809999999994,112032093,,4,24000,1.00047446593024,7604.01778231373,0.316834074263072,0,0,0.953057171927872,True,True,,,,,,,,,,,2048,-511.98824028241245,-511.963934207331,0.001808101990845,1428.4870351199686,-0.02430607508142657,0.02430607508142657,1.4495660703758693e-36,1.4744820903617435e-36,-2.4916019985874277e-38,2.4916019985874277e-38
m3,M3,s066,302091,m3,M3,S2D_noMMD,without_mmd,2,14,0.25,302062,192.223,61.9740000000002,254.197,573.848,236.0329999999995,809.8809999999994,112032094,122032091.0,4,24000,1.00021289341878,6436.41695067979,0.268184039611658,0,0,0.941358038913862,True,True,2048.0,1024.0,1024.0,log_alpha+log_nu+logit_tau,rbf,median_positive_squared_distance_full_mcmc,biased,0.28454489386563164,0.017948329228883564,0.13397137466221493,2048,-429.4664411850999,-429.45917766313,0.0008050576598178,1557.8279527481004,-0.0072635219698895526,0.0072635219698895526,0.9999999993619084,0.9999999993698099,-7.901457266257239e-12,7.901457266257239e-12
m3,M3,s067,302092,m0,M0,S2D_noMMD,without_mmd,2,8,0.25,2063,84.442,49.2340000000004,133.676,531.3220000000003,236.888,768.2100000000004,112032092,,4,24000,1.00048732022885,11879.2691127238,0.494969546363493,0,0,0.966027174580513,True,True,,,,,,,,,,,2048,-92.01886161113133,-92.1172633034802,0.0003906144763583,135.62820989094757,0.09840169234887242,0.09840169234887242,1.2814058726229687e-26,9.060720084586991e-27,3.753338641642696e-27,3.753338641642696e-27
m3,M3,s067,302092,m1,M1,S2D_noMMD,without_mmd,2,10,0.25,102063,94.6620000000003,60.1080000000002,154.77,531.3220000000003,236.888,768.2100000000004,112032093,,4,24000,1.00067281114898,11414.0469065646,0.475585287773527,0,0,0.981311821267294,True,True,,,,,,,,,,,2048,-91.50753433565076,-91.3884603890771,0.0006722362386241,22.974047808428132,-0.1190739465736641,0.1190739465736641,2.1367480888979072e-26,1.8779230731639976e-26,2.5882501573390957e-27,2.5882501573390957e-27
m3,M3,s067,302092,m2,M2,S2D_noMMD,without_mmd,2,10,0.25,202063,167.772,65.183,232.955,531.3220000000003,236.888,768.2100000000004,112032094,,4,24000,1.00037964172038,7899.75256331055,0.329156356804606,0,0,0.9522242472475,True,True,,,,,,,,,,,2048,-32.602712854200945,-32.3524332070574,0.0013215380868084,1314.707350665195,-0.2502796471435431,0.2502796471435431,0.8161918448004967,0.8178970402349042,-0.0017051954344075027,0.0017051954344075027
m3,M3,s067,302092,m3,M3,S2D_noMMD,without_mmd,2,14,0.25,302063,184.446,62.3629999999994,246.808999999999,531.3220000000003,236.888,768.2100000000004,112032095,122032092.0,4,24000,1.00046713931592,8233.61925737624,0.343067469057343,0,0,0.966931803555194,True,True,2048.0,1024.0,1024.0,log_alpha+log_nu+logit_tau,rbf,median_positive_squared_distance_full_mcmc,biased,0.5474176506607233,0.03139128499836019,0.1771758589604131,2048,-34.09346970655271,-33.8545974279381,0.001291360160101,508.2671822603852,-0.23887227861460758,0.23887227861460758,0.1838081551995034,0.18210295976509572,0.0017051954344076692,0.0017051954344076692
m3,M3,s068,302093,m0,M0,S2D_noMMD,without_mmd,2,8,0.25,2064,73.9159999999993,48.2460000000001,122.161999999999,440.4019999999993,232.9819999999991,673.3839999999984,112032093,,4,24000,1.00027453556835,14729.4911692345,0.613728798718102,0,0,1.00567050904134,True,True,,,,,,,,,,,2048,-122.94303006182965,-122.791381265709,0.0006895794131565,8.285410926452135,-0.15164879612063942,0.15164879612063942,1.5053602308496183e-80,1.6228728198892181e-80,-1.175125890395998e-81,1.175125890395998e-81
m3,M3,s068,302093,m1,M1,S2D_noMMD,without_mmd,2,10,0.25,102064,104.633,59.5390000000007,164.172,440.4019999999993,232.9819999999991,673.3839999999984,112032094,,4,24000,1.00021453740648,13362.1609576732,0.556756706569717,0,0,0.960189726277104,True,True,,,,,,,,,,,2048,-64.78915270168359,-64.8384354532813,0.000405914002582,651.8758230106977,0.049282751597715446,0.049282751597715446,2.7136165375034174e-55,2.392924868121069e-55,3.2069166938234835e-56,3.2069166938234835e-56
m3,M3,s068,302093,m2,M2,S2D_noMMD,without_mmd,2,10,0.25,202064,116.056,63.5069999999996,179.563,440.4019999999993,232.9819999999991,673.3839999999984,112032095,,4,24000,1.0005782895956,11725.2743378685,0.488553097411188,0,0,0.966139884359148,True,True,,,,,,,,,,,2048,-65.46270916007664,-65.4850558007423,0.0006435474865077,279.4004747661263,0.022346640665659834,0.022346640665659834,1.3836512002724814e-55,1.2534453809721505e-55,1.3020581930033093e-56,1.3020581930033093e-56
m3,M3,s068,302093,m3,M3,S2D_noMMD,without_mmd,2,14,0.25,302064,145.797,61.6899999999987,207.486999999999,440.4019999999993,232.9819999999991,673.3839999999984,112032096,122032093.0,4,24000,1.0002246904382,11188.1258794034,0.46617191164181,0,0,0.923664769483058,True,True,2048.0,1024.0,1024.0,log_alpha+log_nu+logit_tau,rbf,median_positive_squared_distance_full_mcmc,biased,0.4739812583543137,0.007766885668184287,0.08812993627697847,2048,60.85474515208801,60.9312282494806,0.000859626963353,1013.0233409021546,-0.07648309739258963,0.07648309739258963,1.0,1.0,0.0,0.0
m3,M3,s069,302094,m0,M0,S2D_noMMD,without_mmd,2,8,0.25,2065,99.9409999999998,49.5619999999999,149.503,544.2279999999998,234.3860000000004,778.6140000000003,112032094,,4,24000,1.00066584395876,7521.66771637376,0.313402821515573,0,0,0.984060781250768,True,True,,,,,,,,,,,2048,-397.75348428736714,-397.740583155616,0.0009211116673797,705.2976065710758,-0.01290113175116403,0.01290113175116403,9.756339926743855e-30,8.994641011010047e-30,7.616989157338074e-31,7.616989157338074e-31
m3,M3,s069,302094,m1,M1,S2D_noMMD,without_mmd,2,10,0.25,102065,129.462,60.5570000000007,190.019,544.2279999999998,234.3860000000004,778.6140000000003,112032095,,4,24000,1.00109827957024,7225.5457490362,0.301064406209842,0,0,0.954305324609972,True,True,,,,,,,,,,,2048,-376.53318266736585,-376.566299254494,0.0014080969648103,140.6874128949445,0.03311658712817689,0.03311658712817689,1.603787489216204e-20,1.4120773640162483e-20,1.917101251999557e-21,1.917101251999557e-21
m3,M3,s069,302094,m2,M2,S2D_noMMD,without_mmd,2,10,0.25,202065,147.785999999999,63.773000000001,211.559,544.2279999999998,234.3860000000004,778.6140000000003,112032096,,4,24000,1.00041346947393,7520.04295938309,0.313335123307629,0,0,0.97316519301417,True,True,,,,,,,,,,,2048,-384.5732598106232,-384.530240568962,0.0012254448577618,1236.6263259991272,-0.04301924166122717,0.04301924166122717,5.168751868897094e-24,4.910918470224181e-24,2.578333986729129e-25,2.578333986729129e-25
m3,M3,s069,302094,m3,M3,S2D_noMMD,without_mmd,2,14,0.25,302065,167.039000000001,60.4939999999988,227.532999999999,544.2279999999998,234.3860000000004,778.6140000000003,112032097,122032094.0,4,24000,1.00052268913659,7664.77471420124,0.319365613091718,0,0,0.970629724182683,True,True,2048.0,1024.0,1024.0,log_alpha+log_nu+logit_tau,rbf,median_positive_squared_distance_full_mcmc,biased,0.2732005830871287,0.04709251298329198,0.21700809428058665,2048,-330.9538488201321,-330.859659322563,0.0009831477409736,569.6539804499401,-0.09418949756911843,0.09418949756911843,1.0,1.0,0.0,0.0
m3,M3,s070,302095,m0,M0,S2D_noMMD,without_mmd,2,8,0.25,2066,76.9009999999998,48.3540000000003,125.255,475.91599999999977,232.4249999999983,708.3409999999981,112032095,,4,24000,1.00020772363529,13523.538430716,0.563480767946502,0,0,0.95364300458438,True,True,,,,,,,,,,,2048,-584.0542606387936,-584.067719235652,0.0004500546907561,1074.8967667351078,0.01345859685841333,0.01345859685841333,2.2747671705083624e-60,1.9039510171409245e-60,3.7081615336743795e-61,3.7081615336743795e-61
m3,M3,s070,302095,m1,M1,S2D_noMMD,without_mmd,2,10,0.25,102066,111.752,60.3999999999996,172.152,475.91599999999977,232.4249999999983,708.3409999999981,112032096,,4,24000,1.00056337357988,12385.6218745522,0.516067578106343,0,0,0.989213940025562,True,True,,,,,,,,,,,2048,-536.755918173953,-536.707098191827,0.0004778040885667,515.7636609736662,-0.04881998212601957,0.04881998212601957,7.913089677465114e-40,7.048750687616944e-40,8.643389898481701e-41,8.643389898481701e-41
m3,M3,s070,302095,m2,M2,S2D_noMMD,without_mmd,2,10,0.25,202066,120.413,62.9519999999993,183.365,475.91599999999977,232.4249999999983,708.3409999999981,112032097,,4,24000,1.00037449541532,10297.8763372127,0.429078180717195,0,0,0.947674638190234,True,True,,,,,,,,,,,2048,-501.5825487543023,-501.515066152058,0.0007252625678217,1022.4798364808106,-0.06748260224429714,0.06748260224429714,1.4926099639179413e-24,1.35461996391195e-24,1.379900000059914e-25,1.379900000059914e-25
m3,M3,s070,302095,m3,M3,S2D_noMMD,without_mmd,2,14,0.25,302066,166.85,60.7189999999991,227.569,475.91599999999977,232.4249999999983,708.3409999999981,112032098,122032095.0,4,24000,1.00053874336309,9977.24032826435,0.415718347011015,0,0,0.943171616232853,True,True,2048.0,1024.0,1024.0,log_alpha+log_nu+logit_tau,rbf,median_positive_squared_distance_full_mcmc,biased,0.3428026271399971,0.003137789601298513,0.0560159763040734,2048,-446.72103276368273,-446.556544865756,0.0010341320342835,1232.6407153060964,-0.16448789792673324,0.16448789792673324,1.0,1.0,0.0,0.0
m3,M3,s071,302096,m0,M0,S2D_noMMD,without_mmd,2,8,0.25,2067,69.8119999999999,48.9539999999997,118.766,424.22300000000087,235.8309999999992,660.0540000000001,112032096,,4,24000,1.00021735813147,8408.62252532457,0.350359271888524,0,0,0.975961234800215,True,True,,,,,,,,,,,2048,-356.6185379553163,-356.63845641158,0.0005502032311717,1359.1566083770958,0.019918456263724238,0.019918456263724238,4.3937094503236424e-75,3.5985049312462944e-75,7.95204519077348e-76,7.95204519077348e-76
m3,M3,s071,302096,m1,M1,S2D_noMMD,without_mmd,2,10,0.25,102067,110.262000000001,60.9469999999992,171.209,424.22300000000087,235.8309999999992,660.0540000000001,112032097,,4,24000,1.0008132507374,8932.10454918779,0.372171022882824,0,0,0.95903904073471,True,True,,,,,,,,,,,2048,-357.46794197306673,-356.289749315029,0.0007206757682605,2.752681446477005,-1.1781926580377444,1.1781926580377444,1.8790565764287303e-75,5.099923598222812e-75,-3.220867021794082e-75,3.220867021794082e-75
m3,M3,s071,302096,m2,M2,S2D_noMMD,without_mmd,2,10,0.25,202067,109.187,63.5869999999995,172.773999999999,424.22300000000087,235.8309999999992,660.0540000000001,112032098,,4,24000,0.999981633681322,10678.7875399707,0.444949480832114,0,0,0.971704264749577,True,True,,,,,,,,,,,2048,-354.88922587008517,-354.929901386701,0.0006041274001326,467.4830205049184,0.04067551661580637,0.04067551661580637,2.476635138318526e-74,1.9867266684865605e-74,4.899084698319655e-75,4.899084698319655e-75
m3,M3,s071,302096,m3,M3,S2D_noMMD,without_mmd,2,14,0.25,302067,134.962,62.3430000000008,197.305,424.22300000000087,235.8309999999992,660.0540000000001,112032099,122032096.0,4,24000,1.00020610370791,10017.3876444947,0.417391151853947,0,0,0.954243472014521,True,True,2048.0,1024.0,1024.0,log_alpha+log_nu+logit_tau,rbf,median_positive_squared_distance_full_mcmc,biased,0.38328202059942584,0.018824520066579087,0.1372024783543617,2048,-185.4048298283523,-185.225092899353,0.0012104985809546,957.5523044022526,-0.17973692899929006,0.17973692899929006,1.0,1.0,0.0,0.0
m3,M3,s072,302097,m0,M0,S2D_noMMD,without_mmd,2,8,0.25,2068,85.9549999999999,49.7870000000003,135.742,471.91899999999987,233.8849999999993,705.8039999999992,112032097,,4,24000,1.00007079424536,9168.75068384045,0.382031278493352,0,0,0.968496718933036,True,True,,,,,,,,,,,2048,-133.936571581551,-133.934018417235,0.0006698438595641,788.9129972137889,-0.0025531643159979467,0.0025531643159979467,4.4858569953850666e-30,4.128564490751184e-30,3.572925046338823e-31,3.572925046338823e-31
m3,M3,s072,302097,m1,M1,S2D_noMMD,without_mmd,2,10,0.25,102068,107.935,60.2609999999995,168.196,471.91899999999987,233.8849999999993,705.8039999999992,112032098,,4,24000,1.00078194929053,9650.67354346051,0.402111397644188,0,0,0.916673578437702,True,True,,,,,,,,,,,2048,-135.7142747620676,-135.71692718738,0.0009869025893492,1204.1596342462444,0.002652425312419382,0.002652425312419382,7.582261227100171e-31,6.942112260199391e-31,6.401489669007794e-32,6.401489669007794e-32
m3,M3,s072,302097,m2,M2,S2D_noMMD,without_mmd,2,10,0.25,202068,138.653,63.0259999999998,201.679,471.91899999999987,233.8849999999993,705.8039999999992,112032099,,4,24000,1.00025244440752,8522.21640055517,0.355092350023132,0,0,0.976683293144079,True,True,,,,,,,,,,,2048,-102.70309118199354,-102.739089902381,0.0008603581976891,954.6124258055322,0.035998720387453886,0.035998720387453886,1.6457869440223998e-16,1.4574188768102236e-16,1.8836806721217616e-17,1.8836806721217616e-17
m3,M3,s072,302097,m3,M3,S2D_noMMD,without_mmd,2,14,0.25,302068,139.376,60.8109999999997,200.187,471.91899999999987,233.8849999999993,705.8039999999992,112032100,122032097.0,4,24000,1.00035873832593,7959.68234924645,0.331653431218602,0,0,0.963756227118797,True,True,2048.0,1024.0,1024.0,log_alpha+log_nu+logit_tau,rbf,median_positive_squared_distance_full_mcmc,biased,0.3849948402783754,0.007339152291007123,0.08566885251365938,2048,-66.35994834934027,-66.2743953930344,0.0009168151606189,1319.3599168928088,-0.08555295630587523,0.08555295630587523,0.9999999999999998,0.9999999999999998,0.0,0.0
m3,M3,s073,302098,m0,M0,S2D_noMMD,without_mmd,2,8,0.25,2069,86.1110000000008,49.0349999999999,135.146000000001,465.5720000000032,234.41299999999768,699.9850000000008,112032098,,4,24000,1.0001838639729,10705.0983333026,0.446045763887607,0,0,0.973759789249753,True,True,,,,,,,,,,,2048,-229.78713606448244,-229.818322911026,0.0003154980968061,945.9339584829867,0.031186846543562297,0.031186846543562297,9.570908128433819e-20,8.744232656596026e-20,8.26675471837793e-21,8.26675471837793e-21
m3,M3,s073,302098,m1,M1,S2D_noMMD,without_mmd,2,10,0.25,102069,92.0600000000004,60.8759999999993,152.936,465.5720000000032,234.41299999999768,699.9850000000008,112032099,,4,24000,1.00017913709094,12678.3106598818,0.528262944161743,0,0,0.996356083318976,True,True,,,,,,,,,,,2048,-232.4080108278817,-232.413775385345,0.0005436470252499,977.2146417445804,0.005764557463294295,0.005764557463294295,6.961802521643964e-21,6.5242563460898276e-21,4.375461755541366e-22,4.375461755541366e-22
m3,M3,s073,302098,m2,M2,S2D_noMMD,without_mmd,2,10,0.25,202069,125.584000000001,63.0989999999983,188.682999999999,465.5720000000032,234.41299999999768,699.9850000000008,112032100,,4,24000,1.00040339471749,9141.23947883052,0.380884978284605,0,0,0.973142860348208,True,True,,,,,,,,,,,2048,-215.15210156226843,-215.175457646504,0.0015088262753288,1629.491872666465,0.023356084235558683,0.023356084235558683,2.1720402766383588e-13,2.0000335824708703e-13,1.7200669416748847e-14,1.7200669416748847e-14
m3,M3,s073,302098,m3,M3,S2D_noMMD,without_mmd,2,14,0.25,302069,161.817000000001,61.4030000000002,223.220000000001,465.5720000000032,234.41299999999768,699.9850000000008,112032101,122032098.0,4,24000,1.00007377187621,8161.88140951505,0.340078392063127,0,0,0.959408784133065,True,True,2048.0,1024.0,1024.0,log_alpha+log_nu+logit_tau,rbf,median_positive_squared_distance_full_mcmc,biased,0.42880846059074296,0.015200429189969,0.12329002064226043,2048,-185.9941622988178,-185.935015409236,0.0014936356239333,1477.4583350663747,-0.05914688958179681,0.05914688958179681,0.9999999999997828,0.9999999999997999,-1.709743457922741e-14,1.709743457922741e-14
m3,M3,s074,302099,m0,M0,S2D_noMMD,without_mmd,2,8,0.25,2070,118.032,49.96,167.992,610.259999999997,239.9540000000007,850.2139999999977,112032099,,4,24000,1.00055581223839,7308.05037777134,0.304502099073806,0,0,0.976387447290832,True,True,,,,,,,,,,,2048,-131.16491834252616,-131.065265829038,0.0010456420891135,97.27327180844652,-0.0996525134881665,0.0996525134881665,2.111591571104456e-20,2.1914648501903113e-20,-7.987327908585539e-22,7.987327908585539e-22
m3,M3,s074,302099,m1,M1,S2D_noMMD,without_mmd,2,10,0.25,102070,143.969999999999,62.2899999999991,206.259999999998,610.259999999997,239.9540000000007,850.2139999999977,112032100,,4,24000,1.00025222431879,6883.11466762293,0.286796444484289,0,0,0.95601686487307,True,True,,,,,,,,,,,2048,-133.47568617439492,-133.46680590155,0.0017537562743822,173.23956135618832,-0.008880272844919546,0.008880272844919546,2.094383469386613e-21,1.9849926712650934e-21,1.0939079812151972e-22,1.0939079812151972e-22
m3,M3,s074,302099,m2,M2,S2D_noMMD,without_mmd,2,10,0.25,202070,162.948999999999,64.2850000000017,227.234,610.259999999997,239.9540000000007,850.2139999999977,112032101,,4,24000,1.00019341755093,7765.07731029151,0.323544887928813,0,0,0.984850119634787,True,True,,,,,,,,,,,2048,-86.93622065788838,-86.8460682901976,0.0005722871023226,1405.9158358271657,-0.09015236769077717,0.09015236769077717,0.3411059271972812,0.3506614259589989,-0.009555498761717685,0.009555498761717685
m3,M3,s074,302099,m3,M3,S2D_noMMD,without_mmd,2,14,0.25,302070,185.308999999999,63.4189999999999,248.727999999999,610.259999999997,239.9540000000007,850.2139999999977,112032102,122032099.0,4,24000,1.00044437074182,7223.29387927879,0.300970578303283,0,0,0.99949365867255,True,True,2048.0,1024.0,1024.0,log_alpha+log_nu+logit_tau,rbf,median_positive_squared_distance_full_mcmc,biased,0.25034604678190386,0.02558457599462538,0.1599517927208863,2048,-86.2778509415917,-86.2299351833248,0.0008588760225664,928.8607814272544,-0.04791575826689609,0.04791575826689609,0.6588940728027188,0.649338574041001,0.009555498761717796,0.009555498761717796
m3,M3,s075,302100,m0,M0,S2D_noMMD,without_mmd,2,8,0.25,2071,80.085,48.643,128.728,433.17299999999807,235.2430000000004,668.4159999999985,112032100,,4,24000,1.00059465766207,10935.7785565924,0.455657439858017,0,0,0.946745684735953,True,True,,,,,,,,,,,2048,-324.186041698626,-324.179827891667,0.0007897059726884,523.3126501653787,-0.006213806959010526,0.006213806959010526,3.6078283675992687e-40,3.5761395100822247e-40,3.168885751704396e-42,3.168885751704396e-42
m3,M3,s075,302100,m1,M1,S2D_noMMD,without_mmd,2,10,0.25,102071,93.4509999999991,60.6139999999996,154.064999999999,433.17299999999807,235.2430000000004,668.4159999999985,112032101,,4,24000,1.00006912008169,12072.5696011294,0.503023733380392,0,0,0.972403808920119,True,True,,,,,,,,,,,2048,-281.5907042168312,-281.584967071355,0.00065441281183,1702.203636599237,-0.005737145476246042,0.005737145476246042,1.1380619206250784e-21,1.127528334957881e-21,1.0533585667197388e-23,1.0533585667197388e-23
m3,M3,s075,302100,m2,M2,S2D_noMMD,without_mmd,2,10,0.25,202071,117.141,63.0010000000002,180.142,433.17299999999807,235.2430000000004,668.4159999999985,112032102,,4,24000,1.00014986984949,12082.4242305543,0.503434342939763,0,0,0.970168886586636,True,True,,,,,,,,,,,2048,-308.35755161652094,-308.340632980381,0.0005751399470117,1095.7369509216428,-0.016918636139962473,0.016918636139962473,2.7006715444731557e-33,2.7057608002158795e-33,-5.0892557427237767e-36,5.0892557427237767e-36
m3,M3,s075,302100,m3,M3,S2D_noMMD,without_mmd,2,14,0.25,302071,142.495999999999,62.9850000000006,205.481,433.17299999999807,235.2430000000004,668.4159999999985,112032103,122032100.0,4,24000,1.00076825992745,10575.572959557,0.440648873314876,0,0,0.97263086210623,True,True,2048.0,1024.0,1024.0,log_alpha+log_nu+logit_tau,rbf,median_positive_squared_distance_full_mcmc,biased,0.506660897659513,0.012744121102898243,0.11288986271095489,2048,-233.36574400997722,-233.350708041342,0.0008337372809419,1663.5197873624156,-0.015035968635231711,0.015035968635231711,1.0,1.0,0.0,0.0
m3,M3,s076,302101,m0,M0,S2D_noMMD,without_mmd,2,8,0.25,2072,116.347000000001,49.0119999999997,165.359,562.982000000002,234.10699999999912,797.0890000000011,112032101,,4,24000,1.00089598943847,6738.23922774668,0.280759967822778,0,0,0.95625589424854,True,True,,,,,,,,,,,2048,-379.45092576456597,-379.446916852989,0.0008044868672876,1760.7582846528514,-0.004008911576988794,0.004008911576988794,0.00015631076185062948,0.00016035095793482618,-4.040196084196699e-06,4.040196084196699e-06
m3,M3,s076,302101,m1,M1,S2D_noMMD,without_mmd,2,10,0.25,102072,131.403,60.6059999999998,192.009,562.982000000002,234.10699999999912,797.0890000000011,112032102,,4,24000,1.00090559952489,6176.65052740605,0.257360438641919,0,0,0.923069954531049,True,True,,,,,,,,,,,2048,-373.3357804948854,-373.326769139762,0.0010181181691542,1504.6580974272554,-0.00901135512339124,0.00901135512339124,0.07075591091719746,0.0729487641952911,-0.00219285327809364,0.00219285327809364
m3,M3,s076,302101,m2,M2,S2D_noMMD,without_mmd,2,10,0.25,202072,153.064,62.991,216.055,562.982000000002,234.10699999999912,797.0890000000011,112032103,,4,24000,1.00015264442347,6770.12591560763,0.282088579816985,0,0,0.961294499246365,True,True,,,,,,,,,,,2048,-380.9967255928524,-380.997474473166,0.0011879165644701,1734.3924463478997,0.0007488803136084243,0.0007488803136084243,3.3316283137509367e-05,3.4015193075530504e-05,-6.989099380211373e-07,6.989099380211373e-07
m3,M3,s076,302101,m3,M3,S2D_noMMD,without_mmd,2,14,0.25,302072,162.168000000001,61.4979999999996,223.666000000001,562.982000000002,234.10699999999912,797.0890000000011,112032104,122032101.0,4,24000,1.00047451436428,6568.98589947188,0.273707745811328,0,0,0.951548551998744,True,True,2048.0,1024.0,1024.0,log_alpha+log_nu+logit_tau,rbf,median_positive_squared_distance_full_mcmc,biased,0.29169348640179615,0.0058060733982814305,0.07619759443894164,2048,-370.7608492129883,-370.784727322176,0.0010479345053455,1448.2759879352416,0.02387810918770583,0.02387810918770583,0.9290544620378144,0.9268568696536985,0.002197592384115876,0.002197592384115876
m3,M3,s077,302102,m0,M0,S2D_noMMD,without_mmd,2,8,0.25,2073,69.3900000000003,49.5169999999998,118.907,525.4719999999993,236.70900000000069,762.181,112032102,,4,24000,1.00035807361691,7761.0303279834,0.323376263665975,0,0,0.985226935529342,True,True,,,,,,,,,,,2048,-365.5568730089805,-365.536626574357,0.0005519380625101,1144.1165804755221,-0.020246434623516052,0.020246434623516052,2.3706123641552687e-75,2.522351519117422e-75,-1.517391549621534e-76,1.517391549621534e-76
m3,M3,s077,302102,m1,M1,S2D_noMMD,without_mmd,2,10,0.25,102073,130.383,60.9670000000006,191.35,525.4719999999993,236.70900000000069,762.181,112032103,,4,24000,1.00052098176944,6643.88330621445,0.276828471092269,0,0,0.964610075392751,True,True,,,,,,,,,,,2048,-285.1877016214954,-285.103947959048,0.0005623521692471,144.32437069032346,-0.0837536624474069,0.0837536624474069,1.8999763447549155e-40,2.1541408561873614e-40,-2.5416451143244593e-41,2.5416451143244593e-41
m3,M3,s077,302102,m2,M2,S2D_noMMD,without_mmd,2,10,0.25,202073,133.444,63.9619999999995,197.405999999999,525.4719999999993,236.70900000000069,762.181,112032104,,4,24000,1.00033280820279,9135.83832989758,0.380659930412399,0,0,0.95853323032562,True,True,,,,,,,,,,,2048,-347.96732762101607,-347.930205780666,0.0009154721992172,283.86979680034676,-0.037121840350096136,0.037121840350096136,1.0325308736895384e-67,1.1173185452009162e-67,-8.478767151137782e-69,8.478767151137782e-69
m3,M3,s077,302102,m3,M3,S2D_noMMD,without_mmd,2,14,0.25,302073,192.254999999999,62.2630000000008,254.518,525.4719999999993,236.70900000000069,762.181,112032105,122032102.0,4,24000,1.00049642310901,7937.0566785067,0.330710694937779,0,0,0.941413586222189,True,True,2048.0,1024.0,1024.0,log_alpha+log_nu+logit_tau,rbf,median_positive_squared_distance_full_mcmc,biased,0.42261346666080013,0.0030546009164795773,0.05526844412935448,2048,-193.7261393376995,-193.767936208727,0.0008118636700556,129.04708133815527,0.041796871027514726,0.041796871027514726,1.0,1.0,0.0,0.0
m3,M3,s078,302103,m0,M0,S2D_noMMD,without_mmd,2,8,0.25,2074,63.4870000000001,48.835,112.322,460.7510000000012,233.3069999999997,694.0580000000009,112032103,,4,24000,1.00029954671533,13869.9465661885,0.577914440257853,0,0,0.959051623256331,True,True,,,,,,,,,,,2048,-649.7978166063888,-649.6858371146,0.0006380486623878,7.231684197373389,-0.11197949178881572,0.11197949178881572,5.451886060595703e-119,5.254904760092196e-119,1.969813005035067e-120,1.969813005035067e-120
m3,M3,s078,302103,m1,M1,S2D_noMMD,without_mmd,2,10,0.25,102074,98.5410000000011,60.5779999999995,159.119000000001,460.7510000000012,233.3069999999997,694.0580000000009,112032104,,4,24000,1.00029996277837,7593.12169417177,0.31638007059049,0,0,0.985645004449322,True,True,,,,,,,,,,,2048,-446.6251619761078,-446.697584730962,0.0006430397709584,197.22577502890366,0.07242275485418759,0.07242275485418759,9.403933524295246e-31,7.537767726195782e-31,1.8661657980994632e-31,1.8661657980994632e-31
m3,M3,s078,302103,m2,M2,S2D_noMMD,without_mmd,2,10,0.25,202074,108.144,62.389000000001,170.533000000001,460.7510000000012,233.3069999999997,694.0580000000009,112032105,,4,24000,1.00021849981608,11838.3047820102,0.493262699250424,0,0,0.986077507994447,True,True,,,,,,,,,,,2048,-548.210138670958,-547.96469445917,0.0003698441195715,127.56673323266531,-0.24544421178802622,0.24544421178802622,7.169926895437188e-75,7.897612070176872e-75,-7.276851747396843e-76,7.276851747396843e-76
m3,M3,s078,302103,m3,M3,S2D_noMMD,without_mmd,2,14,0.25,302074,190.579,61.5049999999992,252.083999999999,460.7510000000012,233.3069999999997,694.0580000000009,112032106,122032103.0,4,24000,1.00048597073706,9647.9028630097,0.401995952625404,0,0,0.942703789934024,True,True,2048.0,1024.0,1024.0,log_alpha+log_nu+logit_tau,rbf,median_positive_squared_distance_full_mcmc,biased,0.24944498668752146,0.24271046669133545,0.49265654029083533,2048,-377.48615215506976,-377.337372928799,0.0009928136286868,228.3093548384879,-0.14877922627073303,0.14877922627073303,1.0,1.0,0.0,0.0
m3,M3,s079,302104,m0,M0,S2D_noMMD,without_mmd,2,8,0.25,2075,107.295,49.5230000000001,156.818,594.908,236.3360000000002,831.2440000000003,112032104,,4,24000,1.0005315312494,7641.67643210113,0.318403184670881,0,0,0.940932781870833,True,True,,,,,,,,,,,2048,-236.73419038553826,-236.751097254175,0.000816358746136,1144.1366097134332,0.01690686863673818,0.01690686863673818,2.9785727060291362e-15,2.8030513185104573e-15,1.7552138751867893e-16,1.7552138751867893e-16
m3,M3,s079,302104,m1,M1,S2D_noMMD,without_mmd,2,10,0.25,102075,145.794,60.902,206.696,594.908,236.3360000000002,831.2440000000003,112032105,,4,24000,1.00055726029984,6572.5246433098,0.273855193471242,0,0,0.947498204754372,True,True,,,,,,,,,,,2048,-219.769108975356,-219.767024390862,0.0007358168892159,1327.8704664736067,-0.0020845844940140523,0.0020845844940140523,6.947834215174344e-08,6.663772681032552e-08,2.840615341417923e-09,2.840615341417923e-09
m3,M3,s079,302104,m2,M2,S2D_noMMD,without_mmd,2,10,0.25,202075,151.32,63.2800000000007,214.6,594.908,236.3360000000002,831.2440000000003,112032106,,4,24000,1.00002701694205,7148.54520188923,0.297856050078718,0,0,0.97538950278627,True,True,,,,,,,,,,,2048,-223.46863460901713,-223.437647876388,0.0009497233730281,1510.7564545378896,-0.030986732629116887,0.030986732629116887,1.7185646672051468e-09,1.6966358866414026e-09,2.1928780563744153e-11,2.1928780563744153e-11
m3,M3,s079,302104,m3,M3,S2D_noMMD,without_mmd,2,14,0.25,302075,190.499,62.6309999999994,253.129999999999,594.908,236.3360000000002,831.2440000000003,112032107,122032104.0,4,24000,1.00063906440173,6727.63784434021,0.280318243514175,0,0,0.958353172751302,True,True,2048.0,1024.0,1024.0,log_alpha+log_nu+logit_tau,rbf,median_positive_squared_distance_full_mcmc,biased,0.4275333297819277,0.009818685553874662,0.0990892807213508,2048,-203.28685828989657,-203.243029508037,0.0020364397165163,1366.2184806532869,-0.04382878185955974,0.04382878185955974,0.9999999288030903,0.9999999316656345,-2.862544201676087e-09,2.862544201676087e-09
m3,M3,s080,302105,m0,M0,S2D_noMMD,without_mmd,2,8,0.25,2076,75.6000000000004,49.1559999999999,124.756,450.6990000000005,236.3759999999992,687.0749999999997,112032105,,4,24000,1.00017900547773,13468.8653609315,0.561202723372147,0,0,0.97546143844958,True,True,,,,,,,,,,,2048,-490.0540003635001,-489.756726586732,0.0006330124108333,48.893146380540315,-0.2972737767681224,0.2972737767681224,3.123194488603225e-64,3.761025789576666e-64,-6.378313009734409e-65,6.378313009734409e-65
m3,M3,s080,302105,m1,M1,S2D_noMMD,without_mmd,2,10,0.25,102076,99.7060000000001,60.9569999999985,160.662999999999,450.6990000000005,236.3759999999992,687.0749999999997,112032106,,4,24000,1.00034149807715,14102.9234388901,0.587621809953756,0,0,0.957458103405216,True,True,,,,,,,,,,,2048,-426.760381311036,-426.707425311393,0.0003972372943583,355.93515042278085,-0.05295599964296116,0.05295599964296116,9.608786057049525e-37,9.062957494611906e-37,5.458285624376191e-38,5.458285624376191e-38
m3,M3,s080,302105,m2,M2,S2D_noMMD,without_mmd,2,10,0.25,202076,126.477999999999,63.3190000000013,189.797,450.6990000000005,236.3759999999992,687.0749999999997,112032107,,4,24000,1.0002343779743,10674.2284654938,0.444759519395576,0,0,0.975101843531297,True,True,,,,,,,,,,,2048,-390.17902956841243,-389.873932787571,0.0003710452197189,263.67483687072945,-0.30509678084143843,0.30509678084143843,7.408797525768347e-21,8.991921264923852e-21,-1.5831237391555051e-21,1.5831237391555051e-21
m3,M3,s080,302105,m3,M3,S2D_noMMD,without_mmd,2,14,0.25,302076,148.915000000001,62.9439999999995,211.859,450.6990000000005,236.3759999999992,687.0749999999997,112032108,122032105.0,4,24000,1.00032903185764,9886.18917872597,0.411924549113582,0,0,0.969924503845517,True,True,2048.0,1024.0,1024.0,log_alpha+log_nu+logit_tau,rbf,median_positive_squared_distance_full_mcmc,biased,0.4806284688370246,0.008045865964161125,0.08969875118507016,2048,-343.82741076445285,-343.715972371684,0.0006614638749191,1193.4708580925796,-0.11143839276883227,0.11143839276883227,1.0,1.0,0.0,0.0
m3,M3,s081,302106,m0,M0,S2D_noMMD,without_mmd,2,8,0.25,2077,125.983999999999,49.5950000000003,175.579,664.049999999998,235.0469999999996,899.0969999999976,112032106,,4,24000,1.00179277710124,5396.55590003468,0.224856495834778,0,0,0.943910159871354,True,True,,,,,,,,,,,2048,-123.34771261841051,-123.321722815449,0.0009466909113428,1538.164812804795,-0.02598980296151865,0.02598980296151865,0.12425068035092691,0.13013236720036714,-0.005881686849440224,0.005881686849440224
m3,M3,s081,302106,m1,M1,S2D_noMMD,without_mmd,2,10,0.25,102077,162.383,61.1139999999996,223.496999999999,664.049999999998,235.0469999999996,899.0969999999976,112032107,,4,24000,1.00089253575756,5507.922777123,0.229496782380125,0,0,0.961969405197636,True,True,,,,,,,,,,,2048,-121.42965490770568,-121.458021047494,0.0007370580256845,1231.266217441114,0.028366139788317923,0.028366139788317923,0.8458642208937158,0.8390362482288405,0.006827972664875337,0.006827972664875337
m3,M3,s081,302106,m2,M2,S2D_noMMD,without_mmd,2,10,0.25,202077,169.153,63.6409999999996,232.794,664.049999999998,235.0469999999996,899.0969999999976,112032108,,4,24000,1.00112139314002,6498.19343106869,0.270758059627862,0,0,0.974504970552095,True,True,,,,,,,,,,,2048,-125.47123912361207,-125.448361413044,0.0007415366773234,1515.1423904268813,-0.022877710568067755,0.022877710568067755,0.014861509795214358,0.015516648496905665,-0.000655138701691307,0.000655138701691307
m3,M3,s081,302106,m3,M3,S2D_noMMD,without_mmd,2,14,0.25,302077,206.529999999999,60.6970000000001,267.226999999999,664.049999999998,235.0469999999996,899.0969999999976,112032109,122032106.0,4,24000,1.0009149144072,4939.30082621541,0.205804201092309,0,0,0.947860040657436,True,True,2048.0,1024.0,1024.0,log_alpha+log_nu+logit_tau,rbf,median_positive_squared_distance_full_mcmc,biased,0.23081354642781338,0.0035120745834904543,0.059262758824496636,2048,-125.46039219582491,-125.461459450156,0.0010625548597234,1484.0126158375274,0.0010672543310903393,0.0010672543310903393,0.015023588960143117,0.015314736073886745,-0.00029114711374362764,0.00029114711374362764
m3,M3,s082,302107,m0,M0,S2D_noMMD,without_mmd,2,8,0.25,2078,113.196,49.2860000000001,162.482,589.9550000000011,235.4709999999996,825.4260000000006,112032107,,4,24000,1.00055699277182,6189.0036530283,0.257875152209513,0,0,0.988736137894079,True,True,,,,,,,,,,,2048,-102.28265577720809,-102.287195295258,0.0011204767506435,1772.5556334755308,0.00453951804990993,0.00453951804990993,1.6227902440626382e-41,1.5550806838311543e-41,6.7709560231483936e-43,6.7709560231483936e-43
m3,M3,s082,302107,m1,M1,S2D_noMMD,without_mmd,2,10,0.25,102078,159.767,60.875,220.642,589.9550000000011,235.4709999999996,825.4260000000006,112032108,,4,24000,1.00056392854961,5041.64496301845,0.210068540125769,0,0,0.911260342870359,True,True,,,,,,,,,,,2048,-36.20601676178561,-36.143899467116,0.0012227474177725,776.7877734384672,-0.06211729466961202,0.06211729466961202,8.072017508809988e-13,8.268396985003366e-13,-1.963794761933778e-14,1.963794761933778e-14
m3,M3,s082,302107,m2,M2,S2D_noMMD,without_mmd,2,10,0.25,202078,163.9,63.9179999999997,227.817999999999,589.9550000000011,235.4709999999996,825.4260000000006,112032109,,4,24000,1.00037078902208,7806.62400226713,0.325276000094464,0,0,0.975665024840254,True,True,,,,,,,,,,,2048,-99.79862653032373,-99.7905197882558,0.0011972818350847,1637.7610736585475,-0.008106742067923278,0.008106742067923278,1.9456404331786936e-40,1.888188388899375e-40,5.745204427931878e-42,5.745204427931878e-42
m3,M3,s082,302107,m3,M3,S2D_noMMD,without_mmd,2,14,0.25,302078,153.092000000001,61.3919999999998,214.484,589.9550000000011,235.4709999999996,825.4260000000006,112032110,122032107.0,4,24000,1.00080399236958,6082.75696834437,0.253448207014349,0,0,0.965905469654819,True,True,2048.0,1024.0,1024.0,log_alpha+log_nu+logit_tau,rbf,median_positive_squared_distance_full_mcmc,biased,0.34502108901666184,0.025732701747715803,0.16041415694294503,2048,-8.36081400499231,-8.32273391349623,0.0012490764043977,900.1979092359795,-0.038080091496080826,0.038080091496080826,0.9999999999991929,0.9999999999991731,1.9761969838327786e-14,1.9761969838327786e-14
m3,M3,s083,302108,m0,M0,S2D_noMMD,without_mmd,2,8,0.25,2079,66.6170000000002,48.8249999999998,115.442,531.5149999999992,236.1999999999998,767.714999999999,112032108,,4,24000,1.00039564297602,12420.1616476679,0.517506735319495,0,0,0.993903055884869,True,True,,,,,,,,,,,2048,-107.72217266007624,-107.731379598216,0.0003740684062238,125.35350219686012,0.009206938139755039,0.009206938139755039,7.743830352472144e-79,6.536532910437619e-79,1.2072974420345245e-79,1.2072974420345245e-79
m3,M3,s083,302108,m1,M1,S2D_noMMD,without_mmd,2,10,0.25,102079,111.963,60.3539999999994,172.316999999999,531.5149999999992,236.1999999999998,767.714999999999,112032109,,4,24000,1.0010974519535,8783.91132087046,0.365996305036269,0,0,1.00257980519222,True,True,,,,,,,,,,,2048,-6.580400413433377,-6.54077353298697,0.000639913740919,388.81896979282476,-0.0396268804464075,0.0396268804464075,6.520327453946373e-35,5.779220791109093e-35,7.411066628372792e-36,7.411066628372792e-36
m3,M3,s083,302108,m2,M2,S2D_noMMD,without_mmd,2,10,0.25,202079,162.907000000001,64.777,227.684000000001,531.5149999999992,236.1999999999998,767.714999999999,112032110,,4,24000,1.0012011883473,8754.79099349723,0.364782958062385,0,0,0.954825865803087,True,True,,,,,,,,,,,2048,-16.002367698532456,-15.6813859684278,0.0012231759366711,361.04782996009084,-0.3209817301046556,0.3209817301046556,5.276683020810851e-39,6.19657548859101e-39,-9.198924677801596e-40,9.198924677801596e-40
m3,M3,s083,302108,m3,M3,S2D_noMMD,without_mmd,2,14,0.25,302079,190.027999999998,62.2440000000006,252.271999999999,531.5149999999992,236.1999999999998,767.714999999999,112032111,122032108.0,4,24000,1.00033046760082,9188.99354351893,0.382874730979955,0,0,0.967511670462781,True,True,2048.0,1024.0,1024.0,log_alpha+log_nu+logit_tau,rbf,median_positive_squared_distance_full_mcmc,biased,0.26653410623604534,0.036250566787313976,0.19039581609718734,2048,72.13515324368288,72.295435859435,0.0006765056943224,930.8160973309883,-0.16028261575212355,0.16028261575212355,1.0,1.0,0.0,0.0
m3,M3,s084,302109,m0,M0,S2D_noMMD,without_mmd,2,8,0.25,2080,71.1099999999997,48.5450000000001,119.655,502.8939999999987,236.92899999999833,739.822999999997,112032109,,4,24000,1.00033427832303,12657.593178634,0.527399715776416,0,0,0.950141877917057,True,True,,,,,,,,,,,2048,-451.07361699369545,-451.285745517268,0.0004424438932719,21.901653022958726,0.2121285235725736,0.2121285235725736,1.7953889688781806e-80,1.3280282786990689e-80,4.673606901791117e-81,4.673606901791117e-81
m3,M3,s084,302109,m1,M1,S2D_noMMD,without_mmd,2,10,0.25,102080,119.243,61.4679999999989,180.710999999999,502.8939999999987,236.92899999999833,739.822999999997,112032110,,4,24000,1.00042551929452,9452.48633804046,0.393853597418353,0,0,0.92458780349706,True,True,,,,,,,,,,,2048,-316.7248729323765,-316.688616287718,0.000828356465629,904.5834396753515,-0.036256644658521964,0.036256644658521964,3.990954246706562e-22,3.784406914392212e-22,2.0654733231434995e-23,2.0654733231434995e-23
m3,M3,s084,302109,m2,M2,S2D_noMMD,without_mmd,2,10,0.25,202080,126.002,64.8869999999988,190.888999999999,502.8939999999987,236.92899999999833,739.822999999997,112032111,,4,24000,1.00025666915247,12270.1630775216,0.511256794896732,0,0,0.946472802299343,True,True,,,,,,,,,,,2048,-395.9346237774871,-395.96729134892,0.0006315007352623,400.35160705348295,0.03266757143290988,0.03266757143290988,1.5875194101406616e-56,1.405098323561279e-56,1.8242108657938256e-57,1.8242108657938256e-57
m3,M3,s084,302109,m3,M3,S2D_noMMD,without_mmd,2,14,0.25,302080,186.538999999999,62.0290000000005,248.567999999999,502.8939999999987,236.92899999999833,739.822999999997,112032112,122032109.0,4,24000,1.00047741076941,9920.93234882237,0.413372181200932,0,0,0.981119107392067,True,True,2048.0,1024.0,1024.0,log_alpha+log_nu+logit_tau,rbf,median_positive_squared_distance_full_mcmc,biased,0.40176269339576054,0.07493457845600526,0.2737418098427883,2048,-267.45203124839077,-267.362633422773,0.0008510300268254,957.8519381651456,-0.0893978256177661,0.0893978256177661,1.0,1.0,0.0,0.0
m3,M3,s085,302110,m0,M0,S2D_noMMD,without_mmd,2,8,0.25,2081,141.417,49.5419999999995,190.959,728.444000000002,233.7319999999981,962.1760000000002,112032110,,4,24000,1.00056368775396,5067.58119210103,0.211149216337543,0,0,0.941383490332981,True,True,,,,,,,,,,,2048,-175.8784360549989,-175.874493093965,0.0009999135053157,1380.0873378434394,-0.003942961033914116,0.003942961033914116,9.944715009757946e-22,9.663893828260459e-22,2.8082118149748757e-23,2.8082118149748757e-23
m3,M3,s085,302110,m1,M1,S2D_noMMD,without_mmd,2,10,0.25,102081,174.616,60.384,235.0,728.444000000002,233.7319999999981,962.1760000000002,112032111,,4,24000,1.00040108501381,4154.88821589413,0.173120342328922,0,0,0.983416556290716,True,True,,,,,,,,,,,2048,-161.92461086153853,-161.945415599619,0.0008260699820345,329.6098640221987,0.020804738080471452,0.020804738080471452,1.1419882220755534e-15,1.0826140119929468e-15,5.93742100826066e-17,5.93742100826066e-17
m3,M3,s085,302110,m2,M2,S2D_noMMD,without_mmd,2,10,0.25,202081,198.041000000001,63.7239999999983,261.764999999999,728.444000000002,233.7319999999981,962.1760000000002,112032112,,4,24000,1.00052359313964,5006.39577069527,0.208599823778969,0,0,0.990314825785745,True,True,,,,,,,,,,,2048,-177.9098254037041,-177.932816631281,0.0014590086826694,1534.9051919769302,0.022991227576909523,0.022991227576909523,1.3042809680023618e-22,1.2337682667125327e-22,7.051270128982911e-24,7.051270128982911e-24
m3,M3,s085,302110,m3,M3,S2D_noMMD,without_mmd,2,14,0.25,302081,214.370000000001,60.0820000000003,274.452000000001,728.444000000002,233.7319999999981,962.1760000000002,112032113,122032110.0,4,24000,1.00041062479801,5122.78038172788,0.213449182571995,0,0,0.948479519829059,True,True,2048.0,1024.0,1024.0,log_alpha+log_nu+logit_tau,rbf,median_positive_squared_distance_full_mcmc,biased,0.2436279903043248,0.0857186470977207,0.2927774702700341,2048,-127.51860526438954,-127.486017702914,0.0010390080173331,808.5246965307708,-0.03258756147553754,0.03258756147553754,0.9999999999999989,0.9999999999999989,0.0,0.0
m3,M3,s086,302111,m0,M0,S2D_noMMD,without_mmd,2,8,0.25,2082,110.622000000001,49.4509999999991,160.073,590.066,235.0829999999969,825.1489999999969,112032111,,4,24000,1.00061854047687,6948.95404776155,0.289539751990064,0,0,0.954742416383916,True,True,,,,,,,,,,,2048,-336.26626106220687,-336.289249920474,0.0010676567237878,1476.796175840577,0.02298885826712649,0.02298885826712649,7.743474004939623e-17,7.500694833181654e-17,2.427791717579688e-18,2.427791717579688e-18
m3,M3,s086,302111,m1,M1,S2D_noMMD,without_mmd,2,10,0.25,102082,142.834999999999,61.3089999999993,204.143999999998,590.066,235.0829999999969,825.1489999999969,112032112,,4,24000,1.00057661251951,5966.55286549458,0.248606369395607,0,0,0.972093044149786,True,True,,,,,,,,,,,2048,-299.2608342700748,-299.252579279128,0.0010707808403821,1599.7078574129898,-0.008254990946795715,0.008254990946795715,0.9124067741907422,0.9118495415600336,0.0005572326307086151,0.0005572326307086151
m3,M3,s086,302111,m2,M2,S2D_noMMD,without_mmd,2,10,0.25,202082,153.279,63.3760000000002,216.655000000001,590.066,235.0829999999969,825.1489999999969,112032113,,4,24000,1.00052805316166,8194.81162877703,0.341450484532376,0,0,0.966780260335534,True,True,,,,,,,,,,,2048,-338.16416413120743,-338.184704253568,0.0013046771614271,1287.8256573320834,0.02054012236055769,0.02054012236055769,1.1606118880595519e-17,1.1269798184548232e-17,3.363206960472872e-19,3.363206960472872e-19
m3,M3,s086,302111,m3,M3,S2D_noMMD,without_mmd,2,14,0.25,302082,183.33,60.9469999999983,244.276999999998,590.066,235.0829999999969,825.1489999999969,112032114,122032111.0,4,24000,1.00046629755086,7280.56639679479,0.303356933199783,0,0,0.939086964645745,True,True,2048.0,1024.0,1024.0,log_alpha+log_nu+logit_tau,rbf,median_positive_squared_distance_full_mcmc,biased,0.4708137975247457,0.0028907477069122223,0.05376567405801049,2048,-301.6042165210342,-301.589009169722,0.0015210432278139,1341.0294829664563,-0.01520735131219908,0.01520735131219908,0.08759322580925764,0.08815045843996637,-0.0005572326307087261,0.0005572326307087261
m3,M3,s087,302112,m0,M0,S2D_noMMD,without_mmd,2,8,0.25,2083,72.5570000000007,47.9359999999997,120.493,513.6030000000027,232.88999999999942,746.4930000000021,112032112,,4,24000,1.00015078548144,19240.4681343014,0.801686172262557,0,0,0.978844620631865,True,True,,,,,,,,,,,2048,-480.2517580260769,-404.530053599473,0.000326199693171,1.2315582969304815,-75.72170442660394,75.72170442660394,1.5308186993434726e-234,1.1645656434540114e-201,-1.1645656434540114e-201,1.1645656434540114e-201
m3,M3,s087,302112,m1,M1,S2D_noMMD,without_mmd,2,10,0.25,102083,114.709000000001,61.3490000000002,176.058000000001,513.6030000000027,232.88999999999942,746.4930000000021,112032113,,4,24000,1.00042940368058,10791.3253769314,0.449638557372143,0,0,0.987713042646531,True,True,,,,,,,,,,,2048,-94.49444280141829,-95.1857597292138,0.0004598331857146,6.670926757117281,0.691316927795512,0.691316927795512,5.2143132093946535e-67,2.5863292393587626e-67,2.627983970035891e-67,2.627983970035891e-67
m3,M3,s087,302112,m2,M2,S2D_noMMD,without_mmd,2,10,0.25,202083,140.891000000001,62.3339999999989,203.225,513.6030000000027,232.88999999999942,746.4930000000021,112032114,,4,24000,1.00037893344734,12516.5472090759,0.521522800378161,0,0,1.00012442550567,True,True,,,,,,,,,,,2048,-163.41883883223042,-150.650152174074,0.0002424188570943,1.0009079825287472,-12.768686658156412,12.768686658156412,6.077322031252896e-97,2.1125365361387136e-91,-2.1125304588166824e-91,2.1125304588166824e-91
m3,M3,s087,302112,m3,M3,S2D_noMMD,without_mmd,2,14,0.25,302083,185.446,61.2710000000006,246.717000000001,513.6030000000027,232.88999999999942,746.4930000000021,112032115,122032112.0,4,24000,1.0005894057264,10932.6856419571,0.455528568414878,0,0,0.961380122529472,True,True,2048.0,1024.0,1024.0,log_alpha+log_nu+logit_tau,rbf,median_positive_squared_distance_full_mcmc,biased,0.3657456856090917,0.342436499871134,0.5851807411997887,2048,58.12735104462893,58.1372019130709,0.0010570557208313,92.67461385335653,-0.009850868441972693,0.009850868441972693,1.0,1.0,0.0,0.0
m3,M3,s088,302113,m0,M0,S2D_noMMD,without_mmd,2,8,0.25,2084,100.012999999999,48.7759999999998,148.788999999999,539.636999999999,235.393,775.0299999999991,112032113,,4,24000,1.00046552599119,8169.2467630658,0.340385281794408,0,0,0.987703937665326,True,True,,,,,,,,,,,2048,-190.04243309367337,-190.036001830781,0.0015381660084273,1010.4060064311558,-0.0064312628923630655,0.0064312628923630655,1.7591964984445774e-49,1.6611923029896276e-49,9.80041954549498e-51,9.80041954549498e-51
m3,M3,s088,302113,m1,M1,S2D_noMMD,without_mmd,2,10,0.25,102084,134.629999999999,61.375,196.004999999999,539.636999999999,235.393,775.0299999999991,112032114,,4,24000,1.00078573560082,7339.94285380512,0.30583095224188,0,0,0.976988924628136,True,True,,,,,,,,,,,2048,-181.6499545912165,-182.073052415207,0.0009982279375051,15.155661420977319,0.4230978239905028,0.4230978239905028,7.764642326757229e-46,4.771829316801935e-46,2.9928130099552942e-46,2.9928130099552942e-46
m3,M3,s088,302113,m2,M2,S2D_noMMD,without_mmd,2,10,0.25,202084,137.824000000001,63.6000000000004,201.424000000001,539.636999999999,235.393,775.0299999999991,112032115,,4,24000,1.00075142832835,8256.07333727885,0.344003055719952,0,0,0.95576718986614,True,True,,,,,,,,,,,2048,-178.23231038266556,-178.207539092102,0.000893760651847,1159.8971804644016,-0.024771290563563753,0.024771290563563753,2.368020598960208e-44,2.277487525977041e-44,9.053307298316675e-46,9.053307298316675e-46
m3,M3,s088,302113,m3,M3,S2D_noMMD,without_mmd,2,14,0.25,302084,167.17,61.6419999999998,228.812,539.636999999999,235.393,775.0299999999991,112032116,122032113.0,4,24000,1.0001451972955,8814.88973535214,0.367287072306339,0,0,0.994621219143163,True,True,2048.0,1024.0,1024.0,log_alpha+log_nu+logit_tau,rbf,median_positive_squared_distance_full_mcmc,biased,0.32199934655832885,0.050941912505950926,0.22570315129822827,2048,-77.7806207067967,-77.7168678734327,0.0006398535754976,1173.8145402611472,-0.06375283336399207,0.06375283336399207,1.0,1.0,0.0,0.0
m3,M3,s089,302114,m0,M0,S2D_noMMD,without_mmd,2,8,0.25,2085,121.49,48.6839999999993,170.173999999999,526.641,230.76100000000042,757.4020000000004,112032114,,4,24000,1.00065321969807,8164.01616741003,0.340167340308751,0,0,0.995052690661117,True,True,,,,,,,,,,,2048,-218.6916003192438,-218.715568850047,0.0003034930393085,159.840396760207,0.02396853080318806,0.02396853080318806,1.508247086233325e-90,1.2959446836602293e-90,2.123024025730957e-91,2.123024025730957e-91
m3,M3,s089,302114,m1,M1,S2D_noMMD,without_mmd,2,10,0.25,102085,121.494999999999,59.7990000000009,181.294,526.641,230.76100000000042,757.4020000000004,112032115,,4,24000,1.00040109666551,9988.56427018832,0.416190177924513,0,0,0.987613918822605,True,True,,,,,,,,,,,2048,-73.17939205864865,-73.1400346401958,0.0003894610538396,260.458040503505,-0.03935741845285179,0.03935741845285179,2.3638591307838857e-27,2.163902416404542e-27,1.9995671437934387e-28,1.9995671437934387e-28
m3,M3,s089,302114,m2,M2,S2D_noMMD,without_mmd,2,10,0.25,202085,105.549000000001,61.7109999999993,167.26,526.641,230.76100000000042,757.4020000000004,112032116,,4,24000,1.00040519740437,8758.48709390157,0.364936962245899,0,0,0.99886721023042,True,True,,,,,,,,,,,2048,-214.63779285511418,-213.384757028118,0.0005839115063528,13.282022394340006,-1.2530358269961823,1.2530358269961823,8.689978607934979e-89,2.6774947179921525e-88,-1.8084968571986547e-88,1.8084968571986547e-88
m3,M3,s089,302114,m3,M3,S2D_noMMD,without_mmd,2,14,0.25,302085,178.107,60.5670000000009,238.674000000001,526.641,230.76100000000042,757.4020000000004,112032117,122032114.0,4,24000,1.00022315607219,9147.45092532541,0.381143788555225,0,0,0.951250544030741,True,True,2048.0,1024.0,1024.0,log_alpha+log_nu+logit_tau,rbf,median_positive_squared_distance_full_mcmc,biased,0.1829880368039163,0.16801899817773192,0.40990120538701996,2048,-11.86989005623083,-11.7421503952411,0.000916519626868,169.06795949638718,-0.12773966098972878,0.12773966098972878,1.0,1.0,0.0,0.0
m3,M3,s090,302115,m0,M0,S2D_noMMD,without_mmd,2,8,0.25,2086,108.428000000002,49.9599999999991,158.388000000001,613.481000000001,234.4670000000005,847.9480000000015,112032115,,4,24000,1.00162085731075,4663.87059348165,0.194327941395069,0,0,0.940818883841022,True,True,,,,,,,,,,,2048,16.284045036320226,16.2523983908319,0.0015493260351016,1682.2116392589758,0.031646645488326186,0.031646645488326186,0.00014559443754931186,0.00013843507314070905,7.159364408602811e-06,7.159364408602811e-06
m3,M3,s090,302115,m1,M1,S2D_noMMD,without_mmd,2,10,0.25,102086,165.951999999999,60.728000000001,226.68,613.481000000001,234.4670000000005,847.9480000000015,112032116,,4,24000,1.00090776471182,3877.48932890658,0.161562055371108,0,0,0.953416004906231,True,True,,,,,,,,,,,2048,17.433652494170254,17.4151481774871,0.0015686117486694,1579.676584847023,0.018504316683152666,0.018504316683152666,0.0004596348588857472,0.0004428146195250807,1.6820239360666506e-05,1.6820239360666506e-05
m3,M3,s090,302115,m2,M2,S2D_noMMD,without_mmd,2,10,0.25,202086,152.343999999999,63.3880000000008,215.732,613.481000000001,234.4670000000005,847.9480000000015,112032117,,4,24000,1.00206173609262,5817.22883960308,0.242384534983462,0,0,0.95027910052135,True,True,,,,,,,,,,,2048,14.783226765038691,14.7825964344394,0.0015891528644651,1570.7713321616834,0.0006303305992911845,0.0006303305992911845,3.245993826178764e-05,3.18360556617649e-05,6.238826000227408e-07,6.238826000227408e-07
m3,M3,s090,302115,m3,M3,S2D_noMMD,without_mmd,2,14,0.25,302086,186.757000000001,60.3909999999996,247.148000000001,613.481000000001,234.4670000000005,847.9480000000015,112032118,122032115.0,4,24000,1.0006189927013,4415.58719672349,0.183982799863479,0,0,0.981732890091885,True,True,2048.0,1024.0,1024.0,log_alpha+log_nu+logit_tau,rbf,median_positive_squared_distance_full_mcmc,biased,0.3194774596440142,0.006609632780119057,0.08129964809345153,2048,25.11809277025157,25.1368942453087,0.0018211118836434,1340.9057395903994,-0.018801475057127703,0.018801475057127703,0.9993623107653031,0.9993869142516724,-2.4603486369234595e-05,2.4603486369234595e-05
m3,M3,s091,302116,m0,M0,S2D_noMMD,without_mmd,2,8,0.25,2087,102.456,49.348,151.804,549.109999999998,236.6560000000009,785.7659999999988,112032116,,4,24000,1.00087198783554,6494.19305226168,0.27059137717757,0,0,0.942134658272954,True,True,,,,,,,,,,,2048,-412.09558234855297,-412.077300305948,0.0012752425808331,1526.2462534241877,-0.01828204260499433,0.01828204260499433,1.8306219744988686e-45,1.6539039385896616e-45,1.7671803590920693e-46,1.7671803590920693e-46
m3,M3,s091,302116,m1,M1,S2D_noMMD,without_mmd,2,10,0.25,102087,138.075999999999,60.8099999999995,198.885999999999,549.109999999998,236.6560000000009,785.7659999999988,112032117,,4,24000,1.0005996273418,6770.04234744989,0.282085097810412,0,0,0.989723763515721,True,True,,,,,,,,,,,2048,-404.63108071775554,-404.593407125426,0.0007612513144469,172.8313017167279,-0.03767359232955414,0.03767359232955414,3.194409138974437e-42,2.94254960526443e-42,2.518595337100068e-43,2.518595337100068e-43
m3,M3,s091,302116,m2,M2,S2D_noMMD,without_mmd,2,10,0.25,202087,148.538,63.5820000000003,212.120000000001,549.109999999998,236.6560000000009,785.7659999999988,112032118,,4,24000,1.0005809672199,8095.23932587649,0.337301638578187,0,0,0.957984641616635,True,True,,,,,,,,,,,2048,-402.07738156924677,-402.066572794544,0.0010113347776134,695.8295066918998,-0.010808774702752544,0.010808774702752544,4.1062745963587095e-41,3.682256177768731e-41,4.240184185899783e-42,4.240184185899783e-42
m3,M3,s091,302116,m3,M3,S2D_noMMD,without_mmd,2,14,0.25,302087,160.039999999999,62.9160000000011,222.956,549.109999999998,236.6560000000009,785.7659999999988,112032119,122032116.0,4,24000,1.00053914845805,8937.27118216058,0.372386299256691,0,0,0.947386286266793,True,True,2048.0,1024.0,1024.0,log_alpha+log_nu+logit_tau,rbf,median_positive_squared_distance_full_mcmc,biased,0.24806692191027613,0.015935742303352596,0.12623685002150756,2048,-309.08390894970455,-308.96410963789,0.0006878928796271,1201.6620093658987,-0.1197993118145746,0.1197993118145746,1.0,1.0,0.0,0.0
m3,M3,s092,302117,m0,M0,S2D_noMMD,without_mmd,2,8,0.25,2088,107.376,48.5159999999996,155.892,474.749000000001,233.2170000000005,707.9660000000015,112032117,,4,24000,1.00017692808803,7029.0073536035,0.292875306400146,0,0,0.946674403066087,True,True,,,,,,,,,,,2048,-668.2613733308875,-668.24158246943,0.0006803692537779,637.0305733136167,-0.019790861457522624,0.019790861457522624,1.010421684624539e-53,9.671481702578459e-54,4.327351436669306e-55,4.327351436669306e-55
m3,M3,s092,302117,m1,M1,S2D_noMMD,without_mmd,2,10,0.25,102088,108.705,59.9950000000008,168.700000000001,474.749000000001,233.2170000000005,707.9660000000015,112032118,,4,24000,1.00064174380449,7785.29699937091,0.324387374973788,0,0,0.99091068849837,True,True,,,,,,,,,,,2048,-670.7812971430479,-670.625989999849,0.0011227130442026,26.89802711274834,-0.15530714319891104,0.15530714319891104,8.130432556104096e-55,8.91164712616477e-55,-7.812145700606743e-56,7.812145700606743e-56
m3,M3,s092,302117,m2,M2,S2D_noMMD,without_mmd,2,10,0.25,202088,130.675000000001,62.7150000000001,193.390000000001,474.749000000001,233.2170000000005,707.9660000000015,112032119,,4,24000,1.00029571849757,7901.04616644858,0.329210256935358,0,0,0.980496068012348,True,True,,,,,,,,,,,2048,-670.3194576111034,-670.365286501854,0.0010774873736237,582.9493436053742,0.04582889075061303,0.04582889075061303,1.2902920215217789e-54,1.1565917017734251e-54,1.3370031974835378e-55,1.3370031974835378e-55
m3,M3,s092,302117,m3,M3,S2D_noMMD,without_mmd,2,14,0.25,302088,127.993,61.991,189.984,474.749000000001,233.2170000000005,707.9660000000015,112032120,122032117.0,4,24000,1.00059939161434,9400.26975247421,0.391677906353092,0,0,0.938629342561309,True,True,2048.0,1024.0,1024.0,log_alpha+log_nu+logit_tau,rbf,median_positive_squared_distance_full_mcmc,biased,0.22692001726383704,0.08845507261640895,0.29741397515316753,2048,-546.2347311554527,-546.171168972219,0.0004830745182865,594.2715017883994,-0.06356218323367102,0.06356218323367102,1.0,1.0,0.0,0.0
m3,M3,s093,302118,m0,M0,S2D_noMMD,without_mmd,2,8,0.25,2089,90.3649999999998,48.9440000000013,139.309000000001,570.3840000000008,236.1599999999998,806.5440000000006,112032118,,4,24000,1.00023735571783,10209.8564361524,0.425410684839685,0,0,0.967547546825304,True,True,,,,,,,,,,,2048,-661.0763461289117,-661.093456809701,0.0005275686858598,816.442904831892,0.017110680789301114,0.017110680789301114,3.861806473824999e-89,3.4804988238642586e-89,3.8130764996074007e-90,3.8130764996074007e-90
m3,M3,s093,302118,m1,M1,S2D_noMMD,without_mmd,2,10,0.25,102089,161.565000000001,61.8709999999992,223.436,570.3840000000008,236.1599999999998,806.5440000000006,112032119,,4,24000,1.00079638738772,5983.88491405673,0.249328538085697,0,0,0.929209305107863,True,True,,,,,,,,,,,2048,-488.92475749343924,-488.932748354439,0.0014064174455705,147.03734095357038,0.007990860999768756,0.007990860999768756,2.2453058170475562e-14,2.0421478148481866e-14,2.031580021993696e-15,2.031580021993696e-15
m3,M3,s093,302118,m2,M2,S2D_noMMD,without_mmd,2,10,0.25,202089,151.088,63.7579999999998,214.846,570.3840000000008,236.1599999999998,806.5440000000006,112032120,,4,24000,1.00032699695021,7901.37894231744,0.32922412259656,0,0,0.996900282408099,True,True,,,,,,,,,,,2048,-619.2210871116378,-619.181044383569,0.0007551272653444,628.228456639896,-0.04004272806878362,0.04004272806878362,5.811637749753962e-71,5.5458859130247315e-71,2.6575183672923026e-72,2.6575183672923026e-72
m3,M3,s093,302118,m3,M3,S2D_noMMD,without_mmd,2,14,0.25,302089,167.366,61.5869999999995,228.953,570.3840000000008,236.1599999999998,806.5440000000006,112032121,122032118.0,4,24000,1.00052670534479,7758.93447105946,0.323288936294144,0,0,0.952529300308641,True,True,2048.0,1024.0,1024.0,log_alpha+log_nu+logit_tau,rbf,median_positive_squared_distance_full_mcmc,biased,0.22661700249160122,0.04928948727332605,0.22201235837972186,2048,-457.4974079248416,-457.410559156936,0.001065935647168,739.3026876978947,-0.08684876790556473,0.08684876790556473,0.9999999999999776,0.9999999999999796,-1.9984014443252818e-15,1.9984014443252818e-15
m3,M3,s094,302119,m0,M0,S2D_noMMD,without_mmd,2,8,0.25,2090,88.4470000000001,48.643,137.09,451.2640000000011,231.1699999999982,682.4339999999993,112032119,,4,24000,1.00007624656836,9611.79624691628,0.400491510288178,0,0,0.97270662980423,True,True,,,,,,,,,,,2048,-403.85107926783246,-403.784259263962,0.0008387936532008,948.4763916908255,-0.06682000387047538,0.06682000387047538,9.538355442630704e-11,1.0199676077151936e-10,-6.613206345212319e-12,6.613206345212319e-12
m3,M3,s094,302119,m1,M1,S2D_noMMD,without_mmd,2,10,0.25,102090,103.477999999999,59.8140000000003,163.291999999999,451.2640000000011,231.1699999999982,682.4339999999993,112032120,,4,24000,1.00057962572515,10368.0189711582,0.432000790464924,0,0,0.947946528348609,True,True,,,,,,,,,,,2048,-398.1415036906437,-398.143906111176,0.0009910732007264,801.972957628204,0.002402420532348515,0.002402420532348515,2.8781317431000387e-08,2.871842576386604e-08,6.289166713434627e-11,6.289166713434627e-11
m3,M3,s094,302119,m2,M2,S2D_noMMD,without_mmd,2,10,0.25,202090,118.006000000001,62.1409999999996,180.147000000001,451.2640000000011,231.1699999999982,682.4339999999993,112032121,,4,24000,1.00092878531884,8897.33083062968,0.370722117942903,0,0,0.977645872290568,True,True,,,,,,,,,,,2048,-386.59439918659376,-386.597125351741,0.0011299439828651,1438.21901965766,0.002726165147237225,0.002726165147237225,0.0029782039647135152,0.002970734209687605,7.469755025910248e-06,7.469755025910248e-06
m3,M3,s094,302119,m3,M3,S2D_noMMD,without_mmd,2,14,0.25,302090,141.333000000001,60.5719999999983,201.904999999999,451.2640000000011,231.1699999999982,682.4339999999993,112032122,122032119.0,4,24000,1.00013504280168,10346.1681586285,0.431090339942855,0,0,0.972160285095605,True,True,2048.0,1024.0,1024.0,log_alpha+log_nu+logit_tau,rbf,median_positive_squared_distance_full_mcmc,biased,0.45590855295785127,0.017852002645109444,0.1336113866596311,2048,-380.78094700663166,-380.781154388177,0.0007256763368169,1291.7420294683332,0.00020738154535138165,0.00020738154535138165,0.9970217671585854,0.9970292369698899,-7.469811304505747e-06,7.469811304505747e-06
m3,M3,s095,302120,m0,M0,S2D_noMMD,without_mmd,2,8,0.25,2091,102.909,49.5519999999997,152.460999999999,579.554999999999,233.5650000000005,813.1199999999995,112032120,,4,24000,1.00010951711326,6359.19462789417,0.264966442828924,0,0,0.984334913204061,True,True,,,,,,,,,,,2048,-37.09388436843431,-37.074707683777,0.0009820754109258,739.2509342914848,-0.01917668465731026,0.01917668465731026,1.5232853808107791e-05,1.566568822788876e-05,-4.3283441978097023e-07,4.3283441978097023e-07
m3,M3,s095,302120,m1,M1,S2D_noMMD,without_mmd,2,10,0.25,102091,136.353999999999,60.25,196.603999999999,579.554999999999,233.5650000000005,813.1199999999995,112032121,,4,24000,1.00004597417072,5783.48595631665,0.240978581513194,0,0,0.955066388807838,True,True,,,,,,,,,,,2048,-35.0109940941508,-34.9684173316806,0.0007656019795824,335.7323746705623,-0.0425767624702047,0.0425767624702047,0.000122283828318704,0.00012873592454549067,-6.452096226786656e-06,6.452096226786656e-06
m3,M3,s095,302120,m2,M2,S2D_noMMD,without_mmd,2,10,0.25,202091,159.767,62.8199999999997,222.587,579.554999999999,233.5650000000005,813.1199999999995,112032122,,4,24000,1.00105122244136,6645.28917588047,0.27688704899502,0,0,0.968835583468501,True,True,,,,,,,,,,,2048,-34.61373520212329,-34.6354404241956,0.000589479210898,842.9592220427966,0.02170522207231329,0.02170522207231329,0.00018192667046747796,0.00017960142984905272,2.3252406184252384e-06,2.3252406184252384e-06
m3,M3,s095,302120,m3,M3,S2D_noMMD,without_mmd,2,14,0.25,302091,180.525,60.9430000000011,241.468000000001,579.554999999999,233.5650000000005,813.1199999999995,112032123,122032120.0,4,24000,1.00067812875718,6484.10642445939,0.270171101019141,0,0,0.965423589136994,True,True,2048.0,1024.0,1024.0,log_alpha+log_nu+logit_tau,rbf,median_positive_squared_distance_full_mcmc,biased,0.18297322011068307,0.17646721782540464,0.42008001359908165,2048,-26.002147834912094,-26.0109940389083,0.0006259482757264,284.16373856944836,0.008846203996206725,0.008846203996206725,0.9996805566474057,0.9996759969573775,4.559690028216323e-06,4.559690028216323e-06
m3,M3,s096,302121,m0,M0,S2D_noMMD,without_mmd,2,8,0.25,2092,90.7029999999995,49.1569999999992,139.859999999999,504.84099999999853,235.342999999999,740.1839999999975,112032121,,4,24000,1.00066894052846,8879.71890901544,0.369988287875643,0,0,0.958192888523141,True,True,,,,,,,,,,,2048,-244.41559317079862,-244.463632647939,0.0008714931310994,878.8944253714957,0.04803947714037804,0.04803947714037804,3.3958622296462775e-44,2.798263541846846e-44,5.975986877994316e-45,5.975986877994316e-45
m3,M3,s096,302121,m1,M1,S2D_noMMD,without_mmd,2,10,0.25,102092,122.798999999999,60.6589999999997,183.457999999999,504.84099999999853,235.342999999999,740.1839999999975,112032122,,4,24000,1.00019062968356,8742.74844088116,0.364281185036715,0,0,0.993528395465051,True,True,,,,,,,,,,,2048,-219.27713210708072,-219.313610899048,0.0007814029477782,168.14479017109244,0.03647879196728354,0.03647879196728354,2.808309609811453e-33,2.341015447424468e-33,4.672941623869847e-34,4.672941623869847e-34
m3,M3,s096,302121,m2,M2,S2D_noMMD,without_mmd,2,10,0.25,202092,133.790999999999,63.3420000000006,197.133,504.84099999999853,235.342999999999,740.1839999999975,112032123,,4,24000,1.00069743474322,9025.73465551456,0.376072277313107,0,0,0.947625032691057,True,True,,,,,,,,,,,2048,-235.80353623380304,-235.797586725111,0.0006801543225615,885.6294455538862,-0.005949508692054906,0.005949508692054906,1.8668905963822957e-40,1.6236953179296528e-40,2.431952784526429e-41,2.431952784526429e-41
m3,M3,s096,302121,m3,M3,S2D_noMMD,without_mmd,2,14,0.25,302092,157.548000000001,62.1849999999995,219.733,504.84099999999853,235.342999999999,740.1839999999975,112032124,122032121.0,4,24000,1.00026250571231,9317.26850965677,0.388219521235699,0,0,0.933710817572753,True,True,2048.0,1024.0,1024.0,log_alpha+log_nu+logit_tau,rbf,median_positive_squared_distance_full_mcmc,biased,0.4609500136053162,0.006803330614844727,0.08248230485894976,2048,-144.32440677826696,-144.178887617375,0.0010839678276613,1467.001595479274,-0.1455191608919506,0.1455191608919506,1.0,1.0,0.0,0.0
m3,M3,s097,302122,m0,M0,S2D_noMMD,without_mmd,2,8,0.25,2093,131.111000000001,49.6739999999991,180.785,625.351000000001,234.3509999999988,859.7019999999998,112032122,,4,24000,1.00048706215245,5360.00668708846,0.223333611962019,0,0,0.902493786974594,True,True,,,,,,,,,,,2048,-169.91942155040076,-169.928478904201,0.001343276619817,1856.2280145303048,0.009057353800244528,0.009057353800244528,3.01645833554731e-25,2.949013991749e-25,6.744434379830998e-27,6.744434379830998e-27
m3,M3,s097,302122,m1,M1,S2D_noMMD,without_mmd,2,10,0.25,102093,150.888999999999,60.9159999999993,211.804999999998,625.351000000001,234.3509999999988,859.7019999999998,112032123,,4,24000,1.0004675584273,5140.98923138963,0.214207884641235,0,0,0.945314991627537,True,True,,,,,,,,,,,2048,-120.83353897119056,-120.827691746243,0.0005692700162741,1358.3547465459308,-0.005847224947558516,0.005847224947558516,0.0006269389822694727,0.0006221251420239284,4.813840245544362e-06,4.813840245544362e-06
m3,M3,s097,302122,m2,M2,S2D_noMMD,without_mmd,2,10,0.25,202093,168.342000000001,63.0210000000006,231.363000000001,625.351000000001,234.3509999999988,859.7019999999998,112032124,,4,24000,1.00074878179332,5513.54172541019,0.229730905225425,0,0,0.97446458285828,True,True,,,,,,,,,,,2048,-170.78719100546977,-170.778370151626,0.0008611444157568,1597.5000103867865,-0.008820853843758414,0.008820853843758414,1.2665718899617592e-25,1.260589699520771e-25,5.98219044098812e-28,5.98219044098812e-28
m3,M3,s097,302122,m3,M3,S2D_noMMD,without_mmd,2,14,0.25,302093,175.009,60.7399999999998,235.749,625.351000000001,234.3509999999988,859.7019999999998,112032125,122032122.0,4,24000,1.00132269765302,7055.0508390229,0.293960451625954,0,0,0.968373802123169,True,True,2048.0,1024.0,1024.0,log_alpha+log_nu+logit_tau,rbf,median_positive_squared_distance_full_mcmc,biased,0.20487882898865095,0.005914955589735094,0.07690874846033507,2048,-113.45950476775971,-113.445944772488,0.0008271262412082,1393.276698623357,-0.013559995271705816,0.013559995271705816,0.9993730610177305,0.999377874857976,-4.813840245532219e-06,4.813840245532219e-06
m3,M3,s098,302123,m0,M0,S2D_noMMD,without_mmd,2,8,0.25,2094,81.889000000001,49.5769999999993,131.466,446.244,236.4130000000005,682.6570000000005,112032123,,4,24000,1.00023806842082,12000.1219025092,0.500005079271217,0,0,0.956662078117095,True,True,,,,,,,,,,,2048,-423.99488001405985,-423.989559621126,0.0004710140876321,830.0978311368964,-0.005320392933867879,0.005320392933867879,3.669188689023565e-25,3.620160237187193e-25,4.9028451836371846e-27,4.9028451836371846e-27
m3,M3,s098,302123,m1,M1,S2D_noMMD,without_mmd,2,10,0.25,102094,111.749,61.4560000000001,173.205,446.244,236.4130000000005,682.6570000000005,112032124,,4,24000,1.00016260628873,11957.4049876725,0.498225207819686,0,0,0.975593590467468,True,True,,,,,,,,,,,2048,-387.95147943966674,-387.971742914756,0.0003839158191267,1133.935289879703,0.020263475089279837,0.020263475089279837,1.652037968940927e-09,1.588791251187015e-09,6.324671775391206e-11,6.324671775391206e-11
m3,M3,s098,302123,m2,M2,S2D_noMMD,without_mmd,2,10,0.25,202094,115.675999999999,63.7820000000011,179.458000000001,446.244,236.4130000000005,682.6570000000005,112032125,,4,24000,1.00072978646955,11399.8392532078,0.47499330221699,0,0,0.968409831706091,True,True,,,,,,,,,,,2048,-418.7797724833561,-418.815728725431,0.0003843566220281,986.9316141038887,0.035956242074860256,0.035956242074860256,6.752466980340325e-23,6.392842460499713e-23,3.5962451984061245e-24,3.5962451984061245e-24
m3,M3,s098,302123,m3,M3,S2D_noMMD,without_mmd,2,14,0.25,302094,136.93,61.598,198.528,446.244,236.4130000000005,682.6570000000005,112032126,122032123.0,4,24000,1.00026525984134,10840.3524909873,0.451681353791138,0,0,0.947301050930114,True,True,2048.0,1024.0,1024.0,log_alpha+log_nu+logit_tau,rbf,median_positive_squared_distance_full_mcmc,biased,0.5077853353679809,0.011542772505123589,0.10743729568973517,2048,-367.73022326282745,-367.711450587138,0.0012448953383942,1614.5449249186809,-0.018772675689433527,0.018772675689433527,0.9999999983479619,0.9999999984112087,-6.324674117763607e-11,6.324674117763607e-11
m3,M3,s099,302124,m0,M0,S2D_noMMD,without_mmd,2,8,0.25,2095,83.0829999999987,48.6900000000005,131.772999999999,480.7929999999947,232.9060000000027,713.6989999999975,112032124,,4,24000,1.00019458348713,12297.6621709031,0.512402590454294,0,0,0.982464255916848,True,True,,,,,,,,,,,2048,-142.00926536673572,-141.98415465411,0.0005324266763691,1013.4387109158034,-0.02511071262571818,0.02511071262571818,2.695327762160075e-42,2.4266668239523508e-42,2.686609382077243e-43,2.686609382077243e-43
m3,M3,s099,302124,m1,M1,S2D_noMMD,without_mmd,2,10,0.25,102095,110.467999999999,60.3970000000008,170.865,480.7929999999947,232.9060000000027,713.6989999999975,112032125,,4,24000,1.00014031375878,10872.8444844891,0.453035186853712,0,0,0.974300772246315,True,True,,,,,,,,,,,2048,-128.23383125511458,-128.224147701943,0.0007708165819269,412.69590263292133,-0.00968355317158398,0.00968355317158398,2.5894444878090118e-36,2.2956477152458802e-36,2.937967725631316e-37,2.937967725631316e-37
m3,M3,s099,302124,m2,M2,S2D_noMMD,without_mmd,2,10,0.25,202095,131.832999999999,62.8500000000004,194.682999999999,480.7929999999947,232.9060000000027,713.6989999999975,112032126,,4,24000,1.00047522682591,8680.8387165109,0.361701613187954,0,0,0.931925901904543,True,True,,,,,,,,,,,2048,-97.18037190842132,-97.1081052247082,0.0014909792013273,847.8101267063258,-0.07226668371312428,0.07226668371312428,7.935104369959173e-23,7.489120001729664e-23,4.4598436822950926e-24,4.4598436822950926e-24
m3,M3,s099,302124,m3,M3,S2D_noMMD,without_mmd,2,14,0.25,302095,155.408999999998,60.969000000001,216.377999999999,480.7929999999947,232.9060000000027,713.6989999999975,112032127,122032124.0,4,24000,1.00031442501692,9967.18593829048,0.415299414095437,0,0,0.952289462593599,True,True,2048.0,1024.0,1024.0,log_alpha+log_nu+logit_tau,rbf,median_positive_squared_distance_full_mcmc,biased,0.32776594475699117,0.03691896216775237,0.19214307733497027,2048,-46.292211276564096,-46.1620993867161,0.0009359835358546,1156.6942879307817,-0.1301118898479956,0.1301118898479956,1.0,1.0,0.0,0.0
