{
  "mu": [
    0.3721726954346964,
    -1.8949972553707042,
    -0.0136339831546001,
    -1.8768614316922687,
    -1.3491324587461015
  ],
  "x": [
    [
      0.04334015333452412,
      -2.1904892823372615,
      1.2301492011710975,
      -3.0321309099448657,
      0.8067865273465857
    ],
    [
      0.3823164420575278,
      -4.121379978873076,
      2.785541483624635,
      -3.626737186185756,
      -0.6505017428112468
    ],
    [
      1.215201780165964,
      -2.43281235740847,
      0.6292365228546635,
      -2.5054270563660994,
      -0.9364970741011518
    ],
    [
      -0.9947488708291046,
      -2.5803406538613984,
      -1.187802595603525,
      -0.9231747646372711,
      -0.7866078368157263
    ],
    [
      0.30729096118989596,
      -2.355108596398954,
      -1.6760539150312954,
      -3.269248501709442,
      -1.3190756898977913
    ],
    [
      0.107394931203455,
      -2.801000853190663,
      -0.36456529675625193,
      -1.4352094942721143,
      -1.4958996749889357
    ],
    [
      0.012778949573827136,
      -0.38709637431053645,
      -0.2866604296147975,
      -0.8758068212066581,
      -1.3377142002204714
    ],
    [
      2.5706422483584768,
      -3.913535655357018,
      1.2336529938717171,
      -1.6315366253597459,
      -0.6286692285143585
    ],
    [
      0.11530652229114208,
      0.03825729509441689,
      -0.48804627955372853,
      -1.4918160053627183,
      -2.2593498467393514
    ],
    [
      1.8669951148046695,
      -1.1822512508605008,
      0.398877990116108,
      -1.5131168101219412,
      -0.5688751710259524
    ],
    [
      1.705189682475618,
      -3.6400093359531023,
      0.0935160766433251,
      -2.927854295551147,
      -0.26739420667212044
    ],
    [
      -0.5650269053469845,
      -4.229536979119606,
      0.6782735865544623,
      -2.446860501449801,
      -0.389290713522336
    ],
    [
      0.0741719361637822,
      -0.7503270264780053,
      -1.3832264093317008,
      -1.5511872255848986,
      -1.0099855248742886
    ],
    [
      0.09938369599437719,
      -1.623433587119794,
      -0.4809001203525751,
      -1.3761719102754368,
      0.6781225436462575
    ],
    [
      -0.2858706314947809,
      -1.4645172781647116,
      -0.25152389874203923,
      -3.100734283251065,
      -1.2542715246408866
    ],
    [
      0.5786688712242318,
      -2.972741323469326,
      0.5943880307649758,
      -1.0699588526932065,
      -2.0813154164611283
    ],
    [
      1.5488477687569167,
      -3.760150250658084,
      0.9567763829531355,
      -3.719812997932773,
      -1.7399118990014641
    ],
    [
      -0.0401884377544347,
      -3.633591756972259,
      -0.0380203174842641,
      -2.1674720106155316,
      -0.8245215077376546
    ],
    [
      -0.2965768837289638,
      -2.696537161300396,
      0.458077324514775,
      -1.5565260020380614,
      -2.4543512397612797
    ],
    [
      3.178402130499978,
      -0.26461327217552433,
      -0.49068153295482575,
      -2.2453372226918944,
      -1.237720018381737
    ],
    [
      0.411915377198582,
      -3.2805186587668134,
      -0.37585160687548463,
      -0.5190110407889323,
      -1.38785573028916
    ],
    [
      1.4537828374091721,
      -1.8279216835926007,
      1.1251956453739873,
      -1.844866997621207,
      0.6446142947357671
    ],
    [
      -0.3514411829916457,
      -1.8467354987432887,
      0.04375579311274529,
      -2.764148573745842,
      0.4274281229007204
    ],
    [
      0.489020340530271,
      -0.4953858981528343,
      1.0065090492133497,
      -2.5859472920836435,
      0.7959307501463302
    ],
    [
      1.0578284830552793,
      -3.342190702324356,
      1.1260765978841203,
      -1.911898733116764,
      0.19784098978047093
    ],
    [
      0.7740803319314833,
      -2.2079237254297195,
      1.0461226288787415,
      -3.215603116441328,
      -0.1997563039445165
    ],
    [
      -1.1449902600444621,
      -1.962033581239016,
      0.23321078125789976,
      -1.716454787139642,
      -0.9682268001404222
    ],
    [
      0.782035529909239,
      -0.9595718188340555,
      0.4073523698247056,
      -2.282132774708275,
      -2.6971706301313647
    ],
    [
      -0.18123263177849452,
      -1.4617753438328762,
      0.9110539563664541,
      -3.7218882997598426,
      -1.32208588624123
    ],
    [
      -0.46861068691958646,
      -2.371481490225022,
      0.515894022713499,
      -1.3929620663985312,
      -1.1386842203644267
    ],
    [
      -0.44052462481346727,
      -1.5048610013658792,
      0.28361701629399927,
      -1.9952871231571752,
      -0.07978910273401696
    ],
    [
      -1.259944625723619,
      -2.00601617585624,
      -0.05471939838308209,
      -2.9370758160939374,
      -1.4749983077348077
    ],
    [
      0.4075267505804689,
      -2.6238628063611835,
      0.736510930884812,
      -1.7364622511459074,
      -2.1351993586052287
    ],
    [
      1.246517180703864,
      -2.4718967772985145,
      0.18320291768818733,
      -3.1759652259850877,
      -1.583312610855482
    ],
    [
      1.559733795991049,
      -1.6513287211133358,
      -0.33024693741754735,
      -0.44315426715190886,
      -1.0394725429204497
    ],
    [
      1.36507854064583,
      -1.736939238294378,
      -1.0826016387008321,
      -0.89980474908092,
      0.29906733167383326
    ],
    [
      0.28410495709490435,
      -1.2438009186608572,
      0.21814859352050286,
      -1.056163767238007,
      -0.7650975139398641
    ],
    [
      -0.2710239346448558,
      -2.449809012063573,
      0.06394483310721044,
      -2.3293562399403926,
      0.9804276595634098
    ],
    [
      0.900211751978953,
      -2.217506171065074,
      1.3310681219712819,
      -2.6511870115185427,
      -1.3400706462962781
    ],
    [
      -1.1323241756454434,
      0.15555180562688342,
      1.4330540605362603,
      -2.9620608524826717,
      -1.1618504078433334
    ],
    [
      1.585872439488752,
      -1.4918766176683393,
      1.1520335894899543,
      -1.413080249936438,
      -3.1258683224078156
    ],
    [
      0.9930106400815588,
      -1.708729536991123,
      0.6922235767383352,
      -1.6100722980925373,
      -2.4653458047946275
    ],
    [
      -1.3988769778421106,
      -2.5198476495993396,
      -0.4490922805823293,
      -2.0336423550824305,
      -1.146742920794101
    ],
    [
      2.1518803153394566,
      -1.852317923174753,
      -1.0666385429035272,
      -0.22298313974650363,
      0.07381354811301621
    ],
    [
      -1.1723875018118413,
      -3.415218033694224,
      0.0584325446638683,
      -3.1860348217509697,
      -1.368046509163743
    ],
    [
      0.21656009028229348,
      -1.9086284169223913,
      -0.8388533060017597,
      -3.085844318537391,
      -0.7829733149026423
    ],
    [
      2.0232922813820804,
      -2.5918153551251057,
      0.11597981697412554,
      -0.8636463139576092,
      -2.9077178882406844
    ],
    [
      -0.21141890852699435,
      -2.2160682615570595,
      -0.36257708342197803,
      -3.002984258960098,
      0.08753642067241518
    ],
    [
      1.063793550483193,
      -0.5402923134508153,
      0.20566388341477526,
      -2.4591346888373935,
      -0.4537185040245483
    ],
    [
      -0.7453869754377926,
      -2.666167850303448,
      -0.08545835092653711,
      -2.7475663149016523,
      -1.0678454553052448
    ]
  ],
  "id": 46,
  "df": 5
}