{
  "mu": [
    0.8077782659622152,
    -0.29696668168064533,
    -1.6175699927846074,
    -0.10249498685925965,
    0.4849878587382468
  ],
  "x": [
    [
      0.7472596547657484,
      -0.21241651987123,
      -1.6795551310896062,
      -2.0835468952233307,
      0.6186955226294365
    ],
    [
      0.5791367639331788,
      1.2645462217972483,
      -1.7322253937350691,
      0.49711957432533393,
      0.865160674449745
    ],
    [
      1.1137450208596453,
      0.9927836479767889,
      -1.9955764903234376,
      -0.5469049044273269,
      -0.43121316004709553
    ],
    [
      1.163872796688861,
      -1.8423266692290985,
      -0.31735804288442826,
      -0.6611449123815993,
      0.5135290784651217
    ],
    [
      1.287583111051898,
      -0.904242193047725,
      -0.5869484505845863,
      0.23302950661116237,
      0.6188378857047606
    ],
    [
      0.8059871989979095,
      -0.10594602774872708,
      -3.3169029201165197,
      1.6767403906922151,
      0.966105972089971
    ],
    [
      0.7393080084197958,
      0.061046803708284914,
      -1.3614328594419032,
      0.44620826892235765,
      -0.576536239548844
    ],
    [
      1.5910205686270635,
      -1.025662771987713,
      -2.256389605863646,
      -1.3274420562055222,
      1.9357627139026443
    ],
    [
      0.7698289320156124,
      0.13660319392035059,
      -3.829904645042838,
      -0.47550368628658346,
      0.9415449242248783
    ],
    [
      0.7260048100405082,
      -0.38141636630425013,
      -1.6548909383318458,
      -0.7219030563526738,
      0.6762404461123257
    ],
    [
      2.100838489248207,
      -0.06807191150279915,
      -2.1426531900648933,
      -0.7419971591881646,
      1.0407181399381344
    ],
    [
      0.08602783544311465,
      1.3031880717787099,
      -2.6456267927003245,
      -0.1736865897610997,
      0.431001718363937
    ],
    [
      -0.3433998310901485,
      0.6301112711776531,
      -2.0224635496378633,
      1.0218106279332397,
      -0.4298725041111343
    ],
    [
      -0.2943726791572805,
      -1.885124845980557,
      -0.5496475969020462,
      0.10756593504889703,
      1.09868963408277
    ],
    [
      0.6797708896067161,
      1.5822930415798828,
      -2.4513172335584312,
      -0.23337046145376564,
      1.9098891117914594
    ],
    [
      1.3563681933652862,
      -0.1402081713841792,
      -1.207591164363474,
      0.8742162877463651,
      1.4708833184331747
    ],
    [
      0.012740075660531147,
      0.29826341100632736,
      -0.48692949768815685,
      -0.04640360072982784,
      0.8232669875960543
    ],
    [
      0.32538598229737464,
      1.2822538453723744,
      -0.4418077495051489,
      -0.3921752138315946,
      -1.9879185677291378
    ],
    [
      0.6518150858606544,
      -2.416047776901965,
      -1.416686609881725,
      -0.3102909191401121,
      1.5240126679710484
    ],
    [
      -0.24917498249022207,
      -0.7097372779317974,
      -1.2709471809706878,
      -0.23345259581019137,
      -0.6870988260745379
    ],
    [
      0.3855230322604773,
      -1.1076130796986066,
      -1.2239261055815933,
      -1.666957026263654,
      -0.6141926993784066
    ],
    [
      -0.10327972329115864,
      -0.3471867465439725,
      -0.619387375824915,
      0.46675626663078684,
      0.06942299977728378
    ],
    [
      -0.845501053162709,
      -2.2715595900434358,
      -2.3085666759609507,
      -1.3878907095144446,
      0.04963528368768916
    ],
    [
      -1.056250074359575,
      0.25652955633393604,
      -0.9558000858819806,
      0.8243993525365113,
      0.030233111879857666
    ],
    [
      1.8581537245994362,
      0.648156732161801,
      0.02560945642554202,
      -1.1162492411244331,
      -0.17063964461455605
    ],
    [
      -0.5305839918222166,
      0.026522967522496943,
      -2.110860356491411,
      0.06802851655908251,
      1.6481847705765145
    ],
    [
      0.859164648226513,
      -0.027036004672465364,
      -1.1364592320583622,
      -0.6737610012173115,
      1.7347544374032666
    ],
    [
      -0.20297962442733164,
      -0.47427838871488887,
      -1.5190599770805577,
      -0.8164227251683618,
      0.9086914580563223
    ],
    [
      0.6588626248466418,
      -1.774086742789136,
      -2.5681206856990766,
      -0.29107495286716134,
      -0.06713120521984028
    ],
    [
      0.8346451489309866,
      -1.2981391759026846,
      -1.7925440204184822,
      0.20251853753900836,
      -0.28069463638266356
    ],
    [
      0.7827270849906752,
      -0.5338237642677788,
      -0.5534382691126252,
      0.5763111576513196,
      1.2924611805602777
    ],
    [
      1.977657274975582,
      -0.7303277952927782,
      -2.6857530353459094,
      1.0887620399226967,
      1.0393411580900604
    ],
    [
      1.568304085066691,
      0.9299476954854982,
      -1.7490131929528476,
      0.4705125204763688,
      1.639447474014768
    ],
    [
      0.36476157732118797,
      -0.2911026562848908,
      -3.5599320400693384,
      0.26629133735486465,
      -0.7348393950621279
    ],
    [
      0.7535317754806105,
      -0.8340287172058324,
      -1.5491367912235918,
      0.42408033961159564,
      0.7992912956639824
    ],
    [
      1.296933669673952,
      2.200349932396576,
      -2.239309988502849,
      0.840552376361044,
      0.22398469405903282
    ],
    [
      0.7576694112838402,
      0.49291385063504267,
      -1.8640257378350789,
      0.28548953062660687,
      -0.5760879721600323
    ],
    [
      1.7387998481938953,
      -1.4951254199193476,
      -1.7303756161417077,
      -0.21323135350185662,
      0.10917045461336577
    ],
    [
      2.926976284329171,
      -0.6054647265943276,
      -2.569372452385182,
      0.15213955604819832,
      0.99061076196541
    ],
    [
      0.383818239229753,
      -0.19870564946994268,
      -2.345625862249044,
      2.5121096033485832,
      0.7285270359644872
    ],
    [
      -0.10124284344203871,
      -0.6858014545017177,
      -1.547519267985055,
      0.24115340148658385,
      0.14051716958702037
    ],
    [
      -0.9665949937022855,
      -0.6383399919975521,
      -1.3393756141908228,
      1.415476671660579,
      0.08874727056283233
    ],
    [
      1.999578653921957,
      -1.4112173248641366,
      -1.4003638885050684,
      0.697274569167856,
      0.7090929338727385
    ],
    [
      1.1802776882373833,
      -0.038425875579355284,
      -0.7851231240885609,
      -0.1752339045125655,
      1.2503153967290244
    ],
    [
      -0.41336617462144765,
      0.395412813402119,
      -4.028310657947003,
      -1.3298200395436997,
      0.30967572650001973
    ],
    [
      1.3178206605226443,
      -2.048186659919267,
      0.4825626206554672,
      -0.4874672544915083,
      0.6923430585283108
    ],
    [
      -1.5712292862829584,
      0.07836281094137548,
      -1.8183556358163808,
      -0.30424742547681793,
      -1.3187478066623428
    ],
    [
      -0.36235626730271786,
      -2.87278638287784,
      -1.8850288199075806,
      -1.0631296992492072,
      1.3475147495544362
    ],
    [
      -0.15531189607025675,
      0.941561175382664,
      -2.6789210881095675,
      0.287959434670755,
      1.1116159077788437
    ],
    [
      0.1998080128187545,
      -1.0919556480512482,
      -0.05657415498343643,
      -0.5510153216000684,
      -2.360648924720765
    ]
  ],
  "id": 41,
  "df": 5
}