{
  "mu": [
    0.4084610304872789,
    -0.1951956320174769,
    -0.16648392777345275,
    -1.7540139453389414,
    0.6036291869996223
  ],
  "x": [
    [
      1.8937578941768256,
      0.03962436894193744,
      -0.3740295425116129,
      -1.9971875006312882,
      0.9759274640409851
    ],
    [
      0.8834383814803545,
      2.225326158355536,
      1.6309345024448267,
      -1.6301543108456076,
      0.8254334955090826
    ],
    [
      -0.8773250140190156,
      0.48660183142449853,
      -1.792932713809443,
      -1.1973183714907432,
      -0.45760178036685184
    ],
    [
      -0.9106494715391977,
      0.6579446315961183,
      -1.1990499609986671,
      -2.2502139224022417,
      0.84454009768597
    ],
    [
      -0.8409911967836836,
      -1.0722243014945632,
      -0.8331875719960976,
      -2.4248344133955024,
      0.8420732080734737
    ],
    [
      1.2498408858827186,
      -0.1863788454447911,
      -0.6958638760147804,
      -1.5576345802427227,
      1.0678362406993411
    ],
    [
      1.1429680744874267,
      -1.7055394859780741,
      -0.912658592921462,
      -2.152858651134749,
      1.0880869930056436
    ],
    [
      -0.4037639895087257,
      0.0052554615794769,
      -1.5195371066579024,
      -2.1631831928598504,
      0.014920041994224476
    ],
    [
      -1.409088972113189,
      1.556409333339236,
      0.9753653359219362,
      -1.0821649115122352,
      1.0199532974381162
    ],
    [
      2.2624495069806274,
      1.596947071924165,
      0.9426191665166542,
      -1.0742019611038782,
      1.4629310827521178
    ],
    [
      0.7560449870854153,
      0.6249450289438128,
      0.09759179189036613,
      -2.0309813458761954,
      1.3412639273102052
    ],
    [
      1.5093225592432633,
      -0.08225712929547024,
      -0.21977398846478724,
      -0.9643569232364435,
      0.05373144802013474
    ],
    [
      0.09342020377991322,
      -1.754172808597732,
      0.5608693110616365,
      -1.1243454476780244,
      1.730039696984036
    ],
    [
      1.2020528418550613,
      -0.40956160121003393,
      -0.2641249466495338,
      -2.4795263934542127,
      0.18992430670761062
    ],
    [
      -0.9281210446772741,
      0.6904564176167495,
      -1.2779692481427776,
      -0.6564682573755733,
      1.7566440969775252
    ],
    [
      0.7429687236387735,
      0.37907651513471186,
      -0.9223444689593876,
      0.6841655415979964,
      1.3043444783926228
    ],
    [
      0.34038246261055005,
      -0.6304746035440497,
      -0.6396045016313205,
      -0.9420978271562436,
      0.5228183492189462
    ],
    [
      0.9072380315558046,
      -0.30570677158805826,
      0.5238632168820914,
      -0.06335319303746711,
      1.0973883814136955
    ],
    [
      1.8247968479374044,
      0.6143213296395089,
      0.21813062286280985,
      -1.0660404958127616,
      1.778957772204461
    ],
    [
      1.4814103444317628,
      -1.4704024934577644,
      0.836851616702604,
      -1.485881947799189,
      -0.1771433976370944
    ],
    [
      -0.4126764886327957,
      -0.793285665361458,
      -0.017868215490675382,
      -0.14924774903406357,
      -0.5682312307773244
    ],
    [
      0.6669207753276059,
      -1.6726747086861704,
      -0.5766645436266306,
      -0.9912624353349688,
      1.9863255070615335
    ],
    [
      2.70195523379694,
      -0.3479012607521743,
      0.5314344290207021,
      -0.945252476285374,
      0.2075680495629577
    ],
    [
      0.9671123664011354,
      -0.2132433711700255,
      0.737129052561017,
      -0.8723209206381002,
      -0.8756372261411635
    ],
    [
      0.35753421676225894,
      -0.3965453263951698,
      -1.3151891041128525,
      0.725337749003502,
      1.2528605306748122
    ],
    [
      -0.6164161482215815,
      -0.8287743720229943,
      -1.1002477950995055,
      -1.7936330818709558,
      0.6482389155971663
    ],
    [
      -0.12067592751927703,
      -1.0130805437475248,
      -1.0841069537526118,
      -0.017769153601626453,
      0.4778419883884021
    ],
    [
      -0.27521976602128684,
      -0.2881095939274766,
      -0.9498447299570834,
      -1.2261418359943232,
      -0.07676442516435622
    ],
    [
      -0.5954573900018614,
      1.3005337931710519,
      -1.0356519588421242,
      -1.2837256493548213,
      0.8288506088483409
    ],
    [
      1.6788506491443427,
      -0.857511340878981,
      -0.9452884284535044,
      -0.32944811885629166,
      -0.18170598872615507
    ],
    [
      -1.1114550168526602,
      -0.5130587115861652,
      2.039996296914788,
      -1.9293673975348402,
      1.1203879268756451
    ],
    [
      0.4383044051697346,
      -0.546498927397004,
      0.0999647567891617,
      -2.8316941816698966,
      0.4513705056456018
    ],
    [
      0.6857378086093224,
      1.2355376438234444,
      -2.1627861120797367,
      -0.3470409190263253,
      0.4578073420948107
    ],
    [
      -0.5643686192108687,
      0.8991546247197743,
      -0.5729792405632161,
      -2.7407129421571232,
      0.6403428753521517
    ],
    [
      -1.8544066713425051,
      -0.157958939362407,
      1.4167326033498715,
      -0.6270102274226512,
      0.8298716706444949
    ],
    [
      1.060661595002986,
      -0.5610051816227392,
      0.3532556632540771,
      -2.793875604711844,
      0.6879467813795374
    ],
    [
      0.716457231160762,
      0.1360348642056284,
      -1.33698215731397,
      -1.5580340083527562,
      -0.8013477163405124
    ],
    [
      0.23335788793601098,
      -0.208235619676612,
      0.1695184347389179,
      -0.5628074815532711,
      -0.2866852148623076
    ],
    [
      0.04583925009358325,
      1.0437627526400277,
      -1.128681562606232,
      -1.0803278940640046,
      -0.05153520660023969
    ],
    [
      0.34149143804829657,
      -0.502141521490781,
      -0.06146889174777562,
      -2.4117788686121844,
      0.9315609940033389
    ],
    [
      0.048163205018950106,
      0.41650100701669346,
      0.9450587385352317,
      -2.3761466281546975,
      -1.1334916972603755
    ],
    [
      0.26231344249918365,
      0.9377986619558384,
      -0.3517740030753834,
      -1.8611384824524873,
      1.0982252530673173
    ],
    [
      1.7918735561553727,
      -0.1492387288340125,
      0.7170729772362422,
      -1.0570778158768706,
      -0.069138396104656
    ],
    [
      0.4401394366311406,
      0.7291682654907421,
      -0.612297625122068,
      -2.1118228927002067,
      1.8146499567217425
    ],
    [
      2.4881962267329123,
      -1.5992020384432746,
      0.3871692072839058,
      0.16737967349981298,
      -0.49874078561562907
    ],
    [
      1.9317768976172047,
      -0.35906081073327833,
      -0.5841355362106793,
      -3.378410734867275,
      1.399419385550662
    ],
    [
      0.060337687922775274,
      -0.4522388736676748,
      0.2820710716573167,
      -2.0605318205742256,
      0.6408112876411693
    ],
    [
      -0.3044143376046132,
      0.24338877564441244,
      -0.14485585120423392,
      -0.41648916717824536,
      0.05323126984598081
    ],
    [
      0.1278671506162261,
      -0.05650694536820802,
      -0.24963307968039983,
      -0.8049395984475292,
      1.0140325446672283
    ],
    [
      0.15678337425584027,
      0.9182142096415641,
      0.5487101072260946,
      -2.1623850694082427,
      0.6667586516083926
    ]
  ],
  "id": 47,
  "df": 5
}