{
  "mu": [
    0.2807899092374919,
    -1.0052521082695094,
    -1.7810086712612823,
    -1.1112116941841934,
    1.4509069290970231
  ],
  "x": [
    [
      0.5016589425648057,
      1.3171291509140537,
      -1.7028406626391688,
      0.2074040822292016,
      1.3001705390608467
    ],
    [
      -1.9079602315133597,
      0.4672366396718195,
      -2.1050600865177667,
      -1.3364058455996668,
      2.216136916334195
    ],
    [
      -1.179548616937985,
      -1.1858635829913096,
      -1.040311025369336,
      -1.8537823869102552,
      1.5995042383675098
    ],
    [
      -1.2798909141965424,
      -0.32644514369054245,
      -2.274932454939502,
      -1.6095848900950722,
      2.393153409704731
    ],
    [
      0.4225572796980977,
      -1.3391441252795422,
      0.00283209060386036,
      -1.6399722672956893,
      2.3107389118593327
    ],
    [
      -0.4267743732757906,
      -0.41761501380944543,
      -1.200222023843564,
      -1.4405092983992975,
      1.2413352419078978
    ],
    [
      0.4278984903265409,
      0.6943149545628815,
      -3.3834918482160004,
      -0.08670208801895996,
      2.2720115430546706
    ],
    [
      1.953813247725985,
      -1.6451210273874244,
      -2.467688062654402,
      -1.3911713181463772,
      0.7661610368216256
    ],
    [
      1.7701996316610191,
      -1.0909586888709746,
      -0.9161339307829782,
      -0.31644143775689837,
      1.8269966451590771
    ],
    [
      0.8557262846497727,
      -0.9093447998050597,
      -1.4332582282723516,
      -1.6273713964642256,
      1.918616503597932
    ],
    [
      -0.6015999120963228,
      -0.9941733320969748,
      -1.937287572433233,
      -0.8077122687256302,
      3.0730790449154792
    ],
    [
      0.12313778680884241,
      -0.20405533394329733,
      -2.6987373968051047,
      -1.304655194185662,
      1.1480009331028311
    ],
    [
      -0.851518340771293,
      -1.4571999806859217,
      -0.8765325973613827,
      -2.452981759595925,
      3.2717015354339165
    ],
    [
      -1.2690179269704456,
      0.06535790251332885,
      -2.170648478375485,
      0.15966433792095014,
      3.4171333757018965
    ],
    [
      0.6581128749486993,
      -1.5884636549887818,
      -0.7390113535345599,
      0.4643718196866313,
      2.004543229686904
    ],
    [
      1.3186293142734313,
      0.32633942092914014,
      -2.269097610130449,
      -0.234364748287044,
      3.141330821473284
    ],
    [
      0.13581764818764677,
      -0.3101923887781456,
      -3.917272648079239,
      -1.7139708612627635,
      -0.06020751333462249
    ],
    [
      1.703121728277066,
      1.0691452378781876,
      -2.348106800494926,
      -1.3600587191298665,
      1.7796244128086989
    ],
    [
      0.19940223472149177,
      -1.1623860985132926,
      -2.934519185880876,
      -2.281847024091462,
      1.0174932491770752
    ],
    [
      -2.026411166588136,
      -1.3643375260278974,
      -1.6835284555005534,
      -0.2310337237966561,
      0.02978228291404217
    ],
    [
      0.25569909466054447,
      -2.0965295418985104,
      -2.524809033736885,
      -1.609214574995001,
      1.7596545888443875
    ],
    [
      0.6633094156688115,
      -2.2478453944494206,
      -0.9233096200463188,
      -1.186980536589918,
      1.7189044311853796
    ],
    [
      1.305982620486377,
      -0.46137349585421206,
      -2.0681951307986424,
      -2.2283489485771732,
      2.671788067548592
    ],
    [
      -0.8723886287041294,
      -0.9365467649514335,
      -1.2747068464339009,
      -0.7773850522315771,
      0.7085743471523597
    ],
    [
      0.9410218629203174,
      -2.7063001898602064,
      -2.3541130230238636,
      -2.033513937587366,
      1.5892270773376616
    ],
    [
      0.4798264777556983,
      0.4064000376228458,
      -1.104585906966468,
      -2.608256080077168,
      0.8662132475552016
    ],
    [
      1.2496323502239215,
      -0.06203656080545039,
      -1.5903213727713617,
      -0.2759975850080104,
      2.854699922995672
    ],
    [
      0.47274697862478754,
      -3.128881292855349,
      -2.483011661702372,
      -1.7873198466262357,
      0.7832959386196704
    ],
    [
      0.2135479548252306,
      -0.29695456606242243,
      -0.9884027388532323,
      0.34821316775921773,
      0.5689965996359186
    ],
    [
      -2.372911056069308,
      0.42186327726525796,
      -2.5040891574689796,
      -1.7344405067003357,
      1.0513385356126823
    ],
    [
      0.7664108770274389,
      -1.3349580340584044,
      -0.9884503361669639,
      -1.0767887805965377,
      1.5531720839065402
    ],
    [
      2.049422543432672,
      0.4894350073752425,
      0.02738461029149275,
      -2.4374876843389988,
      1.283598901685882
    ],
    [
      1.4036580074473508,
      -1.613733571348078,
      -2.020197502935896,
      -0.8039883349486766,
      1.914776220943573
    ],
    [
      1.3748101210945982,
      -1.5441198245881436,
      -2.5991981315943664,
      -0.961214532758039,
      1.9878318995090323
    ],
    [
      -0.9157325939073546,
      -0.7556383543876098,
      -2.4155059894969932,
      -1.2511923249294603,
      2.4529660379055978
    ],
    [
      -0.6901395391958903,
      -1.949271985559661,
      -3.2115777493547033,
      -0.40113658404969255,
      1.7663325296894616
    ],
    [
      1.7371284437692618,
      -1.2290874486537076,
      -1.5572787697616106,
      0.6309660317169654,
      1.6001529279195004
    ],
    [
      1.2041513291036259,
      -0.23314278638032382,
      -2.2057793474971668,
      -1.3083657551886019,
      1.5311123168118037
    ],
    [
      -1.7493200000521787,
      -1.3174509174700915,
      -1.159678897894577,
      -0.4712895309587759,
      0.6261345550245476
    ],
    [
      0.2058538341286646,
      -0.48301975020946697,
      -3.327859953790754,
      -1.5835336060502834,
      2.3847152632371755
    ],
    [
      0.7830464200285076,
      -1.4440797874099474,
      -2.23446629543014,
      -1.5115852944748502,
      0.5865005341684882
    ],
    [
      0.6566532865178935,
      -1.6499989457040414,
      -1.2854708609798418,
      0.36754399613904654,
      0.4033342597382603
    ],
    [
      -0.14132590386968902,
      -0.8943085021971908,
      -0.26007732710184484,
      -0.5067809821986966,
      1.501007622881814
    ],
    [
      -0.524506342583452,
      -0.7650515852091714,
      -2.4615979797367595,
      -2.4644502473887426,
      2.3274131083905623
    ],
    [
      0.4315380670857457,
      -3.4445225417207164,
      -3.169830543006265,
      -3.2000737540382156,
      0.45727625036331365
    ],
    [
      -0.6254169575831251,
      -0.6617939173794011,
      -0.7592543661278204,
      -1.3732135853364413,
      1.6226397200884908
    ],
    [
      -0.6257534170197457,
      0.08633677188244748,
      -2.552805345967077,
      -0.6509362034019175,
      -0.12905747102571952
    ],
    [
      0.08808244484388542,
      -1.298796813205088,
      -3.445796974401806,
      -0.7046366448122685,
      -0.6721790290710281
    ],
    [
      -1.8365463237626454,
      -0.48804951897496507,
      -0.21294108565097702,
      -1.032374640464655,
      0.8792930258870145
    ],
    [
      1.4239648551757995,
      -1.8542884568267866,
      -1.4791809887685727,
      -2.354682969004041,
      0.490203870887053
    ]
  ],
  "id": 25,
  "df": 5
}