{
  "mu": [
    1.663726107195406,
    -0.13033915102312177,
    2.1346076520597927,
    0.45076776826875314,
    0.5901895575550165
  ],
  "x": [
    [
      2.602072346684321,
      -0.08337754777986137,
      2.686168132419683,
      1.1698470760689967,
      0.6562278671073115
    ],
    [
      2.6390385960076013,
      -0.08956985473200411,
      1.7135223451950403,
      -0.22214200297332082,
      1.2829982655117211
    ],
    [
      2.151158733015489,
      -1.3575994621466962,
      1.2369124808776983,
      -0.5788033220057007,
      1.6468054113947856
    ],
    [
      2.910908819346331,
      -0.041033606272201525,
      1.321367584956256,
      0.6936441171576538,
      1.9794051240831563
    ],
    [
      1.5089342957614953,
      0.3070554562703082,
      1.209973961463032,
      -0.8982376774485978,
      0.6417368925218413
    ],
    [
      1.604131162387018,
      0.01834410631491465,
      -0.3538839352810732,
      1.3332236932369808,
      1.3398047508508264
    ],
    [
      3.173016493378924,
      -0.002724231546637035,
      3.0279357270850022,
      -2.447104684891716,
      0.33888635392410654
    ],
    [
      1.5128067522417599,
      -1.9579997680133086,
      2.047351402342161,
      0.4005453324870202,
      0.5557232628510969
    ],
    [
      2.8948613952804925,
      -0.9784366659997225,
      1.0016021244300908,
      -0.265183802421824,
      0.0689086598434
    ],
    [
      1.5033883718027745,
      0.12684296803789663,
      1.434696588952237,
      1.661685033277984,
      1.0735401841773464
    ],
    [
      2.802105186040883,
      1.6224638456589342,
      2.0350861995081684,
      0.7037786133861842,
      0.6997366127001077
    ],
    [
      0.62185306575793,
      -0.5489702350601259,
      2.486876763044451,
      1.2690410391446862,
      -0.1428927255725787
    ],
    [
      2.36133488445744,
      -0.3607971405627816,
      2.3863060574403243,
      -0.16459308729322503,
      1.1007742550654003
    ],
    [
      2.015863664363631,
      1.38244516750669,
      3.9803163420089622,
      -0.5196161557308607,
      -0.2040420806559129
    ],
    [
      -0.42752295483195857,
      0.6745111747982959,
      2.5773535461770543,
      1.6834582625443644,
      -1.8652482737975573
    ],
    [
      1.8010285225902347,
      -0.4818163900223369,
      2.74632642150282,
      0.7669316813213145,
      1.7636394459452824
    ],
    [
      0.25768306033717514,
      -0.3137522368135296,
      1.9743134823349324,
      1.372864916621533,
      0.5145679109393334
    ],
    [
      2.972922776554551,
      -0.02371061613092837,
      2.3664977315708344,
      1.264166856091742,
      0.21335780822731865
    ],
    [
      2.1285796092478764,
      -0.5756795050538341,
      1.9068841370172853,
      -1.3871812200706715,
      0.760657395495222
    ],
    [
      1.3351553011079125,
      0.731820981057169,
      3.7950421268035703,
      0.6540435071813608,
      1.1468863700150207
    ],
    [
      1.4145459248602998,
      -0.40965364768582596,
      1.870856024551664,
      0.4091998790901229,
      1.1415311978778473
    ],
    [
      3.3926457011022233,
      0.9917064824985637,
      2.228846447815322,
      0.6758916882862368,
      -1.5409939691533046
    ],
    [
      3.3024616313248503,
      1.9872483700059322,
      2.333054681058403,
      0.6317424326815068,
      -1.3189357662195655
    ],
    [
      1.2867409507703205,
      -0.9743326520918265,
      1.3046238065318887,
      -0.010584118568189804,
      0.5114991043152397
    ],
    [
      2.7128488596040334,
      0.6575597570696707,
      2.038286373293572,
      0.04814847781389836,
      0.19013796292897045
    ],
    [
      2.4188644512275683,
      -0.3191466496762747,
      0.4390746319415919,
      -1.8503796646921005,
      1.060610392379072
    ],
    [
      2.0796634549234807,
      -0.920305342514488,
      2.768092274638497,
      0.9900494252133607,
      1.0132027458644222
    ],
    [
      1.9820687613159713,
      0.8311811518743806,
      1.6383820925053514,
      2.1801852297547737,
      0.6021863592638196
    ],
    [
      3.326269314317324,
      0.594444142398524,
      2.144618560006763,
      2.633837565399687,
      0.12113582404911677
    ],
    [
      0.3181767057105316,
      0.3983038173545317,
      1.7735315376819383,
      0.169471761651396,
      0.059982630331480546
    ],
    [
      2.601629858906072,
      0.42468089057978786,
      2.1312530231791453,
      -1.53218010419059,
      1.7340658295996887
    ],
    [
      1.940052999300774,
      -1.6969932862542212,
      1.4853234468007805,
      -0.39802575237651544,
      1.0458613448228156
    ],
    [
      0.4850260176212071,
      0.17233832752586364,
      2.202817200227038,
      -1.2961075174473256,
      -0.4505936045088197
    ],
    [
      2.2808999282293843,
      0.3001439593718421,
      2.780782243307717,
      0.1327821374054613,
      1.492630968011384
    ],
    [
      0.485943160781267,
      -0.8458555305962432,
      3.582243315440595,
      0.3541198748357961,
      -0.20836294042483083
    ],
    [
      0.38273004924485865,
      -0.003941590168984932,
      3.161618431317832,
      -1.421684595089123,
      0.9179987058431744
    ],
    [
      2.1157805446179196,
      0.6966882928488913,
      2.2628213926918366,
      0.9230177601409973,
      1.1052039241706084
    ],
    [
      2.8984143856889704,
      0.7421728315084004,
      2.0138647177555056,
      -0.37341269737264166,
      -1.3569185028657296
    ],
    [
      2.418780752109998,
      -1.989109907005658,
      1.770046670472926,
      1.192999269277384,
      0.22320974104928437
    ],
    [
      0.959115714227343,
      -0.15283242423168794,
      2.393330565230009,
      0.27381947670956874,
      0.13956533477080107
    ],
    [
      3.477262888915642,
      0.5696607529316862,
      0.6121819155635411,
      -0.026527231858290534,
      -1.329498199700486
    ],
    [
      2.1161924118548754,
      -0.8090914563298722,
      1.764170263909789,
      0.16897357392939832,
      0.5093435106618059
    ],
    [
      3.174610133069911,
      0.9489542781687943,
      1.7194400396281677,
      -1.4771975571818718,
      2.4549574003296466
    ],
    [
      1.628261583155338,
      0.3907808305588809,
      2.0916794421804514,
      0.682176774006765,
      2.1990567187376278
    ],
    [
      2.953076993384249,
      -0.8984662750697492,
      2.813291038997001,
      0.6624542105788562,
      1.2195910397513485
    ],
    [
      0.7455271158193977,
      -2.0402203974506543,
      2.8321618749670323,
      -0.06342572035899835,
      0.09091710823731208
    ],
    [
      1.9823617260059088,
      -0.9798337846170787,
      0.8912459391294083,
      0.5331237348444557,
      0.6069997950580099
    ],
    [
      2.2820789938340917,
      -0.7151453097847678,
      2.2066127434616924,
      -0.2514228799610139,
      1.0282146641525267
    ],
    [
      2.075357651779193,
      1.0499803721557568,
      2.5063891427103764,
      0.2862894364961154,
      1.8200821092744004
    ],
    [
      1.1676212724600266,
      -0.20095452129072217,
      1.4278687018734573,
      0.612550636845429,
      -0.9625225989707915
    ]
  ],
  "id": 8,
  "df": 5
}