{
  "mu": [
    -0.3959518499135782,
    0.004657710118611388,
    0.2631535747861298,
    0.562786352681928,
    -1.0078753926713606
  ],
  "x": [
    [
      1.283424639298939,
      -0.11065407287565096,
      0.7642686795392479,
      2.510189192741882,
      -1.7590317352674056
    ],
    [
      0.9281097938802347,
      1.7792128351944518,
      0.8903017594488521,
      0.12500888994040066,
      1.2422580130584984
    ],
    [
      0.970873353751857,
      -0.3840333557704307,
      0.344806478496342,
      1.5586997309027262,
      -0.30386497563796144
    ],
    [
      -0.9481296676965631,
      -0.16702717843437134,
      1.5739845871428784,
      1.317364828131816,
      -3.148688768747637
    ],
    [
      2.2684374434883465,
      0.4004766989769571,
      0.06213115211108697,
      0.542145193218944,
      -0.22802610633760612
    ],
    [
      -1.1313204596229385,
      0.05359706244579861,
      1.2226579708463858,
      1.5645407003380707,
      -1.5459334780954475
    ],
    [
      -0.058368985500227843,
      0.9065893490630441,
      0.1875495057609952,
      2.615807611729517,
      0.27243973748195427
    ],
    [
      -1.0469472472571963,
      -0.22202483926680858,
      -0.5040650222428325,
      0.8940806260392029,
      -0.7005099918594662
    ],
    [
      -0.21975592183874146,
      0.1821471485220997,
      0.6072825538537583,
      -0.5022130109093451,
      1.2018044330977764
    ],
    [
      -0.887568279601384,
      0.4450000541300831,
      -0.9346799576353453,
      1.3924830743525303,
      -1.3390397747892249
    ],
    [
      -0.28296869543787634,
      0.8697055805038596,
      0.1839897442557947,
      1.784945543865399,
      -0.13201381074792118
    ],
    [
      0.485900599179477,
      0.551957761674499,
      1.7598672754688351,
      0.2602209530483029,
      0.00851455107427812
    ],
    [
      -1.8027083537313933,
      1.533867183539818,
      1.29345733052768,
      -0.30865862070318817,
      -0.6639934082175132
    ],
    [
      0.40114384733661484,
      0.5159773246649988,
      -0.004013268933337477,
      0.5207582055532606,
      -0.13978948762522037
    ],
    [
      -0.5705013746600144,
      0.21058191814545776,
      1.0011829096659821,
      -0.08131570734452531,
      -1.3100484182485483
    ],
    [
      -2.5560985008668937,
      -0.8347174889757343,
      -1.8579230037152041,
      1.0286427839053625,
      0.26413316479849236
    ],
    [
      -1.0479955348632013,
      -0.48569696748698765,
      -1.9318015549020116,
      1.008885343368099,
      -1.6316643293082147
    ],
    [
      -0.971032033063082,
      0.10255272450601136,
      -0.30982105819874484,
      0.956581182066734,
      -0.8816742708206788
    ],
    [
      -0.4379766210451157,
      0.895660798163299,
      0.29202448608063797,
      -0.7960503995448224,
      0.1579776167240381
    ],
    [
      0.31049889152768667,
      0.3236445320107263,
      -0.7009926280197251,
      -0.18762189726241085,
      -0.9355322995942138
    ],
    [
      0.20166613349279544,
      -1.4488172603850487,
      2.4723098160134547,
      -0.05672721610346121,
      -0.484199958807077
    ],
    [
      -0.16361501433047398,
      1.613050887370924,
      -0.41455160620996745,
      -0.32869642955874845,
      -1.5204257781087493
    ],
    [
      -1.8640986459045124,
      1.5375725446168294,
      1.2220217424290305,
      0.5031928737607472,
      -1.561762782380989
    ],
    [
      0.9703349090516142,
      1.20781015033324,
      -0.54585831651243,
      1.2438363433475317,
      -0.8374386786075358
    ],
    [
      -1.311871317380368,
      0.0244330592755168,
      0.39087326135985545,
      1.5846724070972091,
      -0.5182869858341672
    ],
    [
      -1.8080695504487805,
      -0.6627743743339252,
      0.46671540976578446,
      -0.7784767090587633,
      0.07150644442063259
    ],
    [
      -1.1709511958541694,
      -0.8260551781535697,
      -0.04168106285464557,
      -0.4522223025645572,
      -1.889301887268481
    ],
    [
      1.5186584919542334,
      0.42000399538775735,
      0.9953181420884912,
      -0.06921446050806368,
      -1.684681820330011
    ],
    [
      -1.6585568266037896,
      -0.3589598618101496,
      0.996223882198471,
      1.9116449869237613,
      -2.532069805952177
    ],
    [
      -2.626878974834421,
      0.8908346482418453,
      -0.4075138339063573,
      0.9686387446322411,
      -0.3332578368037963
    ],
    [
      0.7595612469324569,
      -0.21773709289344523,
      0.4149527533976708,
      -0.3856611781438063,
      -1.9072535255685814
    ],
    [
      -0.6431627781810928,
      -1.5585867580469375,
      -1.6048370900492561,
      0.17907136234532633,
      -0.05012345842175148
    ],
    [
      0.09310245495493563,
      1.6256780653064997,
      -0.19082324705733938,
      0.746936672897232,
      -0.04692859097621083
    ],
    [
      0.6351285336041974,
      -0.7583634915778709,
      0.31162180630739944,
      0.6435777858772769,
      -1.7138138425243639
    ],
    [
      -0.6051695454534644,
      -0.5302530908259893,
      -0.6451524309791918,
      0.6288889631812663,
      -1.3949445931489568
    ],
    [
      0.4396678203361279,
      0.3696424545751107,
      0.5169350580269215,
      0.7744317543689949,
      -1.7011499254498843
    ],
    [
      0.13074944521293635,
      2.1087974867040233,
      -0.7124143916783742,
      0.6600163410559251,
      0.4434060607168424
    ],
    [
      1.1571901866982928,
      0.6980594064977242,
      2.3251453403602884,
      0.3522981004314405,
      -1.7202160599614285
    ],
    [
      0.700703283520538,
      0.5383825559865729,
      0.37572759233138864,
      -0.7071703044408929,
      -0.442952024821636
    ],
    [
      0.6981521007100435,
      -1.60884937985235,
      0.9895265356958034,
      0.44043972820034694,
      -0.14866966785413183
    ],
    [
      0.4072911676987783,
      -0.9747767927682432,
      1.4292396662256877,
      -0.05392428992464626,
      -0.47513483441664217
    ],
    [
      -0.4823888218543221,
      0.5856569271391143,
      0.09856029294130261,
      -0.6542145171512986,
      -1.750423729672102
    ],
    [
      0.6071765180016189,
      -1.1485939914801322,
      -1.319614615493661,
      -0.07814780854862247,
      -1.2061428840630104
    ],
    [
      1.684540930357026,
      -1.2735934582521047,
      -0.5556560226247785,
      1.053303163371781,
      -0.30694701452918716
    ],
    [
      -1.2036659203065427,
      0.31212891871971704,
      0.8088861788741176,
      0.017101479045527723,
      -1.725399448982106
    ],
    [
      0.1260737699937023,
      -0.7268504623021198,
      -0.8750169957105656,
      -0.23968605008663046,
      -1.370893588713983
    ],
    [
      0.024264704582146412,
      0.08017215595905991,
      0.5963429219864885,
      2.6080758152778034,
      0.8345505483848734
    ],
    [
      -0.48240057718452,
      0.13542479810328542,
      1.398820135364286,
      -0.5926236450469758,
      -0.5850592158342953
    ],
    [
      1.4906090214944454,
      0.203451738590332,
      -0.9740223665900563,
      -1.1364528061538968,
      -2.1138125514239094
    ],
    [
      -0.3794925482600645,
      -0.7621160959851321,
      -0.3577955206597496,
      -0.2619481684871937,
      -1.6014501402211638
    ]
  ],
  "id": 2,
  "df": 5
}