{
  "mu": [
    0.15353828919979223,
    0.40315003537912075,
    0.3122114929870109,
    0.16849988079350675,
    0.5257576036508175
  ],
  "x": [
    [
      -0.26079729930796075,
      -0.33019781074596233,
      0.9084387272238907,
      0.10699645877230728,
      -0.32763459559309327
    ],
    [
      -0.5111822201995242,
      0.673273140875887,
      1.0473627556502412,
      -0.1458698907907406,
      0.5794509555829572
    ],
    [
      -0.4530625572124776,
      0.3496590798298863,
      2.3701251326409536,
      1.142239693693122,
      0.2895912028590388
    ],
    [
      1.1046140499253672,
      2.8160690158880155,
      1.2918928047690863,
      -0.020183733485204886,
      1.8982558032021704
    ],
    [
      -0.8834065836581038,
      0.3224574679054588,
      1.6803138784488345,
      0.07589553172782214,
      0.7181735802821532
    ],
    [
      -0.0003889415340358193,
      1.7132467575595989,
      -0.6921035953660729,
      1.0782415928467755,
      -0.53338440782775
    ],
    [
      1.4824508001774666,
      0.290179266814904,
      0.06309489755568976,
      0.470372191115467,
      -0.7023114519616566
    ],
    [
      1.4140739345599431,
      1.7640357036584464,
      1.893962843153175,
      0.20307470272227313,
      0.5320934540240705
    ],
    [
      -1.4556617608542053,
      0.29820217155055356,
      1.8811079215810902,
      -0.8921522371406623,
      1.1065950790937684
    ],
    [
      0.0934582980055849,
      0.4915202318685499,
      -0.7763271159465314,
      -0.34590531094205934,
      1.0585813729568132
    ],
    [
      0.8320594404888471,
      0.42339895567774427,
      -0.6644132802333209,
      0.05370470577181992,
      -0.7181608500402458
    ],
    [
      -0.685618588726244,
      1.539496007369686,
      -1.7124468359151463,
      0.5648690412998149,
      -0.5562364204872644
    ],
    [
      0.8636693664342672,
      -0.7318584484471119,
      1.71338248478569,
      -1.0086954608737584,
      -1.0165802653861435
    ],
    [
      1.1218185034873187,
      -0.5340719208246999,
      -0.9986749583008462,
      -0.16261720812466784,
      0.32073601753346537
    ],
    [
      0.09800187458716639,
      0.048532718426307075,
      0.4945842944032639,
      -1.4818033474991692,
      1.283877582106442
    ],
    [
      1.2829039765612684,
      1.932103007145197,
      0.7588564756334804,
      1.0334792709180347,
      0.760934294014319
    ],
    [
      -0.24248601579673107,
      1.1515969887700308,
      -0.0896741038777476,
      -0.7294220194224937,
      1.4829161447660737
    ],
    [
      -0.10689658184646739,
      0.038283250317882045,
      -0.2965135787094033,
      -0.5319867774482694,
      -1.933033125099263
    ],
    [
      -0.42525023211133245,
      0.711334251321589,
      -0.14148408508376392,
      0.048723953566284825,
      2.276066030801642
    ],
    [
      0.9764456389981331,
      -0.6180008338199242,
      1.2404133423814088,
      0.9188430999495069,
      -0.04039312837454068
    ],
    [
      1.744198156336428,
      -0.6610255033643738,
      1.7417076501287982,
      1.1271573348551347,
      1.9314156374403346
    ],
    [
      0.21578225636980836,
      0.49780063916400624,
      0.6228122586640963,
      -0.852387146268643,
      0.31148088090784554
    ],
    [
      1.2067264620528142,
      -0.17235707108236598,
      1.1970069635979759,
      0.079049343505649,
      0.8139521923103367
    ],
    [
      0.37704224978203316,
      0.06798624224987782,
      0.904241458547965,
      -0.20278372464528138,
      1.2538065284602722
    ],
    [
      2.214278737916725,
      1.6782628843486442,
      -0.30991001917479744,
      -0.7668035018449877,
      -0.3182987288393365
    ],
    [
      -0.09017421727197159,
      0.5436401928369159,
      -0.47970040877578946,
      -1.9722514949030918,
      1.0652527198436736
    ],
    [
      0.5556361031443777,
      0.2712737893016723,
      0.8062234471498129,
      0.21503540996186543,
      2.017729702521764
    ],
    [
      0.07009625850770865,
      0.13504598448578986,
      0.06070157228578438,
      0.39410908187734783,
      -0.45799122938641224
    ],
    [
      -0.7346141201891776,
      -0.4460815250821373,
      1.8963109648739005,
      0.3921330346139611,
      1.042136512010003
    ],
    [
      -0.25892559423890404,
      1.4359076438654483,
      -0.3732989161875492,
      0.08855263932816948,
      0.9457222828881873
    ],
    [
      0.5156043321112797,
      0.8389845951473217,
      -0.6651549748637271,
      -1.1106167492755294,
      -0.1542112159892166
    ],
    [
      -1.455550972502654,
      1.0344913619869431,
      0.2972394820836157,
      0.9330960824447638,
      1.4019611541613024
    ],
    [
      -2.420738370369454,
      -0.6329724456672564,
      1.009496189360473,
      1.41549321095669,
      0.13968909522443246
    ],
    [
      -0.42083660018850516,
      0.14664604832788614,
      0.3086291706241526,
      0.40346865018539163,
      1.1771646359962067
    ],
    [
      -0.6963501326727342,
      -1.1075148163478428,
      -0.2692790159594929,
      3.119541555199564,
      1.4201873440468864
    ],
    [
      -1.2582239239926214,
      1.8989884626184197,
      1.3122656504329822,
      1.2042719093581633,
      0.6528847001972442
    ],
    [
      2.25145069483166,
      0.5765706978877838,
      3.0977259240367547,
      1.2954870715054585,
      0.11533138644162666
    ],
    [
      -0.21853883575067634,
      0.027026882506416106,
      0.051011659676585386,
      1.5177436664370947,
      0.03436159912041442
    ],
    [
      -0.11944833791052711,
      1.6298964760979393,
      -0.7618107848424623,
      -1.2266301612715613,
      -0.15314158999061944
    ],
    [
      -0.7371493273883596,
      0.05824937390069257,
      1.2370133143232565,
      -0.46751995624948794,
      -0.9023618099191283
    ],
    [
      0.7650730567263637,
      0.9980609260251069,
      0.899317754314547,
      0.9958651028289129,
      1.7630452457449093
    ],
    [
      0.8948273493446512,
      0.22415731265289623,
      -0.830554136832418,
      0.08740592348366266,
      0.1382791173122399
    ],
    [
      0.21804663503507565,
      0.24058949461387397,
      1.0031346222077036,
      0.6695894372054658,
      0.38612144451627994
    ],
    [
      1.9434245589127248,
      0.38126217738278007,
      -0.18489761867946947,
      -0.2672147754765053,
      0.5285727375669099
    ],
    [
      -1.156922272441165,
      0.8196483104252386,
      1.3482524619376202,
      0.2738095832085369,
      2.0103880248458514
    ],
    [
      0.3672339148052466,
      0.35456358658943704,
      0.5398922484884089,
      2.627279289384832,
      0.8538729795287667
    ],
    [
      0.37074120855575754,
      -0.9748441408055694,
      1.1497372703490125,
      1.3977517112403575,
      0.5743936326462644
    ],
    [
      0.5427475837127593,
      0.37115922440146326,
      -0.3481768989179548,
      0.6017238720078856,
      0.06538584071001458
    ],
    [
      0.19002055669639356,
      0.9931015168127814,
      1.2770919304416855,
      -0.4541359807827675,
      2.0310803593914546
    ],
    [
      0.10074569110677331,
      1.8861489212781524,
      -1.1843674881119863,
      -0.226463161370346,
      -0.3750886276252584
    ]
  ],
  "id": 29,
  "df": 5
}