{
  "mu": [
    -1.595461077623781,
    -0.41034214244865774,
    -0.5774973316254166,
    0.1499595853925894,
    0.2100471568993946
  ],
  "x": [
    [
      -1.836274729672955,
      -0.98150703528103,
      -2.3318930072946253,
      -0.3810881130131542,
      0.706799721190531
    ],
    [
      -1.7008282512055055,
      0.7969594821734309,
      -0.7894438950193227,
      -0.4951127393748704,
      -0.4433182211010587
    ],
    [
      -3.0443644008471145,
      0.11200124873184769,
      -1.9438743706743522,
      1.7950038078064703,
      -0.5553291751852222
    ],
    [
      -2.1460750812823144,
      -0.966322959878237,
      -0.11840765348314608,
      1.054696774803378,
      0.8691387559405389
    ],
    [
      0.1350088340918274,
      -1.2481654815040362,
      0.3642101185294666,
      1.3761572896982064,
      -0.23130546076778233
    ],
    [
      -1.1892815562848789,
      0.33895196822784346,
      -2.969669344086016,
      0.0023344662524864834,
      0.2902828245703021
    ],
    [
      -2.1907924659313336,
      -1.7314984221560235,
      -1.6062906268563908,
      0.4864407063233772,
      0.3692588360701482
    ],
    [
      -1.1105479814347714,
      -0.6126268056492912,
      -0.7956792725598101,
      0.09081323931614163,
      1.1405356736127497
    ],
    [
      -1.5098203824422574,
      0.8606960776912864,
      -2.529606692043909,
      -0.10563717493186442,
      2.8006323848547727
    ],
    [
      -2.3369036668956644,
      -1.8926017956597292,
      -1.341695555201154,
      -0.41943474521152707,
      0.3564857711388465
    ],
    [
      -1.1330958285137531,
      -1.8924292068480189,
      -1.3801984912153205,
      1.111660435669161,
      -0.2650568811288244
    ],
    [
      -3.52879596309423,
      0.32671644072717165,
      -1.4241610628506152,
      0.6808638941595879,
      0.5475546695279215
    ],
    [
      -2.2566215327138868,
      -1.305976859932495,
      -1.5360936527027749,
      -0.10271985148207097,
      -1.9384332992406046
    ],
    [
      -2.2145332460884335,
      -0.9207265106003039,
      -0.6143040956944574,
      0.1058332984630906,
      -0.29681475330791707
    ],
    [
      -0.8246080329787966,
      0.7141254121750353,
      -0.5229968232386605,
      0.22701958725194438,
      -0.6410412880218894
    ],
    [
      -1.2745530931538926,
      -0.25228002026067115,
      1.209278254730694,
      -0.4108294563271599,
      0.2080984124875842
    ],
    [
      -1.9324586116969371,
      -1.3321837178549432,
      -0.5251465725179665,
      0.04779368657584626,
      2.2487884585610174
    ],
    [
      -4.133465462784938,
      1.5445965550798708,
      -0.992957181447592,
      0.009841587386461126,
      -1.0120610773346936
    ],
    [
      -2.235331803089175,
      -1.5565724936859677,
      0.47801489795445895,
      1.080111526752845,
      0.36130015995014986
    ],
    [
      -1.3924774607102757,
      -0.7072811270403472,
      -0.704236269248829,
      0.10984130117279886,
      1.6720391946320108
    ],
    [
      -1.4394409877366101,
      0.3875503964386472,
      -0.16069624924884174,
      -0.38004627450125134,
      0.35429006136328983
    ],
    [
      -2.1623319756441304,
      -1.5523319573818548,
      -0.4383441580813277,
      0.45910204854425696,
      0.0234262733986208
    ],
    [
      -3.229494373699298,
      1.3379980055355656,
      -1.8209803164005323,
      -1.2090377409485957,
      -0.6529081233412319
    ],
    [
      -2.466920674860409,
      0.2280779077064473,
      1.0515063583260538,
      0.15160102290893457,
      0.029629393871983684
    ],
    [
      -0.5579686964827024,
      -0.801544782363862,
      -0.35789568377580655,
      0.23569345741405662,
      -0.9947373523786186
    ],
    [
      -2.1648457117696185,
      1.129141778917371,
      -2.529816306808984,
      0.6165425733593906,
      1.2705252642039204
    ],
    [
      -0.9414371150106055,
      -1.3426624708105908,
      0.3964352941480145,
      1.1437430147079406,
      -0.009983034032169213
    ],
    [
      -2.082206951157377,
      0.121422380623741,
      -1.0591986158743143,
      -0.5891521098358512,
      0.7500206685384841
    ],
    [
      -1.2769944079529678,
      -1.3706564391716718,
      -1.167547838777856,
      0.5293359431240263,
      -1.2330498913414851
    ],
    [
      -1.754262582170675,
      -0.836492962889033,
      -0.8850016916229573,
      1.5499437943652798,
      0.8773292973737972
    ],
    [
      -1.6611726692703612,
      -1.0933934706862392,
      -0.46369743937220154,
      0.8498279606958108,
      1.0645208399287704
    ],
    [
      -1.1856962152259551,
      -1.7416737106299922,
      -0.054620737422454546,
      1.4146911018003376,
      1.7682187251135228
    ],
    [
      -0.4754726365655346,
      -0.16738438082626214,
      -0.6979259171158797,
      0.11960934467381165,
      2.151424611927613
    ],
    [
      -2.331346878436081,
      -0.8372490011879294,
      -1.2527397288088271,
      -0.8021391638891111,
      -0.22940000202428776
    ],
    [
      -1.6042870734198595,
      -1.7091305175896283,
      -0.8214730908905032,
      0.2587373306003965,
      -1.0777045569343002
    ],
    [
      -1.3597734162531425,
      -0.20782211419106297,
      0.48238263693410044,
      0.32203840291515806,
      -0.16011528737922617
    ],
    [
      -1.8423806516172907,
      0.26547275556590555,
      0.36851537336921014,
      0.13140604815982224,
      -0.2425616975950962
    ],
    [
      -1.5334342889496044,
      -2.082841939717844,
      -1.610249076045341,
      0.6374314938904657,
      1.8982040044990849
    ],
    [
      -0.9752983715836366,
      0.5668000638049223,
      1.5427618375812275,
      0.9832797369623365,
      1.6492620423355129
    ],
    [
      -1.3542642294258318,
      0.3604952639229626,
      -0.2944547891240832,
      0.13616845044424583,
      -0.5993397441766478
    ],
    [
      0.34968367446075144,
      2.0400387096349406,
      -0.6232417847789608,
      -1.8596576338462163,
      -0.4441327791682672
    ],
    [
      -1.400250399424222,
      1.1613406108483595,
      -0.5461549636937042,
      0.3061847953790755,
      1.3100753540060874
    ],
    [
      -2.1433928246676515,
      -0.2525298401264311,
      -0.46309901261585945,
      1.7322385363632518,
      0.5953214245441897
    ],
    [
      -0.9440353706007235,
      -1.005847122367005,
      -0.9997517894281039,
      -0.5739758201778511,
      -0.6387286295972715
    ],
    [
      -1.030854709313025,
      0.30171591799740616,
      -2.04712918750041,
      1.5048111240973552,
      -1.0914599403368987
    ],
    [
      -0.9414010486790896,
      -0.4436675652524087,
      0.04629029445925226,
      -0.5074089815043308,
      1.0174576212354387
    ],
    [
      -1.044969412574794,
      0.07186443166985873,
      -0.6658349070893526,
      0.06491113872422125,
      -0.4517223706462472
    ],
    [
      -3.649178579767485,
      -1.2654059924185819,
      0.5247373462946321,
      1.2146268467888217,
      -0.6897897604000146
    ],
    [
      -2.7906686456879584,
      -1.6298653074238985,
      -0.5011448619041013,
      -1.9569756012401491,
      1.6057933678113774
    ],
    [
      -2.260261633084176,
      -0.87088681056083,
      -0.4484402203423179,
      2.342826038796109,
      1.3675895048861304
    ]
  ],
  "id": 5,
  "df": 5
}