{
  "mu": [
    -0.898080236201709,
    -0.4315848645768846,
    0.6697649015097284,
    0.47965453632841487,
    -0.770244687611282
  ],
  "x": [
    [
      -1.2377232146889732,
      -0.7981816044076925,
      1.1665705648349034,
      0.3801706181996911,
      -1.3788863418499702
    ],
    [
      -1.2791883666543542,
      3.3824475390103843,
      -0.02633258066077171,
      0.9020185364748464,
      -1.2580904726252677
    ],
    [
      0.058975417359615534,
      -0.06343666201401066,
      0.3992294356767474,
      1.6178798258094276,
      -1.5197384176693243
    ],
    [
      -1.1677484997190892,
      1.4319173148678375,
      -0.289795166391154,
      1.1237558844928843,
      -1.888672733654908
    ],
    [
      -0.12206016794242391,
      -0.15681358868514067,
      0.08711949549541487,
      -0.07570211409044875,
      -1.9997085738118368
    ],
    [
      -1.6976744657749154,
      0.5446156444941188,
      0.12770547519233355,
      0.8002308415376149,
      -1.4134205925438221
    ],
    [
      -1.8375556552844512,
      -1.3204117266868618,
      1.4980899540932695,
      1.337654598814867,
      -1.7932521352206634
    ],
    [
      -0.8281247830826697,
      -2.127063116915875,
      1.7888258775905643,
      1.2804246352082171,
      -1.2071662255004707
    ],
    [
      0.9842279898255725,
      -1.7035513533021365,
      -0.008560689435972768,
      1.0076610978818417,
      -3.2142745903427286
    ],
    [
      -1.215189542622404,
      -1.557379306012154,
      1.1450127891648392,
      0.09138403237770071,
      -1.2495740946688887
    ],
    [
      -2.0254834104942327,
      -2.7857511909272055,
      1.1568020251426678,
      2.378408566012853,
      -3.3929574202525985
    ],
    [
      -0.6862451268511769,
      -0.007442793991285224,
      0.49283278709503753,
      0.870923401232627,
      -0.9777297439552721
    ],
    [
      -0.540094044752752,
      -0.6715736518090579,
      1.5558081902890155,
      0.3035127714472865,
      0.7183683752729245
    ],
    [
      -0.3568631271319749,
      -1.9024241923414174,
      0.6663399532072883,
      -0.11744595503942451,
      -1.7137573587058696
    ],
    [
      -2.9678219417198535,
      -0.07015413128779974,
      0.32446653010006493,
      1.457405924721914,
      -1.3369518047132098
    ],
    [
      -3.0177057089869566,
      -2.229333378570561,
      0.8017076159882801,
      -0.23998895283698102,
      -2.521848636847097
    ],
    [
      -0.6574948645068854,
      -1.862324769775003,
      0.2529235760422528,
      1.4242573608004514,
      -0.6102345840235402
    ],
    [
      -0.1450922282332835,
      0.005924846580356025,
      1.3655988793912597,
      1.1654625346011758,
      -1.173534021208784
    ],
    [
      -1.8080522931371954,
      0.16356866526950264,
      1.00203363649489,
      0.3194605783296108,
      0.3924426637237327
    ],
    [
      1.4685822923964102,
      -1.4089565270827178,
      -0.42782464729785175,
      2.8561721682214536,
      -2.336539503987325
    ],
    [
      -1.4428175810701878,
      0.445338370976715,
      -1.382322022227255,
      0.48327113198698524,
      -0.9976360699920174
    ],
    [
      0.7766081107274007,
      -0.3282015874956796,
      -2.3658476300919213,
      -0.16928959250833636,
      -1.3873972483856607
    ],
    [
      -0.6251078865783957,
      -2.2172403337661444,
      1.2652043084054543,
      0.5486635478685435,
      -0.2035644712918614
    ],
    [
      -0.6182579956343015,
      -0.03549347119876489,
      1.6670292762679981,
      0.2574652903361729,
      -0.5563775061293621
    ],
    [
      -2.5806094310625265,
      -0.4836499956195767,
      1.788435364504751,
      1.5618716736913496,
      -1.037453993723211
    ],
    [
      0.11479593173107172,
      -0.23985791404762763,
      -2.1941873961393155,
      0.5938381163222771,
      -2.702788530720765
    ],
    [
      -0.6748357340774278,
      -0.9770034372752773,
      -0.8067540695005495,
      2.4203309148541163,
      -0.7077262939211102
    ],
    [
      -1.5851378642477143,
      -1.982901300972661,
      1.4169682370099477,
      1.3585686502025511,
      -1.7117479054681275
    ],
    [
      -0.9895295221140111,
      -1.1237058876322659,
      1.7678403560400477,
      0.7304198114567939,
      -0.6578607763891787
    ],
    [
      0.3160258623694584,
      1.296471749451067,
      1.6265523948337426,
      1.7108108236508857,
      -1.228292385252338
    ],
    [
      -0.43525183151988744,
      -0.6460057489105496,
      2.447390850094341,
      -1.264344618397199,
      -1.0658157770171393
    ],
    [
      -1.09487997156744,
      1.5739021588603492,
      0.6192148669914259,
      1.2744791426815738,
      -0.8747722018917745
    ],
    [
      -0.6525601631514523,
      -1.7544237727310366,
      1.4285373527782501,
      1.4298680477954206,
      -0.8586655972228675
    ],
    [
      -1.7616547428008853,
      0.29173049191246225,
      0.42711397378412463,
      0.6260408507414505,
      0.4097219769369568
    ],
    [
      -0.46053153339665115,
      -1.2209307128412548,
      2.810668213964539,
      -1.3479964242421663,
      -0.6120436240509692
    ],
    [
      0.21375038566384952,
      -2.5533437134327923,
      1.6199709645496516,
      1.3020949497323107,
      -2.6244614664867605
    ],
    [
      -1.1796704829155558,
      -1.1909227025671374,
      -0.23756875074802575,
      0.4171225799931832,
      -0.8268321639145016
    ],
    [
      0.49090488314659,
      -1.5369157489325214,
      1.4204513744608072,
      1.0888531716841414,
      -1.5349904304970086
    ],
    [
      -1.179136303785097,
      -0.8076589498505242,
      1.7875037128227456,
      0.6083881812199742,
      -0.84888346902843
    ],
    [
      -0.03454730623504909,
      0.11624014207399835,
      1.5784678982871545,
      -0.1304461761194356,
      -0.5089993748606829
    ],
    [
      -1.8238205272249517,
      2.1922831887300496,
      1.9149610411077764,
      2.2134799997781887,
      -2.4756709128514096
    ],
    [
      -1.972872296624089,
      0.39800219399215164,
      1.5552187810446199,
      -0.19049142898317645,
      -1.1226894774596459
    ],
    [
      -2.0764811129865866,
      0.27411961670744034,
      1.6671811926065212,
      0.7821161193004744,
      -0.4811127717852944
    ],
    [
      -5.104738385061088,
      -0.32630726573356694,
      -1.937464284409181,
      1.5050001182511992,
      -0.8327107800694415
    ],
    [
      -0.963649857019345,
      -1.9170764932450584,
      0.5042330089975215,
      1.259556682690832,
      -1.3803410168813657
    ],
    [
      -1.8882227250698747,
      0.3314695826735975,
      -0.6892075498406365,
      -0.3173200362912814,
      0.3076403603939887
    ],
    [
      -0.8388378408696283,
      -1.6365844642209173,
      -0.06645880550248084,
      1.0393311122086932,
      -0.9043033438079743
    ],
    [
      -1.4523788509349242,
      -1.1496826840119825,
      0.4438317036970881,
      0.7934992122170841,
      -2.5130660178546553
    ],
    [
      0.816104107857235,
      0.6224937087014167,
      1.020471118610772,
      1.1291797213799841,
      -2.674710569691814
    ],
    [
      -1.0075014397302295,
      0.06633548402559836,
      0.5934501252803127,
      1.5458900676712481,
      -0.9577769487978826
    ]
  ],
  "id": 9,
  "df": 5
}