{
  "mu": [
    1.042575321398994,
    -1.6280662058016322,
    1.440033394780483,
    -1.2616259584947271,
    -0.6186828739489362
  ],
  "x": [
    [
      2.294299620788616,
      -0.9069618535694911,
      1.055971127759798,
      -0.833590558366254,
      -0.4726755252615052
    ],
    [
      -0.054159089521916615,
      -1.2751396811519946,
      1.4826148769103913,
      -0.8409438285184139,
      -0.4142616119965181
    ],
    [
      2.7985265558124723,
      -3.073629114160223,
      2.1416496634012803,
      -1.5228132918227275,
      -1.6597375048276448
    ],
    [
      2.1437735946378793,
      -1.1578078578866213,
      1.6006019844423105,
      -1.2051231252391146,
      0.519710039712899
    ],
    [
      1.438902159544675,
      -1.9956869736200886,
      1.507858723670952,
      -0.7895847720499476,
      -2.1263752697380487
    ],
    [
      0.7467491812529153,
      -3.0078534035770224,
      2.348998618514189,
      -2.6462163812327306,
      0.4642722631157207
    ],
    [
      1.6838935342520474,
      -1.0416911493277978,
      2.5926749262960853,
      -3.3341281293469547,
      -1.450196426877174
    ],
    [
      -0.6266057339440543,
      0.15291417886596448,
      1.7739902105200263,
      -1.4426804177970176,
      -1.232678685467512
    ],
    [
      -0.22189316857804164,
      -2.7030688246883363,
      1.1295576760088273,
      0.8306751614425316,
      -0.39382415820889044
    ],
    [
      1.772880814083781,
      -1.8700960391197687,
      1.4709267117695133,
      0.505573083799022,
      0.2736762259987232
    ],
    [
      1.8796265571305097,
      -1.1777191114124896,
      0.2850141173247871,
      0.28208131593141306,
      0.2970859363858738
    ],
    [
      1.0913223052607954,
      0.8907278742790274,
      1.9322062726584088,
      -1.9249752397280284,
      -2.2078369170612535
    ],
    [
      -1.3841151441498525,
      -1.6910056033568746,
      2.4393483133031757,
      -1.6250816853211505,
      1.3340309544408804
    ],
    [
      0.580888397914679,
      -0.5403119716142017,
      0.4645299861554515,
      -1.1925272824234647,
      -0.28089518024283394
    ],
    [
      -0.31314467866586093,
      -1.6799236072853736,
      -0.0679494170745194,
      -1.0372942973355095,
      -0.1360988099896155
    ],
    [
      -0.9740453062480499,
      -1.6035165028436156,
      -0.04128568531781118,
      0.23361642705765795,
      -0.33393717962454156
    ],
    [
      -0.5054356836649745,
      -2.84758966099921,
      1.8842547496715207,
      -0.4485653123437928,
      0.9574843802405558
    ],
    [
      2.0536420205273327,
      -1.4274280394901822,
      2.302805777116293,
      -0.5957819265749686,
      0.10139914181737675
    ],
    [
      2.795958042444119,
      -1.3744889885982186,
      1.0464642870157437,
      -2.026738947965708,
      -0.3308240467880942
    ],
    [
      1.9036297267064042,
      -1.7965464652607854,
      0.6801281049102741,
      -0.751404694000243,
      -0.03178882741204914
    ],
    [
      0.38019242667603337,
      0.46009957154834247,
      2.0363428047156167,
      0.033437702435786365,
      0.42068333102667965
    ],
    [
      -0.46837639494674876,
      -1.0302270394648259,
      0.8606764399259478,
      -0.8008399933193859,
      -1.4303480401823094
    ],
    [
      2.3416087511183434,
      -1.796907340781308,
      1.1752427218187305,
      -0.5370707723206182,
      1.2798712444049136
    ],
    [
      1.2333262837040648,
      -2.517683620770372,
      1.5691694883422356,
      -1.2319484932020244,
      -0.2744742306240324
    ],
    [
      0.8894177526184355,
      -1.6350001523448674,
      2.218349759390441,
      0.22408683119486694,
      -0.8834315727354228
    ],
    [
      1.645125626415954,
      -1.6163896241897038,
      3.8514244609658994,
      -1.2845525040436319,
      -3.083591324070199
    ],
    [
      0.9733124771915171,
      -1.8742930334602654,
      -0.37579555631662087,
      -1.8947989647214365,
      0.06297054743275388
    ],
    [
      2.660323542272028,
      -2.935842760054712,
      0.9028942852189834,
      -0.6207775614410775,
      -0.184525285874645
    ],
    [
      -0.005561920270295895,
      -2.4828862092605446,
      1.0593011725981671,
      -0.8882416512935052,
      1.2867375640812249
    ],
    [
      0.5966684032838643,
      -1.6184222859329032,
      0.672940236639462,
      -0.514656891011497,
      -0.09482098812520201
    ],
    [
      0.6945518713991593,
      -1.718943762647938,
      2.463441812445349,
      -1.9828899220263787,
      0.5614464887789584
    ],
    [
      0.8679198317416201,
      -1.8372930061322605,
      0.7837949784158951,
      -2.0068779302304876,
      -0.6378136011425193
    ],
    [
      1.2858831221275233,
      -0.2019263026616731,
      1.359583169481847,
      -1.5612537830789988,
      0.4423300837468983
    ],
    [
      1.1444607580172408,
      -1.0662914475147245,
      1.5100503347664473,
      -1.5059799385634947,
      0.5466004160319725
    ],
    [
      1.2825310481819274,
      -1.852846055800918,
      0.1258948845038168,
      0.06874849601618838,
      -0.12533206103359545
    ],
    [
      1.1915833622385326,
      -2.2433514966711057,
      1.2550998369561273,
      1.1854869747501908,
      -0.0602588162693144
    ],
    [
      2.0660441613324823,
      -1.0998637790501862,
      1.397046950349281,
      -3.559849864358184,
      -0.31551436515346576
    ],
    [
      1.0135452339337894,
      -1.8024058748797502,
      3.4924985755286033,
      -2.194232100707156,
      -0.47767229993712396
    ],
    [
      1.8728554836802211,
      -0.714816827055653,
      0.8810933771372966,
      -1.0648603513282038,
      -1.4142927038484472
    ],
    [
      2.5423178206962707,
      -0.8220244236863117,
      0.3539076301097057,
      0.7399997422817122,
      0.08095376003803634
    ],
    [
      -1.221931268761065,
      -1.065260033002144,
      0.9040763711488589,
      -0.3780347185745715,
      -2.355226355759592
    ],
    [
      1.6418808056769405,
      -2.7929253829929452,
      2.04906039538778,
      -0.6785017158952734,
      0.6744316681989585
    ],
    [
      1.2103700281698462,
      -0.41908248687716854,
      3.4798994425831657,
      -0.9301729556128002,
      0.13245781051034977
    ],
    [
      0.917852790584643,
      -1.3415415480868482,
      1.9967850322669376,
      -2.430960916227057,
      -0.959457669351689
    ],
    [
      1.5651669163282724,
      -1.7642966716991946,
      2.079266939748134,
      -0.41336977341341574,
      -1.7427798293213979
    ],
    [
      1.001518077975471,
      -0.967506643358469,
      3.0177154838806386,
      -1.2324502316104975,
      -0.6525693335495512
    ],
    [
      1.9923103270913847,
      -3.328882536066898,
      1.1585032759481528,
      -2.4534676329616465,
      0.11986785866046334
    ],
    [
      1.8111862708439852,
      -1.1165537892113306,
      2.6594064620840476,
      -1.4257470548779734,
      -2.2112737557670843
    ],
    [
      1.5401783605754438,
      -1.5259337851912849,
      2.207771017706729,
      0.14722039724727898,
      -1.0353706360838824
    ],
    [
      1.0033665632813316,
      -1.4147371163370166,
      2.816864337288225,
      -1.3775824026860166,
      -0.27237507001187183
    ]
  ],
  "id": 26,
  "df": 5
}