{
  "mu": [
    0.11929185269147376,
    -0.5698826608574304,
    0.07530263113326353,
    -0.43653328470297914,
    -0.6956611298294875
  ],
  "x": [
    [
      -0.13446263438325362,
      0.10005374669448008,
      0.7129449756288864,
      -2.2208031547935088,
      -2.351905911640921
    ],
    [
      0.7206728842294552,
      2.4697556055350964,
      0.27011894417710364,
      0.5201694466509299,
      -0.4046754386700312
    ],
    [
      0.37369060600124004,
      1.7354708183052074,
      -1.4651389723893344,
      -2.0168819648959864,
      -0.27557959369120605
    ],
    [
      0.22980633673247602,
      -0.7117228353898444,
      -0.7629844721132873,
      -0.49332528995703817,
      -0.003876876972832899
    ],
    [
      2.124973084788586,
      -1.891599101118334,
      0.16807719303122737,
      -0.5554311124054954,
      -1.012874719140859
    ],
    [
      -0.48107928611781775,
      -0.1854510751507683,
      -2.1033663232858113,
      0.7902474953021746,
      -0.9448334303800533
    ],
    [
      -0.32439290771329315,
      -1.3144002085939035,
      0.23949940113346901,
      0.6751085691826012,
      -0.8208922709959099
    ],
    [
      0.8994453764755717,
      -0.6675852477862159,
      -0.9730049421663233,
      0.029309243702499543,
      0.39724809055022314
    ],
    [
      -0.6750321669617548,
      -0.48350547024321605,
      1.097521683209125,
      -0.08822440713235785,
      -0.9098653738422827
    ],
    [
      -0.736288067203963,
      -0.5490327312010125,
      -2.513262719603971,
      -1.653461138791275,
      1.497519308136079
    ],
    [
      -1.3757246096027995,
      0.8301564251747918,
      1.8418399609491878,
      -0.7448075709813851,
      -0.3120664063758513
    ],
    [
      -1.234440885217552,
      -0.5393320455797831,
      -0.8395404657123935,
      -1.2266259151093855,
      -1.8152903824216433
    ],
    [
      1.476693016565193,
      -0.07045972061586186,
      -0.2020526270837084,
      0.3191161600311353,
      -1.147483357695009
    ],
    [
      -0.6834524354536656,
      -2.067052110315934,
      -0.2484912914393962,
      0.12838779802087164,
      -2.432741591796774
    ],
    [
      1.3630682030587684,
      1.18427984996204,
      0.2875790347214561,
      0.32318952888319075,
      -0.2646220364379736
    ],
    [
      0.6472444482870733,
      0.5043903111319091,
      0.39804215653955316,
      -0.42776317556921245,
      -1.8907865469552758
    ],
    [
      0.06902214711570936,
      1.597575530209843,
      -0.38828042186125716,
      -0.3512552802040622,
      0.18113113283892135
    ],
    [
      0.363133423841716,
      1.5924962776275358,
      0.12601309059106192,
      1.2452369471026845,
      0.4339316764441441
    ],
    [
      -0.6377325191343204,
      -1.560180801397415,
      0.948977589750632,
      -0.6224982423520031,
      -2.1968839606797204
    ],
    [
      -1.6711307650365108,
      -0.5143468081622298,
      0.7545475814981708,
      -1.1758749846919385,
      0.9690965650298677
    ],
    [
      -0.4551006883108372,
      0.837963435985467,
      -0.4602549429335676,
      0.45794755100352247,
      -0.5134958971100824
    ],
    [
      0.7526667200918562,
      0.5585615709689123,
      1.4945651061999998,
      -0.33950512397038274,
      -1.2615107465865663
    ],
    [
      0.9207610099887629,
      -1.108375873136282,
      0.39366480518829805,
      -0.6327244475008694,
      1.0075026257882311
    ],
    [
      -1.972108124525539,
      0.24259740240972627,
      -0.41588269352040075,
      -1.2291806519814683,
      0.37049958788111526
    ],
    [
      -0.5679377500711468,
      0.6973420433104759,
      0.3425661198425083,
      -0.4008290241494347,
      0.8891902656618118
    ],
    [
      0.006840971259863757,
      -1.5116463538920586,
      0.6469249811820147,
      -2.1979663456987053,
      0.15903841410953634
    ],
    [
      1.282216925224456,
      -0.22747580511576243,
      -0.6758116081733163,
      -2.3226376196150915,
      0.39791477977462053
    ],
    [
      0.6609393374905185,
      0.5997855391921615,
      0.6527956625681999,
      -1.7028263400826584,
      0.27450662517064506
    ],
    [
      1.5137782327478813,
      1.5277167572816825,
      0.5795967941373801,
      -1.2261926904757683,
      -1.3868110123135657
    ],
    [
      0.13538072130898463,
      -0.10013195485395382,
      -0.013870866172786864,
      -0.9400509062742043,
      -1.7369542307090655
    ],
    [
      0.02661595927661964,
      -0.16087520794564558,
      0.29343190296080834,
      0.390706027537155,
      -0.521722449691876
    ],
    [
      0.38359343919323513,
      0.0038381467200403474,
      -0.13447917727085656,
      -0.4401570403065087,
      -1.850933180480311
    ],
    [
      1.492961169594099,
      -1.1225533744083136,
      0.04058805035502182,
      -0.7617319675094214,
      -0.3245387893409627
    ],
    [
      1.6077813444162414,
      -0.18322467463786812,
      -0.1673233280240179,
      0.06685506777843309,
      0.5929460947186989
    ],
    [
      -2.5628855543230413,
      -1.3768583290753595,
      1.7817278670832353,
      0.2348869749196827,
      -0.9524994346085591
    ],
    [
      -0.7499710825735528,
      -1.2256623243098037,
      -0.527238678238576,
      -1.217231386251436,
      -1.395971025420526
    ],
    [
      -0.17953295723634882,
      -0.266525701929259,
      0.22817917995306608,
      0.6343663434389083,
      1.217723329296819
    ],
    [
      1.0789741729979208,
      0.18755299280395965,
      0.9432962968356784,
      -0.6739301612655808,
      -0.6224054549182826
    ],
    [
      0.11430590955619527,
      -0.7907535911869976,
      1.9920737988779604,
      -0.8090973528654004,
      -1.3368762665042715
    ],
    [
      0.4107314167927549,
      0.5376101315102496,
      -0.8603408977368179,
      -0.6161798096028782,
      -0.7342271371423063
    ],
    [
      -0.8607418543072951,
      0.3729105728300389,
      0.1981534899733636,
      -1.662996857337855,
      0.5389024466637844
    ],
    [
      1.2819551809469885,
      -1.36535819756039,
      0.7607731560666163,
      0.3845325443965706,
      -0.500919140120929
    ],
    [
      0.24446269838988294,
      0.43627559831479445,
      0.39957708502726125,
      -0.06780222269444008,
      -0.33796456255587537
    ],
    [
      0.39022972370042447,
      -1.2027905635543812,
      0.5841756338750582,
      -0.4625891980148798,
      -0.811002288535826
    ],
    [
      1.163139319119368,
      0.3444226573903236,
      -0.7776286412558856,
      -0.09123517612401821,
      -1.0924798065799766
    ],
    [
      0.3355493106309591,
      -0.7954878715466739,
      -0.33914627160994987,
      1.387384615419132,
      -0.8427631699394513
    ],
    [
      0.4262557666431291,
      -0.20914702275179303,
      0.03215504569438895,
      -0.2015445562480313,
      -1.6041290889418316
    ],
    [
      0.3800355043792015,
      0.473565468347814,
      -0.11511475699839209,
      0.15527479820092016,
      0.8657956599322552
    ],
    [
      -0.895674973737414,
      0.42058623130978035,
      -0.6489066238208123,
      -0.998019386714609,
      -0.20822272695287208
    ],
    [
      0.7395205272395796,
      -2.1245679474192856,
      0.8284360143926719,
      0.27251205553650315,
      -0.9839254094228252
    ]
  ],
  "id": 36,
  "df": 5
}