{
  "mu": [
    0.03596764785124838,
    -1.4488020017717071,
    0.1279186965477352,
    0.7202876566081644,
    0.32465703554383074
  ],
  "x": [
    [
      0.6578474894875169,
      -2.020907790153644,
      -1.212394514729651,
      1.3305211859768953,
      -0.6052773292797196
    ],
    [
      0.0016300918338788342,
      -0.10818141304225337,
      0.12278609864388516,
      1.7612710659402613,
      -2.599084738006171
    ],
    [
      0.031069012195559492,
      -0.8772721467754611,
      2.013439607881746,
      1.0195521821918285,
      -0.48995385526617485
    ],
    [
      -0.4568915812904761,
      -0.7211209437279336,
      0.007021409347842469,
      1.0885755951175822,
      0.263193313614016
    ],
    [
      -1.0557926332744942,
      -1.0093008487431234,
      1.308480361115923,
      1.7029734377436831,
      -0.04325597482886551
    ],
    [
      -0.6006608340068373,
      -2.3777692724932167,
      -0.47687409348416016,
      0.1638574401845957,
      1.520801910528251
    ],
    [
      -1.3662076591347834,
      -0.5634969518018278,
      -0.9223224299337731,
      0.12109432914763052,
      0.8174060835950416
    ],
    [
      1.4338828630087075,
      -2.094451707675817,
      -1.3004295340339458,
      1.9078835878551428,
      -1.2950746581063155
    ],
    [
      -0.057362004556845286,
      -0.8546400832628078,
      -1.6863114012311098,
      -1.8351159373829937,
      -0.1022746174653204
    ],
    [
      0.6840286826705432,
      -0.003037516365085313,
      -1.1205273035392758,
      1.1744462530804567,
      1.5245066702866923
    ],
    [
      -2.2827193325689152,
      -0.36225692460338155,
      0.013706846195835426,
      1.370917553001226,
      -1.032858788325168
    ],
    [
      -1.3377085972524942,
      -1.9979604905568726,
      -0.981517952424954,
      1.4153947340345154,
      -0.5725139345932754
    ],
    [
      1.0025721606076186,
      -1.6095193534374268,
      0.1384970094004714,
      1.7193701958358196,
      -0.30553969859159014
    ],
    [
      -1.3665574555108932,
      0.4194652861660464,
      0.40269906082234175,
      0.2491683347481965,
      0.4783454654636885
    ],
    [
      0.9884921430942563,
      -1.4935762381292808,
      -0.7890480294461484,
      1.2605831217448848,
      0.6132817942718618
    ],
    [
      0.2889234246023846,
      -1.8092486339628784,
      -0.4016599510275481,
      0.8150038564686322,
      0.9743114621582731
    ],
    [
      0.8341015977145569,
      -1.4199525811661369,
      0.14456870760802082,
      -0.5329972370732186,
      1.7874995208130293
    ],
    [
      -0.45444623630039777,
      -1.5980770531804922,
      -0.07916315074773161,
      2.926344778438084,
      -1.2734439480101722
    ],
    [
      1.2488666558522938,
      -0.1587440654720289,
      -0.3820840986261456,
      0.23852453519740507,
      -0.934454385901252
    ],
    [
      -1.9091378455743524,
      -0.9728787447838403,
      -1.0022377542068721,
      -0.7562363281856597,
      0.30875531521370614
    ],
    [
      0.4446334350436113,
      -1.9988443170138992,
      0.04685563558468932,
      0.932351242544815,
      -0.1923885870174592
    ],
    [
      -1.884947123503156,
      -0.7479306102891422,
      1.1199890932688195,
      1.7418357440525671,
      0.4532086973933904
    ],
    [
      -2.3323380437105223,
      -0.38945691334006916,
      0.5493560316103947,
      0.41440143360481857,
      -0.4056242983998445
    ],
    [
      0.4799164848688549,
      -2.6329581341148405,
      -0.7884402554085124,
      -0.05399826427321852,
      -1.2296340129252625
    ],
    [
      0.9331031331914252,
      -2.6893612695959037,
      0.8943111790501488,
      1.1176663078498885,
      0.1456581581229963
    ],
    [
      1.297220161827416,
      -1.0347215146815736,
      -0.23389709438859219,
      1.68872774984984,
      -0.09334688246785988
    ],
    [
      -0.46455043371479743,
      -1.1042631425493283,
      2.819681221633441,
      1.3108802466067258,
      0.1814980916392782
    ],
    [
      1.3687036339164422,
      -0.006390097553142793,
      1.8547733670202038,
      -1.0324585378936526,
      1.332320536933371
    ],
    [
      -1.4698177373666288,
      0.4413113038073715,
      -0.9547852805670829,
      1.0627173607664582,
      0.5247999865323901
    ],
    [
      0.45244760615540486,
      -2.5698183061937243,
      0.8712850837291084,
      0.17516044972571732,
      -0.9986271236252828
    ],
    [
      -0.32722511759275097,
      -2.210057267187856,
      -1.1793859028002687,
      0.6469304694612167,
      0.4493651544315415
    ],
    [
      -0.8613622439492792,
      -0.5433580153682035,
      -0.8069737723959562,
      -0.062368265983861915,
      0.90799321407358
    ],
    [
      -0.10174855557749692,
      -1.0160878215060027,
      -1.8250797117489266,
      1.1824844723648062,
      1.249405954924141
    ],
    [
      -0.019783227769608065,
      -1.0206856483260667,
      1.9763347521717531,
      -0.4856689370673981,
      -0.4177914602816881
    ],
    [
      -0.16841206310810314,
      -1.4070610771797776,
      1.1309128730200189,
      1.0327217388776424,
      -0.20430744130395018
    ],
    [
      -0.5254527696551261,
      0.6815100296598613,
      -1.4962287456262766,
      0.6321616868381078,
      -0.0882816151673752
    ],
    [
      0.21727572217755237,
      -2.0455292143344868,
      0.6626547669313034,
      -1.017831132606087,
      -0.3012937888902496
    ],
    [
      0.5330721837776845,
      -1.0522552130674616,
      0.22927032214423354,
      0.21662607748140916,
      0.9650056551265757
    ],
    [
      -1.8580421652490846,
      -1.368188081093779,
      0.6087559655523436,
      1.5059441515005518,
      1.0720765277875453
    ],
    [
      2.07590769898694,
      -3.1905359680851935,
      0.39754877375234615,
      2.0700199993411204,
      1.5180117798063693
    ],
    [
      -0.6839768129891861,
      -2.241387519811349,
      0.3958440092332365,
      0.5113555990456768,
      0.19430991619683335
    ],
    [
      -1.9174669329433622,
      -2.3810625626772293,
      0.11204990726341796,
      0.2938197969358992,
      -0.07038637513313184
    ],
    [
      0.1976209946083492,
      -1.0161255023529594,
      -0.7317149858379108,
      1.1003788012591773,
      0.4028455619870859
    ],
    [
      -0.9789384828468891,
      -0.14686107769600842,
      -1.0531275679934224,
      -0.12047666441612659,
      0.6955186177317711
    ],
    [
      1.853856363607397,
      -1.6454271079593306,
      -1.0205255215777445,
      0.5258902035758455,
      -0.29615408098996365
    ],
    [
      1.286666989993891,
      -1.6262078628202479,
      0.45522553921194214,
      -0.6074255533751667,
      0.16373070866856804
    ],
    [
      0.6229010365393933,
      -0.26133855089087255,
      -0.9570544477524914,
      1.6223007679621926,
      0.6060681339587597
    ],
    [
      -0.029372931683202638,
      -1.4404221335271274,
      -1.1736765824493838,
      0.41905029567130936,
      -0.5483087173821982
    ],
    [
      -0.3279044615473397,
      -2.4149357199994146,
      0.27808151571609163,
      1.5383809980469165,
      0.4844063042272321
    ],
    [
      -1.8650190785768626,
      -3.325287470848751,
      -1.459067904928848,
      0.8331687148462236,
      -0.4462625452926201
    ]
  ],
  "id": 39,
  "df": 5
}