{
  "mu": [
    0.17059202469906157,
    1.6794818713999466,
    -2.7066972543995065,
    0.3905591525040118,
    0.06748501260279027
  ],
  "x": [
    [
      0.751233336796483,
      2.289605284251965,
      -3.2843895158086553,
      0.13719398694657703,
      0.630067570968609
    ],
    [
      0.6541075782123678,
      2.691458151883814,
      -2.410034363187984,
      -0.06716411800762873,
      -1.2027700088554867
    ],
    [
      1.638005006917178,
      1.1708546656607401,
      -2.921975821168808,
      0.15957319583051602,
      -0.2493640541883757
    ],
    [
      -0.48954056384931954,
      1.277618676837752,
      -4.077358195735973,
      1.0854796246418514,
      -1.6029212260210497
    ],
    [
      -1.4133670341028441,
      0.8740131976869046,
      -3.025796256348352,
      -0.5567612010593077,
      1.2020260569942782
    ],
    [
      -0.5312306184630136,
      2.8855902546181693,
      -3.111766223572201,
      -0.11921784184818379,
      0.41700185556915503
    ],
    [
      -0.21507797545925325,
      2.1034774193931467,
      -2.267071432895317,
      0.8989606051081505,
      1.7215776360567072
    ],
    [
      0.6211087041721154,
      0.3318736923518202,
      -2.419236237202772,
      1.6055221310896997,
      1.8857427949581393
    ],
    [
      0.39978948994794783,
      1.0971315795244236,
      -1.9562768975954417,
      0.3968922829695257,
      1.0065250309762577
    ],
    [
      -1.3705044006366107,
      1.1211478281863876,
      -2.0344889697904236,
      0.5436560527970205,
      -0.9418837860029953
    ],
    [
      2.1848452680820203,
      3.2289983163315084,
      -1.8046225430043656,
      0.4308231406044667,
      -0.4456867589401221
    ],
    [
      0.8343063528344365,
      1.432809429952658,
      -1.812648117237479,
      -0.5084745069324561,
      -0.057590703301916096
    ],
    [
      -0.409778237641538,
      2.5747333797316183,
      -3.2978623088941985,
      2.6792498184452214,
      1.2270855197063626
    ],
    [
      -0.2263360080446107,
      2.3836932286205608,
      -2.4581951329900456,
      0.5927939792732284,
      1.3191939822087968
    ],
    [
      1.4344082391855657,
      1.6207776766651254,
      -2.5611987587800153,
      1.025563479025349,
      1.4631746825884981
    ],
    [
      -1.2008881338799244,
      2.149582741500894,
      -2.567261465403422,
      -0.7645270304224723,
      -0.8902484647998357
    ],
    [
      -0.18698675201152373,
      1.9841367023548013,
      -4.643473254352768,
      -0.16324093355510477,
      0.34515692593368097
    ],
    [
      0.21846107290422465,
      0.5393425368934592,
      -1.4347359372972386,
      0.9061796167169021,
      0.08114256874849367
    ],
    [
      0.47115401291522463,
      2.4123744580603637,
      -2.3564166599283998,
      1.1329250317989557,
      -0.24235159965023145
    ],
    [
      1.6643411321738026,
      2.230018188154832,
      -2.4646405846520043,
      -0.37613046788269594,
      0.2393727980241454
    ],
    [
      0.2135702819570197,
      0.9151713087568483,
      -2.519259829688432,
      0.6614712887652072,
      0.8813082935285634
    ],
    [
      -0.27216116212739694,
      0.21778449021048485,
      -5.146830648689187,
      0.4079670083895427,
      1.054480492387608
    ],
    [
      0.9943818086275744,
      1.0089298146494463,
      0.0941754093742384,
      0.9539817448616799,
      -0.7670493853009099
    ],
    [
      0.7101853904066393,
      1.9516358357300025,
      -2.462939899908527,
      0.3722576355851682,
      3.333975882447481
    ],
    [
      0.578235106388356,
      1.249217868705193,
      -3.0433164797447394,
      0.7426803863029863,
      -0.08652073275379277
    ],
    [
      -0.7590084094162619,
      2.0850392297175593,
      -4.168274520042804,
      0.6971362494065096,
      -0.026667157034674954
    ],
    [
      0.14361840621790806,
      2.3982589564677466,
      -2.8032934842915482,
      0.7228113289466136,
      -0.9222458059771804
    ],
    [
      0.41843133775592334,
      1.290299961913226,
      -4.350574656450995,
      0.900526872622502,
      0.2165177132534557
    ],
    [
      0.9155133386954368,
      0.3957170399887351,
      -4.825282496452339,
      0.8633564088569181,
      0.5276863840501422
    ],
    [
      -1.2132594328621904,
      2.1366613095491758,
      -4.922735153633808,
      -0.631313143422656,
      0.7500066054557111
    ],
    [
      -0.5978261552263198,
      3.433508089804284,
      -2.4751110761540707,
      -0.06587319203630121,
      1.033996922101073
    ],
    [
      1.797772531858185,
      2.968030967607829,
      -4.5237151659661095,
      0.01911391109365146,
      -0.736984596311871
    ],
    [
      1.8951959363376898,
      2.0944331385720822,
      -4.171213601474447,
      0.27980623577321606,
      -0.47387713449492896
    ],
    [
      -1.3261607181055857,
      1.081981668968421,
      -1.832684909829739,
      2.0967009505864174,
      1.2171506023082825
    ],
    [
      0.01833576156702399,
      1.8457843332216104,
      -3.2905845193951713,
      0.19307901738115255,
      1.1102222574700642
    ],
    [
      -1.9897480354701371,
      1.154689301385535,
      -1.0803844568487846,
      0.36598183988088256,
      -1.6327151100511639
    ],
    [
      0.5792126436760335,
      1.2969429027772144,
      -4.420980917955351,
      -0.41997242487325975,
      0.1422434493753528
    ],
    [
      0.19358559646455148,
      1.2679793808115134,
      -2.5845817448128914,
      1.0580427550590985,
      0.7817989682914682
    ],
    [
      -0.03130747765106201,
      1.8088795706897878,
      -1.8262406291048079,
      0.5076405724658352,
      2.0043616862582776
    ],
    [
      0.321852899943018,
      1.483047516859048,
      -2.2177045619547573,
      -0.2883514485487038,
      -0.3058495796210732
    ],
    [
      -1.80410054834839,
      2.8089009120378705,
      -3.054741829293064,
      1.1371104322039327,
      -0.7312711868880443
    ],
    [
      -1.5904117719689577,
      1.1974106412317227,
      -3.8387742411900945,
      0.8999137405803073,
      0.9698370341668336
    ],
    [
      -0.5488525864844566,
      0.9619806911306746,
      -1.2839943019027689,
      0.49597099051245863,
      0.4813978350489556
    ],
    [
      -0.08128920217519067,
      1.0997575069280336,
      -2.168665778390842,
      1.5932979528136775,
      -0.527133402839304
    ],
    [
      -0.6125321605861692,
      1.1267316843703603,
      -2.689081977879501,
      -0.9132653753114113,
      -1.2983372466955987
    ],
    [
      -0.06480962793395645,
      1.4603175715016048,
      -2.8603017168333507,
      0.40401690081368313,
      -0.22904444285349096
    ],
    [
      -0.4596297563826385,
      1.839936243880359,
      -2.803619344130476,
      1.0482522291930707,
      1.1870046580783664
    ],
    [
      0.8526323852470667,
      1.5965198566400733,
      -3.531762887277813,
      1.203489219913447,
      -0.442891461610998
    ],
    [
      -0.8035808348218639,
      0.30346778161656607,
      -2.5834241006264587,
      0.00019879052309429435,
      -0.014865634791358329
    ],
    [
      0.3120774567584994,
      1.233500124999919,
      -2.895248781295025,
      1.4343562230495992,
      -0.27645136188489244
    ]
  ],
  "id": 38,
  "df": 5
}