{
  "mu": [
    3.7139177236671252,
    -0.0030812936692662975,
    0.29133248069919393,
    -0.06452264471290552,
    0.4354952314971075
  ],
  "x": [
    [
      4.685018665354139,
      1.2510277068173234,
      1.5911785720954306,
      0.2883962618844921,
      1.107298642114317
    ],
    [
      4.235919185429857,
      -0.6220109350174329,
      1.6133627987144743,
      0.25643530041799334,
      -0.2934441105243601
    ],
    [
      3.3788788678719044,
      -0.5089324364408769,
      -0.5201950831951045,
      -1.5388210677596592,
      -1.4709740411473171
    ],
    [
      3.8892695287554537,
      -0.044378939605220435,
      -1.51533042728217,
      -0.5349479268573866,
      -0.5076546255971441
    ],
    [
      2.9526828470884814,
      -0.5782422286293322,
      0.7928430135983522,
      1.081396578772976,
      1.363222456279069
    ],
    [
      2.089555278817703,
      0.2256047350078272,
      -0.7512518837193989,
      -1.181690880019207,
      1.1517949508667003
    ],
    [
      4.385261652500852,
      -0.5527737238246205,
      0.37329984429482527,
      2.1621348289747875,
      0.7536862997540885
    ],
    [
      2.7983109035495772,
      -1.2279352750892492,
      0.19886194242421612,
      0.01643288914281331,
      -0.08152442510956553
    ],
    [
      4.4994872319092005,
      0.620352897699234,
      -0.034442162373480245,
      0.4957419012458811,
      0.0687912245093274
    ],
    [
      5.059295861393177,
      0.5291432267898097,
      0.36153641004035814,
      -2.0246145808035547,
      1.3596296231373652
    ],
    [
      3.7598184197255207,
      0.9975786382396472,
      0.3487086812130313,
      1.1839259047004391,
      0.6380965688215575
    ],
    [
      3.901256746188109,
      -1.6567351210709322,
      0.5745307832077007,
      0.9214999312394943,
      1.3291361758719211
    ],
    [
      5.200763551244514,
      -0.9038363937028234,
      -0.06962482728557096,
      0.31320929148726456,
      0.2056942833569585
    ],
    [
      2.8841529444428877,
      -1.449066687517549,
      -0.5866500665735246,
      0.8820931951244686,
      1.716896261109802
    ],
    [
      3.3872144244527185,
      0.5067230871166246,
      -1.7088765733250364,
      0.4038886422977356,
      1.0175464448992042
    ],
    [
      2.9849778714016835,
      0.6951073823096215,
      1.2467115290386457,
      1.6360882942004566,
      0.9521905760195464
    ],
    [
      3.067144586663242,
      1.3514620748416009,
      2.300433329410553,
      -2.9717568682449422,
      1.5592539178426554
    ],
    [
      3.097925236893283,
      0.5061269588710838,
      1.6718025224559065,
      -0.19702314813432897,
      -0.32949429369779043
    ],
    [
      3.304753281235498,
      0.19830588838320712,
      1.2831462889473142,
      0.819532032240214,
      0.8812210364724694
    ],
    [
      4.899913847202984,
      -1.631355658587384,
      -0.8314345835739145,
      -0.4859337357162583,
      0.42887232646344214
    ],
    [
      4.605114848906887,
      -0.5974683985867197,
      1.836606197383209,
      0.4364545074478951,
      -1.5154810479232903
    ],
    [
      3.7924492549099047,
      -0.18647251218644878,
      0.7392953395070961,
      -0.7184863640545641,
      1.8930920371638171
    ],
    [
      3.5390000012367366,
      -0.6396988592041817,
      0.6836654952144119,
      -1.1517491921763143,
      1.2535534593594824
    ],
    [
      4.077973351410461,
      0.9372395839475586,
      1.4313130944101207,
      0.7849582716421286,
      -0.4481565076604676
    ],
    [
      3.96895282931594,
      1.6184185199828476,
      2.499816038341059,
      2.311997504475956,
      0.0701086124054272
    ],
    [
      4.803158548761218,
      0.6052476548490912,
      2.501677006450683,
      0.006141319445536503,
      -1.7313807427973307
    ],
    [
      5.034852719739526,
      1.1925581526483409,
      -1.9224345722144736,
      -0.5027150956467689,
      1.5735045089515511
    ],
    [
      4.5401215196914535,
      -0.9721777314918578,
      0.5437454974343063,
      -0.2111356590926377,
      -0.7630737051318865
    ],
    [
      3.4299646261517944,
      0.9651522642982867,
      -0.7166666546955092,
      0.019874293049680386,
      -1.1874689333688309
    ],
    [
      3.390418158236683,
      0.429699645541711,
      0.4668605007195874,
      -0.7817304305505708,
      -0.37630718895141796
    ],
    [
      3.777795594787902,
      -0.7682513916235851,
      0.8574324897821978,
      0.9743194654677128,
      0.6861194454875614
    ],
    [
      5.1018292591774665,
      -0.6775374330992453,
      -0.5727599456278661,
      -1.3351485876664158,
      -1.4042671912251037
    ],
    [
      3.427439055640777,
      1.7421313247538557,
      0.4068922229572213,
      -0.4120517838948338,
      -0.3031667465499939
    ],
    [
      4.416052891787045,
      -0.3568622875784136,
      -0.44588730297531,
      -0.6537579474543969,
      -0.07036644779469986
    ],
    [
      2.5464286408246126,
      1.58816381382327,
      0.03031439426797633,
      0.036851639205531875,
      1.4604366912809776
    ],
    [
      3.8442099550792617,
      -0.5178637642929806,
      -0.2055634117755865,
      0.478408494915972,
      1.1157132961119838
    ],
    [
      4.217938656190871,
      -0.21484078086527256,
      1.370714076076077,
      -0.4779246359509846,
      1.8477701801898285
    ],
    [
      4.803779964307624,
      -1.449300686861753,
      0.47080173456627594,
      1.1923708607550947,
      1.650468137719729
    ],
    [
      3.084000134107534,
      0.21115540780245368,
      0.7088356411067329,
      -0.4081131764351287,
      0.9476501143030378
    ],
    [
      4.06302328197865,
      1.6357191141798844,
      1.1567527755338605,
      -0.39552046104922084,
      1.9507572589250641
    ],
    [
      6.163760381957357,
      0.752267517386711,
      1.2546954103263228,
      0.2392407030936926,
      0.5580121867304165
    ],
    [
      4.173795808718398,
      -0.7148556324820602,
      0.8145633180463614,
      -1.274753789307247,
      0.24933840266970222
    ],
    [
      5.137297880067673,
      1.8352860296895543,
      0.11029826181919802,
      0.2612713052153641,
      -0.7016926376906065
    ],
    [
      3.4723966834859468,
      0.08607221222884673,
      0.7485708910234676,
      -0.12837870406137442,
      1.1349356878007533
    ],
    [
      3.3599906616034407,
      -1.0238595719698216,
      0.4697461959212823,
      0.623697482207049,
      0.06186876365612082
    ],
    [
      4.036982476422056,
      1.0548807840112693,
      -0.48358055989090243,
      -0.4607235058943029,
      0.7346122670435853
    ],
    [
      1.6213913078719968,
      0.3248077893712769,
      0.08276756617214895,
      -0.45253991644540575,
      1.9565909539566801
    ],
    [
      3.121358058686111,
      0.6583395644077287,
      -0.41209936979824324,
      1.0397019454841596,
      -0.007831025577071216
    ],
    [
      5.152278888252644,
      -0.04422756229882112,
      -0.6004385279122731,
      0.23805304423588597,
      0.1867529052133884
    ],
    [
      4.423828412887729,
      1.5987928106069569,
      2.3204904281395304,
      0.22484325429755964,
      1.1181635364384523
    ]
  ],
  "id": 11,
  "df": 5
}