{
  "mu": [
    -0.22746987025165247,
    -0.7479287148150543,
    1.3078802910942848,
    0.3806595389448234,
    -0.47141700686681864
  ],
  "x": [
    [
      -0.24178573972534345,
      -0.36598390308715684,
      1.9492367715154777,
      -0.3934142176885319,
      -0.9635777399542342
    ],
    [
      0.688440314716362,
      -0.21026355015424558,
      -0.2538876367968821,
      -0.23041552738083015,
      -0.7575532288268753
    ],
    [
      -0.0443112710541739,
      -2.3050543195066737,
      0.6603704771298141,
      -0.35540450660695155,
      0.38018731198955935
    ],
    [
      0.3995131424785877,
      0.31402263645889594,
      -0.3100554156953883,
      0.7981842454998396,
      1.0328071883549517
    ],
    [
      -0.28646962784653485,
      -1.3754492008584145,
      1.0557735399622246,
      -1.6917650538208466,
      0.43264069408914574
    ],
    [
      -1.2346493836666954,
      -2.6772639569338237,
      1.1042015192344294,
      -1.379886242238415,
      0.06668195581448322
    ],
    [
      -0.5985993623377309,
      0.28731907769394327,
      1.490602096458438,
      0.6667618768583352,
      -1.9690769455190493
    ],
    [
      -0.871532021633606,
      -0.13134537639772625,
      1.7608082299379886,
      0.06716857025824824,
      -0.04726302032936419
    ],
    [
      0.3513561391860123,
      -0.27779592128090264,
      1.1076106290666938,
      1.1546932061822301,
      -3.2817519900659358
    ],
    [
      1.0173811616654425,
      -0.21823410384034292,
      0.677922602547821,
      -0.14720586664269275,
      -1.2431587760455671
    ],
    [
      -1.1583535033007417,
      -1.6273442262707416,
      -0.7508098630546771,
      1.9236432209099106,
      0.8655974057079354
    ],
    [
      -0.13950092653709145,
      2.4399065645184135,
      2.3673103313267276,
      -0.37282685178478725,
      -2.5850262567691127
    ],
    [
      -0.5289532676970636,
      -1.52829310720499,
      0.3228582731509163,
      1.0801853798762169,
      -1.5106861791055386
    ],
    [
      -0.1047721280566771,
      0.6365470532605463,
      1.9315831313130813,
      -0.5448130081373002,
      -0.36191672951766457
    ],
    [
      0.15889044131732152,
      -1.2656871764459197,
      -0.3272764965572965,
      -0.6986690764094025,
      -0.8419565368881146
    ],
    [
      -0.28930039902471083,
      2.6003804229414507,
      1.0103667165459373,
      0.5099559824518262,
      1.3782759265142703
    ],
    [
      0.9422843063369823,
      -0.31144393354823363,
      1.1964839238142193,
      0.715621869739109,
      0.771571672289534
    ],
    [
      -0.8860957434258397,
      -1.4303357644157955,
      1.357936009376404,
      0.34062774802021134,
      -1.2864456663907486
    ],
    [
      -1.8680304810105495,
      -0.014836109158486321,
      1.8137887227905916,
      -1.5243224459974973,
      0.023920112392339432
    ],
    [
      -0.8230558130152679,
      0.17185699020322642,
      -0.4309719362904947,
      -1.4321011592736657,
      0.022182869421732476
    ],
    [
      -2.1086981379706566,
      -1.8841509075027094,
      0.4181137023578947,
      -0.32370571504639056,
      -0.4557741305102136
    ],
    [
      1.5445355032327843,
      -2.5240990942939447,
      2.2727664405222683,
      0.42198238037096514,
      -0.7836861805145516
    ],
    [
      -0.7066503749184344,
      -1.4156342007515168,
      1.9006434353782038,
      0.9528379278461092,
      -1.5951424908301883
    ],
    [
      -1.0438326485544156,
      0.9240540217983516,
      1.981519948140415,
      0.814607432612898,
      -1.2816924031201402
    ],
    [
      -1.3154070236344648,
      -1.530033557592978,
      1.5393072334523137,
      0.5936507500687391,
      -1.9434841624344226
    ],
    [
      -1.1440461969917641,
      -0.5274282694319485,
      -0.4724011964200592,
      1.382444157241121,
      -0.9340605967605349
    ],
    [
      -0.023730774555748402,
      -1.2864494071115453,
      -1.160921062712298,
      2.500857550388745,
      -0.2663730391601655
    ],
    [
      -1.6381635396825804,
      -0.6177154030360392,
      0.5499724491221917,
      -0.4973243580258184,
      0.17801940340584377
    ],
    [
      -1.4781882504847992,
      -2.8876825524796925,
      1.2529419321523199,
      -0.32941519009159814,
      -0.7893024601332783
    ],
    [
      0.2812150062119936,
      -1.5063231213162322,
      1.255463509831302,
      -0.7066371640243935,
      -0.018532825999799662
    ],
    [
      1.1873797826230637,
      2.1052009434362717,
      1.7780747724600674,
      -0.39531399260249556,
      -0.9250144854075323
    ],
    [
      0.2669872091076245,
      -1.525170220304168,
      2.6633545299790233,
      0.6354866323069821,
      -0.5839018966156497
    ],
    [
      -1.5366764082176263,
      -1.2117800200185498,
      0.7654551380837211,
      -0.6088896408730841,
      -0.9721475421233718
    ],
    [
      -1.1362900113132879,
      -1.426591952535588,
      1.5973496718419153,
      0.3217696905562337,
      -0.29292204847880726
    ],
    [
      -2.0469338549664498,
      -2.078203393484288,
      1.9604915601556332,
      -0.10143946067695697,
      0.24687231940112386
    ],
    [
      -1.4337189054595514,
      0.14654203477958994,
      1.9999204662338617,
      -0.589191337140591,
      -0.4492675055518621
    ],
    [
      -0.9821547774653714,
      0.6197903388995799,
      1.7639703546830134,
      -0.08430680305103572,
      -0.7973973856595
    ],
    [
      -0.8064458724440732,
      -0.980160902763155,
      -0.11474564254829245,
      0.19308415741874868,
      -0.22353154981520698
    ],
    [
      0.17606887080613445,
      0.20738055471276362,
      2.815513570691863,
      1.9601195810710696,
      -0.5588671571203644
    ],
    [
      -0.8794425174829403,
      -1.467157017194186,
      1.4882667002897643,
      1.4473891131430654,
      -2.198070281391354
    ],
    [
      0.4483560438970844,
      -0.4885617999530558,
      0.21623102183514908,
      -0.39475171850872703,
      -0.8099299575730989
    ],
    [
      0.6510839411442126,
      -0.39647495116600623,
      1.2298818988569997,
      -0.4311481979778008,
      -0.715781598230494
    ],
    [
      0.3515055261271808,
      -1.8261756036130743,
      0.6369336148282511,
      1.4941881627776517,
      -0.0823886261691068
    ],
    [
      -0.3871652128634992,
      -1.9511427193100253,
      2.2424728791214847,
      -1.2368220293529002,
      -0.3543748466866603
    ],
    [
      1.5686026929553334,
      -1.9056036350519814,
      1.4111328369355383,
      -1.102828637214487,
      -1.273713059303191
    ],
    [
      -2.848093352063144,
      -1.5048011001653192,
      1.1150529774538427,
      1.23371448313396,
      1.1461639926178617
    ],
    [
      -0.3962934358501855,
      -0.8655685042517837,
      1.3544180811432496,
      -1.4988886550362164,
      -0.11696997573475482
    ],
    [
      -1.2355044627175134,
      -0.411117574880801,
      -0.23122902159912884,
      0.8692089585925047,
      0.5005904981782004
    ],
    [
      -0.5516233865488859,
      -1.5223954318624733,
      1.1202465751572022,
      0.3178604098078337,
      -3.3347783314119726
    ],
    [
      -0.7451408650967613,
      0.019788781261111832,
      0.8934010130594577,
      2.5266600069277763,
      -0.32989996358476226
    ]
  ],
  "id": 31,
  "df": 5
}