{
  "mu": [
    0.8304920342965669,
    0.29029302439982985,
    0.11511257231240983,
    0.9879277526038327,
    -0.108371524741495
  ],
  "x": [
    [
      0.4428178798313585,
      1.4824126575949663,
      -1.6844716084173725,
      0.198047566575288,
      -0.2786719029599349
    ],
    [
      0.24131724747510142,
      -1.280798496292477,
      -0.5071391106444452,
      1.6483249335758843,
      -1.868465920776666
    ],
    [
      -2.944832832805195,
      0.20916158969822152,
      -0.19330715591648828,
      -0.13325451863536897,
      -1.9769115651488434
    ],
    [
      0.15624846997814346,
      -0.529255975171688,
      1.0547142300381742,
      0.21857995098952387,
      -0.6072402487459955
    ],
    [
      0.5086999213869234,
      0.3145587216607524,
      0.05116004263478359,
      1.1614106171208425,
      -0.2444970388289938
    ],
    [
      1.3559548995705415,
      0.976770434510319,
      0.21893363449420664,
      0.004806725808157886,
      -0.1671440736445899
    ],
    [
      0.07110460097477,
      2.1957292450304404,
      -1.590150447123941,
      2.164359351641644,
      0.7222965059919261
    ],
    [
      0.5108017838776104,
      1.5188270137721034,
      1.642340350587612,
      1.1185734003203727,
      2.133280079974924
    ],
    [
      1.6325462808154283,
      -1.6790037850476958,
      -1.197674870325039,
      1.3265475213752231,
      -0.4129830148067668
    ],
    [
      1.2815626238315065,
      -0.08200330411384538,
      -0.7027788844554523,
      1.5726129881189232,
      0.4478263483065277
    ],
    [
      1.1491813113071596,
      0.05507753388930939,
      1.3257897429976793,
      1.2167511048670947,
      0.044352532389981464
    ],
    [
      4.164008516840228,
      -2.292752877396511,
      -1.3842353214441432,
      -1.6054356222978443,
      -0.08600239915216205
    ],
    [
      -1.34766324644758,
      0.016155208336322613,
      1.6145350750250795,
      2.0553164388531067,
      -0.7307044042740086
    ],
    [
      0.10205355977138209,
      0.19377371197091475,
      1.0462558203104126,
      1.140065633751987,
      0.6007844045623064
    ],
    [
      1.9732329948835092,
      -0.628275253903953,
      0.7821968254725152,
      1.81804609013744,
      -0.48438143257266675
    ],
    [
      2.1723105219834506,
      0.2873979772490866,
      0.5294432873539768,
      1.0065865539580545,
      0.45633078913708147
    ],
    [
      0.19561032560036618,
      -0.8379535008043151,
      -0.09702540717375015,
      0.28861591523632346,
      -0.6957386481485128
    ],
    [
      1.116078126523386,
      1.195402664659714,
      0.45397273902665936,
      -0.26942847324356534,
      -0.08838615166720472
    ],
    [
      1.8670312062517895,
      0.5927929539513102,
      0.09308342110965608,
      0.6794751206791168,
      0.8731595705345988
    ],
    [
      0.2918640907169606,
      -0.22028906836848017,
      0.6128082155075256,
      2.281863842653619,
      -1.4808866946854315
    ],
    [
      1.1802698884527545,
      1.4403417250341195,
      -0.8418342706956284,
      0.3457878687694148,
      0.23616800809396746
    ],
    [
      0.49808335512710905,
      -1.0093840157943275,
      -1.278632272963261,
      0.41131291202173836,
      -0.28724896621557483
    ],
    [
      0.888320707356868,
      -0.38023456394693766,
      -1.406138989642639,
      0.009379111851312683,
      0.512681760223123
    ],
    [
      0.6862340885244077,
      -1.137141159631279,
      0.3883203669196015,
      0.13978428465733084,
      0.09161876471800465
    ],
    [
      0.5189885777887373,
      -0.5148777912703139,
      1.0264533848432698,
      1.3636242622827008,
      1.4157365963480093
    ],
    [
      0.3921110711570717,
      -0.2903342931203393,
      0.9726210286986169,
      1.1159753441501685,
      -0.32044836451336856
    ],
    [
      1.3271792586373976,
      -0.770745282094488,
      0.9920314643588517,
      2.982148449784985,
      -0.7373829877474949
    ],
    [
      -0.6219172512469626,
      -1.008455230605534,
      0.7264854658999913,
      -0.11385055220143936,
      1.2197795350712008
    ],
    [
      0.6139059788668013,
      1.4265150539820044,
      -0.6128530221558682,
      1.078409254679829,
      0.8095319376003506
    ],
    [
      1.0831011823484245,
      1.048383580486628,
      -0.5029028329862479,
      2.720518617538066,
      -1.7183109692331917
    ],
    [
      2.187726757067539,
      -0.3023244498701779,
      1.3606229734722801,
      2.9934555087637422,
      -0.7830391036983166
    ],
    [
      0.35094263863403585,
      0.17809804301095727,
      -1.4083154614376887,
      -0.5746109641634739,
      0.8028469217971573
    ],
    [
      -0.13474983686433184,
      0.36056415993900737,
      0.5272053857068443,
      0.4126811835494041,
      -0.30749087811576126
    ],
    [
      0.5269388697165909,
      -0.1658929510998824,
      -0.5857149300550205,
      1.2298099709055312,
      0.4047938366244057
    ],
    [
      1.337759884256051,
      -0.4564094696165898,
      -0.9556303550842242,
      0.11305444557920741,
      0.10710624021367993
    ],
    [
      0.6065514184523023,
      -0.24119596168905832,
      0.06287317622142063,
      1.4734836951296588,
      -0.07140960982665812
    ],
    [
      0.19143787408044022,
      -0.23042231321447415,
      0.23108520814976785,
      2.1983094134826886,
      -0.016106101531038614
    ],
    [
      -0.23619438789092362,
      -1.2979786033983738,
      -0.5019498933579812,
      1.7246362576569618,
      -2.559816200362367
    ],
    [
      1.881367573930164,
      0.44627681807206443,
      0.9538052973730626,
      0.3587710490916102,
      -0.4743362204791347
    ],
    [
      0.837916271367225,
      -0.941580655042279,
      1.0539769204129963,
      0.5049999500750181,
      1.218976464623078
    ],
    [
      2.252220883173054,
      -0.8727719074697362,
      -0.34484744748345375,
      0.5027188937002618,
      0.013903840204241916
    ],
    [
      -0.18265267421583764,
      -0.48912685642125975,
      -0.15790320883006714,
      -0.18440453327181527,
      -0.5654118376993598
    ],
    [
      1.7758634628936365,
      -0.2474585661156783,
      -0.9849336518495329,
      2.4929646910649987,
      -0.3549206018477897
    ],
    [
      0.7860292116901584,
      0.7015636232988881,
      0.07945657677399766,
      -0.310946078197048,
      -1.504384219648264
    ],
    [
      1.299085320256024,
      2.022713903868506,
      -1.243944137664615,
      2.7046919604816804,
      -0.698942837995021
    ],
    [
      1.8371552231994825,
      -0.23653468865440885,
      -0.17930110442471203,
      -0.28900461257886223,
      -0.7464946317447746
    ],
    [
      1.6079815120558538,
      0.9972985453921336,
      -0.16512081251299793,
      0.2525860259176662,
      -1.3837069765420678
    ],
    [
      1.350880042891423,
      0.7066381435837783,
      0.6088125483893225,
      0.6488718118500567,
      1.1448508963681054
    ],
    [
      -0.20769151234384542,
      -0.6779541751436696,
      -1.5653821960869332,
      0.893994534884753,
      -0.06292854729368982
    ],
    [
      0.31281740247889667,
      0.23189672415540225,
      1.6197877590631984,
      2.4476897085460365,
      0.5057872248399817
    ]
  ],
  "id": 4,
  "df": 5
}