{
  "mu": [
    1.044873405034956,
    0.8662378030466386,
    1.0134945244627824,
    -0.670047219207145,
    0.3175998157582628
  ],
  "x": [
    [
      0.48117313087002067,
      0.6488064916132726,
      3.1822515635643835,
      -0.18649737078189377,
      0.13961027350576258
    ],
    [
      0.8514814303146416,
      1.4371209345074973,
      1.942098496172179,
      0.07068727591829171,
      -1.1049542116865751
    ],
    [
      -0.2119549134138914,
      3.6025937320021275,
      -1.3976583619607739,
      1.3091345017260339,
      0.45698948474814294
    ],
    [
      2.4606195155634163,
      0.4050679794811166,
      2.9080351806864813,
      -0.29106236439950056,
      0.5425250878325629
    ],
    [
      -1.035716691921318,
      1.0540231651993999,
      0.3367194044902848,
      -0.7326974162447291,
      0.8351558414102742
    ],
    [
      0.29054784725291394,
      0.6549242569888687,
      -0.18407753109677794,
      -1.219400079418337,
      0.24184600467434125
    ],
    [
      -0.6586874423196052,
      -1.4785827039020494,
      0.22785693116088623,
      -0.016652557939022872,
      -0.1783649107172503
    ],
    [
      0.6434275395939184,
      1.3115537879380048,
      0.8308325836931812,
      -1.8766541095985954,
      0.5146529193076926
    ],
    [
      0.6897701548053733,
      1.5240654936614242,
      0.836625831953783,
      -0.9123280453607717,
      0.2666108345145131
    ],
    [
      1.3704473178345604,
      1.3660321296691684,
      1.7819207454955828,
      -0.5140957984518875,
      -0.786586307686601
    ],
    [
      1.0365480135357743,
      1.4813220025183438,
      1.3092807013984245,
      -0.3273455087482444,
      -1.4730450092242426
    ],
    [
      0.5899896279834768,
      -1.1789227415264363,
      3.4385200939724863,
      -0.06912737236516187,
      1.352180124300244
    ],
    [
      1.6260941527804862,
      -0.7000626283149208,
      1.4313939331382737,
      -0.876769591071912,
      -0.8631778645396079
    ],
    [
      0.2242074885307307,
      2.645709089486097,
      0.7154516315038784,
      -0.6448612715366993,
      1.286632956783873
    ],
    [
      1.6501289511064683,
      1.3702665826871607,
      1.022602732164006,
      1.392863567973484,
      0.3995549799902892
    ],
    [
      0.3884078231659952,
      0.44684919386267713,
      1.3488435661139633,
      -0.07718355968426838,
      -0.14773177406107346
    ],
    [
      1.235617057686023,
      0.6272574122699488,
      -0.6646599665822439,
      -2.1529593682081667,
      2.533942085990032
    ],
    [
      2.3824752629730264,
      0.29581011304166704,
      0.5826476023616713,
      -0.03225060446386663,
      1.4255844675470017
    ],
    [
      1.3753225659264523,
      0.7930396546315401,
      -0.9303642018902847,
      -0.8854963918892551,
      1.8875908720080266
    ],
    [
      1.2813297602766003,
      0.9051678871341818,
      2.796926288000373,
      0.6682098602134711,
      -1.4391165786938034
    ],
    [
      1.1011672812372784,
      0.5398288298089168,
      2.040488237523001,
      -2.1803911885893905,
      0.6973917675594669
    ],
    [
      -0.5289861811127694,
      0.8546345324636675,
      1.487067702338576,
      -0.9974854158077521,
      0.43106499401194753
    ],
    [
      2.098810621287476,
      1.0382275585813272,
      -0.16961889477330683,
      -1.9434157615805896,
      -0.09832819108521829
    ],
    [
      1.8236847034014003,
      0.6309334694078103,
      0.31052133300123275,
      -0.7552010344552758,
      0.7695663255774197
    ],
    [
      0.49983873718257277,
      1.161516268957466,
      2.1328137696493847,
      0.5463225482745312,
      0.7284954588559848
    ],
    [
      1.5543748757132554,
      -0.45560428637837436,
      1.5214541367377787,
      0.28318657726974805,
      -0.12936676395131136
    ],
    [
      1.8430451396179799,
      2.1004563646133576,
      -0.9339496725236516,
      0.6943503934080361,
      0.6735661514946794
    ],
    [
      1.4425748596379044,
      0.5984818373262774,
      1.8672881184756491,
      -0.7579157954057892,
      0.02249245718674725
    ],
    [
      1.6075411751922253,
      -1.0812468580210703,
      0.88733274337092,
      -2.2334213192685812,
      -1.5728262675874611
    ],
    [
      2.1656735278811494,
      -0.2520746538663211,
      2.056347677307323,
      -0.38077238361223764,
      -0.9288093780853263
    ],
    [
      -0.3483393990136976,
      2.061025243025198,
      1.775733856785061,
      -0.12832609030192055,
      1.0457696293299819
    ],
    [
      1.8704605219586674,
      1.7147404779958104,
      1.2770454908605426,
      -1.4488301540247108,
      -0.6964304594581542
    ],
    [
      2.4010390888690454,
      1.260823147713896,
      1.6049508060999553,
      -0.5135878968489882,
      0.6386682621770424
    ],
    [
      1.6355257523207647,
      0.33305011491003167,
      1.5289312141611227,
      -1.806708345746466,
      -1.417483085624529
    ],
    [
      -0.23019512970753353,
      1.6506033544916492,
      1.2197249888165889,
      -1.0101072944755987,
      -0.6866913258139754
    ],
    [
      2.0681219857727493,
      -1.3641737862042258,
      1.1017476290841735,
      0.2037760941031438,
      1.5191850934667963
    ],
    [
      0.8648076712147876,
      1.0937389456061086,
      0.6254692368135442,
      -0.8266535427219619,
      0.14390086993304335
    ],
    [
      0.6905169719702073,
      -0.2835927162331885,
      -0.07681268994641677,
      -1.5917635765208473,
      -0.8188586064284108
    ],
    [
      2.2508131087119834,
      1.958419469119597,
      -0.48382797877159667,
      -2.2838882834481558,
      1.223402809769224
    ],
    [
      1.147446354216539,
      2.1230312017074144,
      0.9030457668519521,
      -1.567185895878461,
      0.18721521759155568
    ],
    [
      2.5827196054822297,
      0.389409533025886,
      3.926138732595181,
      -0.7291520373073258,
      -1.3335381618383693
    ],
    [
      1.2795214988217942,
      1.3939403277482825,
      -0.21314609490378378,
      -1.7304092975527117,
      -0.08283074385968714
    ],
    [
      0.591942142579378,
      0.9839959978770192,
      0.4703193910540867,
      -1.2112071765398744,
      -0.15848521595877457
    ],
    [
      0.9155958224111856,
      -0.6441713616293007,
      0.690415591146094,
      -0.8938725028097085,
      0.8150822519519707
    ],
    [
      1.003845299388355,
      -0.7549990227801594,
      0.9501391697461722,
      -0.863083628673049,
      0.12865079167311627
    ],
    [
      1.534249637833817,
      0.3686475100456975,
      -0.4514028405070014,
      -0.9677116336646869,
      -0.5723574552700789
    ],
    [
      0.6260954205737974,
      -0.3303869176011799,
      0.7721830789380182,
      0.4463505603328707,
      0.20184124449924581
    ],
    [
      0.14725064356175066,
      1.1083564369652845,
      -0.18086318497790943,
      -0.7304564522296606,
      2.0493960223392977
    ],
    [
      0.4373476398367554,
      -0.1706910241179912,
      0.8522619607903744,
      -1.9017030687293812,
      0.15544224328923759
    ],
    [
      1.267441264982287,
      0.3352726147103322,
      3.138545311072134,
      0.3824392878889046,
      0.23590088273099002
    ]
  ],
  "id": 19,
  "df": 5
}