{
  "mu": [
    0.14392155782297722,
    -2.623238988633419,
    0.8974915684654464,
    0.8494364099568396,
    -0.9437819623020984
  ],
  "x": [
    [
      -0.19307525981786966,
      -4.164545890498134,
      1.5960870469814157,
      -1.2809284376384626,
      -1.477303035996444
    ],
    [
      1.020882366182771,
      -2.288160395873656,
      1.2515914159207453,
      0.8189988316658898,
      -0.2776496294267098
    ],
    [
      -0.41480618294734317,
      -2.154602159527354,
      0.6991777042134452,
      2.0501439837963784,
      -0.7968834269898692
    ],
    [
      0.8167037429566824,
      -1.6672796812951614,
      1.9402870830858445,
      0.001076904905393361,
      -1.8305003930522556
    ],
    [
      2.1435520030732302,
      -4.304546090192066,
      0.7360722709408006,
      0.5703130785916948,
      -0.143505997699793
    ],
    [
      -1.146470188143406,
      -2.7822892786027418,
      2.3262958635676836,
      1.6309424389496652,
      -0.599379328433846
    ],
    [
      -0.617835839123664,
      -4.398918514680645,
      1.3740437358520743,
      -1.0340352892255962,
      -0.11482139369660804
    ],
    [
      2.3910538536573944,
      -3.6484967746748906,
      1.3344909187196983,
      -0.45982847717146635,
      -2.4975818653013455
    ],
    [
      -0.11408608196633263,
      -2.5538206318636885,
      0.8315831867728473,
      3.528412597557084,
      0.2045552010377727
    ],
    [
      -0.9871471602112502,
      -2.3088686383703707,
      1.1019082235096225,
      0.4516242783314826,
      -1.4186398670919487
    ],
    [
      1.6016341341841143,
      -3.299976196361261,
      2.8701528465838395,
      0.8789440429787183,
      -2.1171764692244524
    ],
    [
      0.46316685415347625,
      -3.765463804399161,
      2.609298296239607,
      2.366424893448909,
      0.05085861206344544
    ],
    [
      -1.1978529655262,
      -0.8309226823472953,
      0.9391739564834599,
      1.142383785545582,
      -2.709513525065486
    ],
    [
      -0.03559357041062544,
      -2.374479347715593,
      2.28430319028739,
      0.5090711942567749,
      -3.766541932092111
    ],
    [
      0.06001409638425477,
      -2.768851391219192,
      -0.548685416955958,
      0.947303911847343,
      -2.704672283627644
    ],
    [
      1.8402295857994888,
      -2.000130600318585,
      2.8425367411790012,
      2.0709398814096707,
      -1.5989491367335285
    ],
    [
      0.1339435751984617,
      -3.174215207933276,
      0.4031375059917457,
      1.1768899722807158,
      -0.7068851580011006
    ],
    [
      -1.1208800062941036,
      -2.1034710574073743,
      1.2973393522382854,
      0.7165326563796034,
      1.2577264034041638
    ],
    [
      -1.8715888767733864,
      -3.1645276439040804,
      0.025160122777013183,
      2.142880432660369,
      1.3718611496891011
    ],
    [
      -1.907267500570748,
      -3.0641319024252756,
      3.2861772215511627,
      1.1798704409429353,
      -0.2718925400796175
    ],
    [
      -1.8574727275404608,
      -2.2667574749424264,
      0.5265926006481245,
      0.7482340544587186,
      -0.10790204809204518
    ],
    [
      -0.9693451810887285,
      -0.7420249571202173,
      1.5478031363172193,
      -0.8515112570824402,
      -1.32431964212656
    ],
    [
      0.595325168821963,
      -1.4368927526176312,
      0.6866681045284572,
      -0.21657848940084834,
      -0.7803357319969835
    ],
    [
      0.403240039830448,
      -3.586628202395854,
      0.538494521794161,
      0.3129695065527198,
      -0.15682974105923464
    ],
    [
      -1.5709987389360665,
      -3.9407786516333116,
      2.0779728689330823,
      -0.14185802302401906,
      0.9042942109618708
    ],
    [
      0.6913015634299011,
      -3.6359274373164254,
      0.7907353680094642,
      0.817517883031813,
      1.5393007803878405
    ],
    [
      -0.016084030547460576,
      -2.7451196555365702,
      2.417744428710701,
      0.1600471934665162,
      -0.9158783625626314
    ],
    [
      0.38742028673881207,
      -1.560858327626511,
      0.8684972754539056,
      0.39632129492273344,
      -0.41892243590516187
    ],
    [
      0.47211726813737753,
      -3.9011648431613235,
      0.4755719630629515,
      1.5758537201056115,
      -0.7071730249375643
    ],
    [
      1.184418410737258,
      -0.8248597686634986,
      0.9581663009877304,
      0.5117311830757876,
      -2.5626950305922644
    ],
    [
      1.2067180152586081,
      -3.796532029591762,
      0.5141040352966125,
      1.2822234040741736,
      -1.558337319487685
    ],
    [
      1.7491749998138122,
      -1.9099006666318992,
      -0.6863040805487216,
      1.4788004605308809,
      -2.6202835562401883
    ],
    [
      -1.8945233799380472,
      -4.017525507659231,
      1.3165038445701451,
      1.345034622602899,
      -1.375453530190609
    ],
    [
      -1.017260518480282,
      -2.0653506515879942,
      0.07292240107014203,
      2.0303854690391474,
      -1.879297565533912
    ],
    [
      0.585034265782413,
      -1.1053219542049066,
      1.3230071614601466,
      -1.4556518912466387,
      -3.1545290034723426
    ],
    [
      -0.014838941509362769,
      -2.670559392295306,
      0.18244164791960282,
      0.34423875945301885,
      -1.9860731799970879
    ],
    [
      0.6174311787260476,
      -1.9373942818197647,
      1.07869088778151,
      0.5415206196908424,
      -0.15064090278467368
    ],
    [
      0.6035986268573098,
      -1.5208454665615063,
      0.9095384821372888,
      2.398432563625851,
      -2.2663975339646734
    ],
    [
      0.9605383919748783,
      -2.710205494063911,
      2.9568093042902155,
      0.284244461382525,
      -2.3788465383980366
    ],
    [
      0.880345704219673,
      -3.6864356251490378,
      0.6825113588908316,
      1.8188918401262058,
      -2.6232873248139263
    ],
    [
      -1.2644891928998945,
      -0.6881472654117033,
      1.5417622928452859,
      2.1689243281340547,
      1.5361871249158896
    ],
    [
      1.0493628946095073,
      -3.2561537066449473,
      0.9438213897938289,
      -0.6418958065234176,
      -0.6455149740400372
    ],
    [
      0.4524449216486674,
      -2.664767652807249,
      1.8420467055187446,
      0.4619337586708296,
      0.8148738633645065
    ],
    [
      1.1368930882716506,
      -2.874590239504209,
      -0.30561383518438634,
      1.0809583052876446,
      -1.3359315297042538
    ],
    [
      -0.9616467827312462,
      -3.074088028597184,
      -0.9900101857955245,
      0.32693845203470695,
      -2.229670737520699
    ],
    [
      -0.024541293512019002,
      -1.1642802887532255,
      0.27631228551317655,
      0.49547060116070085,
      -0.9364257379236789
    ],
    [
      -0.5878357845286177,
      -2.0485336898659785,
      1.1327930197088416,
      0.03745244513913215,
      -2.350328989529399
    ],
    [
      1.7242393032467218,
      -2.394450954584899,
      1.8707573045532104,
      1.5053058435786681,
      -1.6395095461739706
    ],
    [
      0.4304351276765734,
      -1.697238425988088,
      0.30299446144924147,
      -1.274714236571978,
      0.8121630848512751
    ],
    [
      -1.229572644878575,
      -3.3070201388602776,
      0.7348900124154636,
      1.984700041014023,
      -1.025203950795072
    ]
  ],
  "id": 22,
  "df": 5
}