{
  "mu": [
    0.4405963548249939,
    -0.3995942992677113,
    0.1258076585613647,
    -0.25461554053520946,
    0.2821926338640291
  ],
  "x": [
    [
      1.8313488652245873,
      -0.576350543737878,
      -2.5296268624333957,
      0.8793709549935018,
      1.1883914352353648
    ],
    [
      2.8603868497119413,
      -1.0380321860163166,
      -0.040260020472405816,
      -0.17660505670964094,
      0.010182710849062582
    ],
    [
      0.10837290639486363,
      -1.293083503291315,
      0.01293301499932746,
      -0.14150174165497653,
      1.1322092081528026
    ],
    [
      -1.4821956024072083,
      -1.5141292072763086,
      0.5367379662901339,
      -0.20448932068262862,
      1.1118195756577882
    ],
    [
      0.9956872082499151,
      -1.8303280119353602,
      1.3221197289429114,
      -0.19141009618743654,
      0.5055807607219533
    ],
    [
      1.4191698772313186,
      -1.6732122905632267,
      0.480867603891717,
      1.4003210243627509,
      1.255338180505863
    ],
    [
      -0.11524052936839818,
      -0.9219051652217892,
      -1.340611127514568,
      -0.5045906013107571,
      0.09651307305957432
    ],
    [
      0.6809563849343823,
      -0.16064396945270362,
      -1.5851542610731193,
      0.27033766822520905,
      -0.06446211347675446
    ],
    [
      1.1719152371836845,
      2.072234707508435,
      1.3009474807854997,
      0.49756065129085997,
      0.03236270671312835
    ],
    [
      1.0280450013325129,
      -2.377176483046986,
      -1.9495888322197616,
      -1.7453965219851553,
      -0.6320739403336779
    ],
    [
      0.44071785863351276,
      -0.0697070473853244,
      0.4912068717030499,
      0.3753800348981519,
      0.9953596778322049
    ],
    [
      0.28564134348759207,
      -0.6848701460622392,
      1.5305320386688903,
      -1.5516632038189027,
      1.129004936948088
    ],
    [
      -0.2736733253630112,
      -2.032534711352846,
      -1.4886659137021636,
      -0.6600854139970278,
      0.6936327297829272
    ],
    [
      -0.01718152958647995,
      -0.5850568493777163,
      0.21483880964393232,
      0.5274598159620141,
      0.0390667333068877
    ],
    [
      0.6401191273626831,
      2.0787986452297353,
      -1.5264778804830987,
      -2.29615209292067,
      0.40434532468078466
    ],
    [
      0.564248510435796,
      -0.3576458374046561,
      -3.1551081742342175,
      -0.5999108516117855,
      0.3890879877529488
    ],
    [
      -0.698957253006365,
      -0.7449579901816661,
      -0.37216329091963607,
      0.930685984710294,
      1.2789891338641286
    ],
    [
      -0.6843988087053055,
      0.1448871142722865,
      0.33834551249489464,
      -1.2688410132566672,
      -0.9414649183981316
    ],
    [
      -1.4254315889377405,
      1.0292256631408052,
      -1.3014004485467137,
      -0.29754469255576477,
      -1.4080598128671948
    ],
    [
      -0.8105837642073301,
      0.0941372025792066,
      0.22139586344631373,
      0.44381204298794047,
      -2.147106425729842
    ],
    [
      2.5384296900265397,
      1.1079721533289888,
      -0.2516852193771194,
      0.36192937547419096,
      0.792378540483627
    ],
    [
      0.20907961224732338,
      -0.5094961807950871,
      1.0722954429764455,
      -0.7657782220130473,
      -0.5434542928370865
    ],
    [
      -0.48394201753379745,
      1.845905967404024,
      -0.2794210398246163,
      -1.3554875678574236,
      0.39727865190271294
    ],
    [
      0.5540051695880075,
      -0.04263353526908975,
      1.785401788696171,
      -0.6943646168867643,
      -1.6176135460128458
    ],
    [
      0.30820650698210583,
      -2.2623570971706934,
      1.0451256680857035,
      -2.074659330921226,
      0.7451871684729353
    ],
    [
      2.378317812637198,
      1.4229212581972288,
      0.13034660458148736,
      -0.21034013887001707,
      0.8043769045821263
    ],
    [
      -0.3478684563874573,
      1.1615393959096232,
      0.03744323398656069,
      -0.00409200744520255,
      -0.5369987344275833
    ],
    [
      -0.35109546245690987,
      -0.08044468306701963,
      -0.07017402490654989,
      0.20702089947687807,
      2.667411420298111
    ],
    [
      1.0722721620056834,
      -0.2737821434120127,
      -0.9858409334775248,
      -1.4949397507923363,
      -1.8300807228425486
    ],
    [
      0.1437001586851676,
      -0.644186721414247,
      -0.497229728431699,
      0.5015740083696674,
      0.36744817574631455
    ],
    [
      -1.9570617696660022,
      0.843513935493089,
      3.225855917551615,
      0.9666476691067245,
      0.40049123049890933
    ],
    [
      1.075016494909758,
      0.8754247702157829,
      -0.396311162540534,
      0.7814017282477801,
      0.2650308336282965
    ],
    [
      0.5515117216712461,
      0.21018453455763897,
      1.1432644647498957,
      -2.244791469301751,
      0.6775231214757357
    ],
    [
      1.523653922744702,
      1.2846199886258896,
      -1.714750458040279,
      1.1696491740551571,
      1.2353333670612738
    ],
    [
      0.705164506784997,
      -1.1231443747466414,
      -0.9075749369887124,
      -0.3969949623286865,
      -0.47594202396575463
    ],
    [
      1.0232635189324781,
      0.8362806636461853,
      -0.5849005973924392,
      -0.15794280439751013,
      -0.49912809213090154
    ],
    [
      0.1464242944419618,
      0.06333365318449669,
      0.5945307705142713,
      -0.4311301940715715,
      0.10095210513557293
    ],
    [
      -1.514501584866471,
      1.545074602517898,
      -0.235092646242369,
      -0.8179362138063657,
      -1.3581718808839611
    ],
    [
      -2.0121654233438666,
      -0.014914871526961693,
      -0.04473666720303082,
      1.865101957846292,
      0.2452857995093075
    ],
    [
      0.07077982360956236,
      -0.7583477422223421,
      0.9230554350962148,
      0.5299055779576514,
      1.1234522928399069
    ],
    [
      -0.5154130488047008,
      0.453227236560647,
      -0.908720687711703,
      0.44314452846044766,
      0.2128273947572749
    ],
    [
      0.7543645469386162,
      -1.8787162136082587,
      -1.36112358007962,
      -0.899896695262066,
      -0.7127308008789208
    ],
    [
      -0.4076789416828132,
      -0.35916080133668177,
      1.0664647059771717,
      -0.8214165230840669,
      2.366869625246967
    ],
    [
      2.0661968362745693,
      0.7059516668021817,
      0.29743573631798015,
      0.32588856084097034,
      1.554062539232709
    ],
    [
      0.5934479068242451,
      -1.6255449286040697,
      1.2180623150243244,
      0.43749244593639275,
      -0.6437205835030131
    ],
    [
      -0.05222314107970644,
      -0.35783251154344187,
      0.048067612828437994,
      -0.5144773200857421,
      -0.6119094167410466
    ],
    [
      0.9836465749507788,
      1.4243098195807953,
      -1.72142163085025,
      2.973782771466303,
      0.7257316701007825
    ],
    [
      -0.30364928349025083,
      -0.10296974908405077,
      -1.7054505584389597,
      -0.7836620975889401,
      0.4650313451586491
    ],
    [
      -1.3626832574220578,
      -0.10238355421571588,
      -1.1748340464265388,
      0.7441148644349536,
      -1.9971460088610558
    ],
    [
      1.9173658284346555,
      1.359308405367011,
      0.29809405634906194,
      -0.7620528280161714,
      1.1343011237630454
    ]
  ],
  "id": 23,
  "df": 5
}