{
  "mu": [
    0.24883740450703098,
    0.9697368185857265,
    1.6244552041858356,
    -0.8340517706388529,
    0.4701697775887366
  ],
  "x": [
    [
      0.6372662250890184,
      1.5890266781812614,
      1.6923304443322913,
      -1.1556442018904178,
      -1.0946341201027876
    ],
    [
      0.03425803792142712,
      1.3039973875394164,
      0.9724374494663179,
      -0.007514548390030074,
      1.1769451712653634
    ],
    [
      0.5203765802962688,
      0.27768778689385054,
      0.8589422134797089,
      0.16397407819606535,
      -0.922669261707241
    ],
    [
      0.4589124781841394,
      0.7004851199365449,
      1.182896382108814,
      -0.31798523224876163,
      1.3398101561925195
    ],
    [
      -1.3354316644938558,
      -0.9531207724371391,
      2.1837205755232976,
      -0.37068223038553455,
      0.04302057415512406
    ],
    [
      -2.1367542172762937,
      1.4184712443948226,
      2.2591180474615973,
      -1.4581880375672673,
      2.223631454196615
    ],
    [
      0.38966482173684525,
      -0.5623069636717646,
      3.1511823366378273,
      -2.675894830107789,
      0.218934869160066
    ],
    [
      0.0029215544036854946,
      0.5304569416359359,
      3.7860236409835193,
      -1.1801806179595955,
      2.439635706530702
    ],
    [
      0.7635430063830303,
      -1.2656991371758957,
      0.9113001088644117,
      -0.18937153969719656,
      -0.737191022853678
    ],
    [
      -1.4983594064629038,
      2.3796823620821623,
      2.0046532681583287,
      -2.6226035820227747,
      -0.8441485540849667
    ],
    [
      2.079283014267619,
      0.3608823241415945,
      1.5417794113911036,
      -1.7474338925523887,
      0.15068256782205003
    ],
    [
      -0.11114543437046978,
      0.37911491236099437,
      1.3091018025329006,
      0.8047619159476406,
      1.240470887409474
    ],
    [
      0.486723634052476,
      0.9562762494362939,
      5.6785445776582435,
      -0.13057234850103994,
      1.336046915014166
    ],
    [
      0.7481884439226765,
      1.7305455119934186,
      3.0573157399088595,
      -0.38050617574954726,
      -0.24865871256718403
    ],
    [
      -1.086194109302293,
      1.4119756450616792,
      2.3863548139928765,
      -2.7859635392607625,
      0.7561635431790759
    ],
    [
      0.31244976714627803,
      1.205909606908803,
      0.1755305529824398,
      0.5356053951152319,
      0.7189190200164944
    ],
    [
      0.40044361513601656,
      0.9090603403100777,
      1.2451895510399782,
      -1.5600472199940163,
      2.5439399333805053
    ],
    [
      1.7792277061313388,
      3.574650699720299,
      3.296912645020972,
      -1.0368983955012956,
      0.7821127788034392
    ],
    [
      0.8820427545070672,
      2.7866011109791957,
      1.2372840601634285,
      -1.866205956177132,
      -0.578455932408591
    ],
    [
      -0.20508802500974774,
      0.6279130178325201,
      1.6706687367630688,
      -1.9667392085728466,
      -0.4916811262925241
    ],
    [
      0.9856464160960337,
      1.7760682446747824,
      1.058929238334351,
      -1.029731553453277,
      1.5487509075677608
    ],
    [
      -0.40766216982164794,
      0.1699697984184998,
      2.512848532590816,
      -1.1120047539702331,
      -0.013925654689651068
    ],
    [
      -1.2741478482197557,
      1.5054253031332057,
      1.1484041804910678,
      -0.09388248554801892,
      -1.691701360212271
    ],
    [
      -0.5285212612802576,
      1.7926681633772565,
      1.1409637713865066,
      -2.0324639978824335,
      1.1868764583099127
    ],
    [
      -0.15405837227859717,
      0.6992828511873368,
      -0.4890747091956964,
      0.04843144655220766,
      -0.5058717865894669
    ],
    [
      -1.324095899323578,
      -0.867802268726299,
      0.9247511874740914,
      0.24661964503821954,
      -0.4390721840032216
    ],
    [
      -2.233103780113134,
      -1.0694565950224235,
      1.2022446013395063,
      -0.9795663072015486,
      -0.03848389279614067
    ],
    [
      -0.6988859244944562,
      1.1047837396894988,
      0.547723460281536,
      -0.8002027528920259,
      0.3827851384854821
    ],
    [
      -0.6117012110861746,
      2.089673916457577,
      0.5407733166578719,
      -1.9721356514875747,
      1.853388588498934
    ],
    [
      1.6100203144577219,
      3.0121313447397386,
      1.2936534927980985,
      -0.6113491042279372,
      -0.2708721093102869
    ],
    [
      1.2555365711797228,
      1.1156322865934507,
      -0.2134285457189613,
      -0.031133729513239228,
      0.14972428068290078
    ],
    [
      -0.34951826182286694,
      0.5365145045363253,
      0.21716008506024842,
      -1.746090851586116,
      0.3692906792546166
    ],
    [
      1.315590030613994,
      1.6156441106778279,
      2.449609613631669,
      0.24725317939328295,
      0.664900251231783
    ],
    [
      -0.04715593518553504,
      2.482229571386557,
      0.5686187282001989,
      -0.3134181269928985,
      1.0044141058830385
    ],
    [
      0.26125028212647206,
      3.7577994239743533,
      1.947224076936097,
      1.8244984934549158,
      1.5574448490009978
    ],
    [
      1.1650851992513187,
      -0.27152036354162346,
      0.6924491163101143,
      0.11019048093095296,
      -0.016354964784206727
    ],
    [
      -2.0103279392089393,
      2.082180721277928,
      0.6129786633183658,
      -1.2940920155693394,
      0.26036324655427445
    ],
    [
      -0.16734304257808055,
      0.7401547880973041,
      3.414199543508998,
      -2.2690180479300928,
      0.033721705491833065
    ],
    [
      -0.38573059628534434,
      1.6802451675841619,
      0.9722652918342938,
      -1.1296320049073922,
      -1.2813333426201123
    ],
    [
      0.5220288995091377,
      1.1699377039383339,
      2.3797100937696802,
      -0.9312354852829438,
      -0.1828161595720375
    ],
    [
      -0.5466532037341055,
      1.4416643832576628,
      1.5055793786792244,
      1.4582429773809054,
      -1.2139133754844185
    ],
    [
      0.15414371042062766,
      0.8701210377664824,
      2.351278669744686,
      -0.010017867483449683,
      0.463990769894345
    ],
    [
      0.07086656947198874,
      0.1528387740009043,
      2.7014309590500325,
      -0.047976169371697464,
      -0.46101861203276223
    ],
    [
      0.3046236061890394,
      0.9211223424913815,
      2.2424273380047337,
      -0.5715968907234715,
      0.47864988563422106
    ],
    [
      0.10654153729011676,
      0.5791400846271157,
      2.220706649200218,
      -2.2567336148982293,
      -0.16152427246113604
    ],
    [
      -0.8994138831160936,
      0.5283813574448601,
      3.564306458520373,
      -0.18941219558012434,
      0.7996429147979415
    ],
    [
      -0.9643627671820254,
      0.01990675431950939,
      0.6682810475319849,
      -0.29533713608182244,
      -0.022098490248772085
    ],
    [
      0.03157367419541665,
      -0.9157177490372859,
      1.7418312914879606,
      -0.2456624093651898,
      0.30542737350152593
    ],
    [
      1.5014132898057753,
      0.08350325037818473,
      1.4156242814940097,
      0.2875294098419524,
      0.2990320141701934
    ],
    [
      -0.6303136151594798,
      2.295763015169021,
      1.7218524937855795,
      0.025465269630170706,
      1.7081700782115203
    ]
  ],
  "id": 6,
  "df": 5
}