{
  "mu": [
    0.40026689302033713,
    -1.0565212893092906,
    0.9850415191977349,
    -0.7983011657029924,
    -0.9308101568961306
  ],
  "x": [
    [
      0.3941569877991955,
      -1.224382134122835,
      1.1847354452601389,
      0.42767033545495403,
      -1.2959675834430657
    ],
    [
      -0.1002560248420199,
      -1.3128050837686849,
      0.6124987208335868,
      -0.1184566802093937,
      -1.536087565200325
    ],
    [
      -0.35581336872722147,
      -1.5635386470105295,
      0.8940753575491788,
      0.7150129169848705,
      -1.399693717830451
    ],
    [
      -0.7063237546895148,
      -0.567540625398143,
      2.3608575592937533,
      -0.7228805486774327,
      -0.6319506729732388
    ],
    [
      -0.9361191538519925,
      -1.6321363003245928,
      0.781574468071682,
      -0.7677385507913589,
      0.03824944988543211
    ],
    [
      -0.41356127359250383,
      -0.2689308824529417,
      2.786964882586597,
      -1.318933586988158,
      -1.065412469992942
    ],
    [
      0.04880582861292504,
      -0.4953107149135524,
      1.109105698249953,
      -2.16417806627499,
      -2.108080313463059
    ],
    [
      -1.201316483839515,
      -1.2040792773537463,
      0.9895946808530881,
      -0.5028565225373378,
      -1.2810610294740516
    ],
    [
      -0.8028787748519445,
      -0.4286901516944086,
      0.551815256682056,
      -1.1204836508453018,
      0.3799764832995559
    ],
    [
      1.0358497947741825,
      -0.0963618820048664,
      2.9602898576886076,
      -1.4030681473926236,
      -1.1289245509451489
    ],
    [
      -0.39234269528980437,
      -0.8360026938008769,
      1.430485202852417,
      0.21566994758580105,
      -2.868680736634953
    ],
    [
      0.7935490623951867,
      -0.4553026268730731,
      1.3442016282351843,
      -1.4133638186719533,
      -1.8527866235446115
    ],
    [
      0.7663116988490997,
      -0.8823440078868783,
      1.6621866050686038,
      -2.1674564969400083,
      -0.16996890325725567
    ],
    [
      0.002781868697553036,
      -2.768595133919563,
      1.161570699550792,
      -1.3919373784617002,
      -0.5375538813988032
    ],
    [
      0.43798281934353983,
      0.7310715939421635,
      0.5759994991320235,
      -2.1122358799050813,
      -0.4134654418434991
    ],
    [
      -1.9809660323771978,
      0.14296606096724984,
      3.0374167186300807,
      0.17998614970007698,
      -0.46235069424714376
    ],
    [
      1.9157920741240582,
      -0.16898399796351782,
      2.3538088892642204,
      -2.5030335188667774,
      -2.132959759879077
    ],
    [
      -0.6585886898302992,
      -2.094793286596905,
      0.6522166414908428,
      -1.3157765137702224,
      -0.4201035924573028
    ],
    [
      0.5777607442516319,
      0.46971444355206726,
      1.982722602592013,
      -0.6889418008599059,
      -1.383811190992329
    ],
    [
      -0.1068464454080229,
      0.08955936135301057,
      1.1685805073089297,
      0.6317385455550701,
      -0.7320883629797161
    ],
    [
      0.45599817034827,
      1.114272510749416,
      0.8643695451664433,
      0.7678758021458378,
      0.44469809248021386
    ],
    [
      -1.475587000852788,
      -2.3501086920519163,
      0.2880251523277355,
      0.4958714654170322,
      -1.317622827505381
    ],
    [
      0.1626191680324668,
      -1.720275281777512,
      -0.16498368473493485,
      -0.44220021186695113,
      -0.09012412536508851
    ],
    [
      0.2811508940768702,
      -1.1595172910783182,
      0.3749879674207922,
      0.9619343100727715,
      -1.0095195029938318
    ],
    [
      -0.9164048159846202,
      -0.4822566188152526,
      1.5726270950258308,
      -0.31802978624448847,
      0.5383231319215419
    ],
    [
      0.3017045440070032,
      -2.614719248230876,
      1.4397487424198603,
      -1.2791135008474268,
      -0.5070338126278253
    ],
    [
      0.04924971414348006,
      -0.852769225781652,
      0.8990688316187911,
      -1.7423031026851716,
      -1.0267846114468222
    ],
    [
      -2.113508533305974,
      -1.5872471710316576,
      1.3892152813634095,
      -2.490642923465427,
      -0.486250595781155
    ],
    [
      -0.601880634856336,
      -1.0484727580754127,
      1.329086573636094,
      -1.6089765892511545,
      -0.1570474119050489
    ],
    [
      -0.017086141319352932,
      -1.896144694363928,
      2.7202338478487302,
      -2.6659302075116056,
      -1.8634031724176037
    ],
    [
      -0.4337027768503102,
      -1.7482625726038221,
      1.6307241138073372,
      -0.24905713096665683,
      -1.5569746163001335
    ],
    [
      1.2006430261859715,
      -0.4977710425422367,
      1.3009692651351268,
      -1.3194637403086555,
      -1.3738947389116656
    ],
    [
      -0.7903024791525249,
      -0.11963268193561116,
      1.6538077771941544,
      -0.5359706986910269,
      -2.482743235451187
    ],
    [
      -0.8478940202159079,
      -1.502137788195566,
      2.604442151858988,
      -2.741512052626577,
      0.4659567991107111
    ],
    [
      2.406050740886795,
      0.06694903596551538,
      1.116512033300647,
      -1.402293530694589,
      -0.1768644099160559
    ],
    [
      0.7266776476771468,
      -2.050307364092622,
      1.2659570067218697,
      0.2668474727448311,
      -1.86167586272806
    ],
    [
      1.836060252952766,
      1.105437677025624,
      2.5452364955154136,
      -1.3823562920657833,
      -0.16859931109603155
    ],
    [
      -0.12981064690702182,
      0.5522949019822951,
      -0.22309764793423947,
      0.07018078221095736,
      -2.2736643885809604
    ],
    [
      1.5868603254481277,
      -1.0004453611012158,
      2.7136670633014757,
      -0.9176510394190879,
      -0.7613058711953067
    ],
    [
      2.378238932780782,
      -2.36481652196326,
      0.4391307050214188,
      0.41410360527475665,
      -0.4503416099550399
    ],
    [
      0.23685690794957218,
      -1.1377161053577474,
      -0.004323715885454882,
      1.382967443234142,
      -1.3840981749916232
    ],
    [
      2.0241851092795415,
      -1.5793931052373356,
      4.221777942185064,
      -1.5354140475397926,
      -1.5093544609591834
    ],
    [
      0.7086893644634926,
      0.13574495973413647,
      0.8313846431546126,
      -1.6699136061872175,
      -0.19071183106494505
    ],
    [
      1.1011163114512963,
      0.7849021916941064,
      0.6326674962658928,
      0.5241145143992554,
      -2.862681835928152
    ],
    [
      0.9885119668364908,
      -0.7120443813380766,
      1.7983355558170264,
      -0.901829197505723,
      -1.026320497162405
    ],
    [
      0.5738062342893648,
      -1.0941552562032963,
      2.1766479298092527,
      0.08375180673766269,
      -1.267188496637957
    ],
    [
      -0.5233818048840779,
      -0.8497395938501447,
      0.0398333620329262,
      -1.8759684323007157,
      -1.3165572015780407
    ],
    [
      -0.070778042638723,
      -2.372580761757572,
      1.9525754376352118,
      -0.9363588578247212,
      0.4789275305881501
    ],
    [
      0.6783227847035413,
      -1.887682993173865,
      1.4226504991053,
      -1.1443294076832575,
      -1.1495820632965812
    ],
    [
      0.3146860185431614,
      -0.9307586529818243,
      1.7891202968961926,
      -0.7804059596613904,
      -2.395192540233417
    ]
  ],
  "id": 43,
  "df": 5
}