{
  "mu": [
    0.9389770776543419,
    0.056399119733138096,
    0.9699974491656213,
    -0.6502721294472888,
    0.17511312353147987
  ],
  "x": [
    [
      0.4997324274460291,
      1.0913127099161135,
      2.396664097737816,
      -0.14005502653685487,
      2.4310280837972535
    ],
    [
      1.6642529888422228,
      1.7372867489331856,
      0.4028067963145745,
      -0.6578862309005145,
      -0.4954021431756016
    ],
    [
      0.7682943877758811,
      0.4356120756856559,
      1.5460707627738846,
      -0.05437836199072266,
      0.056545166407821576
    ],
    [
      0.23747326666720758,
      -1.4127773103136154,
      1.6119901223843462,
      -1.1780612267232584,
      0.7926247495983998
    ],
    [
      2.24393128420626,
      -0.8775991673630829,
      0.8399433935887602,
      1.1555596441841307,
      2.074670377147046
    ],
    [
      0.1997236121428071,
      0.9417179823427185,
      -0.12410017673751927,
      0.6507565702513394,
      -0.2724112522606418
    ],
    [
      1.6175606950710142,
      0.4464804147951601,
      1.1255173560704153,
      0.15035120907744504,
      0.7149999962637791
    ],
    [
      0.5678910098829764,
      -0.1036881702859549,
      2.2726335890320195,
      -3.284285449590671,
      0.32880981223159306
    ],
    [
      1.377906079193311,
      0.27013699338992625,
      0.31400579422856845,
      1.2005627059705977,
      -0.10899500481226196
    ],
    [
      1.9763914509557567,
      0.2543294863805914,
      1.6872976676420466,
      -0.847923721040613,
      1.341755903623185
    ],
    [
      0.2578590779390668,
      0.9348290835002655,
      1.62452032162534,
      -0.29092094836496796,
      -0.28649607524484955
    ],
    [
      0.5309450332471055,
      -2.5279476996572736,
      1.3355324454900326,
      0.248871746448876,
      5.0582804994203645e-05
    ],
    [
      1.5830218965850538,
      -1.2693464845840834,
      0.6902698577851587,
      -1.1182832799697173,
      -1.6332462748043541
    ],
    [
      0.9068819654453971,
      -0.8716724064550513,
      -0.3264762465282537,
      0.7397198256155186,
      -2.417808838614468
    ],
    [
      0.5188158506013284,
      -0.05963673703506136,
      2.1583521985238283,
      -0.4904610254353964,
      0.32338216595787095
    ],
    [
      1.4996291769198464,
      -0.5547186616904889,
      0.2174104715832711,
      -0.30457598831404936,
      -0.4979131174370657
    ],
    [
      1.0557895514913849,
      -0.3988439190525794,
      -0.24868740415648694,
      -0.03595012117989638,
      2.9992174665215074
    ],
    [
      0.007772666483572888,
      1.0805233196685988,
      1.0337720442429128,
      -1.0037609763156403,
      0.06410894485266497
    ],
    [
      2.5371662508478328,
      1.4445996698000505,
      1.086215297704964,
      -1.0591313546657373,
      -0.8322318185117675
    ],
    [
      -0.3569914742018784,
      -0.37059171288182025,
      1.524676928323056,
      -0.8494271209329369,
      0.7851341085271643
    ],
    [
      2.1979296284051526,
      -2.091714290067179,
      1.2440308548425585,
      -0.7761715970998408,
      0.6642137727350964
    ],
    [
      0.14565413830488105,
      -0.2690220588389858,
      0.5489959150278003,
      -1.3154952250810097,
      -1.3786435129531356
    ],
    [
      1.5763577648843,
      0.5652515465310824,
      -0.3604061218316915,
      -0.31812970171250843,
      2.569275340302206
    ],
    [
      2.433952501874431,
      0.4663499896763996,
      0.5435403945452074,
      0.30138047350550046,
      -0.6971611974161307
    ],
    [
      1.3373576223272656,
      -0.271610098462701,
      0.7282364923011977,
      0.21389843511929718,
      -0.0096219478933261
    ],
    [
      0.011931320210353591,
      0.022298422005044706,
      0.571089117355306,
      -0.3735040150551622,
      -0.13728743669281937
    ],
    [
      1.8284360893586413,
      -1.5820882004865464,
      3.162693043140249,
      -1.0745327012930113,
      -1.8661194214685586
    ],
    [
      0.7106783128038083,
      0.6034786717194354,
      0.9665318121397339,
      1.226029951877431,
      0.2727133049684506
    ],
    [
      2.627579051953735,
      -1.281656826337708,
      0.3065208560301258,
      -3.044124914624514,
      1.2630598105514133
    ],
    [
      0.655334519219607,
      0.39098165006723107,
      2.7520179231864392,
      -0.21167892489641604,
      0.37519475034776295
    ],
    [
      1.8724463812718084,
      0.4355954468560142,
      0.6360657221535555,
      -1.2898691169514929,
      0.8798980333985248
    ],
    [
      -0.6194304468164519,
      0.689335021187047,
      1.5346312072377404,
      0.4074598338255524,
      -0.38183059422132803
    ],
    [
      1.5207858551730595,
      -0.8671597966590128,
      1.0951484239048361,
      -0.8611436470552485,
      0.5425735066558236
    ],
    [
      2.521533496174197,
      -1.2006461579065812,
      0.6884808132804539,
      -0.5752302666634366,
      1.8040140011172563
    ],
    [
      -0.5279525822000338,
      0.2024791801336591,
      -0.09755287150247682,
      0.8314871738353449,
      0.4655439639212716
    ],
    [
      0.7220400472970894,
      1.9175967295182155,
      1.450325010055711,
      0.20645294513890866,
      2.9122844692126306
    ],
    [
      2.221168226635346,
      -0.4166543114875789,
      1.5618168244476123,
      -1.3882283554515178,
      1.4532718049703524
    ],
    [
      1.9448240876246703,
      -1.8908898909007925,
      -0.947252159236926,
      -0.44345697938556183,
      0.07767217564262091
    ],
    [
      0.5637319569500574,
      1.551221494358284,
      1.5017404035412456,
      -1.5754356911212986,
      -1.0603184464020088
    ],
    [
      2.232186144946575,
      0.9032606675093473,
      3.643008557805234,
      -1.114144799103131,
      0.679037501474526
    ],
    [
      1.663944542272973,
      -0.49531037051372034,
      2.0376075541453926,
      -0.47095825782270817,
      -0.03128490793317151
    ],
    [
      0.532572466913223,
      0.38853063821965456,
      1.5519932471452522,
      -0.844700566081928,
      0.9780981522838952
    ],
    [
      0.4648020370414847,
      0.7549278679208404,
      1.0388641978298527,
      0.07581366414874102,
      -0.8932158018541995
    ],
    [
      0.6703164234036045,
      0.05883033938974704,
      0.5966015889783427,
      -0.8678184055895168,
      1.0192380593075823
    ],
    [
      0.9762804675614255,
      -0.05687799723024869,
      1.430777186597764,
      -0.042819840114767804,
      -0.19492628997416026
    ],
    [
      1.187184899858664,
      0.8905640910982238,
      1.7561101594103041,
      -1.9977157153333962,
      -1.3277130177719927
    ],
    [
      -0.09889895150168793,
      1.8019303091294105,
      0.7271814904492616,
      -0.9297510888429752,
      -0.594058750182168
    ],
    [
      1.0826189123855159,
      2.060700062111768,
      -0.3079400389682371,
      0.0023866997719391714,
      1.3438095052976178
    ],
    [
      1.6751235071319552,
      0.11673541137841874,
      1.6454383961254233,
      -0.07812722720235621,
      0.29431344020498135
    ],
    [
      0.3600928460519728,
      -0.02029496669837546,
      0.8884428415615999,
      -1.0934023014380472,
      0.4119189909336658
    ]
  ],
  "id": 21,
  "df": 5
}