{
  "mu": [
    1.3825936384140125,
    0.6741755326567918,
    0.15852703900915976,
    0.41472385774740483,
    0.30484156027769693
  ],
  "x": [
    [
      1.3743838500140415,
      0.4551697623868781,
      -0.17118424010298405,
      0.7105317725828355,
      1.3097455407890477
    ],
    [
      1.5987859365477481,
      -0.5289781907208486,
      -0.8168486850591117,
      0.40500120722878125,
      -0.043811071499962106
    ],
    [
      2.0108990502778816,
      1.1699651922256349,
      -0.5701134038721978,
      0.20019265815569143,
      -0.6500372420050722
    ],
    [
      1.839757788343483,
      -1.2254685326619195,
      1.2855007989223401,
      1.7377459518858367,
      -1.976679144740864
    ],
    [
      2.162251113030755,
      1.8701848204135114,
      0.22472963113360966,
      -0.41678477002627445,
      1.0013559625384705
    ],
    [
      -0.2316677207813871,
      1.5474741219201436,
      0.11432090185278662,
      0.9228047753691448,
      2.0260809012197325
    ],
    [
      2.7708653598917667,
      1.6939043263196523,
      -0.6479610983845274,
      0.2122133805532446,
      0.8758837431349396
    ],
    [
      1.4689562801165128,
      0.034688701570720015,
      1.2552360812996475,
      1.1331691680121898,
      1.2573252213095412
    ],
    [
      2.155937080254603,
      0.5399686466506165,
      0.6056058684133544,
      1.4294177975047555,
      -0.06484796051102598
    ],
    [
      0.48150787548537777,
      -0.3847593791692525,
      0.026364383714491013,
      0.7990457025125324,
      1.465883248475992
    ],
    [
      2.076831857704098,
      1.31280387129007,
      -0.3906125040046542,
      -0.1466456515886153,
      0.9778072896560728
    ],
    [
      -0.30729783096250496,
      -0.7073772793342163,
      -0.3009557350331005,
      0.6887129906803833,
      1.064245872911095
    ],
    [
      0.3058720987942951,
      0.2441661748094061,
      -0.2480672497048781,
      -1.6465500526405907,
      -0.35237462270959397
    ],
    [
      3.6966551047666902,
      0.0334222036249322,
      1.1782589667585852,
      0.5730117692374704,
      -0.61023230793233
    ],
    [
      0.6321557273966253,
      0.5675450898161061,
      -0.005825189112625667,
      0.4380588914090699,
      0.7970753161785085
    ],
    [
      1.1849492634783656,
      -1.0606985336882184,
      -0.8161917598448206,
      -0.8544765861703505,
      1.1617628770564565
    ],
    [
      1.3112318954213786,
      1.1237987424681093,
      1.6808973929778828,
      -0.312765695271217,
      -0.3617225576490779
    ],
    [
      0.8265350865906689,
      0.22325791486582258,
      -2.0972369771919763,
      -1.6059226007406313,
      0.5966414389551404
    ],
    [
      -0.020656205641314207,
      0.47530211397005834,
      -0.4755836387047603,
      0.09027155402693943,
      0.6219122641298713
    ],
    [
      1.4975124763666428,
      0.591392389184122,
      0.9683259673704309,
      1.582341586252601,
      2.448367715361781
    ],
    [
      2.6026541305580073,
      0.9240545247269689,
      -0.5953981205253096,
      0.07284461484073235,
      0.5104407495371031
    ],
    [
      1.0975944422126804,
      -0.10476329599594414,
      -0.6763211261404001,
      1.8585521225958672,
      0.9884139642993566
    ],
    [
      0.13816031005147011,
      1.5497960504726385,
      0.07105574748172064,
      0.3796362246736609,
      -1.533214298256945
    ],
    [
      -0.15164909883068756,
      -0.3626650427815894,
      1.0068768053852768,
      0.46442488735619814,
      -0.27387150824551165
    ],
    [
      0.3818831628471431,
      0.7574574882123625,
      0.9286408123213205,
      -0.7659124199994072,
      1.8292761504983468
    ],
    [
      0.14491750932180159,
      1.5377072940814311,
      2.4548445491504722,
      -0.3092642662120567,
      1.4063555289998213
    ],
    [
      1.8525180501347798,
      0.1071201364291462,
      -1.2024151546194795,
      -1.2504413463397883,
      -0.7923803470071843
    ],
    [
      1.5712481355494883,
      0.5099502660534709,
      -1.270817340273461,
      -0.15783999150200245,
      -0.6871533035129364
    ],
    [
      2.3934707152898183,
      1.8999883831833522,
      0.42222529567130473,
      1.0446952190393661,
      1.030882632518078
    ],
    [
      1.8274858276722732,
      -1.2563578080668083,
      1.8822321800367097,
      0.5570993038513252,
      -0.4458534328464514
    ],
    [
      2.317676463825369,
      0.09364764478783338,
      -0.22278673329933818,
      1.6467670424074679,
      0.7721417905049281
    ],
    [
      1.4931874724051628,
      2.1619508050426353,
      -1.323566776410888,
      0.9534802264274684,
      -0.3306882767265191
    ],
    [
      2.5181632235081395,
      0.9704747669127312,
      -1.0150914065482208,
      2.188136579384667,
      -0.16719935874263825
    ],
    [
      0.21316508824135805,
      1.406371068497624,
      0.08217013324974179,
      1.7584656335980928,
      0.21333890221784035
    ],
    [
      -1.4097028160670824,
      1.698027235899605,
      0.553922139927603,
      0.4193344882005989,
      0.8314009003399391
    ],
    [
      1.214081421857722,
      1.2559843258441858,
      0.9720787688705362,
      -0.5415841374875886,
      1.1073685686188846
    ],
    [
      1.0331852642940234,
      1.0321033532451873,
      -1.4189092786753263,
      -0.7029850672018803,
      1.862359035413507
    ],
    [
      2.2184478031677046,
      -1.8308774401361279,
      0.20554193873825166,
      1.239400780805552,
      -0.728911608189608
    ],
    [
      2.342329886742011,
      0.17595640207145924,
      1.2887323610315613,
      -1.0738585224538544,
      -0.32440553216776036
    ],
    [
      0.03826188127189312,
      -1.0306339371472402,
      0.757876819937713,
      0.20448014412440202,
      -1.4645495106112172
    ],
    [
      2.447053435970208,
      0.9052984650317477,
      -0.6237252295209508,
      0.2594742736335637,
      -0.928663701682744
    ],
    [
      1.9103191406143207,
      0.07953555797486678,
      1.1461705458883145,
      -0.4341751381321117,
      2.2799787157201625
    ],
    [
      2.039660035941849,
      1.0379895950420193,
      -0.14456372225572028,
      -0.023499669402406886,
      -0.1548794920441095
    ],
    [
      -0.9082606609972037,
      -0.16701243708160418,
      1.4092228374906484,
      -0.35471770104104716,
      0.7015175133684299
    ],
    [
      1.3368746534151117,
      2.4366604664208866,
      -0.4691409927896403,
      -0.5325377629267465,
      -0.2875367725520689
    ],
    [
      2.4370757446557283,
      0.9885504101675274,
      0.7742408251309355,
      0.3079289339627141,
      -0.7123166972508953
    ],
    [
      0.45251811123092567,
      3.401873015432333,
      -0.42704588103057894,
      -1.0582121621937464,
      -0.28169915602172924
    ],
    [
      2.0994099706757017,
      1.0216102833912086,
      1.2727948581671986,
      3.5490738190973996,
      0.9340139544393546
    ],
    [
      2.49717121972434,
      0.6161617631888168,
      0.06502183555750132,
      0.7719242690585496,
      1.5270877865395334
    ],
    [
      1.8174742080123272,
      1.5521934696733801,
      -1.2613825860765169,
      1.014385625233368,
      0.39688626899585466
    ]
  ],
  "id": 34,
  "df": 5
}