{
  "mu": [
    -0.722508066369844,
    -0.15449923716695654,
    0.23095792790345118,
    -0.46396024873739616,
    -0.18958822965189445
  ],
  "x": [
    [
      -1.8496123645525455,
      -0.8720968970265179,
      0.9902419317456846,
      -0.9817546519978105,
      0.49567614526359083
    ],
    [
      -1.0513389142612302,
      -0.036961989352793684,
      -0.10349922596274566,
      -1.255924944355785,
      -0.07387735060178022
    ],
    [
      -0.7894064243982405,
      1.5686605646264344,
      -0.3063289233602321,
      -3.5032696268472847,
      0.729816384144274
    ],
    [
      -0.1687550033802956,
      1.8637173157197242,
      1.0229044105111034,
      -0.5267758473088963,
      -2.082322530206102
    ],
    [
      -1.0448626243405563,
      0.8637154893368254,
      -0.6331309944067741,
      0.5136791470063983,
      1.4002275536507474
    ],
    [
      -0.111046178607217,
      -0.5126205843928199,
      -0.24692777261441093,
      0.2070552657670076,
      1.3103005282452147
    ],
    [
      0.9018301670545408,
      0.12327006073430788,
      1.7708789616925424,
      -0.635777089355764,
      -0.6452812384039407
    ],
    [
      -0.9637392303227821,
      -0.9128987862929544,
      -0.2575755190784764,
      -1.040189723792592,
      -0.5722940053367618
    ],
    [
      -1.3763390104966522,
      0.5755948259013597,
      0.8102074870533627,
      -0.756387181679312,
      0.6480080455650519
    ],
    [
      -0.9025369234258729,
      -2.1018569470399404,
      1.0765957654173643,
      -1.5048676465678261,
      0.5203381592158254
    ],
    [
      -1.442525434317691,
      -0.23875143449044747,
      0.362913762228361,
      -0.32528287185238547,
      0.20198871312589325
    ],
    [
      -0.8462695172494756,
      -0.5617357454275209,
      1.0155882277699824,
      0.6777712247371246,
      -0.8946923144729225
    ],
    [
      -1.6670725649922744,
      -1.6298667343875337,
      1.3534869937700833,
      -0.15236589235691472,
      -0.685982454983046
    ],
    [
      -1.2774862841154069,
      -0.28002733718572936,
      -0.5504390542395008,
      1.7236647500126727,
      -0.44912304938768977
    ],
    [
      -0.5925907572991929,
      -0.4244234416202257,
      -0.630208093321798,
      -1.915377017132303,
      -1.0390527396105267
    ],
    [
      -1.6230111461288454,
      0.1850831368018563,
      -0.5678102227533082,
      -0.705132977444477,
      0.017481331389059496
    ],
    [
      -1.3063868517284556,
      -0.194156769369954,
      -0.7487720902450261,
      1.1577279252769384,
      -1.3636004256418992
    ],
    [
      -2.316530411212676,
      -0.06777231126129986,
      0.003819678753496203,
      -1.4940823875198899,
      1.9381617323733948
    ],
    [
      -0.8882674127611534,
      -0.8756841062586171,
      -1.7635493914054867,
      -0.19712265419123903,
      1.029706866938325
    ],
    [
      -0.16271782687581215,
      -0.534764506957191,
      0.659520408176977,
      -2.8919279203664625,
      0.08040754502113942
    ],
    [
      -0.7926749752624891,
      0.34452738072410927,
      1.221305512432705,
      1.246942053859638,
      1.6452657344410815
    ],
    [
      -1.7817872998422233,
      0.08543499595207638,
      1.103549402273193,
      -2.333774996141388,
      0.3280373429514889
    ],
    [
      0.0029787037496045166,
      -1.2074953742594685,
      0.2799949927027908,
      -0.21439273200214287,
      -1.0487347357045382
    ],
    [
      0.02335145957181184,
      0.21707845951364982,
      0.5206812201335806,
      -0.943088122971772,
      -0.198955989556443
    ],
    [
      -2.1339930199892576,
      -1.8567788590070478,
      -0.3014309913155834,
      0.940390633203606,
      -0.23654745007150219
    ],
    [
      -1.4136171281734025,
      -1.7393546266064417,
      -0.8232425052351963,
      -0.4642566962870782,
      1.470863356871644
    ],
    [
      -2.1875933933410465,
      1.2883108487156918,
      1.9766007677539428,
      1.013191674507764,
      1.3203046686124862
    ],
    [
      -0.4356619468587905,
      -0.6173877236004596,
      1.4255666928558062,
      -0.862961232098248,
      -1.8302516583594568
    ],
    [
      -1.2124812852504712,
      0.07730540851037807,
      1.8181680576911787,
      -1.3176618462598135,
      1.4998120798198058
    ],
    [
      -2.796283406627717,
      0.6205887128797208,
      -2.8288735077765663,
      -0.2524854507477,
      -0.15869597526839596
    ],
    [
      -2.1053532871798275,
      -0.14651907479117585,
      -0.02523790944648871,
      -1.9919756938372375,
      -0.910975593498326
    ],
    [
      -0.00930745409507161,
      1.1616741431385706,
      0.6167725555595203,
      -1.1792331986430131,
      0.46119669417008924
    ],
    [
      -0.5913025030374511,
      -1.0232351821127599,
      0.810200046663749,
      0.33883241576675505,
      0.6461275500436077
    ],
    [
      -1.908690709128907,
      0.2673537383870441,
      1.4045010320589923,
      -0.7000773993046021,
      -0.16595791758553904
    ],
    [
      0.2567297698283443,
      -0.6416769344497197,
      0.4841207312336948,
      -0.7469756531285874,
      0.1518362633234359
    ],
    [
      -2.6349337944406974,
      -0.1313159583782766,
      -0.34383608934146803,
      -0.7055095923959245,
      -0.2198851045768173
    ],
    [
      -1.5204320265854947,
      -0.6006097396694943,
      -0.4071454073413936,
      -1.1246242045828407,
      0.7585685171248965
    ],
    [
      -0.8763622076375472,
      0.23748553948493248,
      -0.8496696783837064,
      -1.3116146050349924,
      -0.5236832203544147
    ],
    [
      -1.2176483994630156,
      0.9677025555790298,
      0.3011796816765683,
      0.8884453651837085,
      -0.41885668832594725
    ],
    [
      0.4984397183388891,
      -1.1260131917931437,
      -1.2714520841636434,
      -0.15831859565163103,
      -0.04748728529890686
    ],
    [
      0.9477293534896123,
      0.829754268022782,
      2.4065930597881273,
      -0.5754039900663254,
      -0.8800913952849558
    ],
    [
      -2.1061994346563875,
      -0.22063354580369782,
      0.19121946273588458,
      -2.160153349375798,
      0.7988207547448213
    ],
    [
      0.6110278745629196,
      -1.903328746179987,
      -0.3913131585117757,
      -0.5535373237247725,
      -0.5642024885075846
    ],
    [
      -1.2568570088009028,
      -0.38627380654129106,
      0.3779240554037542,
      -0.784195073389554,
      1.0529252181270308
    ],
    [
      0.13634117670827106,
      0.08168899888055167,
      2.7584427248199654,
      0.24958593180746114,
      -1.6132591947385502
    ],
    [
      -1.130411701443707,
      0.9920065090274618,
      0.19068401734092577,
      -0.2144329730994287,
      0.2339287354363598
    ],
    [
      -0.6475447614462362,
      2.0337310198954954,
      0.727461447776715,
      -1.311784946237372,
      -0.46990116105369084
    ],
    [
      -0.49988465885278266,
      0.5828242735678386,
      -1.1044207691072183,
      -0.9005120505038906,
      -0.49611194683839965
    ],
    [
      -0.6008545260146765,
      1.0266954937929313,
      0.46244039570712225,
      -1.2459224068740125,
      0.8731593000075131
    ],
    [
      -1.3324610643654675,
      1.5541564143159532,
      0.9531008622113869,
      -0.7519990309544671,
      -1.2562628527698756
    ]
  ],
  "id": 16,
  "df": 5
}