{
  "mu": [
    -0.17151758420809998,
    -0.46695309756275366,
    -0.1235971835118267,
    0.31577780088340596,
    -1.0947920175074013
  ],
  "x": [
    [
      -0.05737519982469422,
      -0.24732945389770786,
      0.8341626422959952,
      0.26119548981388785,
      -1.5664050608441198
    ],
    [
      0.4751183884075136,
      -1.6887095002372192,
      1.5584881018486494,
      0.571091130433966,
      -1.4298730154165553
    ],
    [
      1.1537230654906665,
      0.8391573200509614,
      -0.3111685257453464,
      0.21969124533141385,
      -2.796419536287524
    ],
    [
      -0.5375732308135546,
      -0.06385194335299621,
      0.623679399669621,
      0.4260276354194995,
      -0.4380471453185757
    ],
    [
      -0.8540109577396673,
      -1.7906713393882108,
      0.4116459706693093,
      1.196100010448642,
      1.1953812196827935
    ],
    [
      0.12848185727110317,
      0.006372167616115421,
      -1.5307485223588455,
      0.4925979063190026,
      -1.231956428974121
    ],
    [
      -0.23852769502108243,
      0.5940884313940151,
      0.913904718198696,
      1.3026569502132854,
      -0.9459598517197803
    ],
    [
      -1.0367233676477228,
      0.16088533321789117,
      0.2864403429179501,
      0.8569052899093232,
      0.01050755628048905
    ],
    [
      3.145102150153868,
      0.42522106593954206,
      -1.4995884792504954,
      0.2308108533836407,
      -2.5265016237726243
    ],
    [
      -1.6099417457925536,
      -0.9321269021136517,
      1.0374546922664711,
      -0.2649244344023221,
      -1.166729595517235
    ],
    [
      0.7132416899353315,
      1.0432968533972866,
      -0.7524484321413792,
      3.085851757991044,
      -1.4083384572426632
    ],
    [
      -0.05593614415086064,
      1.3626556520024122,
      0.5856782279543326,
      2.7176181065944096,
      -1.4429135998901281
    ],
    [
      0.3136587126510577,
      -1.0457430816545474,
      -0.4900844264179233,
      0.6518470139676532,
      -1.2815478936524198
    ],
    [
      2.938203335413868,
      -0.6660874920166086,
      -0.838126249847028,
      1.3008677751453668,
      -2.28751798566217
    ],
    [
      1.538137838919809,
      -1.2878642242574552,
      1.5127494736840132,
      1.443195904154769,
      -1.3563695335239623
    ],
    [
      1.139781657046898,
      -0.963363548979471,
      -2.456733858217179,
      1.1464203378235858,
      -2.6406078776395976
    ],
    [
      -1.3317801798679068,
      1.1049675751449688,
      -1.2779755714267529,
      -0.7071634209542699,
      -1.3890376416461354
    ],
    [
      0.37513558409284514,
      1.1045991034863727,
      -0.6885008661145127,
      0.3054972407594802,
      -1.369712754371667
    ],
    [
      -0.3108044265694642,
      -1.0738454488191256,
      -0.5137950251566037,
      0.8608745614125624,
      -2.279342425703045
    ],
    [
      -0.2282099967424271,
      -1.4200259707752867,
      -1.8783618331912537,
      0.8464269048031816,
      -1.2323075248858266
    ],
    [
      -0.9156569989748276,
      1.1771418116188226,
      -0.8623508497263928,
      0.11070199465298997,
      -2.3996803832231177
    ],
    [
      0.8864110046563993,
      -0.8067312133384027,
      0.3764024895595656,
      2.007304186156164,
      -1.5641775276905108
    ],
    [
      -0.7357541844784046,
      0.6356823724643457,
      -0.07359404452203008,
      -0.5995615412736175,
      -0.6307763494820313
    ],
    [
      -1.9060001700294802,
      0.09843348154199733,
      -1.2318317998689652,
      0.5982845122548293,
      -1.468796274331978
    ],
    [
      -0.8815579468723289,
      -1.2154456614540607,
      -0.41474116210050127,
      -0.4683013919142867,
      -2.473350997687417
    ],
    [
      -1.4598593647426565,
      -0.6296988109670862,
      -2.1101871385888873,
      -0.009502592202992488,
      -1.3627334103379374
    ],
    [
      -1.4273614812243915,
      0.17942200746783005,
      0.18161934578076416,
      0.11558243784215208,
      0.9815897689096769
    ],
    [
      -0.41299355505932617,
      -0.2917857247709953,
      -0.0008397544178738031,
      0.0026463598217966733,
      -0.8337259769087009
    ],
    [
      -0.4731081493361739,
      1.1734079364599592,
      -0.7355997191812976,
      -0.7073326294130373,
      -1.0404832580341088
    ],
    [
      -0.1820294712706969,
      0.7996350586127328,
      0.2562124048623516,
      0.5024594493300445,
      -2.2766984786362237
    ],
    [
      0.4290080285758417,
      -0.580209641291141,
      -1.210829549857328,
      0.814601650977242,
      -0.39944246984077236
    ],
    [
      -2.0943562950875183,
      -0.13032549540492439,
      0.4905256084723628,
      0.4324657411287764,
      -2.0029580029952454
    ],
    [
      -0.33352344622875835,
      0.7693251954514615,
      -0.055314032150565115,
      0.8513106976425286,
      -1.0237592277323753
    ],
    [
      -0.18541938040651157,
      0.5485580023383878,
      -2.865892097306454,
      -0.32364318807118325,
      -0.44834338714201083
    ],
    [
      0.6249698923725595,
      -0.5601749095455238,
      -0.5484214393694087,
      0.3883119284611736,
      -2.012837516292532
    ],
    [
      -1.2072364181624349,
      -0.8595847948189475,
      1.665566493611603,
      0.4352533233142162,
      -0.8435508445704623
    ],
    [
      -1.0774249307414219,
      -1.5505905938771845,
      -0.6828349316656456,
      0.9958411251509207,
      -2.200075576409324
    ],
    [
      1.0938645427604605,
      -1.8129878514797353,
      0.5485593162948231,
      -1.1771557745023618,
      -1.3137281759738049
    ],
    [
      -2.576070230896868,
      -1.0830829549076995,
      1.0242435645938837,
      -0.31343765534496154,
      -0.9084398164479477
    ],
    [
      1.466488225500162,
      -1.6328234189104385,
      1.2985346292385893,
      -0.47747802213266216,
      -0.37610061108445203
    ],
    [
      -0.5619999114779817,
      -0.302711156063628,
      -0.34543885580613537,
      0.6489771535835409,
      -3.1057416988697946
    ],
    [
      -0.5832106012245901,
      -1.2508605705781162,
      -1.275895938243885,
      -0.9633595872760246,
      0.19041353434155406
    ],
    [
      -1.091735827998145,
      -0.5083812452141242,
      -0.03747812983410201,
      -0.803355902631917,
      -1.3002177499339995
    ],
    [
      -0.969156818431681,
      -0.35504797789453263,
      -1.766596639440765,
      1.4528749090775397,
      -1.684360217913879
    ],
    [
      -0.962996027045375,
      -0.07110348809547429,
      -0.22271021640793948,
      -0.5340095938695355,
      -0.691552619179675
    ],
    [
      -0.7420662938878775,
      -0.43463947706589945,
      0.6823415208655622,
      -0.10953376101839313,
      -0.4380234507634765
    ],
    [
      -0.9075942378483666,
      -2.028642714015451,
      -0.15724024092560998,
      0.3562670390473206,
      -1.3309948798806346
    ],
    [
      -0.9314845498997137,
      -0.10227654591037061,
      -0.03268720312947776,
      0.8732246767717478,
      -1.401757532374146
    ],
    [
      0.4651268564093977,
      -1.309315608785364,
      0.16733642904777796,
      -1.9854667960434598,
      0.9880376406538995
    ],
    [
      0.10518600966725866,
      -0.5734093042251832,
      -0.4719066523517013,
      0.418560811551973,
      -1.9163695881146303
    ]
  ],
  "id": 37,
  "df": 5
}