{
  "mu": [
    -1.2227065381148732,
    -0.03522656971926611,
    1.5415922637285464,
    0.9305609726578551,
    -0.22440553018646114
  ],
  "x": [
    [
      -0.8451811625116297,
      -1.4299016007203376,
      1.384753642130389,
      0.08236076813555349,
      -0.7120201684745407
    ],
    [
      -3.683402951536587,
      0.5436945746306049,
      -0.350154695250084,
      1.4100265467397384,
      -0.4888960275284876
    ],
    [
      -1.3886771840234928,
      -0.3840203866075378,
      1.7418686033146666,
      0.10493302537138471,
      -0.6442353780152208
    ],
    [
      -0.9278524003364211,
      -1.7765284437458957,
      1.8068075311112306,
      1.1374681070616333,
      -0.8342265251535165
    ],
    [
      0.927282661155794,
      0.8337016863471206,
      0.22773731546803133,
      1.4307808535427085,
      -1.0595469672997444
    ],
    [
      -1.043202725874462,
      1.2217349907096202,
      3.259796803359915,
      0.8128023188018191,
      -0.12180584650572814
    ],
    [
      -1.1590205929896045,
      0.13246463309259338,
      2.3910543164970806,
      1.5417362201701637,
      0.1553980468762708
    ],
    [
      -0.9806835897725105,
      -0.861338044326441,
      -0.1236420056864107,
      0.31084515551781833,
      -0.8929629674459951
    ],
    [
      -1.0629513848043923,
      0.3150410298026817,
      0.37053449255252113,
      1.0091662414255935,
      -0.12343054278087243
    ],
    [
      -2.0380050977803936,
      -2.192142142739023,
      1.5045080061733571,
      0.0702236131045526,
      -2.481814908019314
    ],
    [
      -2.4591759543516654,
      -0.9375299309644973,
      -0.28550805826870174,
      1.2004481871656096,
      1.0275007373584013
    ],
    [
      0.9592226243520283,
      0.2720820285406355,
      1.6032276603968991,
      1.9372940249536286,
      -2.355636240819364
    ],
    [
      -2.278356346846212,
      -0.14510196439023798,
      1.1926509526372102,
      0.5503759502285526,
      -0.8017958605428277
    ],
    [
      0.2513160900383604,
      -0.11343886732490455,
      1.0797317742901231,
      -0.06645154268490105,
      -0.24794593387786742
    ],
    [
      -1.6981675316781164,
      -0.70606438487409,
      3.1624698670838,
      0.6429194177268962,
      -0.05035121476369259
    ],
    [
      -1.9412828788621925,
      0.5133328730007316,
      0.4653389310389118,
      0.6618747152814474,
      0.19536464542336296
    ],
    [
      0.05208606842171726,
      -0.8293623680160025,
      2.1926070441184407,
      0.5991214217403198,
      -2.0130125886781967
    ],
    [
      -1.5928790513862099,
      -0.24982275827615963,
      -0.6583972316650979,
      -0.8520864111510452,
      -0.24247678337456144
    ],
    [
      0.7568271669294602,
      0.2795074699272949,
      2.2218178710541796,
      0.2625291822531889,
      -2.536207254767911
    ],
    [
      -1.4993413494537542,
      0.02074463047964928,
      2.330441779768485,
      0.6651745726834613,
      -0.2800638375102032
    ],
    [
      -1.3258952758404863,
      -0.22222788163991786,
      1.438252019960279,
      1.9859403917277407,
      -0.8129730256027247
    ],
    [
      -0.28753208865053825,
      -0.7142182445073204,
      2.76245805854313,
      1.1118260516108356,
      -1.043768818046945
    ],
    [
      -2.0240936678869934,
      0.8573523734676499,
      -0.2882208849707979,
      -0.01697617576552668,
      0.6445676718832224
    ],
    [
      -0.5731226723296445,
      -0.4995056408018791,
      0.03474765492013199,
      0.6371200203968425,
      0.2988481426815979
    ],
    [
      -0.628289658068411,
      -1.4557508417435345,
      1.726284193030922,
      1.8339262556463076,
      1.6608204016913677
    ],
    [
      -1.455500731954133,
      -2.7721593944275797,
      2.2453318016947943,
      1.8413856195248406,
      0.9312894642078351
    ],
    [
      -2.373711802786338,
      -1.0049759973657553,
      1.4734969792963293,
      1.0040275930749547,
      -1.5777211833049711
    ],
    [
      -0.8395647710957967,
      0.8801135266948715,
      0.9121858154864739,
      1.0955194688223038,
      -0.4430229555210768
    ],
    [
      -1.7850801079213294,
      0.38842881264371104,
      2.4124082772217124,
      0.812772464439249,
      -0.21548381479201975
    ],
    [
      -0.6894037558254525,
      1.3584004082603272,
      1.8666822035904138,
      0.5088447109023007,
      -2.230021835073778
    ],
    [
      -0.31255672707591564,
      -1.5928221141597108,
      0.7389348602571866,
      2.156908929727774,
      0.08618462889199774
    ],
    [
      -1.3171990511584628,
      0.9685230164111361,
      1.8673167087008566,
      1.2357777390989946,
      -0.4676479164798474
    ],
    [
      -2.4622968806984007,
      0.6876179563426713,
      2.8666032771926155,
      2.6814451519972837,
      0.418970620420988
    ],
    [
      -1.4703461312376,
      -0.1479278238415793,
      1.4489873439165217,
      1.2918075236732929,
      0.17903693511878832
    ],
    [
      -1.571304949209956,
      -1.8752491805394416,
      0.08881592867754207,
      -0.007936515826283297,
      0.13107131429225105
    ],
    [
      -1.9572621633487963,
      1.1250843644713224,
      0.25179450182910523,
      -0.471218888002512,
      -1.1126328329869088
    ],
    [
      -1.9755796720326164,
      -0.8266053358931286,
      2.0487027983214237,
      1.1451834160259267,
      -0.5562698314609973
    ],
    [
      -0.98440806901027,
      -0.3578368419897747,
      1.8571883715448294,
      0.10239776554884628,
      0.04894005111581318
    ],
    [
      -1.743502823075216,
      -0.33568648724425104,
      1.2676765260932343,
      1.6461777644136433,
      -1.1311795649016085
    ],
    [
      -1.2127272127076547,
      -0.37682137313719355,
      1.6175126279477592,
      1.0097671956167649,
      -1.241662277887024
    ],
    [
      -0.850847151283922,
      -0.06831474287136452,
      1.7903644177725808,
      0.6767962017044193,
      -0.20666223364202826
    ],
    [
      -1.7292107030153265,
      -0.5030968614314746,
      2.22872748444218,
      0.9832350385817917,
      1.388423377845693
    ],
    [
      -2.2208400196033113,
      1.2573290773810402,
      1.2294323690206097,
      1.4315187964278824,
      -0.14673454046961412
    ],
    [
      -0.7604114445433756,
      1.0526593586977266,
      1.1272689629102959,
      0.4264909173793321,
      -0.3739261034325314
    ],
    [
      -1.3791999108042101,
      0.7074145807164008,
      1.971988562772467,
      -0.3107659197661884,
      -0.015941594641392026
    ],
    [
      -3.340536003345627,
      1.6512225739129263,
      4.049399074085928,
      1.470891216879676,
      0.025059833071356202
    ],
    [
      -1.2113082941121607,
      0.5858858677984367,
      0.4210102660705979,
      2.089686649690417,
      1.630610968504312
    ],
    [
      -1.0472205253135003,
      -0.38246539249538664,
      0.5768872236718946,
      2.297805245368092,
      0.888753723549677
    ],
    [
      -1.0471684162635635,
      -0.11281456176169988,
      3.8869700539460244,
      0.725491250781566,
      0.7145787390249851
    ],
    [
      0.037321080790595706,
      0.9323318327604684,
      2.102888622259533,
      0.5400225059333017,
      0.1659090672682244
    ]
  ],
  "id": 48,
  "df": 5
}