{
  "mu": [
    -1.2039581890523317,
    -0.7053117980168562,
    -2.7803352557065386,
    -0.38355004713476104,
    1.0349473991662916
  ],
  "x": [
    [
      -1.1516139549611937,
      1.4111310990176533,
      -2.0973802742132843,
      -0.05499887773788009,
      1.9283014098009912
    ],
    [
      -1.9274277454873932,
      -0.9623985237901924,
      -1.6224487345991436,
      -0.04472309253045503,
      -0.48084314397434946
    ],
    [
      -1.6341414944425334,
      -1.7120136895329958,
      -3.3078263219794115,
      0.7954777364597105,
      0.24543314014050643
    ],
    [
      -0.4085792104621845,
      0.03638911521180499,
      -3.3359870802282843,
      -2.4441690166914665,
      0.7567512466665443
    ],
    [
      -2.2966513168615097,
      -0.31147800838046386,
      -4.011456992694881,
      0.29835821850351185,
      1.6993406153463269
    ],
    [
      -1.27627348171662,
      1.7071523774948765,
      -1.9105705449483494,
      -0.8896832834781523,
      1.8248612871460939
    ],
    [
      -1.5784868800345937,
      0.1481592784097283,
      -3.058302666069753,
      0.8700201976321675,
      -0.08675546718153271
    ],
    [
      -2.8324271704263833,
      -3.5383277286851684,
      -3.692730180572564,
      -1.7055917806089855,
      -0.05375918152483239
    ],
    [
      -1.6561323236637764,
      -0.1494650618824056,
      -2.8430006190005415,
      -0.795539961204166,
      0.8271761208979511
    ],
    [
      -1.516566131641933,
      -0.16191091196828045,
      -1.9593993589740042,
      1.9568532864544066,
      1.4155144823673256
    ],
    [
      0.8931676568805216,
      -1.3228077021648197,
      -2.9847116286608415,
      0.030394354990332384,
      1.2533816442438124
    ],
    [
      -2.898758617116054,
      0.15586173222692812,
      -3.8317085791634033,
      -1.440063152990401,
      2.954713211249137
    ],
    [
      -3.730953377616037,
      -2.6412725371546832,
      -2.793000877361245,
      -2.7150642157679687,
      1.6863814012527556
    ],
    [
      -0.3970298034641566,
      1.8793389259752904,
      -3.2889979084715866,
      -0.28657850626685166,
      0.6989468166891568
    ],
    [
      -0.46664319359335704,
      -0.8862886148923825,
      -1.550442760002703,
      1.4178685734902525,
      -0.4747175357401079
    ],
    [
      -0.7739295892672584,
      0.06297788888219646,
      -3.502932009172616,
      0.30388987854570315,
      2.6367857467921993
    ],
    [
      0.0830764892899929,
      -0.1434765355127663,
      -1.908119369530731,
      -0.9808619476613483,
      0.4884699353367379
    ],
    [
      -0.17999127498032674,
      -0.261605606041964,
      -1.6874320115066772,
      -0.698273824046174,
      2.6732132819357872
    ],
    [
      -1.5753130774715447,
      -1.1729476507343688,
      -0.15328161697541454,
      -1.3221960714398933,
      0.06091202880959634
    ],
    [
      -2.69154135340474,
      -1.3393728661887443,
      -2.1933487276026873,
      -0.3558121730622923,
      1.2353437265646288
    ],
    [
      -2.19163823095371,
      -0.30960975065153606,
      -3.318111377410437,
      -1.3624208299961365,
      0.8652989774807244
    ],
    [
      -1.8312786548602251,
      0.9858067309860739,
      -2.8254811854014688,
      -1.5641543431385956,
      2.2347289368806003
    ],
    [
      -0.8784550509820628,
      -0.6394172189360108,
      -3.870750138008765,
      0.45223624470233637,
      -0.7204377067298808
    ],
    [
      -2.485821974824802,
      0.2772169688483742,
      -2.570176565053945,
      0.7810243053557469,
      0.7619038049025337
    ],
    [
      -0.8303289678385961,
      0.7800638932279715,
      -2.5054507817374723,
      -1.6618537276889955,
      2.157510600305839
    ],
    [
      0.5315687881639399,
      -0.5789052974448696,
      -2.654914667353234,
      -1.7523984219214177,
      2.0414544549834686
    ],
    [
      -2.4327191862742303,
      -2.4756762334607174,
      -2.4619414573771286,
      0.2378024129678994,
      -0.009781215173066071
    ],
    [
      -1.1334833620995024,
      -2.0447565784096815,
      -1.6845735837746627,
      -1.2646252611426623,
      2.5537627974455352
    ],
    [
      -2.877023680842378,
      -0.9433092100914415,
      -2.8082863889548713,
      -0.6580145672297553,
      1.8912142299991035
    ],
    [
      -2.433690126488715,
      -0.5670413135739452,
      -2.6603951656722744,
      -0.29687257955074997,
      0.9805193128140254
    ],
    [
      -1.6635004338105088,
      -0.5221637090471201,
      -2.382051069935229,
      -0.7652971094710073,
      1.5585365653173304
    ],
    [
      -3.179726146967255,
      1.8597799594328501,
      -2.651625033467977,
      -1.0901017881166237,
      1.88777640741226
    ],
    [
      -2.0244344390301294,
      -0.01097153278954588,
      -1.6331677922382142,
      0.45603372042449997,
      0.357594133120694
    ],
    [
      -0.17532178949357013,
      0.6970741439065382,
      -2.4030039432038808,
      -1.636584962598963,
      1.0975163031026474
    ],
    [
      -2.2187782326464767,
      -1.0064560573233785,
      -4.002523495439061,
      -0.8469044859257526,
      -0.5407803220635954
    ],
    [
      -3.208016608154477,
      0.23027344080935075,
      -4.299540523159113,
      0.3462049054737507,
      1.3815382912915324
    ],
    [
      -0.020942901591788576,
      -0.8107357904297542,
      -1.2830794214282615,
      0.6065559324795972,
      1.2585432957173408
    ],
    [
      -1.2766511132926526,
      0.17777259937886147,
      -2.0709262453876676,
      -2.094899549894893,
      1.3921140064039943
    ],
    [
      -0.8908639643569514,
      -1.647944462658005,
      -1.9060903660045134,
      0.08515970739011319,
      3.1174615424537535
    ],
    [
      -2.2405315086768054,
      -0.8027664530832315,
      -3.202615848713391,
      0.11257995278765087,
      2.2656759983924837
    ],
    [
      -2.21494301969166,
      -1.7054323847283677,
      -2.7774993709242546,
      0.06730831202400195,
      1.0966104333881468
    ],
    [
      -0.6009822700048518,
      -1.2925952631006838,
      -4.393160908607869,
      -1.3902486951659163,
      1.4322791293604904
    ],
    [
      -1.8627331817508457,
      -1.286222351718817,
      -2.5627233396428557,
      0.02399458506358032,
      2.7518640878373644
    ],
    [
      -0.3762274286248558,
      -1.0883462465015363,
      -2.0892254159714923,
      -2.453130284812909,
      3.071533060060287
    ],
    [
      -1.082569699058853,
      -0.9049912135996887,
      -3.7174023840959327,
      0.07936250179472681,
      1.522582849122336
    ],
    [
      -0.9076107956534802,
      -0.9051900992261442,
      -1.1429791884257225,
      -1.4436885558659103,
      1.995188274944785
    ],
    [
      -0.6055316674329668,
      -1.3999980716546965,
      -3.248242903039531,
      -0.4799720634947592,
      1.5782530918170319
    ],
    [
      -0.2436843406434035,
      0.15340504894666418,
      -2.999569374480824,
      1.412845406027066,
      2.0998557247995295
    ],
    [
      -1.2606452223358469,
      -0.8697831790328949,
      -1.4946740511196852,
      -0.48753054892913555,
      0.5664759063036033
    ],
    [
      -0.45656609074010845,
      0.6228317801515602,
      -1.639277068412268,
      -0.5087648581722803,
      1.318567044466817
    ]
  ],
  "id": 20,
  "df": 5
}