{
  "mu": [
    -0.8735332929767908,
    -0.5259431945057992,
    0.5794540813735672,
    1.4117048997129542,
    0.8302020922951966
  ],
  "x": [
    [
      0.6671469618481022,
      -0.5970243747365939,
      0.701169949125948,
      -0.23093039004149096,
      1.19531141325065
    ],
    [
      -0.4854892366713488,
      -0.20612580293827076,
      0.3589518078043239,
      0.8580659141426323,
      0.8294866783618516
    ],
    [
      0.30446446895415236,
      -1.9199193142310658,
      0.5889037430603108,
      2.4825991080463528,
      0.15147334682584168
    ],
    [
      -0.7007356242214479,
      -0.2474921097575219,
      -1.105545641582403,
      2.5278398714085464,
      2.5309977437287614
    ],
    [
      1.4824525862879026,
      -1.6358907616545935,
      0.576951243492888,
      1.6339015101937755,
      1.0921020050291794
    ],
    [
      -1.9758651947155417,
      -1.9989235473574225,
      0.3776655584794484,
      0.6043678438520524,
      1.0781933640082633
    ],
    [
      -1.185425576284221,
      -0.32768697343734954,
      1.9799758206755884,
      1.1291130081246217,
      1.015262170057421
    ],
    [
      -0.9111877420296521,
      -1.2362712548794788,
      2.102969493068366,
      1.1276414997694086,
      -1.0812639437497342
    ],
    [
      -1.4679844063744494,
      -1.0628199610831892,
      -1.1498435988867826,
      -0.046607924822520186,
      0.5321152544988472
    ],
    [
      1.6127523169319855,
      0.7470345271309177,
      0.530634155836055,
      0.8152413949970995,
      -0.4430184650377823
    ],
    [
      0.32982659571937345,
      -0.4780865990995645,
      -0.11011328475511728,
      1.5603154248333304,
      1.0226759401734944
    ],
    [
      0.7895283017640561,
      -1.0129937253374859,
      -0.8959715340918607,
      2.0776688142693587,
      0.18477182398649616
    ],
    [
      -1.147397276447383,
      0.6289558144464723,
      1.1506267954345195,
      0.6679071285596031,
      1.1014814553719627
    ],
    [
      -1.7946366589606209,
      -0.42676120099256004,
      -0.019512134922297864,
      0.9165323220862743,
      -0.07721317549945361
    ],
    [
      -2.2896599440758467,
      -0.7005920453983366,
      1.004752480421194,
      2.1503296238903395,
      3.5892107071309995
    ],
    [
      -2.2157474394562504,
      -1.9721755637650435,
      -0.27266018899997335,
      1.0096873277357103,
      -0.2032249536885794
    ],
    [
      -1.5678135667214583,
      -0.19913309453996525,
      1.405339240552407,
      1.768336404518115,
      1.3375246584417508
    ],
    [
      -0.6521585829742916,
      -1.1529634785529899,
      0.9883775704383717,
      0.36145586842405697,
      0.06027013644967161
    ],
    [
      -1.0204512272383424,
      0.2071388844876364,
      0.010928339727143133,
      -0.02890560899048067,
      2.6712387324025606
    ],
    [
      -0.2628809533536639,
      -0.07065775678628844,
      0.07065081269048124,
      2.7548142575226016,
      1.9948264331225047
    ],
    [
      -0.5588570691317196,
      -0.31644787760536364,
      1.6002413941522784,
      2.3854270992806756,
      1.0393823367976245
    ],
    [
      -1.480558141503669,
      -1.3720191341251167,
      2.232922410382795,
      1.8751340053968681,
      1.2904829414489982
    ],
    [
      -1.6299530506067295,
      0.9886719102549447,
      1.5428829518389091,
      1.511198520852897,
      -1.6593349211089072
    ],
    [
      0.35183916533236614,
      -1.6906010461311118,
      0.47357671880834074,
      0.11201265448399766,
      0.17697637573641856
    ],
    [
      -1.8782993706193443,
      -0.797498565407561,
      -0.11332155401826738,
      2.9105339653038342,
      2.8710216075214845
    ],
    [
      -1.915983694009153,
      -0.12378927951145635,
      2.2599401602718805,
      1.3548960127806247,
      2.003279048309173
    ],
    [
      -1.9369297943593975,
      -0.9641921898287027,
      0.10678218621262292,
      1.5151147225465067,
      1.5450401451903937
    ],
    [
      -1.5483283697445742,
      -0.40045400955410965,
      -0.6045340797431121,
      -0.2789890459276112,
      0.8920139733247657
    ],
    [
      -2.456755835857649,
      -1.0164772167947775,
      0.46729685174557795,
      1.8093304493386808,
      -0.3706012824677415
    ],
    [
      -0.6046488004147952,
      0.11639886340235484,
      0.2960869060030128,
      2.595736230880175,
      -1.3719802236760072
    ],
    [
      -1.9597459084639532,
      -0.8225930476162078,
      -0.029854639040395203,
      0.6303604180874375,
      1.6192808632812494
    ],
    [
      -0.1555966092057356,
      0.4300714161948932,
      -0.45793813030123653,
      1.9259551733370284,
      -0.659644827171649
    ],
    [
      -1.3701445657264562,
      -0.7620616690665601,
      0.6265527519968435,
      1.063642623606753,
      1.4723599441064752
    ],
    [
      -0.1573728245576047,
      -0.7181453405182483,
      -0.6545051977732025,
      0.26134723398746895,
      0.1595661721382905
    ],
    [
      -0.2129548213302248,
      -0.7988460287461212,
      -0.5308931586285243,
      2.664423715629283,
      0.671331365444272
    ],
    [
      -2.220545049721927,
      0.9644623942107174,
      -0.13329922235796432,
      2.9065211109800138,
      1.2105132097782496
    ],
    [
      0.7314676871086797,
      0.6608499156745663,
      1.605798070092078,
      0.3947038466464454,
      -0.11536986876972022
    ],
    [
      0.9768959412449197,
      -0.9697953599702138,
      1.0081970365264052,
      1.024903932957679,
      2.6061735169695415
    ],
    [
      0.08834098291360426,
      -2.021170954378549,
      1.2551419621515878,
      1.6555348683122215,
      1.0872183714923345
    ],
    [
      -1.8956335358539693,
      0.20867856274217744,
      1.354295719976042,
      2.2963712776968386,
      -0.12372783444443447
    ],
    [
      -3.7058512340273597,
      0.795527694747996,
      1.4056853742462452,
      3.63792900667419,
      0.04307561009129757
    ],
    [
      0.3127727069870446,
      -0.46925481413877346,
      2.0021978251366477,
      1.9909537914414241,
      1.8255567460988917
    ],
    [
      -2.12555259209128,
      -2.0889324452551525,
      0.07604298021131795,
      0.632037819669375,
      1.760869660888659
    ],
    [
      -2.1642961594521304,
      2.0095870154527367,
      1.6220988741245899,
      1.2064827850026654,
      -0.008658285922022113
    ],
    [
      0.270330905640353,
      0.330135624161077,
      0.6485247170606733,
      0.4772816018402749,
      1.0356978455979837
    ],
    [
      -3.0083241794432323,
      -0.712238311757691,
      0.048817129326861886,
      0.34238936874751436,
      0.22917888309164436
    ],
    [
      -1.291998748408868,
      -1.5901816774569202,
      2.253767996906922,
      0.6566854177974452,
      -0.24508644194483564
    ],
    [
      -0.3227061849867944,
      -1.3900412519135488,
      -0.5134986702243126,
      2.2817824551266126,
      1.2954138667424533
    ],
    [
      -2.1477456614617156,
      0.5064003640823199,
      0.5260284341458686,
      0.5581349209524528,
      -0.2943940048560719
    ],
    [
      0.2924263037622491,
      -0.5007546315406021,
      1.5908700887750067,
      1.5951081086754266,
      0.6707229471962908
    ]
  ],
  "id": 15,
  "df": 5
}