{
  "mu": [
    -0.7084562846776534,
    0.7499172455126737,
    -0.8882273830822259,
    1.142645634347742,
    1.5980208119753028
  ],
  "x": [
    [
      -1.1943927578765052,
      1.8404112492946452,
      -1.2068711841137754,
      0.06070146056051895,
      0.8956223038790497
    ],
    [
      -0.6220176601068527,
      -0.6328255184816585,
      -0.1574123411906101,
      2.16318589343962,
      1.230463938490624
    ],
    [
      -1.0564683786803268,
      0.4751355432651496,
      -0.2862159447825626,
      1.3058520786065784,
      1.8860316769117118
    ],
    [
      -1.8163266900551787,
      1.7056891931267235,
      0.13286293357790446,
      -0.028019777570283066,
      3.1093157623480994
    ],
    [
      -0.799626232399945,
      -1.2992437541107562,
      0.25042090347114765,
      1.3727528136900036,
      2.7042336624113266
    ],
    [
      0.6727676512837562,
      0.7362496117028572,
      -2.2986139566898363,
      2.2220598530750904,
      0.9125661004533382
    ],
    [
      -1.2109811656544538,
      -0.4620918805867247,
      0.27319432332062477,
      0.5801264834701804,
      3.41319058055897
    ],
    [
      0.07734441576601325,
      2.056876225089035,
      -0.9743342790526177,
      1.3596410387188462,
      2.9152559187721314
    ],
    [
      -1.1378570595576127,
      0.2878876805354377,
      -1.5144796903866227,
      2.7093927328936367,
      -0.00913982071225039
    ],
    [
      -0.06701411849762218,
      0.49437797067044265,
      -1.7688578773337456,
      0.36774156859962615,
      2.2744530897903408
    ],
    [
      -1.223076342161765,
      0.7807187480672225,
      0.6529609954426402,
      0.3690436610489912,
      1.2523892255255809
    ],
    [
      -2.098445690175462,
      0.7977908836453521,
      0.46965669567799917,
      3.220116339910793,
      1.6555541339746276
    ],
    [
      -0.832390163078105,
      -0.20785445441482597,
      -2.3045499308523913,
      1.7994544118110651,
      2.371256111161119
    ],
    [
      -0.9837485941731934,
      0.693896396981491,
      0.3404655309499137,
      1.498151950526069,
      1.4837021454967005
    ],
    [
      -0.6422529876430502,
      0.7721721826769745,
      -0.7370568694328414,
      0.6927331938921661,
      2.629870826491647
    ],
    [
      -0.06679400396629087,
      1.055847331187071,
      -2.826403603681243,
      2.3300455858733873,
      1.7022765029086235
    ],
    [
      0.29008317328144195,
      1.8090046227141614,
      -0.39214490198951374,
      1.4722362820232886,
      1.6916241949723885
    ],
    [
      0.5477709023212318,
      -0.2753808138722771,
      1.5028203465092833,
      1.4482760195587305,
      2.3642329821299968
    ],
    [
      -0.6601240823566098,
      0.01556321463028354,
      -0.7608520147184445,
      1.313714822686715,
      1.644470951045048
    ],
    [
      0.22880923693332222,
      0.5722086574416012,
      -1.4878943285173007,
      1.682467042711972,
      0.05208051346741627
    ],
    [
      -1.05071940887844,
      0.8206467773724575,
      -0.9325916409032583,
      0.8320594640749364,
      2.200938948327421
    ],
    [
      -0.8477252073582457,
      1.5439989022563418,
      0.23232669400147488,
      0.07360146232722298,
      0.47751366097442793
    ],
    [
      -1.7714287671494306,
      0.7059730764122724,
      -2.425138656734295,
      1.8410398451380754,
      1.4396706958901615
    ],
    [
      -1.7829696333754175,
      -0.5414079469335322,
      -2.038886216505606,
      1.9607364247582937,
      1.8095086478570908
    ],
    [
      0.2694875776636948,
      2.237277564107671,
      -1.4732254606731376,
      0.9719090621506427,
      2.670411272807965
    ],
    [
      -1.1428811842352953,
      1.4695416989652306,
      -1.3204741771673592,
      1.4121300307993978,
      1.1757393290122904
    ],
    [
      -1.6533129911935365,
      1.3251444269453692,
      0.14320902691599013,
      0.47141441947861495,
      2.419611732348312
    ],
    [
      0.38649054862817045,
      2.0319265582886645,
      0.7946325786004983,
      1.0151242968251328,
      2.491731869179887
    ],
    [
      -1.679444798019888,
      0.847187293128901,
      -0.7472080202125532,
      0.1502015453336134,
      1.1740494487201047
    ],
    [
      -0.2570080643508745,
      1.9778480045475513,
      -0.95198169132516,
      0.5852966373684753,
      0.30505194039296635
    ],
    [
      -0.3415847331428567,
      -0.9581254987442074,
      -2.3669207477213052,
      1.5287485446272921,
      0.6864017588943833
    ],
    [
      -0.5532634607497554,
      0.5546369738358395,
      -1.319855040561597,
      0.523937089826279,
      2.6666435446311345
    ],
    [
      -0.9007476308695942,
      1.1829832159696125,
      0.09299723877276178,
      2.468223750153683,
      2.8892618949062596
    ],
    [
      -0.8833964565035097,
      0.9617305919314613,
      -0.6384360376386234,
      2.705926844380961,
      3.0495106310910964
    ],
    [
      -1.8630250501114343,
      -0.521141471623852,
      -1.3665853900127949,
      0.34448359934219197,
      0.6459223495068568
    ],
    [
      -3.403624644310264,
      1.3381128803889863,
      -1.4253279600182265,
      -0.9316267602933757,
      2.265380513568106
    ],
    [
      -2.869111533080956,
      0.04162625780382645,
      0.11833859773305055,
      2.090871452218445,
      1.1779062279249835
    ],
    [
      -1.4461021856868497,
      1.076114242728201,
      -0.27935133174811233,
      1.9367770059665061,
      3.097528374265334
    ],
    [
      -0.9254248012820028,
      1.079565661844147,
      -2.0842260927800966,
      2.0797558417286446,
      1.0746259557776185
    ],
    [
      -0.7312112649083022,
      1.1150072061746634,
      0.06406842691103476,
      3.3120764788046824,
      1.0586438776234521
    ],
    [
      -2.12239056536572,
      1.030763245139601,
      -1.3854561649742065,
      2.401185086662294,
      2.927647967421671
    ],
    [
      -1.5488452602494491,
      0.3684940753903505,
      -1.1595174389732434,
      -1.531970175500416,
      2.3549654986639688
    ],
    [
      0.07413131760878655,
      3.0435515130491146,
      -1.868070329478024,
      1.9405744423745526,
      1.8713120524579185
    ],
    [
      -2.7203032803603655,
      2.1789477901006546,
      0.45413555284542306,
      -0.12359069463144423,
      1.4037322028470447
    ],
    [
      -1.3093790139255335,
      0.892270079161118,
      -1.8453933900220791,
      -1.761553682650039,
      0.645638632210498
    ],
    [
      -0.3618280400250973,
      -0.05973806477272592,
      -2.0281511015819276,
      2.82618815725929,
      0.48752813337736334
    ],
    [
      -2.025407384318707,
      -0.32195635125180844,
      1.1036992055419548,
      2.0701385533784666,
      1.8116277419361577
    ],
    [
      -1.3513436000671595,
      -0.2114966861480887,
      1.2773212478438838,
      2.7968920910015775,
      2.079790936882108
    ],
    [
      0.7842850140229836,
      0.4424611520033133,
      -1.597943080042962,
      0.17435274353233,
      1.853811069736421
    ],
    [
      -0.9232845496082969,
      3.7265182213393504,
      -0.71398919408553,
      1.7448874426876366,
      0.7076164936611191
    ]
  ],
  "id": 18,
  "df": 5
}