{
  "mu": [
    0.44963738309159423,
    1.427070641390329,
    1.2524737532036645,
    1.0608954466767786,
    1.616373045017218
  ],
  "x": [
    [
      1.7525553861481433,
      1.4791149066991598,
      1.7594838331504072,
      2.263044468336277,
      1.385678022401504
    ],
    [
      0.21448564244917953,
      1.108881498159732,
      1.0412722138301416,
      0.7923173233627561,
      2.0071114960489003
    ],
    [
      -1.4002628474903132,
      2.877627602949041,
      -0.8225816073847803,
      1.0188516092239561,
      2.0668313684651167
    ],
    [
      -1.0384754719439058,
      2.14722255043745,
      2.4367677721494574,
      0.3362994590133731,
      -0.9783297541187197
    ],
    [
      -0.9065962957820499,
      0.2109550815958363,
      0.9031713206488885,
      3.0181594352816887,
      0.24073539790153786
    ],
    [
      1.496735079186929,
      1.6463854055212035,
      -0.3546448273060754,
      0.4244915259808052,
      2.734517022313542
    ],
    [
      -1.0059679424333847,
      2.6654303794192806,
      1.3326476264589218,
      0.477792407920399,
      1.7326029457005145
    ],
    [
      1.7723678591711638,
      0.9820239377784743,
      1.2518698261212537,
      -0.5319006803008324,
      2.746651364686353
    ],
    [
      0.20942209947071358,
      0.4212854903758081,
      2.149230493890935,
      1.3501893946056605,
      -1.566437312110646
    ],
    [
      -0.23655817803364493,
      0.36950586134944974,
      1.6854418853847886,
      1.2873494280943731,
      -0.03926759989612871
    ],
    [
      1.7294770318810804,
      1.5030099750059462,
      1.5402612854830375,
      0.586338860253719,
      1.679716322719444
    ],
    [
      1.6901043409073822,
      0.6635072458593688,
      0.5974243481640223,
      -0.6206273266905986,
      0.4841186308539449
    ],
    [
      -0.11259238017153167,
      4.398254654671785,
      1.5068249630299184,
      1.2980077759684379,
      2.080096925456496
    ],
    [
      -0.20536935924088456,
      -0.6014074590571368,
      -0.08119072794033855,
      2.2829976488469956,
      3.1741629282455834
    ],
    [
      2.281275772091218,
      1.9408284275566245,
      2.326169053822232,
      -0.641844161136998,
      -0.23487396318513598
    ],
    [
      1.5528121872203342,
      0.9059597046179889,
      0.012716875230542657,
      0.25332528812476174,
      0.15531649904896394
    ],
    [
      -1.6196270385960998,
      1.3138587835999758,
      -0.9422083259860221,
      1.8011324467436567,
      0.807549563917177
    ],
    [
      0.14331738130585392,
      2.0448916614321044,
      3.5770710105959553,
      0.26981424902107354,
      1.8196697267919417
    ],
    [
      -0.2639589941494949,
      0.6147869117544422,
      1.7276828706958378,
      1.4596609769316387,
      0.914377900149399
    ],
    [
      1.1859930225563988,
      0.5815397129915311,
      1.5737745781468926,
      2.2442993677062115,
      1.524515451093658
    ],
    [
      3.1750933347324906,
      0.5322498399812916,
      -1.303843630704943,
      1.0839025022648903,
      1.6211514633050192
    ],
    [
      -0.42870260492237405,
      -0.4574386570823137,
      0.8476150134851013,
      -0.3170209795938408,
      2.7980725887699407
    ],
    [
      2.2034692102190734,
      2.156742580019671,
      0.36165526127002035,
      -0.5068218150245942,
      3.483714702029333
    ],
    [
      0.13275026306244525,
      2.6141677107577816,
      1.947674261387262,
      0.7952107781317295,
      2.5050496775140783
    ],
    [
      1.1062652216554734,
      1.116009163962005,
      1.3101551282994865,
      0.5560235681326591,
      2.214313494829821
    ],
    [
      1.8183616696779141,
      0.21008023774654738,
      0.5842774831701933,
      -0.8608619352369129,
      1.5582872542200994
    ],
    [
      0.7660212288984749,
      3.246691738753033,
      3.1087242853579418,
      0.901454664671766,
      0.19629332916987852
    ],
    [
      1.5764098791806285,
      1.6055244413508425,
      2.627439739032445,
      2.021574193923991,
      0.8594829540296474
    ],
    [
      0.2952579298786655,
      3.2241082359701476,
      -0.00218792765506004,
      -0.6781187546419178,
      1.4586004099233723
    ],
    [
      0.008057084682216442,
      2.346532778830124,
      2.2450833364354805,
      1.0878420428773083,
      2.682161397987243
    ],
    [
      0.9318456017546203,
      2.9922588533168026,
      1.666939457846431,
      -0.3892611062979041,
      2.0721041818424966
    ],
    [
      -0.12444867980966406,
      -0.4817564958809062,
      0.23848156508505935,
      2.1622086602253923,
      1.7381753064708654
    ],
    [
      -0.15202055473373094,
      1.5651389754124376,
      2.594176648405912,
      -1.0539794309678499,
      2.5750661651386686
    ],
    [
      -0.0001124896193180347,
      1.9825646223141131,
      2.905563371960696,
      1.2019014582305114,
      1.152276575319473
    ],
    [
      0.4562354762016627,
      0.2446665264192871,
      0.3504025022390317,
      2.2327721766900086,
      0.8953196564096294
    ],
    [
      1.3013162280343242,
      0.8439585447055293,
      0.6848532647003149,
      2.591033123957173,
      1.754826606004555
    ],
    [
      -0.6009691484665303,
      1.7297063103147954,
      0.6600176711934453,
      2.8081046518806314,
      1.5444847029851545
    ],
    [
      1.0954755540337728,
      0.21049196502835033,
      -1.509653024425405,
      0.6343416489292901,
      -1.6988232527008351
    ],
    [
      -1.3727664411296263,
      1.332571030398703,
      1.975518406785049,
      1.5042408258721145,
      0.8107359074132094
    ],
    [
      2.7698954239202935,
      1.2314414255194226,
      0.1748925198664737,
      1.6235330624977937,
      3.552562537052086
    ],
    [
      -1.5054590537668877,
      0.38179998282974936,
      0.5696917190986087,
      0.7334619977529444,
      3.370567326374763
    ],
    [
      0.46899682723683556,
      -0.2261325275549313,
      0.9985936404524458,
      2.088014817576891,
      3.471162434399637
    ],
    [
      -0.4609006417317381,
      1.254674076751566,
      0.5509092633787548,
      2.753983101709463,
      0.9590831097935499
    ],
    [
      -0.16528377458075888,
      2.5519345269419382,
      0.13357935488715977,
      2.420593542433223,
      1.4505753306513043
    ],
    [
      0.07754055143447619,
      2.6054553397500584,
      1.822783419321242,
      2.0908701079654555,
      1.8563274556006322
    ],
    [
      0.5500944903933782,
      0.818509293869029,
      1.993026655574282,
      1.9470504578238756,
      1.3631981773163135
    ],
    [
      -0.07225440078794892,
      1.6651665351574545,
      3.5705463701652134,
      1.8976220815017166,
      1.580133905729759
    ],
    [
      -0.6434215142927602,
      0.6210286492833945,
      1.807315239739399,
      2.6268182809831657,
      2.0488341333965527
    ],
    [
      0.5227806668471898,
      1.6329601620106167,
      1.1604254034673724,
      0.42791265231459163,
      2.044066950332239
    ],
    [
      0.6435355164779285,
      1.7063001019643518,
      1.5650526455207876,
      0.5362291872315474,
      2.2407145853755783
    ]
  ],
  "id": 33,
  "df": 5
}