{
  "mu": [
    -0.6827104187400393,
    -1.212359057821603,
    1.4210592835920681,
    0.49989307063261634,
    -2.0630136977698768
  ],
  "x": [
    [
      0.5038616520036551,
      -1.6306434341129201,
      0.9260665445865335,
      0.12285701663059323,
      -2.924720465030579
    ],
    [
      -0.5227995720561659,
      -3.7936329263895043,
      2.2876474795595785,
      0.7426509545860465,
      -1.8057805188838876
    ],
    [
      -1.2733384080998102,
      -1.18184747363151,
      0.8085572320601304,
      1.228273059665159,
      -1.2911057869720086
    ],
    [
      -0.28386458343716936,
      -1.766558926077797,
      1.6696937140900443,
      0.1923105697180275,
      -1.3249943232602064
    ],
    [
      -0.8227396577436259,
      -1.559840618319235,
      2.644179991873615,
      0.05466470208727897,
      -2.0174344408167597
    ],
    [
      0.5771150998936835,
      -3.366583297813274,
      0.44179079344830996,
      0.5895392428460212,
      -1.39046167601884
    ],
    [
      -1.1109038317641586,
      -0.474848593949068,
      2.2647061071678047,
      0.9904327645565094,
      -3.489719723517651
    ],
    [
      -1.377813373487466,
      -2.0430354979773204,
      -0.09787795461311766,
      -1.5623329722758839,
      0.8648542442794729
    ],
    [
      -0.4110345290669658,
      -1.4956895851935392,
      2.068887886833229,
      0.04535742080313254,
      -1.291164408366281
    ],
    [
      -0.9030641142089487,
      -0.6193136793893693,
      1.6056964172957993,
      -0.649409199086731,
      -1.709666424567677
    ],
    [
      -0.14063767495391077,
      -0.8518129915030952,
      3.069537892094787,
      2.0145288632982767,
      -1.3809091469611636
    ],
    [
      -0.6362356550916489,
      -0.9343653813695814,
      1.2659496060355666,
      -0.7875327266774899,
      -1.7923219656884575
    ],
    [
      -0.9053045084509137,
      -0.23180664798537953,
      1.1557623981702432,
      1.757052015395513,
      -3.685364386621126
    ],
    [
      -1.3112531316541687,
      -0.28895567904695973,
      1.577916236603713,
      1.31126427334035,
      -0.831970031245818
    ],
    [
      0.3465216338954552,
      -0.6516237069132395,
      1.5958518005634108,
      -0.053192354185364055,
      -2.632453160562872
    ],
    [
      -0.7780036729476584,
      -0.24425062762005478,
      2.787761204009411,
      1.3118639871978397,
      -0.9278185360348028
    ],
    [
      0.053431548170424614,
      -1.0066905643368655,
      3.5059628100162,
      -0.392827432350377,
      -0.7191677305547375
    ],
    [
      -0.48181446365058356,
      -1.0940508742705852,
      1.019092031943242,
      0.24668558246290995,
      -1.2030612005904249
    ],
    [
      0.22332614968118536,
      -3.060650260768432,
      1.2380112602450426,
      -0.15141309959436233,
      -3.4286732826753985
    ],
    [
      0.12008081842387719,
      -1.7048795522462359,
      1.373877812863304,
      0.4727812017503532,
      -1.2550260941353784
    ],
    [
      0.9794998358287387,
      -1.737932264068502,
      2.3130473367095274,
      2.137542973310522,
      -2.333013106219862
    ],
    [
      -0.6236009699778629,
      -0.3804272427639386,
      1.4060371007164054,
      -0.5454337104978391,
      -1.4082743150796548
    ],
    [
      -0.3749452775959427,
      -2.2010328145209024,
      1.416657151102831,
      -0.13225812786107483,
      -3.3962771208652014
    ],
    [
      -1.853259280333634,
      -2.4272113879275503,
      1.3489482491035711,
      1.4572214244655954,
      -1.5118116232462229
    ],
    [
      0.4108012095253547,
      -2.499806413594615,
      0.5634711747776172,
      -0.14305153430950113,
      -0.8442441606184794
    ],
    [
      -0.05386849378684644,
      -2.7167984626961696,
      0.1969882865601007,
      -1.2150449680317108,
      -0.8200601154984779
    ],
    [
      0.22330540851462788,
      -1.704038568804524,
      0.8115911248325804,
      0.0319340616617097,
      -1.9135488452886056
    ],
    [
      0.2935283398534694,
      -1.6201473903163175,
      2.021920484678999,
      0.7162796699635247,
      -0.810086249948321
    ],
    [
      -1.4079451182554856,
      -0.7042425711410484,
      1.7988894619974998,
      -0.6475364016840608,
      -3.59997483435248
    ],
    [
      -0.5006827430627306,
      -1.6639294490021403,
      1.9075326007849254,
      0.9020174930422614,
      -0.7680573147946979
    ],
    [
      -0.7105801297260919,
      -1.7865692266630928,
      2.9269908638879594,
      2.0349409020908635,
      -2.1957321443225153
    ],
    [
      -1.4007390853449984,
      -0.4178944598639789,
      2.2512843982800668,
      -1.3819399603978748,
      -1.9760710890752498
    ],
    [
      -2.5967604975726313,
      -1.8798842199797567,
      0.4052314383049678,
      0.6893660551062116,
      -4.435225013777355
    ],
    [
      -0.1658886852732817,
      -1.1235016068341221,
      1.1148456036489554,
      1.3946658328835173,
      -0.18797577260360643
    ],
    [
      -2.499503629839216,
      -0.0961263938993202,
      2.8966140581486473,
      -0.237087448313007,
      -2.0808759832797517
    ],
    [
      -1.562265921115773,
      -0.964938330675635,
      1.8349760549868788,
      -1.4560255408196727,
      -2.0975946861719588
    ],
    [
      -0.0457961651124974,
      -2.839495000269144,
      0.9716139876220771,
      0.7673615015306774,
      -1.5111389925884224
    ],
    [
      1.4329193248987773,
      -1.2152189208351303,
      2.2114689130604908,
      0.6201499915628997,
      -2.1441200350499594
    ],
    [
      0.8226702282155288,
      -2.924838403564535,
      1.1891044611614487,
      0.006160168813120481,
      -2.870196893713097
    ],
    [
      -0.21062292517163167,
      -0.865595294828398,
      2.60387637157636,
      1.8698008014568965,
      -3.386939261320097
    ],
    [
      -0.38214340201893143,
      -1.2463293819657826,
      2.0762137753590784,
      0.5293921502382902,
      -2.2170830925820777
    ],
    [
      -0.7116037834892385,
      0.22569894115463662,
      2.0503531663393515,
      0.7338684704684807,
      0.14221302480027864
    ],
    [
      -1.1025782939894873,
      -0.427050907266586,
      1.3571657382769156,
      -0.2906122901547269,
      -5.155433132801733
    ],
    [
      -0.5280251579783324,
      -1.0294394116702146,
      1.1678293493096046,
      0.2414120570046197,
      -3.2797524004437157
    ],
    [
      -0.914520280554423,
      -1.7453589272078474,
      2.291069999159286,
      -0.4100331717566925,
      -2.500606952558311
    ],
    [
      0.2870500559710828,
      -1.9325015373819474,
      0.5835417766510358,
      -0.6113694217967678,
      -2.286817656571235
    ],
    [
      -1.1461212342873783,
      -1.441897727943584,
      2.068922944955132,
      1.3380077186440988,
      -2.990646641509616
    ],
    [
      -1.4472920089366221,
      -1.6945270251751656,
      1.415785758805601,
      1.2123840002245472,
      0.05129948208304036
    ],
    [
      -2.465049519013225,
      -0.4529771537606365,
      2.4760349341506966,
      -0.1410407535904592,
      -0.6681876852946331
    ],
    [
      -0.45649670162111244,
      -0.2592537568487103,
      0.7236883589970664,
      -0.5096916438473476,
      -2.391565087969448
    ]
  ],
  "id": 27,
  "df": 5
}