{
  "mu": [
    1.168405034266566,
    -0.2958813786879186,
    1.286528054627182,
    -0.991699658839841,
    1.7675505336411708
  ],
  "x": [
    [
      1.3305536659139696,
      -0.5639957183259816,
      0.5211482016303589,
      -1.4058872834921923,
      -0.035507035250035957
    ],
    [
      0.2890290569530626,
      -0.6301318581545173,
      1.418405945388529,
      -2.285329148020164,
      1.3454781767552304
    ],
    [
      2.7924666293657703,
      0.45363055493304055,
      0.9459834753090065,
      -1.5728649405778814,
      1.9366187155582502
    ],
    [
      1.8900002260637985,
      1.7223815190044787,
      2.7486990422961908,
      -1.519868530068703,
      1.5356755385233938
    ],
    [
      3.3811550944010857,
      0.18681303283542317,
      1.5752760580503287,
      -2.736998595050502,
      0.7721402870939769
    ],
    [
      0.9036501897684266,
      -1.3830168727934926,
      1.6307951459692722,
      -1.5751319001153727,
      1.6864596139562436
    ],
    [
      1.3036094069421773,
      -0.5484174012223267,
      0.6304594737572387,
      -1.7532295299859633,
      2.2195415311212194
    ],
    [
      2.4314825241087075,
      -0.6954023864620301,
      2.120044534672368,
      -0.1793786064682369,
      2.78281481376844
    ],
    [
      0.9202922467307098,
      0.2809944189844393,
      1.9450500166049198,
      0.8860648794536254,
      1.6535245225690414
    ],
    [
      2.3544498544980135,
      1.3218961051554265,
      1.221446043757056,
      -1.8226980560153727,
      1.5159814801724532
    ],
    [
      1.9276450056864833,
      -0.4982289695986956,
      0.3182088242605313,
      -1.3844972600183345,
      0.3241047331340625
    ],
    [
      2.2123179249548666,
      -0.7866874733129194,
      0.5137191033081463,
      -1.2863669556498891,
      2.2222281799935746
    ],
    [
      2.3108095895541556,
      1.9409043707453495,
      1.843250987144636,
      -2.289126751035711,
      0.7405359469447337
    ],
    [
      0.6607682668025088,
      0.17519854272024088,
      1.0264279952370576,
      0.07750466515872367,
      1.3300187482063983
    ],
    [
      -2.165977815512453,
      -1.1258482848487321,
      1.969472881497873,
      0.45733859834969515,
      1.33595517041984
    ],
    [
      2.4221008578369947,
      -0.3604712154811729,
      -0.4038506704804077,
      -0.9931267982616453,
      1.1091031297211118
    ],
    [
      0.9172045127539482,
      -0.39917185210802364,
      0.11796016877656257,
      0.5988390081648356,
      1.6655522112072765
    ],
    [
      0.0623464171444752,
      -0.0913111431346785,
      2.6908397573332348,
      -1.5309845997102718,
      2.6597546001869445
    ],
    [
      2.116459331874484,
      -0.5268643520084746,
      0.982965910619226,
      0.16584590698207946,
      2.3118308597495285
    ],
    [
      1.9364718875574174,
      -1.3583391326979588,
      2.0949639255867236,
      1.1686329632852916,
      1.5444777541766108
    ],
    [
      0.6799754075641201,
      -2.0498485793555763,
      1.844979038380787,
      -2.0199058370164087,
      2.5854036351528356
    ],
    [
      1.4065568219022895,
      -1.1958445195718077,
      1.6289841687743656,
      -1.2899407906945384,
      1.2307678459955018
    ],
    [
      1.6099614354455394,
      -0.2187874598752289,
      1.904832019230673,
      -0.20058787819515478,
      -0.03624994929413483
    ],
    [
      1.9505448023656706,
      -0.7171014492183245,
      1.9388562543765828,
      -0.09238672168423534,
      1.0850784015237962
    ],
    [
      3.090328572410286,
      -1.5260123997964468,
      2.114726313286048,
      -1.4227468043651754,
      2.964637793677049
    ],
    [
      0.21705523567820595,
      -0.11957565525052674,
      1.3715013417361386,
      -0.6515015183779098,
      1.318432158982072
    ],
    [
      0.35570470372021457,
      -1.057251965210885,
      0.45369365076710966,
      -1.615398707309916,
      1.950128191423635
    ],
    [
      0.17573164073964265,
      -2.2866445380014047,
      -0.6488836785645142,
      -1.2086496419138308,
      2.1146606648668667
    ],
    [
      -0.2269016500640073,
      -1.1187434323083092,
      0.40084580108746337,
      0.09988183836397146,
      1.1079836529493563
    ],
    [
      2.1080035569355213,
      -0.906668919092843,
      1.038746454241962,
      -1.0643555179246902,
      -0.06091370535109686
    ],
    [
      1.2535928128301586,
      -0.36939402677497596,
      1.4992118866764697,
      -1.5122210342820335,
      0.792470647801736
    ],
    [
      -0.2719764054173157,
      -0.3384518936263844,
      1.89551592666111,
      -1.113756479122398,
      1.0429269545671427
    ],
    [
      -0.37652814464548445,
      0.1743822416268705,
      0.550434628167254,
      -1.6632360579974175,
      1.2904121620771916
    ],
    [
      0.8972898516152512,
      0.5485850959622354,
      1.296313974909941,
      -0.2276465012646336,
      1.5351506928325271
    ],
    [
      2.1325922733682887,
      -1.6025906935730134,
      1.3520232320864896,
      -0.05354903761390162,
      2.276763028446412
    ],
    [
      0.8112729015125328,
      -1.0108140640767354,
      2.267166027879538,
      -2.6557258382865436,
      1.1355641924478712
    ],
    [
      4.182387235170349,
      0.423681542602858,
      1.485569744230085,
      -0.2907426293160409,
      2.0343577030728515
    ],
    [
      1.1351384985459276,
      -2.4010191315168274,
      1.8415239664550351,
      -0.6617785592522631,
      -1.6062744703303737
    ],
    [
      2.2782057064207857,
      -0.5002318588845773,
      1.1738975448433966,
      -0.956371217287975,
      2.013518349329055
    ],
    [
      1.864479102256246,
      -0.26207459137194455,
      0.1322849045724197,
      1.1269858159562318,
      3.8318143422809943
    ],
    [
      1.0674560369196753,
      -0.44512438032608753,
      1.3537666294963546,
      -0.25688496985560294,
      2.396234530510652
    ],
    [
      2.424034630357067,
      -2.7655036832316044,
      0.41807801300336933,
      -0.5177494759050228,
      0.6305719060671375
    ],
    [
      -1.105213968391697,
      -0.848342952162475,
      2.0837401165599885,
      0.6375343491835679,
      2.773807526931521
    ],
    [
      0.5194806955904951,
      -1.2259286762824195,
      1.9287459717749789,
      -1.5541813009486525,
      1.469495230143306
    ],
    [
      1.831369055906991,
      0.5070189296313521,
      0.9814912827281836,
      -1.1778014587343584,
      2.2117858320688257
    ],
    [
      1.9096432667307042,
      -1.1452315571157543,
      0.7026315659242683,
      -2.1275195092334034,
      0.4701366373451603
    ],
    [
      1.7314110483573546,
      0.33486908187587733,
      0.7749439695857697,
      -0.857343148870626,
      2.7121935183085544
    ],
    [
      2.8410907678683888,
      0.23662291998350776,
      2.8800869224804924,
      -2.9086303586294946,
      2.116378612594439
    ],
    [
      2.3883221002360067,
      0.42913800748461856,
      2.3204600877879233,
      -0.6348271518432685,
      0.7508487865723621
    ],
    [
      1.1531890967852891,
      0.5286682291622762,
      1.659587056321094,
      -1.0847652520499258,
      2.5782146364495224
    ]
  ],
  "id": 12,
  "df": 5
}