{
  "mu": [
    0.34930953630331435,
    -0.06835489060491994,
    -0.12740110457448323,
    1.446846706846868,
    -0.5677563241735945
  ],
  "x": [
    [
      1.054436008794663,
      1.0270987345955762,
      -1.431410938435916,
      0.5547773120074772,
      -1.918893753051817
    ],
    [
      -1.208549252596031,
      1.3370057972177039,
      -1.2515326486817602,
      1.159492152364074,
      -0.24274962216368484
    ],
    [
      -0.6577215510747016,
      2.6220821716542546,
      -0.2678795565802701,
      -1.1296871608722405,
      -0.2516438263462056
    ],
    [
      0.9201031630781926,
      1.0643357081501512,
      -1.7890793435007237,
      0.8601785977759158,
      -1.4178116609598672
    ],
    [
      0.5586276957809015,
      0.250802841659101,
      -0.7591281020626377,
      1.4730821108663452,
      -0.0207473837065969
    ],
    [
      0.7723679149792273,
      -2.4917846444687233,
      -1.047082901458467,
      3.0716460361496116,
      -0.8366874131521388
    ],
    [
      0.3247060194060241,
      -0.11314630810186749,
      0.3514292648186182,
      1.4477419213854958,
      -2.40964755006654
    ],
    [
      0.39528562421837804,
      0.7794814654085052,
      0.018982370686183997,
      0.8548335799033455,
      -0.8277763412031656
    ],
    [
      -0.5021947322543954,
      1.5515943201540945,
      -0.04499045667831797,
      0.8155941196153541,
      -1.81355987789834
    ],
    [
      1.2823845640460474,
      -0.16863873441113025,
      -1.796255312516639,
      2.2224211205795443,
      -1.5504481797794223
    ],
    [
      1.9607359922736924,
      -1.0376825825305493,
      0.8546225843809789,
      1.5777357456573526,
      1.1307960271256636
    ],
    [
      -0.5303961179965226,
      -1.463403775579389,
      0.13656232995478162,
      1.681157330455469,
      -0.10236726321094858
    ],
    [
      1.449996122199778,
      -1.490611036377372,
      -0.013631926705892555,
      2.5313105956092157,
      -2.1736237672326144
    ],
    [
      2.4808423045422474,
      -0.3803190169245858,
      0.45746620110360786,
      -0.4490429961842526,
      -1.7533447156974291
    ],
    [
      1.6159915907763016,
      -0.7516269019278713,
      1.3027902449859168,
      0.9032363316983802,
      0.0854585406279762
    ],
    [
      0.41412013970849954,
      -0.4710322548672226,
      -0.49460015821575926,
      1.178978722206941,
      -1.1129877525996532
    ],
    [
      0.2897724529312064,
      0.263774047985439,
      -0.6504560366067462,
      0.7730976387484896,
      -1.185240552182616
    ],
    [
      2.6328536143304073,
      -0.3177178335117593,
      -2.362875852143393,
      2.123320593996035,
      0.5459812279243902
    ],
    [
      1.374251759500835,
      0.6154408347965421,
      1.7301719714582355,
      2.398573059686818,
      -0.687261074124545
    ],
    [
      -0.30356324629854664,
      0.6042829704085265,
      0.6322413884236417,
      0.09522168309211798,
      -1.8104417840002496
    ],
    [
      0.5383680395523192,
      0.0650698986463867,
      0.7113291620146844,
      1.313197078364143,
      0.5285373634818796
    ],
    [
      -0.18683484663074007,
      -0.2856097226746672,
      -0.3864213126567465,
      1.1024009792911371,
      -1.126055385780519
    ],
    [
      0.3721142083974877,
      -0.08590392163681264,
      -0.20461543606625798,
      0.7887883887632441,
      -1.8494837829111743
    ],
    [
      0.1312485878386484,
      -0.8175931381230246,
      -0.7827561631884234,
      3.2260786300375752,
      -0.4301778533044876
    ],
    [
      0.8882752709865365,
      -0.8589040619287566,
      -1.3339827553674388,
      0.5958028376969217,
      -0.5254459056588099
    ],
    [
      -1.2512977645273518,
      -0.4053430320399895,
      0.07233166790721399,
      3.5190060926339073,
      -1.5662794220745249
    ],
    [
      1.3866697121661924,
      0.6024893016624341,
      0.5604185314188566,
      2.7591385497106082,
      0.4041993071970368
    ],
    [
      -0.26733721523259474,
      0.35289497643350726,
      1.2577888872171867,
      0.9988439488742058,
      -1.1410729536565922
    ],
    [
      -0.19279376011626498,
      1.283971615365052,
      -1.5090636252503105,
      0.2897938829173565,
      0.08327397910866308
    ],
    [
      -0.2230611546624,
      -0.5088178486701544,
      -0.32817899716543314,
      3.1860028038013204,
      -1.2695926536826694
    ],
    [
      0.9485463738222883,
      -1.1071474947610738,
      -1.9229686468471634,
      0.5020616508326055,
      0.4653032150502686
    ],
    [
      0.3067105854184779,
      0.7471106343860828,
      1.2453220577610205,
      0.6043035972423395,
      -0.5801986318233714
    ],
    [
      -0.5439652734271914,
      -1.237478867183299,
      0.2855798463251552,
      2.1609610001985224,
      -2.0906581437317175
    ],
    [
      0.5226778802635832,
      -1.1453604561595088,
      0.6561389463548779,
      1.8734569334362239,
      0.4540936074767489
    ],
    [
      1.7054940572130404,
      -0.3399260819546919,
      0.6546898136156882,
      0.28380748791812405,
      -1.046809907743473
    ],
    [
      1.377063881143024,
      -0.16367715648067307,
      -0.2073736091461137,
      2.3472084994904914,
      -1.1868568320896329
    ],
    [
      1.4138849209834963,
      0.9905764495953197,
      -1.960188175971407,
      -0.19088693837774784,
      -0.2198430351529051
    ],
    [
      -0.21833907745966236,
      1.5413301163143804,
      -2.288363781673999,
      0.9122475301439485,
      -1.0037457314631235
    ],
    [
      -1.4021071209093559,
      -1.1757964200222437,
      -0.6351442705417814,
      1.2338771999515494,
      -1.6290032753588566
    ],
    [
      1.1394274183145752,
      -0.02895192077936308,
      -0.7802155636406307,
      0.8225958365012553,
      0.904587600116966
    ],
    [
      0.649409393244796,
      -0.7503036220961079,
      -0.18371298899534277,
      2.393128900927112,
      -2.13063930556253
    ],
    [
      -1.4504250241041727,
      0.18541083054645036,
      -1.6343351119818763,
      2.0833864887683866,
      -0.653573183946016
    ],
    [
      0.566682701910667,
      0.02692362047988381,
      -0.547574012172495,
      -0.18208889795814698,
      -0.6747719039557833
    ],
    [
      0.705153809034748,
      -1.1271392373104256,
      -1.2090184865781524,
      1.9797005739382794,
      -1.4692269971496095
    ],
    [
      0.5114706219468994,
      -1.677618018318371,
      -0.6259214711755835,
      2.1890259337067492,
      -1.5428919709361613
    ],
    [
      -0.3042649126151061,
      -0.38585722975566844,
      -1.0549074045661853,
      1.4714322867123744,
      -1.4015726720026258
    ],
    [
      -0.023504838710361464,
      -0.05805908760443798,
      -1.1624095939456558,
      1.917325508329457,
      -1.870556014334496
    ],
    [
      -0.19139951646467063,
      1.4691696430165004,
      1.8298298296603355,
      1.552442966301243,
      0.27320759551714446
    ],
    [
      2.2382020294516893,
      -2.001600251304631,
      -0.006086650433004673,
      1.9981317591162013,
      -0.9297703763837906
    ],
    [
      1.6196825726826425,
      1.4902066800506675,
      -0.6266989992350496,
      0.24857747237287975,
      -1.8175293118361568
    ]
  ],
  "id": 17,
  "df": 5
}