{
  "mu": [
    0.9207926860023965,
    0.4662464122021552,
    -0.004235759614560576,
    0.47387493698848915,
    0.007027733989718674
  ],
  "x": [
    [
      1.6015205497864162,
      0.029536658208095756,
      -0.7456767213080596,
      1.0669307621019972,
      1.3615763111835293
    ],
    [
      1.187558909401172,
      0.5597657614276141,
      0.7903401526366739,
      -0.04443571074122232,
      0.6438467972391825
    ],
    [
      0.9921740207412595,
      1.5492583476301387,
      -0.7148871226177117,
      -0.46344344665595927,
      0.09536014286142439
    ],
    [
      0.15918572980362855,
      1.7392480857084627,
      0.1905228987311869,
      1.1195139495665016,
      0.4570195057624602
    ],
    [
      -0.030940022390450794,
      1.70819124783706,
      -0.20309972913141713,
      -0.24346849750139488,
      0.028283538152608804
    ],
    [
      2.430466440431557,
      0.5224240693331664,
      0.052151563354797495,
      -2.2336187492045783,
      -1.2739585942684248
    ],
    [
      0.5194062662651273,
      1.5160445140072822,
      1.2152590842066655,
      -1.5186261084609882,
      0.34682927377113265
    ],
    [
      1.9165701599428844,
      0.10736522300135282,
      -0.36027910163301613,
      0.2542942747909067,
      1.3328939870404013
    ],
    [
      1.8973653187131205,
      0.7556779628353462,
      -1.0479786475908925,
      -0.051990674824775485,
      0.6921945024987195
    ],
    [
      1.066436791482234,
      0.40772430125093345,
      1.8511232537139912,
      0.7956562532553998,
      0.6370723772121943
    ],
    [
      1.2879867315735063,
      1.5342239447549126,
      -1.1037817243460089,
      -0.18971116181761172,
      2.21835532373294
    ],
    [
      0.13369400620586336,
      -0.45608485018850103,
      -0.05572365955208675,
      0.3369335567042613,
      0.07905985839747827
    ],
    [
      0.35352389728286704,
      1.6784298223869636,
      0.10625267406899527,
      0.5944311386524119,
      -0.27193603394742494
    ],
    [
      0.6732678512893103,
      -1.5696523732999819,
      -2.96802964342929,
      -0.12088455948437127,
      -0.7080248302617718
    ],
    [
      0.2026255694193988,
      0.7537062753274746,
      -0.35374368339246437,
      1.2632316128220218,
      0.22717657897351504
    ],
    [
      0.8831273654623428,
      1.7461484157648528,
      1.8271883882316096,
      -0.19899356637215315,
      -1.9054270243387477
    ],
    [
      0.8440245787221857,
      -0.3386200976666361,
      0.5394033800208635,
      0.9831595136732205,
      1.018837134309574
    ],
    [
      1.263860022351066,
      0.8233503210304779,
      1.545913832679288,
      0.23543379953816923,
      0.016121383111008074
    ],
    [
      0.6794537559471087,
      -0.08416096267564793,
      1.5862762733607003,
      -0.23654281594530369,
      -0.09076842539035153
    ],
    [
      0.8366631721857316,
      0.15942242063053164,
      -1.160059792396764,
      1.1190693664089268,
      -0.5912664344628341
    ],
    [
      1.964228773529748,
      -0.6660187247280749,
      -1.7346270414976743,
      0.9636219574026954,
      0.31348508124829627
    ],
    [
      0.5630380098701113,
      1.159450346247976,
      0.3256397819046174,
      -0.5324279563099523,
      -0.36518019979980526
    ],
    [
      2.4740638409287588,
      1.5397365263460783,
      -2.1257477701178806,
      0.536088559211503,
      0.39847449869605317
    ],
    [
      1.763243560814384,
      1.0554940032666642,
      -1.1552856356295738,
      -0.3323923517147964,
      -1.1321339803270098
    ],
    [
      1.386241791019807,
      1.2562007342368378,
      0.36106738672523125,
      -1.1475182877600119,
      -0.6218934963567756
    ],
    [
      0.9824016530347409,
      0.5011029143393094,
      -0.2050532566674334,
      0.29954747806290527,
      -0.36558120693432844
    ],
    [
      1.4293361906860371,
      0.870245712203915,
      -0.6919664121615544,
      0.9665820578422721,
      -0.1595714969182392
    ],
    [
      2.7598109569225127,
      -0.21490524226874924,
      0.08159210817730277,
      0.1583120060192525,
      -1.76120041598557
    ],
    [
      1.0923167142989092,
      0.9248336976234408,
      0.5684579569190784,
      0.6147167341642543,
      0.9152030416345174
    ],
    [
      0.2756013153695933,
      0.33525752447617896,
      0.6588355815163608,
      0.21551674973688134,
      1.347329076580246
    ],
    [
      -0.47574834210093386,
      2.1205251556979294,
      -0.2602423338500684,
      -0.09288814261880596,
      -0.6614412380613671
    ],
    [
      0.35071758624888594,
      2.2818916184574403,
      1.4174911447698972,
      1.5193245392996029,
      0.8876656725814455
    ],
    [
      -0.40984848803986296,
      0.9357689288343648,
      -0.4581812535582024,
      -1.6440924629289715,
      0.07750213402169318
    ],
    [
      0.8327852661154161,
      0.016559943678097766,
      0.38438861580146705,
      0.9278079457804664,
      -1.1845164701142938
    ],
    [
      1.3695068672503874,
      1.5212766335707628,
      0.6981537777678917,
      2.0664601825592763,
      -1.5700701532264498
    ],
    [
      1.8097091613671705,
      1.6747080691134792,
      -0.6111942691713267,
      3.2191151329607113,
      0.74961013620306
    ],
    [
      1.7871100030606202,
      0.12428420259534001,
      -1.3427918919857211,
      0.8631089921674155,
      0.11090806081173563
    ],
    [
      1.5643100133132215,
      1.2630309322468363,
      1.2993396434690807,
      0.6035639022241482,
      -0.37090489221104217
    ],
    [
      1.6974791189409038,
      -0.1577079156991042,
      0.7953158127472157,
      -0.5780023114958832,
      -0.7072252595698862
    ],
    [
      1.782962433859737,
      -0.5673394431903451,
      0.0492843936565196,
      0.7655104356408955,
      0.2922934254115334
    ],
    [
      -0.1347003872265038,
      -0.6017462841610428,
      0.1643337787712613,
      2.24352780210643,
      -1.5386073710005268
    ],
    [
      1.0739524944734784,
      0.0902570443271613,
      1.8455812556463558,
      2.032483774945513,
      1.4121772271912687
    ],
    [
      1.9154470317308394,
      -0.29837726557122396,
      0.5086006565233242,
      0.5120369451040947,
      -0.5502021547513716
    ],
    [
      1.1507830608010576,
      0.988701230470578,
      -0.49046072659067314,
      2.2928420323856153,
      0.2831672157908454
    ],
    [
      1.1717311689834207,
      0.37888286571799507,
      0.47605185355538515,
      1.1437604531384813,
      -1.1175644085405194
    ],
    [
      -0.17518551663771342,
      -0.2014670284670948,
      -0.0872721496071828,
      1.50080019277452,
      -0.27064579584460885
    ],
    [
      -1.455700207984824,
      1.6497033731360247,
      -0.4321811462946918,
      -0.7021819630706436,
      0.36314521055530113
    ],
    [
      0.03844300567396286,
      0.3435067670802635,
      0.7628219009445892,
      -0.5961063342618851,
      -1.067779676264982
    ],
    [
      2.7290501078817346,
      1.3653715631809915,
      0.44430193573085613,
      0.9511225658022399,
      0.3793908434089629
    ],
    [
      2.9623717517369244,
      -1.0961620779912757,
      -1.3039522706562834,
      0.6221471906572671,
      0.49241349241450927
    ]
  ],
  "id": 32,
  "df": 5
}