{
  "mu": [
    0.057746588919138496,
    0.9304705858600704,
    0.49114011335944185,
    1.0497378056505478,
    1.8016642289222424
  ],
  "x": [
    [
      0.3876373143752558,
      1.8579151510704748,
      -0.38816504007761654,
      0.6382059406297205,
      0.6793377116951356
    ],
    [
      1.2460558247729125,
      0.19676528950363548,
      2.290549789085391,
      2.597918137123492,
      -0.4813643618024044
    ],
    [
      -1.1260930352782323,
      1.644958603906102,
      -1.0254090902961042,
      0.4708278181565182,
      2.7921372928719204
    ],
    [
      1.6994881943567086,
      0.26428973840747194,
      0.5671045891506036,
      0.7535937660834222,
      1.6021035201749996
    ],
    [
      0.6024882673897606,
      1.627572000928708,
      -1.3195963998218887,
      -0.2726275314241011,
      1.8712061450702764
    ],
    [
      0.03497006403288999,
      0.37418249372258006,
      0.8374472767060761,
      1.1347232136060854,
      2.8252654059465345
    ],
    [
      -0.05758603210524144,
      0.9842129862523383,
      0.5636288779739069,
      1.8740643175771947,
      2.2534862201418076
    ],
    [
      0.3070984955847333,
      2.7527309114947363,
      1.146674653283077,
      0.5568675978649766,
      0.15509963233070057
    ],
    [
      0.3821068077970577,
      0.8563817785489634,
      2.194630894568447,
      -0.17059758539709513,
      2.5738511548566736
    ],
    [
      -0.7410848757638775,
      1.3020472463576067,
      0.4474768616879875,
      2.115925074285338,
      3.467636134241113
    ],
    [
      0.8189190781517871,
      0.17966882996110856,
      -0.1969406445147288,
      1.1921796316661386,
      1.0282640346293566
    ],
    [
      0.8116121413095776,
      1.4700402589693806,
      2.042989691467186,
      1.9495342297449458,
      2.9226778893806316
    ],
    [
      0.2998220595114814,
      -0.23422937572413383,
      0.46721691340316274,
      1.7085036700786036,
      1.587936864352919
    ],
    [
      0.3539372847521183,
      2.2275833901194857,
      1.6061814272608448,
      1.997947079040521,
      1.3670484466502575
    ],
    [
      -1.3082515379528,
      1.196326873709855,
      2.2672009528039845,
      0.25698420636263897,
      0.9175205723470076
    ],
    [
      -0.29606648808730296,
      0.11202552392361442,
      -0.5927864089612284,
      -1.0374982620485496,
      1.8992069464219747
    ],
    [
      1.507347442329645,
      1.3138656824239308,
      -0.16271139053542083,
      0.5703866237784443,
      1.7103698071018933
    ],
    [
      -0.726960730084035,
      0.30496721466505916,
      -0.5472714153868904,
      0.999909184075803,
      2.0765342158284747
    ],
    [
      2.2617471041554857,
      -0.016250618000408834,
      -0.040672409418975985,
      0.36730590785417616,
      2.021781275942962
    ],
    [
      -0.8453109174477434,
      -0.440457454291453,
      0.5244078455519064,
      1.4047166330375265,
      2.6794596915242384
    ],
    [
      -0.2880212450675517,
      1.3430830534252631,
      -0.5023187723956717,
      -0.31063340909285087,
      2.164254463811303
    ],
    [
      0.799029910412279,
      0.7554614054801129,
      1.0619811456695376,
      2.5259102034668883,
      1.6732980624240321
    ],
    [
      0.14477480090953704,
      0.02808842577568227,
      -0.3829432837913298,
      0.8440953558796211,
      0.7421259954017563
    ],
    [
      0.4490332998787029,
      1.0971587568263708,
      0.6494907763438704,
      1.8912199385521036,
      1.4280151336789175
    ],
    [
      0.06810035262207452,
      -0.13659698207921833,
      1.7521242517867908,
      1.5442153365671225,
      1.8235212799139429
    ],
    [
      -0.16581212652545405,
      -0.05343074597120778,
      1.0057118561128755,
      1.6413982004143877,
      1.5835974043012921
    ],
    [
      0.039159127535112324,
      0.6482263268703662,
      0.757731357512254,
      1.2893799815808542,
      1.1037767665001958
    ],
    [
      -0.526008669869627,
      1.593615635043687,
      1.4706863910890167,
      2.484453794547252,
      1.647203822522843
    ],
    [
      -0.2863005647178073,
      0.9621397610525647,
      0.3746698984624649,
      2.004893048798664,
      2.7100550139566466
    ],
    [
      0.18104440885602255,
      2.860052617415314,
      0.011518251368481947,
      0.7678578344158733,
      -0.3564751283730965
    ],
    [
      -1.1893290958044125,
      0.40375634314580755,
      -0.9054663877260637,
      1.126466517975808,
      2.970738872635107
    ],
    [
      -0.4695530334557136,
      2.5123897339586874,
      -0.3357563423781833,
      1.154000841551173,
      1.2174602446035276
    ],
    [
      -0.011804815033964973,
      0.4402709397651741,
      0.718294252427206,
      1.8850224511663005,
      2.857599116041169
    ],
    [
      0.6911702187314992,
      2.3508792492506148,
      0.804900899631397,
      1.1469718438948886,
      0.6958519170471607
    ],
    [
      0.5863398782041845,
      1.2375318386569498,
      1.5973118027896471,
      -0.5126749498984193,
      1.6192458325417476
    ],
    [
      0.6646168090287317,
      1.099175721080032,
      -0.16125260260801033,
      2.0397418729226726,
      1.0514784087047389
    ],
    [
      -0.5504051235439165,
      0.4431813034403597,
      2.051349476429034,
      0.33661835266362206,
      1.014081303234682
    ],
    [
      -2.592271614218808,
      1.1787159292449914,
      -0.34847165923686674,
      0.545753174547782,
      2.817328602040682
    ],
    [
      -1.1824758006923783,
      1.8322051052828028,
      0.38697062224125683,
      1.3301676839088692,
      1.5644732782313986
    ],
    [
      -1.0650045884607262,
      0.4247070704271543,
      -0.09922907366686784,
      1.0695071332913781,
      1.6397662108572408
    ],
    [
      0.2645175245307901,
      2.338138620303244,
      -0.39474696140462684,
      1.586567712697759,
      2.1930736019062094
    ],
    [
      0.44276157738229627,
      1.6740983633768356,
      1.3544045749577496,
      -0.10266498457099815,
      2.4736960251755207
    ],
    [
      -1.3881784235738412,
      1.301654970526463,
      1.6828260175763012,
      0.3578332688680429,
      1.7250322239355669
    ],
    [
      0.43108496046266653,
      1.7682149139457337,
      3.1774081077645757,
      0.9101922660004012,
      2.4716559787218904
    ],
    [
      0.6061892617514067,
      1.7900420225011355,
      0.7382237446814844,
      1.0200770284763159,
      2.1113662435120064
    ],
    [
      0.09698525970025562,
      0.7993902986014482,
      1.0379994710078702,
      1.6061942303841925,
      2.1479690673809344
    ],
    [
      1.5887626858088342,
      -1.76981336504767,
      -0.6246996993441739,
      0.9713335868050385,
      1.03310556334687
    ],
    [
      0.13882278386918595,
      1.0063579821899704,
      2.243876954293651,
      -0.5012950373689193,
      1.236669048970188
    ],
    [
      -0.3366522024006924,
      0.19652838640822512,
      0.9860865700925261,
      1.7781208136350861,
      2.9829740678856966
    ],
    [
      0.013288851214208294,
      0.8063888074379125,
      0.8789135253409119,
      1.2036026185144242,
      1.6685356969029852
    ]
  ],
  "id": 13,
  "df": 5
}