{
  "mu": [
    -0.7431547559232883,
    -0.504978012809674,
    0.3390050370020845,
    -1.1666601191324006,
    0.2816951805964861
  ],
  "x": [
    [
      -1.0290322138990597,
      -1.2719205916989247,
      -1.0269445682529446,
      -1.0063673043780175,
      -0.42816369657325926
    ],
    [
      -0.1726792747801933,
      -0.0032098337468258187,
      -0.9329299381168967,
      -1.3567007771068482,
      -1.0303784937009581
    ],
    [
      0.19652300181627225,
      -0.8139299136891076,
      -0.3041772327526143,
      -0.35360339052322076,
      0.22056781392723435
    ],
    [
      0.9348406564276686,
      -0.2173702082572942,
      1.5630568897989976,
      -1.5408212367210388,
      0.37644309285121325
    ],
    [
      0.6899101024235677,
      -0.7231448753833812,
      2.3491775166130227,
      -1.7068567497663438,
      1.5134321550690952
    ],
    [
      -0.48350584340576247,
      0.44782669728530144,
      -0.5988538271034962,
      -0.8825412008802425,
      0.6890140211532296
    ],
    [
      -1.9669007139920478,
      -1.1866574563617935,
      1.1437913042667276,
      -0.6148785752977808,
      2.013170152303884
    ],
    [
      0.008834444615055115,
      -0.8452594103103805,
      -1.363922173543025,
      -1.6595197765906575,
      -0.003155591361974186
    ],
    [
      0.5835582390825769,
      1.2899448771543267,
      0.9640403623503007,
      0.15419156797143874,
      1.2982148358805388
    ],
    [
      -1.900390560508902,
      0.013796295905081024,
      -1.2471135086227705,
      0.17344309767637567,
      -0.4082526480157832
    ],
    [
      -1.9336291737596958,
      -2.122868534092872,
      -0.040359757226762716,
      -0.5913335962371916,
      1.3868036549058997
    ],
    [
      -1.8660893194305406,
      -0.3323235324718669,
      1.053590944702244,
      -0.37653675539291376,
      0.6676935596581587
    ],
    [
      -0.6845253973999739,
      -0.5664833548320084,
      -0.7439174936123336,
      -1.080441786888343,
      0.8557025501259903
    ],
    [
      -2.093907445666311,
      0.9558547630233915,
      0.4529736877539775,
      -0.26690195275543505,
      0.11072568385759401
    ],
    [
      0.46576153482269556,
      -1.3278752015716346,
      0.6147309225316848,
      -4.029605594115667,
      1.5634555177628457
    ],
    [
      0.17917867775213514,
      0.3774781813174133,
      -0.366981459156831,
      -0.8938488556837224,
      0.5022601612658631
    ],
    [
      -0.7910290378941727,
      -2.0498792733624462,
      1.4955342967871978,
      -2.5489501857562926,
      -2.7549483576077622
    ],
    [
      -1.1386157983422234,
      0.08664960403534039,
      -0.12823804952080153,
      0.5609923178468854,
      1.3585193666004445
    ],
    [
      -0.5447103773387583,
      1.4429437923472528,
      0.7082731122239612,
      -0.9226352693453153,
      -0.04314260325412683
    ],
    [
      -2.015635904715996,
      0.9171890407253852,
      -1.0684913180175413,
      -0.6011377641003102,
      -1.2177335867630386
    ],
    [
      -0.008576793682741335,
      -0.9096404870123205,
      -0.4771893815577405,
      -1.390100499984108,
      0.5116510818264918
    ],
    [
      -0.5713586528837191,
      0.18507839188612885,
      0.49805790066451094,
      0.135101221298785,
      0.9277754733299614
    ],
    [
      -0.681908779986218,
      -0.6503090533897439,
      -1.1602092574433636,
      0.833865175092694,
      1.5554967432777418
    ],
    [
      -1.7227140541640493,
      1.5485314674793464,
      -0.10227214449301947,
      -2.131754588687901,
      1.6448045970061989
    ],
    [
      0.24052020043534605,
      -0.8687620949545491,
      1.1401118806581279,
      -0.13168605068576023,
      -0.604007706267155
    ],
    [
      -2.1189671371691556,
      -0.6150546430988342,
      0.9556921134416234,
      -1.4530326926661514,
      1.6649229644275296
    ],
    [
      -1.1425511471855048,
      0.48491406796248204,
      0.2343118652103361,
      -2.0220275388157765,
      1.520658423579973
    ],
    [
      0.6473777055270353,
      -0.4875575063222841,
      -0.5120295232620886,
      1.1094449390159613,
      0.3599999549532689
    ],
    [
      -0.33361018654175745,
      0.14461403031268238,
      3.3969688119030543,
      -1.7869764874519993,
      -0.05179945159952126
    ],
    [
      -0.4480137046832709,
      -1.5847746907773232,
      -1.0608657275283513,
      -1.2820451237292303,
      -0.8458053754119713
    ],
    [
      -2.567081302910304,
      0.3581943764284703,
      1.576844507770722,
      -1.8736912343442134,
      0.1631311324865456
    ],
    [
      -2.167336064845418,
      -0.2957863899882712,
      -1.0367061933953472,
      -1.5485072399628617,
      0.14771715684284933
    ],
    [
      -2.0688269267223607,
      -0.796128291103555,
      1.7781033196339646,
      -1.085128317248395,
      -1.1526245435180016
    ],
    [
      1.2151258771330147,
      -0.37585417728782916,
      -2.0020584073919414,
      -2.9720692085652063,
      1.3319348297423166
    ],
    [
      0.054887030650409785,
      -0.5784516702796254,
      1.4127078468115943,
      -2.617815639185766,
      0.28947605859193337
    ],
    [
      -1.1117461867120886,
      -0.13790416504809017,
      -0.7044852283751786,
      -0.19347392688877318,
      -0.5449314425897789
    ],
    [
      -2.5333835626892967,
      -0.1459000116003707,
      2.0896818872251064,
      -2.1458452834178674,
      -0.9555054991644999
    ],
    [
      -0.8925406621668139,
      -1.4411117921085541,
      0.1361515288980107,
      -0.579423465549112,
      -1.4520337217817532
    ],
    [
      -1.3277297101629535,
      -1.9276211377639103,
      0.7907777380252337,
      -0.7666133586398836,
      1.8757640969672362
    ],
    [
      -1.3127660249716793,
      0.03610571101732907,
      -0.26904810508854915,
      -2.4561768062075453,
      -0.08480347457924803
    ],
    [
      -0.5082903875790965,
      1.001586266878986,
      0.11862308226351764,
      -2.3918090970630503,
      0.8955460318697818
    ],
    [
      -1.7062647270187346,
      -2.9906241848229063,
      0.43775353730462974,
      -0.13481799655846505,
      0.9913895161836475
    ],
    [
      -0.7277215200534172,
      -1.6251500391144633,
      0.8708212939924138,
      -0.5463276948364064,
      -1.3009698306310713
    ],
    [
      0.01225244121439717,
      -0.8695086513495943,
      -0.8874839864716153,
      -0.6171599337978322,
      0.23830566298098257
    ],
    [
      -0.5734944494389802,
      1.2868688435776585,
      -0.8496082016998403,
      -0.6777055587022661,
      0.1496925764969446
    ],
    [
      -0.5663868020711469,
      -1.5937059497114987,
      -1.7475042108910095,
      -3.6376076627854275,
      -0.2048969134027384
    ],
    [
      -2.2694230583442354,
      -3.214213567080257,
      -0.19116597263024038,
      -2.1266033336266683,
      -0.11459330083374963
    ],
    [
      -1.7233155931251414,
      -1.249134856359603,
      -0.5234495872147521,
      -1.7605090481673293,
      -1.6721021942137564
    ],
    [
      -1.1076232040202076,
      -1.6006163507066327,
      -1.1535530527314042,
      -2.078939565053553,
      0.8382086943123336
    ],
    [
      -1.1166984079960287,
      -0.5267174790166699,
      0.4906975298880486,
      -0.0371800472721282,
      0.5378367315504434
    ]
  ],
  "id": 7,
  "df": 5
}