{
  "mu": [
    -0.40780190639891245,
    0.2950804272915461,
    -0.5404543651131689,
    -1.3716712505041084,
    0.25581135179689407
  ],
  "x": [
    [
      -1.3621238765761843,
      0.8582426547548931,
      0.9896710281287037,
      -0.235000853739618,
      1.2006312526224128
    ],
    [
      -1.0819768333181274,
      1.6228504754627011,
      -2.417324029556075,
      -1.9569315209550988,
      1.4576472484769074
    ],
    [
      -1.385057028698648,
      -1.2685224084026698,
      1.0111768649734945,
      -3.2708326351735284,
      1.2594969401145264
    ],
    [
      -0.3611516064089264,
      0.43308908660644185,
      0.9261462272487061,
      -1.4772580952705794,
      0.20885259420596602
    ],
    [
      -0.12140342582223612,
      2.234790079196086,
      -1.4971914289287025,
      0.05840048826161581,
      0.19724453786283652
    ],
    [
      1.0990730954603611,
      -0.7681801033117073,
      -1.49160574150681,
      -0.3409437002947553,
      -0.43244616903041533
    ],
    [
      -0.922709927041126,
      -0.27396451215630463,
      0.059079320257295675,
      -0.25173099394044907,
      -0.7978902140751047
    ],
    [
      0.6995182791815882,
      0.8411292056206483,
      -0.994598254542193,
      -2.0646259663888227,
      0.013369234412906883
    ],
    [
      0.37105141657148644,
      -0.8099236635874176,
      -2.293121060829639,
      -2.991402150547222,
      -1.0296753721532652
    ],
    [
      -0.8833677438498191,
      0.05654803964718247,
      -1.0117120350509734,
      -1.670142878980647,
      2.1572531977348532
    ],
    [
      -0.29489081907467884,
      0.05529368790521397,
      -1.0029606683513133,
      -1.134512599743907,
      0.10442715400921082
    ],
    [
      2.2225156433292903,
      0.5754224493451201,
      -1.2451065929391387,
      -1.6702501322031698,
      -0.11679113365172095
    ],
    [
      -1.670643367558766,
      1.2333578613804326,
      1.0622568306108748,
      -2.397947887155625,
      0.025893088360027072
    ],
    [
      1.7826494168700533,
      1.1708066416296974,
      -1.3198464748709942,
      -3.1253117752440343,
      -0.70260665504689
    ],
    [
      -0.018083567460876082,
      -0.7597077587616863,
      -2.2601616153140682,
      -2.974324945398564,
      1.730149674211977
    ],
    [
      -2.43132449261908,
      0.30091731917210474,
      -0.28892206840464907,
      -1.5850954463945097,
      -0.3277011833315523
    ],
    [
      0.3916330612479396,
      0.5468175280228523,
      -1.1768320239781729,
      -1.1145241975785773,
      -1.3588610610236576
    ],
    [
      2.172061000763198,
      1.7967045485740756,
      1.0309127351958334,
      -1.0003832762759097,
      -1.1952301763821789
    ],
    [
      -1.1866035626791867,
      0.19763771600401175,
      -0.6661483117331257,
      -1.2321345605968037,
      0.11003201205021251
    ],
    [
      -1.8303304925870283,
      -0.1242976291595616,
      0.2681567979696431,
      -0.4900766583219457,
      1.9381152168618212
    ],
    [
      0.01003637535875257,
      1.4469875009876574,
      -0.6793686292422081,
      0.10440100975697542,
      1.8241604720414788
    ],
    [
      -0.16669853942075888,
      1.7860099505254265,
      -0.9483735734469685,
      -1.1824763389948716,
      1.129552971491885
    ],
    [
      -0.9032164561572618,
      0.327882600084638,
      -1.6362436670798788,
      -1.8506557498499703,
      0.778276793021565
    ],
    [
      -1.266339708927501,
      0.6491425313308347,
      -0.322514625850527,
      -2.209951807491296,
      1.184062720977908
    ],
    [
      -1.6847672880057367,
      2.334739427311522,
      -0.45778931148004137,
      -1.397059609456247,
      1.1819270882112747
    ],
    [
      0.9653214544589757,
      0.6424998579648193,
      -1.5053973515945593,
      -1.2088463171992774,
      0.40652519915188856
    ],
    [
      -2.3303164752393677,
      -1.3068028439095678,
      -0.25469605526746464,
      -0.505691728510408,
      1.2674791638136866
    ],
    [
      -1.2643923783558653,
      0.8369034037145886,
      0.5332479673344935,
      0.19502395165526698,
      -0.6762513326334223
    ],
    [
      -0.5117855296517546,
      -1.1930769486602564,
      -1.087064883950302,
      -2.814723468234617,
      -1.4819507701423549
    ],
    [
      -1.8223165639257997,
      -1.945227352944007,
      -0.332708620561294,
      -0.10971239850961378,
      -0.19102015935057814
    ],
    [
      -0.31864721237910293,
      0.09856663251419115,
      -0.39581283672191736,
      -1.9551160404124013,
      0.5324195441293946
    ],
    [
      1.2759787519392538,
      2.0126131839342887,
      -0.61597562516383,
      -0.9870156379579784,
      -0.6332987995229267
    ],
    [
      -2.2066834273206015,
      2.394680551339547,
      0.4311161493878233,
      -0.22901891598458324,
      -0.8491190349564497
    ],
    [
      -0.26812245267944645,
      0.32756617652671965,
      -0.7362593988278021,
      -1.5269319314790524,
      1.0251693891502622
    ],
    [
      -1.3000178341806128,
      1.945856084407238,
      0.08269444102798484,
      -1.5877584766387898,
      1.0995935710628242
    ],
    [
      0.4151173194508435,
      0.9151701217657089,
      -0.6523664868791847,
      -2.058257074082356,
      -0.6325212784468635
    ],
    [
      0.931187717809838,
      1.6411155238155812,
      -2.2436351889918575,
      -2.2439047220089043,
      0.5514702394256157
    ],
    [
      1.2926328168121106,
      2.927070927050505,
      -1.3746549361934974,
      -1.4149592481695592,
      -0.15334018739650407
    ],
    [
      0.19707875972012656,
      -0.2732424231087181,
      0.03637049403747861,
      -1.867009860653946,
      0.7345107242660511
    ],
    [
      -0.5635250097449982,
      1.815880814618593,
      -1.8770040086047008,
      -2.185182570262389,
      1.3977170294795025
    ],
    [
      -0.7556679217161875,
      -0.7153123188481298,
      0.4837221419670644,
      -0.8671465514583144,
      -1.1005023474212197
    ],
    [
      0.4162752064212556,
      0.9308611928136659,
      -1.1310612847050967,
      -0.9614344464113739,
      0.2607615087326464
    ],
    [
      0.10047408732365204,
      2.0742894111014283,
      0.18184253489039848,
      -2.053229450049006,
      0.8791872697667764
    ],
    [
      1.3196262282846059,
      -0.4334359085942217,
      -0.6046401346100767,
      0.266700429246022,
      -0.052471068855583
    ],
    [
      0.22738030692517253,
      1.317679026190073,
      0.14159134483944646,
      -0.2718677703604282,
      1.4057522685482637
    ],
    [
      -1.7655288866068135,
      -0.1670639076930518,
      0.026210322509931716,
      -1.8616029139768906,
      0.3711752212168322
    ],
    [
      1.7934214430789832,
      -0.1982062866366448,
      -0.08292791160629082,
      -3.1005688713111175,
      -0.09625020880792517
    ],
    [
      -0.3790005601958846,
      -2.598636841018305,
      -0.30455798260158784,
      -1.367386537709494,
      -0.23690674668169376
    ],
    [
      -2.1195762546137633,
      -0.3468706759365732,
      -0.20290851384640096,
      -2.296778887117038,
      -0.08750456991246619
    ],
    [
      0.5844302298561224,
      -0.9920247529214061,
      -1.3423859721016922,
      -1.3257372618393963,
      -0.04327020595489223
    ]
  ],
  "id": 30,
  "df": 5
}