{
  "mu": [
    0.697820523895239,
    -0.4972200215001634,
    1.5437871900543032,
    1.2014577825053558,
    0.849630131597766
  ],
  "x": [
    [
      0.8194203848424236,
      -1.3401843349210467,
      2.098282223802972,
      0.3871681041384104,
      0.9481319144881125
    ],
    [
      1.4296014838077808,
      -0.3190674788542477,
      2.353417920273878,
      2.363889222744545,
      -0.16676756490247213
    ],
    [
      0.33739215161251407,
      -0.740228432539693,
      2.5346870189931883,
      2.008039483208737,
      2.6674428992676975
    ],
    [
      1.4115924983867283,
      -0.1835929782485085,
      2.9649943337596474,
      2.6047699274860614,
      -1.1318870576802587
    ],
    [
      1.249624501335325,
      -0.5635161668295995,
      2.9303479660581724,
      0.7993798168656392,
      2.5287328392108686
    ],
    [
      1.1485035045627934,
      0.7457231926605303,
      3.440412815993217,
      1.558812505108485,
      1.6331698437401116
    ],
    [
      -0.7496748368647571,
      -0.18548274473043874,
      2.1935362830781493,
      2.7389687958892415,
      -0.7094082021674663
    ],
    [
      -0.37125255402032475,
      -0.7255952393819076,
      1.362969595472366,
      3.1910733077033036,
      0.7379611507710808
    ],
    [
      0.7212895071801989,
      -1.3134551169388549,
      2.0080302351042985,
      1.2295843776030917,
      1.9534723605040263
    ],
    [
      0.42328799051677085,
      0.748725298133136,
      1.108919374963102,
      0.5814124503141419,
      0.6087440329283067
    ],
    [
      -0.1947512964661473,
      -0.6099051225968026,
      2.406444684642425,
      1.239991401955253,
      1.0013876740052468
    ],
    [
      0.13717146899018828,
      -1.3451556307559853,
      1.8478811749585211,
      1.5138374635686658,
      2.2095323459191634
    ],
    [
      -0.1930964547593016,
      0.8134663199354037,
      2.4967161189747955,
      1.3351602415400765,
      1.958490939392926
    ],
    [
      0.4093522551801929,
      -1.5925244903227773,
      1.705769791917111,
      -0.043831600343872124,
      4.071503936628273
    ],
    [
      0.6260304277917907,
      -0.10322750306004375,
      1.267985252017974,
      0.3439478271579186,
      0.8930193254200377
    ],
    [
      0.9253792037236351,
      -1.5639701819993435,
      2.4390000750667133,
      2.7014304877687327,
      1.0775659770731938
    ],
    [
      0.4604959551358999,
      -2.4461225927486963,
      1.210749518251607,
      1.0521952360893672,
      0.6456283278322201
    ],
    [
      1.8542466617995856,
      -1.9957562913840392,
      0.6843764902589903,
      2.7143133949552873,
      -0.28879114458397803
    ],
    [
      1.0581564362001736,
      0.5621006109722375,
      1.5972338507243309,
      3.0686965962147648,
      0.6465851404256158
    ],
    [
      1.6478661982952663,
      -1.3498658162256967,
      0.35662463976684666,
      1.675285171904785,
      -0.11977293608680573
    ],
    [
      0.9794412915445814,
      -0.7898467525343158,
      2.4922471653135165,
      -0.333498176004432,
      1.9226368409309824
    ],
    [
      0.09173097268331698,
      -1.0527536860577054,
      0.1381339387414744,
      0.323831825117217,
      0.7721161276208006
    ],
    [
      -0.3703405185504408,
      -0.5992652914515657,
      2.5656545723644553,
      1.3437522797465624,
      1.3200007269138727
    ],
    [
      0.3513994304026871,
      -1.153206346698299,
      0.07635137070403153,
      0.2577944105920388,
      1.588406015035818
    ],
    [
      1.2650991934701317,
      -0.4028325099159763,
      2.5486339368182582,
      2.166959479416234,
      1.7745266453489834
    ],
    [
      0.0004247428480993465,
      -0.4800267893806612,
      1.5299965793802592,
      0.9380217670103902,
      2.0119472225805164
    ],
    [
      -0.47686573091880347,
      0.8792710345978776,
      1.3995380485267594,
      2.2720616528217064,
      1.7787534726560594
    ],
    [
      2.4926051404433935,
      -0.9658872601600084,
      2.3346091039509425,
      1.0157194724328025,
      2.365792663281917
    ],
    [
      1.4690098956319575,
      -2.5647683908691885,
      1.3443841388273876,
      2.543937221146812,
      1.9570390293336937
    ],
    [
      0.3943416664144181,
      -1.4075780383560175,
      3.1485660325896663,
      1.944753680469141,
      1.735456466177141
    ],
    [
      -0.6015734067582151,
      1.559085502735789,
      0.7458193841846928,
      1.3459586721449432,
      1.9492667350062947
    ],
    [
      0.3564947283726256,
      -1.4914601414961124,
      2.805210534484094,
      0.05658546675335363,
      2.7144025492422528
    ],
    [
      0.6183482400306562,
      -3.0244315415015066,
      2.458925133708206,
      1.387675753156374,
      2.2494586144943427
    ],
    [
      0.7632409311358745,
      -0.5763566721987902,
      2.2812148271970125,
      1.2250536948880466,
      -0.028823267693717458
    ],
    [
      1.001870639256607,
      -2.4237278316035393,
      1.9394725243032918,
      0.3060082799008236,
      0.5051521978945368
    ],
    [
      0.3125363145089205,
      -1.989261205489384,
      1.6384229280489788,
      0.6451500185951633,
      0.8853940682121818
    ],
    [
      1.4032990442457582,
      0.4142730083961934,
      2.2349397136656894,
      1.1728926520212604,
      0.13370572830717375
    ],
    [
      -0.5621513587628316,
      -0.13719851035598463,
      3.467088830404029,
      0.3005990484915939,
      -1.0762852058925296
    ],
    [
      1.1083123244504844,
      1.2390424604651498,
      2.264658185994903,
      3.266413633147609,
      0.39755266045619136
    ],
    [
      0.18174102446550855,
      -0.513768011013698,
      1.8748674613080472,
      0.39357433501537553,
      -1.5251976015701043
    ],
    [
      0.8103994361006595,
      -1.73775873054458,
      0.20763137518908614,
      -0.44961940478414575,
      1.2602833634814872
    ],
    [
      0.7736817265438268,
      1.1988953325995466,
      2.2279342186655113,
      -0.06281778362134083,
      1.8184417660970196
    ],
    [
      0.46208974955961524,
      -0.00023294248552696573,
      0.3848646881050144,
      1.9541343782004872,
      1.080654891285178
    ],
    [
      1.1972285731803447,
      -1.1301017378434994,
      2.4154938173025675,
      1.6599963532611257,
      1.0360698609991301
    ],
    [
      1.6243324337853398,
      -1.9001181402358387,
      0.20640364931659905,
      -0.013296912864108945,
      0.7861934584214185
    ],
    [
      -0.7764920937115519,
      -0.5636800720737583,
      2.215126795572546,
      -1.1278308711220693,
      0.4643091134436119
    ],
    [
      1.0155928166242507,
      0.5464625157860059,
      2.1752035679279085,
      -1.123307994584813,
      0.941085257720053
    ],
    [
      2.208040215175634,
      -0.25008932295611414,
      2.1254871128037753,
      0.5333333835228307,
      1.6003351209338466
    ],
    [
      1.5973416250617332,
      -1.2156949992232082,
      0.9034116062382174,
      0.4966552994034622,
      0.954160066029077
    ],
    [
      0.2901916802257124,
      -1.1715920442298111,
      2.525770230256721,
      -0.5035202510834886,
      0.39534329904049387
    ]
  ],
  "id": 45,
  "df": 5
}