{
  "mu": [
    1.8965075656283805,
    -1.2132784179520424,
    0.9804988975747816,
    1.9818697540640586,
    1.5631073063692946
  ],
  "x": [
    [
      1.7978573445974615,
      -1.6589233290385328,
      -0.829759348398999,
      2.1877706400151347,
      2.5741061609073355
    ],
    [
      3.7046317926070134,
      -0.6437588684510015,
      -0.4862717298920768,
      1.3112726273496484,
      1.3429810678350091
    ],
    [
      2.1508583767121032,
      -2.2623340448603333,
      1.8816995387900364,
      4.169628654083664,
      3.0738222372853032
    ],
    [
      2.731552893796479,
      -0.20165776141653025,
      1.7133663133960924,
      1.3495306948168724,
      4.807428371661898
    ],
    [
      1.9785181658741144,
      -1.3764273327340701,
      1.8460214438293747,
      3.2153038831955465,
      3.176882583073386
    ],
    [
      0.7939970086515022,
      -1.9243471427648642,
      0.6174168701694214,
      2.510375503735806,
      1.928842742995828
    ],
    [
      4.616744650093263,
      -0.6733581494715275,
      1.052987819826119,
      2.9588256338402057,
      2.7585453368370594
    ],
    [
      3.21227018909023,
      -1.5832607599457642,
      0.055762808672395914,
      2.1298528629287,
      1.452484565411418
    ],
    [
      2.856545172224997,
      -2.288799489325403,
      0.23578184125293433,
      2.745829448132265,
      1.2609191735912144
    ],
    [
      1.5378137765463695,
      -0.8854071051737731,
      2.0123707084975773,
      2.092001597589085,
      1.0314209666244436
    ],
    [
      2.0838854760599945,
      -2.2686796439133827,
      -1.3204984228424226,
      0.9816596877157315,
      1.3467519175789757
    ],
    [
      2.76456918515795,
      0.3683516828898368,
      2.2960149001157872,
      1.9443035076944664,
      1.2707207549263135
    ],
    [
      1.2487645290985114,
      -2.1663218811776295,
      2.0679473326336013,
      1.024348095120831,
      1.0260679478431391
    ],
    [
      2.0217184817309493,
      -0.02021498626758711,
      0.5086189378394177,
      2.4589737401169076,
      0.5307797094873374
    ],
    [
      -0.49109914445119274,
      -1.2588127239182383,
      1.906231669864614,
      1.8796170006822888,
      1.8121614766441485
    ],
    [
      1.3214285267606178,
      -0.9530017166655438,
      0.9154265348946433,
      1.8406037490893588,
      0.6720559644197869
    ],
    [
      1.2710457355851723,
      -0.6565332291040915,
      -0.1987371673920456,
      2.870031935360729,
      3.595019117451498
    ],
    [
      2.5797573468172774,
      -0.5389337394545473,
      0.4847583332777834,
      3.955395780333445,
      1.443320172368525
    ],
    [
      0.9784848733335172,
      -0.501566266466067,
      0.3929407741433736,
      1.3248272751702324,
      1.2687148271682316
    ],
    [
      1.0367938099607232,
      -2.0830732455673173,
      -0.1357299725892004,
      1.7676444449446134,
      2.1330597953438613
    ],
    [
      1.4264002505663251,
      -0.5880208467879777,
      2.1668814849624694,
      0.6223191580430156,
      1.156785456914667
    ],
    [
      0.9482788608561061,
      -0.34161436846676596,
      0.4134980936009808,
      2.0286753616777475,
      0.4368578872920237
    ],
    [
      0.43021095340426374,
      -1.075831146855145,
      -0.25457161054452027,
      2.98095508946525,
      0.36344503431462316
    ],
    [
      1.5520474166022034,
      -0.06182613120918945,
      0.4276264507033328,
      2.4204381530255215,
      3.226842304305584
    ],
    [
      2.4215868635128315,
      -1.2114079052727231,
      0.3281427605897097,
      2.6552399941227316,
      0.06002820286436816
    ],
    [
      2.7843569775047325,
      -2.7741920768273567,
      0.644635901350701,
      1.4465537608532637,
      1.8505770737316722
    ],
    [
      3.039024664642236,
      -2.4080807596992577,
      0.9302194989923279,
      3.650961531181782,
      2.9271887152143425
    ],
    [
      3.7791160001318387,
      -0.37027685810959454,
      1.0399468147045692,
      2.702782834074917,
      1.0001391762358125
    ],
    [
      3.689694473727804,
      -1.5552041105348084,
      0.7448547522534452,
      0.9468600572565316,
      4.042340658037679
    ],
    [
      1.0756569267657978,
      -0.5022092125001951,
      1.5787414101410577,
      4.518526507120671,
      0.8532425808355619
    ],
    [
      2.4857711993604283,
      -1.9038020717615256,
      0.6035770610654814,
      3.0154318128520874,
      2.1489483531010807
    ],
    [
      3.0435085433550486,
      0.6173036979230415,
      -0.5756493215599378,
      3.7439254301597096,
      3.201286476337266
    ],
    [
      0.6107317363526328,
      0.1308595029115418,
      -0.013885791212747911,
      2.0558920689001114,
      1.456986498479114
    ],
    [
      3.113282885571663,
      -0.4531965927440492,
      1.542525119797948,
      2.35715802252137,
      0.08141121120717743
    ],
    [
      2.123650553534351,
      -2.241804194508102,
      0.03364027848416473,
      2.4531923487068896,
      0.6210581355496212
    ],
    [
      2.7361579737627015,
      -1.3760281542637844,
      1.422859440959471,
      0.7472422875080158,
      1.5612966211930357
    ],
    [
      2.216551702987101,
      -0.7444970065130401,
      0.6019329542745844,
      0.9605686200289858,
      0.8755063975523217
    ],
    [
      2.574198998867815,
      -0.7235325632199534,
      -0.3610898869801614,
      3.2745268168025943,
      -0.04074847333334275
    ],
    [
      1.8209179698452247,
      -1.7122962747116302,
      -0.11333210977882102,
      2.80362728646804,
      2.5625270785690275
    ],
    [
      1.2447253672160803,
      -2.356359960649021,
      -1.0305931452686767,
      1.9342626100829643,
      2.337542559252374
    ],
    [
      2.410183726216231,
      -1.4133692708172627,
      1.8561587770598988,
      1.198327684732025,
      1.6300593685830336
    ],
    [
      1.6635656926967406,
      -1.7373593664810514,
      3.097758022681094,
      2.1661812001905583,
      1.9186318440302224
    ],
    [
      2.2194104294887587,
      0.9822026270500241,
      -1.30669487469638,
      0.8732457165898142,
      1.6677920888683342
    ],
    [
      3.162338475300733,
      -1.3281952821653753,
      0.8673561043455187,
      2.797430718219353,
      1.173292712622747
    ],
    [
      1.1476875342602644,
      -2.097360201914424,
      0.5938018822928338,
      1.7283461798229274,
      1.1490594006564807
    ],
    [
      3.9260313667642404,
      -1.9189665046766309,
      2.9132777264292913,
      1.0881457839647806,
      0.7277433657067207
    ],
    [
      1.7457936416311661,
      -2.514451482180194,
      2.23898348425332,
      0.2634177209598527,
      0.5618642018253321
    ],
    [
      2.282118839973558,
      -1.702098321807161,
      0.9703978976812964,
      3.330564947164897,
      0.12378017807785247
    ],
    [
      2.703862394068296,
      -0.5687026191733122,
      0.25403631613181354,
      2.2238695131623616,
      3.4419503840337793
    ],
    [
      2.6833050254009,
      -0.7653090598568345,
      0.38391155116560083,
      1.931905759649383,
      -0.6050839158219639
    ]
  ],
  "id": 40,
  "df": 5
}