{
  "mu": [
    0.7383662311497354,
    -0.9635456989326271,
    -0.8614057231371499,
    0.6242930246716142,
    0.09397444335199016
  ],
  "x": [
    [
      0.3930309713259578,
      1.2972651618376223,
      0.8085181625467179,
      -1.1232087393164187,
      -0.6259189691572821
    ],
    [
      0.7013871319291547,
      -2.6956489673682067,
      0.015858093221540304,
      0.59389533146388,
      -0.7354211046206349
    ],
    [
      -0.23296610094014236,
      -0.24887076405867337,
      -3.395685021117818,
      0.8416189654350132,
      0.4776438004424754
    ],
    [
      -1.2936254514138645,
      -1.7248956044997201,
      -0.9826902202918477,
      1.3066027705217085,
      0.5124582022089734
    ],
    [
      -1.1218928581840748,
      -1.7943117128520263,
      -0.2697512112032925,
      1.4198796205683424,
      -0.24371451513958575
    ],
    [
      -0.7921069310031934,
      0.014647929037549745,
      -1.2428077220705094,
      0.60910821346306,
      1.1579454300824539
    ],
    [
      0.8190276622860585,
      -0.7672644018995058,
      -0.826861353161058,
      -0.5739813883338897,
      -1.3549746448707742
    ],
    [
      0.6195809467961676,
      -1.0998314509268097,
      -0.8885346795045468,
      1.7935126610466074,
      -0.48930402084063923
    ],
    [
      1.253596402283552,
      -1.4432184903128102,
      -0.22022723461998361,
      0.5937307522010943,
      0.6501778371830474
    ],
    [
      0.8260466971486071,
      -1.8585428785529547,
      -1.5126288328970663,
      -0.4315349334685904,
      -0.09718838723973201
    ],
    [
      0.36573682040449607,
      0.7365188400855548,
      0.755414377012595,
      0.6709250578127581,
      -0.37947244300230776
    ],
    [
      0.2023869586961441,
      -2.725563581775002,
      -0.33227773478484457,
      0.8940558377603443,
      0.2738666601115071
    ],
    [
      -1.7148925698813438,
      -0.5203045404725463,
      -0.9301837876114356,
      0.24328120677268733,
      -0.2008594761425322
    ],
    [
      1.537480706270132,
      -1.7714921996532473,
      0.20822184775792008,
      1.1647672581680695,
      -0.015147613842718927
    ],
    [
      1.120928700718609,
      0.47648965172606317,
      0.5325958787425007,
      -1.0480864533557384,
      0.020829879473609814
    ],
    [
      0.2070933329566903,
      -0.3743182809958623,
      -1.5810563206613277,
      0.4783923497841432,
      -0.7500956531799237
    ],
    [
      2.4944280758126878,
      -1.2172186146459143,
      -0.390314272888425,
      0.9747303942725212,
      -1.1161188519087393
    ],
    [
      1.071108666697821,
      -0.38497275206818427,
      -1.5121956611723397,
      2.782389492013431,
      1.2013342305436037
    ],
    [
      -0.4654305544816999,
      -0.039910413282084,
      -0.20460468318637903,
      -0.1622991999676493,
      0.8146479047681716
    ],
    [
      0.41214290559077005,
      -2.413728011597301,
      -3.161994212227606,
      -0.8708302259668109,
      -1.6327203737639957
    ],
    [
      2.519596760137226,
      -2.3218298943090083,
      -0.15635774540797842,
      0.2525082571632638,
      -0.5795562629280001
    ],
    [
      2.5573204170523374,
      -0.8173594902173156,
      -1.1377244421127684,
      0.5497265224692411,
      1.3779318314398095
    ],
    [
      1.1855512848302978,
      -0.033333558647830164,
      -0.8243290090905885,
      1.0375439065268743,
      -0.5008324138919288
    ],
    [
      -0.5134991378479938,
      -0.6183495592939505,
      0.033720472684962144,
      1.543909969686782,
      -0.793732205319425
    ],
    [
      -0.5534733286438167,
      -0.49077085698144596,
      -1.6043564597385285,
      -0.7948221933750589,
      1.413814497308778
    ],
    [
      1.890553514298641,
      0.0981603321866823,
      -1.103963393121735,
      1.21644202012609,
      -0.6070156570979746
    ],
    [
      0.6865729583816195,
      -2.9426958163594077,
      0.7866484279971058,
      1.1848770589033446,
      1.6431050576156307
    ],
    [
      0.9737883641390398,
      -1.1643586835996582,
      1.0967922016454128,
      1.7468088292164508,
      0.6672883441071171
    ],
    [
      1.026822172768689,
      -3.4757888682703495,
      -0.6853440143260422,
      0.27428546511785534,
      -2.155457488169714
    ],
    [
      -0.05203876017957121,
      -0.655164985380424,
      0.13035755248937098,
      0.024173327800390387,
      -0.011491904733717653
    ],
    [
      -0.232240042645374,
      0.19031356246401587,
      0.9984292231250185,
      1.2190165298795628,
      -0.7000338819479696
    ],
    [
      0.15308017729134304,
      -1.6274756800344163,
      2.3159129744916855,
      0.45630755137567025,
      -0.6167329672296963
    ],
    [
      -1.484238061442531,
      -1.56038114664994,
      -2.6244881491899763,
      0.8278897420726595,
      0.31530923139619565
    ],
    [
      -0.9627652966146127,
      -1.653095005956454,
      0.5602717443146752,
      0.3752991317004866,
      -1.258125560674914
    ],
    [
      0.062260731723724594,
      0.23687891404402606,
      0.15269597642624388,
      1.8333361180889316,
      0.7825920485777162
    ],
    [
      1.0461706770716495,
      -2.329414160034383,
      -1.6091485808873343,
      1.4537838689953781,
      0.4406014264821774
    ],
    [
      1.4136162052672931,
      -1.9695189760326284,
      -1.3023735952105524,
      0.7418072117532964,
      1.0988314803652788
    ],
    [
      -0.29872298027480704,
      -1.5647258524401888,
      -0.39390451714872654,
      1.2074663906325092,
      -1.0952715678431157
    ],
    [
      0.7441296564160796,
      -1.2760961010797405,
      -0.058356614629865855,
      -0.08017538444916061,
      0.4847876086693295
    ],
    [
      2.0796824468711677,
      -0.8541821487840582,
      -1.404835005576829,
      2.241163184343508,
      1.9610115903828298
    ],
    [
      1.999646005611404,
      -0.9122134644433071,
      -2.53860063957765,
      0.14599641349533987,
      0.531688843423715
    ],
    [
      1.2780225169375474,
      0.16286502347684617,
      -0.7885010820680718,
      -0.8949780893258731,
      1.6453762222187966
    ],
    [
      0.7433875775141431,
      -2.5746526634687625,
      -0.2688126438372819,
      0.17429145082041247,
      1.3649386585545897
    ],
    [
      1.4819080333369028,
      0.16891817322084435,
      -0.7886792175985063,
      -0.7602918585305495,
      -0.6937800458975394
    ],
    [
      0.46654894398877966,
      0.8346238249081869,
      -1.496346214014415,
      1.9321530195742525,
      0.27261644821969316
    ],
    [
      -0.15170239941389307,
      -0.717873309944215,
      -0.5761960707029321,
      0.17618570895334507,
      0.8282870640340091
    ],
    [
      -0.5152910923990437,
      -0.5402980169107147,
      -2.4935075555228803,
      1.312738791601828,
      -1.2779296684035557
    ],
    [
      0.8707682167856815,
      -3.129973050096675,
      0.41420437455194503,
      0.47549537382166573,
      0.4817048655790823
    ],
    [
      1.6775805216669952,
      -0.9046515726584445,
      -0.24825778513723407,
      1.1895788961900737,
      -0.17513619797111002
    ],
    [
      1.308882352640301,
      -1.562068494033209,
      0.9020924651848494,
      1.097726200925559,
      1.657105679749871
    ]
  ],
  "id": 28,
  "df": 5
}