{
  "mu": [
    -1.804183976551026,
    0.08099296040950016,
    -1.220714817231057,
    -0.4878583476641404,
    0.6394362105303187
  ],
  "x": [
    [
      -2.220799530285788,
      -0.15762459321666195,
      -1.8102740979378669,
      -0.4778723241543299,
      1.0206564500943218
    ],
    [
      -0.6962677781077835,
      0.8817260642297935,
      -1.6942239697223278,
      0.2778423581376499,
      2.329772948151992
    ],
    [
      0.004074693987564881,
      0.08369652680395721,
      0.7911537136318303,
      -0.22557469477148884,
      -1.1561360413066266
    ],
    [
      -1.4174786637203831,
      0.21969223336358326,
      -1.0081569266222357,
      1.3010641557159723,
      0.6875864538300311
    ],
    [
      -2.0512652547949495,
      -1.8257139877183761,
      0.1731010588838522,
      -2.080838234621029,
      0.4888569041859563
    ],
    [
      -1.7801221047417184,
      -1.9941382076649847,
      -0.8478433872664992,
      -1.0467193489301891,
      1.476038982509983
    ],
    [
      -2.366367866207318,
      -0.08325486774359991,
      0.40204016311973967,
      1.5337108209572365,
      1.5831023654620489
    ],
    [
      -3.0745151611377177,
      -0.07960144189738774,
      -2.679164138030182,
      0.5509852045784186,
      0.5812508815569384
    ],
    [
      -0.9171260699836316,
      0.12987547080441986,
      -0.8450050430966123,
      -0.13657026046961634,
      2.6665985185229686
    ],
    [
      -1.0555435353101825,
      0.21385346063362468,
      0.9491168612353313,
      0.5142468151625689,
      -1.7173643669036447
    ],
    [
      -2.0506219181402776,
      1.3777346974784008,
      0.820710043099196,
      -0.8618934594203018,
      2.7234665386064894
    ],
    [
      -4.007367113227904,
      -0.5572265729045907,
      -0.39393578841865606,
      -0.6024289496168374,
      -0.6080105274817714
    ],
    [
      -2.0152699323525285,
      -0.8817973684940383,
      -2.593968036577759,
      0.2702796933170377,
      0.5227166839534506
    ],
    [
      -1.6293126246816017,
      -0.7930101573517259,
      -0.4282569221360647,
      -1.3966202250815387,
      1.3890139386288032
    ],
    [
      -0.9539830175204759,
      1.7283316457383484,
      -0.035309694064946884,
      -1.0504120131829409,
      0.839571640691591
    ],
    [
      -1.0018035047073774,
      -0.0173744572465422,
      -2.709413518883326,
      -0.8048763135299877,
      1.4900879981003181
    ],
    [
      -2.1963245020582534,
      -1.3519285001609744,
      -1.2468222868019179,
      -2.044766996459702,
      -0.7918480478379694
    ],
    [
      -1.77234748348021,
      2.6870668101542026,
      1.0075030040580517,
      1.4049454954762166,
      -0.3026167076711964
    ],
    [
      -2.184300537758012,
      1.803224027319168,
      0.3125383232190133,
      -1.9373389673340657,
      0.11672893188921218
    ],
    [
      -2.7948015847351706,
      1.3157581652388957,
      -1.7077240351821907,
      -1.3413497563137151,
      1.2289324130963166
    ],
    [
      -2.5001131971250774,
      -1.35110703363187,
      -0.24491455056975264,
      -1.1967119035482194,
      1.2986587793136812
    ],
    [
      -1.9493799473949784,
      1.5289430991939663,
      -1.931990719347367,
      -1.620783649513632,
      0.798645671001653
    ],
    [
      -3.1653463819081495,
      0.9965615676722182,
      -2.3652691107553947,
      -0.20020564727797752,
      2.411568873277518
    ],
    [
      -2.240019422272418,
      0.7829064065121891,
      -2.7176772705041223,
      0.0924549260873796,
      -0.723004202842714
    ],
    [
      -0.5937381123966574,
      -0.11812679405077381,
      -1.691979523662213,
      -0.2689929828553357,
      0.515400218153494
    ],
    [
      -2.058685766172816,
      0.4879881122878182,
      -3.0190762389220858,
      -1.3354135567443577,
      -0.43427512726582396
    ],
    [
      -1.6494248866366488,
      2.3268457654916004,
      -1.9751069429372325,
      -2.1900349802130945,
      0.3892801953363281
    ],
    [
      -0.8534765620638625,
      0.3543763251450347,
      -0.1646931331811492,
      -1.9652884862380007,
      -0.37405675822715845
    ],
    [
      -2.5269809698367585,
      1.434297645597297,
      -0.9711866117546939,
      0.21876129672735278,
      1.2824328854036031
    ],
    [
      -0.6784480202309664,
      0.2178863922429447,
      -0.5073485548923309,
      -0.49882564908500276,
      -0.987960052619134
    ],
    [
      -2.5049860629576233,
      -0.48680020563289766,
      -1.0480998442574707,
      -1.5596289962584335,
      1.346786212912294
    ],
    [
      -2.259419068402613,
      0.48073220818427786,
      -0.3397907351057722,
      1.5644589221809477,
      1.8299216135888319
    ],
    [
      -0.6932874316575561,
      0.6755122688493371,
      -2.7464956610133093,
      0.5294791392036077,
      1.5420600630990227
    ],
    [
      -3.6575826367022777,
      0.16654312114203118,
      -1.171930513706024,
      0.7180084640391059,
      -0.22681061105322442
    ],
    [
      -2.6003124415135064,
      -0.3145910799980066,
      -0.22138219996842023,
      2.4456405458549266,
      1.0462790934233666
    ],
    [
      -1.7587545485238758,
      -0.5335263811458719,
      -0.10177645007845704,
      -0.04763467136502558,
      -0.02140118938148894
    ],
    [
      -2.4491998339354564,
      -2.4078064519536873,
      -0.6591823814839776,
      1.56266178999575,
      0.843107259213781
    ],
    [
      -1.161225440532773,
      0.6935323556496595,
      -0.30235302478506365,
      1.225518724858086,
      -0.04088826518377309
    ],
    [
      -1.466098370640827,
      0.739581645581145,
      -2.347782990259521,
      -0.5631910344190957,
      1.4843127401144773
    ],
    [
      -2.0188988621171666,
      -0.15952849336212577,
      0.18732721204643976,
      -1.0220672564727358,
      -0.01069092066284183
    ],
    [
      -3.0242715247114154,
      -0.5103678218426952,
      -0.22200542451696603,
      -0.5096539103510305,
      -0.3043412814762486
    ],
    [
      -1.3675371518907269,
      -0.5021540183118407,
      -0.8005028892309192,
      -1.3629059855396322,
      -0.24575796219613455
    ],
    [
      -1.519350716288282,
      -0.2088213071230916,
      -3.1960172652811556,
      -2.156869590063437,
      1.6338995672805372
    ],
    [
      -1.6235487781686648,
      0.7873877234932027,
      -2.6366302904779753,
      -0.8443645294440232,
      0.7026590170166507
    ],
    [
      -2.3495295675954875,
      0.7278893918686151,
      -0.3937531925453811,
      0.2840694764824452,
      -0.4765537300540593
    ],
    [
      -1.7853224243339232,
      1.372653137828336,
      -0.4843520862565177,
      -0.2684779052015573,
      0.2167250903009142
    ],
    [
      -0.4497361675400342,
      -0.40654473574231703,
      -1.5169019654242162,
      0.9479890395501204,
      0.6797615387305237
    ],
    [
      -2.2952057501600365,
      0.34367205030611697,
      -1.8975149268014948,
      -0.8775231568180757,
      0.44591294347120614
    ],
    [
      -0.9901178808951121,
      -0.014007239822119044,
      -0.7365590510728849,
      -1.4694809118895686,
      0.5668156256424065
    ],
    [
      -2.2840051953356113,
      1.0029779902106903,
      -0.7162663991226563,
      0.6753056382775989,
      0.49920797455060384
    ]
  ],
  "id": 42,
  "df": 5
}