{
  "mu": [
    0.5275600802804253,
    -1.3958993355636218,
    -1.1704611828930185,
    -0.5803194248296604,
    0.10843295529565775
  ],
  "x": [
    [
      1.2298252512404848,
      -2.2181543861026887,
      -2.153244334097028,
      -0.4337771543845865,
      0.25531602329998493
    ],
    [
      0.2346642277624683,
      -1.1205561472688228,
      -0.540241170116771,
      -0.7198043736607236,
      -0.3465754903068634
    ],
    [
      -0.09624296769306984,
      -1.1499404015183459,
      -1.6672611282002872,
      0.21198440883173975,
      0.007478844488279041
    ],
    [
      0.07825283275674944,
      -2.497396446758411,
      -2.263321275206569,
      -0.6968188303786587,
      0.08590959812116146
    ],
    [
      0.8692384949813821,
      -1.6782074286028834,
      -0.5359819752816761,
      -1.9765426478240187,
      0.18263053649477728
    ],
    [
      1.972214809140652,
      -0.1304997691666392,
      0.6840371228564461,
      0.9684926394844009,
      1.0026999394594063
    ],
    [
      0.4591713368527379,
      -0.9567919082532588,
      -1.3632647362373589,
      0.6749602112692454,
      0.21145600247611857
    ],
    [
      -0.6836341209132212,
      -0.6953033154396131,
      -0.48017445241039447,
      -0.829522615385361,
      -0.43335284543139774
    ],
    [
      1.292066805592524,
      0.636227408033287,
      -3.492520623819587,
      0.20406239682004612,
      0.22145715421099937
    ],
    [
      0.684572567573043,
      -1.6367465841838833,
      -1.625874801152214,
      0.5727909371198694,
      0.6463750103694356
    ],
    [
      1.3253265602885789,
      -1.4393411423449136,
      -0.07911354394625847,
      -2.160297506249962,
      1.3316226609816768
    ],
    [
      -0.9370591750713487,
      -0.7413795453340208,
      -1.2767498549968412,
      -0.06591838230355196,
      1.3121989274376118
    ],
    [
      0.12919786118760263,
      -2.5348566808996793,
      -1.7078342040039294,
      -0.7925095797996331,
      -0.2992167094318626
    ],
    [
      -0.5617020585322242,
      -1.4076032885742187,
      -1.0308555051488693,
      -1.4325662996676938,
      1.104008926101954
    ],
    [
      1.4889763808431367,
      -1.338484797700507,
      -1.6802817657705784,
      -0.10673738153337903,
      0.40801188928054666
    ],
    [
      -0.4333940218062803,
      -2.3489562094505896,
      -1.5921469965544854,
      -0.32574804788183775,
      -0.8450053010250594
    ],
    [
      1.0827829881416524,
      -0.630640628451311,
      -1.145959275264538,
      -0.7811750444917004,
      1.1059301966000354
    ],
    [
      1.2217385800135454,
      -2.5701317819756095,
      -1.088619117601251,
      -0.7607876434698371,
      0.6930721414123151
    ],
    [
      1.3319873335485504,
      -2.9849754324255704,
      0.8882034635037095,
      -2.981544772339779,
      -0.6568823044600322
    ],
    [
      2.7629415614770414,
      -1.025610909561909,
      0.38598467066677844,
      -1.1298820151598448,
      -0.5430640116857482
    ],
    [
      0.9203566674272661,
      -2.9251827597969786,
      -1.7787570080012658,
      -0.12439983198103549,
      -0.47854237862822646
    ],
    [
      1.1562436220710361,
      -2.1468497458726015,
      -0.4896060610948083,
      0.5627220045233239,
      -1.316697298436749
    ],
    [
      0.2641846561956653,
      -2.314251036609588,
      -1.1805182265655283,
      -1.8599463299120964,
      0.7880779616419707
    ],
    [
      0.5006072608941996,
      -1.9260281297167148,
      -1.4199786653989321,
      -0.41660269472251343,
      -2.2805978409233005
    ],
    [
      -0.25751640555211996,
      -2.864708235305556,
      -1.4207397386801552,
      -0.5300627365513674,
      1.6401962778320773
    ],
    [
      0.270229823663165,
      -2.956310418138456,
      -0.19723088312743275,
      -1.1255519520960504,
      0.20571037518838658
    ],
    [
      1.8836205771541796,
      -2.374662556169314,
      -2.423595907341955,
      -0.3298735786412853,
      0.49915393698783916
    ],
    [
      -0.1863575992935511,
      -3.077589793730827,
      -1.9537971527931406,
      0.8655179112573836,
      -0.5641728519320751
    ],
    [
      0.10016271505132263,
      -2.502742860074849,
      -0.4177330505589163,
      -1.7609178428017942,
      -0.8338412833794316
    ],
    [
      1.5303197896184328,
      -3.2219408852715983,
      -1.0506400096894883,
      -0.19309774475765934,
      1.410745715646788
    ],
    [
      -0.18088277320718704,
      -2.2542559382739746,
      -1.4567502313321918,
      0.6492016551254978,
      1.0068901324561819
    ],
    [
      -0.2658037605967558,
      -1.6209104739765787,
      -2.3366032461168356,
      -2.2279771035888127,
      2.227974156927831
    ],
    [
      -0.20297505864417942,
      -1.0744589678916987,
      -0.9654795918528887,
      0.5668803214365512,
      0.684008764126375
    ],
    [
      2.232261677830011,
      -2.6289311923329253,
      -2.255029947880419,
      -2.2255522828013223,
      -0.9980043696068859
    ],
    [
      -0.3259243221866558,
      -3.527797650722996,
      -3.072245032976139,
      -0.47777760442451794,
      -0.30962244794875415
    ],
    [
      1.3461558851060933,
      -3.2023453864275746,
      -1.2038032849991778,
      -1.8262194188695269,
      0.29262231611621814
    ],
    [
      -1.867709150135147,
      0.11640108307268737,
      -1.5802395518113947,
      1.3380488279185727,
      0.573248669371375
    ],
    [
      1.6135324586383395,
      -0.3853566321533428,
      -0.8561942358097032,
      -0.5646522227744568,
      -0.5635179589271276
    ],
    [
      1.2769252236594824,
      -2.823038348320705,
      -2.3648700053726817,
      -0.4191259986137296,
      -0.30350014833525873
    ],
    [
      -0.10116353044184434,
      -1.7819628300172465,
      -0.6821793815117992,
      -1.6371819613620235,
      1.0914913423875823
    ],
    [
      -0.010955232415896465,
      -1.2542369460685354,
      -0.19228786834924572,
      -1.0510353538699666,
      0.8573715344127079
    ],
    [
      0.7714604437761131,
      -2.086236055648785,
      -0.6881280585712826,
      0.12315170471546133,
      0.641276308661052
    ],
    [
      2.7201135276209185,
      -0.0012004640395484323,
      -0.901683236322957,
      -1.4319370260086175,
      -0.8860039759788272
    ],
    [
      0.1455336525216545,
      -2.7177547190096827,
      -2.085139929556934,
      -1.1352418072017407,
      -0.632298718749952
    ],
    [
      0.8774947353348574,
      -1.7304937682754509,
      -1.7994836448367626,
      0.6807021693039139,
      1.20087528240119
    ],
    [
      -0.6788557464472517,
      -1.5673001096930719,
      -2.262327842912385,
      -2.6790023731502517,
      0.1653954140095941
    ],
    [
      0.014258075356795352,
      -0.15709994154807427,
      -1.4274789616784496,
      -0.24122183849510193,
      0.09791971526403322
    ],
    [
      0.06506201939159972,
      -1.5787486416122067,
      -1.5431183849925088,
      -1.005259891354048,
      0.13772629604241926
    ],
    [
      0.6576980007538333,
      -1.7603450539767862,
      -2.6094433083660338,
      -0.6495424104155487,
      -0.3835008771989892
    ],
    [
      0.299016010045706,
      0.33196173905340065,
      -1.5532350161003732,
      -1.2087885698575391,
      0.7377645487032269
    ]
  ],
  "id": 3,
  "df": 5
}