{
  "mu": [
    0.6854808092666207,
    0.39908419873539575,
    0.7242896472065672,
    0.7554437828778218,
    0.1340386131676659
  ],
  "x": [
    [
      0.3634569820575065,
      0.266053515568446,
      2.246710387448375,
      -0.38977304557329573,
      -0.8849735991339212
    ],
    [
      -0.6201288528585389,
      -0.07496918890565435,
      1.2776053278085486,
      -0.14555592529170724,
      1.2640380225516532
    ],
    [
      1.3524346906047442,
      2.138955165453168,
      0.3556191339833928,
      1.1638661060180726,
      0.21790138991619884
    ],
    [
      1.6434444011718892,
      -1.4771333970887939,
      0.34691353661656665,
      0.11089294613627132,
      0.17357245888390754
    ],
    [
      1.4004395610479845,
      -0.27335460700368835,
      0.12432436785636514,
      0.8340999274447741,
      0.5725786353482897
    ],
    [
      -0.13436768753950046,
      2.9390012735274835,
      -0.638338300138094,
      0.8804544573765263,
      -1.062446749943462
    ],
    [
      -0.7791937121021801,
      1.2861822058974612,
      0.6389696659947487,
      -0.0009424481069493229,
      0.26480108301160715
    ],
    [
      3.1441250705069956,
      1.1735673036095102,
      1.8470059246162267,
      2.3690867828308906,
      1.5970237924236788
    ],
    [
      -0.11425043993438733,
      0.7812574893937798,
      -0.9071604330710312,
      1.0961967275845388,
      -0.04335147773943854
    ],
    [
      0.3530411948029962,
      0.9458624028506699,
      -0.32112514352942134,
      0.21407341051056883,
      0.2855606859748477
    ],
    [
      0.448147166009072,
      -0.7690728945503396,
      -0.6257770058437517,
      0.2947254750040564,
      -0.16887786386590486
    ],
    [
      1.022090925618334,
      -0.9233466214461643,
      1.223889153998719,
      -1.8048812846217057,
      -0.5378768772078293
    ],
    [
      -0.3038705291146224,
      -0.8405407104040779,
      1.9262244676403057,
      -1.2586443587564426,
      0.7980933003991244
    ],
    [
      1.3621206749092478,
      -0.21922482312221309,
      -0.11615606161480452,
      1.6133341802730383,
      0.8896822030854881
    ],
    [
      1.8707822082926,
      1.329028763985188,
      1.429847157637756,
      -1.616514503079883,
      1.338718081320915
    ],
    [
      -0.28155973316511307,
      0.3381621308201371,
      -0.35252155055908885,
      0.9173553159781643,
      0.7024198970678017
    ],
    [
      0.3596668725438957,
      1.958341589736287,
      1.975082333276983,
      1.0360244614240073,
      -0.7893068094788485
    ],
    [
      2.1534289507177915,
      0.22161819717306913,
      0.2752528881833979,
      0.9769700549768827,
      -2.114826251327471
    ],
    [
      1.0387019810004252,
      0.8769550577036699,
      0.47002858606863274,
      0.36210949227375683,
      0.2909755146819555
    ],
    [
      0.9396943253862831,
      1.2599253857725485,
      0.3925368227310731,
      -0.43403012817720743,
      0.7298262597777174
    ],
    [
      2.3517577805453125,
      1.1233958540586946,
      0.4495634061857862,
      -0.37400059902417615,
      -0.21656330360696147
    ],
    [
      1.1647939090919044,
      0.139517154077128,
      0.7798692809416823,
      1.1608312208069655,
      0.14166479414331362
    ],
    [
      1.7375238620290656,
      -0.025224010470096314,
      1.4745583351368958,
      1.0295431104129547,
      0.44494651059772317
    ],
    [
      0.25661376118520324,
      -0.36643268168900683,
      -2.294795360169257,
      1.0452983763607273,
      1.9385575192798594
    ],
    [
      -0.08746607051772926,
      0.13490833775715888,
      -0.5909303952126204,
      1.1489473508478865,
      1.7031915831190523
    ],
    [
      1.412242669397895,
      0.9624927518619555,
      2.4286987328750307,
      0.8221874544705698,
      0.21890993248588692
    ],
    [
      2.136630825980653,
      0.550706759551091,
      2.0056869201932255,
      2.6290729786009277,
      0.42764547531510644
    ],
    [
      0.0488002888827026,
      -0.055645867974569885,
      0.845122817219545,
      1.8589074351263306,
      -1.2696793918451057
    ],
    [
      1.208231816453409,
      2.6552716371962184,
      0.26472153369613227,
      0.9565895163303769,
      -2.1547057876649585
    ],
    [
      0.22379936138623358,
      -0.19683863509496685,
      1.2289253703786214,
      0.04439138137363141,
      0.30870938222548683
    ],
    [
      0.7767963881020163,
      0.19778628546261623,
      1.1503675088371255,
      -0.11615401074116716,
      1.7322881053099275
    ],
    [
      -1.1335910242448168,
      0.7847764328711707,
      0.8505958140571267,
      3.849864941909739,
      0.4073554073334382
    ],
    [
      1.9066347262442265,
      -1.4807422298073964,
      0.32937141034378664,
      1.1041683675572402,
      0.28456661386686777
    ],
    [
      1.24846219673598,
      0.9942387509052206,
      -0.012369337134101932,
      1.1718816053356138,
      0.9505948399644186
    ],
    [
      1.8522386330601075,
      1.1087816798404453,
      2.032155541435827,
      2.044920477284987,
      -0.8230701471368613
    ],
    [
      2.996146027441144,
      0.9965738111357658,
      0.34962652989781495,
      -0.5256916066029187,
      0.4469227096340706
    ],
    [
      -0.24058583592671978,
      -0.24235317060789635,
      -0.29406498126550873,
      0.9488433544753757,
      1.817698276696285
    ],
    [
      -0.13733465654207022,
      1.7794814747859165,
      2.2250571863846296,
      0.4865378698585306,
      0.7105492296259663
    ],
    [
      2.6031421115859357,
      -0.14282262421011876,
      -0.32405537896099323,
      -0.7364989133630859,
      1.2406475891962692
    ],
    [
      1.4901063577515248,
      0.6056884969191589,
      -0.17674750427938313,
      0.431639426800223,
      -1.1394315026360708
    ],
    [
      -0.09141264105274671,
      -0.014833374640032648,
      -0.4802015285915371,
      0.980877143079943,
      0.6485885634190742
    ],
    [
      2.006181145001361,
      0.7280978937920963,
      3.558552795638382,
      -0.3949623470948054,
      0.9492826638094956
    ],
    [
      0.523485506602893,
      0.25692253017303035,
      -0.09935416746643788,
      -0.31488770611524974,
      -0.40930623562145135
    ],
    [
      0.6842554027364125,
      -0.9285385532561574,
      0.5746535785015467,
      2.042240699172538,
      -0.7940930491012159
    ],
    [
      1.1737715660468446,
      -0.7635228253344775,
      -0.2512928444357816,
      -0.19135659658795923,
      1.266746918192778
    ],
    [
      0.4408607151514261,
      -0.07388005654868879,
      1.4629671386206793,
      -0.6489886920400656,
      0.060641749509336026
    ],
    [
      0.051861738345882036,
      -0.09812093681024431,
      0.7325037326738895,
      -0.7018953751478376,
      0.8101035833374364
    ],
    [
      -0.2570933606228165,
      1.2680026942938105,
      -0.08999517657263434,
      0.8943162132536393,
      1.0501358021629794
    ],
    [
      0.7054683517106951,
      -0.8410883747429734,
      0.878357094816216,
      -0.04601025434765815,
      -0.21651842812482935
    ],
    [
      1.2161869810849766,
      -0.7633481111169673,
      2.482963565422846,
      1.6551490482161964,
      0.04351903479128351
    ]
  ],
  "id": 10,
  "df": 5
}