{
  "mu": [
    -0.03330411236675879,
    -2.2441847376570254,
    1.1582302750042737,
    -1.1425299547120173,
    -0.26326904237794657
  ],
  "x": [
    [
      -0.5933683007472614,
      -2.3783472013098335,
      0.1302919754760581,
      -1.7814528233105644,
      -0.9535931557409487
    ],
    [
      -0.1349505126172774,
      -2.2095998507518266,
      0.39634789361850764,
      -0.9946782302336794,
      1.2532594908155459
    ],
    [
      1.6468129239071343,
      -2.16500691130949,
      -0.5590334815452391,
      -1.162444895946149,
      -0.17856029888724062
    ],
    [
      -0.10582296867368025,
      -2.218395265387348,
      2.0918281820529265,
      -1.837064612504435,
      1.1757327240222524
    ],
    [
      0.29916205007968033,
      -0.8938235865846376,
      0.4368535161776579,
      -0.399392453494928,
      -0.691192674690753
    ],
    [
      -0.2800569064543883,
      -2.2495159747543743,
      1.222180737770616,
      -1.23447264834955,
      1.2645083185395007
    ],
    [
      1.129439537062305,
      -0.8037863502584426,
      -0.06884894926031948,
      -3.007502980691723,
      -0.4381198693072457
    ],
    [
      -0.8595876964020968,
      -3.6521125268102983,
      1.8565521687227746,
      -0.5643940275689214,
      0.3140506010176136
    ],
    [
      0.334073049604746,
      -2.8895685148663826,
      1.7020753522668983,
      -1.9919549636430016,
      0.4446501584441319
    ],
    [
      -1.5178255602099424,
      -1.2103636995980345,
      0.9527033023029863,
      -0.1177229432435003,
      0.5099673097930962
    ],
    [
      1.0085575400176716,
      -2.1983634077497536,
      0.8151115045742297,
      -0.5391804632112681,
      -0.9543080044579197
    ],
    [
      -0.11136574128535992,
      -3.8397571862211324,
      1.3056243062024615,
      -1.5624088490040795,
      0.47563643768503305
    ],
    [
      2.2251585413629345,
      -1.3068776349810212,
      0.3770527694190612,
      -2.143283711420414,
      -1.3181903604360925
    ],
    [
      1.075831269172722,
      -3.1690517736230754,
      1.6557063437389568,
      -1.2776668590607256,
      -0.2237544178001996
    ],
    [
      -0.06828886040246454,
      -3.180465017892832,
      1.706505707082023,
      0.2037211518436941,
      0.011832548078396454
    ],
    [
      1.0710589251668021,
      -2.1468639048661657,
      0.05153810325994779,
      -0.07754484607511247,
      0.46850831008308247
    ],
    [
      0.506963737302245,
      -2.4903382076792027,
      2.3143319490164567,
      -0.6014042519345374,
      -0.05360446003723568
    ],
    [
      1.2339650886865916,
      -1.468493309240459,
      1.289505331788387,
      -2.4844005310770134,
      -0.24054750229315683
    ],
    [
      0.8441768684113274,
      -3.0312606638508495,
      1.0939002553256871,
      0.3446461900893316,
      -1.4470941395357295
    ],
    [
      -0.38292617750367536,
      -2.2797992781636753,
      1.3380519605130894,
      -0.26238110786496127,
      0.741380169766572
    ],
    [
      -0.3964386591151651,
      -2.0611942404961487,
      0.07291591181335932,
      -0.40772446832377296,
      -0.9922883372961929
    ],
    [
      -0.38092497855924273,
      -2.3197713510112092,
      1.135185738418327,
      -0.6954532264835935,
      0.5783794639393152
    ],
    [
      0.5348190372308433,
      -2.0933964256525144,
      1.6424953366013422,
      -1.5870693075559221,
      0.3190060630746714
    ],
    [
      -1.619835897983562,
      -1.313798291777593,
      0.03581917253289357,
      -3.4248729254108135,
      -0.6368628131429139
    ],
    [
      2.04331826627748,
      -3.1687266440111745,
      2.908871713813956,
      -0.6855736229025595,
      -2.0458186278338903
    ],
    [
      0.9920586268396421,
      -2.6715561050000853,
      1.6859799344159803,
      -3.054317393887133,
      0.7878442280446541
    ],
    [
      1.5953196713188782,
      -4.468435824928466,
      2.7029498731009136,
      0.1983737719060754,
      0.00713249538708699
    ],
    [
      -0.14479642346448626,
      -1.6500937485987361,
      2.6572902764053925,
      -2.344302978822683,
      -0.11958114497504754
    ],
    [
      0.15698440902681446,
      -2.8886541618533017,
      1.0433563916358373,
      -1.4973018366853856,
      0.48986202211461116
    ],
    [
      0.6363644149823625,
      -3.0236168872974734,
      1.3887731925415223,
      -0.43549739838447454,
      0.05867227606496478
    ],
    [
      -1.9410951214401562,
      -3.7443251845082477,
      0.10594378161765383,
      -1.804892968360314,
      -0.03423574813062211
    ],
    [
      -1.1614435012722908,
      -1.3276521068846043,
      -0.6494483857823126,
      -1.2053959672103294,
      -0.12715483677724704
    ],
    [
      1.9970099496513645,
      -2.9119643851097305,
      -0.3538753395727423,
      0.7050989370333449,
      -1.6682725660123352
    ],
    [
      0.9018650177702611,
      -0.8994699995823312,
      0.6199049190968596,
      -0.9717055892560295,
      -1.6128736527448324
    ],
    [
      -0.21367305437941297,
      -1.069222740243231,
      0.9274886365386006,
      -2.2641026310342673,
      -1.991981437984542
    ],
    [
      -0.1231498370560452,
      -2.417623175504009,
      0.5294137359819325,
      -2.4074122570738474,
      -0.2530948936780525
    ],
    [
      -0.9759301494008277,
      -2.929206810681478,
      -0.03931186519338081,
      0.11779124825695186,
      0.3581286003500702
    ],
    [
      0.8651573715708278,
      -1.8804362484325932,
      1.7054896515572255,
      -1.2589209590205979,
      -0.2869510670129342
    ],
    [
      2.1729820376169444,
      -2.43497806215519,
      2.568441510584322,
      -2.8430882535206043,
      -2.283982406283097
    ],
    [
      0.4182338500524329,
      -1.3051242457396788,
      0.8324019374597541,
      -0.2726224893385809,
      0.10520417676122729
    ],
    [
      1.072620265566801,
      -3.5161630123717,
      0.1166691791423049,
      -0.10837777414366534,
      0.20432894503349053
    ],
    [
      -0.6259930590131021,
      -2.967277744829527,
      2.7555944880823353,
      -1.1122338412152897,
      -0.7073108258936309
    ],
    [
      0.36802143436172347,
      -4.437036256614701,
      0.020641701093415454,
      -2.820709163907156,
      -0.4510744827616888
    ],
    [
      1.2678664205947419,
      -2.124136406798409,
      1.957898323206385,
      -1.7116672354996931,
      -1.0490038386989085
    ],
    [
      -0.42903155630757067,
      -2.5025040536749286,
      1.2500118475972903,
      0.0686244246764196,
      2.19481243045109
    ],
    [
      0.5095913267483669,
      -1.0565167893836864,
      1.7194844442551402,
      -0.07226621393704113,
      0.413647984681627
    ],
    [
      1.1714133798311295,
      -1.1829416973056202,
      1.861173528875945,
      1.0600805596759526,
      -0.2216292606150722
    ],
    [
      1.6069567056228693,
      -1.964175158751655,
      0.6427525583450063,
      -1.4020880942204565,
      -0.8991630564628743
    ],
    [
      0.012186518550890452,
      -1.7551008612921557,
      1.180976767937086,
      -1.1130907099090392,
      0.8242978899156549
    ],
    [
      0.06316910330108771,
      -3.6686526296785518,
      0.516775317558461,
      -1.4679141439971892,
      0.35317094043144726
    ]
  ],
  "id": 49,
  "df": 5
}