{
  "mu": [
    -2.221253875745377,
    0.025999652649581352,
    -0.5389690203529267,
    -1.1291927754818196,
    -2.441866645632954
  ],
  "x": [
    [
      -1.4558624725838527,
      -0.7337096927336981,
      -0.27197282542567564,
      -0.42741192359671687,
      -2.1497453298139217
    ],
    [
      -2.4193469595872616,
      0.6847709160078139,
      -0.019011589349892,
      -0.5301813569146305,
      -4.0934475990427
    ],
    [
      -2.6136945750713947,
      -0.6513173061709193,
      2.397041745345492,
      -1.7938200017144932,
      -1.1844032009858283
    ],
    [
      -3.902361090616993,
      -0.37357380767617193,
      -1.9717057741260853,
      -0.9362503261626123,
      -0.6285091294498135
    ],
    [
      -3.1129683962870756,
      0.8155484407575526,
      0.23545790706602643,
      -0.4889078701633083,
      -2.6681567741488004
    ],
    [
      -2.3763654009229014,
      0.16176673397398514,
      -0.33184504606290394,
      -0.9725813301767476,
      -1.662864977355476
    ],
    [
      -2.347671518022377,
      0.5726944619794521,
      -0.2346111713898219,
      -2.250939347126815,
      -3.3575783768158924
    ],
    [
      -1.6538937884672307,
      0.5104183697013159,
      0.5434361497769549,
      -3.364164940884325,
      -1.8281408741637128
    ],
    [
      -4.633735641796766,
      -0.030192835469925218,
      -3.0195931049388136,
      0.21908913976127842,
      -3.3006760616536317
    ],
    [
      -0.04667779172758513,
      0.23620044638985657,
      0.30431413996855106,
      -0.555689363617447,
      -0.6442812393968256
    ],
    [
      -2.25089226401571,
      -1.1157154301477605,
      -1.7248511730862577,
      -2.046367021240313,
      -2.3892165840220327
    ],
    [
      -1.870619119897163,
      -0.23344537636229964,
      -0.38373443951337105,
      0.42377657178108796,
      -4.210692153195913
    ],
    [
      -2.7726688619869995,
      1.0522588795580496,
      -1.6050298736089395,
      -0.09143101135854725,
      -2.866667272154162
    ],
    [
      -2.806184166546109,
      -0.16756246288539547,
      -0.3661823466214558,
      -1.4704858409678399,
      -0.9220198530352617
    ],
    [
      -2.581656383746372,
      1.2228054173883094,
      0.560769308595509,
      -1.330481780868684,
      -1.0447371616426282
    ],
    [
      -0.3740014159649194,
      0.6853248111752576,
      0.3513872270520657,
      -2.8622932541021444,
      -1.8323658938112137
    ],
    [
      -1.0891774627855766,
      1.8874748048060501,
      -0.9589639228673149,
      -0.8865229097549839,
      -1.2082423789402068
    ],
    [
      -2.8828106185815074,
      0.6928316465240744,
      -3.4365650683568023,
      -0.5001793654909364,
      -4.051218883859136
    ],
    [
      -3.865388586925757,
      -0.28642268519093295,
      -1.033714769234553,
      -1.1297583360139427,
      -4.968938102428861
    ],
    [
      -3.298587034793732,
      1.8528444517361422,
      -0.5424259681103596,
      -2.190097294257785,
      -1.7254279322802741
    ],
    [
      -2.453001043545595,
      0.8133791018257203,
      -0.8820757536683433,
      0.7772312215613457,
      -2.2459205367244985
    ],
    [
      -1.8718139304246808,
      -1.7944283445560654,
      -1.4860253315432883,
      -0.0793760880182306,
      -3.2882764437110334
    ],
    [
      -1.2688297809614357,
      -1.7132853418714324,
      -0.6606631929552574,
      -0.27641770092063933,
      -2.352815576401544
    ],
    [
      -2.610980324768279,
      0.9075747063424108,
      1.2456433813235512,
      -0.6555682636640205,
      -0.8772595333292055
    ],
    [
      -1.228406020714085,
      -0.5309349929336524,
      -0.27393255003623357,
      0.3723758193027078,
      -3.642872620498827
    ],
    [
      -3.3803589489488344,
      -0.5459932280055926,
      -2.8729422330901557,
      -1.2978191449803904,
      -1.6689338671780816
    ],
    [
      -2.1482772472705913,
      -1.5843232110656138,
      -2.792721204475697,
      -0.9124132165401797,
      -1.7417311386854224
    ],
    [
      -1.043054612099934,
      -0.2517915041335153,
      -2.299702144901028,
      -0.9389603328908289,
      -3.3392181111042922
    ],
    [
      -3.978465464328758,
      1.1901094546931656,
      -2.3130542516708905,
      -0.22643774860314636,
      -3.5380490453855487
    ],
    [
      -1.8455917467080856,
      0.6577806360721774,
      0.12948531681876685,
      -1.6750061526298676,
      -1.7201606181271925
    ],
    [
      -3.9924995174570515,
      -2.077571883937264,
      -1.5775245745259552,
      -0.5499572595602934,
      -2.074348461025254
    ],
    [
      -1.9628719690090544,
      0.34962712093513854,
      -1.5711616242949453,
      -0.5341296083708559,
      -3.4912026115214734
    ],
    [
      -3.61025828779603,
      0.24789090848173542,
      -1.4175230535947638,
      -2.622715503017665,
      -2.6761622121213593
    ],
    [
      -1.6875321105392285,
      -0.30662252095970294,
      -1.5438234555484338,
      -1.2049082526477828,
      -1.1811964105374055
    ],
    [
      -3.1385671960604,
      0.3761066521205317,
      -1.357018987655363,
      -1.4934555165865286,
      -1.8239995647107436
    ],
    [
      -2.608001813506916,
      0.35768002029395246,
      -0.6126373757243526,
      -1.1034609772384467,
      -1.8739666391417065
    ],
    [
      -0.693812843324495,
      -1.372411600101649,
      -1.4480503149290853,
      -0.8095940829630164,
      0.6175737215520347
    ],
    [
      -1.5902931601809451,
      1.8217098784404053,
      -1.9578181185782404,
      -1.3530153067573256,
      -0.6059276608482835
    ],
    [
      -0.5902133144302171,
      0.10563602009176698,
      -0.2944295637453953,
      -0.8265154273641246,
      -1.3973766878982599
    ],
    [
      -1.5007067067549995,
      0.32874319325247703,
      0.5005009702029546,
      2.103293231682432,
      -3.377140967419111
    ],
    [
      -2.7284133083015245,
      -0.47659976334917487,
      -0.5490692200049897,
      -1.5996009516285774,
      -4.6660642220988
    ],
    [
      -1.6994888102412475,
      -0.6117765993484641,
      -2.3248943632387027,
      -2.4075968180678506,
      -3.6293155106043127
    ],
    [
      -3.5862161891042836,
      -0.43072035515513935,
      0.6380080141266058,
      -0.7628459883987386,
      -2.837368643308546
    ],
    [
      -0.7068462152199624,
      -0.5667274186349298,
      -1.0150128559204612,
      -1.9753001014763496,
      -2.6666342874204116
    ],
    [
      -1.6568251287543878,
      -1.504511549437556,
      -1.2918425090782812,
      1.0654736296794713,
      -3.4875464018976117
    ],
    [
      -1.910052105606754,
      -0.15889699209890668,
      -0.5460581102450309,
      -1.3521658706962403,
      -3.1271415807260916
    ],
    [
      -2.0373737379617163,
      0.18369837170661402,
      0.3829362556267337,
      1.3024383181738208,
      -2.756867107600139
    ],
    [
      -0.6223434820988076,
      1.6793917577268198,
      -0.2921388293579962,
      -2.2699505371870643,
      -2.267909878552578
    ],
    [
      -3.718077407627976,
      -0.14213922326401618,
      -1.361588781694236,
      -0.35761794811437353,
      -2.2847600699965724
    ],
    [
      -4.207959826975768,
      0.4880714575729471,
      0.3810395234335452,
      -3.2005587248621996,
      -1.603888744006076
    ]
  ],
  "id": 0,
  "df": 5
}