{
  "mu": [
    -1.6731886071137752,
    0.09237165484553977,
    -1.4606509510127925,
    0.03258817308704533,
    0.21544655783364655
  ],
  "x": [
    [
      -2.8099458292202337,
      0.3743084835548673,
      -1.3388026625417604,
      1.50264716078727,
      -0.523710115117237
    ],
    [
      -1.36842021618914,
      0.869976332464694,
      -1.408946463764322,
      1.4154104984490652,
      0.5064450443308265
    ],
    [
      -1.1946494576147189,
      0.0333889720927235,
      -3.028252930963408,
      -1.1692694370087322,
      0.5613344522444386
    ],
    [
      -2.0493990402103894,
      0.4134868335529415,
      -2.0154525204365075,
      0.06357384478109979,
      1.361570713843227
    ],
    [
      -2.034062228909232,
      1.8829163781515195,
      -0.5642383062775178,
      -0.4631517176888703,
      -0.41104030685777915
    ],
    [
      -1.2420570844003263,
      0.9596053953220333,
      -0.8972128254659935,
      -0.5936880797292902,
      0.1869720886005256
    ],
    [
      -0.8666672856540634,
      -0.2740833706077858,
      -0.5035196869788922,
      -0.6731471734083883,
      -0.377329015073243
    ],
    [
      -1.2876673158238274,
      0.489008126238818,
      -0.4635008467969657,
      -0.9989389485775825,
      0.4147989262784991
    ],
    [
      -2.9144074028361495,
      1.3898872621763114,
      -1.3317546056473937,
      -1.4401431797043767,
      0.045041424002743
    ],
    [
      -0.7767805663394266,
      -0.6415547001431429,
      0.1479215070006732,
      0.4504163721105795,
      0.3043016479689938
    ],
    [
      -2.6287322527908934,
      0.4855279048932644,
      -1.3517623994623948,
      1.6367910223877222,
      -1.2521244867794004
    ],
    [
      -2.6782432500013647,
      -0.01499186450314205,
      -0.957531185968693,
      -0.6249326776267531,
      0.626403300250256
    ],
    [
      -1.240595930215924,
      0.7046954880673791,
      0.10954415859743394,
      0.7060426523769129,
      1.3121741188169425
    ],
    [
      -1.983908947912776,
      -1.001618636458546,
      -1.998203558503094,
      0.8919559450750999,
      -0.25617455838462155
    ],
    [
      -1.2912582423386274,
      -0.8751837330769532,
      -2.6462568057292386,
      -0.3997866786855375,
      0.1414731723636014
    ],
    [
      -0.6037753604289005,
      -0.12693297203606965,
      -1.4334028260807763,
      -1.028354519904623,
      0.8078675064755217
    ],
    [
      -0.611095205382068,
      0.455729118213335,
      -3.1163543823793516,
      0.53551477431209,
      -1.0597282675267352
    ],
    [
      -2.368220393866259,
      -0.4292356281536738,
      -0.027183916909885086,
      0.5506521616360225,
      -0.8248975725721951
    ],
    [
      -1.563332704614426,
      1.344572026223659,
      -2.542596605276934,
      -1.074365492402776,
      1.1751153289176295
    ],
    [
      -1.4692083797847697,
      -1.574092179074135,
      -1.2564969687573235,
      -0.03965797330969441,
      1.0961907367976256
    ],
    [
      -1.8077198804687953,
      1.405479338643078,
      -0.5079813410492091,
      0.15725384018765048,
      0.5183530465523343
    ],
    [
      -0.30981601523455593,
      -0.6259390408079267,
      -1.5589416527317603,
      0.9715277213660899,
      0.5728414108572141
    ],
    [
      -1.4916966114723924,
      0.02163465088211168,
      -2.583213903905958,
      0.8922849855737233,
      -0.22549226036825396
    ],
    [
      -0.49939980377531823,
      -0.7329610228287569,
      -1.0085968263190503,
      -0.24228016567826205,
      1.8042683888225313
    ],
    [
      -1.378159547851936,
      0.09680429371572777,
      -1.758326251789366,
      0.2857120184065947,
      0.08645904713330357
    ],
    [
      -2.8587680149982253,
      -0.022860387260313447,
      -0.1314358749557356,
      -1.2555819000788482,
      0.07361663848045055
    ],
    [
      -2.370410796517625,
      -0.36361574017577336,
      -2.0779162847728516,
      1.4389370378117874,
      0.5288669526595509
    ],
    [
      -1.7203203467416677,
      0.6287454595032498,
      -2.634888093927959,
      -2.429534389334157,
      -0.8531416461931033
    ],
    [
      -1.8010896367575142,
      0.10322408973141398,
      -1.0654052886582202,
      -1.5474384306344087,
      0.29443691219131096
    ],
    [
      0.6424957125773549,
      0.4143891610546285,
      -1.2738598279548836,
      1.082808749079534,
      -1.2473683845504184
    ],
    [
      -0.37467924871247016,
      0.9828812646447839,
      -1.0922463203523094,
      2.048675685388638,
      -0.09187928903277318
    ],
    [
      -2.5018191883083034,
      -0.4325096551491654,
      -2.2690617798171497,
      0.27784126056565683,
      1.769861607340407
    ],
    [
      -0.4031202826200011,
      0.3225616822514451,
      -2.143682737321403,
      -0.8406865753098682,
      1.9472298039030194
    ],
    [
      -1.6981463553443765,
      0.8239861292424316,
      -2.5270335148267264,
      1.211040852016877,
      0.15366541225705072
    ],
    [
      -0.030621620933193316,
      -0.20991962922977958,
      -1.6772745100217918,
      0.48903540202538953,
      -0.6485264243093565
    ],
    [
      -2.0451451001299543,
      0.55566879798439,
      -2.2081701758350856,
      -0.009814123666173957,
      1.2702810318061155
    ],
    [
      -2.3566692568249863,
      -0.7872332424376143,
      -1.2762950977622438,
      0.3843571548730325,
      1.5773852043936987
    ],
    [
      -0.8424246895566437,
      0.9384823012566148,
      -2.6555047845040836,
      0.20002787388585835,
      1.0325382081581316
    ],
    [
      -2.3082935277040297,
      2.693543006609916,
      -3.4499756594305953,
      1.0118616885097456,
      -1.2958878047508346
    ],
    [
      -1.5560386956300951,
      1.6201269868645716,
      -1.0304337349392623,
      -0.9008403664738451,
      0.6710770373054088
    ],
    [
      -0.866811499256056,
      0.7266532778652638,
      -3.2838955757647117,
      -0.9908620141572418,
      -1.2228750496274474
    ],
    [
      -0.5798310150216641,
      -2.7853080226532123,
      0.26346451067461296,
      0.19848177046489596,
      -1.8713637245805466
    ],
    [
      -1.2671334302498942,
      -0.17039114854190812,
      -1.482429525690291,
      0.4418337136343113,
      -1.3143135537717419
    ],
    [
      -1.9739138000695262,
      3.101180945935023,
      -2.6087334766105075,
      -0.6056553827453153,
      0.2905304106001746
    ],
    [
      -1.5969007001051996,
      -0.22608994090873002,
      0.22174032887250128,
      -0.6758605623493676,
      0.26612829566651336
    ],
    [
      -1.9246115354451572,
      0.9134785702643416,
      0.44834314066766723,
      1.0586498134494304,
      -0.38867404767023117
    ],
    [
      -0.652360923934858,
      0.691315478701621,
      -0.1361865861713334,
      0.31467920736652694,
      1.0112060225687258
    ],
    [
      -2.7165750649705425,
      2.203755460906115,
      -1.7741315011285255,
      -1.7169488568583064,
      -1.9809358281581118
    ],
    [
      -2.761038854492102,
      -0.21831441132255414,
      -0.9672431463401769,
      -1.3263419078211125,
      0.8618175209315295
    ],
    [
      -3.6453069994455873,
      0.28953326644918215,
      -2.5527655319822085,
      1.113924507752791,
      0.2514518397359718
    ]
  ],
  "id": 35,
  "df": 5
}