{
  "mu": [
    0.5383900171729435,
    -0.3966748297964867,
    -1.0538025878856587,
    -0.8289556012568375,
    -3.263335214453779
  ],
  "x": [
    [
      -0.4458715355244909,
      -0.04425406668146009,
      -0.015110085866474776,
      -0.947682223146293,
      -4.296695239682239
    ],
    [
      0.7843773339979868,
      -1.3698014412677113,
      -2.0073163666124048,
      -0.9537903608444739,
      -2.6510609191741734
    ],
    [
      1.670382701960587,
      1.5637200438086936,
      -0.3805012112166448,
      -0.06698466109123247,
      -4.1839129545733895
    ],
    [
      1.2748451329192827,
      -0.8358793277634862,
      -2.1521219340621,
      -1.8289790639312584,
      -2.3767283815260867
    ],
    [
      3.401667701890703,
      -0.2764855486372575,
      -0.9366857138697351,
      -1.316002826546911,
      -5.137023754244476
    ],
    [
      1.8916626208339253,
      -2.168002672409242,
      -1.0854271446455452,
      0.22194070868507132,
      -2.6729736166187
    ],
    [
      1.8711298801029943,
      -0.6007026020518215,
      -0.42976795560395353,
      -2.1130887188710386,
      -3.0739804105372643
    ],
    [
      -0.8613583661130794,
      -1.1401356613172076,
      0.28715403756736757,
      -2.0166297146109926,
      -2.302428399753398
    ],
    [
      0.2716141298643921,
      -0.558268073460024,
      -1.942106691288318,
      -1.5089723680979772,
      -3.8989009897344253
    ],
    [
      0.9064750062854225,
      -1.514673041194082,
      -2.6009321700403847,
      -1.9788258734866864,
      -4.616720879733114
    ],
    [
      -1.00226436337574,
      1.1046981953834933,
      -0.911112499244783,
      -0.7078581168908693,
      -3.216770670022121
    ],
    [
      -0.6307027163127904,
      -0.8341224022581175,
      0.09982929888873038,
      -1.2168082227001733,
      -4.519138669630133
    ],
    [
      -0.0909040311012217,
      0.6613988647562076,
      -0.10394189304793255,
      -0.1078834017568644,
      -2.8965430748599643
    ],
    [
      0.21720360565314106,
      -0.2989288088077911,
      -0.9113876800551772,
      -1.2014047825121996,
      -2.5821659928891245
    ],
    [
      0.9489491012309397,
      -0.033331598403629537,
      -1.559141965152898,
      -0.7021061469819312,
      -5.291967641597617
    ],
    [
      -0.12740085368441023,
      -0.18988057723438265,
      -2.8233750748994035,
      -1.948694313016881,
      -4.7660938600159035
    ],
    [
      0.11045804369766626,
      -1.1586157411384956,
      0.008148398219928188,
      -0.4134402888635556,
      -3.1915548299224086
    ],
    [
      1.9073568713271922,
      0.6841985072899638,
      -0.5461584509709361,
      -0.0953168380113043,
      -4.229839596575336
    ],
    [
      0.2348798582465766,
      -1.2096498192850844,
      -1.5856423399890986,
      -3.6387419704719974,
      -2.4034544431002667
    ],
    [
      0.20552930032716576,
      -0.09402490740027764,
      -1.1441155793720075,
      -1.948308217223619,
      -2.4116854248179442
    ],
    [
      -0.5158106133039676,
      1.183417680918312,
      -2.0131423987785486,
      -1.9455621413398845,
      -3.042945908021709
    ],
    [
      0.33594533191770126,
      1.0919738612171668,
      -0.9282538918145391,
      0.05214528449595213,
      -3.3938449271258193
    ],
    [
      0.36526987153021306,
      0.13419226084503255,
      -0.32359010328842563,
      0.29839281903249426,
      -2.349336399422541
    ],
    [
      -0.4078795972195919,
      0.44921561359071627,
      -0.4722663147711402,
      -1.439258204642028,
      -2.797226542143978
    ],
    [
      0.8887704038798938,
      0.6996150224282297,
      -0.9833955957894647,
      -2.399575844355505,
      -4.914006563160905
    ],
    [
      -0.13544748208115132,
      -1.2934479577822764,
      -1.1060084372912693,
      -1.135708086517166,
      -3.4956813283927732
    ],
    [
      1.6073774434008707,
      0.12864632915816887,
      -2.3811523557259284,
      0.830982400053599,
      -1.5090376385470023
    ],
    [
      -0.970394447602631,
      0.14237879412011933,
      -0.05858219341361781,
      0.37196052875097063,
      -5.013930601669472
    ],
    [
      0.43139616972776457,
      -0.7206310600299068,
      -1.090750346936144,
      -1.6891236369422638,
      -5.431342127430582
    ],
    [
      -0.18789674699703562,
      -1.7783391648142173,
      -1.3214022535512902,
      -0.9841856900953493,
      -3.671730272849662
    ],
    [
      -0.300783752194971,
      -0.09901756779125798,
      -1.2116177669899493,
      -2.038868134026102,
      -2.326172134970698
    ],
    [
      0.4844775923877857,
      0.6584035952335779,
      -1.6491187826449356,
      0.8783476114573134,
      -3.706912713742348
    ],
    [
      -0.15611516443245754,
      0.2634637385838786,
      -2.029084123744391,
      -0.7167653998050695,
      -2.0655270883424857
    ],
    [
      -0.6229704227586746,
      2.1608302276222546,
      -0.24535921165957963,
      -1.4575099518508337,
      -4.67534032312675
    ],
    [
      0.5158529077077458,
      -0.9253175657602639,
      -0.5942410040332188,
      -0.8060598910299894,
      -2.0214697196958875
    ],
    [
      2.0095890333964075,
      -1.0735428168915768,
      -0.8478673539646167,
      -1.3206100516612302,
      -2.429058885135545
    ],
    [
      0.7204946809738788,
      -0.6279061517311608,
      -1.5481992201052859,
      -0.6407186733526296,
      -4.055843533434889
    ],
    [
      1.0801299217279856,
      -0.1042878142430072,
      -2.8111538164386047,
      -1.076162343023993,
      -1.9615941133591137
    ],
    [
      -0.1121181872048076,
      0.6565839602022548,
      -1.7392777005287183,
      -0.22347388442188543,
      -3.601778199445793
    ],
    [
      0.8901206342701675,
      -0.42733318284697397,
      -1.6517543184468817,
      -0.9758011102296764,
      -3.567471377569733
    ],
    [
      1.0797398570536072,
      -2.385307223605336,
      -2.412634697535915,
      -1.3500881128871607,
      -3.1699047166317706
    ],
    [
      1.063553036818869,
      0.7545816889947762,
      -2.558950021266856,
      0.6495989798717585,
      -4.501109641100317
    ],
    [
      0.23396804103617297,
      0.24261733050414946,
      1.0593761189522228,
      -1.112339581496739,
      -3.4350300605705106
    ],
    [
      0.8411487969437288,
      0.2907135081479584,
      -1.715517541408413,
      0.2552019015616238,
      -4.885600837890377
    ],
    [
      0.9752849469007278,
      -0.2094187064513185,
      -0.9575581865357579,
      0.705652956139706,
      -2.985094946523952
    ],
    [
      0.4800836627735934,
      0.7346550230540508,
      0.33439605146900364,
      -0.635864190713957,
      -3.1967538847512076
    ],
    [
      -0.33226094034748277,
      -0.24513837049885237,
      -0.3471419585200973,
      -0.7905861998517312,
      -4.685067268897528
    ],
    [
      -0.2238547385604942,
      -1.6634037614022015,
      -0.35827919551233,
      -0.41738110566355136,
      -4.538537062967739
    ],
    [
      1.8444533066037025,
      -0.007221822543630574,
      -1.116645909574782,
      -2.1858265666305616,
      -3.2409011293813013
    ],
    [
      1.5978882095843798,
      0.22035108283366878,
      -3.493022432835816,
      -1.1249449972328978,
      -3.0937667005527762
    ]
  ],
  "id": 14,
  "df": 5
}