{
  "mu": [
    -0.5906990809619271,
    -2.0298121596829293,
    2.113367800363562,
    -0.9302075805762221,
    0.16845033974629062
  ],
  "x": [
    [
      -2.137969086174313,
      -1.991145379524475,
      3.340370409527727,
      -0.4064297536399676,
      -0.35358591352329205
    ],
    [
      -2.3675173828441722,
      -1.8366404657219715,
      2.753775937976297,
      -1.112772257660235,
      -0.46472542851303944
    ],
    [
      -2.4609978989066676,
      -2.8005364435094426,
      2.03196423562731,
      -0.9980584028017768,
      -0.8453108618232055
    ],
    [
      0.9500638856299942,
      -2.5354150597680216,
      1.4949100115138116,
      -1.4334744539709203,
      0.4693835010206914
    ],
    [
      -1.6342198787146622,
      -2.6981717103755507,
      1.6343913269367207,
      -1.8473749603635796,
      1.9603009987816404
    ],
    [
      -0.4081637313617086,
      -3.070007318808698,
      3.5785478176103664,
      -2.8742249005292457,
      0.5791232447776113
    ],
    [
      -1.5974964226099098,
      -0.9031451708160705,
      3.232809558097393,
      -0.918400650344284,
      0.028679041627783286
    ],
    [
      0.2060220027538372,
      -1.9180978466557599,
      1.2658909863409642,
      -1.4269352221696017,
      0.9632163094300471
    ],
    [
      -2.2236924614701743,
      -3.037369371557941,
      1.3588293198058894,
      -0.6924215793192092,
      -0.3385856992564189
    ],
    [
      0.11801566624334181,
      -0.9830651205464991,
      1.418520625492631,
      -0.9235092177385503,
      -0.08438952624996329
    ],
    [
      -0.2574506769635089,
      -1.6567400592493027,
      2.229670249629165,
      -1.5782920177345268,
      -0.6114514436775483
    ],
    [
      0.17780781951268432,
      0.28397179363108016,
      2.8717162427962424,
      -0.665055574004731,
      1.359535846878068
    ],
    [
      -2.2057422026674804,
      -0.6267853513473454,
      3.0649117937798014,
      -0.7902323867882448,
      -1.0373925073924648
    ],
    [
      -0.49901834279725216,
      -0.988212255111369,
      1.5501686801445957,
      -0.46587025496316453,
      0.4976420090670748
    ],
    [
      -0.06110146261401905,
      -1.741779240217312,
      2.2615850503703276,
      0.043243260323115096,
      -0.5883480753467041
    ],
    [
      0.15131669300309514,
      -1.5422723015865256,
      1.179296983000146,
      -1.2235283210443624,
      1.2893104110531
    ],
    [
      -2.021992606541993,
      -3.2071819813582314,
      2.318636713438351,
      -1.4621310327530312,
      0.19641690385470378
    ],
    [
      -1.5448673690529655,
      -3.1952129730671706,
      2.4148711641855107,
      -0.6028307021209853,
      -1.1720778631217021
    ],
    [
      0.1664148693831916,
      -2.123381189511102,
      2.762311514345221,
      -0.9651363708360476,
      0.582401112183992
    ],
    [
      0.23264580927250822,
      -2.1289273126502963,
      1.0615697403419022,
      -2.5075718746727618,
      1.0863125545568906
    ],
    [
      -2.384479625085597,
      0.18813511542425454,
      3.434948805411911,
      0.792771986598165,
      0.8430129233344336
    ],
    [
      -0.3852440809129779,
      -0.5717166261530622,
      2.2223295465543083,
      -0.06332653902041563,
      0.8915664567056572
    ],
    [
      0.4844661416660129,
      -4.93369378181368,
      0.9534087958542183,
      -1.8132884487354568,
      0.05863118172779083
    ],
    [
      -1.9409835756701592,
      -1.924106850818128,
      1.9640312058242413,
      -0.027365319636909136,
      -0.009902060019859188
    ],
    [
      -1.55770539685621,
      -3.0368696550122403,
      2.6001560142407936,
      -1.4560816475868754,
      0.7034291126321306
    ],
    [
      -2.3398498292392738,
      -2.632816351453032,
      2.9686031836189506,
      0.1983659620655217,
      0.5803568094970359
    ],
    [
      0.8410191790938534,
      -2.723120660577585,
      1.7535906699179673,
      0.7165664754683058,
      -0.7600528520009479
    ],
    [
      -2.2555362056174806,
      -1.8267086317893297,
      2.25813544736989,
      -1.6151345377199011,
      2.4581930076585548
    ],
    [
      0.1879902722787562,
      -2.795405964692525,
      2.4130008834153562,
      -0.06657112030232648,
      0.5436115808441078
    ],
    [
      -2.9718463171646565,
      -2.0890097164562302,
      1.042348664476502,
      -1.8441164610333107,
      1.183571327089679
    ],
    [
      1.0705992168445349,
      0.004490830956807024,
      1.6154331132896895,
      -0.7187017333146775,
      0.4046863102152156
    ],
    [
      2.2040039066875265,
      -3.2233367857332853,
      2.049458503882101,
      -0.9336122822649663,
      -1.98307168260646
    ],
    [
      -1.7196049845828774,
      -1.1989599194669731,
      1.0891442524774873,
      -1.4540431918233374,
      0.032949392941862166
    ],
    [
      -0.15441690779326223,
      -2.1293315716613606,
      1.8445323906785478,
      -0.5698208987583533,
      2.2292990149715255
    ],
    [
      2.280884215316217,
      -0.830644858044808,
      1.7058513665529509,
      0.41856542135849895,
      1.5816443755260419
    ],
    [
      -1.5383949684895977,
      -3.1088351002963015,
      2.4630520776904183,
      0.49746411087401,
      0.3481499553175671
    ],
    [
      -2.3773686040224384,
      -0.06587423974519702,
      1.3665889234832989,
      -0.5344542177234639,
      0.4576133719951164
    ],
    [
      1.0040572670846388,
      -2.6490969385339938,
      0.39552378265506816,
      -1.1943064201583358,
      0.058987276103290465
    ],
    [
      -0.19036169894429755,
      -1.6718000270856672,
      3.4489150970832236,
      -1.1572161611461953,
      0.43001595317053287
    ],
    [
      -2.3916968673363788,
      -1.5831427189042855,
      3.074337970743025,
      0.1736954781926271,
      -1.5203711806829705
    ],
    [
      0.20394423498774583,
      -0.22008798387012463,
      2.8660359775286386,
      0.007818542134659046,
      0.6027865906490472
    ],
    [
      -0.7887560905240921,
      -1.9279129850543164,
      1.0176112353462914,
      1.1832076446526547,
      -1.2526337220325172
    ],
    [
      -0.6565829042677027,
      -1.618255536755928,
      2.94623867896829,
      1.8270085336754818,
      -0.8470859364525756
    ],
    [
      0.5116807319421307,
      -2.2260604387953795,
      3.367575070512218,
      -0.5740805505234996,
      -1.0584605688900104
    ],
    [
      -0.5052404481487165,
      -3.394128651181039,
      3.463896684967149,
      -1.3844912780024383,
      -2.2622021617036077
    ],
    [
      0.16149970210545772,
      -2.4821432298026047,
      1.646991197223965,
      -0.19709932549532572,
      0.04729106911793153
    ],
    [
      0.1039619895771573,
      -2.2887808217615233,
      3.534302181784458,
      -1.2944336836744497,
      1.2091882831114935
    ],
    [
      0.3684309835595455,
      0.07210079481306808,
      2.053732161999589,
      -1.3630955202166561,
      -1.8907815844831442
    ],
    [
      -1.1378512633157531,
      -1.021870473528171,
      2.544679984088531,
      -0.0690742660278042,
      0.24997423520994327
    ],
    [
      -1.1393298208827964,
      -1.7405799949433485,
      2.4599814867456526,
      -1.5535626785523795,
      0.4437117828405778
    ]
  ],
  "id": 24,
  "df": 5
}