{
  "mu": [
    -2.211877459336814,
    -0.6404043271401975,
    -0.0885570658436478,
    0.1834284652762533,
    -0.13862347508517675
  ],
  "x": [
    [
      -0.9145241101419885,
      0.19010697571275703,
      0.029820725353340058,
      0.7603958255913608,
      -1.2278590586611347
    ],
    [
      -2.2583198099446142,
      -0.9783601765450692,
      1.3238038024331362,
      -0.054149263172987655,
      0.5515313210134472
    ],
    [
      -2.616607652865664,
      -1.9875172501369924,
      0.4241529910380775,
      0.7071296470653972,
      -0.4086801422571889
    ],
    [
      -4.765390331903146,
      -1.625723949318724,
      1.2083152087083662,
      0.9675424624810605,
      0.603593811904251
    ],
    [
      -1.6090293484639617,
      -0.5429491796443148,
      0.09812321161151304,
      1.473078768380274,
      -1.097989261275676
    ],
    [
      -0.9176368331980989,
      -0.08559356590090239,
      -1.1680518049143478,
      0.4003103179085917,
      0.37442625830803306
    ],
    [
      -2.2773075770063214,
      -1.2816703565179615,
      -1.409806005970462,
      -0.8725503593713729,
      -0.520335316676271
    ],
    [
      -3.0999549815766443,
      0.44933797631702277,
      0.08972499078173025,
      -1.4612516144986674,
      0.36738226360391174
    ],
    [
      -1.8638130261485755,
      -0.5083167783479122,
      0.3384956410409464,
      0.9538717938465437,
      0.586063272148373
    ],
    [
      -1.2665052728326998,
      0.19819763460610051,
      0.6343066743821009,
      0.6951527853856313,
      -0.4984586291455535
    ],
    [
      -1.8545376848686002,
      -0.3190625856053668,
      -1.591832105990902,
      -0.825154301905144,
      -1.619368565322317
    ],
    [
      -2.9684756271782278,
      0.12384923688612637,
      0.18707033486756725,
      -0.6383155004207577,
      -0.18121289569539661
    ],
    [
      -2.2501672039137377,
      -1.080009901309026,
      -0.902166933097597,
      -0.010320959424737763,
      0.40413916244097
    ],
    [
      -2.1720330260383696,
      -0.06549163231711641,
      1.5232052130309863,
      1.0373877564978204,
      0.8324590127704479
    ],
    [
      -2.8505538045659624,
      1.0003760687720864,
      -0.060436114185533144,
      0.4905251342012209,
      -2.5102767768427308
    ],
    [
      -2.8913638425670065,
      -0.4654278085539477,
      -0.9709060326948602,
      -0.22719610440171897,
      -0.7058459066180665
    ],
    [
      -0.7037173479805143,
      -1.1201459108754797,
      -1.057226966832472,
      0.5716384167613229,
      -1.0259084015241693
    ],
    [
      -1.1444273862513121,
      -1.653640598480719,
      0.15692719992987403,
      -0.6322449306261677,
      0.016357562537555687
    ],
    [
      -1.3195081292997481,
      -1.1109663495463975,
      1.3793027812119305,
      1.6956281247579594,
      -0.22305508176111616
    ],
    [
      -1.9238994014238084,
      -1.4135298787251398,
      1.7528565175166373,
      2.100478752484651,
      0.5716012708576679
    ],
    [
      -0.7384610882060838,
      -0.32884186781373725,
      -0.3902584888564814,
      1.3340790980575872,
      -1.886685098098281
    ],
    [
      -2.8884149280562097,
      -0.6937748841047371,
      -2.0704895576182065,
      0.898927449828095,
      0.586755759756532
    ],
    [
      -2.4536850112520687,
      -0.7695685417718992,
      -0.822773462204547,
      0.19622296206728243,
      -0.6120436451790949
    ],
    [
      -1.47796694462409,
      -0.8373037770028549,
      0.803271868611353,
      -2.4573057938427207,
      -1.3830491049993812
    ],
    [
      -2.373044581828936,
      2.393748961921042,
      -1.4244406278274855,
      2.3401868354020343,
      0.31214233473021474
    ],
    [
      -0.8757353264792256,
      -1.1774595118204927,
      0.39435762221132903,
      0.28123333360723624,
      -0.677410046255797
    ],
    [
      -2.6340617775579935,
      -0.62800461054169,
      0.43173057880234594,
      0.6269684016668554,
      -1.0339426265741751
    ],
    [
      -1.8366368318404753,
      -0.7595094922305728,
      -1.8419384430356986,
      1.6332138765847817,
      0.23597129568287872
    ],
    [
      -1.7676100215279538,
      0.08732495848908972,
      -0.2701487060145151,
      -0.6328055437965228,
      -0.036439981025040286
    ],
    [
      -2.6630735978963034,
      0.14680466617315402,
      -0.7800292046352321,
      1.2144679609830265,
      -1.660516280608788
    ],
    [
      -1.6476286869574666,
      -0.6803257135602528,
      0.669988074662997,
      1.026629167832755,
      -0.20725823618996375
    ],
    [
      -1.5209462087636056,
      -0.3574524385126219,
      1.9704982747914401,
      -0.2274276996948643,
      -0.2010945394140354
    ],
    [
      -1.5663693914573986,
      0.2620199441922,
      -1.1863061156576578,
      -1.2920767668218307,
      1.1045942343267396
    ],
    [
      -2.678924133282966,
      -1.2465977478761348,
      -0.22203072411507285,
      -0.6354782719193988,
      -1.1375915502068283
    ],
    [
      -1.508737593184509,
      -1.1453261262978138,
      -0.04839718815574052,
      -1.1598566424627654,
      -0.553003470697774
    ],
    [
      -1.7530124193511822,
      -1.9617716885647547,
      -0.3740439047281977,
      -0.010707923489421733,
      0.49179085592129584
    ],
    [
      -2.1534787925162737,
      -1.3576161763974484,
      0.9711274925878172,
      -0.3326967505400318,
      -1.761344503278504
    ],
    [
      -2.207309309046852,
      -0.9641126842600971,
      0.36504682813550704,
      -0.010556465619921296,
      0.23476914407268024
    ],
    [
      -3.7634670124203806,
      -1.0402513850525126,
      0.20399005138849113,
      -0.5052974599979033,
      0.7640137248433458
    ],
    [
      -3.7364220387464404,
      -0.38580196068037653,
      -0.4503677973540542,
      -0.3566798521440757,
      0.20005981505482795
    ],
    [
      -2.442963673505954,
      -0.948056657530622,
      1.2295868670577765,
      1.7160507322357192,
      -0.9923392387177123
    ],
    [
      -2.4078554046170706,
      -1.6513907169639226,
      -1.2258671901578644,
      0.7503708802668418,
      -0.11535869107446162
    ],
    [
      -1.5753711235979222,
      -1.499788684052588,
      0.7198656166136022,
      0.22498535271137518,
      -1.1428524528193458
    ],
    [
      -2.7653363715863652,
      1.1736218782550751,
      0.34492952024078444,
      1.222829428400214,
      -0.2199429190188661
    ],
    [
      -3.474134274031689,
      0.5607620434079076,
      0.47501575745763897,
      0.7160111763199564,
      0.07400278019495021
    ],
    [
      -1.824830931087742,
      -0.1293798558673881,
      -1.8163687121508332,
      1.8982556858461272,
      0.8000728803338575
    ],
    [
      -2.864671649628904,
      -0.567808109283361,
      -1.6455474190388728,
      0.22066202353684206,
      0.2577962588122989
    ],
    [
      -1.102914222514835,
      -0.5901960334335584,
      -0.28900327679847193,
      -0.12048863375218924,
      -0.10081575282954434
    ],
    [
      -2.496379493948647,
      -0.05828071594666351,
      0.23966433371463863,
      0.41586290855726826,
      0.015595207922566134
    ],
    [
      -0.2985493344784309,
      -1.715677873436619,
      0.919995295097728,
      -1.0886808325674255,
      3.076822041860637
    ]
  ],
  "id": 1,
  "df": 5
}