{
  "mu": [
    -0.3850244461881748,
    0.6272733801640512,
    -0.6085424361375937,
    0.8179662959170797,
    -0.11833930859439364
  ],
  "x": [
    [
      0.05115969935116049,
      1.596853677474419,
      0.17106447237132583,
      0.9608776957066316,
      -0.35589114181544707
    ],
    [
      0.9110365261960661,
      0.24714180485638004,
      0.12012070542135722,
      1.6746524223095047,
      0.5483305241881952
    ],
    [
      -0.15505584473649123,
      0.4819898873988877,
      -1.8510257831991266,
      -0.9208454260480117,
      0.4963911463085546
    ],
    [
      -0.098062073410487,
      0.5191175436144447,
      1.150636296109881,
      3.3471543652354754,
      -1.1082433368091027
    ],
    [
      -1.4116768938344135,
      2.0172220806207743,
      -0.9717739082286269,
      -0.7386186357647953,
      0.7362063948433911
    ],
    [
      0.04225210627076753,
      0.2317400130063173,
      -0.7503607973969821,
      0.4932549554861521,
      -1.0021656906253071
    ],
    [
      -0.002038910925588555,
      0.6085981034056474,
      -2.1524902817003957,
      1.675467002211004,
      -0.7774828371385386
    ],
    [
      0.9633607577726092,
      -0.14586761348280786,
      -0.6969338455816276,
      -0.31312119915002046,
      -0.07687095870247072
    ],
    [
      -0.518221730566139,
      0.31167146953755476,
      -0.8407049744429347,
      0.47176755104821977,
      0.9557534929486252
    ],
    [
      -0.6585677678254541,
      1.155274864692932,
      0.4601606259789317,
      1.6167091996879943,
      1.034589683441821
    ],
    [
      -1.906314767510346,
      -0.6324017556211282,
      -2.370229447231888,
      2.0616294661669414,
      -0.7525744016292819
    ],
    [
      0.9122332134904126,
      2.100191348533065,
      0.3878094412521349,
      0.8899862673168909,
      -0.9819648212356016
    ],
    [
      1.2552211558754376,
      0.6733339692357551,
      0.26989062112829454,
      -0.5378078232684891,
      1.4282844206406209
    ],
    [
      -1.0659342383766728,
      1.6523203654746803,
      -0.20014035278753944,
      1.7683226460771753,
      -1.9353745140541483
    ],
    [
      0.17261679651530293,
      2.521146947702389,
      -0.5023267160010129,
      0.4230553669510303,
      -0.35597925197643726
    ],
    [
      -2.3725661663087587,
      -0.2386162452559123,
      -0.7499799104159429,
      1.234949568583674,
      -0.830127647204012
    ],
    [
      -1.0643301294284206,
      -0.22735957027813536,
      -0.2319555863133137,
      -1.7134663453730263,
      0.9917843089906527
    ],
    [
      -1.2330653299338818,
      0.8826166634542898,
      -2.165114727396555,
      0.32209823591520104,
      1.264762276468089
    ],
    [
      1.0477168194944317,
      2.042035310341599,
      1.081902044150042,
      0.3267707131341498,
      1.0241040405828457
    ],
    [
      -0.6146712393889873,
      1.0069139672036957,
      -1.7259388293749043,
      -0.07165543698168442,
      -1.178628788252357
    ],
    [
      -0.17706416681649045,
      2.0783327960202245,
      0.23870725135936754,
      0.9286288100889916,
      0.8041464003416133
    ],
    [
      -0.13511690367061924,
      0.4079630203795152,
      -1.574311031033435,
      -0.5676533183234844,
      0.2619109605870425
    ],
    [
      -2.325166515844767,
      0.41247112592036705,
      0.29256220181948733,
      1.8040890218150554,
      0.5159932718644294
    ],
    [
      0.07070963785094048,
      -0.17675989796487046,
      0.6041943974178237,
      2.129579353299497,
      0.3919454707856858
    ],
    [
      -1.915220050821496,
      0.37657649122258036,
      -0.08147825125788033,
      1.8617986735057255,
      0.20377544160783467
    ],
    [
      -0.9000683207112095,
      0.02441862325245414,
      -0.6203434949395968,
      0.7073698883534562,
      1.2981330294540934
    ],
    [
      -0.8195596421812548,
      0.9440549101682373,
      0.7226924510503359,
      -1.4103140965013201,
      -0.6451193804356706
    ],
    [
      -1.2699246752449893,
      -0.5721936231367749,
      0.5237241529542809,
      1.4786154160054323,
      -1.5406203965246859
    ],
    [
      -1.3993628433740692,
      -0.4384160015284372,
      -1.0013008377031571,
      -0.3559384063408708,
      -1.597485486738373
    ],
    [
      -0.7657394457014997,
      -0.8954117453647926,
      -1.3003212453651432,
      1.325469848916219,
      0.7184963561859
    ],
    [
      0.793680713162921,
      0.2770012077139393,
      -0.5453510100650613,
      1.474607267637046,
      1.8014511880292057
    ],
    [
      -1.0280403518110073,
      0.5338577262022863,
      0.40857859523918405,
      3.909256954385552,
      0.5611924581496283
    ],
    [
      0.152121600059544,
      -0.0174160638767914,
      0.4840474731414939,
      0.21447691979532746,
      0.3000672022120668
    ],
    [
      -0.3821997042431915,
      -0.4148776238610089,
      -1.0560059319099482,
      1.2591856794487917,
      1.6986468583709586
    ],
    [
      0.1288735882599341,
      0.4258833037899269,
      -0.4021096141032301,
      0.033483439942391,
      0.572838613043077
    ],
    [
      0.5944201336176307,
      -1.582505070839162,
      -1.1179567014577092,
      0.8812733254120507,
      0.5633951465150017
    ],
    [
      -1.3277912941160424,
      0.7990613770355091,
      0.47273623927182906,
      0.4514869530583349,
      0.8548355751812954
    ],
    [
      1.3380735977033567,
      -1.955761429409451,
      -0.06003855659063506,
      -1.0286805313810057,
      -1.239366311195344
    ],
    [
      0.8364440430910002,
      -0.04490313749164088,
      0.05588628839834886,
      1.3262568889089938,
      0.08481306511521351
    ],
    [
      0.7124812437039266,
      -0.12864861566504504,
      0.24849218016446428,
      -0.41345028270049666,
      -1.4546491283664218
    ],
    [
      -0.8232408012559733,
      1.3416772134744117,
      -1.5181400121591269,
      0.49057430462785545,
      -0.7571531335187172
    ],
    [
      -0.6174993884741493,
      0.19840318309614036,
      0.5751462252098212,
      2.1384527254650285,
      -0.6765967298170809
    ],
    [
      0.5509651976787182,
      0.7974390714997859,
      0.20194362003731203,
      0.587286032867676,
      -0.07523546874851153
    ],
    [
      -1.4067060732465806,
      2.3570941328120676,
      -1.4886647387176382,
      -0.736534512302712,
      -0.36448511429286556
    ],
    [
      -1.043844305461302,
      -1.8467017968890764,
      0.27364613471532684,
      1.6180960262115076,
      0.8512474591213831
    ],
    [
      0.8272340603817078,
      -0.3332426579492379,
      -1.079293668293964,
      0.23978927105678005,
      1.2048286877085357
    ],
    [
      0.3982087676046746,
      -0.305803090684426,
      0.058147635301213474,
      0.30875694802979814,
      -0.018295723878686027
    ],
    [
      0.5868182283275077,
      1.3687833838100238,
      -2.0065717653833044,
      2.0587248298900733,
      0.3115590866325003
    ],
    [
      0.6044526567881446,
      -0.6989213110255833,
      -1.489053180945855,
      0.8512610146763614,
      -0.38568470378070374
    ],
    [
      -2.155918469767906,
      0.48061583043201894,
      -0.17772282876522483,
      0.09174120504562344,
      -0.16304642094647798
    ]
  ],
  "id": 44,
  "df": 5
}