"draw","source_draw","id","assumed_model","alpha_0","alpha_1","nu_0","nu_1","tau"
1,8,"s8","m1",-0.156193502811486,0.128346244039464,-0.024879741462896,0.513075138177199,0.117844249292447
2,17,"s8","m1",-0.0124003266840578,0.188825841095613,0.0336618512823698,0.614617152444091,-0.369825280197854
3,20,"s8","m1",-0.1136286260676,0.15910863552271,-0.202838568853285,0.54209884906998,0.0233334893157765
4,22,"s8","m1",-0.0840284072031503,0.169987073841213,-0.113320815685663,0.56899236071988,-0.125059612451049
5,45,"s8","m1",-0.151268425121953,0.170862322356383,0.0932413460302728,0.520492306946409,0.00572194536878236
6,62,"s8","m1",-0.0416552940896665,0.238829757365151,0.118053706407509,0.65066793422859,-0.443923214641698
7,73,"s8","m1",-0.0205915573471397,0.25099264385322,0.0639453968314412,0.607651615215109,-0.820100282167664
8,109,"s8","m1",-0.0475598280935179,0.16614807884051,-0.281644398112434,0.541078330892295,-0.443352858247193
9,125,"s8","m1",-0.180350005344017,0.132872294364088,-0.443731595670266,0.497852409938294,0.164597433733632
10,149,"s8","m1",-0.152820182121844,0.190638562632145,-0.112150376875021,0.515977904311386,-0.0833595888203002
11,154,"s8","m1",0.0190583788381416,0.301698145329608,0.0253798457956679,0.676668092071815,-1.76700676140727
12,163,"s8","m1",-0.122929346412905,0.160552224889396,-0.200670293033859,0.594323509880434,0.113320059471766
13,177,"s8","m1",-0.131835338843633,0.147138765699864,0.0534918672413726,0.629616396317337,0.0808672671928605
14,190,"s8","m1",-0.128793476389856,0.18215158338827,0.00966904953359659,0.533304463930056,-0.219456104213173
15,195,"s8","m1",-0.0880966907937544,0.214545012468273,-0.264963837710519,0.583955404558535,-0.487129748612442
16,197,"s8","m1",-0.118726018685708,0.210008409829135,0.0370216297821785,0.568441109200316,0.0120807391005474
17,199,"s8","m1",-0.050483550496155,0.241261175026354,0.0558005516640613,0.648664099194977,-0.118848156998961
18,204,"s8","m1",-0.0958810336583862,0.168366750524051,-0.101699271733354,0.58301565702721,-0.359846653192458
19,209,"s8","m1",-0.0563807194248712,0.216842706307905,-0.0128863035148352,0.662942691727339,-0.46844895502498
20,219,"s8","m1",-0.0472060080946034,0.248356002259139,-0.13071343577683,0.696926356958529,-0.700443848091882
21,226,"s8","m1",-0.160875969513224,0.164189178323295,-0.159847591502168,0.5272585108431,0.53222216495054
22,227,"s8","m1",-0.100832190991379,0.215682999708955,-0.19950245958963,0.632425211423404,-0.267502213085097
23,236,"s8","m1",-0.101959639091604,0.228853541836732,0.0147428779920187,0.610048710707124,0.0905164740041506
24,246,"s8","m1",-0.157490006502367,0.188239529539524,0.00295790105300679,0.569273662314505,0.15629804920375
25,251,"s8","m1",0.00107172256617202,0.236856377406862,-0.125547840190063,0.634795497804776,-1.02917566707895
26,253,"s8","m1",-0.0833933096797992,0.209614684040113,0.0346146090278171,0.601751046896383,-0.428076545182011
27,260,"s8","m1",-0.109173358274867,0.203403160334811,0.0284580910521632,0.551533855439633,0.172796768424159
28,263,"s8","m1",-0.104453174123154,0.202722069902721,0.00209569053403022,0.683420624481871,-0.21126769135419
29,267,"s8","m1",-0.0218762234797525,0.293643832629734,0.0847381322265063,0.562321889943222,-1.27292367298902
30,274,"s8","m1",-0.0143379451914187,0.260717214112114,0.181950062216313,0.725845702848922,-0.538122940310838
31,275,"s8","m1",-0.116957389836158,0.187317911378191,-0.0553065496997606,0.623748549556027,0.0303037539714848
32,285,"s8","m1",-0.196228343156963,0.131979270220493,-0.0931435359821711,0.410486504996328,0.494011966422675
33,288,"s8","m1",-0.109289210440713,0.239985378629232,-0.0157376060405805,0.644096568154284,-0.384330096494802
34,290,"s8","m1",-0.110159885887187,0.196473720864108,0.0127535077497522,0.637082337472045,0.199125413223146
35,305,"s8","m1",-0.276425805566235,0.138153240187207,-0.272307447079886,0.530050574243488,0.819837723466293
36,319,"s8","m1",-0.236791259261847,0.095233292338392,-0.490144241314051,0.516077490064104,0.399751708386593
37,329,"s8","m1",-0.0600376797675673,0.268276036523402,-0.0482477307542442,0.585693351934875,-0.472554422434281
38,331,"s8","m1",-0.126391980733314,0.184234392573033,-0.00902113522182212,0.598068277517043,0.0547537007734932
39,378,"s8","m1",-0.174924239966836,0.148616087565162,-0.18347695935416,0.530284953108031,0.0724921392009586
40,398,"s8","m1",-0.0913782984851766,0.153899050869313,-0.211333913799494,0.565067775672252,-0.202074977065963
41,405,"s8","m1",-0.0829756744562551,0.206402461476884,0.039041282759635,0.59563137198171,0.00566259286659403
42,411,"s8","m1",-0.00148740684545282,0.285979517747071,0.0667732463643693,0.686715590496595,-0.783083096823933
43,417,"s8","m1",-0.189753182744042,0.153653307590597,-0.116786885620083,0.413150625420524,-0.0315629340852596
44,423,"s8","m1",-0.0462449707995084,0.210950029981984,-0.0628595448009309,0.522400667735284,-0.487704122788783
45,429,"s8","m1",-0.198212165154959,0.123100458520635,-0.032772933423716,0.528932769399739,0.263347964059168
46,450,"s8","m1",-0.121733031913702,0.197883930736035,0.161312690613432,0.521891197808479,-0.175251923335917
47,457,"s8","m1",-0.0478422969304192,0.243648834407615,0.0973170748188539,0.64875427173805,-0.163267158450447
48,487,"s8","m1",-0.110809288890077,0.188286986784144,0.00144748222834446,0.59421169015731,-0.444132601466148
49,512,"s8","m1",-0.207927637799269,0.103708152821809,-0.33818735990703,0.57314934945797,0.625630147859563
50,531,"s8","m1",-0.186737302948713,0.0481097277791392,-0.357477486799015,0.499834502811431,0.28808354627256
51,541,"s8","m1",-0.172946859982594,0.129341638769639,-0.136560490500507,0.484768553302712,0.123483841329953
52,548,"s8","m1",-0.0798521636670215,0.23211177085525,-0.0542154384374859,0.639905060840969,-0.007303835424144
53,551,"s8","m1",-0.0314620277302629,0.244162950555972,-0.010505509247791,0.590298077463686,-0.697836592806334
54,558,"s8","m1",-0.179832143387568,0.132408103107182,-0.116740347885266,0.439793291233184,0.25015968846828
55,570,"s8","m1",-0.0728016355443278,0.194158908508145,-0.0276216121777947,0.582573755398779,-0.666177215208714
56,573,"s8","m1",-0.154501283290523,0.129499687382843,-0.172254137532544,0.567375174096389,0.150377699889137
57,603,"s8","m1",-0.0340511230395481,0.199308220105119,0.122592702276079,0.626758670385707,-0.268490419870489
58,617,"s8","m1",-0.105785387821832,0.205752528777913,0.0239317237554735,0.603580654352334,-0.044817333019877
59,630,"s8","m1",-0.127456757131509,0.220269556182959,-0.222634297194428,0.630381819745076,0.0342382372978181
60,636,"s8","m1",-0.104156834833543,0.188649577221681,-0.0991548230222762,0.482471684237701,-0.360782840085468
61,669,"s8","m1",-0.199045556956163,0.130665440016188,-0.143765227884037,0.502103693714738,0.230864389414548
62,680,"s8","m1",-0.08871918650057,0.157152817741579,-0.313665381050032,0.570988787135882,-0.240830093984397
63,691,"s8","m1",-0.0744996392436238,0.189537296388993,-0.0396963046798154,0.574210271189206,-0.313043600454574
64,715,"s8","m1",0.0251251463014831,0.254051938068578,-0.109227434610236,0.659739863916961,-1.27235452218158
65,721,"s8","m1",-0.0664002554838158,0.231748894074922,-0.107305134793322,0.631496703089908,-0.318844936339073
66,735,"s8","m1",-0.141377032138276,0.154488580741013,-0.00438282810000625,0.58475529791707,0.020430863378102
67,786,"s8","m1",-0.0534228554164713,0.208030994417378,0.00716997494303847,0.557165554971223,-0.603343292314519
68,799,"s8","m1",-0.105828663253263,0.177048490564678,-0.0723888436263326,0.601301556598049,-0.295581730040826
69,804,"s8","m1",-0.10733752677085,0.214800132668789,-0.0463851231342071,0.651707947072892,-0.424804002875593
70,808,"s8","m1",0.036189712510548,0.256126609203453,0.221543404614001,0.683828947058736,-1.13086507445784
71,811,"s8","m1",-0.21331327614457,0.118829428281043,-0.196092552283347,0.458917353056151,0.435189197211381
72,821,"s8","m1",-0.0877924000145139,0.24192514001261,0.0172571479471392,0.622047353198598,-0.581131716610982
73,829,"s8","m1",0.00898524472381164,0.261680899551449,0.0200604418649339,0.610979135832253,-0.917370591626817
74,834,"s8","m1",-0.187679269726225,0.175648485925152,-0.251057783740642,0.622553416836999,0.550496812474913
75,839,"s8","m1",-0.0772086871351597,0.213930711286133,-0.0129153116904196,0.636162913179326,-0.445176173302452
76,841,"s8","m1",-0.19213267056944,0.138677558229958,-0.350002823777643,0.517062208492243,0.157767264917653
77,881,"s8","m1",-0.117031898208597,0.163164754354569,-0.243575329668067,0.574782581828022,-0.071231928837879
78,904,"s8","m1",-0.114507272461618,0.255028701705032,0.00565488030530419,0.573058945038517,-0.998658169639962
79,925,"s8","m1",-0.0336385088437578,0.253294307384576,-0.143450712946476,0.642953556394908,-1.43766489103472
80,949,"s8","m1",-0.104899161657789,0.1677992589919,-0.178648450735615,0.612226336155583,-0.187863895717802
81,953,"s8","m1",-0.165195336467541,0.135018512424206,-0.0349292256932228,0.559835620674499,0.174888620109953
82,979,"s8","m1",-0.141257152078281,0.16049595452592,-0.0110941221980848,0.576092278542598,-0.0936696378752397
83,981,"s8","m1",-0.177999321650362,0.134205058275156,-0.259709178891846,0.476087097890119,0.076342583543326
84,987,"s8","m1",-0.0811225045437013,0.206005171722361,0.0761042383629799,0.580116921687552,-0.049427234704729
85,1008,"s8","m1",-0.0896064833263734,0.172358337261666,-0.0791339855351083,0.491833429209694,-0.329493042499075
86,1014,"s8","m1",-0.146095320456968,0.210420687857231,-0.0362119942485638,0.58469739214344,-0.090419653807784
87,1044,"s8","m1",-0.113275570963408,0.207696009905338,-0.252259954153179,0.532750364863633,-0.263761015355219
88,1060,"s8","m1",-0.075817803139955,0.231405036119322,-0.0144855406835961,0.592941696342573,-0.353743307701702
89,1065,"s8","m1",-0.0806854951579833,0.211734678981457,-0.0365576099819896,0.552134346917173,-0.493944105043728
90,1066,"s8","m1",-0.135101751144495,0.171596093833762,-0.0571756648949725,0.473490986029621,-0.426895436870085
91,1068,"s8","m1",-0.063085396732383,0.265324226583168,0.0925552356721197,0.644776938111513,-0.712866921122473
92,1101,"s8","m1",-0.110103307170938,0.212129434893457,-0.163075002248963,0.56575166193361,-0.0342256269472332
93,1107,"s8","m1",-0.173918227675478,0.0848026946572343,-0.283418044984634,0.415146959681756,0.0973053333420289
94,1162,"s8","m1",-0.123287127521337,0.247479412835941,0.0342523719630922,0.644053503322238,-0.1025740692728
95,1193,"s8","m1",-0.125150800221565,0.163071476615949,-0.0290394089024689,0.588799581117862,-0.127031496858354
96,1212,"s8","m1",-0.121255033975094,0.211012937574853,0.103607273368075,0.623146113286995,-0.0448056152765637
97,1213,"s8","m1",-0.105383744249073,0.212755997073018,0.11070115963513,0.687597208277639,0.0506959273495251
98,1227,"s8","m1",-0.120548165971537,0.203391285881512,-0.0356300317173814,0.531545259132084,-0.354848579924787
99,1257,"s8","m1",-0.0423107873255874,0.218754206780545,-0.039360277091533,0.638366409139398,-0.515070817776317
100,1268,"s8","m1",-0.0648359460910672,0.267745149925278,0.142555938048062,0.623329003504713,-0.252342436172513
101,1275,"s8","m1",-0.212324250746024,0.109406155190476,-0.124839885803086,0.512405485063526,0.542959417450416
102,1296,"s8","m1",-0.11256035063974,0.186170532772509,-0.133791451664851,0.577667303763073,-0.684662467405674
103,1319,"s8","m1",-0.203862266193029,0.174027535178397,-0.145562067807552,0.488222173182943,0.533191433996466
104,1340,"s8","m1",-0.155057540360285,0.192216373485285,-0.218718412440798,0.563319937768315,0.104897930588813
105,1345,"s8","m1",-0.205162423886448,0.115192670634357,-0.208534722240004,0.536503045614948,0.100375172260757
106,1346,"s8","m1",0.0487508522298639,0.309473630804639,0.0893698630429962,0.641598373713459,-1.92558851342001
107,1391,"s8","m1",-0.0297568892373124,0.223357668632184,0.140614743802725,0.601769478870592,-0.642261364305084
108,1392,"s8","m1",-0.132260045369867,0.181089432876142,-0.0589891680690672,0.513939340332277,-0.0562113184781922
109,1393,"s8","m1",-0.135978133707119,0.191541439593157,-0.094717680357183,0.651416186350753,-0.0402078329775639
110,1411,"s8","m1",-0.147571191408229,0.142667695360727,-0.211691800329978,0.583114875788654,-0.0741011364324022
111,1444,"s8","m1",-0.149499464263897,0.215702868075435,-0.0268639422145473,0.488789553556432,0.0616477661982202
112,1446,"s8","m1",-0.144707723576348,0.177606490386398,-0.217754977731479,0.633315316049416,-0.0572924980345185
113,1457,"s8","m1",-0.079542361956239,0.193923329930409,-0.0977510426713179,0.55315333546751,-0.18527795914716
114,1466,"s8","m1",-0.039343065909517,0.234283346968778,-0.0642998170656849,0.685280358203635,-0.559552303568774
115,1474,"s8","m1",-0.188455386696651,0.131882794134954,-0.252885623407714,0.492009606152095,0.32919507493005
116,1508,"s8","m1",-0.175751497081176,0.119311883086237,-0.411650895349727,0.434889242968906,-0.201735704873455
117,1509,"s8","m1",0.000793970436141638,0.280702806218239,-0.0273762722076977,0.683457464584672,-0.899304467375468
118,1512,"s8","m1",-0.249141147723408,0.0928526584378012,-0.155231272442472,0.476291132144248,0.963584710977728
119,1514,"s8","m1",-0.0503085855307711,0.243877134493425,0.0568318272061469,0.636280653827619,-0.768760255130592
120,1519,"s8","m1",-0.140054912568547,0.189335479767511,0.0406137588828027,0.553056129039696,0.369790859794594
121,1559,"s8","m1",-0.0135719648008093,0.208207321934527,-0.147732479927409,0.598321665594606,-1.18706355321774
122,1584,"s8","m1",-0.0275334968790226,0.196066493307892,-0.0482558820691793,0.511873944088989,-0.526295585983988
123,1594,"s8","m1",-0.0887802700409772,0.130328940747942,-0.222300273901229,0.49716491029105,-0.145366278252544
124,1618,"s8","m1",-0.191815586849407,0.190338711945212,0.0146112201108225,0.641092401908316,0.342740294414296
125,1631,"s8","m1",-0.097598832339985,0.193444152272964,-0.216014926931806,0.6443416367737,-0.0874304031838554
126,1634,"s8","m1",-0.11699534650595,0.166796924335284,-0.142546070271758,0.638301737997739,-0.029090467761778
127,1640,"s8","m1",-0.0906253060821225,0.195123914730783,-0.17301827356358,0.624482796593099,-0.56786697850069
128,1646,"s8","m1",-0.196906910471181,0.183198733958235,0.0396497305546145,0.577268750476247,0.41292448736554
129,1659,"s8","m1",0.0422114955585672,0.257906403122379,0.149107525316382,0.674795392118438,-1.11397118445812
130,1680,"s8","m1",-0.0138881224217571,0.23770529103184,0.126873567087708,0.623389310950005,-1.31038976912778
131,1691,"s8","m1",-0.0979895500817486,0.239315973934229,-0.0635144846785108,0.63136124394498,-0.107948328160965
132,1693,"s8","m1",-0.0757812016490156,0.235665368313252,0.0204764965314344,0.529794579762345,-0.725192446788169
133,1705,"s8","m1",-0.092532149959425,0.208808388636315,-0.0333068306068157,0.648477752584681,-0.160052047799059
134,1707,"s8","m1",-0.174438196118425,0.107162162728619,0.0113557821425164,0.564603496611853,0.304166887434324
135,1718,"s8","m1",-0.0525537796379051,0.207990115549146,0.0399208540090094,0.558110340218594,-0.582761384520682
136,1719,"s8","m1",-0.0544401102221744,0.251794991809376,-0.0276735576654513,0.626613310011999,-0.432741762975132
137,1722,"s8","m1",0.0295754879670354,0.297998785853036,0.152155898184784,0.729050567078342,-1.13046071149989
138,1748,"s8","m1",-0.175074362905323,0.110887641926827,-0.455163494289987,0.491685782422479,0.14563874335744
139,1757,"s8","m1",-0.201576177013107,0.120453070832327,-0.150420158542755,0.517689297792207,0.483948323738843
140,1797,"s8","m1",-0.098036496228757,0.225557521588745,0.0116959360909412,0.550119925417544,-0.440618276460154
141,1800,"s8","m1",-0.154072524740225,0.202249485779885,-0.140825968037471,0.615737173687638,0.288463067783515
142,1805,"s8","m1",-0.130899024646695,0.125740148864477,-0.229789754869318,0.542770119726788,0.396283867335731
143,1807,"s8","m1",-0.00487939193810127,0.217641030667683,0.102775007159549,0.666051832966183,-0.713425151296341
144,1810,"s8","m1",-0.108602630173178,0.259916746344982,-0.0506068829209669,0.595081142307512,-0.426366027984711
145,1830,"s8","m1",-0.0962189087377491,0.199381395777608,0.0768840937242831,0.574112083571472,-0.0587434402758127
146,1835,"s8","m1",-0.145748449379571,0.115091135096447,-0.228415745077034,0.573360956466778,-0.0404241511781049
147,1837,"s8","m1",-0.0420457231580386,0.319073471566744,0.119041420420045,0.666687330508385,-0.886751293256568
148,1845,"s8","m1",-0.201391688447298,0.133470037410221,-0.349479143781883,0.499597092404305,0.0881059502890806
149,1851,"s8","m1",0.00805927824543694,0.244117927949282,-0.021045710705885,0.606312281089253,-0.548777008231954
150,1859,"s8","m1",-0.184767610628661,0.16166828334037,-0.172779494370792,0.462261538805297,-0.287952015980623
151,1867,"s8","m1",-0.22760881761922,0.149709473785886,-0.170652950957127,0.543677046472683,0.687787926954754
152,1892,"s8","m1",-0.0563290113929052,0.198516975816113,-0.0539233405425164,0.520416872592604,-0.617244805326416
153,1896,"s8","m1",-0.0872490580507648,0.200853481052321,-0.104535989294032,0.597795875667337,-0.334877940123094
154,1942,"s8","m1",-0.0350831901014622,0.262242603093178,0.0751560826245433,0.719853937082723,-0.390251673973483
155,1945,"s8","m1",-0.0775719417339568,0.280811560568317,0.145797278598402,0.625445213486934,-0.374560507483586
156,1954,"s8","m1",-0.22509211783987,0.0666217172938849,-0.34359008179659,0.524898941190916,0.579740177090717
157,1960,"s8","m1",-0.114321465552448,0.196392900072472,0.0408568548924378,0.558974688387295,-0.367174612393863
158,1964,"s8","m1",-0.130431410342018,0.198960887245397,-0.111943273616387,0.63273642665233,0.0256220373048786
159,1969,"s8","m1",-0.0132398552074847,0.220098808567329,-0.140860445200671,0.60272578660945,-0.9105127918725
160,1983,"s8","m1",-0.109731227854958,0.19169253488836,0.111338534683245,0.674386728443041,-0.0600536975734948
161,1987,"s8","m1",-0.080007785311906,0.142329201270994,-0.371258493053944,0.60555724171744,0.104840954254756
162,2003,"s8","m1",-0.141182064902693,0.146359103023985,-0.079854438431993,0.54149987278935,0.137462936135864
163,2020,"s8","m1",-0.0233699343500344,0.264134184656401,0.00236317758939722,0.654031445470669,-0.863541784767645
164,2031,"s8","m1",-0.0473061886762263,0.253807398404899,0.0447395491688414,0.600053051888598,-1.10050662708907
165,2045,"s8","m1",0.070120040327072,0.261733587451789,0.0180223807049164,0.643625546807857,-0.899712533296725
166,2056,"s8","m1",0.0582511883460974,0.254250868969541,-0.0353309108938005,0.605468487676589,-1.04185896317251
167,2060,"s8","m1",0.0596727140760072,0.408763857102747,0.270708232781103,0.739037555182912,-1.80323480757435
168,2063,"s8","m1",-0.150193452663485,0.229642571297846,0.117237205949172,0.625017384354764,0.11312901419737
169,2096,"s8","m1",-0.0546990335638407,0.251814549874457,0.0127339008350239,0.613838681131327,-0.0882754477662731
170,2113,"s8","m1",-0.0758131959632172,0.233668053512677,-0.0674967905647022,0.581034983436557,-0.459753377858971
171,2116,"s8","m1",-0.136729094176963,0.203506321849939,-0.110241674741896,0.540316256125531,-0.264319635868926
172,2136,"s8","m1",-0.21836773083096,0.028883436986873,-0.281805565551568,0.498841727375866,0.716538021534753
173,2164,"s8","m1",-0.027640875666661,0.210621261927648,0.0151416207635609,0.631954986924015,-0.541262963766893
174,2183,"s8","m1",-0.186203398126399,0.126958891730888,-0.365113091847187,0.546970994441928,0.3313960218434
175,2184,"s8","m1",-0.0972157448782569,0.179363547955479,-0.0579023188075529,0.624550599197031,-0.119641909422045
176,2191,"s8","m1",-0.21343059288915,0.169893349313662,-0.160908645755077,0.485257546868953,0.489535644396732
177,2193,"s8","m1",-0.0592562299178009,0.26075818855399,0.072059959553448,0.606111665952121,-0.4601213217542
178,2201,"s8","m1",-0.15496800446685,0.166500158886627,-0.0455107326913943,0.47790931349712,0.210301498509157
179,2203,"s8","m1",-0.249104457191668,0.0246934880699434,-0.510234666097234,0.424317046913209,0.587915337616025
180,2204,"s8","m1",-0.111945753154228,0.171686334828824,-0.298412903029546,0.603432706252365,-0.127032015203171
181,2208,"s8","m1",-0.23068814803816,0.093461332834438,-0.414685444104147,0.46069078446128,0.791564369758976
182,2216,"s8","m1",-0.136457634217247,0.216273081671136,-0.0741799750964726,0.675319610237559,-0.043749891019393
183,2234,"s8","m1",-0.104959956208632,0.172090491502658,-0.217007355346182,0.498837875137924,-0.409350485692682
184,2236,"s8","m1",-0.127235716035724,0.228319449154896,-0.0642495638000043,0.549989067439094,-0.318699451753683
185,2238,"s8","m1",-0.0464178485974308,0.189446971794309,-0.0683145010978327,0.591233160023182,-0.339294997792746
186,2239,"s8","m1",-0.0911551031995374,0.210574253979222,-0.112202477532529,0.590700815722049,-0.14885170084699
187,2252,"s8","m1",-0.0558791279751728,0.227302562669196,-0.0794351100913713,0.568576969871914,-0.813437445978612
188,2258,"s8","m1",-0.202693626176001,0.177852840718055,-0.260884356900058,0.519886255307055,-0.218190848593498
189,2259,"s8","m1",0.016020971049465,0.302314015653934,-0.0818292642529196,0.666647254123341,-1.20115719822471
190,2263,"s8","m1",-0.120942166591606,0.127002342503302,0.0251200011980466,0.470327466181265,0.00284229045900963
191,2265,"s8","m1",-0.0803497933992265,0.179340353838209,0.0119971439016183,0.599460124900489,-0.306269038723814
192,2271,"s8","m1",-0.059344983445596,0.214771260761039,-0.198201204550563,0.659290037860446,-0.711668671451683
193,2288,"s8","m1",-0.132855058542299,0.193166492881487,-0.0913611751368071,0.530344480679883,-0.00616221419117237
194,2291,"s8","m1",-0.194589484889006,0.175758241949512,-0.258477136583601,0.512618827213767,0.394887192044431
195,2300,"s8","m1",-0.15243796029005,0.211041945807741,-0.0116441481283347,0.5360588986452,0.283315042748096
196,2308,"s8","m1",-0.0279903282954341,0.253599903430625,-0.0548786600037856,0.650915639301508,-0.465430713627111
197,2334,"s8","m1",-0.227716797259516,0.104874010856911,-0.280546325222579,0.493412814871412,0.138640693897325
198,2340,"s8","m1",-0.128061583449596,0.184386551140269,-0.238040568586179,0.622543064466213,0.161321209060216
199,2341,"s8","m1",-0.0807210887645057,0.163936041595946,-0.165047164749658,0.565072461090684,-0.314748514333645
200,2351,"s8","m1",-0.021665066850024,0.166444770093244,0.174223003269354,0.714405007395728,-0.517726526993269
201,2359,"s8","m1",-0.109055073685119,0.220892141965648,-0.0664652874128116,0.635605502472626,0.0830804261359872
202,2364,"s8","m1",-0.269677520918761,0.116317231526623,-0.333105215786932,0.5003344706918,0.618195235564509
203,2369,"s8","m1",-0.183157120638675,0.261392417504028,-0.0357856369830009,0.51930910244692,0.281440517607742
204,2377,"s8","m1",-0.0571528960629417,0.251463738262427,0.113707246557358,0.700195257722528,-0.283188074498838
205,2405,"s8","m1",-0.125210612437779,0.124885032507677,-0.203045921461354,0.529296511011885,0.489136276279884
206,2422,"s8","m1",-0.200098206091951,0.107372182958906,-0.457504683863398,0.433644565311373,0.186761277264641
207,2423,"s8","m1",-0.129345420467489,0.189140809053845,-0.0694498623745352,0.627321086961027,-0.141294256517282
208,2426,"s8","m1",-0.023488319084542,0.289267373028675,0.194203866516929,0.744579020284114,-0.723530963222479
209,2427,"s8","m1",-0.164924719834454,0.16734859456773,-0.141508660449759,0.463363070461146,-0.221064790159394
210,2459,"s8","m1",-0.0966682854065611,0.241983465062841,-0.0204395249826392,0.643904688230762,-0.201188186301565
211,2480,"s8","m1",-0.0862965890420267,0.122492558777043,0.0554260938746107,0.548811762396529,-0.304050832168412
212,2496,"s8","m1",-0.117282939909596,0.222860020694254,-0.00999437012005579,0.501242032810646,-0.67859004022256
213,2520,"s8","m1",-0.104527416975,0.195175318535576,-0.097788565469189,0.519878295828831,-0.61402375687781
214,2556,"s8","m1",-0.0887883193867527,0.176050637163128,-0.067804282865221,0.556459620691916,-0.191675155886947
215,2573,"s8","m1",-0.0855624882208901,0.287083340172946,-0.0847352608333387,0.656032291523676,0.121373204525333
216,2576,"s8","m1",-0.00741764812412993,0.216021852754744,0.139567831548302,0.5675243312172,-0.407874422701916
217,2581,"s8","m1",-0.0994909589641303,0.227676396206638,0.0508418425975963,0.577944153954465,-0.467342160545839
218,2589,"s8","m1",-0.0437406851422657,0.194617335055908,0.130037345455985,0.590429045308556,-0.295493364956422
219,2598,"s8","m1",-0.0236608540335398,0.291573458903758,0.14197062576954,0.611902338711562,-0.916160509393053
220,2602,"s8","m1",-0.00897202545978502,0.272801032434397,-0.00533880717282797,0.651429332298637,-1.49563108230752
221,2612,"s8","m1",-0.0936491018094162,0.245665316917859,0.0290310960287197,0.571510847466256,-0.411345233315432
222,2621,"s8","m1",-0.0375595026497387,0.274279811398616,0.185365567034801,0.700929969325533,-0.476310695150107
223,2626,"s8","m1",-0.147242654728949,0.19701973703226,0.133257614869966,0.579545579058661,0.21389711915601
224,2627,"s8","m1",-0.158765891156185,0.174259549969658,-0.206957241759642,0.579078478691341,0.106987517114672
225,2629,"s8","m1",-0.00218296219540963,0.29392343451575,0.00986999269921593,0.664567238023024,-0.800542991674797
226,2643,"s8","m1",-0.0769170404996246,0.225290046982846,-0.0699066507862735,0.59806764250706,-0.521689372261583
227,2650,"s8","m1",-0.176403473173155,0.181531908579738,-0.0261539610834849,0.554361888883506,-0.454291610467783
228,2660,"s8","m1",-0.0621535264691958,0.275219274908375,0.141037771006895,0.58025084830454,-0.694344781518164
229,2663,"s8","m1",-0.163578446662682,0.14803220331427,-0.377970854488445,0.587655766706712,-0.162865007733128
230,2668,"s8","m1",-0.300432659650114,0.044179370906692,-0.684344482315735,0.453237718111142,0.719815200783546
231,2679,"s8","m1",-0.075879242727555,0.226885650329679,-0.0595400145919358,0.57672957709184,-0.850937268970051
232,2681,"s8","m1",-0.195548964759623,0.180801811077925,-0.0330146520771596,0.52055346890716,0.589658531315303
233,2686,"s8","m1",-0.0954226174196036,0.223190180179147,-0.0322844028529659,0.555176378515755,-0.443119868024471
234,2690,"s8","m1",-0.148678987503897,0.18587903693945,-0.211512567170825,0.589935934104427,-0.251169261975833
235,2711,"s8","m1",-0.00537562003157845,0.283304544195271,0.0955397270395033,0.682233407748428,-1.21782525715332
236,2716,"s8","m1",-0.12820864917234,0.201194756251954,-0.0646745363964572,0.555349143078358,-0.0598723842800067
237,2723,"s8","m1",-0.236387593072557,0.108613228212697,-0.316681166335065,0.472559980881428,0.38647684345146
238,2733,"s8","m1",-0.0333709976319356,0.248634656584967,0.149897116789184,0.684328618828383,-0.3583184028383
239,2743,"s8","m1",-0.141161100641336,0.196528959260662,-0.0719785278760256,0.530981229735934,0.0409237870066159
240,2750,"s8","m1",-0.226191948089206,0.112947920112282,-0.115475205087977,0.437698090515243,0.043505470899934
241,2764,"s8","m1",-0.141356926528282,0.147983494021372,-0.0857926049557212,0.545524689379128,0.0454971049412681
242,2778,"s8","m1",-0.110613757495436,0.238629744751376,0.0118863263086551,0.672235928897301,0.155693145588234
243,2781,"s8","m1",-0.181593876354337,0.187136325432256,-0.4227721485331,0.602008487795106,-0.132518996063308
244,2824,"s8","m1",-0.0302797665098493,0.255126997583278,0.064369328916817,0.547587379096337,-0.696535558306911
245,2836,"s8","m1",-0.104242762311747,0.204188449990524,-0.0380618090081477,0.567707663559712,-0.177465122957052
246,2839,"s8","m1",-0.216578611585572,0.137681505281736,0.0786419750211166,0.522927306067784,0.309631321424564
247,2858,"s8","m1",-0.158965337893976,0.15189102793832,-0.221456413741206,0.507897314198965,0.0289375321568985
248,2865,"s8","m1",-0.113561208049451,0.21905305786497,-0.0382054338288494,0.562083487941653,-0.40414673632863
249,2874,"s8","m1",-0.0967785793931586,0.190015068924185,-0.0251673212314937,0.590605798553718,-0.41125114179013
250,2880,"s8","m1",-0.226080742630018,0.0628498718604436,-0.0942387968581015,0.489320245127743,0.187609566062992
251,2899,"s8","m1",-0.0196526269168158,0.240155694377507,-0.0867284591096016,0.679402111932453,-0.660913633038634
252,2914,"s8","m1",-0.192065117621346,0.191279856987747,-0.145575456011316,0.566802558117741,-0.110750089473169
253,2935,"s8","m1",-0.194222093727577,0.194472690714212,-0.231027950774888,0.627064140813679,0.240160140117113
254,2943,"s8","m1",-0.214642797632078,0.174038201613045,-0.295884522416205,0.544398237473521,0.536937703448523
255,2980,"s8","m1",-0.180726780589399,0.137746840093029,-0.2430801900414,0.613762581953228,0.241816310477107
256,2986,"s8","m1",-0.05574340507651,0.228152832559058,0.0193871834525314,0.625369702034529,-0.421079026808268
257,3031,"s8","m1",-0.136603494581787,0.17838263616379,0.0187740935550246,0.520294636260788,-0.155501429219546
258,3033,"s8","m1",-0.073473809943958,0.229014298098891,-0.0255253538348141,0.616282272407509,-0.301157514259234
259,3044,"s8","m1",-0.133981243334447,0.108055776618767,-0.0983889806026177,0.495440102423646,0.0879569289602193
260,3084,"s8","m1",-0.00587095326335838,0.261571379350782,0.150897951118566,0.659591592019651,-0.94473199223651
261,3091,"s8","m1",-0.0646957323341911,0.13545523985514,-0.272200276695187,0.647162219445689,-0.0863262179254751
262,3116,"s8","m1",-0.0640364194434444,0.210284219771958,-0.163286961660213,0.640341556055169,-0.313490792274138
263,3117,"s8","m1",-0.180179138920709,0.183364078582914,0.029565648849072,0.605676467577991,0.637814437828187
264,3123,"s8","m1",-0.134468334457403,0.117725818681115,0.0635927882099221,0.549032315414044,0.134137458913991
265,3127,"s8","m1",-0.173409320860475,0.184188547273733,-0.166135100835093,0.474019835059244,-0.119533914925492
266,3136,"s8","m1",-0.0929806799345021,0.205511250990826,0.223447281265535,0.663913005148006,0.272238511653075
267,3141,"s8","m1",0.0775803782791211,0.283279862000833,0.215150439833078,0.687941915788309,-1.45148847047218
268,3153,"s8","m1",-0.204824983940075,0.165418044049949,-0.186083892023602,0.478346853808042,0.35583173076223
269,3178,"s8","m1",-0.163361243054346,0.159453234432363,0.0300231277411804,0.554503300984643,-0.0448592714543416
270,3183,"s8","m1",-0.146588799473568,0.184718429827907,-0.121313642966051,0.589003603252374,-0.0383234565439394
271,3185,"s8","m1",-0.127847627099235,0.236333557672295,-0.0497591789799056,0.535245380939108,0.0802722909284812
272,3219,"s8","m1",-0.126702554512688,0.16808867497494,-0.0560889993837185,0.672897609269155,-0.0144895482764788
273,3223,"s8","m1",-0.1727167484355,0.192674590971485,-0.271902415390124,0.577847349816962,0.0453031709560111
274,3237,"s8","m1",-0.162157939459388,0.206853180839173,-0.321463234453921,0.632984056353532,0.33408508728689
275,3258,"s8","m1",0.0624184735316607,0.323993519409346,0.295747815937059,0.706005081196288,-0.990369342371931
276,3259,"s8","m1",-0.0793869936016466,0.275424029136304,-0.0291491294575052,0.637230017243475,-0.10605943781733
277,3260,"s8","m1",-0.0269818014386344,0.219127654770061,-0.180893187563636,0.629551834558295,-0.496624963335345
278,3277,"s8","m1",-0.141697512927007,0.134572623988875,-0.245556449395903,0.614663499889075,-0.0140447232563291
279,3293,"s8","m1",-0.237713746871953,0.054625449395676,-0.259970434441353,0.55594126787504,0.743167399097109
280,3346,"s8","m1",-0.1692044498747,0.165356063771362,0.0431179757284501,0.578023373523604,0.219854088566199
281,3347,"s8","m1",-0.00112503045881246,0.233584772799761,-0.0984710336722379,0.589317347792086,-0.877488733796794
282,3349,"s8","m1",-0.0377381730726339,0.25264508095553,-0.0190969422199651,0.673639886330286,-0.456015056551368
283,3357,"s8","m1",-0.100528684363472,0.235689339828711,0.0326179467630253,0.642380914155206,-0.3586204356179
284,3361,"s8","m1",-0.129295614454755,0.135617465821695,0.0255503636456447,0.547865317055485,0.2517220482649
285,3362,"s8","m1",-0.0762882855469154,0.238651605064042,-0.0244058648875078,0.537050888812494,-0.657468174503573
286,3364,"s8","m1",-0.00616236684154475,0.270066643874139,0.090893874779834,0.714009641773592,-1.09506709957777
287,3369,"s8","m1",-0.170671230035126,0.204067123875683,-0.182161686319433,0.582783313289548,-0.00512849712726632
288,3370,"s8","m1",-0.0571108934589414,0.202457637415596,-0.0171766471577949,0.608986204586916,-0.44901217529446
289,3379,"s8","m1",-0.0971105519239196,0.204607100330212,-0.165581868361629,0.527211109670353,-0.417110367816463
290,3386,"s8","m1",-0.108915954031825,0.188915334730372,0.0071883623088188,0.507328960342253,-0.211377787589445
291,3394,"s8","m1",-0.0760803198020393,0.204490041259478,-0.177535048438497,0.606644540464589,-0.301868892781036
292,3407,"s8","m1",-0.139467153313354,0.119480109514362,-0.463062224777849,0.499868900698486,-0.13942563604701
293,3408,"s8","m1",-0.155719531141134,0.167673139370965,0.0140636342465396,0.593076524402176,0.0296404570490405
294,3421,"s8","m1",-0.0921619424743026,0.240541869991918,-0.0371058722242344,0.615055066717792,-0.155375151685047
295,3424,"s8","m1",-0.141887107998851,0.150573677536449,-0.161029552793853,0.561250969780255,-0.0307226571695962
296,3437,"s8","m1",-0.120099939262434,0.193356858837036,-0.0678872310349553,0.513946398752106,-0.460347445876755
297,3443,"s8","m1",-0.172302455174016,0.159114910267382,-0.269018101393228,0.616320815043203,0.444742737023958
298,3463,"s8","m1",-0.0864860564630924,0.265218336636584,0.0661744152671579,0.685363862545212,-0.026092835476944
299,3469,"s8","m1",-0.0673978671577252,0.181012309957938,-0.0209194710189898,0.677650585529641,-0.215523373513812
300,3484,"s8","m1",-0.0270211406246544,0.307615356558322,0.09057567960308,0.692103248864666,-0.775400946525983
301,3491,"s8","m1",-0.0494646741806587,0.291076814536872,0.0455711907564288,0.636064359278441,-0.89380169538439
302,3513,"s8","m1",-0.119107323419506,0.167120299556399,-0.0354924391035615,0.589416295488798,0.117552939141559
303,3515,"s8","m1",-0.09952926102228,0.115584148248994,0.00520431594464344,0.498031078798002,-0.045286729296034
304,3518,"s8","m1",-0.132658951025659,0.179047099298099,-0.0828552833089844,0.51650807839861,-0.081149745506445
305,3530,"s8","m1",-0.0206563331860388,0.286627218960535,0.118649394456705,0.657499532553158,-0.377211625555307
306,3535,"s8","m1",-0.165362843601565,0.103526310220673,-0.258528565593561,0.539860730280327,0.158678723156958
307,3539,"s8","m1",-0.108890517117902,0.220366303818025,0.0387581314756575,0.529661840739199,0.0977585079256991
308,3559,"s8","m1",-0.163232228517932,0.220016752453286,0.0727920261459728,0.603601038371042,0.341032569673923
309,3594,"s8","m1",-0.140488158948179,0.246611888547704,-0.282735971821273,0.583831985298565,-0.360600127033538
310,3597,"s8","m1",-0.175496157550384,0.19293887467707,-0.20759946712316,0.576151895649903,-0.0670513485741094
311,3631,"s8","m1",0.037323562927677,0.297098981251195,0.0846540699210124,0.698552840540841,-2.3524001058854
312,3647,"s8","m1",-0.0430581452515696,0.249678638268558,0.0123786275541525,0.634390090358664,-0.469952250538923
313,3661,"s8","m1",-0.118245887009863,0.210144592602513,-0.0833451838291971,0.614687373344217,-0.476314735701285
314,3669,"s8","m1",-0.0404093729646966,0.217908973307714,-0.0856468531829799,0.606194523062353,-0.638758890330063
315,3675,"s8","m1",-0.182649569657593,0.132353830701684,-0.115178330025792,0.586952025059712,0.333334160213013
316,3700,"s8","m1",-0.141581195509025,0.187804772848195,-0.166761819599195,0.568920428802533,-0.056157872129726
317,3715,"s8","m1",-0.0718291727403642,0.199030681996452,-0.0636211211771781,0.54326918872876,-0.635847970168409
318,3717,"s8","m1",-0.0693445534901809,0.225905260836748,0.194296843922783,0.672064463452265,-0.0876181451774856
319,3738,"s8","m1",-0.153600456138253,0.165997320905678,-0.0533591049248919,0.556888917374734,-0.0280117892181006
320,3774,"s8","m1",-0.206057489228462,0.116356731345425,-0.0859893801308761,0.530528326376455,0.314654861916538
321,3776,"s8","m1",-0.21868215556826,0.144926287338795,-0.15020303274912,0.490145630777306,0.198714212505018
322,3787,"s8","m1",-0.201235428143914,0.04441316289669,-0.542091366737978,0.46962582739323,0.935453745222357
323,3804,"s8","m1",-0.139869580920901,0.181852248229289,-0.112152956097554,0.576103097433616,0.199342976290503
324,3835,"s8","m1",-0.120947203438159,0.211321628654722,-0.0616160510728492,0.572981855016742,-0.258473222600257
325,3840,"s8","m1",-0.0756876594217638,0.251116053559958,0.0390854371807898,0.68503171111123,-0.209299430731006
326,3872,"s8","m1",-0.05872181793766,0.265792607865118,-0.152211543765279,0.671437584210755,-0.639055329673463
327,3904,"s8","m1",-0.0677811616289637,0.216283883377503,-0.0897807120716592,0.674013459551506,-0.196777194998706
328,3908,"s8","m1",-0.121829322335104,0.226857574335341,-0.183016026938228,0.468122940589705,-0.238623253743098
329,3912,"s8","m1",-0.162593722347659,0.116770929563738,-0.221379453494321,0.559177539725523,0.593710785232651
330,3933,"s8","m1",-0.0255073422275723,0.291104812463361,0.263061928570973,0.675255938511566,-0.565671056338701
331,3943,"s8","m1",-0.198352496353685,0.162314138266367,-0.201684971012045,0.531637993978369,0.22450886181692
332,3944,"s8","m1",-0.102480867659608,0.241911742969609,0.0303554669547973,0.672863647346755,-0.132986163429892
333,3952,"s8","m1",-0.118609434158336,0.183963915446574,-0.229104199300727,0.662435838473244,0.0661264271459305
334,3969,"s8","m1",-0.128649016144828,0.10465463662155,-0.0496169729339979,0.557441487863613,0.00239421075167789
335,3989,"s8","m1",-0.0663787148760345,0.192564152500542,-0.136926513875812,0.604970228384282,-0.596912306646082
336,4001,"s8","m1",-0.194028254767862,0.145218591094239,-0.277039834192847,0.554462878271316,0.475554783191932
337,4012,"s8","m1",-0.215344200426292,0.163593122048376,-0.089729771442494,0.553795443808211,0.388223172494236
338,4015,"s8","m1",-0.0932543156471081,0.18052012275225,0.101621570603377,0.640630403070787,0.0713840483498422
339,4031,"s8","m1",-0.108322802557398,0.235370402872481,0.187610203629794,0.596541887934869,-0.324525798091625
340,4038,"s8","m1",-0.138282864738166,0.121334716117055,-0.134970532621955,0.599460716143313,-0.066996638820936
341,4060,"s8","m1",-0.13528968626542,0.187221111414084,0.0294980759369146,0.570245826426372,0.0140505059338118
342,4071,"s8","m1",-0.121428303595449,0.175039059307057,-0.204285811128177,0.631781318493937,-0.41519858922456
343,4074,"s8","m1",-0.112471420165757,0.218284529287301,0.033473489611147,0.533572155326763,-0.601369866227374
344,4076,"s8","m1",-0.069062252650654,0.249458050723199,-0.0191643034913893,0.560556616582793,-0.24847751302152
345,4099,"s8","m1",-0.0709278791344423,0.224508678289901,-0.104386493873731,0.61394599625157,-0.304158741539159
346,4107,"s8","m1",-0.137830863433065,0.101247768183291,-0.144684803105979,0.557214609779015,0.398004402812326
347,4108,"s8","m1",0.0385337204023694,0.220638978086708,0.0899716516242,0.668353659291027,-0.868563220419497
348,4109,"s8","m1",-0.154958437452386,0.182240196402377,-0.0629122998589883,0.612405053968161,0.0201417486207139
349,4149,"s8","m1",-0.13068157658244,0.120116046033193,-0.0487542800839159,0.538486850570506,-0.0213402308021725
350,4169,"s8","m1",-0.12122450166488,0.193546990452352,0.0162042348646525,0.482782571907112,-0.175973072744306
351,4195,"s8","m1",-0.0787541313472261,0.2306706740538,-0.114861869381198,0.636105150510505,-0.274139103164645
352,4212,"s8","m1",-0.141013888018115,0.16869313647916,-0.260017961145569,0.49897841475578,0.0706235370847663
353,4214,"s8","m1",-0.0997286836920118,0.180567783826222,-0.101280106436005,0.587412179414925,0.133474638029815
354,4217,"s8","m1",0.0211246595679035,0.290546684512654,0.0262461461292796,0.650118627133402,-1.2526993292273
355,4221,"s8","m1",-0.17624166254461,0.156966778794009,-0.108889874157432,0.52411592288864,0.205870575093079
356,4242,"s8","m1",-0.0499856797054225,0.286875822968074,0.0680682556480819,0.601126676709786,-0.770944887791097
357,4286,"s8","m1",-0.13102517210847,0.198715279584061,-0.207925882627647,0.469819590321111,-0.0348538471197153
358,4295,"s8","m1",-0.152748110871546,0.184222412601685,-0.214736313724971,0.636402120977653,0.0346635543088894
359,4298,"s8","m1",-0.0795162343016796,0.255721743421907,-0.169849840748302,0.621722127936176,-1.35331776028251
360,4313,"s8","m1",-0.135540082623769,0.118396189892344,-0.346875538590335,0.48010007759219,0.183064876032345
361,4325,"s8","m1",-0.0317461093582487,0.162106639389135,0.0129181867375784,0.639775835222964,0.0129145378223292
362,4330,"s8","m1",-0.110066888267494,0.172774372295068,-0.114818473236302,0.636121575436569,0.0454146172367881
363,4342,"s8","m1",-0.10803359125304,0.287308788342292,0.0344296181692851,0.68483538473273,-0.411130536746111
364,4362,"s8","m1",-0.0519468902654045,0.18009245551706,0.032235020547642,0.635788677059402,-0.464327843177703
365,4370,"s8","m1",-0.0542825541871354,0.226327272564408,-0.06569457858674,0.59307165514915,-0.572106849025074
366,4374,"s8","m1",-0.00660248063621847,0.301852116992418,0.0490838377777417,0.706548174229372,-2.29660278963101
367,4376,"s8","m1",-0.166821203494346,0.202968102300338,-0.137085107070458,0.545765679410555,-0.0423017709458031
368,4430,"s8","m1",-0.0903775079149181,0.253455736427154,0.065050442560173,0.63614938297355,-0.553835033589076
369,4436,"s8","m1",-0.104868844866236,0.204550171542322,-0.208830845020571,0.580015360618481,-0.343803818852684
370,4450,"s8","m1",-0.106240915358958,0.161500321651419,0.148399905033213,0.554435732570277,0.191027342743353
371,4455,"s8","m1",-0.236569400205313,0.0864844567797817,-0.00946601909342386,0.466388085857574,0.822325332649038
372,4487,"s8","m1",-0.137312293566061,0.175133469004222,-0.0494227261434942,0.5453180296621,0.0783243851001696
373,4523,"s8","m1",-0.115183732905921,0.0808848930813068,-0.273788836158475,0.505301943529127,-0.182973128135524
374,4524,"s8","m1",-0.112231960375526,0.124856316521378,-0.229520712150409,0.586541098591678,0.151011805161427
375,4539,"s8","m1",-0.146839040229105,0.219011744500094,0.0523072832140372,0.567796317528611,0.17410858970581
376,4550,"s8","m1",-0.113568202640027,0.158141734408862,0.0746342380217601,0.579777679392806,0.228245418146461
377,4564,"s8","m1",-0.15984824425089,0.191765405403434,-0.194887438031363,0.584476500653333,-0.534066672952267
378,4568,"s8","m1",-0.0406259501218498,0.29449620496936,0.152758995325962,0.652549863301857,-0.70068240773213
379,4572,"s8","m1",-0.180955657200974,0.129062603067163,-0.270499320984231,0.482559098076589,0.306266281556189
380,4578,"s8","m1",-0.104327838121211,0.142079362575928,-0.154584239212067,0.562941406521706,-0.1840899619674
381,4588,"s8","m1",-0.226975598384389,0.103592775032102,-0.216905096767239,0.448347689115856,0.268283257329594
382,4590,"s8","m1",-0.064306073499078,0.197578105648258,0.107152258718988,0.65675971134615,-0.744227516231267
383,4593,"s8","m1",-0.11460138672688,0.220403203055239,0.0452081015674361,0.548805751640937,0.0179730816805563
384,4605,"s8","m1",-0.0816766525668386,0.213282753364764,0.0744449612199228,0.634886238141891,-0.0921977338724493
385,4606,"s8","m1",-0.109267489036788,0.198194308883433,0.0290895357852592,0.482485862176658,-0.0902842687564509
386,4607,"s8","m1",-0.151965976044516,0.127771225243381,-0.32044718426695,0.508755578867697,0.389040425435592
387,4611,"s8","m1",-0.14783421881953,0.143229473814221,-0.167013699534206,0.513777709518096,-0.271650180477311
388,4627,"s8","m1",-0.0613785693455707,0.216895475772789,-0.0234314479852512,0.545008732005182,-0.43125301802266
389,4629,"s8","m1",-0.120297379448529,0.220824248204393,-0.0254462774231596,0.619859670226243,-0.536852291994767
390,4632,"s8","m1",-0.142764254076933,0.13058965594733,-0.114516149997345,0.439420825820731,0.215022839396976
391,4651,"s8","m1",-0.0702176553828487,0.233323480284019,-0.0936760028708626,0.60997901278507,-0.637781399482947
392,4659,"s8","m1",-0.06073996855478,0.260123143823046,0.127103966761924,0.647088125858514,-0.326597059809522
393,4662,"s8","m1",-0.00484461924659026,0.306975414378589,0.154710791786209,0.621758524209306,-0.844575930072436
394,4669,"s8","m1",0.0157817842586076,0.253947681759689,-0.0225131303950712,0.733217709051469,-1.71891934142397
395,4676,"s8","m1",-0.155210052478314,0.20349962456431,0.0937821650733479,0.566461893939028,0.142120404986487
396,4693,"s8","m1",-0.0803503621638513,0.230316160964992,0.106936377554434,0.625892744547055,-0.22024792029201
397,4695,"s8","m1",-0.0408073584970596,0.183655487266647,0.0605593551404479,0.637621381218515,-0.632457065873146
398,4701,"s8","m1",-0.165050610604107,0.1920203477971,-0.141435903644555,0.56290966467702,0.0268293931533855
399,4715,"s8","m1",-0.183314836482278,0.16085353606956,-0.279674217669734,0.457555511656391,0.587459092368768
400,4719,"s8","m1",-0.138599612014654,0.139338669730931,-0.176375383645293,0.576868695260814,0.181715488301913
401,4728,"s8","m1",-0.0662216129973121,0.155109717996794,-0.122816178836946,0.610855301724072,-0.140920804125212
402,4747,"s8","m1",-0.136419353684842,0.223103338221587,0.0063027041396564,0.580365497581054,-0.218688390857001
403,4748,"s8","m1",-0.0692520644265507,0.195303041546468,-0.0200346995230061,0.594786038733242,-0.319898025995847
404,4751,"s8","m1",-0.0389162538461789,0.234243381275091,-0.118057785747683,0.654832627522008,-0.926068606655338
405,4752,"s8","m1",-0.0312388889472784,0.219493352443403,-0.18749276480225,0.689877590867509,0.0295417936747674
406,4756,"s8","m1",-0.0932880204963238,0.204330661065649,0.00768789434419299,0.592679936180065,-0.0435486528532588
407,4769,"s8","m1",-0.17381507915748,0.120397487142075,0.0191801835835068,0.472306891918006,0.218782323523361
408,4790,"s8","m1",-0.147210791607267,0.133381966883476,-0.103734733369286,0.495598739377531,-0.134950418595567
409,4802,"s8","m1",-0.128464080453916,0.200879378959778,-0.0500118923906158,0.639873310339844,-0.246422022845508
410,4804,"s8","m1",-0.0592685999247522,0.185786231624735,0.084818682243742,0.561807611356869,-0.32552307722691
411,4811,"s8","m1",-0.0699388371106418,0.26130524461261,-0.056067939435073,0.608313891384538,-0.417460522048898
412,4817,"s8","m1",-0.149527802472404,0.164311780226981,-0.0907341522940515,0.595840982596657,-0.0428447709465641
413,4829,"s8","m1",-0.079255528589737,0.138818926811083,-0.0640644611621504,0.568102633755221,0.18253200375733
414,4833,"s8","m1",-0.0909782063014561,0.16909468402006,-0.0397912148891236,0.564961554823333,-0.20590222339223
415,4835,"s8","m1",-0.161779863577097,0.0689585078283911,-0.333477988786818,0.511325202064225,0.0250645099482586
416,4838,"s8","m1",-0.172751206525787,0.165461669498914,-0.199887328414583,0.544674741212026,0.0693153121830375
417,4867,"s8","m1",-0.264714739786216,0.111132910229971,-0.29361041029949,0.523482699234543,1.04960504230323
418,4879,"s8","m1",-0.130641651141977,0.168403444158363,-0.0956214041660155,0.549751710633995,0.0126102339603709
419,4885,"s8","m1",-0.0883768214980853,0.250542191977909,-0.0319641947395271,0.583214587685824,-0.341417166482766
420,4891,"s8","m1",-0.135817270908374,0.219679330291719,-0.150065915573821,0.54687104557857,-0.221808345964492
421,4895,"s8","m1",-0.132773341567081,0.190589067798342,-0.185647829166393,0.527378343896507,-0.949757672500791
422,4914,"s8","m1",-0.135257015093868,0.188393187568208,-0.435464879138098,0.595477947074045,0.180211981229913
423,4916,"s8","m1",-0.0795378846188545,0.280547262067991,-0.0471095281566011,0.622882129517896,-0.442857972604692
424,4923,"s8","m1",-0.25893649237838,0.131730783047177,-0.375950568199307,0.537965172774523,0.324725356714452
425,4937,"s8","m1",-0.177110744713154,0.158032215769748,-0.0814530544665709,0.621405484038861,0.242816658584612
426,4965,"s8","m1",-0.179425284386952,0.119677040054672,-0.350057301654673,0.526451166648104,0.295407907860973
427,4970,"s8","m1",-0.101200189951095,0.126542322781987,-0.068186906255896,0.494095681576195,-0.448704767264953
428,4982,"s8","m1",-0.0886000732039171,0.262122462091777,0.0708189595013769,0.654193686036395,0.144123848117889
429,5010,"s8","m1",-0.0805784787578693,0.237135066799294,0.052549831355724,0.641728407900028,0.161639796884324
430,5020,"s8","m1",-0.0989871162081173,0.147640095712509,-0.0559473296207715,0.466731482422894,-0.43856251041964
431,5022,"s8","m1",-0.0411398452549138,0.254320937533464,0.0473226077430839,0.72831746905074,-0.611858970961642
432,5032,"s8","m1",-0.14818372951772,0.194960538357049,0.0542049175831337,0.588928745444463,0.134386173000642
433,5044,"s8","m1",-0.120901667770672,0.218185051591587,-0.0682268210349388,0.655229140653574,-0.294373052157634
434,5071,"s8","m1",-0.109026643824443,0.242108017888487,0.156809395961886,0.642849555816192,-0.22817528368361
435,5084,"s8","m1",-0.0945803066996714,0.221493153088349,0.00262213383743626,0.602193872308224,-0.388959132022164
436,5085,"s8","m1",-0.137019253515624,0.171981145822358,-0.097950390301305,0.547704432688451,0.11016421047488
437,5088,"s8","m1",-0.134370528052093,0.147418211968599,-0.322481648127554,0.548593275997019,0.134415654540295
438,5093,"s8","m1",-0.155971169172257,0.0719625850360461,-0.175467510710141,0.509850433899952,-0.0888543482815841
439,5110,"s8","m1",-0.119753527258282,0.149177087829058,-0.21569701441292,0.570973583824321,-0.0958523553839047
440,5111,"s8","m1",-0.0558000937092456,0.241481670709913,0.00627387544321982,0.627637170482376,-0.435559607185171
441,5123,"s8","m1",-0.243250892430338,0.11579670567625,-0.389983906809889,0.41652856513658,0.170572004935893
442,5125,"s8","m1",-0.00783721926332949,0.250507395602461,0.0423743525905238,0.600040309567568,-0.963369536845239
443,5131,"s8","m1",-0.0883875105670411,0.188324978079373,-0.115663992242728,0.634295858237244,-0.319486303745327
444,5153,"s8","m1",-0.191593540354724,0.159243400763997,-0.267805203945624,0.494561858500843,0.180909679604237
445,5155,"s8","m1",-0.183154418186132,0.0950765588500628,-0.157122583162879,0.410977009460431,0.430198705163174
446,5159,"s8","m1",-0.080736675752268,0.209622465654142,0.130576120161259,0.63626749092213,-0.294016989511203
447,5181,"s8","m1",-0.102063199923219,0.181886753032422,-0.100998864094595,0.611480480553898,-0.056581164551586
448,5184,"s8","m1",-0.170041241418795,0.236329020523595,-0.212345626412753,0.570763874926135,0.0579227320163511
449,5195,"s8","m1",-0.127412770777877,0.177738905932725,-0.043643715933312,0.541407261803623,-0.196048429543504
450,5219,"s8","m1",-0.0592654716697054,0.205730861408677,0.0713990431504862,0.619950717996723,-0.334757022003911
451,5232,"s8","m1",-0.0714720830302128,0.188474749129528,-0.0800520618779716,0.560200830438493,-0.545559149043045
452,5238,"s8","m1",-0.0962453326195512,0.201607085525374,0.179798199661331,0.583722252125178,-0.286017099507707
453,5249,"s8","m1",-0.185854947705634,0.0980012314565781,-0.300669725709688,0.4719578773364,0.615658949521026
454,5252,"s8","m1",-0.0473632051232872,0.229445702339239,-0.0836999661048982,0.616872964369834,-0.281224256421337
455,5264,"s8","m1",-0.148584952687708,0.199744306019502,0.0772973496484656,0.50288752052962,0.169707066915822
456,5268,"s8","m1",-0.0827267797150932,0.159774624117605,-0.0794206710845024,0.642572086597433,0.0604734583849806
457,5275,"s8","m1",-0.0746054671557402,0.160556388970207,0.0642067446573901,0.621608675598946,-0.109732751266375
458,5280,"s8","m1",-0.0602224562334723,0.219633939056425,0.00147614292195154,0.6662453541597,-0.222516414015037
459,5292,"s8","m1",-0.0794222262983646,0.179198486464367,-0.0859261142497826,0.580778007277242,-0.802049454282615
460,5300,"s8","m1",-0.116008871595271,0.192401446968506,-0.0998203387341012,0.572797328510617,-0.240795769890064
461,5318,"s8","m1",-0.0521463718282068,0.208071213861782,-0.113623929984092,0.559164768538988,-0.355703032705437
462,5325,"s8","m1",-0.196392371834555,0.139026098578057,-0.31068912307317,0.528086823510529,0.308398131212294
463,5341,"s8","m1",-0.0845224557765613,0.141404225070969,-0.221512565227215,0.609618504233993,-0.0809967897895803
464,5345,"s8","m1",0.00739726941489958,0.338022189562272,0.111150299422263,0.669185874144917,-0.978992558976133
465,5354,"s8","m1",-0.219023729092334,0.100411223147277,-0.442212769224103,0.458263287227199,-0.0206092262990378
466,5359,"s8","m1",-0.195364889834198,0.0771044974481483,-0.46107148398387,0.39163871222368,0.659723504782961
467,5367,"s8","m1",-0.172189188255726,0.127016466215917,-0.11296533405737,0.456757001766825,0.126042833889478
468,5379,"s8","m1",-0.0202377202719987,0.267600404028088,0.111752675415382,0.598395714933884,-0.938128381275241
469,5380,"s8","m1",-0.0981177794934084,0.166744625084744,0.045393845641644,0.44291791489153,0.163368729434826
470,5404,"s8","m1",-0.0839984194794407,0.173708983709202,0.0772311801720679,0.555728914265741,-0.369527911201042
471,5431,"s8","m1",-0.106279768669316,0.194990201364191,-0.123188331922726,0.540524468159237,-0.499430799960723
472,5487,"s8","m1",-0.163169119505291,0.193399448547546,-0.331617399352822,0.550029059801885,0.179816832792376
473,5494,"s8","m1",-0.100303441396235,0.186925354667804,0.053232402290074,0.624299175951532,-0.139521626156929
474,5500,"s8","m1",-0.0877020717802247,0.153718080146984,-0.117297523462281,0.562057419033728,-0.380720454971622
475,5511,"s8","m1",-0.0924342104502472,0.226803666660129,-0.0583860684888182,0.573496927860863,-0.419798895503693
476,5528,"s8","m1",0.0166825432242228,0.271776567361113,0.175347545541754,0.602277991571004,-1.21153880757191
477,5537,"s8","m1",-0.0208731757960371,0.189374426114403,-0.12912648715858,0.618606881900325,-0.876555317302338
478,5544,"s8","m1",-0.171247781012272,0.163952056984711,-0.0170204956921732,0.549957107549357,0.11742360097193
479,5553,"s8","m1",-0.222330955500352,0.136937563167688,-0.133025844279155,0.512099527939317,0.0797012504951343
480,5561,"s8","m1",-0.162524009206778,0.210648438004405,0.205180536402989,0.566530055752961,0.186901432427333
481,5575,"s8","m1",-0.0856476967194911,0.190455337926853,0.0300535449497538,0.604726722081712,-0.291633407985971
482,5585,"s8","m1",-0.193450155705019,0.132769001123091,-0.23569400552627,0.460188873461843,0.219757562820011
483,5601,"s8","m1",-0.180235132852611,0.145113119632157,0.00681479841300151,0.433970418670727,0.371312256273969
484,5633,"s8","m1",-0.0333072092590705,0.253712651071288,0.0975357305702685,0.622828363868277,-0.615949432502265
485,5637,"s8","m1",-0.00582276510665238,0.219965742028448,0.11726796895762,0.586377561320928,-0.834556487504212
486,5649,"s8","m1",-0.174459175873779,0.169929728959433,-0.120769116708313,0.548331885020702,-0.128654129640105
487,5650,"s8","m1",0.0133495198529229,0.310451009361561,0.0975769292463134,0.757121887054887,-1.14332459732508
488,5653,"s8","m1",-0.15936824519575,0.1549321305142,-0.155295749680347,0.489817859461453,-0.104940242473649
489,5674,"s8","m1",-0.122454498134587,0.245385563708796,-0.0855490783618246,0.523589960403099,-1.40380214652493
490,5688,"s8","m1",-0.25936703306655,0.119985469095664,-0.130989292470602,0.4630417890333,0.804234255696368
491,5694,"s8","m1",-0.195398375837104,0.137738084032246,-0.322504275707391,0.566515467445513,0.390193809629537
492,5725,"s8","m1",-0.190850254423703,0.126747422435933,-0.232946936606737,0.53841792065465,0.122974842506823
493,5739,"s8","m1",-0.229331224637581,0.0954815801990324,-0.251067653913263,0.522119269887924,0.569804656835907
494,5740,"s8","m1",-0.131084931069637,0.157885111049838,-0.0539035310045562,0.568280657988458,-0.170326216465815
495,5758,"s8","m1",-0.194908040636577,0.0889292541884468,-0.273732896115069,0.427620568351722,0.313356420551395
496,5764,"s8","m1",-0.0772807038542699,0.226286963789124,0.0579329049734216,0.59805786646073,-0.214194826490217
497,5766,"s8","m1",0.0197919103022487,0.316522971021795,-0.0724183418293822,0.741306236516405,-1.73485614468385
498,5768,"s8","m1",-0.134551673826528,0.160778231198228,0.00996836946002167,0.567271050263692,0.630645571032542
499,5775,"s8","m1",-0.194714475355789,0.0971934099835213,-0.268891373967075,0.471475045073012,0.0841069759475094
500,5776,"s8","m1",-0.100542458487512,0.164044860477922,-0.12956218567167,0.492391274700979,-0.461281530308047
501,5783,"s8","m1",-0.212265714763658,0.196370271447424,-0.0517268046574406,0.637319011703686,0.606961998360008
502,5790,"s8","m1",-0.22808084080187,0.0618267771606001,-0.415361653927024,0.449276151810282,0.608391734429892
503,5792,"s8","m1",-0.151193132624327,0.179866100643375,0.0667021347822258,0.559425490238253,0.447159616356635
504,5797,"s8","m1",-0.0813347736773214,0.215129563771295,-0.113943290606411,0.659350217011854,-0.218216433796985
505,5805,"s8","m1",-0.124137466071553,0.25128249899191,0.0696861456366358,0.661444778407294,-0.257539701583504
506,5813,"s8","m1",-0.184947243877993,0.154227861723159,-0.184074577608496,0.521706391098016,0.409270525337925
507,5814,"s8","m1",-0.171008696374723,0.165536252943849,-0.112280414537689,0.519354737655508,0.154287692932665
508,5818,"s8","m1",-0.0639865371447925,0.203976163321141,-0.151623371437301,0.661002072319677,-0.224532740202126
509,5820,"s8","m1",-0.0144618365836155,0.217019671820428,0.113227909386665,0.602408547641519,-0.589136356713367
510,5841,"s8","m1",-0.0891673387865311,0.2211199928083,0.0777034718434118,0.523112435542963,-0.334192737318223
511,5850,"s8","m1",-0.143800970923809,0.199682555618853,0.0570592409763244,0.594684296051844,0.0526145363459825
512,5856,"s8","m1",-0.104089255699952,0.199193748769358,-0.00299882014690391,0.50778281032309,0.0379780161526483
513,5875,"s8","m1",-0.120602344709074,0.171507822449777,-0.0241728421635048,0.674144956094242,0.163582424065257
514,5895,"s8","m1",-0.250216474142662,0.0781481596106641,-0.28260427296212,0.583869031162428,0.667487347994676
515,5925,"s8","m1",0.0222982338131644,0.294761013971848,0.160621690926346,0.717986061649866,-0.680175507040114
516,5949,"s8","m1",-0.20357970336267,0.188459123759187,0.0694897234661977,0.519775270282273,0.567948335379377
517,5962,"s8","m1",-0.134554267845874,0.215487690954319,0.0297259203224753,0.601069552280993,-0.188230036905778
518,5964,"s8","m1",-0.0288355473097221,0.220625530769096,0.00646614928070974,0.606727710591258,-0.419699699894826
519,5968,"s8","m1",-0.133415852553558,0.183093948387526,-0.182456430297648,0.58117704844654,-0.219029942711919
520,6004,"s8","m1",-0.0989314558378897,0.171982877320372,-0.056378245658797,0.447383858271126,0.0407412729647399
521,6023,"s8","m1",-0.160011363984232,0.0913197955283771,-0.320893704483269,0.486968248785534,-0.371429324312827
522,6026,"s8","m1",-0.0546726676625769,0.228521820855838,-0.0849300374854637,0.65537770180003,-0.421647125770718
523,6031,"s8","m1",-0.199856857867289,0.0855146717779816,-0.27984718541774,0.369588730212286,0.130881098758201
524,6040,"s8","m1",-0.0883857550800679,0.180230601864041,-0.113555618087795,0.502245618812263,-0.434511666714973
525,6052,"s8","m1",-0.184115550453305,0.131614923781602,-0.302926487577133,0.49742937863803,-0.00270339962620329
526,6060,"s8","m1",-0.076681626570435,0.240759546931995,0.0529882994353832,0.600758942623143,-0.0928496982389038
527,6081,"s8","m1",-0.0882414779965948,0.154401940695467,-0.0464969456199286,0.523268968013703,-0.287453773413879
528,6091,"s8","m1",-0.0742740680114022,0.238716166820873,0.0987887452752583,0.656956012585909,-0.142680039474526
529,6114,"s8","m1",-0.0376139915931686,0.257752201234497,0.117905094734062,0.620618353303491,-0.628724230348348
530,6124,"s8","m1",-0.0892898040721559,0.161682479344832,-0.24954340813775,0.558610675120198,-0.355493096478695
531,6127,"s8","m1",-0.165585247034853,0.151598574996609,-0.211855079047497,0.451735124490502,0.318064608967841
532,6145,"s8","m1",-0.118016511938015,0.170949178340815,0.0928133256470092,0.621405614756435,0.303525252623466
533,6150,"s8","m1",-0.123362912939564,0.219366978286089,0.067593728889494,0.6234530526285,-0.293870614390247
534,6167,"s8","m1",-0.142891820573697,0.123284787056556,-0.225039691753398,0.634273551012986,0.249338738096601
535,6176,"s8","m1",-0.0834074323301875,0.177075966455973,-0.188499718305328,0.558657699668833,-0.379423746214572
536,6187,"s8","m1",-0.0512825413450082,0.251859759297163,0.113992747514129,0.666523471592209,-0.289214105141731
537,6192,"s8","m1",-0.084883424738802,0.146140113350215,-0.0624907215010446,0.597303345679757,-0.141482476744134
538,6216,"s8","m1",-0.123603598519698,0.143069130063568,0.0763065036013716,0.64868175463009,0.16197835884729
539,6220,"s8","m1",-0.0974805535528997,0.203430667022182,-0.0970624253273021,0.619284037579289,-0.173846411511207
540,6225,"s8","m1",-0.0893306759796537,0.240213055035127,-0.210284555860222,0.700424880256267,-0.444314056578261
541,6270,"s8","m1",-0.000633624145256318,0.287330618419125,0.0989371212866554,0.626179450657733,-0.712137804298872
542,6287,"s8","m1",-0.0916841755387314,0.235755606812203,-0.0587568095145074,0.718770049831818,-0.11596090960322
543,6292,"s8","m1",-0.0731166703992507,0.224592082968028,0.0926647020078749,0.579526883310067,-0.25492291075696
544,6316,"s8","m1",-0.115697736175169,0.131775671487499,-0.239433145423601,0.533520171456563,0.12111871076848
545,6317,"s8","m1",-0.00404925186499945,0.258713426756937,0.129547152135648,0.647295556068321,-0.592584250381517
546,6318,"s8","m1",-0.0769270097932051,0.199276261587969,0.07366976221948,0.562201288685377,0.0389821403409656
547,6323,"s8","m1",-0.154164811803947,0.153452540163463,-0.10321417337805,0.574321730277919,-0.0413517486887883
548,6342,"s8","m1",-0.0986306751685015,0.167696115142657,-0.148180171259836,0.46343424976497,-0.272861490951108
549,6345,"s8","m1",-0.240679745667191,0.125003851549067,-0.0852856937371858,0.4611777691201,-0.00109427072211523
550,6359,"s8","m1",-0.0990055494956404,0.168258942124916,-0.0519900164141306,0.470491367576487,-0.546763257078811
551,6360,"s8","m1",-0.0772388006937666,0.237645849321158,-0.031415342006002,0.586657784677283,-0.48929589042749
552,6367,"s8","m1",-0.113501870983054,0.113443118486955,-0.208790794269419,0.531857590664531,-0.501512128573812
553,6369,"s8","m1",-0.264354430785832,0.0567966730008278,-0.543241096909732,0.484984798234219,0.527896016410528
554,6377,"s8","m1",0.0575966671294615,0.304133999673695,0.146670087409692,0.659779196641744,-1.16448831888958
555,6384,"s8","m1",-0.0770612731610216,0.15233395718994,-0.0887825923605521,0.605192084336619,-0.0236399616411379
556,6410,"s8","m1",-0.0263401096777127,0.250113155893757,-0.0460598088893431,0.588781140933651,-0.851614142247758
557,6422,"s8","m1",-0.249729561052861,0.138527264319058,-0.0215693674446468,0.49306465515199,0.623643654291468
558,6442,"s8","m1",0.0367054241820765,0.299830380200899,0.16762712876129,0.66613547990873,-0.642994566063948
559,6457,"s8","m1",-0.198469392006729,0.130028872626991,-0.120393145572139,0.540933121650024,0.364940070362847
560,6470,"s8","m1",-0.115617460820425,0.209070317713927,-0.160743454041643,0.550683971401506,-0.440108255598074
561,6477,"s8","m1",-0.194059376021493,0.141923266862204,-0.0540382575248103,0.52945595063401,0.431741495033233
562,6491,"s8","m1",-0.0204673171021218,0.329152432122962,0.0861090858092083,0.708727886184324,-0.927270070149894
563,6498,"s8","m1",-0.213314228523771,0.114463062280281,-0.222283679413546,0.463138394825722,0.283844867875999
564,6505,"s8","m1",-0.109105704584427,0.173183742969738,-0.204445321875412,0.620847858973828,-0.540934030412937
565,6513,"s8","m1",-0.0807976939450343,0.157140876506508,-0.0294406172658674,0.642545754721826,-0.763220848529652
566,6556,"s8","m1",0.0315882166939986,0.285488174988877,0.158862152129148,0.676317010278756,-1.06673146890895
567,6561,"s8","m1",-0.0981217051104458,0.1603988871804,0.0470275093165252,0.573337930044049,0.0589179649814064
568,6562,"s8","m1",-0.142705974916942,0.240028957538169,0.113016237851052,0.657229231716489,-0.0392707901856721
569,6574,"s8","m1",-0.129461359115628,0.183385884052595,-0.157398051695436,0.668093847551224,0.0407391502342439
570,6579,"s8","m1",-0.129040526702295,0.125456279951565,-0.041043431604855,0.548993476772902,0.275834739219854
571,6580,"s8","m1",-0.0287717899476725,0.258008716972146,0.227500059965713,0.591729155862596,-1.30863168114569
572,6629,"s8","m1",-0.118676556237537,0.197532018806894,-0.113006862363633,0.57721110555344,-0.294554174826068
573,6630,"s8","m1",-0.106775954516343,0.216526970483499,0.0108565171015375,0.570607861527722,-0.632359298488566
574,6683,"s8","m1",-0.111099649117247,0.178949450993353,-0.174666361530132,0.497421851096007,-0.249427212885004
575,6686,"s8","m1",-0.146037864482367,0.237141107008971,-0.0626152307468689,0.651552278405085,0.412433233556188
576,6691,"s8","m1",-0.28209444115038,0.139402263840954,0.00967014127096598,0.473154847901273,0.651500474898844
577,6698,"s8","m1",-0.170287678636252,0.140668633050225,-0.173777611560582,0.504427057522943,0.307261483658515
578,6710,"s8","m1",-0.0564823490463075,0.298662916373415,0.0683073351083638,0.704212757029871,-0.341451653298852
579,6747,"s8","m1",-0.295710826737848,0.103790438784735,-0.275678091542411,0.549171520819214,0.795324367505484
580,6768,"s8","m1",-0.110688154550989,0.195581172479358,0.00762188150924525,0.642864931411916,0.0960178765185469
581,6773,"s8","m1",-0.212830625691116,0.198851266760384,-0.14632563205459,0.650758969811879,0.904496386034889
582,6779,"s8","m1",-0.152750530244097,0.158220255659344,-0.0638236506080679,0.716403444996922,0.482563691059056
583,6805,"s8","m1",-0.262657137182259,0.0487595277494676,-0.264262903690502,0.401762099792614,0.57634350888023
584,6810,"s8","m1",-0.171049757261248,0.190827938281059,0.0113827081573847,0.446637330139077,0.128241566467521
585,6833,"s8","m1",-0.0129829297113491,0.242643500053748,0.104141954504164,0.571132926216265,-0.566307896181963
586,6835,"s8","m1",-0.100482609422082,0.201280397785523,-0.100480932774486,0.514895717028549,-0.394224370591023
587,6840,"s8","m1",-0.192037297841108,0.185825604179716,-0.0649157365289393,0.534867597542242,0.208099635327987
588,6841,"s8","m1",-0.0295705343634553,0.273013774267607,0.127181794857122,0.634481868517344,-0.0500838837214389
589,6844,"s8","m1",-0.163469612333942,0.229643902910912,-0.0122529635248776,0.569550727822082,-0.125514010379304
590,6853,"s8","m1",-0.00939958588345607,0.237086090683472,-0.00892167527988776,0.653151993671699,-0.694662610834699
591,6859,"s8","m1",-0.0110476840125091,0.322991670937786,0.174974647168487,0.629791116527753,-1.03240458920619
592,6870,"s8","m1",-0.113891675299121,0.176608685680611,-0.00347637828845366,0.572319959471948,-0.113235264281777
593,6884,"s8","m1",-0.111943889709626,0.180408821514583,-0.0653008084170456,0.662815599260197,-0.157247193433236
594,6890,"s8","m1",-0.0585598297960851,0.241055643322658,-0.0904995893256471,0.597568100898332,-0.728356877968916
595,6896,"s8","m1",-0.107957128289415,0.181752588929782,-0.127505772180415,0.550845832624325,-0.409745126629121
596,6912,"s8","m1",-0.0695446534224026,0.212695743607652,0.112772027929105,0.609808454096121,-0.209851060286624
597,6920,"s8","m1",-0.180673404464605,0.141605591427687,-0.211251552209248,0.547330326822296,-0.0281554059364198
598,6928,"s8","m1",0.0206785762732018,0.310170129166839,0.130655103028249,0.690756148830776,-1.28630320847785
599,6933,"s8","m1",-0.186678392508624,0.2062704677785,0.0186736786200808,0.584413133317908,0.342431245255127
600,6939,"s8","m1",-0.117828007906424,0.182858242131581,0.154725592660589,0.661774020140542,0.0801097640526415
601,6953,"s8","m1",-0.084477691242569,0.13151911460574,-0.0845867543960575,0.659001774164556,0.0944223280437125
602,6963,"s8","m1",-0.176109657969377,0.214707813723922,-0.0747380243915841,0.519632784614602,0.0989261729042324
603,6975,"s8","m1",-0.00516041905118397,0.246797633608803,0.116584422749184,0.653656749887522,-0.60230344954437
604,6977,"s8","m1",-0.0845297422427334,0.195654131603979,0.000224316552722433,0.5778429727655,-0.109939351788672
605,6996,"s8","m1",-0.0142747064814689,0.184849265448118,0.0589785786204871,0.659510475913931,-0.560177905809827
606,7013,"s8","m1",-0.0373217903041407,0.257859372728277,-0.0227160730842368,0.665379706898406,-0.444632091389923
607,7017,"s8","m1",-0.0816052912397551,0.189419391533454,-0.0440232993228622,0.560699350458046,-0.317842098237957
608,7018,"s8","m1",-0.106065652431337,0.223120415408878,0.0647467923562459,0.625527106260853,-0.000248095432501601
609,7023,"s8","m1",-0.0960000316958152,0.148445743013112,0.0750314111669134,0.544317761363543,-0.352586018628438
610,7050,"s8","m1",-0.182581264275846,0.166039350960247,-0.151320406235688,0.490373648716035,0.1157165652924
611,7072,"s8","m1",-0.0943586826328757,0.192299723091064,0.00370138855871735,0.557360497740517,0.0434351510822284
612,7077,"s8","m1",-0.15192772423421,0.153193703091403,0.0749765901912582,0.588825760381199,0.195531349196861
613,7092,"s8","m1",-0.18346642386078,0.122884634758085,-0.205806908007703,0.545684513491847,0.355028449823892
614,7100,"s8","m1",-0.174362560086777,0.174780680436753,0.0593477783611166,0.576537846940815,0.328562674653994
615,7108,"s8","m1",-0.113028135557994,0.209708845165577,0.151810974911447,0.639636492898532,0.364400234888927
616,7120,"s8","m1",-0.0926837798876429,0.239407645998544,-0.112360150372074,0.609880988045801,-0.324897937686163
617,7126,"s8","m1",-0.183761474128889,0.160834317276058,-0.0326203295067569,0.468293934825005,0.30075613217036
618,7143,"s8","m1",-0.0471995397950314,0.233327654540369,-0.0967796853034104,0.556841483719477,-0.724508755108174
619,7148,"s8","m1",-0.0459019299870516,0.267611431218153,-0.0130444593792932,0.60088819858859,-0.469754204161025
620,7158,"s8","m1",-0.0354632327660535,0.185158917585581,0.0207693150058741,0.581774091390163,-0.39987623632518
621,7170,"s8","m1",-0.062269666093576,0.170707321108809,-0.102687350902886,0.546541869155352,-0.211994911101375
622,7177,"s8","m1",-0.0678660070082857,0.217578754756998,-0.00620705105046039,0.611147828988066,-0.681593639315275
623,7179,"s8","m1",0.0448582142420775,0.339406386269445,0.122452737096928,0.712330180955908,-1.75728610427776
624,7188,"s8","m1",-0.0501248040255047,0.221325642663474,0.0177126476614387,0.565150370339492,-0.355501798168674
625,7202,"s8","m1",-0.0161555129966094,0.16530580827181,-0.21321198875689,0.458075105807718,-0.954186119241809
626,7213,"s8","m1",-0.0641648260897201,0.242626308679012,0.0551864631688675,0.75581658882473,-0.100693418929469
627,7226,"s8","m1",-0.124832212536604,0.17449935921996,-0.0686556160390031,0.534419174401272,0.18154729974065
628,7241,"s8","m1",-0.0836346847941822,0.252935081029881,0.141881106275243,0.651315576504145,-0.272144852560546
629,7247,"s8","m1",-0.0719358211686358,0.267102653109899,0.104021973110086,0.623253235003249,-0.374068521858701
630,7276,"s8","m1",-0.0982863510576133,0.196706810138085,-0.0976032643971364,0.607876248929246,-0.32950578129133
631,7283,"s8","m1",-0.168127471048182,0.218130712469675,-0.0733469223805116,0.586816977866279,-0.0308926171357529
632,7290,"s8","m1",-0.0611145276143925,0.24200191648619,-0.0742122553583187,0.607117160907875,-0.425760021922411
633,7308,"s8","m1",-0.0237548462433651,0.264011942067142,0.150713888254564,0.614500064626745,-0.641281296834475
634,7318,"s8","m1",-0.18119933263888,0.116545290480889,-0.332130364213968,0.518314317058278,0.233562620821176
635,7319,"s8","m1",-0.00575660090118925,0.283856872622618,0.156833322864161,0.657931719312874,-1.01029150626805
636,7330,"s8","m1",-0.146655947558589,0.122856684486159,-0.245041676949552,0.501642927839892,0.0986792398449521
637,7342,"s8","m1",-0.217299929624073,0.256085835222035,0.0737823501486607,0.573969841778904,-0.149905739890755
638,7355,"s8","m1",-0.0946311418305391,0.239289137231675,0.0443188336064296,0.666323143524556,-0.107239260250735
639,7370,"s8","m1",-0.143666933496477,0.12269014736273,-0.048457709276153,0.406494367792941,0.0778910919814583
640,7372,"s8","m1",-0.0948342233075884,0.219593825210613,-0.0143539727442286,0.641784397441609,0.113495044760699
641,7389,"s8","m1",-0.0366415492159737,0.25459774908222,-0.0860547356750138,0.636589111455338,-0.864390087779186
642,7405,"s8","m1",-0.00104647540311472,0.255269771521154,0.148060364730016,0.687748307134284,-0.548422515323267
643,7407,"s8","m1",-0.079946663377654,0.226130366511588,-0.0527296107969171,0.686364948977222,-0.575324904224669
644,7416,"s8","m1",-0.0734156194392542,0.221617762639509,0.052021922156027,0.597987017636243,-0.191859231920644
645,7419,"s8","m1",-0.140071753178561,0.237401408894001,-0.058052375155354,0.627815939224058,0.133193635818505
646,7430,"s8","m1",-0.0565411791179157,0.189732339903948,-0.156393214468108,0.49684381848605,-0.76041317390216
647,7444,"s8","m1",-0.18566433509234,0.124655329985024,-0.100446669338772,0.561620985900275,0.0804338059148787
648,7452,"s8","m1",-0.229413128800701,0.0713638733533301,-0.251198796902182,0.523754339500533,0.533183822372479
649,7467,"s8","m1",-0.164365319312022,0.202113922549375,-0.0945075010889195,0.554528668553461,0.137212167407114
650,7471,"s8","m1",-0.128378060863873,0.132198024665715,-0.0466503992030158,0.539107350364117,-0.117354859469526
651,7492,"s8","m1",-0.0588636823698074,0.297702062800455,0.109445180997692,0.697946529380208,-0.481501871876198
652,7493,"s8","m1",-0.066849227352082,0.26995768004488,0.116243299339352,0.615803814457292,-0.306779395005278
653,7507,"s8","m1",-0.0809987317112784,0.210363802763185,-0.0734548191897336,0.618698001999137,-0.000143190502237218
654,7508,"s8","m1",-0.043846738546648,0.243686822183341,0.0479864836491158,0.632970369924627,-0.412334961652772
655,7526,"s8","m1",-0.060018599571223,0.284002649038154,0.0120652780889336,0.675860621279414,-0.602863721313165
656,7531,"s8","m1",-0.0908985911474296,0.23599462125215,-0.00491371155002094,0.659242476422668,-0.16790078125852
657,7535,"s8","m1",-0.182604118989364,0.168291094999316,-0.0240346189783478,0.471462555256652,0.251393403514142
658,7538,"s8","m1",-0.0286428185526066,0.267158178784587,0.101761587699876,0.649942457159796,-0.832711116828302
659,7549,"s8","m1",-0.14734129631573,0.192764520415861,0.0156450935126622,0.55292468697625,-0.200830845277193
660,7553,"s8","m1",-0.0793205535133363,0.233685938039145,-0.00380305379899283,0.581866725637539,-0.532148136561204
661,7560,"s8","m1",-0.051947119858052,0.320367109225466,0.12607727233921,0.705387569396124,-0.650764864294129
662,7563,"s8","m1",-0.0816938558067644,0.214706075534215,-0.0993874098153003,0.599331130260401,-0.525674937358719
663,7567,"s8","m1",-0.0114763372257054,0.266829170331052,0.0299234761769269,0.67170377527067,-0.666651730465147
664,7570,"s8","m1",-0.0973708222415657,0.213630956736434,0.0217284078441711,0.591680102742135,-0.087389358123367
665,7582,"s8","m1",-0.122150378149769,0.145887004911665,-0.0555696568045019,0.550279732316156,-0.280319327528523
666,7630,"s8","m1",-0.173857379200293,0.140793753875376,-0.218154647013802,0.587717889841878,0.0419420285727592
667,7644,"s8","m1",-0.166097779260338,0.131500300600345,-0.203672915210312,0.596891948173208,-0.119673546353086
668,7664,"s8","m1",-0.0249948729384637,0.246895259073733,0.125509823292335,0.666043803839918,-0.757875936488589
669,7682,"s8","m1",-0.211892183394224,0.164808341460888,0.0922034083267994,0.594672244901237,0.468885600778076
670,7687,"s8","m1",-0.066414461179108,0.250374232041395,0.0940003895903012,0.566473461347173,-0.290910246546495
671,7689,"s8","m1",-0.0450821640641273,0.224996392281728,-0.144159411291682,0.589730368049173,-0.756002674695978
672,7711,"s8","m1",-0.109920221150255,0.217369286669552,-0.324870680901132,0.605397003572879,-0.492535554313565
673,7715,"s8","m1",-0.140107424513322,0.144356100000715,-0.0427735059207457,0.641053038993429,0.354396421219317
674,7723,"s8","m1",-0.0800587861153984,0.169756754684186,0.0122904110506688,0.616822009065151,-0.0505584848277082
675,7731,"s8","m1",-0.118314744421509,0.212493204473555,-0.0261819416338221,0.575249724846856,0.276762383787028
676,7786,"s8","m1",-0.109235942045775,0.153707871312887,-0.158458164158211,0.582239125546794,-0.08803610952296
677,7795,"s8","m1",-0.00792408698624259,0.193329176988716,0.0126643956285902,0.615200825966152,-1.12429334537088
678,7798,"s8","m1",-0.182577386534343,0.181769669027048,-0.0927099843374535,0.604847494156297,0.149670640435586
679,7828,"s8","m1",-0.210989819697371,0.146066357471679,-0.315833228706395,0.608402338000305,0.0833129787387799
680,7830,"s8","m1",-0.226873442835634,0.158529187647871,-0.257916165874764,0.54837779945048,0.460395715523698
681,7857,"s8","m1",0.0665239855308979,0.33946628398013,0.287322452421275,0.726069668543601,-1.47813550906619
682,7864,"s8","m1",0.0967851278624464,0.341428290324332,0.223079136660917,0.705412034565236,-1.85842001259353
683,7879,"s8","m1",-0.164327911811331,0.184049434377925,-0.113304704773204,0.553703491001165,0.235268046323778
684,7898,"s8","m1",-0.164943648249903,0.211359306231127,-0.00528097892685802,0.641649163453631,0.46062174559194
685,7900,"s8","m1",-0.0538785164895474,0.291319334574469,0.112746191969447,0.614428832388353,-1.26800029145306
686,7901,"s8","m1",-0.260898677608149,0.0685171988040924,-0.608484030552982,0.437792571613984,0.223008993516544
687,7917,"s8","m1",-0.143463753068893,0.183035788854023,-0.0132723841588994,0.490578153861888,-0.175572890146126
688,7918,"s8","m1",-0.110765851624594,0.185295961371739,-0.263242560339342,0.600432017477297,-0.130816345401356
689,7926,"s8","m1",-0.0626221299344512,0.207673682358064,-0.197866132294988,0.552759454219541,-0.248877728847947
690,7938,"s8","m1",-0.132705944710026,0.123761488272661,-0.136270687944457,0.509852474213951,-0.0222152907038214
691,7970,"s8","m1",-0.0678412839156254,0.22658631222138,-0.0558392922255309,0.606533276560575,-0.718076318082277
692,7984,"s8","m1",-0.159659767151308,0.167139422371244,-0.278891790369772,0.582900650185295,0.264102475097591
693,7994,"s8","m1",-0.160364101773881,0.190116092614216,-0.00557275197990106,0.626002503001506,0.201535890104735
694,8006,"s8","m1",-0.079133075027379,0.209757372687974,0.0484033697071055,0.678449687674379,-0.36456059073195
695,8007,"s8","m1",-0.205023803186553,0.124029970041722,-0.251673551637526,0.616289946519078,0.224790630148326
696,8011,"s8","m1",0.041966361170749,0.279195652937894,0.149420470663249,0.671772098413376,-0.875296179054028
697,8020,"s8","m1",-0.0504493148581364,0.291543684415589,0.169277653590241,0.684037562966333,-0.536818064606008
698,8080,"s8","m1",-0.108094075621007,0.147874730496142,-0.109772638581668,0.437499630800192,-0.254952843496596
699,8093,"s8","m1",-0.167960053619976,0.172905897230672,-0.0943682593869894,0.425487105360695,0.123127898034584
700,8095,"s8","m1",-0.0140365123563404,0.282197078390799,0.116096473654432,0.589428452622347,-2.25528238970331
701,8096,"s8","m1",-0.108131706888697,0.172748799278467,-0.207272597167917,0.558919334897475,-0.986785378455474
702,8101,"s8","m1",-0.0513574312860385,0.302776227062886,0.101468186165476,0.64192109586136,-0.274484920936336
703,8105,"s8","m1",-0.0766973740889995,0.204534581627244,-0.107759863960199,0.614188067078961,-0.0929622592254402
704,8111,"s8","m1",-0.0188636667794364,0.215286409026768,0.0159689070688476,0.598746283524498,-0.945400362619831
705,8112,"s8","m1",-0.119463398412556,0.212042706415743,-0.207561296145308,0.521695106784528,-0.53499842969658
706,8129,"s8","m1",-0.0549468795899934,0.240687356958088,0.0793775276101839,0.61156406596767,-0.535046437022035
707,8142,"s8","m1",-0.206732332364551,0.117923552386251,-0.208567152034055,0.542339096910831,0.466485333657145
708,8151,"s8","m1",-0.101180069320091,0.172579337409797,0.0391515802803933,0.63988470671535,0.285751974175281
709,8154,"s8","m1",-0.210460189549825,0.0922323168964766,-0.108120199348584,0.468728541430743,0.545176545013943
710,8162,"s8","m1",-0.105079476804409,0.183452852201597,-0.114136894001168,0.618070835503191,0.12850649885808
711,8177,"s8","m1",-0.0894202255098433,0.168033479171368,-0.144456511468937,0.547027310485978,-0.465091476561959
712,8178,"s8","m1",-0.147623273561684,0.150705137304543,-0.178004285803963,0.519119717005627,-0.244064765020531
713,8187,"s8","m1",-0.0356862739838488,0.20095304378206,0.0903431398317479,0.578265768572704,-0.30660613035149
714,8193,"s8","m1",-0.19595984289586,0.118349782819471,-0.498036960103409,0.478290954980163,0.55470861085694
715,8200,"s8","m1",-0.120058670677783,0.167753513219453,-0.0849383308108706,0.53996850894677,-0.0679594729352445
716,8215,"s8","m1",-0.0762967881446542,0.210076882262473,-0.198262705325938,0.547944108505452,-0.53115329598756
717,8219,"s8","m1",-0.0514979236654053,0.210256818799962,0.000859251056143522,0.639839182472143,-0.383433636535905
718,8222,"s8","m1",-0.126285072919338,0.17342492494727,-0.267432558402378,0.54922432046662,-0.630438070224465
719,8238,"s8","m1",-0.154181956225721,0.126343130866701,-0.113863282947304,0.449582098253122,0.0770574641391445
720,8242,"s8","m1",-0.0826779569680023,0.192366668099063,0.0617916695487035,0.616674734407299,-0.152808473075755
721,8244,"s8","m1",-0.153861660847286,0.216348501130506,-0.139588300542012,0.616811542075784,0.405175515722372
722,8261,"s8","m1",-0.148982827849434,0.137950053731701,-0.186831301665994,0.542334705784135,-0.101509049152795
723,8262,"s8","m1",-0.116298099600833,0.191172211978214,-0.0437221482327423,0.59744384387851,-0.422833016083863
724,8265,"s8","m1",-0.105777376302908,0.172381430852614,-0.00561267812222004,0.625042022517155,0.0454074873451119
725,8268,"s8","m1",-0.102464131259847,0.223208356983929,-0.146336394670199,0.55441196111381,-0.007224209323147
726,8273,"s8","m1",0.0208228213747711,0.24229406825317,-0.0211127979059509,0.714735382100993,-0.628144961031404
727,8301,"s8","m1",-0.0814201335190439,0.277419065642002,-0.0385692895141451,0.69605076270418,-0.19421203431729
728,8305,"s8","m1",-0.0479131075511928,0.201046980012178,-0.0128954274369795,0.616458695577845,-0.243895752975367
729,8307,"s8","m1",-0.165054175167827,0.15126666816323,-0.251885106807495,0.550994889105224,0.0768967656316503
730,8314,"s8","m1",-0.194944268919471,0.128815758392733,-0.253622293096646,0.515320132487756,-0.0288518262148938
731,8319,"s8","m1",-0.150797858520078,0.247326727386312,-0.139733770464345,0.608009638884217,-0.0624734069924645
732,8321,"s8","m1",0.00322881159089021,0.27643745541319,0.0927458898714758,0.619316690970642,-1.05383572898474
733,8324,"s8","m1",-0.19185699390004,0.1727305561356,-0.107288589571719,0.54109811088694,0.0194815064353825
734,8329,"s8","m1",-0.13021208385616,0.16433857112615,0.0223063175781482,0.561590706068077,0.104500833043024
735,8331,"s8","m1",-0.100187554879109,0.20509588053198,-0.00611125068118702,0.602154967016787,-0.276632909692999
736,8338,"s8","m1",-0.124494414080579,0.163059011124351,-0.0601491250626009,0.571165209398208,-0.11919889216184
737,8368,"s8","m1",-0.171817735226649,0.169102712595666,-0.0791686306417553,0.515428745769003,0.206920075944985
738,8386,"s8","m1",-0.152217457017299,0.167954435871266,-0.147401298433778,0.437964306254322,-0.31654335589728
739,8391,"s8","m1",-0.114944106971051,0.258794823599628,0.0597994208140593,0.574068650473479,-0.261904484748289
740,8395,"s8","m1",-0.118651541166355,0.155973543524665,0.127015587855683,0.540626645147012,0.0452677467932351
741,8406,"s8","m1",-0.164358461312998,0.168086759403757,-0.175183608276783,0.54239285632337,0.016335617861622
742,8409,"s8","m1",-0.0945852156825301,0.223054351866309,0.0721325716755003,0.582156468303984,-0.215183797942055
743,8410,"s8","m1",-0.162852709185775,0.20082531399487,0.035778703538774,0.577390175480497,0.411248305301297
744,8415,"s8","m1",-0.0717427017800275,0.259062733500518,-0.0366908803850766,0.617972097226072,-0.54877330577497
745,8428,"s8","m1",0.0557740608593302,0.339162794923751,0.231806937505251,0.724043607861351,-1.11898111366964
746,8437,"s8","m1",0.00125213432468578,0.312842009376942,0.186670994657498,0.67449901044404,-0.83113359667867
747,8439,"s8","m1",-0.151419860178311,0.109273819284399,-0.30544226186789,0.434663791597146,0.0986354178414718
748,8484,"s8","m1",-0.10714159489959,0.205809115398674,-0.145930065527723,0.622877517929287,0.0965812119014503
749,8485,"s8","m1",-0.124128740547696,0.131400369498045,-0.0499839156619007,0.549187406279664,0.351796042081185
750,8490,"s8","m1",-0.0842388843250966,0.145844291686041,-0.127682628448796,0.465418033821643,-0.41694150853875
751,8508,"s8","m1",-0.22257472320647,0.108871865272852,-0.353613739940892,0.573192567649878,0.484932377075598
752,8517,"s8","m1",-0.249710089606568,0.0646825198372192,-0.201694623509924,0.394725447963673,0.559688827129995
753,8521,"s8","m1",-0.165974762512079,0.176484610288184,-0.0720431653038845,0.60003978228233,0.180240393180903
754,8536,"s8","m1",-0.0933684038187809,0.181750255778224,-0.0465113309709877,0.598336804073733,0.0626661753750933
755,8549,"s8","m1",-0.0498131012918452,0.214286406000125,0.0345901402539943,0.582321222416903,-0.50948528657964
756,8591,"s8","m1",-0.0122841795865347,0.309732185509541,0.163301369581634,0.678832196145967,-1.05672242336264
757,8594,"s8","m1",-0.135575533915505,0.208419814132371,-0.235456668104742,0.490047019929813,-0.427570864783392
758,8632,"s8","m1",-0.151027751931764,0.115521159120992,-0.469003138166174,0.448102578956838,0.296124699258746
759,8635,"s8","m1",-0.0349197906452617,0.245547900467643,0.102063754672354,0.63593775605442,-0.584377752108392
760,8636,"s8","m1",-0.0774846288038978,0.269132864787553,0.0796977099880984,0.659832708774292,-0.70678497609427
761,8656,"s8","m1",-0.162925915321338,0.168046071512467,-0.0927305122775252,0.688870753063942,0.342673604075992
762,8661,"s8","m1",-0.076860080154658,0.281451482566832,0.00139098047909506,0.684161815328791,-0.342770983556069
763,8709,"s8","m1",-0.147796077995465,0.167059400562952,-0.214096467266036,0.598879483622348,0.255267800488553
764,8725,"s8","m1",-0.139584070952252,0.180298577910539,-0.0558222103113321,0.576016548718116,-0.201658144045942
765,8726,"s8","m1",-0.119822644417489,0.236174425702545,-0.0360746786013418,0.543159971792216,0.0590653527426676
766,8730,"s8","m1",0.00812026726673458,0.264350938424214,0.04463750889224,0.522184852154111,-1.54245455682915
767,8741,"s8","m1",-0.111899276514956,0.164922412263591,-0.198581368591392,0.671088947933313,-0.0373244397598909
768,8743,"s8","m1",-0.186984906276712,0.186254984857599,-0.0895288696333633,0.471161772111087,0.30381881884231
769,8753,"s8","m1",-0.0859862033706582,0.208002287684465,0.0488570726083963,0.569004894098575,-0.138135737191923
770,8793,"s8","m1",-0.0645694430693905,0.255535110812803,-0.00872494596816115,0.632196218545349,-0.476323878647555
771,8796,"s8","m1",-0.0876305364133411,0.191575815452521,-0.0638856451741308,0.646115047154715,0.0237535309078563
772,8813,"s8","m1",-0.118650378193871,0.25531160733797,-0.0337008306418893,0.681860621140441,-0.110661909652903
773,8826,"s8","m1",-0.125708997091423,0.130419748430267,-0.341926624851905,0.616870152660229,-0.0840585438264527
774,8855,"s8","m1",-0.121545625904644,0.158468898333574,-0.0526232143694108,0.590201437438838,0.10567684961971
775,8872,"s8","m1",-0.0918939796913365,0.151354044236748,0.00211160499178947,0.56825325616536,0.421474054127287
776,8883,"s8","m1",-0.139792274355744,0.138161200965673,-0.399077172980602,0.560601634903992,-0.347134007534582
777,8901,"s8","m1",-0.210437293122359,0.161861010314975,-0.0181738520441797,0.63398407164785,0.457744134929217
778,8916,"s8","m1",-0.215082498622633,0.0944212982131238,-0.365829739233523,0.499801035149554,0.218435428446113
779,8920,"s8","m1",-0.192086514982324,0.184105091398905,0.0258653788121184,0.602492458694967,0.400484452430883
780,8984,"s8","m1",-0.186486149414246,0.235713094872926,-0.28582062919396,0.556712819055125,0.102451614181974
781,8985,"s8","m1",-0.112804853173004,0.149495504100566,-0.100067844646197,0.484027473781723,-0.216827042860086
782,8986,"s8","m1",-0.180665070470928,0.105993313938219,-0.155439717046456,0.470595930642416,0.513655219287371
783,9003,"s8","m1",-0.0533657813489416,0.185261813879183,-0.0959540111590898,0.621447437512701,-0.319583057749259
784,9005,"s8","m1",-0.200278661856925,0.173997273927787,-0.084193622215611,0.574202883057001,0.314969307291915
785,9018,"s8","m1",-0.132852679590898,0.140078379436485,-0.0732783720116135,0.623754707357868,0.531554839703745
786,9030,"s8","m1",-0.151421207139567,0.188724127956421,-0.193134728047283,0.534884290595388,-0.277095667439622
787,9034,"s8","m1",-0.106838593120214,0.157547452459483,-0.137019500953769,0.543287104327744,-0.0535445861626833
788,9046,"s8","m1",-0.0750008677944018,0.229024716302254,-0.140346740392309,0.592356733519965,-0.566356977713289
789,9052,"s8","m1",-0.0853037285894565,0.247383234148342,-0.0106635600094574,0.662074820628914,-0.704383320941964
790,9059,"s8","m1",-0.108396964414017,0.180277205987971,0.00783917034747506,0.581091488417623,-0.0901945094937685
791,9106,"s8","m1",-0.140724823534094,0.204124044577826,-0.037420080692641,0.529645065306743,-0.404493838876811
792,9117,"s8","m1",-0.13182246095756,0.218100096671873,0.0875489916337183,0.53458288896949,-0.0739175959564826
793,9120,"s8","m1",0.000489976743542448,0.226428352619088,0.0617081610385966,0.65953146911031,-0.763258907354482
794,9126,"s8","m1",-0.141681139031959,0.141097556764999,-0.27933052203983,0.521392808728729,0.0379151414046541
795,9139,"s8","m1",-0.11979705014117,0.208268187429983,-0.209684909845124,0.656630914296652,-0.184580846517882
796,9153,"s8","m1",-0.136753651649242,0.204565861762194,-0.131308957036664,0.626263951585711,-0.240439706271837
797,9185,"s8","m1",-0.0571140799904603,0.200918867042217,-0.061726901801643,0.56321525103748,-0.405275352888449
798,9190,"s8","m1",-0.088827321000838,0.207382850934121,0.0775122989719123,0.633048147149302,-0.194479938194723
799,9198,"s8","m1",-0.0849820678268823,0.14679578058341,-0.0617208621811601,0.605821756934826,-0.475003920603696
800,9202,"s8","m1",-0.0294584585256928,0.210848304873203,-0.0325328271297555,0.630073852531649,-0.303625635955712
801,9229,"s8","m1",0.00684117420495876,0.303580669013902,0.135795895439375,0.731134752674383,-1.08931380858377
802,9255,"s8","m1",-0.225292503646766,0.0913965219182555,-0.262982053935678,0.426684382325428,0.766521154823894
803,9266,"s8","m1",-0.109680016074407,0.169361029443392,0.027400952409064,0.603383406716606,-0.086646892706668
804,9271,"s8","m1",-0.159442303543477,0.0990588231948539,-0.242450389851133,0.457059926392008,-0.214370245391368
805,9272,"s8","m1",-0.101909639832278,0.244704739259959,-0.314760537533745,0.570088185419932,-0.813510179970884
806,9275,"s8","m1",-0.25508937434164,0.137649465139073,-0.108553388051737,0.497472971896954,0.0486929032875201
807,9290,"s8","m1",-0.0613026336881456,0.221930873331638,-0.114206968018163,0.648158691438298,-0.471644006092623
808,9298,"s8","m1",-0.0447751061655084,0.195695714717148,0.0196201574394707,0.653316047488534,-0.456859097302258
809,9301,"s8","m1",-0.0337345394206182,0.179953514552546,-0.0370316919691022,0.595316806747064,-0.644956708997641
810,9316,"s8","m1",-0.0504626565866578,0.233063242161389,-0.0848929666725139,0.719527307308219,0.0178348301682387
811,9323,"s8","m1",-0.157421182544514,0.106125852672542,-0.211129007097947,0.465728701501388,0.16859453219069
812,9326,"s8","m1",-0.028840953013526,0.222083718634878,-0.0404162529036872,0.656709871720673,-0.311156621754178
813,9337,"s8","m1",-0.095833968455355,0.196387519235291,-0.0731300179949747,0.562927950252211,-0.0984213972858589
814,9340,"s8","m1",-0.113156035958421,0.228117816905659,-0.0388159248172324,0.587490134814653,0.0454591224781565
815,9343,"s8","m1",-0.0736665694246199,0.238555944346979,0.0390088399507564,0.580113183510245,-1.17746773326316
816,9348,"s8","m1",-0.147557028374046,0.0931919948382427,-0.354612408853167,0.508762822651124,0.260963666328344
817,9376,"s8","m1",-0.0168502498024998,0.279907359075328,0.0733173273234269,0.583513200222578,-1.5748763061515
818,9394,"s8","m1",-0.0894984128445752,0.256188754258183,0.0902754062273196,0.622262465530626,-0.321738436517301
819,9397,"s8","m1",-0.0876067886167677,0.226103655119511,-0.0424625877690914,0.599719303368774,-0.293591869505929
820,9401,"s8","m1",-0.118203896081102,0.246776145622062,-0.00937897569350347,0.583215928882116,-0.456203539159126
821,9407,"s8","m1",-0.0781980997999833,0.229934643471629,0.00739695283835181,0.631165863479986,-0.999722352111181
822,9412,"s8","m1",-0.0552222002944052,0.269631165948343,0.00681227765532444,0.670321234238771,-0.59056396195715
823,9423,"s8","m1",-0.1484596157793,0.178947701588842,-0.136579310942474,0.628687848913004,0.143380638123064
824,9426,"s8","m1",-0.176402123971727,0.167248774492527,-0.0187545131258335,0.455697055769846,-0.0800800807414418
825,9430,"s8","m1",-0.0525410791789735,0.309413743418879,0.05466265507292,0.728553018937305,-0.884366539132821
826,9439,"s8","m1",-0.0983971179648301,0.197555834732601,-0.0364631173200277,0.637605534612795,0.269788701522973
827,9473,"s8","m1",-0.174978244175399,0.201328062031719,0.0732374669219219,0.544185558611675,-0.0815780090255643
828,9482,"s8","m1",-0.0739001371405912,0.236038758458878,0.0677225294017742,0.593313189965609,-0.645598191111042
829,9511,"s8","m1",-0.174859889470374,0.191977989880503,-0.0976042641015789,0.577325100863354,-0.0429085297060333
830,9520,"s8","m1",-0.0787191439995108,0.196478725368423,-0.0969836041306009,0.662179407856538,-0.295766011572967
831,9554,"s8","m1",-0.0788648829464761,0.195866829767463,0.0354564010488835,0.623252032092473,-0.567217735512584
832,9566,"s8","m1",-0.0907573344339765,0.209610296515678,0.0321933605710516,0.557626505455379,0.000122448964246819
833,9573,"s8","m1",-0.154661082723604,0.263762864440974,0.10057996790687,0.646043421291329,-0.0469618030414311
834,9581,"s8","m1",-0.183845329339147,0.0975756265600545,-0.0801074376246518,0.490002963153153,0.432554878603939
835,9603,"s8","m1",-0.026333983408451,0.284567689002425,0.131838913506001,0.715383459788063,-0.554985031929464
836,9609,"s8","m1",-0.0232843911525731,0.203907310405273,0.0723039315172499,0.57771619836079,-0.521842019287331
837,9632,"s8","m1",-0.178833954096502,0.166716555686908,-0.0511798756507084,0.493141963082102,0.340715613176523
838,9650,"s8","m1",-0.14206726502476,0.149300279644818,-0.158680765224847,0.555008368117999,0.256197972073869
839,9687,"s8","m1",-0.0694620999134451,0.224477853989091,-0.111110177496883,0.66323614407724,-0.591308891167955
840,9706,"s8","m1",-0.195940714071488,0.151787968186407,-0.128015477111068,0.517877083954577,0.484479697363648
841,9711,"s8","m1",-0.0816685445242188,0.208078044200708,-0.0239885551420467,0.545062944751972,-0.645406255324948
842,9712,"s8","m1",-0.0658218399521014,0.283309715235172,-0.0128761434398057,0.672900582805725,-0.528830060010333
843,9717,"s8","m1",-0.150853128668951,0.167376449141899,0.0125026287272011,0.556944478388338,0.457754031040814
844,9722,"s8","m1",-0.060599694237848,0.216615838022418,-0.325017113617574,0.58544876090999,-0.656432940092502
845,9733,"s8","m1",-0.260577771747765,0.0946264646368282,-0.106208023649352,0.427033866315066,0.576683767937858
846,9736,"s8","m1",-0.120174965776082,0.103353292318981,-0.242240885461721,0.56204486551125,0.243120868299688
847,9758,"s8","m1",-0.117917912999006,0.215550901310094,-0.0203519392190949,0.667224881822782,-0.202596779359202
848,9771,"s8","m1",-0.077553774614969,0.221377479101736,-0.153834900033946,0.633494664547105,-0.191233216898526
849,9784,"s8","m1",-0.0799752320936589,0.127865833328288,-0.378252072939083,0.553213615891947,-0.267703474629376
850,9816,"s8","m1",-0.147439578233975,0.191136971395863,-0.283024648569809,0.498969932511307,-0.0609035444592511
851,9835,"s8","m1",-0.0459935239963806,0.227856223001959,0.043828513798882,0.631535168918243,-0.366844202552379
852,9841,"s8","m1",-0.144388493690479,0.185413151251019,-0.140711536215535,0.612822803162037,0.22685819810209
853,9870,"s8","m1",-0.0809601803596567,0.200416053948105,-0.129687165228427,0.557711931181682,-0.334768251719078
854,9874,"s8","m1",-0.207432547031735,0.151094426257736,-0.088745975289396,0.575216020179668,0.549782534273973
855,9886,"s8","m1",-0.021438104032874,0.16398962454073,-0.0423396764997177,0.623325162076595,-0.2542963682174
856,9922,"s8","m1",-0.0781214916584723,0.238817219010261,-0.0609399475829767,0.616524576789842,-0.174529926557169
857,9931,"s8","m1",-0.0712796887765048,0.262863450690246,0.0870456451887584,0.577508262024247,-0.925526239254344
858,9951,"s8","m1",-0.213623804930675,0.11933174456614,-0.286793972130532,0.53388182832248,0.674522973857208
859,9959,"s8","m1",-0.212595883122766,0.163635814089139,-0.111231148289645,0.541943394842521,0.420151059063834
860,9968,"s8","m1",-0.0590518505474723,0.256818811027522,0.0898176708216043,0.699100670493892,-0.0679978642879875
861,9972,"s8","m1",-0.126943112662426,0.134777733969008,0.0284027863231565,0.452019577867372,0.00374602119950239
862,9976,"s8","m1",-0.120325987080043,0.208844310206782,0.0882537328623153,0.5122151474595,-0.166221880936999
863,9992,"s8","m1",-0.170877216197671,0.116456414241644,-0.306425343698884,0.425782932113665,-0.303930928148472
864,9995,"s8","m1",-0.0562714692734352,0.129831017373145,0.00355671404905794,0.527170754613716,-0.136562123316502
865,9998,"s8","m1",-0.0194449706345738,0.23104168086954,-0.0651560666939249,0.644438506052283,-0.387583476945527
866,10005,"s8","m1",-0.16394438923191,0.145592850656884,-0.371147347459307,0.611056278498033,0.150589407748414
867,10009,"s8","m1",-0.155850770838228,0.125672657225518,-0.190586649546328,0.466683218456739,0.503121946842191
868,10012,"s8","m1",-0.182629772069185,0.128612722179293,-0.0959321152512837,0.512306451676006,0.21309222840758
869,10037,"s8","m1",-0.282122448299083,0.104436935477753,-0.425678725155278,0.440260819170051,0.94183795929767
870,10039,"s8","m1",-0.162450387952563,0.164460892790969,-0.0363169972988261,0.596633472726178,-0.00695448708088944
871,10042,"s8","m1",-0.0960508896741239,0.19399887319798,-0.360192577911724,0.603847826211344,-0.698815143389916
872,10049,"s8","m1",-0.124166119165357,0.175000735476814,-0.0710893605094518,0.510553139565348,-0.36550160522343
873,10068,"s8","m1",-0.198733884350447,0.18761878972213,0.0266731418996101,0.612335667178092,0.484763630047056
874,10070,"s8","m1",-0.103336860633492,0.222584355430117,-0.0487162323184772,0.648351263727818,-0.813009712835734
875,10124,"s8","m1",-0.176069560552928,0.12430396980239,-0.202910939280234,0.52139639928879,0.218127382987426
876,10129,"s8","m1",-0.0862455408001326,0.238397692444707,0.114205214730513,0.598944586138936,-0.629566977383934
877,10133,"s8","m1",-0.189986575545294,0.140309497561748,-0.168915938872602,0.458520788299228,-0.00851497568828424
878,10138,"s8","m1",-0.184402083323021,0.172282597580422,-0.311474440451854,0.635590365800275,0.00607940621305374
879,10156,"s8","m1",-0.101047745096308,0.195319774805537,-0.0176596140653576,0.563854026545725,0.0604526917910114
880,10162,"s8","m1",-0.133454625432054,0.0934344272579163,-0.204498476954174,0.480372748734145,0.191734635306615
881,10201,"s8","m1",-0.0216166066149241,0.237386000335918,0.0639429587080071,0.610874360861905,-0.664010470450775
882,10211,"s8","m1",-0.150088871723068,0.196611051800584,-0.0135045659738002,0.550418391425564,-0.172049736552484
883,10213,"s8","m1",0.0178974419419417,0.274564049932406,-0.0361532302444703,0.599049140821622,-1.00555038485787
884,10226,"s8","m1",-0.200742429995368,0.106793780955686,-0.323253143049819,0.405594914439846,0.230396120148151
885,10235,"s8","m1",-0.0588005107488421,0.194041622833225,-0.285918214927082,0.623617360146601,-0.682471465065945
886,10270,"s8","m1",-0.0322518049497157,0.266262139404635,-0.0611582190109575,0.64847608407519,-0.455400513619176
887,10290,"s8","m1",-0.184834421012912,0.160206132900111,-0.205124092280453,0.553931726890382,0.15368492230631
888,10304,"s8","m1",-0.0718342325614646,0.177998451740658,-0.0506061361876957,0.631414542216552,-0.159233683093521
889,10311,"s8","m1",-0.104698428933304,0.244658500879327,0.0581846607993583,0.460720225293111,-0.939801483282213
890,10324,"s8","m1",-0.0869270432385674,0.241482927666167,0.0620462828836902,0.693980197781367,-0.484901326452317
891,10357,"s8","m1",-0.283819882278849,0.0617691111359215,-0.62495187790114,0.413611221612272,0.542754453108737
892,10379,"s8","m1",-0.123817446166644,0.195608194328714,-0.0946717637029372,0.494335040164516,0.0172533762975265
893,10443,"s8","m1",-0.0826041856636203,0.256812632061341,0.0373441411177408,0.541360845912631,-0.709410505982471
894,10444,"s8","m1",-0.144845509821925,0.205264827561466,-0.0108770521423168,0.551083286646909,0.10255705857313
895,10447,"s8","m1",-0.00299894908402513,0.25454037216145,-0.0166761879278124,0.623549371984599,-0.826431561358586
896,10459,"s8","m1",-0.0774232238982103,0.195935536967997,-0.044645259390816,0.5498267655694,-0.12082506123339
897,10475,"s8","m1",-0.180120436713084,0.170823931800033,-0.064339901602287,0.544991605343736,0.360506948658176
898,10493,"s8","m1",-0.168872612729398,0.113434622273018,-0.280808214671999,0.54607725280642,0.3139504293269
899,10502,"s8","m1",-0.0521181642631016,0.289983585996411,0.16538713564336,0.614148761289225,-1.11038740353656
900,10508,"s8","m1",-0.165647069421542,0.194194026756264,-0.141293747402306,0.579493541326705,0.380731052624488
901,10509,"s8","m1",-0.0633832479480125,0.208880550302863,0.0390794011083996,0.574737962892334,-0.0231318879312553
902,10513,"s8","m1",-0.0440496426979905,0.248620102681185,0.0286482512998423,0.697105773137921,-0.086867638103754
903,10534,"s8","m1",-0.0489707842252777,0.231959205114203,-0.253309387059972,0.655509242201959,-0.465327862580241
904,10562,"s8","m1",-0.0957504014809592,0.20689867113282,0.0440704625432077,0.601400475202128,-0.328554995379667
905,10579,"s8","m1",-0.108565198942929,0.170118237446709,-0.0990293492832099,0.525639534457245,0.0145559312355263
906,10587,"s8","m1",-0.119135407418332,0.210012203200764,-0.106940445716309,0.567940163144924,-0.289375774647598
907,10589,"s8","m1",-0.159711675800475,0.140355521725805,-0.180928819215025,0.565710166050548,0.255651886395344
908,10591,"s8","m1",-0.137525133022295,0.13494228397191,-0.10246505150099,0.486656604559749,0.0831110501878415
909,10595,"s8","m1",-0.137036851416284,0.232330990292948,0.0436886142910695,0.609830983734494,-0.0654879813759401
910,10606,"s8","m1",-0.159050717148824,0.215996882932495,-0.0384110592031257,0.627260431753712,0.0514268686457187
911,10632,"s8","m1",-0.109649412493867,0.164072118809563,-0.114041923281232,0.592050351500174,0.0229334903797423
912,10634,"s8","m1",-0.238248823973941,0.109864450447956,-0.26117089831416,0.406798075713473,0.264508338700551
913,10645,"s8","m1",-0.146305930877681,0.091982062177985,-0.23492443882582,0.525408896455825,-0.0043767970682204
914,10657,"s8","m1",-0.110180387761255,0.199267738126855,-0.056544293315772,0.644552824948228,-0.226305489052748
915,10680,"s8","m1",0.0892525140442343,0.353214232457572,0.176083056113922,0.727568922958713,-2.69078305708639
916,10716,"s8","m1",-0.0443503495426549,0.28932089054606,0.0750404205340245,0.593418848556316,-0.582225152011603
917,10731,"s8","m1",-0.0149195864488727,0.238182498809915,-0.0859002593402752,0.582401673277723,-1.22043465542403
918,10733,"s8","m1",-0.110976520907576,0.233464096282913,-0.0564802378536124,0.639656441450312,-0.331787241830619
919,10736,"s8","m1",-0.2177516761773,0.0997263075410642,-0.359473850244172,0.596270784603912,0.653516357840929
920,10752,"s8","m1",-0.127141561562894,0.206714010301203,-0.201128466163235,0.513827354737425,-0.590153237721593
921,10774,"s8","m1",0.0353019932797646,0.284990757987556,0.0541070903660914,0.670727690549447,-1.30933476332125
922,10780,"s8","m1",-0.124072007276648,0.200451650411135,-0.133625632900651,0.588242083058009,-0.00598163417689582
923,10783,"s8","m1",-0.0502968126675088,0.239117675439889,-0.138604173958183,0.647436726378084,-0.329373662326781
924,10785,"s8","m1",-0.0709453214723264,0.213443699423138,0.0499165611226091,0.472010794608668,-0.274214262979958
925,10810,"s8","m1",-0.019944999058139,0.295532991547605,0.0509171879018729,0.673963719056064,-0.708220025702069
926,10813,"s8","m1",-0.0797251954024987,0.211265888022653,-0.099168006962701,0.663314384640861,-0.152552579214605
927,10823,"s8","m1",-0.124462872673925,0.217206759013402,0.0179684638789906,0.594172187762617,0.189550822492328
928,10830,"s8","m1",-0.204518719812393,0.156563960041961,-0.335332922095174,0.587287102576525,0.537865735129424
929,10832,"s8","m1",-0.0365601282469884,0.260642484564787,0.050119288418332,0.544694971288304,-0.877299396518459
930,10841,"s8","m1",-0.119821766068298,0.194652718257825,-0.20131998944113,0.52386131117002,-0.353300799773326
931,10844,"s8","m1",-0.0736421963822034,0.264878503369135,0.263381349703479,0.637131696951301,-0.0509867881226693
932,10858,"s8","m1",-0.0293152170864033,0.223992488076671,0.0695457701491444,0.66534280734373,-0.100766212290559
933,10864,"s8","m1",-0.162263324460657,0.185996013324951,-0.0891665816843197,0.607228861672063,0.165108191459264
934,10886,"s8","m1",-0.0907176924044948,0.207430939669434,-0.0644021700507528,0.603729882460562,-0.37360359819262
935,10908,"s8","m1",-0.108706586238386,0.206225205979687,-0.0918498237022327,0.661891382896065,-0.131748511209633
936,10922,"s8","m1",-0.132326551965658,0.21128167482929,0.0436019875474643,0.612139122143731,0.033890810903202
937,10953,"s8","m1",-0.202594758139702,0.150368503581998,-0.0397318167791763,0.523140270542305,0.306408847811118
938,10957,"s8","m1",-0.0389872120282766,0.256477624099001,0.0503374010352377,0.633766111675591,-0.45222378471085
939,10968,"s8","m1",-0.16721306599839,0.134367059219577,-0.337591561256939,0.464967705088174,0.222051078968409
940,10974,"s8","m1",-0.174728861220822,0.126307116269619,-0.184181161876638,0.459294697811896,0.265276324797208
941,10983,"s8","m1",0.0478831773585198,0.306062840335736,0.136679601944239,0.640501557456258,-1.23768966333684
942,10991,"s8","m1",-0.0775438376177547,0.196327395648737,0.114216390572538,0.571359180054818,0.122700158589323
943,11006,"s8","m1",-0.0942384813055448,0.179407491962042,-0.051201591022953,0.639864913448625,-0.214468484544956
944,11021,"s8","m1",-0.132656042027851,0.167982553418911,-0.0997206962023176,0.500939901015732,0.0055468341589835
945,11032,"s8","m1",0.0380885744634088,0.28203551745242,0.0457858369632162,0.647172807505952,-1.01098339847476
946,11037,"s8","m1",-0.0699118342245008,0.186371428008794,-0.107114270773728,0.571189053577215,-0.470939436749605
947,11068,"s8","m1",-0.0682973898962837,0.220842350001482,-0.112936577301352,0.658042397217963,-0.576924224215849
948,11069,"s8","m1",-0.067486000233024,0.242757761679616,-0.0268233253464407,0.629860612966063,-0.346528339061689
949,11071,"s8","m1",-0.20794235248055,0.112036920113349,-0.141456192247175,0.434460831436338,0.434471075504849
950,11077,"s8","m1",0.0116670875814319,0.261854908163972,0.166617712142083,0.671661525804426,-0.350757377260156
951,11080,"s8","m1",-0.101841230177936,0.237588657932047,0.083197386668005,0.600755168224601,-0.203567970864674
952,11092,"s8","m1",-0.230698576686368,0.125672218228565,-0.166692249476087,0.57035650630501,0.64224418198376
953,11095,"s8","m1",-0.0788378726366876,0.227777253453011,-0.0746742128820807,0.58352494339691,-0.346030828584321
954,11102,"s8","m1",-0.083159513061956,0.174275532632681,-0.208871303705132,0.676800749883076,0.389838963665246
955,11106,"s8","m1",0.069672338815209,0.298794085285901,0.141118349090893,0.634422244917538,-2.147823695535
956,11129,"s8","m1",-0.0641206654669816,0.175517548565483,0.0081542026300495,0.48693019798355,-0.572142116211327
957,11132,"s8","m1",-0.0368978389571294,0.289178307225697,-0.0591238072069831,0.6548936144884,-0.936260604223217
958,11147,"s8","m1",-0.170818924196159,0.132497833248112,-0.46937514021341,0.55697756066682,0.0957731031418151
959,11160,"s8","m1",-0.193028597068628,0.1704841948347,-0.227957207518736,0.514966240207846,0.292627454994728
960,11172,"s8","m1",-0.0189399651998389,0.242101367827155,-0.00927734857534167,0.597186912966486,-0.640824469882017
961,11173,"s8","m1",-0.125759475227054,0.219830487474799,-0.104379563602708,0.572358786143948,-0.590965661414747
962,11203,"s8","m1",-0.0740774287115622,0.154106571344751,0.0296216605261443,0.639238234449152,-0.49682367481056
963,11206,"s8","m1",-0.0320619121349845,0.339517450841983,-0.0136773488773528,0.615048052411297,-1.22496033007989
964,11217,"s8","m1",-0.0844761265228497,0.200711653461755,-0.040201117894922,0.588725414044969,-0.360439826666628
965,11221,"s8","m1",-0.174728507954898,0.125668017819232,-0.455645050529503,0.535452501526755,-0.0396425477556289
966,11280,"s8","m1",-0.255886169906357,0.145867370990316,-0.159335185023307,0.52002909165007,0.62938680129514
967,11296,"s8","m1",-0.0949593195695174,0.156264491076079,0.0605339358326689,0.525589131542874,-0.142817421460253
968,11298,"s8","m1",-0.189803804264452,0.188485031961842,-0.0871010498818899,0.536475866360408,0.24152048501104
969,11347,"s8","m1",-0.08778772667625,0.19093877030974,-0.0901804451385307,0.564652957737214,-0.454657288387889
970,11348,"s8","m1",-0.0614399672086279,0.198648543133038,-0.15915985812936,0.659214981225895,-0.252961847984766
971,11358,"s8","m1",-0.00867592747504663,0.270047664741895,0.139296033254619,0.627520132659607,-1.20592402435969
972,11397,"s8","m1",-0.091014027646633,0.16457978365612,-0.100222623803183,0.46480947048907,-0.350950670194414
973,11412,"s8","m1",-0.122953585542703,0.160222530279661,-0.194640575948543,0.603551631664622,0.0849868238822212
974,11440,"s8","m1",-0.0617236233726495,0.245365166266144,-0.0761687687893281,0.583051965023153,-0.663369725456639
975,11445,"s8","m1",-0.135412783335504,0.208769039207312,0.0589324622735312,0.611208200751848,-0.00168685847195246
976,11449,"s8","m1",-0.100263660636647,0.0902960600172363,-0.177742473117681,0.599888357392471,0.320327548236417
977,11474,"s8","m1",-0.167849212259401,0.163618343985345,0.00845965904482019,0.599510369936785,0.407912051661342
978,11479,"s8","m1",-0.114187821649283,0.240048320500915,-0.0137757856111562,0.658185591510117,-0.12821119167519
979,11487,"s8","m1",-0.192179318597663,0.166380820175213,-0.210021308672507,0.473802387459605,0.45966700103739
980,11495,"s8","m1",-0.134987720210104,0.202172770913607,-0.0208011098574551,0.602658559494184,0.0686725984553008
981,11500,"s8","m1",-0.0497182830203318,0.326671906204436,0.137550065628384,0.721522997358278,-0.24061076035538
982,11524,"s8","m1",-0.0536027930443675,0.205069125949682,-0.129515123084506,0.597911150584496,-0.653367854902215
983,11529,"s8","m1",-0.0480249696680383,0.223092334271103,0.011047672587729,0.558480827103991,-1.04219003500189
984,11544,"s8","m1",-0.00896346564212723,0.308260524914326,0.0959891292596571,0.644111082677002,-0.54487443611699
985,11564,"s8","m1",-0.190514391335328,0.133368738957124,-0.220831814277866,0.514404936159171,0.125010308168203
986,11568,"s8","m1",-0.0536669532852746,0.251649341068522,-0.101584489355176,0.531243804778362,-0.947970632799541
987,11579,"s8","m1",-0.121598955453818,0.179265312876002,-0.0838442941994107,0.584502244490714,0.0958077308085654
988,11586,"s8","m1",-0.0959407481906796,0.239131317478074,-0.0154489290759409,0.721322375011707,0.0191947360730839
989,11590,"s8","m1",-0.179566307860733,0.107306580317994,-0.199801758514515,0.490679250906813,0.433595470738656
990,11614,"s8","m1",-0.0580159522952416,0.189668875824702,-0.222088807297154,0.624207075692637,-0.172940973816224
991,11620,"s8","m1",-0.12350885382654,0.159083417707031,0.00701645376433901,0.611312294453333,0.252430819753841
992,11623,"s8","m1",-0.231954144826322,0.118716227086469,-0.230408142636243,0.447421853718007,0.801786125734947
993,11640,"s8","m1",-0.15959212579818,0.186069228174707,-0.21898337388999,0.60679992553558,0.235999603386066
994,11645,"s8","m1",-0.0873147867624382,0.187434980012541,0.0689724905913461,0.553518309716551,-0.239756448463505
995,11653,"s8","m1",-0.0799680708769253,0.23656492555118,-0.0733361355194425,0.617412078027756,-0.432869901573009
996,11665,"s8","m1",-0.0305181320778986,0.276933511035701,0.118618345575593,0.572434939559327,-0.865172996462322
997,11667,"s8","m1",-0.192292913017095,0.163485162189208,-0.145685534761259,0.541377235886115,0.0469799859825151
998,11677,"s8","m1",-0.0715422906682423,0.233796731815283,-0.106169737861652,0.619851764455871,-0.683792650499936
999,11696,"s8","m1",0.0648062939534402,0.297163408470571,0.0787578620770263,0.741676468187336,-1.19824720111457
1000,11713,"s8","m1",-0.0210258352548308,0.302854847389965,0.0214833654526013,0.648814122099716,-0.935965695141742
1001,11714,"s8","m1",-0.118933725170962,0.163906952353765,0.0261753172697978,0.642602227927453,0.0589404496878588
1002,11732,"s8","m1",-0.139051571194735,0.169059147219453,-0.10833421988261,0.57341287449778,-0.230386038883598
1003,11742,"s8","m1",-0.161965239698546,0.18316730392834,-0.0614244695603063,0.564747417110028,-0.325872570875053
1004,11784,"s8","m1",-0.0523928858178039,0.199076436891217,-0.0869568507205696,0.591692816492182,-0.294632744224226
1005,11804,"s8","m1",-0.0458018810231055,0.263432634560303,0.0625614951836867,0.606841909221005,-0.536994933101874
1006,11833,"s8","m1",-0.150050583813725,0.13447382014209,-0.213197883985681,0.526161306514009,-0.0362358951862125
1007,11836,"s8","m1",-0.0668205874335537,0.231538653376827,-0.0814884918538246,0.633008447141301,-0.488898964421628
1008,11847,"s8","m1",-0.0382155448329845,0.213369792202588,0.00670600277339758,0.62982326878501,-0.453011644380223
1009,11857,"s8","m1",-0.0960508652705848,0.190212596301062,-0.174634883403488,0.5709127612289,-0.225672528640859
1010,11860,"s8","m1",-0.150932378047894,0.0831602945523986,-0.211788156240113,0.47275543883511,0.182972118551701
1011,11861,"s8","m1",-0.0479591743934241,0.224273775667198,0.0649096334926549,0.554554821557481,-0.556482006969882
1012,11874,"s8","m1",-0.187570168868104,0.0779915126491606,-0.389973766102454,0.482333824588734,0.412156220037642
1013,11885,"s8","m1",-0.129303959962963,0.146018199175365,-0.0477952070037148,0.593466291102818,0.100208381883274
1014,11921,"s8","m1",-0.116559646650191,0.233396772546986,-0.0353531410298589,0.654446910253134,0.0589764967901459
1015,11969,"s8","m1",-0.105537740653047,0.28254646592327,0.0363072237165936,0.610916581609729,-0.493228961167362
1016,11982,"s8","m1",-0.100195205703491,0.230414212306591,-0.0238757783014351,0.580823967761677,-0.256463067342812
1017,12014,"s8","m1",-0.108858645124112,0.167726460768685,-0.170551310613956,0.491589386703899,-0.492322731062659
1018,12020,"s8","m1",-0.213446055577705,0.126784150030303,-0.209127072933164,0.478031805059127,0.508625662582107
1019,12036,"s8","m1",-0.12842838386495,0.186633223425554,-0.0163796326243428,0.549483803884403,-0.0991495564664118
1020,12039,"s8","m1",-0.0885993708146214,0.224096084617498,-0.0168497646961917,0.637526299814006,-0.426591419916145
1021,12041,"s8","m1",-0.202250777275955,0.106474816235467,-0.17402598638853,0.4996640103607,0.306234662385853
1022,12056,"s8","m1",-0.141959610707309,0.142643424359451,-0.116521661553926,0.602942808343829,0.255110600936214
1023,12069,"s8","m1",-0.0579700533537251,0.256401478730028,0.185437271154864,0.549381802630303,-0.579298908314707
1024,12071,"s8","m1",-0.10718593164326,0.213350138189074,0.118065368107882,0.64606923338267,0.100163138062676
1025,12084,"s8","m1",-0.0866072226878481,0.163952285364382,-0.0732470176136301,0.636843310971239,-0.255064511386075
1026,12085,"s8","m1",-0.113556647600149,0.231519511338042,0.0501667929105288,0.63209375556201,-0.140899508094797
1027,12091,"s8","m1",0.0156479026840506,0.319769355340354,0.0299323069729494,0.708633536921859,-1.0692940072345
1028,12094,"s8","m1",-0.33032246349145,0.111888018494878,-0.141944437473532,0.543608778414608,0.585998008793134
1029,12098,"s8","m1",-0.185442981355396,0.149672036972039,-0.353717910734212,0.538152270593929,0.323856457360279
1030,12099,"s8","m1",-0.0814281291882463,0.206391534517758,-0.00229130604067665,0.651145172464989,-0.0175429274529244
1031,12119,"s8","m1",-0.154066684188948,0.234802683952934,-0.346891998798001,0.579757875205464,-0.120784920794156
1032,12139,"s8","m1",-0.0685126416984525,0.20204486648543,-0.00550865782455727,0.567585258047606,-0.414264190832423
1033,12171,"s8","m1",-0.100678674628537,0.218002570615077,-0.273881712889795,0.585910234148798,-0.663432783034286
1034,12180,"s8","m1",-0.0166041963173726,0.237089988672726,0.00185721370831348,0.574183695005374,-1.02491263235197
1035,12192,"s8","m1",-0.12155904778009,0.189722228880822,0.0640398296452793,0.587821109784042,-0.12829530149238
1036,12194,"s8","m1",-0.0683446138945609,0.203930330757715,0.113926769130491,0.618627101203589,-0.283245413807085
1037,12202,"s8","m1",-0.11911516381615,0.184505639678189,0.117528162786248,0.60468685092864,0.121943365674517
1038,12218,"s8","m1",-0.041224551369338,0.293650128896478,0.0712282353728411,0.719285299159565,-0.59744476369445
1039,12224,"s8","m1",-0.282984901543475,0.0999622488098061,-0.0529050614423599,0.525995473565018,0.847870286981336
1040,12243,"s8","m1",-0.129208200798918,0.163340971872333,-0.232426081623376,0.571037065930759,-0.0103375999306983
1041,12249,"s8","m1",-0.142790087474432,0.17031187809244,-0.0650912767350009,0.551255153709545,-0.237077217429409
1042,12268,"s8","m1",-0.226649728918536,0.139279120531996,-0.207026596731362,0.514967817555115,0.705173832137111
1043,12290,"s8","m1",-0.10884078199873,0.225141945175074,0.0199784150757604,0.551359290620682,-0.323330756183896
1044,12291,"s8","m1",-0.0478355132902738,0.271355514370646,-0.0138599650052551,0.666567664067891,-0.892453926281047
1045,12296,"s8","m1",-0.208798331052884,0.167613959222055,0.0628674143395311,0.507775945483573,0.53429622905247
1046,12321,"s8","m1",-0.234178489886138,0.108041668617755,-0.353246868395471,0.441065889953453,0.46820571035749
1047,12325,"s8","m1",0.00781547785287434,0.255062273888228,0.201207655264458,0.613955547146237,-1.15611846947749
1048,12330,"s8","m1",-0.0424317830587436,0.279267016221101,0.174302495642677,0.637732050618238,-0.885291124779989
1049,12334,"s8","m1",-0.0504645765309508,0.268740572042927,0.0253683960705574,0.65478001240495,-0.476537166697905
1050,12336,"s8","m1",-0.0929563195514209,0.208880534465345,-0.0215556814512483,0.55079789326224,-0.665273649497892
1051,12340,"s8","m1",-0.129230745003324,0.161928654174232,-0.083441513798794,0.519845210858767,-0.25963704237247
1052,12349,"s8","m1",-0.135121552341058,0.150041603321134,-0.239844716823173,0.562115404222534,-0.114462588100531
1053,12350,"s8","m1",-0.0317194555623807,0.285059936702692,0.168349633615911,0.662089162475728,-1.18239403609358
1054,12352,"s8","m1",-0.108067155188494,0.214172379572383,-0.102777684974994,0.627151855471606,0.177616906334989
1055,12362,"s8","m1",-0.0346049357333867,0.232028250190184,0.0462913353555398,0.625852268120061,-0.667164446614077
1056,12365,"s8","m1",-0.0467573501024736,0.243372486432713,-0.116520546268092,0.582561173972089,-0.615657113396238
1057,12377,"s8","m1",-0.188259473141439,0.118140343786238,-0.179994424360704,0.434412687093725,-0.0266766207714782
1058,12382,"s8","m1",-0.0867356040279001,0.155783438545792,-0.136913786563118,0.48562271710648,-0.173185965194847
1059,12391,"s8","m1",-0.162249613035631,0.12826394800285,-0.461664105601294,0.669939969011578,0.00137466212823698
1060,12400,"s8","m1",-0.0866526992865057,0.185284938549972,-0.1594011583648,0.572442137441218,-0.178719456475313
1061,12401,"s8","m1",-0.107537087666904,0.187199647209427,-0.0937125447484135,0.601675654158063,0.078941420656186
1062,12405,"s8","m1",-0.138586347405661,0.145227069953327,-0.177428849043864,0.544291177321529,-0.0066679949255045
1063,12418,"s8","m1",-0.136061958965423,0.131967818136884,-0.2333737810932,0.496405294047653,0.497289091873874
1064,12432,"s8","m1",-0.202042368547467,0.0898977492820306,-0.399009430032552,0.526597886842152,0.550397186588227
1065,12434,"s8","m1",-0.230215771284296,0.153405326497571,-0.225700620276331,0.486545141054029,0.402844497923645
1066,12446,"s8","m1",-0.237969083299418,0.177271879814619,-0.142796224281955,0.537896746021297,0.25692055299661
1067,12450,"s8","m1",-0.170325704152936,0.203659240192008,-0.196801952480017,0.617876618830357,-0.212437097592802
1068,12460,"s8","m1",-0.0181736838835304,0.209153759706658,-0.105333327964588,0.561974261138035,-1.69729079338475
1069,12512,"s8","m1",-0.162162162233182,0.222926588738456,-0.101387054167264,0.541027233986045,-0.324874212043336
1070,12513,"s8","m1",-0.0922726673771294,0.164044657123066,-0.03478287723456,0.565600767790702,-0.0866620610545378
1071,12516,"s8","m1",-0.260358106590594,0.0819177875363317,0.0245733918111493,0.507047227117219,0.632988518766293
1072,12520,"s8","m1",-0.0959113246553355,0.193506702182058,-0.0221977988549416,0.630320586483059,-0.419301179187462
1073,12537,"s8","m1",-0.183022451394292,0.14689292218573,-0.00457000811435121,0.570641559003032,-0.126627315316038
1074,12538,"s8","m1",-0.226037911875017,0.144241564950307,-0.211904988002579,0.570249281835249,0.482250190070358
1075,12539,"s8","m1",-0.0160393072081398,0.30145221220156,0.0430403974992111,0.684324272155257,-0.978899750069848
1076,12549,"s8","m1",-0.126087023379167,0.194006797525922,-0.225573680197045,0.516658928661624,-0.250805915806548
1077,12573,"s8","m1",-0.158933797928122,0.164834819069392,-0.356297414102811,0.429922834883815,-0.10415400847039
1078,12580,"s8","m1",-0.238675222763399,0.195014551429114,-0.125515210800435,0.51630593205722,0.323480921300344
1079,12582,"s8","m1",-0.137908554518686,0.246406643998616,-0.0264605597749194,0.482967031925969,0.290741034946635
1080,12587,"s8","m1",-0.0684686151641419,0.266778249173201,0.0525865638494627,0.644031570423384,-0.613336248132129
1081,12593,"s8","m1",-0.122329057171722,0.203915496284205,-0.171382240026392,0.556986653661222,-0.182589279594856
1082,12607,"s8","m1",-0.154074622688177,0.173874972582457,0.0226321303877171,0.576171856371302,0.333775943738012
1083,12618,"s8","m1",-0.175136909484254,0.223565657703063,0.0832951033937546,0.566771021649051,-0.000581860779782853
1084,12623,"s8","m1",-0.160490075602066,0.21379089892404,0.0018544637009216,0.613166913038809,0.294378972683715
1085,12634,"s8","m1",-0.16334589770951,0.158078209428806,-0.0992503923240875,0.581181384696036,0.462302743493211
1086,12641,"s8","m1",-0.0868964651295606,0.287229066689849,0.0657267636584837,0.689807141655361,-0.310836428726104
1087,12658,"s8","m1",-0.132099550116111,0.195880387023704,-0.17803811750244,0.55482719443132,-0.268087602503984
1088,12662,"s8","m1",-0.184313611229819,0.208594949239041,0.0114685247230118,0.61896411681581,-0.0518910235803622
1089,12663,"s8","m1",-0.117393480157388,0.150549656331981,-0.0253256011539431,0.627634820025312,0.111366796049734
1090,12688,"s8","m1",-0.151750689364835,0.157076141975433,0.119704532189352,0.565932944212203,0.397942643444702
1091,12722,"s8","m1",-0.0873168707205913,0.26613292536667,0.0303552774488425,0.634665527943431,-0.855017610883597
1092,12723,"s8","m1",0.0152212701962764,0.24580354221526,0.0330309973872401,0.562220987367511,-1.2567990226973
1093,12724,"s8","m1",-0.111632103303295,0.219196330721954,-0.209350960593841,0.503784375152486,-0.733684467135787
1094,12739,"s8","m1",-0.173386913865964,0.142679279099278,-0.195421809438618,0.539758100110035,0.187633275129114
1095,12740,"s8","m1",-0.323162911252852,0.0699189712840485,-0.29923361206677,0.377737236977972,0.710250009066323
1096,12749,"s8","m1",-0.0381943830453958,0.273672623155074,0.0371344351687935,0.642592862957358,-1.02019027450102
1097,12758,"s8","m1",0.00331188900470291,0.282159458238747,0.00744726626069154,0.626047229510804,-0.774855973851707
1098,12761,"s8","m1",-0.104602726485609,0.246642090293118,-0.170737896530729,0.661102111082359,-0.0460576109568321
1099,12767,"s8","m1",-0.227928760558249,0.0876970162502025,-0.365086260949035,0.471156147934612,0.853143685330117
1100,12777,"s8","m1",-0.060846133789075,0.199396484354879,-0.00936643561590483,0.655896417035268,-0.0623738451837319
1101,12779,"s8","m1",-0.0876289638933637,0.221763799855565,0.076705253236767,0.56976064860931,-0.307404316520972
1102,12791,"s8","m1",0.0296575295893991,0.281826525021414,0.0543187948492324,0.690667358946545,-1.44824823442842
1103,12792,"s8","m1",-0.0771656766146228,0.216786995538895,-0.0839729458609831,0.590682545221699,-0.514054842193767
1104,12796,"s8","m1",-0.0362294006974419,0.25939189965352,-0.031961439129865,0.656727258956272,-0.241831076778466
1105,12807,"s8","m1",-0.138288625762076,0.187811535586405,-0.137623352271043,0.611875419092461,0.0787663999228499
1106,12825,"s8","m1",-0.178244223609272,0.121515240535532,-0.174420263627314,0.526538908930429,0.326451012175306
1107,12826,"s8","m1",-0.16650853110076,0.196605488708481,-0.0451177390842814,0.574348443754347,-0.0755386876052572
1108,12840,"s8","m1",-0.136514947127728,0.15999516604633,-0.276566162058213,0.558812552461862,-0.120715276109051
1109,12882,"s8","m1",-0.0613724523455159,0.243353530274086,0.0278162577074572,0.685618423781031,-0.218736370794902
1110,12886,"s8","m1",-0.0719059785444759,0.229850512645155,0.0114678046402709,0.549378688034421,-0.615203851073577
1111,12917,"s8","m1",-0.124016619946931,0.156743285433663,-0.0625395247523887,0.530359855100892,0.0983051027124679
1112,12921,"s8","m1",-0.0346590797093474,0.267382035278395,-0.0151299420618005,0.719876767120732,-0.3386897391633
1113,12922,"s8","m1",-0.161710184898173,0.138272521687082,-0.207498981255888,0.590561696113738,0.0592113042105634
1114,12933,"s8","m1",0.0869006612469315,0.263758481633412,0.0419724387128474,0.71244723183967,-1.42449984959969
1115,12938,"s8","m1",-0.158552845171552,0.132887058135129,-0.0788160199389386,0.43244436537909,-0.165648206646165
1116,12949,"s8","m1",-0.153060053446173,0.205904004219496,-0.0849562917373455,0.619449728859228,0.00973476414175166
1117,12953,"s8","m1",-0.133789283463634,0.20925312356551,-0.153232521736939,0.607242813683183,0.0503926713635648
1118,12962,"s8","m1",-0.21539579670406,0.11769868460029,-0.246237606108181,0.534304256145796,0.887268059435975
1119,12965,"s8","m1",-0.109407077956151,0.214731425982264,-0.0786022385888633,0.598466595109422,0.0728662317453126
1120,12967,"s8","m1",-0.0794336887729881,0.26002025431436,0.00720450071826587,0.591291545669571,-0.86286500289895
1121,12972,"s8","m1",-0.151662588809203,0.165952653572053,-0.098057796939151,0.573034206949774,-0.214485518895656
1122,13007,"s8","m1",-0.101373714239059,0.174743387784506,-0.087531436702057,0.468744395371547,-0.0639493559035678
1123,13018,"s8","m1",-0.140151557792291,0.174272842858636,-0.0860513313843317,0.598171780877374,0.217243356416113
1124,13020,"s8","m1",-0.0876814172354862,0.181131476436749,-0.100099115915606,0.573036701611887,-0.0758502507119778
1125,13031,"s8","m1",-0.0876115648267225,0.235722183243127,-0.0114077494658413,0.610573228245335,-0.392928618486604
1126,13059,"s8","m1",-0.140696168737629,0.218050162915062,-0.196637429626407,0.538829248318479,-0.389182059956298
1127,13067,"s8","m1",-0.138115234867539,0.167650405694447,-0.190039476849796,0.557998304119765,-0.032497623805137
1128,13070,"s8","m1",-0.103957105436684,0.187627654244767,-0.206166574404104,0.606914914526275,-0.245731122771685
1129,13072,"s8","m1",-0.242164662721613,0.0998500841411167,-0.256680656246109,0.508601480198452,0.703258209106988
1130,13083,"s8","m1",-0.13129184196935,0.0935615154003551,-0.314452006544569,0.502119545377023,0.238286190818929
1131,13093,"s8","m1",-0.133386222770494,0.172067023151985,0.00386434745845117,0.623631713417134,0.289460322799307
1132,13101,"s8","m1",-0.0652721285769347,0.190662403506748,-0.09395897464092,0.619420300854059,-0.430407168029619
1133,13134,"s8","m1",-0.0379566859896056,0.209632442477997,-0.0603282628301023,0.667203029818576,-0.664483792595811
1134,13150,"s8","m1",-0.159860093880743,0.0694631161543662,-0.341322935024568,0.456308393160686,0.293614096575033
1135,13155,"s8","m1",-0.167083225619127,0.219150973593363,0.0510767118625271,0.537258851404219,-0.107219917273734
1136,13173,"s8","m1",-0.108312096050838,0.112336057091233,-0.318097907716012,0.413042093309552,-0.130009440403499
1137,13216,"s8","m1",-0.153300278651252,0.151469527891255,-0.174088119889545,0.598741197235758,-0.0309183592866637
1138,13222,"s8","m1",-0.0848019369701904,0.235001748447467,-0.147537544683705,0.51691331579529,-0.880880203152095
1139,13223,"s8","m1",-0.0469329188487106,0.17202216849633,-0.0443722562559437,0.485876956570918,-1.17679218625814
1140,13250,"s8","m1",-0.151406049658485,0.161585376309922,-0.1480741335604,0.598203551033127,0.254139448667173
1141,13252,"s8","m1",0.0475855841639507,0.313733453912343,0.20614706764275,0.741837213590513,-0.922294126889372
1142,13254,"s8","m1",-0.207271301356457,0.12859602143724,-0.321801804228125,0.526387404483005,0.523603056633328
1143,13258,"s8","m1",-0.168765060351009,0.132629681704259,-0.337478631015157,0.503157535355022,-0.00288862573395414
1144,13270,"s8","m1",-0.114685079520936,0.223024715134951,-0.319119483258,0.492831550162986,-0.709992721050757
1145,13292,"s8","m1",-0.046720227983987,0.209615774138965,-0.00337836827548363,0.603588524410877,-0.761102262476425
1146,13358,"s8","m1",-0.163352208435409,0.204143312686276,-0.0217748155519352,0.591751738953579,0.23025970027877
1147,13377,"s8","m1",-0.150849807137844,0.14097575683832,-0.0289685717641992,0.474165605521994,-0.173704778358153
1148,13385,"s8","m1",-0.125521959844541,0.0994802516523633,-0.282365862060377,0.472530123746553,-0.15313148905526
1149,13417,"s8","m1",-0.142745590964266,0.136446515989186,-0.0610925977116772,0.629228449996542,0.498743937440162
1150,13441,"s8","m1",-0.0876738314941293,0.297701317499291,0.0715159347475342,0.657815049482914,-0.763466117983336
1151,13457,"s8","m1",-0.0712666968492315,0.188934004567035,0.0135997251956614,0.547869820311634,-0.697887304043779
1152,13471,"s8","m1",-0.0669569399068811,0.224915089794367,-0.0482288416162268,0.658278885339749,-0.643307159193357
1153,13473,"s8","m1",-0.10147485238543,0.140748227505222,-0.289997240961707,0.50912935109708,0.146445320980909
1154,13524,"s8","m1",-0.0955352270615035,0.260630586340028,0.107275861391875,0.639905050054978,-0.313411438899331
1155,13538,"s8","m1",-0.133502521067379,0.125936540335953,0.0309126791329705,0.441507431513696,-0.302180968337537
1156,13539,"s8","m1",-0.105924547619591,0.194333742780916,-0.0608335845048722,0.583032529497023,0.0677770640464051
1157,13540,"s8","m1",-0.0618612992049562,0.201414066189864,0.0381248190392035,0.588147862718793,-0.608479482418816
1158,13560,"s8","m1",-0.0989955076721996,0.245957068774896,0.0038079975202697,0.532771312416509,-0.00786095375953114
1159,13566,"s8","m1",-0.131115991661674,0.218554430731821,-0.158133018416743,0.549929510451781,-0.022468630013637
1160,13582,"s8","m1",-0.0633551378971712,0.188336497707465,-0.215190696664183,0.583194372492084,-0.650919366952187
1161,13606,"s8","m1",-0.213115098050033,0.118511231979578,-0.313581162766025,0.47592156805571,0.156781833107621
1162,13611,"s8","m1",-0.217583967594829,0.114602182101663,-0.362739774000223,0.475261125699968,0.85834607148262
1163,13632,"s8","m1",-0.185065282255554,0.0998099401351318,-0.084564035955069,0.49611256673591,0.467073696555333
1164,13636,"s8","m1",-0.0406664315190212,0.221384425535127,0.0701221088120055,0.588283253507925,-0.894577351860493
1165,13649,"s8","m1",-0.0438412106639113,0.263200126385863,0.183056691148573,0.68804506576467,-0.177439253475781
1166,13655,"s8","m1",-0.266339503024103,0.135118962284133,-0.291721669233851,0.527825884596266,0.23769791301388
1167,13657,"s8","m1",-0.050626074764391,0.262141002191098,0.00151541854364441,0.699876117615144,-0.578055601916072
1168,13677,"s8","m1",-0.0444890475521137,0.252829700991521,-0.0570037780457854,0.567798105182355,-0.519912387882139
1169,13683,"s8","m1",-0.177086732804127,0.113645703134695,-0.327596996033259,0.555341256520835,0.0407492926876152
1170,13694,"s8","m1",-0.0496144125351503,0.262896419745256,-0.113427005807956,0.638266319478356,-1.03307347123236
1171,13702,"s8","m1",-0.0958947402667349,0.245227970939545,-0.0721946909777834,0.554989417477734,-0.188261922331314
1172,13733,"s8","m1",-0.192666085127994,0.0931610522331681,-0.330272130885266,0.462327271708775,0.308976510398514
1173,13741,"s8","m1",-0.0358208294992544,0.191697876203056,-0.0101566759658389,0.536629787086467,-0.319861695860388
1174,13749,"s8","m1",-0.132341367872823,0.188255311080743,0.0130042794297981,0.62140904738996,-0.0628005689851915
1175,13759,"s8","m1",-0.0912561605194574,0.197348306362795,0.0134974450913805,0.499842737036925,-0.467968358633624
1176,13760,"s8","m1",-0.195046255605452,0.167882134557466,-0.216623930990394,0.536180067192157,0.388402027631624
1177,13761,"s8","m1",-0.182175726199814,0.162219880548594,-0.353247180644161,0.492204045915481,0.160043024564709
1178,13764,"s8","m1",-0.043940895809721,0.256501896281849,0.0551093691675125,0.608410224266257,-0.622504866279412
1179,13769,"s8","m1",-0.119480541631945,0.159419068511891,-0.105173364610539,0.610046456053767,0.0715237514789101
1180,13780,"s8","m1",-0.0576944913968321,0.256188060783881,0.169865369607326,0.689535224002986,-0.784619228803046
1181,13788,"s8","m1",-0.206787452345207,0.076758922924225,-0.400271119527232,0.434523319818632,0.390995320351878
1182,13872,"s8","m1",-0.20925075226275,0.151236012939596,-0.0180529208668853,0.531543030361969,0.50819603736673
1183,13878,"s8","m1",-0.15220302839613,0.24627991000304,-0.0258152703056132,0.668565508076235,0.297987631680257
1184,13882,"s8","m1",-0.140283018642377,0.185396775245123,0.0643619792054953,0.548206001912606,0.195456260223392
1185,13884,"s8","m1",-0.00897117833446763,0.246422390748227,-0.0819908526310438,0.646275032881376,-0.890498647964047
1186,13894,"s8","m1",-0.139272412447133,0.189677627506768,-0.1968373353665,0.580778829650886,0.203136749430046
1187,13901,"s8","m1",-0.0998679793738464,0.188174144639753,-0.136264745979534,0.537202280910529,-0.372679000829102
1188,13933,"s8","m1",-0.0521348271779844,0.216018705551465,-0.1600319918592,0.51209603545153,-0.445046192865068
1189,13938,"s8","m1",-0.0434641411929665,0.293312180808074,0.137651964443081,0.633525070782385,-0.69061270222294
1190,13940,"s8","m1",-0.0585589919357398,0.20751828685496,0.030607474003856,0.412385443873314,-0.348078972845912
1191,13951,"s8","m1",-0.0784854499304648,0.197475257142954,-0.0454623438906454,0.550954288860029,-0.423460104920692
1192,13961,"s8","m1",-0.129320612184379,0.145442333000038,-0.0957841722262661,0.534075329973149,0.27507277301781
1193,13974,"s8","m1",-0.0272740669770619,0.272845797443873,-0.0172874963830755,0.649467103943131,-1.02333305053258
1194,13979,"s8","m1",-0.0824702630533054,0.272901026109628,0.114801846540414,0.632042834916781,-0.133860597544689
1195,13987,"s8","m1",-0.180202243917287,0.0715617497073003,-0.114308671881932,0.434787025302015,0.334791408852615
1196,13995,"s8","m1",-0.132990604222537,0.155712075421483,-0.101599734935555,0.54942957041874,-0.37016083099948
1197,13997,"s8","m1",-0.168098947049628,0.208592846266221,-0.226208880838376,0.553825400297556,0.254966367764082
1198,14004,"s8","m1",-0.12957149636485,0.192173930181537,0.0532216781053735,0.553532709442796,-0.312760446154994
1199,14007,"s8","m1",-0.101476301086223,0.175689893764657,-0.0149985918986596,0.525911845896656,-0.722778875501115
1200,14023,"s8","m1",-0.208986469868242,0.135292859348605,-0.129786432149834,0.562948928221588,0.237405872328402
1201,14045,"s8","m1",-0.178620991804371,0.0895585815602165,-0.393884976500655,0.570043626175373,0.342236460648447
1202,14071,"s8","m1",-0.11647052644484,0.253891400678427,-0.188971679732861,0.647425317777303,-0.0907157917935293
1203,14079,"s8","m1",-0.0776948221759515,0.271800784257727,0.0556891658551774,0.610197510874129,-0.623069858289633
1204,14088,"s8","m1",-0.125735483191276,0.141766857895977,-0.146600079462289,0.542699645185435,0.135837265747428
1205,14092,"s8","m1",-0.170907854239746,0.139951901624145,-0.0909696544934012,0.553601076457888,0.0151809020069069
1206,14126,"s8","m1",-0.139005227497751,0.157064057301298,-0.357631451933387,0.547547619744051,0.156349500461493
1207,14141,"s8","m1",-0.153611087677303,0.106154935155976,-0.204040289390627,0.55790467420903,0.35830941688781
1208,14145,"s8","m1",-0.0854873851388998,0.256400622515269,-0.118435983260107,0.603639458138798,-0.745067612322559
1209,14184,"s8","m1",-0.195631662519822,0.134261525991124,-0.172057250550419,0.533953407114988,0.4528540303462
1210,14203,"s8","m1",-0.195492279074003,0.11625374646694,-0.17532653506136,0.484473352196465,0.591182922204815
1211,14222,"s8","m1",0.020130687237088,0.303150001539202,-0.00328656270561702,0.6936354338478,-1.26789258255757
1212,14225,"s8","m1",0.00330114873865868,0.273499940608116,0.143800478583158,0.648597589047642,-1.38867040291874
1213,14229,"s8","m1",-0.00930502590550076,0.293665331877614,0.197355214148487,0.610901035028161,-1.06836913548018
1214,14231,"s8","m1",-0.0686483110309669,0.177372061421885,-0.208336709712129,0.617176306689328,-0.25740977093579
1215,14232,"s8","m1",-0.205804651361224,0.210950679478699,-0.296587078060641,0.524752695497881,0.609274909394105
1216,14269,"s8","m1",-0.120382865435166,0.156490761107033,-0.255273545236157,0.663221110341945,0.156085944288191
1217,14317,"s8","m1",-0.121023141015574,0.198876463692886,0.114389752968421,0.586384593356019,-0.178440718243324
1218,14319,"s8","m1",-0.0759385538956782,0.162875154699779,-0.153688957097312,0.486427177541957,-0.320246347899891
1219,14348,"s8","m1",-0.194607722198793,0.249257970574271,0.159887525138668,0.627234342895546,-0.0116614134331199
1220,14350,"s8","m1",-0.155178357268783,0.198360689595699,-0.0160865398631403,0.569806016106905,0.260828416376474
1221,14364,"s8","m1",-0.228060607354855,0.113762859600305,-0.34800455599723,0.417250933250514,0.046407825851435
1222,14381,"s8","m1",-0.128678497183609,0.175806814782531,-0.163136941482125,0.59012838844115,0.0130627403266544
1223,14395,"s8","m1",-0.116473325438064,0.158607556598253,-0.0590688222724105,0.529220609945415,0.137470645738938
1224,14397,"s8","m1",-0.0321597432580909,0.217384498738291,-0.01046932794693,0.631822974439487,-0.392572837846208
1225,14456,"s8","m1",-0.206471835112588,0.0960239448796675,-0.0829211491899297,0.587734654946796,0.71940879066076
1226,14460,"s8","m1",-0.072183363739115,0.201848321478901,0.166982512142983,0.645468387267305,-0.323875173951021
1227,14465,"s8","m1",-0.111271806170839,0.109702724932601,-0.0981509951748487,0.485172387433395,-0.205190795211696
1228,14492,"s8","m1",-0.0277107150469796,0.196683172321561,0.0824218510706706,0.617647386845672,-0.676293078432719
1229,14496,"s8","m1",-0.116060717514337,0.199251119378626,0.0634000332345747,0.68368007019883,-0.173047430163371
1230,14512,"s8","m1",-0.185057805843212,0.18909084259294,-0.0917345379421198,0.513869160961922,0.539250531977676
1231,14517,"s8","m1",-0.0945497194288748,0.177075050369312,-0.177333171383784,0.585619998523019,-0.0254512952118473
1232,14524,"s8","m1",-0.0524136487030405,0.299130149277338,-0.0465411888588064,0.707661177574474,-0.306833895087904
1233,14534,"s8","m1",-0.158023800970283,0.146232789603662,-0.0497160245754462,0.530239978088905,0.131016946743611
1234,14543,"s8","m1",-0.15658957024984,0.163075859222201,-0.0256894534079229,0.508294384382896,0.19909128405939
1235,14568,"s8","m1",-0.119167514254465,0.212591162929298,0.0241575536380007,0.578068599828379,-0.260456794143699
1236,14581,"s8","m1",-0.0816152309636284,0.144770438099513,-0.128093112673089,0.492078495538547,-0.407324124580607
1237,14632,"s8","m1",-0.11030454461576,0.232257781810893,0.00899622397646427,0.670145097416707,-0.070515272569922
1238,14655,"s8","m1",-0.0712970085588916,0.190724693833436,0.133933933162635,0.590997723567175,0.0602457681126678
1239,14688,"s8","m1",-0.0554593906712053,0.205294476434784,-0.00892582016666401,0.598290186665044,-0.552916723960563
1240,14692,"s8","m1",-0.097573931614972,0.189684186638806,-0.0083588227457697,0.572369607527519,-0.103771918334688
1241,14701,"s8","m1",-0.199494507422401,0.146546763276741,0.0467755192509086,0.564192577021792,0.32919802541895
1242,14718,"s8","m1",-0.0198788456517653,0.244766424273108,-0.0457186786097494,0.65293183250451,-1.15899760931476
1243,14740,"s8","m1",-0.259396810809997,0.0619752135538486,-0.296889266519018,0.353855735830848,0.477007621169354
1244,14745,"s8","m1",-0.0324912194870354,0.262351522899149,0.185803868152898,0.566968051331785,-0.370077264384651
1245,14747,"s8","m1",-0.131299283355807,0.172338809758871,-0.201499805049706,0.526458566263643,-0.111206236935823
1246,14748,"s8","m1",-0.115898465546796,0.159188926241675,-0.137401014903726,0.602855833887871,0.035646748506787
1247,14761,"s8","m1",-0.20641578536637,0.119788204829826,-0.219573282152537,0.522157776854073,0.441425353596857
1248,14803,"s8","m1",-0.135353217809686,0.235122716570374,0.0633808264535857,0.60357423775307,0.530671889032838
1249,14804,"s8","m1",-0.235446523189017,0.131192050396349,-0.187191988715267,0.558317126375669,0.424446987036063
1250,14809,"s8","m1",-0.0901034928917024,0.284867671909421,0.133561888378938,0.652686893783654,-0.379046276744064
1251,14835,"s8","m1",-0.0773357843867307,0.240447528158883,0.113492130469987,0.629657128434044,-0.412101083247059
1252,14849,"s8","m1",-0.168563948483414,0.15250941756845,-0.241933380219526,0.582563835953101,0.584477054172865
1253,14867,"s8","m1",-0.138456726419729,0.0979750638733384,-0.223608537481581,0.474565261010592,-0.0909625948349301
1254,14906,"s8","m1",-0.0819751956187308,0.156519968619069,-0.208553980026051,0.551119951285247,-0.310955665933255
1255,14912,"s8","m1",-0.0388689823034219,0.194472463969999,-0.0355455843889438,0.602275691664321,-0.490447937802471
1256,14931,"s8","m1",-0.086093246636854,0.215412383902609,-0.0384570483385759,0.656905491217276,-0.0892805878793749
1257,14933,"s8","m1",-0.0394780907379531,0.225693515637827,0.0907735069878588,0.701439259341642,-0.627156593151265
1258,14950,"s8","m1",-0.118559502564288,0.128703172719582,-0.150821084020637,0.537339357597908,0.177675607443031
1259,14962,"s8","m1",-0.11782694925354,0.157692418597598,0.0070074828773983,0.54686867905509,-0.567630788547671
1260,14965,"s8","m1",-0.0861560026600655,0.187048684388492,0.056335659368888,0.522785664215596,-0.0460870566956838
1261,14973,"s8","m1",-0.00692314586344041,0.24914972338434,-0.108331793676699,0.592804170460633,-0.952797700991462
1262,14981,"s8","m1",-0.127393532159282,0.22921042338233,0.0492661445616352,0.629263240143919,0.0656991938020943
1263,14995,"s8","m1",-0.105415955367241,0.227677405120276,-0.0559788598138383,0.620813646611192,-0.00733456490792556
1264,15008,"s8","m1",-0.091418685992059,0.217401679416937,-0.0323295229667783,0.616922919825983,-0.173297729633545
1265,15012,"s8","m1",-0.233503232506957,0.0914995103355743,-0.394517436707237,0.578987342919349,0.464930900170882
1266,15019,"s8","m1",-0.0765159424418237,0.186382932247952,-0.0837123449898559,0.553822228937033,-0.558165147417747
1267,15023,"s8","m1",-0.155099329619921,0.18044412128128,-0.158500772894182,0.607843458567093,0.200468997809333
1268,15026,"s8","m1",-0.0250180741074851,0.243548787666425,-0.029965289638918,0.611986021361436,-0.835675177741116
1269,15027,"s8","m1",0.0260936737169156,0.277467068997811,0.0328262102470232,0.710969203538252,-1.00219410368144
1270,15048,"s8","m1",-0.122356027492049,0.147340265277811,-0.120125644745548,0.543900920301652,0.0157217515761291
1271,15051,"s8","m1",-0.0944868229584041,0.219487146574644,0.0231959120068918,0.575927312255533,-0.657400954767873
1272,15076,"s8","m1",-0.138218770721804,0.168433653284528,-0.134327910287858,0.510651573620651,-0.0201062335974083
1273,15079,"s8","m1",-0.110208967422542,0.234427987586402,-0.125855789802651,0.655022268381353,-0.0978854629337929
1274,15084,"s8","m1",-0.0201973301236939,0.257554255914812,-0.0932008740038371,0.6960301612033,-1.24517326649963
1275,15104,"s8","m1",-0.147526998355868,0.221337491682972,-0.0797037820752864,0.551261973736898,0.271198163450573
1276,15146,"s8","m1",-0.211874655772438,0.111810482069003,-0.161608792714045,0.590988931618502,0.804278597992878
1277,15181,"s8","m1",-0.0823971137481633,0.214608125042958,0.072233300173093,0.553878634663148,-0.770015921564723
1278,15194,"s8","m1",-0.106183891239187,0.187443372607188,0.15003273245891,0.576357671887434,0.212087793335094
1279,15217,"s8","m1",0.0177742140596485,0.327583860602964,0.215699236039594,0.723209783832841,-1.15476309279325
1280,15227,"s8","m1",-0.113931868241838,0.170876959031911,0.0153017242677638,0.611812750878696,-0.122967721719541
1281,15271,"s8","m1",0.00132892490447715,0.232509922153511,-0.0566417333031581,0.607411478250948,-1.1845302531188
1282,15275,"s8","m1",-0.0716589485890931,0.265849762193969,0.10643438703229,0.696437650982426,-0.00998223811345915
1283,15278,"s8","m1",-0.1359140482471,0.263523844337413,-0.125191929934456,0.619292746555917,-0.620988314259236
1284,15281,"s8","m1",-0.142188537909803,0.184893237429826,-0.124700152009882,0.587206473739135,-0.222942860741047
1285,15305,"s8","m1",-0.079919486638877,0.182357793051006,0.173157712517534,0.564682361182352,-0.380595177576236
1286,15309,"s8","m1",-0.0932537939450633,0.173728837415247,-0.124512531816165,0.623034706051826,0.176515508099431
1287,15319,"s8","m1",-0.0318552896127626,0.251578627473389,0.0541055001891532,0.631089002876523,-0.600949169616133
1288,15331,"s8","m1",-0.0400457480400157,0.250138770532509,-0.0984116560841982,0.62407503224326,-0.790135885742184
1289,15337,"s8","m1",-0.110138955422049,0.159531840306721,-0.530706407745912,0.619311735007045,-0.381249299492047
1290,15348,"s8","m1",-0.182841691068257,0.13391865795172,-0.165926610109258,0.485344880042739,0.417397109980604
1291,15352,"s8","m1",-0.0886326296220705,0.274779492847429,-0.13159272508148,0.593184087404503,-0.575618712381799
1292,15353,"s8","m1",-0.197789654852646,0.127932508259118,-0.396178718372317,0.494775141047237,0.049482270846439
1293,15373,"s8","m1",-0.101012669117179,0.185300300081523,-0.03717602470646,0.619947453905919,0.116404981324313
1294,15391,"s8","m1",-0.247269044365532,0.14098250267203,-0.249282631302053,0.507979852875535,0.561024182896289
1295,15394,"s8","m1",-0.185697708357933,0.0738432294071003,-0.243202012607499,0.416061167040796,0.328851358612845
1296,15404,"s8","m1",-0.111565660447903,0.232705000928903,-0.284846128257728,0.657879320175681,-0.420079403664449
1297,15413,"s8","m1",-0.0258291404886026,0.257755663389282,0.178368381241141,0.633936369004027,-0.448399349614292
1298,15424,"s8","m1",-0.164896328272108,0.190557270469993,-0.0100766697813872,0.563663510472601,0.18328523455397
1299,15430,"s8","m1",-0.138012465980628,0.149801864703624,-0.138300297279187,0.521202426174805,-0.114941213652828
1300,15448,"s8","m1",-0.143171240575727,0.198283209857365,-0.174006005237331,0.603886419886467,0.0937118893967265
1301,15449,"s8","m1",-0.169807472026541,0.142526058281329,-0.242368621952723,0.529859417161999,0.0504416164006887
1302,15451,"s8","m1",-0.0314232313186028,0.198865619161661,0.0947182328581997,0.63203619687599,-0.462320231425299
1303,15452,"s8","m1",-0.0178393717915501,0.285310593944827,0.104601305642346,0.720522415302248,-0.374864216947456
1304,15466,"s8","m1",-0.0140818031174,0.228486154558537,-0.136585020643814,0.555909626867149,-1.23622782118706
1305,15471,"s8","m1",-0.185339509887082,0.157212461275881,-0.180129409090703,0.522601706448041,0.34338371380388
1306,15508,"s8","m1",-0.0873764913390269,0.158271106769899,-0.136204817923467,0.558502845091291,-0.13866082512079
1307,15532,"s8","m1",-0.176148293025463,0.209618106331588,-0.0519196183665537,0.669319800826591,0.0879426556672088
1308,15539,"s8","m1",-0.146997056866243,0.127194730325705,-0.224591894258567,0.648821348043957,0.335671978631386
1309,15548,"s8","m1",-0.140286605835403,0.170865190675609,-0.068304505855155,0.424773802813123,-0.147010054726158
1310,15553,"s8","m1",-0.0758603256223307,0.186009542971938,-0.122473102635498,0.598615750393117,-0.041333068345141
1311,15581,"s8","m1",-0.00411313636409973,0.248576925408899,0.165032042046126,0.553220467544029,-1.10108351187824
1312,15594,"s8","m1",-0.0576339040605003,0.260102077013418,0.0916247383488745,0.673858327015686,-0.353963274661084
1313,15595,"s8","m1",-0.0216864403567487,0.193302192825528,0.112967382609065,0.552798588684139,-0.436741094758651
1314,15604,"s8","m1",-0.09080695332903,0.191078406756917,-0.0448899283706626,0.611987562907592,-0.606837550341463
1315,15609,"s8","m1",-0.137061498822228,0.144416584437676,-0.00940325904132971,0.538867652620958,0.0108892771125669
1316,15623,"s8","m1",-0.0821170933928359,0.199355825831153,0.02052921065406,0.722111177279761,-0.0648228640218544
1317,15624,"s8","m1",-0.156194230611294,0.216873260196511,-0.0354161038202345,0.609107818023017,0.186888797045149
1318,15628,"s8","m1",-0.0694208586175241,0.229285881911207,0.0654190958552538,0.577908014377873,-0.406129566859312
1319,15640,"s8","m1",-0.125167489131401,0.159850683732429,-0.294828206020029,0.526398343685735,0.00703719173121966
1320,15649,"s8","m1",-0.211767196777915,0.136509551253882,-0.183496779190299,0.579486862979203,0.598237322474156
1321,15665,"s8","m1",-0.188296351338936,0.111882700359269,-0.252650607182421,0.460145228021762,0.0547920621781127
1322,15677,"s8","m1",-0.0231353005695738,0.240971744072701,0.127021247294688,0.697273444838712,-0.963819994646442
1323,15692,"s8","m1",-0.156531940523742,0.127465279659611,-0.02873006145826,0.640317892659086,0.131319055582442
1324,15700,"s8","m1",-0.122385067728581,0.195517318882197,-0.185271518262311,0.612300751938368,-0.0234883160248969
1325,15716,"s8","m1",-0.105254103255069,0.195131517022313,-0.0635107208541738,0.563472911161895,-0.100440473704336
1326,15753,"s8","m1",0.025594180169377,0.27532522002425,0.095884368917062,0.700990578369593,-0.977015965997418
1327,15766,"s8","m1",-0.00727891588531438,0.270520770521159,0.154885847760077,0.735570253441003,-0.561301180628205
1328,15768,"s8","m1",-0.113634411076416,0.183754629624424,-0.0863444150102849,0.586293589888432,-0.0790658900532402
1329,15786,"s8","m1",0.00590995341460488,0.32041216938363,0.177602514686684,0.615034869531537,-0.770970455688806
1330,15796,"s8","m1",-0.122991547647589,0.209510712914913,0.0112960898988073,0.54023784927569,-0.60064750569245
1331,15835,"s8","m1",-0.0519416338894975,0.18537503651572,-0.130202760646844,0.61588559436267,0.00494058907678198
1332,15841,"s8","m1",-0.196732403493916,0.11121856848044,-0.303739905274924,0.430861858332828,0.178139029155475
1333,15845,"s8","m1",-0.0441753002297717,0.227207782297514,-0.0964060873296079,0.673072485167505,-0.404839316062769
1334,15856,"s8","m1",-0.163650132745443,0.14264116355774,-0.313865757097564,0.534518896174399,0.150490097908228
1335,15865,"s8","m1",-0.224492901514406,0.100213309683662,-0.315422024013835,0.515950770368665,0.622539320380523
1336,15877,"s8","m1",-0.0555978834183314,0.233468322872164,-0.0341445644980558,0.628097819646674,-0.090941478278975
1337,15883,"s8","m1",-0.129785234264465,0.249853446635283,0.0928507950391736,0.62524076321976,-0.143734982299395
1338,15891,"s8","m1",-0.111345397549496,0.252096955874317,0.0101252994961108,0.673647782315018,-0.0248048819162445
1339,15892,"s8","m1",-0.124782322730986,0.251031012446216,0.0249554178563408,0.664355938462461,-0.0409160781891244
1340,15895,"s8","m1",-0.120696554427705,0.162683047498276,0.0945053954993522,0.498239378493792,-0.24224581333455
1341,15911,"s8","m1",-0.0921861709435675,0.239697174498495,0.0373083153145382,0.662760159653526,0.064670897273934
1342,15912,"s8","m1",-0.241240588724496,0.0702930906286474,-0.244138170838707,0.481025932702083,0.52552106153678
1343,15918,"s8","m1",-0.203894041303128,0.156466478061405,-0.0655835479204657,0.585332769110447,0.432865449760115
1344,15932,"s8","m1",-0.231322307615474,0.145832058749144,-0.251378095265046,0.50345935660283,0.561289307999172
1345,15945,"s8","m1",-0.0879462053280619,0.244774504398313,0.209276629140982,0.638409255611446,-0.339066836989626
1346,15950,"s8","m1",-0.120958186309329,0.131114452373417,-0.049078348865241,0.539405441826886,-0.136221237079297
1347,15964,"s8","m1",-0.0506741142204378,0.248384353253292,-0.0214212639666734,0.710924124407561,-0.353230562535131
1348,15966,"s8","m1",-0.0090896961674398,0.262600159568976,0.207207560803755,0.685648546373071,-0.691516805813665
1349,15988,"s8","m1",-0.113709074836622,0.172568184093477,0.102322982381973,0.57587367042218,-0.0173647872455434
1350,15995,"s8","m1",0.0798296027201626,0.290143092998156,-0.0245838663380036,0.723220904353831,-1.08058671703838
1351,16005,"s8","m1",-0.103681775961093,0.165316529887668,-0.111199609419016,0.521364118620071,-0.305104492456151
1352,16006,"s8","m1",-0.121291709853798,0.189223965052977,0.0713390266860585,0.620389364981199,0.137953244134691
1353,16009,"s8","m1",-0.103022971872357,0.246400901481521,-0.219820394202037,0.5791137648136,-0.336815854879888
1354,16017,"s8","m1",-0.100673044854465,0.168250342477801,-0.228096965693876,0.596306657292335,-0.0468817619374805
1355,16023,"s8","m1",-0.0228182950897181,0.241430058968644,-0.0281233329070469,0.564535194665985,-0.704828878075465
1356,16028,"s8","m1",-0.184277180406207,0.169643162543615,-0.122146202841204,0.522798527894347,0.0663881340429685
1357,16032,"s8","m1",-0.11607182938443,0.159850031081355,-0.0855679070121176,0.586351745406173,-0.210562343236365
1358,16034,"s8","m1",-0.152860126517328,0.133892017503842,0.00196157608257445,0.506982096945332,-0.169139957319824
1359,16038,"s8","m1",-0.028272387451616,0.261784964388819,0.0245230569570796,0.567692020610623,-0.802762139725605
1360,16045,"s8","m1",-0.152570674875367,0.139571794417114,-0.394834164425379,0.496428787181318,0.13294189771136
1361,16046,"s8","m1",-0.136134660237787,0.105160869139101,-0.239428845235895,0.508230951074471,0.100708202792263
1362,16047,"s8","m1",-0.0332063099043216,0.270368215004092,-0.00355299226801562,0.639823547635678,-0.373427854439955
1363,16050,"s8","m1",-0.0923376390601594,0.224356723043361,0.0586548742068987,0.655716147588359,-0.435199625900935
1364,16064,"s8","m1",-0.166283556178455,0.165507649987404,-0.0700754966293833,0.655428007895321,0.478633613635169
1365,16076,"s8","m1",-0.0760753105956463,0.192914881468952,0.0238693030318263,0.587086398962193,-0.490119192938019
1366,16077,"s8","m1",-0.0909475262494057,0.183582741979619,-0.014534923349333,0.615994034712931,0.0145647912896934
1367,16116,"s8","m1",-0.151173399488415,0.0961215048899607,-0.275430814876068,0.54492974197924,0.524123545985243
1368,16139,"s8","m1",-0.145787145620806,0.174617646484819,0.0517423655404317,0.593222358818078,-0.283339271512766
1369,16159,"s8","m1",-0.135453666078864,0.162154900993336,-0.106008946571716,0.506145330137175,-0.0672546867765322
1370,16197,"s8","m1",-0.00332492852409118,0.280790705161285,0.0753492958649275,0.748880850871763,-0.778599958659118
1371,16202,"s8","m1",-0.151901841611354,0.1688158794184,0.073792223703146,0.574599622416856,0.128408143646892
1372,16219,"s8","m1",-0.154376592231024,0.190210339371054,-0.103531364701364,0.554900742072574,-0.167158978355799
1373,16220,"s8","m1",-0.029729628540046,0.209023312348699,-0.0899726998951456,0.623753112968525,-0.731580053302932
1374,16221,"s8","m1",-0.0397753233381195,0.266585802526165,0.0845937051321591,0.517031926843968,-0.534123023581042
1375,16265,"s8","m1",-0.0297669891261573,0.168328212948158,-0.0280832491437161,0.532376132753,-0.250040662546258
1376,16268,"s8","m1",-0.142240593784951,0.224899888699938,0.063245516594687,0.625870527276278,0.122671606075761
1377,16272,"s8","m1",-0.0287072538105031,0.234321404842593,0.239091531459902,0.59594585672731,-0.412444422919671
1378,16300,"s8","m1",-0.137597953376462,0.1731731642118,-0.193679095331181,0.512518109783387,-0.588949600921903
1379,16309,"s8","m1",-0.116981536352076,0.12831324143232,-0.00149185347533081,0.513671445715288,0.172616049568562
1380,16313,"s8","m1",-0.249661668536853,0.14349641531669,-0.106411576022571,0.489166276706617,0.500140212260057
1381,16325,"s8","m1",-0.0480602526964295,0.219893093484801,0.130984856739731,0.552997498767676,-0.396883304675333
1382,16338,"s8","m1",-0.198393682458569,0.117342502682342,-0.105075194576026,0.474023823598649,0.0410820121584503
1383,16349,"s8","m1",-0.159397357571366,0.19667344151596,-0.103157345720802,0.51780257755762,-0.00199855897988199
1384,16353,"s8","m1",-0.138443902920499,0.201125594650775,0.0277529949977612,0.594305626265666,0.243946336094697
1385,16364,"s8","m1",-0.0167670923643076,0.298056625536283,0.0854983431613546,0.703676808800003,-0.286439479184758
1386,16377,"s8","m1",-0.0902015642167068,0.188300941890346,0.0136267240741412,0.599538919972522,-0.62554344699658
1387,16409,"s8","m1",-0.135886268272904,0.15641780909738,-0.129398658359602,0.571033085339613,0.240130486021791
1388,16417,"s8","m1",-0.157650042763775,0.114510689669318,-0.267048167514475,0.423375671153098,0.0834102605542688
1389,16432,"s8","m1",-0.122240561443234,0.172621495930215,-0.152465011757336,0.508851857531448,-0.0695453927298068
1390,16436,"s8","m1",-0.134000871907103,0.169692111381555,-0.443287138892403,0.517404004144841,-0.0102538974784063
1391,16454,"s8","m1",-0.0016972987992331,0.313033472670441,0.149069888589699,0.683350066222546,-0.991527656797098
1392,16476,"s8","m1",-0.0703552384081647,0.223915074960982,-0.0771202067196073,0.587090784215031,-0.162665968337571
1393,16484,"s8","m1",-0.185489740701536,0.146734393246094,-0.274393765582829,0.590208368627911,0.411194659780376
1394,16488,"s8","m1",-0.105843024877373,0.113123108876507,-0.166966226025427,0.452634481212474,-0.0620862541806064
1395,16494,"s8","m1",-0.214236259605141,0.112389469133631,-0.29197227072354,0.457214915238839,0.303892254061043
1396,16495,"s8","m1",-0.0964410531116172,0.228513980174755,-0.179983985227844,0.58451513122658,-0.213373428835354
1397,16505,"s8","m1",-0.205204384522812,0.0482879945751932,-0.138675471100679,0.359994483916037,0.660503580153393
1398,16515,"s8","m1",-0.180487682053084,0.145131934831887,-0.139562974523207,0.49153767229832,0.135796075421057
1399,16520,"s8","m1",-0.0470051024017449,0.228032781377344,-0.126784865634495,0.60024972289946,-0.225275077863873
1400,16523,"s8","m1",-0.0370982679365503,0.250114315051334,0.141517881140202,0.667410647995616,-0.712186932267971
1401,16528,"s8","m1",-0.0937005446378549,0.246208849199968,-0.00285708906031406,0.581157388108238,-0.13041541374962
1402,16530,"s8","m1",-0.131556224399487,0.174062543679161,-0.147112588575921,0.549960289641155,0.238024954085986
1403,16551,"s8","m1",-0.152329718044392,0.103625578932653,-0.332577675048819,0.516586714468314,0.132966260469677
1404,16552,"s8","m1",-0.00996326682797264,0.325714495731854,0.155967957235937,0.682707041141311,-0.676702115053503
1405,16562,"s8","m1",-0.157575042952016,0.236137308665079,-0.00555454387704086,0.552567192794843,0.318542334446376
1406,16568,"s8","m1",-0.119036530516679,0.194766098315729,-0.195881471060481,0.629200425996529,-0.351571628451778
1407,16577,"s8","m1",-0.0429715508174742,0.166294548368074,0.0468064110821353,0.613859698109389,-0.515416702112489
1408,16578,"s8","m1",-0.136495619552785,0.153262383123181,-0.021723338060906,0.598971200225519,0.229730162049753
1409,16593,"s8","m1",-0.19328086424338,0.0960038901065904,-0.204057951559538,0.504196524188726,0.141331272801448
1410,16596,"s8","m1",-0.0503073487844799,0.189269771310469,-0.225982002234252,0.629915502991337,-0.210550746646954
1411,16598,"s8","m1",-0.197983555179249,0.159933268381384,-0.335964585414817,0.569012545289191,0.290431102271878
1412,16617,"s8","m1",-0.0764379284720108,0.217629598380436,0.0503004735974047,0.631075367567694,0.0758835796792848
1413,16618,"s8","m1",-0.0535497113941508,0.195714609514428,-0.0210823153894138,0.611035691430904,-0.399859035169303
1414,16623,"s8","m1",-0.152860952521315,0.166447070523195,-0.0604375506405379,0.496954279700678,0.0509212698321916
1415,16628,"s8","m1",-0.13170296979295,0.255273883054322,-0.111794714168003,0.550917320004009,-0.607750200846358
1416,16633,"s8","m1",0.0275775992746267,0.255202404983123,0.128135509291734,0.645350827020447,-0.49034183593368
1417,16638,"s8","m1",-0.102701402601107,0.197979821073983,0.0946103918838348,0.612331288138489,-0.0491262189899928
1418,16657,"s8","m1",-0.00672890352282909,0.245578163374251,0.0731533454002607,0.560879689060921,-0.858914235698586
1419,16661,"s8","m1",-0.0606434999801963,0.213522826276529,0.0766008742255589,0.647609580471454,-0.524502905259634
1420,16667,"s8","m1",-0.0471205462318981,0.197761721193492,-0.145500559778249,0.649649012713643,-0.525938858236357
1421,16673,"s8","m1",-0.0984494073877258,0.260328474202161,-0.0889590003989187,0.534077456468033,-0.172630518058231
1422,16687,"s8","m1",-0.199981173392004,0.0257604411383419,-0.288195551378975,0.484573756871548,0.344224030925708
1423,16695,"s8","m1",-0.138280105368941,0.232179469168008,0.0883094640727471,0.690648267534728,0.350341362626994
1424,16704,"s8","m1",-0.128436239921743,0.173928646986951,0.0300665520460388,0.544748408636037,-0.099764044135817
1425,16719,"s8","m1",-0.198524086303402,0.162908593644013,-0.15810581165036,0.611090179019114,0.546229918722588
1426,16752,"s8","m1",-0.131420149911019,0.174816188342627,-0.0688849858853953,0.606505598264397,0.00959381092896954
1427,16774,"s8","m1",-0.0248633387729048,0.250016931784643,0.0662019396008818,0.621784444422853,-0.379479156754265
1428,16776,"s8","m1",-0.175612523960847,0.154614931683511,-0.323382610450436,0.637610889779971,0.137185153344999
1429,16784,"s8","m1",-0.161179845965003,0.162809325252998,0.0170524550393814,0.528936433090061,0.104275759181002
1430,16791,"s8","m1",-0.188971719441462,0.0866914736463496,-0.0769277496419377,0.506831466766229,0.583493761121157
1431,16792,"s8","m1",-0.203083084531661,0.143486230028541,-0.177260461094064,0.569252901131675,0.341595047782508
1432,16818,"s8","m1",-0.179875260618733,0.154008965647855,-0.16173450380357,0.638472373346384,0.420988953107896
1433,16864,"s8","m1",0.0198547708695459,0.296093851086804,0.0829314033537816,0.686914796268194,-0.57421529423817
1434,16869,"s8","m1",-0.0887825919715422,0.22245646617157,0.0955525781558404,0.609492243021606,-0.0515879796535472
1435,16879,"s8","m1",-0.125650431751933,0.174068238160319,-0.0517026695166274,0.537954463997593,0.148975439950939
1436,16883,"s8","m1",-0.0771106367031816,0.223144222444583,0.13226723392143,0.555819193711421,-0.353345522735566
1437,16884,"s8","m1",-0.195138865902912,0.201415687760888,0.0476159538250797,0.500896484641924,0.203899843890868
1438,16902,"s8","m1",-0.126768321133448,0.222651818813887,-0.0144372899946039,0.620057630916272,-0.0694177409587768
1439,16903,"s8","m1",-0.130632401205807,0.139336975395133,-0.0518176092872723,0.477789180551124,-0.219230028434545
1440,16914,"s8","m1",-0.112867869398061,0.138757214680064,-0.106829278208409,0.536330022449918,0.173181907853258
1441,16934,"s8","m1",-0.0461286614816029,0.246723949480961,0.121686024676778,0.614410801127951,-0.986620964598935
1442,16937,"s8","m1",-0.0482629626868687,0.239288133653121,-0.017727443717073,0.575883528590826,-0.875416137396206
1443,16949,"s8","m1",-0.0889852198704585,0.210538033571239,0.0782693191493199,0.602607608188837,0.107920715687917
1444,17004,"s8","m1",0.0245367530918995,0.291655040517193,0.0648234877663457,0.672493773094591,-1.13374295033468
1445,17013,"s8","m1",-0.239796357508779,0.0934894745815831,-0.248986510773422,0.569467722516158,0.434393720294908
1446,17014,"s8","m1",-0.108487660659631,0.186484963735285,-0.167363979615905,0.590961261413244,-0.205500519822329
1447,17035,"s8","m1",-0.0646545490905857,0.240690641033004,-0.0875630616419699,0.596000904965344,-1.00091180499018
1448,17037,"s8","m1",-0.124444432230686,0.194799749430428,-0.468623446047021,0.556488198839763,-0.417594581301027
1449,17068,"s8","m1",-0.0703538224253833,0.238501620865234,0.000957369627692532,0.596475908398412,-0.416654447501842
1450,17077,"s8","m1",-0.226614535475587,0.166295491328785,-0.13010048014129,0.591672898488436,0.292986017119831
1451,17078,"s8","m1",-0.165577757820387,0.20087975975585,-0.088903874488066,0.543621568042791,0.213733359938746
1452,17093,"s8","m1",-0.06105751164436,0.196329204319346,-0.171021158497083,0.596112813180383,-0.407808637349204
1453,17098,"s8","m1",-0.156097792207354,0.127946639166975,-0.17104639390482,0.526610594460999,-0.151168529999433
1454,17101,"s8","m1",-0.161369222386715,0.150387280002932,-0.397683894523821,0.596221351983922,0.177858909970472
1455,17106,"s8","m1",0.00588219958091437,0.252247012666231,0.225214791524588,0.672558617944715,-0.605497446553479
1456,17113,"s8","m1",-0.020349787291665,0.217976356828033,-0.0827723406494492,0.607626285898999,-0.415226413919411
1457,17120,"s8","m1",-0.23216567502862,0.0666989905607935,-0.496067458759446,0.468820918783001,0.352248712313009
1458,17124,"s8","m1",-0.130316856894959,0.18619200248618,0.0546867775719263,0.540557622999838,-0.151779002752875
1459,17134,"s8","m1",-0.123333714789211,0.207555282208068,0.0420668711560101,0.585301086894075,-0.20540353627225
1460,17159,"s8","m1",-0.0648585155708518,0.233864072772867,-0.0197127514584942,0.630337477343018,-0.0846787829172721
1461,17167,"s8","m1",-0.0850660914704854,0.226363779180261,0.0322337280203629,0.62043621067449,-0.129603843450822
1462,17193,"s8","m1",-0.131978638757859,0.207629923644484,-0.120646447581588,0.675807718036119,-0.0804134275118566
1463,17197,"s8","m1",-0.0524378372231696,0.244914535293371,0.0829743856614927,0.563657831039827,-0.936437124141884
1464,17199,"s8","m1",-0.172711985524931,0.143828922877781,-0.270723663814888,0.563240406700503,0.539501004206541
1465,17214,"s8","m1",-0.197252438090324,0.123166080880187,-0.175568837797554,0.577457100773377,0.398571217129204
1466,17215,"s8","m1",-0.0714499350888554,0.200577091126472,-0.0599862837617074,0.635192463692235,-0.318522852471123
1467,17241,"s8","m1",-0.188031770448785,0.11549214889586,-0.082305782524259,0.529777440717693,0.890145903249256
1468,17249,"s8","m1",-0.0928846053671757,0.208373897393005,-0.0748314920789948,0.611810790478222,-0.40907910036675
1469,17261,"s8","m1",-0.108663769873922,0.220423630081195,0.0122892741688273,0.604037144679618,0.13439354978143
1470,17262,"s8","m1",-0.197573423119564,0.173624262343082,-0.133289137291644,0.441011962576846,0.38221371782072
1471,17269,"s8","m1",-0.0702640705739275,0.211259615089903,-0.116392810944448,0.609864139673715,-0.186552577127843
1472,17277,"s8","m1",-0.170530191368281,0.120836507192042,-0.277775347922313,0.524302300404884,0.237572522076946
1473,17287,"s8","m1",-0.0540228414427905,0.205904558452378,-0.0577079228952333,0.624707586793985,-0.770760862227707
1474,17294,"s8","m1",-0.165510147488937,0.0900445997724464,-0.384154260024333,0.564063045662982,0.273951477555598
1475,17302,"s8","m1",0.0122299220383938,0.306125839440385,0.169185227031402,0.69148838060188,-0.880569377246083
1476,17315,"s8","m1",-0.250356268126196,0.0685447962036174,-0.292670404070991,0.528734162612704,0.775160550562627
1477,17319,"s8","m1",-0.206308620407642,0.15435125996479,-0.134792226761483,0.574975697482884,0.279365739039518
1478,17321,"s8","m1",-0.212530828096686,0.152938322827882,-0.261328224522634,0.537422284552388,0.204815819005286
1479,17341,"s8","m1",-0.0587700245140483,0.211952383613956,-0.0198858862378553,0.619040482966155,-0.20425551290918
1480,17361,"s8","m1",-0.134104424270256,0.167732433701038,-0.080368699899765,0.473567068608521,0.0794164274086636
1481,17369,"s8","m1",-0.177274846953296,0.129204561386243,-0.419803490430369,0.518767247259241,0.405913327825429
1482,17372,"s8","m1",-0.117924774880231,0.199822546287263,0.0384480181212596,0.621607154392841,-0.288648348144082
1483,17379,"s8","m1",-0.0984646209088975,0.293876735358085,-0.0772673691451572,0.635093927012331,-0.5699429958499
1484,17383,"s8","m1",-0.160747701402462,0.197628870074739,-0.0414823696358006,0.590422708854644,0.185024669191313
1485,17389,"s8","m1",-0.159592175082953,0.143168887625367,0.0643079469115411,0.59427096884735,0.276046388376823
1486,17397,"s8","m1",-0.23633310457977,0.0753468064976197,-0.493907644743392,0.438610435359945,0.615235555808199
1487,17401,"s8","m1",-0.178677039088065,0.144930844125271,-0.141640450813661,0.556486010780528,-0.292720825340317
1488,17444,"s8","m1",-0.100021941102204,0.203394125535498,-0.158675632039538,0.560478474462188,-0.491547138393775
1489,17452,"s8","m1",-0.145507438243239,0.164337556148048,-0.13687637861922,0.536935573677374,0.0707081041079035
1490,17455,"s8","m1",-0.257081022543298,0.105297441936542,-0.0862734336658894,0.488652421444693,0.754154112150353
1491,17469,"s8","m1",-0.24630886159342,0.102234024220484,-0.255529940779971,0.472672810395608,0.470655603791682
1492,17476,"s8","m1",-0.127752738299665,0.149013699540452,-0.185920800209669,0.568960884333832,0.212233339911061
1493,17484,"s8","m1",-0.0978307662843647,0.203665618664013,-0.00791950311405031,0.656614526958084,-0.150347824687877
1494,17506,"s8","m1",-0.198356552038725,0.116707767471935,-0.144246580389837,0.432255566101325,0.0249781344808742
1495,17508,"s8","m1",0.00428411649592634,0.194396071928745,-0.107689249676131,0.62985752443803,-1.61908792102882
1496,17525,"s8","m1",-0.06289507106131,0.238666420759311,0.202379590876611,0.643878832369042,-0.508863625215254
1497,17526,"s8","m1",0.0331359061920552,0.305231531610194,0.117962044070871,0.616452016537548,-1.81470552423183
1498,17548,"s8","m1",-0.175400707036174,0.138816749434622,-0.244470430952542,0.611075629028051,0.359389882061866
1499,17555,"s8","m1",-0.0884184671541218,0.226014663589166,-0.103793852054954,0.64677791685007,-0.325481814205658
1500,17568,"s8","m1",-0.0863668837594953,0.18657459990781,-0.0856638180580083,0.562068764942088,-0.531356671492443
1501,17578,"s8","m1",-0.177991736346416,0.167078118652033,0.0392887580661265,0.612782001695459,0.263719832204125
1502,17586,"s8","m1",-0.171770294961214,0.0925239851589098,-0.114915627873314,0.535877371908845,0.100745674093061
1503,17587,"s8","m1",-0.0845325642501886,0.204509252462928,0.132649087014658,0.532202247396788,-0.88721306549607
1504,17618,"s8","m1",-0.268514598074118,0.0766723475885667,-0.186438894836967,0.469693694354307,0.940812386582216
1505,17639,"s8","m1",-0.253490866963948,0.14540110834809,-0.0882726291366654,0.504014431661338,0.369387726816703
1506,17647,"s8","m1",-0.218634328746969,0.137623266508531,-0.166286378009626,0.489436249618717,0.029921908604993
1507,17652,"s8","m1",-0.0234943971166268,0.220996462371224,0.0691209750408233,0.567404966038834,-0.514042531667208
1508,17659,"s8","m1",-0.142369864445867,0.153705104475118,0.029546121309717,0.541374736326849,0.0892824183077052
1509,17671,"s8","m1",0.0533528393620504,0.317675004139675,0.234384157766099,0.616536778356867,-2.38403642727954
1510,17675,"s8","m1",-0.0773241528580157,0.190446187468576,0.0114790389184053,0.515151678109396,-0.525243410489949
1511,17696,"s8","m1",-0.150151499926854,0.223571113478028,-0.0804026975320269,0.587945360112178,-0.198326593627646
1512,17698,"s8","m1",-0.15074330351579,0.205052452216676,-0.0162055914144578,0.5326618072319,0.266203551624686
1513,17705,"s8","m1",-0.198993426895553,0.0773664350061208,-0.202369741922456,0.473928376307815,0.292079425477535
1514,17707,"s8","m1",-0.146131097518561,0.157246432205184,-0.21357418125191,0.61900563454959,0.195196959416683
1515,17718,"s8","m1",-0.266304826142319,0.106300852208632,-0.285029526823552,0.470385566694123,0.730207292836169
1516,17724,"s8","m1",-0.127458949059977,0.172518413887944,0.0918396745919236,0.543263380864584,0.281984181492266
1517,17758,"s8","m1",-0.0699027285133081,0.179117413721436,-0.140274108267207,0.620079375305636,-0.142977213434934
1518,17763,"s8","m1",-0.152149450959037,0.171945603932704,-0.160479837133944,0.529735369472546,0.251686218971678
1519,17774,"s8","m1",-0.0155549837326616,0.186227981649028,0.0499806605389687,0.624710657134674,-0.0763982576929065
1520,17794,"s8","m1",0.0323338258111464,0.305104003777257,0.305043653811828,0.64092403685738,-0.969214506905042
1521,17798,"s8","m1",-0.100807987542953,0.258904620154934,-0.015250293154495,0.579945241783035,-0.317414625158473
1522,17821,"s8","m1",-0.0756483550773234,0.213111154564093,-0.083986618463945,0.661954705589538,-0.287288808675813
1523,17828,"s8","m1",-0.0775403151318537,0.276491774579224,0.0311200269376615,0.688662243954719,-0.409726747144839
1524,17837,"s8","m1",0.00143110770534463,0.237941771267714,0.0534646699397607,0.614545547236054,-0.95008611563054
1525,17839,"s8","m1",-0.114501496573855,0.146944403288586,-0.0372402584519758,0.503672481841943,-0.0239726033771684
1526,17874,"s8","m1",-0.11917760728209,0.156533995695853,-0.0426390340012665,0.583572081810348,-0.0945137486447837
1527,17896,"s8","m1",-0.113780009197994,0.220635009602979,-0.245558507541863,0.613310331851552,0.0401683274005887
1528,17906,"s8","m1",-0.176211652917376,0.144434586369194,-0.232199471219745,0.517931855562852,0.106366889750119
1529,17936,"s8","m1",-0.173229836883874,0.142297567992007,-0.0601458601578547,0.509550577790472,0.170564585293447
1530,17959,"s8","m1",-0.0404977172075122,0.231885032644366,0.0320642575723777,0.68006276819776,-0.503482159394218
1531,17963,"s8","m1",-0.0483824388002455,0.264600075418609,0.12557274887563,0.613104389440278,-0.865950149435179
1532,17964,"s8","m1",-0.214020754048345,0.188002042203692,-0.0646427461527549,0.497869852708091,0.282021594702425
1533,17971,"s8","m1",0.00820572754390608,0.261600850498283,0.14805024388358,0.678371361522101,-0.602329842924966
1534,17987,"s8","m1",-0.154603855512701,0.161590888963027,-0.298629337693325,0.548301486199643,0.0589409659526417
1535,18003,"s8","m1",-0.290903472260576,0.100503413008158,-0.273654732166996,0.423481678491407,0.57415022661521
1536,18053,"s8","m1",-0.18560067759783,0.0846087989905174,-0.334900438945676,0.510734366295738,0.461161393269125
1537,18060,"s8","m1",-0.126247346634533,0.177922672783989,-0.138866223502919,0.675823688691863,0.00980530217711784
1538,18089,"s8","m1",-0.0493670139982776,0.206192963602022,-0.0746124456792295,0.546301415218745,-0.845393021199241
1539,18102,"s8","m1",-0.171571913302299,0.182815200775801,0.0576703153029595,0.601024780389904,0.201063471485337
1540,18103,"s8","m1",-0.208959650346479,0.167638280622334,-0.0736295859477104,0.629989455404966,0.605447106010606
1541,18128,"s8","m1",0.0465053884184512,0.266861519210571,-0.000433099076707984,0.661988658993947,-0.822781276688568
1542,18141,"s8","m1",-0.0114366584061133,0.249588214319749,0.12952170851966,0.657854500494904,-0.876043140818951
1543,18157,"s8","m1",-0.122196401370759,0.189250940187379,-0.179412925824194,0.570453660385415,-0.153989734551519
1544,18158,"s8","m1",-0.197070162571184,0.131608531159137,-0.305351334472418,0.593555829191506,0.239704876083792
1545,18165,"s8","m1",-0.163780480266595,0.154284112745282,-0.0841139974066785,0.600839978181521,-0.2795073793587
1546,18191,"s8","m1",-0.111683815082534,0.199378015779035,-0.0838367558218948,0.448225261241778,-0.238965918780049
1547,18194,"s8","m1",-0.068248313661141,0.200224288060465,-0.0855903584342561,0.508150202755816,-0.317679352785485
1548,18199,"s8","m1",-0.0786005411193551,0.245549406815606,0.037513758309451,0.633661578143373,-0.336647546135433
1549,18207,"s8","m1",0.010267094954028,0.236765077762542,0.0545564975209106,0.644048197663525,-0.610144663897921
1550,18244,"s8","m1",-0.155820100327134,0.151085999667819,-0.0901005575459222,0.610758595043054,0.285015928771435
1551,18264,"s8","m1",-0.232580494851956,0.117441643205404,-0.219896621200119,0.470934010686109,0.596590003378807
1552,18265,"s8","m1",-0.0861624532587482,0.220449996304666,0.00179773936905401,0.593488221302573,-0.453060954886411
1553,18301,"s8","m1",-0.197046556877385,0.0957845276861647,-0.255729662519148,0.513343898531165,0.139314781237973
1554,18309,"s8","m1",0.000425295975357072,0.258083592307833,0.123816629886224,0.712890183534437,-0.921147051101772
1555,18327,"s8","m1",-0.0936488052888923,0.250289527728931,0.202305143808586,0.629243901667664,-0.35707368400699
1556,18340,"s8","m1",-0.19765092403643,0.102319626460186,-0.258475720843143,0.474494099921251,0.354067841408138
1557,18350,"s8","m1",-0.22959854763776,0.074331781315098,-0.309098379421874,0.47658715193672,0.485118373730834
1558,18356,"s8","m1",-0.13510491144489,0.183831958894684,-0.0950754294707836,0.570063792089704,-0.420262417339119
1559,18365,"s8","m1",-0.146642519245324,0.148801599070766,-0.2660138933721,0.441895975820249,-0.481772714461559
1560,18370,"s8","m1",-0.0196077523731495,0.232875949519577,0.121098535403591,0.673852240840757,-0.303195152502411
1561,18377,"s8","m1",-0.0828096615923707,0.250776559308543,-0.177788229422853,0.58555961966482,-0.855672785037656
1562,18382,"s8","m1",-0.141834178779488,0.128871681731158,-0.161008740923135,0.597043666323231,0.446614856341933
1563,18394,"s8","m1",-0.189986504720098,0.214085282479337,0.0934540559032244,0.610881172433459,-0.0330479469905758
1564,18403,"s8","m1",-0.1316799465268,0.197913685892857,-0.114075228178211,0.641276576469038,-0.211545056738111
1565,18405,"s8","m1",-0.0871456746916576,0.226018995957769,-0.0497414322504973,0.543503496731907,-0.314722122552652
1566,18440,"s8","m1",-0.157084961079668,0.129974548072463,-0.0949709843256349,0.557967217499732,-0.103304508920751
1567,18470,"s8","m1",-0.0793983900566026,0.244319646827964,-0.15568135007472,0.633655140002351,-0.590754180221656
1568,18485,"s8","m1",-0.189314799060414,0.19298085595803,-0.234749111468555,0.607746001216015,0.417338615951507
1569,18496,"s8","m1",-0.219410624588297,0.201334427329612,0.074367186251523,0.563977422951243,0.377100264911092
1570,18502,"s8","m1",-0.0821342545611434,0.203411090175677,-0.139156470673898,0.550799259591989,-0.890019646344976
1571,18503,"s8","m1",0.0499349045217827,0.319796504975269,0.128000308040008,0.776780765547101,-1.00485387737272
1572,18508,"s8","m1",-0.125791020701876,0.163360534214468,-0.111693940079774,0.611818941728264,0.698293056648073
1573,18531,"s8","m1",-0.106178101756798,0.220987555659206,-0.0750091100576114,0.629214650020808,-0.394097454980286
1574,18559,"s8","m1",-0.0742645738745449,0.27160808699787,-0.077666826815811,0.598381624250627,-1.12883534558419
1575,18566,"s8","m1",-0.204095147707407,0.16753555229166,-0.17111958107381,0.559468737387412,0.342481128854435
1576,18568,"s8","m1",-0.142383514972677,0.181814409398261,-0.0686928703244596,0.537973385670637,-0.090643505996813
1577,18574,"s8","m1",-0.0547650466879053,0.261946720222854,-0.0789182819717215,0.597570772658611,-0.206968836781682
1578,18577,"s8","m1",-0.0828501049359186,0.190779705971395,-0.135836183198861,0.546719964482086,-0.48320154042946
1579,18596,"s8","m1",-0.0602333470801654,0.165164567358167,0.024584391075213,0.660752538170225,0.103507076863835
1580,18600,"s8","m1",-0.197565576850698,0.12601788540048,-0.313985431106476,0.53074177279192,0.455076041103314
1581,18602,"s8","m1",-0.154595896135359,0.139580299985879,-0.0601909104201146,0.57036455545359,0.0585790447037273
1582,18617,"s8","m1",-0.197981893607913,0.0799859724573069,-0.0787617712362974,0.523535274499907,0.698989270788914
1583,18623,"s8","m1",-0.204797135155158,0.185650789413453,-0.0950612345565097,0.50835276646849,0.220583841295617
1584,18641,"s8","m1",-0.0357072176677583,0.24241453442636,-0.0391253224820254,0.658713319323708,-0.456470541010476
1585,18666,"s8","m1",-0.145992827438776,0.201947844661169,-0.102982773221695,0.621846974788177,-0.265574924245257
1586,18695,"s8","m1",-0.207247450595668,0.0922049787626323,-0.179800501835859,0.493464005768231,0.330888676212337
1587,18706,"s8","m1",-0.2114824673135,0.135732399733893,-0.424785356382493,0.59501373920243,0.490804963166493
1588,18719,"s8","m1",0.02043837351928,0.35154340537347,0.0857900847433826,0.716961339430729,-2.02057778682888
1589,18721,"s8","m1",-0.0833183358746264,0.199144588411594,-0.0432714361541281,0.558193387213487,-0.250146054954228
1590,18731,"s8","m1",-0.224143502668139,0.216089527605766,-0.112897193725326,0.59700200695321,0.422810836557436
1591,18741,"s8","m1",-0.113303321761391,0.201015003291652,-0.213103646151213,0.547690983465144,-0.142026642313355
1592,18752,"s8","m1",-0.202860831322156,0.158306191215463,-0.162809842694946,0.577168744577354,0.430957124480437
1593,18753,"s8","m1",-0.0722783541114261,0.170178530698636,0.012319549899927,0.561994444848617,-0.372249074890276
1594,18758,"s8","m1",-0.206233220640101,0.0755498562723228,-0.359557666531797,0.501106744066678,0.433131897780338
1595,18760,"s8","m1",-0.108267223249007,0.211073589106474,0.0380705023546029,0.534879676154886,0.18163095565335
1596,18791,"s8","m1",-0.0173662364939768,0.361147114361092,0.161795074659708,0.686620279896973,-1.34631630723599
1597,18818,"s8","m1",-0.106035005551101,0.20072151983018,-0.127151115512192,0.620785075702547,-0.486850923231168
1598,18827,"s8","m1",0.0323263905261227,0.307789471344592,0.127370797764719,0.657670977554446,-1.32611929236463
1599,18834,"s8","m1",0.00804071291282882,0.229370997485258,-0.0308841054979061,0.655528942642715,-0.66080223991206
1600,18835,"s8","m1",0.0175205472034379,0.300525440366465,-0.0651554162459574,0.66599006633957,-1.47236764137547
1601,18838,"s8","m1",-0.210376148499613,0.199137323693143,-0.129596862078894,0.564701803621202,0.0572361312860383
1602,18858,"s8","m1",-0.20400289350461,0.135445490292686,-0.157292719756304,0.567364438467928,0.323697561916197
1603,18859,"s8","m1",-0.0412660647402564,0.28110639381771,0.109888836105717,0.661808523282289,-0.725551725123109
1604,18869,"s8","m1",-0.0440770035746855,0.245413196269938,-0.17218064635622,0.585911031759176,-0.847355021698674
1605,18876,"s8","m1",-0.170895548678358,0.123883732827681,0.0452083319884207,0.475507123068103,0.167062888051409
1606,18889,"s8","m1",-0.298204158530369,0.136486605083645,-0.284512439194691,0.538807898871981,0.74772236841486
1607,18890,"s8","m1",-0.0888756271659253,0.179609819729187,0.0566089088945258,0.627169055278376,-0.045574679321992
1608,18906,"s8","m1",-0.203289959729265,0.189393260755705,-0.340816782140905,0.545093404209338,0.21292072653834
1609,18908,"s8","m1",0.00222968673810128,0.216662811136418,0.123865935107469,0.625313050239911,-0.688843050399236
1610,18923,"s8","m1",0.0282232866020757,0.301552899869961,0.202963522427655,0.638046651315559,-1.21444089522172
1611,18930,"s8","m1",-0.155164841169082,0.113465911859446,-0.0609328406310079,0.589783876182353,0.355110933200574
1612,18934,"s8","m1",-0.0604853445034353,0.199326790264275,-0.111210162511559,0.608326389721296,-0.156375978060636
1613,18940,"s8","m1",-0.0718912929736763,0.189447051804463,0.0873998888552266,0.642781926737521,-0.19815359836214
1614,18942,"s8","m1",-0.1192821056205,0.230474145257357,-0.0383126180553815,0.673387940995412,-0.08477349180175
1615,18972,"s8","m1",-0.0546462122290252,0.267486423877967,0.0453252234429957,0.672225522062981,-0.475520888503711
1616,18974,"s8","m1",-0.106194276893174,0.16496742837555,-0.0155395067847116,0.626793540721874,0.152910008176213
1617,18979,"s8","m1",-0.161429161842523,0.15511973458841,-0.0212569284103516,0.513759524959662,0.0721681040347536
1618,18988,"s8","m1",-0.129567342498123,0.203747910875911,-0.0191159122087606,0.568828211343538,-0.0528068294261663
1619,18999,"s8","m1",-0.193514719763698,0.191328633090615,0.0119522628370562,0.522253844298123,0.056714331197851
1620,19016,"s8","m1",-0.0998361629503087,0.175672554772872,-0.185220002289561,0.537576746583259,0.00888572352175801
1621,19031,"s8","m1",-0.161475220065893,0.190132292984857,0.0307816739157208,0.53825743035136,0.348101175511245
1622,19040,"s8","m1",0.0708066935731716,0.342212691726825,0.152910822882158,0.696027707857655,-1.21624160772665
1623,19049,"s8","m1",-0.249806072862399,0.11464455538988,-0.355280025539745,0.473475024357415,0.435977998167339
1624,19055,"s8","m1",-0.0971300412904507,0.195036177840722,-0.0965497517601799,0.604160694687358,-0.103960392679365
1625,19075,"s8","m1",-0.174480108095858,0.161454245679608,-0.0268390693777969,0.497009093265289,0.248158444625421
1626,19091,"s8","m1",-0.14854832390943,0.185237498835262,0.0114738783442603,0.640362477586999,0.180019595156562
1627,19111,"s8","m1",-0.175532415920049,0.117957883012964,-0.263970240809784,0.425047591220323,0.215599373898054
1628,19133,"s8","m1",-0.152605423293837,0.116432552064971,-0.356149503613138,0.497223539432751,0.175527794331659
1629,19139,"s8","m1",-0.0826432732330841,0.248417117056196,-0.0942003672967061,0.600588266268809,-0.624033955348157
1630,19158,"s8","m1",-0.0940091864132834,0.234431517960379,-0.10361272393933,0.54159551987326,-0.385052041700582
1631,19171,"s8","m1",-0.202288297238298,0.0679486475390475,-0.690054131298098,0.449819936949737,0.398806295834187
1632,19175,"s8","m1",-0.0690967815360823,0.203259306131323,-0.0865540066587861,0.620324917436901,-0.453011554666703
1633,19183,"s8","m1",-0.198960369599534,0.113264708985005,-0.307821828783404,0.5170418880501,0.240813287296478
1634,19185,"s8","m1",-0.221404178839697,0.0207302920604153,-0.552898235009992,0.451678745239495,0.219664564431445
1635,19189,"s8","m1",-0.190055548000651,0.110789089313891,-0.197026097017454,0.506421912781854,0.509305441487147
1636,19205,"s8","m1",-0.127510985974288,0.169973555229506,-0.246287563115024,0.396706152395184,-0.230050380771715
1637,19210,"s8","m1",-0.156303709489543,0.180737547574388,-0.0743629066130436,0.63745861158906,-0.0284233407147473
1638,19212,"s8","m1",-0.128805448881598,0.168213944424957,-0.142547599406843,0.528243191292323,-0.427558636973012
1639,19219,"s8","m1",-0.139561373421604,0.171783023631083,-0.228886468874216,0.49641335679636,-0.247129625036875
1640,19221,"s8","m1",-0.200723332132427,0.107819686680537,-0.276808339264904,0.489331938536795,0.0592072177942155
1641,19231,"s8","m1",-0.218382661468677,0.156359179798496,-0.154437034543772,0.644592918514457,0.770770997933342
1642,19249,"s8","m1",-0.11948984538141,0.123623499996957,-0.023637610600068,0.503479777119921,-0.192120265233952
1643,19250,"s8","m1",-0.0632141849296648,0.16016530792699,-0.0996232086418761,0.640206632775284,-0.0162198256035906
1644,19254,"s8","m1",-0.0626320656717278,0.232851029563807,0.07895145727772,0.646630197060548,-0.450702226112448
1645,19281,"s8","m1",-0.136169006464306,0.175509010066055,-0.112083338900489,0.583669117332278,-0.0446227713797724
1646,19283,"s8","m1",-0.0382398719282931,0.242641663099598,0.0560588501581584,0.659449184273955,-0.649273871468935
1647,19289,"s8","m1",-0.127110184893865,0.162340843839838,-0.101952254945128,0.530166094672846,-0.0679745504520902
1648,19309,"s8","m1",-0.189716930173542,0.121680063582871,-0.0898722489119081,0.457746935570327,0.135301294382017
1649,19319,"s8","m1",-0.194879117258449,0.0279558995170035,-0.115913758636351,0.466217952529184,0.678341762934504
1650,19326,"s8","m1",-0.00301917622848394,0.287427535471438,0.274884490231374,0.675678143628492,-0.916795925828134
1651,19356,"s8","m1",0.0272041472177116,0.268508988019011,-0.0319177737786701,0.624750801165501,-1.38012018307649
1652,19361,"s8","m1",-0.207390305661083,0.123719242163536,-0.32455536681339,0.498641017824632,0.447162428058603
1653,19364,"s8","m1",-0.0808211140464987,0.222247852359174,-0.0938219019556627,0.657029236439333,-0.23225564370262
1654,19366,"s8","m1",-0.192493051717041,0.0347835374789257,-0.516318196944057,0.345360978497267,0.581163824911301
1655,19381,"s8","m1",-0.116558816039061,0.20305114250677,-0.0745973137037956,0.708563347184031,-0.210661581815395
1656,19382,"s8","m1",-0.147306675558794,0.214280911448939,0.101089670450919,0.638983682001076,-0.0706965769526186
1657,19386,"s8","m1",0.00920573769627517,0.261927808226301,0.136046297362296,0.643270162030664,-1.28021991422369
1658,19387,"s8","m1",-0.120594788438872,0.168864587984669,-0.0750222424267976,0.476542549373865,0.0282564773922629
1659,19410,"s8","m1",-0.0989714371003176,0.209686176686642,0.103144240855515,0.634565068023121,-0.237437685482443
1660,19420,"s8","m1",-0.15672424232418,0.201262846361745,-0.0801367854547099,0.544186454649302,-0.106991234410214
1661,19434,"s8","m1",-0.145554709864906,0.0905367429331154,-0.151409903061326,0.498826965222708,0.348659458144526
1662,19452,"s8","m1",-0.0251475651067431,0.23512093464906,-0.02648788624565,0.733976970471327,-0.54897691262007
1663,19463,"s8","m1",-0.294833025112506,0.0420846046647673,-0.449460697594332,0.428328140700803,0.908179731448297
1664,19474,"s8","m1",-0.126839665068495,0.124101838215671,-0.327246742378472,0.57521616811718,0.321742162678628
1665,19476,"s8","m1",-0.0821547351156303,0.171403240055875,0.0113720658486668,0.476901036166228,0.0930108805768997
1666,19479,"s8","m1",-0.147175335302975,0.16420508787845,-0.0878293575376289,0.544703471763527,-0.356876384939289
1667,19485,"s8","m1",-0.11385375297938,0.152444317346606,-0.236048205528257,0.550432483848234,-0.243497218775874
1668,19491,"s8","m1",-0.171489723919284,0.138885714621645,-0.207304236117649,0.494278776065187,0.257287622787736
1669,19502,"s8","m1",-0.02141060459145,0.281685321196005,-0.00153450432787651,0.662887065694686,-0.583492179769596
1670,19506,"s8","m1",-0.05633374479358,0.23204209156748,0.110566294053524,0.690472637219609,-0.349314113444556
1671,19512,"s8","m1",-0.151013443966817,0.194030249179758,-0.234417071969283,0.607657681234368,-0.0342059295094002
1672,19519,"s8","m1",-0.108436962213291,0.167727270349654,-0.180352822250319,0.577696041809912,-0.391462233696234
1673,19521,"s8","m1",-0.182980449982593,0.109242021820964,-0.206918576581709,0.479172473029243,0.380254687523543
1674,19531,"s8","m1",-0.183158399388095,0.163989297303372,-0.0915017473426862,0.619443197249125,0.103422867651647
1675,19541,"s8","m1",-0.17535384411226,0.171579000670866,-0.180692136476409,0.443637376247857,0.0450428137745442
1676,19558,"s8","m1",-0.200758463420804,0.112819084731083,-0.117716834628843,0.537214480780292,0.700598421239592
1677,19581,"s8","m1",-0.0612066244304978,0.238837854234182,-0.0118199563448993,0.576005020180844,-0.475246640643576
1678,19593,"s8","m1",-0.206227045942225,0.130440875060829,-0.131737537510819,0.538453647154471,0.733282452703577
1679,19600,"s8","m1",-0.126836048432613,0.168873835426258,-0.0166392839915514,0.605804848389734,0.0378412849014349
1680,19617,"s8","m1",-0.235789740777148,0.102224602669725,-0.152668262724383,0.504758250460543,0.674929372168122
1681,19620,"s8","m1",-0.0995582388723838,0.156381892539497,-0.223894454689671,0.561493905388815,-0.236206601017724
1682,19622,"s8","m1",0.0152561187114339,0.257150527840718,-0.030287558055496,0.54590048578092,-1.91560664599423
1683,19631,"s8","m1",-0.0832726974209651,0.135841781701069,-0.201113734592927,0.661575803078151,0.227985771023497
1684,19643,"s8","m1",-0.111578766468508,0.195418472780945,-0.0232095028357411,0.590517297779289,-0.0861098290674903
1685,19649,"s8","m1",-0.105980017441837,0.172675893868827,-0.124920666026726,0.582533011893297,0.0465350521844898
1686,19655,"s8","m1",-0.185388194106076,0.10270363813255,-0.243409851928867,0.461234181213554,0.113415684754315
1687,19658,"s8","m1",-0.124986295555469,0.179624148171776,-0.206582734124154,0.559635668747359,-0.484605833961644
1688,19666,"s8","m1",-0.0984660144742539,0.208406195690783,0.00138654150421911,0.569091271397715,-0.128578433036896
1689,19675,"s8","m1",-0.0685447921766908,0.204528610547625,0.0588891103712808,0.636135269830229,-0.36979992411372
1690,19679,"s8","m1",-0.0768301440951022,0.162639498980436,-0.0791947074454028,0.446489222768323,-0.7005016625299
1691,19683,"s8","m1",-0.0563677117105189,0.267516469058962,0.109142839533117,0.660775998740312,-0.233245497072062
1692,19700,"s8","m1",-0.106429531768367,0.196649702896474,-0.0813373740217726,0.63151742172201,-0.123558690881644
1693,19705,"s8","m1",-0.08647554205053,0.197440815575261,-0.0745039998336075,0.548872686661017,-0.788356477515756
1694,19711,"s8","m1",-0.0828220048602916,0.207196880763789,-0.100893683772044,0.569425826874352,-0.249303071796664
1695,19742,"s8","m1",-0.136548189493943,0.200220455809009,-0.135383744455465,0.602889711171919,-0.0535827794536471
1696,19745,"s8","m1",-0.0656467698352084,0.237589476592088,0.0520497959829481,0.648012231365556,-0.382464258697892
1697,19754,"s8","m1",-0.182318863440288,0.115098249682969,-0.106887416568794,0.427107410991404,0.120581637497498
1698,19768,"s8","m1",-0.135150481836718,0.183755056011758,-0.179758382889766,0.603799610282261,-0.187416490467114
1699,19781,"s8","m1",-0.115966982637596,0.124194113690749,0.0267512415082311,0.608322436281677,-0.16577827281287
1700,19803,"s8","m1",-0.0539620297112027,0.243025260662004,0.0661164766030625,0.636112986301811,-0.395400408315242
1701,19810,"s8","m1",-0.137361128494143,0.206491566877047,-0.0608096712774491,0.696385251547848,0.11600708122391
1702,19832,"s8","m1",-0.196555650583491,0.109015479222985,-0.184600738800583,0.429570775785541,0.288527247710261
1703,19833,"s8","m1",-0.155229772069581,0.153813211555981,-0.0564079788367531,0.587952678402165,0.561977372032042
1704,19836,"s8","m1",-0.14691754613987,0.128228005086525,-0.317918195129102,0.582484846238628,0.456833958895562
1705,19837,"s8","m1",-0.0850413870537491,0.22182644005955,0.0831208342919736,0.669314246717967,-0.146536065316582
1706,19846,"s8","m1",-0.105045672436075,0.19120552450154,-0.153667676151131,0.606950876080623,0.22119881624762
1707,19850,"s8","m1",-0.176255153226433,0.108977232860235,-0.336096987522428,0.555803430814603,0.633605617874795
1708,19873,"s8","m1",-0.219866203599471,0.0789875281745913,-0.436141658148398,0.546113358050825,0.516922079116401
1709,19887,"s8","m1",-0.181963992413499,0.150248640484251,-0.261874072451107,0.457264443316154,0.00737406762682595
1710,19897,"s8","m1",-0.130113462533117,0.183164224669021,-0.338742275695581,0.609589540502354,-0.241745264584308
1711,19916,"s8","m1",-0.0893499197613171,0.247535152873993,0.0545583283977027,0.603026199508909,-0.454056712356513
1712,19918,"s8","m1",-0.275587169124613,0.102538216461788,-0.264164732443917,0.543342964040483,1.1014971903569
1713,19927,"s8","m1",-0.0627607340757187,0.233525674536125,0.0704274426175074,0.714541269753405,-0.376809458255028
1714,19932,"s8","m1",-0.036782626720412,0.213639186562049,0.0827102881615959,0.55440145565386,-0.361207378611288
1715,19953,"s8","m1",-0.106481992840746,0.270966568259218,-0.082053223874611,0.681543409672421,-0.229117625009573
1716,19985,"s8","m1",-0.133796744923139,0.160117492511315,-0.0901958404432459,0.455875265105251,-0.20192163834715
1717,19992,"s8","m1",-0.143060187405574,0.191989333210542,-0.159111712451522,0.574825805451145,-0.618264380916731
1718,19997,"s8","m1",0.0281911676482773,0.31823399126787,0.0820836108522645,0.631051697731199,-2.03818683907393
1719,19998,"s8","m1",-0.223410388998425,0.120324475573879,-0.152805352517741,0.51865248008286,0.630081544449894
1720,20001,"s8","m1",-0.115420683359946,0.219623065632228,-0.0471449717301813,0.624846367768828,0.10092339278823
1721,20006,"s8","m1",-0.187734305156611,0.170647586837906,-0.122881945338757,0.608766969677918,0.406490901023136
1722,20034,"s8","m1",-0.189733349911015,0.140802912656998,-0.358816322391726,0.532600264724989,-0.200832602868542
1723,20043,"s8","m1",-0.132045441425458,0.110486276926961,-0.222838257215121,0.498476265658792,-0.0355157051904472
1724,20049,"s8","m1",-0.14683156816056,0.077036909281936,-0.253515179895448,0.504781091140718,0.240403381633987
1725,20055,"s8","m1",-0.209539515451281,0.168258692405113,0.011158105643793,0.593577833431155,0.713206275152039
1726,20070,"s8","m1",-0.16608192642151,0.208713664388996,0.00269092007977848,0.575030715602733,0.236852219198986
1727,20071,"s8","m1",-0.0890702880572849,0.233154066720901,0.0862625954851332,0.675603306402299,0.219793571617259
1728,20074,"s8","m1",-0.212578587177469,0.1623655223074,-0.00671966436982425,0.524212706255317,0.40962919744328
1729,20075,"s8","m1",-0.0719816696155342,0.19147191605656,0.00977880138041527,0.522608242514325,-0.656327733763886
1730,20100,"s8","m1",0.0481796840954849,0.268224591769181,0.12976486088415,0.615319987894195,-1.04864965635635
1731,20105,"s8","m1",-0.132584878096293,0.171999711174961,-0.138586786342253,0.531489107424171,-0.00557726175480784
1732,20106,"s8","m1",-0.0963809319202921,0.214163644502059,0.102123111780378,0.547761240585937,-0.204286153756648
1733,20109,"s8","m1",-0.159750710341661,0.193556336433253,-0.0831862862346665,0.467245308262513,-0.133163265091338
1734,20110,"s8","m1",-0.101345597030881,0.223935150294464,-0.0491581800748569,0.567688126456344,-0.785039624989254
1735,20136,"s8","m1",-0.148419816281177,0.153995131039339,-0.175532838689243,0.540951732970273,0.304994111956809
1736,20137,"s8","m1",-0.1237756586555,0.226435324071735,-0.024738461783903,0.566750046148223,-0.37799231838353
1737,20160,"s8","m1",-0.128607421524113,0.195765580756444,-0.111704635433037,0.56662020838628,-0.00427920371325652
1738,20167,"s8","m1",-0.196093909730064,0.0997210010415095,-0.179936256426735,0.499860445252224,0.669653637726207
1739,20168,"s8","m1",-0.146226568024425,0.168774168632085,-0.241557176787278,0.452115493293941,-0.455539004383741
1740,20197,"s8","m1",-0.205341947605296,0.0829938831091716,-0.324940777052828,0.430183543594957,0.27272359950306
1741,20215,"s8","m1",-0.125902879066435,0.173505442797174,0.0133136235946536,0.548321023725445,0.333417124099621
1742,20223,"s8","m1",0.00877827380602165,0.303934767975122,0.0899518675271054,0.677232080641746,-1.34067999037678
1743,20224,"s8","m1",-0.162043846385633,0.168665367114502,-0.0709132054433934,0.490569394554344,0.16772340574954
1744,20238,"s8","m1",-0.231527163628607,0.146268722547911,-0.118154042889958,0.46928129752593,0.494176056516799
1745,20243,"s8","m1",-0.190540992888913,0.218695860480788,-0.0449453998792659,0.630341537619478,0.226104421295117
1746,20251,"s8","m1",-0.163098526493487,0.053041977390078,-0.340813563314093,0.497977979527506,0.219041505237606
1747,20258,"s8","m1",-0.171237182366952,0.195059558470583,-0.0195992757676567,0.56823386506247,-0.0657028472999003
1748,20286,"s8","m1",-0.248297145929154,0.105414701475669,-0.343252894588656,0.525586974784742,0.605386160945047
1749,20314,"s8","m1",-0.101986029424077,0.210893815540642,-0.0137877566536818,0.604899451062571,-0.298346606933431
1750,20323,"s8","m1",-0.155432853264549,0.147742273804208,-0.243213763561129,0.547414069098078,-0.122254808590716
1751,20342,"s8","m1",-0.14363458127381,0.133937399853878,-0.0526569261118681,0.56569032226894,0.125080291602614
1752,20347,"s8","m1",-0.0884200206700248,0.189515355025014,0.078825228270214,0.531898161073583,0.0477542709382591
1753,20350,"s8","m1",-0.174361109096711,0.193641930908704,-0.173227087248751,0.615057141712406,0.160716612646926
1754,20354,"s8","m1",-0.173848873437796,0.149006402119074,-0.243149024995397,0.511485150844566,-0.312460777846412
1755,20384,"s8","m1",-0.206198560737576,0.147047560595914,0.00209405538419848,0.513835440213568,0.492871438758685
1756,20406,"s8","m1",-0.120906378809361,0.181423173729526,-0.0249077345974145,0.589478442845316,-0.164329830410379
1757,20412,"s8","m1",-0.0429586725139962,0.226205931926877,0.121816666130727,0.610323468259784,-0.719392052382684
1758,20420,"s8","m1",-0.143485448015037,0.126696190674292,-0.0796939983170502,0.451920094576063,0.0577749099252449
1759,20430,"s8","m1",-0.123403183523731,0.198274014785615,-0.140414814312395,0.587971535713554,0.20501099282092
1760,20452,"s8","m1",-0.297577777071082,0.00399668657253715,-0.260329802701587,0.416526313905715,0.729677583243013
1761,20464,"s8","m1",-0.1604711474546,0.199281661836748,0.0702165355300191,0.620462970764689,0.208868161058566
1762,20470,"s8","m1",-0.0984355731998314,0.143923309291031,-0.099385734176467,0.572197333830065,-0.0489216405783017
1763,20477,"s8","m1",-0.071538594272941,0.269717511374848,0.073244283210106,0.61627031035949,-0.319187100080503
1764,20489,"s8","m1",-0.102012753438627,0.221776528914498,0.0614766847115344,0.627750938771502,-0.122489587955108
1765,20490,"s8","m1",-0.0907336925179475,0.189847140473781,-0.24511963492404,0.543051737859468,-0.24471972962224
1766,20494,"s8","m1",-0.128922452980775,0.185497448437661,-0.170564972046743,0.61595482056045,-0.26331173018263
1767,20500,"s8","m1",-0.18903582251047,0.0805456613654134,-0.358163649291835,0.435987969607677,0.355853396854511
1768,20516,"s8","m1",-0.114348921253271,0.268581802551363,0.0908145571517544,0.637339328966979,-0.0803696920252153
1769,20541,"s8","m1",-0.0913439966343739,0.125457703405926,-0.0135684538849419,0.538225734770482,-0.300109451556632
1770,20561,"s8","m1",-0.301331680575549,0.118199448821331,-0.323329768837967,0.496405227168529,0.337514266791571
1771,20573,"s8","m1",-0.111064771137091,0.167786164741574,-0.0105298544670687,0.577799033524675,-0.140441486425908
1772,20581,"s8","m1",-0.0920453331002936,0.230025742142454,-0.0289712291872089,0.622793852522894,-0.458387641319641
1773,20583,"s8","m1",-0.220774329863101,0.142538816312623,-0.209673003431865,0.461809701452454,0.383366259512379
1774,20608,"s8","m1",-0.0168365812586987,0.213658084859281,0.0581911009580491,0.595531114510948,-0.611599905818299
1775,20625,"s8","m1",0.124887981978717,0.303591306785796,0.184786321763176,0.784045294062426,-2.04118966086904
1776,20634,"s8","m1",-0.168934998649007,0.181543118343133,-0.113730228362176,0.632562748892254,0.0106588598206291
1777,20650,"s8","m1",-0.0882925902652006,0.236512035691563,0.0876285482310133,0.706208129827381,-0.164486182866578
1778,20659,"s8","m1",-0.0615917642223379,0.208072679623076,0.0654894822283804,0.644114806990004,-0.0847457170803001
1779,20661,"s8","m1",-0.110171797464559,0.137111148829749,-0.153478455055266,0.61838397643049,0.252648961952129
1780,20662,"s8","m1",-0.203991698178319,0.140396940191232,-0.241457483875292,0.530761322648846,0.437468929409791
1781,20687,"s8","m1",-0.0748306443104307,0.1581823542982,-0.00135079536961383,0.53394273067728,-0.00897294095045988
1782,20688,"s8","m1",-0.0875671427263383,0.165762811101819,-0.152573875622479,0.501524194148345,-0.609397767141923
1783,20692,"s8","m1",-0.179535878772021,0.104023994913698,-0.215174145297303,0.541825961059454,0.353132300683814
1784,20700,"s8","m1",-0.0994729458033024,0.235980865670977,-0.11856175231409,0.530054723757739,-0.181932690437823
1785,20720,"s8","m1",-0.0378113232449127,0.156737384495615,0.0257036833190312,0.535787558984175,-0.73136710944874
1786,20739,"s8","m1",-0.0413454041710164,0.189584568812258,0.0730638746009182,0.573763088646393,-0.64198328840342
1787,20753,"s8","m1",-0.21772425762011,0.14229711574762,-0.334570785121926,0.52772414419391,0.358374744097393
1788,20766,"s8","m1",-0.108113720858285,0.184136441574726,0.0662820178670051,0.600307741843857,0.259111200253708
1789,20784,"s8","m1",-0.102544250285887,0.240322693482583,0.121158533844373,0.679829711946725,0.0719737081829139
1790,20798,"s8","m1",-0.112202864628747,0.142933629539382,-0.017261144409348,0.579056462595709,-0.0871127543280949
1791,20800,"s8","m1",-0.188292598621656,0.073025453745272,-0.252154715054133,0.511236514049833,0.584764810355401
1792,20802,"s8","m1",-0.0729173641407581,0.229926976145814,-0.0811644477605297,0.655514858671999,-0.488911343242091
1793,20805,"s8","m1",0.0148295830596122,0.277281711060914,0.0902837504382964,0.698949039545381,-0.91037212343011
1794,20810,"s8","m1",-0.195800729344729,0.162072084704809,-0.299361462547706,0.598432048896654,0.304628659488176
1795,20817,"s8","m1",-0.147148108324278,0.233849371422019,0.138678405754232,0.619136655850292,-0.0194701678332674
1796,20828,"s8","m1",-0.0162360451307294,0.318666097845028,0.0328319278844559,0.645929970117738,-1.5017096021389
1797,20831,"s8","m1",-0.0767325335422902,0.2259611877945,-0.0762002494821405,0.579133651446546,-0.259742147012375
1798,20840,"s8","m1",-0.0365302746510562,0.244286416122855,0.0590321256316717,0.595774084711023,-0.64027803931537
1799,20841,"s8","m1",0.0411342898104294,0.343595356974093,0.130301389142941,0.681050619649242,-1.42475492048705
1800,20847,"s8","m1",-0.0717477490181649,0.221372942397547,0.0955238222779935,0.562136448963865,-0.564007090615794
1801,20862,"s8","m1",-0.0947789670913575,0.209470376791104,0.0652252942342906,0.569910275603829,0.00992433116167279
1802,20865,"s8","m1",-0.148714845610534,0.163987657261896,-0.198165637476281,0.458026624221912,0.068008299572482
1803,20891,"s8","m1",-0.0463808504726988,0.254731439280466,0.155852182608842,0.590122873998643,-0.573375888663192
1804,20892,"s8","m1",-0.00619443509867593,0.206289155062483,0.0400546906714922,0.640590993831176,-0.0482730584802218
1805,20898,"s8","m1",-0.0706047796609834,0.203269292151286,-0.0349799212920418,0.547613404629093,-0.589321621818655
1806,20907,"s8","m1",-0.207507180810619,0.113700794598028,-0.221183483844246,0.523717120323582,0.495498625993833
1807,20927,"s8","m1",-0.0407428892259063,0.218527642280694,0.0727906871987563,0.54813037587644,-0.712355698605974
1808,20934,"s8","m1",-0.11661871598966,0.232969262990143,-0.0850505380265217,0.578084263884189,-0.412629541518834
1809,20946,"s8","m1",-0.115816972221156,0.146915289263156,0.0490366806124179,0.606525427899333,-0.0325188828557117
1810,20949,"s8","m1",-0.0754237082599872,0.290841683466988,0.157941326767611,0.643669631954841,-0.673254502679969
1811,20962,"s8","m1",-0.0716261443081441,0.209839403677396,0.0687390200344723,0.481499118794497,-0.739843943647856
1812,20970,"s8","m1",-0.0907898715299227,0.162190470288603,-0.213362202829134,0.569849008954783,0.111682775981518
1813,20977,"s8","m1",-0.172781693509856,0.157087788000548,-0.0527264350780268,0.491853773080352,0.563486639819345
1814,21028,"s8","m1",-0.0525942724544795,0.1738303300446,0.00487647488054991,0.668845275140348,-0.151241445468299
1815,21051,"s8","m1",-0.016130420477758,0.277220115933615,0.0977585357102304,0.641564405984503,-0.763410432266802
1816,21066,"s8","m1",-0.162673624170577,0.166246912305789,-0.214132937224879,0.566316824744273,0.120544725077546
1817,21067,"s8","m1",-0.032940660503726,0.293402807585361,0.232711067079529,0.625640535604245,-0.941995696118896
1818,21085,"s8","m1",-0.0425779680449949,0.231205764364363,-0.0829581572344959,0.663454101757704,-0.342087353879079
1819,21098,"s8","m1",-0.116507024867954,0.225699960110579,0.0848663371504903,0.562782898591297,0.0393877249767203
1820,21100,"s8","m1",-0.166415817506785,0.129617911612829,-0.135333712991874,0.556679618829867,0.114841115637591
1821,21120,"s8","m1",-0.184290389169296,0.160979981221029,-0.324365445892146,0.524729971105282,0.351790890551007
1822,21131,"s8","m1",-0.165620024978947,0.139299174168474,-0.327274212693529,0.535765209063505,0.110492694113861
1823,21143,"s8","m1",-0.148497177026613,0.0925653770511715,-0.234956706460723,0.560402206365399,0.438489125269435
1824,21161,"s8","m1",-0.0746074084750835,0.220881656791666,0.11581620587309,0.699216697548444,-0.00144841918098586
1825,21182,"s8","m1",-0.12113564737411,0.193919121685172,-0.015159783223676,0.598533651396391,0.00220261433211536
1826,21190,"s8","m1",-0.178473777381874,0.229102335263395,-0.0208558122630794,0.619743560449926,0.0837283350281039
1827,21208,"s8","m1",-0.176573613393356,0.109577858811436,-0.355395182695836,0.471327408952634,0.385412329189844
1828,21238,"s8","m1",-0.0810800906855356,0.238443092462869,0.0365454817284445,0.623928575064135,-0.68472147636579
1829,21244,"s8","m1",-0.243955262436573,0.0175734547905687,-0.50969805915645,0.446648720048523,0.345038357645142
1830,21251,"s8","m1",-0.0751043560108477,0.228980206141609,0.0133257623808174,0.674279037249862,-0.33661486299881
1831,21257,"s8","m1",-0.239541310669681,0.00954656722764937,-0.221388945876499,0.438755037565251,0.616760345110699
1832,21265,"s8","m1",0.0448536077267709,0.32291908567552,-0.138980722267204,0.69308450030377,-1.47885665617422
1833,21280,"s8","m1",-0.194260845452788,0.183548502580515,-0.217589210606973,0.525454233583719,0.0140457783636629
1834,21284,"s8","m1",-0.18959288918,0.1485325052685,-0.155157262264223,0.614255902652501,0.432023545676828
1835,21289,"s8","m1",-0.168970991872062,0.182681997060119,0.00878070482205216,0.519809761662493,0.173009358899312
1836,21292,"s8","m1",-0.0989698818143935,0.120144294886649,-0.100868114661797,0.448200584654048,-0.269786749903097
1837,21297,"s8","m1",-0.145365371669219,0.127275636222593,-0.0571572269985301,0.515819236755888,0.149605987609774
1838,21299,"s8","m1",-0.162861722045257,0.187282713020411,-0.153507343379915,0.556520348565527,-0.205302986187953
1839,21302,"s8","m1",-0.250050540679609,0.0828753974785914,-0.200790884665436,0.439041031501736,0.583356905801317
1840,21307,"s8","m1",-0.155302055202448,0.140090611278098,-0.526872078338983,0.436788967996556,-0.267197075605509
1841,21319,"s8","m1",-0.0136776484787083,0.228223890527846,-0.0428510924326818,0.57827616316328,-0.680668112217494
1842,21331,"s8","m1",-0.138657094689201,0.182496503000486,-0.120139003871591,0.565699737399437,-0.2509232189279
1843,21335,"s8","m1",-0.0929632366675869,0.180207228043604,-0.105861608782866,0.539333509875233,0.0109329206954968
1844,21348,"s8","m1",-0.0443896310364244,0.230817461839348,-0.029471021775129,0.610673205894139,-0.186986376873999
1845,21350,"s8","m1",-0.120812038735721,0.21205192673077,-0.244279992039301,0.572254897057738,-0.835764485439061
1846,21354,"s8","m1",-0.0334050286908667,0.227982489148271,-0.161599652736812,0.623659569766811,-0.538087857654414
1847,21372,"s8","m1",0.0765106177947789,0.314641135212236,0.205563041144417,0.693364839049092,-1.56404801148297
1848,21382,"s8","m1",-0.185033979159622,0.133725186296405,-0.137023062845336,0.527553348051246,0.378165550347968
1849,21387,"s8","m1",-0.0783367077039437,0.233530356962048,0.125243890333517,0.649766154770958,-0.242171942883396
1850,21388,"s8","m1",-0.119869485011133,0.200668473817549,-0.0533164546233982,0.562720421074363,-0.059664552233301
1851,21389,"s8","m1",-0.22058202538172,0.1468369182256,-0.182646746403182,0.60697207554183,0.451778165454838
1852,21420,"s8","m1",-0.0772940503819257,0.173804937719515,-0.169402122484315,0.583787640489736,-0.111249013033287
1853,21426,"s8","m1",-0.00267817723272712,0.295606945360103,0.162227938896396,0.704334350430183,-1.08736360962597
1854,21434,"s8","m1",-0.17965563568753,0.188015318414284,-0.322695197271141,0.543728262710757,0.0366387483450752
1855,21438,"s8","m1",-0.0671029292344184,0.190021319723276,-0.0262992704376353,0.578767983506739,-0.275957805701182
1856,21451,"s8","m1",-0.160638574306053,0.159741147604316,-0.123829717057,0.505923411393427,0.270406727338217
1857,21458,"s8","m1",-0.17348347587195,0.157599266360048,-0.231240048380701,0.523050022036583,0.113118668266644
1858,21473,"s8","m1",-0.168575681320413,0.112851235294729,-0.378417314358209,0.520927273176275,0.196018008071137
1859,21490,"s8","m1",0.00913971389475027,0.357381260487971,0.221238830618669,0.71429971551445,-2.41942737778587
1860,21500,"s8","m1",-0.25639917991199,0.110085732956178,-0.0833183414100491,0.520882728766643,0.518145081693649
1861,21505,"s8","m1",-0.134807652626109,0.186709140952594,-0.231298016023282,0.580297214586008,-0.243833535891182
1862,21508,"s8","m1",-0.0756557273974853,0.166303696802515,-0.194676475754003,0.542870866394492,-0.237642324758043
1863,21514,"s8","m1",-0.0264982129868565,0.21900949559176,-0.168749070453691,0.766450639664299,-0.273084080319606
1864,21534,"s8","m1",-0.178333620323411,0.124023792755961,-0.205880859790722,0.569739140532848,0.557982928741807
1865,21536,"s8","m1",-0.231828173350438,0.134087993029737,-0.0170397347118507,0.441567153909757,0.523570346778923
1866,21554,"s8","m1",-0.215329461640943,0.18220887577764,-0.264572712372781,0.463972388285162,-0.136751700371627
1867,21561,"s8","m1",-0.0116689990054988,0.269440312525173,0.0820487135634371,0.62223003562183,-0.690964003363627
1868,21564,"s8","m1",-0.0877090820208238,0.150432283027964,-0.172547883936489,0.569262254529852,0.167164962107389
1869,21577,"s8","m1",-0.123656899883963,0.205208688727349,0.0186146066384205,0.534175952228126,-0.67386493717193
1870,21608,"s8","m1",-0.190232530082946,0.210421737297406,0.0213075138258484,0.550321594172681,0.310801588697303
1871,21609,"s8","m1",-0.0187773381644159,0.269963511952142,-0.252428028698721,0.604624306441346,-1.19928162783714
1872,21611,"s8","m1",-0.0465006019815234,0.222330840704683,0.0679678712904968,0.652302445496275,-0.261068115939937
1873,21631,"s8","m1",-0.215260810912565,0.102909449664351,-0.483392902488169,0.449505220255171,0.68560099795588
1874,21654,"s8","m1",-0.236984869873064,0.153797284788361,-0.257947775753118,0.554883375289807,0.416908255134751
1875,21671,"s8","m1",-0.0485595215641077,0.240704078369467,-0.0390636933975065,0.60500465753725,-0.562646762392558
1876,21676,"s8","m1",-0.132634687234386,0.158707208730105,-0.303334660158407,0.567475294147635,-0.0624722414504118
1877,21707,"s8","m1",-0.128653278049755,0.14206939659201,-0.0733535959738033,0.611901174851949,-0.117527274575237
1878,21715,"s8","m1",-0.25804473388075,0.0996413632940339,-0.385084913881802,0.540979500269193,0.439125500863793
1879,21720,"s8","m1",-0.147330759494381,0.121556524713861,-0.134660645893456,0.565423848971536,0.404279322055677
1880,21722,"s8","m1",-0.204210596624808,0.169308709480713,-0.2042975891832,0.522863659280674,0.316514418298139
1881,21726,"s8","m1",-0.128801698610729,0.207163813165247,-0.147932342522458,0.577743782218068,-0.0052426604683194
1882,21742,"s8","m1",-0.0798198263948842,0.186488531538173,0.0258081219157313,0.525309706933428,-0.254623030444229
1883,21744,"s8","m1",-0.14679736903623,0.151965354626517,-0.13501586764988,0.469882552610568,-0.16119477870199
1884,21763,"s8","m1",-0.13911385488868,0.235949990772608,-0.0266421831833115,0.576601094441983,-0.205591251804867
1885,21768,"s8","m1",-0.115141630596423,0.213904630896845,-0.138292681451953,0.566208831996614,-0.118691081432731
1886,21789,"s8","m1",-0.0946265597083823,0.220174819711362,-0.175324259320948,0.543605763339943,-0.705617868270062
1887,21790,"s8","m1",-0.0550750386771434,0.247377219120144,0.225747271916947,0.579474294504452,-0.840226928412896
1888,21806,"s8","m1",-0.0265903012767622,0.209789848876576,-0.138241133678556,0.566207059275509,-0.960145841389818
1889,21830,"s8","m1",-0.235125093011718,0.0591707001297235,-0.153004032737074,0.4455661117962,1.02172247023648
1890,21832,"s8","m1",-0.177686668865032,0.177627967547391,-0.112405896382093,0.51863267683838,0.069524610905445
1891,21871,"s8","m1",-0.0785565567960109,0.183753581582397,-0.0401259343511904,0.62425611056789,0.12692267215868
1892,21880,"s8","m1",-0.161982859659526,0.205946858995307,-0.0917410066228373,0.539935619760728,0.301912203627745
1893,21886,"s8","m1",-0.16675695468003,0.0853294603828598,-0.364492721832619,0.434532810763813,-0.415804631580008
1894,21917,"s8","m1",-0.105761585487977,0.210101441960926,-0.0246427456215684,0.551891274895396,-0.0117855361747538
1895,21947,"s8","m1",-0.187057277142074,0.124488315130135,-0.180232586400614,0.565418740620835,0.546388890056436
1896,21960,"s8","m1",-0.211861861838098,0.0745837340992189,-0.329493852268985,0.447146310876936,0.0591408364496482
1897,21962,"s8","m1",-0.141959861101346,0.185283436118179,0.0245507386493641,0.58755406154501,-0.152194287781021
1898,21976,"s8","m1",-0.0863081994540573,0.189615664435077,-0.137717408653743,0.602189916472916,0.0934831690364814
1899,21979,"s8","m1",-0.0867337919060145,0.30067180710145,0.143816141513616,0.641544133722894,-0.241273224862472
1900,21981,"s8","m1",-0.203005924328147,0.135502138983721,-0.152586153829975,0.489397182940625,0.420448926067999
1901,22013,"s8","m1",-0.0679721838736431,0.200623836828974,0.0798652039541818,0.628722642944284,-0.42445480776324
1902,22056,"s8","m1",-0.0617006585524463,0.256344913300948,-0.0400182013782195,0.646286292480212,-1.05165061383755
1903,22072,"s8","m1",-0.0842008735504527,0.251646388949897,0.0774009970123439,0.609073763693603,-0.591772521604256
1904,22080,"s8","m1",-0.217080852891641,0.14974811609336,-0.458534196384337,0.474721363103121,0.246984354112844
1905,22086,"s8","m1",-0.145279896221828,0.115480792155472,-0.206127788268603,0.494002800913656,-0.0823121101268463
1906,22095,"s8","m1",-0.0882096679108379,0.169197018190053,-0.141635526158141,0.539858982368135,-0.119778886170746
1907,22102,"s8","m1",-0.190843952612637,0.193902458046883,-0.0486981464248432,0.51661640061135,0.464964280750582
1908,22106,"s8","m1",-0.110258653863573,0.164802508309965,-0.116897948554537,0.634454050451245,0.116784580630571
1909,22121,"s8","m1",-0.146675398317745,0.152560722438824,-0.0458568044100106,0.524513693447845,0.348962650368502
1910,22165,"s8","m1",-0.08143689453643,0.206667336984514,-0.149576447025751,0.560130879622592,-0.27252694643785
1911,22190,"s8","m1",-0.082430558663057,0.216655300909439,-0.0351893183332277,0.647924125346609,-0.111027549587425
1912,22211,"s8","m1",-0.0992227426008603,0.182159812630198,-0.0691941124680807,0.650197277234713,-0.549973212895525
1913,22219,"s8","m1",-0.0818342737616432,0.188656626674952,-0.0764887080631664,0.606424113379617,-0.467300153220461
1914,22228,"s8","m1",-0.105881357035282,0.1834062952968,-0.241527440514606,0.535396384081309,-0.0603350820787814
1915,22229,"s8","m1",-0.147090373483813,0.209092492906454,-0.118375975171952,0.47720111219053,0.0153404103783608
1916,22246,"s8","m1",-0.0233197318815042,0.288186028656945,0.0442658491707493,0.628910204285511,-0.764341935321421
1917,22253,"s8","m1",-0.273404834241993,0.106937457859838,-0.518502799713173,0.477080816458233,0.548122156404775
1918,22260,"s8","m1",-0.0215569799652989,0.320233390162337,-0.0442710533057828,0.620563116286654,-2.09751949073716
1919,22267,"s8","m1",0.006254391956702,0.288478642039773,0.0103038752323327,0.64688319516538,-0.814186668989703
1920,22272,"s8","m1",-0.106427360548441,0.218558791876071,-0.0941277537008342,0.591945288623894,-0.392649145948175
1921,22276,"s8","m1",-0.218636568032966,0.156719164634599,-0.151280083915603,0.584369559822638,0.45630993279093
1922,22310,"s8","m1",-0.17305705900401,0.176391583516902,-0.240634942510509,0.515724090512001,0.172085639285532
1923,22318,"s8","m1",-0.217680893230686,0.158302190386712,-0.060996388109406,0.614847578815389,0.365220012593662
1924,22320,"s8","m1",-0.00850642372671912,0.303057133589882,0.0221574079772941,0.663063528056443,-0.516475027497022
1925,22321,"s8","m1",-0.0460098220738607,0.21253800445706,0.0213377032208637,0.621828286685369,-0.555172933673642
1926,22327,"s8","m1",-0.110072720116084,0.166035717382641,-0.0670426482080457,0.61237125688638,-0.0763229082535061
1927,22335,"s8","m1",-0.00462726021941418,0.307737617919007,0.138886120013985,0.678225234732853,-0.839807452968791
1928,22349,"s8","m1",-0.0746531367165744,0.194268383127087,-0.166849488650559,0.606272744985304,-0.153727852750213
1929,22355,"s8","m1",-0.134379200557123,0.194629620709745,-0.201128109413023,0.538762316246688,-0.541030492851008
1930,22374,"s8","m1",-0.0313375266603119,0.24219808005846,0.103195132918636,0.619521484358552,-0.283676146251538
1931,22385,"s8","m1",-0.0540385442565379,0.30713644554848,0.0174950330519781,0.6476778823216,-0.453537807092805
1932,22389,"s8","m1",-0.0508981686279708,0.268893033314994,0.0736786825174092,0.691384669464035,-0.431376631518058
1933,22429,"s8","m1",-0.169700436923532,0.137965682846139,-0.165116112149918,0.587365973292295,0.0702582408760744
1934,22435,"s8","m1",-0.100062695443674,0.10454713464889,-0.236179319434253,0.446261189321146,-0.127008847084107
1935,22445,"s8","m1",-0.139457591598093,0.221594185864085,-0.0190310180889077,0.54734384535163,0.154980752882243
1936,22455,"s8","m1",-0.247538921366746,0.0778166224125523,-0.139476560597486,0.438018792380233,0.623635685698047
1937,22460,"s8","m1",-0.189529078997322,0.158685608505765,-0.225094294856869,0.514248171396646,0.272013794975758
1938,22472,"s8","m1",-0.0983582651073716,0.138505438350062,-0.257479795914757,0.552940219954871,0.103635673764921
1939,22487,"s8","m1",-0.20429962014835,0.116866855661811,-0.209497514711532,0.478164910966473,0.61222668132685
1940,22513,"s8","m1",-0.147537871040345,0.139098487254074,-0.266913492836098,0.577474564072649,0.310657771134798
1941,22527,"s8","m1",-0.154324163176299,0.155323066621624,-0.167597120228214,0.538055148620697,0.106653344700023
1942,22528,"s8","m1",-0.14821873462422,0.162533606079995,0.148850207755702,0.482656899795879,0.519179068387403
1943,22545,"s8","m1",-0.132708660473067,0.276273320594314,-0.0566040451417552,0.617331633383654,-0.702213785124027
1944,22549,"s8","m1",-0.0280006569322236,0.224607961683024,0.0314270105037698,0.625938164304935,-0.70171651016269
1945,22550,"s8","m1",-0.216859264177373,0.140488412609878,-0.169187753511314,0.452539983929425,0.205087720188557
1946,22560,"s8","m1",-0.188306224447948,0.156335724811049,-0.017711784257463,0.642748832358593,0.51451145506635
1947,22568,"s8","m1",-0.234060593662819,0.140575051394483,-0.161147363019906,0.515595466601136,0.114477321848906
1948,22581,"s8","m1",-0.0325947213503674,0.237909414003381,0.069005358336332,0.616688760134659,-0.278790957796108
1949,22605,"s8","m1",-0.0868680065621378,0.260648542776913,0.0247591205247381,0.656719202769338,-0.178984491079937
1950,22616,"s8","m1",-0.142384713252826,0.121445049153504,-0.304687241506139,0.630900237371271,0.417580793739066
1951,22620,"s8","m1",-0.0844474040679998,0.22093175928089,0.216293500059009,0.67336025758245,0.341386198774376
1952,22624,"s8","m1",-0.0575211736191794,0.242834802869493,0.133681942981296,0.613635441478776,-0.742485561765759
1953,22629,"s8","m1",-0.16133992238644,0.155915976108876,-0.11584000442953,0.570598197502492,0.0154344572033275
1954,22670,"s8","m1",-0.0647955694719049,0.306322264393638,0.0273118488613863,0.652265350002618,-0.817656940732212
1955,22680,"s8","m1",-0.11352542486016,0.200053261596369,-0.0890938873051632,0.568899581527204,0.199090933658114
1956,22684,"s8","m1",-0.194506019326484,0.13239539952713,-0.40683302274924,0.614434317341827,0.28219296983907
1957,22698,"s8","m1",-0.183162952992371,0.174783046365417,-0.277880299395936,0.659622648785932,0.0247572400899342
1958,22706,"s8","m1",-0.109622307365278,0.0962475518879741,0.0300794948216123,0.442732433534448,0.0602757705189282
1959,22732,"s8","m1",-0.149063830089956,0.145378628809868,0.0281934085763808,0.490460114462583,0.144532539549497
1960,22753,"s8","m1",-0.205474030340454,0.174196669746355,0.0447938353794763,0.587231661050561,0.72380448429312
1961,22764,"s8","m1",-0.0778845571731481,0.243500094612554,0.0843075112255621,0.612242015647427,-0.206538402475542
1962,22766,"s8","m1",-0.185475930580698,0.0960617623083639,-0.0978407237357054,0.485388244008415,0.318305570460336
1963,22770,"s8","m1",-0.120789820698523,0.0971016745764402,-0.13232005818093,0.554106392223375,0.0211221760552119
1964,22792,"s8","m1",-0.107144293284535,0.249541547621369,-0.0344604285091855,0.617154023556456,-0.0141614089687324
1965,22793,"s8","m1",-0.115755206036826,0.200114889175434,0.0576861839215219,0.631232418320162,0.0850791547589041
1966,22814,"s8","m1",-0.163703439049951,0.138212194337656,-0.157250457549672,0.526223866521907,0.116283486886511
1967,22839,"s8","m1",-0.0565702125204942,0.168066011263307,-0.104287264695581,0.534540537314244,-0.6724880804294
1968,22842,"s8","m1",-0.053348449182156,0.254630838219329,0.0131671679673999,0.676121960023928,-0.81374205167942
1969,22853,"s8","m1",-0.0440896665319811,0.225647084272917,-0.00750379675638699,0.573692363272564,-0.553532037702051
1970,22861,"s8","m1",-0.204087710865233,0.131504539087476,-0.163235456888835,0.474297905870738,0.459783458575284
1971,22896,"s8","m1",-0.1690270114144,0.114259141787089,-0.172935986639535,0.4147712415257,0.0878420194994095
1972,22904,"s8","m1",-0.0477801971604951,0.196866291650339,0.0388257912486217,0.625481587578746,-0.475607245164347
1973,22994,"s8","m1",-0.10126480021556,0.211777850127314,0.233549838263232,0.609698253078773,-0.364008790383182
1974,22996,"s8","m1",-0.228092694549862,0.0774890846946003,-0.259145404171928,0.435861117304597,0.670860135129887
1975,23002,"s8","m1",-0.138459955748799,0.118279467796422,-0.390108873092257,0.490367878529817,-0.0802095386060043
1976,23036,"s8","m1",-0.0740383102745707,0.172125680492766,-0.204305177686396,0.598603263757909,-0.656755267260307
1977,23049,"s8","m1",-0.210821827130767,0.101455922317968,-0.263986465627579,0.572250434247845,0.446042941667861
1978,23051,"s8","m1",-0.178750075854067,0.137606948347218,-0.17055279044462,0.612053556950866,0.180904123510874
1979,23072,"s8","m1",-0.0790439829337224,0.186929348703572,-0.0341522313934462,0.595247948803724,-0.134860494920626
1980,23079,"s8","m1",-0.10318958569824,0.204624080690742,0.121810414083626,0.575821184237534,0.0436034851114062
1981,23091,"s8","m1",-0.0971753589747812,0.244252546326945,-0.0712148099712368,0.646157341562172,-0.0584502260813975
1982,23119,"s8","m1",-0.115097232293956,0.222061595179155,-0.0430566503309953,0.564956729680827,0.200812782562576
1983,23127,"s8","m1",-0.127707186658874,0.217155872290743,-0.209039323380372,0.574594775813682,0.101726931816602
1984,23129,"s8","m1",-0.116307421243333,0.237636482261944,0.0147586920793478,0.53678035988753,-0.392114595928201
1985,23155,"s8","m1",-0.101532229388136,0.218026132949996,-0.170917626435776,0.700344338303806,0.035728099178747
1986,23179,"s8","m1",-0.162529276173069,0.192850360720559,-0.00343260488405245,0.540890620826163,-0.0541155959852432
1987,23193,"s8","m1",-0.0881967094851876,0.195770903586856,-0.0748294963011046,0.606237574771889,-0.169322030577054
1988,23195,"s8","m1",-0.117689955724335,0.175349835025147,0.0231458009202615,0.456649408758555,-0.256116794328244
1989,23200,"s8","m1",-0.0946587369834554,0.192462619512739,-0.256327327111447,0.569080416616999,-0.646573985354642
1990,23203,"s8","m1",-0.175389889642711,0.13085647319056,-0.0426061690408549,0.490152102051919,-0.0292185679742132
1991,23232,"s8","m1",-0.18922661812894,0.12610868184995,-0.188810599928044,0.478408897314938,-0.0412617167614628
1992,23233,"s8","m1",-0.0824690487187337,0.236235665072064,-0.250915055068155,0.508790504975207,-0.501678994936004
1993,23248,"s8","m1",-0.0875010657697596,0.241861174674265,-0.0774285565607059,0.54392354966315,-0.890983146676257
1994,23253,"s8","m1",-0.137317640823787,0.153767385922184,-0.0606276608808264,0.61028212533191,-0.0611691331532201
1995,23276,"s8","m1",-0.129416306245873,0.156970392354785,-0.0328892642883367,0.563139992052513,0.147445974655038
1996,23285,"s8","m1",-0.161318048177208,0.155712385404481,-0.161674945488651,0.578923995381631,0.0703895939746607
1997,23286,"s8","m1",-0.171013054760553,0.188720143318652,-0.171786585306339,0.621968980786754,0.137844557560263
1998,23322,"s8","m1",-0.176944240854066,0.144452066844038,-0.0675210075063201,0.522056036961272,0.475738479894676
1999,23334,"s8","m1",-0.0982159441022594,0.178760964196759,-0.113856563310246,0.533587791443863,-0.305767983063085
2000,23336,"s8","m1",-0.0590803033606903,0.225002918358666,0.110962292888453,0.620321153749533,-0.500244650006471
2001,23352,"s8","m1",-0.0447137954768523,0.241127413322656,-0.0608198817468142,0.616715595915603,-0.22259993516405
2002,23354,"s8","m1",-0.132431559869208,0.217596147577669,-0.0169128915949608,0.57733776053101,-0.17348329473633
2003,23361,"s8","m1",-0.242392182795042,0.132230145604876,-0.255037582024308,0.476046365676292,0.354701680530756
2004,23385,"s8","m1",0.048096285128882,0.31419808098469,0.232567279853896,0.677414177718815,-1.50167539339478
2005,23390,"s8","m1",-0.200869151343645,0.170449936259403,-0.327255659827082,0.590249364812733,0.275239911003837
2006,23444,"s8","m1",-0.184662158094837,0.184792088655317,-0.123189447393342,0.577930302937584,0.259271863272348
2007,23454,"s8","m1",-0.129448075054964,0.219301273465688,0.147245164545538,0.595364866597107,-0.232618327152878
2008,23471,"s8","m1",-0.155941596591202,0.125856306602868,-0.0481473536676417,0.471878321891524,0.0983311133509926
2009,23489,"s8","m1",-0.215771663536618,0.139802383970509,-0.0294445618329597,0.618217368638089,0.558884443044358
2010,23529,"s8","m1",-0.161978047623133,0.260424068739187,0.222273724671498,0.57534828830648,0.0633508373710742
2011,23531,"s8","m1",-0.140874127279213,0.20027879538583,0.171032148447654,0.586967608223638,0.4091078976532
2012,23545,"s8","m1",-0.0253903210179344,0.228926371238914,0.0906949381422725,0.651263615426309,-0.389874421349887
2013,23547,"s8","m1",-0.151438593832036,0.216001523349486,-0.0329189641577661,0.486585272525887,0.106742283376173
2014,23567,"s8","m1",-0.0416083889858755,0.273653635004009,0.0439691007236183,0.608751301755398,-0.702370026032741
2015,23572,"s8","m1",-0.120232195876303,0.190448663387615,-0.121436067848898,0.566688916627227,-0.109638379780797
2016,23578,"s8","m1",-0.108116034097899,0.195235995233145,-0.00439335319735521,0.64810472265892,0.183499186832631
2017,23579,"s8","m1",-0.218559817160185,0.135633042726363,-0.282745068025174,0.501586451495747,0.0888642375616077
2018,23591,"s8","m1",-0.121375704170348,0.220623277126786,0.053428054407867,0.631778299796563,0.0758871113361709
2019,23598,"s8","m1",-0.055857408875905,0.251995637031014,0.0193646105551099,0.659952726245175,-0.825949231852788
2020,23599,"s8","m1",-0.140142014370492,0.246804711578118,-0.172395188671464,0.610361666722955,-0.342480881058505
2021,23612,"s8","m1",-0.210278528379544,0.104512291512952,-0.543722275172473,0.534937124114061,0.232846712021643
2022,23617,"s8","m1",-0.0182874477350038,0.229297341598217,0.0738012829702804,0.587426505359785,-0.734003606238212
2023,23623,"s8","m1",-0.0560359524538438,0.287639365958925,-0.097464059938509,0.711821819455477,-0.31484127733372
2024,23653,"s8","m1",-0.161198426688201,0.20228230639028,0.0371121850460716,0.537721217363164,0.021949305011035
2025,23662,"s8","m1",-0.164739549765005,0.103753032265766,-0.191796136555903,0.571480452895463,0.205459848505317
2026,23674,"s8","m1",-0.115865346806004,0.194626208378481,-0.0036246264588114,0.646591467621761,0.19056039242235
2027,23721,"s8","m1",-0.0870742322151817,0.181039547818434,-0.238801295390046,0.582679214061151,-0.250148961978659
2028,23730,"s8","m1",-0.0678262536523008,0.257030332017931,-0.106726082743437,0.6355493018469,-0.508585122067374
2029,23736,"s8","m1",-0.172035582302097,0.102105593498543,-0.077821918074981,0.58315334167491,0.141397900017993
2030,23751,"s8","m1",-0.00621293090716303,0.194888367576714,0.181591034857899,0.57757295893198,-0.460857798373308
2031,23759,"s8","m1",-0.11840358479205,0.211091031589875,0.097393805216504,0.572993505747561,-0.68700843791705
2032,23767,"s8","m1",-0.126616857273334,0.165686593386358,-0.0795234548594168,0.491943991041719,-0.0360392182451066
2033,23784,"s8","m1",-0.193608427481939,0.115114845115603,-0.237669541874872,0.507506383064355,0.287982059792767
2034,23791,"s8","m1",-0.116889945703276,0.162339701441516,-0.171130583733965,0.526847340306216,-0.0546340346282647
2035,23797,"s8","m1",-0.0705440517065384,0.188939622922221,-0.0714809888700664,0.575009965893754,-0.599033019773578
2036,23825,"s8","m1",-0.0764432701705739,0.213179141699228,-0.225444899002319,0.614628083048587,-0.245104218436302
2037,23837,"s8","m1",-0.110782150232647,0.199642398006246,-0.106266535766244,0.536819192446334,-0.551690025562746
2038,23856,"s8","m1",-0.0841217159396836,0.195079796582652,0.0671772969514093,0.614753063900493,-0.200423962964775
2039,23865,"s8","m1",-0.0902444604813525,0.18733918783649,-0.150456669517887,0.535635792843421,-0.627218245845318
2040,23881,"s8","m1",-0.112706357476796,0.217253259403241,-0.0515102488651396,0.565875256910444,-0.37502030500588
2041,23894,"s8","m1",-0.081981714373212,0.215892637211701,-0.123469417050274,0.692431280731037,-0.00639823799804493
2042,23899,"s8","m1",-0.194306395284625,0.157062319762432,0.0199190673877514,0.488497200172758,-0.153653292482788
2043,23908,"s8","m1",-0.267656338496071,0.102989113467155,-0.309739696276043,0.43583787343154,0.688782428118478
2044,23924,"s8","m1",-0.22812945490509,0.0888846610243027,-0.711256272620939,0.514625901319718,0.702507296653419
2045,23933,"s8","m1",-0.0510124960502965,0.305455516925596,-0.00715517444790775,0.686163705740251,-1.20328296837115
2046,23973,"s8","m1",0.00928251112156766,0.257897892976949,0.230027889946981,0.663848045479732,-0.453809283491643
2047,23975,"s8","m1",-0.116292616235088,0.254922789724278,0.0911815392853457,0.645721190572741,-0.178288328131058
2048,23985,"s8","m1",-0.116760617582975,0.24117340146143,0.00606460035762374,0.6649751185807,-0.294402340475821
