"draw","source_draw","id","assumed_model","alpha_0","alpha_1","alpha_2","alpha_3","nu_0","nu_1","tau"
1,8,"p8","m3",0.00713871295552208,0.399407226088982,-0.571214676954503,-0.311512276594675,0.655295860755628,-1.4699593103528,3.07379364398833
2,17,"p8","m3",0.0493900232249053,0.450948992151014,-0.497360077326174,-0.366540981358011,0.738681243810159,-1.11135095708743,2.68907909171955
3,20,"p8","m3",-0.0223319035968146,0.367139443299482,-0.537026311344054,-0.213635011342331,0.715735199644993,-1.04518056486859,2.6785810493475
4,22,"p8","m3",-0.0122920696188479,0.400536840200957,-0.488995682991358,-0.275450231541371,0.732571542859199,-0.818925671460631,2.43406681536619
5,45,"p8","m3",0.0603558055468849,0.475063865913327,-0.489972363454241,-0.19486595615066,0.805087981722602,-0.41220435722809,2.84995807291664
6,62,"p8","m3",-0.0690921859798752,0.509383782117273,-0.642328962802438,-0.154702868306525,0.604210475361249,-0.936240904337741,2.78352651274503
7,73,"p8","m3",-0.0369945679767024,0.439246290876824,-0.544380176706953,-0.232363973750538,0.647430095283415,-0.954600476175749,2.60186931126621
8,109,"p8","m3",0.108799192728131,0.521524480934417,-0.444406239382336,-0.185334699772068,0.834398747251114,-0.91799238741959,2.53393322695186
9,125,"p8","m3",0.0112659460331938,0.307401873886079,-0.490805603710564,-0.224911297442259,0.697220408817702,-1.48271795880179,2.45205733485287
10,149,"p8","m3",0.0835333137025162,0.46165831008899,-0.513759956878258,-0.236184266538893,0.703457083331787,-1.37669128462318,2.56626419821563
11,154,"p8","m3",0.125366503944215,0.519363135361117,-0.38493167454983,-0.20090630241015,0.803677602421767,-0.836122001531475,2.39159866139526
12,163,"p8","m3",0.0247403468215668,0.443800397286212,-0.436773193799869,-0.215736243208697,0.727460811338768,-1.20125193284704,2.35692436793443
13,177,"p8","m3",-0.0488477936158839,0.518023752836672,-0.532906302879602,-0.270105230289998,0.646838870963236,-1.21864567405648,3.18131458197657
14,190,"p8","m3",0.0261358825893454,0.399369236113329,-0.493614478749185,-0.323171573191582,0.694100601217867,-1.0425624970067,2.65826163268935
15,195,"p8","m3",0.0892142414505207,0.557798765445864,-0.438985883362374,-0.312673733606418,0.8208947224826,-1.24511240926804,2.64254951140555
16,197,"p8","m3",0.0650816279524695,0.430512044360522,-0.423283823228,-0.277698929032773,0.701336685146393,-1.01993384976857,2.68620938467722
17,199,"p8","m3",-0.0179844564453959,0.343544123066349,-0.541337005070599,-0.18194697869391,0.724976281771864,-1.36226095538906,2.70863371827466
18,204,"p8","m3",0.0344823872632785,0.388861088359982,-0.518608763758394,-0.296942862257725,0.740988066525051,-0.95268490536976,2.50340196733764
19,209,"p8","m3",-0.0215498509356916,0.50880711952744,-0.567349333472639,-0.259123769119577,0.639555186934588,-0.702607060679792,2.89420593406121
20,219,"p8","m3",0.071066782911804,0.353063502461387,-0.476123707355405,-0.185369259290004,0.728754224411658,-0.980087741821461,2.47644348136345
21,226,"p8","m3",0.0265374587861736,0.387970137944096,-0.513464505396788,-0.257288470416994,0.692434204485539,-1.12988121765838,2.78422853795723
22,227,"p8","m3",0.0205957718981988,0.53867247848748,-0.536418750651742,-0.323000928473513,0.649087989849818,-0.805425716308855,2.75561468521913
23,236,"p8","m3",0.0719416361842713,0.539239567546161,-0.447873226182084,-0.132541784770601,0.725054632904176,-0.529106102419005,2.4002185215416
24,246,"p8","m3",0.0396299964559508,0.454664257946879,-0.449667476986222,-0.276390264977082,0.797573883613889,-1.03710248690464,2.58366065736933
25,251,"p8","m3",0.0254190009560232,0.48131437330628,-0.59758124800172,-0.199852795654014,0.638941261573872,-0.718646143465948,2.51609798777517
26,253,"p8","m3",0.0135899258805643,0.393553757676435,-0.462513501320083,-0.164770521007293,0.694590737132432,-1.06411790012325,2.61515650457719
27,260,"p8","m3",-0.0250651926883595,0.32791836285283,-0.528344991833624,-0.164862560774632,0.724590786850901,-1.29408242719553,2.71731782563803
28,263,"p8","m3",0.00240732434223107,0.450082477236638,-0.61885858629128,-0.289085465912823,0.594911266784707,-1.80784385868372,2.77582107562541
29,267,"p8","m3",-0.00541541330125401,0.529491521202282,-0.457093139565699,-0.22144561440582,0.772896415492221,-0.546319444608023,2.39719825424418
30,274,"p8","m3",0.0243993116817204,0.681205381319544,-0.448919283206492,-0.219570205151117,0.70263472266957,-0.951611849795566,2.38327401295855
31,275,"p8","m3",0.057857615236176,0.48433006396258,-0.515779131298067,-0.201349639723842,0.711666558457984,-1.30011932195065,2.53194605630593
32,285,"p8","m3",-0.0352303698340521,0.442625110583084,-0.614640878943534,-0.174357258960931,0.573879804450139,-0.849838899394015,2.88826944242598
33,288,"p8","m3",0.0292211836764601,0.385338103194432,-0.460322302826543,-0.246952854613615,0.752221789043051,-1.13713937111159,2.58837712923715
34,290,"p8","m3",-0.082521581953327,0.349982237388823,-0.547909658362111,-0.24796723300921,0.635515163797802,-1.39037179175218,2.72321053329324
35,305,"p8","m3",0.0328147240282016,0.40714513589432,-0.526392972479813,-0.122292027129001,0.766470511293438,-1.23891245954572,2.67474292205182
36,319,"p8","m3",0.0160908626285072,0.43352877069466,-0.585136079213756,-0.171941769580369,0.649533879527991,-1.00901924395285,2.97555061343056
37,329,"p8","m3",0.0833380401256013,0.426455734097898,-0.483180472170917,-0.228023311618271,0.780582982398085,-0.940638100804715,2.72908410667044
38,331,"p8","m3",0.0255757380941625,0.452129981171301,-0.394354842621558,-0.25323832956839,0.754241143112077,-0.79399841176931,2.61029631232802
39,378,"p8","m3",0.054341523637558,0.422222923488793,-0.559949644256735,-0.191495761742781,0.606391207987083,-0.696047023459227,2.69943281971546
40,398,"p8","m3",0.077167853799802,0.472817485446064,-0.445161167581194,-0.232179321740131,0.771285197962375,-0.614880341616681,2.41941999192434
41,405,"p8","m3",0.0245612066739119,0.562243455182277,-0.520160557487838,-0.173926664630557,0.593188872965022,-1.04335159957454,2.48188992568583
42,411,"p8","m3",0.0468837920419072,0.381375267589278,-0.508403850225004,-0.316321521839843,0.805289528837137,-1.31716812381968,2.86625165061809
43,417,"p8","m3",0.0150644983936783,0.400405821176823,-0.484539705307876,-0.189055995996066,0.741439408299882,-1.21866786998021,2.80805584314399
44,423,"p8","m3",0.0171161395740437,0.217645011856925,-0.506477610575096,-0.168283690126575,0.705007203115579,-1.58327038424239,2.72141331823004
45,429,"p8","m3",0.197407131092172,0.454453440817316,-0.380302481009987,-0.195817038180939,0.780714513421281,-1.14663501025737,2.18964985783719
46,450,"p8","m3",-0.0506610289959094,0.406826291714138,-0.556389650490735,-0.195151720208216,0.608178462879811,-1.16880658763101,2.82273456004459
47,457,"p8","m3",0.0390254170185818,0.366592167507209,-0.639191987223666,-0.292538977535567,0.66692728094922,-0.928367828879943,3.26577857402608
48,487,"p8","m3",0.14818896231701,0.38752286739448,-0.391430679004094,-0.244727808776201,0.837496565567405,-1.11935286662022,2.26631759867948
49,512,"p8","m3",0.0374175189046224,0.330551089085499,-0.464245416757251,-0.222591706670892,0.687493540175783,-0.977864840060172,2.57430522880739
50,531,"p8","m3",0.0947036152951278,0.532549668122264,-0.490544386616199,-0.294972717146336,0.790762155640225,-1.05178185052219,2.48700048191826
51,541,"p8","m3",0.00284399918688203,0.4120589518102,-0.561379023284729,-0.212354559145374,0.709005235947853,-1.40382672213195,2.83730225198015
52,548,"p8","m3",0.0166602843442322,0.47585509553076,-0.587132505943746,-0.126591051499002,0.715496634754063,-0.444659896103048,2.85207648207716
53,551,"p8","m3",0.0111703227136759,0.53252855543897,-0.512800114796603,-0.0889758948488337,0.657647798974926,-0.639964793364401,2.40128677510339
54,558,"p8","m3",0.0551821100793823,0.388194901680652,-0.426905980414152,-0.165994008279731,0.704985394597418,-0.928137597152383,2.21168962989243
55,570,"p8","m3",-0.0247720013422309,0.431941708070756,-0.463357085190067,-0.278210211611609,0.799807356417785,-0.727568585876895,2.69321835575912
56,573,"p8","m3",-0.00890102660383801,0.451078048404806,-0.57600674435666,-0.262083947966919,0.752680263210397,-1.00805975178049,2.90893881241592
57,603,"p8","m3",0.0761107217516915,0.535529843517177,-0.528085650732789,-0.210697723004555,0.679946319805977,-1.23549196938942,2.59585457527563
58,617,"p8","m3",0.00297780603904893,0.386397453408163,-0.49674806742569,-0.356682268941683,0.729712331516299,-1.78092827709269,2.66996954859551
59,630,"p8","m3",0.0165900975622764,0.429406521498383,-0.431420681918102,-0.195447194176389,0.717166110161114,-1.04995393011783,2.27213915092299
60,636,"p8","m3",0.0224470050612499,0.395539069712699,-0.484410193111649,-0.382379711940668,0.783228789934737,-1.61216226107622,2.89832815254465
61,669,"p8","m3",0.123561602051317,0.553368122484253,-0.405780431741926,-0.0997721235106051,0.766768924704522,-0.701885083246311,2.50846542127124
62,680,"p8","m3",-0.0368806766711934,0.512935202355363,-0.587156720519422,-0.195155254906983,0.696191663984168,-1.34151876497355,2.97214628860412
63,691,"p8","m3",0.0274442460365102,0.543289829913667,-0.5484982486829,-0.30077180970334,0.632234377227441,-0.646953755696802,2.69027021108326
64,715,"p8","m3",0.116101029265242,0.587670600798774,-0.485922728596685,-0.213771221922833,0.78928953909226,-0.83950568854188,2.39682312847124
65,721,"p8","m3",-0.0852836375631965,0.466769053507805,-0.591846140523226,-0.172775936019151,0.652364718040544,-0.67167194628344,2.73488343412342
66,735,"p8","m3",0.0607561106071655,0.415010020428406,-0.469670640473632,-0.278492797136679,0.722930823611174,-0.873696031449033,2.63009943338607
67,786,"p8","m3",0.0369736577973747,0.443312590357238,-0.572389655320251,-0.14751043174745,0.700762450390489,-1.10627504850976,2.74771233693119
68,799,"p8","m3",-0.0777753947548317,0.514887952230319,-0.458977845533208,-0.323950363602524,0.701501156705879,-1.01827409596339,2.74133864945871
69,804,"p8","m3",0.0799540982526124,0.403503338505657,-0.459986712857594,-0.297246062713043,0.765513189593715,-1.44013050551658,2.80104667880128
70,808,"p8","m3",0.0621570190284197,0.486678587444208,-0.502987996560233,-0.16097454763575,0.770060668973517,-0.508066992585218,2.8284684960623
71,811,"p8","m3",0.00706976471469923,0.417141487234915,-0.477271015156568,-0.26280351825692,0.760643568001411,-0.930364790731335,2.61955012100532
72,821,"p8","m3",0.0162839689600619,0.454476098820447,-0.47239386965649,-0.26425191691281,0.683588838331811,-1.12795946759249,2.61965293505453
73,829,"p8","m3",-0.0366974912903602,0.446066701314021,-0.486017793439729,-0.249583742972815,0.625457132892081,-0.658028704384189,2.53549304776503
74,834,"p8","m3",0.0761809284073706,0.447925408849985,-0.505104268168136,-0.227853480033301,0.759916129500501,-0.726419136091497,2.74640814812651
75,839,"p8","m3",0.0601594678060978,0.501435631913147,-0.450494202824186,-0.216610923665154,0.712426729949031,-0.788079357761775,2.21462426616609
76,841,"p8","m3",-0.0587557294494613,0.447342019956495,-0.65117375736554,-0.283142202987976,0.679903396472921,-0.89930128951902,3.03195380658795
77,881,"p8","m3",0.0322479612183761,0.38055868337196,-0.539294671772279,-0.282095012739819,0.688744513833103,-1.03633438824185,2.86734871845614
78,904,"p8","m3",0.100079934145243,0.671177480942369,-0.421568412668483,-0.183163379694806,0.793437052688305,-1.44828239648061,2.52011178949081
79,925,"p8","m3",0.100172660922949,0.432256343190351,-0.514432422711594,-0.196593798517112,0.754845310989976,-0.867929017947859,2.62191464143784
80,949,"p8","m3",0.077245407301916,0.434163231815075,-0.46270796406471,-0.250730693095123,0.765557877232545,-1.41659673104933,2.53038857219071
81,953,"p8","m3",0.043685643223162,0.415834775723737,-0.521231331014723,-0.283899367271441,0.688128948112171,-1.00280103515411,2.45612003615848
82,979,"p8","m3",0.0347210841919503,0.457566572735703,-0.542531403672597,-0.237692826988228,0.744059183961304,-0.364654330933384,2.85289047872487
83,981,"p8","m3",0.0126449815143124,0.517401363829602,-0.552404766610688,-0.300926291503833,0.686475702897708,-1.07346325280669,2.70074381232934
84,987,"p8","m3",0.0500292753217955,0.406633163260865,-0.468920183601107,-0.107481077674111,0.731608242090746,-0.714208792316076,2.38870952606768
85,1008,"p8","m3",-0.0505421789351839,0.415096425079048,-0.659684917275086,-0.24701856589541,0.539074707211692,-1.83969238114643,2.62038313642993
86,1014,"p8","m3",0.0106156036050992,0.404382283841291,-0.503661575767808,-0.206383907608366,0.698184163075421,-0.843325422431833,2.62013055276941
87,1044,"p8","m3",-0.0951202496669957,0.425092016152048,-0.577236191379055,-0.127462950866526,0.622065370642024,-1.19209475499578,2.92705230111046
88,1060,"p8","m3",0.100998120676109,0.537784143892836,-0.526660798585736,-0.315200233690659,0.729907213929951,-0.706075052519918,2.64443591799339
89,1065,"p8","m3",0.0643541285876167,0.462908789747048,-0.503139491580313,-0.242865024752713,0.777083165355078,-0.802258978650563,2.77864041177903
90,1066,"p8","m3",0.103124740549654,0.502219443513071,-0.440620610542762,-0.211651469390036,0.860214403423543,-1.05105416445476,2.44493544957071
91,1068,"p8","m3",0.108664862037266,0.534131315164415,-0.453915227941621,-0.206267650411888,0.790013889261315,-1.48419782821379,2.76465186285625
92,1101,"p8","m3",0.0616124461842861,0.434856831875031,-0.463998679786683,-0.375722500657634,0.762087455762195,-1.19935386337366,2.70534129944572
93,1107,"p8","m3",-0.0418674483651789,0.401491580913227,-0.49712818582245,-0.34272573600478,0.731306280300693,-1.27706164627692,3.05484966319134
94,1162,"p8","m3",-0.0482072701305601,0.528721147086347,-0.55164125243788,-0.189098207076429,0.676290266206093,-0.942521097239429,3.09664169132031
95,1193,"p8","m3",0.0070804009664949,0.450397097952157,-0.58432146656853,-0.289584675620317,0.676478904870692,-1.07543818297838,2.82431974915944
96,1212,"p8","m3",0.0775441075088313,0.474816212227029,-0.420288652226554,-0.141043777137375,0.798936295310848,-0.943995681342763,2.39595185738486
97,1213,"p8","m3",-0.0033418137524592,0.510975843431121,-0.58749395301627,-0.20972852588587,0.632598442965989,-0.69678189768885,2.84632166694396
98,1227,"p8","m3",0.0483053778469118,0.51806746085122,-0.505220958593406,-0.253194975645319,0.691155784113033,-1.43279186159864,2.51269731583876
99,1257,"p8","m3",-0.0014332098207548,0.401867837475471,-0.519358112667275,-0.20091690941322,0.71182473795854,-0.955392993141803,2.95216550790482
100,1268,"p8","m3",0.0268758632228947,0.466621658573898,-0.578499561172404,-0.155724809324515,0.656460035184259,-0.954646134124924,2.65807385829745
101,1275,"p8","m3",0.023796086214922,0.326382935227974,-0.483074901954678,-0.235890703996266,0.704295837206806,-1.6202968505405,2.57412410574111
102,1296,"p8","m3",0.0632069997655797,0.48887696296811,-0.541039654111761,-0.240798222951348,0.728597248929395,-0.818922382312337,2.4914301739603
103,1319,"p8","m3",0.0271901878873535,0.356772105231911,-0.488434742683455,-0.32551081203144,0.691193319553451,-1.28178169620876,2.7539925300742
104,1340,"p8","m3",0.128318827429056,0.419179736205577,-0.520523308501843,-0.253128443310723,0.779786322834458,-1.07533397814918,2.80936620231084
105,1345,"p8","m3",0.0264098843362935,0.485353339586937,-0.526323527738384,-0.18134388580722,0.635766134688966,-0.792009684106624,2.69038879913677
106,1346,"p8","m3",0.0995339784212984,0.390513220514136,-0.424157743644801,-0.0858864287861765,0.83466385380245,-0.734240548919674,2.62406909300716
107,1391,"p8","m3",-0.0232185304863541,0.495560909705452,-0.56178147381465,-0.217851248527886,0.716413384685872,-0.550887852198178,2.93487584837119
108,1392,"p8","m3",-0.0518801198250738,0.343244415434841,-0.559261550880228,-0.194806746193975,0.634658294618116,-1.18658990751208,2.74318769732074
109,1393,"p8","m3",0.0591475773826295,0.447077798976951,-0.501145693654559,-0.226325339067037,0.710328843473814,-1.16320047913736,2.62074296782528
110,1411,"p8","m3",0.103666220189171,0.451863440494587,-0.436313349831233,-0.29216767553982,0.833918462224907,-1.12524828013089,2.84982260509126
111,1444,"p8","m3",0.0163013373955207,0.454498939399684,-0.45961012485316,-0.19067404958463,0.799182914376372,-1.1439241996546,2.82125214392984
112,1446,"p8","m3",0.032770351994141,0.415974951765422,-0.474396331359137,-0.213147331602167,0.775764920305724,-0.928332975138372,2.5077270309385
113,1457,"p8","m3",0.0629720686350612,0.504500451520071,-0.417984088846573,-0.297211980946273,0.831777434907492,-0.806166545476812,2.75412184256767
114,1466,"p8","m3",0.0859983547080793,0.656087780716029,-0.433726948410162,-0.177283089661141,0.890052286609823,-0.338862492062734,2.44423021716857
115,1474,"p8","m3",-0.00697596801149614,0.399865593340458,-0.475767751038815,-0.232056836097682,0.680770135478317,-1.28195043017218,2.74452789322187
116,1508,"p8","m3",0.0412614642783231,0.494049267211344,-0.501212980600666,-0.182470986734181,0.686348936432216,-0.892740231147709,2.63410694197218
117,1509,"p8","m3",-0.0365476650689749,0.506925167759398,-0.569309911642811,-0.214221781773458,0.717775921100303,-0.510429249012243,3.05007635015725
118,1512,"p8","m3",0.0137973297754919,0.425382746228119,-0.456472085446195,-0.263432540163428,0.755668893132351,-0.70185849925864,2.38924818572019
119,1514,"p8","m3",-0.0637240815120637,0.381643491601701,-0.516960529427313,-0.288454682752315,0.597702420549352,-0.88268368271167,2.6285472032303
120,1519,"p8","m3",0.0701750338799699,0.515902543396318,-0.452023899642403,-0.22567698998174,0.757432081388328,-0.543150908235555,2.72523586799782
121,1559,"p8","m3",0.0175386783173833,0.401415556749582,-0.478470032606085,-0.223003652484553,0.720482054622263,-1.21308565132131,2.63317035508318
122,1584,"p8","m3",0.0745541763171032,0.423851353350558,-0.542609855935041,-0.355850218432022,0.704419539931736,-1.26178766768385,2.66132764430661
123,1594,"p8","m3",-0.0392036102887285,0.459986054149955,-0.548286058017755,-0.35620216213123,0.649887678533468,-1.37195506095061,3.09148130998052
124,1618,"p8","m3",-0.0241697609460645,0.361546183043203,-0.497666836752464,-0.288097820155723,0.648088685316945,-1.39513905189651,2.83292282967217
125,1631,"p8","m3",0.0476214527309053,0.493122012610609,-0.48923433350496,-0.294057197652448,0.749027325233735,-1.2998330994137,2.59885101503438
126,1634,"p8","m3",-0.0832951704085674,0.373450367697016,-0.497584449930852,-0.247680894134849,0.558110502189987,-1.75516247538875,2.66583969306605
127,1640,"p8","m3",-0.0780305453153587,0.513901151457489,-0.627190441800409,-0.179222965726555,0.666042573275385,-0.857465061699191,2.90416603922502
128,1646,"p8","m3",0.0060546908124782,0.52847708876031,-0.560685530125257,-0.291663308488445,0.670256019503657,-0.719130431295364,2.7945132849945
129,1659,"p8","m3",0.0351761783417115,0.502351977075289,-0.486503476506148,-0.169760632010805,0.585451523931363,-1.01446899556396,2.44712796672186
130,1680,"p8","m3",-0.0306611593728927,0.449306256915044,-0.560565944362777,-0.334488717920375,0.652254405286696,-1.40130043661573,3.33405826061795
131,1691,"p8","m3",0.037081604234939,0.426861524262838,-0.518942570037825,-0.328915507595196,0.714257930374953,-1.08376128944047,2.78260720040116
132,1693,"p8","m3",0.0455379009156494,0.311148510015184,-0.536941987397361,-0.235138199798434,0.775452524229209,-0.889408111774918,2.72797061098727
133,1705,"p8","m3",0.0542637848411342,0.412030412076125,-0.525931614779253,-0.254025189584808,0.682676448600164,-0.905898817776402,2.59407875321647
134,1707,"p8","m3",-0.00877067536213794,0.528547799292519,-0.506689388022844,-0.200212623461887,0.636311744726602,-0.4584994350424,2.7852071928422
135,1718,"p8","m3",0.0765854098349578,0.434597717455525,-0.564046274413815,-0.24417691101568,0.709463448618653,-1.25906003132107,2.8636331790316
136,1719,"p8","m3",-0.0148238177810421,0.499288304709448,-0.532087742446939,-0.247686718556848,0.59203067215789,-1.35789757694719,2.68848891714179
137,1722,"p8","m3",0.0592443198358947,0.439210457009877,-0.432295299647731,-0.244293920186372,0.766563363567735,-1.03183895604592,2.51561463365789
138,1748,"p8","m3",0.0945718481578546,0.37785772484457,-0.502535355731027,-0.411225911463045,0.72473595294389,-1.34046722268246,2.76295735714056
139,1757,"p8","m3",-0.0132411359756653,0.527769449751271,-0.492661399054794,-0.178421569224743,0.679196456501965,-0.781144714019708,2.62391051129557
140,1797,"p8","m3",0.0641306334711708,0.436130252827122,-0.500358018438102,-0.216197515475052,0.665401952137896,-0.838084168241275,2.61035186131169
141,1800,"p8","m3",0.0673988692514692,0.469737279965007,-0.510863853312836,-0.253870961112902,0.750898987312494,-0.799651471436071,2.72797731462286
142,1805,"p8","m3",0.0689434422042816,0.43517992375193,-0.547647873448445,-0.19524403150852,0.760580813709485,-0.736594201905421,2.83715991895433
143,1807,"p8","m3",0.0908646683708568,0.453963783666921,-0.395440645373111,-0.140458436350154,0.787429599671487,-1.02112319676841,2.49021638156275
144,1810,"p8","m3",0.0756049461743932,0.505236397838309,-0.475049538953441,-0.412978177894165,0.784769973212765,-0.964202710204867,2.63066358369493
145,1830,"p8","m3",0.0315315617566478,0.448568437057372,-0.421767440535675,-0.213389434468963,0.68438693396381,-1.25995311328764,2.44108090085239
146,1835,"p8","m3",0.111084825535493,0.441576410300885,-0.539204519284943,-0.241214695704867,0.714012304419674,-0.96948920752152,2.62893091038996
147,1837,"p8","m3",0.0153188398219874,0.525427704414261,-0.455564203196858,-0.292384844188421,0.693330195848612,-1.25858807732287,2.32263469117866
148,1845,"p8","m3",0.0344138162183821,0.379029304713783,-0.517693392740457,-0.239455418934988,0.685994807111608,-1.131245230737,2.63360797654938
149,1851,"p8","m3",-0.00861684838526651,0.525213335431688,-0.593321235070435,-0.160415251463235,0.679190324535588,-1.01374441738281,2.72395061247185
150,1859,"p8","m3",0.0966747343274493,0.572542201695891,-0.473441105587571,-0.217347899325234,0.774185926861854,-0.517472398282574,2.55909010243695
151,1867,"p8","m3",-0.00914011168840039,0.34225056983447,-0.509974769331871,-0.237268151836681,0.721685207824139,-1.328342734177,2.79123559389052
152,1892,"p8","m3",0.0939668415575975,0.385822717856701,-0.48918875524626,-0.219887139499039,0.74205930424664,-1.05904899947791,2.58145925323726
153,1896,"p8","m3",0.00181364774140782,0.546803116233036,-0.590188472443267,-0.208330279364566,0.720042024700671,-0.440953612475191,2.86777421427371
154,1942,"p8","m3",0.0102835294569619,0.535883658992781,-0.582722171989365,-0.246863713688121,0.682290013908567,-1.01809981689888,2.84589958308852
155,1945,"p8","m3",0.0960405678954876,0.461341306759568,-0.445110802487714,-0.320415455013603,0.755413061430987,-1.29931734510955,2.4487617510953
156,1954,"p8","m3",0.0705551897674902,0.402284403622811,-0.529838617656065,-0.258135675313722,0.779776776401752,-1.20911192160417,2.91357563517021
157,1960,"p8","m3",0.0966073538192462,0.415915490563811,-0.511205895646124,-0.245063237588537,0.724583156052443,-0.810991725904723,2.65278598507884
158,1964,"p8","m3",0.0841523646328059,0.418994868617658,-0.47028458850998,-0.296098997973602,0.743974826123031,-1.18443487706155,2.58227783182661
159,1969,"p8","m3",0.0438773559538949,0.450113866883469,-0.550071727880257,-0.280548498511755,0.755008431632753,-0.908792991379838,2.94169005466911
160,1983,"p8","m3",-0.0112555803210841,0.404597032089074,-0.528757607697583,-0.286396367953489,0.66200955811207,-0.956727291880124,2.96500017012574
161,1987,"p8","m3",0.0272489555786993,0.501581792929735,-0.475803849763406,-0.113099266008974,0.746761478801978,-0.297868390407512,2.5282971913159
162,2003,"p8","m3",-0.0232267755755963,0.435233042324051,-0.594285841314051,-0.310200770317943,0.679595092219494,-1.0686416245812,3.06438153383296
163,2020,"p8","m3",-0.00255080532498438,0.338898326276123,-0.555063217342023,-0.284902180554698,0.679923489494842,-1.0185302599351,3.12326211816098
164,2031,"p8","m3",0.0449766730204486,0.589224514021252,-0.477197684370826,-0.131296815826854,0.655652462320978,-0.527190860180134,2.25446235142341
165,2045,"p8","m3",0.0621468264956624,0.460477522760989,-0.431232367081308,-0.177838553435543,0.742554104585924,-0.811948404814911,2.52548981539938
166,2056,"p8","m3",0.00555285239632838,0.523499959933985,-0.44948139243653,-0.249796961611056,0.759144035906609,-0.543232640215254,2.56209755840207
167,2060,"p8","m3",0.0634913138622164,0.483588797411041,-0.527244908081953,-0.311579943862653,0.708520353195766,-1.26104817350379,2.91557918770415
168,2063,"p8","m3",0.00135529630128692,0.514505070319997,-0.427795485558986,-0.168182443441527,0.679055066178659,-0.858486202462303,2.85996750071165
169,2096,"p8","m3",0.0135349865718927,0.417162944172456,-0.459317043140156,-0.113613248672936,0.688591080197969,-0.969141917662165,2.38643231135007
170,2113,"p8","m3",-0.0173500235087827,0.466992881431028,-0.436119287460389,-0.278425665476071,0.714543924460498,-1.05013050243977,2.55286205720576
171,2116,"p8","m3",0.0747784395230778,0.464382912115268,-0.514174598962895,-0.232018889448603,0.677850911226284,-1.18249620914531,2.70598082672317
172,2136,"p8","m3",-0.00949487292756448,0.507505601453193,-0.590128068920781,-0.128358414380235,0.644994519208868,-0.864043467585182,2.62028892035191
173,2164,"p8","m3",0.0299909664925028,0.460364319245635,-0.404110780090979,-0.274991084792325,0.723359663431884,-0.685280670256509,2.52070788537135
174,2183,"p8","m3",-0.079790292338622,0.36212591175346,-0.539810278282912,-0.269164569417976,0.703833981281726,-1.18127075519339,2.79458545235157
175,2184,"p8","m3",0.00818398851000194,0.474276882274105,-0.591831265091833,-0.135278050420708,0.609762342905799,-0.976556221927447,2.86750775650225
176,2191,"p8","m3",-0.0114551383613775,0.54239542821151,-0.567862526865035,-0.203103290345875,0.641230359235958,-0.515790065227856,2.77173099493326
177,2193,"p8","m3",0.0553565549695304,0.446212634223358,-0.496752378766473,-0.280336224798327,0.766536836158001,-0.87112200390739,2.72727097862615
178,2201,"p8","m3",-0.00493347516624434,0.389383511904645,-0.599980819891794,-0.157064741907077,0.676127648172008,-1.11021947160286,2.76161042502138
179,2203,"p8","m3",0.0532792285446314,0.48192428342242,-0.50881798946221,-0.218054348202838,0.702795142016283,-1.51585308305091,2.35342210778664
180,2204,"p8","m3",0.0212285644997447,0.391007986889881,-0.524864119217468,-0.259465766919877,0.731243704888553,-0.994690288323082,2.90106102874106
181,2208,"p8","m3",0.0238220485406025,0.562684821405041,-0.508207188860102,-0.211330312874984,0.72934594454506,-1.36448426550101,2.67668438644969
182,2216,"p8","m3",0.0799792900593691,0.362141960292837,-0.447014474740829,-0.240953448775334,0.830188747547595,-1.26919873156152,2.65456919267386
183,2234,"p8","m3",0.00695462444676486,0.543431729168316,-0.553109753790264,-0.196099930414349,0.689259987329829,-0.762801672773848,2.62859718388971
184,2236,"p8","m3",0.133040618866458,0.359343739746797,-0.427115904478399,-0.224008875929855,0.856534766975551,-1.29333272840676,2.32577142433334
185,2238,"p8","m3",0.0122433399701272,0.565304822616848,-0.321590172692506,-0.226450702432325,0.727901611354443,-0.846765226307046,2.09987408393358
186,2239,"p8","m3",-0.0180161676574719,0.575736045811972,-0.516408097259935,-0.186751394995403,0.711233466002498,-0.752152460257951,2.32365197844161
187,2252,"p8","m3",-0.0247129928208082,0.59476236069963,-0.594146953194829,-0.303672527309008,0.649301854852059,-1.00486734244581,2.6712565676005
188,2258,"p8","m3",-0.0261002320829531,0.403670496350908,-0.504821909685694,-0.233672534481925,0.677560212378608,-0.884525854717845,2.57119173262635
189,2259,"p8","m3",0.0933096036443166,0.459375674489434,-0.485671055067297,-0.327782123068381,0.768577793146797,-1.22265181615117,2.75554361240881
190,2263,"p8","m3",0.0472067378822146,0.433117532639207,-0.493400345906998,-0.369523256654606,0.735292520548361,-1.06422848945026,2.63779588964794
191,2265,"p8","m3",-0.0216322620417276,0.347681694226055,-0.550779066919216,-0.287903777673965,0.74755732027005,-0.732938619463084,2.85717148859641
192,2271,"p8","m3",0.0633411399910345,0.48299110513794,-0.575907742298553,-0.237579726871693,0.738503243396209,-0.59593236471431,2.97432621274592
193,2288,"p8","m3",0.0198462917200215,0.392114662073717,-0.431125994525796,-0.229628931993529,0.761634086184574,-0.868212057208815,2.67700707255404
194,2291,"p8","m3",0.0688964054189217,0.49139378918238,-0.443938198056715,-0.112263719097434,0.797851486063816,-0.969118223692473,2.62712096522616
195,2300,"p8","m3",0.0280887360741089,0.356609598551306,-0.421191143919575,-0.271948078094895,0.726328331089519,-0.87619429377994,2.23074397986971
196,2308,"p8","m3",-0.00916231646635109,0.413370540984635,-0.576905002169372,-0.288952670399229,0.693136258706994,-1.02656632557567,3.00603136821739
197,2334,"p8","m3",-0.080960883051125,0.651865323830413,-0.663246618939646,-0.260549457853733,0.577925121434631,-0.77458556711282,3.05057136447672
198,2340,"p8","m3",0.0757339829734616,0.403947463378297,-0.431400725260207,-0.348003007527451,0.823656195646693,-0.984599653796428,2.57883101559511
199,2341,"p8","m3",-0.0404630010613375,0.466372790845161,-0.4856386007573,-0.233532554167244,0.647512575681931,-0.896600276262321,2.79189446463342
200,2351,"p8","m3",0.130602607269399,0.537422637844538,-0.46797108025726,-0.225241332870269,0.829214400770665,-1.26314337276012,2.33884338251831
201,2359,"p8","m3",0.0333893761597954,0.410029306327822,-0.529079861004833,-0.329009902368817,0.725480585493793,-1.30150736983522,2.55942650603603
202,2364,"p8","m3",0.0298720397924079,0.577718353739189,-0.501806296526321,-0.18367862430325,0.712572022532096,-0.435953988949835,2.73394387636951
203,2369,"p8","m3",0.0913852377944973,0.572969263506801,-0.514808070502858,-0.190338636291727,0.761681515380696,-0.882255878915605,2.4571465758349
204,2377,"p8","m3",0.048131552889021,0.406592758651279,-0.511635515843241,-0.299764842792437,0.672691983582734,-1.03310787107594,2.42627500765466
205,2405,"p8","m3",0.0382513362379195,0.405905505830732,-0.410750777929119,-0.23732777454452,0.782010242459505,-1.15649535345785,2.70567553160577
206,2422,"p8","m3",0.0587419161785294,0.439198671182709,-0.583525468181526,-0.323311381302262,0.707297091329294,-2.16185845947741,2.86870866933746
207,2423,"p8","m3",0.110760385033268,0.386215242562252,-0.47196495940099,-0.204834722616434,0.707175163028779,-1.00745011672095,2.33380494221278
208,2426,"p8","m3",0.0300278580201562,0.511229111094737,-0.424699596282267,-0.20892902864853,0.740365404120158,-0.959217330518292,2.24998657075808
209,2427,"p8","m3",-0.110653248694709,0.445460445561499,-0.654900212794807,-0.293040776064974,0.532184924803381,-1.30199681661537,2.94914415793389
210,2459,"p8","m3",0.0523343311956258,0.374358207610809,-0.476269013628379,-0.333014311127646,0.727479674334712,-0.981115485686973,2.59406796090729
211,2480,"p8","m3",0.0879501587291956,0.535329246778709,-0.448401338602345,-0.167759178239465,0.743634221722102,-0.901086726277212,2.3335146337447
212,2496,"p8","m3",-0.0210028921604655,0.445239939776971,-0.559992705682989,-0.328450786607818,0.735470413761112,-0.770283322658632,2.83387274560378
213,2520,"p8","m3",0.16832356817125,0.456781888151263,-0.414632848211623,-0.17506893888706,0.830788782044114,-0.82652553052746,2.26261091046284
214,2556,"p8","m3",0.101922527964126,0.501797805306423,-0.403829010449186,-0.298184650217435,0.821647188898178,-0.797722357779291,2.47100051579693
215,2573,"p8","m3",0.0733621050884508,0.450218324828704,-0.574825894418527,-0.252645770676137,0.710025383806941,-0.940517663391319,2.61601097018902
216,2576,"p8","m3",0.0432901645065038,0.538270286812144,-0.371198853695313,-0.181113660450608,0.713690076885659,-0.686188845890841,2.45411335822346
217,2581,"p8","m3",0.0128977181346306,0.554860093268587,-0.532977277702091,-0.150584661901221,0.780666202794949,-0.741032150134189,2.6744587654764
218,2589,"p8","m3",-0.0467120076698051,0.508237926461243,-0.592166542244605,-0.130513627437136,0.657042550175214,-1.13695636638522,2.76699181767834
219,2598,"p8","m3",0.0434474323337565,0.471003861197777,-0.499482159701083,-0.298782925439888,0.739627742980297,-0.731161122793191,2.6997968697907
220,2602,"p8","m3",-0.000618700399584921,0.496140574217155,-0.498728240948448,-0.283003842641949,0.687972003172168,-0.933480843090421,2.72544943495562
221,2612,"p8","m3",-0.0286971931905907,0.496993805042408,-0.534294238737483,-0.218840120606602,0.644970267035857,-0.277285160116947,2.90577298824468
222,2621,"p8","m3",-0.0171856067790305,0.453764741981166,-0.495283729638522,-0.223828599612068,0.592510053890421,-1.03425652133062,2.70085953126984
223,2626,"p8","m3",0.0418984295236991,0.458669422164642,-0.399505576891237,-0.14998996548316,0.72164118062798,-1.10694311907397,2.61931655704702
224,2627,"p8","m3",0.112925064024755,0.486430275879057,-0.447626546458648,-0.22867647970443,0.794793951763438,-0.531590602929246,2.51305540992443
225,2629,"p8","m3",0.00758040748086523,0.454698701489471,-0.523023113126435,-0.324840014415776,0.725821663100688,-0.586267340597089,2.71193582112032
226,2643,"p8","m3",0.0506299025562568,0.569324627705386,-0.539025851043535,-0.251901987186252,0.687168151599892,-0.77300416325784,2.78805143943223
227,2650,"p8","m3",-0.0272447958620244,0.383830714220857,-0.481253262890447,-0.172058105121238,0.729371476694495,-0.653515151532272,2.54556577111567
228,2660,"p8","m3",-0.0786213058081501,0.382726100262916,-0.644754928392899,-0.293164692412312,0.586232773002417,-1.4569069404759,3.29857331027355
229,2663,"p8","m3",-0.0259332779072006,0.50381395954652,-0.485846305707946,-0.418872545723785,0.614571161637351,-1.29359944000976,2.89314578842088
230,2668,"p8","m3",0.136840787132322,0.4784585034872,-0.37547453204447,-0.197545501076822,0.754799035525376,-0.844852780094809,2.07629454078966
231,2679,"p8","m3",-0.0597137175074033,0.358350918800029,-0.645945765211755,-0.308529292584696,0.601295383998408,-1.27138344145833,3.16059213780447
232,2681,"p8","m3",0.0531437755886105,0.425857891994465,-0.469275721061983,-0.136207281554381,0.799680755931529,-0.887942418747463,2.54726201798419
233,2686,"p8","m3",0.0731589566969918,0.508347302601642,-0.488967153027901,-0.377220651546715,0.738715877466265,-0.903129916624884,2.65808977072087
234,2690,"p8","m3",0.0724449339621021,0.313266935902703,-0.53074950206919,-0.273401581058395,0.725005500290915,-0.85796757340771,2.6467667306427
235,2711,"p8","m3",0.0241082059666367,0.263902805815712,-0.474730307418785,-0.306298429235337,0.735862650742428,-1.46149651291703,2.60948982165432
236,2716,"p8","m3",-0.0650164479461888,0.584852794307928,-0.458884731719187,-0.203492844351265,0.721652466902813,-0.447466803708117,2.72125381726245
237,2723,"p8","m3",-0.0785638593631971,0.403389562699904,-0.555991892643417,-0.293922403564372,0.591852177367323,-0.991648540764098,2.73381915893702
238,2733,"p8","m3",0.0640198612808988,0.296622306101628,-0.472873470156652,-0.269131630623552,0.759503209185052,-1.8438961204345,2.38291968390996
239,2743,"p8","m3",0.0307091205492444,0.389378078422459,-0.529688284460568,-0.247239574618991,0.61338752707637,-1.41522549344603,2.60383195634909
240,2750,"p8","m3",0.0967051276175198,0.40472008813464,-0.50598310610601,-0.125335337681142,0.714883187109744,-1.03699398988047,2.5581605720047
241,2764,"p8","m3",0.0990776629852215,0.406635546650091,-0.492136699360182,-0.214909399824716,0.829401261517913,-1.19761241543098,2.51774417356034
242,2778,"p8","m3",-0.00101791635796504,0.363350560187954,-0.511771497436705,-0.290044415134625,0.679144241541573,-0.748390490560262,2.78146271468412
243,2781,"p8","m3",-0.0455148270509126,0.502742829175959,-0.508382042380732,-0.20308582918951,0.732561249173185,-0.584820493706446,2.6692677820079
244,2824,"p8","m3",-0.112138719356363,0.250728570320863,-0.554717849487623,-0.339923202065404,0.662844132896824,-1.39406643604491,3.086547443951
245,2836,"p8","m3",0.0753540706235906,0.456973165458533,-0.465935707696924,-0.19422168009463,0.744544629786356,-0.57201788933577,2.69839775273253
246,2839,"p8","m3",0.0146239147451179,0.32547927483117,-0.471058308499275,-0.274203898677057,0.725374771930466,-0.861125773344189,2.72661283391394
247,2858,"p8","m3",0.080248082652036,0.363993149734429,-0.508485645241228,-0.104707901370246,0.766714237887794,-0.490335828762983,2.39857566823623
248,2865,"p8","m3",-0.00963110055835062,0.506087572429874,-0.521079028826426,-0.183257067798833,0.742486906352086,-0.534647296599633,2.89834672540369
249,2874,"p8","m3",0.0792022118779955,0.460118371335433,-0.568660490303932,-0.187982848811035,0.725764499442846,-0.804869552518104,2.69901840588299
250,2880,"p8","m3",-0.0245883442375179,0.454271286285915,-0.510838683416158,-0.161204900276561,0.700939994576807,-0.878564935030745,2.45759088133949
251,2899,"p8","m3",-0.00169637717688288,0.420875608238526,-0.498145956398322,-0.217455550366604,0.728578734213036,-1.03152818861805,2.62164116966148
252,2914,"p8","m3",0.105611034088138,0.488894337539428,-0.466219943683201,-0.201317141692284,0.759432687113639,-0.869099515403818,2.46563139526289
253,2935,"p8","m3",-0.0748870882427942,0.497218087599223,-0.673817749145019,-0.200106470975226,0.517654349817629,-1.01616978550418,2.96741659770599
254,2943,"p8","m3",0.0832157039000329,0.614097179496426,-0.51837870724412,-0.211873618719155,0.723608125169305,-0.878674844238214,2.64848599235933
255,2980,"p8","m3",0.177643532987834,0.522450518355467,-0.342258097018843,-0.112734377399297,0.797460652711499,-0.711086576672196,2.1065680642175
256,2986,"p8","m3",0.0917532630437773,0.439123279537879,-0.559435503880955,-0.26293681471379,0.708390699842384,-1.23857135339255,2.66864432194848
257,3031,"p8","m3",0.0203068133928268,0.394744761483147,-0.444216283138296,-0.225310160625819,0.765910062835847,-1.25376022453299,2.71367081922265
258,3033,"p8","m3",-0.0200657123819672,0.474296807333979,-0.495544465313161,-0.322085535674517,0.650176377035171,-0.476760322954643,2.7446294762644
259,3044,"p8","m3",-0.0164849826749432,0.566328554866065,-0.61427416373468,-0.206631125099941,0.606329422933663,-0.840427832742803,3.07184883139692
260,3084,"p8","m3",0.00187686662001377,0.500778334891683,-0.637855335322049,-0.367794881309164,0.685717409501132,-1.35286058474173,3.33284311199409
261,3091,"p8","m3",0.0308241958265406,0.364163111381792,-0.463868668688619,-0.167471120494457,0.775084219931537,-1.37881989870127,2.53627812500541
262,3116,"p8","m3",0.0387297493765444,0.476136395583367,-0.493387063124244,-0.216851271526961,0.735366302010764,-1.02164589346629,2.85229252569784
263,3117,"p8","m3",0.0516293519323653,0.481389661002841,-0.444170661558012,-0.245183775145167,0.735847851156886,-1.53771392712265,2.5384173984163
264,3123,"p8","m3",0.0788008400195679,0.476398094749479,-0.505084094728374,-0.223744095217385,0.808860403297229,-0.59864499897926,2.65483875910353
265,3127,"p8","m3",0.0871585291745348,0.405456336022843,-0.320168432565872,-0.0814723665752371,0.752538745948519,-0.709837946860954,2.29891242755105
266,3136,"p8","m3",-0.0289003684893095,0.436480879898646,-0.530656550228562,-0.159641806490957,0.686524484686239,-1.36059061286927,2.71852381816674
267,3141,"p8","m3",0.113041199463694,0.414364581978721,-0.465123439051603,-0.27801329184524,0.78885168080664,-1.04476805422247,2.63713090143883
268,3153,"p8","m3",0.00088504714718755,0.502147320717378,-0.476738852246073,-0.253756790866689,0.721136646383852,-1.58512757224972,2.6872984454744
269,3178,"p8","m3",-0.00423300190048997,0.601816748515045,-0.558797103902016,-0.286490296693494,0.696325701805199,-0.493642276596865,2.64797461699795
270,3183,"p8","m3",0.0887909390168133,0.393015797066673,-0.430160919112363,-0.255431541953335,0.805110171956935,-1.04355631625399,2.40962124720558
271,3185,"p8","m3",0.0974513459629536,0.467792077586956,-0.475126736701575,-0.196897511734183,0.798580174375799,-0.538640175822183,2.60943352490954
272,3219,"p8","m3",-0.0227031906630811,0.469961443208272,-0.534259868764837,-0.285700269043166,0.688610630411136,-1.43083793575409,2.80302865363437
273,3223,"p8","m3",0.0737603260592188,0.513275894198003,-0.442587158787975,-0.197107500791443,0.748523773154764,-0.604963049724299,2.66765180526218
274,3237,"p8","m3",0.021333057313312,0.474043943399548,-0.520145095297326,-0.212681585264269,0.700685292642355,-0.604503826686592,2.97185655446212
275,3258,"p8","m3",0.0680029976568748,0.513863165230992,-0.490030657331263,-0.253063493494172,0.779731031202332,-1.08447490026927,2.69147058649089
276,3259,"p8","m3",0.0797971298681387,0.459145020302487,-0.532816754123662,-0.167647404095206,0.778542810737567,-0.838753513615069,2.83008136235292
277,3260,"p8","m3",0.0248929147470261,0.536228725179985,-0.498765950775197,-0.277429513182184,0.656053785737085,-0.962994696926935,2.4182254846231
278,3277,"p8","m3",-0.029567281076571,0.533847151224751,-0.505611725157427,-0.210024377274702,0.707551905466677,-0.911397145693731,2.85535238511977
279,3293,"p8","m3",-0.0423368916744085,0.468821781229735,-0.573909724570646,-0.157873947767303,0.677506987947447,-0.851584073521965,2.87448872215465
280,3346,"p8","m3",-0.106229706435636,0.402395456633861,-0.608237026838069,-0.308259135621326,0.591746925896567,-1.29763720192827,3.02317802515916
281,3347,"p8","m3",-0.0937982423754392,0.259417040851813,-0.533738171320078,-0.244425469661074,0.554747969424098,-1.23655922801483,2.79293907048059
282,3349,"p8","m3",0.0725193115133751,0.305436676313639,-0.492969845071443,-0.158395697525481,0.807131464513748,-0.958413807488924,2.51698453296494
283,3357,"p8","m3",0.0866176714757322,0.495580612909169,-0.481580640952443,-0.286678219289879,0.761581909917469,-0.915861804152699,2.83269202222665
284,3361,"p8","m3",-0.0128450628465796,0.550381217658342,-0.591878098493964,-0.371061124217192,0.651014130903774,-1.27508306079791,3.18160799489846
285,3362,"p8","m3",-0.0656562345233983,0.342039533436521,-0.597014697310984,-0.290302500344802,0.699154111631639,-0.784925589053279,2.88734528890184
286,3364,"p8","m3",0.0722813867913861,0.463420743752725,-0.552688697455018,-0.30002975370977,0.829053893712277,-0.882857418465299,2.97528385829305
287,3369,"p8","m3",0.0753103071082205,0.569605725086731,-0.47304614695725,-0.145100026242083,0.718265792121007,-0.999613798265144,2.27802846445956
288,3370,"p8","m3",0.0214592707883288,0.420258078579258,-0.474861027357339,-0.194049173921715,0.687920581934666,-1.3531141735397,2.5987992959845
289,3379,"p8","m3",0.016627204976361,0.57142938400242,-0.476987424906549,-0.186098479171929,0.710981760633337,-0.430571954165698,2.5309918618748
290,3386,"p8","m3",-0.0160178453496977,0.41255103895866,-0.463597740318545,-0.300044414599331,0.726400268360195,-1.65759103096914,2.5214872291626
291,3394,"p8","m3",-0.00589366644319611,0.551205908601648,-0.482244557879497,-0.193337135896551,0.7199697413016,-0.7389901449734,2.7330405862237
292,3407,"p8","m3",0.0804160598433929,0.579860083418618,-0.42770817655194,-0.140799931323418,0.774873446415912,-0.634465689779655,2.24732445980539
293,3408,"p8","m3",-0.00602628007865573,0.333569132813447,-0.628982968138196,-0.341589535507099,0.610400634948625,-0.850499155930745,2.76264401551944
294,3421,"p8","m3",0.0687635823714034,0.611363532056784,-0.628590856715369,-0.253238222071596,0.691562502705754,-0.461297347205703,3.11312389492869
295,3424,"p8","m3",-0.00474116122887082,0.470133133274022,-0.530629413378592,-0.35837618926806,0.679393781502067,-1.34645827450586,2.72367201103284
296,3437,"p8","m3",0.039317488161546,0.545462718680318,-0.477517811149252,-0.200522200460644,0.735931283627373,-1.05176836590623,2.5586404536264
297,3443,"p8","m3",0.0324683378349021,0.464707133156473,-0.540712889949275,-0.220317922186129,0.639372428872389,-0.628580666158589,3.10206469342572
298,3463,"p8","m3",-0.0206466380434639,0.539081057400272,-0.542901129236722,-0.237642438360316,0.696171564855485,-1.27264391954261,2.78340275157084
299,3469,"p8","m3",0.0202273857765459,0.376874430927987,-0.528907940046428,-0.155772117699028,0.66505014719865,-1.2393688968195,2.58495622814222
300,3484,"p8","m3",0.0751931500400611,0.550555594334472,-0.420526916618758,-0.213642095939161,0.795329807814552,-0.384091468172488,2.52227282244157
301,3491,"p8","m3",0.0755902007679605,0.291123766452629,-0.47014676553066,-0.100495758301131,0.708873531024046,-0.562105846822255,2.51351132574217
302,3513,"p8","m3",0.0314720251895897,0.440299526672078,-0.412322586237979,-0.314387990921834,0.763807249876817,-0.826606705815402,2.53116420971178
303,3515,"p8","m3",0.13432725695046,0.453564151670228,-0.461341390328653,-0.236946142432856,0.788084940565177,-0.583369631308655,2.38782010369008
304,3518,"p8","m3",0.0468602974724882,0.559663129450688,-0.496904688846464,-0.201220111979557,0.775601131611256,-0.672792406514059,2.5830378370854
305,3530,"p8","m3",0.089480250160414,0.440843864937774,-0.394441242373897,-0.173005189161469,0.783506694321164,-1.57392451880638,2.41187985239387
306,3535,"p8","m3",0.0843644716203177,0.519887734744811,-0.361449046553282,-0.318623158422909,0.812448423304752,-1.02293105995317,2.32829766957281
307,3539,"p8","m3",0.00287206031843137,0.474556678959887,-0.553471016873148,-0.222133587651914,0.771668208002326,-0.619220705979979,2.71516616501858
308,3559,"p8","m3",0.0939838229369091,0.418423970229861,-0.469293342421677,-0.250038244799699,0.833841121636234,-1.10243316013784,2.73224071631735
309,3594,"p8","m3",-0.0456948132809342,0.46615485068914,-0.607142597288369,-0.280034175000803,0.722953658132255,-0.975337973691085,2.97230342086572
310,3597,"p8","m3",0.072320865130521,0.404087689525045,-0.46564287490876,-0.192162859326344,0.667324734713789,-0.724373310381333,2.71235898746988
311,3631,"p8","m3",0.057065911783375,0.414087448418103,-0.467627821234066,-0.254822173398037,0.61277118581418,-0.690101561727681,2.65514748510102
312,3647,"p8","m3",0.0283723476921521,0.424467074070501,-0.566734724285686,-0.249616630499883,0.729260135916397,-0.794282322237299,2.79915936505807
313,3661,"p8","m3",-0.0057430317585642,0.42165158992536,-0.568015751937985,-0.380341023229848,0.702149074037065,-1.21273495262509,2.84822987449391
314,3669,"p8","m3",0.0446419044947611,0.374295542782327,-0.45820881272019,-0.281279505747411,0.780579766419291,-1.4712562844705,2.51217115387053
315,3675,"p8","m3",0.066998009436758,0.550280218247246,-0.542505669544124,-0.151396713208151,0.762399153301424,-0.58368171261834,2.68559002276044
316,3700,"p8","m3",-0.0213826201256079,0.430076817593284,-0.559206476894486,-0.258059606671232,0.67843470537059,-1.1502241112529,2.72352756320368
317,3715,"p8","m3",-0.0534195635917104,0.393832225163038,-0.525775528178559,-0.241766864993878,0.653242996260406,-0.367041139507043,3.16768904345584
318,3717,"p8","m3",-0.0283347621073139,0.530049276860925,-0.565220450802962,-0.144494099998224,0.562637313132608,-0.506943388853962,2.50043065101495
319,3738,"p8","m3",0.122553241736616,0.507696446850528,-0.459369959392598,-0.276188805664927,0.788253693750725,-1.05214097532206,2.45880706597822
320,3774,"p8","m3",0.0378362883254256,0.432851702290021,-0.464045014036959,-0.205742801058616,0.719031726762674,-1.03575208864314,2.66209476278449
321,3776,"p8","m3",-0.00453254830332763,0.478934879210088,-0.533202562368605,-0.325234381856827,0.705052431660059,-1.04731453037869,2.75182302501455
322,3787,"p8","m3",0.0373931367958397,0.500220298366952,-0.490121475157765,-0.199326928066819,0.701914214878742,-0.953233732948491,2.74596674798459
323,3804,"p8","m3",0.0880001782537066,0.516374339815231,-0.472805852049538,-0.224660537149069,0.783717831474335,-0.665565672098299,2.69308824390891
324,3835,"p8","m3",0.0417776004119071,0.453143037698354,-0.485629526538263,-0.143537437888131,0.719055556497651,-0.87474300867986,2.72476133929302
325,3840,"p8","m3",0.0786124076101719,0.507367987036432,-0.499328409854403,-0.0793054358456279,0.743304525991208,-0.526186521935744,2.59035300180375
326,3872,"p8","m3",0.0686921066327994,0.408637262583372,-0.486601049971447,-0.286351533201884,0.799653001286343,-0.850843545835174,2.59597432416937
327,3904,"p8","m3",0.0758648827275784,0.432749410356308,-0.558494182090533,-0.194801920806395,0.695046904205398,-1.17280465150417,2.97644637169234
328,3908,"p8","m3",0.0758006734529763,0.48101710741826,-0.43754254727641,-0.227116595801338,0.765145197197975,-0.94060644646829,2.63163895029272
329,3912,"p8","m3",0.0520387413793881,0.58714612380148,-0.446213219433694,-0.211588094492653,0.776226719905165,-1.06495606065441,2.38315329275831
330,3933,"p8","m3",0.070110607276733,0.369761569773831,-0.447085507142587,-0.28966866320823,0.800387114996917,-0.822551821993982,2.67966093270208
331,3943,"p8","m3",0.0903828083724189,0.439134750033239,-0.486414765897436,-0.263955515766014,0.744364147651097,-1.67366766126632,2.43109722935288
332,3944,"p8","m3",0.103775476278396,0.433827717860095,-0.460560451302603,-0.321586245428998,0.774837060988801,-1.78092849629083,2.52380723394701
333,3952,"p8","m3",0.0422496113384233,0.59127066630506,-0.525428364717244,-0.117960025076579,0.759643641926668,-0.311203635075273,2.56061956826857
334,3969,"p8","m3",-0.0681074379001596,0.478531736865377,-0.522106223313976,-0.256421607992715,0.63423723335615,-0.886306617422266,2.94842034703928
335,3989,"p8","m3",0.0724009881528691,0.462078717955644,-0.472737171113397,-0.231816857826275,0.764622800394266,-0.912671774971684,2.69878441896016
336,4001,"p8","m3",-0.0856987806476678,0.362599422773944,-0.492972991263192,-0.193816880808067,0.67571071643219,-1.1054320605672,2.83118196398248
337,4012,"p8","m3",-0.0736627125125029,0.3851570329226,-0.526124181929639,-0.249047562650229,0.664611143290994,-0.801283810725287,2.94455696389358
338,4015,"p8","m3",0.0599079703783146,0.413305074992251,-0.516866298906011,-0.20861835390353,0.664655073295894,-1.56267150003637,2.65717834729268
339,4031,"p8","m3",0.0707232383457465,0.472688909337074,-0.363054264311787,-0.236028345579754,0.742113615888767,-0.869392854732378,2.25265970587134
340,4038,"p8","m3",-0.0455034868419648,0.337396457020284,-0.50585320943821,-0.318062444809565,0.690928662802912,-1.48651419545874,2.75436564824797
341,4060,"p8","m3",0.0723677356107968,0.368645990332101,-0.518382165947707,-0.201793864527912,0.705117100192029,-1.57075719059184,2.46206942524129
342,4071,"p8","m3",0.0934280062467701,0.523249683622753,-0.464272964332277,-0.273663163691604,0.819277796729516,-0.921851105257279,2.81618851437272
343,4074,"p8","m3",-0.00479399383373426,0.577435234469047,-0.448806586670008,-0.128931766625454,0.660590836479805,-0.917353237371083,2.42262076606967
344,4076,"p8","m3",-0.000391020245847506,0.482833798774518,-0.452975289966323,-0.183162590160305,0.723033059902191,-0.703893943590885,2.55252116967261
345,4099,"p8","m3",-0.00772932927125599,0.458082925151243,-0.482463902042976,-0.251554124547258,0.753377815603159,-1.05745561814377,2.59817948477959
346,4107,"p8","m3",-0.0932263520521733,0.451841822187498,-0.616927556468676,-0.238878081055406,0.656859891256505,-1.40943808531755,3.09141808300559
347,4108,"p8","m3",-0.0232471944543119,0.26476674732594,-0.60943817916186,-0.350653129372743,0.612372472485282,-0.811269076093534,2.66084206951826
348,4109,"p8","m3",0.167810677020219,0.486918301949169,-0.398178627291281,-0.192887676804766,0.811447934477677,-0.607031163604016,2.29025408204378
349,4149,"p8","m3",-0.0313212591380251,0.36369208554422,-0.49234046769369,-0.203128377772049,0.596042852490724,-1.34507077600443,2.68684679801471
350,4169,"p8","m3",-0.0614690852046584,0.456121853504151,-0.519994234579519,-0.216876092464221,0.641321251848307,-0.674818511967003,2.84632484418706
351,4195,"p8","m3",0.0301267888002554,0.423713373838364,-0.428938315944261,-0.190914054573683,0.711522890232266,-0.900893320219717,2.6180524037712
352,4212,"p8","m3",0.0224672624818837,0.389759199566514,-0.555282856696847,-0.230799548748262,0.639286288450258,-1.42258713627983,3.05428874449354
353,4214,"p8","m3",0.0749590113454158,0.522886462407838,-0.316046343063136,-0.16415223730308,0.821981797757712,-0.639746152306424,2.25603668739282
354,4217,"p8","m3",-0.0815020912254016,0.353266650577242,-0.670411975360467,-0.26301683142585,0.634955000135907,-0.832824154296219,3.04043504925383
355,4221,"p8","m3",0.075792065814698,0.588974685787997,-0.518192181329314,-0.124083730494666,0.699077093381861,-0.502259762100424,2.32802038287513
356,4242,"p8","m3",0.0891779601712147,0.416699549647645,-0.429939391976534,-0.192014841934612,0.830965014570799,-1.02377641032984,2.51126700809863
357,4286,"p8","m3",0.152291888527313,0.552977557787285,-0.325867842850608,-0.27960422385591,0.839548012179664,-0.772453890195826,2.17896350137362
358,4295,"p8","m3",0.0439487133446444,0.426913799029485,-0.390376550240129,-0.177939253611052,0.748578978634448,-1.28207148208031,2.43168021606211
359,4298,"p8","m3",0.0302595357061413,0.51343237154396,-0.49263887537688,-0.215143757449192,0.690730437538725,-1.1503603333747,2.59941834498464
360,4313,"p8","m3",-0.013890849858064,0.336756596220262,-0.535930225920625,-0.333854615114788,0.694552106053312,-1.05034912798026,2.88666424403365
361,4325,"p8","m3",0.0278093744552232,0.421797168112718,-0.502618843176315,-0.324686250889081,0.747288712587977,-0.920497783652989,2.89094099613437
362,4330,"p8","m3",-0.00172299472377469,0.448249144015447,-0.492607236604526,-0.164835841677936,0.702804262012318,-0.996437691680712,2.45564348768653
363,4342,"p8","m3",0.0198056282595479,0.340282426443299,-0.519827119016799,-0.19461013629591,0.657139085695029,-1.44869155813783,2.74044847158035
364,4362,"p8","m3",0.0856210604508243,0.39262905887656,-0.334032483638172,-0.221157850859283,0.78490861218666,-1.06567254473707,2.32097850797745
365,4370,"p8","m3",0.0558174804293531,0.400021124948351,-0.434667267800927,-0.158810301729676,0.745697615576176,-1.14452020662668,2.46728911843502
366,4374,"p8","m3",0.0744741518417245,0.444073925537556,-0.481608185660118,-0.358700308518164,0.782039971833231,-0.829781790778546,2.68147980499245
367,4376,"p8","m3",-0.0423319489144602,0.419435269974915,-0.531892520901527,-0.244481539008235,0.651834841760179,-0.869973396832047,3.00482640874882
368,4430,"p8","m3",0.0229419102552251,0.417600309994156,-0.468005096063642,-0.207694285357294,0.710416688991119,-1.09004220752048,2.69812990486817
369,4436,"p8","m3",0.112641713484014,0.391315949158694,-0.507663582898358,-0.266164158956275,0.786053437799918,-0.765062870035559,2.91489692577498
370,4450,"p8","m3",0.143826940101409,0.453937013408958,-0.500341376862244,-0.227138859845142,0.821033585460191,-0.852029461669331,2.64431675999437
371,4455,"p8","m3",0.0624142793353195,0.372020593764183,-0.454045577668987,-0.25432754047645,0.806778321474938,-1.48494937127224,2.57945501733085
372,4487,"p8","m3",0.121873201375296,0.373429242003122,-0.402145751289999,-0.121450651708966,0.793907265597449,-0.563201248986077,2.19773449417263
373,4523,"p8","m3",0.101948616220834,0.409020805949359,-0.453477606739541,-0.136656192583657,0.830818822272759,-1.04813164357958,2.33960554639118
374,4524,"p8","m3",0.0856169536715779,0.457601112804522,-0.47035302376547,-0.245797964261383,0.768367474057553,-0.736629620949999,2.57435413903878
375,4539,"p8","m3",0.0894701924926053,0.517310229037568,-0.537133724411912,-0.278292659554087,0.72809155146863,-0.790857739088923,2.88893162758404
376,4550,"p8","m3",0.0321153497759798,0.554350420249282,-0.445759165627483,-0.274782682632497,0.753701618337259,-1.03143438587724,2.45965919605493
377,4564,"p8","m3",0.0942979980782849,0.486190923688435,-0.605248146224026,-0.339500460849497,0.751181661201226,-1.25555222566674,2.63589779695364
378,4568,"p8","m3",0.0197993419460893,0.342968306092806,-0.517490286988354,-0.347612867071707,0.725745613005399,-1.52369981503822,3.08538739678232
379,4572,"p8","m3",0.0868404405880519,0.34466123899924,-0.500748830052233,-0.308507944627565,0.788256236009504,-1.23093420056652,2.70912440120421
380,4578,"p8","m3",0.0194803394965199,0.482592474449304,-0.53018014461466,-0.172533543735332,0.672879366781084,-1.26768609244179,2.63599530048216
381,4588,"p8","m3",-0.00241183281772947,0.527606463043053,-0.476523386582391,-0.245851949484374,0.742813116331411,-0.89469649991802,2.49357196415941
382,4590,"p8","m3",-0.00129153567344419,0.4029437642579,-0.518666691734827,-0.212243782456658,0.699559037155858,-0.974747540357806,2.98446391927358
383,4593,"p8","m3",0.0488218367369872,0.355335928267154,-0.532377349835007,-0.206796140951717,0.76943344516002,-1.42019642668112,2.77268742089677
384,4605,"p8","m3",-0.0477258145513017,0.446876731602563,-0.617685277197558,-0.259052135921206,0.645004511047937,-1.20803580868959,3.11939420035358
385,4606,"p8","m3",0.14665521270957,0.563361359526504,-0.432538348482981,-0.147781975667885,0.907536190604348,-0.554695930434163,2.65446789514987
386,4607,"p8","m3",0.0749183816823348,0.363432309890565,-0.488201926063888,-0.295266131879535,0.759539443739466,-1.02459009059947,3.02219785680197
387,4611,"p8","m3",0.055066540615145,0.433652110646279,-0.431578560792049,-0.220802694827364,0.756636998197807,-0.644124616056834,2.422006391324
388,4627,"p8","m3",0.0609288966334703,0.462379456182482,-0.464099385621199,-0.264050217175144,0.67213969857773,-1.02011327444801,2.36833537010045
389,4629,"p8","m3",0.0240294719635086,0.419143774615747,-0.597811360333904,-0.236295186831682,0.784406248708128,-1.11271556929688,2.69167948853246
390,4632,"p8","m3",0.0595822361579308,0.423171838482695,-0.565900605647358,-0.242036288422257,0.74895426092306,-1.38253600661497,2.83700285524757
391,4651,"p8","m3",0.0549756042428554,0.454758220574233,-0.495976885451405,-0.234021860068726,0.739190121850363,-1.10733832522468,2.49919316988687
392,4659,"p8","m3",0.151134890011482,0.452025856873068,-0.409627088827042,-0.180230686780283,0.830021469936714,-1.11197325831622,2.49856004904126
393,4662,"p8","m3",-0.0767938693995831,0.422826581111531,-0.573189716011079,-0.264249593315916,0.621011727164335,-1.10618937794842,2.81800003187635
394,4669,"p8","m3",0.0760256629998594,0.519653618182783,-0.538059036031178,-0.173295317744691,0.628688659444278,-1.21065906287579,2.75876585439297
395,4676,"p8","m3",0.0434356375643525,0.431542410572874,-0.408082569113743,-0.139245235404562,0.750621100969842,-1.09186247981287,2.61393242185503
396,4693,"p8","m3",0.0641558171399217,0.520366252736623,-0.513135517707033,-0.228831769599802,0.740472401556996,-1.0377535310869,2.5455001513993
397,4695,"p8","m3",0.0620267366577053,0.549456129448894,-0.58785042692026,-0.136408773402469,0.746379249419814,-0.87539033738592,2.70838739138321
398,4701,"p8","m3",0.0543928324358638,0.532147326754567,-0.532595821746712,-0.210437043250545,0.73540697314759,-1.02948758033232,2.58671773226282
399,4715,"p8","m3",0.0228105268892958,0.551312918250198,-0.509093888898781,-0.197567514998248,0.69041611152154,-0.898553905664847,2.72863872979099
400,4719,"p8","m3",0.065675399072864,0.499148472268323,-0.379519796729181,-0.3648737784839,0.732567169989802,-1.05986560705491,2.4434687279568
401,4728,"p8","m3",0.0565137202921662,0.487006944784248,-0.459481374278734,-0.198194947119056,0.742150732772842,-0.557395732386033,2.56594425309034
402,4747,"p8","m3",-0.0347884312492002,0.574801371825755,-0.486402238748161,-0.146725870761874,0.679643826096383,-0.590676994511445,2.67578613597134
403,4748,"p8","m3",-0.00680591253885482,0.332662637215334,-0.500481263754273,-0.236320829023221,0.706087075476128,-0.988095043322515,2.78273955871576
404,4751,"p8","m3",0.013781521082296,0.253516711925367,-0.517472776882132,-0.349311688276933,0.727912678658459,-1.41713175415624,2.89546869130271
405,4752,"p8","m3",-0.0321724313395759,0.59512645106911,-0.490363711112558,-0.176872518019674,0.738129553272964,-0.519440310670117,2.79948789592248
406,4756,"p8","m3",0.111498541854441,0.392311894958258,-0.439380902866575,-0.197175020450619,0.776257921354152,-1.45707474471359,2.60871424538839
407,4769,"p8","m3",0.156053521678089,0.390395866482952,-0.298879263083638,-0.211676595952106,0.796588472289105,-1.49934600584215,2.06437081556217
408,4790,"p8","m3",-0.0283552785673792,0.446417764878692,-0.450293410987014,-0.0907793665523388,0.653764656002184,-0.579239514942217,2.28475836076826
409,4802,"p8","m3",0.102957215144891,0.45461139496823,-0.535279170038825,-0.30093929525353,0.757961367152365,-0.698324512878062,2.70066399879409
410,4804,"p8","m3",-0.0909652858654812,0.395631894509321,-0.600275020084825,-0.307418910064003,0.612101524747513,-1.21771820225558,2.73133454389412
411,4811,"p8","m3",0.129118453048251,0.379193473380208,-0.46611417478846,-0.331333117694051,0.814511097382431,-1.0750288348793,2.82090636295399
412,4817,"p8","m3",-0.0283057450065133,0.434797036137988,-0.535090381454545,-0.404552416990054,0.718555986488453,-1.70047287038873,3.07142411229225
413,4829,"p8","m3",0.0371988655787094,0.45765930870432,-0.538943105979946,-0.290314675908621,0.751562937545078,-1.32399643204143,2.70254251608814
414,4833,"p8","m3",0.0405696185701377,0.520321911048998,-0.565276036463657,-0.29547020588858,0.634920676202378,-1.40362251973364,2.70188947623454
415,4835,"p8","m3",-0.0395303064206469,0.343098371044528,-0.554410589961373,-0.295796475899517,0.705012378904597,-0.892970118425858,2.95191858240075
416,4838,"p8","m3",0.0604593258643725,0.270741063117528,-0.537117628305989,-0.150034040445389,0.685400502900169,-1.27302841703577,2.61172881291861
417,4867,"p8","m3",0.0720608264738497,0.450563472809144,-0.534109207910563,-0.323687697083026,0.774260752083098,-1.07010527752064,2.71622257356358
418,4879,"p8","m3",7.34462539826483e-05,0.482115197875237,-0.528208838304431,-0.290364235025787,0.668720522285602,-1.14121349699438,2.80434339666999
419,4885,"p8","m3",0.030951515974008,0.390126936773959,-0.465731838990307,-0.262914057572259,0.687625790614548,-0.990920111168672,2.74839650770405
420,4891,"p8","m3",0.0196016822418238,0.542408052626783,-0.444036434289798,-0.201740871002626,0.79181590048463,-0.790059504309474,2.71339836403028
421,4895,"p8","m3",0.000603717591121712,0.341070962788839,-0.530605143698183,-0.262250656972776,0.663852844626348,-1.62970633922791,2.99998324396554
422,4914,"p8","m3",0.0819277993528871,0.407383794712778,-0.61138659098278,-0.228629133526642,0.760118927278479,-1.51749103930661,3.05484998995822
423,4916,"p8","m3",-0.0202510023858722,0.455315625662373,-0.544410096920463,-0.295614751771372,0.716404849472284,-0.766546537100473,2.86184258393626
424,4923,"p8","m3",0.0180546614835933,0.548153250158146,-0.525697787712306,-0.292334676824257,0.689668472026195,-0.94025835616598,3.18714944366888
425,4937,"p8","m3",-0.0535452011697138,0.517921118129908,-0.529649362961435,-0.300323045275714,0.707711512005145,-1.11895430558863,2.68878293812482
426,4965,"p8","m3",0.0395401996676423,0.445050435165085,-0.517319954379552,-0.212155515349234,0.711901962579584,-0.235279081163407,2.58514905507167
427,4970,"p8","m3",0.0401733528995214,0.576470965301249,-0.59428243713252,-0.185531635317635,0.703344022289446,-0.683683758493389,2.81093357305764
428,4982,"p8","m3",0.128478246327735,0.477501825815304,-0.387765867475403,-0.250161193638465,0.799477232396849,-1.09652228189168,2.10218901241227
429,5010,"p8","m3",-0.0378972158766691,0.471139386083434,-0.540266814504039,-0.14465162421342,0.650008077315402,-0.504762298632533,2.90088013812291
430,5020,"p8","m3",0.0425153166846675,0.469204533156252,-0.45295201658769,-0.419803766873907,0.75647615897184,-0.8971434718581,2.64364213129088
431,5022,"p8","m3",-0.0949408870556675,0.444923916098258,-0.658008022111208,-0.387839037088137,0.606500713174098,-1.20580073805132,3.24335665050021
432,5032,"p8","m3",0.00270498495910112,0.34314967837442,-0.564650287580017,-0.191841215489061,0.760335676918345,-1.63525364521316,2.55364300796376
433,5044,"p8","m3",0.0712744611444537,0.384975301228902,-0.449690230402626,-0.334372399173737,0.73484262687824,-1.88440106836306,2.78009597945578
434,5071,"p8","m3",0.0983578399063142,0.511360477433182,-0.452268590473685,-0.112374849654564,0.827894249586248,-1.1890148089136,2.49867485377865
435,5084,"p8","m3",-0.00837044441558652,0.379759827483943,-0.558306003539599,-0.206352264531117,0.734077644361416,-1.18740441630209,3.00366816504034
436,5085,"p8","m3",0.0508973664087016,0.58991910770188,-0.529706277933039,-0.238322754307274,0.703158667800359,-1.47429390491823,2.68737484844357
437,5088,"p8","m3",-0.00143088322676668,0.57181328673091,-0.490406976836757,-0.0661902676762437,0.694280921553429,-0.469225630422632,2.70091504214853
438,5093,"p8","m3",0.00123442681667548,0.486201971054644,-0.495226842632305,-0.215834488443929,0.723156661913811,-0.857907896254467,2.76020952204275
439,5110,"p8","m3",0.0167098417772165,0.5549663357563,-0.500195347568318,-0.313009538926697,0.733781591461858,-0.822821977317368,2.68866587621607
440,5111,"p8","m3",-0.00160617883885399,0.388797994930222,-0.60979677759967,-0.252806058121983,0.694218043546402,-0.953220252515798,2.95988037067293
441,5123,"p8","m3",0.05553335759946,0.492633341146823,-0.483220116449755,-0.210479127226958,0.715294062086759,-1.28899260203486,2.45006449549735
442,5125,"p8","m3",0.060100314015994,0.524626159843148,-0.405953667638913,-0.14562552261776,0.790134394513414,-1.03777333535759,2.33451060599874
443,5131,"p8","m3",0.00672474814803062,0.43884520431211,-0.541654870062872,-0.227244196857991,0.730595756556857,-1.27008893546398,2.60817749974245
444,5153,"p8","m3",0.0458161329759179,0.44880333815008,-0.411742748681719,-0.256921464602296,0.803256769650655,-0.725555647851939,2.84991341880464
445,5155,"p8","m3",0.0139382738241805,0.459303223595007,-0.423960329117969,-0.161140610792189,0.80781993643382,-1.07597254596784,2.52782004495121
446,5159,"p8","m3",0.0774361287881513,0.493001200742204,-0.518024359925212,-0.232017252572538,0.728321309871869,-0.776451049738519,2.64735556557878
447,5181,"p8","m3",0.0617932163105346,0.64493766525635,-0.485404312165635,-0.258106168039471,0.777013728594292,-1.00358967855534,2.85752740412691
448,5184,"p8","m3",0.00187754861617333,0.54385081425082,-0.460118376068875,-0.287015325972691,0.673040323678667,-0.6908122669093,2.65187279039177
449,5195,"p8","m3",0.030856253882165,0.293494937879428,-0.61405779364058,-0.350700003436318,0.757858144603546,-0.916360521920809,3.2188506863547
450,5219,"p8","m3",0.0395086334291072,0.402168669574894,-0.53342890666987,-0.294649174596174,0.679733360505432,-1.0258706491106,3.10739989939318
451,5232,"p8","m3",-0.0618071839526534,0.489218748988237,-0.580423410241978,-0.338428342469116,0.650945813642462,-0.908879218051095,2.94695174607143
452,5238,"p8","m3",0.0605624348313283,0.459248868096543,-0.454144456640279,-0.27078674754192,0.772913659237207,-1.0750735973446,2.66879814376403
453,5249,"p8","m3",-0.021687857143913,0.382924958225855,-0.515969558844784,-0.142963835588021,0.670976509506021,-0.95755553337639,2.57481828351176
454,5252,"p8","m3",0.013966546257349,0.505874543419881,-0.524295292710347,-0.253610905002522,0.644587685527718,-0.649070456984098,2.6103593648623
455,5264,"p8","m3",0.056509070887064,0.530882671282308,-0.44437479658234,-0.310987115144067,0.78534240381489,-0.894382708321439,2.64396457871083
456,5268,"p8","m3",-0.0105852730015661,0.43855436690322,-0.530185169696564,-0.207209394602174,0.666123777730243,-1.0446484900314,2.55673626102757
457,5275,"p8","m3",-0.0444973815070712,0.409642806793314,-0.574043939668862,-0.170209203488163,0.639178067394731,-1.25185244298849,2.79264919500035
458,5280,"p8","m3",0.114935521854202,0.630709614459239,-0.592345193841144,-0.181716771461171,0.655352355155557,-1.69285485594271,2.48000971366447
459,5292,"p8","m3",-0.0288654542672864,0.477948676303633,-0.543974927630297,-0.223628715576007,0.696191778636155,-1.01125149367475,2.60862809923516
460,5300,"p8","m3",0.0553022207246718,0.470360018386269,-0.507847959086986,-0.190611078237327,0.674940292850237,-1.66168678037437,2.63820619490888
461,5318,"p8","m3",0.0967554508556611,0.369272128219575,-0.370968679081862,-0.10584573052664,0.759320472002534,-1.11001020531863,2.18594025393299
462,5325,"p8","m3",0.104076460341489,0.512820069474136,-0.374859232158076,-0.18335108900292,0.837232692225081,-0.497898234860297,2.21432525647819
463,5341,"p8","m3",0.0407475550995494,0.595756175170233,-0.51305332460482,-0.198601771632631,0.724736053987015,-1.13506865242955,2.54276772671577
464,5345,"p8","m3",0.0543750445953365,0.385485987084062,-0.480942875612322,-0.348341441636026,0.807710398819373,-1.0241046166558,2.78906290344853
465,5354,"p8","m3",0.0404338502318249,0.455203718757666,-0.467756250863066,-0.164084545495983,0.78334671085012,-0.689215618812503,2.49389116334067
466,5359,"p8","m3",0.0242951936317461,0.554718363817998,-0.524938251219663,-0.231820322981933,0.740814217349424,-1.15207706001651,2.99500912215134
467,5367,"p8","m3",0.0507508707318066,0.542790909207043,-0.529511565518008,-0.226336010832586,0.696387342035424,-0.916589365878906,2.75952721922096
468,5379,"p8","m3",-0.0349765984288056,0.453503754135253,-0.58724131110824,-0.301051768837452,0.659218808486636,-1.10094897388898,2.73570771066856
469,5380,"p8","m3",0.0572330217181914,0.42088334406881,-0.405619295961584,-0.203011358328621,0.72207698869692,-0.49605513112034,2.64429817962744
470,5404,"p8","m3",0.0718082278063716,0.408353119961684,-0.374475432197472,-0.137600530454541,0.803073883900893,-1.31152342640659,2.1721898993461
471,5431,"p8","m3",0.0112774658099249,0.520928277533325,-0.440309619162483,-0.288499599920459,0.778957294233115,-0.835017414843938,2.70640403231726
472,5487,"p8","m3",0.00953562314578679,0.471246207144575,-0.524868341477167,-0.248131969815111,0.591081666503539,-0.957636917442792,2.91916924198575
473,5494,"p8","m3",0.094182921827073,0.591210931856517,-0.420799528078695,-0.138582530434153,0.713209088197383,-0.935272928613187,2.22699315821646
474,5500,"p8","m3",0.0305839341894575,0.327324993881506,-0.584120046908604,-0.209988106881927,0.674567602065235,-1.03700503259078,3.09781725581314
475,5511,"p8","m3",0.109874175872591,0.669905837541949,-0.440443838482912,-0.15846912156749,0.706946507404253,-0.479683718433254,2.37521540436552
476,5528,"p8","m3",-0.0440142187052954,0.42033804346873,-0.59584668928908,-0.229853527973529,0.563591165719965,-1.2265833442761,3.03623429226692
477,5537,"p8","m3",0.108050137020195,0.433381490961221,-0.594669660823832,-0.318611389805882,0.777309747953823,-0.679876952007712,2.99776729859471
478,5544,"p8","m3",-0.0133708900728744,0.444714982679308,-0.554930337858384,-0.211972397974556,0.584708051454052,-1.30519546870061,2.60197262635265
479,5553,"p8","m3",0.0498499966861436,0.491222560848908,-0.525531314059111,-0.202454367316914,0.64161726617445,-0.918765225577388,2.95802390224537
480,5561,"p8","m3",0.0723543931911814,0.522341934602208,-0.526825653082875,-0.15446564647793,0.727651790823346,-0.884814042424339,2.40863791670009
481,5575,"p8","m3",-0.0419617389179506,0.540357670101611,-0.527237809490681,-0.158536900080259,0.658548018946522,-1.12749540412402,2.79654497666941
482,5585,"p8","m3",0.021721906990918,0.37263448555444,-0.510692711679426,-0.370285440026079,0.716984123204588,-0.966974924873854,3.00996110032874
483,5601,"p8","m3",0.08662687205169,0.452109357849818,-0.426526571672063,-0.263699075521357,0.742756854081857,-1.33730077210059,2.29267497271593
484,5633,"p8","m3",-0.00484359144472352,0.496969946586657,-0.55452362045857,-0.0972035639597277,0.730053089483122,-0.689942326254117,2.69618577702565
485,5637,"p8","m3",-0.0056046614270996,0.402991760566754,-0.513607361897458,-0.269497930974156,0.662399254768388,-0.995909478737064,2.63510381068477
486,5649,"p8","m3",0.027068816215607,0.477155502759788,-0.550532626590338,-0.20044926581201,0.626649882053951,-0.737605650525116,2.63368081756859
487,5650,"p8","m3",0.0640523183679918,0.46284977948887,-0.393151886689945,-0.233112034323174,0.754879574938075,-0.857431647734313,2.42895797462239
488,5653,"p8","m3",0.0430260546397373,0.371493807517579,-0.456033436039389,-0.354082747702705,0.685019741734068,-1.38734379610642,2.57024683481879
489,5674,"p8","m3",0.0973444838362036,0.561896143560625,-0.57255009245014,-0.295113136543398,0.759518238036624,-0.905702235067794,2.64590630862419
490,5688,"p8","m3",-0.0219348760552011,0.435961037459241,-0.549723795047355,-0.192316800836795,0.685948367295749,-1.02422187270369,2.654895734158
491,5694,"p8","m3",0.0946562590487717,0.550581387975996,-0.4884444538864,-0.1617851745059,0.849479589705613,-0.457967339650387,2.80980266260941
492,5725,"p8","m3",0.0295984989376749,0.433702841725639,-0.509648489560677,-0.240060546283904,0.708855482736051,-1.17984409131597,2.59170431989999
493,5739,"p8","m3",-0.0223505918368494,0.500531401410858,-0.47222369523531,-0.247584658841433,0.59378609642156,-0.852206673390931,2.42916621162719
494,5740,"p8","m3",0.0221440997474511,0.51480486782211,-0.542199456274856,-0.215830460365261,0.757699992686158,-0.987369584507629,2.80519583607534
495,5758,"p8","m3",0.130621968348704,0.411570323311186,-0.467799156075426,-0.217611542260377,0.774973252700607,-1.46208360481783,2.48114177818059
496,5764,"p8","m3",0.0777824925550093,0.467176928883471,-0.470564894237195,-0.251829464607682,0.788648093779701,-0.999986625364526,2.665282676966
497,5766,"p8","m3",-0.145119058294635,0.416641415182269,-0.671421058079969,-0.318963957012723,0.64071935425557,-0.96611720359873,3.12578403562183
498,5768,"p8","m3",0.0549716121374907,0.433820596603302,-0.417092951656058,-0.261460445154542,0.727483692119966,-0.953542660883253,2.55249315234378
499,5775,"p8","m3",0.0330808848695606,0.478058806230414,-0.416887084633249,-0.176601629043216,0.730317917440945,-1.24318785102254,2.31273115710218
500,5776,"p8","m3",-0.0071532660557613,0.399926373123688,-0.506930575386105,-0.242798044535518,0.68952508854977,-1.40225717628003,2.6384128494692
501,5783,"p8","m3",0.0375057613621854,0.517082327691817,-0.542344109449532,-0.254007267538744,0.635606414557967,-1.06730364342631,2.92555127778524
502,5790,"p8","m3",0.104558598589514,0.528879042943785,-0.398934788162104,-0.163339051691781,0.765590226981579,-0.935377707986404,2.40639588674756
503,5792,"p8","m3",0.0197216717992202,0.535752861582551,-0.499923847521734,-0.368906652787512,0.667695526135982,-1.15275533786708,2.6223175933934
504,5797,"p8","m3",0.0217454626578049,0.399544223964486,-0.539369770944854,-0.23635828450814,0.699662022797348,-1.05595193216637,2.61286482826799
505,5805,"p8","m3",0.00308255511392104,0.472275354832403,-0.588907000652379,-0.312709123750999,0.759793126405379,-0.788799717367375,3.00761660052509
506,5813,"p8","m3",0.0612114990252016,0.450264750067672,-0.442695852071922,-0.290876286276093,0.772648240207552,-0.843840231204911,2.84714062980889
507,5814,"p8","m3",-0.0637023997331465,0.5672369121194,-0.66090372818284,-0.325871169393144,0.60421644788799,-1.44048967293639,3.21933787916426
508,5818,"p8","m3",0.0463612953715592,0.345858578336009,-0.423128946221645,-0.262180205885094,0.835166846578155,-1.21914012111483,2.62150693900744
509,5820,"p8","m3",0.0411738529495473,0.425392939191415,-0.502696011792532,-0.271843947827178,0.728510197955878,-1.16072682086563,2.66269128686236
510,5841,"p8","m3",0.0835586845153292,0.480833128156469,-0.536546614020584,-0.249946592146854,0.755236754762319,-0.756500018988734,2.68282751343385
511,5850,"p8","m3",0.0959137439834808,0.537549950525454,-0.476852349014007,-0.121876934899231,0.773016721690921,-0.694373095621525,2.35682100740645
512,5856,"p8","m3",0.0304314312208669,0.291951451567456,-0.458949031802924,-0.19965694365094,0.713175983315872,-1.21659211508188,2.7699396911639
513,5875,"p8","m3",0.0917125126921826,0.380025784172265,-0.437229718674651,-0.24641840589614,0.795294331609517,-1.34701724078008,2.58495502420984
514,5895,"p8","m3",0.0913684253613963,0.342776410564867,-0.474030563683474,-0.222486338449001,0.745896541919479,-0.863360076401119,2.46086149658649
515,5925,"p8","m3",-0.0236823607711989,0.542896423436746,-0.540543215727314,-0.181387840187855,0.615401091898047,-0.638497005359173,2.68711790766501
516,5949,"p8","m3",0.00280044910890133,0.405022316588133,-0.499953002073103,-0.221407339953849,0.67038912525723,-0.902241294871328,2.92199495172246
517,5962,"p8","m3",0.0491125563664549,0.364018111443908,-0.445156811006833,-0.118457948587603,0.753310865544534,-0.649250245994019,2.45168647377005
518,5964,"p8","m3",0.0405897883448436,0.532809025413986,-0.446560584595822,-0.347356769236823,0.706328446369005,-0.538575693644439,2.69200278560706
519,5968,"p8","m3",0.085520071361105,0.530037833452043,-0.475402165663522,-0.265699361868296,0.714807069345081,-1.0806870415766,2.49467613861343
520,6004,"p8","m3",0.00920631736694987,0.485596258065968,-0.617182433089157,-0.308828822348154,0.637208159659666,-1.1393196074594,2.81220469946133
521,6023,"p8","m3",0.128614191756051,0.445597070585244,-0.584317369688669,-0.263931453227007,0.734554519307351,-1.58661947265479,2.78603853360572
522,6026,"p8","m3",0.0836422609444809,0.553125473735393,-0.449348136364222,-0.212556624410554,0.703262395685722,-0.806076643617878,2.45088470535404
523,6031,"p8","m3",0.0632272981387233,0.385831557818342,-0.393445258503848,-0.259991562741565,0.743609271800109,-1.38954769429797,2.5993465115447
524,6040,"p8","m3",0.0253524503360904,0.548664284952882,-0.540626355818178,-0.254040742693804,0.685450433161989,-1.20636561306902,2.55008654043969
525,6052,"p8","m3",0.0484569690338154,0.451617838368175,-0.490896008142933,-0.360314606932873,0.739380941313373,-1.0657325658168,2.71760475466361
526,6060,"p8","m3",-0.0334491959350302,0.388975360486875,-0.606948314398801,-0.326767527867541,0.589403426285157,-1.48352179007802,2.74744035279551
527,6081,"p8","m3",0.0572468230490411,0.380991814377013,-0.586652551807485,-0.137376539078898,0.649880357649741,-0.751364876653972,2.9296740016218
528,6091,"p8","m3",-0.00603609662320779,0.555292976966749,-0.510293714914233,-0.207359660436032,0.678969760533196,-0.752196023640509,2.62259834633397
529,6114,"p8","m3",-0.0766966189571179,0.494322738630963,-0.498177984079402,-0.220146533994854,0.672351902689936,-1.08051918772078,2.85218962912419
530,6124,"p8","m3",0.0185441793362367,0.403503898250954,-0.55965763721349,-0.29338530734927,0.717692283233307,-1.11102656131791,2.62969473442182
531,6127,"p8","m3",0.0426771865844386,0.35783586017602,-0.609991534638281,-0.295628207874981,0.700267220808574,-1.17246616308878,2.80907086975779
532,6145,"p8","m3",-0.0523350385019448,0.449614755930272,-0.627499399000024,-0.262599682885919,0.620721533395018,-1.24365543505825,2.64473985844018
533,6150,"p8","m3",0.0396003634463912,0.409861525686198,-0.502640598284989,-0.192477327565764,0.721771522386548,-1.49159772807944,2.78238750421516
534,6167,"p8","m3",0.0158903928304917,0.579649858234813,-0.464443772706112,-0.142840118163252,0.704388455416188,-0.46465980816141,2.61273053151894
535,6176,"p8","m3",0.0728272596569836,0.446901858425229,-0.476022900627991,-0.395868696374957,0.764102978887836,-1.76411074736007,2.61687626175076
536,6187,"p8","m3",-0.0511493933376408,0.366503293670155,-0.660831968718952,-0.281220277624409,0.694413383404146,-1.15052537588675,3.28001906882008
537,6192,"p8","m3",0.125241996328743,0.547638033278569,-0.407473359556604,-0.27264615632519,0.832340120252707,-1.0244463729936,2.32049245150939
538,6216,"p8","m3",0.0962937212561338,0.456566458439654,-0.499527376283238,-0.208302055211633,0.747688600958389,-1.15684310952757,2.49010307824108
539,6220,"p8","m3",0.120057708478123,0.38699391265174,-0.302945901298473,-0.0716642752790743,0.789639284463239,-0.79084537973885,1.8809063358927
540,6225,"p8","m3",-0.00179976387154096,0.457485478755017,-0.477711979162832,-0.196551446320043,0.734099159589828,-0.79139861137481,2.67765309492266
541,6270,"p8","m3",0.0875778906082464,0.474102101879951,-0.404068032158438,-0.180171475619362,0.781808671054414,-1.11003483881229,2.32122897061162
542,6287,"p8","m3",0.0448859192353184,0.488496676163309,-0.581930329173293,-0.300124572951397,0.685024094310744,-0.938230389374876,2.87545573768858
543,6292,"p8","m3",0.0257701160339317,0.459868758592119,-0.466957379254385,-0.269989155830624,0.701557522236243,-1.05916172629148,2.61054117957802
544,6316,"p8","m3",0.0975178262903171,0.464977827378106,-0.430631481686057,-0.212629569213103,0.74851576591598,-1.3596229890562,2.51682608871065
545,6317,"p8","m3",-0.0360713770096906,0.37131410367453,-0.510507747327182,-0.188464178355935,0.691715700197599,-0.915781134038873,2.88750430857926
546,6318,"p8","m3",0.0313324166072327,0.4824983992783,-0.590765136782587,-0.225727907347475,0.723030991374014,-0.761164058842214,2.87928256748894
547,6323,"p8","m3",0.0155544686099164,0.494598794764306,-0.470349590754801,-0.25387962641075,0.666094521601628,-0.753720681362165,2.67616173780742
548,6342,"p8","m3",0.0354211527297035,0.383649304099304,-0.526260152258982,-0.208855158552434,0.697035353717497,-0.944574462907935,2.88416033800185
549,6345,"p8","m3",0.0333787575351873,0.36305872977609,-0.491611292177702,-0.260472681865863,0.69798204390149,-1.15920296605994,2.79757229015479
550,6359,"p8","m3",0.0919680992292317,0.373208678782586,-0.487897883086548,-0.191413724780572,0.824483975975658,-1.23670925021654,2.38147824934019
551,6360,"p8","m3",0.0228865091464245,0.476024116713734,-0.516557863078372,-0.205236501445538,0.735918944943205,-0.997153233719371,2.43693422887102
552,6367,"p8","m3",0.0447594772859543,0.432329141454763,-0.477530478999019,-0.214153795582123,0.83574656348786,-0.901467534480226,2.78349796880538
553,6369,"p8","m3",0.0503038371140219,0.41699982121729,-0.55840281748841,-0.196331797217924,0.755900385736099,-1.40607707730668,2.74256432601729
554,6377,"p8","m3",0.0808290940327045,0.416692719192701,-0.425037155651598,-0.28961355121146,0.824201783435073,-2.28168341011851,2.63097869478122
555,6384,"p8","m3",-0.00806129216202479,0.465273292039391,-0.556129192988925,-0.183538161268803,0.675061945327622,-1.25279935282132,2.86701405768851
556,6410,"p8","m3",0.168256072824647,0.367539255563209,-0.42294121469024,-0.285591775910668,0.770965095140173,-0.829121424923741,2.22927954364894
557,6422,"p8","m3",0.0721641196390137,0.328180066377814,-0.511434637575854,-0.372351256063845,0.716435562612484,-1.39038688106373,2.91513003868388
558,6442,"p8","m3",0.0900206250043596,0.438912099837722,-0.344276346608499,-0.190964071023022,0.804455768209049,-1.0005536803541,2.38745489570499
559,6457,"p8","m3",-0.0388618690709781,0.450821412854069,-0.576152918597767,-0.242764236744101,0.633412355970598,-0.898630325008098,3.13713676830983
560,6470,"p8","m3",0.0894626477472956,0.428337199335962,-0.502490260482466,-0.252982796625871,0.72012256691056,-1.21057671231323,2.51840365424508
561,6477,"p8","m3",0.0418608626951656,0.359258744953282,-0.533279329625582,-0.156934941462253,0.688964629382399,-0.998922529811484,2.47902659657632
562,6491,"p8","m3",0.0637531168945523,0.351094579815414,-0.468355452632321,-0.274781938995393,0.796525582853635,-1.04585396093231,2.59642066363617
563,6498,"p8","m3",-0.00842478820981348,0.31863046540229,-0.587295491650552,-0.334240471971504,0.643841369286755,-1.34942634446845,2.9383915944895
564,6505,"p8","m3",0.0526215049651397,0.279090824342572,-0.474785114860901,-0.312079185202896,0.803073598338224,-1.39493554537479,2.63168177363401
565,6513,"p8","m3",0.077708655639609,0.455359860697362,-0.399196119369403,-0.240181098788733,0.771176616524164,-0.954028197155358,2.21926194748852
566,6556,"p8","m3",-0.060552607892585,0.41505134233714,-0.531526467016823,-0.225748464870332,0.691997230626339,-1.05490449731836,2.99890117826038
567,6561,"p8","m3",0.072603344694648,0.482168154804786,-0.417983671271433,-0.220873194958917,0.796717832725233,-1.29151360456182,2.37056243390219
568,6562,"p8","m3",0.054021822984294,0.452188641913807,-0.47966613443448,-0.165035560866296,0.728029731157677,-0.622776618165431,2.71923020571268
569,6574,"p8","m3",0.114439047855173,0.365060057666949,-0.474342060180594,-0.207515193790719,0.722673974344061,-1.20527720891083,2.50429493461431
570,6579,"p8","m3",0.0661708919089864,0.442713465768226,-0.421511873445086,-0.183576542927061,0.71656827244818,-1.43742468543348,2.36752355510964
571,6580,"p8","m3",0.0662502149561017,0.561811319231336,-0.427833849102582,-0.249229028115801,0.777748013989944,-1.24020168575638,2.4852534345364
572,6629,"p8","m3",0.0560337763635123,0.354257802554059,-0.505408136956755,-0.265517979098182,0.718091074030107,-0.884163198961252,2.61648102857583
573,6630,"p8","m3",-0.0121178554241562,0.528451001782163,-0.648939898440927,-0.227045675174302,0.545615270449545,-0.839781589750592,2.86737869053428
574,6683,"p8","m3",0.0571683746642948,0.4632095022661,-0.553581077742827,-0.18455269255125,0.742869034508664,-1.02641655261855,2.6997409822393
575,6686,"p8","m3",0.0939491396093543,0.618981041463424,-0.389771210033268,-0.0905643324545097,0.761076203620083,-1.00996175330484,2.10069979997505
576,6691,"p8","m3",-0.0422347698246632,0.465936126508504,-0.61842388831438,-0.291131572318943,0.58137575100586,-1.19011584315592,2.56985796633448
577,6698,"p8","m3",0.0322173865563601,0.417474100118597,-0.551118815866058,-0.179595016697412,0.712590739014456,-0.891660759226365,2.58946946389117
578,6710,"p8","m3",0.0773015890417049,0.45482274647584,-0.560751377885674,-0.274069159536477,0.72342685453886,-1.1247092039323,2.84506838675061
579,6747,"p8","m3",-0.00798485156605982,0.557091532215839,-0.45618141343764,-0.156284746148888,0.702798355760023,-0.580408985902575,2.44227908512191
580,6768,"p8","m3",0.0702665529154391,0.450154798750798,-0.591266891282561,-0.292482846736242,0.740029562264547,-0.73798842867744,2.60143874493547
581,6773,"p8","m3",0.0953743273770454,0.381843867899891,-0.46797080544202,-0.205839382160647,0.762917391380079,-0.849609584734433,2.44664115808871
582,6779,"p8","m3",0.029274818055198,0.460729897301583,-0.469422145025884,-0.243332245847237,0.723260736684357,-0.825289087255287,2.52439374176256
583,6805,"p8","m3",-0.0450710107654791,0.441621116571329,-0.649059147958246,-0.254188297546694,0.629589687416985,-0.734226961377684,2.97707696526239
584,6810,"p8","m3",0.0746901962393123,0.42492580111382,-0.520848758193686,-0.240618651756906,0.731516239878563,-0.948463472893315,2.58425651762571
585,6833,"p8","m3",0.111877975156179,0.33961796680589,-0.317085280659994,-0.115282615022129,0.803266049959416,-1.09203554307908,2.16331328793207
586,6835,"p8","m3",0.0113833257682483,0.423800246939851,-0.577078736847287,-0.175133122699255,0.705451190179376,-0.831634360029356,3.0477756459561
587,6840,"p8","m3",0.115661917118769,0.499570206706236,-0.429871605552123,-0.224465041241881,0.842152937298217,-0.900592171229689,2.39628742774732
588,6841,"p8","m3",0.108948712950077,0.523906239709956,-0.390325665511206,-0.200017828668281,0.778394436696053,-1.26263405230481,2.32071246435425
589,6844,"p8","m3",0.0745619918103037,0.42170064323941,-0.396401580840277,-0.270433450367078,0.70727504594531,-1.18823464814573,2.41600753832505
590,6853,"p8","m3",-0.016998141140796,0.421195034042486,-0.418304300216523,-0.240412666595764,0.61416335175204,-0.580782494656452,2.41255323330956
591,6859,"p8","m3",-0.00862375047101602,0.342005728588392,-0.568197539910613,-0.363557630410685,0.813000855470628,-1.19884165546102,2.89133792058385
592,6870,"p8","m3",0.0948114101713009,0.556746685835117,-0.459433384325098,-0.260565572420783,0.781734143689548,-0.994170540612658,2.42241119000621
593,6884,"p8","m3",0.0302056668528813,0.373881861103626,-0.508450326419546,-0.119339963486912,0.737451938257641,-0.642005361638557,2.57470937851699
594,6890,"p8","m3",0.0123002971450118,0.513775422170146,-0.508885691886569,-0.28929038088691,0.636362676601565,-1.41852554314508,2.6375617196898
595,6896,"p8","m3",-0.074776920563387,0.462272538166402,-0.554064209285064,-0.265058171025373,0.721094822408196,-0.948496702543788,3.15286064987986
596,6912,"p8","m3",0.0539678149962051,0.596099296849287,-0.530015615473933,-0.213869205620273,0.729655922902923,-0.621501471391267,2.7053004970586
597,6920,"p8","m3",-0.00492902065125822,0.529916519927129,-0.567719557294227,-0.336607615701489,0.707480598899785,-0.747308918362674,2.96473794094677
598,6928,"p8","m3",-0.0495881723775085,0.413020951087995,-0.540543067843877,-0.241151738593505,0.69626984837178,-0.96909459785667,2.72664420672728
599,6933,"p8","m3",0.0382170892400412,0.502593450835019,-0.492554402094767,-0.264036251967987,0.633650122579079,-0.736723157472826,2.73252219853708
600,6939,"p8","m3",0.065275898976319,0.473809247566306,-0.517185305267366,-0.246700775837854,0.726805547503674,-1.91448275573163,2.50150137005152
601,6953,"p8","m3",-0.0180422210722422,0.410403037509086,-0.656759731791238,-0.181428898303445,0.50616063686002,-1.24291055038865,3.02416747160765
602,6963,"p8","m3",-0.0114595268454005,0.327289373653302,-0.530119921689755,-0.226829252079373,0.697586010722722,-1.32563278738902,2.61187697694447
603,6975,"p8","m3",0.0495232339278274,0.366524257738789,-0.562067117275893,-0.270926004217853,0.724342771026883,-0.744884249569044,2.48014618315637
604,6977,"p8","m3",0.0675441072120211,0.360533380263137,-0.449005976774312,-0.227248994938385,0.695314229196663,-0.994933756755153,2.21194764716825
605,6996,"p8","m3",0.0842735541285747,0.451340532497698,-0.52165131888099,-0.265523676968776,0.748820405526518,-2.17023913681571,2.72368491962307
606,7013,"p8","m3",-0.0190004048258136,0.567410400903254,-0.629241757202125,-0.249707915508281,0.611553967163694,-0.775204977363654,3.00461665413669
607,7017,"p8","m3",-0.0159775614853063,0.469074418186121,-0.560634037698752,-0.362508849967013,0.671366625369971,-0.974588477538379,2.88947539639921
608,7018,"p8","m3",0.0174708587470992,0.575141301483691,-0.536503309358165,-0.199364137484964,0.686740912590445,-1.00417947710387,2.61272767895829
609,7023,"p8","m3",-0.00744789604049071,0.42551213013329,-0.556161788036304,-0.270559845001889,0.682207936925726,-1.11091906850046,2.87889901995624
610,7050,"p8","m3",-0.0266696735191011,0.542697821900006,-0.566070343818413,-0.214594984710392,0.682094431547801,-0.829538870951563,2.91395736521295
611,7072,"p8","m3",-0.0130590354204032,0.381643367801418,-0.533931398208364,-0.273394584992576,0.72002468111926,-0.883128011408077,2.89015922597179
612,7077,"p8","m3",0.014685517545728,0.614512259011074,-0.563145963096462,-0.225652175799711,0.6755753747747,-0.798566824534182,2.66961534779615
613,7092,"p8","m3",0.109761903015315,0.475397262635571,-0.535486862279665,-0.304727611346649,0.658283483381106,-1.20524034613052,2.43445680817171
614,7100,"p8","m3",-0.0140794390510974,0.439879850399184,-0.53844022165486,-0.366647714352156,0.628402061700378,-1.22616862112557,2.78122871623638
615,7108,"p8","m3",0.160539301858581,0.456566443143912,-0.448702644125549,-0.254083688312767,0.781134678196081,-1.54726485973357,2.23857335381815
616,7120,"p8","m3",0.0609977713674869,0.51692214862141,-0.468522075666267,-0.218921257725346,0.742371426822434,-0.868739068981947,2.20214724571363
617,7126,"p8","m3",0.0105269227139145,0.613608262599855,-0.426502494900826,-0.22238522634111,0.652835366882807,-1.11170067202708,2.29231694235484
618,7143,"p8","m3",-0.0693008885399408,0.390571935126219,-0.55162101387938,-0.254923079645328,0.66936001892942,-0.440062957425643,2.91058437632034
619,7148,"p8","m3",-0.00861722478717845,0.333288860704187,-0.435421389756435,-0.232428794158905,0.756089562418761,-1.59422761654206,2.42867331687647
620,7158,"p8","m3",-0.00181883888468183,0.413794065947713,-0.578395347687495,-0.250715021075635,0.723818040877598,-0.744676396158377,2.78858767973751
621,7170,"p8","m3",-0.0197990390243518,0.332246652802119,-0.532368585529378,-0.16023615721051,0.656266178885606,-1.13719300407148,2.82703846265829
622,7177,"p8","m3",-0.0223081292119487,0.308186482422661,-0.509395328019268,-0.252445848427952,0.621340828687162,-0.773194117460271,2.73811307759917
623,7179,"p8","m3",0.103817759779686,0.55665591608544,-0.443969805928599,-0.164406682382598,0.765634863307236,-1.00170473898938,2.53555593075411
624,7188,"p8","m3",0.00911055563861907,0.317993659540106,-0.445129734275477,-0.196512206939575,0.647532050501195,-1.2515935865168,2.2867526493074
625,7202,"p8","m3",0.0222318071919681,0.426943244731662,-0.576022413144914,-0.367312215947356,0.713668585190148,-1.35635696531128,2.8231249202617
626,7213,"p8","m3",0.0928712325708395,0.536711652477199,-0.448152807035385,-0.161635922938072,0.804915446877847,-0.646781559969808,2.47033614194206
627,7226,"p8","m3",0.0332821438671682,0.397470817989102,-0.562005722662722,-0.11267335292692,0.801407563204245,-0.769273411040416,2.46813748413081
628,7241,"p8","m3",0.020319327822036,0.5538332715411,-0.52759854987924,-0.245436700811352,0.665652998408809,-0.544415396051475,2.45931320918507
629,7247,"p8","m3",0.0239311672988993,0.483977340462867,-0.523138244304859,-0.158767599836001,0.707976320666461,-0.727418535606006,2.53487592003232
630,7276,"p8","m3",0.0958023461477314,0.362542680588662,-0.42914128332456,-0.234921483556407,0.828790859769593,-0.780528569129291,2.61116419068239
631,7283,"p8","m3",-0.0324757061624705,0.366641324940475,-0.510051343922489,-0.294564519253967,0.680778382266691,-1.490320255228,2.7789784753073
632,7290,"p8","m3",-0.0563414581268098,0.435562209378345,-0.54808438032945,-0.394273274278476,0.640177656461813,-1.43066628620088,2.66928356302346
633,7308,"p8","m3",0.0349215506963823,0.505085193705788,-0.549581397290671,-0.270378957443162,0.714570645122986,-0.519260876795054,2.97600880240683
634,7318,"p8","m3",0.00480845758115662,0.465359349645207,-0.55483734979833,-0.184956306738667,0.616094845484485,-1.22160750026032,2.92785941810978
635,7319,"p8","m3",0.0194011430520805,0.426187358385364,-0.537769172529136,-0.305730519757509,0.628049292644167,-1.42729124499645,2.56904960622128
636,7330,"p8","m3",0.097169409523509,0.407012748225671,-0.452844989867565,-0.202474224594978,0.823211777902468,-0.740720986627969,2.72129157548859
637,7342,"p8","m3",0.00951250900994798,0.43302414116995,-0.548421856446963,-0.227299051178442,0.746029505199128,-0.873539690016863,2.90744153204892
638,7355,"p8","m3",0.101785259139415,0.583121927205112,-0.47316642465009,-0.294321987583504,0.717090159465335,-1.30487172015909,2.45351552961113
639,7370,"p8","m3",-0.0236449413792807,0.343662711084475,-0.616280848065377,-0.216437849561174,0.657910990222051,-1.50822458204813,2.62000042519098
640,7372,"p8","m3",0.0457778024315972,0.496266748514923,-0.497187233950951,-0.181218958001938,0.753059542927208,-0.903886119299243,2.34445843218321
641,7389,"p8","m3",-0.0951550776328366,0.268611545939941,-0.635406353059565,-0.172961560526964,0.648057399653175,-1.22778255643101,3.10729730422617
642,7405,"p8","m3",0.0859373860765626,0.433411771082355,-0.481730022807789,-0.271248027167463,0.754881102866645,-1.31323537818595,2.52245172929042
643,7407,"p8","m3",0.0690986768419839,0.411205339602415,-0.503163180203101,-0.231235029994989,0.6610952694355,-1.20350494012991,2.43809721585816
644,7416,"p8","m3",-0.0282423165472152,0.46638443887987,-0.541831623158305,-0.200821842594496,0.66676938153878,-0.781069891487274,3.04792554083287
645,7419,"p8","m3",0.124175945580599,0.517718663896454,-0.365889843763961,-0.234468944889532,0.831488147419992,-1.03194832051675,2.27457069495891
646,7430,"p8","m3",0.049867876514986,0.421084895170134,-0.49955887791156,-0.327808513844748,0.717828211071881,-1.0424454661221,2.59398138266341
647,7444,"p8","m3",0.0282070902777266,0.454372693549894,-0.48990986395903,-0.299358771898889,0.720982177199573,-1.35492549988322,2.54321219541135
648,7452,"p8","m3",-0.00487213401511815,0.251135727568871,-0.473630684995281,-0.224097372306804,0.718661515061529,-1.81352353740459,2.98404933896261
649,7467,"p8","m3",0.0278485222355469,0.594888086772874,-0.47450347792295,-0.297007633315102,0.69978051892816,-0.681902337538987,2.70714282760216
650,7471,"p8","m3",0.0582479906003474,0.339308129203845,-0.447164491817221,-0.27566569262815,0.809105709651487,-0.942805617064573,2.57623330938741
651,7492,"p8","m3",0.0946647888970094,0.50726567050486,-0.434447181879164,-0.173024068376587,0.790732550771057,-1.14616263713641,2.55035362818151
652,7493,"p8","m3",0.0271915704812387,0.508413103838842,-0.406685515224941,-0.198407039647218,0.669481374617648,-0.994513601576619,2.20275985544069
653,7507,"p8","m3",0.0431578752655306,0.609875247752596,-0.398104592889089,-0.156993446441679,0.770623852525687,-0.614804199397817,2.44546743350208
654,7508,"p8","m3",-0.0575970056152004,0.495585323819596,-0.543649360003674,-0.247764397308146,0.696202392140533,-1.11205382608181,2.79768921632867
655,7526,"p8","m3",0.032174775010753,0.438461057613151,-0.526455102633555,-0.294654169330404,0.749537961973048,-0.99735437850942,2.69254917588449
656,7531,"p8","m3",0.0330292477707718,0.494996834976749,-0.520392545021175,-0.190414304373181,0.754870366303956,-0.845728461049183,2.95959899614459
657,7535,"p8","m3",-0.0300115430074642,0.487295702519253,-0.563341480176555,-0.261058673283009,0.691515105966788,-0.91041374022766,2.71187685375725
658,7538,"p8","m3",0.00803043257850371,0.480841140857949,-0.579889225327457,-0.196521210182384,0.71368411430376,-0.635190998493367,2.75249497663685
659,7549,"p8","m3",0.0680675786037911,0.461823721929419,-0.516656584786978,-0.160690757814224,0.781771638094516,-1.18416062599098,2.59666244990645
660,7553,"p8","m3",-3.31875678419261e-05,0.542358599338879,-0.570411233331707,-0.279732506528865,0.675065774103866,-0.704552162655549,2.62918336441639
661,7560,"p8","m3",0.0636056007260315,0.40401991724791,-0.495533932500038,-0.214558437822932,0.74708871196172,-1.46296323982536,2.46533404550973
662,7563,"p8","m3",-0.0236021724707924,0.448862696278047,-0.591857449274496,-0.279777162213011,0.64485915079063,-1.3089351042475,2.89307138266138
663,7567,"p8","m3",-0.0221936042086478,0.49468517801822,-0.5602489837387,-0.268072763914455,0.666112728888713,-1.18806367079193,2.86381775940348
664,7570,"p8","m3",0.0580781613803489,0.483611330046243,-0.442374774286643,-0.244105280512191,0.775001500001585,-0.959761483019675,2.40428153908777
665,7582,"p8","m3",-0.0382268987425595,0.497295782586723,-0.602284884815106,-0.209565372014917,0.602721147290118,-0.722911514549307,2.83982615672408
666,7630,"p8","m3",0.0563136117457315,0.447605024571826,-0.411284864121829,-0.257479227944035,0.740198950124579,-1.17113991253399,2.35922606985479
667,7644,"p8","m3",-0.0131622875428961,0.42721918941425,-0.619392236121693,-0.299825060035821,0.659583417978759,-0.955185134186926,3.01368281126594
668,7664,"p8","m3",0.0012244067510037,0.481139803462945,-0.46523525479583,-0.257259965426717,0.717074833390773,-0.972600623411018,2.54544075496027
669,7682,"p8","m3",0.0287672680201422,0.445363484320589,-0.458732731284477,-0.229031840179722,0.646918597164966,-1.08085521215482,2.65438817672304
670,7687,"p8","m3",-0.00208901836380991,0.433876117997722,-0.518827419727728,-0.233677800753367,0.706620484809436,-0.641792895692414,2.66346685236139
671,7689,"p8","m3",0.0207764491700722,0.607940662337475,-0.487061486162942,-0.292612686980846,0.744892266608034,-0.898562415626077,2.57944986774533
672,7711,"p8","m3",0.0213731635237996,0.495130892665858,-0.470495136689101,-0.193098620549066,0.745245214440147,-1.18535613480605,2.41243731892159
673,7715,"p8","m3",-0.0144054811326408,0.466157541837815,-0.394535304596181,-0.320575866459578,0.685448300711633,-1.41572887353536,2.73374637821486
674,7723,"p8","m3",-0.0336157917684278,0.291815166616838,-0.59076240573094,-0.329554401282816,0.700235210788968,-1.1186078759738,2.88204880428458
675,7731,"p8","m3",0.0158209754612422,0.44716824451165,-0.52356842587821,-0.363247078779363,0.705940175190313,-1.38208047710641,2.86327686647663
676,7786,"p8","m3",0.08481327133778,0.506040192106499,-0.444963237541084,-0.245154538298812,0.751031393159099,-0.572870894081177,2.29686661029462
677,7795,"p8","m3",-0.0125021996245835,0.534888024567698,-0.538057594328908,-0.246144514892001,0.704979428316443,-1.29925109421605,2.55171651933593
678,7798,"p8","m3",-0.0338318059731628,0.536548178511946,-0.496693339889768,-0.169460751119838,0.748055865841783,-0.543653216745508,2.700030796978
679,7828,"p8","m3",0.153005193902629,0.52719293797806,-0.447476085042337,-0.331932756185003,0.80029327674473,-1.04555620904409,2.46959763178249
680,7830,"p8","m3",0.0705607040463062,0.569513648735611,-0.564836758664246,-0.139014794906943,0.622413436604035,-0.965586552023387,2.6619741974468
681,7857,"p8","m3",0.047201996114608,0.398499921948195,-0.619562234044348,-0.320084111289089,0.635265649378689,-1.1342435161425,2.80773109229382
682,7864,"p8","m3",0.0216466461593764,0.578735823687695,-0.542595457101656,-0.206835445481799,0.721588244246649,-0.9203383557757,2.71511238316764
683,7879,"p8","m3",0.0216468858802795,0.515625415324749,-0.433438696107702,-0.286107481981886,0.738864922159719,-0.913240406433153,2.3947584344045
684,7898,"p8","m3",-0.0441177437610484,0.264423164935878,-0.51920564498261,-0.244632888023105,0.675200611901389,-1.17576136557542,2.78498404129272
685,7900,"p8","m3",0.0593419348618085,0.415739220469845,-0.54292712418038,-0.235385201207643,0.704276208380669,-0.818111811663939,3.02289049301621
686,7901,"p8","m3",0.0191050523533161,0.508467337905987,-0.470503403771707,-0.309929773312632,0.730358222739543,-1.21509571236363,2.8159442240051
687,7917,"p8","m3",0.122323164886074,0.340318313472427,-0.486089572284426,-0.208418769444558,0.795230566517454,-0.973617502692719,2.59356621831109
688,7918,"p8","m3",0.0555762620018783,0.546914863510134,-0.412785415519897,-0.158734440747164,0.674844433800995,-0.662522265157677,2.26118327458388
689,7926,"p8","m3",-0.0376317422572022,0.40574191094851,-0.571431498484898,-0.261514815573833,0.634803157219745,-0.423202743927802,2.90910473059077
690,7938,"p8","m3",-0.0178998182771876,0.429809827975113,-0.559964085645366,-0.229758219824003,0.707648548989203,-1.21093214900245,2.5561171505189
691,7970,"p8","m3",0.0457128532142862,0.376071609277039,-0.515240096715034,-0.27529959136684,0.708576814224199,-1.17211216072618,2.95745787507324
692,7984,"p8","m3",0.0399113256427188,0.503535758937657,-0.424783689165656,-0.18233683446027,0.720582683878922,-0.59707531033687,2.54111077699452
693,7994,"p8","m3",-0.0257974002940811,0.413347735904095,-0.538248927799051,-0.183322835908606,0.708296704244403,-0.978688976916754,2.97514760759674
694,8006,"p8","m3",0.0639490712720531,0.454778273231694,-0.517680384281519,-0.227300822912778,0.731689298912764,-0.928912579152618,2.5537226594681
695,8007,"p8","m3",0.0275455255575764,0.575099109923108,-0.484123006123253,-0.232990243826779,0.73248644704262,-0.491854946838369,2.57525887442278
696,8011,"p8","m3",0.116614830972214,0.396078158017416,-0.474541344933941,-0.248564996908941,0.796443444565462,-1.45182184017137,2.36546855398791
697,8020,"p8","m3",-0.0449367389358946,0.368497330277015,-0.560404324225127,-0.233266627455045,0.612614699551182,-0.92759350803297,2.99912650780188
698,8080,"p8","m3",0.0822984926518129,0.461424769719184,-0.505976874660531,-0.309080990744143,0.773140394349938,-1.55032635722268,2.75215321980996
699,8093,"p8","m3",0.0736816121546943,0.418948273426621,-0.450270411346964,-0.225798551503723,0.762957104823278,-1.24260993937477,2.53356136423442
700,8095,"p8","m3",0.0308704444296819,0.405122600398033,-0.417316133743343,-0.229246744766373,0.783803711873145,-0.753057505862597,2.58661210775561
701,8096,"p8","m3",-0.00495998163218217,0.431653731760733,-0.575554543153691,-0.222948691932716,0.668021340429894,-1.37957681106878,2.82041629794613
702,8101,"p8","m3",0.0109834277547923,0.557096469182183,-0.422726980365549,-0.1749057596967,0.684099856350047,-0.801617280916147,2.55909484549948
703,8105,"p8","m3",0.0566552034913562,0.561324937012842,-0.464954336466234,-0.263413250319119,0.773251487100484,-0.567518200022954,2.613341741102
704,8111,"p8","m3",0.0482823195587091,0.462665449971727,-0.424651919392024,-0.262414041392937,0.714172648609896,-0.941305657829749,2.57307844739946
705,8112,"p8","m3",0.0504030872740884,0.457227699590516,-0.52375062177413,-0.283253191529072,0.81390129203794,-1.15159116143802,2.84882161551686
706,8129,"p8","m3",0.120298098293993,0.487742081098554,-0.475655109305571,-0.20543821058436,0.803667044182015,-0.880486475942356,2.62575328818298
707,8142,"p8","m3",0.0288322264513258,0.456595128973298,-0.582379386716567,-0.224053121255463,0.642496595626453,-1.1108998641582,2.59533288814793
708,8151,"p8","m3",-0.00870004522936049,0.58160621748821,-0.463224532304567,-0.280387813341004,0.630616070187268,-0.913141542312151,2.65162665981171
709,8154,"p8","m3",0.134561576172975,0.548375738365841,-0.481300200406375,-0.156735018600559,0.856350302462842,-0.98960680669899,2.37794287334604
710,8162,"p8","m3",0.141824069533825,0.494188142045904,-0.274472970440905,-0.12512200521324,0.839639828469875,-0.656739873349955,2.01346663950341
711,8177,"p8","m3",0.111223388949167,0.403052789548483,-0.423842844384393,-0.14159231099946,0.767671075329005,-1.02415425860511,2.43351797994921
712,8178,"p8","m3",0.0477153012562533,0.438263144870387,-0.533581920470823,-0.207826912298783,0.68025040712334,-1.01694593897358,2.57545123543269
713,8187,"p8","m3",0.0836689695712939,0.415504274637552,-0.424206060112733,-0.225653917042957,0.864572227901642,-1.00356423737647,2.46390857269125
714,8193,"p8","m3",0.04012846052584,0.386033021096188,-0.57843801027005,-0.285887493681825,0.718096739870398,-0.744606812586181,2.7423581570291
715,8200,"p8","m3",0.024586061975752,0.449887865298232,-0.563632030475064,-0.371230593909858,0.776545599800831,-1.22300273521365,2.94954580857157
716,8215,"p8","m3",0.0247160125685244,0.386452147256264,-0.510417543192468,-0.281583660480144,0.702761625184971,-1.1255137699469,2.86305475023774
717,8219,"p8","m3",0.00532151638558003,0.407425548616293,-0.525251733597278,-0.362853524066857,0.752372485137396,-1.36558641771352,2.59560372516863
718,8222,"p8","m3",0.0623457669694601,0.488035165234027,-0.463624843247856,-0.164216326586372,0.771576711960124,-0.637398162107322,2.53983664753893
719,8238,"p8","m3",-0.0210148933966986,0.423455807790554,-0.510440156414453,-0.24565879044934,0.629456344833601,-0.926000746788486,2.67344799677676
720,8242,"p8","m3",0.0351204343147567,0.459428642951729,-0.5720441001495,-0.336711740444227,0.736957732120074,-1.31562827931,3.038971147183
721,8244,"p8","m3",0.0771222141842433,0.512824379310396,-0.46217777845112,-0.165963456191929,0.725619593666487,-0.878378144270223,2.39846175908787
722,8261,"p8","m3",-0.0691018433227535,0.529733295291674,-0.546548049428738,-0.219696119919178,0.618122171016199,-0.662566145146318,2.56481005486636
723,8262,"p8","m3",0.106562263700619,0.407712608168659,-0.499707667785182,-0.295714594053415,0.790663728200739,-1.20811480034113,2.57550898636676
724,8265,"p8","m3",0.0404264799165585,0.381777390983284,-0.461610120274443,-0.275510208494128,0.761286533575718,-1.08629231480951,2.59686105548754
725,8268,"p8","m3",0.011651712964161,0.581757890978166,-0.555255016531541,-0.193340957870988,0.6844814318989,-0.771435735718072,2.87652256594697
726,8273,"p8","m3",-0.0737281561328587,0.478848536848196,-0.632859870282592,-0.251609058281761,0.567778636456436,-0.498601017142557,2.89679967289831
727,8301,"p8","m3",-0.0129751892215536,0.435288276274662,-0.579412824015289,-0.249631697178894,0.614991111461312,-0.884764016948695,2.82831149655612
728,8305,"p8","m3",0.0156818747501871,0.478919399194294,-0.482772691965232,-0.188059347443958,0.657981580201225,-0.755692286425946,2.65713049578898
729,8307,"p8","m3",0.067054671883543,0.634704251656081,-0.412097697167784,-0.261325560741292,0.769359499455091,-0.296555579588462,2.45582735782092
730,8314,"p8","m3",0.0183701144006773,0.539123702734095,-0.470689299577019,-0.274955143831161,0.715833964239408,-1.07333272953389,2.93582850247986
731,8319,"p8","m3",-0.00207919257082795,0.452082381810669,-0.478116316307847,-0.301606349944067,0.69337246508156,-1.04601663876148,2.59636423143294
732,8321,"p8","m3",0.046689276306074,0.377490024308463,-0.524713791353137,-0.262661379334976,0.704558876644905,-0.965226334640649,2.59134431499249
733,8324,"p8","m3",-0.0510058981924902,0.38733433139597,-0.443753572793635,-0.246151843075753,0.67494785852311,-0.971872339939283,2.54015991753491
734,8329,"p8","m3",0.00860128081218352,0.560786686251808,-0.498273299839915,-0.25774191070898,0.65138781766187,-1.20048992612748,2.63759170622906
735,8331,"p8","m3",0.0571798200717173,0.583498241153113,-0.523136961645278,-0.206474677087256,0.713218458544851,-0.74882088247367,2.52733222552297
736,8338,"p8","m3",0.0245162861422756,0.48223962569699,-0.539208609918002,-0.226462842314722,0.726119575827339,-1.11053940197497,2.86879104293266
737,8368,"p8","m3",-0.00590857445914051,0.343225888275986,-0.521041851347702,-0.232578503176993,0.707046067435814,-1.40412636741658,2.81074089464463
738,8386,"p8","m3",0.050444091849468,0.503411110952241,-0.448076696886498,-0.203445771571142,0.80407864992556,-0.796938258399444,2.49289532030992
739,8391,"p8","m3",0.0687858844413646,0.420986511002132,-0.554997984484716,-0.344238156811868,0.71411931494027,-1.27684860148366,2.75004118492955
740,8395,"p8","m3",0.0642138598513303,0.45659171383875,-0.434613759130058,-0.229837703106965,0.7784953440192,-1.1124280861808,2.48436950031997
741,8406,"p8","m3",0.0098763158456725,0.490462440047015,-0.5749906513693,-0.282853712535952,0.689250142840155,-1.45511191272531,2.5700156478318
742,8409,"p8","m3",-0.0257895630269771,0.543558524299692,-0.60206243450559,-0.148504410572484,0.730792143359565,-0.909050527553178,2.62006077652174
743,8410,"p8","m3",0.0605006050062033,0.387711261814924,-0.521192635299066,-0.270460359909858,0.712220289389909,-1.14372162996329,2.80142992117602
744,8415,"p8","m3",0.032053698626096,0.568140048106632,-0.570669414015701,-0.244747849968986,0.75872456445295,-0.409837703989584,3.02352779558406
745,8428,"p8","m3",0.096755500881388,0.422071180587023,-0.394884753552434,-0.302397400367457,0.815104319785149,-1.3657454363105,2.59695741867881
746,8437,"p8","m3",0.0873306997803977,0.413595785285779,-0.437765857981562,-0.271855312524532,0.81779763354452,-1.36188757109686,2.56820278757708
747,8439,"p8","m3",0.00734200378365112,0.395947858011684,-0.465642740677312,-0.336107447716124,0.74938144081947,-0.957127475576997,2.71857055858069
748,8484,"p8","m3",0.138507107317592,0.519127379620192,-0.411396309600474,-0.250726196522463,0.815060307219179,-0.858491994803035,2.37059402751413
749,8485,"p8","m3",0.0010780812174442,0.376694251336054,-0.473453551341663,-0.257568585621962,0.686002344401591,-1.47201506222792,2.49860093260847
750,8490,"p8","m3",0.000598524057494858,0.482806410669905,-0.548084759110342,-0.301787807565708,0.641103696443342,-0.865066329282922,2.49707923532612
751,8508,"p8","m3",-0.0180792452161561,0.481427531140064,-0.504914602714816,-0.226096903763088,0.639813720333127,-0.735382430874934,2.92118871264523
752,8517,"p8","m3",-0.00105540914483392,0.57632360255452,-0.47358342707832,-0.310458099226502,0.652908366115867,-1.61603557411736,2.27935020987499
753,8521,"p8","m3",0.0424423361352306,0.251803209543424,-0.455218674417945,-0.215508571374241,0.786958295836848,-0.812645431790077,2.62456124838465
754,8536,"p8","m3",0.0481468010954412,0.567366455029812,-0.479348979495796,-0.27375345373676,0.744961584978504,-0.883881315396819,2.63047666252742
755,8549,"p8","m3",0.00835252057885694,0.51923475056243,-0.531301692016609,-0.282763394675315,0.687657190806703,-1.40519932676214,2.75874220267201
756,8591,"p8","m3",-0.0353787147590082,0.338359931779672,-0.592067517340373,-0.193716628013356,0.65554974702596,-0.949212734011204,2.84145783671722
757,8594,"p8","m3",0.0752700684742472,0.516113111613594,-0.443915286305697,-0.21865396691433,0.72873579781748,-1.17348264478037,2.33821006709949
758,8632,"p8","m3",0.00519982587703632,0.316381284599227,-0.632732919857571,-0.323140246916613,0.603104425909912,-1.31502437278959,3.01890319780612
759,8635,"p8","m3",0.0039976618021947,0.440037665354129,-0.491950057022647,-0.194334728064224,0.68831430616359,-0.614254552871115,2.64696115977751
760,8636,"p8","m3",0.116772022922418,0.206176097409584,-0.424791569544571,-0.178882759662551,0.760644386899394,-0.961046645653654,2.5543917383047
761,8656,"p8","m3",0.084195630587671,0.47382699340734,-0.433531393082638,-0.191153741218567,0.75998255557617,-0.863858472448277,2.49992553491817
762,8661,"p8","m3",0.00347099166253004,0.429051235944258,-0.577990253767884,-0.249351267820593,0.69772309454335,-1.23990335011602,2.99315443092928
763,8709,"p8","m3",0.0272473521337902,0.495108197062379,-0.571926506798212,-0.311732545083805,0.668264545522271,-0.765020057318138,2.77255924463104
764,8725,"p8","m3",-0.00430569454751155,0.435680001215778,-0.543364866862813,-0.22555421772713,0.649025858127326,-1.04182965179201,2.75696559940151
765,8726,"p8","m3",-0.0355682645467398,0.400441400641813,-0.564523969740544,-0.248882608968583,0.68906236463048,-1.66647685457386,2.92091846799118
766,8730,"p8","m3",0.00530309411059371,0.419067747014621,-0.555910941922864,-0.254699659540359,0.719168790194134,-0.888601330343906,2.73310844877001
767,8741,"p8","m3",-0.0106591820162083,0.411387081100604,-0.50508638936361,-0.178798969612375,0.714935617672086,-1.07304372745092,2.63701135078664
768,8743,"p8","m3",-0.0337391290486086,0.465135440658498,-0.544711034455132,-0.378776736850347,0.722564532711992,-1.00757944454675,2.91756469615353
769,8753,"p8","m3",0.145105183223855,0.523505082291483,-0.442086877590896,-0.182010948823376,0.788265991328471,-0.672740541536346,2.54843897213005
770,8793,"p8","m3",0.0394202673862564,0.43163794675087,-0.454787254087624,-0.272298740972141,0.746536627077996,-1.12472784777838,2.5354289181118
771,8796,"p8","m3",0.0619914169568744,0.380637500961825,-0.553520962062594,-0.234963154527822,0.678548133107738,-1.21508404637091,2.60183358234189
772,8813,"p8","m3",0.0395723627160787,0.303836346620047,-0.468406583442322,-0.318275756798569,0.714168930674222,-1.23901491059789,2.52674069093564
773,8826,"p8","m3",-0.0575742672074284,0.397856674743091,-0.478090930811087,-0.215457731634218,0.653155836018691,-1.17540510985047,2.79095532497392
774,8855,"p8","m3",0.063520051924877,0.319668715451909,-0.583634336519452,-0.280145637617724,0.630353695335354,-1.43438339592427,2.76842563932599
775,8872,"p8","m3",0.0294007765289524,0.388883612109154,-0.507762136748483,-0.23244021487666,0.666083657287115,-1.542732319006,2.59718609733186
776,8883,"p8","m3",0.0815723585077764,0.357296700493088,-0.479773798519858,-0.292397979144465,0.792207774395633,-1.21368314401295,2.57185757347226
777,8901,"p8","m3",0.0449705828594625,0.492756948721066,-0.440774221523882,-0.052108115909521,0.812966493757875,-0.333543440907865,2.38595809492575
778,8916,"p8","m3",0.0612963994387264,0.571994998056933,-0.471385051717078,-0.201626213167989,0.812067595560322,-0.697433115765913,2.74547615375995
779,8920,"p8","m3",-0.0464207288256576,0.39404996152168,-0.509583612504235,-0.171959267726127,0.645912507517973,-1.0063946697322,2.69363994183291
780,8984,"p8","m3",0.0767706735412543,0.354155893689092,-0.539271593709873,-0.138701684466862,0.740943295417013,-0.524269419644579,2.54032317140724
781,8985,"p8","m3",0.00353764766331894,0.469136450950787,-0.536858824595202,-0.121069909131707,0.645177566080029,-0.960337276632128,2.56987070720735
782,8986,"p8","m3",0.00268888379966241,0.397272641684654,-0.596596052414068,-0.225238571519643,0.707979593782692,-0.881991853943084,2.97502903574463
783,9003,"p8","m3",-0.0137723605537557,0.516629893012471,-0.496100647869421,-0.119947765179572,0.669915862512433,-1.02023095113252,2.5585900893914
784,9005,"p8","m3",-0.0353923866309271,0.596463560225214,-0.580913468665163,-0.203194634940927,0.652712440186968,-0.574205829485371,2.69718495011049
785,9018,"p8","m3",-0.00668818449985774,0.463431071075922,-0.569991499230811,-0.287494491336092,0.67714748612254,-0.49996554334313,2.98390718488087
786,9030,"p8","m3",0.0296440096129811,0.530954391684267,-0.498197580143129,-0.230937337025391,0.723100853205814,-0.475875987708588,2.82417490146365
787,9034,"p8","m3",0.0151069535276955,0.449813099556929,-0.577839822655325,-0.270555763151078,0.55481975832374,-1.0636828431364,2.5257255477623
788,9046,"p8","m3",0.061054664844944,0.446543656710521,-0.429071372189185,-0.255870597572897,0.793376910674384,-0.812825291998525,2.52604752215571
789,9052,"p8","m3",0.0953356668670196,0.536826180828489,-0.50076007818889,-0.208740522431993,0.764535622372868,-1.09482045452366,2.85828184488056
790,9059,"p8","m3",0.0818726872562975,0.416319980473479,-0.378173552047782,-0.200342316839722,0.9024817241372,-0.535402808473259,2.4433609135236
791,9106,"p8","m3",-0.0564175010212102,0.328780545860038,-0.523089399862401,-0.203636343440975,0.678962294088826,-1.34041561529525,2.75944082524307
792,9117,"p8","m3",0.0361472530501899,0.421174208277719,-0.433389725069197,-0.216398200886926,0.735908886602725,-0.992557889434351,2.45532958704418
793,9120,"p8","m3",-0.000589022141113009,0.408096370700669,-0.546930477337295,-0.242725593831058,0.620621787252339,-0.936377384206804,2.53083641033273
794,9126,"p8","m3",0.000857109084468168,0.358927083797628,-0.517203585058089,-0.196039851751859,0.694214769393279,-1.04418425810358,2.81097477626789
795,9139,"p8","m3",-0.0158211810102954,0.524022727131633,-0.563061090413137,-0.235689284752619,0.647863196868904,-0.703702932971205,2.66741681342215
796,9153,"p8","m3",0.0806289824537692,0.382006889227695,-0.491041316463099,-0.216926089603676,0.800969107045845,-0.89631483646002,2.33935261422794
797,9185,"p8","m3",-0.0008356061044514,0.512674749418157,-0.53234810981216,-0.241329360781999,0.707245107697446,-0.670992210809931,2.75195970482765
798,9190,"p8","m3",0.172332153028011,0.601965146847011,-0.471353916985778,-0.205878406279358,0.815545984255646,-0.880602912343367,2.57267297368811
799,9198,"p8","m3",-0.0314942192534204,0.43104280010769,-0.517743807276536,-0.162449387600271,0.613500227102484,-0.747777658721439,2.61208857056864
800,9202,"p8","m3",0.0340650159018519,0.532052321439018,-0.509905485895615,-0.190124320620482,0.745669568281628,-0.514924206791168,2.85846516586389
801,9229,"p8","m3",0.0747261084234898,0.388967930441416,-0.524497961158582,-0.363489125406822,0.750543311731524,-1.08519286722243,2.81548395513582
802,9255,"p8","m3",0.0159057224006277,0.420650922980342,-0.533886436990253,-0.202401765234325,0.709242417157564,-1.37183801554027,2.56975826492109
803,9266,"p8","m3",0.114968444887141,0.45799928197619,-0.439049428855203,-0.247419949835072,0.871686677955928,-1.11565732804847,2.59585827033065
804,9271,"p8","m3",0.113869148727422,0.40984212663394,-0.464987515088128,-0.246427702050112,0.693745058392143,-1.00764319143138,2.51289814822698
805,9272,"p8","m3",0.0202805957521671,0.466311765737932,-0.541522710480562,-0.290409706176253,0.741791883334036,-0.942138322420573,2.66026654844627
806,9275,"p8","m3",0.0980138888745341,0.453498218813354,-0.401644988930202,-0.179313429623675,0.791984199013758,-1.09593279431315,2.52882942849072
807,9290,"p8","m3",0.047935531659099,0.458891929472946,-0.517510046054256,-0.282401407330141,0.765054938266334,-0.803973121330917,2.67220512168718
808,9298,"p8","m3",0.073534090217555,0.410823135625683,-0.520348752608343,-0.237854362413594,0.729872252397151,-0.977656040957403,2.58752767514171
809,9301,"p8","m3",-0.00852904591778258,0.378874406736003,-0.539290250103429,-0.237878563913892,0.654021614449636,-0.741707165743852,3.12692495529357
810,9316,"p8","m3",0.102920951372813,0.393916917357125,-0.436767870400481,-0.293887958448984,0.763006452658688,-1.4472318286399,2.41801725904407
811,9323,"p8","m3",0.0942037459971779,0.434657687706608,-0.476809064055931,-0.238252164319406,0.78704619581773,-1.01380097505776,2.53129362165846
812,9326,"p8","m3",0.0165997011830842,0.415907003984176,-0.511137360566684,-0.240488357522258,0.728685567519406,-0.662933351212283,2.85472693291361
813,9337,"p8","m3",-0.05230862712108,0.51461436797639,-0.622507893134071,-0.439692526151993,0.663611680251769,-1.11860396071629,3.31569556954149
814,9340,"p8","m3",-0.0397955758014059,0.211290011807178,-0.533126000173899,-0.333911614058963,0.6543321592388,-1.61784696565095,2.63687402029533
815,9343,"p8","m3",0.129356381271841,0.46866940475338,-0.372595164591635,-0.276783716284551,0.715003847240648,-1.23498085268931,2.12736859190471
816,9348,"p8","m3",-0.030201121095971,0.549296738420456,-0.672846034419717,-0.219890993876161,0.592356848866392,-0.669047453614793,2.92468410221003
817,9376,"p8","m3",0.120983267730558,0.492183455656651,-0.354881033661795,-0.120394497705218,0.840386782122081,-1.01608352512422,2.15620143678888
818,9394,"p8","m3",0.111021311523492,0.294626579646899,-0.473648669100909,-0.230352872657635,0.829029835594031,-1.08672768850512,2.72230702425477
819,9397,"p8","m3",-0.0584645007710951,0.410945710807861,-0.586141260150961,-0.186477075574895,0.670227435996502,-0.672279437530078,3.12687806063582
820,9401,"p8","m3",0.0634610251088044,0.340064134099356,-0.4724063018996,-0.293732617491133,0.757880826810798,-1.24996046131889,2.5447462812928
821,9407,"p8","m3",-0.00106875449444181,0.472216139093349,-0.411128844435904,-0.170520574787652,0.749398043102989,-0.754563420895994,2.5125820790582
822,9412,"p8","m3",-0.0323102484050721,0.536040029315763,-0.588401964929684,-0.320560338709983,0.645252068241172,-0.803161860641665,2.68883304453428
823,9423,"p8","m3",-0.0512118492139686,0.462444183385824,-0.526391876056321,-0.25937339702874,0.672435254672069,-1.12159972968836,2.76673548579586
824,9426,"p8","m3",0.10892915122889,0.58956152414421,-0.393551024676065,-0.191355289606967,0.794389748086919,-0.971108110517626,2.1806069538747
825,9430,"p8","m3",0.0613472882793959,0.42017004346399,-0.558778054107694,-0.263322239782847,0.70908799412265,-0.815514084480466,2.69291308581864
826,9439,"p8","m3",-0.0474735549514044,0.399360425861741,-0.55362432163988,-0.282352807939885,0.647941949801012,-0.845626161499713,2.96710182506956
827,9473,"p8","m3",0.0503775410146866,0.426816155255146,-0.446999993666986,-0.258799705228799,0.66985421817364,-0.738034668087943,2.3213197631902
828,9482,"p8","m3",-0.013952574084918,0.429246606782129,-0.553031360656168,-0.24277705383561,0.702340934191338,-1.21942994573585,2.74711677794066
829,9511,"p8","m3",0.0798500954066545,0.436508973814412,-0.477940673366341,-0.333264471498612,0.71586016904199,-1.55632477237147,2.49977219793514
830,9520,"p8","m3",-0.00198769288432552,0.520344056886611,-0.4755231524377,-0.169066170580768,0.711127762973736,-0.826327742051282,2.3883612711904
831,9554,"p8","m3",-0.0373337920114289,0.461278703077885,-0.486655487570224,-0.189839232782163,0.627707416503502,-1.38727108470341,2.43250072426531
832,9566,"p8","m3",0.0322579368027679,0.392570977619698,-0.552616512009998,-0.244415433912126,0.617898575617883,-0.582410503020112,3.0699497375192
833,9573,"p8","m3",-0.0346857694480883,0.482529239527507,-0.465314712473747,-0.192945461599276,0.695075222889832,-0.830443473309433,2.5921115981307
834,9581,"p8","m3",0.0971650549339045,0.38929713578916,-0.468082909473038,-0.165738755226197,0.694217074155758,-0.982470397534916,2.3780574740212
835,9603,"p8","m3",0.0360099377934667,0.452050091327342,-0.580209171202704,-0.306339970770672,0.627760299441866,-0.583823203194143,2.70030228581402
836,9609,"p8","m3",-0.068589152249828,0.37819361247128,-0.591585207048629,-0.296201662167104,0.695661548840094,-1.22554057426704,2.95399872163621
837,9632,"p8","m3",0.0151490367546734,0.416369216352576,-0.589717758430751,-0.267186929977069,0.700997658115357,-0.922247942885145,2.81155502552728
838,9650,"p8","m3",-0.0321864138308493,0.44669719771861,-0.686383729086592,-0.292830269840706,0.632097683533913,-1.12050990370699,2.97985733043442
839,9687,"p8","m3",0.0920200753933384,0.437174915853603,-0.468001590183553,-0.1773041079924,0.781358861783076,-0.652676342048026,2.51982941093509
840,9706,"p8","m3",-0.00720427597900484,0.504387096119361,-0.474565299353602,-0.19356245094573,0.70196350920996,-0.866532205107806,2.61924473932117
841,9711,"p8","m3",0.0534043007170383,0.310529167435952,-0.429844313654591,-0.25086059806729,0.763543327598059,-1.31679329400144,2.45772014474373
842,9712,"p8","m3",-0.136981597522534,0.495664664641587,-0.572189733856528,-0.345927453081859,0.593304984977001,-0.861238847138507,2.93623187990773
843,9717,"p8","m3",-0.00228037136635115,0.390437038169223,-0.44326147036738,-0.323324759392399,0.750735685579906,-1.32100671601332,2.64117256530911
844,9722,"p8","m3",-0.00794246728139928,0.426140991707075,-0.507204210661013,-0.195631164233342,0.67731115630276,-0.910696726670338,2.7167782722181
845,9733,"p8","m3",-0.00424121413413555,0.45782357403419,-0.560185796199625,-0.25305305840507,0.63259590741734,-0.749614661978526,2.79978607206647
846,9736,"p8","m3",-0.0542978623293439,0.528520973769417,-0.528179742891263,-0.361287216631888,0.692607412100404,-0.881341096489063,2.95005507182213
847,9758,"p8","m3",0.0155130696157085,0.530485154491216,-0.449946868661017,-0.222540957632193,0.735753786896769,-0.937691154201945,2.60560082107936
848,9771,"p8","m3",0.0210869887341221,0.566052539799432,-0.538596495294069,-0.250280845808489,0.700021712081089,-1.1952073496826,2.51358143768425
849,9784,"p8","m3",0.0267460868093491,0.360502927288817,-0.544504470886527,-0.240073787956908,0.681183925261517,-1.1843277854914,2.54593030650509
850,9816,"p8","m3",0.107115622169466,0.441425214084906,-0.598537026730394,-0.180607360126626,0.751513700435256,-0.825516893921664,2.61143128337081
851,9835,"p8","m3",0.0604206842166729,0.472469463903074,-0.471541064754395,-0.222685672583223,0.739725102130221,-1.19670854921335,2.61660135329853
852,9841,"p8","m3",0.0398735042499452,0.421377666654817,-0.500467383570695,-0.187186624007117,0.722908693485173,-0.728410617895245,2.51218812912403
853,9870,"p8","m3",0.01735053675213,0.432416617502637,-0.445839445528393,-0.225132970447015,0.796539871106782,-0.894700887430135,2.48447789045472
854,9874,"p8","m3",-0.0266100914839059,0.308896231406421,-0.473595435456527,-0.168525613714406,0.702830785725173,-0.913670531033457,2.50093456745389
855,9886,"p8","m3",-0.0853957353079085,0.408445054959954,-0.598528393856343,-0.362601512554749,0.555198808236315,-0.732068993181686,3.01793494913936
856,9922,"p8","m3",0.138360999128178,0.496298411308495,-0.502964851185397,-0.285014238388276,0.840612125233422,-0.958437260245576,2.75245095128976
857,9931,"p8","m3",-0.0222461527019361,0.469381293038276,-0.596986675006668,-0.268172451628656,0.682671942955301,-0.690102895364282,2.84377691814978
858,9951,"p8","m3",0.0140851126761336,0.378666748340274,-0.503371575908546,-0.174081313707659,0.704453360581144,-0.91446854923909,2.87400257154732
859,9959,"p8","m3",-0.0461672436854738,0.44528684621815,-0.42780130438706,-0.0666176666238402,0.643526825407183,-0.788438763505662,2.37375312513093
860,9968,"p8","m3",-0.0750423203668976,0.622774155590222,-0.638069070150531,-0.164047792874664,0.700083321534055,-0.46227943114227,2.82698339627864
861,9972,"p8","m3",-0.000796199796137708,0.455786691001148,-0.533353536401865,-0.219475620709482,0.671665686761562,-0.764709540783857,2.83131197815771
862,9976,"p8","m3",0.0149815417960198,0.410979415434582,-0.431174844258066,-0.213081752952842,0.770881092092326,-1.22631076355334,2.50870333294771
863,9992,"p8","m3",-0.00221091286763385,0.415158950818546,-0.560502119426656,-0.294074822224323,0.696918681631478,-1.04171521055023,2.81006763224323
864,9995,"p8","m3",-0.0225006422386134,0.454231904899871,-0.581370019274187,-0.2472834189635,0.62822846735674,-0.953893850717277,2.85242857774406
865,9998,"p8","m3",0.0277260024135597,0.402147338721915,-0.590691484862266,-0.221538925869598,0.635871208537979,-0.901364542891192,2.9994381168671
866,10005,"p8","m3",0.0136811924696138,0.532743080036242,-0.441863679426809,-0.297636039439545,0.74919914998281,-0.800751206514746,2.56968124680156
867,10009,"p8","m3",-0.0392935778620887,0.361184016464721,-0.499197739292136,-0.171485519405051,0.642232892008594,-0.94643234258925,2.74831147474032
868,10012,"p8","m3",-0.0172480134454789,0.449136258306222,-0.564724978483913,-0.304910222593861,0.681432350958953,-1.36116787933088,3.01398970930837
869,10037,"p8","m3",0.0762105687766004,0.414682582514589,-0.457001000003113,-0.197975238087348,0.791465988346986,-1.27916647896968,2.67041529677169
870,10039,"p8","m3",-0.0715897485175768,0.558856503446493,-0.534398520941573,-0.185778037371248,0.695351685014002,-0.801413881694777,2.81207633937972
871,10042,"p8","m3",-0.0658439956655043,0.483685066869038,-0.472392387311357,-0.19367078423453,0.60963018444064,-1.26656446623091,2.58730074130353
872,10049,"p8","m3",-0.0156078546109703,0.490438720414342,-0.570285137125564,-0.266543854241959,0.69047331316553,-0.600140556796989,2.86458877020115
873,10068,"p8","m3",0.0788430264844054,0.415270271645323,-0.484278303554236,-0.212173815013032,0.674868442020508,-1.16092111722341,2.31601638604271
874,10070,"p8","m3",0.0506905855935201,0.390254875821378,-0.426907630560517,-0.213603171771722,0.700419556912915,-0.763832320365106,2.57068442836931
875,10124,"p8","m3",0.0252805026334187,0.455323155273488,-0.512071654627756,-0.24699284679702,0.724606496848893,-1.31445712823426,2.43373016568579
876,10129,"p8","m3",0.0539526747075309,0.487149871321816,-0.390791643935936,-0.240627135259335,0.775280195815131,-0.433277120989913,2.67541020465922
877,10133,"p8","m3",0.131458406165519,0.512961518059151,-0.415226614354256,-0.23659639835786,0.842341968286875,-0.576353276505108,2.49082221461735
878,10138,"p8","m3",-0.0226189095710604,0.44607507125113,-0.580062486036359,-0.222511526738009,0.578335492253281,-1.33000337315672,2.60610116389172
879,10156,"p8","m3",0.0293280830231671,0.356728885467602,-0.498764010491316,-0.29003330336714,0.801120395296533,-1.84075913294329,2.60322965245696
880,10162,"p8","m3",-0.0329070898383918,0.458569467858286,-0.593256241679294,-0.145663831025611,0.705611406620543,-0.662139397403436,2.81948960269306
881,10201,"p8","m3",0.0478041127439312,0.495010531791047,-0.45286618439993,-0.182985226979094,0.796832209648406,-1.0683860071772,2.54925494324769
882,10211,"p8","m3",0.118591012495721,0.483104194529851,-0.451195414549824,-0.293709373264226,0.73495302808821,-0.794742568704316,2.56146299329196
883,10213,"p8","m3",0.0227203109692347,0.475219359652894,-0.520875029312458,-0.245306352677666,0.677849432128278,-1.11756967669981,2.90910180851825
884,10226,"p8","m3",0.105608875688781,0.435118766992962,-0.380702560671723,-0.159106328148861,0.743038633443076,-0.968564137010865,2.21008366323042
885,10235,"p8","m3",0.0289972821897298,0.456100064620288,-0.515198863080264,-0.195910190061463,0.643181793040417,-0.956716534046443,2.75828034501655
886,10270,"p8","m3",-0.0756219676504759,0.409129179619146,-0.622665353009466,-0.385767261377557,0.617720681701986,-1.06856018973641,2.90023031966304
887,10290,"p8","m3",0.0292306349279932,0.574857647654116,-0.473195233439848,-0.19277684221297,0.843883915899807,-0.663066684032203,2.46814982430141
888,10304,"p8","m3",0.0810706483263608,0.417087209864604,-0.467517210673617,-0.255806299096385,0.770462718436272,-1.00712106543774,2.50228725553434
889,10311,"p8","m3",-0.00692700749805767,0.427365193344814,-0.548215519451067,-0.21448257211595,0.655332826952419,-0.984987662070755,2.67969124022184
890,10324,"p8","m3",0.0273920554952581,0.380666500254088,-0.536224496097187,-0.188039848046047,0.718389457401147,-0.973173457328003,2.72926233499237
891,10357,"p8","m3",-0.11294162718619,0.519112172645581,-0.588629864890034,-0.149092232756559,0.586888113346437,-1.22998858402351,3.17366318243177
892,10379,"p8","m3",0.0273860028138097,0.486450525932927,-0.412642186139554,-0.246989019835233,0.673691052320831,-0.941206096685941,2.40714713282364
893,10443,"p8","m3",0.113907736733587,0.234509087999851,-0.562611025635551,-0.193059765768347,0.808853052604634,-1.32031186665248,2.9726423671547
894,10444,"p8","m3",0.108025012239438,0.483728854714453,-0.411747544245898,-0.273844060673737,0.823107903277636,-1.26378004945484,2.16877635784621
895,10447,"p8","m3",0.0178663257850592,0.421040788258057,-0.589714847177606,-0.347948848183048,0.6892029226331,-1.53404597547373,2.87607396424022
896,10459,"p8","m3",-0.0144503820899658,0.408218407270535,-0.546680991643771,-0.312649634271207,0.61935142467815,-1.0668565853986,2.99455473216769
897,10475,"p8","m3",0.0360321082025764,0.442604980115168,-0.469237944854549,-0.188445510900948,0.742330363254841,-0.915448799450307,2.81983875473678
898,10493,"p8","m3",0.00855478270533708,0.460180720191659,-0.529086467436805,-0.194611214895892,0.691573768991814,-1.00371597345981,2.60053757035568
899,10502,"p8","m3",0.152856899694783,0.421624014747281,-0.396355201784542,-0.200674241168993,0.80821750307158,-0.908130244823657,2.10840590532601
900,10508,"p8","m3",0.0470552363445925,0.522480318787204,-0.390989573391508,-0.153689417045694,0.784322133694002,-0.671910156350528,2.71127174724988
901,10509,"p8","m3",-0.0229720420324016,0.479317192385041,-0.52370992147777,-0.247355324428269,0.693737889779486,-0.99086491889896,2.61929943215479
902,10513,"p8","m3",0.0109363166359287,0.468888204686196,-0.586177877191554,-0.246286252854128,0.713882066511393,-0.520397847116123,3.08217006864485
903,10534,"p8","m3",0.0514975190565248,0.451974795876734,-0.570062735009508,-0.180556351646055,0.686040105537327,-1.02035935415433,2.92987764462931
904,10562,"p8","m3",-0.0328186060695713,0.353897074788763,-0.570182485827133,-0.240247334200453,0.670307917851795,-0.739872716394937,3.12884957755493
905,10579,"p8","m3",0.0662565353549908,0.352968926026558,-0.418937414612107,-0.177839234581918,0.820030600652077,-1.73875496001401,2.41697624840968
906,10587,"p8","m3",0.0584765212496911,0.419035990611983,-0.453705688359413,-0.302638910451904,0.783988714953446,-1.58405042911166,2.52403323741111
907,10589,"p8","m3",0.053419536437804,0.489088033482421,-0.563885797420706,-0.205695105513294,0.686122673995131,-0.554314934599461,2.84284173546528
908,10591,"p8","m3",0.00384921712165726,0.453531082441907,-0.548819153656752,-0.284633190899593,0.737598654994703,-1.38510545105521,2.6866444037819
909,10595,"p8","m3",0.0475986996793478,0.529789782520509,-0.537362507087997,-0.264022371929807,0.687097288353733,-0.778599089228535,2.81126671885411
910,10606,"p8","m3",-0.0613975357682493,0.478623596575444,-0.570158113994428,-0.216955507159597,0.68020969828363,-0.705739286506574,2.91689771154287
911,10632,"p8","m3",-0.00412730047957784,0.424110471924359,-0.539517593181363,-0.289348567263523,0.732709660296099,-1.17935907857912,3.13080836246418
912,10634,"p8","m3",0.0172453347273653,0.390446407379834,-0.476545997807723,-0.195870341320868,0.694386961335414,-1.11235207752447,2.37725950071418
913,10645,"p8","m3",0.0767024239235937,0.557419389673837,-0.476163472099164,-0.196237220424579,0.775444694286136,-0.517869887519519,2.46718713250943
914,10657,"p8","m3",0.00150394776528753,0.431060141286798,-0.496716912886161,-0.304185906984267,0.714807603725124,-0.958976208181496,2.61506787501616
915,10680,"p8","m3",-0.0428600281445023,0.426164450730275,-0.520460530855532,-0.183334583445285,0.657614278439267,-1.18244013142389,2.71098795506071
916,10716,"p8","m3",-0.000950195601793012,0.424216652372766,-0.461514838584441,-0.193179760093152,0.695322865626582,-1.14972360003036,2.59479335759356
917,10731,"p8","m3",-0.0316043863681548,0.611470424625775,-0.516522102456091,-0.274977968649864,0.756438967249055,-0.775495967943364,2.91503858260387
918,10733,"p8","m3",0.11026887914694,0.462211534108535,-0.46992949080508,-0.197559071258923,0.830777832479905,-1.02962340393279,2.72971718574897
919,10736,"p8","m3",0.0790947200007168,0.281880069403808,-0.419227857604084,-0.317907070068566,0.88637058180748,-1.30679385527138,2.75307985746755
920,10752,"p8","m3",0.080075900406391,0.429874835032575,-0.46558412407399,-0.199440151974698,0.75413303655987,-1.23491522533171,2.50632045785787
921,10774,"p8","m3",0.0800901076618668,0.350268788908434,-0.551240768927127,-0.253045674429505,0.797499534292104,-1.09383254798353,2.73312559175663
922,10780,"p8","m3",0.0352535407950764,0.491161032433096,-0.45752413515365,-0.225602944553713,0.822243956947708,-0.802103537126857,2.72213526969125
923,10783,"p8","m3",0.00761802060229602,0.47651453533838,-0.560355037875516,-0.250569107377733,0.74058468471839,-0.954120865570731,2.59194645821345
924,10785,"p8","m3",-0.00269720541700365,0.415720703034597,-0.500300783464059,-0.388452876816664,0.657447773112744,-1.03719920682287,2.66220178889461
925,10810,"p8","m3",0.0599478515836369,0.374457451734315,-0.457044554671043,-0.37521935116677,0.778683479393058,-1.44709213649183,2.81680802240493
926,10813,"p8","m3",0.0527572063230542,0.531247290447886,-0.551547938690545,-0.224902288779372,0.735152873773512,-0.937226428853421,2.60896585927394
927,10823,"p8","m3",-0.0194730016583583,0.362882957188329,-0.611069052153964,-0.216483400751177,0.644382716588829,-0.793374705245246,3.04135930102619
928,10830,"p8","m3",-0.0348911366802947,0.478161445360152,-0.514911723991767,-0.292048455564885,0.626256504172447,-0.906848453147225,2.9795164643171
929,10832,"p8","m3",0.0625614369027648,0.461248197013807,-0.579154280151371,-0.165764688318522,0.627582832385273,-0.412740272372398,2.80514042512552
930,10841,"p8","m3",0.0790244443779469,0.390443545394396,-0.484709028939488,-0.1880448233546,0.85447104903727,-0.930889927936248,2.68425281066434
931,10844,"p8","m3",0.0728160930259817,0.596442108032508,-0.415600738796401,-0.220479177666397,0.796549256339443,-0.777441520878763,2.59360869193845
932,10858,"p8","m3",0.106775395645662,0.443454422409947,-0.476799257249821,-0.275397870362745,0.726706774712786,-1.22103098664343,2.44676109397765
933,10864,"p8","m3",0.041820022286144,0.492104381576956,-0.43540116852808,-0.306801145509787,0.770621080560394,-1.11082302100259,2.62080472563382
934,10886,"p8","m3",0.00100142163593033,0.501091611408854,-0.551153969564266,-0.224064058055922,0.701191903673205,-0.969571326145278,2.93482817065126
935,10908,"p8","m3",0.0450806969129552,0.460639632998632,-0.522889504568763,-0.207853534124097,0.748320438284968,-0.529504918552022,2.78284277277228
936,10922,"p8","m3",0.0476777457577994,0.396881917666398,-0.411908152482386,-0.186556745465789,0.74989272762859,-0.827010518684588,2.40677045091262
937,10953,"p8","m3",-0.0309250463271844,0.445755936658249,-0.589342746840428,-0.279972579432261,0.732926041994044,-0.787533620197716,2.73611233047999
938,10957,"p8","m3",0.0285088203098955,0.516095855031157,-0.426360994400571,-0.200181544027776,0.739814984462672,-0.853146025217683,2.39974598635456
939,10968,"p8","m3",-0.0652565004225695,0.275555612875535,-0.614185460614176,-0.183116713559809,0.638206400521844,-1.27614452891121,3.09299895472381
940,10974,"p8","m3",0.0475483708537203,0.302849229481005,-0.548752123269484,-0.267508678697462,0.73316242866756,-1.24057486672696,2.83522450360784
941,10983,"p8","m3",-0.0341360045738023,0.521872868846304,-0.503777358557386,-0.288909360962309,0.713913068799659,-1.0114529039372,2.73400351769527
942,10991,"p8","m3",0.0600874771252174,0.348081123934856,-0.450147349177606,-0.32625777858289,0.802122122487853,-0.811699228349262,2.47610281440498
943,11006,"p8","m3",0.0940560145165324,0.499639726544198,-0.425217777454191,-0.212298281842575,0.689301142179376,-0.934833946721305,2.30796020499032
944,11021,"p8","m3",-0.0607763520642174,0.475305208956014,-0.603173295036658,-0.300175774530552,0.595325889454389,-1.25275663442096,3.03767305386049
945,11032,"p8","m3",0.00661002106918889,0.459243037678742,-0.417128140027645,-0.185434856938046,0.734675828081197,-0.874947629973158,2.44036275244588
946,11037,"p8","m3",0.0223506557824935,0.351926497857566,-0.458928618139651,-0.171953464060859,0.712526963058208,-1.07650289260028,2.2796626452554
947,11068,"p8","m3",0.0730435958338405,0.320575633952945,-0.401781041032132,-0.179114128557481,0.723403019910844,-0.795899988895505,2.34135564190151
948,11069,"p8","m3",-0.011575456981273,0.410769629665404,-0.430879769298088,-0.130212170210106,0.656010561005673,-1.20017897692654,2.1892559327309
949,11071,"p8","m3",-0.0201963446213952,0.395860190828496,-0.500069314739283,-0.206902795853237,0.595701747577386,-1.42036527580092,2.71536470074891
950,11077,"p8","m3",0.0596182617816955,0.427674407802664,-0.442514874801232,-0.219304257082988,0.748960403224556,-1.25989922372458,2.41358678500916
951,11080,"p8","m3",0.0688529431704055,0.49063916742519,-0.47603422281449,-0.239623334721231,0.7507304641795,-0.843696789234663,2.49295173505442
952,11092,"p8","m3",0.0202917688756824,0.342850659466109,-0.569922131938556,-0.263954523121267,0.711969731148824,-1.00561444725203,2.72870771131715
953,11095,"p8","m3",0.0549628841795142,0.450973315935505,-0.531248437032654,-0.218727574501757,0.720505018085041,-1.07858046399236,3.13716420920175
954,11102,"p8","m3",0.0467200961609819,0.533589177845284,-0.518906820209127,-0.184390624538245,0.756402203083523,-0.586597703947873,2.86716036984746
955,11106,"p8","m3",0.0174000936745192,0.462642103612815,-0.619493313193455,-0.335381811683693,0.679924225383826,-1.08894065469278,2.71329215603453
956,11129,"p8","m3",0.0140396223963422,0.483856175836965,-0.451367603131288,-0.244277639301745,0.784131810137016,-0.885554979052779,2.38198760009122
957,11132,"p8","m3",-0.0396060081671432,0.402166182862196,-0.5197456377634,-0.184253136158047,0.707771732325948,-1.643295801917,2.39458366211324
958,11147,"p8","m3",0.0730902579465536,0.478731552033449,-0.593142506289043,-0.239890758236845,0.705869309935014,-1.43119987456479,2.70897511109471
959,11160,"p8","m3",0.0228769376412624,0.448412633728953,-0.561586926746935,-0.16142660383845,0.696106524290177,-0.780670965968788,2.83112373340735
960,11172,"p8","m3",0.0352316848665601,0.562154918044354,-0.541114272881513,-0.288433161164379,0.688430894934543,-1.17574282545654,2.67397857800976
961,11173,"p8","m3",-0.0136901508818271,0.453494189602562,-0.52417968957228,-0.332163039166371,0.699807620325496,-1.39864927344162,2.44790171923199
962,11203,"p8","m3",0.0887377363091143,0.408787889792596,-0.41879589043701,-0.212018101743663,0.865896268247481,-0.522639554290661,2.5611487204985
963,11206,"p8","m3",0.121881960060714,0.372674969508523,-0.450446070584123,-0.211543854160518,0.74163830331343,-1.12362926636322,2.50700193727345
964,11217,"p8","m3",-0.088465756051002,0.56056142738642,-0.549212002380876,-0.160833072652144,0.737535573723487,-0.814860771326952,2.53846075386082
965,11221,"p8","m3",0.120367040304663,0.561286497911486,-0.334315642744038,-0.210289606852138,0.776267212085176,-1.01214489758179,2.1558322158272
966,11280,"p8","m3",0.0798951650610974,0.617626574948025,-0.417401835924786,-0.242858576411506,0.79125596203385,-1.13743583987103,2.36553557819577
967,11296,"p8","m3",0.0711641431468842,0.354641471332079,-0.422380036440509,-0.14271595949505,0.732677655854236,-0.730305936917477,2.45184504186096
968,11298,"p8","m3",0.0077776450448949,0.457104779144091,-0.479193655078533,-0.261019582255237,0.730219639397455,-1.32741269435983,2.61057143539033
969,11347,"p8","m3",0.0973088391442457,0.441505784796222,-0.351415559466843,-0.161333589751777,0.741675881072559,-1.06595229317625,1.99217678247725
970,11348,"p8","m3",-0.0186617510837549,0.305657103425802,-0.554921702431318,-0.31132508907609,0.693115481347198,-1.296340252067,3.10030529492375
971,11358,"p8","m3",0.152278049524767,0.48790897305917,-0.401364236153173,-0.280182400886969,0.813058469935256,-0.688129510935283,2.18076075702869
972,11397,"p8","m3",0.0868305190685143,0.529732276353626,-0.465168538554237,-0.266453401563225,0.76988060357755,-0.867639468326508,2.5031147188902
973,11412,"p8","m3",0.0442610352129895,0.328068096263433,-0.578468276483936,-0.282438684211028,0.757814693342003,-0.890962568006832,2.8324202269406
974,11440,"p8","m3",0.0830422176642455,0.468078032601064,-0.501729975637435,-0.111274405360415,0.777181235560891,-0.998794531084626,2.55035209992839
975,11445,"p8","m3",0.115351190281583,0.452694038006213,-0.36369798633207,-0.261077504399303,0.837464629689963,-1.13090252714724,2.44355193169915
976,11449,"p8","m3",0.069206743341512,0.459184179727967,-0.483880356429066,-0.329245177923902,0.740620071851228,-0.993503487358974,2.7996997156141
977,11474,"p8","m3",0.0819380591596852,0.483000117276667,-0.431948619020088,-0.146011000172918,0.752742625350296,-0.528569612900341,2.48078307057973
978,11479,"p8","m3",0.12360000282379,0.44531520274534,-0.485253932384895,-0.282245357047548,0.804862729233857,-0.987452841000594,2.6317097344346
979,11487,"p8","m3",0.0586930410250407,0.280145393583324,-0.581316712336746,-0.231565862589846,0.73190955330593,-1.06102733064018,2.86671200945243
980,11495,"p8","m3",0.0755982281161263,0.425798009137111,-0.481841708041402,-0.207245056141489,0.831640494139861,-0.765844301013352,2.5764514604006
981,11500,"p8","m3",0.0269760030129745,0.507680728035935,-0.580727582564324,-0.352697885572546,0.762145503796061,-1.45089629729847,2.59266252796016
982,11524,"p8","m3",0.105465753487631,0.591328342627777,-0.386370549194232,-0.177092553885834,0.798814324330393,-1.01073731784131,2.37894223239667
983,11529,"p8","m3",0.109343786884211,0.35650882362996,-0.525286329931987,-0.204632508105504,0.789575648224229,-1.02401915177626,2.71091486378013
984,11544,"p8","m3",0.125018088524857,0.456865895434311,-0.478278592479929,-0.266507808554142,0.829544577911847,-0.894149800693001,2.44459759873632
985,11564,"p8","m3",0.118804316671686,0.3930133172146,-0.521868869855132,-0.272770815739972,0.819842380808869,-0.802827334630883,2.88239852927257
986,11568,"p8","m3",-0.0851877479167734,0.413679296434632,-0.578397106502702,-0.401171330849441,0.625164564930326,-0.795587619208001,2.84936359501886
987,11579,"p8","m3",0.110857711853934,0.362281601439824,-0.524930601933881,-0.323028265631999,0.735629345109591,-1.16079150966737,2.94144349974328
988,11586,"p8","m3",0.139134954547267,0.333428409505439,-0.363257339411851,-0.124844943773344,0.782288839009149,-0.953810717983175,2.1411723447652
989,11590,"p8","m3",0.0343077598607041,0.416860299265321,-0.562405958680899,-0.28179399462471,0.711957747070817,-1.20432281228115,2.91854969741623
990,11614,"p8","m3",0.0771146084473482,0.537848116199698,-0.459209285382974,-0.165089091067548,0.772700437465868,-1.00971346156556,2.48153247093209
991,11620,"p8","m3",0.0860762785999113,0.425330868989516,-0.400055148287979,-0.318241282823443,0.833444515918692,-1.06879730559626,2.71105367951163
992,11623,"p8","m3",0.0348312668985893,0.416622650909126,-0.499753395817931,-0.119176735725666,0.666429375213188,-1.18509538505172,2.50741261584706
993,11640,"p8","m3",0.0582880141305644,0.432292684191037,-0.494020279244131,-0.191542238639514,0.682115712085019,-1.16662471640953,2.86174088446298
994,11645,"p8","m3",0.0163239783740579,0.420913108689122,-0.522308588954159,-0.26730939331073,0.710189249300569,-1.10779712497102,3.03593524711971
995,11653,"p8","m3",-0.0468118092527698,0.447011170884309,-0.576175415342712,-0.284535261419865,0.549119606307018,-1.54998514983247,2.83448118250413
996,11665,"p8","m3",0.0315056002078158,0.361481161623566,-0.371709252048532,-0.279499412603882,0.725122142060551,-1.25521769933264,2.70617807689765
997,11667,"p8","m3",0.0881765365780667,0.614194282856959,-0.538014204164451,-0.272844395520869,0.68968533349607,-0.699416867535572,2.67952747851335
998,11677,"p8","m3",-0.0116030622045406,0.531410877742441,-0.574753485005157,-0.263488424595928,0.601624065870004,-0.833497627415012,2.74830081138408
999,11696,"p8","m3",0.000457466210938809,0.478134996258718,-0.51819734479019,-0.266222017619194,0.638055311092497,-1.66788404445985,2.43610000079234
1000,11713,"p8","m3",0.0842474108283749,0.529345846290725,-0.47698400588621,-0.279760182296244,0.773524213544244,-0.654954189541962,2.37034248352093
1001,11714,"p8","m3",-0.0391164371282045,0.366855682329058,-0.613494238275689,-0.353814544345132,0.661896862614768,-1.32895779691944,3.01759522749179
1002,11732,"p8","m3",0.0817195905900797,0.37262030436538,-0.514175300395235,-0.272892128770371,0.741531966245117,-1.41430292377283,2.49594065733385
1003,11742,"p8","m3",0.0809588829649134,0.474085476139971,-0.465965851486859,-0.260943471864948,0.758756516148725,-0.749079368885223,2.57264289169771
1004,11784,"p8","m3",-0.0112694804252979,0.53751309134029,-0.543206958865052,-0.221175533621444,0.646412824147688,-0.713889352965191,2.72080598573274
1005,11804,"p8","m3",0.115331863962454,0.572157302518119,-0.42658169975484,-0.229093645267181,0.821217597901536,-0.640598959223981,2.68900750698174
1006,11833,"p8","m3",-0.00863720787936145,0.567098248440959,-0.536685520578195,-0.20761536381089,0.706662044145811,-0.627298328503442,2.46700989449852
1007,11836,"p8","m3",0.0684574629995365,0.493641203459295,-0.509913827198432,-0.226836771338635,0.735219478912274,-0.54511211739225,2.5300829256014
1008,11847,"p8","m3",0.0299966449586982,0.565219573573527,-0.479949876791212,-0.242376037999731,0.667782035822811,-0.736698846784635,2.59271957400644
1009,11857,"p8","m3",0.0306773341068097,0.369169646756935,-0.396854499810223,-0.294886553458173,0.769943099540011,-1.11608913758694,2.78500163583003
1010,11860,"p8","m3",0.134522362995468,0.575051299685619,-0.472208760575614,-0.140634785604107,0.870820212125617,-1.17865329803583,2.3478840540036
1011,11861,"p8","m3",-0.00596090798199216,0.481171062177273,-0.608980602569028,-0.187662013826712,0.696672022474103,-0.902673063547945,2.69224302611841
1012,11874,"p8","m3",-0.0638510955942978,0.51712057908669,-0.536621954057426,-0.223997143204469,0.651178660032989,-1.11336422668978,2.45657520478261
1013,11885,"p8","m3",-0.0511947463734571,0.480815324747147,-0.610914882898383,-0.256320875978958,0.623580453328671,-0.821603748677458,2.76511459422777
1014,11921,"p8","m3",0.0053903617841986,0.480608160772556,-0.67288100029396,-0.192343471235621,0.590260167144231,-0.708024129751597,2.8537942290097
1015,11969,"p8","m3",0.00624122565848655,0.527101288252566,-0.501483957605465,-0.0829036239942514,0.640298195078789,-0.326763498606783,2.48268854339099
1016,11982,"p8","m3",0.0391654732141576,0.466739748335682,-0.478725066097328,-0.108909587568294,0.704881960275991,-0.559023664840999,2.35472302043782
1017,12014,"p8","m3",0.125019810134477,0.278362431401302,-0.441594294237745,-0.290502457032807,0.759097746771253,-1.39313475310378,2.58055620777296
1018,12020,"p8","m3",0.00938050144236181,0.475162246509705,-0.547437664100323,-0.192259754323909,0.6720784162772,-0.77718400374611,2.83167976064028
1019,12036,"p8","m3",0.0491732363859323,0.454943515971924,-0.438295227463375,-0.231076244723048,0.817373007302176,-1.23750469673513,2.56469079148278
1020,12039,"p8","m3",-0.0173999344351933,0.402622918310318,-0.646558703233276,-0.285484852436661,0.645674802031322,-1.22942336211601,2.96321166538854
1021,12041,"p8","m3",0.0554607942007155,0.404384478580619,-0.50134652070018,-0.342667310867057,0.827918398429871,-1.06020747702305,2.70317563128191
1022,12056,"p8","m3",0.0750699030961069,0.357181195462034,-0.435277740329857,-0.103995896213127,0.739487832774709,-0.864561058363436,2.17816756839384
1023,12069,"p8","m3",0.0983374201778665,0.440154036307325,-0.458488084423716,-0.244817405026276,0.839604433978787,-1.26318138748396,2.44829074727198
1024,12071,"p8","m3",0.0289331833766483,0.380196364041082,-0.555330083837821,-0.408157508504319,0.708344402273014,-1.15765398776425,3.1063521833275
1025,12084,"p8","m3",0.00562226911197932,0.595592187814072,-0.553366071642989,-0.169345873711333,0.690312723615523,-1.27064649920553,2.9238726664233
1026,12085,"p8","m3",0.0241190342705029,0.436089324195085,-0.458624330348615,-0.0991059289716126,0.667240413533581,-0.874790146793252,2.62895107195717
1027,12091,"p8","m3",0.0447704245493062,0.476713222164197,-0.498100813953857,-0.221189841489377,0.74163764944362,-1.14825566186095,2.55331200302788
1028,12094,"p8","m3",0.0529838153092569,0.481755762856964,-0.463626986962551,-0.246861728585179,0.785879444952736,-1.06471231958375,2.44001823177216
1029,12098,"p8","m3",0.138008229736125,0.552665784143593,-0.379691806087914,-0.198300371063331,0.802123459341726,-0.669030274527112,2.15520822158393
1030,12099,"p8","m3",0.0130142278181485,0.420220182715581,-0.562761484747006,-0.337578780132595,0.676870600446284,-0.900065720510815,2.85766328334452
1031,12119,"p8","m3",0.149267662124547,0.559205502536318,-0.461854678917779,-0.209547925504084,0.790760774884725,-0.789735599426145,2.24667732567269
1032,12139,"p8","m3",0.00649067733612985,0.476944590501442,-0.5609383852488,-0.283513019123598,0.708748997124753,-1.4167556788233,2.54389632765473
1033,12171,"p8","m3",0.08288370306538,0.60932123314447,-0.434391006989473,-0.113275959126682,0.805252845301136,-0.768146475656611,2.38112760993211
1034,12180,"p8","m3",-0.0350436337705977,0.353740302210731,-0.628795329918963,-0.3318259139323,0.70046433345263,-1.19943918056456,2.75703615920043
1035,12192,"p8","m3",0.025018080621465,0.535467471195134,-0.4743520430278,-0.295034303998626,0.724081055545207,-0.994879013585325,2.54541112969031
1036,12194,"p8","m3",0.134215202283446,0.449908081748143,-0.481959703754805,-0.294613483222103,0.786523414897349,-1.4830796157985,2.4013140928603
1037,12202,"p8","m3",0.0617676103186261,0.467096767009292,-0.569985301484079,-0.417547184198437,0.693663481641727,-1.14796193211764,2.58090809663023
1038,12218,"p8","m3",0.0379943489284867,0.379758916335674,-0.415183031687301,-0.11933712243127,0.771173297762257,-0.935956351817415,2.27213340584307
1039,12224,"p8","m3",0.0662453852808776,0.463395769996265,-0.487950551871704,-0.25997415608894,0.76478640386469,-1.05764571698863,2.53720507583936
1040,12243,"p8","m3",0.0566109426410584,0.374635196588079,-0.551286274657571,-0.366921659554521,0.725330480618702,-1.37427543569619,2.76599695264824
1041,12249,"p8","m3",0.0460699928770428,0.491047416354437,-0.431814522868894,-0.37672152760862,0.760952349164217,-1.24597997794047,2.70450394742487
1042,12268,"p8","m3",0.0155931712197485,0.50661160521646,-0.596462294445315,-0.234730336099311,0.70756659282131,-0.88954346679747,2.93253237275544
1043,12290,"p8","m3",0.0794011589450373,0.577609117372599,-0.432283590346911,-0.105271900335037,0.742945737556018,-0.372670494133678,2.49740418840634
1044,12291,"p8","m3",0.130458907147541,0.529977196142392,-0.368369093884994,-0.215011752861122,0.778429069899295,-1.13309984263783,2.11485002880076
1045,12296,"p8","m3",0.0206460965418424,0.516069693412045,-0.45176033477918,-0.245617396404936,0.719975939471709,-0.858456654967005,2.4754577871992
1046,12321,"p8","m3",0.0307474776341953,0.38377785523261,-0.495583947583764,-0.267579798683048,0.643249709999103,-1.25687575579563,2.51367084768448
1047,12325,"p8","m3",0.0698611814783858,0.549845265351367,-0.415750327112336,-0.252340272331012,0.715423753293827,-0.748556177768059,2.38092322540511
1048,12330,"p8","m3",0.000118648144753289,0.594597016379292,-0.460628726195203,-0.165309259686289,0.659175167879142,-0.84336001764685,2.41229450786798
1049,12334,"p8","m3",-0.0251890256419786,0.486699008098755,-0.596153922754766,-0.235769448759372,0.657168314870962,-0.830753941550698,2.72214286003796
1050,12336,"p8","m3",0.0446834825717027,0.485573959735399,-0.446225024879545,-0.197089783025886,0.764691024930851,-0.799870279936727,2.71877958276731
1051,12340,"p8","m3",0.0226479584694861,0.388384608921107,-0.501174883772297,-0.256065864370301,0.73433478060245,-1.23484855752774,2.86506947564726
1052,12349,"p8","m3",0.147643777795384,0.386531606718879,-0.502939453752589,-0.249969978594249,0.764563722313524,-1.4000462822955,2.45260623574391
1053,12350,"p8","m3",-0.0234926664840266,0.427003017631085,-0.609247658505855,-0.287200163110597,0.699481182601867,-1.28894874193045,3.07345108712369
1054,12352,"p8","m3",0.108838235156372,0.491855443113563,-0.41347840880761,-0.200972708818464,0.760735883811073,-1.50361668038512,2.3394771387571
1055,12362,"p8","m3",-0.0212197151927019,0.412794733199638,-0.565039992138363,-0.216008860334606,0.657409323725036,-0.953766607892365,2.75049265643735
1056,12365,"p8","m3",0.0544342756704697,0.46477170021759,-0.494806273830313,-0.360153105557622,0.787225028147312,-2.14754724252436,2.71499476901293
1057,12377,"p8","m3",0.00451029587212863,0.569225864227827,-0.585130489153702,-0.305317720446737,0.618916636138268,-0.830172767071948,2.76367825618961
1058,12382,"p8","m3",-0.0205025551659946,0.403988584981286,-0.495951050880617,-0.331547090882599,0.677037132433019,-1.070639628313,2.64094628368187
1059,12391,"p8","m3",-0.0166854401293148,0.397681428712958,-0.542979673497244,-0.190599419163552,0.702190307186828,-0.952118806578005,2.67922945345904
1060,12400,"p8","m3",0.0127278503164658,0.418802939836791,-0.594538597266127,-0.168806620860031,0.671249914296204,-1.44949119257383,2.89704732315546
1061,12401,"p8","m3",0.061053393748328,0.478888039655949,-0.61356166285804,-0.195021132256592,0.644576457071648,-1.00338156583871,2.82847289474452
1062,12405,"p8","m3",0.104300889671083,0.44097332169402,-0.485837868391392,-0.254463134532792,0.833203382648149,-0.95146476027539,2.86000313147485
1063,12418,"p8","m3",0.0515604739637936,0.544913702571439,-0.50765040442649,-0.230852758365728,0.703122713554863,-0.798475466273386,2.64617615077943
1064,12432,"p8","m3",0.0808257628981264,0.458661660525144,-0.3960246254296,-0.227255064840523,0.785829829502397,-1.4832647704651,2.32046847841165
1065,12434,"p8","m3",0.089398118346499,0.407548482230854,-0.529494965848831,-0.234335955521357,0.747837156696507,-0.76296795804671,2.78832562829755
1066,12446,"p8","m3",0.0740080596156207,0.438831672370532,-0.44488326162361,-0.232022586154749,0.659986878053259,-0.934653506379503,2.50956305271652
1067,12450,"p8","m3",0.0419266755826004,0.38172629136225,-0.49697174719423,-0.257188580551122,0.738539798528584,-1.12269597821798,2.65471892421744
1068,12460,"p8","m3",-0.00330582938765485,0.410883969911117,-0.651079162964052,-0.187591321258462,0.641926554213647,-0.846766403838325,2.78107405484411
1069,12512,"p8","m3",0.125659611411199,0.520838249914034,-0.572284137522224,-0.158901288511024,0.78043815066105,-0.963329785478994,2.65882146382296
1070,12513,"p8","m3",0.052464212970408,0.61024010147711,-0.416437833946346,-0.194688746853974,0.753152795487033,-1.01742825567616,2.46418775392817
1071,12516,"p8","m3",0.00918903346063814,0.543255614169097,-0.576643712572213,-0.256914563877123,0.649112766689292,-0.878113369368203,2.47457397970937
1072,12520,"p8","m3",0.00411918656680232,0.389980496267053,-0.487494071665583,-0.339715246115602,0.699487919193403,-1.17233821732801,2.86799377764058
1073,12537,"p8","m3",0.136856252715707,0.411484227884868,-0.373379995640699,-0.156029639006213,0.799928765015237,-1.22906703134196,2.02102772268313
1074,12538,"p8","m3",0.144432520327305,0.464957156235708,-0.461665266345597,-0.175883620648809,0.816890517725668,-1.29932758243314,2.35865577177653
1075,12539,"p8","m3",0.092477042030856,0.610251035890178,-0.565250967076717,-0.224402955649252,0.714100488372022,-0.479682015220623,2.55970712865348
1076,12549,"p8","m3",0.0400119576938968,0.505465729497428,-0.481749588066302,-0.23635758698982,0.740400878850316,-0.912569712100573,2.47790936435479
1077,12573,"p8","m3",-0.121784236840659,0.43434323041443,-0.57182399660754,-0.157328639705698,0.607967076437173,-0.761074678288105,2.73726197112981
1078,12580,"p8","m3",0.0490211384341247,0.321456777333512,-0.482214919714918,-0.24337347778869,0.819288524425468,-1.18724079998857,2.50274771304115
1079,12582,"p8","m3",0.0239704131727689,0.470749930499591,-0.494756541737391,-0.243193517591835,0.700682892013192,-1.01970185673708,2.60155849325834
1080,12587,"p8","m3",-0.0777076781879628,0.395462352938215,-0.632563154516706,-0.183100222801012,0.63323969483582,-1.24816769077286,3.16284761209814
1081,12593,"p8","m3",0.0888643257183867,0.427484397428373,-0.47515512246887,-0.265650458562051,0.858365092645373,-1.13420939197588,3.09000317942783
1082,12607,"p8","m3",0.0231475436616509,0.378030888242783,-0.442048400990666,-0.317698579092187,0.769834847208271,-0.983569263073456,3.12303085668867
1083,12618,"p8","m3",0.0982935512800012,0.440561873895283,-0.473423169499193,-0.284217038315977,0.855104273554742,-0.790746936956194,2.7363500124428
1084,12623,"p8","m3",-0.125626909676364,0.474829280188282,-0.697097869412559,-0.287881055174766,0.531819290767786,-1.40436092667796,3.25889733184508
1085,12634,"p8","m3",0.0595826963405653,0.4046246649532,-0.42916008524701,-0.280853025471946,0.761299274597534,-1.18922131381549,2.5533346863201
1086,12641,"p8","m3",0.119494675543521,0.540560174816264,-0.378841113356256,-0.124643145024889,0.760550808291932,-1.28425547108301,2.33640292071283
1087,12658,"p8","m3",0.00840531183346275,0.428396626605754,-0.527601151607073,-0.207254327957736,0.729238141387771,-1.46283877066861,2.69597081521329
1088,12662,"p8","m3",0.0898905688519109,0.60311651126175,-0.500509065486876,-0.229335991834707,0.784034504186664,-1.10233768227046,2.39297541301783
1089,12663,"p8","m3",0.064008296555595,0.588206818807965,-0.402346899813669,-0.203956959123845,0.761094498054559,-0.846231730024306,2.45918304681267
1090,12688,"p8","m3",0.099772226168118,0.452848243411644,-0.507281774759395,-0.205865965736901,0.779999107264445,-0.958457454426924,2.54697608850745
1091,12722,"p8","m3",0.0959255834702814,0.567099596274184,-0.508528192386846,-0.196658196631742,0.763341985517508,-0.666500568527377,2.63092655805442
1092,12723,"p8","m3",0.1007850284103,0.458113054244958,-0.511948378644061,-0.299052193061156,0.743729608770088,-1.06198039734091,2.50802857900583
1093,12724,"p8","m3",-0.00152615928405453,0.476021299578785,-0.495633246409771,-0.358660278585934,0.656770658508768,-1.38110593657547,2.72812465219578
1094,12739,"p8","m3",0.0192517691965253,0.538023456065405,-0.442847434753387,-0.242461509052713,0.708434431645366,-0.655049764286592,2.5030147705002
1095,12740,"p8","m3",-0.0039254971291931,0.419989967475182,-0.57601684143897,-0.324555581210741,0.643557357949834,-1.12292422588158,2.83021031917886
1096,12749,"p8","m3",0.0929283487352288,0.403147449744117,-0.434996885888949,-0.262667094879091,0.857800776334564,-1.14112782213528,2.47699227104975
1097,12758,"p8","m3",0.0488650134021078,0.358120409847777,-0.505979809572104,-0.279517126521311,0.759399602792258,-0.951086522878436,2.47529427182842
1098,12761,"p8","m3",-0.0515625736251501,0.378089332154683,-0.572172652986565,-0.198983593853239,0.619998141994027,-0.889444786936721,3.07886643984071
1099,12767,"p8","m3",-0.00406191423726905,0.50304540261787,-0.473213572523077,-0.250988993475964,0.73561650676737,-1.11359806069933,2.72268104283686
1100,12777,"p8","m3",0.0332148438587447,0.534067776598535,-0.502487516479567,-0.128643850409986,0.730996253262802,-0.504544335906453,2.74533283543704
1101,12779,"p8","m3",0.0327410702434817,0.445625139243892,-0.623664117819302,-0.284709903727716,0.644532195438264,-1.41329521104621,2.85404261411093
1102,12791,"p8","m3",-0.00280434481053101,0.497968386431277,-0.549092757607608,-0.215607723026414,0.623621112969995,-0.43808774437773,2.69611620454297
1103,12792,"p8","m3",0.0656620993380082,0.545443269635138,-0.472289949235538,-0.117070207075833,0.759624891325163,-0.828654604346032,2.37961790486955
1104,12796,"p8","m3",0.0581546478459176,0.34006959021549,-0.390293385477743,-0.212421226290253,0.78391472580488,-1.27064471515362,2.70175601639904
1105,12807,"p8","m3",-0.0277987026516037,0.474870418908626,-0.49001349864511,-0.224530067690057,0.670146774297474,-1.27186615527594,2.63768087073927
1106,12825,"p8","m3",0.0198525897405088,0.406996351419302,-0.576461009785821,-0.324566881457243,0.65952042914113,-0.768768579788215,2.95884426114373
1107,12826,"p8","m3",-0.00637563890272013,0.460692281885354,-0.665507173339499,-0.36438994891093,0.677696068794877,-1.59828161457363,3.14855805405153
1108,12840,"p8","m3",0.024674150022718,0.611829100970835,-0.503962321761557,-0.214826643346039,0.803677811311128,-0.541075783307056,2.76953532008643
1109,12882,"p8","m3",-0.00653310850407262,0.518764817567346,-0.453576210039484,-0.143344522156404,0.740152446420166,-0.858235065175712,2.1979805113182
1110,12886,"p8","m3",0.110993264663047,0.443783325101374,-0.46579625915074,-0.150334031082186,0.797378200358214,-1.41581891403571,2.45201084988771
1111,12917,"p8","m3",-0.0284902458264482,0.549859485440764,-0.589446195890036,-0.207743201817154,0.691468321803793,-0.868855639657394,2.71070181143866
1112,12921,"p8","m3",0.0903369190129007,0.453173769602446,-0.488434337041571,-0.165528924158491,0.770207609352184,-1.01875240783944,2.27493666508763
1113,12922,"p8","m3",-0.030192993156502,0.367374083206741,-0.593809110121735,-0.211597249975684,0.674689024855178,-1.02561213401767,2.9295112294947
1114,12933,"p8","m3",0.112952716146038,0.405347385636877,-0.531526283732436,-0.0413289090389743,0.769663168082208,-0.957607602518334,2.78057760559125
1115,12938,"p8","m3",0.116030756489002,0.487258480737595,-0.447531614005596,-0.24013227668865,0.778665206897945,-0.784047475614348,2.32100644600049
1116,12949,"p8","m3",0.0603093518976359,0.435092302980317,-0.482988617989303,-0.290632313220605,0.740674721862273,-1.31848678577747,2.74665892983496
1117,12953,"p8","m3",0.0695150226176773,0.38965232493069,-0.544578993647844,-0.240783096409617,0.774708515684567,-0.582679817570833,2.82473378182829
1118,12962,"p8","m3",-0.0105040307244075,0.562770909503923,-0.443223923276602,-0.328367249367509,0.676021624912224,-0.914128618378204,2.3748557704369
1119,12965,"p8","m3",0.0745137262679904,0.403820277001393,-0.461911924078431,-0.198497118094807,0.78191663332252,-0.814951714134084,2.58207617747911
1120,12967,"p8","m3",0.0309386452861824,0.372640385642994,-0.51337288728042,-0.279466490714104,0.791588615720837,-0.828608042108604,2.94208147819868
1121,12972,"p8","m3",0.038114904075373,0.476612133802261,-0.531621351682029,-0.194751938181548,0.747035287783441,-0.753880403396049,2.76717589707116
1122,13007,"p8","m3",0.0653100473323616,0.513771046096245,-0.472106174331256,-0.216612033780114,0.666603066619325,-1.31408234607128,2.42639080873718
1123,13018,"p8","m3",0.114079066886893,0.407712807725913,-0.425284982511449,-0.226406230151975,0.788168226674279,-1.30237677437245,2.44922022396229
1124,13020,"p8","m3",-0.0731319300161475,0.469590024292893,-0.596402644255007,-0.257738589059867,0.583437192890447,-1.12733154838269,2.98388465929013
1125,13031,"p8","m3",0.0538384926590685,0.511318042119234,-0.476332949733759,-0.108478874205097,0.724251026857607,-0.877443188481739,2.50693815397616
1126,13059,"p8","m3",0.0353744311768394,0.393580090924693,-0.518204005297031,-0.216420535541952,0.699891227723053,-0.842329144174448,2.74956554941522
1127,13067,"p8","m3",-0.0210762892511316,0.513129482922924,-0.557040281070243,-0.293511295201347,0.579511830730517,-0.980922783247935,2.51938034829981
1128,13070,"p8","m3",0.0905197889641258,0.445943552624447,-0.503984814039255,-0.208502336042337,0.713939285287755,-1.10898840912751,2.50642275462379
1129,13072,"p8","m3",0.0516811495020697,0.53744989804306,-0.567547462023693,-0.192581972533408,0.765795821645864,-0.73626868791643,2.89422519362403
1130,13083,"p8","m3",-0.0680414003706621,0.399623810349857,-0.54026797145434,-0.201234586400459,0.605651389776913,-1.16686750235623,2.60693656215166
1131,13093,"p8","m3",-0.0801272922957754,0.447507093085554,-0.604657630240189,-0.366455229931944,0.660442783366664,-0.939244815771172,2.76780357048472
1132,13101,"p8","m3",0.0303347154766097,0.351675961887806,-0.479161895520607,-0.265447104370546,0.687269939569038,-1.39595736787182,2.53977923252746
1133,13134,"p8","m3",0.0473297929597128,0.476206911988025,-0.403356103194348,-0.148706233556069,0.801268634214475,-0.748196476479869,2.42669167007865
1134,13150,"p8","m3",-0.0136112848009556,0.457026828472572,-0.468017953543127,-0.25031099694973,0.702708099655205,-1.0975890427097,2.57063917307263
1135,13155,"p8","m3",-0.0155391620270713,0.385491228700838,-0.53251989655341,-0.249722427532495,0.666774930630941,-0.832022564819013,2.6157093531305
1136,13173,"p8","m3",0.0650562810856885,0.462266081906501,-0.523882556506182,-0.286552054432976,0.751268383791825,-1.75626047911964,2.49593143312226
1137,13216,"p8","m3",0.0207941565101619,0.377389083521424,-0.624122120721892,-0.224660558319699,0.605379288228982,-1.00206781028025,2.70072011368505
1138,13222,"p8","m3",-0.00733451677249323,0.456369962854194,-0.489326259801912,-0.338753243021525,0.676564555706621,-1.04215879875711,2.58899882828322
1139,13223,"p8","m3",0.00715183369689198,0.466300045129651,-0.535935351813971,-0.304850860061727,0.780552530677803,-0.909250558753219,2.9039778203047
1140,13250,"p8","m3",0.0188313795304903,0.533417089287314,-0.441403591339336,-0.24815712981657,0.747619466856966,-0.830838552965583,2.56145014647705
1141,13252,"p8","m3",0.0664987513185009,0.4462248026849,-0.387259616271015,-0.149273891626629,0.815262980194733,-0.924367694463867,2.53315704399156
1142,13254,"p8","m3",-0.024694940191723,0.380426705813694,-0.504962472256839,-0.146069531334687,0.679671949509059,-0.841506435588663,2.82171658902027
1143,13258,"p8","m3",0.0858880966178866,0.351584830920269,-0.510871958665352,-0.298778722484434,0.771676853444964,-0.940535020436706,2.7355717528145
1144,13270,"p8","m3",0.0765148214562146,0.51455013858098,-0.444217137415504,-0.0794748185671455,0.791881206860549,-1.07316848775736,2.24883407407663
1145,13292,"p8","m3",0.0482032459016177,0.455842598185341,-0.511360828213094,-0.233869298522594,0.719434085014141,-0.486954105294526,2.74293263985302
1146,13358,"p8","m3",-0.0444870622975876,0.351169358358862,-0.563986523731,-0.314776429117758,0.706530513398745,-1.17713161807183,2.88457252097543
1147,13377,"p8","m3",0.018338723175654,0.530373220823714,-0.519542571620235,-0.169416386633368,0.679575221839416,-1.05029036134097,2.71035000787283
1148,13385,"p8","m3",-0.0215639161502358,0.51853043724145,-0.513198483753829,-0.366524534854966,0.750093453173526,-0.944760088393876,2.88100961992497
1149,13417,"p8","m3",0.0363519683102088,0.434764861830812,-0.545247503047309,-0.187364865518635,0.702405923690797,-1.3310467714913,2.63317191240537
1150,13441,"p8","m3",-0.0117013229160875,0.423729707837825,-0.610694058566002,-0.31976021857207,0.639790284102161,-1.34547372413054,3.2638449804206
1151,13457,"p8","m3",0.0209615479480139,0.633385334138438,-0.458857778767868,-0.262926013253885,0.712076129519364,-0.796332614598304,2.58886660195524
1152,13471,"p8","m3",0.0924876273774676,0.51439840537421,-0.462706144298734,-0.277438038690027,0.800639694277421,-1.34134972305577,2.58144002194314
1153,13473,"p8","m3",0.0424430901549335,0.541906120847595,-0.498143966917847,-0.257022073425524,0.768953913397238,-0.956584960103531,2.76447112696167
1154,13524,"p8","m3",0.143098528532985,0.385142601502034,-0.424549508997724,-0.0939361303615514,0.801475117309802,-0.825847221344353,2.08851055857754
1155,13538,"p8","m3",0.0648828623951227,0.502953614564598,-0.451709713295083,-0.243253070162937,0.72902777530159,-0.872639030032956,2.59040650894737
1156,13539,"p8","m3",0.0454105028859065,0.476685203734783,-0.624830811011468,-0.303844918837501,0.683646412015313,-1.63126572668054,2.94260412186659
1157,13540,"p8","m3",-0.012088542342668,0.499179954354416,-0.456188599854581,-0.219402808940549,0.664567635098682,-1.0669521130979,2.46866898592786
1158,13560,"p8","m3",-0.0982691119967994,0.443520455444651,-0.575977512844261,-0.207943114943797,0.694651552289531,-0.996158207585747,2.86444534703303
1159,13566,"p8","m3",0.0795033201826755,0.438131165338244,-0.446096776571119,-0.307121882111732,0.749259892462938,-0.935546463125251,2.58335627142103
1160,13582,"p8","m3",0.0435849064418518,0.617120990636895,-0.532850216372016,-0.253495850514168,0.699121887399183,-0.659678104412125,2.63048285718496
1161,13606,"p8","m3",0.0578695341546782,0.475458236987339,-0.469558800903838,-0.25507542437244,0.779973735848782,-1.41199409854137,2.78867718612574
1162,13611,"p8","m3",-0.011070670601065,0.409948894215002,-0.593455586583715,-0.274084360996809,0.741277252996294,-0.705682500940658,3.02898591912419
1163,13632,"p8","m3",0.110747022596131,0.559566318625177,-0.445510931243035,-0.351056308594775,0.733548347958513,-1.0842839372057,2.64140575696523
1164,13636,"p8","m3",0.202940751068574,0.410836204312597,-0.393677683247636,-0.209948846476087,0.762610391400215,-0.953268508823377,2.14830863019854
1165,13649,"p8","m3",0.00150334567116934,0.472159551473898,-0.517200264104894,-0.183047414426576,0.6739824945122,-1.05038848451718,2.89055788697704
1166,13655,"p8","m3",0.0170800210719958,0.499589942346084,-0.467359520014049,-0.179412267490793,0.673529668487678,-1.25952301589899,2.6994500887093
1167,13657,"p8","m3",0.0376306191819054,0.410262414169172,-0.607365369478462,-0.181395381093021,0.761039343214947,-1.04653626202412,2.95081889545044
1168,13677,"p8","m3",0.0910297395533565,0.502992178906445,-0.445980801381214,-0.153186616358841,0.749722184280895,-0.528483047799586,2.57735243327194
1169,13683,"p8","m3",0.0847465342951366,0.366035246255132,-0.562897175141852,-0.205000853050288,0.800275377798388,-1.1716050445805,2.58180660099209
1170,13694,"p8","m3",0.0555126627387032,0.303009251372108,-0.540465480474933,-0.192206169112318,0.717420753804034,-1.17888874563651,2.92965762887597
1171,13702,"p8","m3",0.101746773201798,0.616277833445564,-0.528057584037365,-0.204394156580268,0.810055517507734,-0.889314054300651,2.71756825289271
1172,13733,"p8","m3",-0.0305726256969699,0.398575904384537,-0.547038536956098,-0.298646582519758,0.594968324350207,-0.780790855127727,2.72302129191884
1173,13741,"p8","m3",0.047925258877169,0.323020293467949,-0.474380038671748,-0.293731839374121,0.745095379478053,-1.3936022912806,2.62285977749302
1174,13749,"p8","m3",0.0305359492791682,0.480554708397327,-0.436130442197471,-0.192854324513528,0.725873114961754,-0.754417822915594,2.69319425459427
1175,13759,"p8","m3",0.0555114085294508,0.570290730264718,-0.512693859061479,-0.202390557246165,0.794652872977651,-0.743262323017111,2.99977686659678
1176,13760,"p8","m3",0.0442871600097801,0.568262925229196,-0.489327759097771,-0.133254349776422,0.74682344454417,-0.487112484385905,2.70076638578803
1177,13761,"p8","m3",0.12807630310618,0.513758785958156,-0.438839327227046,-0.231235802074994,0.690282942394279,-1.00620218075514,2.34587043667674
1178,13764,"p8","m3",0.193694481935731,0.534273560861481,-0.464396651227809,-0.222701907529198,0.877771124956275,-0.633173170677888,2.23163760224582
1179,13769,"p8","m3",0.0617990392957352,0.317877456333385,-0.465578735484223,-0.37775281865782,0.754876174927434,-1.06159957742323,2.63530921477465
1180,13780,"p8","m3",0.0294833394804064,0.435198034571216,-0.518544888677634,-0.271494892883954,0.684794532281898,-1.30683734173841,2.67321552883621
1181,13788,"p8","m3",0.109871298454815,0.428036941499499,-0.34680680172679,-0.148208619443069,0.836481359606049,-1.14219871085258,2.10753185685155
1182,13872,"p8","m3",0.07907584163955,0.374897761795911,-0.584452482319553,-0.351357711545542,0.706884949244917,-1.49443769944835,2.83851783093536
1183,13878,"p8","m3",-0.0299512481205085,0.346603496909987,-0.614397969512116,-0.160562892861334,0.603476964964112,-0.865530719571399,2.83420534768143
1184,13882,"p8","m3",-0.0660471235301723,0.428865144427734,-0.630372918194557,-0.232215052304678,0.517851727900267,-1.26205506133964,3.13516727436161
1185,13884,"p8","m3",0.0100470828632146,0.387085838262874,-0.477543783695838,-0.273184337728645,0.734338308428487,-0.93782967982757,2.52905339576444
1186,13894,"p8","m3",0.0570059426243999,0.501756799830923,-0.419278129060295,-0.265341226335857,0.727199078067534,-0.869382071179228,2.5566100337226
1187,13901,"p8","m3",0.0261997905003854,0.403512368483266,-0.46985392888223,-0.236659304210206,0.764758024539427,-1.19187061447959,2.80593332266775
1188,13933,"p8","m3",0.0572242735017541,0.481919310997387,-0.6022797864607,-0.176171088442516,0.710040657845129,-0.905202976575366,2.84921805952496
1189,13938,"p8","m3",0.047876133309505,0.416084507595151,-0.496691504404933,-0.155348741007251,0.760516990623063,-0.723451351404385,2.66078152720731
1190,13940,"p8","m3",-0.051004844888369,0.373600937029957,-0.560755630810271,-0.256599869352088,0.694541663562937,-1.27844652221942,2.86157179412069
1191,13951,"p8","m3",0.0208753257107509,0.594072400861731,-0.481929998942968,-0.27927821540254,0.68886678649698,-0.521716577590012,2.77138961491557
1192,13961,"p8","m3",0.0389362813628339,0.361039625727846,-0.450070160646084,-0.296461116457616,0.707038851745116,-1.41142320924683,2.91541810445832
1193,13974,"p8","m3",-0.0315971343279355,0.567608535180827,-0.534972288187437,-0.230511721887065,0.65328518914583,-0.8466620203378,2.92524632067664
1194,13979,"p8","m3",0.0938325326391809,0.403386911642421,-0.52553846046096,-0.159665946658636,0.648283834405241,-0.727561869490975,2.68238478703779
1195,13987,"p8","m3",0.0245474712912084,0.453360980347249,-0.551927114543299,-0.227046809275475,0.683520581522741,-1.0574059484012,2.73767028302498
1196,13995,"p8","m3",0.0929710365748892,0.386023892050377,-0.562688822375742,-0.384253163089439,0.706164242446062,-1.01912235481162,2.64489956035059
1197,13997,"p8","m3",0.0617235970873137,0.405631708795157,-0.423903211189313,-0.286168424219447,0.763136658838661,-1.20022364813487,2.58739921284157
1198,14004,"p8","m3",0.048604838910236,0.441949975498016,-0.469522953872693,-0.189506401454266,0.716262159607469,-1.55828331601458,2.63663005295914
1199,14007,"p8","m3",0.036729754719513,0.438926825665063,-0.539802163113229,-0.322322707323287,0.705578345306875,-1.40822117145279,2.49827688817831
1200,14023,"p8","m3",0.0484080405524381,0.49131707613913,-0.47188956645681,-0.227224032859842,0.731588614516805,-0.897337590892815,2.60341769885466
1201,14045,"p8","m3",0.111591888790201,0.476438267283168,-0.402684879630611,-0.209796572402505,0.776149785718432,-1.04495125512952,2.40688757760061
1202,14071,"p8","m3",0.0817927727756743,0.476095302674776,-0.471166839734652,-0.228862215848605,0.700672739473471,-0.78078746778512,2.23910167392985
1203,14079,"p8","m3",0.0845141988166657,0.445918098567726,-0.47991877368195,-0.23170193639753,0.659733180972358,-0.711204592011046,2.55639583603
1204,14088,"p8","m3",-0.039193796272275,0.352321924397822,-0.585656656567915,-0.250863324515611,0.700528332246901,-1.48521771102563,2.91977623349687
1205,14092,"p8","m3",0.0564124847871484,0.539419583082517,-0.479670853784972,-0.196018257180888,0.720594225157432,-0.777562937881939,2.26880983557539
1206,14126,"p8","m3",0.0579336349371282,0.566919105322398,-0.491811959190306,-0.125595926298296,0.741130940558463,-0.485597481529687,2.59347714808893
1207,14141,"p8","m3",0.134345680405222,0.533124430176242,-0.363914220082789,-0.184775210769222,0.919355051087032,-0.703785249969285,2.67412944080491
1208,14145,"p8","m3",0.00593374102614457,0.417441444376378,-0.416643353503437,-0.207711969765404,0.727623353914042,-1.04082893843055,2.53486557601009
1209,14184,"p8","m3",0.0481819077126317,0.46985957906293,-0.53491415713388,-0.274951592802514,0.757555918370144,-1.05689101875338,2.80738922209199
1210,14203,"p8","m3",0.110719860047398,0.548980800403108,-0.46172318718516,-0.205247939809064,0.732770149450945,-0.732010863406941,2.3510849267904
1211,14222,"p8","m3",0.037888201443786,0.362455413121382,-0.588678459358105,-0.240431591185552,0.785116274465346,-0.948425593445154,3.03115662821415
1212,14225,"p8","m3",0.0329033466672437,0.523255278658435,-0.523725052601927,-0.18109505259343,0.772599362703057,-0.427634991814381,2.49745964188296
1213,14229,"p8","m3",0.111546710479672,0.464490636010215,-0.494976783031343,-0.255043270496504,0.763479125381643,-1.39052676586382,2.64286405622328
1214,14231,"p8","m3",0.0734324844710185,0.378003884781728,-0.493903513952148,-0.227338614954018,0.795189317620865,-1.33143616392777,2.6725457259138
1215,14232,"p8","m3",-0.0201599463415844,0.398339876301579,-0.551682406894317,-0.357934315855215,0.72660939651514,-1.91146047179167,2.81684208206722
1216,14269,"p8","m3",-0.0151348885178131,0.37592092445123,-0.509617556184909,-0.382454532966281,0.761879127497396,-0.646375317870323,2.94361977958785
1217,14317,"p8","m3",0.0703330134090684,0.386260233842116,-0.489539352558394,-0.228830261057655,0.758495879705342,-0.792248910264262,2.74456657729929
1218,14319,"p8","m3",0.0385498939655618,0.460779244661833,-0.50480967036172,-0.22454031646227,0.736465060746049,-0.737514115067614,2.63513968075288
1219,14348,"p8","m3",0.0235913152863649,0.326962026694231,-0.694739127233462,-0.298839074504275,0.728583227343845,-0.881420754963811,3.45063008799479
1220,14350,"p8","m3",-0.0558241667018582,0.387561626190538,-0.457986325439049,-0.292517578757878,0.74744095526194,-0.859287921774334,2.50275712591914
1221,14364,"p8","m3",0.121659908867182,0.461098606437194,-0.457004037892933,-0.15438458264704,0.720746059360132,-1.14041790275651,2.32513517617565
1222,14381,"p8","m3",0.0691113486472804,0.4343229484293,-0.421332314051412,-0.192900244043347,0.789393396414571,-0.986788804441428,2.54499274264539
1223,14395,"p8","m3",0.0785490802936872,0.515257289948559,-0.561061533457592,-0.264401444218158,0.750216699126687,-1.16558588901124,2.61572039304157
1224,14397,"p8","m3",0.0801246206859911,0.509928554800407,-0.478905241018347,-0.173018801650155,0.753386508220415,-1.02214047190127,2.58406815484773
1225,14456,"p8","m3",-0.00716347354977929,0.381542496148251,-0.36371009987935,-0.028404009892351,0.67221741718946,-0.706270379599729,2.39973407045879
1226,14460,"p8","m3",-0.00733626417581317,0.495333136409333,-0.533970055117349,-0.203131553830372,0.762834651410344,-0.75317233908572,2.82541977438576
1227,14465,"p8","m3",0.0309174729663367,0.538770261222263,-0.512645540180324,-0.425079653895181,0.67495924681494,-1.43958906871094,2.99349361731475
1228,14492,"p8","m3",-0.0437303811175008,0.333474418591569,-0.547343123744991,-0.198998591613415,0.732089270867109,-0.984737472622697,2.8742091966352
1229,14496,"p8","m3",0.0581751429120742,0.344026412080268,-0.505456893255647,-0.261338658005082,0.77084216147151,-0.760892645661984,2.87218934255073
1230,14512,"p8","m3",0.0510233492040323,0.527249384433719,-0.48179500966139,-0.205167116393009,0.743598281857172,-0.70676653580787,2.23059709614633
1231,14517,"p8","m3",0.0701369700122454,0.33109637065145,-0.553817403015792,-0.273964362224345,0.6950770345756,-1.30141930242243,2.64730668203284
1232,14524,"p8","m3",-0.0121598020907041,0.443749885018542,-0.550123675491977,-0.202681253824683,0.72152408629334,-1.14357693104785,2.84497638356539
1233,14534,"p8","m3",0.0278302106279496,0.327896814006995,-0.458065805250568,-0.289138066700138,0.691633239488295,-1.56901548489002,2.60309925268929
1234,14543,"p8","m3",0.107578208137742,0.498838003960575,-0.532523676007806,-0.185546066992408,0.774142250343544,-0.783929312109168,2.85968773602249
1235,14568,"p8","m3",0.00308777593759954,0.414995238841512,-0.464646795278923,-0.277576917907881,0.715182804618239,-1.284582234932,2.60775552223808
1236,14581,"p8","m3",0.0466139636438533,0.30659064983134,-0.518612592911471,-0.211074068526937,0.746226277567347,-0.921699442862067,2.58113111772706
1237,14632,"p8","m3",0.0628948056084574,0.39450547667303,-0.469639342703386,-0.262483744348419,0.824752258049772,-0.951211765189777,2.75638940471659
1238,14655,"p8","m3",-0.028400916565581,0.331711245242293,-0.553358940023255,-0.276737173205573,0.631569630823963,-0.850727439221168,2.98226253903662
1239,14688,"p8","m3",0.0553397084776935,0.570596036794331,-0.466293419588411,-0.253813384381154,0.754030032905981,-0.561084331384878,2.62731779619887
1240,14692,"p8","m3",0.114016697046601,0.536742859798556,-0.509894462354301,-0.145058752350643,0.775103906103498,-0.611557772550057,2.75303106466211
1241,14701,"p8","m3",-0.000488172734151853,0.447783587911332,-0.532008863337583,-0.193516375717081,0.674877688473422,-0.878705384012527,2.68375902555219
1242,14718,"p8","m3",0.0384278854299129,0.345047554294438,-0.577462472712885,-0.291735125485083,0.709361542522745,-1.35474160108858,3.1266989989079
1243,14740,"p8","m3",0.024791682110557,0.52082333862248,-0.520832579467744,-0.238219414684284,0.709772969939231,-1.01748604709865,2.3613401208614
1244,14745,"p8","m3",-0.069262840770279,0.401209794865113,-0.508840927508388,-0.221110903051135,0.675185074881278,-1.76087409910135,2.80053024714582
1245,14747,"p8","m3",0.0157836339063957,0.52878896774583,-0.631115551371665,-0.288949568434767,0.733618556913191,-0.680167605130555,2.96493376909869
1246,14748,"p8","m3",0.00566443752289149,0.539713677954677,-0.470845597846225,-0.230012748115549,0.753513698863331,-1.02766452144967,2.89374152082986
1247,14761,"p8","m3",-0.030396341575629,0.470002721561593,-0.634451112690076,-0.325159627879773,0.59286920544707,-1.40392095003934,3.11254621353497
1248,14803,"p8","m3",0.0623738848002568,0.598673706202994,-0.337239239636253,-0.155829226107108,0.803766470509998,-0.873170578712988,2.35056207629874
1249,14804,"p8","m3",0.0603089481356855,0.446597892189921,-0.514068479371248,-0.257174391846431,0.688542357238922,-0.356592656294829,2.77412742318774
1250,14809,"p8","m3",0.0533637539944624,0.464314857412715,-0.498675153921155,-0.208514957126517,0.768551609589902,-0.744901790602141,2.50078805342761
1251,14835,"p8","m3",-0.0105255475608696,0.637543094080462,-0.424241698853049,-0.213382410799108,0.788982386397505,-0.809090985852136,2.60951440301956
1252,14849,"p8","m3",-0.0605712970829386,0.34814295011329,-0.619841844823337,-0.25419543894212,0.580003006418149,-1.35464800015261,2.64579039154854
1253,14867,"p8","m3",0.0963385064358367,0.397228417403618,-0.343582209235956,-0.155073694266709,0.732344235117983,-1.07835779029273,2.06085207281781
1254,14906,"p8","m3",0.0144443456555662,0.45254593944389,-0.544225019767299,-0.2869908877029,0.688064655141048,-1.65995471706779,3.03707108444673
1255,14912,"p8","m3",0.100066079573017,0.381102413560085,-0.413835269452841,-0.279642182835425,0.761641255105587,-1.18145501891218,2.28656305578999
1256,14931,"p8","m3",0.0415800644675928,0.446808779909639,-0.534815186326922,-0.238424092276365,0.716015426376282,-0.815986212802502,2.80875808070076
1257,14933,"p8","m3",-0.0041725174540177,0.379376193692086,-0.561580586173698,-0.261029375524609,0.642855839547099,-0.876103020910677,2.91270976791484
1258,14950,"p8","m3",0.0193805993153529,0.45732527221481,-0.510147558703553,-0.21655735252915,0.722394874074064,-1.38709859968076,2.68160550300553
1259,14962,"p8","m3",0.0502317502475515,0.559115887576103,-0.579964930204915,-0.199813340279508,0.657920243162199,-0.817678158130806,2.76066929921741
1260,14965,"p8","m3",0.00887102779837149,0.431982921657077,-0.526946296746032,-0.259894696968013,0.7497316492716,-1.17030502649668,3.04662908149088
1261,14973,"p8","m3",-0.0419312053822242,0.3389118383348,-0.562587882255709,-0.356264010077471,0.66598229368613,-1.06383598591574,2.79737900053159
1262,14981,"p8","m3",0.112231223003098,0.468583629595331,-0.484868108621507,-0.194307415580392,0.902859066116371,-1.34394410825734,2.74024995020488
1263,14995,"p8","m3",0.0140837158831779,0.438866735729527,-0.478261751376214,-0.208221424037695,0.682689667102426,-1.4017914697662,2.48884497068361
1264,15008,"p8","m3",-0.00030895059401524,0.433830659119417,-0.601215233749761,-0.230344266957895,0.677213268006827,-1.12118092685634,3.05619514677769
1265,15012,"p8","m3",0.018145082558012,0.579916946788691,-0.49464131479156,-0.199793644347371,0.652453869611354,-0.945607568378015,2.53294596771921
1266,15019,"p8","m3",-0.0715570277853728,0.386322905221885,-0.489054816051562,-0.272094570163126,0.65859783009404,-0.725866992299803,2.93584376173387
1267,15023,"p8","m3",0.0647057992612991,0.34757786967761,-0.416239014316391,-0.208769394805179,0.73802756983193,-1.16857641114174,2.43301277992212
1268,15026,"p8","m3",0.0251567643005253,0.562657210756439,-0.460375371875214,-0.294445978828604,0.690877157315058,-0.757704926145446,2.53334079012673
1269,15027,"p8","m3",0.0639047087336589,0.441452734221667,-0.551722004717581,-0.238221779223436,0.708134773170409,-0.982854090309866,2.74492820069851
1270,15048,"p8","m3",0.138723877668925,0.389298501185068,-0.41788369367712,-0.215353106044425,0.761931152922288,-1.41289638573625,2.65294930582712
1271,15051,"p8","m3",0.0500691559838852,0.534318115076215,-0.484614288160849,-0.249532916092051,0.739036397060729,-0.813362215825943,2.59761344872437
1272,15076,"p8","m3",0.0247365165240008,0.493743869947678,-0.496995373491114,-0.17822571537627,0.676810201238958,-1.09544777299145,2.6583323774196
1273,15079,"p8","m3",0.0391165699667398,0.518830053929206,-0.598753131407784,-0.169350534066113,0.684956879126484,-0.664826554178499,2.75951690905009
1274,15084,"p8","m3",0.00464808938871008,0.556557479428511,-0.491317465070708,-0.108370940381285,0.659025019441522,-0.494319347583158,2.78230077703484
1275,15104,"p8","m3",0.0662023683280019,0.395152159347106,-0.469244408478158,-0.304893100443802,0.697863975648517,-0.978272864808191,2.45932326610545
1276,15146,"p8","m3",0.00611417282999393,0.43703536407474,-0.430488321418207,-0.191474587774417,0.75781272927795,-1.24024867614757,2.53426983414474
1277,15181,"p8","m3",0.00837244665371867,0.406090335096795,-0.530831379715217,-0.124000018332215,0.693808266432278,-0.925541279382145,2.70416724725182
1278,15194,"p8","m3",0.0966101669440025,0.60774309961909,-0.48445776002452,-0.119622827159006,0.756218215140303,-0.455603007658164,2.43394868729298
1279,15217,"p8","m3",0.0520301402084064,0.542554887070541,-0.503379018742577,-0.217235786270129,0.764609882784567,-0.73047529963392,2.66887720588962
1280,15227,"p8","m3",0.00932145037611721,0.521626578085962,-0.525722262349694,-0.357880132012562,0.694449896052194,-0.666047289788783,2.88183493853435
1281,15271,"p8","m3",0.0660498911139815,0.687790871531987,-0.473808532120981,-0.247905396249898,0.742847910002273,-0.735143484692268,2.31136478633142
1282,15275,"p8","m3",0.0368023218719519,0.373349749868582,-0.514224147965712,-0.265429335986409,0.709982793465358,-1.17250220212025,2.67948668789008
1283,15278,"p8","m3",0.0144451185266937,0.566962491229773,-0.646514739852347,-0.201314800469033,0.682807606025989,-0.814417469970891,2.86423803713647
1284,15281,"p8","m3",0.0503215794990813,0.440508399086982,-0.472286917883173,-0.141069319899712,0.727537464180119,-1.01843641517731,2.54130155569627
1285,15305,"p8","m3",0.0949252469193172,0.341483717716097,-0.467551351653841,-0.160407717434015,0.812951796903739,-1.04132985505733,2.3939500265304
1286,15309,"p8","m3",0.0312980353184063,0.368477200807405,-0.504834788843969,-0.314638692602963,0.746866383180057,-1.16768715493226,2.6518518695983
1287,15319,"p8","m3",0.086568064691749,0.517648398277095,-0.470397526091335,-0.240802614751744,0.761232059303802,-0.588143436094483,2.40112071155904
1288,15331,"p8","m3",0.0858219650447685,0.486509269419228,-0.378477385364359,-0.232791179858824,0.713636727062499,-0.955976619760947,2.3010999257055
1289,15337,"p8","m3",0.17427305522698,0.545504888156914,-0.384386509281158,-0.267360451580888,0.824019344470198,-0.818570903352697,2.21134667695156
1290,15348,"p8","m3",-0.010659185379238,0.301296049860218,-0.49478590111387,-0.291110311115012,0.703509546774617,-1.43022133859887,2.71501527497386
1291,15352,"p8","m3",-0.00480273041922074,0.420548422867288,-0.605065794219961,-0.249952988406171,0.700791052398991,-1.05855556911649,2.80564570119605
1292,15353,"p8","m3",-0.00516748050196278,0.447177368079834,-0.530545694119905,-0.266304855100806,0.661703088342199,-0.991803689892076,2.56452610638919
1293,15373,"p8","m3",0.0157426210501468,0.529862911769891,-0.583846686201857,-0.226029182165003,0.647464568565902,-1.1038361985925,2.78588213554851
1294,15391,"p8","m3",0.0956490903173779,0.5008447904953,-0.493606038525421,-0.310016827537905,0.816097323135448,-0.879671394062494,2.51824806842972
1295,15394,"p8","m3",-0.00441909167863462,0.425747986050921,-0.48499434278421,-0.176595123437683,0.703130897808592,-1.11868725663358,2.40959785481232
1296,15404,"p8","m3",-0.0298106752476065,0.340294423097614,-0.459070097020071,-0.266174978834843,0.715222816104839,-0.778816614309285,2.55969779556154
1297,15413,"p8","m3",0.0681935086147938,0.571918821908143,-0.530244319965335,-0.193225711256914,0.691961641366212,-1.12716521429288,2.77261170186324
1298,15424,"p8","m3",0.0116578136120905,0.505784752351931,-0.560286276592921,-0.182494498896655,0.680638949539507,-0.599546135997931,2.81871813924399
1299,15430,"p8","m3",0.0877829523570449,0.44606554149866,-0.374029458669383,-0.180663199960268,0.809858396305141,-0.794712829972321,2.43499494630708
1300,15448,"p8","m3",0.0847675813655178,0.49773310195244,-0.449412115071971,-0.258197070745508,0.751172246117942,-1.13096157240144,2.40821456159616
1301,15449,"p8","m3",-0.0428516084187664,0.485802723032895,-0.560098901526656,-0.232329214064685,0.620738833718466,-0.814777610040917,2.67882343885099
1302,15451,"p8","m3",0.065421378235001,0.445606283268297,-0.495673638014055,-0.266771131740417,0.717313472625507,-1.76852780896821,2.49044385515324
1303,15452,"p8","m3",0.127705768217654,0.466363280801153,-0.361927258314559,-0.192650688126407,0.773932358344641,-0.740587907645344,2.25401362528499
1304,15466,"p8","m3",0.0561765809852843,0.531456687333524,-0.517084124362129,-0.44952632825749,0.842279300991481,-1.53716334148055,2.80349635991906
1305,15471,"p8","m3",0.036406114804788,0.406122142646902,-0.552419065719214,-0.139317890265081,0.755756885463639,-0.819047636856448,2.97492619096952
1306,15508,"p8","m3",-0.0735401734373406,0.421914267874209,-0.484279617634256,-0.233973513264727,0.597389249319251,-0.732186014891311,2.69166804852587
1307,15532,"p8","m3",0.0650334430695606,0.357723753789429,-0.424705641290971,-0.194998697699064,0.767084046593631,-0.651426201643457,2.55368565291291
1308,15539,"p8","m3",0.113260116407752,0.42705370142238,-0.39211496849833,-0.140371737377154,0.776168914046273,-0.95360747377979,2.40031124134507
1309,15548,"p8","m3",0.0522144641346238,0.493683654815013,-0.522112073860638,-0.245807031399519,0.690782607171333,-1.35291197851249,2.63677905926804
1310,15553,"p8","m3",0.104983044475469,0.328126871876393,-0.447927923193782,-0.215044447246268,0.74248889729714,-1.51226629017668,2.44546342378683
1311,15581,"p8","m3",0.0715686843076929,0.381208023357725,-0.549514676712567,-0.28987432278588,0.77282050781562,-1.66430687394604,2.88068754800798
1312,15594,"p8","m3",0.00905734372439261,0.277685388744155,-0.572836937057235,-0.212918602140439,0.66929273927926,-1.31094997186034,2.96670823167379
1313,15595,"p8","m3",0.0643262198370789,0.660401796774047,-0.492797752849142,-0.0885152416685859,0.779088222127592,-0.435772002461644,2.42076859276541
1314,15604,"p8","m3",-0.0173386524039874,0.457354560414444,-0.588444711028441,-0.258745319827692,0.668450562882954,-0.986442703903271,2.97109818745077
1315,15609,"p8","m3",-0.0520629680471627,0.319340332591821,-0.592758047140227,-0.25053275672327,0.630796157450401,-0.951738207776724,3.0247550458503
1316,15623,"p8","m3",0.000664727170847592,0.548040033945283,-0.538531696358383,-0.27737648241187,0.678714896386818,-1.19731470693054,2.86762162900995
1317,15624,"p8","m3",0.0469704675386268,0.489495693607321,-0.419522602222444,-0.17381303524046,0.707381390551609,-0.77670646355084,2.48903221262707
1318,15628,"p8","m3",0.0437240493698175,0.538066552119611,-0.473385212328501,-0.259476768889483,0.823146442375226,-0.792120700916713,2.39669046923696
1319,15640,"p8","m3",-0.031730074533913,0.285078004221411,-0.497992559217108,-0.174912324485273,0.630026241207025,-1.07191324123675,2.40018603808659
1320,15649,"p8","m3",0.0348726733862605,0.373369052861871,-0.461605673420159,-0.171636277250127,0.739384831504166,-1.40034988622072,2.60042309947957
1321,15665,"p8","m3",0.0985098348170266,0.492402196232446,-0.426508610593334,-0.0962734061966846,0.759295915627207,-1.28930340387525,2.52768385362283
1322,15677,"p8","m3",0.00991283050167538,0.457907714319621,-0.53039915541422,-0.159851354280453,0.758088229795236,-1.56727419661054,2.86814552618946
1323,15692,"p8","m3",0.00769482188771311,0.460677671208835,-0.614826611600808,-0.307174483712456,0.670480064182085,-1.4260041094585,2.96924571941331
1324,15700,"p8","m3",0.158443659024617,0.440314198307895,-0.455879932985644,-0.16637975858975,0.763578410293774,-0.920004129628753,2.71431578958836
1325,15716,"p8","m3",0.0310818091625372,0.338449100702766,-0.506781317029395,-0.125260352336228,0.690275899405729,-0.913191268189334,2.40286932727761
1326,15753,"p8","m3",0.125526801699649,0.430616100833297,-0.451953601775408,-0.266631277628033,0.86501249788055,-0.797388378662596,2.65782124051341
1327,15766,"p8","m3",0.0306781346481391,0.445911097543252,-0.580925539268036,-0.380923029305538,0.711378675493457,-0.792958510841125,3.06092720789517
1328,15768,"p8","m3",-0.0127658109885903,0.37690116675377,-0.517126962364247,-0.307384435083349,0.706152890608919,-1.12236998424431,2.68175428475276
1329,15786,"p8","m3",0.0346746935568191,0.56553536799027,-0.516116966452766,-0.0799466652571677,0.700561283257204,-0.742335340549126,2.23971694986801
1330,15796,"p8","m3",0.0568292898215756,0.507979252128017,-0.492918868131847,-0.232105790323438,0.725218490687677,-1.41978009120048,2.49935560392874
1331,15835,"p8","m3",0.00152920019032201,0.445276113570434,-0.563870026229005,-0.181536523673568,0.679789403344005,-0.81945093235802,2.75243501774214
1332,15841,"p8","m3",0.108391566600177,0.41566918615357,-0.511488876303633,-0.29418986722906,0.727796107146664,-1.11040653770119,2.69117340225784
1333,15845,"p8","m3",-0.0068190359658827,0.395922598892514,-0.519434468986114,-0.286631130056708,0.693132241446261,-1.48899526020452,2.78170144196886
1334,15856,"p8","m3",-0.0205632564363327,0.351865956161362,-0.560867039250204,-0.346904769272486,0.718030445945632,-1.18370192104033,3.10329314197901
1335,15865,"p8","m3",-0.0727286938614156,0.463560116469828,-0.611035227825266,-0.172121218722133,0.649337993310266,-0.653494836773606,2.93987875162823
1336,15877,"p8","m3",-0.0169965458700388,0.575046721665047,-0.55251276798132,-0.0777994573162352,0.607810989104121,-0.812819572271942,2.64541077623359
1337,15883,"p8","m3",0.0710205364366708,0.518552927955986,-0.413023573128849,-0.178465279511237,0.760552010028668,-0.902007374825621,2.4678258459619
1338,15891,"p8","m3",-0.0428226106696051,0.523719444527877,-0.567871820926547,-0.2630786547514,0.708298540614418,-0.89039755337411,2.99132036917573
1339,15892,"p8","m3",-0.0283824057884585,0.406350410184073,-0.509698119117137,-0.257796778263176,0.677673066902989,-0.825111529547397,2.80075310430716
1340,15895,"p8","m3",-0.0381741634331926,0.559829980870603,-0.555585293523937,-0.251690790886426,0.702580136825161,-1.14455284666162,2.85475861687151
1341,15911,"p8","m3",-0.0184851870008671,0.375807037237458,-0.533467760303452,-0.274030128064357,0.695721264906534,-1.26512310181276,2.91431830357421
1342,15912,"p8","m3",0.00226101545921178,0.443107022082654,-0.588084564683082,-0.197002930241393,0.668861096282682,-0.659970617719652,2.8688686542788
1343,15918,"p8","m3",0.0213002565202009,0.386451251047749,-0.494395559071281,-0.275635571094287,0.731643935258404,-0.989923709213733,2.75201031732886
1344,15932,"p8","m3",0.0806812673500484,0.442287010256409,-0.465787126816456,-0.24324708840478,0.764312876273722,-1.54767890058187,2.50112059470509
1345,15945,"p8","m3",-0.00403787198666031,0.462998552280939,-0.387397966377189,-0.213490547300108,0.805510346575054,-0.950371474489037,2.34784040604284
1346,15950,"p8","m3",0.000481860397071217,0.538684986670219,-0.549576187821364,-0.226831517403419,0.652829869511131,-0.670525414454575,2.96395181617494
1347,15964,"p8","m3",-0.000548459602042463,0.410279392432559,-0.652478218392247,-0.325202861989812,0.711933897220205,-1.78838713034785,3.20054088755766
1348,15966,"p8","m3",-0.0770482736539471,0.575044724235436,-0.555080557801313,-0.173353241916862,0.640312602763838,-0.726182623934886,2.70991613061772
1349,15988,"p8","m3",0.0193501049507744,0.511643508940148,-0.498744227759348,-0.209053387168321,0.717329753853768,-0.897284520437937,2.76139662116644
1350,15995,"p8","m3",0.103021885018859,0.441048789063693,-0.37292816540402,-0.284257651363406,0.834954112193592,-0.938351636317919,2.45499785907433
1351,16005,"p8","m3",0.0733795825799561,0.498743735767953,-0.465752766149896,-0.186073103391886,0.746201493536689,-1.48348169594919,2.47001408624372
1352,16006,"p8","m3",0.0431938210738426,0.492655584316261,-0.530009669158074,-0.343593137151792,0.701553839686543,-0.742832223068863,2.72080123745158
1353,16009,"p8","m3",0.0040471689818524,0.32504552228424,-0.407836562295628,-0.215964043246318,0.66217846658404,-0.824898482362464,2.31303083660263
1354,16017,"p8","m3",0.132072808662845,0.496865251615411,-0.488701955427946,-0.199908513841971,0.772766188298764,-0.780894764009131,2.51976023335168
1355,16023,"p8","m3",0.112180128943274,0.39999489453644,-0.369093514025737,-0.155913163370434,0.775686906224758,-1.03261879043141,2.28854792669863
1356,16028,"p8","m3",0.122064868316995,0.494182696638711,-0.421159692952013,-0.0949386734281927,0.83241453775362,-1.1682147721927,2.20011393623716
1357,16032,"p8","m3",0.0118483263719533,0.540896044411941,-0.549764234970698,-0.292001884607812,0.698330605681397,-0.956601246568052,2.89722275143536
1358,16034,"p8","m3",0.120248641976361,0.548724637088133,-0.394323130921683,-0.109699382730716,0.81364547439863,-0.746555154430084,2.24228904474803
1359,16038,"p8","m3",-0.0297208186957313,0.424404954027136,-0.501953308963704,-0.315340001994054,0.607800615455149,-1.09836180824179,2.55741629657821
1360,16045,"p8","m3",-0.0344325400246863,0.322101041973601,-0.579646052225731,-0.381061074328677,0.635643591077542,-0.880884686626462,2.82933963406739
1361,16046,"p8","m3",-0.0241536728067763,0.332492846274246,-0.455366292779345,-0.273756359306595,0.768016661751447,-0.994452396021271,2.67076111200272
1362,16047,"p8","m3",0.017265508639539,0.386896778398418,-0.464936150795389,-0.225217704292441,0.658876101346634,-0.684657896771819,2.83979093996603
1363,16050,"p8","m3",0.0154161427480673,0.374551778787845,-0.538675923819634,-0.229502285207056,0.59188712574277,-1.40608130574257,2.90747914764772
1364,16064,"p8","m3",-0.0273708598049392,0.457290371851948,-0.575478340564466,-0.23463336954871,0.666863963991574,-0.851042069910562,2.68046400897302
1365,16076,"p8","m3",0.130674041191612,0.25722036070974,-0.438219633988069,-0.207514009452761,0.740573810982307,-1.59657422067318,2.406387655593
1366,16077,"p8","m3",-0.0529650087567263,0.457398454654306,-0.638779580424055,-0.281577380249862,0.645805489243181,-1.06926818537027,3.10901827099961
1367,16116,"p8","m3",0.0459160287994027,0.543466591319376,-0.531886244438296,-0.168821650585985,0.73126634877316,-0.637462317990588,2.71958087014264
1368,16139,"p8","m3",0.057552247308144,0.447474395107719,-0.477175217802891,-0.215512361825198,0.791402970802832,-1.32424928412738,2.38487556769554
1369,16159,"p8","m3",0.00531251389856252,0.438985670570642,-0.625844698532177,-0.23124591777336,0.699828084845698,-1.06286866635616,3.01295397469839
1370,16197,"p8","m3",0.062719243912143,0.571141896073012,-0.483713194669708,-0.193007750726392,0.772705469829941,-0.607825666103554,2.52470451363933
1371,16202,"p8","m3",0.13488016967177,0.365101659701732,-0.406898312479991,-0.147604378631354,0.794804945112164,-1.07465620581738,2.55824943269934
1372,16219,"p8","m3",0.0822902787029052,0.376907211429467,-0.404304096564913,-0.206167870343586,0.804670771343673,-0.769046744443716,2.42225918092395
1373,16220,"p8","m3",0.0192339808042357,0.504695814991725,-0.604636900014955,-0.206085586268625,0.705084576592392,-0.500969839070816,2.60633272412434
1374,16221,"p8","m3",0.0582063052839368,0.428640513977235,-0.50866944485175,-0.123032465489084,0.733795638758981,-1.08501815651593,2.45014943334501
1375,16265,"p8","m3",0.0834267581954056,0.317788863727306,-0.473863470417689,-0.248075115373178,0.716034819066489,-1.35033590063229,2.62440558102194
1376,16268,"p8","m3",0.00855002339350086,0.475079439718092,-0.564208448925774,-0.21581279792453,0.75999043907217,-0.793666417895272,3.04001813385523
1377,16272,"p8","m3",-0.042085345727083,0.440328866538839,-0.533956877870992,-0.260734571417665,0.716244579371691,-1.13463378913613,3.01058591745544
1378,16300,"p8","m3",0.0523218291159826,0.505157612107391,-0.398348106202077,-0.284310183761801,0.812761177734338,-1.21813678750025,2.20979857519194
1379,16309,"p8","m3",0.00450388396783767,0.448544066467195,-0.542337365803171,-0.341456960049707,0.686559644194872,-1.38145713093693,2.78653218973345
1380,16313,"p8","m3",0.00715734796610594,0.40227457181568,-0.421310755645623,-0.160778743846283,0.667396174066219,-0.696259181582663,2.6118664940551
1381,16325,"p8","m3",0.013885945505813,0.537607310464389,-0.44807379407435,-0.254993195673565,0.69555165605687,-0.910634328640028,2.91441789074968
1382,16338,"p8","m3",0.0762603262192065,0.415016176153733,-0.444019873723193,-0.276293044399724,0.743670465694773,-0.833138047307224,2.59273792853957
1383,16349,"p8","m3",-0.0232270736655047,0.316503214706697,-0.565377689663719,-0.214584505085067,0.668892351534601,-1.1938961041752,2.7476699194306
1384,16353,"p8","m3",0.0310559403462837,0.373082034916197,-0.424483643672508,-0.146544680646023,0.716636058156687,-0.806772501152469,2.52602490951545
1385,16364,"p8","m3",-0.0399675640602846,0.466633149519581,-0.514930884030348,-0.154307919073253,0.646499516987137,-1.08785441266901,2.67452892471628
1386,16377,"p8","m3",0.0183452418061628,0.322133733316676,-0.591082071961914,-0.334183638234199,0.68269736864238,-1.14162670050833,3.01364744699045
1387,16409,"p8","m3",0.0675868102638473,0.509957322587232,-0.589854574899642,-0.243644562268312,0.655130391434994,-1.23044898803717,2.70072244678027
1388,16417,"p8","m3",-0.0258754911668224,0.549109028788884,-0.531817564601099,-0.198899722007488,0.73309393535044,-0.787485322280568,2.69474663101573
1389,16432,"p8","m3",0.123956322019312,0.324242398039552,-0.407202442693268,-0.141504329779431,0.795512085915395,-1.17653218344116,2.35485073066158
1390,16436,"p8","m3",0.00814123522456301,0.562886468535383,-0.549546376778505,-0.245203900044747,0.695003805233659,-1.04118875490126,2.67606677994807
1391,16454,"p8","m3",0.031054529053409,0.434661621009694,-0.417228337738137,-0.275147402593672,0.765851248158857,-1.49742356254585,2.44934508710607
1392,16476,"p8","m3",0.145415457178012,0.523433912108563,-0.354351803530669,-0.136989484135755,0.868526859184328,-1.17381855910791,2.17913653368905
1393,16484,"p8","m3",0.0923507855711223,0.412123677927932,-0.408185319309124,-0.215912639309187,0.836803923304532,-0.806587705676047,2.38803584368192
1394,16488,"p8","m3",0.019986392709866,0.524722390415919,-0.638054286151332,-0.281091305239092,0.618564969639757,-1.214564149085,3.25237550777493
1395,16494,"p8","m3",0.00806001265184391,0.580600138402973,-0.544875130465498,-0.133357211330211,0.657722871638006,-0.467768221818862,2.47009098249359
1396,16495,"p8","m3",0.0146342343290389,0.437683559650911,-0.559598444277619,-0.374209122459989,0.696853145784224,-1.79434763504201,2.68491575175456
1397,16505,"p8","m3",0.0212410097844,0.298930684467368,-0.574471716887795,-0.158549582802063,0.678769461553503,-1.26220594333729,3.0600691672375
1398,16515,"p8","m3",0.0671619366374032,0.533142149159034,-0.447521590171812,-0.328007245631498,0.732100287562758,-0.780123037220631,2.58135395150258
1399,16520,"p8","m3",0.075314701540405,0.430656860784644,-0.520240888596652,-0.174877718529117,0.764535630296311,-0.873930901787569,2.57142098302366
1400,16523,"p8","m3",0.0202362800909743,0.433551280957568,-0.52502761096018,-0.265323894488427,0.704224793642364,-0.87368219494505,2.70959477150527
1401,16528,"p8","m3",0.123991478594217,0.508427185838395,-0.448170854937113,-0.241194142013592,0.697577368309306,-1.22920913386497,2.41994507076535
1402,16530,"p8","m3",0.0873481034541984,0.475828249324856,-0.336259953999423,-0.311606433808936,0.742833133484742,-1.21397680685905,2.23956835297758
1403,16551,"p8","m3",0.0962077526275104,0.460745668293609,-0.45471455775721,-0.247323840682051,0.823952121542561,-0.819688277728448,2.66110359143206
1404,16552,"p8","m3",0.00990764480303514,0.407782697941797,-0.560043158030041,-0.372650914293423,0.725125766084007,-1.04829749615336,2.89514798421278
1405,16562,"p8","m3",0.00649389166145372,0.367118572989048,-0.362824247554096,-0.221196512089116,0.767993408509983,-0.966180859040181,2.38867438550891
1406,16568,"p8","m3",0.118629702766124,0.544639165932267,-0.40807560185166,-0.226340634953253,0.848918400797939,-0.604751224017751,2.63903428380294
1407,16577,"p8","m3",0.0112808834742473,0.474978843830384,-0.498546843368697,-0.245640485535355,0.662567613610302,-1.39170633835622,2.50581347406357
1408,16578,"p8","m3",0.103850095347246,0.488380970770866,-0.39035041389519,-0.226894398169626,0.780332936118235,-1.09056962375964,2.32007662392747
1409,16593,"p8","m3",-0.0416174187916896,0.599483319031389,-0.442447057450401,-0.193289436496402,0.738172296553032,-0.793704263142835,2.43726778671656
1410,16596,"p8","m3",-0.0713591586559496,0.466598985680725,-0.562844750546143,-0.309208157876607,0.613519428986902,-0.924918641019613,3.07246821397907
1411,16598,"p8","m3",0.0585590447600706,0.428488472543996,-0.404635495809757,-0.195775702785787,0.820829173212269,-0.616047125499407,2.54002523342633
1412,16617,"p8","m3",0.0885247594007802,0.580987859822563,-0.460861209720028,-0.109634430894621,0.799056007438435,-0.699508411478188,2.295632468074
1413,16618,"p8","m3",0.108796684633825,0.406211625226703,-0.600239894901931,-0.279075037661042,0.740995108301919,-1.06973372672586,2.80423284354861
1414,16623,"p8","m3",0.0453488488992062,0.545970133906244,-0.493585885610708,-0.19179686588401,0.813742813267961,-0.549299228858632,2.54653195122449
1415,16628,"p8","m3",0.140647370420714,0.446331332226988,-0.379974018163533,-0.209220877351436,0.726151128605261,-0.825742220315551,2.15024495283966
1416,16633,"p8","m3",0.0512650351010438,0.286549557738142,-0.581370657468424,-0.307653889307313,0.755232016363513,-1.70116646696923,3.02346335507173
1417,16638,"p8","m3",0.0380731083943874,0.599784232938883,-0.4670064162323,-0.196266388632494,0.699838312442753,-0.903526657032175,2.66534525516357
1418,16657,"p8","m3",0.0759255372778281,0.534299604710425,-0.452256697826791,-0.13327705229506,0.658020906690734,-0.905260039478622,2.24147965280405
1419,16661,"p8","m3",0.0287427627336901,0.317813797205565,-0.572617167515087,-0.322897064764973,0.759324426270786,-1.51036113581601,2.82484214129538
1420,16667,"p8","m3",0.0737581690610789,0.468203509997546,-0.418898052981418,-0.0781041152641018,0.755928502698602,-0.495222266903222,2.54508946768279
1421,16673,"p8","m3",-0.0133292649987098,0.471067773917495,-0.642986737615282,-0.395711620571519,0.660340021232498,-1.66320694844431,3.169582905806
1422,16687,"p8","m3",0.0167120440509474,0.401891351330674,-0.578046830884891,-0.225851681920736,0.645295004323643,-1.07758180262259,2.79797436878071
1423,16695,"p8","m3",0.0713839243648767,0.478959500648961,-0.491053889066242,-0.384517246557738,0.759389336235156,-1.45345240242378,2.60951601861378
1424,16704,"p8","m3",-0.0100778604768196,0.428076554179327,-0.593287177362818,-0.304282625093353,0.665558828290113,-0.635899754490743,3.00521229229587
1425,16719,"p8","m3",-0.134197707063624,0.529742789089995,-0.653537391721887,-0.273246509106134,0.686595199698596,-0.649081321098034,3.04323796904687
1426,16752,"p8","m3",0.0820394176707058,0.375425228159026,-0.452644487736764,-0.250092798621557,0.748074101203137,-1.26213410655304,2.66299325216763
1427,16774,"p8","m3",0.0675744818298815,0.367632756298964,-0.52602616390796,-0.262241388893229,0.728711529373918,-1.54867219655276,2.98845070348039
1428,16776,"p8","m3",-0.0309531627018572,0.378697056816579,-0.575922781006378,-0.24614985977873,0.691026828870784,-1.16778372208282,2.7729872584372
1429,16784,"p8","m3",-0.0628029173965076,0.473526627901042,-0.628872862574063,-0.256690819650448,0.658679441161221,-0.82202247357777,2.74911063424234
1430,16791,"p8","m3",0.0515591803609977,0.276658658101356,-0.46316793584018,-0.216028176767593,0.765578264784964,-1.23100420647357,2.73089508141659
1431,16792,"p8","m3",-0.0566825995957906,0.557088541756852,-0.670617118621723,-0.321956826175001,0.583709519295749,-1.13897773283963,3.12360842483639
1432,16818,"p8","m3",0.0149741215045095,0.46619988384507,-0.5836113673026,-0.255469126775524,0.66553664832967,-0.712187721553217,3.11484694199682
1433,16864,"p8","m3",0.178085871757035,0.564825905490266,-0.434367928785061,-0.0812810637919387,0.856090886492671,-0.896876773426662,2.33206033526017
1434,16869,"p8","m3",0.023132412478129,0.66620072849314,-0.475445780696569,-0.200508226224732,0.73070023784135,-0.626568511646866,2.40245112934522
1435,16879,"p8","m3",0.0221401162647542,0.422184731680312,-0.486698692680095,-0.261698171314115,0.770495925081837,-1.42592989192585,2.6194699327672
1436,16883,"p8","m3",0.00107680187130996,0.552278678910562,-0.487715382127102,-0.277661416419179,0.755903915495664,-1.00624510391645,2.82630391907079
1437,16884,"p8","m3",0.031948596508073,0.383533344269081,-0.430041006232364,-0.283098994856351,0.755790303006677,-1.1291163917232,2.8670296541641
1438,16902,"p8","m3",0.0786886789371165,0.356144692739814,-0.497153132425244,-0.208949975417006,0.76250314458168,-1.15720500960139,2.67001341722945
1439,16903,"p8","m3",0.126497511980524,0.449930621500026,-0.397899060756989,-0.222342136382834,0.837571830487636,-0.993295596241103,2.38599889693972
1440,16914,"p8","m3",0.0945204961089772,0.480596045487874,-0.460118312879976,-0.119157636547546,0.771072494850181,-0.921577460015224,2.33153125415208
1441,16934,"p8","m3",-0.0129390936251127,0.360503175641699,-0.479357313313339,-0.343154539267682,0.700742589591456,-1.12640795830696,2.43246371150352
1442,16937,"p8","m3",0.0433450339600197,0.551533737304454,-0.400484541418581,-0.174586517813948,0.716170424596375,-0.886058569496609,2.37368455991412
1443,16949,"p8","m3",0.0871746292907194,0.450006232556919,-0.526687826543655,-0.246746431157156,0.789288718574288,-0.930071314233065,2.87949173996438
1444,17004,"p8","m3",0.0792797367664419,0.607463928930311,-0.48312265192838,-0.186712212033052,0.778627582490805,-0.823197532688771,2.66464460233291
1445,17013,"p8","m3",0.00993069406019173,0.538182184755663,-0.384402200632924,-0.153684925988866,0.714113667598152,-0.818027070495343,2.41785278661105
1446,17014,"p8","m3",0.0751342775080638,0.546417073133167,-0.515855664391582,-0.29552398308944,0.808068317223945,-1.51456697589494,2.74800818962423
1447,17035,"p8","m3",0.0142012013530569,0.437295058918242,-0.469029905785045,-0.122425389446208,0.695344741343187,-0.845184065713184,2.54322659167432
1448,17037,"p8","m3",0.036115471480283,0.552806794424347,-0.5813806944585,-0.263531405040507,0.790954690123454,-1.06236395157158,2.94444002806606
1449,17068,"p8","m3",0.129669014083706,0.603185797588277,-0.428851596270935,-0.317620958353164,0.81924698076399,-1.71458188686918,2.3507592622664
1450,17077,"p8","m3",0.0305584891315507,0.54894465955298,-0.553931389565246,-0.216502524186181,0.712488587483676,-0.657725077365512,2.7228432646817
1451,17078,"p8","m3",0.104909817849051,0.361292276492668,-0.463449103949938,-0.34131363175271,0.792105588542405,-1.4563083837544,2.45754252148761
1452,17093,"p8","m3",0.000338858111805979,0.38753902308522,-0.45767460586646,-0.261406012618812,0.669620576948086,-1.00458722703967,2.69767551419606
1453,17098,"p8","m3",0.0314614405869671,0.480817336980961,-0.526459622181408,-0.297424287671107,0.70803147661134,-1.18055450595254,2.60930776721514
1454,17101,"p8","m3",0.0449669469204026,0.499680676206971,-0.464731597456854,-0.264009550848154,0.740690543668599,-1.3117286730415,2.46482855060053
1455,17106,"p8","m3",0.154177211689479,0.478627281556354,-0.469399971014462,-0.137389675393178,0.835293917172066,-0.457260537514872,2.49625807606704
1456,17113,"p8","m3",0.0802814773594151,0.197250959438799,-0.597969704823181,-0.310726075008106,0.656933520492586,-1.15500703287384,2.96625448284863
1457,17120,"p8","m3",-0.000822368946548653,0.426643176366236,-0.541951477956767,-0.297804238522327,0.700522673377242,-0.779627721465668,3.08108446479789
1458,17124,"p8","m3",-0.0402176546596584,0.484987993219531,-0.617609574297223,-0.366618438118497,0.715736914283563,-1.20610219464702,3.30045287304221
1459,17134,"p8","m3",0.0735085410837397,0.46058518388205,-0.433965641906786,-0.182288615680926,0.781413594833138,-1.32054821263696,2.38716154589491
1460,17159,"p8","m3",0.0755384309438749,0.505608056720861,-0.497113196554242,-0.214861006667175,0.741597287274556,-1.04340845188228,2.32259243198121
1461,17167,"p8","m3",0.0205182491540883,0.616694936700731,-0.550059641214138,-0.134737652744636,0.666824209827104,-1.2460940021171,2.89472905419535
1462,17193,"p8","m3",0.0168112284186248,0.512546945354624,-0.515274656843681,-0.294133523423588,0.679409911996088,-1.25579751372045,2.7697146708957
1463,17197,"p8","m3",0.0238915024307303,0.315972729271482,-0.571352753959342,-0.252105903367613,0.748155775811111,-1.14073429858205,2.89120743107368
1464,17199,"p8","m3",0.0868367330948363,0.497790098708172,-0.499607831241743,-0.299403866517729,0.749847887613568,-0.749788877288268,2.59521898102252
1465,17214,"p8","m3",0.0273353581097024,0.54307624473061,-0.579003272323589,-0.154315573262907,0.605132565585781,-0.69234024003924,2.88304627625716
1466,17215,"p8","m3",0.0309419081538165,0.469317606163895,-0.5479092859053,-0.230193095003384,0.77286462922224,-0.673082331444622,2.83096476573778
1467,17241,"p8","m3",0.0229442142633186,0.299694228416401,-0.564042334376693,-0.260050260578101,0.621832999128083,-1.61801611562842,2.51983023324464
1468,17249,"p8","m3",0.112660572503687,0.239172625386208,-0.424348960393086,-0.310521563468396,0.751477490368417,-1.52897923578117,2.48685154659008
1469,17261,"p8","m3",0.0402567875448633,0.446937873024031,-0.489745316636668,-0.221308837628036,0.720993697273523,-1.05288792047989,2.53690624634276
1470,17262,"p8","m3",0.0096283211113634,0.390269380497591,-0.519643178595266,-0.264269931717695,0.702450248102531,-0.943409550362218,2.81315820055515
1471,17269,"p8","m3",-0.0438415602100932,0.517635591031337,-0.501532340634117,-0.142713469120361,0.683984471862895,-0.928551198796752,2.72589059083397
1472,17277,"p8","m3",0.0562964247212559,0.519944466455036,-0.524693771481693,-0.283380853276904,0.681305309545933,-1.81749365683915,2.85168489404145
1473,17287,"p8","m3",0.0602996230577337,0.365698205440988,-0.553382412700781,-0.00584548688847268,0.744904269206585,-0.757082392315586,2.72939609198065
1474,17294,"p8","m3",-0.0756873148926374,0.329090069850761,-0.611558512297125,-0.302612309304933,0.646906636537423,-1.21785779523154,2.93035196420686
1475,17302,"p8","m3",-0.00493201598874533,0.405137463991674,-0.622112014712895,-0.187679638550212,0.638671065765637,-0.755705047096283,2.68382956049956
1476,17315,"p8","m3",0.0303618323640825,0.589283617643362,-0.449005099286537,-0.333409082298643,0.708446296930468,-1.04143100490099,2.53496830451806
1477,17319,"p8","m3",0.110330538140979,0.417315420348271,-0.403850870335422,-0.284928113806533,0.80985807959722,-1.44643268794529,2.53074202251879
1478,17321,"p8","m3",0.0946770614525565,0.505798988628787,-0.419929747136967,-0.1727505484135,0.813099259823735,-1.10138943968657,2.40624049502264
1479,17341,"p8","m3",0.0943227051588468,0.482196916114775,-0.497118369778196,-0.180079741989599,0.70729955762287,-0.537176068398142,2.66084374449598
1480,17361,"p8","m3",-0.0111366085024646,0.428671058365173,-0.51426223209225,-0.27159226080142,0.698406007484424,-1.61101903263088,2.60355695319007
1481,17369,"p8","m3",0.11335035495701,0.599548631604479,-0.405697449751606,-0.265375961952473,0.788934714282841,-0.401314048010923,2.48422324901198
1482,17372,"p8","m3",0.052550278117352,0.406395091013705,-0.487796349594085,-0.185587599466128,0.657659841074118,-1.09690031357051,2.67799272468617
1483,17379,"p8","m3",0.0759194648443437,0.476246806959151,-0.532662140259726,-0.156069816832073,0.693415551449813,-0.733780551341627,2.33320950294644
1484,17383,"p8","m3",0.0511383897281822,0.37516508886944,-0.500399464156593,-0.174434884192636,0.778864467742734,-0.998869684833001,2.22638009521866
1485,17389,"p8","m3",0.101101922610178,0.504710981917829,-0.470537028381065,-0.265758918891262,0.77617729729165,-0.391726145181915,2.47187199894279
1486,17397,"p8","m3",-0.0192476736897607,0.3560916671149,-0.577194922386201,-0.329480661436308,0.653763442359106,-1.86979926636922,2.85164396439259
1487,17401,"p8","m3",0.0990109061733045,0.469874453900219,-0.356334679134061,-0.184826178858749,0.842684627805327,-1.18906198253352,2.32663730488505
1488,17444,"p8","m3",0.0860019685575249,0.416057574305792,-0.473762025299322,-0.284488517009453,0.771832425089512,-1.19462088636275,2.76611873302598
1489,17452,"p8","m3",0.0782517630693161,0.524478414214433,-0.419910595844275,-0.19903508253679,0.731458700038949,-0.533828239746414,2.35901199877874
1490,17455,"p8","m3",0.0607888545529016,0.381028965748337,-0.499645034154164,-0.26248896606449,0.804206693187129,-1.04745992929713,2.73229469927112
1491,17469,"p8","m3",0.0379200997155463,0.475232368062578,-0.46507320893562,-0.222709874732914,0.801962160184996,-1.12689045676868,3.08302954170364
1492,17476,"p8","m3",-0.0142811202392196,0.294374767901052,-0.500240889571115,-0.371994136278201,0.732967912761678,-1.10251607544437,2.91602242445537
1493,17484,"p8","m3",0.140788219407348,0.412142608568626,-0.404966960030316,-0.202944709437878,0.743913409337399,-1.17671204491628,2.37352113559308
1494,17506,"p8","m3",0.0847022672545196,0.455412101815757,-0.391689374554662,-0.0985363994241898,0.708864233975844,-1.06285427300562,2.32421283433351
1495,17508,"p8","m3",0.000635110065215421,0.563590801014419,-0.556944793794535,-0.239963528490288,0.645891172569305,-0.70041326615731,2.69957479066704
1496,17525,"p8","m3",0.028736598549742,0.375567275864928,-0.518356534710218,-0.302371144534244,0.735530686844136,-1.3072897567204,2.698323260907
1497,17526,"p8","m3",0.0585573229629247,0.480886106962264,-0.417364310053517,-0.269980843485152,0.7750100984825,-1.28548615554277,2.88396132044881
1498,17548,"p8","m3",0.0131744436141866,0.407935643108776,-0.423637177626706,-0.267502982889029,0.715757699417482,-1.46836010788852,2.21021447761237
1499,17555,"p8","m3",0.0741957358300949,0.264131743731497,-0.364391006168221,-0.145480362302548,0.793967273426762,-1.12710613911714,2.53253841557531
1500,17568,"p8","m3",0.0515020550000562,0.411130913958394,-0.531779575541743,-0.293757778218318,0.788929223145223,-1.59932391769179,2.76510790554028
1501,17578,"p8","m3",-0.000851414651774099,0.413387082275594,-0.709197681434312,-0.269909646035876,0.65413287853847,-1.11300028955931,3.11859464309195
1502,17586,"p8","m3",-0.0286836927014965,0.400066456737727,-0.610407472901559,-0.353571650122383,0.647169783220535,-1.3483774245191,2.98985215028951
1503,17587,"p8","m3",-0.109709829345995,0.596295572607002,-0.601882666403047,-0.142522598598836,0.515199856027202,-0.771282313945538,3.07754713613045
1504,17618,"p8","m3",0.0908199606475014,0.497143805737515,-0.425850953464719,-0.153197647948397,0.698994183446137,-0.765994648032879,2.2583242234086
1505,17639,"p8","m3",0.0859166747130278,0.55259898106546,-0.444388872461832,-0.185366240977161,0.730614605627635,-0.537893837907587,2.69671379050206
1506,17647,"p8","m3",0.0142349060131534,0.468050837919875,-0.554390738123667,-0.249412773835923,0.667343023910476,-0.586607415760773,2.8812347597559
1507,17652,"p8","m3",0.0897472972890164,0.465149361786764,-0.533728931574489,-0.226969356221504,0.694331968771667,-1.24202789920472,2.62286827732438
1508,17659,"p8","m3",0.0311561155590626,0.452220360613428,-0.574080408842892,-0.274046452987557,0.731674996841522,-1.05076019652561,3.23200190198483
1509,17671,"p8","m3",-0.0443708393201618,0.52697279444732,-0.55780012766807,-0.185234133524312,0.731108449018142,-1.13333582100662,3.11175179715546
1510,17675,"p8","m3",0.0167707298538766,0.435303610067775,-0.582138384050035,-0.243941137560276,0.724170810625879,-1.1014003823465,2.74426185200184
1511,17696,"p8","m3",0.0764233054296302,0.253744653370336,-0.416159184799655,-0.23697289069879,0.766403717228387,-0.828808766549443,2.40412831093636
1512,17698,"p8","m3",0.0526547027964547,0.504234409495232,-0.52610866254613,-0.271995831221529,0.759915418275011,-1.07120064988219,2.87825215154712
1513,17705,"p8","m3",0.0243847764717112,0.369980888229303,-0.488161698456081,-0.282839345804238,0.699390833137329,-0.94605854513637,2.88763101350689
1514,17707,"p8","m3",0.0189099005464245,0.290865133871124,-0.508136044021412,-0.349253280396691,0.764821661144568,-1.31221039266696,2.707149269644
1515,17718,"p8","m3",0.05632658727365,0.426575904960396,-0.521584034121793,-0.204173235860028,0.7101802158331,-0.922052284828797,2.58120340170299
1516,17724,"p8","m3",-0.0508099987703589,0.296092548574946,-0.563697520907922,-0.30623100521196,0.593606593417562,-1.1593599910224,2.91423945215943
1517,17758,"p8","m3",0.105011389349914,0.440016552696473,-0.462128777031461,-0.254743055103669,0.860671873414983,-1.54242675878245,2.67890002293266
1518,17763,"p8","m3",0.0212513749575943,0.477283983924809,-0.612269226910037,-0.270888911336758,0.587562227927431,-1.10420542451505,2.7218390838304
1519,17774,"p8","m3",0.0601420353988751,0.449946322619481,-0.578401959910634,-0.248606186640361,0.794416059705558,-1.0778608171224,2.70839637154099
1520,17794,"p8","m3",0.0453233872686575,0.531679674745662,-0.48233024959226,-0.224897066039145,0.813429399290165,-0.931947742506187,2.25213717400288
1521,17798,"p8","m3",0.0167312154032822,0.499825026285,-0.491598816230238,-0.128363730094443,0.581993857318134,-0.460201414712349,2.59313475199284
1522,17821,"p8","m3",0.0428911369903448,0.319792822071604,-0.516286173279015,-0.114058215323674,0.756368301213368,-0.980462148786462,2.4838682034048
1523,17828,"p8","m3",0.0521452795275491,0.448221159492631,-0.42592594803405,-0.176654985532574,0.83359153261846,-1.06963252254646,2.50974871403256
1524,17837,"p8","m3",0.0725628965707041,0.31306201313669,-0.468337155027949,-0.24891915938862,0.697821118186704,-0.973373657327406,2.45708235060243
1525,17839,"p8","m3",-0.0176179252835332,0.307704975178659,-0.622423581589694,-0.423479172251156,0.605500157573372,-1.38021650611867,3.17241938133926
1526,17874,"p8","m3",-0.091787351396638,0.569958486833116,-0.565401787022408,-0.257634554889635,0.5694797599577,-0.603019157630835,2.76420379385213
1527,17896,"p8","m3",0.0138358719365987,0.465063830433484,-0.549126995591615,-0.176875890292795,0.667773676833337,-0.722187392660896,2.65062668904161
1528,17906,"p8","m3",0.0201909488682939,0.429104018336174,-0.558984126373708,-0.317631023736989,0.711691631083115,-0.879872207799898,2.83620429126218
1529,17936,"p8","m3",0.0645390543742858,0.592180131117443,-0.465514988182085,-0.208111623820003,0.771392926825987,-0.744815389684322,2.37697606453669
1530,17959,"p8","m3",0.128269389424962,0.474057920188404,-0.422865333846196,-0.23019988755331,0.783207194058686,-1.22690924456246,2.6557727103528
1531,17963,"p8","m3",0.0209172890764474,0.421459565236707,-0.552171614275189,-0.356450821604068,0.740967290082762,-1.06241932386786,2.73774226564842
1532,17964,"p8","m3",0.0125457137229184,0.594786857671779,-0.511894483390218,-0.253310220792011,0.70390127636534,-1.05066727960153,2.72942795861571
1533,17971,"p8","m3",-0.00167450894226463,0.433508716385961,-0.443014765723739,-0.164391122822926,0.711228973650381,-1.34051642617762,2.48460695113119
1534,17987,"p8","m3",0.0203479897448296,0.502793388572088,-0.505873856371617,-0.177656133377748,0.612011862616717,-0.721659059869322,2.70598817473817
1535,18003,"p8","m3",-0.0121635055126805,0.545592669073779,-0.574907140134775,-0.18842928875483,0.656991119007471,-1.24287524305722,2.65569787718887
1536,18053,"p8","m3",0.0540968650409874,0.555073829343134,-0.496808685741731,-0.1620210458007,0.733707943858476,-0.938613212880357,2.78098578832906
1537,18060,"p8","m3",0.13955411682054,0.379625489343476,-0.360632121580397,-0.308094768389759,0.794909871611357,-0.993482559681332,2.17441880834994
1538,18089,"p8","m3",-0.0434316284490665,0.43780914788296,-0.569721915252616,-0.186524956444873,0.717299031001783,-1.03037563489232,2.78629314856676
1539,18102,"p8","m3",0.0789972550650045,0.536078701951319,-0.443285592383124,-0.302167484485856,0.808811423713713,-0.843164466147372,2.50654180374334
1540,18103,"p8","m3",0.0861439428995741,0.398013636017922,-0.419480070276341,-0.301758629759861,0.744852930836272,-1.27293959065636,2.60887050367986
1541,18128,"p8","m3",-0.0420065986189079,0.529905169230123,-0.619673641095113,-0.32404971972118,0.590512538506204,-0.892927136083634,3.0912464550844
1542,18141,"p8","m3",0.0451878887745335,0.475600549009996,-0.46876275448976,-0.133984347956657,0.701609342376633,-0.56846932087604,2.40937323599881
1543,18157,"p8","m3",-0.0276802749916158,0.461305159198972,-0.592775261942438,-0.321921078922575,0.627732812812215,-1.18031738029029,3.25816162613692
1544,18158,"p8","m3",0.0719856223164575,0.626573934832207,-0.426054569268737,-0.179119421841843,0.820152052262625,-0.554478062444681,2.42673404445539
1545,18165,"p8","m3",0.0689316868357919,0.354587932509289,-0.444002534788226,-0.227553292365936,0.757395211127433,-1.46003938240008,2.44817509866999
1546,18191,"p8","m3",0.0584066143675946,0.398935171760331,-0.527222781641044,-0.265510490744867,0.747324867027544,-0.915098238266666,2.88842833443044
1547,18194,"p8","m3",0.119117774325177,0.371709495855784,-0.405977866611711,-0.149452670876707,0.702326352019165,-0.795176192922509,2.18715356293437
1548,18199,"p8","m3",0.0425860132166683,0.557737855880514,-0.448380071236868,-0.28078212211616,0.781512169908333,-0.743031225281402,2.65146108932775
1549,18207,"p8","m3",0.0375206910780661,0.351450110803018,-0.437926688507043,-0.199885118568323,0.69491339776958,-0.537036989827749,2.63334315631091
1550,18244,"p8","m3",0.104579276006127,0.470098310241432,-0.386891568831957,-0.163763003839162,0.767838570535273,-1.00365201304279,2.28037731746911
1551,18264,"p8","m3",0.0435372707854383,0.401265823115271,-0.463978310222712,-0.255511351393125,0.748822463761642,-1.23838445780228,2.39272445838712
1552,18265,"p8","m3",0.0435503518318986,0.575468114998053,-0.502850743968377,-0.116240694087843,0.76691266924439,-0.768610500014907,2.63703585825247
1553,18301,"p8","m3",0.152968119103275,0.489330970167907,-0.407828939137996,-0.122744365351131,0.845871877638231,-0.887400984919704,2.38103084063493
1554,18309,"p8","m3",0.0154296863452374,0.414855186082647,-0.513874502882018,-0.165668234060419,0.626985022603036,-1.40269099987206,2.62059564496596
1555,18327,"p8","m3",0.0218308657421759,0.382833919759613,-0.536148377194965,-0.285872033615206,0.632917628287594,-0.797175799335848,2.79798657355183
1556,18340,"p8","m3",-0.0322207279845432,0.431766619283158,-0.515356960256143,-0.246141742399007,0.690467375308342,-0.651640836858234,2.74336559254786
1557,18350,"p8","m3",0.108143194579247,0.511735974915054,-0.428968692383282,-0.213249283653137,0.837536006259197,-0.909549010879636,2.70265246509986
1558,18356,"p8","m3",0.0704146505393337,0.489480578927138,-0.42920551425474,-0.228080822372976,0.795473869024579,-0.787792387360307,2.33071785192727
1559,18365,"p8","m3",0.0149378824126515,0.356957498929674,-0.588502095285359,-0.216262890510942,0.69827659408941,-1.76131250169348,2.74114225446317
1560,18370,"p8","m3",0.0613486906794758,0.562376595025795,-0.518047345763307,-0.10565729142545,0.764909174922613,-1.25810649487314,2.70170767513096
1561,18377,"p8","m3",-0.0156230120309789,0.389323879014243,-0.555855956689807,-0.223182569051299,0.673246550439375,-0.74345862068058,2.73097151522694
1562,18382,"p8","m3",0.0877591518579137,0.507176889137863,-0.593106936630632,-0.304873564387187,0.681417790064347,-0.548530369679776,2.72594693340414
1563,18394,"p8","m3",0.0812188788954314,0.466173063213503,-0.49932237952001,-0.232736982745166,0.779577374315212,-1.06214274108068,2.61562058549514
1564,18403,"p8","m3",0.135869420242106,0.378316073889271,-0.429409261390897,-0.236389101922218,0.846852023412196,-1.18269762499191,2.47325690253581
1565,18405,"p8","m3",-0.0678854346163309,0.53802221712693,-0.551354674378822,-0.354864199330678,0.676758670772082,-0.839614694030583,2.79142733295637
1566,18440,"p8","m3",0.0597790818447579,0.333170623918661,-0.508602981559049,-0.247156325884697,0.752895547854637,-1.46110620878588,2.73939439791209
1567,18470,"p8","m3",0.0441538186179026,0.43552248050817,-0.559091639630199,-0.266878744261957,0.758165612196598,-1.63517875959843,3.02721287677561
1568,18485,"p8","m3",0.0283739131127729,0.48579822156352,-0.481762132576434,-0.234391922410542,0.695671523437005,-1.08236391850269,2.70832511542855
1569,18496,"p8","m3",0.0365999617313222,0.465647482055504,-0.491537088199496,-0.106397483884964,0.687424472199331,-0.953323122471655,2.18273547578145
1570,18502,"p8","m3",0.0724115007641297,0.592184445285409,-0.471477073831091,-0.221050689364338,0.763293175372048,-0.603885253992087,2.61416251297942
1571,18503,"p8","m3",0.0910499141649725,0.42939808863495,-0.496380396883752,-0.269736190092673,0.746898464061265,-0.869975693251201,2.67292727003566
1572,18508,"p8","m3",0.0914269392419015,0.37065540744611,-0.402904635726471,-0.297905148790859,0.796303102119579,-1.45311188222734,2.63552353886232
1573,18531,"p8","m3",0.0555565672356772,0.597989004646615,-0.464366291248107,-0.142474120380111,0.838125793127543,-0.571358369772819,2.50379336270753
1574,18559,"p8","m3",0.0445858768485554,0.536492053139801,-0.558952476810587,-0.163744902374779,0.63206273651254,-0.827735254571514,2.70484000515009
1575,18566,"p8","m3",-0.00825405827592682,0.342529424382684,-0.519008620467418,-0.322119730819021,0.734663761563218,-1.3334890575882,2.99799902240126
1576,18568,"p8","m3",0.0377412455406608,0.585697126957516,-0.470793692838647,-0.186003329066926,0.713224469613953,-1.20430710321826,2.25586721207064
1577,18574,"p8","m3",0.0744916972780849,0.498695958328236,-0.500623546429256,-0.27917264598539,0.712215872406023,-0.875404562322689,2.71474287808827
1578,18577,"p8","m3",0.0389132438660876,0.533104909663728,-0.558373110910823,-0.345410422126291,0.728345353395879,-1.1431316217617,2.88688869365473
1579,18596,"p8","m3",-0.0139227765563955,0.515594566662088,-0.638689145561778,-0.274182634698055,0.640972988953094,-1.30036697863218,3.14226269064818
1580,18600,"p8","m3",0.0375376024102309,0.42103344907754,-0.47492633543765,-0.147510805905555,0.74204903840452,-1.1250659170542,2.46093871132728
1581,18602,"p8","m3",0.0655112040505012,0.372996401645876,-0.552709998956927,-0.294515100035222,0.824075384552117,-1.43192022710881,3.02928161912333
1582,18617,"p8","m3",0.0315936475316739,0.51844919704105,-0.46727042746199,-0.0526581433812198,0.718039954106294,-0.463027260893453,2.41387086484879
1583,18623,"p8","m3",0.00903924875598902,0.482365675008165,-0.516992591026543,-0.375999884679768,0.730197680872474,-1.04892584027911,2.74184362330876
1584,18641,"p8","m3",-0.0396158178232362,0.598569418444966,-0.547360154781323,-0.218326249743303,0.576935885023737,-0.647427818944864,2.90656449157053
1585,18666,"p8","m3",0.0486064524317828,0.449956908970007,-0.441329898520943,-0.241598057878895,0.763347589281871,-0.943389870583627,2.80795056718381
1586,18695,"p8","m3",-0.0578314256553469,0.49130337452513,-0.575668568083027,-0.272151466716781,0.722453101028753,-0.797335054681479,3.07564258289566
1587,18706,"p8","m3",-0.0573012434997233,0.529284051253721,-0.641857286125111,-0.318997502151507,0.528289792992958,-0.77489313657358,3.04303873098486
1588,18719,"p8","m3",-0.0200415048731811,0.388580362159834,-0.595878895167834,-0.21721200499476,0.657487182764733,-1.26941439317704,2.71009284810291
1589,18721,"p8","m3",0.0300106973563238,0.36453492981297,-0.559109145911445,-0.253619395992688,0.64263547654664,-1.03866092723843,2.88528841391474
1590,18731,"p8","m3",0.0472954249237907,0.324187677533229,-0.502022580416197,-0.254377693084343,0.680457905583532,-1.28047453515246,2.61890655885155
1591,18741,"p8","m3",0.0948925307098158,0.498753026860546,-0.473999429940933,-0.172810067227337,0.768707988511792,-0.383400934231473,2.56034532876748
1592,18752,"p8","m3",0.130072243987865,0.371170319092663,-0.453621026013418,-0.241075415199339,0.747318867617408,-0.908409590054053,2.58276896556868
1593,18753,"p8","m3",0.00454855574134473,0.396249526049812,-0.5212514882125,-0.23334163212945,0.730002888073625,-1.01964929054166,2.80246009027392
1594,18758,"p8","m3",-0.0383184665181331,0.559029085227668,-0.60632117366364,-0.208844026261853,0.645066859828631,-0.735508241466861,3.13544361260092
1595,18760,"p8","m3",-0.0609255330018129,0.488945209765491,-0.527542963853333,-0.208791647437948,0.733087008159529,-0.93590846303989,2.79908876491244
1596,18791,"p8","m3",-0.0835269696482143,0.318625958046204,-0.642539051802599,-0.238676613304046,0.5873730238926,-1.02281279521068,2.8481228236042
1597,18818,"p8","m3",0.111217684959378,0.447338884952985,-0.341774635395771,-0.212116983740448,0.776191487283485,-0.84239830507162,2.27326335222491
1598,18827,"p8","m3",0.0867843014928638,0.390072472977601,-0.43411516066439,-0.250420921435135,0.762885441955812,-0.818848478476841,2.55077258709945
1599,18834,"p8","m3",-0.016715411719619,0.481425612596205,-0.52580706895085,-0.24519920610174,0.639247245623561,-0.846684254428729,2.88505827395636
1600,18835,"p8","m3",0.104143640341944,0.599945045100794,-0.448454873805185,-0.200185882565968,0.828799701085233,-0.413041831554557,2.72307896163697
1601,18838,"p8","m3",0.0306588807603302,0.398163936412748,-0.527422739163255,-0.293859356285773,0.717240139096725,-1.0486043601959,2.62172002016913
1602,18858,"p8","m3",0.0178783112965702,0.445903834407949,-0.643450467583094,-0.145387038536668,0.683065279182322,-0.495078993155352,2.89366342308809
1603,18859,"p8","m3",0.133513663790193,0.487908393405959,-0.438021053893594,-0.103604472188891,0.827556092775737,-0.916112219078943,2.42619872418824
1604,18869,"p8","m3",-0.0108091113355163,0.409782857280484,-0.451558615402621,-0.195465429317968,0.708462650965563,-1.10511676362024,2.61671957648179
1605,18876,"p8","m3",0.0932382573497548,0.525531048300914,-0.440957818083333,-0.350496416487558,0.776537501549313,-1.02896845756137,2.54680543053852
1606,18889,"p8","m3",0.0562983258659457,0.4830575170661,-0.467978055668276,-0.312835265718975,0.736243125434283,-0.803249546453614,2.60099766015934
1607,18890,"p8","m3",0.0935799687981101,0.44889803333921,-0.486853072817944,-0.195475890384582,0.74796369704241,-1.13381643945286,2.33738642967065
1608,18906,"p8","m3",-0.0179611265179809,0.302533953320217,-0.504483078076282,-0.261691235755517,0.702829470942405,-1.30657148039588,2.69359306537807
1609,18908,"p8","m3",0.0520450687402402,0.498949289705315,-0.44693310500765,-0.202678031296879,0.735809440504106,-0.994414462257809,2.53728967591306
1610,18923,"p8","m3",0.0775780298872121,0.494822742519115,-0.496654824521228,-0.246496393555154,0.749225036329225,-1.07556673137679,2.71196670732481
1611,18930,"p8","m3",0.114405308824445,0.383601985525106,-0.520422377745455,-0.21346912744718,0.760050764872879,-1.63628814647178,2.57497586008852
1612,18934,"p8","m3",0.08692727658432,0.370296995374364,-0.460796540838383,-0.268644261250517,0.773608192512653,-1.2651937373591,2.54988356957442
1613,18940,"p8","m3",0.0282556365081984,0.50481960543384,-0.560328195390238,-0.250693834744518,0.74682634006179,-0.842298137683009,2.68270909679726
1614,18942,"p8","m3",0.0274753744064238,0.4535554838566,-0.461007969696876,-0.346027043705898,0.75850287119701,-1.01297763921496,2.80647502627324
1615,18972,"p8","m3",0.0740302150457806,0.541008397852776,-0.487538402782575,-0.137610804402195,0.729435000770672,-0.718418282261238,2.62938320036155
1616,18974,"p8","m3",0.0552620189433772,0.289167158091897,-0.551087162286178,-0.3353193431846,0.775640995296812,-0.830386420803558,3.09804504659416
1617,18979,"p8","m3",0.0714582232303089,0.423246365966203,-0.483259126445363,-0.262565244225931,0.750854826826963,-1.02641171404128,2.28584016734893
1618,18988,"p8","m3",0.0554584325232155,0.381807232035644,-0.518964189151194,-0.271492152043672,0.750490337273374,-0.880363246914618,2.64346357471016
1619,18999,"p8","m3",0.0761680479020359,0.379390046268069,-0.471815930615864,-0.233879330161158,0.764450284373576,-1.0224151237958,2.86712674162002
1620,19016,"p8","m3",0.0309577403763387,0.507750271573849,-0.543308053014742,-0.254633815413313,0.774207704831131,-0.573336101984099,3.0417948093267
1621,19031,"p8","m3",0.0427657846929825,0.396868196729061,-0.445742162242383,-0.259180980816745,0.754682855848051,-1.02229007615434,2.58257212947979
1622,19040,"p8","m3",0.0657155028081181,0.569299770363354,-0.408228520561411,-0.214112507751905,0.792336155283416,-0.664329214128493,2.39408765656978
1623,19049,"p8","m3",0.00480803859710273,0.361617299860272,-0.593214090530594,-0.282803171327686,0.70240128233974,-2.26822889357978,2.81740211791647
1624,19055,"p8","m3",-0.0816782272724347,0.396814483930588,-0.636594337975565,-0.371236868056482,0.546395706861184,-1.44603956920914,3.06224878616538
1625,19075,"p8","m3",0.0687281568430025,0.521521740205914,-0.522691050699588,-0.234441805328405,0.741337356977931,-1.02118817773889,2.59094811645345
1626,19091,"p8","m3",-0.00886601108391705,0.391152638812462,-0.573707961429883,-0.300172726942118,0.726000439414598,-0.908065158184887,2.95388959328641
1627,19111,"p8","m3",-0.0345574402813416,0.398498987696144,-0.49175028743444,-0.36503005948177,0.682860395702092,-1.1476521285051,2.90329823392046
1628,19133,"p8","m3",0.00749344543325003,0.504926191911147,-0.497059486253488,-0.263485819607078,0.741177985992001,-1.71973787040648,2.63549444975469
1629,19139,"p8","m3",0.0807275351905249,0.536221961227912,-0.489225463063324,-0.294547181409651,0.803480294148185,-1.00175705819569,2.71999073515927
1630,19158,"p8","m3",0.0335421027003161,0.588166270848889,-0.466238475232401,-0.217226967649479,0.698702340775724,-0.938761919491486,2.60294600244141
1631,19171,"p8","m3",-0.0330919285339535,0.609401078642247,-0.415553948607537,-0.18178812141956,0.678133743084713,-0.888020567725548,2.51551414502626
1632,19175,"p8","m3",0.0127697557453605,0.458702241069607,-0.37194516174688,-0.226564164562802,0.746777850089874,-1.20019362780988,2.4576990300121
1633,19183,"p8","m3",0.0458739216663019,0.487922103089931,-0.479082342503348,-0.258662807464353,0.716875785115858,-0.902660382398066,2.60805110849318
1634,19185,"p8","m3",0.0898983323210451,0.486972074038821,-0.502257398776824,-0.186161423092862,0.762465782925278,-1.23886617838367,2.66696854199104
1635,19189,"p8","m3",0.0499204397035834,0.341944134474511,-0.481041543127145,-0.208394365399058,0.74721546761916,-1.2453937893001,2.46150483634554
1636,19205,"p8","m3",0.0428078318673578,0.563562708688694,-0.46487917872876,-0.174357181914575,0.708099978374207,-0.978021226546361,2.86641189559525
1637,19210,"p8","m3",0.045359725841107,0.40364210858222,-0.500536367958943,-0.230738745003662,0.720182524438793,-1.16226446504541,2.71031329299304
1638,19212,"p8","m3",0.0251452046800443,0.487015655167074,-0.520141012437831,-0.258381614494144,0.750532648658675,-0.727013880084142,2.74312674570936
1639,19219,"p8","m3",0.0844700912881187,0.47628929412402,-0.509747587024393,-0.289019584566116,0.807009112125248,-0.732567618585354,2.68677149944621
1640,19221,"p8","m3",0.0271796084558661,0.37000818451322,-0.423275651749679,-0.178201908794342,0.719205569659002,-1.07303418308955,2.53568978096714
1641,19231,"p8","m3",0.0164711635609146,0.391779535115425,-0.49977952765528,-0.315053225468541,0.708556850265276,-1.27784341902305,2.78651301903367
1642,19249,"p8","m3",-0.0194392026826217,0.64510026216843,-0.606336602291136,-0.197724674072221,0.678289545652793,-1.03745289017817,2.66170446024254
1643,19250,"p8","m3",0.108003958893189,0.498569017389581,-0.410542771118767,-0.241744752954884,0.769097623191438,-0.581105301005237,2.44165887978052
1644,19254,"p8","m3",0.0142835996034811,0.517891795188756,-0.466498332707,-0.295740001011036,0.697473392316047,-0.977892859463162,2.48972945124329
1645,19281,"p8","m3",0.0282740156241049,0.490279723198316,-0.468967610717331,-0.288913755742672,0.687525916051312,-0.671508206512237,2.7168682622703
1646,19283,"p8","m3",-0.0124252442772869,0.452245248095905,-0.577471503192692,-0.142663704685717,0.608675653196406,-0.751282298876243,2.54851731209436
1647,19289,"p8","m3",0.0303610604793617,0.40878322646398,-0.534419992849091,-0.277679238169174,0.68490548404664,-1.01368782715846,2.65386917970425
1648,19309,"p8","m3",0.0715287218966124,0.519536494652417,-0.446694419670153,-0.199737025484109,0.792840441449004,-0.455190213105375,2.68208726653907
1649,19319,"p8","m3",-0.0720406920175316,0.510657934765467,-0.507543015900069,-0.294732838754508,0.692864241616977,-1.37358280297353,2.75776600038212
1650,19326,"p8","m3",-0.00428689043353147,0.538469582755161,-0.62509060331692,-0.249025649435939,0.691530772894226,-0.698975940516274,3.05189471745574
1651,19356,"p8","m3",0.0251745458305475,0.445251129078378,-0.537339920543235,-0.271674099096703,0.659134662515761,-1.11665814623828,2.78566222061357
1652,19361,"p8","m3",0.0412208565657734,0.373752189363937,-0.597895142459497,-0.339413655600662,0.700552837301262,-1.49774969715893,3.06279365857351
1653,19364,"p8","m3",-0.0188669598210487,0.393923134808772,-0.613157134863435,-0.305147195603207,0.712084478561997,-1.04688894254874,2.94942869061867
1654,19366,"p8","m3",0.0575354362569642,0.515998550704231,-0.543114000935801,-0.321141256394174,0.683659620813681,-1.49805118627186,2.73633706743633
1655,19381,"p8","m3",0.112500269723225,0.375895050412394,-0.410251947916054,-0.236753986227017,0.731664146535168,-1.26690145976531,2.40740357180652
1656,19382,"p8","m3",0.0704552510405158,0.558813816555829,-0.558641729443965,-0.298813381303753,0.71133021710066,-0.795936717417837,2.87215642117511
1657,19386,"p8","m3",0.127434115407037,0.508011946440378,-0.538263697403284,-0.317624248467209,0.815456585717451,-1.17786627014616,2.78094666669838
1658,19387,"p8","m3",0.0310442958244332,0.358129551514941,-0.592175512408203,-0.160189615928605,0.697452401694957,-1.23697869762926,2.79677851133867
1659,19410,"p8","m3",0.0468012467131667,0.626144341795506,-0.608320435909103,-0.192363084481086,0.618626756459535,-0.296886832536553,2.71482472367551
1660,19420,"p8","m3",0.0666347940164274,0.468302066531446,-0.473379958520322,-0.264844363574894,0.710513640014914,-1.11721380723929,2.83875096399241
1661,19434,"p8","m3",0.0687802973071688,0.358123304962516,-0.453444438682306,-0.260779659942212,0.763076304942262,-1.18810606149476,2.48852515960224
1662,19452,"p8","m3",-0.0157331234500022,0.5821397748928,-0.517625053171755,-0.312094636182483,0.799068194959875,-1.14448456437794,2.96994423570687
1663,19463,"p8","m3",0.0754613647836086,0.347630957013769,-0.58508270483092,-0.237940509777067,0.681852292836512,-1.34067661244103,2.63783065139407
1664,19474,"p8","m3",-0.0133880033517649,0.378623610312213,-0.59122905183657,-0.155146149754833,0.678739883019643,-0.783762535185326,2.83673567001354
1665,19476,"p8","m3",0.0328151337503723,0.49881403061911,-0.629237844346643,-0.184529220416399,0.714635997140662,-0.763836509952914,3.11151107841345
1666,19479,"p8","m3",-0.0639518787908,0.392313247865316,-0.590953107887473,-0.32244831735085,0.68787884064245,-0.812828398050323,2.97803417781831
1667,19485,"p8","m3",0.0345243379757679,0.471955546631423,-0.600805596600787,-0.331443348827439,0.704901442574691,-1.0067903621189,3.13178149251541
1668,19491,"p8","m3",0.0590411496093815,0.454924973704976,-0.536480594574438,-0.272407333873926,0.715029401417128,-0.847443609408749,2.89349562255262
1669,19502,"p8","m3",-0.0103789843845132,0.392654992158407,-0.631242426881395,-0.301199784560306,0.670059255109817,-1.24037802238862,3.29370675091826
1670,19506,"p8","m3",0.041486012441957,0.40115456109479,-0.354553080630426,-0.195319134950043,0.694316257766465,-1.31286668991896,2.30995901005672
1671,19512,"p8","m3",0.112878457782617,0.512186291157962,-0.4197974874752,-0.167213099256227,0.771293974675053,-0.788062448638957,2.20269629320629
1672,19519,"p8","m3",-0.0573496023646622,0.2809275587341,-0.566853113047059,-0.211619990236196,0.658557258144002,-1.19646639909367,2.88535917650811
1673,19521,"p8","m3",0.0710715279860627,0.399892272977374,-0.461942186037137,-0.176738117229697,0.767019685592,-0.979165718664035,2.48902129738308
1674,19531,"p8","m3",0.0250102804803631,0.307272997792594,-0.538155915130306,-0.233169593030428,0.70873580989441,-1.22628571391378,3.0254312386032
1675,19541,"p8","m3",-0.0235408888153135,0.572807325189644,-0.537723743021741,-0.236722448860943,0.690456549329976,-0.586538062435575,2.94594009467597
1676,19558,"p8","m3",0.125068383741516,0.462849879297827,-0.465256913904732,-0.199477435743207,0.724737467178119,-0.808021865623346,2.3164365590512
1677,19581,"p8","m3",0.131295355854566,0.383837198373161,-0.490639665995129,-0.249736841614209,0.755645589276604,-1.06390222233145,2.28547006471497
1678,19593,"p8","m3",0.0856371546914674,0.352350289695212,-0.381333611740678,-0.241503250729777,0.761752306583939,-0.805642681362809,2.41502894291727
1679,19600,"p8","m3",-0.0235369305337358,0.488153526247686,-0.563086868278254,-0.265924410899107,0.687559687906419,-0.828146432509306,2.69181961998556
1680,19617,"p8","m3",-0.0273268480551987,0.439999178659052,-0.558620581865867,-0.295685371983256,0.622592871338239,-1.3309503203039,2.92830145441123
1681,19620,"p8","m3",0.110165422093331,0.416645938453206,-0.403747831367526,-0.349084685728295,0.830702201762203,-1.3807987974687,2.6962728830397
1682,19622,"p8","m3",0.0607171826594595,0.526885786771874,-0.424356585423472,-0.153825870209913,0.792086358417401,-1.01678080286218,2.59356250922147
1683,19631,"p8","m3",0.144485708460723,0.453085740303336,-0.353376766052348,-0.225103998602041,0.788767616438144,-1.04588631903085,2.25842020625833
1684,19643,"p8","m3",0.0253291361817239,0.601219807315455,-0.498802296779697,-0.35726898023935,0.75017744114929,-1.22086941167952,2.50336040617068
1685,19649,"p8","m3",-0.0272191915056588,0.327728214026441,-0.492702926284867,-0.225323374677401,0.663055915299834,-0.997557766856626,2.6860073786806
1686,19655,"p8","m3",0.128159586931355,0.457593838648751,-0.430607506900711,-0.18778128318264,0.803880844621717,-0.764085032251405,2.31328929965646
1687,19658,"p8","m3",-0.0426023562964194,0.452115126072735,-0.518694780853386,-0.253414521063109,0.651512284627802,-0.713998231524814,2.74131851691212
1688,19666,"p8","m3",-0.0293130316099124,0.542672295587283,-0.543747048622358,-0.254949353139362,0.709656522540815,-0.542686876827545,2.99088287319445
1689,19675,"p8","m3",0.0113556063978823,0.512173441464975,-0.537272483276596,-0.164156238210283,0.669294333581008,-0.767815579434999,2.74751550571897
1690,19679,"p8","m3",0.0645111748044929,0.45045491862786,-0.480606570967317,-0.25833951630112,0.807270664012221,-0.97017189592171,2.77621128179668
1691,19683,"p8","m3",0.0961599463141047,0.454274552988458,-0.499226315302777,-0.252490033976081,0.710112695582182,-0.889670312026138,2.82968725940802
1692,19700,"p8","m3",-0.0164291025384994,0.48765842124361,-0.48821043327366,-0.259624984431119,0.690547473154118,-0.801464795552447,2.84860400944447
1693,19705,"p8","m3",0.0708755140202542,0.408220784281835,-0.402093640563359,-0.262572838968607,0.84312515092783,-0.908191669287342,2.60912224290082
1694,19711,"p8","m3",0.140503404477555,0.519491029052437,-0.366444313971045,-0.210947764733233,0.816985402156185,-1.04563050020427,2.37639530283614
1695,19742,"p8","m3",-0.0186535635118433,0.484549447244775,-0.482512753367193,-0.325166762790393,0.701811105397677,-0.615034561673574,2.81104815946069
1696,19745,"p8","m3",0.0638721134171845,0.366182554392586,-0.437585270451824,-0.213803866690528,0.804774986384598,-1.15860633692466,2.35961122506176
1697,19754,"p8","m3",0.0541627753000853,0.584586347417774,-0.440074502658483,-0.165682911499415,0.816145559541164,-0.831197096192087,2.56217893346554
1698,19768,"p8","m3",0.0230862608425289,0.445191787604762,-0.437853492595447,-0.287890759524653,0.713456514480527,-1.69399949444197,2.9800103340448
1699,19781,"p8","m3",0.0766941203480435,0.435592139341985,-0.511618057266889,-0.195051347120378,0.756774670521445,-0.919162838474211,2.8433036255931
1700,19803,"p8","m3",-0.0266687771612069,0.476349737195761,-0.565951411770381,-0.275189866900457,0.566889166022243,-1.48245786322773,2.6439395988962
1701,19810,"p8","m3",0.0102252701961997,0.4639959305101,-0.527766657978579,-0.227363649041066,0.674881585753425,-1.08823376516284,2.78671617516
1702,19832,"p8","m3",0.0350324451936014,0.512772306320668,-0.458589325402693,-0.176270037992838,0.743198581125849,-0.489406757880999,2.58794708007108
1703,19833,"p8","m3",-0.00435515469609784,0.462076183931949,-0.600446852895686,-0.265981381366979,0.688164445208722,-0.989649975815771,2.79486913945781
1704,19836,"p8","m3",0.0037929070352518,0.485570332734254,-0.553841231486824,-0.328967669831463,0.591456909702605,-1.51288539006285,2.74377381674401
1705,19837,"p8","m3",0.0989418953008925,0.504554431619973,-0.488026717012469,-0.211972854999638,0.7484560623633,-1.32048236371461,2.60733174930478
1706,19846,"p8","m3",0.0476330080427903,0.541385244362989,-0.428814337279285,-0.149086744556418,0.75284337579783,-1.29144312503619,2.36283161017434
1707,19850,"p8","m3",-0.0755008537120081,0.381066280850188,-0.585459328331714,-0.309635421148987,0.643295114640931,-1.07509499465883,3.00451766027226
1708,19873,"p8","m3",0.0626832061997134,0.519939419899192,-0.558502934210298,-0.1355174514416,0.757829942398186,-0.753924069113415,2.37495770848634
1709,19887,"p8","m3",0.15503028374546,0.316008054693852,-0.470357013730706,-0.219431330637798,0.796160681158309,-0.888135962424273,2.65410546406535
1710,19897,"p8","m3",0.0251585056534066,0.442204012752007,-0.437827106222817,-0.252437493821624,0.697691149219773,-0.512565786466208,2.48015162883533
1711,19916,"p8","m3",0.0612621298098236,0.353930322872741,-0.426202715278302,-0.220979444523616,0.859238491560092,-1.00396945113681,2.62472897324243
1712,19918,"p8","m3",0.00773376768519993,0.437713847946143,-0.476532497334823,-0.269875431030621,0.698808812700238,-0.85419687595596,2.4280047583902
1713,19927,"p8","m3",-0.0209208910803992,0.444754571805095,-0.545934191892134,-0.334619187966144,0.789599318712191,-1.17773078765447,3.04920560133516
1714,19932,"p8","m3",-0.0150911900951172,0.401911362145845,-0.622189036067763,-0.228273356808441,0.740105325873768,-0.87691104313453,3.32885156704143
1715,19953,"p8","m3",-0.0189166787938338,0.348866153286159,-0.543960080826016,-0.288039812079894,0.72776979018373,-1.65583365253398,3.06051073852114
1716,19985,"p8","m3",0.112023120316381,0.376783408905813,-0.448322821912735,-0.220932609092623,0.787478175845077,-1.35127516726337,2.56176980514647
1717,19992,"p8","m3",0.0504504106098466,0.438074907831674,-0.502217691581846,-0.162601712837078,0.658885057220408,-0.910137676510423,2.47547783373187
1718,19997,"p8","m3",0.0786562044256711,0.568672137320001,-0.572485828269838,-0.249180448049103,0.670638875884965,-1.45664103213358,2.90186497529672
1719,19998,"p8","m3",-0.00421314386947979,0.526373287931801,-0.507243045934289,-0.238455986655073,0.685187583061393,-0.806230083262188,2.68102036421532
1720,20001,"p8","m3",-0.0128846937401437,0.429282876942543,-0.536942261258807,-0.3474616771597,0.647127694408695,-1.60639843650896,2.81224916436902
1721,20006,"p8","m3",-0.033581046428835,0.286933936108567,-0.584915479174249,-0.198774044042988,0.687019089737,-0.723127567796427,2.98773351941087
1722,20034,"p8","m3",-0.00864907323042923,0.588259040579458,-0.536785897338004,-0.202860348388632,0.666468027872836,-0.725943345897417,2.43153239083546
1723,20043,"p8","m3",0.0513205869317281,0.390098991127139,-0.561832108314443,-0.276352166158965,0.676165406137902,-1.6307167293451,2.74341147369951
1724,20049,"p8","m3",0.0984108332375062,0.579027574827511,-0.413243112336113,-0.168671078966152,0.813408229899046,-0.650508418840261,2.43408255469724
1725,20055,"p8","m3",0.0282432877869073,0.564180921077491,-0.497737807045139,-0.251519763325362,0.703575952194627,-0.521622390083278,2.51462890679072
1726,20070,"p8","m3",-0.0186881039269664,0.47417641405507,-0.579337020081327,-0.289166700856673,0.704788210324818,-1.16292617229771,2.8406633451429
1727,20071,"p8","m3",0.0554437879135142,0.466742697908119,-0.532244120792065,-0.211631381773913,0.759611565447729,-0.682673148343623,2.64335660603061
1728,20074,"p8","m3",0.0958795596307443,0.54932368854987,-0.485010212896139,-0.200481396664911,0.746639506391839,-1.18031624269082,2.62792754783352
1729,20075,"p8","m3",-0.0332885432400795,0.521930210412462,-0.628497060735146,-0.296896008867235,0.622790681003763,-0.76482890812206,3.00602293473984
1730,20100,"p8","m3",0.0725004462959317,0.457470912205383,-0.461347044847956,-0.192772530237902,0.757937766224554,-0.81194460538295,2.64496658145639
1731,20105,"p8","m3",0.0978639098755564,0.602268367596861,-0.354716077158509,-0.228139698528065,0.828118333281651,-0.957321699030578,2.37889176293556
1732,20106,"p8","m3",-0.0446178551465449,0.408632379328229,-0.57490317770025,-0.30836631670719,0.530280203354051,-1.34754462654424,2.46437870056433
1733,20109,"p8","m3",-0.0366375041116827,0.364258288849483,-0.576630784221755,-0.241563294011827,0.704096786134186,-1.43657420677007,3.04194186015889
1734,20110,"p8","m3",0.0500332181923076,0.500544869322419,-0.396991531505318,-0.14260485728758,0.702726717939823,-1.04297525513551,2.3895733570487
1735,20136,"p8","m3",0.00935456644469705,0.47992465144145,-0.58975133221451,-0.253938658884326,0.630155384019872,-0.633735882775096,2.99886274552919
1736,20137,"p8","m3",-0.0500705283560631,0.457319441744379,-0.603219010690128,-0.3492114751428,0.628554547017287,-1.18557099818571,3.01541802220091
1737,20160,"p8","m3",-0.0413626383018368,0.478004664992173,-0.527355128466212,-0.207825196981716,0.745263968424258,-0.891094540569023,2.64777253747379
1738,20167,"p8","m3",-0.0379531089345228,0.57121173030539,-0.52656674342128,-0.241495287991532,0.667785989371676,-0.855761140662957,2.81518680427132
1739,20168,"p8","m3",0.0137204430000275,0.389073896931119,-0.525565341475319,-0.335244260944052,0.672809447423773,-1.12868616122049,2.78877098078496
1740,20197,"p8","m3",0.130084773182332,0.467112181706503,-0.523359253963375,-0.245320252458905,0.782952638737014,-1.20867784101609,2.82278744791885
1741,20215,"p8","m3",-0.0157060248866308,0.382732190711497,-0.535509367117068,-0.233842232849383,0.682111623653643,-1.06619420479245,2.58402685121154
1742,20223,"p8","m3",0.0142753748258662,0.363937308962411,-0.502309888724329,-0.224412311143933,0.719054405923673,-1.15272926303006,2.62435518288155
1743,20224,"p8","m3",0.0616946242954406,0.497043277133351,-0.471165826954431,-0.133039601908797,0.750277512112938,-1.02789120052156,2.40042821050661
1744,20238,"p8","m3",0.044528321038501,0.572369916875817,-0.497003973780054,-0.232626696387623,0.711996447024809,-0.578162941096575,2.64931847105108
1745,20243,"p8","m3",0.0595782071776115,0.457549553330009,-0.50385284551528,-0.229201078627684,0.724686542876532,-0.603518794932237,2.61028551909029
1746,20251,"p8","m3",0.0658674105302551,0.496935808841791,-0.477275538355686,-0.277475448838972,0.756675487520053,-0.668800623340799,2.40125455401755
1747,20258,"p8","m3",-0.0194498563938554,0.328346854357007,-0.489460277765587,-0.108789049590366,0.702905382119207,-0.776851685980655,2.52425518842937
1748,20286,"p8","m3",0.026701120853382,0.494994653872815,-0.441562903768239,-0.15681080394779,0.691345864858963,-1.02381722849455,2.49187448540897
1749,20314,"p8","m3",0.0732287514373817,0.552236916303367,-0.517121505374577,-0.338183076462573,0.758229078080434,-0.678824929540047,2.60673454679072
1750,20323,"p8","m3",0.0601310127747519,0.468530291877045,-0.42028884999308,-0.202255250548667,0.764820331622539,-0.813970592775178,2.39475500161808
1751,20342,"p8","m3",-0.00331413394037523,0.42893541377118,-0.548646496991985,-0.35972564006824,0.671492344187548,-0.899776661334268,2.9071294391534
1752,20347,"p8","m3",-0.0129057782457408,0.437392217983342,-0.529287632649271,-0.141987782502037,0.708732716817615,-1.35899712529262,2.72094270384389
1753,20350,"p8","m3",0.0618593474650542,0.478721045678266,-0.488971648687613,-0.23151058758059,0.791337830763982,-0.925853375076606,2.74932131148112
1754,20354,"p8","m3",-0.025502119014644,0.326680043504658,-0.600362242423132,-0.180774273292823,0.656896273456391,-1.62678630698307,2.90021343169145
1755,20384,"p8","m3",-0.0197717267464531,0.586985349607362,-0.564144079932854,-0.291859297479757,0.678847976687459,-0.900101534294007,2.86932056373137
1756,20406,"p8","m3",0.0756737921776454,0.42660127343411,-0.417986552085175,-0.228800495170101,0.72238247061989,-0.679621069549204,2.40450080929102
1757,20412,"p8","m3",0.0148856951742548,0.379370770530795,-0.518820997139757,-0.252053557672521,0.636428553183686,-1.01152104768439,3.03541160593818
1758,20420,"p8","m3",-0.0665306976161899,0.603972832735986,-0.533523455135339,-0.138812112485249,0.69301672500849,-0.516160084145751,2.70730248034705
1759,20430,"p8","m3",0.096669914199791,0.465337574504497,-0.547087697916933,-0.317642688195141,0.798441201189381,-1.13812322585101,2.78319344683404
1760,20452,"p8","m3",-0.017816824084987,0.511363530468121,-0.47643888798282,-0.272217685771024,0.643840717468455,-0.901851984817801,2.52159395006036
1761,20464,"p8","m3",0.033588527150131,0.525235004579333,-0.499214021591469,-0.256556558606178,0.689192440926564,-1.49624203379691,2.65947940017901
1762,20470,"p8","m3",0.0887008362667613,0.47750530786639,-0.473009985080659,-0.200674216938413,0.726693598473287,-0.461044494926153,2.2838073822893
1763,20477,"p8","m3",0.079889527348365,0.445160838608551,-0.542282300367225,-0.20400967624393,0.702680829107437,-0.920928564187479,2.36795701368184
1764,20489,"p8","m3",0.0127277752270679,0.477863655197292,-0.480012085275942,-0.345158411516676,0.737952571660666,-1.63845889637067,2.70912617760957
1765,20490,"p8","m3",0.0477197556397965,0.416850337324767,-0.476291654276665,-0.321335531697061,0.715501189859866,-1.32219880211677,2.73726970377961
1766,20494,"p8","m3",0.0984975710236548,0.543856158249832,-0.409207965167859,-0.242841315702743,0.730641013729016,-1.26602196250971,2.42657318772052
1767,20500,"p8","m3",0.0884243825531065,0.396587094570892,-0.457309755988467,-0.17261191571091,0.780801040459417,-0.91027052904583,2.55058564541567
1768,20516,"p8","m3",0.0355923327938977,0.4165800216204,-0.543173307360928,-0.202611008393965,0.785764281023381,-0.734877580117697,2.70737185710002
1769,20541,"p8","m3",-0.0609589599529756,0.704272458197756,-0.661983964617419,-0.1340510560008,0.737317086042358,-0.615619101610006,3.21481007247013
1770,20561,"p8","m3",-0.0872301948817312,0.284583201543101,-0.487886270008855,-0.147681176376289,0.681217262573093,-1.19027989332386,2.60230933507915
1771,20573,"p8","m3",0.0340620931712776,0.296236991935387,-0.468430491038454,-0.274548012590186,0.784807392426866,-1.73390196286887,2.58467842285124
1772,20581,"p8","m3",0.0840475703491557,0.346281337398566,-0.461708357317331,-0.14674562428661,0.729953503580111,-1.00797984504108,2.46860946884853
1773,20583,"p8","m3",-0.000199286372867593,0.544843551553484,-0.492857447736225,-0.339514104192379,0.724045537514176,-0.859054492845476,2.74151472257002
1774,20608,"p8","m3",-0.0755088834517084,0.291865062743437,-0.560280311140369,-0.372597169554516,0.717323885630712,-1.51827802190821,2.80221057141987
1775,20625,"p8","m3",0.0631430895936837,0.391585101068475,-0.480964913234348,-0.25912095840768,0.766709197201489,-1.33889648738463,2.63032485266709
1776,20634,"p8","m3",0.110377313341482,0.475499596690417,-0.47120919870998,-0.282866915560177,0.775683732510834,-0.910427509998721,2.57149730456923
1777,20650,"p8","m3",0.0358162464071702,0.526391299651906,-0.479509942615283,-0.248641777326852,0.775574045306242,-0.759665927633137,2.52478391035071
1778,20659,"p8","m3",0.0807011280068058,0.499695661726118,-0.424277047818536,-0.253378101278932,0.729268308541507,-0.865415048317081,2.45746580021813
1779,20661,"p8","m3",0.0296254256055103,0.416382255918292,-0.62429390469935,-0.27242872365018,0.653209095266091,-1.02890425166144,2.80960124593313
1780,20662,"p8","m3",-0.0601366663254648,0.423484798374773,-0.630471178434953,-0.295794854859558,0.662643856407761,-1.3594764262274,2.71222993637847
1781,20687,"p8","m3",-0.0966073731610727,0.225160972965027,-0.509377740708383,-0.268479744214444,0.600076075298754,-1.22897202567394,2.90930315905645
1782,20688,"p8","m3",0.0526490134627259,0.363634579420537,-0.474030990793282,-0.244975888200431,0.681168263423107,-1.29879328503416,2.35488746879357
1783,20692,"p8","m3",-0.0104348209300781,0.478971577050305,-0.522050382315459,-0.235073418019845,0.674045592043213,-0.716506254461602,2.56891157355382
1784,20700,"p8","m3",-0.0217395701105289,0.386792257823055,-0.536000581699799,-0.288381557725874,0.660363875000115,-1.29429431170698,2.85922358503107
1785,20720,"p8","m3",0.113382333102385,0.416185387340336,-0.38006995828154,-0.262673984013079,0.834444249218502,-0.974337202318242,2.46065651150824
1786,20739,"p8","m3",0.0674311639373827,0.410660322736976,-0.582709029473285,-0.181072111930849,0.653610337651792,-1.12903042867574,2.64589918559646
1787,20753,"p8","m3",0.117673712972516,0.502361605462279,-0.371340236583523,-0.278055071153293,0.872343351210003,-1.35584714665137,2.4285202840806
1788,20766,"p8","m3",0.0444494556572769,0.494420715425711,-0.485340937328476,-0.124028276187444,0.714545862933714,-0.838643255351448,2.20617701308169
1789,20784,"p8","m3",-0.075310434648334,0.372333664469457,-0.623853122357697,-0.230143326030002,0.619173068662289,-0.96096043877047,2.9926302059991
1790,20798,"p8","m3",0.0179938657721382,0.507144648894459,-0.431718687028246,-0.341099832116673,0.779229454549321,-0.929905030439096,2.68305454105935
1791,20800,"p8","m3",-0.0195565332479165,0.453066128288286,-0.516568694404721,-0.168007840034451,0.628517590913459,-0.925377318732114,2.50755975576462
1792,20802,"p8","m3",0.0664981192947287,0.438442525555662,-0.515820126597468,-0.15028006414664,0.790919360229938,-0.777321316315439,2.58350037166891
1793,20805,"p8","m3",0.0727725993216474,0.532370278104775,-0.531269282895613,-0.322952114438362,0.733881381033988,-1.3533482998445,2.77195626255206
1794,20810,"p8","m3",0.0941868405012552,0.432707307956766,-0.432352934723608,-0.20359063724223,0.714504872563091,-1.28262471722345,2.39365420191977
1795,20817,"p8","m3",0.0858059004743727,0.375422393425551,-0.490954471385936,-0.21080835194615,0.772884748467174,-0.911246124477855,2.58536779448468
1796,20828,"p8","m3",0.026122102027306,0.333156772949794,-0.564352935018799,-0.176990869672809,0.691929098953246,-0.94328784409064,2.92210120071985
1797,20831,"p8","m3",0.0857844326275117,0.406542863751181,-0.437599175309083,-0.215123364516509,0.841776710761882,-0.672911809879104,2.40151001956327
1798,20840,"p8","m3",0.102580555973537,0.41424445310249,-0.490690737662667,-0.324523256360812,0.783850234403085,-0.859618629601067,2.61247112192956
1799,20841,"p8","m3",-0.00871528990090198,0.611557748867134,-0.480443653857692,-0.229022914107698,0.731411546153313,-0.899811760467495,2.55630401240512
1800,20847,"p8","m3",-0.0556200395182719,0.468950875313806,-0.451659150643533,-0.114334286955938,0.665412654910243,-0.610023928717221,2.43461009185063
1801,20862,"p8","m3",0.0173852492912995,0.299099985584236,-0.601750141039024,-0.264996291052145,0.710991226878882,-0.905991178623156,2.95821479433432
1802,20865,"p8","m3",0.15318647969236,0.523938118725047,-0.408679895151124,-0.213999439598613,0.779223456515151,-0.85469842624255,2.22305703334292
1803,20891,"p8","m3",-0.0288376964393206,0.420159878555869,-0.493258644907025,-0.231574104364543,0.7769352991021,-1.00292920293113,2.87183427832089
1804,20892,"p8","m3",0.04209575953428,0.50263263952261,-0.480270983520738,-0.203396938464837,0.801650219135933,-0.735119290135834,2.75748255738416
1805,20898,"p8","m3",0.0310680672394065,0.456488273424637,-0.514655330853953,-0.237132320293338,0.74135542409389,-1.16266050331876,2.63804450331037
1806,20907,"p8","m3",0.0236862420415973,0.27792554542626,-0.491916896078876,-0.227949515859767,0.714665273156809,-1.13321721627181,2.45605270687404
1807,20927,"p8","m3",0.0554209727890397,0.367038566115864,-0.541295029388112,-0.178507671310845,0.673389669636781,-0.912845765081883,2.51256506219198
1808,20934,"p8","m3",0.0124188135633049,0.366182829608361,-0.540182263979821,-0.30162834174175,0.7345374410716,-1.47283287902388,2.74085445927468
1809,20946,"p8","m3",0.0913182175505477,0.604335027945962,-0.408359895596899,-0.309902087361785,0.80638737529682,-0.914181703776332,2.45921000781014
1810,20949,"p8","m3",0.0436693467353334,0.395648996717096,-0.503637027957938,-0.133771843715749,0.70189654313326,-0.732951430853088,2.44552123115914
1811,20962,"p8","m3",0.0738772392097893,0.490988959277376,-0.417247716721426,-0.276701565420481,0.811675927139296,-0.875685907553187,2.68899492474804
1812,20970,"p8","m3",0.0665337437403338,0.447634926275967,-0.557680164881395,-0.178078509498892,0.745367891151842,-1.23765955633083,2.51834872968842
1813,20977,"p8","m3",-0.0061160632764789,0.426274330014014,-0.442610005660951,-0.296360732739434,0.72240013991667,-1.43331471408843,2.5870588394898
1814,21028,"p8","m3",0.081183414436703,0.388337450700625,-0.491400103650001,-0.112058782131344,0.737219086716608,-0.748227656907664,2.40123622022082
1815,21051,"p8","m3",-0.0540829910620811,0.300272895059992,-0.512618148061322,-0.199406565743281,0.653416494410052,-1.06317917069692,2.69165259922769
1816,21066,"p8","m3",-0.040659307024822,0.488998488238233,-0.497032893307968,-0.167047621469869,0.683066887329891,-1.25149910921342,2.5585796883796
1817,21067,"p8","m3",0.0685148061333579,0.417349522703603,-0.553005844029594,-0.280954873222394,0.736581844109216,-1.10230304063353,2.9811261215303
1818,21085,"p8","m3",0.071524073649615,0.652957598570893,-0.492112228117902,-0.308983838425512,0.767735538322551,-0.612538872377438,2.78636704802533
1819,21098,"p8","m3",-0.0504246093578473,0.482909112540861,-0.677642094138941,-0.277564046399205,0.616312534570892,-1.06250233599314,3.08066946212146
1820,21100,"p8","m3",0.0363891554868447,0.436091831524597,-0.594170378540738,-0.346853863555498,0.698526659572211,-1.24197471415164,2.86105523408021
1821,21120,"p8","m3",0.0747068367635294,0.539112945875189,-0.520906682839222,-0.188709536554955,0.690491480670623,-1.21318123682897,2.77892742872998
1822,21131,"p8","m3",0.00953258848214102,0.558184006107199,-0.586799139955912,-0.174185279473729,0.647064227083745,-0.215120959536488,2.8131222774038
1823,21143,"p8","m3",0.0455186258822261,0.512481747805133,-0.484220537336022,-0.246414033286621,0.760833397427014,-1.2267977856649,2.50967170693037
1824,21161,"p8","m3",0.0519580241284693,0.439739391840542,-0.524979467053647,-0.126200374000418,0.736855706837625,-0.853226950907903,2.58080139019135
1825,21182,"p8","m3",0.0388347405402546,0.472913696501179,-0.47237498726113,-0.183614645209942,0.69217897150639,-0.957619763951847,2.67843535058219
1826,21190,"p8","m3",-0.0232649623107677,0.450659210789998,-0.518601478648748,-0.343759700076098,0.633736338929498,-1.20544271910117,2.51415549981661
1827,21208,"p8","m3",-0.0479490798699631,0.451610205540088,-0.560890100548076,-0.223853888382385,0.667793197585948,-0.899576169342314,2.87463884717073
1828,21238,"p8","m3",0.111182068123808,0.478321882906093,-0.398608870138474,-0.249899264523247,0.822818371006209,-0.8910619798062,2.53577987528438
1829,21244,"p8","m3",0.0678603900612183,0.411526009265641,-0.480448498392586,-0.240220937545155,0.69231766730776,-1.11964589658324,2.72259797285757
1830,21251,"p8","m3",0.0936250835582815,0.516791502095615,-0.394770222885739,-0.260362396575196,0.872654228104601,-1.25876881125174,2.67880697273974
1831,21257,"p8","m3",0.00555916520993939,0.446538129370503,-0.548647071822157,-0.249599492521648,0.72702790675462,-0.939982025134185,2.771360245248
1832,21265,"p8","m3",0.191377505939136,0.485936512745174,-0.339789118531326,-0.252765812284722,0.881397616711923,-1.6282302208686,2.0252072597305
1833,21280,"p8","m3",0.069583275637939,0.482297913396068,-0.472565560412255,-0.169939593402659,0.793237662822251,-1.10501218263123,2.54287298115295
1834,21284,"p8","m3",-0.0297657475571647,0.497698474834076,-0.494627301586303,-0.386611461770283,0.69900861554156,-1.21206661098654,2.53383116142003
1835,21289,"p8","m3",0.0736403401732835,0.509028100727217,-0.522797447162581,-0.206856858047764,0.815845113950187,-0.828448189690587,2.7544196841751
1836,21292,"p8","m3",0.0714090242827324,0.398457557297264,-0.455685512495921,-0.169361338576311,0.728333167824431,-1.46138751136145,2.61235682968847
1837,21297,"p8","m3",-0.0124061738277384,0.462496972128185,-0.667596731846919,-0.23811770019438,0.659897813130274,-0.947131324444786,3.04283077646498
1838,21299,"p8","m3",0.0111174512509246,0.431130639637727,-0.534842747754017,-0.284466950650548,0.664974381782361,-0.945723932757803,2.79967566276287
1839,21302,"p8","m3",0.0576577067861429,0.469150085682369,-0.585104943542386,-0.332913025875596,0.741388513026201,-0.695466390917425,2.6473439854793
1840,21307,"p8","m3",0.0715248730820245,0.40373943298345,-0.51039146481485,-0.218219375901196,0.752019491314839,-1.60270850544387,2.68088639846392
1841,21319,"p8","m3",0.0557520954688947,0.348915433323648,-0.443685381816151,-0.215251399932474,0.756013580447581,-1.24287692492361,2.33044286523804
1842,21331,"p8","m3",-0.142864207857946,0.371583694019886,-0.540170347948476,-0.260592928054565,0.604492340845287,-1.76537186420173,3.2315389888227
1843,21335,"p8","m3",0.0947316869056182,0.463223355665533,-0.413507942877743,-0.219732255237803,0.727505876061601,-1.21364275626308,2.33117448063202
1844,21348,"p8","m3",0.0485751463538534,0.470769320613424,-0.498176478186748,-0.251943356544397,0.695624913203808,-0.952206226497519,2.82815839511362
1845,21350,"p8","m3",0.0771141200063135,0.48083221921789,-0.424973279107903,-0.13849524728177,0.754890845253695,-0.508956354616444,2.40786547835842
1846,21354,"p8","m3",0.0189622607965444,0.448318964696698,-0.440733449849147,-0.152218154852574,0.700706393341727,-1.25411993956071,2.20098507874356
1847,21372,"p8","m3",0.126901671949723,0.462437509299449,-0.48136702665998,-0.273918071808497,0.769019056794675,-1.06540741953556,2.67175688360882
1848,21382,"p8","m3",0.160028084705039,0.566991820996462,-0.417708505440156,-0.069617446769652,0.796764540214987,-0.644378170362115,2.15427337279423
1849,21387,"p8","m3",0.0860855843305985,0.556805806506905,-0.489958947829985,-0.193076612643611,0.728182246619224,-1.19871725450657,2.55951085283708
1850,21388,"p8","m3",0.0556448228236421,0.533904196776168,-0.514217358149382,-0.13482270744187,0.766711601636928,-0.940950170596761,2.76495841612836
1851,21389,"p8","m3",0.0854511959801481,0.474950899989765,-0.375559632483282,-0.115536169148552,0.754615285648952,-0.764815004680821,2.13095770513242
1852,21420,"p8","m3",-0.00353650387428931,0.376216664708529,-0.535058292387124,-0.241914141240395,0.734059231301598,-0.833504182508937,2.81147045037371
1853,21426,"p8","m3",-0.10485755058062,0.441399783891904,-0.552509669544022,-0.168871278953676,0.572506225128766,-0.932262957933448,2.64409704708218
1854,21434,"p8","m3",0.0479193563495803,0.436319617335882,-0.517888783824741,-0.187735244300667,0.717310205592032,-1.06046729531787,2.7354765915571
1855,21438,"p8","m3",-0.0894699349909231,0.472667022348004,-0.527088228480862,-0.202955972314043,0.610921244964167,-0.916361023784061,2.93792494204335
1856,21451,"p8","m3",0.0140859807308743,0.543281569079396,-0.629793725436005,-0.231918211221184,0.724567713477805,-0.895413722908924,2.92426842228327
1857,21458,"p8","m3",0.0572614689198148,0.406474902551014,-0.40897009583452,-0.174228857085107,0.754193726157208,-1.13706547220999,2.42127497395254
1858,21473,"p8","m3",-0.0424404810418876,0.470943061329204,-0.616878345597999,-0.204827026471311,0.604120789322449,-1.15725713243552,3.06467130142164
1859,21490,"p8","m3",0.0897959674584011,0.419975397141412,-0.558841165484776,-0.224010585684158,0.758586014558084,-0.771066105742167,2.96235957749178
1860,21500,"p8","m3",-0.0177732520339007,0.490828984747172,-0.582215882009483,-0.202964156748334,0.694116040837232,-1.30536678973871,2.84734507650916
1861,21505,"p8","m3",-0.0338285591759057,0.374242035108993,-0.518997682849396,-0.267657125991175,0.634072780313107,-1.04743479578314,2.82489505102425
1862,21508,"p8","m3",0.0146132881349326,0.269234466041847,-0.507943290014664,-0.191141261419295,0.697217424981172,-1.41601481554666,2.74693041530075
1863,21514,"p8","m3",-0.0354335912044777,0.389961106574627,-0.640024546417876,-0.314283643373171,0.570183709109674,-1.33016406416032,2.79034687508986
1864,21534,"p8","m3",-0.00875465785946943,0.509982936850562,-0.597872500667356,-0.214504268880173,0.653810568206085,-1.24401724628389,2.86091221665153
1865,21536,"p8","m3",0.00929220745712852,0.392545046242302,-0.503502786309487,-0.142120664696297,0.732181944476586,-0.688508761442655,2.6293261498704
1866,21554,"p8","m3",-0.0609232169371406,0.465977431213311,-0.59412076961085,-0.238835021307021,0.655624933683541,-1.17243414114273,3.11525879962293
1867,21561,"p8","m3",0.140792203608019,0.402850851288118,-0.433245377802639,-0.239200433190237,0.837254168042882,-1.07707098152221,2.33548032706123
1868,21564,"p8","m3",0.0287262639999776,0.389912495637528,-0.504984840630734,-0.15226794954935,0.699366781515664,-0.91511629825742,2.41284765317094
1869,21577,"p8","m3",-0.0228895120841719,0.600358869489214,-0.452904598598323,-0.0842947660315044,0.765207077211777,-0.465773396477357,2.45830175469097
1870,21608,"p8","m3",0.00131730380024827,0.299414714891328,-0.522106674823423,-0.271897815334666,0.58333487119599,-0.65843235492927,2.64096607695604
1871,21609,"p8","m3",0.0811891735100535,0.549342351694208,-0.433971441215203,-0.160028077662432,0.744011703244703,-0.467345515332014,2.41417711858591
1872,21611,"p8","m3",0.046329879745461,0.461632594587974,-0.542682134135078,-0.324069231303695,0.726793843469083,-0.988751957473452,2.72252838017306
1873,21631,"p8","m3",0.0688318331900536,0.346007646778003,-0.452936669054302,-0.227800968523916,0.729345332007199,-1.11633671224862,2.59510662815606
1874,21654,"p8","m3",-0.000939534242608106,0.455473718214111,-0.464797150327311,-0.305308984205238,0.710710241360762,-1.03509198547923,2.74067179688553
1875,21671,"p8","m3",0.131598571682657,0.474577432156654,-0.460848169427913,-0.152920712113649,0.798993229408763,-0.78035822679118,2.33439209208672
1876,21676,"p8","m3",-0.0158945567728352,0.390189083348653,-0.631326621524143,-0.213040897083342,0.629905358076927,-0.837617612753421,2.59479738400736
1877,21707,"p8","m3",0.0909141183668492,0.516314575040235,-0.47482001833995,-0.208980380512731,0.79388197052137,-0.722716481524262,2.68430345047223
1878,21715,"p8","m3",0.0803002539090789,0.426162269891839,-0.570870032157367,-0.313247563864054,0.647415707242892,-0.864891841349993,2.95777818596491
1879,21720,"p8","m3",-0.0309436575444638,0.496970230506787,-0.495496876967587,-0.251588910283851,0.723300528085964,-0.979988122456284,2.81324858587463
1880,21722,"p8","m3",0.0424195377291205,0.435258000518403,-0.51163273824634,-0.183454010632151,0.748608194330276,-0.753483895747773,2.42774403181482
1881,21726,"p8","m3",-0.0424065027978254,0.302871166455868,-0.541685553437137,-0.383398464315538,0.687322447950492,-1.37101164451405,2.94148244848857
1882,21742,"p8","m3",-0.0149505419238238,0.4526653104628,-0.56776728188712,-0.291062186725008,0.649379285579776,-0.950512010742351,2.62897791239552
1883,21744,"p8","m3",-0.0174610212942926,0.398815814985891,-0.534665261151011,-0.248477243907264,0.796523851621094,-1.2267925312982,2.84960707706741
1884,21763,"p8","m3",0.0318312276875882,0.458714482993123,-0.464694080734935,-0.177743525669997,0.708915831914755,-0.70270232727924,2.43495275090349
1885,21768,"p8","m3",0.021322926057392,0.405945491577692,-0.591024166059034,-0.278908188627181,0.740280047282957,-0.792647653974621,3.0374799830455
1886,21789,"p8","m3",0.0283304806456944,0.476232846019663,-0.688027362309201,-0.274761939436109,0.653999887421649,-0.84237682012998,2.87879950161709
1887,21790,"p8","m3",0.00991209418673483,0.449720049367181,-0.594441542858853,-0.291244592357894,0.63561195386116,-1.09651654590597,2.99455903174254
1888,21806,"p8","m3",0.0704213459241196,0.455235152639894,-0.410463731090694,-0.216777455981589,0.715496868928251,-1.1040982613077,2.49897583725959
1889,21830,"p8","m3",0.0747819754166021,0.357270438456911,-0.599855321537596,-0.311291023425049,0.757106011688531,-1.27608361126183,2.59432362904129
1890,21832,"p8","m3",0.0683110018106736,0.4383208802366,-0.406683107787973,-0.260366755961023,0.778159547441711,-0.919276995071626,2.57330723189531
1891,21871,"p8","m3",0.0243077202797717,0.409197386559541,-0.652452066049825,-0.17537780166636,0.742223431639519,-0.858079004643988,2.8758245100519
1892,21880,"p8","m3",0.090284957247041,0.411823138259076,-0.437395887267585,-0.24853607278316,0.780524634324232,-0.866725616960197,2.46146666945287
1893,21886,"p8","m3",-0.0101870426552925,0.382146637664109,-0.452729388655746,-0.263629559615399,0.682477583854457,-1.40125887911551,2.61431492893925
1894,21917,"p8","m3",0.0345178739302008,0.583331283248605,-0.48699268097126,-0.190420602889336,0.7934856272745,-0.826146710094349,2.53854192167142
1895,21947,"p8","m3",0.071265686061894,0.596234612838284,-0.41346483116581,-0.131735602085505,0.754636403977633,-0.601182114354008,2.31132772801408
1896,21960,"p8","m3",0.0150885612948704,0.393208520076431,-0.587207466192534,-0.431736263716337,0.714867544103008,-1.34322344780159,3.13550939843186
1897,21962,"p8","m3",0.0975880925819442,0.450803413315314,-0.432185721488797,-0.256206989633468,0.792179999716132,-1.09704774771678,2.72025853319804
1898,21976,"p8","m3",0.0251398467085183,0.256984213482712,-0.473841661263066,-0.364924429437716,0.743168989685778,-1.62817920304135,2.64130815472686
1899,21979,"p8","m3",-0.0818497972420571,0.41109482903314,-0.619424744755318,-0.213774326403926,0.684037866788315,-1.12964049997058,3.23646046874183
1900,21981,"p8","m3",0.00790401014556518,0.581443640772852,-0.524182369516169,-0.221298287193937,0.665976346002867,-0.731801500974473,2.5715344497074
1901,22013,"p8","m3",0.0138488224829643,0.488808990379664,-0.469006609839429,-0.175720281143351,0.722199394480449,-0.777043268866335,2.26991539947301
1902,22056,"p8","m3",0.00305011380626249,0.488965081801315,-0.557784115027736,-0.22526199211695,0.71053712474394,-0.899788814939274,2.82098771871529
1903,22072,"p8","m3",0.0850534470523538,0.437176147954354,-0.516700171089835,-0.316603104010973,0.791615876393489,-1.30243328279119,2.67997613820218
1904,22080,"p8","m3",0.0195088096007238,0.490136466964628,-0.499546480149028,-0.293251084884802,0.654212092118578,-1.60043599613901,2.5798931256467
1905,22086,"p8","m3",0.00843688883943883,0.356507776628295,-0.478618639129196,-0.173583483242072,0.657398706877301,-0.819482357962114,2.73455658874918
1906,22095,"p8","m3",-0.0267184332578368,0.4113070189384,-0.551705425214571,-0.234516948374889,0.710357264393577,-1.22192846077221,2.93158465349054
1907,22102,"p8","m3",-0.0250071861331999,0.3580956008081,-0.549205841005862,-0.255671027909115,0.745299226963655,-1.25546732250486,2.75613815168652
1908,22106,"p8","m3",0.0297767639105974,0.482592392508359,-0.435075468703442,-0.20672250592372,0.761454580145564,-1.13908377981927,2.759042968281
1909,22121,"p8","m3",0.0140877414577327,0.323688964841049,-0.642996385767558,-0.248603870069055,0.696680623077836,-1.37553251772807,2.93055143274854
1910,22165,"p8","m3",0.0195061551794352,0.461860232485728,-0.48424360063896,-0.316479803315224,0.792004098451948,-1.7016197036459,2.75824325962124
1911,22190,"p8","m3",0.0316732276342242,0.457386560214041,-0.581220739181561,-0.129879155473031,0.670606665522398,-0.652724024388364,2.69282620337456
1912,22211,"p8","m3",-0.0255216366614256,0.547083503141623,-0.438533323901218,-0.239558977501685,0.655885226751271,-0.869053806889034,2.47481099867456
1913,22219,"p8","m3",0.0558972698119017,0.505517811393686,-0.512768021180293,-0.264515625856258,0.775631880972886,-1.01175305458884,2.77418046819753
1914,22228,"p8","m3",-0.0498752685072483,0.364021836607216,-0.573559813780047,-0.222683925749079,0.678123149943666,-1.22958327864674,2.75400433744381
1915,22229,"p8","m3",-0.025841130737002,0.43983608881014,-0.496254296399599,-0.21821653252417,0.62920534443326,-0.578998700945794,2.61411780062882
1916,22246,"p8","m3",-0.106185025495903,0.465973649212837,-0.614540861615734,-0.20674306710478,0.645117312607313,-0.889527798015866,3.13429329516285
1917,22253,"p8","m3",0.117741684938333,0.57570011181187,-0.444294587425375,-0.171662054664648,0.717416055809049,-0.948114052315478,2.29016871366534
1918,22260,"p8","m3",0.0354151389160769,0.438047124396068,-0.541247067221943,-0.262781707579467,0.688671216713965,-0.788980637845116,2.75347197435352
1919,22267,"p8","m3",0.042802098363041,0.506257502141589,-0.485274796229518,-0.239232122248973,0.654001374253048,-0.862107452025758,2.36480008815329
1920,22272,"p8","m3",0.0410132149690304,0.329408241064889,-0.448921842552179,-0.232826438665525,0.717318695660118,-0.973831348634728,2.56696771964796
1921,22276,"p8","m3",0.0440258005549066,0.306534185995358,-0.54649664708603,-0.34166152086572,0.710278321993435,-1.06622558329374,2.96243637869107
1922,22310,"p8","m3",0.113254761235829,0.42927509933541,-0.501434775497292,-0.267131392989661,0.808231254325679,-1.3436462137475,2.49587844339143
1923,22318,"p8","m3",0.0788700457035594,0.475529546713265,-0.412791962119469,-0.215650832417634,0.786883114847352,-1.0759906808414,2.47948218378302
1924,22320,"p8","m3",0.0477594694170101,0.485850120898913,-0.515825134017682,-0.22915551729921,0.675168087423664,-1.10528795740671,2.5922005749113
1925,22321,"p8","m3",0.0598294145427489,0.44340632381037,-0.523331748902866,-0.25678337481619,0.68774199952371,-0.691321934465326,2.65974490735419
1926,22327,"p8","m3",0.0952155963960021,0.43387136244333,-0.465491124616311,-0.270649823922633,0.738836173202882,-1.64533180742822,2.66272131742715
1927,22335,"p8","m3",-0.0185390535596367,0.481911937881053,-0.677828606919276,-0.20444943565915,0.652530687259801,-0.638997759124377,2.87923191553652
1928,22349,"p8","m3",0.0347535531805274,0.394514695622208,-0.526783005610601,-0.213497692917165,0.763384027037406,-1.55773766636481,2.79639135274985
1929,22355,"p8","m3",-0.0119334282955058,0.427731262858069,-0.641978780012649,-0.280335680660254,0.762215139668516,-0.900683060913143,3.28308599132521
1930,22374,"p8","m3",0.0196249899373773,0.463296792060912,-0.509521222636977,-0.260643495908607,0.666630316999256,-0.523411083493083,2.66065500669686
1931,22385,"p8","m3",-0.0315240297206133,0.462359119088284,-0.539325603166177,-0.15514506351338,0.636964621489904,-1.22875209043732,2.72939715297517
1932,22389,"p8","m3",-0.0609377170007692,0.469455886800908,-0.665501092714395,-0.263426637357645,0.609440682314441,-0.913110313754592,2.99363798541346
1933,22429,"p8","m3",-0.0420461610494049,0.418552494081421,-0.602278910443994,-0.280415771010467,0.70988518541395,-0.723769444488178,2.92929507517222
1934,22435,"p8","m3",0.0328966253658649,0.484425801002633,-0.428624407806759,-0.10419568318282,0.770872324839114,-0.460198582390898,2.32349331897427
1935,22445,"p8","m3",0.0516861358452295,0.320403547484653,-0.550519574936048,-0.301967401408916,0.722814927309666,-1.18845394397534,2.78758822501233
1936,22455,"p8","m3",-0.0489361952988099,0.403681944329657,-0.578787997543627,-0.138241965328116,0.603075047893159,-0.818225484051575,2.51738037151734
1937,22460,"p8","m3",0.0820446242213145,0.420093674778522,-0.498128145226874,-0.239671536136456,0.784795954757599,-1.10911189651531,2.43486865447519
1938,22472,"p8","m3",-0.0508472778625979,0.502266187926537,-0.554897374484817,-0.227982804398234,0.646002441081712,-0.794514444473759,2.9663281456753
1939,22487,"p8","m3",-0.0896604463416523,0.530355004840954,-0.628681292410031,-0.360706563452997,0.590543756898208,-1.21473972693405,2.99911577169379
1940,22513,"p8","m3",0.0048867257598474,0.579085221215824,-0.614397701431233,-0.169361112857558,0.672914016257998,-0.620537384174045,3.00762642449197
1941,22527,"p8","m3",0.0305788636955759,0.547292888840598,-0.516431712462737,-0.228321914243954,0.6563641285202,-0.521619776344119,2.50893063697833
1942,22528,"p8","m3",0.0157147863644154,0.509450735787897,-0.454576126719058,-0.167977603064784,0.707358199376021,-0.869781545127975,2.3801872677509
1943,22545,"p8","m3",-0.0298893296627229,0.493907919671008,-0.480728429388069,-0.257073727161774,0.688954024066279,-1.07130714317113,2.510975212108
1944,22549,"p8","m3",0.0675973113995365,0.538060953406074,-0.555561096901516,-0.222637274614087,0.713213647090258,-1.22984945626615,2.77242008431448
1945,22550,"p8","m3",-0.0426592099296979,0.417358581396393,-0.605144097887273,-0.237281412103875,0.640574753067576,-1.30903468786397,3.30899194632919
1946,22560,"p8","m3",0.051888450703782,0.546148470376237,-0.420280696945491,-0.273419205274318,0.703293670540947,-0.839462230661886,2.33000880104728
1947,22568,"p8","m3",0.113869883702277,0.438943692206859,-0.447613845481571,-0.384505665307721,0.762692254117507,-1.23947762862442,2.37070471885642
1948,22581,"p8","m3",0.149297312395571,0.373481169248941,-0.355747725026619,-0.31208224673411,0.770870333068349,-0.848554090879775,2.15042125554103
1949,22605,"p8","m3",-0.0700399527654789,0.523775111399596,-0.581472806245582,-0.249389433447591,0.665892560085724,-0.622376739623574,2.58982912291051
1950,22616,"p8","m3",0.042580817970536,0.522529242636233,-0.508423244123914,-0.174351151997919,0.759250336615285,-0.838675875826048,2.4529831247508
1951,22620,"p8","m3",0.12591782545101,0.505189803507239,-0.375130998533024,-0.0986814587054806,0.778627706789137,-0.704734942101495,2.30215811327873
1952,22624,"p8","m3",-0.0460150079436438,0.49548859119721,-0.576243241926306,-0.32230799114156,0.626583757259769,-1.41752821465943,2.9221483570676
1953,22629,"p8","m3",-0.0460825205087195,0.469987055465195,-0.610412182124932,-0.27199355351183,0.609083621856788,-0.576214305495342,3.01881277119663
1954,22670,"p8","m3",-0.00695342815266198,0.426127801936892,-0.531828995891688,-0.354503151612708,0.666947268020376,-1.37661805053857,3.03827792430286
1955,22680,"p8","m3",0.0733739872805333,0.35010000705863,-0.522318703165924,-0.272437706984606,0.815731143604542,-0.889498648984175,2.69161211717786
1956,22684,"p8","m3",0.0171759391364591,0.403881496931713,-0.47089579211233,-0.123538664470792,0.763615042093742,-0.214969694841514,2.84958564286117
1957,22698,"p8","m3",0.144844683499552,0.42160249432125,-0.360522874575817,-0.187598091504645,0.882243406486136,-0.846689510402814,2.27395182468067
1958,22706,"p8","m3",-0.0151674693936426,0.434372727930426,-0.508401218774102,-0.224831053483637,0.771716902491837,-0.685091485113229,3.10765830864797
1959,22732,"p8","m3",0.04985309025802,0.311394572982461,-0.46463466259274,-0.215357960961376,0.718026040450394,-1.65342270849599,2.28078364978479
1960,22753,"p8","m3",0.154463169758284,0.301094562149146,-0.455129088441578,-0.225628328963327,0.806071731819009,-1.0464665875592,2.6153696165082
1961,22764,"p8","m3",-0.0444300789118991,0.611255435022194,-0.460780158442068,-0.274902381668514,0.662168157308305,-0.491190592126318,2.77377084882797
1962,22766,"p8","m3",0.0339269368651953,0.400010140189186,-0.531649978655523,-0.247932063455977,0.72206051153058,-1.56053491541621,2.94145235303358
1963,22770,"p8","m3",0.0839056231652035,0.345172031542247,-0.611171918737503,-0.250089126106656,0.752338978253991,-0.915450137103606,2.75839702400715
1964,22792,"p8","m3",0.0803853496220169,0.430447047973439,-0.427703588867854,-0.1916432455101,0.757695553763175,-0.959974244452145,2.53087417091321
1965,22793,"p8","m3",0.047464268528503,0.517967381008729,-0.487625561598184,-0.199790034896101,0.809297946123764,-0.86063347535329,2.61819244576946
1966,22814,"p8","m3",-0.0163321853394656,0.409243351304087,-0.698353145741421,-0.307995768850764,0.620563663942121,-0.678156145505169,3.16339592002988
1967,22839,"p8","m3",0.1181921929807,0.448586547328398,-0.462083218183494,-0.215744826901176,0.79824161252693,-0.932965138271381,2.51478955220806
1968,22842,"p8","m3",0.0359275294002577,0.617088347956876,-0.48679149103277,-0.208254620054336,0.713252687460043,-0.976930695102108,2.48014173015499
1969,22853,"p8","m3",0.0981022062953581,0.365916811009683,-0.564862711099123,-0.26669235076382,0.85416296310865,-1.15008071520572,3.08478433250291
1970,22861,"p8","m3",0.0838538075931127,0.618517965443052,-0.465432249359232,-0.101425348436481,0.783896668509368,-0.57812883308204,2.56211903409414
1971,22896,"p8","m3",-0.0560797754859432,0.417807522297532,-0.592420432026414,-0.234005934747938,0.682883835719439,-1.15234886959278,2.90446721130147
1972,22904,"p8","m3",0.0909554504334313,0.466211064581277,-0.492530052401203,-0.244298020711829,0.771112752953911,-0.946043938368485,2.52295123116893
1973,22994,"p8","m3",0.0333533978490477,0.491308518087409,-0.52921820286406,-0.231769226579517,0.678423221557563,-0.614606898775495,2.92396542568444
1974,22996,"p8","m3",0.150535629852798,0.423360793588116,-0.440828504434333,-0.266999183722404,0.84832154699687,-1.20362217591747,2.61422036610756
1975,23002,"p8","m3",-0.00987654106844404,0.361639443412845,-0.580284569614718,-0.142295766976658,0.663252761354156,-1.11973321210815,2.90035492877597
1976,23036,"p8","m3",-0.0422740749959357,0.403106099858592,-0.517466695611228,-0.204223945933754,0.685998497619341,-1.34510466627272,2.80657866760731
1977,23049,"p8","m3",0.101594787150391,0.475083234196315,-0.369914974317455,-0.137830303256588,0.830570818589328,-0.747776262475469,2.14129122055439
1978,23051,"p8","m3",0.016118059729443,0.350651065733098,-0.519208812449451,-0.28163805045072,0.740301512509435,-0.946900200343093,2.95031147721402
1979,23072,"p8","m3",0.143537859249321,0.640826701608266,-0.404872841240687,-0.212499096629091,0.806061017510069,-1.0995786992471,2.2836246101961
1980,23079,"p8","m3",-0.0122822703686259,0.431642122473739,-0.644533688876716,-0.289307807292673,0.666183780576183,-1.11655299705149,3.17558629539089
1981,23091,"p8","m3",0.0894066675544175,0.584515568374914,-0.414681605293958,-0.245280717178062,0.767159740039225,-0.964208975458948,2.42973162096669
1982,23119,"p8","m3",-0.00662038308488517,0.334668486577394,-0.544539624054453,-0.254948584750438,0.646353868135899,-1.10631886275757,2.85329049699006
1983,23127,"p8","m3",0.157261490036042,0.529060412086596,-0.361005002931029,-0.14922654741406,0.841464815729048,-1.20261056364499,2.26704067274785
1984,23129,"p8","m3",0.0400585084212654,0.537652377001484,-0.569565245046467,-0.207755046182514,0.69071856848292,-0.749463337646175,3.05576013096667
1985,23155,"p8","m3",0.128629374924645,0.502658211728803,-0.38533772669573,-0.262564188963156,0.769434920745589,-1.04498623838136,2.3215271193697
1986,23179,"p8","m3",0.0506348259408786,0.338895223140599,-0.370428448280727,-0.342995802019103,0.760393522698723,-1.18354498399589,2.305701269812
1987,23193,"p8","m3",0.126510086036263,0.589661974728906,-0.43691604127278,-0.252004699504035,0.763675699693397,-0.695103151748806,2.1502338323629
1988,23195,"p8","m3",-0.0450030866383264,0.615199730451823,-0.494104027009151,-0.184513774336064,0.602144835642238,-0.59774320942218,2.69301877124194
1989,23200,"p8","m3",-0.00163153604089951,0.471615936822674,-0.582916222773241,-0.218844012463214,0.725540052556732,-1.37492515624411,2.7796733809389
1990,23203,"p8","m3",0.065898096786731,0.392048159936521,-0.554727036525551,-0.336968037835865,0.746455109786192,-1.61357861503169,3.04464443063512
1991,23232,"p8","m3",-0.0193980384825961,0.452141052533289,-0.518285557702308,-0.207294033394411,0.696405013718402,-0.712373365081496,2.89744292108228
1992,23233,"p8","m3",0.0915512676553212,0.438424997794396,-0.528857767869542,-0.243878896436768,0.790121972585502,-1.14859012101933,2.85144682521018
1993,23248,"p8","m3",0.0152694522670254,0.435096684844104,-0.508419426049482,-0.207458116665919,0.695405070243559,-1.17625300738456,2.64578836908183
1994,23253,"p8","m3",-0.0218450475231372,0.502857230567079,-0.546285896291173,-0.276956691845884,0.712579442653593,-0.78367056751913,2.89307810399174
1995,23276,"p8","m3",0.031976577252162,0.549611547168031,-0.387053956196489,-0.222161447223897,0.653251281015966,-0.535708943462086,2.22490901294164
1996,23285,"p8","m3",0.0184117200287595,0.484443786996866,-0.508079538974866,-0.259057161687407,0.71821507709781,-0.611456546043065,2.78126598050939
1997,23286,"p8","m3",0.0353085932609512,0.418896619709188,-0.516545968607961,-0.304915013586182,0.771205846939295,-0.877457307069312,2.87570714173262
1998,23322,"p8","m3",0.0911566334249679,0.445194682329618,-0.366749931236675,-0.144254392144546,0.78517780241034,-0.655394932234205,2.2799383302234
1999,23334,"p8","m3",0.0488461706619807,0.408874450059529,-0.47271015033205,-0.124231967424281,0.73135505110923,-0.996993613945809,2.47125518366367
2000,23336,"p8","m3",0.058897259164582,0.547821500912676,-0.423102792495729,-0.123256627004442,0.703302185807707,-0.770405569616219,2.68335888905568
2001,23352,"p8","m3",0.0882998318278637,0.403444178162282,-0.504933950413619,-0.194481764554011,0.792382486375562,-0.947542911898842,2.59643139444214
2002,23354,"p8","m3",0.0838417522201568,0.417408642851605,-0.473878731791516,-0.293614458547563,0.786700060604434,-0.926190057949406,2.80160889409427
2003,23361,"p8","m3",0.0634411074975003,0.265857032613078,-0.352143386335288,-0.252740403588195,0.826160484034783,-1.28934570272753,2.45335907475118
2004,23385,"p8","m3",0.0189714689487451,0.465330954900279,-0.434220099710146,-0.260892104159948,0.701239754151536,-0.798181158604609,2.60841047311207
2005,23390,"p8","m3",-0.000284087513611269,0.483884820888334,-0.489732586160808,-0.219143470534331,0.667562625666024,-1.14636074075743,2.69730304000627
2006,23444,"p8","m3",0.0248543830289371,0.320167815359163,-0.482052473316316,-0.250544365575439,0.721822451388916,-1.15817894530629,2.59267102870059
2007,23454,"p8","m3",0.0211856983180827,0.508504057301732,-0.641967369965836,-0.255341105999513,0.691719176207542,-0.813697711973383,2.85631524506351
2008,23471,"p8","m3",-0.0622202324270373,0.431627897164514,-0.582398764975285,-0.289804471643746,0.642192260216591,-0.99732956596051,2.82752345819605
2009,23489,"p8","m3",-0.000947928297875907,0.362136136908785,-0.443299034402108,-0.203009854909779,0.746186811561565,-0.520335841613339,2.64781225405108
2010,23529,"p8","m3",0.0623689209400616,0.516980577289549,-0.478708369662097,-0.289764043782489,0.692247254015392,-1.03975758056082,2.38609315514921
2011,23531,"p8","m3",0.0239887824460185,0.443657726188496,-0.48843690483152,-0.210109679649425,0.716539406536481,-1.20331476128997,2.4596261946909
2012,23545,"p8","m3",-0.0124100712368061,0.368571712255408,-0.395662990069525,-0.31339799449926,0.730064437465647,-1.42826907304265,2.30465556300371
2013,23547,"p8","m3",0.0115097921911457,0.396831797097701,-0.531130227553065,-0.214281695771834,0.719265781019293,-0.771515706697573,2.63436079356501
2014,23567,"p8","m3",0.161539211375967,0.450873709819227,-0.454914587811641,-0.181946563840142,0.877343684316252,-0.955802060903245,2.55667808015828
2015,23572,"p8","m3",0.0568408741189178,0.447974032268198,-0.477778378688057,-0.204548236031372,0.784470244571675,-1.16214870411315,2.66510487306965
2016,23578,"p8","m3",0.0236158811717034,0.426822454153234,-0.48362227047899,-0.170670374289046,0.75308246638434,-0.79421745475012,2.69664303266025
2017,23579,"p8","m3",0.0128408102082304,0.521067654593276,-0.52707385938983,-0.183468660139031,0.667050618174008,-0.767404584352248,2.71027883769606
2018,23591,"p8","m3",0.024434157853079,0.428810177514996,-0.499021483121907,-0.253294684687855,0.729843724374018,-1.02900369587994,2.88248874607574
2019,23598,"p8","m3",0.000691703351544176,0.3960572811875,-0.459641063346281,-0.22050356584536,0.723149880472882,-0.869941255190293,2.27092707171202
2020,23599,"p8","m3",0.0306045756337012,0.389253860171174,-0.51524802540993,-0.26043387335487,0.702245446608264,-1.05405798412815,2.84720138225096
2021,23612,"p8","m3",0.0231347193595224,0.465598666741613,-0.445013952736039,-0.309900690388405,0.67903534005225,-0.753727974636949,2.66775317910333
2022,23617,"p8","m3",0.180684409654906,0.420886403599051,-0.403253086283925,-0.22247928865569,0.88497553567588,-1.11264957536702,2.52522842197958
2023,23623,"p8","m3",0.0305984450056875,0.384114855912885,-0.572845949858738,-0.259522990209716,0.730484515358957,-1.33291274716133,2.93520711359554
2024,23653,"p8","m3",-0.0433299198770866,0.410068217833666,-0.542825402568407,-0.326642211516591,0.617545383941038,-1.38065450150984,2.87544283517722
2025,23662,"p8","m3",-0.0251170108914406,0.374527247251412,-0.499522238904796,-0.228538392326458,0.680868408961096,-0.923379699939442,2.9565508824119
2026,23674,"p8","m3",0.176296923377529,0.502827377612797,-0.530127786336865,-0.358438169151779,0.833432217539984,-0.805823159878355,2.63754630756556
2027,23721,"p8","m3",0.0938228353418657,0.332102318017935,-0.434697461885034,-0.312525746302655,0.760143588202972,-1.17893019583235,2.67285663396744
2028,23730,"p8","m3",0.039018865805543,0.394319991898375,-0.549529829009962,-0.275665173589295,0.767384636356678,-1.62026564178969,2.83011058454916
2029,23736,"p8","m3",0.0193430780965615,0.455707549259038,-0.481963849377058,-0.284492272557311,0.656771652200819,-0.943859361132124,2.77410664210571
2030,23751,"p8","m3",0.0261824365582631,0.472403139741419,-0.462060300669566,-0.123680768607277,0.744422794487798,-0.550754011428832,2.45764918556942
2031,23759,"p8","m3",-0.00560472796404814,0.340908932559639,-0.591505627138443,-0.33614380547225,0.71037593379366,-1.6072150529753,3.13673876936408
2032,23767,"p8","m3",-0.0464661276819046,0.36159305946647,-0.546519499074215,-0.273660886317828,0.649502491650404,-1.32243903071577,2.99307230002805
2033,23784,"p8","m3",-0.00552182850428578,0.493418772831896,-0.57167043462658,-0.162721281564024,0.735518785154702,-1.32415535490767,2.82484228501421
2034,23791,"p8","m3",0.0174680924227651,0.46224317358001,-0.59880473756975,-0.25070351304049,0.693850001372246,-1.02718289145232,2.72297478258557
2035,23797,"p8","m3",-0.0779279265292344,0.498021227050826,-0.642666957115845,-0.275029006007705,0.651123540064962,-0.788384347277438,2.97425107495745
2036,23825,"p8","m3",0.0507314625629504,0.492419287636688,-0.535472760676293,-0.240518523189261,0.753965257401654,-0.734561798104827,2.59925309486843
2037,23837,"p8","m3",-0.0752993772923303,0.290219132810952,-0.6348177066962,-0.295891090180817,0.580378416306528,-0.858861352250029,2.92825324136802
2038,23856,"p8","m3",0.0410169453821533,0.526096669640418,-0.558953772023455,-0.26956732461206,0.697379413769666,-0.784539599567735,2.61945636043736
2039,23865,"p8","m3",0.0667754866310805,0.317536475770169,-0.581090650135376,-0.33009419611507,0.828530640561653,-1.86448468007982,3.13486733139952
2040,23881,"p8","m3",0.0629124095150552,0.499859724731772,-0.464172664566034,-0.241776195359455,0.803862803795823,-1.22025286335429,2.75749720040644
2041,23894,"p8","m3",-0.0103355846966941,0.497482555889649,-0.543660418995017,-0.185013291149845,0.732257330133895,-1.25394931853069,2.83807057683119
2042,23899,"p8","m3",0.0149969178199873,0.39327801757645,-0.500442747081923,-0.213117711540049,0.724199965800521,-1.15526730238098,2.4091751316724
2043,23908,"p8","m3",0.0722756937589017,0.514757145544934,-0.514292646478039,-0.243969162267933,0.719097878789245,-0.967608064501391,3.0082171809854
2044,23924,"p8","m3",-0.029679906018063,0.619121766389312,-0.449594226140272,-0.194493362978938,0.727603031502633,-0.538187734115197,2.86564286003745
2045,23933,"p8","m3",0.186292721752936,0.56634707483418,-0.319224429130149,-0.173603382622951,0.818371406555839,-1.12785268360622,1.96524270185172
2046,23973,"p8","m3",-0.00474343459337773,0.518587111242763,-0.517905908875014,-0.248482378488687,0.727459077661106,-1.07593232750454,2.7456357054571
2047,23975,"p8","m3",0.00128218094547909,0.441300992546868,-0.443616743130714,-0.294482655346338,0.710612417368285,-0.821635101406911,2.53328358196576
2048,23985,"p8","m3",-0.0188609364007875,0.440746121240644,-0.504222238455794,-0.315576740822739,0.638114375049093,-0.85140032239453,2.70221129784523
