"draw","source_draw","id","assumed_model","alpha_0","alpha_1","nu_0","nu_1","tau"
1,7,"s0","m2",-0.0567803378070804,-1.39401330831707,-0.0149471011232502,0.377900152268258,0.261015312009694
2,25,"s0","m2",0.106501949197593,-1.42415596854686,-0.0711836093846826,0.13944869762394,0.279835611910998
3,54,"s0","m2",0.101687507524487,-1.40055116394962,0.101466641190277,0.284969360675057,-0.377214904921389
4,76,"s0","m2",0.285450882420934,-1.26780217390667,0.602800104673396,0.570965041875032,-1.59107768144349
5,79,"s0","m2",0.137458953597912,-1.44456083360158,0.0657363536100668,0.160537177187777,0.00189163188503119
6,80,"s0","m2",0.0617440498954805,-1.29139923136941,-0.313758771297834,0.456523910345581,-0.343099332102392
7,87,"s0","m2",0.111860727793562,-1.43622320214109,0.0878926317061805,0.214864287193116,0.496617325215229
8,93,"s0","m2",0.186415082106499,-1.34199452046483,0.408464604655751,0.41311345551502,-0.887440492994
9,98,"s0","m2",0.135356315691602,-1.39476304362714,0.10970342246238,0.301085288724171,-0.518679509107867
10,100,"s0","m2",0.254599215667915,-1.32279403007107,0.306892677573392,0.465208014535884,-1.62720885505083
11,105,"s0","m2",0.143355601732426,-1.2977561123836,-0.140130569015718,0.292768556184314,-1.07768292875818
12,109,"s0","m2",0.274424849998461,-1.28030084355956,0.353225869571046,0.400236011945717,-0.768171698871681
13,121,"s0","m2",0.127716436467452,-1.32048516967081,0.344692585506456,0.533904776708629,-0.543004993472032
14,128,"s0","m2",0.0839454422485413,-1.42347767054682,0.0675146241771413,0.397627529202114,0.0957219070907907
15,143,"s0","m2",0.176205831886576,-1.38158867582862,0.0092259578693982,0.52004361504486,-0.269639254080956
16,144,"s0","m2",0.387238570115897,-1.36976775217542,0.704547822743651,0.310543905576425,-0.380696732837028
17,192,"s0","m2",0.182138452103999,-1.34197885534252,0.0501661176941312,0.277426922099268,-0.518279132312381
18,198,"s0","m2",0.233520041214421,-1.27025456426623,0.346887336057523,0.453495575161872,-0.853651056078338
19,216,"s0","m2",0.187709589567616,-1.39831886944247,0.328251354663118,0.245242289575666,-0.590553399701722
20,235,"s0","m2",0.226661945761711,-1.39131254960818,0.440602884191985,0.244756534116557,-0.670344918696588
21,238,"s0","m2",0.156953631891952,-1.3475588464079,0.297605753965242,0.581164587914307,-0.492274376281807
22,255,"s0","m2",0.078453702189185,-1.41244773035807,0.266814493234042,0.0110921033653395,0.147643633365152
23,262,"s0","m2",0.0493980740231871,-1.36737473991005,-0.754433111201146,0.284200142490573,-0.627958013593195
24,266,"s0","m2",0.102172058018608,-1.43508453546334,0.175142409641144,0.257039394291959,-0.141253952400932
25,267,"s0","m2",0.261650753767449,-1.41185241676926,0.281248515921202,0.346037420552144,-0.241675579878755
26,276,"s0","m2",0.0214079288542657,-1.41603476511777,-0.599012463710946,0.303689990208853,0.440058632152097
27,291,"s0","m2",0.124042125111126,-1.33475923337155,0.419766437928007,0.39780219230092,-0.708626553913223
28,297,"s0","m2",0.0634766462682762,-1.37608447609764,0.351633843100134,0.221269416920202,-0.22884358233152
29,303,"s0","m2",0.299200569754032,-1.41055902446664,0.659177696220536,0.313725557527691,-0.56953071389484
30,309,"s0","m2",-0.0153004712010642,-1.37349738127704,-0.533243485509441,0.407577888846121,-0.293785849119055
31,322,"s0","m2",0.248592327030788,-1.34917449316679,0.345241023705774,0.426951840028607,-0.768940343747817
32,354,"s0","m2",0.0890879169891129,-1.32907239602896,-0.0668406896143194,0.356017212194846,-0.799535514353497
33,357,"s0","m2",0.107967919415449,-1.38229430475352,0.0889792871649704,0.526180583937026,-0.35468564493698
34,359,"s0","m2",0.271342623918827,-1.30862711960161,0.445375570120377,0.283466954342526,-0.507119555752882
35,360,"s0","m2",0.103955672032254,-1.31154023295061,0.249442629312866,0.519932882325923,-0.300838501417885
36,365,"s0","m2",0.0970426954946374,-1.38538066001862,0.165684278095893,0.439526671112068,-0.654447620489247
37,369,"s0","m2",0.206243311589356,-1.31501479841783,0.521620111343187,0.454488514263133,-0.830569674191702
38,389,"s0","m2",0.11448266908115,-1.24139239879213,0.00869581428617463,0.55595912430545,-1.04397195797096
39,393,"s0","m2",0.229799094421828,-1.32508696708844,0.163574519409704,0.249455546586619,-0.909977684668502
40,403,"s0","m2",0.229905700494102,-1.28383144125407,0.343514165193577,0.44949088922896,-1.36091923574243
41,406,"s0","m2",0.146494996339625,-1.36178275528852,-0.022485642399868,0.37590667645256,-0.778923054169746
42,407,"s0","m2",0.238176304668537,-1.36999274991238,0.543577241370005,0.395947882690823,-0.379054329929932
43,412,"s0","m2",0.0642862120042348,-1.30488692879162,0.0634864713662117,0.347745696665095,-0.848248725025715
44,420,"s0","m2",0.177321043255548,-1.43203110514319,0.218126236820974,0.472714071694628,0.380311441582838
45,444,"s0","m2",0.192636690784292,-1.34933907712873,0.191955165320372,0.189911531493058,-0.985211777055737
46,465,"s0","m2",0.083562909803662,-1.34154592795734,0.222408143201537,0.48489060370058,-0.489819995717372
47,496,"s0","m2",0.111448406427188,-1.37957981718746,0.16426797419924,0.369211058198677,0.193688064262002
48,498,"s0","m2",0.181092138987541,-1.45160818491792,0.0393053512925862,0.256366925993826,-0.10985367987782
49,516,"s0","m2",0.212364396815956,-1.31233821842061,0.122130476547722,0.536812671067989,-0.960570403600067
50,523,"s0","m2",0.168747586815819,-1.35831532068406,0.300690940329701,0.386749956860294,-0.304340006557074
51,527,"s0","m2",0.0898085951684515,-1.3217041008012,0.238225800414963,0.528887016815014,-0.565740935626107
52,538,"s0","m2",0.211562939628516,-1.45153313341814,0.379389856819581,0.236282935881756,-0.398063839135815
53,540,"s0","m2",0.0637319470736889,-1.34483755308773,-0.391606550892059,0.0945496892740793,-0.433538647857528
54,552,"s0","m2",0.205893345029706,-1.28188712638716,0.287224476886577,0.435824531819726,-0.531306415765238
55,565,"s0","m2",0.116175687851577,-1.31744253864752,0.00550532471869007,0.463336455368971,-1.11460617247598
56,598,"s0","m2",0.0536430906113891,-1.27706156830647,0.195410438401128,0.383469302409076,-0.917666620045623
57,601,"s0","m2",0.0824343019746544,-1.30326077989255,0.158870707415104,0.554455030343088,-1.24405114265456
58,602,"s0","m2",0.177601357131954,-1.4732521325984,0.490706772676073,0.284965335508785,-0.0913155955838071
59,603,"s0","m2",0.0412633260500809,-1.33918423615335,-0.452627703358013,0.432486936839218,-0.777346377248004
60,608,"s0","m2",0.26077474258979,-1.37419946025795,0.299687802568507,0.489003382023721,-0.169436385277384
61,624,"s0","m2",0.320122824324933,-1.35830284935008,0.46834574797517,0.472314979764515,-0.93000050399438
62,625,"s0","m2",0.179804300188826,-1.37397854646235,0.426010421454333,0.357510975252064,0.350652021124897
63,636,"s0","m2",0.0360287989252551,-1.2649845194257,0.136956132717897,0.466492633013771,-0.728824291412491
64,639,"s0","m2",0.0680322057770955,-1.34106864046924,0.325066859510386,0.321516968544293,-1.2400674202941
65,654,"s0","m2",0.344737418076752,-1.27439085723246,0.548970989309539,0.514648983680717,-1.4198893893982
66,665,"s0","m2",-0.0163636955343496,-1.42046025320218,0.144134495361898,0.240007864913914,-0.200000726915548
67,668,"s0","m2",-0.0204504815160844,-1.38909429196478,-0.130505553115034,0.194347083316662,-0.188041490473951
68,675,"s0","m2",0.214667083912587,-1.34612475287116,0.364687778183359,0.424739227107161,-0.203956427137801
69,684,"s0","m2",0.130269675005513,-1.48369088985309,0.180976930198873,0.190969826931516,-0.251938630141754
70,705,"s0","m2",-0.0181817645110997,-1.34939033636554,0.0373639361566913,0.398816820770502,-0.449639448731837
71,731,"s0","m2",0.107631688884228,-1.41282196130461,-0.0699632837651336,0.374466458774949,-0.0336132582263777
72,740,"s0","m2",0.220568965044099,-1.34898332039476,0.374256120670946,0.438015849511702,-0.183798803118283
73,752,"s0","m2",0.242038689368263,-1.37669921258988,0.494234298523136,0.281651450171376,0.0417251136076164
74,764,"s0","m2",0.186209062641699,-1.31070759605383,0.36379503037312,0.325077351734521,-1.11940889602224
75,777,"s0","m2",0.0663221869680452,-1.36338539095129,-0.179744465725384,0.376839208430125,-0.553505439042859
76,792,"s0","m2",0.110344853050482,-1.37763000066908,-0.0844997761287803,0.373834548915256,-0.585158630031813
77,793,"s0","m2",0.181706252679845,-1.40424687684281,0.43832079589283,0.299055782892863,-0.35543321715504
78,829,"s0","m2",0.172859863743176,-1.46111378765261,0.0264276088524662,0.308087764679154,-0.094812924899571
79,865,"s0","m2",0.129858679765473,-1.35378586382065,0.316464447128266,0.298654494319156,-0.583181890869294
80,895,"s0","m2",0.117633786804894,-1.38339846744138,0.114152686215334,0.335751394351022,-0.392100533668743
81,918,"s0","m2",0.103233750348748,-1.4217154506547,0.0339618363804919,0.53538339162909,0.0851906701547424
82,923,"s0","m2",-0.0224632848476475,-1.31959649706649,-0.678274270095743,0.223283838784981,-1.03132321985677
83,940,"s0","m2",0.175685341128291,-1.45326590235615,0.0676402532039656,0.171742870450307,-0.237174508855064
84,947,"s0","m2",0.17576102863794,-1.42080984833898,0.220051733331978,0.272647384313996,0.0375838273463123
85,971,"s0","m2",0.211243542418971,-1.38942147006026,0.21084499445917,0.332448761115504,-0.188050187387665
86,1000,"s0","m2",0.0230554643862835,-1.37790770972117,-0.235449963413634,0.299023809356021,-0.532694616587149
87,1008,"s0","m2",0.272213050690485,-1.38749891615757,0.481085721523508,0.318914135713475,-0.11574513532749
88,1012,"s0","m2",0.0263467019309535,-1.37510779610083,-0.0392654621737775,0.4872941349999,-0.544026325454397
89,1013,"s0","m2",0.209423587112769,-1.29063138745149,0.256409734504216,0.417960983652319,-0.452488858302106
90,1025,"s0","m2",0.319500360093951,-1.31027585074435,0.414531615414997,0.399237424472127,-0.772345760412084
91,1038,"s0","m2",0.146949298065094,-1.35610927228243,0.0499546205661868,0.284242665001227,-0.545214586622382
92,1041,"s0","m2",0.131590467921864,-1.42833041609999,0.0285406078700255,0.233803444074441,-0.207461340260222
93,1042,"s0","m2",0.0737893817130604,-1.34592414394053,-0.0949994370989053,0.316075455926369,-0.834058215165907
94,1046,"s0","m2",0.0796712880686144,-1.30411648493729,0.0322364180684881,0.443125584057724,-0.637418204010254
95,1048,"s0","m2",0.110520184039167,-1.37399657527738,0.0634504433881414,0.427151985079481,-0.279525166873937
96,1059,"s0","m2",0.105109513064102,-1.36699033317364,0.126127406819385,0.442136539264085,-1.01308310829344
97,1072,"s0","m2",0.105212964922959,-1.31442741549732,0.0900773238302437,0.355141024694235,-1.48863177206469
98,1080,"s0","m2",0.0947498379531241,-1.35753220021842,0.34178244932741,0.445475898002744,-0.311865878880813
99,1081,"s0","m2",-0.0684431847059543,-1.39448803827798,-0.321227219659799,0.274345855744192,-0.737778222442382
100,1084,"s0","m2",0.19525139862802,-1.43918955000496,0.196297971107326,0.35874102443977,-0.298593158950748
101,1089,"s0","m2",0.115956511547428,-1.41453065574648,0.0182333189455683,0.374739165026779,-0.06032576405928
102,1102,"s0","m2",-0.072124630699447,-1.3754445272437,-0.487126800712242,0.273065003697704,-0.960224792138679
103,1108,"s0","m2",0.0749401551777814,-1.38617720319305,0.137754164725113,0.30662484088039,-0.171298662130456
104,1134,"s0","m2",0.0879784194316509,-1.4206332133477,0.0213924338283491,0.425676206857488,-0.0124042282037166
105,1149,"s0","m2",0.0485775460475687,-1.36249744828523,0.0842315568666595,0.493716085824246,-1.14297373550661
106,1169,"s0","m2",0.264860104051935,-1.25125798432764,0.247578305502593,0.515118223686919,-1.53586769368781
107,1171,"s0","m2",0.174385931213741,-1.37641611991364,0.447882757304371,0.308912034381463,-0.292631429902944
108,1180,"s0","m2",0.196269883381203,-1.42538476421762,0.384455983648273,0.396975741917048,0.373994059116822
109,1187,"s0","m2",0.0800752028795703,-1.35083666848934,0.00353719515880658,0.424229753444817,-0.598459138976206
110,1198,"s0","m2",0.241907271093511,-1.32651944920385,0.540418744703237,0.427063508425081,-0.621285287518493
111,1206,"s0","m2",0.224863783267162,-1.40395668244122,0.168251925375549,0.373149160433321,0.152120108020413
112,1211,"s0","m2",0.122826482502378,-1.36386951998397,0.157277394168732,0.363194061655688,-0.324382361098355
113,1227,"s0","m2",0.11534617718491,-1.40548031259388,0.148288192000984,0.342046011297567,0.320952771443804
114,1233,"s0","m2",0.188515644096023,-1.34408290896553,0.351989321123812,0.282907532754727,-0.820588029934855
115,1235,"s0","m2",0.197703273137479,-1.29650402248193,0.113057563943308,0.462472863708371,-0.692053346691379
116,1248,"s0","m2",0.0787729562912204,-1.35322221426536,0.189798683219302,0.337392705439568,-0.465199247521202
117,1259,"s0","m2",0.0534164384650851,-1.40377465548814,0.112138035266626,0.377598854159459,-0.487300750893087
118,1260,"s0","m2",0.164877212541481,-1.31396919288273,0.158819433958752,0.426881353865465,-1.02218733268346
119,1264,"s0","m2",0.169940589537279,-1.33866279268513,-0.14781179858324,0.288860043996749,-0.646747827095478
120,1313,"s0","m2",0.0700929778798958,-1.25165704294652,0.25726376688778,0.545587174190177,-2.19119978022091
121,1340,"s0","m2",0.115865266278153,-1.33802139708888,0.0799130610842904,0.305612305747991,-1.03492620538902
122,1382,"s0","m2",0.117196949531441,-1.30174623787307,0.161936979261887,0.46794216422857,-0.851073715754533
123,1392,"s0","m2",0.245640408478647,-1.38373960874548,0.308958855859248,0.325152219894818,-0.123689799779024
124,1398,"s0","m2",0.133462024878483,-1.30544699807687,-0.173523237665762,0.296723941271824,-0.789714703278018
125,1403,"s0","m2",0.0864236817429654,-1.36475153462513,0.296820212103606,0.345637111952892,-0.50686737275062
126,1430,"s0","m2",0.203323765137381,-1.32743376231408,0.341134973075583,0.432701813682191,-1.67913215824358
127,1443,"s0","m2",0.18232348728837,-1.36358590769133,0.355130119874795,0.367700249511068,-0.920252157171132
128,1447,"s0","m2",0.0262695608293391,-1.35217300217455,-0.0082964393265998,0.236884788270022,-0.450129132405065
129,1451,"s0","m2",0.16647907569553,-1.46151510205189,0.379940276430326,0.514688509101949,0.464248836609415
130,1452,"s0","m2",0.121080841056534,-1.47623092716124,-0.0751253202938283,0.287279607105018,0.0529784893298258
131,1462,"s0","m2",0.0339663445218406,-1.35484327560278,0.200179680208635,0.304208118447684,-0.715490346683919
132,1475,"s0","m2",0.0514881354707985,-1.33422286849631,-0.612385437187448,0.465451041907759,-0.608946525891138
133,1488,"s0","m2",0.128746612112153,-1.42853920691149,-0.0896749762968248,0.196991866634781,-0.290372141298722
134,1492,"s0","m2",0.183050382194583,-1.3668563374648,0.265727635298837,0.484038030664282,-0.109833740500883
135,1501,"s0","m2",0.133994588465032,-1.38324987767554,0.27924742915442,0.260720411431726,-0.360580164937124
136,1520,"s0","m2",0.127049094668265,-1.41674359135549,0.358371152441272,0.225627131290695,0.3199931710857
137,1525,"s0","m2",0.0753161928337483,-1.34521959649342,-0.213263069847235,0.271552786951192,-0.4437803814572
138,1533,"s0","m2",0.174671126358269,-1.41666638172974,0.415454972331672,0.383764710167891,-0.244039577853592
139,1560,"s0","m2",0.28654775972196,-1.28274222423346,0.47166809694331,0.454575751814802,-1.1802769916072
140,1562,"s0","m2",0.305107902323054,-1.38730297243651,0.539946018409558,0.26842674202141,-0.910919565588279
141,1571,"s0","m2",0.119578447081447,-1.39380642478767,0.202786756246672,0.270129103697526,-0.705841280630866
142,1578,"s0","m2",0.222814487053105,-1.30571100680656,0.290604979616015,0.440316424336237,-0.604083356507359
143,1602,"s0","m2",0.108367011258352,-1.32812320553383,0.186094951746582,0.389033702667794,-0.747846128903054
144,1606,"s0","m2",0.0693305824588458,-1.39140218289693,0.164296677361935,0.293509004875929,-0.525783974264272
145,1608,"s0","m2",0.0843024115714331,-1.20436902685431,-0.25895177495138,0.517751271936095,-1.69764444393318
146,1609,"s0","m2",0.202517748506052,-1.36370814170576,0.0837108596112327,0.275466030460396,0.0170283917290541
147,1617,"s0","m2",0.24800493385139,-1.40766166455835,0.481642336359685,0.390718909485591,0.13308456616992
148,1618,"s0","m2",0.266853009399644,-1.42505122235195,0.326160950480378,0.351775628186575,0.378458532333513
149,1626,"s0","m2",0.00469214321436339,-1.37888960821127,0.10929621107067,0.500904502863196,-0.33565151937809
150,1632,"s0","m2",-0.05143276740723,-1.30314587201808,-0.681562387146875,0.323933533153516,-1.0595940929792
151,1643,"s0","m2",0.0253750590476239,-1.34971288331723,-0.0915947583965401,0.415316467887638,-0.00750386762454619
152,1644,"s0","m2",0.0599268609848848,-1.39433685982092,0.184646424543063,0.344342913871564,0.00805052983466448
153,1647,"s0","m2",0.11209212955382,-1.31652256302371,0.0411469300673663,0.253539858420303,-1.14147610057408
154,1658,"s0","m2",0.0202806986262238,-1.28491660867276,-0.432215547632154,0.608818586246491,-0.978708526705598
155,1663,"s0","m2",0.281080496034905,-1.30400000826171,0.499226532364486,0.511190207026311,-0.19071421950079
156,1669,"s0","m2",-0.0421281298808709,-1.29186190462279,-0.860007369830783,0.457354511295767,-0.426923537188203
157,1671,"s0","m2",0.100931947701872,-1.23733369887946,0.422936352872342,0.497299120590434,-1.47396326523259
158,1689,"s0","m2",0.187471116845039,-1.37743862103464,0.351457771499502,0.385797016899574,-0.72675513401573
159,1697,"s0","m2",0.27253270215766,-1.33854520787759,0.365547301695156,0.469934407943397,-1.14279919752919
160,1723,"s0","m2",0.272670226323491,-1.38884828242082,0.656552051592609,0.342252587480098,-0.321600818708571
161,1731,"s0","m2",0.16784010490559,-1.38295234251255,0.114023583627917,0.343030042743216,-0.879758977021874
162,1732,"s0","m2",0.104335385151572,-1.28869759800705,0.036235452531525,0.52220047721109,-0.871453101559455
163,1733,"s0","m2",0.181610626566241,-1.47388148950715,0.208789624855856,0.133051514068173,0.339300976500468
164,1763,"s0","m2",0.19485453824868,-1.28175873664864,0.230843912738095,0.482927176952347,-1.22624990187975
165,1767,"s0","m2",0.143340187555334,-1.36050687111454,0.232351098851457,0.393913321983445,-0.281130159455081
166,1784,"s0","m2",0.173432078467352,-1.29961291816383,0.26943009204309,0.590964573494614,-0.704207939069527
167,1786,"s0","m2",0.184226340530227,-1.40996882868189,0.154541288019806,0.320433968506616,-0.095352376889509
168,1787,"s0","m2",0.052067888389794,-1.40000916975789,-0.151872480238274,0.281890998454948,0.0255438439900607
169,1793,"s0","m2",0.00238179090996005,-1.33621157580707,-0.216254028011297,0.455212053750824,-0.193947241908774
170,1807,"s0","m2",0.159486555111351,-1.36768743912547,0.177034807288345,0.477824121514026,-0.319188367864239
171,1809,"s0","m2",0.178970233528334,-1.35051672382186,0.33971536336914,0.389045198125341,-0.41167069738957
172,1820,"s0","m2",0.236087842759413,-1.21584556224119,0.572926337215222,0.516696909914794,-1.35767343000471
173,1841,"s0","m2",0.214259958355364,-1.28730299111882,0.524891329864933,0.491765527529374,-0.78628777609245
174,1856,"s0","m2",-0.0214008484946563,-1.36224793198102,-0.304628082206648,0.439119460032756,-0.445204985256713
175,1882,"s0","m2",0.135508434423811,-1.28163765067441,-0.0520673909626831,0.382819868973598,-0.514286563972398
176,1884,"s0","m2",0.0664425751612609,-1.46007460355754,0.0615513466720501,0.178778477894132,0.379717465399397
177,1905,"s0","m2",0.17243651008488,-1.36506761413473,0.456069999487901,0.354562167682915,-0.271525186569763
178,1912,"s0","m2",0.137578501035804,-1.46111883210471,0.175403664850609,0.254708946486128,0.259293373266002
179,1921,"s0","m2",0.179027516309289,-1.47226821036172,0.212682908965428,0.288521342592488,-0.133072868983794
180,1929,"s0","m2",0.123464690384962,-1.38157074726108,0.21561097889462,0.369187570934292,-0.655000093346424
181,1932,"s0","m2",0.121136480342,-1.254760134292,-0.115770814152712,0.574148396294627,-1.33295107335799
182,1983,"s0","m2",0.125089431622821,-1.32836488955348,-0.0705958482933428,0.465378329682856,-0.563255714131269
183,2029,"s0","m2",0.156737762282723,-1.30587124116382,0.236566906484288,0.390875644747035,-0.509774002274248
184,2037,"s0","m2",0.129474395993256,-1.35385388467649,0.204996697167078,0.304694563828761,-0.230440896323234
185,2040,"s0","m2",0.0754431368194783,-1.25542819918905,0.172602083015487,0.393835568495359,-0.753814649661156
186,2045,"s0","m2",0.158850960495136,-1.38516386762914,0.0962465741601241,0.311456995081387,-0.167238213049054
187,2051,"s0","m2",0.151271404960712,-1.41485310904448,0.212678128272378,0.57070013174797,0.152913834648739
188,2067,"s0","m2",0.0534677127023507,-1.26621019009594,-0.27060235927202,0.358108096080165,-0.412229970211151
189,2075,"s0","m2",0.173518253760566,-1.38861343069378,0.154105594172104,0.289542614389085,-0.346494006455563
190,2078,"s0","m2",0.20189366918959,-1.27986385820715,0.323122877104306,0.250921465976031,-1.25291720408827
191,2083,"s0","m2",0.0726638135998787,-1.32234067217722,0.181841896422148,0.461568132077749,-0.754636871778755
192,2095,"s0","m2",-0.0401467283347393,-1.36500309844635,-0.351697604001186,0.439255003601816,-0.211492540343068
193,2105,"s0","m2",0.0474034210408731,-1.29982826584523,0.0577256558851605,0.44002728105528,-0.781727552576548
194,2153,"s0","m2",0.245185808664108,-1.38470414305805,0.362150602737042,0.310544638218801,0.36281990601835
195,2163,"s0","m2",0.112713277872798,-1.31430599984283,0.159334189093105,0.348751830367013,-1.07912755497576
196,2181,"s0","m2",0.220671224863974,-1.38452724709259,0.23378188833477,0.274005075331183,-0.805872401160891
197,2192,"s0","m2",0.113067365295957,-1.31820866533788,0.0600124429277338,0.443290803587648,-0.540463006840206
198,2195,"s0","m2",0.0635142379437269,-1.31713919102374,-0.230614989571083,0.336854802105195,-0.729344582201368
199,2203,"s0","m2",0.194348710049507,-1.2955180838437,-0.0350113879156089,0.510040578907218,-1.13861345128079
200,2228,"s0","m2",0.273853773806767,-1.37855608126106,0.262837033606622,0.348271160909316,-0.32458865365621
201,2232,"s0","m2",0.0143130763496708,-1.28557180316631,-0.318598674735039,0.421236334450826,-0.502445264692952
202,2241,"s0","m2",0.29866056042681,-1.37129138979809,0.37110129239669,0.427026811811628,-0.0601206341137493
203,2259,"s0","m2",0.081162898842794,-1.37399322290372,0.0439261847375739,0.413709251741607,-1.10184349727932
204,2269,"s0","m2",0.170793681568632,-1.35572211143538,0.316813147920939,0.255904451361598,-0.701469473120742
205,2272,"s0","m2",0.171205727662922,-1.40128305240936,0.26860346598261,0.0741964383110764,-0.283043498002939
206,2299,"s0","m2",-0.0071607033743184,-1.24898439828143,-0.786699200703184,0.450925097614967,-0.83921280804056
207,2308,"s0","m2",0.12937275532595,-1.43111044605399,0.0946837579814246,0.303241578037892,0.0318740556676704
208,2316,"s0","m2",0.0503828788703057,-1.35551100777683,0.287715905226388,0.520440125625548,-0.163763333468742
209,2318,"s0","m2",0.123348219240232,-1.26430504584403,-0.338957284730293,0.457981459601142,-1.71524946908422
210,2324,"s0","m2",0.228016157916721,-1.35124763375521,0.338068535793488,0.200547379254811,-0.185731711968808
211,2325,"s0","m2",0.0814988123566179,-1.31311809551379,0.298867045624212,0.345953541511651,-0.857755738841119
212,2339,"s0","m2",0.327073570980418,-1.27356602812,0.718338349714878,0.481020315316272,-1.69471124582481
213,2353,"s0","m2",0.0183070137233957,-1.36618939035551,-0.24662336206412,0.362927184433122,-0.294158791992072
214,2355,"s0","m2",0.0521407960728327,-1.27039913041324,-0.0463233780183611,0.276253973726956,-1.08723658442565
215,2356,"s0","m2",0.299169870357271,-1.42593417184565,0.393082429462034,0.0219818895151882,-0.0512677350805415
216,2358,"s0","m2",0.205814356009595,-1.31036069592614,0.436786803081516,0.253938475298608,-0.958301974254575
217,2362,"s0","m2",0.23476590492837,-1.33214796240994,0.504393857204527,0.43954438576161,-0.415851778010775
218,2413,"s0","m2",0.105400725187067,-1.3449095515911,-0.0716732733423432,0.0230784583585655,-0.359788722716899
219,2422,"s0","m2",0.086386093757626,-1.45326164750224,0.193069391063041,0.245879125197806,-0.138777279388488
220,2434,"s0","m2",0.0869527237121307,-1.36773533616347,0.164437388386075,0.393822433870716,-0.844271442248553
221,2440,"s0","m2",0.13338860805308,-1.34110483651287,0.01725670735922,0.496039943028546,-0.375089797396012
222,2473,"s0","m2",0.226927035643252,-1.33419210921781,-0.0411581616237989,0.498562536910027,-0.364292525170093
223,2477,"s0","m2",0.304371508744827,-1.35363935367829,0.475719798363705,0.413581809096583,-0.31834476389926
224,2498,"s0","m2",0.143309276713179,-1.35847006930596,0.116276656485072,0.455391727395709,-1.12908059302503
225,2540,"s0","m2",0.195368792285017,-1.36000022568356,0.297375722907203,0.31549644676509,-0.232760794748557
226,2566,"s0","m2",0.226158253935792,-1.28681743815637,0.315573067707476,0.412005424659969,-0.459423086685425
227,2574,"s0","m2",0.0327800160198622,-1.34735501114181,0.221870795332668,0.296935363436664,-0.241016724778496
228,2590,"s0","m2",0.119251589949638,-1.39513999234778,0.259025348053403,0.226968387670377,0.126006009718034
229,2609,"s0","m2",0.115504327763503,-1.34374883994047,0.215369401329274,0.297976619154403,-0.336694156900754
230,2619,"s0","m2",0.0467352038551968,-1.3980169836397,0.135926730282481,0.180502555871175,-0.100222180227335
231,2626,"s0","m2",0.185420346028225,-1.26530594363025,-0.00203699752491494,0.394693969090014,-2.10436973845049
232,2640,"s0","m2",0.197557024417865,-1.38336012705291,0.390752177114761,0.424684232267263,0.0754580773715697
233,2648,"s0","m2",0.109587614274281,-1.32486776497452,-0.0706600282153728,0.375699488671517,-0.534421453078732
234,2661,"s0","m2",0.055264143474881,-1.39237251694691,0.0999634000978401,0.233963895901391,-0.723898165347771
235,2688,"s0","m2",0.249818545918466,-1.26361809356739,0.508464854631145,0.408474439258943,-1.51242091227682
236,2690,"s0","m2",0.0891230060736868,-1.41480386070129,0.155186324197675,0.115963479898002,-0.218985377355537
237,2696,"s0","m2",0.0645441752467403,-1.33907924238982,-0.333060154441899,0.291186086428945,-0.458410669508766
238,2709,"s0","m2",0.0474607609530234,-1.3987787010059,-0.112525679641041,0.450955098584259,-0.321623032315493
239,2711,"s0","m2",0.0963937377262893,-1.30341581601231,0.192884992685728,0.473552360498481,-0.476084391568455
240,2712,"s0","m2",0.0908147800879397,-1.33605837818502,0.220489575002723,0.348462822722764,-0.689636974574856
241,2715,"s0","m2",-0.0163409945420577,-1.3088391771957,0.238557093582409,0.299556522617401,-0.442360634530909
242,2729,"s0","m2",0.079915372598365,-1.33916056600886,-0.224226694726052,0.3007212208663,-0.767631990152575
243,2740,"s0","m2",0.183055405016521,-1.37816054808141,0.204811077164647,0.310996377623807,-0.436526236433032
244,2759,"s0","m2",0.080976076588848,-1.30029826621122,0.169739267487883,0.342065339354213,-0.804624458307856
245,2763,"s0","m2",0.121671467008376,-1.26363905077497,0.246692481382298,0.471713321373264,-1.24536736486399
246,2768,"s0","m2",0.100699684313554,-1.39267559204231,0.0719978867011373,0.293657499831244,-0.311897277469495
247,2772,"s0","m2",-0.0463674822848904,-1.25419168895145,-0.278587547104323,0.340567745631325,-0.725888734309928
248,2790,"s0","m2",0.0395260191810107,-1.21883528082115,0.158108878567759,0.581986908379327,-2.5756948813211
249,2825,"s0","m2",-0.0219230661822317,-1.34515227445531,-0.354466547225628,0.591112052365162,0.118108660146539
250,2870,"s0","m2",0.0723064515070048,-1.2565656174767,0.192870358192977,0.44559142249131,-1.2463768748918
251,2876,"s0","m2",-0.135557898495584,-1.43548713138748,-0.307304363939562,0.0136362597328468,0.260810750826612
252,2881,"s0","m2",0.0440569388736925,-1.34940702537921,-0.213909895037605,0.449724211912855,-0.444917166031412
253,2882,"s0","m2",-9.78221230297626e-06,-1.34471474084331,-0.763418121434591,0.459377217611893,-0.53364153900848
254,2907,"s0","m2",0.123754879671418,-1.3932050941488,0.0308188835361702,0.405672110725341,-0.729344838996626
255,2919,"s0","m2",0.0902875237071915,-1.36273423590556,0.044814928788096,0.407338874286007,-0.528266916025838
256,2943,"s0","m2",0.259858844541851,-1.42066659945947,0.177127341960106,0.292419666823813,-0.0866974271047538
257,2963,"s0","m2",0.210650545807491,-1.38003834277638,0.364668132535372,0.235179232082162,-0.343735668581429
258,2998,"s0","m2",0.135357788046084,-1.3689472141874,-0.168745221343553,0.197897501110816,-0.739805974911705
259,3008,"s0","m2",0.0658916727748104,-1.44333303802735,0.30402418120748,0.273340998902465,0.0483665653618933
260,3032,"s0","m2",0.157490493948538,-1.38082429669817,-0.156464583231652,0.408112961170628,-0.171064381243023
261,3039,"s0","m2",0.271684187025259,-1.36469869131388,0.667885223169203,0.224786132014953,-0.409443644509499
262,3044,"s0","m2",0.118731643984359,-1.34545751018326,0.0526856793279053,0.471628293095022,-0.276168148555021
263,3053,"s0","m2",0.0688630655522201,-1.35347931569524,0.108273151437061,0.507035658473971,-1.23192182098847
264,3058,"s0","m2",0.261939516954422,-1.39167501816996,0.400555893906717,0.214645469497279,-0.848913729332948
265,3064,"s0","m2",0.149907362155899,-1.37708530194532,0.486366859663584,0.455223570593709,-0.604766202782422
266,3071,"s0","m2",-0.00115056379004396,-1.345865690477,-0.367467430422099,0.405643400515092,-0.855822474945628
267,3075,"s0","m2",-0.120842441119555,-1.3263561623355,-0.243084751964249,0.379105805293816,-0.834319238504078
268,3087,"s0","m2",0.187988827804028,-1.48541501564607,0.00350387982418137,0.0875460121164353,0.0821487300910967
269,3146,"s0","m2",0.158177917580498,-1.37339312871202,0.276578290704567,0.329611777861313,-0.211192747147718
270,3159,"s0","m2",0.109207367973964,-1.26664395164638,0.067148246269868,0.47198497849534,-1.35813740548051
271,3160,"s0","m2",0.174603462542706,-1.35490857439917,0.285539349083288,0.343049265307286,-0.314899466355231
272,3163,"s0","m2",0.126778260197638,-1.32415230255328,0.128098146792872,0.369992081874227,-1.11406084714629
273,3170,"s0","m2",0.158542768775203,-1.41209991678858,0.0865650230800704,0.169286512819437,-0.224651903571294
274,3172,"s0","m2",0.112579856500812,-1.43012997873493,0.221062148995156,0.32909464369463,-0.0691838815993708
275,3180,"s0","m2",0.122757256168459,-1.4304997892137,-0.0185159806120262,0.332218947042663,0.43550800268794
276,3204,"s0","m2",0.0936326086887927,-1.36174425721353,0.236976196457054,0.276578014480256,-0.366707092542953
277,3236,"s0","m2",0.196697813398051,-1.26906181720713,0.138284688318466,0.456769197397218,-1.92531340308636
278,3251,"s0","m2",0.203886645310692,-1.43905065183363,-0.048300762758578,0.375739576134718,-0.339836156375686
279,3259,"s0","m2",0.0562664474660448,-1.3483557707381,-0.0107799519720763,0.412543100835865,-0.952488244669336
280,3293,"s0","m2",0.161130079346918,-1.37333267159908,-0.18366793153773,0.276584255516779,-0.214923281177809
281,3297,"s0","m2",0.299124621760785,-1.30309279789125,0.409915682623877,0.328922551534867,-0.944286746154063
282,3305,"s0","m2",0.160580757791298,-1.3637136513821,0.31617723220246,0.326035509896087,-0.982495752489704
283,3328,"s0","m2",0.222809140618545,-1.44963824245951,0.275451077256533,0.347755307637084,-0.179169262687501
284,3337,"s0","m2",0.262626447193213,-1.37259265831788,0.574358502906703,0.509770134615261,0.14244521666595
285,3345,"s0","m2",0.0524985177891709,-1.28960856391188,-0.446551956668435,0.471111514999336,-0.242025274066296
286,3347,"s0","m2",0.172281270357588,-1.38799788545316,-0.0903202575895174,0.405788216826202,-0.733025536304327
287,3350,"s0","m2",0.162508885391895,-1.45398715999068,0.225438699728673,0.116279859608796,-0.386897894298858
288,3371,"s0","m2",0.161176352076791,-1.31504498507993,0.290047059312814,0.381786277070762,-1.71338435880122
289,3372,"s0","m2",0.142465284013455,-1.33884229894148,0.0936102060630751,0.375682771920982,-0.591830832722717
290,3374,"s0","m2",0.0532316351716519,-1.30536580060041,0.00339772982321607,0.53515287066765,-0.579738396885378
291,3376,"s0","m2",0.149376283087682,-1.37603251368647,-0.0243279998018587,0.405104217787227,-0.32435432502706
292,3379,"s0","m2",0.171238422518415,-1.31645683637374,0.0851954485959846,0.481399703972477,-1.19567932553343
293,3381,"s0","m2",0.156506108761743,-1.35123475746383,0.271279258757131,0.33782184008574,-0.659077469271192
294,3384,"s0","m2",0.179046820826289,-1.35749911847589,0.133052540444565,0.164344400659079,-0.77134584404892
295,3390,"s0","m2",0.0740957473827631,-1.29013281379491,-0.0674667939627456,0.452639242065862,-1.37011361681816
296,3392,"s0","m2",0.384346127125604,-1.52428818689355,0.652673719631298,0.176470649947273,0.414030291856128
297,3395,"s0","m2",-0.0204286971192261,-1.36844591312982,-0.0967000086757093,0.571821205125701,-0.513206633594765
298,3441,"s0","m2",0.16485797543594,-1.3872616236898,0.307947654537709,0.342714507308313,-0.895956907861178
299,3449,"s0","m2",0.121423367189882,-1.33266120543765,0.106915421108696,0.295285555597804,-0.43966422235801
300,3453,"s0","m2",0.122451239441126,-1.36246694025296,-0.0196389971779191,0.332771560171291,-0.529767268476079
301,3475,"s0","m2",0.278273693782231,-1.34800008289135,0.434767339413965,0.349077541067154,-1.23693735644689
302,3481,"s0","m2",0.0766869330386648,-1.33475138247573,0.287119417730167,0.316599485391849,-0.593132554882765
303,3492,"s0","m2",-0.0651119098457294,-1.35948299278435,-0.120767589249705,0.432167569463196,-0.813260635888736
304,3512,"s0","m2",0.102666036516789,-1.41866213477788,0.0222589570379088,0.42096141528514,-0.246694013613539
305,3514,"s0","m2",0.0472733629809782,-1.30654428613013,-0.214258948494244,0.497620659486866,-1.35654838800394
306,3531,"s0","m2",0.0533511573616753,-1.36569644917692,0.232955373782947,0.176227565805214,-0.724818985666062
307,3544,"s0","m2",0.308000185910452,-1.35454500987368,0.512213890428287,0.246315418902037,-0.580709917165712
308,3545,"s0","m2",-0.0337790648099361,-1.40856388177484,-0.277060727607435,0.286861333877553,-0.224369640434889
309,3551,"s0","m2",0.220986423347159,-1.38711204243085,0.459999125212502,0.241957282470585,-0.305057996007129
310,3554,"s0","m2",0.184120276199415,-1.26884574510008,0.105222560911844,0.412073150500324,-0.466828603823552
311,3565,"s0","m2",-0.018231439499364,-1.3617093953666,-0.319961934205884,0.43508822357489,0.0019501880530243
312,3566,"s0","m2",0.138308761767875,-1.30461619384797,0.271129066361318,0.494611938175078,-0.774973709683199
313,3572,"s0","m2",0.051764930692769,-1.3376628363468,-0.0300147033567936,0.371706916920182,0.0561011767330818
314,3598,"s0","m2",0.0259010654651719,-1.35012268330444,0.144179517894053,0.272848831960331,0.123733325029689
315,3610,"s0","m2",0.212898209993429,-1.44012406604816,0.262210131854642,0.265381094260453,0.329178471140525
316,3612,"s0","m2",0.252571130523078,-1.3917848659936,0.608770736885278,0.205849073682469,-0.0926043497603339
317,3621,"s0","m2",0.0697333079187118,-1.43501508518528,0.0232971034011499,0.210988923206456,-0.457844938137831
318,3623,"s0","m2",0.0929418406271634,-1.28994305618271,-0.0992193458216082,0.563875234273844,-0.841911725076291
319,3629,"s0","m2",0.0898335706869642,-1.25967170785324,0.210019172273049,0.418860310366108,-1.89911863342369
320,3647,"s0","m2",0.0367139214224328,-1.38347447742026,-0.0389875126016566,0.374839701675713,-0.187352280458558
321,3657,"s0","m2",-0.0180874690083777,-1.31343064578347,-0.34626287721694,0.438472988478425,-0.250603157717745
322,3673,"s0","m2",0.156644574559752,-1.35490034746983,0.268453021574263,0.375766209463034,-0.208202461696534
323,3679,"s0","m2",0.0162474046572964,-1.43379396860814,-0.163703263657789,0.170834775969212,-0.122081234162564
324,3680,"s0","m2",-0.0382772827139647,-1.34435373524809,-0.323756623684951,0.241805036946113,-1.23598748885412
325,3691,"s0","m2",0.173644339153492,-1.38195760470442,0.095202284949292,0.0864940446397033,-0.0760237528688142
326,3699,"s0","m2",-0.0267778992962137,-1.30289896047734,-0.236222684407233,0.377853740364408,-0.680354788883413
327,3705,"s0","m2",0.175892961573598,-1.37916647590196,0.036194022894118,0.557025274214516,-0.755415580958622
328,3733,"s0","m2",-0.0339711582404657,-1.25304302736799,-0.257207273915779,0.398264183892421,-0.997133141546471
329,3740,"s0","m2",0.0730414196966247,-1.35041832410658,0.164109468798898,0.391909684919736,-0.513730129186217
330,3744,"s0","m2",0.166251444941713,-1.38582116095601,0.228850328951348,0.353044301066018,-0.536281956493902
331,3771,"s0","m2",0.0746741825605367,-1.32355071799048,0.104577619248892,0.455941408935814,-1.14067640840794
332,3774,"s0","m2",0.131733863548205,-1.30244167703977,0.293246155129515,0.588241708576041,-0.188812868303216
333,3781,"s0","m2",0.0694696116318303,-1.30279049468919,-0.076136609971725,0.475016838884829,-0.874697348360325
334,3782,"s0","m2",0.129232721337075,-1.31795383608365,0.237408802874572,0.320529992184431,-0.321205887172184
335,3790,"s0","m2",0.164287095636398,-1.35008396735641,0.216623324512233,0.167403863430867,-1.07024583978742
336,3794,"s0","m2",0.0867625670700926,-1.32545946699511,-0.141251994776604,0.529445413014388,-0.93532854846877
337,3802,"s0","m2",0.0911216630883186,-1.3024363961824,0.111185509296661,0.403843399465781,-1.28125312409342
338,3810,"s0","m2",0.0171503947140498,-1.34945925474015,-0.195784995381874,0.435874294605861,-0.620348584243301
339,3817,"s0","m2",0.166992599353555,-1.38043124952337,-0.220690378229934,0.299449389108962,-0.630765203015393
340,3852,"s0","m2",0.0898583997056911,-1.32616615269461,0.129211844826486,0.41133078858768,-1.14176248662757
341,3859,"s0","m2",0.134246429170597,-1.35146530252611,0.372710539070859,0.436839708717777,-0.289135943112755
342,3860,"s0","m2",0.113299086513501,-1.37383083596627,0.084604257234474,0.380124840758443,-0.451830457475994
343,3861,"s0","m2",0.0806563874566822,-1.42726068393541,0.140537637280179,0.154915708778715,0.346215856149741
344,3866,"s0","m2",0.116574090048621,-1.27909615481475,-0.0714778308182485,0.43314701441874,-0.697656264562893
345,3882,"s0","m2",0.24545035293838,-1.37212169619519,0.39323007045931,0.448594681967234,-0.41831054386066
346,3893,"s0","m2",0.25492948468087,-1.37926374569599,0.297344902350232,0.403763759467371,-0.28157747773244
347,3894,"s0","m2",0.19348389820715,-1.31455850996473,0.075832093717782,0.434752687446471,-0.942633699034026
348,3917,"s0","m2",0.17605981858438,-1.37111610576445,0.318598541424969,0.260677619602344,-0.57091979787933
349,3918,"s0","m2",0.244360706133709,-1.29973794877105,0.636225848751451,0.337464235098814,-1.60249583555057
350,3925,"s0","m2",0.185015018832526,-1.28198666699549,0.125172339984211,0.25250425943621,-0.860642738777132
351,3928,"s0","m2",0.00607101177489471,-1.34204571598991,0.00795215743190477,0.298755600389276,-1.44680631070874
352,3936,"s0","m2",0.188169629182577,-1.2826049465259,0.236628997748831,0.432380141848096,-2.04852850188312
353,3948,"s0","m2",0.0535956482043504,-1.44714615984553,0.0847871685044945,0.243424601869527,0.265639888712318
354,3952,"s0","m2",0.145845970219708,-1.39347324555519,0.203667901032743,0.491499130316214,0.456783292759063
355,3969,"s0","m2",0.0930678529823155,-1.35697417020947,0.189752231822115,0.562345330003265,-0.421130462631513
356,3987,"s0","m2",0.118552999345555,-1.29289551061098,0.0871097682968504,0.537627088711185,-0.603415521427082
357,3993,"s0","m2",0.0357007509464854,-1.39009588865728,0.247250004938349,0.281549917397861,-0.34261059301188
358,3996,"s0","m2",0.25688442413418,-1.30258388085894,0.107406492338563,0.513738595125227,-1.13113318010228
359,3999,"s0","m2",0.119109547781069,-1.36783002004966,-0.38451986382336,0.367309263405826,-0.5359670147772
360,4022,"s0","m2",0.19029129962336,-1.40162182898431,0.196440719316562,0.32798930347809,-0.411125800100323
361,4054,"s0","m2",0.240479892895809,-1.32189217349653,0.437075562567247,0.370685546737522,-0.420475550855191
362,4075,"s0","m2",0.0339220890302846,-1.3357268250688,-0.699509632179865,0.399706078559893,-0.421128010307274
363,4085,"s0","m2",0.141731842988094,-1.28208393867774,0.0303859666250015,0.525068853865708,-1.18557191206748
364,4094,"s0","m2",0.0721300516532755,-1.334849628509,0.30788741570796,0.0936112051257963,-0.445050554404471
365,4101,"s0","m2",0.110197448307831,-1.27815172366297,0.179616155368955,0.5652782379913,-0.870993641387633
366,4132,"s0","m2",0.0626390174908483,-1.39004097366557,0.0716948938972763,0.386074783784652,-0.0407963638265759
367,4176,"s0","m2",0.124293392062692,-1.33967113138733,0.224079583685314,0.27524666096706,-0.369735143117544
368,4184,"s0","m2",0.104927071670281,-1.26603263278236,0.271232990098168,0.38529601604924,-1.6054181578647
369,4190,"s0","m2",0.241976337945075,-1.42720112942409,0.139480332714985,0.256398241406293,0.138348216286565
370,4193,"s0","m2",0.0964966769827371,-1.3244315514467,0.102389324603077,0.276962604485365,-0.674345759867253
371,4194,"s0","m2",0.207657677437507,-1.35169999379092,0.145939698526136,0.412519784484078,-0.544989241226916
372,4200,"s0","m2",0.0735018155784918,-1.34252951003781,-0.0632297536804419,0.581629282593731,-0.539606810315896
373,4208,"s0","m2",-0.0176553520790702,-1.34081755647979,-0.147649629627565,0.452626319850933,-0.261055498280018
374,4218,"s0","m2",0.0510473459648184,-1.39929249584693,0.321605206562941,0.359175486116394,-0.406579111743362
375,4227,"s0","m2",0.144900266227722,-1.26576127149447,0.307984136030507,0.511667356420405,-0.856485481016881
376,4233,"s0","m2",0.164673267675092,-1.33038194661666,0.291664987245676,0.375470079036741,-1.68205443085567
377,4260,"s0","m2",0.179955370324461,-1.39831892695177,0.445152414935932,0.285306958558515,0.190251128499349
378,4265,"s0","m2",0.083148332157142,-1.37904244426308,0.203937460598042,0.202402777950599,-0.239298493431659
379,4280,"s0","m2",0.168521595022076,-1.37650890333474,0.0335849271400027,0.246693138928549,-0.633536140896985
380,4293,"s0","m2",0.227577857188461,-1.34800020528834,0.271429559493074,0.315893471688051,-0.678649220647742
381,4299,"s0","m2",0.0240921776255511,-1.35274355584668,-0.12149384911081,0.246530878915796,-0.166912294149737
382,4331,"s0","m2",0.136249687673793,-1.31973588490818,0.325006748570031,0.384142277565287,-0.600732124081177
383,4333,"s0","m2",0.0975740452048085,-1.47385578373228,0.0669309909387559,0.248565171868462,-0.133201360766993
384,4334,"s0","m2",0.206864572343243,-1.39529070995018,0.243373034515074,0.402417955150163,-0.297061175232889
385,4338,"s0","m2",0.106293829293602,-1.34494980276948,0.0840115139236927,0.382026442750638,-0.183256606063097
386,4351,"s0","m2",0.167025774468595,-1.40139897621394,0.305283529774157,0.413775213517282,0.421847506121742
387,4355,"s0","m2",0.084288906343618,-1.33832848222482,0.133088445866083,0.254868382354841,-0.563494580795473
388,4377,"s0","m2",0.154803836554882,-1.30002678407574,0.511453298701,0.550752819549052,-0.712094922669356
389,4383,"s0","m2",0.0672271172872274,-1.34823358947712,-0.00399640078107531,0.435630021918211,-1.07198743290721
390,4384,"s0","m2",0.10250396784615,-1.36379440016957,0.0115506456460563,0.27992301308279,-0.00608619666939772
391,4386,"s0","m2",0.191585229462439,-1.28528690799656,0.322293720176485,0.59454550694729,-0.865019271138532
392,4392,"s0","m2",0.192890499157896,-1.30721682750748,0.364147824528588,0.3768979281518,-0.161838982822535
393,4426,"s0","m2",0.184746626384305,-1.31923139908229,0.309365848262077,0.434829742808387,-0.206402214248032
394,4429,"s0","m2",0.130327596136774,-1.31704251102177,0.163393682497548,0.279428396972552,-0.640505408468634
395,4448,"s0","m2",0.0688214298980755,-1.28020929585765,0.162856866496178,0.481465331440209,-1.31480012998325
396,4452,"s0","m2",0.121051499867749,-1.3458247130556,0.0121005989446443,0.394244895133309,-1.59713528109617
397,4489,"s0","m2",0.253379844027613,-1.31676842358267,0.440108883719521,0.359523141419692,-0.614484920600609
398,4502,"s0","m2",0.241928056105453,-1.4004190910032,0.147681004866018,0.305889502206768,-0.202365795971504
399,4512,"s0","m2",0.247796932820053,-1.43989102146488,0.130246561508611,0.217404769817333,-0.189371712599291
400,4514,"s0","m2",0.215618588146049,-1.3583930387738,0.430691193870518,0.173122768627386,-0.488442360242907
401,4517,"s0","m2",0.162977234690654,-1.29176952240317,0.246140490544667,0.428103433012303,-0.94947490245183
402,4524,"s0","m2",0.0509277757412907,-1.34151271626125,-0.702081908443619,0.248692377388251,-1.08120512860036
403,4555,"s0","m2",0.115607259825733,-1.36146330054971,0.0625692447278294,0.112747486046657,0.0571210469288576
404,4566,"s0","m2",0.013410995741708,-1.35820197414505,0.0960958256878227,0.364309792128372,-0.996733034629611
405,4621,"s0","m2",0.164945670865258,-1.24647189152177,0.370627848982921,0.571467816438401,-1.41129312581658
406,4623,"s0","m2",0.13508977952522,-1.36834705763382,0.131736110433387,0.37088819231543,-0.172559197628362
407,4624,"s0","m2",0.151216426375192,-1.41718209819198,-0.103304716742323,0.406145852087637,-0.384535064017192
408,4628,"s0","m2",0.0916471496333488,-1.34744242404707,0.0330279887811938,0.394523692931765,-1.24020738545727
409,4633,"s0","m2",0.201851319397758,-1.27634779306111,0.162303681093861,0.210302412016089,-2.07349853886189
410,4646,"s0","m2",0.0808951009212282,-1.4028109445799,0.248929995035845,0.177827058369095,-0.151775210191769
411,4650,"s0","m2",0.189827327909012,-1.31033245617996,-0.0388783357820949,0.495388152028252,-0.892875014040815
412,4654,"s0","m2",0.210478490822777,-1.39138929291752,0.497608411131828,0.315852703293412,0.141211412698465
413,4679,"s0","m2",0.279721282984146,-1.26346167920289,0.296919591279071,0.359989526158643,-1.22224100015246
414,4688,"s0","m2",0.0422867405073725,-1.36960457690948,0.0403991483810217,0.210602041907777,-0.546568004455537
415,4701,"s0","m2",-0.00332208230196988,-1.40740069138188,-0.161197235795571,0.334950660715042,0.11648289076858
416,4705,"s0","m2",0.164491410265018,-1.39849530477322,0.46618510663035,0.250225695733619,-0.0648896138629603
417,4717,"s0","m2",0.0594650596873333,-1.34089192022328,0.156865261839725,0.491054970110838,-0.983416522375722
418,4739,"s0","m2",0.0171462764037799,-1.34811771309306,-0.684996368084678,0.475875001875072,-0.727015811126115
419,4744,"s0","m2",0.057115008661477,-1.35183067311207,-0.100507307582031,0.464983519232986,-0.461651356493287
420,4796,"s0","m2",0.172766647365458,-1.43864845263685,0.34611135395184,0.212145376656356,0.242688809921698
421,4808,"s0","m2",0.157852611520067,-1.3440983410929,0.248326353612833,0.321633354552916,-0.398171796782832
422,4810,"s0","m2",0.0166579852093765,-1.38667403381078,0.0427042246375161,0.388969919099079,-0.244971126275114
423,4812,"s0","m2",0.0488264481007785,-1.37725876956071,-0.429720448633463,0.188489620196914,-0.833666140595079
424,4842,"s0","m2",0.252796495436737,-1.35872209711128,0.269773280149068,0.445573708358537,-0.375376515691528
425,4845,"s0","m2",0.159055704702962,-1.34800299235602,0.252116366165113,0.465408613004774,-0.445620868860656
426,4868,"s0","m2",0.299844574948066,-1.35925669750145,0.437694129697399,0.432117442000982,-0.547335284417294
427,4893,"s0","m2",0.15881375212556,-1.50002432342795,0.181245391885225,0.264971833351109,0.153229944221052
428,4894,"s0","m2",0.0807990465315452,-1.27664290867237,-0.0528110972016384,0.35047005980448,-0.846299205488879
429,4896,"s0","m2",0.228733513137755,-1.38356012803191,0.330528771464175,0.334462809249118,-0.28572143877649
430,4897,"s0","m2",0.144604399961034,-1.30740097631974,-0.300198025396016,0.444269730928316,-0.856611161997813
431,4906,"s0","m2",0.0902110035661693,-1.25769243817784,0.211705240611961,0.468513746441821,-1.9431411478907
432,4909,"s0","m2",0.175171171171185,-1.31840092151636,0.210808006303887,0.282705034780815,-0.095074050293246
433,4916,"s0","m2",0.0310785148114154,-1.30780174694078,0.0330770222202096,0.438747904664941,-0.647323538502318
434,4919,"s0","m2",0.217080653200959,-1.39312023195393,0.420403269149168,0.191990156714725,-0.510186176466449
435,4930,"s0","m2",0.163700851053277,-1.33957652428064,0.112613812220359,0.372641392679727,-0.403639424314591
436,4978,"s0","m2",0.110770353757813,-1.39076744123381,0.273478428120152,0.254110879508311,-0.232812739985049
437,4994,"s0","m2",0.191574250164686,-1.41037505481671,0.295592177364797,0.310367947747485,-0.271287935201488
438,5011,"s0","m2",0.101073892628285,-1.40755837171514,0.0697944732414748,0.436163830890731,0.390642051688525
439,5033,"s0","m2",0.0193375388997297,-1.43373128712736,-0.0447506649705293,0.341237560681935,-0.342234318739767
440,5035,"s0","m2",0.17013831172627,-1.29301046113499,0.341613973682101,0.455137581776004,-1.2042347078157
441,5061,"s0","m2",0.00835420961883239,-1.27662064292394,0.0477561798634209,0.363988843014286,-1.0282997886439
442,5066,"s0","m2",0.199145369833767,-1.28455409962612,-0.261423939543968,0.351091469511476,-0.779149864243524
443,5077,"s0","m2",0.242490637581344,-1.34156575452004,0.299746923895028,0.412684004688981,-0.403031623681577
444,5089,"s0","m2",0.0906987719425379,-1.31501349634732,-0.034440867151466,0.263969608694485,-1.16402920193383
445,5094,"s0","m2",0.156699296392429,-1.35199007808083,0.203357906329262,0.0923887713739493,-0.773942668084464
446,5095,"s0","m2",0.228551806185452,-1.33591344724419,0.528563467384445,0.378889097874277,-1.02538470822815
447,5111,"s0","m2",0.0800219243375356,-1.29985419727699,-0.076021299284385,0.36423101988598,-1.28434789930832
448,5122,"s0","m2",0.130014325489631,-1.38861031030901,0.156625883718519,0.342361853037088,-0.357216067744179
449,5129,"s0","m2",0.270481417800085,-1.26744248186553,0.284922752594887,0.578349845117725,-1.19640290877388
450,5142,"s0","m2",0.110170303156662,-1.39998913082,-0.17560872921915,0.294223175097262,-0.146803293490675
451,5172,"s0","m2",0.0872022641367741,-1.43776812834366,0.123643852090427,0.337340786913249,-0.127159008125875
452,5173,"s0","m2",0.00916122369098308,-1.39663759866656,-0.116342220092168,0.24669493359831,-0.490787639873681
453,5178,"s0","m2",0.160619126798183,-1.29715256341824,-0.0495846235690922,0.429636068908443,-0.766844802925976
454,5185,"s0","m2",0.200836307826602,-1.28222519623195,0.158195647462637,0.466238146816241,-1.08551056262185
455,5206,"s0","m2",0.150822764542718,-1.42353941532851,0.229971913348363,0.114412558968155,-0.288318003081701
456,5211,"s0","m2",0.126307482424086,-1.40802730808165,0.0532471121418397,0.123010975639628,-0.0955780660942804
457,5213,"s0","m2",0.214758125350467,-1.31327802795431,0.579640044768251,0.469541293846885,-1.17629321616934
458,5240,"s0","m2",0.0522409300921794,-1.40873938081151,-0.174550363793396,0.231493965339712,-0.232616904491198
459,5244,"s0","m2",0.0649389594140021,-1.42535210649575,0.0575555671829615,0.233090275515041,-0.243491522291027
460,5280,"s0","m2",0.0498094920318464,-1.40703853535502,-0.00617066501117995,0.104415813381897,-0.455677262273714
461,5282,"s0","m2",0.251197621016907,-1.23895223734625,0.37238825001743,0.457695319300403,-1.70541914085339
462,5289,"s0","m2",-0.0586605245950651,-1.28964772022752,-0.513661884307364,0.506973561086076,-0.0796930430713077
463,5290,"s0","m2",0.147905804758088,-1.43215976332976,0.0437079642301635,0.168756684246265,-0.554131680955149
464,5296,"s0","m2",0.0721867844595742,-1.3781129241718,0.24249168661531,0.424379984936233,-0.348888083311525
465,5301,"s0","m2",0.100746619449848,-1.34192056019899,0.0750444847038405,0.445487101927759,-0.188013125975282
466,5307,"s0","m2",0.120367854164954,-1.25707587801107,0.0546992263759157,0.563237748678795,-1.70759198470243
467,5327,"s0","m2",0.0206953811131862,-1.33857925202521,-0.250406373812079,0.348687173076467,-0.623211544960169
468,5333,"s0","m2",0.0942574161722114,-1.44918114284665,-0.0907413694225115,0.352831845887255,0.330922327800676
469,5358,"s0","m2",0.0381389514765582,-1.34165985980211,-0.139510723768701,0.353108525436569,-0.997343189958336
470,5372,"s0","m2",0.211061700073837,-1.36477717109278,0.363770668243144,0.351893176291145,-0.218534146252148
471,5375,"s0","m2",0.0789692269259522,-1.42401866539479,-0.160732897762621,0.359203275755502,0.0792303439075199
472,5377,"s0","m2",0.179312506197893,-1.33659670909472,0.176861695594248,0.421918296494346,-0.816207680605237
473,5385,"s0","m2",0.22385418419167,-1.26139200187206,0.0833875692300759,0.512121085381224,-1.16040497252161
474,5388,"s0","m2",0.151745247530671,-1.4277017320292,-0.0966879344094135,0.25202504033714,-0.203824693273299
475,5391,"s0","m2",0.0241836296326787,-1.41439822097923,-0.243817070995394,0.341931458374145,0.170756829160489
476,5400,"s0","m2",0.233221020702829,-1.28783429618829,0.463685098077021,0.585929628563627,-1.41077090687798
477,5411,"s0","m2",0.170082296724589,-1.32003934859928,0.203092973612749,0.464895640342386,-0.557572754698565
478,5424,"s0","m2",-0.00574980076577166,-1.33286356919238,-0.0828514486144728,0.500899106430429,-0.505188443353819
479,5440,"s0","m2",0.132227403882058,-1.36609610137681,0.127326556776844,-0.0504601536293334,-0.896791970220437
480,5450,"s0","m2",0.261228497874592,-1.34229983248044,0.377892197154056,0.326860084044465,-1.09596563411337
481,5476,"s0","m2",0.219991884258023,-1.2821956571061,0.280529336078225,0.49394697730452,-0.799006599977216
482,5490,"s0","m2",0.166264069654578,-1.30691598789544,0.151324721164638,0.355232347216559,-1.00553255933226
483,5494,"s0","m2",0.153818974556643,-1.33192109631547,0.445739270683994,0.432877561096186,-0.715400818945015
484,5495,"s0","m2",0.26203159888575,-1.39176606611812,0.464916614675795,0.286295997123622,-0.160530063135047
485,5526,"s0","m2",0.0771888684297303,-1.35165193465616,0.341721468616249,0.445646837446087,-0.388566963267812
486,5557,"s0","m2",0.0811287547734044,-1.39920595196221,0.127777114361282,0.274061968172006,-0.53119149263196
487,5559,"s0","m2",0.0751749380200156,-1.32403227646354,0.0467219959660509,0.468806562644689,-0.894518137552048
488,5562,"s0","m2",0.127234904342049,-1.4711551061821,0.215908207627495,0.248800111443299,0.0707646756771436
489,5570,"s0","m2",0.114918917547389,-1.32059612015291,0.0653100240258642,0.497466570261201,-0.219026064775172
490,5571,"s0","m2",0.185572863026774,-1.38392433358067,0.323197184662188,0.20497005964739,-0.229698766636694
491,5581,"s0","m2",0.301170119755578,-1.32571651380241,0.614216247173645,0.479869965892569,-0.594555503816484
492,5594,"s0","m2",0.0182233775716164,-1.40156860318342,-0.349728023416622,0.168269881039255,0.288873304564797
493,5609,"s0","m2",0.113484269834646,-1.34609289344753,0.22809239091569,0.365451811399221,-0.319593585495799
494,5644,"s0","m2",0.103323517689489,-1.34567695988233,-0.0268195873591564,0.341471042527306,-0.675371601491596
495,5670,"s0","m2",0.103198728245765,-1.35254819451312,0.293443790800669,0.472362312733519,-0.796714017653498
496,5676,"s0","m2",-0.0738657328002197,-1.31966091215613,-0.282846237696882,0.378937497561773,-0.473620459060998
497,5683,"s0","m2",0.164882431338241,-1.34253889236568,0.238909251216079,0.4995350935185,-0.45366066813528
498,5687,"s0","m2",0.130972903459759,-1.3410990425507,-0.0572166179396072,0.359784002372543,-0.747676099121989
499,5702,"s0","m2",0.244521886249183,-1.40710570660119,0.50984307583833,0.274069577951135,-0.183368938443788
500,5710,"s0","m2",0.0625677467344296,-1.39670994842544,0.217016932119565,0.385304271862283,-0.299155474552438
501,5724,"s0","m2",0.165694391912296,-1.32505824779366,0.514163811632183,0.345985800660792,-0.355577047736979
502,5742,"s0","m2",0.171088080775447,-1.29402797283795,0.03288737852458,0.439186353797018,-0.890802569225684
503,5757,"s0","m2",0.256144707343943,-1.3998759248784,0.376298204350767,0.350601253110168,-0.19317769655816
504,5759,"s0","m2",0.110041397662166,-1.41316921806162,-0.0812699518929637,0.275754623490084,-0.00353296682750612
505,5767,"s0","m2",0.115893693927617,-1.40163147996327,0.452985894321106,0.462811037419409,-0.231701823945795
506,5770,"s0","m2",0.167813932841448,-1.29630419546747,0.174575321797843,0.394968788287491,-1.47316128410899
507,5782,"s0","m2",0.211929324354672,-1.33500245702552,0.192063167695547,0.395113958176747,-0.583800881174736
508,5834,"s0","m2",0.0189755467326834,-1.47843201089295,-0.518450593708043,0.138583727003559,-0.0192519240907623
509,5839,"s0","m2",-0.00772972171978846,-1.37616052777674,-0.00991747504086399,0.180320647080692,-0.140662715419266
510,5865,"s0","m2",0.00135562706711114,-1.44409250862763,0.149579030163264,0.261013320071494,-0.186712717153395
511,5885,"s0","m2",0.0697243591178732,-1.38358962480951,-0.111347636554657,0.387053884957361,-0.798930960953381
512,5904,"s0","m2",0.253197900301282,-1.36498297747325,0.391993384674361,0.38849460394629,-0.302360149165425
513,5905,"s0","m2",0.0874264797081084,-1.30341944756949,-0.362350322882884,0.248555000546268,-0.38630626914706
514,5921,"s0","m2",0.160545035236116,-1.33437289248303,0.231175012064771,0.419999356155174,-0.259386412388283
515,5923,"s0","m2",0.185244019355275,-1.33637399953397,0.21336150151673,0.453519734444724,-0.434087752195582
516,5925,"s0","m2",-0.0769472284230993,-1.33783440302798,-0.0378118754710869,0.373378496149967,-1.41557818736906
517,5952,"s0","m2",0.180785324540542,-1.43296928866538,0.219093688806206,0.24949994550262,-0.0426397178224253
518,5956,"s0","m2",0.0693060707239408,-1.37969081588989,0.123191561920156,0.358204224615932,-0.20081142335713
519,5966,"s0","m2",0.104528438410485,-1.31341151466653,-0.103288894002203,0.387062256471991,-0.856042369504825
520,5968,"s0","m2",0.030543079189044,-1.34986215280858,-0.0246347801216908,0.426484911950231,-0.75993510960223
521,5982,"s0","m2",0.261030234111596,-1.32798735851205,0.446262105309502,0.146594277449687,-0.941303175299227
522,5986,"s0","m2",0.10674406716582,-1.24361125950777,0.255578662950443,0.514194926988443,-0.832142755569409
523,5998,"s0","m2",0.0679459897256239,-1.35157449373605,-0.0260975341993703,0.491668799484839,-0.459392508887671
524,6013,"s0","m2",0.23594308029097,-1.2513070732522,0.452428050949622,0.493530543027199,-0.664789887353267
525,6031,"s0","m2",0.0836051346956452,-1.28789314606741,-0.0557439575506354,0.472486268838673,-0.604606365721256
526,6042,"s0","m2",0.238430358247716,-1.40178263737075,0.184366328981064,0.27508927895131,-0.285459432887535
527,6064,"s0","m2",0.283557454115307,-1.32920666240752,0.590020407459267,0.23073251148431,-1.00983550133008
528,6068,"s0","m2",0.226602596359973,-1.38557564749645,-0.141557853526031,0.368744726236131,-0.801847142239625
529,6078,"s0","m2",0.114320928732598,-1.37260874190427,0.176725238598634,0.243869847935072,-1.00205867004816
530,6095,"s0","m2",0.101771275694324,-1.26193080300404,0.170187977903183,0.311278198092709,-1.72867907161723
531,6098,"s0","m2",0.140533060855804,-1.3446632123773,-0.00550926653706667,0.413495474104514,-0.751972031196068
532,6113,"s0","m2",0.097992429872145,-1.38254729799084,0.246667585621005,0.302157040542927,-0.836984186849782
533,6116,"s0","m2",0.0169264299950656,-1.35616678406824,0.0198584506399093,0.23947740279353,-0.837500080343671
534,6141,"s0","m2",0.174413333229394,-1.4093690314082,-0.0339665739751259,0.178644536133428,-0.428863244208472
535,6143,"s0","m2",0.245076091988898,-1.36270207146455,0.345521663273199,0.408012139713597,0.144494429028636
536,6155,"s0","m2",0.0669499354957905,-1.36796171059811,0.124922586859963,0.189081668012759,-0.128465326580801
537,6167,"s0","m2",0.260871378128075,-1.45857024399648,0.516544765778548,0.178537197808108,0.0851958030664044
538,6174,"s0","m2",0.248376187315793,-1.39495593660971,0.512604026531586,0.375123416160364,-0.154492220562968
539,6198,"s0","m2",0.185520249789637,-1.37561295135287,0.221884650695554,0.350386436902448,-0.514913383850862
540,6199,"s0","m2",0.142622098613102,-1.33203758612886,0.064083115862871,0.386228057419042,-0.586244327995553
541,6216,"s0","m2",0.117302562651282,-1.335840939375,-0.145206210497054,0.333857977362067,-0.67612068415017
542,6249,"s0","m2",0.0373328312760094,-1.30235591744746,-0.135596935105322,0.341493268196411,-0.981394061628799
543,6253,"s0","m2",0.0444926832281966,-1.34427254030158,-0.195807318192209,0.245909455379501,-0.321750920014397
544,6255,"s0","m2",0.0278948119647524,-1.32906652390642,0.151114235476495,0.423706896080685,-1.08830716426337
545,6261,"s0","m2",0.195683974338141,-1.29741386919926,0.140151996405463,0.223178155660274,-0.33516436161406
546,6267,"s0","m2",0.0120046503633974,-1.38760691615487,-0.391007901311717,0.348750033581629,-0.414676600505942
547,6276,"s0","m2",0.144907981960926,-1.34791133464374,-0.403198162323945,0.181624578907404,-0.553142184084185
548,6282,"s0","m2",-0.0313190738868672,-1.3391330410549,-0.353641455347105,0.270584145091933,-0.760537097516547
549,6286,"s0","m2",0.189315510712944,-1.36102592949091,0.145989884541298,0.401809038977577,-0.536186200520464
550,6293,"s0","m2",0.238425567537681,-1.24595575302587,0.404106150254399,0.434226610494987,-1.9329744630885
551,6337,"s0","m2",0.107256026561274,-1.39051190442637,-0.0219970615074718,0.124169276770586,-0.669352630623056
552,6352,"s0","m2",0.0279033820503435,-1.31688481064981,-0.281804050856863,0.361250770367399,-0.633808825047823
553,6358,"s0","m2",0.141929753651555,-1.34058814668177,-0.186031340425054,0.168484067762394,-0.961606022990556
554,6375,"s0","m2",0.28759250375069,-1.36759601727849,0.501308642379616,0.324006242189333,-0.277374765469139
555,6378,"s0","m2",0.163428172364253,-1.40671742768334,-0.0364347036129345,0.271001267507037,-0.3606573428564
556,6387,"s0","m2",0.0422704718129712,-1.39514356242041,0.0364634613042943,0.465560738605395,-0.530388183817494
557,6401,"s0","m2",0.111658326864241,-1.32593676088703,-0.174271635788437,0.405603740598613,-0.313366864261123
558,6403,"s0","m2",0.0222133569805136,-1.37775688292435,-0.116849386451225,0.44339289257709,0.108441346210068
559,6417,"s0","m2",0.0868752347229158,-1.32946939991678,0.0147786971034575,0.392800088257838,-0.984818445875032
560,6434,"s0","m2",0.17525280107086,-1.35922271510362,0.0510286815040382,0.251533615111675,-0.556887324343018
561,6435,"s0","m2",0.129385120216604,-1.28129429410404,-0.151221823935115,0.450711571358954,-0.956355290061852
562,6436,"s0","m2",0.0752239314170554,-1.33261820866409,-0.137696271897851,0.131066642859806,-0.295043161987893
563,6445,"s0","m2",0.0834941321301353,-1.35315218264174,-0.00319644254093474,0.378430059765227,-0.706165234798519
564,6448,"s0","m2",0.134554647047407,-1.32721816950336,0.104883625428727,0.398790731203892,-1.01008554790189
565,6459,"s0","m2",0.12317268861011,-1.39295454213724,0.367093057965953,0.196495303840222,-0.495537356216332
566,6460,"s0","m2",0.190421252165115,-1.33203721528549,0.387415744800493,0.407152119069478,-0.267943922654738
567,6489,"s0","m2",0.201792198780109,-1.41127438224709,0.360563668311428,0.297353562679714,-0.587796276777794
568,6493,"s0","m2",0.127549167043312,-1.34964854598009,-0.0820206510561506,0.326826799949953,-1.11131152390219
569,6499,"s0","m2",0.0439207327542449,-1.33566958951608,-0.149190410501013,0.428460982888922,-0.245222556662732
570,6501,"s0","m2",0.274088497466373,-1.38716670764737,0.471159226518906,0.0768668634873142,-0.818193805345015
571,6503,"s0","m2",0.205752900183008,-1.38775451697364,0.32337729675666,0.258250805577646,-0.138142903597905
572,6512,"s0","m2",-0.0132145687197962,-1.33346490185641,0.0347623736281102,0.554785746749807,-1.18534804993009
573,6533,"s0","m2",0.266946448135552,-1.30837844756991,0.450222659491283,0.417354220465655,-0.772177441138636
574,6547,"s0","m2",0.0778181183189713,-1.28526746613228,0.242841544175467,0.363241721992376,-0.657276473187368
575,6549,"s0","m2",0.209834224661893,-1.32354824389289,0.155890979552304,0.4921287817058,-0.86558258008277
576,6550,"s0","m2",0.202027835048415,-1.22477027284383,0.524375299157601,0.445813259149032,-1.98075412020416
577,6551,"s0","m2",-0.020577363816841,-1.44137530660987,-0.35849306686435,0.333733920459312,-0.126925690232072
578,6553,"s0","m2",0.277538345197475,-1.46157944584819,0.589170493047485,0.204482994021151,0.086733271188927
579,6582,"s0","m2",0.14351086250362,-1.35601594724062,0.343693531649225,0.394603098845595,-0.0820578588816699
580,6624,"s0","m2",-0.0445340593237184,-1.36447831086148,-0.447086181436493,0.400431930375606,-0.426520079552455
581,6634,"s0","m2",0.065198453296193,-1.38079661670628,-0.260561951307184,0.348758067772272,-0.0623212987545887
582,6662,"s0","m2",0.122653354748934,-1.39353635108615,0.124586799317803,0.276973782592827,-0.197120613063399
583,6668,"s0","m2",-0.0364751913041375,-1.34266276249181,-0.483536038478827,0.457733905859007,-0.821712369496473
584,6670,"s0","m2",0.0619729787610504,-1.28406630996089,-0.426208941372405,0.665196701023876,-1.14408869932408
585,6675,"s0","m2",0.0910795836886029,-1.41782576130762,-0.0330572953374474,0.351401558804727,-0.320743516681332
586,6678,"s0","m2",5.42871510834601e-05,-1.43805917222347,-0.243925602344691,0.31129037876536,0.270492886311328
587,6691,"s0","m2",-0.058317047847658,-1.37567460634316,-0.0550284637672136,0.390423294178111,-0.0348259061885675
588,6693,"s0","m2",0.178639877583226,-1.35621688512082,0.0379404245017443,0.334335282201298,-0.253575605616119
589,6722,"s0","m2",0.09554086310386,-1.33894831575854,-0.0598082186875891,0.446883485404332,-1.66938847346879
590,6723,"s0","m2",0.197832537601484,-1.35875960777624,0.373849053652213,0.36620167105032,-0.152426132096762
591,6734,"s0","m2",0.0894819287143206,-1.40982846084238,0.449225234882963,0.451448530431522,0.13202599006728
592,6736,"s0","m2",0.0205656387744512,-1.41847895278687,0.264209580863533,0.424166568768473,-0.169934197059247
593,6759,"s0","m2",0.18490286581271,-1.37024394221359,0.378230353264188,0.32560224793858,-1.64079534808031
594,6772,"s0","m2",0.159012339905851,-1.33061079252587,0.268813155683544,0.383399852488928,-0.659894181236619
595,6774,"s0","m2",0.28695202706422,-1.42501301531946,0.186417747587957,0.298392978503467,-0.287704987151313
596,6786,"s0","m2",0.260511214339085,-1.28021068292057,0.415429448381017,0.506558671069678,-1.54840976221001
597,6804,"s0","m2",0.196426811445781,-1.3483768149806,0.385427771645898,0.295169684495069,-0.419817321962792
598,6830,"s0","m2",0.173855868243328,-1.433600243296,0.357588044450176,0.155430761738861,-0.401337167076899
599,6862,"s0","m2",0.164248694848247,-1.34143725046507,0.312026322088177,0.447231403010781,-0.0542973823572759
600,6867,"s0","m2",0.0527315269421103,-1.3847181504974,0.0515545552186938,0.291700584296408,-0.393770982734848
601,6874,"s0","m2",0.0671314153130761,-1.3697863296586,-0.109752003922166,0.28397448590095,-0.11019361897858
602,6891,"s0","m2",0.106142176315501,-1.38927444956252,0.0778292740666121,0.38368261313044,0.00788288111492475
603,6913,"s0","m2",0.257841650841331,-1.39404459886093,0.562142222998204,0.00894491534090531,-0.0270136067934782
604,6916,"s0","m2",0.0804008584144277,-1.34194690273724,-0.0821811339318441,0.424514648612628,-0.301552380162617
605,6917,"s0","m2",0.243150353334971,-1.35884891398338,0.508882553098936,0.554610478585977,-0.5637148051512
606,6942,"s0","m2",0.110089029763586,-1.30555770892434,-0.070450623246387,0.449345848830836,-0.590607869062047
607,6948,"s0","m2",0.150188893651058,-1.37775714215259,-0.0402907848298167,0.310816898186787,-0.414444834818981
608,6954,"s0","m2",0.0757036546520918,-1.33282925060292,-0.0950025545100415,0.471255785014913,-0.100544426340792
609,6967,"s0","m2",0.0517806130385835,-1.47186339692575,0.0670339244991422,0.206957446782775,0.282036043695813
610,6974,"s0","m2",0.272114633066671,-1.32170913176413,0.482849198734244,0.364495425989898,-0.582265832870639
611,6994,"s0","m2",0.00993435540152901,-1.4203388934702,-0.358433038660525,0.250018583408719,-0.249380322556239
612,6995,"s0","m2",0.200777904105462,-1.46164963574631,0.108661272157164,0.15569385109275,0.012029469817918
613,6999,"s0","m2",0.0262724459139457,-1.42385008485089,-0.137552506387223,0.309995446108016,0.143835264804859
614,7007,"s0","m2",0.114697399380244,-1.36992254947548,0.200011611376103,0.287711231365429,-0.39878149604622
615,7013,"s0","m2",0.156830732239277,-1.38182197645065,0.424588935486047,0.257949283201732,-1.01668334296863
616,7017,"s0","m2",0.0221461024371178,-1.35560367628439,0.144814408101714,0.444743539723116,-0.0387735550162861
617,7021,"s0","m2",0.28070278983389,-1.31109797145706,0.389544388667921,0.366790914525231,-0.747471547513462
618,7030,"s0","m2",0.260466277796918,-1.3774134481564,0.290525382366643,0.428489406272054,-0.279465535412182
619,7047,"s0","m2",0.0885968405145734,-1.32184664958126,-0.0656554019173483,0.428641110699486,-1.5621259512454
620,7069,"s0","m2",0.128622250630589,-1.3647522483687,0.215936249882899,0.378713938098349,-0.32174532136637
621,7085,"s0","m2",0.175410604562515,-1.35068167405854,0.214556689560491,0.484070133850706,-0.109466746437089
622,7089,"s0","m2",0.157680159882186,-1.31865252876437,0.0588364630915692,0.298568017944141,-0.883126976259507
623,7095,"s0","m2",0.216602383689817,-1.38790013949058,0.0970701189774808,0.225850368079284,-0.0767911002100294
624,7106,"s0","m2",0.0585283360076706,-1.27743371033383,-0.0259674117936611,0.316254718344465,-1.06253399437076
625,7107,"s0","m2",0.144540365218452,-1.41152530889882,0.116242655465299,0.167080118068668,-0.605466714298001
626,7122,"s0","m2",0.00433153852043325,-1.33667832444074,-0.106459389667737,0.360949999085335,-0.710439325165818
627,7137,"s0","m2",0.194976782017882,-1.37091963932985,0.271324791016224,0.459334161468643,-0.047851984077759
628,7138,"s0","m2",0.332434245665142,-1.28381113330151,0.690775417116097,0.541993991645492,-1.83360386088065
629,7140,"s0","m2",-0.0186386666989533,-1.43457718219217,-0.810857186423772,0.353309615386963,0.314506478786112
630,7141,"s0","m2",-0.0891430796329397,-1.39649689151453,-0.590113462372255,0.349163193809109,-0.830561373580364
631,7143,"s0","m2",-0.0387334271584098,-1.33631104329584,-0.380347720613225,0.480410984279001,-0.628826705182612
632,7153,"s0","m2",0.333630492244761,-1.35675721487204,0.456504940649676,0.256102974692304,-0.561576577996929
633,7155,"s0","m2",0.314677336418825,-1.31094203504534,0.557006270439346,0.428909278118633,-0.610424814635666
634,7176,"s0","m2",0.0800988543546504,-1.40936413302486,-0.161252416692689,0.0708400785291684,-0.11798963472426
635,7186,"s0","m2",0.0324105782109145,-1.22475163431146,-0.149752768200774,0.596160883194791,-0.914234459521264
636,7198,"s0","m2",0.0494100220871157,-1.34954347519518,0.0296255488859772,0.368578369589798,-0.609465537147835
637,7230,"s0","m2",0.111115512947169,-1.34309382387086,-0.0366009414825303,0.417906195001079,-0.0522406260625932
638,7231,"s0","m2",0.176859066969602,-1.35071143385953,0.1968829428552,0.261859645088362,-0.784340904717477
639,7233,"s0","m2",0.106542661818652,-1.29438629587581,-0.0418226439480807,0.576454979162343,-1.11403067489788
640,7269,"s0","m2",0.136721272556082,-1.43667815355488,0.138078170280117,0.36917899256795,-0.37892108317244
641,7270,"s0","m2",0.0664200969627678,-1.3473688373431,0.139828627253049,0.297413623144661,-0.267629565107252
642,7273,"s0","m2",0.0416024875348962,-1.36229335627764,-0.347887669356015,0.37388170531062,-0.761796136816252
643,7293,"s0","m2",0.218022188991323,-1.39827442550942,0.224457111839402,0.452570145438753,0.0440278729273005
644,7312,"s0","m2",0.127615642429959,-1.3763936266706,0.262007761410555,0.442504510793723,-0.24038237483489
645,7317,"s0","m2",0.200645780503859,-1.34745750536802,0.320293966443834,0.393730814625704,-0.671285256702312
646,7324,"s0","m2",0.216917252144138,-1.41504932449927,0.303564986799982,0.265376954669748,-0.278056311418766
647,7336,"s0","m2",0.155077230784864,-1.34651412672434,-0.0141005110042747,0.462549534619848,-0.447951047671681
648,7341,"s0","m2",0.223067490095931,-1.39856646451586,0.425841226111946,0.335866633214597,0.387229493626348
649,7375,"s0","m2",0.157020778663632,-1.39378728331397,0.244321031242008,0.256324449863051,-0.624431316307609
650,7378,"s0","m2",0.0562272500558593,-1.43325237363028,-0.0521495017502505,0.433042014758066,0.0768767388738212
651,7394,"s0","m2",0.191690882610466,-1.45872853023916,0.299420507566369,0.252114401074564,0.280364078205585
652,7401,"s0","m2",0.156804799334003,-1.35802961132777,0.157475229777653,0.241062828292392,-0.763079282646561
653,7407,"s0","m2",0.130993991875755,-1.32720358547953,0.336323170539434,0.326389311692074,-0.512758565856007
654,7421,"s0","m2",0.207163479524264,-1.42116956722185,0.381981069302052,0.506370718604413,0.142137543623778
655,7423,"s0","m2",0.25230966133093,-1.41766896083115,0.390831651177263,0.329890109282811,-0.116632244623916
656,7435,"s0","m2",0.245115941055313,-1.44820607746144,0.152632762446526,0.389114648751338,0.0732517178452797
657,7446,"s0","m2",0.133685522722516,-1.34481280181153,0.0777842600807167,0.409105798778266,-0.74871692588006
658,7454,"s0","m2",0.164265433129096,-1.42405648885672,0.19510004049468,0.307191642255593,-0.170565097759292
659,7458,"s0","m2",0.22242442955264,-1.37201993338022,0.091512872126889,0.42273645576424,-0.174708362319595
660,7460,"s0","m2",0.28817838432199,-1.32770738585816,0.482288126660972,0.506530108495746,-1.23677126144329
661,7467,"s0","m2",0.152716311292099,-1.48722687339843,0.256115864123141,0.275878765074567,0.451395450331766
662,7472,"s0","m2",0.0938602306121117,-1.43304916288103,-0.0758789354189613,0.431059914967271,-0.627753100178111
663,7488,"s0","m2",0.234484574738533,-1.39547106288483,0.259279302803224,0.192578612252277,-0.827581541956877
664,7493,"s0","m2",0.267024789684618,-1.44094019773476,0.528393464868596,0.239813097507047,0.284302351624095
665,7500,"s0","m2",-0.0190610638074761,-1.33847631824774,-0.768034154001302,0.358366679280298,-0.602786622516516
666,7514,"s0","m2",0.00718003508941124,-1.40840822217295,-0.17982761383784,0.182686796067653,0.051597245675792
667,7523,"s0","m2",0.144092344185073,-1.33159837435905,0.38230567729321,0.389514001182925,-0.953097290209743
668,7526,"s0","m2",0.0693330517434153,-1.31607480327653,-0.00829220935868417,0.142373892587055,-1.01701381814295
669,7528,"s0","m2",0.228956343804834,-1.34693687002166,0.218944204066012,0.33708874938107,-0.0578397284983889
670,7529,"s0","m2",0.196547308806428,-1.28586495574709,0.201948381152419,0.452245234195212,-0.713858958779768
671,7530,"s0","m2",0.189033532609853,-1.40435442393046,0.313049955102399,0.183194583921909,-0.351853621551297
672,7568,"s0","m2",0.257732441458288,-1.37495104532285,0.0882362684268374,0.133668539810016,-0.503965800895108
673,7584,"s0","m2",0.147119068117037,-1.25367016394862,-0.110050583111127,0.493559800678279,-1.13333211625524
674,7595,"s0","m2",-0.0178293064422967,-1.30684426786616,0.0541791667694945,0.207111548925922,-0.855313299499856
675,7601,"s0","m2",0.22114229240636,-1.38334696736536,0.398918279585607,0.401936430564856,-0.228074910964584
676,7611,"s0","m2",0.255367426168495,-1.36989713768936,0.149930252368949,0.370391510553102,0.156558238623823
677,7615,"s0","m2",0.304161663269884,-1.33968148969039,0.284809046232995,0.503954929344001,-0.454013570796899
678,7618,"s0","m2",0.0720423138817724,-1.32958971755748,-0.189288633181071,0.416897455259812,-0.680165650643923
679,7626,"s0","m2",0.26177549122934,-1.39098337222422,0.413582198157654,0.361713881411651,0.103013502301216
680,7641,"s0","m2",0.0210774923075595,-1.32275673572356,-0.309256442628221,0.453957889828168,-0.537700379684007
681,7642,"s0","m2",0.228519047448752,-1.32011227765377,0.562561608044338,0.300962305395011,-0.771691491404382
682,7654,"s0","m2",0.136452832892247,-1.28917774832525,0.0961689744305359,0.538706842999074,-0.242418316229875
683,7663,"s0","m2",0.0935210060488019,-1.38216274988264,-0.00298146368787558,0.526506542662466,-0.0572731534309735
684,7673,"s0","m2",0.0474718211009943,-1.36874037067903,-0.17248488295121,0.506431365926016,-0.55837348664408
685,7682,"s0","m2",0.15949868335603,-1.35195774893867,0.353620849114897,0.345488578107931,-1.02762987688352
686,7689,"s0","m2",0.113291883132849,-1.33106745793136,-0.00230925261858564,0.210432971715935,-0.467847945454152
687,7690,"s0","m2",0.124857021885015,-1.34372540223579,0.442516954592244,0.392277225276461,-0.603342349372434
688,7708,"s0","m2",0.0833236272827557,-1.34415096093586,0.495595457748085,0.32536475848739,-0.659676873160763
689,7756,"s0","m2",0.147470238832802,-1.34218152893733,0.261968506332177,0.378894877453391,-0.205531564817396
690,7773,"s0","m2",0.0822263783666838,-1.3988783426159,-0.00561408756996063,0.20758668905891,-0.314237073927521
691,7792,"s0","m2",0.149029329758912,-1.29763024413284,0.0987344632628755,0.490325667263424,-0.559925344456401
692,7872,"s0","m2",0.153783116630742,-1.46461143317851,0.337946631144166,0.172390485846994,0.0119611974758325
693,7874,"s0","m2",0.116922141311415,-1.33784526232499,0.268615935389747,0.524249313781578,-0.503814657436707
694,7896,"s0","m2",0.0903175216238898,-1.42347636705013,-0.022926681184657,0.419113056278496,-0.145286601358116
695,7913,"s0","m2",0.0559696799322349,-1.36631679922104,-0.141578898656892,0.143294280374409,-0.0942055319051833
696,7921,"s0","m2",0.387054856342503,-1.34174820515023,0.713391629217248,0.363178373243338,-0.0814538812672813
697,7928,"s0","m2",0.117162539741633,-1.29933506548945,-0.0359726863094352,0.454527915365563,-1.308931070154
698,7932,"s0","m2",0.215716155413303,-1.30484408599333,0.291708422501863,0.526763387411081,-1.14937568277379
699,7934,"s0","m2",0.0344317533425749,-1.40233212823772,-0.00371738925662038,0.297816648409017,-0.433260602987575
700,7941,"s0","m2",0.148012105410476,-1.28943636375286,-0.136549424671979,0.467648102141503,-1.21110008124945
701,7942,"s0","m2",0.1186124182667,-1.39936938977778,0.0189775274385209,0.234618396408789,-0.949714940902846
702,7957,"s0","m2",0.166700893251928,-1.34617577062478,0.240313001451304,0.33790699363696,-0.342667644676475
703,7979,"s0","m2",0.163197437945712,-1.37842158788293,0.195740049580143,0.16114161669109,-0.319395041877545
704,8015,"s0","m2",0.203000667088053,-1.41217785936245,0.429154856430026,0.243606772265281,0.314167953063982
705,8030,"s0","m2",0.0417252933123139,-1.38476204932424,0.0882558935120406,0.328201369109646,-0.30790926305282
706,8032,"s0","m2",0.219470585625716,-1.31040480780171,0.630702433302432,0.389749184584342,-0.349613326632486
707,8036,"s0","m2",0.168712192914482,-1.37490349460837,0.381605212917259,0.216721351730321,-0.215866351621672
708,8037,"s0","m2",0.0623681909684545,-1.31044317634791,-0.356982406570619,0.41018072143109,-1.17025024689954
709,8044,"s0","m2",0.322640772183972,-1.2949327613028,0.278332007681982,0.543153010584327,-0.956229615391397
710,8053,"s0","m2",0.232215658922705,-1.34155519986811,0.541212393570514,0.429588706488381,-0.711796741556012
711,8100,"s0","m2",0.161921723746796,-1.38857592284167,0.129856130134185,0.400638405754444,-0.28213079279383
712,8122,"s0","m2",0.17103525174546,-1.45011592025362,0.484807572715936,0.322883195254636,-0.40595933043435
713,8123,"s0","m2",0.00863174350619169,-1.3920143669281,0.0325059953976348,0.495672045742158,-0.236927638454108
714,8127,"s0","m2",-0.00682558974707791,-1.33865059132733,0.0385124698124598,0.464414090655728,-0.632057996850876
715,8130,"s0","m2",0.254301393795204,-1.39347899711871,0.200297366261552,0.362760253926952,-0.458437526052464
716,8132,"s0","m2",0.112892757619476,-1.36793393797106,0.143688245817923,0.256002140304502,-0.383765733579353
717,8161,"s0","m2",0.166073762476987,-1.28981447913159,0.585665207513067,0.501745262709215,-1.34005002761176
718,8166,"s0","m2",-0.0588911259180441,-1.37699752844275,0.142867682122697,0.289586629528197,-0.0183882500837261
719,8176,"s0","m2",0.107949586965144,-1.42038391864221,0.0936408758246429,0.349681890407563,0.338920706636317
720,8180,"s0","m2",0.10898286260447,-1.40793804530564,0.0963238552867192,0.158509146587179,-0.00494311021437251
721,8187,"s0","m2",0.260161355352886,-1.36706138319243,0.482313563788139,0.315724381248905,-0.250209427463957
722,8217,"s0","m2",0.13064901404898,-1.41773528897116,0.117715278930836,0.315520107694424,0.291773216989654
723,8223,"s0","m2",0.0740371086165342,-1.38300253515681,-0.282664193861084,0.38329086720411,-0.0624495265236673
724,8251,"s0","m2",0.199576576680795,-1.36639767698238,0.230754746252682,0.218202755895933,-1.04311045789707
725,8254,"s0","m2",0.250095418034987,-1.3381559620726,0.403707367392254,0.435627814318013,-0.151995302656614
726,8255,"s0","m2",0.248140909268875,-1.35422630505859,0.603319180271579,0.342610831576991,-1.34648246804338
727,8280,"s0","m2",0.098431881408965,-1.39810586979994,-0.122090718593872,0.434336540521338,-0.212500782560403
728,8282,"s0","m2",0.141377889618898,-1.30215035558929,-0.241711765834938,0.495944853165711,-0.491424508425506
729,8286,"s0","m2",0.0498247108602944,-1.28581965018792,-0.0655895992770054,0.451050429602434,-0.46587273352134
730,8288,"s0","m2",0.0442902094792618,-1.37088768016883,-0.158071118226978,0.18285534258012,-0.483753213336078
731,8303,"s0","m2",0.108160351732025,-1.38817982376242,0.26292795806142,0.236298184556886,-0.849096676148635
732,8321,"s0","m2",0.125640510819013,-1.37376525184649,0.111060185965572,0.532527728418935,-0.14828111460111
733,8329,"s0","m2",-0.016011449835821,-1.43764448311449,-0.280160874002136,0.288430568933082,-0.305643672956341
734,8343,"s0","m2",0.146378879672213,-1.39669442611884,0.0547067557697289,0.310169720357878,0.0817526494493531
735,8347,"s0","m2",0.0530950152998523,-1.3699582190379,-0.345880652817643,0.402983181382195,-0.29201180837958
736,8349,"s0","m2",0.141183362889489,-1.45286946929772,0.197320396429213,0.282770391291736,0.403646394525724
737,8356,"s0","m2",0.0423352005913323,-1.30371866872385,-0.523818794188382,0.30867007968635,-1.13837980921015
738,8378,"s0","m2",0.216788740293561,-1.40817088192144,0.335548494998248,0.234627785717479,-0.31902939278292
739,8389,"s0","m2",0.0419059029572101,-1.39601323375603,-0.428232263462108,0.440289528431218,0.0213400476234566
740,8395,"s0","m2",0.0866220854336036,-1.34137234528121,0.0228472724738548,0.289075759063823,-0.93547865455797
741,8403,"s0","m2",0.243173773276179,-1.32245607603442,0.362011459203365,0.372972987511836,-0.601149095643997
742,8430,"s0","m2",0.179216271587971,-1.35225432046489,0.43751491168714,0.29020603876419,-0.218571527197641
743,8445,"s0","m2",0.100729389358716,-1.28108444604113,0.376793473876369,0.538535778979838,-1.41508733221134
744,8478,"s0","m2",-0.0162239005872499,-1.28240345988782,-0.398378434637239,0.487265265778435,-0.94811050440592
745,8484,"s0","m2",0.0780609140493425,-1.25539505847482,0.343828926047714,0.507660351424925,-0.502654480940695
746,8485,"s0","m2",0.179447336683019,-1.33435369833746,0.391714923842323,0.462692019485518,-0.549964380367006
747,8491,"s0","m2",0.107985458033656,-1.36905448079529,0.0212151422749056,0.367358718267465,-0.253756304503384
748,8498,"s0","m2",0.0577044543778422,-1.4737117749572,0.125781436083408,0.219487297173282,0.623881082033194
749,8501,"s0","m2",0.15457794196017,-1.344938721387,0.480774159697667,0.426059930734897,-0.581366583829689
750,8516,"s0","m2",0.183675763880638,-1.37424283409408,0.179047621072881,0.263386836666915,-0.55476898359127
751,8543,"s0","m2",0.17206761847731,-1.31258404844733,0.54459664245881,0.467850988537381,-0.505658142993554
752,8547,"s0","m2",0.0592837848824075,-1.37684750895073,-0.43135687330611,0.468555605923432,-0.41023062286351
753,8548,"s0","m2",0.107366285913045,-1.39918211485445,-0.031528663464859,0.384119060524082,-0.231667203377855
754,8575,"s0","m2",0.0653628308097387,-1.36421915250096,-0.572683662296963,0.374841127122726,-0.783785149880029
755,8589,"s0","m2",0.320713837478015,-1.31395677966575,0.492956756166502,0.370633445946423,-1.16950418996814
756,8594,"s0","m2",0.118198568810994,-1.41100374564092,-0.423665217482613,0.342249509040343,-0.570660381485158
757,8598,"s0","m2",0.212740697239309,-1.44174825905089,-0.00710708364833443,0.265961055403893,0.0722858328819322
758,8612,"s0","m2",0.0836392661954839,-1.33533387788422,-0.03895575732336,0.242298782148365,-0.444746998889893
759,8620,"s0","m2",0.00342055303914526,-1.23141148007809,0.11356416325603,0.427191941899466,-1.66208401820046
760,8623,"s0","m2",0.246400642439807,-1.31387230242709,0.428067348405463,0.465382160609445,-1.0708202722006
761,8634,"s0","m2",0.101761761776701,-1.37420787357719,0.0148374703042616,0.190667269801634,-0.497626154306586
762,8635,"s0","m2",0.150111079540884,-1.3942849869627,0.214976940016701,0.472737044682846,-0.195930878777083
763,8636,"s0","m2",0.260932605447601,-1.30260307396312,0.455607743469662,0.468854285567513,-0.380827811980027
764,8643,"s0","m2",0.245235363857413,-1.33054297405154,0.585343498461054,0.0406961933707181,-1.48473061768113
765,8647,"s0","m2",0.0412084989539611,-1.31955933408008,0.16328069474782,0.499480447773817,-0.755694017520023
766,8652,"s0","m2",0.0804341582439775,-1.36150142457395,0.0815666253733213,0.375175077168467,-0.750196161896784
767,8667,"s0","m2",0.152502399897242,-1.38814768137759,0.0648863044303533,0.32010818142263,-0.627034913951839
768,8676,"s0","m2",0.247515673424166,-1.37653514603943,0.409262790715182,0.303496885742885,-0.506782569961169
769,8685,"s0","m2",0.138303337901514,-1.32523398576023,0.0555644182300138,0.40152918661454,-1.03963470254223
770,8686,"s0","m2",0.233167209806648,-1.34688273592221,0.335458444690939,0.43178935839836,-0.745287057652191
771,8695,"s0","m2",0.187478717459096,-1.46437834184508,0.295039050063313,0.41516596696566,-0.0506069955324491
772,8697,"s0","m2",0.038209795211868,-1.42145013281696,0.196893372113447,0.338222100127391,0.335640282778779
773,8708,"s0","m2",0.109360292018241,-1.39116673408514,0.0576514567134625,0.286161850232564,0.0612403717387727
774,8710,"s0","m2",0.22910054485378,-1.33136443576766,0.30554874704392,0.513267910653681,-1.15298947817628
775,8716,"s0","m2",0.0742658102997917,-1.36551607574435,-0.268462823250277,0.449745097618571,-0.434764143234536
776,8726,"s0","m2",0.204921172676343,-1.2186277796876,0.334411727819992,0.457685786148316,-1.8142362273654
777,8738,"s0","m2",0.0445862128668306,-1.25497118843291,0.11962511883705,0.457237240884239,-1.41758239930029
778,8768,"s0","m2",0.128805122406081,-1.33943751199457,-0.0737004581881962,0.445512496123639,-1.00398650903884
779,8770,"s0","m2",0.178380769891519,-1.32736882761793,0.238544212767445,0.463576779769023,-1.15881585182668
780,8780,"s0","m2",0.25167277134953,-1.39563874583452,0.616915254694606,0.355539710898014,0.0343349738550757
781,8785,"s0","m2",0.18995795161186,-1.3071815505101,0.204995184155735,0.376880005727358,-0.559956184990745
782,8792,"s0","m2",0.0953067796313319,-1.37966848481445,-0.273944278504708,0.485082811199454,0.0683254555568397
783,8805,"s0","m2",0.164178214075217,-1.34453342684994,0.419312647362991,0.391787832163438,-0.232070305787196
784,8819,"s0","m2",0.203228821950297,-1.32284344390524,0.121197239365308,0.548414771576005,-0.746981810871723
785,8841,"s0","m2",0.146246733683763,-1.316325475153,0.0329964039087362,0.399478474772224,-0.643692010801607
786,8846,"s0","m2",0.167163226926906,-1.25101197402585,0.159222567383783,0.392821259430616,-0.77508319329365
787,8876,"s0","m2",0.135236699257824,-1.39452131428041,0.236256783369,0.316079645371459,0.0856802407150528
788,8890,"s0","m2",0.0628215051775398,-1.38403376193737,0.117937770545705,0.422676055757646,-0.230799268845772
789,8895,"s0","m2",0.0887299104722628,-1.33901663072312,-0.0354873686570456,0.26085442691638,-0.647454030080275
790,8916,"s0","m2",0.22549356002155,-1.23242011453475,0.109141362993152,0.50457624212303,-0.490873284968598
791,8919,"s0","m2",0.103803247005148,-1.39906431667219,0.0966402808854914,0.342195034028682,0.507092424608287
792,8930,"s0","m2",0.139892018827386,-1.31488400636768,0.170641991409571,0.331696832170793,-1.0840092255
793,8934,"s0","m2",0.0841227626218212,-1.4390944259601,-0.0605414315234849,0.433087751560483,0.315259162695919
794,8949,"s0","m2",0.178026789713109,-1.38602956713397,0.415778104674591,0.266600395083935,0.00158802294992377
795,8956,"s0","m2",0.107906345458998,-1.37277267580568,-0.220809255930944,0.466244834576771,-0.32947721326453
796,8961,"s0","m2",0.0907799086805697,-1.34768724726321,0.298069320751377,0.437645527993865,-1.27629694257859
797,8967,"s0","m2",0.111264408908464,-1.32442077193749,0.166921504143223,0.442873187406559,-0.701942639784626
798,8982,"s0","m2",0.0581102477144579,-1.30094572090295,-0.571083743412481,0.331515675554195,-0.683384990150907
799,8986,"s0","m2",0.288434520451855,-1.25683505688603,0.204094902751927,0.491827075589628,-1.35486276878899
800,9002,"s0","m2",0.149911350691447,-1.4737152165891,-0.213923123888916,0.143197197424331,0.105879589820407
801,9014,"s0","m2",0.0518929402044106,-1.34335375452893,0.229190696254292,0.461027861138377,-0.46172831967975
802,9022,"s0","m2",0.0519488743073387,-1.37499012768577,-0.312601527560509,0.508603881746937,0.183921268260429
803,9027,"s0","m2",0.114084807267477,-1.34619070818626,0.130519733194541,0.245713065346625,-0.435320461073671
804,9033,"s0","m2",0.167568360385994,-1.27807889942334,0.472692023348922,0.434488745628084,-1.172168744543
805,9056,"s0","m2",0.0522374372882689,-1.29411716278684,0.0439475904303284,0.473701261497149,-0.669192886082958
806,9071,"s0","m2",0.0691064062546594,-1.2763740885433,-0.299039154636792,0.489503486784363,-1.14709328447495
807,9093,"s0","m2",0.132457423927652,-1.40696193927001,-0.0534017552098479,0.293754059522288,0.133922525699194
808,9097,"s0","m2",0.0499278270633898,-1.308611862028,0.0739619706764157,0.230804156101643,-1.19269107503286
809,9101,"s0","m2",0.223429481665006,-1.37686242010456,0.439090781567581,0.528586041138571,-0.737261233505709
810,9124,"s0","m2",0.15460472495507,-1.19169496472751,0.241383609440492,0.512296534981544,-2.2188180757068
811,9140,"s0","m2",0.169747664831476,-1.347966915093,0.38336308360351,0.455066331843513,-0.60433417146565
812,9181,"s0","m2",0.119655385726634,-1.32437955748714,0.189590149412558,0.423150937720846,-0.997317333637194
813,9185,"s0","m2",0.0891096798688241,-1.40500189525463,-0.136010411263968,0.257736793745659,-0.553893841775525
814,9209,"s0","m2",-0.0358327817712432,-1.31241954115599,-0.401069856164058,0.509903400355956,-0.970340442458743
815,9220,"s0","m2",0.127754043157973,-1.26344590242037,-0.28611078877189,0.527765518247611,-0.979594871622549
816,9223,"s0","m2",0.127022897945116,-1.32387831635124,0.0762153813257301,0.421815815118613,-0.774619112476304
817,9248,"s0","m2",0.154252512832402,-1.3712958912699,0.402740770555693,0.365917383765755,-0.679724084433156
818,9258,"s0","m2",0.126549318240397,-1.31116083729118,0.436709447614658,0.430856412532119,-1.75117089617614
819,9273,"s0","m2",0.198504076215683,-1.34245762575798,-0.1864396636968,0.481939079243072,-0.391375624677978
820,9275,"s0","m2",0.178400139629601,-1.32410668685454,0.304394159051407,0.521229694020495,-1.11105397613096
821,9280,"s0","m2",0.0328971483687284,-1.30099856650978,0.171544983048515,0.463828455226362,-1.43778581022292
822,9286,"s0","m2",-0.017367755484892,-1.41049713288635,-0.114288189805308,0.378672279090376,0.151357417586102
823,9301,"s0","m2",0.0636217311449662,-1.4054312041038,-0.200064638693293,0.363661408100795,-0.393094455232286
824,9302,"s0","m2",0.0218165422524436,-1.36695995510562,-0.00541180044415594,0.378965784887455,-0.374761515509893
825,9311,"s0","m2",0.198263117223051,-1.33407259493229,0.344495736003444,0.41589903390042,-1.04489787509971
826,9325,"s0","m2",0.139033944849869,-1.37922304569577,0.21440921547684,0.330265547182072,-0.142090635928025
827,9328,"s0","m2",0.196405459880977,-1.38541749696229,0.203270038697866,0.343880391286411,-0.313855422463527
828,9330,"s0","m2",0.166884312885997,-1.26311768658096,0.220747872071902,0.273027738698665,-1.39062160201229
829,9344,"s0","m2",0.192912687649279,-1.36959068013885,0.36499549280146,0.495647401137096,-0.290133611145939
830,9351,"s0","m2",0.0531543912836118,-1.3675518459779,-0.359116301269569,0.293506901334082,-0.668539381864326
831,9363,"s0","m2",0.132421814863848,-1.38477065355173,-0.11850094772235,0.12601981847473,0.267146485443166
832,9378,"s0","m2",0.0830640775649752,-1.42363677074867,0.470785631702604,0.462181536000154,-0.379125799101801
833,9395,"s0","m2",-0.00364595533215046,-1.42648697578889,-0.399358544654582,0.362141842936708,0.160496118330485
834,9401,"s0","m2",0.142407094023344,-1.3835194105187,0.222649939832683,0.151460083735286,0.0330056620982957
835,9413,"s0","m2",0.110051128347166,-1.45876533500147,-0.215220462042807,0.320342376282136,0.223468122545327
836,9433,"s0","m2",0.125535608492374,-1.40987872978698,-0.132158638195554,0.276972403048613,-0.0265174330775185
837,9444,"s0","m2",-0.0278173584245816,-1.34086038777314,-0.150686653584667,0.396968732246114,-0.333950090565671
838,9451,"s0","m2",0.0971883924389337,-1.31337942143038,0.143522667379597,0.424821675425375,-0.816965682366834
839,9466,"s0","m2",0.222599998627173,-1.43841267615955,0.618885957036343,0.373791348242703,0.183244993993317
840,9496,"s0","m2",0.112624316656636,-1.3751958298637,0.0245889789070288,0.394379245567257,-0.246977829001735
841,9524,"s0","m2",-0.00577564975654965,-1.43850821033026,0.307830478828996,0.159056387865788,-0.251544584897926
842,9527,"s0","m2",0.104229810851432,-1.35203012255332,0.0772923814410815,0.465874017150691,-0.631555896759074
843,9537,"s0","m2",0.0534148736939453,-1.28208319894095,-0.238472948725077,0.276739405049193,-0.764216334330008
844,9539,"s0","m2",-0.0158117250533358,-1.28168777475246,-0.133422343690161,0.48939657665406,-0.332716972940734
845,9540,"s0","m2",0.159370833704413,-1.29982573767357,0.062176126381667,0.345122051590215,-0.814444888196586
846,9554,"s0","m2",0.171005755834751,-1.37516930172676,0.284849368458661,0.311670487508627,-0.195111681020431
847,9563,"s0","m2",0.111119321329037,-1.37819858057264,0.0616253413768034,0.299898532735416,-0.63773762002763
848,9586,"s0","m2",0.0859922523554071,-1.39136944604632,0.00902705385131806,0.347651459368589,-0.152935750493749
849,9591,"s0","m2",0.0449014481324028,-1.27996436907314,-0.291687834507087,0.516182773665402,-1.59773117193255
850,9595,"s0","m2",0.0570059397755525,-1.32115985034583,-0.00752666388643168,0.408068564150512,-0.786702908875384
851,9612,"s0","m2",0.270641601703275,-1.37895545863833,0.32571922110537,0.304758259745617,-0.411502613171123
852,9630,"s0","m2",0.0634617921809635,-1.3418469419776,-0.0810361267700788,0.539906105756772,-0.306460896467952
853,9654,"s0","m2",0.0869613521816147,-1.33055176991524,-0.0855701778970825,0.308840937457938,-0.652317576492967
854,9668,"s0","m2",0.193628138208758,-1.43434224461094,0.330962433812765,0.19583532870792,-0.355849282053084
855,9670,"s0","m2",0.188439613042334,-1.27402254594125,0.260930435309377,0.305786650452718,-2.39071553922963
856,9681,"s0","m2",0.149408958145092,-1.33484587960857,0.0582352002178367,0.406380988297031,-0.18837511992078
857,9684,"s0","m2",0.214109893454527,-1.40089176316105,0.379130939337885,0.272819033932602,-0.0838857041412369
858,9686,"s0","m2",0.105388108090539,-1.36920408141163,-0.103585836681526,0.282009031555047,-0.533952999517944
859,9702,"s0","m2",0.240505815079225,-1.29199721309608,0.399571999980409,0.506508729304298,-1.44137183339848
860,9721,"s0","m2",0.14546370804349,-1.40052288682376,0.0983691380625286,0.175876341976463,-0.064718090230312
861,9726,"s0","m2",0.0644552410641351,-1.33274348988534,0.167540840721796,0.420435930242708,-0.40853644655717
862,9737,"s0","m2",0.0736431802752117,-1.29733441841767,0.0419938485947352,0.367091261729626,-1.06817135520977
863,9765,"s0","m2",-0.00230058220224222,-1.34606383292302,0.00930325169116814,0.250572122213896,-0.956921805666131
864,9768,"s0","m2",0.0892320375682702,-1.37817572754155,-0.0796641863581181,0.429662295361058,-0.493715522900522
865,9770,"s0","m2",0.189845713014852,-1.39569394600511,0.512135804784997,0.352977368992704,0.0451559199330206
866,9776,"s0","m2",0.205075109512537,-1.28597939039635,0.390705819129641,0.463007328907345,-1.06504834293056
867,9801,"s0","m2",-0.0390441892194868,-1.39452912828684,0.0456609759583025,0.365193580872529,-0.814247421182657
868,9822,"s0","m2",0.0184170614931603,-1.35520642066935,-0.0494936155530685,0.409354172354707,-0.73328021203475
869,9823,"s0","m2",-0.108809867187386,-1.31794530034433,-0.441697247896515,0.394636884484949,-0.662107104441022
870,9859,"s0","m2",0.414923557255894,-1.33473188597559,0.728272540230572,0.334192996111142,-0.673345260530704
871,9862,"s0","m2",0.143492416221086,-1.41349996874257,0.201669598486176,0.397910374883633,-0.877177246839742
872,9872,"s0","m2",0.00975158363936724,-1.37871009191931,-0.30582944078438,0.375462447224618,-0.591072769758122
873,9899,"s0","m2",0.255535123304669,-1.36994191479744,0.277698395259252,0.342759830652412,0.0921923986889982
874,9924,"s0","m2",0.143450149199388,-1.34510999830666,0.0736695037054784,0.382754852774518,-0.299906786946037
875,9930,"s0","m2",0.246747753648602,-1.36635164847793,0.547764180675561,0.283508183305185,-0.0862917089020813
876,9945,"s0","m2",0.0761740371013885,-1.3573123935046,0.194179541434124,0.409326404636703,-0.776110601738886
877,9968,"s0","m2",0.228002442060646,-1.40301054706823,0.380917743115525,0.24384408834765,-0.149995075283617
878,9981,"s0","m2",0.00587297342030704,-1.40185911663559,-0.417746790030113,0.214563418220636,-0.538872301588247
879,9983,"s0","m2",0.303120897422141,-1.32489556515998,0.510665396166529,0.454530529037592,-0.0457185103813951
880,10020,"s0","m2",0.218227332407504,-1.25282566185564,0.402922730476542,0.357135050665487,-0.899913561834052
881,10043,"s0","m2",-0.0344093318178221,-1.44316152399876,-0.0920290791393084,0.33561812781637,0.139875775181498
882,10052,"s0","m2",0.106973212729657,-1.33264850294711,-0.0062300111652699,0.525845165686117,-0.932295579050699
883,10060,"s0","m2",0.111127220923424,-1.35863205592098,0.214626095140216,0.294955565587995,-1.044284649612
884,10063,"s0","m2",0.17104855766964,-1.41147489858118,0.118231799403892,0.337679370220537,-0.195077404231613
885,10081,"s0","m2",0.272205579725876,-1.33728911910085,0.411807244272142,0.383537500292088,-1.23188134808706
886,10082,"s0","m2",0.0856872479853237,-1.405997219792,0.0889314210298629,0.414025764027346,0.252855199372974
887,10092,"s0","m2",0.0583201235581657,-1.31636045710487,0.200464612660466,0.398659109315124,-0.884060793874664
888,10100,"s0","m2",0.119039342674171,-1.41758085937101,0.173712570056509,0.0731767562713915,-0.705764268409305
889,10114,"s0","m2",0.0929439805279934,-1.32962354606917,-0.0810118353430761,0.388679274940831,-0.171918847013091
890,10130,"s0","m2",0.179306987596008,-1.35625402571049,0.238028612140801,0.323481254679234,-1.04059966430983
891,10137,"s0","m2",0.173452250673014,-1.27661245013408,0.238489462807061,0.556964187126025,-1.08536982586249
892,10141,"s0","m2",0.0358304649472289,-1.26581647126002,-0.372192999075586,0.466843734655478,-0.887686850459136
893,10174,"s0","m2",0.0518334828690101,-1.34229440283697,0.249881591432449,0.176844726574304,-0.915055821210312
894,10184,"s0","m2",0.201605212183556,-1.33338525498762,0.144898429900748,0.296905077916867,-0.931538018280494
895,10188,"s0","m2",0.160093042148207,-1.39886372007142,0.308876223702678,0.259358488227439,-0.377375795276179
896,10196,"s0","m2",0.0538211737276798,-1.39621174508086,0.186672531684876,0.357771428390799,-0.159917666693584
897,10206,"s0","m2",-0.0543649522449942,-1.40310788000174,-0.420351888279794,0.343458220566765,-0.104881897463197
898,10218,"s0","m2",0.0962838684313,-1.28962817031437,0.333137735613643,0.210204321829552,-0.984465223379606
899,10232,"s0","m2",0.17560940980808,-1.25343477649271,0.438683738742287,0.439459220953511,-0.914442803232712
900,10236,"s0","m2",0.12975417626489,-1.37056618709992,0.153459047873973,0.137881764757078,-0.0840132138954582
901,10249,"s0","m2",0.22099837739876,-1.29328588296905,0.241260006660904,0.295517885647315,-0.960638207511997
902,10252,"s0","m2",0.161321352676741,-1.32940546776255,0.214635612624243,0.279298971640998,-0.823866707054029
903,10267,"s0","m2",0.308109551955601,-1.30470953150159,0.561181458200848,0.389911127722479,-0.687355087151077
904,10274,"s0","m2",0.115399009416533,-1.4116586042474,0.123215725550258,0.0930600492080177,0.138597030123738
905,10284,"s0","m2",0.122526073314567,-1.40363420505879,0.172061274777411,0.291688061989181,-0.322813383316817
906,10315,"s0","m2",0.189604832939032,-1.4281808137782,0.220059379133438,0.178494664270599,0.233056575799839
907,10321,"s0","m2",0.131030187355631,-1.36004035263909,0.0243627007048139,0.342700182587519,-0.83745312762782
908,10327,"s0","m2",0.149602792061056,-1.45427364692539,0.040439663475383,0.25422015654981,-0.362734202221478
909,10336,"s0","m2",0.181165419768267,-1.38365590104789,0.13264047695688,0.152085812083393,0.161471184804636
910,10346,"s0","m2",0.179815799592364,-1.35816670655517,0.223586984914514,0.345037187358239,-0.552036919812015
911,10350,"s0","m2",0.188726838008497,-1.35549441352924,0.203823306108075,0.18211452059229,-0.202924599710431
912,10361,"s0","m2",0.177254642184063,-1.37954556375122,0.232399679976992,0.354790728097676,-0.429540486816882
913,10376,"s0","m2",0.192891337283966,-1.34585438357738,0.183632520792755,0.318653156809054,-1.17387653011131
914,10380,"s0","m2",0.327926966576383,-1.30150760001809,0.67385345186546,0.327693705847595,-1.00036469938808
915,10391,"s0","m2",0.193932693595612,-1.43182584894567,0.0256913261670687,0.399979579769582,0.00259922059327188
916,10404,"s0","m2",0.165865820774712,-1.43848894225567,0.15276718261512,0.375150031356251,-0.562909831534474
917,10407,"s0","m2",0.243528886444625,-1.33464314568609,0.470804385806072,0.237037381276496,-1.11917970285773
918,10412,"s0","m2",0.182882899203264,-1.31521084702713,0.211967902336392,0.260614838875088,-0.75446736007564
919,10413,"s0","m2",0.0646888965675108,-1.34698726453197,-0.0740183205693638,0.488138540729211,-1.01594226765125
920,10418,"s0","m2",0.0851277998247251,-1.52626514634484,0.157243682929964,0.219020948829951,0.434329561191572
921,10421,"s0","m2",0.084637632718592,-1.33437872014728,0.0306040434287485,0.474886663753193,-0.270782011585558
922,10428,"s0","m2",0.012396063085182,-1.40896227595675,-0.0791424061396545,0.345154905917429,-0.184384737284056
923,10433,"s0","m2",0.20019705051061,-1.37373104869084,0.31827454127267,0.355120232580328,-0.340577350266964
924,10439,"s0","m2",-0.0315511853433531,-1.31188582564923,-0.572121192651686,0.438681826154419,-0.466607217910063
925,10456,"s0","m2",0.106751967194657,-1.36380791087418,0.039733202101877,0.406321820029042,-0.154525219158482
926,10470,"s0","m2",0.0996088831246599,-1.32262451113473,-0.010802850323344,0.341129017246885,-1.28943185976747
927,10471,"s0","m2",0.0321750802869649,-1.36912344961832,-0.211811159276181,0.39836770459226,-0.901271816638495
928,10485,"s0","m2",0.192221676764496,-1.22387300011489,0.180645390679408,0.307217960738767,-1.67833638592886
929,10487,"s0","m2",0.0746369179214672,-1.34814598895913,0.0826168938267578,0.383446625077264,-1.22142614150583
930,10489,"s0","m2",0.0316869119989343,-1.35850270180366,0.155229676478759,0.404966363274824,-0.0995721832720565
931,10493,"s0","m2",0.149734987101595,-1.34771393253057,0.190890697290575,0.246105877914122,-0.000764081695547217
932,10494,"s0","m2",0.185714519359682,-1.3282143722817,0.109906000771243,0.474188869392245,-0.547763389300572
933,10512,"s0","m2",0.103698957644742,-1.30152571085978,-0.00378830211747781,0.179937122619565,-0.84301522960674
934,10521,"s0","m2",0.117578056190845,-1.31438358939351,0.0566185524165119,0.225016970414333,-1.23130672116313
935,10532,"s0","m2",0.0887305331986467,-1.4247663002943,0.265138434959029,0.3750481022609,-0.0838263354206655
936,10547,"s0","m2",0.174020167505311,-1.34612939307527,0.137970645548478,0.298662229229055,-0.561059502004239
937,10570,"s0","m2",-0.0801136301916593,-1.39134348475545,-0.429547987755403,0.270891445487588,-0.686326475557236
938,10577,"s0","m2",0.0652350013163877,-1.36019902067395,-0.0663390942934894,0.52253228982884,-0.31478838017792
939,10598,"s0","m2",0.233673121696918,-1.38199198444008,0.131520036834307,0.190274343865672,-1.04355340821945
940,10633,"s0","m2",0.134450488433093,-1.38402953847393,0.18212446876554,0.378511366004209,-0.159816732570826
941,10646,"s0","m2",0.280254954868408,-1.26907523937907,0.511952807638866,0.635547648713363,-0.43414541923321
942,10664,"s0","m2",0.0188391835297081,-1.30452975292309,0.0191648555675637,0.193990475984919,-1.49050230658583
943,10668,"s0","m2",0.267410561399245,-1.35853016895712,0.176865792850035,0.278337495947013,-0.757768530290766
944,10669,"s0","m2",0.392246579489106,-1.35629741455881,0.773031028413694,0.463334559859179,-0.32742356452193
945,10675,"s0","m2",0.0746801945733275,-1.26028751423442,-0.109142507219188,0.343560479328022,-2.06019315524062
946,10706,"s0","m2",0.0511686328918647,-1.3376852802738,-0.225975653497032,0.525064717193477,-0.442984918623538
947,10707,"s0","m2",0.194442688153727,-1.37724672831148,0.350716988500891,0.012719679813734,-0.256511474644084
948,10709,"s0","m2",0.168442504921504,-1.40707055332937,0.146098156469405,0.316163234027,-0.454036640847611
949,10714,"s0","m2",0.0430298676542822,-1.23266048201434,-0.179287822490398,0.49861754312077,-1.21900718276231
950,10720,"s0","m2",0.145381920970012,-1.35533351431823,0.13363456813263,0.308472390713849,-0.790384771764792
951,10731,"s0","m2",0.146114074002894,-1.35509980480167,0.284072870812094,0.372504923736874,-0.640484643211285
952,10732,"s0","m2",0.216675268690441,-1.37882308604219,0.131455515812738,0.177978228461067,-0.0798048985153992
953,10744,"s0","m2",0.201433487954464,-1.28798081981315,0.0905315467355309,0.389292381706551,-1.31729756016771
954,10765,"s0","m2",0.129635698436503,-1.33960642209314,-0.0795920486051577,0.252364426316108,-0.764434732322666
955,10782,"s0","m2",0.214355432805403,-1.3227650697311,0.216933198370459,0.563566276005698,-0.935246278824329
956,10796,"s0","m2",0.0669492251429459,-1.41096920176296,0.326139145802228,0.239352429122449,0.309953387633408
957,10814,"s0","m2",0.0718438267615373,-1.24071240558925,0.0636568785313135,0.575371514682805,-1.21441812303098
958,10816,"s0","m2",-0.0684967351484347,-1.41844619373381,-0.372748628430223,0.264380104384315,-0.147063545579122
959,10822,"s0","m2",0.0807526564403945,-1.40620712992993,-0.157578918138386,0.270221774047705,-0.0900386295890771
960,10826,"s0","m2",0.275860250201173,-1.30722890854649,0.583103706761033,0.398699982188034,-0.920847723338365
961,10832,"s0","m2",0.0412442117809746,-1.2925724992105,-0.176642088005459,0.427402022633158,-0.634450808079123
962,10865,"s0","m2",0.060397013737419,-1.39997290064598,0.0101448128740095,0.437843323054211,-0.578496508228623
963,10871,"s0","m2",0.126586818492085,-1.3988426181515,-0.105615458492516,0.313458583787517,0.341635050844858
964,10872,"s0","m2",0.168568130395788,-1.33423253976738,0.378249704045568,0.371030727271714,-1.00304942502206
965,10881,"s0","m2",0.326062327336977,-1.32319552356868,0.562453758531568,0.314114047834699,-0.329871321064045
966,10884,"s0","m2",0.175507401608808,-1.35707800186515,0.300802856076448,0.305384212772046,-0.658921961402612
967,10892,"s0","m2",0.170557610011159,-1.38169312193994,0.346732911685045,0.27535242586177,-0.351558705632085
968,10897,"s0","m2",0.0870837277836225,-1.29802409126466,-0.105322407985497,0.419127886031575,-1.03659029309248
969,10908,"s0","m2",0.0355021956509721,-1.40575284786746,-0.156507773119566,0.0350718348669905,-0.354316431268901
970,10938,"s0","m2",0.152689138007976,-1.3751086330367,0.129569177325356,0.193417756556605,-0.50453627035359
971,10950,"s0","m2",-0.0560346536336042,-1.30268835384481,-0.518868648583646,0.303233514387382,-1.79670276903624
972,10968,"s0","m2",0.0673138042306932,-1.36228921967195,-0.243454871110017,0.314746133685048,-0.412619107569221
973,10970,"s0","m2",0.0924733070799217,-1.33681295762693,0.149190654614789,0.470908319463803,-0.702758710239614
974,10982,"s0","m2",0.0701481867066688,-1.30897371264522,0.0743171912765945,0.379392937178586,-0.417389320079394
975,10985,"s0","m2",0.0490351245073499,-1.37561469293253,0.0861330689193053,0.298147746251422,0.0961292795446674
976,10997,"s0","m2",0.00860643668951717,-1.23580409575421,-0.31935682376523,0.441058542440808,-1.40241525625096
977,11012,"s0","m2",0.195160180632075,-1.46091801327693,0.568641277443239,0.176972306199161,-0.045419772573211
978,11029,"s0","m2",0.195400099847927,-1.3505156804609,0.276095174653155,0.417817615241881,-0.422833639937496
979,11039,"s0","m2",0.0260882733646575,-1.3842219174619,-0.140450371541122,0.396159190089184,-0.892613009061544
980,11056,"s0","m2",-0.0200024520760742,-1.28933943965635,-0.0994430215435806,0.535347306541517,-0.798562667881843
981,11064,"s0","m2",0.105505122919074,-1.35123836994877,-0.250169005423096,0.406448146558332,-0.486284091983501
982,11092,"s0","m2",-0.0440539979230429,-1.38808011126554,-0.314529836872379,0.364837077030589,0.35680281575095
983,11094,"s0","m2",0.107134408051521,-1.29223853550718,0.178308034675495,0.527229088239727,-0.54586233329526
984,11101,"s0","m2",0.132619925719125,-1.27230136931205,0.392492721931459,0.511502362027857,-0.857154624959729
985,11107,"s0","m2",0.181433020995307,-1.36094326652664,0.315976734984391,0.268626132643418,-0.328782767305936
986,11129,"s0","m2",0.117691759027964,-1.32168946649305,0.208841614889391,0.379857297110179,-0.576395755963482
987,11130,"s0","m2",0.229409496192271,-1.30025485983355,0.386208586417145,0.371377876393458,-1.51811510665703
988,11140,"s0","m2",0.1867696176484,-1.37664086826905,0.408788819329166,0.325369600332887,-0.128084806755939
989,11156,"s0","m2",0.0801266635906718,-1.38683747658339,-0.221182934817505,0.287506532131639,-0.440383814624316
990,11160,"s0","m2",0.281678344145127,-1.24515639244911,0.196383615373094,0.419699409401582,-1.74628024819096
991,11166,"s0","m2",0.170057325438888,-1.29815184465249,0.471489203671101,0.457236439632449,-0.937061637545176
992,11169,"s0","m2",0.174405776381817,-1.260823808476,0.460414310717352,0.485167074288766,-0.818216893512256
993,11176,"s0","m2",0.195223390787403,-1.38316150639371,0.130334247267394,0.33653777051097,-0.0394990558712551
994,11181,"s0","m2",0.161450594814216,-1.43707354198706,0.0883960021835137,0.204312748421815,0.33061419819755
995,11193,"s0","m2",0.192382913082086,-1.37654016398438,0.139490642919307,0.404449564773016,-1.09953187678579
996,11202,"s0","m2",0.112659457754607,-1.39228904435334,0.0173399246118707,0.497963999083196,-0.338766660908471
997,11209,"s0","m2",0.123085194257158,-1.27484602071754,-0.452140270175221,0.555981274128805,-1.72065038652174
998,11217,"s0","m2",0.252703046470612,-1.37350840673103,0.415790918156303,0.304166909906745,-0.45777834533994
999,11221,"s0","m2",0.0975180031167118,-1.38483197324504,-0.081216633338127,0.159941604232282,-0.0532549044847669
1000,11224,"s0","m2",0.212219842864242,-1.34148278836408,0.4736055262178,0.392105417173766,-0.891170984181598
1001,11230,"s0","m2",0.0718082565418361,-1.43635365821464,-0.277632739804832,0.221292970306635,0.277818853006255
1002,11236,"s0","m2",0.284075342104241,-1.35727935883743,0.458298976054444,0.20294799432557,-0.33951276445607
1003,11270,"s0","m2",0.303587040384814,-1.42653520607515,0.561394656925713,0.435993142963802,0.333547586268108
1004,11338,"s0","m2",0.151982343702919,-1.36507327924964,0.231361111496995,0.246257789381174,-0.244237579090958
1005,11354,"s0","m2",0.0970820696020176,-1.45781914220973,-0.0432841999658657,0.339868329203585,0.0138393455299711
1006,11366,"s0","m2",0.136115864008498,-1.34238173155767,0.223707817606993,0.360724144860952,-0.478577827500995
1007,11378,"s0","m2",0.212477958829627,-1.42316303666745,0.494772683067094,0.251795600532844,0.065823728910274
1008,11379,"s0","m2",0.0241729431519097,-1.31317285269861,-0.332726524059126,0.467919638455083,-0.483546659687169
1009,11395,"s0","m2",0.137110610292841,-1.33241967454251,-0.201842098608791,0.354334154288064,-0.52135475478324
1010,11423,"s0","m2",0.142801012704822,-1.3379106889381,-0.0551714284442778,0.397112831293145,-1.1546354554491
1011,11427,"s0","m2",0.152790211046083,-1.35455972953557,0.00814521583333896,0.285987071604319,-1.08779796672854
1012,11445,"s0","m2",0.0104693070884811,-1.31448233574196,-0.120710977249432,0.442943367244041,-0.929151542651215
1013,11450,"s0","m2",0.259008008549208,-1.40265899231323,0.427109316647436,0.178659463722541,-0.33581397325066
1014,11465,"s0","m2",-0.0214929018014261,-1.3651955776973,-0.534681351653547,0.435913457334295,-0.393157175676997
1015,11470,"s0","m2",0.198192300272938,-1.31063993447671,0.276343272189815,0.433004851097349,-0.140577371210766
1016,11478,"s0","m2",0.0761602479687785,-1.35593536544904,-0.424512940016045,0.305368490684653,-0.624063234353696
1017,11488,"s0","m2",0.173022461942881,-1.40835672041822,-0.0459453823688294,0.233912349840689,0.0892035929687261
1018,11492,"s0","m2",0.0632168962521828,-1.33559303361766,-0.180596305998204,0.427372758485929,-0.396958819505827
1019,11493,"s0","m2",0.0371357557739751,-1.3979378084756,0.0331045223046512,0.349104178095055,-0.025438018598165
1020,11537,"s0","m2",0.122043562058672,-1.34317623671886,0.339787305782866,0.427468850369146,-0.670310061274464
1021,11570,"s0","m2",0.147897918821703,-1.27364072974609,0.3556190234642,0.414566952987509,-0.873225296554239
1022,11581,"s0","m2",0.278091868389422,-1.36362209941288,0.560902411744633,0.313374414438491,-0.822285243884919
1023,11583,"s0","m2",0.164077635745934,-1.37792131228356,0.257694487341871,0.325432264660239,-0.260289895739872
1024,11591,"s0","m2",0.0807843224698034,-1.38583907210894,-0.0178761644849883,0.292251415142794,-0.115482820491994
1025,11592,"s0","m2",0.090494372441114,-1.41952223055088,0.196235558426947,0.299789376494453,-0.0611761666705853
1026,11594,"s0","m2",0.367851089318624,-1.38212914811445,0.790838954835604,0.356529919776336,-0.30705092402287
1027,11615,"s0","m2",0.0456011882188207,-1.37501562681685,0.317851545653792,0.357706963404796,0.0591051083084237
1028,11620,"s0","m2",0.205004483344496,-1.34794693721217,0.21982377074648,0.25376510719917,-0.540187237566166
1029,11625,"s0","m2",0.0669024734368753,-1.44075395700236,0.161446236278387,0.210587385809691,0.200211411432506
1030,11683,"s0","m2",0.0114029054902957,-1.28323540556453,-0.351521725296217,0.41263391554157,-1.21769517850862
1031,11718,"s0","m2",0.134434165145059,-1.25829501847095,0.261335585313587,0.520375992492435,-1.61711217949172
1032,11720,"s0","m2",0.129384449096108,-1.4034421710747,0.202176468719135,0.245510908931626,-0.0204736209353834
1033,11729,"s0","m2",0.17498425221947,-1.35803868725682,0.268919714820252,0.38727945879976,-0.204014708169352
1034,11732,"s0","m2",0.161524397158111,-1.36353177325826,0.0813116027293389,0.175110194505023,-0.726681069372366
1035,11761,"s0","m2",0.106198002641795,-1.30775928910592,0.114921773303963,0.553226837110527,-1.28932166564797
1036,11765,"s0","m2",-0.023471268964131,-1.32619307224097,-0.454995558720539,0.238693202411929,-0.844664061676836
1037,11785,"s0","m2",0.142822971211741,-1.36971569731405,0.0409521705325907,0.380889366056525,-0.733523963237151
1038,11800,"s0","m2",0.0536969762560948,-1.38781676828558,0.0630663878225088,0.281798748964917,-0.306539204219839
1039,11810,"s0","m2",0.0981074964898304,-1.35665321706564,0.108796353965216,0.394853905619154,0.17626990881828
1040,11821,"s0","m2",0.354595271758518,-1.39504763986869,0.608553392506282,0.366292068348551,-0.436327445482646
1041,11824,"s0","m2",0.023930332507825,-1.32255243753097,-0.294938352383148,0.304525768025136,-0.772535589500806
1042,11825,"s0","m2",0.219831676326563,-1.29604997605037,0.276289422799184,0.460306779296353,-1.43928821804569
1043,11836,"s0","m2",0.104891599092692,-1.35701631160887,0.148970287523287,0.407382746858334,-0.261523471300714
1044,11859,"s0","m2",0.0863512251965441,-1.35590523028924,-0.114832973425943,0.332283958643885,-0.821376349070943
1045,11860,"s0","m2",0.161493894050944,-1.27649351576098,0.133899976881824,0.386346432994242,-0.450222024383931
1046,11871,"s0","m2",0.106709014349054,-1.38833933353823,-0.313852866815476,0.245789282953688,-0.243924431838483
1047,11873,"s0","m2",0.253183321590796,-1.40251803860577,0.357684908508903,0.187866788276437,0.189624419689107
1048,11887,"s0","m2",0.29747550109891,-1.3328527123379,0.401943391193297,0.346647307123414,-0.512426128273415
1049,11890,"s0","m2",0.195589937910149,-1.46499706576826,0.259409594838693,0.294750158581152,-0.150009267895943
1050,11903,"s0","m2",0.242021296638279,-1.39765862358763,-0.0975640094493561,0.430978789254454,-0.616171315938091
1051,11904,"s0","m2",0.253425592816001,-1.32344874673938,0.410475022881381,0.497493887535488,-0.605657918631905
1052,11905,"s0","m2",0.313045571447166,-1.35795747279356,0.441188704428838,0.436307975578156,-1.06533634841939
1053,11923,"s0","m2",0.218814052340014,-1.29444625308626,0.276745973684032,0.451840310597296,-0.882564669429506
1054,11927,"s0","m2",0.249466741306575,-1.31944778241168,0.292017224833299,0.327239316047578,-1.56632569374991
1055,11931,"s0","m2",0.145747214746715,-1.29104180886349,0.283643470815403,0.50548050679438,-0.310794429996308
1056,11942,"s0","m2",0.2359887505775,-1.41344089658278,0.209237311454334,0.177917508139794,-0.0685567870183154
1057,11972,"s0","m2",0.162000373248697,-1.36971003244418,0.135848938001668,0.363309431346848,-0.351932438425509
1058,11983,"s0","m2",0.074358758915688,-1.46246362551469,0.0977806643981981,0.225018929142352,-0.122424164979016
1059,11997,"s0","m2",0.0127637842918711,-1.29306686206105,-0.40630512055182,0.398719019624385,-0.536073667103213
1060,12029,"s0","m2",0.0397517391429996,-1.35467946405937,-0.0468860383752479,0.287946357811191,-0.897075975765878
1061,12047,"s0","m2",0.206865986657605,-1.27590032161514,0.133350818490553,0.27665358418535,-1.52005969293285
1062,12064,"s0","m2",0.131356060209339,-1.26170579402456,0.202329554975291,0.552434971134575,-0.822432623717917
1063,12079,"s0","m2",0.154671881398694,-1.45998245426606,0.195055524695679,0.254572192396133,0.504148420881814
1064,12087,"s0","m2",0.117703504890102,-1.41281759298833,0.232693942122419,0.159352385825473,-0.130576287629754
1065,12100,"s0","m2",0.00320434602341772,-1.35958945188003,-0.0546972459991488,0.188262404211028,-0.753211371071928
1066,12119,"s0","m2",0.210422156463991,-1.39509548778128,0.356248331207098,0.269699013692695,-0.155881278363924
1067,12121,"s0","m2",0.105925336996846,-1.36893513602298,-0.344878528049115,0.48368743527543,-0.0254444944218979
1068,12158,"s0","m2",0.172125105772155,-1.42135796480092,-0.14021701110737,0.322657764352653,-0.371208386266324
1069,12175,"s0","m2",0.235095480855135,-1.32352976969623,0.247494463346234,0.365053998093319,-0.907100151638237
1070,12180,"s0","m2",0.103979866411304,-1.36227848428294,0.242428787912279,0.274875109132802,-0.605903813402694
1071,12203,"s0","m2",0.15257559625108,-1.31882696279352,0.296158255335746,0.436017121545467,-0.523677526498183
1072,12207,"s0","m2",0.230095689923704,-1.34216889468709,0.567286552450089,0.430612852044133,-1.3524368634393
1073,12228,"s0","m2",0.0626569179340122,-1.37274222081715,0.0130730334014057,0.370483284590806,-0.523709738838418
1074,12229,"s0","m2",0.145431058561316,-1.40975263502146,0.184827830985159,0.331125854189412,0.0435388075751454
1075,12233,"s0","m2",0.229632932537006,-1.32221927282905,-0.0152332263252601,0.412924685143293,-0.629593638438916
1076,12235,"s0","m2",0.0761946167067291,-1.35498490036666,-0.080676728760911,0.479212531568237,-0.47565954056586
1077,12267,"s0","m2",0.261416382265149,-1.42872891985988,0.508886497177471,0.255513233885337,0.0261647877602674
1078,12325,"s0","m2",0.219633854928757,-1.31562506807586,0.252541256333577,0.292140274823353,-0.920713308454052
1079,12329,"s0","m2",0.038533808553246,-1.36458162948899,-0.315110234557065,0.321730302733071,-0.0747137701773615
1080,12333,"s0","m2",0.0886781274726614,-1.32763689425983,0.0575019831452686,0.344313441065836,-1.2189228945599
1081,12356,"s0","m2",0.166777975270509,-1.37201832852526,0.111180162235575,0.337467146762401,-0.329241555005888
1082,12366,"s0","m2",0.16247631019085,-1.33106972322683,0.249046482992927,0.411135209487259,-0.408982028315264
1083,12367,"s0","m2",0.196737737369199,-1.30226391169276,0.32587168916139,0.507346127460188,-0.709783282188182
1084,12377,"s0","m2",0.220332483246459,-1.37068056800876,0.207177517106604,0.251275997878692,-0.108601459190455
1085,12427,"s0","m2",0.0661882718019212,-1.36255422127706,-0.123627694595351,0.234340595842566,-0.405307719776686
1086,12439,"s0","m2",0.182058841462837,-1.33890727306345,0.0776017860196248,0.540706652723563,-0.995168251746705
1087,12453,"s0","m2",0.0149626549157149,-1.41882921198612,-0.00321662830778829,0.199859442016755,-0.351390519698347
1088,12455,"s0","m2",0.0805794275990902,-1.31583995861279,0.0915859772628638,0.453552320791192,-1.07445470715431
1089,12478,"s0","m2",0.178373471266763,-1.41934959005,0.217484230081784,0.23948517750288,-0.170290400073449
1090,12484,"s0","m2",0.0512375173119111,-1.32564949364172,0.0435504896067177,0.317069713715265,-0.932445933232682
1091,12506,"s0","m2",-0.0459182058665266,-1.29198151714329,-1.06333917985123,0.409213570524658,-0.454240362546539
1092,12519,"s0","m2",0.15542913302652,-1.36324140046562,0.0578421043490226,0.32511474806973,-1.87930369738547
1093,12523,"s0","m2",0.150063666566483,-1.35898414084671,0.0144416254711779,0.296748735993458,-0.571752713648449
1094,12529,"s0","m2",0.198878699128956,-1.35109419051505,0.349702796944779,0.444447497050077,-0.218846207477564
1095,12538,"s0","m2",0.160837762291804,-1.40614129303188,0.294165399423125,0.418905425584284,-0.745424377996606
1096,12539,"s0","m2",0.0236039159266326,-1.34126548794164,-0.0513891909689534,0.498899197301096,-0.134758284944591
1097,12557,"s0","m2",0.0785388528450566,-1.40772729463947,-0.174784032438214,0.321254881496167,-0.126859222909029
1098,12569,"s0","m2",0.255812832028004,-1.37610220093932,0.33778064131285,0.454076532037722,-0.761748218180782
1099,12571,"s0","m2",0.0639502996004818,-1.29461334197863,0.0565900158388927,0.476763661698126,-1.08912822579624
1100,12575,"s0","m2",0.101529907370076,-1.3287902342679,0.350406638159458,0.43892570353067,-0.248093933965259
1101,12576,"s0","m2",0.226294112719888,-1.37224350753645,-0.0534465038577891,0.230977582230551,-0.604670513391201
1102,12579,"s0","m2",0.208369554926613,-1.29972652467213,0.310093255802926,0.489213504630994,-1.16824425819454
1103,12598,"s0","m2",0.157125665381462,-1.38746753075049,0.491404068341331,0.45658554289943,-0.144658609330856
1104,12607,"s0","m2",0.0965880388766915,-1.43612981690622,0.167598409377728,0.238914058634337,0.109757737225344
1105,12611,"s0","m2",0.141232219314006,-1.33635033943269,0.170456310400531,0.363087514783513,-0.507200975806334
1106,12623,"s0","m2",0.100660841170964,-1.31650784882837,0.210326494462543,0.385905861676799,-0.922773628514104
1107,12634,"s0","m2",0.187309546288341,-1.3280551335859,0.156256660232134,0.528506030260694,-0.394659236695492
1108,12635,"s0","m2",0.302163170024292,-1.25926198727048,0.316643409263624,0.534387505075027,-0.305470040925061
1109,12640,"s0","m2",0.136575515424292,-1.35570952356874,0.543519188081077,0.212378738281006,-0.793696958153542
1110,12645,"s0","m2",0.0509256362475299,-1.3932017519087,0.0681303923332826,0.320799076829013,-0.126520876410496
1111,12647,"s0","m2",0.112735261182628,-1.35407351400189,0.280264138161549,0.33128799091294,-0.613414588350659
1112,12656,"s0","m2",0.208138947600747,-1.32455223730576,0.364469016769659,0.428528939802202,-0.583524309098308
1113,12668,"s0","m2",0.206063405031708,-1.29344361668106,0.195966299573187,0.456523848246152,-1.03124781484579
1114,12672,"s0","m2",0.00847790208896418,-1.31791629529897,-0.14218362678022,0.400367326651301,-1.01908501367836
1115,12678,"s0","m2",0.126686965769636,-1.34233934578879,0.0993969857106775,0.382508062216975,-1.43041729355208
1116,12685,"s0","m2",0.231483783254312,-1.35064380798508,0.422952742551258,0.528698172202849,-0.427230170764339
1117,12687,"s0","m2",0.109646872785722,-1.38205297545229,-0.0965067669805931,0.301073332613101,-0.174454911725407
1118,12720,"s0","m2",0.273729067172989,-1.26663586247432,0.481740113883667,0.610006235995839,-0.374762938776228
1119,12727,"s0","m2",0.165650313126482,-1.33145707262249,0.0706548021165888,0.517999075036042,-0.493788719394283
1120,12728,"s0","m2",0.171153892247926,-1.34319528494163,0.0798260625891961,0.318194071577598,-1.14981564360659
1121,12734,"s0","m2",0.0281004232354121,-1.37895318688057,0.273956432023652,0.307295433814667,-0.216701114601279
1122,12761,"s0","m2",0.195337004545195,-1.42053263851709,0.215393047528207,0.294792339493757,-0.745781751984849
1123,12781,"s0","m2",0.134383369493588,-1.33551189183677,0.434259147784527,0.508227908752943,-0.403308778845146
1124,12807,"s0","m2",0.129140314912238,-1.37371842516571,-0.149589953933782,0.376816202402031,-0.696408501836581
1125,12815,"s0","m2",0.104063050480794,-1.39766703892739,0.431126044192753,0.450989871221292,-0.234614013903473
1126,12838,"s0","m2",-0.0191047784809405,-1.39076896195103,-0.236113308112555,0.444355772367021,-0.167084238560112
1127,12841,"s0","m2",-0.115979704761877,-1.2914881393728,-0.411698177737639,0.53385511702153,-1.57504575883415
1128,12843,"s0","m2",0.159750696523909,-1.39619082487155,0.119613218318561,0.229999202196288,-0.145767369878571
1129,12849,"s0","m2",0.179925539365485,-1.39801965676926,0.0993353953349063,0.163675003581268,-0.193000017677247
1130,12856,"s0","m2",0.372512359934132,-1.32341157499938,0.516026227685628,0.48029121306343,-0.779639067372785
1131,12862,"s0","m2",0.178973659731005,-1.31554736184373,0.290211634412171,0.387251639839543,-0.91584543466409
1132,12904,"s0","m2",0.271508244168192,-1.31763214994243,0.275035165548034,0.487744251588194,-1.2692024264662
1133,12920,"s0","m2",0.067260876135308,-1.25497028910958,0.255834020983307,0.40519849579616,-0.791435432642397
1134,12941,"s0","m2",0.3322268446333,-1.42467763404098,0.506955424929098,0.201696788946351,0.29684087745084
1135,12949,"s0","m2",0.214406703055527,-1.26939745489586,0.0110109131868354,0.536230773738821,-0.471093508437446
1136,12959,"s0","m2",0.0218546370260012,-1.36064627334164,-0.0630132980721789,0.308167696873028,-0.280377148477019
1137,12963,"s0","m2",0.200788610396357,-1.37161706082907,0.151094446571314,0.275465276286344,-0.0967856006989293
1138,12982,"s0","m2",-0.0213318197370378,-1.45082020172486,-0.34311633646907,0.406254162662753,-0.0262599970202105
1139,12996,"s0","m2",-0.00774410150653788,-1.42137946572976,-0.00154955213828768,0.222847088441,-0.187518755147488
1140,13009,"s0","m2",0.105326811147979,-1.23601203435677,-0.3480068674385,0.600136955415032,-1.88769276097104
1141,13010,"s0","m2",0.100994056348477,-1.4057928188719,-0.084461171673018,0.292621035676159,0.115174251842396
1142,13021,"s0","m2",0.0768089846732823,-1.31747243598726,0.16319004439063,0.590886595547674,-0.359542683771656
1143,13069,"s0","m2",0.172095254036517,-1.33636112731028,0.0531687933019058,0.246440521106827,-0.638545495066186
1144,13078,"s0","m2",0.207591561302679,-1.41846107022301,0.527027401714162,0.233756146432011,-0.211644918526804
1145,13079,"s0","m2",0.103087837752118,-1.29360481638446,0.326918351070421,0.372571971262046,-0.902642293741483
1146,13082,"s0","m2",0.136917990926844,-1.30637514939456,0.282684297218086,0.432435074633241,-0.27612061864938
1147,13087,"s0","m2",0.225712073876951,-1.33797666959733,0.406384577564729,0.354997083781469,-0.868983494195171
1148,13089,"s0","m2",0.232881216026134,-1.33122344842009,0.367493790075728,0.275102686900173,-0.573148380250851
1149,13105,"s0","m2",0.162812535754905,-1.30350065055543,0.457534567351329,0.321528275307554,-0.453420788558393
1150,13154,"s0","m2",0.130746276408801,-1.36559157331039,0.0963228892466748,0.319374497120304,-0.441487050485536
1151,13182,"s0","m2",0.162400029800084,-1.34739393349601,0.253317262183861,0.368622223833301,-0.385926353761241
1152,13211,"s0","m2",0.0928789702441586,-1.30699513613991,-0.0764831176247422,0.259888281140682,-1.51183544783791
1153,13229,"s0","m2",0.126339521068119,-1.30524662553719,0.0580080271635074,0.434815635505779,-0.0509644863410445
1154,13239,"s0","m2",0.241565638589269,-1.40813193946934,0.420286535918082,0.326298657341205,0.256567358768709
1155,13254,"s0","m2",0.223577191702708,-1.40788330423093,0.0636294099167064,0.307426194341044,-0.52968868822753
1156,13263,"s0","m2",-0.0333448712379496,-1.27682259169713,0.083427316210753,0.382166610782409,-0.301938309970077
1157,13279,"s0","m2",0.159215811076367,-1.28403968960614,0.0438929761016319,0.517681827754253,-0.760046142608789
1158,13298,"s0","m2",0.177609514567944,-1.35413434537627,0.309146721273798,0.365077667772439,0.0944150860847775
1159,13299,"s0","m2",0.274470910101798,-1.37329656005701,0.510976657381942,0.20404237839325,-0.692001841280623
1160,13303,"s0","m2",0.119582825924665,-1.46115055591898,-0.187006366599395,0.17009259126143,0.120016460921777
1161,13324,"s0","m2",0.0987033015921504,-1.30526387786609,0.349599474213259,0.229083817995228,-1.50728691777136
1162,13330,"s0","m2",0.153869941052089,-1.49344819672742,0.245317594239432,0.0847222604216843,0.164200182858491
1163,13348,"s0","m2",0.169557399217223,-1.35928215287508,0.236222090864908,0.5577821306083,-0.327102294095155
1164,13358,"s0","m2",0.124879205133026,-1.29190539465316,0.358467274378274,0.435008157123332,-0.817224042675423
1165,13367,"s0","m2",0.140758427498397,-1.4099926275813,-0.0641372537468979,0.247372574503806,-0.126350399368473
1166,13379,"s0","m2",-0.0315243581043603,-1.35642319440258,-0.26798995084114,0.271417378608692,-0.0704518747846265
1167,13385,"s0","m2",0.211052532948932,-1.38924189630243,0.210586210689193,0.396658643269223,-0.347113175306876
1168,13397,"s0","m2",0.227949840700729,-1.34992149745724,0.310029847393996,0.484040011100425,-0.39347865210023
1169,13412,"s0","m2",0.230872368428024,-1.47663844346847,0.505015614365788,0.438824629446684,0.637238449159212
1170,13417,"s0","m2",0.264899900285196,-1.30942051396787,0.0945131927276984,0.474970675950927,-1.13595304573753
1171,13421,"s0","m2",0.148521587644595,-1.24111721431571,0.106767302296233,0.515553410324249,-0.791356072607894
1172,13430,"s0","m2",0.17258389357977,-1.37769864207566,0.126392913017653,0.327811146561102,0.114489349990556
1173,13434,"s0","m2",0.02799444955294,-1.38779165174394,0.169233683238195,0.223517050902117,-0.188703862531352
1174,13435,"s0","m2",0.124960870724695,-1.39911164462289,0.0847340647515858,0.211869822258792,-0.203188891547899
1175,13438,"s0","m2",0.0353358534580249,-1.37847667704651,-9.25808227722064e-05,0.478742788635953,-1.12418304266844
1176,13447,"s0","m2",0.0796358432263224,-1.3646884212859,0.0292453384594645,0.380451947713312,-0.128669368568154
1177,13493,"s0","m2",0.0381871846380514,-1.37575969944708,0.00484603447573029,0.488064684295776,-0.374515934413567
1178,13501,"s0","m2",0.0880331974353069,-1.2687627772311,0.0046249343543254,0.488551248265779,-1.17845737211685
1179,13512,"s0","m2",0.246987006680916,-1.36465422304913,0.247879843543496,0.454150926750686,-0.462099594888519
1180,13537,"s0","m2",0.170524379277543,-1.26911551465133,0.156273940709277,0.443666002465482,-0.347101272411794
1181,13545,"s0","m2",0.142054386229283,-1.37928029193297,0.342802868192777,0.154852996171052,-0.536781502828347
1182,13568,"s0","m2",0.141243349118585,-1.38276804533504,0.343615852083038,0.404805139578587,-0.72603495159574
1183,13605,"s0","m2",0.0953224481287697,-1.38452737393482,-0.149941906370502,0.473950110650183,-0.577140123814686
1184,13639,"s0","m2",0.114564908528001,-1.31689993932564,-0.141037066126984,0.459052336138768,-0.513065286031275
1185,13641,"s0","m2",0.00785795781479631,-1.40592987510506,0.00640973907198456,0.261561898463145,0.392323450921186
1186,13658,"s0","m2",0.256050130100046,-1.31530326467153,0.166810169116826,0.416454163354321,-0.321370578523134
1187,13689,"s0","m2",0.084463860617854,-1.42060803994062,-0.349302400690765,0.192309871699894,-0.567790595380205
1188,13725,"s0","m2",0.11012945964384,-1.47683054816198,0.0216373212339153,0.326421311052012,0.00144958372109359
1189,13728,"s0","m2",0.144284791458302,-1.33353200675941,0.00688898982280955,0.255671135011654,-0.59709615972674
1190,13736,"s0","m2",0.00757772752191648,-1.49173521687402,-0.094072969575207,0.257032260469703,-0.223838083554466
1191,13748,"s0","m2",0.197897405142108,-1.4136051817087,0.31293690247438,0.434495345819279,-0.101732500107697
1192,13761,"s0","m2",0.220403534345725,-1.37514133943993,0.340126983276615,0.213763857348112,-0.213753589752911
1193,13764,"s0","m2",0.27336903475111,-1.34821033520439,0.699971967215047,0.41625443979437,-0.170901372495523
1194,13774,"s0","m2",0.0771156282247627,-1.39651286888909,0.0649905972137255,0.433217453719932,-0.114639599639275
1195,13775,"s0","m2",0.106751082791858,-1.37405539947827,0.336966327197888,0.262085119304383,-0.370127177522995
1196,13783,"s0","m2",0.101898054313361,-1.33883782686863,0.0443832208730374,0.251695859744374,-1.16993473308832
1197,13786,"s0","m2",0.174234140810145,-1.31650516066605,0.39633263674596,0.32420180742114,-0.78306720028783
1198,13789,"s0","m2",0.105531607584421,-1.30437547883992,0.0699579569063711,0.570615007460819,-0.736197654104587
1199,13793,"s0","m2",0.123735249912216,-1.35416645703063,-0.180754846264772,0.20066680311554,-0.727363940053282
1200,13795,"s0","m2",0.147171712808094,-1.3172597743221,0.250281186110105,0.363763067989802,-0.525542976350902
1201,13843,"s0","m2",0.146461161505466,-1.3960634532169,0.205414184290748,0.313757227164816,0.104000911629496
1202,13864,"s0","m2",0.0426557117078977,-1.34782124969218,0.0293332104827298,0.355701494826112,-0.81999724579052
1203,13871,"s0","m2",0.234294496474558,-1.39181604396301,0.56423513853331,0.237240827429452,0.12059610729414
1204,13877,"s0","m2",0.0801950305037009,-1.33846257107419,-0.218932693215417,0.304263279314717,-1.70259017595975
1205,13898,"s0","m2",0.0401337589071737,-1.28429621245046,-0.293437519977669,0.384293915573865,-0.369901840486899
1206,13910,"s0","m2",0.161353799890409,-1.32786179034407,0.211655865249888,0.310129348841776,-0.491839915346982
1207,13920,"s0","m2",0.140652376706735,-1.41199053581346,-0.123627639395201,0.30760295340237,-0.635686941898274
1208,13921,"s0","m2",0.088883738555101,-1.31601609983616,0.105379234578134,0.243727036198796,-0.688699909192633
1209,13922,"s0","m2",-0.0486889955357718,-1.2469485391397,-0.886045826031207,0.347566622130043,-1.25326833357115
1210,13926,"s0","m2",0.0904954212424485,-1.40867902339797,0.0690210744595083,0.17587422632236,0.0472900260415434
1211,13936,"s0","m2",0.0943462224976616,-1.29903106450537,-0.229849800443283,0.508816154280825,-0.885130331252089
1212,13944,"s0","m2",0.0298659266230853,-1.24079247824319,0.190616476207486,0.455685307885274,-1.19090671068375
1213,13951,"s0","m2",0.168885616188949,-1.27530485642956,0.190435494485433,0.326649733504014,-1.42626878041834
1214,13952,"s0","m2",0.218329578601875,-1.32235123367668,0.111243728347606,0.458980066546682,-0.747094227065892
1215,13953,"s0","m2",0.161395966212912,-1.33437259584282,0.241313988703631,0.422335748112853,-0.572584659443107
1216,13963,"s0","m2",0.098926671597992,-1.33233146272738,0.273836005466599,0.318997178324642,-0.359852324883427
1217,13984,"s0","m2",0.259991167542206,-1.2318112836325,0.381495056955018,0.502622938808155,-0.690190764965199
1218,13992,"s0","m2",0.150859742294862,-1.28348601482855,0.0550993015773821,0.536761074855084,-1.12089225031899
1219,14042,"s0","m2",0.24477223026945,-1.39486377748702,0.395541211204588,0.382879342801674,0.180579994932973
1220,14043,"s0","m2",0.14231140721143,-1.37650931673636,0.207170092766017,0.385469095886919,-0.449488250565609
1221,14072,"s0","m2",0.0990133605104861,-1.38492946339817,0.136439357859684,0.43151589817809,-0.475350248460639
1222,14092,"s0","m2",0.163541573944124,-1.38967545340742,0.373619331554843,0.352160526968202,-0.269966098141758
1223,14093,"s0","m2",0.0468106257457115,-1.42447618647442,-0.148116163111249,0.298545500365806,0.208998219148177
1224,14099,"s0","m2",0.00683668582770033,-1.46040371463072,0.167631366233662,0.143158420271705,0.485053703384477
1225,14125,"s0","m2",0.220320134531051,-1.38170076166054,0.353190555192392,0.199783113368334,-0.969473298515525
1226,14133,"s0","m2",0.185919191257502,-1.28605507924158,0.0375009285290117,0.555547775359086,-0.687781485196339
1227,14137,"s0","m2",0.167154709891219,-1.32781472687052,-0.0244341669767988,0.411630209302088,-0.746170627895648
1228,14151,"s0","m2",0.0367976175757684,-1.48943550546871,0.148468758688066,0.143232653200404,0.235291912116905
1229,14156,"s0","m2",0.289336470026225,-1.30529793930867,0.336942894213616,0.321182939104254,-0.533685388106628
1230,14159,"s0","m2",0.181322025639096,-1.33779738592072,0.391960305965446,0.24484365257846,-0.595363107928255
1231,14162,"s0","m2",0.0946126888218675,-1.29844246212544,-0.304555792219609,0.516267073331305,-0.675191817915904
1232,14167,"s0","m2",0.2815539358815,-1.43496510332469,0.541121412425956,0.399517444318765,0.109060230948622
1233,14190,"s0","m2",0.0878315440364291,-1.25782509295449,-0.112967825475697,0.45852534365748,-2.5790408262211
1234,14195,"s0","m2",0.19505356906475,-1.26431584521758,0.113856371729418,0.423424073827616,-2.01056661316603
1235,14203,"s0","m2",0.066341639529463,-1.32556747962068,0.0603003744427232,0.45514645300327,-0.465109238313123
1236,14224,"s0","m2",0.140784965349493,-1.42044374569126,0.461486071477908,0.366494309933518,-0.342950174334144
1237,14248,"s0","m2",0.140499936089485,-1.38610083637331,0.273318820859572,0.347289876856867,-0.343916315414465
1238,14257,"s0","m2",0.0341306073087014,-1.30552725886449,0.121534646154728,0.454064143912806,-1.0490276581889
1239,14269,"s0","m2",0.124990282064387,-1.3342322843985,0.0789798257993277,0.404269532900469,-0.672846023403646
1240,14287,"s0","m2",-0.0601365041258379,-1.35384229414729,-0.381612466699777,0.397117441144957,-0.658887051611477
1241,14295,"s0","m2",0.0911036375229857,-1.33380171793256,0.0159779352135053,0.522593113991456,-0.592683181887878
1242,14342,"s0","m2",0.0445977597623179,-1.40380915104683,-0.199428689794595,0.312268777261276,-0.288581500541732
1243,14346,"s0","m2",0.159846643015234,-1.35281746540262,0.0948762146770244,0.281200070313385,-0.559520755391088
1244,14359,"s0","m2",0.171411243446068,-1.38249036499714,0.0977734910138966,0.315780079299901,-0.787912854926659
1245,14362,"s0","m2",0.141950229054256,-1.38149904914872,-0.200600249344501,0.32706524665767,-0.166128655244851
1246,14365,"s0","m2",0.263336255596368,-1.34987588559487,0.397837528576287,0.25506263967903,-1.12792870806021
1247,14366,"s0","m2",0.026313451339359,-1.37716773587234,-0.181753402566459,0.487744907527639,-0.581242256224113
1248,14377,"s0","m2",0.275455345881615,-1.41623677892068,0.468925798142211,0.435511542090535,0.475052373260397
1249,14384,"s0","m2",0.0919591940193958,-1.25665643081426,0.221611842944653,0.626235260526401,-0.850904230269395
1250,14386,"s0","m2",0.0872122465665248,-1.3198554406564,0.155019710127031,0.43281697554681,-0.596773115296802
1251,14389,"s0","m2",0.132174683152446,-1.325677217153,0.373898447286118,0.454881377363101,-1.45683977517293
1252,14394,"s0","m2",0.0530150539002653,-1.33867685333395,-0.185681477081995,0.399407399886542,-0.458851583272281
1253,14409,"s0","m2",0.285098006135994,-1.37744703488882,0.367324520064385,0.423293683040367,-0.0166593714475444
1254,14426,"s0","m2",0.0714367305190758,-1.35877043453266,-0.0342845376068369,0.260745586276067,-0.416898212058291
1255,14430,"s0","m2",0.0643953378605342,-1.382967324942,0.0866771805071729,0.167040941017671,-0.155229658188084
1256,14435,"s0","m2",-0.0156797607807308,-1.41901859541543,-0.307081143636703,0.173588116267365,-0.00150051489127651
1257,14454,"s0","m2",0.101379268945169,-1.28431396048527,-0.0085625341382112,0.397594517282324,-0.733987198695986
1258,14466,"s0","m2",0.197943801930471,-1.3349022822979,0.32157783341979,0.379604585518606,-0.270038743521182
1259,14469,"s0","m2",0.319591143752576,-1.37987163367935,0.51485724325857,0.337074398778331,-0.0463908699765784
1260,14499,"s0","m2",-0.0302937515063994,-1.27461701843617,-0.243793977452317,0.371175008582855,-1.16010978680786
1261,14503,"s0","m2",0.261007190893839,-1.35845386182785,0.481463255187128,0.202281007694863,-1.30617376697013
1262,14523,"s0","m2",0.124847812116912,-1.37038470048214,0.219114024047468,0.321750857518396,-0.292918495347478
1263,14528,"s0","m2",0.261936231774142,-1.34759674525171,0.259503470543076,0.269911014018159,-0.704030495772496
1264,14534,"s0","m2",0.164239143247295,-1.31783062301371,0.113401530930563,0.288637292354406,-0.727553958951958
1265,14547,"s0","m2",0.185614509985156,-1.37669656067493,0.455682818453212,0.244399919017223,-0.101044121459169
1266,14554,"s0","m2",0.0790821071084225,-1.23930541161444,0.0859461009736898,0.371455493314809,-1.59711140466387
1267,14557,"s0","m2",0.184455831005678,-1.4117911128918,0.189073770417143,0.351396854897794,-0.707056644914507
1268,14560,"s0","m2",0.111974140496938,-1.43842366303929,0.0269320579744171,0.339114438972653,-0.249844154431558
1269,14568,"s0","m2",0.033506054142173,-1.33373275889227,-0.135622883351378,0.272847917870459,-0.483398318062797
1270,14573,"s0","m2",0.138397741058457,-1.35925288185167,-0.00851422859429145,0.407286048969406,-0.052360039127998
1271,14582,"s0","m2",0.0694089423265545,-1.24392893313775,0.282232848552075,0.411218093571223,-0.553515318275438
1272,14584,"s0","m2",0.132136773055886,-1.32150962278434,0.0122156276599959,0.379705151942956,-0.994369769185155
1273,14586,"s0","m2",0.261611757674273,-1.42257931262281,0.494609759868696,0.163505805654001,-0.080554845805099
1274,14595,"s0","m2",0.22208491444743,-1.42149671248519,0.333919217335146,0.333234465070423,0.238945900353336
1275,14596,"s0","m2",0.0270672052970351,-1.41559953233247,-0.07199706598999,0.137989867568645,-0.554466626270795
1276,14650,"s0","m2",0.172001461996236,-1.35085330258987,0.231828895263551,0.173019627798452,-1.05262849441889
1277,14653,"s0","m2",0.0447782139664209,-1.44494081453865,0.047329178832832,0.264833201223087,-0.0397716712614258
1278,14658,"s0","m2",0.0822455530417624,-1.41975565395229,-0.073926241949568,0.208694423040042,0.190083372022375
1279,14662,"s0","m2",0.0725879070035504,-1.29561599366527,-0.00441029045298771,0.447484817639538,-0.655595723814707
1280,14664,"s0","m2",0.369302416134454,-1.40279444032008,0.572695459614239,0.228143082778241,-0.0842816923821686
1281,14667,"s0","m2",0.0244106353977875,-1.41179256691937,-0.0602629662939746,0.329580960652705,-0.0683974982620619
1282,14723,"s0","m2",0.233495578689417,-1.36089452176746,0.302329879369124,0.379630159719783,-0.506248997400109
1283,14734,"s0","m2",0.203896300668685,-1.3796702722524,0.545699335670514,0.230173990157836,-0.548103952820348
1284,14746,"s0","m2",0.196295709281507,-1.28843074106776,0.0955461853195543,0.29138532812093,-1.36903957970861
1285,14751,"s0","m2",0.107132259452977,-1.36035497378501,0.0527156424060635,0.290560120886397,-0.162541235289381
1286,14753,"s0","m2",0.108002330650744,-1.4365612545256,0.191339641820693,0.00921816001284737,-0.256337674134547
1287,14760,"s0","m2",0.136172631141003,-1.36976983599194,0.111727277151368,0.375594285699345,-0.664108158306572
1288,14768,"s0","m2",0.078450842152494,-1.39390856921523,0.18914212033681,0.230752122337359,-0.0944737600081623
1289,14772,"s0","m2",0.152562035263375,-1.2999422594962,0.338266381230101,0.485218945033501,-1.60506082463722
1290,14776,"s0","m2",0.0571192206117044,-1.28487611904411,-0.00182449970300116,0.50430235780645,-0.515575460463768
1291,14801,"s0","m2",0.081420910584998,-1.38028151117327,-0.124890239624746,0.41150376446696,-0.667747941881264
1292,14814,"s0","m2",0.0832699019079436,-1.3592022036535,0.155640836385454,0.236294797117265,-0.875974718192464
1293,14816,"s0","m2",0.257122187060523,-1.33157999617165,0.292071915231327,0.476940210644688,-0.751444940600099
1294,14819,"s0","m2",0.0660602439547882,-1.32090940608707,-0.114812074310351,0.330152191887573,-0.900573891546582
1295,14821,"s0","m2",0.023644529049179,-1.28349834301252,-0.369217323373187,0.569046940436432,-1.0305258689896
1296,14825,"s0","m2",0.00891074306384019,-1.330420697428,-0.0895583481083841,0.361570779200013,-0.697263768950727
1297,14833,"s0","m2",0.158226857651726,-1.34485324102847,0.135821667842738,0.391054376482867,-0.156375448822625
1298,14835,"s0","m2",0.274440339430112,-1.37588430313743,0.371061538959344,0.3749093990101,-0.45126583173928
1299,14840,"s0","m2",0.00533715231060264,-1.37017715027265,-0.283123148100482,0.481076340924004,-0.082093338668081
1300,14847,"s0","m2",0.0725933011393496,-1.37651657644808,0.395959780212839,0.312120540988883,-0.308721125064213
1301,14850,"s0","m2",0.118235632396766,-1.30597737252502,0.169100101832391,0.349111873227234,-0.936012816238342
1302,14862,"s0","m2",0.250532937972302,-1.33362338513584,0.70671054234584,0.40216095801149,-0.191705816533249
1303,14874,"s0","m2",0.267657987435495,-1.36335203528831,0.461447061930239,0.344106999148243,-0.176129438589343
1304,14894,"s0","m2",0.159179654902217,-1.32384387643299,-0.130020890048152,0.492883491663261,-0.731365049496179
1305,14905,"s0","m2",0.128369441377525,-1.38159775985103,0.132352888449594,0.208718398843458,-0.143768448665593
1306,14910,"s0","m2",-0.04028902049016,-1.31744374090912,-0.0355124584231741,0.420349992569227,-0.936267847267667
1307,14924,"s0","m2",-0.117840320579814,-1.44495127344137,-0.686802445458836,0.266023264791321,0.067641548609975
1308,14937,"s0","m2",0.175890105864536,-1.33167136112964,0.305390549094577,0.456395639603773,-0.11746015212774
1309,14943,"s0","m2",0.162011550301934,-1.42673939234839,0.243376735521096,0.226850166597545,-1.05890310485735
1310,14969,"s0","m2",0.117484906960312,-1.34828086453799,0.0811540404248464,0.387353490707964,-0.0806263766428827
1311,14984,"s0","m2",0.0696912207546448,-1.27399988801709,0.217527776727608,0.373001649977255,-1.26240563895972
1312,14986,"s0","m2",0.153702615645336,-1.31839347998694,-0.175136779764429,0.388847560017649,-0.477087600202559
1313,15005,"s0","m2",0.108082944662712,-1.35200782939063,0.155946856580765,0.284630849063746,-0.731454195189834
1314,15014,"s0","m2",0.176638412682032,-1.28123778575492,0.181239405239474,0.541437364253567,-0.454613544762159
1315,15022,"s0","m2",0.102934738675285,-1.32560359711945,0.0662624906891323,0.298602753933237,-0.911732602748849
1316,15024,"s0","m2",0.333169184204887,-1.46541129439647,0.682547422377594,0.121986503015142,0.289444055539604
1317,15025,"s0","m2",0.116985842529551,-1.33569464071974,-0.406471259735672,0.33635913339112,-0.873754693041827
1318,15037,"s0","m2",0.134998744081718,-1.34955681192517,-0.0165491064264301,0.139712150737793,-0.339117321426432
1319,15051,"s0","m2",0.289407974174111,-1.39639390596193,0.456541058682242,0.307268240781423,-0.050004140239173
1320,15054,"s0","m2",0.106567710875601,-1.32617708166648,0.160980614278172,0.253892441428513,-0.452161079525291
1321,15065,"s0","m2",0.218622847595178,-1.38796990863983,0.251928296011442,0.240042792060246,-0.403552099185923
1322,15080,"s0","m2",0.142270229714463,-1.38995750906358,-0.140423451900321,0.213675480675277,-0.251125066614858
1323,15087,"s0","m2",0.310107283685302,-1.25989955722864,0.623541802613863,0.334222995771119,-0.690292982674703
1324,15100,"s0","m2",0.033246411335209,-1.32552243929254,-0.367037478376509,0.498675745274613,-1.28431771388452
1325,15126,"s0","m2",-0.0120455587522144,-1.42414140714074,-0.0290348158832058,0.365913214522665,-0.506467029910006
1326,15143,"s0","m2",0.318053650596872,-1.31018163350314,0.674691123881488,0.436574178901893,-0.782359820955014
1327,15148,"s0","m2",0.214978571429598,-1.31680988667787,0.300430718056064,0.200341803579302,-0.518594834818582
1328,15152,"s0","m2",0.202120022801045,-1.3905098545208,0.395527334722481,0.371041653288724,-0.111072783511346
1329,15167,"s0","m2",0.131818683781391,-1.39464004592668,0.240710147711753,0.264058015140962,-0.478179409767171
1330,15173,"s0","m2",0.104068316306787,-1.42409653879336,0.0419268380047487,0.222080056591787,0.0778449103107035
1331,15178,"s0","m2",0.262939726970417,-1.41009084160546,0.490700362917588,0.382369592748867,-0.349811006821301
1332,15183,"s0","m2",0.193551207612903,-1.30090703544772,0.303155640584528,0.42257424927045,-0.0230314529894516
1333,15213,"s0","m2",-0.0306149238557597,-1.34637494436325,-0.478444975630163,0.363188519755727,-1.37623313668428
1334,15223,"s0","m2",-0.0303509302319865,-1.31577227148478,-0.724139232703864,0.488570306617082,-0.997402450924924
1335,15242,"s0","m2",0.0550871556220186,-1.3717173044046,0.185390307605584,0.372604719092746,0.0873177658208798
1336,15250,"s0","m2",0.0634745799580859,-1.36056346692604,-0.0868155341582184,0.275374292695956,-0.315273362840017
1337,15252,"s0","m2",0.202873061459674,-1.33166435894886,0.464696112273619,0.285102548969006,0.0125034168148405
1338,15280,"s0","m2",0.170660504907202,-1.30833899976119,0.319702689507075,0.471546115090932,-0.767973079272004
1339,15302,"s0","m2",0.129882920935427,-1.37590052024746,0.182991137186106,0.269558126781005,-0.894560562573837
1340,15303,"s0","m2",0.0742873984244684,-1.33853655655156,0.0547140657280728,0.456892549135803,-1.01605497686617
1341,15307,"s0","m2",0.0453947513866719,-1.40450443846787,0.269533737063912,0.247844665483282,-0.44378375843165
1342,15362,"s0","m2",-0.0150137805579547,-1.37167865696781,-0.0626460381907612,0.376192278115382,-0.617740312096864
1343,15364,"s0","m2",0.273875720282694,-1.26524732785152,0.253456168755546,0.36859292526622,-1.42517521125532
1344,15383,"s0","m2",0.0217076505358243,-1.36914841169796,-0.292424663352073,0.427518703976558,-0.383864985046521
1345,15392,"s0","m2",0.0757519470639793,-1.45527605557767,-0.0173611307512316,0.194225821657791,0.294027373053988
1346,15394,"s0","m2",0.179499747951824,-1.4458055959176,0.274905896144058,0.281179752567821,0.500512909818858
1347,15405,"s0","m2",0.131289503767692,-1.39150603183454,-0.16743147089342,0.262921955394119,-0.337570520937724
1348,15429,"s0","m2",0.171214453482665,-1.30672692738005,0.190906203703133,0.316944679461895,-0.569179564359859
1349,15436,"s0","m2",0.144482746143549,-1.39922353052022,-0.0204007519441738,0.364933862249285,-0.041586425200686
1350,15463,"s0","m2",0.101604594304874,-1.46144276645818,-0.0110071135027152,0.371271677042926,0.107824298949503
1351,15480,"s0","m2",0.0074730447944625,-1.36598663722832,0.0557171628271473,0.450103819541247,-1.20520418404965
1352,15489,"s0","m2",0.103876825823949,-1.33326516934177,-0.359373770884644,0.171650221864181,-1.02338246909296
1353,15492,"s0","m2",0.148919876608441,-1.35187795248751,0.0480806927413299,0.292356049062258,-0.215618871702773
1354,15493,"s0","m2",-0.130732834342574,-1.44051751554562,-0.530638212369032,0.348540872308078,0.224361164801435
1355,15494,"s0","m2",0.0686579409601504,-1.30493891238801,0.0558288903697669,0.27700374192674,-0.460293401414486
1356,15521,"s0","m2",0.080000286114999,-1.34010270701037,-0.0154768827127229,0.450452957170844,-0.865242358844614
1357,15537,"s0","m2",0.105469848088009,-1.35774728978501,-0.224233491166745,0.429649963245074,-0.102839913360136
1358,15538,"s0","m2",0.114686778997287,-1.38577128466095,0.107824154207005,0.39192001863696,-0.29260795963418
1359,15562,"s0","m2",0.182811708307253,-1.3792202998426,0.177224844918008,0.214671040078842,-0.447585887213588
1360,15596,"s0","m2",0.186039637879384,-1.30634083742208,0.26538193265011,0.381463718491618,-0.879156928555128
1361,15602,"s0","m2",0.247942354227589,-1.30143486870134,0.303354304090099,0.355965342472797,-0.671472243383299
1362,15612,"s0","m2",0.178070663406239,-1.36065696742249,0.243839948708394,0.219029186389365,-0.481334955338603
1363,15629,"s0","m2",0.152289028169639,-1.38718822952131,0.0654270535362752,0.358198373317139,-0.102982984099514
1364,15632,"s0","m2",0.00597079583933568,-1.38262490962274,-0.238234421516411,0.455409766127325,0.00390916541859896
1365,15634,"s0","m2",0.328555946588583,-1.36804772606585,0.66948732081689,0.331706879427542,-0.921421161678848
1366,15647,"s0","m2",0.147339941569947,-1.31927663538442,0.250830001133767,0.412406081013358,-0.704408265808087
1367,15660,"s0","m2",0.0261396765479855,-1.40075521050546,0.0179426433294575,0.354021466947697,-0.11405790328814
1368,15664,"s0","m2",0.190634636691343,-1.40801545082805,0.383691290180774,0.236706536304497,-0.0177981021769449
1369,15680,"s0","m2",0.262237397743177,-1.36540462153116,0.495993945827635,0.216175212417496,-0.569246798281578
1370,15705,"s0","m2",0.145133108045798,-1.30704522493794,-0.0188695966074405,0.307805332029095,-1.38137839552233
1371,15706,"s0","m2",0.0878428462093291,-1.45020042396857,-0.377939200141607,0.273762496442676,0.136148972198268
1372,15717,"s0","m2",0.171595769747019,-1.32352469763581,0.0251604859573996,0.255226824661644,-2.10826258570904
1373,15720,"s0","m2",0.100432680741891,-1.36298956616808,0.0232737747391852,0.487941448688407,-0.113757422491635
1374,15740,"s0","m2",0.0948410928673396,-1.42265789408963,-0.0873746104169035,0.326326479766015,-0.181598940009135
1375,15748,"s0","m2",0.133067492645252,-1.32305759561457,-0.114522841538736,0.362331127400273,-1.1192886512827
1376,15752,"s0","m2",0.165990002073783,-1.28456024231176,0.0930569816655502,0.34365665506211,-0.548497335874703
1377,15753,"s0","m2",0.280112650418933,-1.33173811899271,0.367707725427124,0.3543904074238,-0.857895069998967
1378,15756,"s0","m2",0.0326633852588338,-1.45401562822416,-0.113379901325322,0.312859679192994,-0.131187639128966
1379,15771,"s0","m2",0.187484288825315,-1.42331006144797,0.24957075774209,0.336570145373889,0.180034357014725
1380,15781,"s0","m2",-0.0121874013812885,-1.40872439026364,0.122978497367154,0.327280398361743,-0.0878863197088633
1381,15792,"s0","m2",0.247817945285098,-1.37503757064315,0.411073039268255,0.172711586398135,-0.301706628925118
1382,15802,"s0","m2",0.180910046447311,-1.32754634164062,0.323759260616498,0.37480075027897,-0.427080277143005
1383,15838,"s0","m2",0.0150445114969321,-1.33285712457695,-0.127731313736434,0.371148385686138,-0.218955765262208
1384,15842,"s0","m2",0.185922567736784,-1.34949877254903,0.225166379387406,0.480547566418253,-0.897431212366303
1385,15883,"s0","m2",0.203446530363245,-1.35612256261611,0.232622944134883,0.420070598472848,-0.144125480708225
1386,15901,"s0","m2",0.235429135263443,-1.41561697745519,0.410135529003371,0.0557091884934025,-0.214612136963839
1387,15917,"s0","m2",-0.0607683536484124,-1.24644983036681,-0.588729738813683,0.488116459920862,-1.06573463176607
1388,15942,"s0","m2",0.272122077786085,-1.36614707084223,-0.0603609192266399,0.439725394596379,-0.933117248341465
1389,15946,"s0","m2",0.136008675983794,-1.2878010590176,0.288656131875274,0.424925479257394,-0.60289661849248
1390,15969,"s0","m2",0.102051915025302,-1.27851262595305,0.0948986285139216,0.477982089637644,-1.58507405725258
1391,15979,"s0","m2",0.0900573951011996,-1.35183319267967,0.198097149810361,0.299574730747378,-1.46705048358959
1392,15981,"s0","m2",0.204565366040279,-1.41920242758925,0.281261175424861,0.341243093693827,-0.413092451267469
1393,15982,"s0","m2",0.170801490016549,-1.32042259396408,0.392404341957734,0.479075570063138,-0.631120597592504
1394,15989,"s0","m2",-0.00767601534152202,-1.33422065118514,-0.345624727222766,0.262351229170859,-1.01369457454865
1395,16005,"s0","m2",0.110304246481195,-1.32328062748831,0.413785866496758,0.309215147595306,-0.308415292004418
1396,16041,"s0","m2",0.199747936573396,-1.31764446539006,0.0754949138328837,0.523317415200601,-0.670304818482622
1397,16043,"s0","m2",0.157005896204174,-1.4706811928895,0.17052915236717,0.269074167861325,-0.143096839608949
1398,16049,"s0","m2",0.144635831776612,-1.32420900314621,0.125023280986027,0.476552090362195,-1.04087084199929
1399,16077,"s0","m2",0.0540337161005999,-1.40394392482788,0.183636371779381,0.491095587874202,-0.0551629946426113
1400,16082,"s0","m2",-0.0202841230492946,-1.39640330968636,-0.187897532844338,0.424202810354838,-0.374213545663922
1401,16083,"s0","m2",-0.07699712353739,-1.30195311520685,-0.275958106829047,0.409740743668654,-1.02774625241104
1402,16085,"s0","m2",0.0678643907890658,-1.35493410385812,0.219795259726962,0.425372991530324,-0.600756453675596
1403,16113,"s0","m2",0.145397865370971,-1.34511779387208,0.21256067023889,0.513652984571001,-0.486467635467383
1404,16119,"s0","m2",0.238030760474527,-1.39178786750693,0.183840774654273,0.512353884853883,-0.677483706040398
1405,16126,"s0","m2",0.0802193269108038,-1.37491470203107,0.157972009908819,0.391049088636117,-0.209691131687898
1406,16131,"s0","m2",-0.018053356253251,-1.41258716805183,-0.205205779793061,0.274835911342415,-0.410281246093976
1407,16145,"s0","m2",0.215587153018201,-1.28666244209109,-0.0147853616249415,0.517294241899174,-1.72021778835732
1408,16163,"s0","m2",0.148648251750308,-1.36453894884405,-0.142422535741539,0.475977659142606,-0.457162199066327
1409,16174,"s0","m2",0.21600901015537,-1.35775879529862,0.398150411661277,0.42565102944847,-0.0606083991234211
1410,16181,"s0","m2",-0.00190368226492119,-1.41723381738403,-0.127254698319259,0.366808083521703,-0.0685782757129978
1411,16200,"s0","m2",0.19488461820468,-1.39167091201907,0.140516857395715,0.286526462977101,-0.168574891413552
1412,16203,"s0","m2",0.204646465532811,-1.36149562970899,0.47066625164749,0.402350459532712,-0.383093187095692
1413,16223,"s0","m2",0.0944874447414689,-1.36989704721295,-0.0305033599638803,0.0911925213227907,-0.559568994885566
1414,16233,"s0","m2",0.0633784903781607,-1.37889546878875,-0.307686335380373,0.313954920560903,-0.231696086297492
1415,16237,"s0","m2",0.216229908759569,-1.39321666220643,0.461035182868886,0.339392662554985,-0.252173475198048
1416,16257,"s0","m2",0.179519468993669,-1.30943242132602,0.239427258807051,0.381055025551055,-1.46974699742977
1417,16262,"s0","m2",0.255879467596829,-1.32913370755009,0.338199526197747,0.493260926217063,-0.851050222255954
1418,16270,"s0","m2",-0.0904659109891384,-1.37159543158395,-0.430283333342153,0.165776050432201,-0.226589931561787
1419,16288,"s0","m2",0.187582965189226,-1.32998591646861,0.0309737489532659,0.260916897295797,-0.500670480095683
1420,16301,"s0","m2",0.172842235538373,-1.39013808997578,0.283333838689178,0.402124187895015,-0.642773227127968
1421,16315,"s0","m2",0.106624601394552,-1.37697414135261,0.057415757282054,0.26546703223416,-0.440766721810814
1422,16327,"s0","m2",0.0282600058631111,-1.36872445216384,-0.262443159688851,0.298654430974696,-1.36970599951097
1423,16341,"s0","m2",0.255185223263434,-1.39666843192934,0.189784098856726,0.165857257842175,-0.151643690832633
1424,16360,"s0","m2",0.237221483858754,-1.26465522975822,0.219248808321061,0.427634290375365,-1.19795824717849
1425,16380,"s0","m2",0.23542657211848,-1.38852713171048,0.0982980064888483,0.295649052370848,0.333355072323523
1426,16388,"s0","m2",0.173595927276909,-1.38105217611268,0.190700514469254,0.291006912093001,0.205739683016899
1427,16391,"s0","m2",0.0813502909510562,-1.39725990977763,-0.0787114646435717,0.272610119554939,-0.925262401094877
1428,16395,"s0","m2",0.0401983017939768,-1.37845923278393,0.168877147443822,0.196420728377314,-0.185457438108741
1429,16398,"s0","m2",0.035638876932537,-1.35317260952667,0.123603636521268,0.41634992412431,-0.870760051670951
1430,16403,"s0","m2",0.22064761086201,-1.40691985841896,0.385325866881781,0.244442357650763,-0.103240789700406
1431,16405,"s0","m2",0.0834809073431026,-1.34916080718376,0.174596356601249,0.32018924546699,-0.180562975819049
1432,16413,"s0","m2",-0.0288628731329772,-1.36714027951912,-0.344917335251757,0.318105342965732,-0.258826641709713
1433,16425,"s0","m2",0.072104388013949,-1.32108511336996,0.179842561992063,0.461900751554055,-0.904159589149646
1434,16426,"s0","m2",0.0744046192667711,-1.35103942556651,0.176501351901061,0.43500859930284,-1.02755129167458
1435,16434,"s0","m2",0.261386053466181,-1.3546767544401,0.306143962880747,0.331890754885397,-0.382181381645363
1436,16439,"s0","m2",0.198236891320125,-1.4155501814389,0.380336228921852,0.36776978833926,-0.391778765690856
1437,16448,"s0","m2",0.0823037180736457,-1.39416948245368,0.186949952663988,0.257941972762521,-0.0356799724846773
1438,16456,"s0","m2",0.0117415476055109,-1.27602394517712,-0.0396550036252884,0.396375396013261,-0.746197225481292
1439,16459,"s0","m2",0.265985303918597,-1.39050056936605,0.552300406254275,0.191059139667498,-0.257500352313728
1440,16463,"s0","m2",0.0656704250707622,-1.30701478142184,-0.1494088434563,0.405345755729515,-1.75815572589226
1441,16473,"s0","m2",0.00728089202563958,-1.39061226581652,-0.268805010759349,0.264872348020041,-0.586093106375529
1442,16477,"s0","m2",0.218523870685998,-1.32170540571951,0.339796806302151,0.386668779817485,-0.657091828232028
1443,16481,"s0","m2",0.104267202693038,-1.37191540776816,-0.171718294635837,0.382959605885909,-0.381656526405662
1444,16528,"s0","m2",0.188255857984925,-1.34288138593788,0.294887511723162,0.361377410612732,-0.573908573887129
1445,16543,"s0","m2",0.165253567021548,-1.34652037110361,0.157979643769103,0.296219459515738,-0.702174060942237
1446,16548,"s0","m2",0.157740433156413,-1.31003810819094,0.144754067971371,0.37414271410102,-1.28798256735879
1447,16555,"s0","m2",0.116258433806872,-1.4181335448409,-0.0743174049554896,0.310405292129927,-0.525395133134823
1448,16563,"s0","m2",0.0902685219175201,-1.36024969941362,0.137950179808273,0.491595826575248,-0.639720112525254
1449,16571,"s0","m2",0.0205156481100252,-1.38669694822231,-0.172221435746661,0.301062382929369,-0.482982458755896
1450,16581,"s0","m2",0.350169159035935,-1.32574520033002,0.507347435064872,0.518090222989065,-0.163109877128406
1451,16603,"s0","m2",0.267080502925307,-1.34766673544193,0.636801833213167,0.387548852409501,-0.68328573165447
1452,16608,"s0","m2",-0.0135114692543043,-1.33312321578559,-0.521184245536333,0.35295092226878,-0.757131471875808
1453,16621,"s0","m2",0.189511465414298,-1.35073425318134,0.0771364930052576,0.362499821733525,-0.325932627051562
1454,16628,"s0","m2",0.0563461929431274,-1.36662935770926,0.0932684861994591,0.23440985854549,-0.510007763591511
1455,16649,"s0","m2",0.138256156577652,-1.36645832332512,0.0859021793495972,0.374121134773624,-0.748625102856358
1456,16651,"s0","m2",0.0127795986430497,-1.37994784633502,-0.45438571624516,0.336334352357544,-0.43673469949055
1457,16655,"s0","m2",0.0119771241918587,-1.37723049872131,-0.633108252679632,0.301397868679017,-0.152533545375875
1458,16658,"s0","m2",0.0670428159706599,-1.35566711648859,0.0149412157191397,0.504753020069141,-0.90284060384697
1459,16669,"s0","m2",0.070621644421579,-1.38347248829961,-0.249749533509822,0.426051539367682,-0.482948172094514
1460,16680,"s0","m2",0.0524614518121098,-1.25993105792686,-0.170375808468229,0.321133071833759,-0.794548118105262
1461,16701,"s0","m2",0.167268677636962,-1.28953230050175,0.133480289435439,0.529597406152246,-1.37305225475458
1462,16715,"s0","m2",0.210694472298914,-1.34282015385741,0.0685431727239954,0.316695303305452,-0.208334902328592
1463,16727,"s0","m2",0.150300471007844,-1.3560493741493,0.197352128880687,0.214797078864874,-0.426479456901138
1464,16761,"s0","m2",0.0746950716499734,-1.38128364319357,-0.111376509535014,0.274714435352366,-0.308654400091582
1465,16772,"s0","m2",0.154234259885589,-1.4392047049655,0.239764202293661,0.176165329442023,-0.296299548217381
1466,16799,"s0","m2",0.251408514887702,-1.29928130959794,0.227565608512212,0.491534582464794,-1.09761139281222
1467,16811,"s0","m2",0.202918081641983,-1.36170095320185,0.303524064891171,0.197918146970449,-0.237754516363446
1468,16824,"s0","m2",0.21844183270049,-1.31343830924133,0.384882424634569,0.44185961407044,-0.824608391208007
1469,16836,"s0","m2",0.0201046627483809,-1.37007212848105,-0.258804432462743,0.397049871009043,-0.90641116434455
1470,16841,"s0","m2",0.114086214172868,-1.34414719248427,-0.0405698535549738,0.473013360204582,-1.12895389310797
1471,16844,"s0","m2",0.300712394180822,-1.31964377853408,0.428087400005656,0.555412176473875,-0.902801749402116
1472,16850,"s0","m2",0.103629085631578,-1.30187895502041,-0.0909269222565521,0.401037935070277,-0.767931004940339
1473,16874,"s0","m2",0.0484584656735923,-1.31588597093237,0.0969194533457459,0.475468055242147,-1.51090325642893
1474,16886,"s0","m2",0.0850915407958673,-1.31611526159448,0.354758637079738,0.416560445308455,-0.850260734754863
1475,16897,"s0","m2",0.0658068151704247,-1.39888304921046,-0.0209441221402846,0.364330864228554,-0.853342277429652
1476,16906,"s0","m2",0.110772833865,-1.33470752510622,0.144777584489103,0.323653287674132,-0.632188171312012
1477,16914,"s0","m2",0.132620123836344,-1.33775541941341,-0.0181639632733338,0.329012506127407,-0.710510046808571
1478,16927,"s0","m2",0.148639465058507,-1.43134711898488,-0.376678316846293,0.210401679391645,-0.140363281903849
1479,16942,"s0","m2",0.185553888449124,-1.28725658732531,0.246300682992772,0.346959226940603,-0.733732890352569
1480,16952,"s0","m2",0.151337724201453,-1.29544322979915,-0.127389565586387,0.349355008633882,-1.25840639010173
1481,16982,"s0","m2",0.0744913260276581,-1.361711050682,0.130613312875246,0.189727062013005,-0.691576572639804
1482,16984,"s0","m2",0.185324796303221,-1.31729982998702,-0.0575660419677541,0.315871835684911,-0.67587310117325
1483,16999,"s0","m2",0.196380457166554,-1.32680016621802,0.423266946417483,0.379809755037955,-0.123173211406773
1484,17001,"s0","m2",-0.104070314147443,-1.27169601332982,-0.09044602094194,0.358313266225139,-1.08544657452877
1485,17005,"s0","m2",0.0889349381128653,-1.38114292243692,0.0737717289005335,0.00589285602068594,-0.528207849134935
1486,17009,"s0","m2",0.290670708166401,-1.29355725522325,0.459222650676365,0.410497189018986,-0.333851871599518
1487,17026,"s0","m2",0.219314377654179,-1.39262225237859,0.251059249541561,0.3759566135319,-0.907091522586501
1488,17068,"s0","m2",0.0624999726392634,-1.37859833543147,-0.154714414016926,0.305673121249328,-0.104415209343814
1489,17082,"s0","m2",0.173271013402622,-1.30388409227218,-0.117437708254073,0.421026339071953,-0.483506296345588
1490,17090,"s0","m2",0.0214650811129378,-1.37440487609716,-0.104087009306982,0.410029865211673,0.0265653633690348
1491,17094,"s0","m2",0.162384558978069,-1.29125943411334,0.33994413608919,0.37847984373535,-0.801309651572401
1492,17106,"s0","m2",0.216403178455271,-1.35829215051303,0.12562553242561,0.439783833455699,-0.588991421423607
1493,17127,"s0","m2",0.0890635115569208,-1.30675258344589,0.156075867240734,0.445354621882887,-0.179917341886419
1494,17133,"s0","m2",0.111283452550071,-1.28822533739907,0.159288921966922,0.340382002718263,-0.566694615816781
1495,17151,"s0","m2",0.0810574181387535,-1.40771629634734,-0.461287006281807,0.299315806826751,-0.0314733585347904
1496,17160,"s0","m2",0.287264500080977,-1.34924670456605,0.538008001341291,0.362418450599292,-0.412142175621625
1497,17183,"s0","m2",0.256973719389956,-1.3515839887578,0.186601436696717,0.290361568124772,-0.000327209233496814
1498,17184,"s0","m2",0.0685257819812799,-1.33424932075424,0.103240179042915,0.255295768099632,-0.491735134758849
1499,17191,"s0","m2",0.280377769722502,-1.43072151388132,0.583682540302227,0.279927977117231,-0.505786042514497
1500,17195,"s0","m2",0.143537723356727,-1.32025577693462,0.204591749853538,0.52795533339253,-0.58632246433049
1501,17201,"s0","m2",0.0925185493317214,-1.42349630702009,0.256506763329601,0.0776598470918991,0.150576543930398
1502,17215,"s0","m2",0.145155267662566,-1.38206942209705,0.057312251973453,0.461883431959962,-0.622810359576255
1503,17221,"s0","m2",0.0599978048613973,-1.43511990660037,0.0432006885087123,0.300886815457014,0.324381243384214
1504,17226,"s0","m2",0.148378904332351,-1.36642479546639,0.179979083032394,0.33203090806684,-0.701987100574008
1505,17242,"s0","m2",0.253983967783939,-1.36592237382364,0.309833176077663,0.430923882229666,-0.0291921321707724
1506,17264,"s0","m2",0.0967432576262619,-1.27838513567294,0.0296300747684199,0.293967179851785,-1.4492629299991
1507,17270,"s0","m2",0.18226784185769,-1.28642108042892,0.333242562434398,0.18216643278147,-0.972759100024792
1508,17273,"s0","m2",0.2153247386351,-1.29870294525453,0.346002063909985,0.563552292333968,-1.24034655317275
1509,17287,"s0","m2",-0.0420999873272129,-1.26231478465145,-0.355013537684238,0.435154742316011,-1.17132789372327
1510,17293,"s0","m2",0.210912166924492,-1.34455007459303,0.246724201669474,0.41843854648982,-0.30728315150057
1511,17294,"s0","m2",0.174699048229744,-1.35004970148835,0.40076443464188,0.346364481823872,-0.453500719101131
1512,17317,"s0","m2",0.0823424393564035,-1.33062983945664,0.326592393224963,0.536940652497603,-0.644285891305811
1513,17319,"s0","m2",0.242705770023973,-1.42504449587293,0.416486540695635,0.197967737796904,0.1502937083425
1514,17328,"s0","m2",0.210515886216253,-1.31450421639795,0.295486703506842,0.282457101442702,-0.911902842074066
1515,17359,"s0","m2",0.127503908594845,-1.34445742785002,0.193410486865216,0.40242146081625,-0.475652848357605
1516,17362,"s0","m2",0.152820144233375,-1.33986844391859,0.20085111477898,0.343995874899712,-0.602881311535757
1517,17372,"s0","m2",0.0629366087793293,-1.33587311609775,0.159404574505604,0.409828224006023,-0.22591525289617
1518,17389,"s0","m2",0.0212052777878292,-1.31525562739833,-0.258241119334152,0.389000702157076,-0.851769566846852
1519,17390,"s0","m2",0.102875117359614,-1.28984656735486,-0.168207696460536,0.27503576842331,-0.904132750010897
1520,17401,"s0","m2",0.0691189155434901,-1.31055847308472,0.265495146766466,0.38929007714379,-0.409267133305581
1521,17402,"s0","m2",0.163785050095891,-1.32242486280327,0.43373000551907,0.296550436368903,-0.846166487667415
1522,17415,"s0","m2",0.044719936958416,-1.35345673621304,-0.0411357345490593,0.26907905047794,-0.598656395268993
1523,17434,"s0","m2",0.0590371632309972,-1.39532503881812,-0.320445009231333,0.241288811300457,-0.558433109559686
1524,17445,"s0","m2",0.0268886620897407,-1.3157081385046,-0.227215745311156,0.360192358478707,-1.29277005455546
1525,17463,"s0","m2",0.0921043684593021,-1.38597441614985,0.14618145607187,0.139170965359968,-0.0922415231394689
1526,17489,"s0","m2",0.367401957945502,-1.3177093237513,0.481641573918009,0.272681690798542,-0.517986909756822
1527,17490,"s0","m2",0.0369503945417234,-1.28939861831187,-0.00536489381667188,0.454598727732945,-0.817469478000509
1528,17491,"s0","m2",0.0132493756009448,-1.42219732322538,0.0577566561339449,0.153771023509424,0.0294634473330276
1529,17492,"s0","m2",0.0928734565460626,-1.40033217379879,0.255082453543173,0.476534750433703,-0.0621752976325003
1530,17493,"s0","m2",0.212529456465456,-1.29572090272837,0.23835491136445,0.414972981516097,-0.351720146242926
1531,17495,"s0","m2",0.0854715016904397,-1.35531093266327,0.123804106484699,0.329446805673509,-0.473713199652755
1532,17501,"s0","m2",0.0310775699213065,-1.38017741128789,0.21260450700315,0.297310573196475,-0.417071030684573
1533,17518,"s0","m2",0.0600283734092711,-1.38286628439808,0.0363226077631497,0.204484221502448,-0.27682685966291
1534,17521,"s0","m2",0.0843766106568376,-1.38873532446473,-0.0534929072526868,0.329712203654263,-0.181738174727493
1535,17541,"s0","m2",0.0370568441333255,-1.25798070433652,0.0305356723134735,0.561490009549522,-0.647779664943551
1536,17549,"s0","m2",0.281221553683866,-1.36348112634669,0.474956784568436,0.272240332142763,-0.390352977572509
1537,17571,"s0","m2",-0.00120867173729535,-1.42481143378622,-0.244271939023139,0.219072299693588,-0.501234937358666
1538,17585,"s0","m2",0.279194616616418,-1.34052741489606,0.307956756179019,0.39990673090587,-0.27805874798573
1539,17588,"s0","m2",0.057135307596981,-1.37094011064555,-0.132088460091095,0.27632499064945,-0.616369747262389
1540,17622,"s0","m2",0.129616857809958,-1.32112051778414,0.156977164952757,0.36070928655393,-0.206494868920291
1541,17633,"s0","m2",0.138950285956486,-1.3023695146986,0.0133780695528317,0.410452207837909,-2.42741845357736
1542,17636,"s0","m2",0.0831769900141515,-1.34065198869405,0.100138903982851,0.529533268171513,-0.751041924741858
1543,17640,"s0","m2",0.0906518288123229,-1.26500470267675,0.231625049213037,0.467628437768165,-1.67299498180639
1544,17652,"s0","m2",0.0839628353691626,-1.44569424769143,-0.28466687886721,0.301532877928148,-0.299481278369993
1545,17653,"s0","m2",0.189564829975036,-1.36723812728162,0.079744628195951,0.292122208767635,-0.626758932732745
1546,17657,"s0","m2",0.121117987457577,-1.36510218326322,-0.0550755900890285,0.0758563816262763,-1.2293918030608
1547,17662,"s0","m2",0.0599759112607237,-1.40399773921885,0.0918069236417692,0.272566135480017,-0.054676445599435
1548,17666,"s0","m2",0.0150425142964275,-1.33160467890281,0.0173393858816832,0.382096488258718,-0.551740650087378
1549,17672,"s0","m2",0.271962496899482,-1.4307721704103,0.551752665739641,0.476714248934195,0.0250529368992211
1550,17677,"s0","m2",0.232958036688481,-1.30610130572717,0.426781410389083,0.442193379224193,-1.25617051709742
1551,17694,"s0","m2",-0.0613093011601404,-1.28711466194789,-0.273094175127821,0.411502237270148,-1.42732408162771
1552,17695,"s0","m2",0.19186476977808,-1.43006680007915,0.512525712673459,0.268897191237075,-0.179042142059612
1553,17700,"s0","m2",0.182095941395161,-1.29844905458137,0.229461373548724,0.443339013744651,-0.588068711422374
1554,17701,"s0","m2",0.127487519833261,-1.30812563350008,-0.037619714525189,0.264402294412315,-0.680007722697133
1555,17715,"s0","m2",0.0734581390445837,-1.43439926038602,0.0378518481802252,0.35436638950575,-0.107846293779455
1556,17740,"s0","m2",0.0871595825151169,-1.34346899098475,-0.147743478636363,0.337340566363326,-0.912169749619789
1557,17746,"s0","m2",0.167043729081355,-1.31410520787052,0.456113710835695,0.304811033138327,-0.793117220804616
1558,17749,"s0","m2",0.209022537359737,-1.36033841605179,0.273789882321818,0.429960009724772,-0.36384221339845
1559,17791,"s0","m2",0.130646197910297,-1.3278507981166,0.315089470566527,0.200236714915381,-0.86023608158649
1560,17814,"s0","m2",0.0648909547092899,-1.39545884703227,0.090592296921279,0.365514406699088,-1.11217440101847
1561,17841,"s0","m2",0.269869566475279,-1.27515595017168,0.502362711721558,0.507519773875765,-1.11708918115595
1562,17865,"s0","m2",0.0947209542510157,-1.40173786187481,-0.210734521040356,0.099164510021358,-0.237216877953071
1563,17870,"s0","m2",0.233942629068175,-1.41286008474332,0.224243067167307,0.427517691308374,-0.288213021073568
1564,17874,"s0","m2",0.132415606360794,-1.34679844652447,-0.709910479471861,0.285029165714991,-0.332486757676875
1565,17876,"s0","m2",0.262216954230407,-1.37575003840031,0.195514488047627,0.361139133859217,-0.277504472118568
1566,17890,"s0","m2",-0.0193472060592743,-1.37506482118542,-0.28119857223985,0.371455553451651,-0.393558938477184
1567,17903,"s0","m2",0.158662865686581,-1.37567233191377,0.364247735487615,0.349141083924031,-0.235915157772056
1568,17936,"s0","m2",0.102234158783068,-1.31088551328287,-0.0353706522660663,0.364085745281913,-0.908913442634903
1569,17950,"s0","m2",0.0914543396815531,-1.3394799825864,-0.364163087156756,0.49933871930928,-0.754460496643145
1570,17978,"s0","m2",0.0912363240770013,-1.400503940625,-0.0722039073870203,0.464697705585466,-0.214937255296828
1571,17982,"s0","m2",0.224718895566481,-1.40993519982184,-0.0340353208215989,0.239446728868439,-0.358111375248561
1572,17984,"s0","m2",0.117948048093518,-1.28780701628603,-0.0618697525606295,0.481882609514133,-1.61293333384265
1573,17987,"s0","m2",0.138286134325679,-1.40361535728565,0.181509021375084,0.21401803606836,-0.577505514375809
1574,17999,"s0","m2",0.115819719950387,-1.42995707769827,-0.039761824115909,0.309188206565861,-0.177232857258823
1575,18003,"s0","m2",0.0811240975585765,-1.32518641801965,-0.0461588430596174,0.317481773884713,-0.859756629514874
1576,18017,"s0","m2",0.159464732193109,-1.29631554672041,0.41779904796459,0.21560788144897,-1.41743018053374
1577,18021,"s0","m2",0.0933922970917332,-1.38084356920972,0.184745294764356,0.313929351050104,-1.23539780612836
1578,18037,"s0","m2",0.0667022243707445,-1.37817451344654,0.101437588467265,0.243933635824757,-0.297253858355369
1579,18058,"s0","m2",0.140394604552842,-1.29071455218197,0.265631803064807,0.383496529188783,-0.718864638139878
1580,18066,"s0","m2",0.0337046912565402,-1.30402898013555,-0.118240468588581,0.443359156748328,-0.451233376113224
1581,18078,"s0","m2",0.138013004212519,-1.35768918579241,0.308411406678288,0.366666958767689,-1.01969839364306
1582,18105,"s0","m2",0.187927033255513,-1.38860136890027,0.197514542181673,0.361276059102902,-0.534318675646592
1583,18109,"s0","m2",-0.0284709254103785,-1.44579371981948,-0.282487582404101,0.239589100027517,0.00799985917797105
1584,18117,"s0","m2",0.121372753055196,-1.30498936179001,-0.154132510251104,0.327700588335427,-0.395426136069116
1585,18119,"s0","m2",0.181475808027629,-1.35799455081725,-0.157123534485238,0.248607888296309,-0.860795944039109
1586,18121,"s0","m2",0.252701875448842,-1.30613840036645,0.440871088116981,0.386747230992776,-0.478930010962703
1587,18155,"s0","m2",0.0996719640810969,-1.37936986863173,-0.435049456651525,0.112211598782742,-0.349333258736093
1588,18161,"s0","m2",0.249161155459785,-1.37804544277176,0.52724690954884,0.252290685373944,-0.191387147570216
1589,18169,"s0","m2",0.13686296459246,-1.35976239180211,0.304360709968294,0.503227209058182,-0.662731718640199
1590,18196,"s0","m2",0.158343060647441,-1.27710378596674,0.118903453648245,0.480815348142185,-1.32820972866118
1591,18203,"s0","m2",0.19805063869223,-1.36337330729126,0.35748326212439,0.381545063156278,-0.34844801027778
1592,18209,"s0","m2",-0.00485456246360514,-1.3182914485002,-0.602596999633806,0.270281795903959,-0.936467459809601
1593,18217,"s0","m2",0.111997430624735,-1.39202738549159,0.0677176341453332,0.29041864195419,-0.580868791811848
1594,18218,"s0","m2",0.176072049412582,-1.28180739319116,0.215828343547812,0.34455175173204,-0.915400309726692
1595,18224,"s0","m2",0.152454298829699,-1.34414086101575,0.0403667262948273,0.307279392331551,-0.490265788852852
1596,18266,"s0","m2",0.102669350427482,-1.33911207469037,0.0240892435917509,0.54710040415602,-0.296730225734362
1597,18273,"s0","m2",0.173170836100697,-1.25442548288482,0.219020124131973,0.606305849168053,-1.57482175114713
1598,18286,"s0","m2",0.235862863784033,-1.2905235792669,0.316284195068669,0.536419147748555,-1.19468940185272
1599,18287,"s0","m2",0.22341716011648,-1.27351696108737,0.489881719826947,0.548941373859799,-0.730806774615767
1600,18334,"s0","m2",0.0220135734654899,-1.30734977666724,-0.0551486392260522,0.536435361482524,-0.615417018300068
1601,18340,"s0","m2",0.150589176646175,-1.34521582792336,0.318818359619434,0.313487930269326,-0.325915735627067
1602,18365,"s0","m2",0.211069162957708,-1.31541807095294,0.184544754385325,0.312658791760914,-1.39213331627088
1603,18366,"s0","m2",0.174605462190759,-1.34707309241886,0.291290985177995,0.341676880942867,-0.26586381260901
1604,18372,"s0","m2",0.0384880346799997,-1.40094472228045,-0.0115634868283218,0.355673661055961,0.016453171353469
1605,18392,"s0","m2",0.240723443298238,-1.39188407579423,0.300937664997404,0.371064138913808,-0.0190099032847478
1606,18408,"s0","m2",0.281872207743207,-1.4404186957141,0.370685696094398,0.175709755953925,0.087114535619246
1607,18419,"s0","m2",0.169768664006784,-1.32194681834145,0.0399293424181347,0.364675154818158,-0.932792007141333
1608,18422,"s0","m2",0.139303814586238,-1.42539979977337,0.129572661617959,0.174287237014362,-0.053852348714189
1609,18423,"s0","m2",0.179865679568811,-1.35384991952088,0.286482591056254,0.422800824305814,-1.63993829677691
1610,18450,"s0","m2",0.0256100429738227,-1.30195877892293,-0.196856407233282,0.41949825166645,-1.42868081461536
1611,18463,"s0","m2",0.249681702119237,-1.36147406919126,0.367147823946789,0.268786883830101,-0.664961056274416
1612,18482,"s0","m2",0.054462516578574,-1.41468880404128,-0.01759217367708,0.12881957186679,-0.167721525834607
1613,18486,"s0","m2",0.217826074386605,-1.33503133434625,0.111319112210476,0.317541326924049,-1.37732015206917
1614,18487,"s0","m2",0.050947062827014,-1.43459254995647,-0.400477691134101,0.374316394595351,-0.287157214491316
1615,18497,"s0","m2",0.144464137249204,-1.33222540517884,0.167013852060791,0.342075793117213,-0.76872739558807
1616,18503,"s0","m2",0.128687902151956,-1.28507290632345,0.0778321634431653,0.406579275008693,-0.974657418708709
1617,18514,"s0","m2",0.2484883529796,-1.38633959190603,0.358542727970857,0.368977585653165,-0.286306011809183
1618,18519,"s0","m2",0.118912333889576,-1.31957972275,0.00474245583728897,0.409395886116285,-0.428377044293031
1619,18520,"s0","m2",0.149736880675445,-1.37523949993029,0.263736921233766,0.278341147663525,-0.04440215437022
1620,18533,"s0","m2",0.0933320866611223,-1.41712558391188,0.301777130939223,0.115024932148609,0.0711813027690221
1621,18565,"s0","m2",0.0912701961265592,-1.33782545899471,0.046986426644831,0.324269169985665,-0.549565709604518
1622,18578,"s0","m2",0.0961636367820084,-1.34854796273993,0.157505696616222,0.458649407915584,-0.801026901379578
1623,18590,"s0","m2",0.138574069707817,-1.36671535207811,0.0814983056744088,0.398913771565796,0.0276857781396625
1624,18591,"s0","m2",0.123901650040029,-1.27846170272519,-0.0553163675612686,0.334407371090148,-1.29688274521218
1625,18599,"s0","m2",0.065202553746529,-1.44019164227657,0.190956892663187,0.345549696801905,-0.0543360390747841
1626,18601,"s0","m2",0.114145490989597,-1.42349841368231,-0.0406674810267244,0.201310364370482,0.313803774196069
1627,18613,"s0","m2",0.141060512094188,-1.28496241521793,0.164763539430855,0.601728462010449,-0.76805425576116
1628,18619,"s0","m2",0.229757522149735,-1.3463779893181,0.307481248831432,0.49813141320192,-0.789532085835436
1629,18622,"s0","m2",0.26994159465198,-1.32003132355231,0.43754769315104,0.507695218846773,-0.426369341348939
1630,18660,"s0","m2",0.410236924084124,-1.42382927222165,0.528362154944628,0.249959834863036,-0.0351677979904988
1631,18661,"s0","m2",0.059024260037687,-1.34014139095562,-0.0124318767370592,0.446615642080021,-0.508457512909084
1632,18663,"s0","m2",0.0677217874459835,-1.40980707355966,0.117337148581571,0.380821624012427,0.139254859774015
1633,18676,"s0","m2",-0.00163019984826354,-1.37332806735909,-0.271601255123694,0.255030495035402,0.110577757912532
1634,18682,"s0","m2",0.103159579615742,-1.26286606142408,0.0911660498788245,0.473357936202713,-1.3345751539212
1635,18685,"s0","m2",0.205863478783143,-1.30065177845639,0.0202716437199339,0.538950802618685,-1.53301696971772
1636,18688,"s0","m2",0.119644419843353,-1.26661055064855,0.251158756997267,0.485031390586898,-1.28150756593902
1637,18696,"s0","m2",0.177870469429739,-1.41620727592296,0.273210567547038,0.310015349507198,-0.283247105446237
1638,18726,"s0","m2",0.0902396705272345,-1.38534508071774,-0.336616079498776,0.317182968556501,0.0363551674897781
1639,18730,"s0","m2",0.239560191033676,-1.29819064276569,0.396049784922031,0.343337007694654,-0.230927096886552
1640,18731,"s0","m2",0.261876979209908,-1.29902546749849,0.242262652991708,0.293924526706605,-0.972034797888484
1641,18745,"s0","m2",0.0468607317042479,-1.39917251863245,0.111018490068359,0.364406079833532,-0.402768212333872
1642,18764,"s0","m2",0.0472585045781162,-1.36183812360528,0.30554264165722,0.345758564992617,-0.39545254684295
1643,18771,"s0","m2",0.162983316497282,-1.44804743548202,-0.0551535028347295,0.198573041328753,0.48821566635675
1644,18801,"s0","m2",0.050494337410071,-1.32771024526083,-0.0245294777898869,0.355369774679341,-1.83216205108289
1645,18834,"s0","m2",0.0985332092496277,-1.32555565514724,-0.16628483307151,0.221368058620061,-0.805177674883684
1646,18839,"s0","m2",0.251197913965714,-1.34892717712539,0.18925456259979,0.186922564509373,-0.57360337786173
1647,18869,"s0","m2",0.296852346624223,-1.29035421901743,0.291586508479744,0.572234517212649,-1.57147824958751
1648,18872,"s0","m2",0.0315831058288151,-1.30916254974933,0.102710437886013,0.116973754810258,-0.529137933820353
1649,18882,"s0","m2",0.227633658881138,-1.28691848347975,0.290586546578223,0.291312015285072,-0.559307848197489
1650,18927,"s0","m2",0.170657299802273,-1.3832373440347,-0.080522075936033,0.447892336494554,-0.19926749700982
1651,18943,"s0","m2",0.253887218164,-1.40278902532108,0.505978715901717,0.214120076838811,-0.246133761446681
1652,18998,"s0","m2",0.303236859245487,-1.29731970012444,0.434976085469387,0.464181280163659,-0.65714885396026
1653,19011,"s0","m2",0.193872769765992,-1.39915310912825,0.13499914816682,0.424183601171473,-0.739116404866236
1654,19019,"s0","m2",0.143633175289989,-1.33144676326281,0.166939221514326,0.308487701598424,-0.290858400463168
1655,19021,"s0","m2",0.0677175337872934,-1.3327614191541,0.127177545469847,0.517026361704306,-0.726775357573772
1656,19048,"s0","m2",0.215020773696001,-1.44496662918532,0.113469439850214,0.351993024667386,-0.0674672946142633
1657,19063,"s0","m2",0.0622892406486234,-1.36710185948379,0.172678265980979,0.546170597131658,-0.127070220672742
1658,19076,"s0","m2",0.157423333193939,-1.43119491399441,0.299639990202737,0.227755318946008,-0.103871187818074
1659,19085,"s0","m2",0.303888486333399,-1.43751391683188,0.453149780278115,0.135411664145753,-0.0879822531671512
1660,19096,"s0","m2",0.220747156492599,-1.4253009786454,0.393015523314012,0.262983129245723,-0.794512374007858
1661,19100,"s0","m2",0.0420910621872968,-1.3803226488367,0.100932543565921,0.327353584484501,-0.481229334545816
1662,19106,"s0","m2",0.137342463356346,-1.36655562493018,0.00721750115242691,0.44623312146128,-0.500815920505401
1663,19109,"s0","m2",0.0899154779586752,-1.43788965776027,0.148501269270547,0.47777442132159,-0.00881521330624918
1664,19115,"s0","m2",0.181304423328663,-1.43050110941824,0.27486628448735,0.213963929462009,0.296027775581958
1665,19126,"s0","m2",0.200036750036953,-1.3989036436938,0.503594498045594,0.137564670764781,-0.199667567018509
1666,19141,"s0","m2",0.307768928993484,-1.33373739531875,0.475315096704858,0.425045121996539,0.0540130776153549
1667,19145,"s0","m2",0.0241760170722594,-1.3472639362933,-0.522939027973232,0.530821677136606,-0.717592160901779
1668,19154,"s0","m2",0.0706897560635552,-1.34293975666371,0.0167085542250965,0.416735261690538,-1.23450409022726
1669,19159,"s0","m2",0.12177143253541,-1.34472206129587,0.235815828034786,0.388868537678417,-0.722071279060843
1670,19162,"s0","m2",0.129785527477595,-1.33616634249642,0.058739147207601,0.503015345489126,-0.453683696299472
1671,19172,"s0","m2",-0.0707251973536696,-1.45503778202653,-0.394253299260245,0.207548879989638,-0.655846763230943
1672,19185,"s0","m2",0.13809242867906,-1.34474537173878,0.289641594436219,0.495442599602888,-1.41783004618415
1673,19214,"s0","m2",0.145500623043479,-1.34529122879005,0.186139464377879,0.342065147609933,-0.617547511359368
1674,19222,"s0","m2",0.0134557240571332,-1.33454522283704,-0.211147460675699,0.475532840220269,-0.613559901890183
1675,19236,"s0","m2",0.18202074132993,-1.40464707393946,0.190439191694466,0.23457616986735,0.111783186079138
1676,19258,"s0","m2",0.207569066892063,-1.4286536356044,0.516859801341524,0.390282280405063,0.00710755439586874
1677,19261,"s0","m2",0.252131171817671,-1.39480406549639,0.358364229171701,0.206758117571136,-0.735207219017477
1678,19277,"s0","m2",0.215011098389139,-1.44030662682316,0.501343352536229,0.295344363548078,-0.503002689384334
1679,19287,"s0","m2",0.128758781412041,-1.41809925821482,0.0329971372061296,0.14433399709808,0.0202874284759552
1680,19291,"s0","m2",0.18197899762663,-1.30708255031595,0.283956691416582,0.306335930496771,-0.80780784446851
1681,19305,"s0","m2",0.236681238599959,-1.31994443076754,0.4223163126584,0.481372372509944,-1.75049054633301
1682,19309,"s0","m2",0.142667542626614,-1.34794566782758,0.427271556889743,0.360685989764074,-0.309380043467105
1683,19312,"s0","m2",0.100671654725833,-1.36971500270229,0.034793669924732,0.412752861252692,-0.738835133971339
1684,19341,"s0","m2",0.176868597025529,-1.30532890357879,0.0144741418636134,0.452097160767108,-0.978261119776884
1685,19359,"s0","m2",0.160660237797895,-1.2045788735886,0.504094513349746,0.547796364612058,-2.12032145181772
1686,19362,"s0","m2",0.090383655832073,-1.28806352578339,-0.329653525283976,0.589437097978567,-1.55048177339534
1687,19389,"s0","m2",0.130650565838318,-1.35701303549463,-0.00441463307469427,0.308317862982975,-0.768336533091975
1688,19427,"s0","m2",0.153232260206289,-1.37890968282025,0.369795657967232,0.335367913841453,-0.0463690111731317
1689,19435,"s0","m2",0.151548791935892,-1.36431987427321,0.222937912798978,0.28005680097537,-1.45107075175668
1690,19455,"s0","m2",0.161490474031851,-1.33520732539582,0.00881794957187972,0.534881287460066,0.120745279889923
1691,19461,"s0","m2",0.249075768255996,-1.2260211052637,0.409572395665842,0.621227345201922,-1.32100213684255
1692,19468,"s0","m2",0.139051499209284,-1.4010736380504,0.137053350249653,0.362404153147527,-0.370210506293196
1693,19471,"s0","m2",0.184045051910628,-1.31948411003119,0.15155325859712,0.340286435682792,-0.625221925288072
1694,19481,"s0","m2",0.190041284293637,-1.35659457640868,0.363559563181926,0.348164303725498,-0.640573464933729
1695,19497,"s0","m2",0.112841664935524,-1.42165096194521,0.0932348998220524,0.258823313924399,0.174066575810653
1696,19516,"s0","m2",0.110438607191554,-1.37923293056308,0.164753154526007,0.424014189649955,-0.391689059939965
1697,19517,"s0","m2",-0.0637731818917677,-1.3394136965786,-0.545612677839974,0.463654134165303,-0.347776549750781
1698,19522,"s0","m2",0.182428647679862,-1.413071292791,0.216405651441502,0.273648904289687,0.192861471192954
1699,19547,"s0","m2",0.0781402163248931,-1.35587550765713,-0.123640724480079,0.360069627774293,-0.576885345628776
1700,19557,"s0","m2",0.137874173701123,-1.36369951632246,-0.0548880664188529,0.484374959674225,-0.547502309224672
1701,19567,"s0","m2",0.157095180765747,-1.30795160692364,0.31334184249679,0.401391787220689,-0.831706035292777
1702,19572,"s0","m2",0.216965779065338,-1.40017600142775,0.434619702651771,0.213032997796035,-0.419235014507396
1703,19573,"s0","m2",0.170651281792679,-1.33318593616615,-0.0185967506398667,0.514237143538163,-0.634083855389042
1704,19581,"s0","m2",0.0637718520435349,-1.29283564505374,0.202721478224935,0.490864923331886,-1.01595177129204
1705,19583,"s0","m2",0.167782982050584,-1.2473755028197,0.302475146104774,0.440908299801376,-1.64655083406825
1706,19604,"s0","m2",0.263770115461714,-1.38250427139303,0.353859136116476,0.476265139680883,-0.388701640602227
1707,19617,"s0","m2",0.128644275221307,-1.36852295234996,0.223030711157139,0.232391005427311,-1.02189474714027
1708,19623,"s0","m2",0.120889844794533,-1.37724356836733,0.164575318298747,0.407600834693106,-0.0809185701388231
1709,19637,"s0","m2",0.191983478433951,-1.48734950875708,0.155487446217563,0.125940255329592,0.354029437030375
1710,19638,"s0","m2",0.173637076592395,-1.37513686783059,0.508807066985784,0.31898681621032,-1.2918049492675
1711,19661,"s0","m2",0.18139003904728,-1.37232812428862,0.333744009465552,0.455626160991678,-1.08605634850636
1712,19679,"s0","m2",0.242111166195657,-1.35337973787841,0.507126835998183,0.343077973058332,-0.242250878176945
1713,19681,"s0","m2",0.167289678922526,-1.32669214872101,0.0216718510212328,0.43708817621762,-0.684346571767014
1714,19699,"s0","m2",0.129922501229667,-1.32702448245415,-0.277932169872957,0.342968319633899,-0.707629701863627
1715,19700,"s0","m2",0.0805211223020635,-1.3330371824961,0.20133481884151,0.339331131179973,-0.630844862678142
1716,19738,"s0","m2",0.2505241513716,-1.28895600200974,0.504510997811935,0.470997832515675,-1.36427259734596
1717,19743,"s0","m2",0.0720721816172978,-1.31956190216735,-0.175233179895518,0.353253550262441,-0.449448640833451
1718,19776,"s0","m2",-0.0361914429840772,-1.41104691894051,0.0478308594814851,0.322681638619059,-0.523445832300344
1719,19777,"s0","m2",0.126690972769704,-1.40878054008237,0.0545784493616383,0.367837159912097,-0.00612150296807135
1720,19788,"s0","m2",0.146300328111233,-1.28170245971663,0.378982860206046,0.511469865051717,-0.951138999360603
1721,19800,"s0","m2",0.134056921376172,-1.27911839497697,-0.0832242368053927,0.335781842287247,-1.39962550396
1722,19817,"s0","m2",0.0750037707087985,-1.3542171839026,-0.356166509295846,0.407695284500755,-0.288830885622313
1723,19841,"s0","m2",-0.0231832097121043,-1.21342746554259,-0.321253731238767,0.501242805949822,-1.40246519531287
1724,19856,"s0","m2",-0.010813526450204,-1.44600603481089,-0.200736400122418,0.268364731769711,-0.28968775734871
1725,19862,"s0","m2",0.1514567215073,-1.30188310165528,0.0831455949731039,0.438075792256024,-0.982090244108586
1726,19875,"s0","m2",0.138218126801157,-1.37983488824397,0.398928695169031,0.33966528521872,-0.523506723437638
1727,19899,"s0","m2",0.0495901666742331,-1.33623172742215,-0.127501696999714,0.285137884991889,-0.716011251971424
1728,19905,"s0","m2",0.138859656348949,-1.39138009741701,0.123729684147318,0.249804576389076,-0.664812046378126
1729,19909,"s0","m2",0.067675878399722,-1.4038214533362,0.239978197800578,0.0736098636263726,-0.237670191460019
1730,19910,"s0","m2",0.19111709722877,-1.35487446142625,0.410592237077787,0.354464055608504,-0.271262732762152
1731,19913,"s0","m2",0.0506407814949706,-1.45935997310843,-0.303568772284647,0.38835165216575,0.212580365571648
1732,19924,"s0","m2",0.0623687652678211,-1.34536278519822,-0.314557746854135,0.479361107398892,-0.826538840538251
1733,19936,"s0","m2",0.0845166035980825,-1.32938452058754,-0.0510489455457293,0.290802294280761,-0.695073642098341
1734,19948,"s0","m2",0.193746153087672,-1.36581593958984,0.431458625342591,0.417077054617408,-0.53908041249359
1735,19965,"s0","m2",0.266493654817862,-1.29877785127141,0.291792855123148,0.349777536756726,-1.08505510044657
1736,19989,"s0","m2",0.223988216474392,-1.31621510848218,0.104695269733911,0.345614510647519,-0.910946720340412
1737,19994,"s0","m2",0.143395947099568,-1.36527660784965,0.291515969477637,0.139268261894699,0.0929330057497924
1738,20019,"s0","m2",0.325680884027803,-1.31666949014942,0.511615633143201,0.337745414188963,-0.66391700819002
1739,20023,"s0","m2",0.0828661451097757,-1.40528804925592,0.0561044928147626,0.211711173304105,-0.331854177797332
1740,20027,"s0","m2",0.213758950305861,-1.33786375100993,-0.0338546009085086,0.503891210543121,-0.273679879293484
1741,20056,"s0","m2",0.00882623906340574,-1.30491472734755,-0.334991469850035,0.349102251993334,-0.744067283829732
1742,20071,"s0","m2",0.137805538517423,-1.33679902038952,0.343874286820382,0.275106798647639,-0.524148948984897
1743,20075,"s0","m2",0.0763659459434681,-1.45993247956225,0.105973356125925,0.257022957102351,-0.726581593327207
1744,20087,"s0","m2",0.267308571679753,-1.30530942152088,0.343400490519976,0.373511814950621,-0.537162067357211
1745,20091,"s0","m2",0.0065034643166467,-1.30069444371942,-0.0849212739318715,0.521184051648178,-0.764992652406442
1746,20093,"s0","m2",0.120891123152415,-1.35417511937552,-0.123691466953759,0.360454593754634,-0.903104604076873
1747,20098,"s0","m2",0.183154803151162,-1.32141408380289,0.207384673277848,0.288147313868139,-0.291812289072048
1748,20120,"s0","m2",0.126040802323415,-1.3973484771812,0.341004153377228,0.377914226690997,-0.193939305229119
1749,20136,"s0","m2",0.103380789931208,-1.36573255860224,-0.255169646165393,0.417789762399819,-0.675388649317921
1750,20137,"s0","m2",0.0872206744075452,-1.30168409142802,0.0688788756269992,0.198222736517523,-1.01525604513731
1751,20158,"s0","m2",0.245087914332781,-1.35051849438937,0.427674073896694,0.246055442556201,-0.800963350999382
1752,20163,"s0","m2",0.130001816532709,-1.42396958855745,-0.107317775052667,0.297566836993979,-0.136422519105575
1753,20164,"s0","m2",0.149960606806682,-1.37791626261288,0.120271991755247,0.22450152573083,-0.641448376921787
1754,20167,"s0","m2",0.0633213069257064,-1.41367620756389,0.0989542401304912,0.287595549978082,-0.0545665440336734
1755,20172,"s0","m2",0.0253501248961224,-1.24875984911133,-0.149490285002997,0.402201783389125,-1.17030989608698
1756,20181,"s0","m2",0.20727587543077,-1.38275638392458,0.15475921375789,0.288551229932679,-0.509762342817852
1757,20203,"s0","m2",0.0936268974257971,-1.39833255037242,0.282699993902401,0.343635593671763,-0.456863860937479
1758,20218,"s0","m2",0.14967809627988,-1.35902578662643,0.176976214134928,0.329207299862284,-0.488292598642664
1759,20221,"s0","m2",0.216363096895023,-1.43782976536306,0.382112023036318,0.461476415645472,0.298700544759653
1760,20222,"s0","m2",0.289191425065489,-1.35063587953341,0.37884864261986,0.278369573502911,-1.49902451259532
1761,20232,"s0","m2",0.0480927034823146,-1.33241423731622,-0.18465819765317,0.57453739365243,-1.71818478266598
1762,20237,"s0","m2",0.164408385468877,-1.37738455480951,0.406798848644661,0.47645895159265,0.275794850743534
1763,20244,"s0","m2",0.197406016067659,-1.38320487122409,0.507468764380955,0.413710177849197,-0.176620321115068
1764,20247,"s0","m2",0.239629386135797,-1.3316428103297,0.47831385740732,0.239024377737342,-0.307566152756101
1765,20250,"s0","m2",0.130797773600344,-1.3098419579126,-0.312706156334489,0.396264003335422,-0.440228374384199
1766,20255,"s0","m2",0.151969310283109,-1.36662209850849,0.203035109159151,0.288539305403588,-0.312168625671586
1767,20260,"s0","m2",0.0673617038289742,-1.34021861558132,0.259584647564491,0.455199552410529,-0.708426040938384
1768,20268,"s0","m2",0.152765160358362,-1.30887177724319,0.11669443385388,0.376472940282023,-1.1870541333658
1769,20270,"s0","m2",-0.0050928478118236,-1.36002418084471,0.178366938780644,0.466211633524484,-0.849272986422836
1770,20280,"s0","m2",0.0793248179222581,-1.35806471452234,0.078409632352425,0.326841729430091,-0.451039389191288
1771,20287,"s0","m2",0.152247853130935,-1.30087902153665,0.263266820513508,0.350276576966043,-0.687654294230613
1772,20346,"s0","m2",0.0989015073380744,-1.30304595068813,0.119745709070533,0.462162577467863,-0.986192743978287
1773,20350,"s0","m2",0.336447276891214,-1.29780977085696,0.401578226229838,0.42963249877556,-1.72605938852949
1774,20353,"s0","m2",0.121119022940854,-1.2739315662243,0.232564289182748,0.579763882840481,-1.18042213042562
1775,20363,"s0","m2",0.250449865517589,-1.42127727448115,0.417066898133978,0.232473391935645,0.0390774357453151
1776,20367,"s0","m2",0.193716119531565,-1.30328332003743,0.337013178099959,0.422178484978947,-0.584530692800745
1777,20417,"s0","m2",0.0705576769784938,-1.26095342196667,-0.132080271042734,0.589195576069349,-1.2389826493053
1778,20419,"s0","m2",0.0491507770695967,-1.36796911557669,-0.432891879913781,0.235085147157531,-0.51863316347283
1779,20423,"s0","m2",0.22302740125476,-1.38608381355434,0.36348684526584,0.405946142286392,-0.701929432841811
1780,20433,"s0","m2",-0.0244743045976203,-1.36690189957969,0.0929539511952044,0.338640856437458,-0.205530136131563
1781,20439,"s0","m2",0.134864607516512,-1.33180515255703,-0.0638215103408147,0.375611540872875,-1.23858798382717
1782,20445,"s0","m2",0.08894841923618,-1.2754724231427,-0.268036916658091,0.521261846758117,-1.84864561492669
1783,20452,"s0","m2",0.0652520971839075,-1.37172473989009,0.0607873976538639,0.200242386858843,-0.639868062572563
1784,20457,"s0","m2",0.262890708800619,-1.38941391610993,0.523893898264664,0.0870538362967887,-0.629598280741748
1785,20460,"s0","m2",0.144731521244263,-1.39238277503029,0.457952761045052,0.296210520082445,-0.126279948285517
1786,20464,"s0","m2",-0.0272148722918759,-1.38315644630136,-0.417808851380592,0.142953208538707,-0.164084044533438
1787,20465,"s0","m2",0.0663916592943149,-1.38500073575745,0.134049236749936,0.511717244718972,-0.449043052053142
1788,20467,"s0","m2",0.31411512947435,-1.32042254577238,0.490679100484627,0.405522400971109,-0.326215638518311
1789,20488,"s0","m2",0.28934130801616,-1.3589415059554,0.514854470036549,0.323081643851247,-0.661370131589971
1790,20490,"s0","m2",0.0908276007134459,-1.3255193624813,-0.291858014580464,0.346406581798947,-0.634298704135791
1791,20499,"s0","m2",0.0907677426145888,-1.29967150851879,0.218502761264527,0.422354854499153,-0.710984480034877
1792,20502,"s0","m2",0.0977654771077547,-1.42421290373264,0.00782969585544812,0.0834130028317491,-0.138297975783066
1793,20510,"s0","m2",0.146936225714112,-1.35877106559243,0.162124843227431,0.287411178930746,-0.880458962842106
1794,20515,"s0","m2",0.145876473989789,-1.33863426887601,-0.270255471104899,0.229435887867788,-1.99406532286062
1795,20527,"s0","m2",0.0695306522874048,-1.37982678672795,-0.199291433665117,0.186288282816191,-0.889009578206952
1796,20538,"s0","m2",-0.0072241491934158,-1.30005173125957,0.212149786806137,0.341354944563548,-1.46538303956518
1797,20549,"s0","m2",0.103144840514864,-1.36315153667473,0.103991291160648,0.31965970778723,-0.644731617578893
1798,20565,"s0","m2",0.25264647331119,-1.34548416221797,0.242688113578106,0.338851760418138,-0.801918841155801
1799,20567,"s0","m2",0.125539736890551,-1.3586556956096,0.269145512295693,0.38048933236397,-0.553234343083821
1800,20572,"s0","m2",0.0794374052883066,-1.37067086994723,0.0998393660167028,0.329909471791585,0.33868236713681
1801,20579,"s0","m2",0.107665967870746,-1.34221126801075,-0.01219101745221,0.522484873953823,-0.778045689506405
1802,20606,"s0","m2",0.0292268840395025,-1.30094734631674,-0.123698134076284,0.419034826750214,-0.99964500444127
1803,20616,"s0","m2",0.112615245919562,-1.40730196613923,0.13501476885312,0.579532757165767,0.299194960514188
1804,20617,"s0","m2",0.145189538402008,-1.27847391454023,-0.0614766017866978,0.608748672188641,-0.715824830771438
1805,20639,"s0","m2",0.0851151796522047,-1.2874168613625,0.0683605584187473,0.478990594731708,-0.498777476613565
1806,20653,"s0","m2",0.118774993531769,-1.34457955570383,-0.283373171048273,0.472284760156654,-0.376717546736483
1807,20660,"s0","m2",0.207122283883192,-1.33765564297425,0.482504962371771,0.419625160998351,-0.844257732007026
1808,20670,"s0","m2",0.126748283501669,-1.37093638226749,0.333597580521494,0.185664726186523,-0.903665079395321
1809,20689,"s0","m2",0.219884134889976,-1.38467674087015,0.322538141868845,0.355391450289393,-0.152225209066376
1810,20713,"s0","m2",0.177392336803255,-1.34359879510951,0.324511967495833,0.37337807209006,-0.324177709724475
1811,20719,"s0","m2",0.0339695155997046,-1.21987866301457,-0.147297174857485,0.543519954114561,-2.1391637138045
1812,20766,"s0","m2",0.201595007874795,-1.37168722903419,0.371971987798863,0.542891034408722,0.0461424597305556
1813,20771,"s0","m2",0.0736072134816445,-1.35764807984529,-0.0156234535570048,0.290128607414866,-0.980871201867398
1814,20779,"s0","m2",-0.0404380533123785,-1.49787665850305,-0.154959690688077,0.0929453391681663,0.18923310921659
1815,20791,"s0","m2",0.22979949608347,-1.34471057748496,0.220761766585201,0.335480556291669,-1.02726640029594
1816,20796,"s0","m2",0.116433287179314,-1.33058574959138,0.10175481870805,0.348911993307514,-0.872544236905581
1817,20804,"s0","m2",-0.01726898683906,-1.26748073379195,-0.14928529902527,0.468177288591549,-1.44643792409882
1818,20805,"s0","m2",0.217805894578844,-1.34792866573359,0.399733832287636,0.149739745416876,-0.749318578863716
1819,20829,"s0","m2",-0.0525383532190032,-1.38152291277094,-0.235034921968657,0.328784654932078,0.157597928443991
1820,20830,"s0","m2",0.0123061540248389,-1.30748321172574,-0.0760523153243532,0.226192160082918,-0.861642094559692
1821,20835,"s0","m2",0.126577236605476,-1.40122122122529,0.452938333696282,0.16020637383061,-0.871961154282745
1822,20841,"s0","m2",0.268325060199732,-1.39972469911405,0.654779898502305,0.231470728816078,-0.0801757849374643
1823,20846,"s0","m2",-0.0569910812713866,-1.35901750607576,-0.210342584082894,0.263053180450845,-0.143000945031624
1824,20903,"s0","m2",0.10365965971094,-1.36790073951633,-0.143567810895088,0.323097435988122,-0.884039554155603
1825,20922,"s0","m2",0.133671552543475,-1.26709199038311,-0.0545972352996033,0.515527091790988,-2.61914802014072
1826,20928,"s0","m2",0.214365422990232,-1.38287785732694,0.241692497147812,0.433502044520646,-0.218857524626604
1827,20931,"s0","m2",0.133198563632676,-1.24912474903845,-0.0190230608780552,0.550792272500398,-1.02208410149912
1828,20932,"s0","m2",0.13445916511762,-1.3725464293619,0.158427943634559,0.376636910651781,-0.399726188637215
1829,20937,"s0","m2",0.0343406080103256,-1.43443602673648,-0.583170381142435,0.467613986857241,0.247345207869893
1830,20946,"s0","m2",0.139247779116239,-1.45413281799717,0.025720916493706,0.259993533041958,0.222838997464082
1831,20949,"s0","m2",0.319217396082552,-1.3495309977467,0.511320585888204,0.323721026024029,-0.628771650826503
1832,20950,"s0","m2",0.302494853245575,-1.3890006011136,0.548673594402359,0.37251688332732,-0.245814761974523
1833,20990,"s0","m2",-0.0273518938423434,-1.36618927088063,-0.275728463343057,0.283905093504551,-0.015788297985668
1834,20992,"s0","m2",0.0389484075893392,-1.42855653104242,0.0814495560017454,0.331528528633481,0.0303561814531694
1835,21002,"s0","m2",0.143088342398506,-1.45987337036655,0.0936909823369787,0.3352483610089,-0.237476520970419
1836,21037,"s0","m2",0.189767762564338,-1.31658816304924,0.308273268738174,0.305213071410844,-1.08420646933773
1837,21094,"s0","m2",0.0124753668330656,-1.35839700455225,0.0938790102040118,0.472810008583382,-0.375228611096919
1838,21096,"s0","m2",0.0229142978895797,-1.39180562436781,-0.120766605100858,0.214866344393817,-0.436527102611907
1839,21126,"s0","m2",0.13629486800357,-1.31012746853044,0.0905157137663102,0.284057544501632,-1.43711735371543
1840,21153,"s0","m2",0.134885762527788,-1.37826884309413,0.0935812257375987,0.565953150663059,-1.47805080124797
1841,21158,"s0","m2",0.00988482723545394,-1.42076306992687,-0.24644420071826,0.121767816970818,0.0504951255847629
1842,21175,"s0","m2",0.0478263515783476,-1.30544320139209,0.0646181313170325,0.593765305209496,-0.979143441814084
1843,21182,"s0","m2",0.139220333663901,-1.31864214113093,0.12234935021455,0.32822957665519,-0.217974371299423
1844,21193,"s0","m2",0.0858182367539729,-1.31485778090502,-0.269231577243659,0.48396289383891,-1.54361246017886
1845,21242,"s0","m2",0.0827607393917695,-1.27508288309478,0.0930689000241584,0.546639450993896,-0.896025980648986
1846,21246,"s0","m2",0.327492501005945,-1.42044403496749,0.615610358345862,0.291725610302395,-0.0733513358794186
1847,21249,"s0","m2",0.304540360319704,-1.35285167829044,0.492293914555779,0.0867922499541667,-1.05535576983307
1848,21265,"s0","m2",0.0698100095677593,-1.35525355623035,0.0895299190933793,0.361399631821853,-0.429937316304756
1849,21299,"s0","m2",0.0330817832267865,-1.37502175311304,-0.204119517130864,0.310145211607335,-0.136046411813513
1850,21311,"s0","m2",0.130164791011166,-1.38170542712026,0.315511401385263,0.377658881712005,-0.508706857705515
1851,21322,"s0","m2",0.157045096922205,-1.34739331707051,0.328413797304124,0.522960083708641,-0.0827709587507809
1852,21344,"s0","m2",0.120227324388544,-1.39517729108271,0.227340482837719,0.327989179650623,-0.0984689633841992
1853,21363,"s0","m2",0.292322661276648,-1.27680544432188,0.581096255825099,0.348280358187064,-0.988397003538098
1854,21377,"s0","m2",0.151536114380629,-1.42806400011118,0.366851303889212,0.286073384067299,-0.0251192407781313
1855,21378,"s0","m2",0.0926710509351112,-1.37733105691594,-0.117428969065741,0.241972970784937,-0.526674879542998
1856,21388,"s0","m2",0.174768146017243,-1.38602528038242,0.24155431389819,0.359755149373226,0.0658936285722367
1857,21403,"s0","m2",0.176188226799311,-1.28035811790021,0.153139340486108,0.378039534725814,-1.01647941693776
1858,21412,"s0","m2",0.139048384686808,-1.40292827189604,0.0934863458578137,0.350276075901013,0.00729259568225694
1859,21462,"s0","m2",0.158253214718207,-1.27572386017843,0.43771768599532,0.44355927499641,-0.949529482805223
1860,21475,"s0","m2",0.233308678995887,-1.42285840161957,0.567557539036733,0.24217650245778,0.0254127862690679
1861,21480,"s0","m2",0.156055085622373,-1.41840828122141,0.370230039202314,0.223160935874721,0.296332986983965
1862,21484,"s0","m2",0.274649034514006,-1.33887948566929,0.642667065913171,0.398299003194844,-0.858659268301721
1863,21512,"s0","m2",-0.0374074913673189,-1.3288342517094,-0.333682112153619,0.385121986061358,-0.421323593316064
1864,21516,"s0","m2",0.0987085697799134,-1.23644127550146,0.162129039942242,0.512236977085652,-1.16899152341253
1865,21524,"s0","m2",0.0693165529195509,-1.46276319157914,0.392913105049509,0.268451543727031,0.146208185235893
1866,21546,"s0","m2",0.194271426731144,-1.34230629663627,0.20163354322158,0.437195607014986,-0.205267974333868
1867,21560,"s0","m2",0.347622731419404,-1.38775530320585,0.726729438615637,0.254718976999171,-0.0478903822057433
1868,21562,"s0","m2",0.289699177872179,-1.34080172029438,0.586770614263752,0.395020403736324,-0.252746095541652
1869,21572,"s0","m2",0.188501817768233,-1.40275416194653,0.372037768984053,0.220618806148502,-0.335624826403562
1870,21597,"s0","m2",0.147037948933324,-1.34084014961999,0.0313806707773766,0.349282485881839,-0.708325174082601
1871,21605,"s0","m2",0.123532927876894,-1.35986567853123,0.400970377446298,0.341831124967063,-0.0335880481112158
1872,21614,"s0","m2",0.0691785841634465,-1.36301712404442,-0.261092458726007,0.310417234674096,-0.453214327587346
1873,21643,"s0","m2",0.212528636819986,-1.32033656906208,0.324027411387902,0.470468622700476,-0.155671379283019
1874,21650,"s0","m2",-0.0231892880817558,-1.36738256219546,-0.241152727439879,0.40679688424534,-0.128149670416085
1875,21660,"s0","m2",0.237698565257091,-1.38238662527434,0.372893231550365,0.367869533104979,-0.584518014311166
1876,21681,"s0","m2",-0.00695662971187028,-1.38757274613956,-0.326845563083587,0.099162441594374,-0.642204914221471
1877,21682,"s0","m2",-0.0638935021334865,-1.38503970177905,-0.162032232450995,0.39760111722307,-0.151482238809638
1878,21683,"s0","m2",0.139911486258375,-1.20419031539285,-0.0794066833068296,0.637579036627623,-1.30169253244724
1879,21685,"s0","m2",0.184890666564873,-1.30711395950178,0.0860318012662122,0.449000169483932,-1.58351043917918
1880,21693,"s0","m2",0.189779118562864,-1.28824577837522,0.0599626349688867,0.432775114024056,-0.624769679609966
1881,21699,"s0","m2",0.135534778716869,-1.29761257394971,0.160737077608273,0.413057473762844,-0.933652626278788
1882,21723,"s0","m2",-0.04335010029817,-1.37827537330367,-0.436459640570335,0.451793533973973,-0.0926154344052418
1883,21742,"s0","m2",0.292217603791381,-1.46177049717903,0.572836329030441,0.169551629427068,0.0228960154965754
1884,21759,"s0","m2",0.0962167313172829,-1.40162450749784,-0.0409805775819093,0.350745099018344,0.0470759989724202
1885,21791,"s0","m2",0.0835933308167087,-1.32608236303446,0.256972102341985,0.694603503875548,-0.807615882679697
1886,21807,"s0","m2",0.144501526149038,-1.41879350769913,0.122681328020811,0.346037061178312,0.318150163546997
1887,21815,"s0","m2",0.191218476269258,-1.37385000498419,0.405708080433717,0.405045640926726,-0.510160630646147
1888,21824,"s0","m2",0.0922031712584583,-1.34494548884787,0.043029415606646,0.276702313762254,-0.700770902635742
1889,21827,"s0","m2",0.12343178317538,-1.37548331573838,0.150281852164006,0.377957442575496,0.24109649894084
1890,21837,"s0","m2",0.0248380540344451,-1.34388630397099,-0.25838358505882,0.567441444854625,-0.820710046512778
1891,21860,"s0","m2",0.141168954882185,-1.39990696400874,0.142323798905693,0.340090411158434,0.164880075405666
1892,21865,"s0","m2",0.0486017325525446,-1.32292131122681,-0.00564138228739261,0.525887803744197,-0.697791645299225
1893,21878,"s0","m2",0.183206813544743,-1.30883128658639,0.312092522577333,0.393828565118641,-1.41844844551904
1894,21898,"s0","m2",0.206913749243539,-1.39588429659855,0.507254048149598,0.135752766790754,-0.279602941915621
1895,21906,"s0","m2",0.29769737019212,-1.33797134564699,0.61137566649632,0.339935875203746,-0.513984604405021
1896,21930,"s0","m2",0.226921108257343,-1.36944209487347,0.285321300295002,0.450402432853843,-0.813234599402632
1897,21940,"s0","m2",0.25581019409102,-1.23714660595282,0.428303173029679,0.423434895619193,-1.00283801291165
1898,21952,"s0","m2",0.110480735788162,-1.27243457448142,0.18213220903399,0.633464737427045,-1.38009315105429
1899,21962,"s0","m2",0.0482439151461255,-1.43219619410423,-0.22746836479398,0.36048743658579,0.121763418049944
1900,21964,"s0","m2",0.0937970550897052,-1.30311005064119,-0.228611937515729,0.156799780312336,-2.06631809248715
1901,21970,"s0","m2",0.248261597890154,-1.27731035528448,0.460074586168401,0.535423808295297,-1.56039119407183
1902,21974,"s0","m2",0.122057133571639,-1.24158659471386,-0.0243487711972448,0.592522321298874,-1.60354014355296
1903,21977,"s0","m2",0.186209581136087,-1.29387317720816,0.183418462616337,0.583757984721536,-1.94942298411906
1904,21983,"s0","m2",0.15082001786561,-1.39897610844018,0.124140040718188,0.320443598419343,-0.142942291483398
1905,21995,"s0","m2",0.0113142320500729,-1.37569167201971,-0.232575346085796,0.308751690927614,-0.0725199743016761
1906,22003,"s0","m2",0.0619665528475444,-1.35698141997067,0.21759272693089,0.370256658835125,-0.492031101511562
1907,22031,"s0","m2",0.112208498295042,-1.3626209943735,0.137354402248783,0.352462523099745,-0.389345874831751
1908,22050,"s0","m2",0.143461259008165,-1.45923398951755,0.427658097733735,0.227052206214878,0.0597982976232447
1909,22069,"s0","m2",0.060252722981548,-1.23843897309831,-0.0393016455581342,0.44815506905219,-1.02212860259235
1910,22092,"s0","m2",0.158450655391988,-1.360085513543,0.189370670918729,0.48233707795612,-1.08686933753177
1911,22096,"s0","m2",0.254094225787681,-1.40578263806654,0.279477007634895,0.367785434442985,-0.296218892246956
1912,22099,"s0","m2",0.188065659529966,-1.4086089475702,0.337301681549607,0.341630282695911,0.067310679832245
1913,22125,"s0","m2",0.16000748450901,-1.30811737470109,0.136878613150494,0.37064390270985,-0.24996283559212
1914,22160,"s0","m2",0.143637402405263,-1.4133093625294,0.0711865553163315,0.159071208339901,0.20638759630436
1915,22202,"s0","m2",0.194226916337929,-1.39006862514021,0.293767775291563,0.286387674902938,-0.0422196748905076
1916,22240,"s0","m2",0.141825570987295,-1.30176583436301,0.256163891491412,0.470964873180745,-1.48105442472742
1917,22260,"s0","m2",0.010717340671646,-1.28365936425304,-0.041050438736485,0.591414348029123,-0.76504444456968
1918,22261,"s0","m2",0.2380464419558,-1.36625380416906,0.380959974151957,0.39474296195742,-0.370679708416338
1919,22299,"s0","m2",0.123047118640087,-1.34499546583318,0.102576304117626,0.306232666196436,-0.466756163422885
1920,22305,"s0","m2",0.19687985206469,-1.33232663277697,0.407897905004062,0.363723962320569,-1.11979273095701
1921,22312,"s0","m2",0.197335967754788,-1.39882155352578,0.481914073573349,0.412234378122761,-0.00861797780245317
1922,22332,"s0","m2",0.20482663239067,-1.40368039057103,0.473934848163264,0.225474188396103,-0.123506186237088
1923,22340,"s0","m2",0.269242874862797,-1.44764520095869,0.370225758175105,0.352990341471006,0.242781693010729
1924,22369,"s0","m2",-0.00791640520465295,-1.43184364548379,-0.502482395820941,0.274073521784887,-0.00605077564161001
1925,22374,"s0","m2",0.151782249440068,-1.34388135528324,0.158035029092019,0.33261584999981,-0.351789655413387
1926,22385,"s0","m2",0.335746178944798,-1.37522240580736,0.682017048702926,0.203129103643555,-0.529481519786641
1927,22397,"s0","m2",0.152280103342846,-1.35370661351641,0.370103670879777,0.574260342918547,-0.411640844181397
1928,22402,"s0","m2",0.0922749271058321,-1.38971025877223,0.24512836310083,0.0530014009990395,-0.522894112750959
1929,22406,"s0","m2",0.205443530559999,-1.3866663957538,0.182644046523393,0.504760415256912,-0.221818162939974
1930,22413,"s0","m2",0.180998146675103,-1.39128913317185,0.346326693850906,0.313974205704881,-0.173818923993908
1931,22416,"s0","m2",-0.0769995563456394,-1.37067890941422,-0.374759351905871,0.378116171002859,-0.190211957858891
1932,22419,"s0","m2",-0.115187754729251,-1.35368241028129,-1.14259924918721,0.228134313112925,-0.321850079241334
1933,22421,"s0","m2",0.180861956015951,-1.37348400739475,0.230715707648777,0.423912275478229,-0.667617866661013
1934,22437,"s0","m2",-0.0326213165428255,-1.35767141875248,0.0131236271913036,0.454010207527061,-0.362001826197025
1935,22442,"s0","m2",0.1912701990892,-1.3397160993672,0.188943378518367,0.382207593769863,-0.135772214208112
1936,22472,"s0","m2",0.0944614301540875,-1.3444120973157,-0.46303603888921,0.374075305983015,-0.605686297947517
1937,22476,"s0","m2",0.0561150055773953,-1.3053695177297,0.0589318336607939,0.157615206091371,-1.57311427386627
1938,22488,"s0","m2",0.0253705735388338,-1.35633902441867,-0.0929253459134,0.416530937206854,0.219817204799613
1939,22494,"s0","m2",0.100907370557075,-1.37554580817221,0.171513588902661,0.231112843638119,-0.438289085906126
1940,22501,"s0","m2",0.164475606404065,-1.46334298080624,0.108191183071392,0.117668362437845,-0.231766971787837
1941,22508,"s0","m2",0.0500933830953502,-1.28628183194567,-0.169800004982859,0.428566633285614,-1.3407913389119
1942,22523,"s0","m2",0.203124275846437,-1.36682734920088,0.128250961524654,0.322696144015841,-0.494608517291939
1943,22537,"s0","m2",0.0501362473584805,-1.34754927776787,-0.131322314959186,0.354509923201101,-0.276969041973997
1944,22567,"s0","m2",0.0419965032067954,-1.35164249013594,-0.38442807821575,0.144342480924206,-0.718682269572844
1945,22580,"s0","m2",0.244973609241493,-1.34605295573334,0.39104744945241,0.403454669432033,-0.887550720440393
1946,22592,"s0","m2",0.174049482864119,-1.30169788551756,0.355221622573663,0.467984943125608,-0.323709163816581
1947,22604,"s0","m2",0.0615253263667471,-1.37253905417086,-0.163731349711689,0.29863731228091,-0.372750992358209
1948,22607,"s0","m2",0.10254152017343,-1.39386239967163,-0.00920619100255952,0.263348682621318,-0.299725675159578
1949,22618,"s0","m2",0.197882094093748,-1.38571149025265,0.120837707545145,0.354647584747983,0.13222825748671
1950,22625,"s0","m2",0.245680150025009,-1.30657229907516,0.488666127676256,0.285456636758944,-0.478325748432715
1951,22636,"s0","m2",0.237405810743957,-1.39723614800173,0.374149455592369,0.332722858664499,-0.676001839983836
1952,22648,"s0","m2",0.288798012909118,-1.3007514231682,0.327105771997613,0.492871539793385,-0.623476438798598
1953,22665,"s0","m2",0.206813617403144,-1.35723693167564,0.195598697177056,0.320667521008733,-0.0686443910219757
1954,22674,"s0","m2",0.0630010333164432,-1.34554269947809,0.119431276859032,0.449338945634673,-0.695464779858484
1955,22720,"s0","m2",-0.00624190854788492,-1.46180575216297,-0.117259161450874,0.0054775679020097,-0.00333357827147489
1956,22734,"s0","m2",0.166805365140554,-1.37570551667637,0.0256476227947531,0.264984633651217,-0.982871921903494
1957,22739,"s0","m2",0.0301565882491856,-1.27517046136419,-0.315745495819173,0.62688276703279,-0.730276773283789
1958,22757,"s0","m2",0.12621335058799,-1.33766019452393,-0.234159986753251,0.262661094032954,-0.332667188442143
1959,22774,"s0","m2",0.0172061167478426,-1.37720794217593,0.0928711507948744,0.474870896960613,-0.483419567747541
1960,22820,"s0","m2",0.0452028371182885,-1.35008211242383,0.0397838472314003,0.146671320410956,-0.724372884466386
1961,22827,"s0","m2",0.217893148912643,-1.35826929790807,0.0534454812491281,0.329665603415052,-0.549973406807548
1962,22842,"s0","m2",0.151047483517949,-1.36881538632497,0.229135075814463,0.239458187478995,-1.1572369936317
1963,22866,"s0","m2",0.15288964454395,-1.36194367161945,0.117088737727425,0.184535997683133,-0.266784383249456
1964,22891,"s0","m2",0.198512883915771,-1.39766895044,0.210759065832405,0.366980663355569,-0.938301914207004
1965,22894,"s0","m2",0.195920731427195,-1.29668441632822,0.273396083025612,0.467314729423339,-1.19947190343396
1966,22904,"s0","m2",0.16007114560495,-1.31620818277441,0.375560492456222,0.437200833118193,-1.01367718565554
1967,22906,"s0","m2",0.129566325196297,-1.28797034355058,-0.371998531082258,0.472896415277657,-0.565316858424204
1968,22964,"s0","m2",0.128838096148435,-1.32245276073506,-0.0698467294848527,0.265405720888896,-0.753258605798913
1969,22986,"s0","m2",0.136633526266438,-1.34263518284809,0.0889885280878278,0.219824853730028,-0.68322249940208
1970,23000,"s0","m2",0.019052811841411,-1.26338096759459,-0.05234592830902,0.546433979160442,-1.10541783478892
1971,23004,"s0","m2",-0.0103396068664593,-1.32685238110038,-0.0480641290825831,0.392635835612335,-0.404286430646742
1972,23053,"s0","m2",0.125571030539639,-1.43843735043288,0.304773074971018,0.259970558095246,-0.446203890899717
1973,23065,"s0","m2",0.105922533243174,-1.34576658768993,-0.127939774314339,0.285583497237302,-0.791353589015352
1974,23074,"s0","m2",0.132106760185832,-1.37964496245872,0.29555024416559,0.315905283041974,0.465671218873579
1975,23108,"s0","m2",0.0189526213327258,-1.39224506012389,0.0219058358966624,0.177248719349171,-0.489408615068832
1976,23112,"s0","m2",0.138172912430725,-1.32882919666247,-0.101240805206253,0.455392808671529,-0.773643703797682
1977,23149,"s0","m2",0.130606336465573,-1.37021896842968,0.112547072969571,0.276061402051848,-0.676619176979902
1978,23155,"s0","m2",0.237717463634758,-1.45654770972011,0.395426246899981,0.236077117186978,0.257195485520656
1979,23174,"s0","m2",0.137693516323976,-1.43993815511846,0.0737503705588486,0.26889210691909,0.00461210039942291
1980,23181,"s0","m2",0.0496490508000747,-1.37275742396331,0.115760006661896,0.513561013266625,-0.399221976853751
1981,23188,"s0","m2",0.283824539742001,-1.33915109604578,0.435014286032668,0.632670796508413,-0.644315058779937
1982,23206,"s0","m2",0.132052972875589,-1.24710798810175,-0.0695987393791276,0.223242075960877,-1.07349352102948
1983,23218,"s0","m2",0.0804179342316655,-1.30482495230185,-0.231223347265864,0.413361927477412,-0.536989784940276
1984,23226,"s0","m2",0.141164626838831,-1.34554354153238,-0.073590339760883,0.464820403184723,-1.83325679715857
1985,23244,"s0","m2",0.287178555304633,-1.26406518785654,0.471611169870779,0.461362041490968,-0.778315738865084
1986,23248,"s0","m2",0.186677154773076,-1.39228878413212,0.257104561468061,0.274267890038342,0.190747270836643
1987,23254,"s0","m2",0.0853286743925632,-1.41251474828282,0.123864653398532,0.386683029927178,-0.488351867906324
1988,23279,"s0","m2",0.132785009355282,-1.36144516961186,0.311539135680401,0.377830541041496,-1.81408707962334
1989,23301,"s0","m2",0.142097041745919,-1.34687411616499,0.0660319520699421,0.451434273818689,0.378954188807244
1990,23307,"s0","m2",0.116757881415902,-1.27077831791355,0.0558321440693686,0.477150409005362,-0.965206034359275
1991,23330,"s0","m2",0.113311147326776,-1.34751420334988,0.0977763956986655,0.314269865499263,-0.827458966097843
1992,23332,"s0","m2",0.302012469052943,-1.39244863676601,0.277969781330743,0.371165344141391,0.00131199627192035
1993,23336,"s0","m2",0.30946625908252,-1.33153021080451,0.410652246398099,0.489964978741854,-1.13905015990926
1994,23361,"s0","m2",0.198717214330481,-1.26493939459038,0.222223048529055,0.460530471469385,-1.36789734035606
1995,23369,"s0","m2",0.144703414542819,-1.34942865293664,0.0455506686058934,0.272630954353734,-0.146688286619623
1996,23376,"s0","m2",0.1422363227873,-1.39173281417337,0.164703384508422,0.26518262057481,-0.662608844490669
1997,23381,"s0","m2",0.00391146533315674,-1.38385208641646,-0.27537604416118,0.327396178791259,-0.727274632820629
1998,23384,"s0","m2",0.136887148993161,-1.39380202522118,-0.229436206635557,0.343630065993347,-0.199274620402358
1999,23391,"s0","m2",0.219802238129976,-1.28097946913471,0.664664120883269,0.397128544424561,-0.754709727790626
2000,23418,"s0","m2",0.175935769803746,-1.34194749651611,0.174522895561774,0.365125107875223,-0.813791275300695
2001,23428,"s0","m2",0.265366434795475,-1.36534833164552,0.278460346241569,0.49842382327022,-0.564861434489454
2002,23453,"s0","m2",0.135943172236477,-1.38250505613181,-0.177251350692786,0.4621954719616,0.0741090256977675
2003,23460,"s0","m2",0.32938107851503,-1.43216842437207,0.68052516617098,0.14671943650057,-0.507456847800784
2004,23471,"s0","m2",0.077064710133076,-1.3069628731944,-0.325491903988167,0.497579900438828,0.0271767252911713
2005,23473,"s0","m2",0.161556127263086,-1.36893114747119,0.0352117130271839,0.381759131180021,-0.901802366339735
2006,23474,"s0","m2",0.00949730191504106,-1.29522505619516,-0.195744967955564,0.46300567807848,-0.724247224350722
2007,23475,"s0","m2",0.0294165084823178,-1.44430151278115,0.0116540182912739,0.200813342517252,-0.0438999984338001
2008,23480,"s0","m2",0.0302155903165246,-1.32021681821565,-0.0831287463754072,0.372121904548946,-0.251731601601155
2009,23481,"s0","m2",0.169884967078751,-1.39946366256674,0.202381597358579,0.266032314327662,-0.702626576839904
2010,23511,"s0","m2",0.0918220488588906,-1.30418249892273,0.0354847033282379,0.408176234373967,-0.807281949836907
2011,23513,"s0","m2",0.0532417429605597,-1.30469347748094,0.070309888898619,0.377529004843881,-0.786732096156436
2012,23533,"s0","m2",0.107667276306685,-1.3298557013833,0.0366591971138737,0.489033683993846,-1.02492067111323
2013,23539,"s0","m2",0.14099042386945,-1.38498025890513,0.0282368632688733,0.189565347229249,-0.0438798620299023
2014,23570,"s0","m2",0.0605399045548767,-1.3866771133928,-0.183000814309406,0.313311324644758,-0.547518114856853
2015,23585,"s0","m2",0.200762080636333,-1.28907316427899,0.349634756315971,0.432450464224143,-0.986593301424716
2016,23592,"s0","m2",0.220770182925031,-1.35586502458595,0.251827939288031,0.200724274704823,-0.525220377368167
2017,23596,"s0","m2",0.286678188094883,-1.40930153641109,0.494191410879653,0.187746834581384,0.287560669450702
2018,23599,"s0","m2",0.160298779457444,-1.40642735283517,0.227369432401461,0.229737472260496,-0.146879066240431
2019,23617,"s0","m2",0.0122808049842993,-1.32801287528766,0.201869891958174,0.39022723024972,-0.139991967032211
2020,23627,"s0","m2",0.0676033727985216,-1.41871192069323,0.14599182926484,0.496897207571364,0.067844831174537
2021,23655,"s0","m2",0.142901077383158,-1.30941396268405,0.302050425815902,0.414782435370302,-0.704717203952452
2022,23660,"s0","m2",0.11529896234475,-1.32951915140758,0.391752780776853,0.326519373131046,-0.349263694296384
2023,23673,"s0","m2",0.153537735328513,-1.37759483794996,0.248965023591974,0.310602462917276,-0.100797717856911
2024,23674,"s0","m2",0.361735747809529,-1.40005127649204,0.622418362721362,0.358709932753647,-0.160370118567792
2025,23685,"s0","m2",0.0555658696496292,-1.39335854423971,-0.102200618250253,0.44565030497549,-0.460785534731982
2026,23703,"s0","m2",0.13042825602664,-1.30766243452394,0.239221602111237,0.478707358498853,-0.889173817714088
2027,23732,"s0","m2",0.211948720122393,-1.39340132971346,0.174471381855407,0.280148087075507,-0.122718950756443
2028,23738,"s0","m2",0.113294169293208,-1.32145748516569,0.0469296784526505,0.474942959638873,-1.48143629009824
2029,23751,"s0","m2",0.0217181002982948,-1.40306047141728,0.0402277310582729,0.339768570247604,0.0418596931620667
2030,23758,"s0","m2",0.384863060660246,-1.34785661998727,0.420624929722616,0.393526850511694,-0.901913968818704
2031,23765,"s0","m2",0.0478610695587235,-1.31695348888185,-0.352159710911228,0.300426392346457,-0.841943298683614
2032,23768,"s0","m2",0.146242762630105,-1.2951234011522,0.251431928635956,0.433852600688568,-0.872407593833999
2033,23782,"s0","m2",0.151937452997265,-1.2987076801542,0.148169042266164,0.397542192905225,-1.17726531850268
2034,23786,"s0","m2",0.163021368608147,-1.34290082136906,0.281593579099279,0.33883448661676,-0.539937497581959
2035,23801,"s0","m2",0.154625500996387,-1.2747763569121,0.185146782421931,0.465128136198111,-0.881958238227138
2036,23804,"s0","m2",0.115997573929227,-1.38424514282116,0.144575670971888,0.117167873458391,-0.0432147574392916
2037,23806,"s0","m2",0.204116147587844,-1.38650827166046,0.200731156321935,0.380299363383534,-0.497589861513792
2038,23816,"s0","m2",0.198548276274137,-1.40839667381958,0.337381442914228,0.521013784943038,-0.0796272258103134
2039,23821,"s0","m2",0.133932698435746,-1.41399261774403,0.233482744133524,0.424028779234411,-0.716687429002899
2040,23827,"s0","m2",0.0397829622863916,-1.31664178228981,-0.162320080091044,0.341058061166196,-1.46533444917481
2041,23837,"s0","m2",0.21870197960991,-1.37666505374481,0.392611038282106,0.271337734258958,-0.906935705568855
2042,23840,"s0","m2",0.252049424693826,-1.2859630841238,0.491741952409603,0.335877406728117,-1.1110692592447
2043,23888,"s0","m2",-0.14270683068419,-1.34691398499792,-0.60622260893379,0.393358440709127,-0.784846417762017
2044,23890,"s0","m2",0.254691460513955,-1.38970485933528,0.355369241314359,0.457958825782087,0.0828457913821735
2045,23920,"s0","m2",0.232415234759104,-1.33986752141901,0.330933394734436,0.444806984573512,-0.898616824365424
2046,23940,"s0","m2",0.220445062987947,-1.34832529413302,-0.0699269177059177,0.306936964641514,0.178380781097562
2047,23948,"s0","m2",0.107764908784938,-1.39622394511984,0.0270714144980823,0.512072012179307,-0.0642557729822533
2048,23965,"s0","m2",0.274172755907271,-1.36065749156454,0.555278692062222,0.461110385510243,-0.490668415809579
