"draw","source_draw","id","assumed_model","alpha_0","alpha_1","nu_0","nu_1","tau"
1,9,"s14","m2",0.329451434677449,0.578544379512596,-0.162584199481958,-0.0805204975830086,0.683745232501462
2,16,"s14","m2",0.473472087907853,0.608772773668331,-0.0874961782700143,0.0157325997157464,-0.0708705479822806
3,46,"s14","m2",0.375278330693944,0.549044905766969,-0.0656668754302367,-0.0484357085607107,0.192118734838295
4,48,"s14","m2",0.402442932584656,0.47867312141007,-0.13837239503894,-0.081907126134352,0.426563070169057
5,53,"s14","m2",0.424875508038827,0.647757267062292,-0.0966903717528156,0.0429161858110387,-0.371656536394796
6,56,"s14","m2",0.58137736523107,0.63002760622636,0.11478441221535,-0.0389754552609118,-0.635922688925184
7,57,"s14","m2",0.264453072648372,0.451794960373663,-0.54765585719122,-0.300039752421294,0.704198389800825
8,58,"s14","m2",0.535061825013262,0.645447173200704,0.0615181613154989,0.0210906785158438,-0.242715001466604
9,71,"s14","m2",0.372606128088681,0.482081331254842,-0.243395909305632,-0.248488424171881,0.57738145277308
10,86,"s14","m2",0.347836093176622,0.458036785740741,-0.126276340673276,-0.111751019427969,0.839380397450389
11,96,"s14","m2",0.410055781168669,0.573880427601361,-0.12138171022398,-0.0925845960412228,0.298600806825747
12,118,"s14","m2",0.486909270179197,0.490577269219575,0.025323345310635,-0.261458211224215,0.141764209838047
13,119,"s14","m2",0.433437286266706,0.611217796343992,-0.14064040949597,-0.0582025076223325,-0.141689390721321
14,120,"s14","m2",0.489589923720147,0.6782844121892,-0.0588027376942643,0.121458672238868,-0.135672456659615
15,132,"s14","m2",0.396946562380323,0.531486929520692,-0.0852755792462547,-0.179086353819895,0.178243756936288
16,135,"s14","m2",0.40348840707176,0.503824966504038,-0.105515757817352,-0.0758850608891003,0.618215041508726
17,143,"s14","m2",0.338147957888232,0.500028159166984,-0.174647336135057,-0.0394820876849116,0.702013474243342
18,149,"s14","m2",0.350753728185498,0.564560914028369,-0.253115697563965,-0.0955613310877998,0.188986286333935
19,176,"s14","m2",0.452326439884656,0.535292665498347,0.0288865825278376,-0.194551779448787,0.38067601179673
20,177,"s14","m2",0.404900672516169,0.517640946142451,-0.102062780331553,-0.0562026503274382,0.597585099049425
21,191,"s14","m2",0.516541796624079,0.643175000210023,0.018834250151574,0.0659276376482174,-0.370593465423969
22,194,"s14","m2",0.433942090266663,0.623842350903396,-0.0770035707400278,0.10719606035478,0.24274070744209
23,205,"s14","m2",0.355889819574259,0.57973808760483,-0.156015203180838,0.0528914697684784,0.425931568379309
24,215,"s14","m2",0.476108190107011,0.59352796021641,-0.0938099349318472,-0.152051173196863,-0.19809439339759
25,220,"s14","m2",0.475445160409237,0.696198769436897,-0.046411350492646,0.107799516895202,-0.209537689454611
26,230,"s14","m2",0.372491756114691,0.521881355741925,-0.139164676273762,-0.0978781708086576,0.395278886785958
27,242,"s14","m2",0.397941345335413,0.583229657938595,-0.146461640551019,-0.137231248717393,0.17243296612906
28,266,"s14","m2",0.491802489530066,0.564920917191498,-0.019574221710853,-0.163837157597615,-0.075565890621228
29,284,"s14","m2",0.470383346833755,0.705931831097432,-0.16124868600236,0.124436149527723,-0.72651246707442
30,297,"s14","m2",0.528821066182384,0.575122928894638,0.0133167666198681,-0.0987757015877966,-0.357760225785088
31,303,"s14","m2",0.487480158333102,0.639902408086803,-0.087969472947815,-0.0348716177369798,-0.373497041807856
32,315,"s14","m2",0.530678030546253,0.709659881580812,0.0361166276612312,-0.0190357258889009,-0.674665625437512
33,325,"s14","m2",0.347794063989678,0.566819668880381,-0.197178979671005,-0.0852019025851951,0.447911439996953
34,328,"s14","m2",0.371737839921506,0.564356067561101,-0.176184398739757,-0.0407416701368196,0.297657297477224
35,348,"s14","m2",0.517035661448008,0.630709487529148,-0.00356221707214889,0.0834302824720117,-0.00682332165028334
36,354,"s14","m2",0.469063344390842,0.583700280156923,-0.0524060962142809,-0.194735561792124,0.015426027409626
37,357,"s14","m2",0.449101133312374,0.617606156365231,-0.0344376205150856,0.100887868638292,0.3185223763388
38,362,"s14","m2",0.38497667102445,0.485489038261437,-0.186978842921861,-0.321996565524745,0.27073931778858
39,387,"s14","m2",0.302834026832236,0.515199261051422,-0.126659708594088,0.00158855676394645,0.897758252318193
40,393,"s14","m2",0.362223659334621,0.593251140817321,-0.124775768171257,-0.0423811978670319,0.0796739290178075
41,397,"s14","m2",0.275331706542382,0.438702699433948,-0.236854042538696,-0.114067333145716,1.16306485524648
42,405,"s14","m2",0.447914456052337,0.643280040408123,-0.181304961871343,0.0506784835019424,-0.186065648120184
43,417,"s14","m2",0.457514303332326,0.589406035949659,-0.0655166844183538,-0.150298097515143,-0.105537503612361
44,426,"s14","m2",0.346566708067295,0.623856453769943,-0.32101112204085,0.00467725693437717,0.154434609022035
45,428,"s14","m2",0.54410693662262,0.653458366287447,0.0750178842549366,0.0195614313267731,-0.533301999970715
46,434,"s14","m2",0.351388699602222,0.522177053933448,-0.192968279080085,-0.0569333206501996,0.387331468991669
47,446,"s14","m2",0.295369201799884,0.506397113041475,-0.267160141974435,-0.307810586488642,0.374754017228765
48,466,"s14","m2",0.51643032045258,0.58140457624593,0.0431631815692716,-0.211834736848764,-0.0829307062287559
49,468,"s14","m2",0.442003489851042,0.693165443458777,-0.106952821468601,-0.00802159895079151,-0.475120372127396
50,469,"s14","m2",0.334911188058302,0.576220639105946,-0.279834291860303,-0.10630438277024,0.309744975314809
51,473,"s14","m2",0.419211182893159,0.645975491115082,-0.209609772800627,0.0406689347012717,-0.117635487562682
52,474,"s14","m2",0.444414629840676,0.554219256103251,-0.0928915711920705,-0.0772945365069298,0.383780834523666
53,486,"s14","m2",0.380737676197704,0.564687417333063,-0.291825053908595,-0.0233437765953095,0.112344411038465
54,490,"s14","m2",0.368845807237811,0.560210602417432,-0.208673573373572,-0.00903304859617296,0.293234233175366
55,500,"s14","m2",0.350039942202475,0.549852590557995,-0.142483526606829,-0.152175825416857,0.395025494736243
56,501,"s14","m2",0.435784591590277,0.604507307346353,-0.0452546821220733,-0.0852883621673738,0.128061218219942
57,519,"s14","m2",0.468634753016738,0.557255793941306,0.0470560899633228,-0.089919865212895,0.12455343020054
58,527,"s14","m2",0.441362883058013,0.581003798436261,0.00225253774294515,-0.194899353617338,0.050958903853158
59,533,"s14","m2",0.282032804665939,0.544885022583365,-0.30322497949905,-0.0985641509579972,0.890914983094136
60,535,"s14","m2",0.455332317483796,0.558014497878565,-0.0814103162107524,-0.0805471576993919,0.0717113515321397
61,554,"s14","m2",0.388321459774667,0.442782917363525,-0.233029670027949,-0.324089587615821,0.440019793880438
62,573,"s14","m2",0.336552223975215,0.613416848312611,-0.188944998213929,0.0786102512585408,0.205083652956672
63,576,"s14","m2",0.423514364996063,0.580158168604584,-0.184943067726671,-0.184876889165979,0.0026840783169475
64,578,"s14","m2",0.406827293772123,0.54029772694948,-0.0762681123179428,0.0301184888059321,0.684824927689084
65,588,"s14","m2",0.402590624121844,0.498979879214697,-0.0361032384678104,-0.230074186162699,0.623685471227462
66,608,"s14","m2",0.434154132385661,0.560005115565777,-0.00283122839323096,-0.122445355174189,0.348900609280688
67,636,"s14","m2",0.469935713395482,0.59679762770943,-0.101162425969361,-0.0849349452048912,-0.138835601857044
68,646,"s14","m2",0.460330852556634,0.609173892167456,-0.188693181670394,-0.136855480944628,0.000123315713587334
69,662,"s14","m2",0.49312407750849,0.712525044277525,0.0144584989720724,0.109333892350219,-0.366742562977665
70,664,"s14","m2",0.507028535723309,0.684947960004812,0.0659859638273273,0.196303907660265,-0.0931322554738225
71,690,"s14","m2",0.291429307300963,0.510047464866692,-0.386189413583862,-0.0698479569804471,1.06927088563958
72,698,"s14","m2",0.501167454108829,0.592877386292294,-0.0480813412684832,-0.121754822214195,-0.0809118688153303
73,702,"s14","m2",0.384531931137949,0.552388413357616,-0.15261524693621,-0.0786214033812501,0.222552838501315
74,715,"s14","m2",0.500525085198659,0.596937877982649,0.000148731654857877,-0.00394482917400156,-0.113079387319644
75,719,"s14","m2",0.40242200147393,0.544526143130741,-0.0605943712584901,-0.0491881723888122,0.3420515801223
76,723,"s14","m2",0.382384044252838,0.480128800720258,-0.0975809283719925,-0.113750119848861,0.491230436984603
77,746,"s14","m2",0.349763101937257,0.525188731216031,-0.222064623855468,-0.301346528521626,0.544344871626918
78,762,"s14","m2",0.455646496193582,0.559666938169053,-0.0535861686672445,-0.172294583476188,-0.0431912192345793
79,769,"s14","m2",0.386249959430754,0.529481508134327,-0.176589341352115,-0.0549698441417015,0.521668560066134
80,782,"s14","m2",0.491221210449078,0.535809551850999,0.0768509344021068,-0.0740030940087972,0.65322427736322
81,788,"s14","m2",0.378421332920557,0.470936376305495,-0.0855882819227096,-0.191251214049104,0.421905206849335
82,797,"s14","m2",0.451015743698932,0.558171813230583,-0.088243313109162,-0.0810938337430307,0.14608394428276
83,798,"s14","m2",0.420671163145313,0.518922315140508,-0.119042368390805,-0.217652645454408,0.407877345818756
84,808,"s14","m2",0.365978256160869,0.510871788037794,-0.24609985508479,-0.195228155260947,0.578032234859651
85,818,"s14","m2",0.40586467488868,0.587646074706289,-0.235052466486749,-0.183186124947571,-0.0564483867751315
86,830,"s14","m2",0.410235046033375,0.621404108889156,-0.193975613603212,0.0608421712739325,0.236013342307883
87,854,"s14","m2",0.43350507237193,0.478390691707989,-0.0710171068205497,-0.210266880105414,0.562445398625201
88,862,"s14","m2",0.442181713818938,0.532367057470382,-0.105242773473537,-0.155919296077682,0.354847935302741
89,867,"s14","m2",0.431045197842655,0.657431884504705,0.0985789797405359,0.121228853927116,0.070182370807241
90,874,"s14","m2",0.347370462444905,0.686442872773588,-0.203060734172885,0.0967700691116886,0.135257023989884
91,880,"s14","m2",0.349669096370958,0.629736817304493,-0.187406463008896,-0.132232691692814,-0.154061276881276
92,920,"s14","m2",0.5275223057287,0.627941969148861,0.0318410788440532,0.0166079632431146,-0.244011872527386
93,951,"s14","m2",0.445672548917342,0.582176318557307,-0.160267535965449,-0.0522294865072492,0.260871806106461
94,975,"s14","m2",0.4207185659673,0.486636830140731,-0.062238719425242,-0.101725607190173,0.42184238631231
95,999,"s14","m2",0.435467146334673,0.455400031530049,0.00383217643867116,-0.270669498670119,0.400449053476595
96,1018,"s14","m2",0.381710758996656,0.528362646128542,-0.170281030107623,-0.0518274119029211,0.640803907649497
97,1032,"s14","m2",0.482469059521557,0.6164236884395,-0.0269102513885001,-0.053567957083895,0.0324477787142665
98,1065,"s14","m2",0.459423231658122,0.613922331852226,-0.0494971773033713,-0.0136860048675426,-0.174731473354743
99,1091,"s14","m2",0.421458618332539,0.621293579639886,-0.190939824035254,-0.0367252703332808,0.04109751900214
100,1092,"s14","m2",0.432719106503765,0.654928065266715,-0.160261122278133,0.0687356024513382,0.311214861290116
101,1102,"s14","m2",0.385879436733641,0.624062085197271,-0.0638844569130635,-0.0116712041824788,0.388732728703986
102,1105,"s14","m2",0.405392259842901,0.585049194014141,-0.220836770835881,-0.000166857612646188,0.337299738160665
103,1138,"s14","m2",0.311953140690924,0.527247366262411,-0.172509483480061,-0.269150026544557,0.678731505746489
104,1157,"s14","m2",0.477974066056078,0.593402756514295,0.0853393631061441,0.0161858251297647,0.0779047672355285
105,1168,"s14","m2",0.33236246015605,0.566788683485759,-0.272329205504979,-0.048885686591457,0.517030232579664
106,1175,"s14","m2",0.458300007981117,0.69591185100943,-0.113334819559472,0.0758669704774371,-0.204386364971741
107,1208,"s14","m2",0.496036179543765,0.564125024295075,0.0619722430550683,-0.00740137760508903,-0.0313711615696294
108,1211,"s14","m2",0.522223975079059,0.558649507462874,-0.0264262255405803,-0.121477981062726,-0.33426951017682
109,1258,"s14","m2",0.514846828301252,0.560595780709614,-0.0305289392117704,-0.158156182914409,0.183913773036649
110,1268,"s14","m2",0.404195426955027,0.573108389604544,-0.209458057917473,-0.0609656337980998,0.440075080625666
111,1269,"s14","m2",0.44185292326921,0.64482451099816,-0.0128431837074351,0.0556744377125495,0.193306759929768
112,1284,"s14","m2",0.334075977448044,0.599550968027885,-0.177609401188807,0.0935720478716002,0.76454411325564
113,1285,"s14","m2",0.386783071182455,0.573718126886868,-0.114003935718454,0.00555466545739339,0.474295642601812
114,1286,"s14","m2",0.45080667884782,0.636028595530952,-0.127878050208142,-0.0434092158907927,-0.143254520943971
115,1293,"s14","m2",0.475265294246752,0.62404251258912,-0.0144771304745942,0.0703788162573978,-0.170180572637658
116,1298,"s14","m2",0.356091034406929,0.567699168438881,-0.226207790708632,-0.0449082965367305,0.328258392347684
117,1311,"s14","m2",0.395087468408649,0.592770906302797,-0.0943508664981389,-0.0346671794495323,0.10351513203173
118,1328,"s14","m2",0.466415032338726,0.577064273158703,-0.139010253361494,0.0772482453805679,0.037400800344064
119,1337,"s14","m2",0.31732721937567,0.54276894608096,-0.172283794889305,0.0248186475290097,0.878467097411126
120,1365,"s14","m2",0.421586839786682,0.545900698365493,-0.0338959462292635,-0.010162391128291,0.445523669617793
121,1369,"s14","m2",0.539042496451129,0.622329024963463,0.0535005504818355,0.0169132644784139,-0.00834420151481513
122,1385,"s14","m2",0.462049435389373,0.482196071785881,-0.05146288555608,-0.179627572771708,0.541864158009261
123,1399,"s14","m2",0.449697194391394,0.751963222697802,-0.146088629996949,0.191421830921663,-0.0638746002440978
124,1427,"s14","m2",0.345063796567683,0.570769669837503,-0.18918652822485,-0.100209014501781,0.57332183821239
125,1450,"s14","m2",0.572784250293052,0.638095502068277,0.0201849203510429,0.0183923446880347,-0.373821299587434
126,1480,"s14","m2",0.534709443373143,0.740450514691414,-0.139697201913417,0.105092806883716,-1.35543854223802
127,1485,"s14","m2",0.43023527505684,0.572623141671929,-0.145054642354977,-0.000492823875170793,0.350018571066096
128,1492,"s14","m2",0.438196662605707,0.575601667742763,-0.0760053219704625,-0.0384782847400915,0.191949913610856
129,1505,"s14","m2",0.558501829956986,0.665017925393675,-0.0157559949732161,0.0707040853561756,-0.592493927087973
130,1525,"s14","m2",0.428569128564662,0.575094946273193,-0.0802335336717443,-0.0569041425073844,0.18721268434396
131,1532,"s14","m2",0.496099135817007,0.597592998259502,0.0549008637507937,-0.0951512359696332,-0.160930111626523
132,1539,"s14","m2",0.352952910739104,0.542722786694791,-0.17219414922797,-0.0351684326116092,0.750975956305313
133,1544,"s14","m2",0.451843151223488,0.546261651795917,-0.0247833593981663,-0.0161387272590113,0.012571015767737
134,1550,"s14","m2",0.533740485004137,0.669962335356368,-0.00199688841474904,0.00142895413789478,-0.51861930043591
135,1619,"s14","m2",0.449351513549633,0.670078739835486,-0.150853429127092,0.0450534575904962,-0.0551302782034599
136,1632,"s14","m2",0.423752790075212,0.582186137625584,-0.10577383529345,-0.0298201868793287,0.0880205777844669
137,1639,"s14","m2",0.357949025298746,0.618168793406007,-0.191334665962413,0.0909506899140977,0.395829335172558
138,1668,"s14","m2",0.467948429848864,0.691534297398356,-0.137232650909758,0.0969893520087651,-0.0016915075277943
139,1689,"s14","m2",0.45031729081488,0.65718475253285,-0.11365971224621,0.0481127797554866,0.136895187707173
140,1701,"s14","m2",0.356006105401397,0.517940163587375,-0.182482110476263,-0.188946908031982,0.232478830667284
141,1715,"s14","m2",0.522653585975762,0.61131537779803,-0.0221765433144227,-0.031776499796424,-0.578837954149081
142,1737,"s14","m2",0.39060752606106,0.536632836365416,-0.203399182735438,-0.0486559305831188,0.297347212272236
143,1741,"s14","m2",0.412975784388301,0.647476800735821,-0.0589491626996944,-0.0393296082283159,0.210506528638043
144,1744,"s14","m2",0.505985349447292,0.607235449090697,-0.0631070053846896,-0.0105948649783098,-0.321819792574396
145,1749,"s14","m2",0.330439846092384,0.404788550680528,-0.223647914500308,-0.101682676805122,0.60407190412475
146,1753,"s14","m2",0.465653847155468,0.571685653381369,0.0026009821680656,-0.0543421510191351,0.264176905335524
147,1778,"s14","m2",0.424346051064642,0.606315850953662,-0.110176333022551,-0.104290323124465,0.0779615035142078
148,1796,"s14","m2",0.247958951791233,0.530645054704547,-0.467126418780783,-0.0470558693166128,0.361949759659179
149,1802,"s14","m2",0.430883463577639,0.632970636198706,-0.130235292800475,-0.115335748816093,-0.372639793900183
150,1803,"s14","m2",0.377142454503043,0.560445546950969,-0.251361825588943,0.018308396403804,0.325133977149402
151,1805,"s14","m2",0.421002539248507,0.611993438027841,-0.142317384860612,0.0656718843432185,0.0774990198566417
152,1833,"s14","m2",0.407241325241417,0.579656330487863,-0.134380054055188,-0.0184021359400792,0.178731300136133
153,1836,"s14","m2",0.380040460550194,0.618683108248342,-0.140484431038517,0.0269470126120873,0.214203656524161
154,1847,"s14","m2",0.364344345852989,0.510001938701105,-0.19012194485697,-0.0420159980512391,0.905377698886457
155,1885,"s14","m2",0.420343523499282,0.522911193387073,-0.0611509349864043,-0.0814471711220361,0.477248105737245
156,1902,"s14","m2",0.41652532301204,0.534768166860065,-0.0870782987904677,-0.0643108066372514,0.42874966387755
157,1933,"s14","m2",0.442633109081347,0.576967023965423,-0.0763094340895592,-0.00829791443210272,0.281593134977371
158,1948,"s14","m2",0.495717130753252,0.651342454447346,0.0124111190331344,-0.0452720550465433,-0.0454697015361969
159,1957,"s14","m2",0.303728741011915,0.519275507331811,-0.214890806233918,-0.0421209753418236,1.21883713967883
160,1969,"s14","m2",0.354690146038676,0.525787257488211,-0.195301905950843,-0.0174167445494516,0.556600841610538
161,1975,"s14","m2",0.489710205486029,0.615568055267784,-0.0379288316160535,-0.0246653216920688,-0.0707381718711746
162,1987,"s14","m2",0.492098215658334,0.592919447724202,-0.0730379830071581,-0.101967771642706,0.0612306902237615
163,1989,"s14","m2",0.499644754355728,0.59594875883345,-0.100063835455806,0.000493536976790365,-0.152601559584723
164,2020,"s14","m2",0.277730168558497,0.375165356073587,-0.303459275524703,-0.387300302318655,1.4735056030099
165,2022,"s14","m2",0.658910400759227,0.628221574790685,0.141969182911285,-0.0594509293520006,-0.542574061645143
166,2025,"s14","m2",0.515059836403305,0.590724825608794,-0.0559360420015112,-0.0419116607170301,-0.278888029162204
167,2033,"s14","m2",0.486814890105813,0.617283949792929,-0.044040532893515,0.0836410417459537,0.0645191560430371
168,2035,"s14","m2",0.39177545396064,0.543466049700766,-0.115191601932143,-0.0910478015309087,0.664893001541292
169,2047,"s14","m2",0.320917174152671,0.479786472522664,-0.15842559484151,-0.144422595343809,0.887410176587495
170,2057,"s14","m2",0.437520154463144,0.531319833835922,-0.0177291856020787,-0.0558143597312845,0.104455034838529
171,2063,"s14","m2",0.398959316502476,0.609329394797981,0.0221581322353385,-0.00172679667922931,0.35921246016489
172,2064,"s14","m2",0.267217330083416,0.518609098700997,-0.417773550633651,-0.113382308259989,0.78518893374731
173,2075,"s14","m2",0.53223217693151,0.542269845738489,0.0711545860106128,-0.0474021389345543,-0.407574868853489
174,2076,"s14","m2",0.329419348720273,0.574720215402346,-0.159269337253821,-0.0450307025905653,0.526998200887891
175,2078,"s14","m2",0.540828716517367,0.66255027470567,0.0924376601441462,0.042961582986007,-0.175176770829217
176,2084,"s14","m2",0.296466507882091,0.369857560723683,-0.32239258159541,-0.424647049771566,1.12270286135531
177,2096,"s14","m2",0.402281510873374,0.649837982232583,-0.219865497541234,0.0527535008020193,0.039862134362388
178,2108,"s14","m2",0.371769948618553,0.547215301550713,-0.0162319536964821,-0.0385238244196957,0.546230388613369
179,2116,"s14","m2",0.439125258796334,0.601355520050711,-0.145202310687603,-0.0477083704572144,-0.239472059696616
180,2144,"s14","m2",0.436151772957475,0.530288365944039,-0.0149737807831483,-0.184231332301401,0.151412471855322
181,2149,"s14","m2",0.252023607281821,0.460837549369859,-0.468817916318147,-0.136302028537172,0.966888037282584
182,2153,"s14","m2",0.482725977036885,0.62997539763082,-0.0126907464768804,-0.0123792771961417,-0.0163827544819964
183,2157,"s14","m2",0.419093319807267,0.640616850783497,-0.10339099372085,0.0360738277897826,0.230268594617028
184,2166,"s14","m2",0.428347208936666,0.614651763611601,-0.177633113370034,0.055034591828371,-0.334674059826971
185,2171,"s14","m2",0.312448554018292,0.496569108536508,-0.216666671676564,-0.148798817654753,1.10078899853178
186,2189,"s14","m2",0.419130322985502,0.580011411956064,-0.0333222560531595,-0.136781569263488,0.0318549706661488
187,2202,"s14","m2",0.259825939362979,0.457038761356032,-0.170926555278425,0.0547273625694225,1.15528334650316
188,2214,"s14","m2",0.439738124082847,0.619068061476817,-0.166493427874301,-0.053552584750519,-0.0943232791480671
189,2219,"s14","m2",0.375721013606426,0.509317448723029,-0.157373249525904,-0.143803993955656,0.197275864829385
190,2233,"s14","m2",0.410952169657917,0.54948357589406,-0.147137961937318,-0.0381647821456869,0.337283567020321
191,2235,"s14","m2",0.566292466823665,0.622264293417652,0.0924848461160722,-0.0568894140063059,-0.797965166788953
192,2247,"s14","m2",0.341308527841089,0.47044616633972,-0.279184370438095,-0.285438493188455,0.585728737737346
193,2252,"s14","m2",0.456070159743126,0.629707535696466,-0.172158579697576,0.0673041547219637,-0.167492748597368
194,2253,"s14","m2",0.454957015339699,0.608775182559329,0.0271440984117593,-0.031549405382466,0.0142323596774474
195,2262,"s14","m2",0.522421626155243,0.671610998286707,0.0067812066800253,0.0278443428763463,-0.166464857686516
196,2265,"s14","m2",0.345367402776737,0.537967903684928,-0.204953530048094,-0.060834620207872,0.35990858401023
197,2285,"s14","m2",0.385822783246488,0.56980387976019,-0.0763051946582502,-0.0262183104669945,0.271867904102919
198,2289,"s14","m2",0.539626607611595,0.597288095640133,0.0671195560684435,-0.0750232392489571,-0.397418603395663
199,2294,"s14","m2",0.382667269699981,0.569711626955134,-0.17514135115774,-0.0293841485684336,0.330762025136372
200,2322,"s14","m2",0.547576149215801,0.616538670050223,0.0637223841273296,-0.0529330935170836,-0.222694912969997
201,2331,"s14","m2",0.41075135180134,0.49923337367691,-0.0773904381141284,-0.188295263486479,0.190353214590097
202,2339,"s14","m2",0.401435783977759,0.549487773832231,-0.115907563041112,-0.195062333486069,0.19071012686573
203,2341,"s14","m2",0.490670106050864,0.622397669706738,-0.0150406865194238,-0.0353467778468298,0.067168692136839
204,2346,"s14","m2",0.33510807775181,0.529826666591218,-0.206364858327872,0.00948513992176992,0.525987335178257
205,2354,"s14","m2",0.440865334635396,0.638420626420393,-0.0142525518057536,-0.0434485951778906,-0.139683589151903
206,2369,"s14","m2",0.494113931080913,0.590051774555883,-0.0228069766240102,-0.0354239727684697,-0.333274000134917
207,2389,"s14","m2",0.364681384461547,0.491314370384961,-0.181590283248609,-0.174636329015768,0.674667145968572
208,2396,"s14","m2",0.459494670911306,0.562459861614034,-0.0292100103311615,-0.110751563603049,0.0817947086110312
209,2400,"s14","m2",0.488966838425151,0.528743101062449,0.0413399879925204,-0.166955803592386,0.186855439186485
210,2416,"s14","m2",0.556437395723897,0.672465461176659,0.138562706539329,-0.00242708507880948,-0.0270477853215719
211,2417,"s14","m2",0.353108425973693,0.594736244157932,-0.163103218921817,-0.119816928214745,0.500568371346283
212,2432,"s14","m2",0.394110292671665,0.58939165304995,-0.200274026411828,-0.0721327432521503,0.175639461306364
213,2442,"s14","m2",0.46954595008909,0.637597086308592,-0.0362475956485345,0.0983977708062737,-0.032136603320078
214,2454,"s14","m2",0.431972830146305,0.529698106088801,-0.16497986142202,-0.260878045517324,0.179458830693072
215,2459,"s14","m2",0.411463942008175,0.566779691039279,-0.151409411293788,0.00581513561369483,0.490676915525849
216,2465,"s14","m2",0.535872002711768,0.618900073759208,-0.0516652870286121,-0.0708486044750259,-0.368289133977896
217,2474,"s14","m2",0.273360931735222,0.533542252982891,-0.24797295025196,-0.0937865720971523,0.776752576086887
218,2475,"s14","m2",0.344158222288206,0.553956769489267,-0.201777075772735,-0.0992414834690122,0.413587007530679
219,2493,"s14","m2",0.353347500003481,0.610337932358007,-0.222492705839926,-0.0123546763647769,0.314331534644268
220,2501,"s14","m2",0.282818497237787,0.472284948764881,-0.251453002600896,-0.218607825591914,0.45224488841
221,2505,"s14","m2",0.43292493783827,0.581937435079912,-0.0038663873550352,-0.0405844484038435,0.321454357880154
222,2509,"s14","m2",0.502366592135124,0.654784725681916,-0.0354901837087721,0.000210011993731817,-0.315103482868956
223,2510,"s14","m2",0.498419537484396,0.682482883226383,-0.00772128857180191,0.0891826200698348,-0.115827987649954
224,2520,"s14","m2",0.568248228284054,0.656606561416256,0.0449776017515796,0.0745245063895146,-0.42891649030846
225,2562,"s14","m2",0.497611609704631,0.692137076101868,-0.0344546877614896,0.12655837738666,-0.0156481160533051
226,2566,"s14","m2",0.419013915541409,0.491071587545518,-0.0745265228857337,-0.114954979121757,0.482933138841056
227,2578,"s14","m2",0.305014786552766,0.500226387904697,-0.275903881575656,-0.022427410564571,0.945629309746581
228,2584,"s14","m2",0.395623177018638,0.596768746014716,-0.236358422596091,0.029106799090849,0.327142492670367
229,2604,"s14","m2",0.402875641739833,0.539168696584357,-0.218017850127289,-0.131408234475745,-0.0246506115660213
230,2606,"s14","m2",0.398447922911523,0.546011637090631,-0.0268065249602089,-0.141714867822288,0.276203944722534
231,2609,"s14","m2",0.408636872566905,0.650489407661582,-0.148085571401596,0.0954520652976797,0.122915750949581
232,2620,"s14","m2",0.489228651431439,0.538390894709653,-0.0937657606069132,-0.21224174966774,0.146042228884554
233,2657,"s14","m2",0.370497298877469,0.622233041713463,-0.132988445990451,-0.0098748317952396,0.407478439702576
234,2658,"s14","m2",0.391451119860093,0.577638437449867,0.0181875779901317,-0.02098908584721,0.48826007271968
235,2663,"s14","m2",0.435543907856489,0.583775313615407,-0.167253408186413,0.045073855479932,0.215414350986782
236,2709,"s14","m2",0.499976842136544,0.638435318504073,0.0429358432059546,-9.35431146322351e-05,-0.153136110662282
237,2734,"s14","m2",0.476714305685906,0.672425290824428,0.0852379233732193,0.00262590023385335,-0.116996922088432
238,2744,"s14","m2",0.394410926524966,0.466094294631457,-0.212079908697398,-0.259161959475873,0.0913789136668643
239,2745,"s14","m2",0.451356466573056,0.660065624834085,-0.158523732523545,0.204984378180268,0.074655132796933
240,2750,"s14","m2",0.447985128940516,0.594096635088052,-0.134469107695282,-0.00963116694676362,0.334943043003688
241,2780,"s14","m2",0.468296001230835,0.492758499304235,-0.0454363653999924,-0.155946128780344,0.110212597740599
242,2795,"s14","m2",0.445178891511773,0.561055431563205,0.0374915291847998,-0.133851864221375,-0.0481889388695267
243,2815,"s14","m2",0.508877286567371,0.637466382199588,-0.134624777037392,-0.0350394579383253,-0.19820050070628
244,2818,"s14","m2",0.388653236060773,0.556531441114979,-0.00702857328919367,-0.00866527996818275,0.699221021971827
245,2857,"s14","m2",0.388506929382872,0.511290812365039,-0.174631971216541,-0.0136320284543496,0.297993766771866
246,2873,"s14","m2",0.369544822817794,0.517545019556857,-0.216678340324187,-0.207492318523671,0.55020601488454
247,2902,"s14","m2",0.388517907688562,0.552770954530676,-0.154414864890549,-0.0507045559598076,0.393906347121504
248,2904,"s14","m2",0.42437734461902,0.539059982306823,-0.0951886602506336,-0.059189658264193,0.343032783161742
249,2905,"s14","m2",0.352707358556422,0.586310686790814,-0.226969459149661,-0.0633173305149723,0.527089048836997
250,2913,"s14","m2",0.3592625729676,0.468719424460923,-0.143723270037916,-0.172461987585687,0.66713892562121
251,2928,"s14","m2",0.45403025992122,0.584082224439133,-0.0784933581292282,-0.0214399851279963,0.390819013991038
252,2934,"s14","m2",0.465263549889704,0.68571715096237,-0.0696528207147331,0.0993542560901668,0.00464370111702509
253,2948,"s14","m2",0.370503056884308,0.571229179075199,-0.120827306653456,0.0269189745652766,0.266206145300124
254,2950,"s14","m2",0.509593273746683,0.559668211164643,0.052809537545647,-0.125853472061782,0.056817875041103
255,2971,"s14","m2",0.332825976885766,0.518765643756552,-0.0954817555425989,-0.0573827502683187,0.81644555231298
256,2976,"s14","m2",0.497471406550912,0.646495734828616,-0.0130144043608844,0.00549526908425519,-0.582399744574603
257,2988,"s14","m2",0.419070299603351,0.613619599920346,0.0135661818805176,0.0851738595016798,0.586331823388186
258,3003,"s14","m2",0.653193576161057,0.729014600128057,0.179353664967752,0.0936379493143381,-0.781245512479022
259,3010,"s14","m2",0.434432627168122,0.694322702590115,-0.162107243763785,0.124442473300709,-0.299665828455281
260,3015,"s14","m2",0.450298864086915,0.580616819277413,-0.043163229780124,-0.0318560174183317,0.0846701987198969
261,3019,"s14","m2",0.499304417660013,0.582516462908281,-0.0210475115765411,-0.0737393739012593,0.488642077692374
262,3033,"s14","m2",0.399098490609486,0.549476986741508,-0.0478922252227763,-0.142764743682898,0.582169518451365
263,3035,"s14","m2",0.424067557857953,0.697940719591504,-0.36913572078388,0.105433655276863,-0.771965038497208
264,3043,"s14","m2",0.505061009933281,0.756254477195865,-0.150634548558825,0.167560183890964,-0.75088960997316
265,3070,"s14","m2",0.373944223156684,0.501651197242919,-0.157280677663374,-0.0377568893688741,0.611981962032309
266,3089,"s14","m2",0.419957573714218,0.637048439232955,-0.11590905673653,-0.0145777447438732,0.0362031069256122
267,3102,"s14","m2",0.409138765369738,0.582499987882923,-0.0999579339533604,-0.0542676256392675,0.286584013790604
268,3110,"s14","m2",0.451293701538374,0.757424865240363,-0.251550079072565,0.0954080580241831,-0.619768900513354
269,3115,"s14","m2",0.41998592895657,0.611276084662121,-0.0706490937877181,0.0133750132597376,0.318597550605702
270,3121,"s14","m2",0.401789024957624,0.625357577633348,-0.255781814287072,0.0780642098237801,0.207680690719653
271,3131,"s14","m2",0.377758745350322,0.548300337286794,-0.200346083883114,-0.10825931472372,0.482964149626145
272,3137,"s14","m2",0.311623003977487,0.517538820799969,-0.300019462328247,-0.139883495207088,0.63320004453116
273,3140,"s14","m2",0.439101599858508,0.538472444626118,-0.110638035889732,-0.009666695312332,0.319366251973097
274,3181,"s14","m2",0.460354842407977,0.521643354369885,0.0289591602977102,-0.19173088481584,0.03552625082254
275,3200,"s14","m2",0.388741596858135,0.487467215426758,-0.131798867500729,-0.35340002899829,0.460651677673885
276,3208,"s14","m2",0.481513561170852,0.535892249842421,-0.0556705212437875,-0.208411639873578,0.1552202983288
277,3226,"s14","m2",0.27694319403976,0.49169039637545,-0.332100472866171,-0.21875071872872,0.748175833208817
278,3231,"s14","m2",0.46998857261475,0.603659476863367,-0.0116518580123709,0.0273586069361353,0.24907123762098
279,3241,"s14","m2",0.318237280165912,0.520635051032579,-0.241755864247701,-0.139754220946402,0.774004734207277
280,3244,"s14","m2",0.452385795310926,0.540344615343243,0.0101115215566252,-0.095097474947168,0.250703022765722
281,3260,"s14","m2",0.374475192935062,0.583242578460529,-0.226756647811284,-0.00959877576856833,0.415541156443113
282,3269,"s14","m2",0.494573992370764,0.632371271484462,-0.0867047383087625,-0.00878587791672951,-0.737393474922855
283,3272,"s14","m2",0.416568602562849,0.611704945021859,-0.0397949888206459,0.0398765250610386,0.551682909516896
284,3286,"s14","m2",0.318250113448201,0.511975291282297,-0.341968796049206,-0.217601770811473,0.679279061061392
285,3322,"s14","m2",0.385020122612288,0.587707777771003,-0.150562912273615,-0.091364286146111,-0.204934861459277
286,3344,"s14","m2",0.286167196313769,0.531056181835698,-0.394855104485253,-0.106539506190071,0.611440110324818
287,3379,"s14","m2",0.484897134009779,0.571394903000132,-0.0294416087872301,-0.0769850314879666,0.201225316512723
288,3382,"s14","m2",0.383136040117624,0.58539903813622,-0.192955825485568,-0.0501406787256209,0.317522852589855
289,3406,"s14","m2",0.566523172061316,0.660548944871077,0.0147170926782283,0.0279295725616292,-0.382549121405675
290,3411,"s14","m2",0.401853205985583,0.546648828983601,-0.111137306084338,-0.0302210297096846,0.616551047310609
291,3425,"s14","m2",0.43057709275462,0.696644655225257,-0.178579718922965,0.131701821151246,0.0254773483328331
292,3428,"s14","m2",0.398104339593148,0.559638348270371,-0.185071369551865,-0.0143551252468019,0.42999133813121
293,3452,"s14","m2",0.509463573221255,0.673361021733472,-0.0161941538382361,0.0517081710578387,0.0178899082506568
294,3457,"s14","m2",0.381276579958392,0.514709353196909,-0.197816952576432,-0.121896376221301,0.403109308544228
295,3475,"s14","m2",0.334057082259059,0.581140483890886,-0.315309204465081,-0.0355063516139311,0.331809299920147
296,3479,"s14","m2",0.434978323323899,0.501894518423085,0.00112672551511008,-0.128524671729492,0.344018081863704
297,3481,"s14","m2",0.394883997605596,0.621924466838773,-0.123656719323392,0.0214223297869515,0.274000242169005
298,3512,"s14","m2",0.502845059366916,0.598755779637554,-0.00310787912597901,0.0391875371862294,-0.406891579514566
299,3559,"s14","m2",0.314214557203229,0.427172315668281,-0.298132226578373,-0.358198503035243,0.754869270928935
300,3562,"s14","m2",0.346655425849711,0.533437476785933,-0.183448610123047,-0.17253665665471,0.408504841788873
301,3606,"s14","m2",0.371682489842883,0.581048161280663,-0.232897769850759,-0.0150069171101076,0.0766171350994627
302,3611,"s14","m2",0.347062640128276,0.543734974175165,-0.369349853966034,-0.0134711075869808,0.361031285211022
303,3615,"s14","m2",0.413401552102749,0.605802132924705,-0.15027404801339,0.0444045865729392,0.416055062853931
304,3654,"s14","m2",0.429296601427943,0.640838775987704,-0.142068132567398,0.0334256688977142,0.217718854413533
305,3656,"s14","m2",0.449306531937107,0.552629030727589,-0.0263359615461736,-0.0629246804387942,-0.0990259390679585
306,3657,"s14","m2",0.385330632519211,0.552334278988839,-0.134425968444073,-0.120970227075675,0.130622825836908
307,3681,"s14","m2",0.320286480787885,0.486628099152307,-0.207053913352261,-0.153327216228286,0.76462193319294
308,3685,"s14","m2",0.392992732687963,0.532604202727867,-0.19383112578765,-0.178968145778633,0.124106925071439
309,3692,"s14","m2",0.402608942609227,0.586213490191317,-0.0459987045079992,-0.0504753365060151,0.0765241830927322
310,3722,"s14","m2",0.510373505704176,0.644293750859426,-0.0778278925995845,0.0463418172941286,-0.523495076465586
311,3739,"s14","m2",0.444240719286771,0.578620032569895,-0.124285023794063,0.0053342114434184,0.24470599491962
312,3740,"s14","m2",0.492922472408514,0.642879938920673,-0.0198675624539273,-0.0240889589783236,-0.34104501729954
313,3768,"s14","m2",0.443686210483486,0.589752105897408,-0.0890813401008154,-0.00280057658246815,0.309995140583686
314,3769,"s14","m2",0.329117380563775,0.496293610422587,-0.193377261419221,-0.163436937536978,0.848242924867489
315,3793,"s14","m2",0.328569832857372,0.46803439836167,-0.239196073902297,-0.0890143257196369,0.961043192700544
316,3816,"s14","m2",0.444062999404838,0.604442320126632,-0.227267689836281,-0.10383877137338,-0.162576073147858
317,3827,"s14","m2",0.420310985457564,0.608261270482888,-0.156281582801267,-0.0327545692975113,0.104641422447489
318,3857,"s14","m2",0.446948523017761,0.55375377125629,-0.0958308012740298,-0.0202262313022942,0.351181634067458
319,3862,"s14","m2",0.474701444876678,0.614167089375507,0.0324290985921026,0.0254122022269568,0.0970456666023065
320,3863,"s14","m2",0.452155222199969,0.628514711050783,-0.143384600934423,0.012626062041279,-0.212401474380823
321,3879,"s14","m2",0.370975854025644,0.521165824396876,-0.161156218245321,-0.0440002486536772,0.283580197924271
322,3881,"s14","m2",0.327023723543206,0.63696335404862,-0.207839999337126,0.0131841934501875,0.210331514680954
323,3883,"s14","m2",0.425879430867713,0.548245717263899,-0.141759888092329,-0.046571900673559,0.271651457770131
324,3887,"s14","m2",0.411455900772454,0.616022532735428,-0.212236459658663,-0.0225612639597246,-0.00798136580332212
325,3926,"s14","m2",0.438544223503719,0.677198278787149,-0.15469431305119,0.16438968694504,-0.050802075384747
326,3930,"s14","m2",0.453476849897517,0.67676903537597,-0.0813908124634375,0.0823795158021134,-0.154556005655563
327,3950,"s14","m2",0.448515834112956,0.57455093422726,-0.155425164735214,-0.0126123840416113,0.0898810717983831
328,3958,"s14","m2",0.394892039661702,0.588333594835259,-0.174414103208599,-0.157944825764028,-0.0138123955399098
329,3961,"s14","m2",0.47014779360567,0.52981785525879,-0.00855810985738134,-0.189060013919306,-0.102722566860853
330,3978,"s14","m2",0.418304838878756,0.561967412848975,-0.199507919419098,-0.0735647420113743,0.6521531842794
331,3981,"s14","m2",0.396357311322344,0.55741747521101,-0.144800518798719,-0.0926330023679408,0.0925565602823777
332,3984,"s14","m2",0.394196531239001,0.536299411553459,-0.205072909031305,-0.0370963200027747,0.443013167604242
333,3990,"s14","m2",0.463706504773221,0.599904877118858,0.0513309728939342,-0.06756954539001,0.462577320818142
334,3994,"s14","m2",0.394106267194663,0.593073476734714,-0.133115505426038,0.00837699968206231,0.241484794349503
335,3997,"s14","m2",0.516383770797706,0.632215576277167,-0.0472059947303265,-0.0272256043503019,-0.196238205259138
336,4000,"s14","m2",0.345684429383588,0.514696380897865,-0.189168845159157,-0.0678322910266772,0.734679649015134
337,4003,"s14","m2",0.489535396832217,0.638106827795163,-0.0189919616768112,-0.0645687398021366,-0.536214642153054
338,4041,"s14","m2",0.412100663317438,0.520985300213384,-0.0326175441459752,-0.0459684690211965,0.642796743324778
339,4057,"s14","m2",0.317915579664337,0.534512448903615,-0.19966543210461,-0.124068546252177,0.367060397604862
340,4069,"s14","m2",0.37637344376434,0.528712628973676,-0.198750486668939,-0.0226883392417492,0.50399194397956
341,4089,"s14","m2",0.468537335651493,0.609847520775564,-0.0770711158362842,0.0104994086650723,0.0940572071489344
342,4105,"s14","m2",0.42069667484282,0.605420160720996,-0.245282558544675,0.0614309860322572,0.0764405969420369
343,4118,"s14","m2",0.59762327910256,0.696419322345612,0.175020482929605,0.100500421625729,-0.593765037672638
344,4145,"s14","m2",0.416989114291506,0.594501391261678,-0.166098675225989,0.0295278775378519,0.369142348161405
345,4162,"s14","m2",0.411693752892,0.572069191552565,-0.107903347120041,-0.156082012822783,0.0422547507766454
346,4185,"s14","m2",0.364405633823506,0.533746184138338,-0.15911494473601,-0.0920835646212513,0.656197424739899
347,4186,"s14","m2",0.564061264761648,0.658229823769395,0.0521151239806759,-0.0195067899206714,-0.578641844060354
348,4197,"s14","m2",0.40332292792338,0.670180334021005,-0.0911278075065202,0.0754695504393843,0.19986358998209
349,4205,"s14","m2",0.364263127886224,0.503872065369712,-0.216067907090855,-0.222195051392686,0.357900510536075
350,4213,"s14","m2",0.496186413067888,0.595244869201896,-0.00117446687879688,-0.0626961034627861,0.115105795024046
351,4226,"s14","m2",0.390786058160231,0.524993208840912,-0.0759947523012475,-0.0703114766605279,0.370085495284246
352,4234,"s14","m2",0.418414510928668,0.485138747958617,-0.0768692426599712,-0.245019406702801,0.129141224024174
353,4238,"s14","m2",0.415561091927914,0.520660114117164,-0.118357026811614,-0.203281275455722,0.358726385130509
354,4258,"s14","m2",0.606248286986152,0.609614189241275,0.0278525658953092,-0.0755287391029746,-0.51314415304862
355,4262,"s14","m2",0.435160498100883,0.642530224437116,-0.010755688945747,-0.0291249233807435,0.221364451542704
356,4266,"s14","m2",0.521389260093756,0.652062046514696,0.0194799494892497,-0.0775583348981746,-0.136722198037367
357,4269,"s14","m2",0.538436320023241,0.712949858948411,-0.0775740614363842,0.123210867517298,-0.39689077060614
358,4274,"s14","m2",0.33621169406894,0.525665274687708,-0.234993202916145,-0.112453799748201,0.687875854173433
359,4296,"s14","m2",0.328261551581019,0.560986922920394,-0.160020147626776,-0.0821441050578046,0.686812897297822
360,4300,"s14","m2",0.576532593735301,0.654993793654491,0.177214774126255,-0.0458105342970937,-0.465140709783144
361,4305,"s14","m2",0.409997586967529,0.507913196232753,-0.113231573997977,-0.129671064211464,0.160390940818748
362,4309,"s14","m2",0.465045635761185,0.578241880147959,0.0419433111447602,-0.00900342228669631,0.151373254261
363,4332,"s14","m2",0.373486995715731,0.582137836258971,-0.0778840076254806,-0.0912059029386456,0.504237284473195
364,4342,"s14","m2",0.456470613646393,0.560479615678724,-0.0166435074183991,-0.0590930476705299,0.173585638564116
365,4343,"s14","m2",0.588443665506888,0.627442708086083,0.0560015854993577,-0.0126108451846502,-0.915850749891122
366,4352,"s14","m2",0.401206896062354,0.524688169927016,-0.0924683806774858,-0.155483507248545,0.694855785893453
367,4360,"s14","m2",0.377747521794535,0.566997910141939,-0.189126081595963,-0.025874444754339,0.625140855558674
368,4361,"s14","m2",0.292357637530568,0.619672173079271,-0.324107818717958,0.0537416486243812,0.688363088375679
369,4379,"s14","m2",0.268434442612079,0.512232516877661,-0.25000591146407,0.0145439482800667,0.9563909311043
370,4383,"s14","m2",0.234803343209951,0.440963156611882,-0.314150036112854,-0.0481882268161863,1.49269879406308
371,4392,"s14","m2",0.406992759007822,0.576734210980044,-0.0387090668598797,-0.00492372285507865,0.259946240336862
372,4408,"s14","m2",0.635162161127379,0.73483451701976,0.169291606995186,0.12082057209412,-1.33000801200253
373,4427,"s14","m2",0.477532476805378,0.62838978402782,-0.0304794327171262,0.00898406316612709,0.208777879608284
374,4436,"s14","m2",0.63621813232004,0.706177951364724,0.0646916357325302,0.0533381678141018,-0.892288015202485
375,4450,"s14","m2",0.538542202055389,0.549594016500641,-0.0289670331774871,-0.264231029162538,-0.287483475747596
376,4477,"s14","m2",0.481235824568335,0.617002229120771,-0.164249690828104,-0.0529956995932596,-0.283080975507097
377,4484,"s14","m2",0.383611857868921,0.433579931154856,0.0163329950676406,-0.300811135657809,0.585158072047515
378,4488,"s14","m2",0.460008742897737,0.546726403968443,-0.095558394765899,-0.0237790662953336,0.0451467317622549
379,4491,"s14","m2",0.377050857406698,0.660053643988246,-0.154596908768174,0.0983586768710119,0.271863820432202
380,4495,"s14","m2",0.44747998034806,0.620615588001607,-0.104114811335842,-0.0242686322907437,-0.156082296510189
381,4498,"s14","m2",0.416662559650603,0.648424452348206,-0.196070029240314,0.0624527494909885,0.369635886965544
382,4504,"s14","m2",0.43013636227644,0.562468777765855,-0.00710065185824315,-0.0935514112449762,0.185173083544043
383,4528,"s14","m2",0.413860207647778,0.580048767089669,-0.0540468264543261,-0.122001854470564,0.241091373602756
384,4542,"s14","m2",0.3747455113605,0.451709855043587,-0.112297846823478,-0.0899985673776652,0.855298095115577
385,4556,"s14","m2",0.425091275581886,0.436313585919694,-0.0978380883481011,-0.203757217969413,0.576504621888824
386,4564,"s14","m2",0.438560372040677,0.623541709498456,-0.166814794315609,0.00595957565153956,-0.134369225070219
387,4575,"s14","m2",0.545060898050701,0.65230605763666,0.0851468011672173,-0.071872819952449,-0.723514857564325
388,4576,"s14","m2",0.405296125403312,0.588881156529408,-0.153785957651422,0.0257547250269574,0.158771316418954
389,4591,"s14","m2",0.469685154235781,0.616286358689075,-0.0792401680460278,0.0859201134096691,-0.0493341614916508
390,4592,"s14","m2",0.498704217019767,0.693730968424755,-8.7262734854883e-09,0.12451564478449,-0.15581968756298
391,4600,"s14","m2",0.348953977167329,0.491089600272971,-0.307746635685888,-0.0274010736460941,0.60611756670704
392,4603,"s14","m2",0.464029846547366,0.645823881157521,-0.0930560629884858,0.0996078355216373,-0.104671006327717
393,4604,"s14","m2",0.490570830399378,0.660336097038309,0.0105298170803644,0.0455345347975397,-0.0588106739776958
394,4605,"s14","m2",0.520084331453325,0.669292897348157,-0.0226516738809968,0.0198947797539394,-0.574949858053767
395,4607,"s14","m2",0.395925471300601,0.585214159023934,-0.00125449124029865,-0.00683128132756589,0.552191711069751
396,4614,"s14","m2",0.403834926240239,0.564012762610989,-0.238216118158689,0.00860926237265226,0.129305474693544
397,4621,"s14","m2",0.353337219604373,0.543706780267577,-0.148940677337401,-0.11687506199748,0.490274754866938
398,4626,"s14","m2",0.433908452423211,0.656236046156319,-0.0922788130802857,0.0693804631353947,0.307216206460866
399,4640,"s14","m2",0.384798222655044,0.594594780743783,-0.0765975553291923,0.0614896603397411,0.284958536498517
400,4643,"s14","m2",0.374624911870133,0.543059640732307,-0.118114096954044,-0.0707622891614162,0.50748622549481
401,4647,"s14","m2",0.466550755279514,0.526536999295524,-0.106233103549809,-0.191485611855222,-0.0373850375431834
402,4649,"s14","m2",0.34777722208959,0.56434575317669,-0.173118129848477,-0.0365984685379577,0.194612128958006
403,4678,"s14","m2",0.474417913194944,0.683065850452782,-0.144227938605231,0.0968499339629873,-0.0253466340175255
404,4692,"s14","m2",0.436050586892853,0.456642042718231,-0.124523388266256,-0.191547108595451,0.740604515288495
405,4701,"s14","m2",0.423867063672542,0.630704646863579,-0.108252876232463,-0.00720820531125465,-0.232874068660065
406,4703,"s14","m2",0.446649495009597,0.588087484535454,-0.0329812785965122,0.0296878813283162,0.107911194367491
407,4709,"s14","m2",0.485002766802285,0.638431034210329,-0.031318777029152,0.101483365651994,-0.273962103940623
408,4712,"s14","m2",0.426478547827813,0.625711525860789,-0.180059455736124,0.0221386521184037,0.104501349977057
409,4718,"s14","m2",0.435495236239391,0.672482506859988,-0.0277759379194395,0.174761817041,0.0139052156001216
410,4722,"s14","m2",0.454761863892007,0.610973723971414,-0.0451646559887298,0.0169407109491392,0.433130980712279
411,4728,"s14","m2",0.488377530030832,0.588227366985799,0.0227844983689644,-0.114884496512749,-0.0654268494742804
412,4739,"s14","m2",0.503699434890527,0.569546180739763,-0.0156032348750414,-0.157546924347042,0.0401138861845488
413,4744,"s14","m2",0.447761986222812,0.46558687512657,-0.0783244205142024,-0.425127045490999,0.651731863947192
414,4747,"s14","m2",0.395651602261191,0.594602404481239,-0.257391469675959,-0.0606011990078177,-0.205083547494769
415,4759,"s14","m2",0.565477528915769,0.612182077727792,0.0228458831344456,0.0390219450782836,-0.197776155266923
416,4765,"s14","m2",0.414704677177195,0.503986606360863,-0.164606767858891,-0.194046719363947,0.349984585718296
417,4772,"s14","m2",0.473298562285455,0.61473522645271,-0.0924087639373058,-0.00332042473060423,-0.0210343742955158
418,4791,"s14","m2",0.369469883741475,0.499797632597436,-0.199546506325267,-0.201933912880218,0.541716153823579
419,4796,"s14","m2",0.462767954026051,0.506430702481203,0.0570548696994814,-0.0663003483889563,0.373983744978585
420,4811,"s14","m2",0.511957719434427,0.654843404059572,-0.0438848083644313,0.0668113161053369,-0.133585887822088
421,4826,"s14","m2",0.429722197085301,0.656036701293918,-0.169753708639721,0.060647923301414,-0.126661167997097
422,4875,"s14","m2",0.402838597806929,0.558063127207108,-0.0182475201017171,0.064181911442153,0.601107885572515
423,4880,"s14","m2",0.319884269577043,0.532664636032212,-0.146613401656789,0.0271487463965346,0.814985451341448
424,4888,"s14","m2",0.452142031607093,0.612800598654875,-0.0821571692044499,0.0366694335442759,0.0859806267259865
425,4930,"s14","m2",0.469628884773435,0.590307278851825,0.0501564018752579,0.0193312079866654,0.125769050807046
426,4931,"s14","m2",0.352264769135633,0.51867006143705,-0.239053977044249,-0.0142146130238246,0.660775171708821
427,4940,"s14","m2",0.264646452159207,0.484832404329356,-0.127390777220233,-0.0189053438435596,1.19338219946195
428,4983,"s14","m2",0.384498845759965,0.563324109873222,-0.132675202246277,-0.11061633264724,0.0541335450871409
429,5045,"s14","m2",0.436100482659031,0.502403778144286,-0.206706246299507,-0.0827898781229146,0.365683219894348
430,5080,"s14","m2",0.382943509365343,0.571508164925968,-0.161896323956567,-0.0993529354209184,0.486132699613893
431,5084,"s14","m2",0.376039092963988,0.608352169686012,-0.162413039804851,-0.0102265595723918,0.634681342860014
432,5089,"s14","m2",0.34114831926506,0.633970924080767,-0.18841997507747,-0.0594509914907067,0.469079236719133
433,5097,"s14","m2",0.399216112464919,0.560312728123772,-0.0973318400740872,-0.0479119344560739,0.551176579096817
434,5119,"s14","m2",0.362210262035537,0.545833103666738,-0.166970720841829,-0.167666997997113,0.0537045181960065
435,5120,"s14","m2",0.447180568830638,0.587483650585369,-0.126091857001393,-0.0617313303868452,0.237182289843413
436,5124,"s14","m2",0.39409425098181,0.65160892856554,-0.192403342597942,0.0231128411890871,-0.208430770146226
437,5132,"s14","m2",0.425157100466241,0.643004039462745,-0.0689886383298739,0.0483442071327565,0.0532069873861045
438,5136,"s14","m2",0.43492419418947,0.554346947194433,-0.118608967785624,-0.0471470051882175,-0.242427220160456
439,5142,"s14","m2",0.349516907704884,0.577869418705949,-0.229925606488609,-0.0173169870946272,0.58656054466242
440,5152,"s14","m2",0.362670513306781,0.590619056847673,-0.180319992398763,0.0702648812664765,0.496556796272167
441,5173,"s14","m2",0.38261350418045,0.545741121132388,-0.139917257917446,-0.109717621057836,0.617531233580896
442,5185,"s14","m2",0.49899390156415,0.597074225896696,0.0129055695631453,-0.0276328262735077,-0.060868491991997
443,5188,"s14","m2",0.365342529321659,0.581882616752233,-0.196634094790146,0.0288108887861547,0.160484228669573
444,5190,"s14","m2",0.424073860443359,0.576264657215272,-0.154102780332844,-0.0306190422697129,0.267424553221115
445,5191,"s14","m2",0.309288573049909,0.431700623415723,-0.136823831447095,-0.220361833158952,1.14793452065667
446,5226,"s14","m2",0.379284338116766,0.49762110304447,-0.1647540011393,-0.118762339837879,0.727406665059199
447,5245,"s14","m2",0.425502897970291,0.502070037832817,-0.0648295961542981,-0.0296120749255892,0.672086973887648
448,5246,"s14","m2",0.409678090829155,0.600843521088329,-0.00143020002073574,-0.0596354526581082,0.662702110573895
449,5255,"s14","m2",0.546409042168858,0.709581270626086,-0.107247782910149,0.0499717833005757,-0.829690356393173
450,5268,"s14","m2",0.437323154688176,0.583605581990057,-0.104878932176648,-0.0179963442051494,0.0630040067017125
451,5301,"s14","m2",0.339966193975339,0.475693853213134,-0.264812415030063,-0.145116239955564,0.755269818784798
452,5303,"s14","m2",0.384241023769527,0.596454399239592,-0.158139541013173,-0.00682516887104942,0.307852998849403
453,5311,"s14","m2",0.323018713189326,0.476162285724517,-0.208678884506259,-0.142783461227405,0.811196642090971
454,5319,"s14","m2",0.447252857090342,0.491338978675073,-0.0653780515641497,-0.356933641115577,0.181478206519158
455,5329,"s14","m2",0.41630033697046,0.570061692800035,-0.0703059702556681,-0.0670073383208405,0.0872748925468764
456,5332,"s14","m2",0.417593616251228,0.599352164607187,-0.0576910728443764,-0.00358115390533346,0.282970911573716
457,5340,"s14","m2",0.439226197556559,0.516642973478966,-0.128556464411506,-0.126271718428763,0.174612462431093
458,5348,"s14","m2",0.288606832078938,0.604259001251572,-0.26854523722323,0.0221124615941684,0.812745903276304
459,5362,"s14","m2",0.428612654815494,0.57523236440871,-0.0335129206905589,-0.0327221931384186,0.502045056742032
460,5380,"s14","m2",0.452326353675782,0.556533683850934,0.0699150892780851,-0.0803053401773965,0.596585329633795
461,5400,"s14","m2",0.520345100992465,0.647231524209474,0.0399678396028493,0.0448401194660518,-0.0590516178978368
462,5408,"s14","m2",0.47883295125427,0.528869124881628,-0.00548095332492391,-0.173508163127923,0.124505233602787
463,5463,"s14","m2",0.421534609896891,0.606180635096917,-0.150876924137935,-0.209108212349421,0.107417756718526
464,5483,"s14","m2",0.459173596357562,0.497657565728769,-0.0298708870439119,-0.121905098292143,0.52061050830877
465,5506,"s14","m2",0.47516250391963,0.636315922825016,-0.0827698630447665,0.0273810598984481,0.00181353049703725
466,5515,"s14","m2",0.430142054697087,0.654904102558244,0.0101471622675257,0.0854689915530169,0.191666365248424
467,5535,"s14","m2",0.456372121102301,0.628814891285863,-0.048746360011868,0.000927880821474993,0.100938623139769
468,5545,"s14","m2",0.543566644152178,0.783766747121173,-0.0539143833107098,0.160386356800147,-0.602846041757719
469,5554,"s14","m2",0.469844117281765,0.597129007287595,-0.00557815802194166,-0.0902223575907995,-0.263946545020808
470,5564,"s14","m2",0.390136425083753,0.568150379295334,-0.132600626334401,-0.0858256176272677,0.465376804904437
471,5571,"s14","m2",0.402549384980561,0.49756689323926,-0.129913080770128,-0.295165742353876,0.566463632383837
472,5595,"s14","m2",0.556623798786408,0.47344112323559,0.0595026840546944,-0.321611161912783,-0.0339486189110545
473,5597,"s14","m2",0.400255353305348,0.570484739364668,-0.151162159446155,-0.0994017978768448,-0.129989301766885
474,5604,"s14","m2",0.646917217709496,0.750404334513349,0.15075700188793,0.0631710249589683,-1.67575840414357
475,5611,"s14","m2",0.30181152770486,0.605638522701892,-0.210554577827267,0.0614402096350903,0.515404467313837
476,5617,"s14","m2",0.269091365458791,0.514279203012982,-0.150000770236359,-0.13544174021077,0.94499660895547
477,5622,"s14","m2",0.331212265455613,0.698619157365399,-0.284792426972948,0.145527649627562,-0.0483690110160342
478,5632,"s14","m2",0.401188079569113,0.687825313505466,-0.242097900619611,-0.00206255060098237,-0.378404565068805
479,5645,"s14","m2",0.359175520663954,0.560088883219211,-0.167945128014135,-0.095727406093074,0.602736608305322
480,5649,"s14","m2",0.351495951056027,0.531661648029009,-0.0496225816984528,-0.116411217643629,0.52628182723282
481,5667,"s14","m2",0.420914422008779,0.62067759588366,-0.121703672869506,0.0817777185927282,0.0346681981930186
482,5670,"s14","m2",0.461977532498575,0.612667549142108,-0.065206611472136,-0.0855699938664488,-0.0148426808958749
483,5699,"s14","m2",0.381815081276858,0.578387374321243,-0.265341750059893,0.0140607379679356,0.495762110055372
484,5705,"s14","m2",0.309198793867974,0.492115099271723,-0.225927082353344,-0.175635201610953,0.572201636302756
485,5708,"s14","m2",0.416579725878461,0.555323301338631,-0.0982223638289852,-0.159606629066584,0.350754812823638
486,5710,"s14","m2",0.421512379442906,0.604699623081383,-0.086711621454678,0.0265617550273618,0.319000511749627
487,5723,"s14","m2",0.289318609228299,0.465860363064073,-0.431983221374586,-0.241209235892825,1.04161837473779
488,5735,"s14","m2",0.36139412893518,0.499472000052584,-0.20593689292431,-0.127546118208837,0.489813816013379
489,5741,"s14","m2",0.472475810662163,0.443229102645773,0.0687668529631565,-0.260372918291239,0.379007036110177
490,5743,"s14","m2",0.391372279195628,0.570364295751273,-0.154722695386045,-0.0396789190576757,0.140755546930851
491,5749,"s14","m2",0.433373312502254,0.653127592154996,-0.0714518530453655,0.0722016405396285,0.0154432672233037
492,5754,"s14","m2",0.599827125596005,0.681692971760877,0.0735760873759319,0.0497546649264423,-0.928678141281734
493,5759,"s14","m2",0.454586831613913,0.501173117066331,0.0317568389065895,-0.224958787301708,0.199782856787948
494,5761,"s14","m2",0.552838177388595,0.58265218092159,0.0724015350629083,-0.100259088855782,-0.173888160234187
495,5776,"s14","m2",0.422540459266168,0.638906469587211,-0.133678278373926,0.0321676531436367,0.121496482943589
496,5807,"s14","m2",0.384244955856131,0.55536165354589,-0.0841252827205957,-0.128678558532064,0.260785281819379
497,5811,"s14","m2",0.541686368429406,0.689870253167449,0.0999636571562109,-0.0244590497897715,-0.407679648817038
498,5831,"s14","m2",0.505238434733115,0.578934902244319,-0.0475213721448575,-0.07967371162331,-0.04458081558164
499,5850,"s14","m2",0.542597337847361,0.716651360825983,0.0223732569121545,0.0213942622854105,-1.19940842447534
500,5852,"s14","m2",0.658894988008822,0.728822245679955,0.211776779126019,0.015718755962932,-1.20421740724362
501,5871,"s14","m2",0.443982497944674,0.620216491177833,-0.065803240034221,0.00747636019862459,0.147468330956569
502,5889,"s14","m2",0.343998549493018,0.456350973304603,-0.0932887891211491,-0.145951203204215,0.640336187605153
503,5895,"s14","m2",0.26101747845027,0.359113884618196,-0.319741013961755,-0.425769496125339,1.39640534373636
504,5900,"s14","m2",0.392409155566348,0.533976234682713,-0.0532014045544358,-0.0445463229650459,0.051973732478383
505,5909,"s14","m2",0.495548364570248,0.691386860534741,-0.152529820289694,0.101653176601345,-0.434446825964408
506,5923,"s14","m2",0.395405422463073,0.63140470565688,-0.161816633155568,-0.077578632558553,-0.00886133051536787
507,5928,"s14","m2",0.425757132325064,0.49736374335938,-0.0671231417808892,-0.157182158061295,0.762915366991576
508,5941,"s14","m2",0.42962537864654,0.585348542438339,-0.0503940985070445,0.0148419503330203,0.164628260049851
509,5945,"s14","m2",0.423728109676815,0.60902304119394,-0.0304387361875002,0.0194584506298396,0.403529426749644
510,5956,"s14","m2",0.277690437399277,0.487610606069372,-0.180246241757463,-0.0530400551276679,0.876030870661995
511,5961,"s14","m2",0.426203165542359,0.582996962248695,-0.203216258286605,-0.0197370253960608,0.288539608391803
512,5984,"s14","m2",0.423882721326808,0.511676153251817,-0.0493379902832853,-0.0230481576150242,0.548987417441529
513,5997,"s14","m2",0.408964202312467,0.463478729636586,-0.09611943058957,-0.196076999355005,0.559143477615485
514,6010,"s14","m2",0.45220128510496,0.53821457211212,-0.00337908586044492,-0.00721492538823971,0.528153157353521
515,6019,"s14","m2",0.421045794478374,0.565747803650113,-0.132742378082563,-0.102037881979989,0.0277916814865134
516,6026,"s14","m2",0.451100821961352,0.620505369168188,0.016022889504923,7.73737668576732e-05,0.253453090383623
517,6029,"s14","m2",0.392555187226319,0.514887772978484,-0.261356980710526,-0.106198715548004,0.397269556713148
518,6041,"s14","m2",0.410872918574322,0.528344034894437,-0.0255869979828443,-0.116557984469871,0.557015801373848
519,6057,"s14","m2",0.508964634618954,0.604233715351875,0.0681703033220458,0.0266539193979752,0.243561545065507
520,6061,"s14","m2",0.353503176914939,0.54393720467208,-0.220597093439276,-0.0280934136831367,0.518037691220971
521,6068,"s14","m2",0.374785998386586,0.566825120378094,-0.127753705709918,-0.0703674671365905,0.440595816624596
522,6085,"s14","m2",0.389687259927152,0.61069057414473,-0.194262492813183,-0.0322785965855193,0.125425580763042
523,6098,"s14","m2",0.42835198829067,0.55529053142132,0.0277835098453929,-0.164478785399408,0.299869895959653
524,6104,"s14","m2",0.362425658229235,0.63028720816873,-0.274896725604461,0.0581186129033297,-0.317792844425636
525,6109,"s14","m2",0.660816659202201,0.802253001314953,0.0696662990652577,0.233348526337034,-1.03139595405577
526,6113,"s14","m2",0.587229555165483,0.680878941614542,0.0751268167713062,0.0697727048043464,-0.344068365056058
527,6127,"s14","m2",0.402121583920533,0.432731621236199,0.0136268646053026,-0.267945574134241,0.608510359166318
528,6132,"s14","m2",0.44981560733155,0.537152338721749,-0.106483162485879,-0.172064946985338,0.363266813966557
529,6152,"s14","m2",0.436773377515475,0.564735148388808,-0.0909165621174068,-0.0216564704179781,0.0575799115301164
530,6153,"s14","m2",0.478267254744564,0.578638682730017,-0.0271575184040001,-0.138764283901922,0.203317805683716
531,6164,"s14","m2",0.481741536238328,0.602252054406503,0.00637251061696639,-0.105366399275916,0.106883230535514
532,6172,"s14","m2",0.544855085114287,0.674478077758104,0.0597973720887116,0.137677508957428,-0.28798061163049
533,6198,"s14","m2",0.507199159692308,0.666708808891235,0.0310663363494912,0.129089888313558,-0.321362749202298
534,6212,"s14","m2",0.373225937167148,0.626900104874493,-0.209807078862736,0.0452161930601088,0.227076051957926
535,6215,"s14","m2",0.393539944860545,0.575115165127018,-0.21639214061589,-0.0467912663860188,0.312413038262098
536,6245,"s14","m2",0.465168083804442,0.5672187762139,-0.0396956186902474,-0.123236062946151,-0.0738365590341181
537,6262,"s14","m2",0.459482809984413,0.560459020975876,-0.0693829405176718,-0.107075926098467,0.416703803900959
538,6272,"s14","m2",0.326290654625015,0.543711103165477,-0.291570493798617,-0.0950673225753474,0.448648755227885
539,6291,"s14","m2",0.456016376230443,0.569110605527685,-0.0409780769047622,-0.0464654771999378,0.301680007289189
540,6302,"s14","m2",0.371257634469318,0.481351380669174,-0.0414849452966481,-0.0881190729661635,0.704515907247464
541,6305,"s14","m2",0.515544016146132,0.695721069838119,0.0296888226526696,0.196153869105328,0.00189049354808815
542,6315,"s14","m2",0.396161874524212,0.599482623048808,-0.150128303837088,-0.0313946928370953,0.407984616747714
543,6332,"s14","m2",0.528631437586408,0.560719417298949,-0.00185290662646114,-0.0623166538927406,-0.14726524913558
544,6344,"s14","m2",0.459824609603448,0.539933106840241,-0.148418535924699,-0.120437114035659,0.175700670356114
545,6346,"s14","m2",0.632119885816538,0.710195838611504,0.0689566618613248,0.0429602998882442,-1.54186901721094
546,6362,"s14","m2",0.444623294307691,0.520788681573221,-0.0344530928322429,-0.0450915180906085,0.264832327449905
547,6410,"s14","m2",0.34406211112143,0.563287178107325,-0.158159188875938,-0.00761468611231511,0.61063118358725
548,6438,"s14","m2",0.348896018763267,0.573376226539595,-0.314280389479669,-0.101282644543718,0.55169900577343
549,6461,"s14","m2",0.439507520626403,0.605022376063245,-0.00699427571250441,0.0827818926012704,0.159417869249024
550,6465,"s14","m2",0.447199252351093,0.602138850157796,-0.0315420298143573,-0.0439827575841882,-0.0432867059654796
551,6481,"s14","m2",0.316514612781404,0.525812217003581,-0.30221708628924,-0.210266609924873,0.462366809580316
552,6492,"s14","m2",0.565035449949544,0.693251669744399,0.0735616722320033,0.0599887834679654,-0.65633540082347
553,6493,"s14","m2",0.206034505954094,0.386813881184644,-0.387086082542569,-0.273511373482385,1.3878087146597
554,6501,"s14","m2",0.362259597131196,0.584282801577949,-0.236933383122788,0.0260853415873155,0.363097278088921
555,6508,"s14","m2",0.526853274760558,0.590766727908413,0.0454118742974683,-0.0537262973557645,-0.254802755415161
556,6523,"s14","m2",0.430446180632738,0.529414987778627,-0.130634061447504,-0.0382980933525727,0.340905765750212
557,6549,"s14","m2",0.312267823479787,0.540978900229213,-0.158540829994598,-0.123186494432194,0.757027353755093
558,6573,"s14","m2",0.476174308107515,0.618084180505957,0.00492792663582397,-0.0281572226022886,0.0680522081117438
559,6610,"s14","m2",0.370112913721663,0.609957537906271,-0.181945154001933,0.072662445980457,0.51721545647318
560,6619,"s14","m2",0.394223292653418,0.515893228173666,-0.106115404899224,-0.160908217469438,0.650799438779148
561,6623,"s14","m2",0.342324068148916,0.414420022703929,-0.208352092801141,-0.101723085172855,1.2025931365823
562,6643,"s14","m2",0.649851276470899,0.717493711694857,0.178101269122221,0.0621668868246755,-0.86771825456366
563,6654,"s14","m2",0.501913046807925,0.604428531667471,-0.168802891136251,-0.0307238150864147,-0.474276075099026
564,6683,"s14","m2",0.501971624349232,0.678198066396774,-0.0633480201754223,0.053741247636864,-0.314989186289607
565,6686,"s14","m2",0.468496817555168,0.631897019681055,-0.0752795976686097,-0.101704644128468,-0.0563745695724433
566,6695,"s14","m2",0.393318817868865,0.56133362801107,-0.315235664305891,-0.0702236528656861,0.0433212250568622
567,6706,"s14","m2",0.427077198264095,0.575572377108165,-0.0549016633036093,-0.0190956275283794,0.196220501620574
568,6724,"s14","m2",0.444734834590352,0.64387609560311,-0.0975516901380698,0.0343380443452132,-0.084100273070703
569,6725,"s14","m2",0.257341852943707,0.46487322018173,-0.304891924018253,-0.20803374989773,1.09775517688641
570,6756,"s14","m2",0.411226051427955,0.491453008919678,-0.0603607484577183,-0.0982378856616322,0.706224199110329
571,6781,"s14","m2",0.317980956819701,0.529654148891665,-0.256524223848854,0.00276407969552265,0.501387437208987
572,6804,"s14","m2",0.384795976486631,0.510019565183972,-0.224181641518541,-0.123032023220325,0.643933222041599
573,6806,"s14","m2",0.435735748366154,0.454507024117282,-0.071682643104798,-0.298713909722482,0.388767010538462
574,6812,"s14","m2",0.402165830906927,0.580538282622414,-0.12273468706479,-0.077031005460932,0.897718501545942
575,6823,"s14","m2",0.410550774483811,0.585990160643106,-0.0984642695855141,0.0471936237339174,0.432154278521913
576,6827,"s14","m2",0.508801216171171,0.696299884110885,0.0321447861413392,0.140366613817972,-0.222003594174752
577,6846,"s14","m2",0.372535649830529,0.505974488870612,-0.34151006532299,-0.259254917431102,0.259092735107176
578,6852,"s14","m2",0.466348215183581,0.589237548551933,-0.00245279747396663,-0.0568850165918271,-0.110591331245046
579,6863,"s14","m2",0.444919897287984,0.66858889530196,-0.140075556784793,0.0809480630765737,0.108801190588134
580,6878,"s14","m2",0.430537097870245,0.609662699093669,-0.0524872064909506,-0.0819761372170906,0.326693653415467
581,6907,"s14","m2",0.4486771311172,0.550060601114706,-0.169746087776328,-0.250940146424384,0.227308592929478
582,6915,"s14","m2",0.388156343568067,0.499601654758009,-0.107533707932221,-0.196152120523235,0.0315961986826854
583,6929,"s14","m2",0.392024586091098,0.63549734585631,-0.161512081031509,-0.017871510172827,0.0542096774910288
584,6954,"s14","m2",0.470757776187827,0.734697690385133,-0.0886223838340375,0.20727767957927,-0.291056552752398
585,6984,"s14","m2",0.336730313832457,0.614125014027452,-0.331903801495471,0.0470497364273223,0.335566795821043
586,6988,"s14","m2",0.497750329449871,0.602961195066457,0.0295855679200794,-0.0147161847352569,0.090628681087274
587,6997,"s14","m2",0.388220533461554,0.591919980239347,-0.187753545105609,-0.000942318764300013,-0.183518514406714
588,7013,"s14","m2",0.602022273494399,0.647830675420851,0.138547165934054,0.00398209655653697,-0.564075258895154
589,7017,"s14","m2",0.320702556141241,0.586399905313949,-0.239110329912561,0.00581853935903026,0.498507924572908
590,7028,"s14","m2",0.378406744586774,0.607489977426971,-0.11948116023691,0.0428715442358486,0.399892561858321
591,7055,"s14","m2",0.425681490647241,0.471584058883174,-0.0591058929806918,-0.308988461100223,0.281327845385872
592,7071,"s14","m2",0.431858953236142,0.635170279610859,-0.117834310109305,-0.0501059447299131,0.165878794887576
593,7094,"s14","m2",0.536814496115246,0.723627789262383,-0.0491541440098452,0.138767365915213,-0.595409574189673
594,7108,"s14","m2",0.55233131576919,0.645785543550313,0.100704173810558,0.0433453887979109,-0.23604177643868
595,7118,"s14","m2",0.402241717403167,0.57652895992867,-0.00517129655892611,0.0210487315069092,0.505987785366463
596,7120,"s14","m2",0.370443837865976,0.613136421318711,-0.145890531036166,0.100279604015946,0.249784512115269
597,7128,"s14","m2",0.378591961048527,0.519440534290058,-0.180019476668688,-0.235739537975637,0.497808181265655
598,7142,"s14","m2",0.433206906620909,0.60319571708107,-0.0841762539040875,0.117237523419642,0.325366984722592
599,7160,"s14","m2",0.458774552645551,0.517443574370792,-0.0513742123765947,-0.190902696404168,0.266132764274927
600,7177,"s14","m2",0.342549466969357,0.672499737888241,-0.226369780948965,0.0854671708379198,0.170662867277729
601,7185,"s14","m2",0.466837799986558,0.568574729930868,-0.0131034937592917,-0.0491491285365349,0.00111194652509085
602,7198,"s14","m2",0.49864865958583,0.600550145334666,0.0777341247464861,-0.00699838339204661,0.310554830768778
603,7230,"s14","m2",0.393231120261831,0.546322751448349,-0.0767063478098066,0.0583769551147011,0.729605143749562
604,7235,"s14","m2",0.445499513694461,0.520887638235169,-0.0235020170740071,-0.104805286724516,0.396286785050074
605,7238,"s14","m2",0.444424304967735,0.63541804458527,-0.148038812845928,0.0422329323692064,0.020035972296754
606,7247,"s14","m2",0.359889653758242,0.517375674757384,-0.199373867943634,-0.141415033917796,0.516370610017407
607,7251,"s14","m2",0.521806438593442,0.609128576435421,0.0791487006736874,-0.0570185126280227,-0.345445336418755
608,7268,"s14","m2",0.419724137550476,0.599800942391329,-0.148733459778427,0.0136013892953098,0.392213015632617
609,7270,"s14","m2",0.424533868164073,0.677657584621943,-0.0563088507550261,0.103478211732081,-0.0957994244636559
610,7279,"s14","m2",0.347192720500658,0.48566145629135,-0.234271660632445,-0.15009802262282,0.717164693030513
611,7297,"s14","m2",0.420290209371856,0.608968696727811,-0.223936283819879,0.0696179025115645,0.0485882501272384
612,7305,"s14","m2",0.350750871670804,0.581832755342782,-0.24901550335252,0.0615957411574834,0.749637188399499
613,7324,"s14","m2",0.37392955679519,0.613400388913531,-0.24253244383781,-0.00904556145210015,0.106172775798683
614,7329,"s14","m2",0.52856238810077,0.711847346704462,-0.0353818667490916,0.0750963490827294,-0.543070468779401
615,7332,"s14","m2",0.545733913114044,0.678970642041501,0.120212895868775,0.0930701164121287,0.384253235999546
616,7353,"s14","m2",0.51118268284506,0.509505509815955,-0.0641275516621377,-0.153183029019773,0.00422829498150034
617,7355,"s14","m2",0.450804318551102,0.711369844716876,-0.13403733048188,0.0790072133110511,-0.587335605616051
618,7361,"s14","m2",0.578987714256321,0.52341680278479,0.070898044433243,-0.241809699209089,-0.191022064777195
619,7364,"s14","m2",0.428294332242509,0.471827182433882,-0.131470399750433,-0.155986560006439,0.148709926506402
620,7367,"s14","m2",0.455909289079022,0.633103494692531,-0.0745230362760052,-0.0188610096878583,0.135345035080896
621,7391,"s14","m2",0.568883348210277,0.659774817660174,0.104684308196204,0.0468996604113869,-0.137930522239012
622,7410,"s14","m2",0.40238875793566,0.483226182950942,-0.0595385295776363,-0.24064866035406,0.474809190567376
623,7422,"s14","m2",0.394696581551291,0.553100251059744,-0.138664993521464,-0.173877933146353,0.24440779671893
624,7429,"s14","m2",0.4393015264183,0.649060988529642,-0.12736580397936,0.109521431187233,0.420894833856979
625,7431,"s14","m2",0.3982842959621,0.564372255054936,-0.184644094815261,-0.0569642333711536,0.540147704903273
626,7436,"s14","m2",0.362372770597885,0.593220837961034,-0.421141849157709,0.0389603853742757,0.399018963267356
627,7468,"s14","m2",0.380662746205036,0.506967779417331,-0.176975397099883,-0.146555128076673,0.236573449041631
628,7479,"s14","m2",0.465266678915212,0.474773667599686,-0.121021939698821,-0.230564885316201,0.284941559389908
629,7492,"s14","m2",0.533633455142958,0.539121011927528,0.0970648236442188,-0.146976654741483,-0.08533124262319
630,7494,"s14","m2",0.467119298418425,0.594204998166703,-0.0445772803200689,-0.0389432016913354,-0.00557613732026306
631,7496,"s14","m2",0.439939598074972,0.571659784703144,-0.0897465204111836,-0.0821466364542847,-0.000517385327344102
632,7505,"s14","m2",0.601502496540357,0.659219566312916,0.131931061086532,0.037854326250756,-0.621808318571967
633,7514,"s14","m2",0.251319717594655,0.543446820682136,-0.370462488139203,-0.095026192410939,0.625240801638912
634,7537,"s14","m2",0.572987827691946,0.676349221715187,-0.0391210507763348,0.00651113872773817,-0.658183174500419
635,7545,"s14","m2",0.35576548662839,0.55427186941918,-0.142542523266074,-0.0368371054541071,0.358049933218194
636,7559,"s14","m2",0.45940186927667,0.633033299079759,-0.0878341209649847,0.101679440240863,-0.251226541545974
637,7570,"s14","m2",0.467099670375655,0.720388829868746,-0.0842602016247397,0.056190393747867,-0.161064281564799
638,7605,"s14","m2",0.382379449967225,0.550299838848746,-0.257211480342796,-0.0577639917735452,0.536160226672298
639,7620,"s14","m2",0.466843317654141,0.661070829249657,0.0101807729503015,0.0969484388710185,0.0174817451234049
640,7622,"s14","m2",0.435061490073169,0.554524082595193,-0.202277466431182,-0.201275670828684,-0.069424834180396
641,7626,"s14","m2",0.475271983530451,0.64301978898317,-0.030398390324399,0.0150275912403875,0.231973066503892
642,7673,"s14","m2",0.3256918736105,0.631924685194135,-0.123198830575346,0.111977721873335,0.573670669662147
643,7680,"s14","m2",0.292496490454908,0.521097262883655,-0.157882821116151,-0.205185754723198,0.886894192840693
644,7684,"s14","m2",0.514430275246862,0.697089614422815,0.0190248273857195,0.10574367848836,-0.318304447635869
645,7687,"s14","m2",0.347533436507655,0.672168229269168,-0.264482336746467,0.0614022787197783,0.229497866865129
646,7703,"s14","m2",0.342354109862286,0.52633021085965,-0.20676967608719,-0.191543022831482,0.429811038100545
647,7707,"s14","m2",0.351612588506177,0.592153403524402,-0.116018730392641,-0.0172017538215369,0.677475022374313
648,7708,"s14","m2",0.503731762682755,0.605488204847997,-0.161020701096506,-0.0369498608301736,-0.524952665183199
649,7731,"s14","m2",0.419786824435471,0.535685375922753,-0.16037715979696,-0.0254620563507834,0.488949112834642
650,7747,"s14","m2",0.490781861680566,0.717769110709214,-0.105504712087802,0.0648275575935918,-0.649312432016308
651,7749,"s14","m2",0.376179701300966,0.532030398078943,-0.075329475713964,-0.114153063830421,0.831919242520393
652,7758,"s14","m2",0.413651373529465,0.552294028389106,0.0138337387388623,0.037192380851033,0.395334976760467
653,7790,"s14","m2",0.403955614439899,0.545411711978672,-0.174141284239119,-0.12541533528399,-0.0347489584040869
654,7791,"s14","m2",0.418493559747303,0.618835598660947,-0.152760120971052,0.0897140542895654,0.112575855770346
655,7810,"s14","m2",0.601100891211073,0.66559253041929,-0.0309191995011963,-0.0369871834911003,-0.639189853563187
656,7813,"s14","m2",0.376824325009784,0.567602111004207,-0.0951839414374219,-0.132303931929227,0.538491507040968
657,7821,"s14","m2",0.479282910307781,0.641246835510071,-0.145085472511739,-0.0277737200840163,-0.111423187956818
658,7824,"s14","m2",0.287305515953154,0.507829514938157,-0.236244942375577,-0.0543706277030189,0.743750833871482
659,7851,"s14","m2",0.422557738266809,0.554177956299581,-0.174238726016556,-0.0820368480983829,0.169460368146071
660,7867,"s14","m2",0.429201088505432,0.652166866399181,-0.133875810152217,0.0261300835447071,0.0513442467922444
661,7871,"s14","m2",0.449892964162123,0.535415841129615,-0.191397405293058,-0.124409849160527,0.13799514951239
662,7875,"s14","m2",0.501576971336237,0.62822164114656,-0.0554628425382077,0.0184908796764093,-0.040351439286263
663,7877,"s14","m2",0.411751024071052,0.492592762216276,-0.154805860727394,-0.0901385541026618,0.659206499082056
664,7884,"s14","m2",0.356519748849403,0.542408611357079,-0.26961684099213,-0.0821205546826663,0.0667572231643505
665,7892,"s14","m2",0.506945770571433,0.589351835936668,0.0102286239052267,-0.112815737038544,0.092617371256559
666,7893,"s14","m2",0.535830031590343,0.605609272872844,-0.0157644745779967,-0.066545007243677,-0.146704474298991
667,7915,"s14","m2",0.670096803932302,0.776404236744409,0.182427708359872,0.151904662868831,-1.43066092292822
668,7944,"s14","m2",0.424744322339498,0.494718951389627,-0.0317101161896116,-0.213146903307489,0.469970021050978
669,7976,"s14","m2",0.463068339360935,0.562868964191208,-0.136456917390605,-0.0615338135366559,0.142343908873647
670,7979,"s14","m2",0.451134271712326,0.609713461836117,-0.15394053850011,0.0113381848729627,-0.0739617691028958
671,8038,"s14","m2",0.437880653382491,0.40997734621685,-0.0586974013109567,-0.298424346993672,0.77023462309328
672,8039,"s14","m2",0.55125812004414,0.614142901320462,0.0246311832371409,-0.0491291805437577,-0.509838412274163
673,8047,"s14","m2",0.389289722962186,0.488944710034781,-0.125370553772667,-0.0928012811200224,0.503663677091642
674,8066,"s14","m2",0.379176402882497,0.559497345097704,-0.0944512467493823,-0.0752874783510821,0.13078404806537
675,8068,"s14","m2",0.44064024098791,0.630762902396686,-0.146239562643761,0.0341535277924495,0.0992968869659722
676,8074,"s14","m2",0.460721427265693,0.624864592281737,-0.125060043297484,-0.107014927648163,-0.369885183797721
677,8082,"s14","m2",0.399509736097209,0.501125883416399,-0.161356766866275,-0.154379006516635,0.195781082377505
678,8094,"s14","m2",0.563812378939462,0.626852024638573,0.0808011090028822,-0.0294709956511914,-0.42778257289019
679,8099,"s14","m2",0.366198856832395,0.587687371973241,-0.23536282604156,0.0125469414761352,0.365573259065535
680,8101,"s14","m2",0.449081620269649,0.669198573092965,-0.143222363209485,0.10428517611868,-0.0448788428307417
681,8110,"s14","m2",0.353741671374658,0.574383310767199,-0.25410333308139,-0.0363785170378273,0.589928851793028
682,8126,"s14","m2",0.422577395749002,0.506691373229714,-0.129542524155652,-0.0475695185590952,-0.0351640067599331
683,8173,"s14","m2",0.281786132584494,0.517739204820385,-0.28174709321009,-0.00623549876229737,0.854229453106163
684,8177,"s14","m2",0.437165443519071,0.61587418032623,-0.0906654754652468,-0.0367051245230604,-0.421189036426293
685,8201,"s14","m2",0.317644348537327,0.560224175477544,-0.274629733459903,-0.183409145993809,0.381871735710266
686,8206,"s14","m2",0.505631190589253,0.59403695857414,0.107167132069499,-0.0443979702089915,0.137266278247192
687,8222,"s14","m2",0.433886325309814,0.646543296219673,-0.165321954821737,0.0683729470729758,0.001847803907165
688,8233,"s14","m2",0.381099395898872,0.540263958186386,-0.119970104371309,-0.12407205261367,0.280001113368535
689,8236,"s14","m2",0.366957596642744,0.557517097197277,-0.0646378084706461,-0.14500714429764,0.728735181393982
690,8242,"s14","m2",0.395341338374282,0.539934139049566,-0.254073020440143,-0.185949249676506,0.0402532475885871
691,8273,"s14","m2",0.510721542308395,0.52613128535904,0.0476667802877703,-0.0244924610739831,0.149544294787869
692,8283,"s14","m2",0.483828334309433,0.676030946860794,-0.0475628089287026,0.0810255285674894,-0.0605119482822694
693,8294,"s14","m2",0.355401802511556,0.54018110913204,-0.109212933089821,-0.133457224412756,0.444894981542246
694,8299,"s14","m2",0.445254038959042,0.553469393593479,-0.189445136379394,-0.0695327845079901,0.342116731988406
695,8332,"s14","m2",0.449502181807394,0.479671389186543,-0.0802059692288864,-0.147398147791885,0.679950951162974
696,8351,"s14","m2",0.41677213497913,0.638459817165005,-0.163629940816554,0.131738885292525,0.304595438077618
697,8363,"s14","m2",0.320822900517652,0.510477898321214,-0.106047202431324,-0.239263895773259,0.688481988475032
698,8367,"s14","m2",0.279120115081914,0.483623218410887,-0.291613992891816,-0.0655460502900838,0.993393183091837
699,8371,"s14","m2",0.446737741488143,0.554500209377688,-0.00304171462796144,-0.124315644552841,0.311886899564692
700,8380,"s14","m2",0.468063523276234,0.624127474976989,-0.186783455999638,-0.0513176998536459,-0.400364446204726
701,8386,"s14","m2",0.373522905125381,0.599990063790789,-0.0677301070809402,0.162597351053688,0.465249483914363
702,8390,"s14","m2",0.56287156960584,0.667732679177434,0.00298523456318164,0.0503403662796071,-0.366632140872884
703,8393,"s14","m2",0.398312593560766,0.509062562547057,-0.127533543001752,-0.0630553514719138,0.607766944199756
704,8396,"s14","m2",0.472509368422208,0.596453650366388,-0.0312080197191999,-0.1832786048012,0.14747815355631
705,8402,"s14","m2",0.434405434298902,0.559588217880005,-0.171613243801555,-0.0484991183074584,-0.128495038338687
706,8415,"s14","m2",0.383317816546004,0.528808100436996,-0.16404218001076,-0.141139866206409,0.0937686691038069
707,8425,"s14","m2",0.506933970048728,0.605922549490536,0.0656237122970201,-0.0367909811774421,0.0238664752337356
708,8434,"s14","m2",0.505327332771232,0.666106119851242,-0.0489444266805829,0.086910320653476,-0.0658118512343156
709,8435,"s14","m2",0.378547304843328,0.522676132611649,-0.0359587854018078,-0.0472692148062471,0.358668952750844
710,8446,"s14","m2",0.464518799382197,0.594019727326394,-0.102023096060661,-0.184923695422005,-0.0547987087186835
711,8453,"s14","m2",0.419304947159406,0.525220866282359,-0.130762184657137,-0.0566640406892475,0.343545638405214
712,8491,"s14","m2",0.51324982382613,0.696301969101208,0.0364785732681334,0.187250504506276,0.0505474982228655
713,8508,"s14","m2",0.3938355790191,0.509800750212766,-0.0856659001800862,-0.106653711375258,0.748300317659189
714,8513,"s14","m2",0.425467355646134,0.598813603237108,-0.149712645095785,-0.0472904944780886,-0.0629200115937073
715,8520,"s14","m2",0.324110605188032,0.536422463815299,-0.31476961524527,-0.129373547077552,0.280875836086636
716,8521,"s14","m2",0.380331205704853,0.517057003350118,-0.162749741042912,-0.24448324322065,0.731465165636964
717,8537,"s14","m2",0.386887689907146,0.555981496462759,-0.111526996345833,-0.0401631104434532,0.212954643650774
718,8540,"s14","m2",0.353435748467868,0.506046288745782,-0.243019552336156,-0.133291436056607,0.622382338944919
719,8545,"s14","m2",0.319699937403974,0.625690772051711,-0.156066997276854,-0.0255790066808418,0.368454838804572
720,8565,"s14","m2",0.467458689128138,0.636968843418865,-0.0959795874501977,0.0275642991589711,0.222484301278971
721,8566,"s14","m2",0.267306036113132,0.453127797784872,-0.265045278706281,-0.297740629808251,0.881038560924201
722,8583,"s14","m2",0.545885036876133,0.650525770443951,-0.113062708492983,0.0194987524214982,-0.623064256304356
723,8609,"s14","m2",0.473045592142533,0.686296719670183,-0.106355135305646,0.100691914195483,0.00702589836168784
724,8611,"s14","m2",0.393692302962571,0.688425751451146,-0.210917950941494,0.115535416615746,-0.512919707410307
725,8619,"s14","m2",0.461512249084925,0.5535549382543,-0.0553600123670979,-0.170839430166164,-0.0510763163110476
726,8623,"s14","m2",0.476487118604851,0.605566000540615,-0.0781386178857182,-0.0471680961531079,-0.202590892447411
727,8627,"s14","m2",0.340956267608981,0.486209832884733,-0.272250571836265,-0.191415654128262,0.692613194484552
728,8635,"s14","m2",0.560165026848206,0.715272621361448,0.0531858491879679,0.120539467495497,-0.851936789681073
729,8652,"s14","m2",0.558885468580702,0.734471050209854,0.0611443837421061,0.0913886988805966,-0.475118994334513
730,8656,"s14","m2",0.531266243671289,0.617905800190268,0.0858179951675473,-0.073968452394051,-0.212935200600055
731,8664,"s14","m2",0.448058669839721,0.526997003688598,0.015434507006239,-0.0601888132203302,0.48462934471222
732,8681,"s14","m2",0.40509445446805,0.589980043422767,-0.0861618391424989,0.0718907496334106,0.63286523921067
733,8682,"s14","m2",0.501465602339221,0.582283471392282,-0.182843176182283,0.0256288796305431,-0.24845553740776
734,8685,"s14","m2",0.41058467561571,0.54364128027568,-0.199594946183451,-0.00693514663369957,0.315956396210346
735,8705,"s14","m2",0.465285610671659,0.65021201318167,-0.194015676826305,0.0119046828805262,-0.30364756581896
736,8710,"s14","m2",0.496086991481525,0.568514017789711,-0.058977281273054,-0.095005783882226,0.231897426173187
737,8721,"s14","m2",0.295204821670264,0.515923481437704,-0.191148125227273,-0.15403478151988,0.427092639584312
738,8731,"s14","m2",0.400225278433334,0.635205176463387,-0.221625780323871,-0.0230933543599333,0.0273244324727784
739,8734,"s14","m2",0.374731160855579,0.667535197261529,-0.146803962090495,0.0922042961838864,-0.133510710476394
740,8755,"s14","m2",0.440037693012694,0.565806671910632,-0.060058733988069,-0.170413984016739,0.392752444807579
741,8761,"s14","m2",0.338423122022428,0.504255370141162,-0.154147418472309,-0.0573417328640875,0.483839327626108
742,8785,"s14","m2",0.44268568447762,0.536747669807979,-0.178785182851058,-0.12758065444717,-0.0781964719124863
743,8790,"s14","m2",0.380458960571065,0.487313559449757,-0.247830456761286,-0.23562339315503,0.471216667729336
744,8802,"s14","m2",0.333033205963665,0.541008515549551,-0.241878037676258,-0.119886750285749,0.0830546928224196
745,8805,"s14","m2",0.298923872221591,0.496753121042112,-0.254350112278788,-0.155477117809806,0.58849784875042
746,8810,"s14","m2",0.273534629896851,0.474287980477952,-0.314663896500702,-0.134462154418492,0.997605602275668
747,8820,"s14","m2",0.499221760861941,0.6296296228863,-0.145476779399547,0.00528108534336839,-0.247419171167697
748,8822,"s14","m2",0.479622226167489,0.545414318022709,-0.00757695940098423,-0.15905726504015,-0.088551173570266
749,8823,"s14","m2",0.3889920109233,0.638748796316497,-0.262406704192086,-0.0241844383372415,-0.387467236649556
750,8827,"s14","m2",0.447678976608697,0.684813599591721,-0.0934198329355332,0.0805516992414083,-0.106013010259322
751,8845,"s14","m2",0.3987055384986,0.675653150631052,-0.1868097145698,0.132882950783219,0.256301590681086
752,8849,"s14","m2",0.448703095621417,0.541314809400097,-0.0704426026768442,-0.0389080115592488,0.135356271205867
753,8862,"s14","m2",0.321690842956874,0.57699372367166,-0.243058449508725,-0.0882451246080782,0.623044068343633
754,8866,"s14","m2",0.442932632073211,0.622054841642446,-0.144433732490287,0.0022790363845722,0.28584140400441
755,8886,"s14","m2",0.396881159976468,0.502460426324036,-0.0815436211392197,0.00208393178503435,0.406579372428053
756,8910,"s14","m2",0.541446934138693,0.693756856294991,-0.0163236596609126,0.113279847348777,-1.32769703632804
757,8913,"s14","m2",0.493737176402794,0.616228627410571,-0.0481295994302416,0.0114962525115548,0.0219391802472455
758,8916,"s14","m2",0.356083050808471,0.516755524627535,-0.206777160453351,-0.0697706526160206,0.38920708556486
759,8917,"s14","m2",0.332716399756433,0.500062138806399,-0.254847008862052,-0.0847772472847502,0.938404264721188
760,8921,"s14","m2",0.326428523642095,0.469130658516174,-0.108596752397827,-0.151936858782549,0.728554333684937
761,8922,"s14","m2",0.380691729071969,0.527989430377189,-0.00505640335937055,-0.152300239269066,0.715167466085585
762,8939,"s14","m2",0.502004131166791,0.640399598686983,-0.0998233312595732,-0.00114832067890462,-0.556207381564536
763,8945,"s14","m2",0.456469197029925,0.479902493724678,-0.0412896623354517,-0.229147129632989,0.512815201170729
764,8950,"s14","m2",0.534678512149868,0.649679503809686,0.0584890938193388,-0.0444282560518474,-0.235901316608901
765,8968,"s14","m2",0.270551626054728,0.520802304634643,-0.32894047435712,-0.0866643789620308,1.01996872350645
766,8990,"s14","m2",0.481978016374983,0.682666978945384,-0.109843146611097,0.104511238381617,-0.550682647770748
767,8995,"s14","m2",0.597621224460054,0.598316111076719,0.124156544932196,-0.0513722001336279,-0.392767201087503
768,9003,"s14","m2",0.376052988308316,0.500417700849646,-0.137025327124227,-0.250573963984198,0.607467073101942
769,9006,"s14","m2",0.474867310018792,0.633960790092754,-0.0531394832308565,0.0918306036307702,0.19955328120259
770,9008,"s14","m2",0.497888930231023,0.553172427655107,0.0497879944198645,-0.0570419566302861,0.265652011388192
771,9013,"s14","m2",0.405584974068397,0.523342743264751,-0.167975959468606,-0.249039440073478,0.565800487656523
772,9017,"s14","m2",0.421909310008476,0.591790837985061,0.0263412498529151,0.0116417251175475,0.385093428107992
773,9031,"s14","m2",0.430371444323355,0.622971566995935,-0.0195701728809804,-0.0817496119795228,0.298366906200095
774,9033,"s14","m2",0.351566221124046,0.576509299526598,-0.111379150081162,-0.0627994240498258,0.454695771042251
775,9041,"s14","m2",0.322029522455545,0.587845116063359,-0.189195355874106,0.0679367900723583,0.673636408823422
776,9042,"s14","m2",0.343133120499272,0.558389573361477,-0.161412707952629,-0.0471275603472875,0.576292192666521
777,9046,"s14","m2",0.470549404041972,0.606285401259205,-0.077749365361203,0.0805267554786046,-0.111537280061171
778,9049,"s14","m2",0.349119979513305,0.580805227569915,-0.332056696453919,0.0573393371927224,0.406271673212925
779,9072,"s14","m2",0.491510419813503,0.625178726721504,0.0311532276005504,0.0375816433634076,-0.219072270013946
780,9087,"s14","m2",0.342291181124244,0.652722030587312,-0.217607337972026,0.0771468696724716,0.449057627079972
781,9096,"s14","m2",0.437329514186722,0.493237683371195,-0.0430804076803102,-0.179741044227968,0.189716428504142
782,9108,"s14","m2",0.445433647736043,0.506088491217774,-0.0321092998733578,-0.0706659047421764,0.392460390916597
783,9112,"s14","m2",0.379137881204062,0.575020360026438,-0.0467938148450733,0.0246914619067454,0.496684016618492
784,9117,"s14","m2",0.404430490737219,0.677973721021364,-0.110689540527694,0.130962053170082,-0.0599668511083477
785,9127,"s14","m2",0.568314269457739,0.714657302465828,0.0316383872197164,0.0553309315497266,-0.936620229197222
786,9129,"s14","m2",0.5060271875075,0.716187019968357,-0.00584012105233389,0.110225591873958,-0.387089314181609
787,9143,"s14","m2",0.479362530089597,0.593341115734436,-0.0490459434919696,-0.0282198685728731,-0.0173786052103064
788,9158,"s14","m2",0.481903706855789,0.593665920278512,0.0112112064872855,0.00373584157457709,0.0623634802725526
789,9177,"s14","m2",0.548676582096018,0.679696199942581,0.0528067808940652,0.118461095126823,-0.237756535842697
790,9179,"s14","m2",0.470032179155001,0.689394959521147,-0.0119911486652369,0.110459861040261,0.134016841995685
791,9210,"s14","m2",0.503043267492947,0.589241752530728,-0.071016168169855,-0.0987596041727825,-0.155607422412186
792,9214,"s14","m2",0.420223478294899,0.522962285570469,-0.0137105679451011,0.0447599939368516,0.645201499490804
793,9217,"s14","m2",0.528972733732588,0.629489728278858,0.0237754069358374,-0.063420927901166,-0.203428251280645
794,9218,"s14","m2",0.488529022272586,0.651510203855294,-0.0560405519594977,0.0629780247377454,-0.380630280321946
795,9246,"s14","m2",0.351509171696488,0.537910349565936,-0.119173420956236,-0.0353766224324211,0.522550510189098
796,9248,"s14","m2",0.447029359694798,0.629251142055898,-0.056216634017544,0.0956376680599315,-0.120269999617386
797,9267,"s14","m2",0.401821446052933,0.608379521830673,-0.0625322598132891,-0.0360439865987128,0.509604527366783
798,9270,"s14","m2",0.36198477942025,0.479363816092957,-0.043375546053317,-0.175345995975368,0.959186680431393
799,9293,"s14","m2",0.463858053412028,0.637841924296093,-0.0290609344278956,-0.00952410758580125,0.0296192796986381
800,9306,"s14","m2",0.437527366071587,0.68403713597144,-0.132196381551697,0.0893929357827897,-0.298937882790833
801,9319,"s14","m2",0.401379580947018,0.495369297742882,-0.169276829209144,-0.400947111653148,0.247191169661242
802,9323,"s14","m2",0.279877490945506,0.55532386028183,-0.137173905887304,0.0140034229425548,0.935734678411739
803,9336,"s14","m2",0.356179942309651,0.523700764567562,-0.145444913388986,0.0159974182333036,0.220508433378582
804,9348,"s14","m2",0.52660604570944,0.64321262117188,0.0115568462726744,-0.00499371116703288,-0.446600463730697
805,9369,"s14","m2",0.447102112312197,0.654135822112776,0.0186528180670746,0.0904453202986195,-0.0954055708539746
806,9387,"s14","m2",0.308986740766636,0.498166879064163,-0.252230646692855,-0.259598426546241,0.584553193065325
807,9412,"s14","m2",0.4992252101339,0.614902077324934,-0.0673236147600349,-0.0330923436706524,-0.0972388146374406
808,9418,"s14","m2",0.405243899852896,0.486384259045252,-0.128844460191465,-0.180175443003156,0.705775113710342
809,9434,"s14","m2",0.395270483845838,0.572647619686502,-0.157089629231666,-0.0424484779720018,0.609470788183214
810,9459,"s14","m2",0.423512716695337,0.477729197846217,-0.00608436346721298,-0.407866907257367,0.31978759748697
811,9499,"s14","m2",0.412612018451055,0.573950715866759,-0.151358990523859,-0.0571561269299167,0.177444111303565
812,9519,"s14","m2",0.420112467851005,0.614800492577696,-0.131715963441274,0.0265166774362167,0.270616032013764
813,9529,"s14","m2",0.585092255694008,0.608248679302407,0.0187382066389421,-0.146741063938079,-0.71280779457419
814,9555,"s14","m2",0.349191273516282,0.486666513345125,-0.11687431454242,-0.110708420355523,0.642246274435018
815,9558,"s14","m2",0.480031230230558,0.668306102431866,-0.0158778928042586,0.0562311743602351,-0.638215163873456
816,9567,"s14","m2",0.413963520334574,0.61639504903828,-0.084415703256112,0.10059446827524,0.237648679964983
817,9568,"s14","m2",0.619296920017996,0.672323460847963,-0.0693507883753445,0.0395558908035469,-1.2455862955582
818,9578,"s14","m2",0.49035162793054,0.658471416487959,0.0402070163354322,0.040489818395762,-0.179648211611428
819,9582,"s14","m2",0.519731797581159,0.747402208543924,-0.0608356126023617,0.126607858965024,-0.401986849921299
820,9615,"s14","m2",0.324312354885745,0.451804755479652,-0.312630971085954,-0.239498130795003,0.777961652550731
821,9616,"s14","m2",0.450061484164881,0.628124759455977,-0.0606379031137668,-0.0208902269364994,0.0282096916003671
822,9620,"s14","m2",0.450471253747753,0.613133610149023,-0.0934346852836818,-0.0607848981299381,0.0703742418610756
823,9625,"s14","m2",0.535246262918777,0.637696264903053,0.0675848223349143,-0.131462760573964,-0.77564121226332
824,9647,"s14","m2",0.381409713376611,0.546953229428135,-0.172734430833465,-0.132658796851998,0.383088902028113
825,9669,"s14","m2",0.4383478520703,0.522334185494961,-0.0251445519780403,-0.147036221194951,0.489087075632547
826,9674,"s14","m2",0.435538064426518,0.558688196879955,-0.098032477076276,-0.085303103111095,-0.354783088063631
827,9704,"s14","m2",0.363828624936623,0.45630289730567,-0.100973016500263,-0.215580414602671,0.581462884475203
828,9707,"s14","m2",0.333490355552194,0.471345555643751,-0.13950239927792,-0.174129566766764,0.784297913387067
829,9755,"s14","m2",0.484066537407792,0.636171085851783,-0.059088935608161,0.00133882512679682,-0.0466156212993675
830,9768,"s14","m2",0.482007389405464,0.632868563607548,0.0179017703680627,-0.179273600161085,-0.450246797377653
831,9774,"s14","m2",0.308132019161594,0.473932386383112,-0.238389451362962,-0.247443505953195,1.40864583477263
832,9779,"s14","m2",0.349138449734249,0.493802375711574,-0.065638917839407,-0.219827589333083,0.787650374802388
833,9786,"s14","m2",0.356823520531633,0.615605087847714,-0.137858516424246,0.0288874723061297,0.522265134013793
834,9787,"s14","m2",0.480714256654633,0.612481253908802,0.0236846983434717,0.074424157325049,0.269870267680337
835,9812,"s14","m2",0.455727389785684,0.636745227994808,-0.0895637357665708,0.154265317746363,0.182918366637757
836,9813,"s14","m2",0.430581373540209,0.563126119039986,-0.0672595531889111,0.0624969130009224,0.448382214965748
837,9830,"s14","m2",0.318400415807494,0.581318618431029,-0.178954436940906,0.0216963542853135,0.443769404938069
838,9841,"s14","m2",0.347424090735797,0.441975395484762,-0.0956871316537945,-0.234877336418355,0.804672859501829
839,9845,"s14","m2",0.348707952314965,0.510017462128956,-0.173524764937489,-0.107212655395587,0.589778931476246
840,9889,"s14","m2",0.357282465092697,0.542495194790529,-0.224626159203493,-0.0925873237455195,0.127876783330408
841,9890,"s14","m2",0.494448579078034,0.543775422699304,0.0643002376057238,-0.0447519480894576,0.358703526691729
842,9907,"s14","m2",0.530753211755963,0.658847533985959,0.0157565764090462,0.0251536240740404,-0.779990710716884
843,9914,"s14","m2",0.409182850956295,0.479222653635052,-0.238136067999664,-0.145521757642586,0.305495660832249
844,9936,"s14","m2",0.3652587240508,0.568143008694094,-0.204879922772873,-0.161332619469123,0.56503902508634
845,9976,"s14","m2",0.402065699580938,0.56107313122331,-0.230073750019454,-0.0988880222314813,0.40829183614497
846,9985,"s14","m2",0.453082568673275,0.586311940986243,-0.0414728675875062,-0.108079942395267,-0.00538885157505477
847,9996,"s14","m2",0.425953943820199,0.685090887667859,-0.170860269754392,0.0466647489333647,-0.0951785764530237
848,10030,"s14","m2",0.50551071360288,0.606089404221411,-0.169237564589829,-0.116512304934595,-0.178486610189282
849,10054,"s14","m2",0.458640729359531,0.563719479542694,-0.0247151754859499,-0.126221265811403,0.0753667184391822
850,10063,"s14","m2",0.448444585602866,0.585689979682088,-0.158558722799983,-0.0605651386874874,0.362783196772894
851,10083,"s14","m2",0.418304851239428,0.620409048381027,-0.0894798525753455,0.0261231699286649,0.297909402688505
852,10085,"s14","m2",0.488233177250395,0.670713335653455,-0.0622253664385094,0.0558568676219962,-0.273681804080366
853,10093,"s14","m2",0.458877793640033,0.64085569872266,-0.118477450864839,0.0959189031784878,0.299185887206668
854,10126,"s14","m2",0.292491123091189,0.439180978221724,-0.152613813743825,-0.168958155879507,0.834782130003626
855,10131,"s14","m2",0.359121177177864,0.584535804506953,-0.171738647910361,-0.0330137238525716,0.513614937599356
856,10153,"s14","m2",0.446524866967628,0.623701351492263,0.00586211457331604,0.0635249661994654,0.172438179977684
857,10156,"s14","m2",0.43115184713627,0.491927587037951,-0.112518022066123,-0.136658199935415,0.341260580958199
858,10162,"s14","m2",0.461052745527317,0.572059483502895,-0.109189424198534,-0.0683411752528008,-0.181800594278895
859,10163,"s14","m2",0.41748413166746,0.479015975175837,-0.0773040974815667,-0.131184334085639,0.746629238320021
860,10190,"s14","m2",0.46008441722831,0.516129761140025,-0.047167852523499,-0.160544269071918,0.288950339086063
861,10215,"s14","m2",0.481726718763983,0.727549475725283,-0.0425989544065407,0.115484138516582,-0.209437955240229
862,10229,"s14","m2",0.534508228719234,0.749353248902679,0.10554961388324,0.0970805454337122,-0.556309362469854
863,10237,"s14","m2",0.394815381858196,0.551963494161376,-0.14155563623315,-0.183254516607581,0.53617151528026
864,10246,"s14","m2",0.67280094386205,0.800559400029324,0.0909877958496337,0.185031279683114,-1.65359842746249
865,10258,"s14","m2",0.576176118363876,0.708478675298547,0.000135933928092489,0.0901162648382786,-1.0186208976965
866,10269,"s14","m2",0.404853524516889,0.451553700179062,-0.139699351667396,-0.221849469858479,0.65283180787567
867,10273,"s14","m2",0.376461444933774,0.536083536036119,-0.102310308891869,-0.124771783378624,0.57016559335035
868,10287,"s14","m2",0.590309117162215,0.725196784174465,0.0167880224793403,0.0543782547528938,-0.868161636260256
869,10326,"s14","m2",0.454046375237927,0.557892964611865,-0.0512318472014437,-0.0387052112321314,0.280894993790069
870,10346,"s14","m2",0.417762050078865,0.661340822180824,-0.221434205681676,0.123681903926561,-0.327813495303202
871,10351,"s14","m2",0.509170176143835,0.60886262486959,0.0528315790337686,0.0436151031261685,-0.170182309004804
872,10374,"s14","m2",0.472164980204554,0.624519174324042,-0.040993376999108,0.155926735224551,0.247850163545636
873,10376,"s14","m2",0.423697184736719,0.51363901842441,-0.144095715327476,-0.160197772035661,0.0618894029406773
874,10384,"s14","m2",0.638418644632786,0.660034593569181,0.0626119117274916,-0.0975762706678851,-1.39552840217577
875,10385,"s14","m2",0.462862260977806,0.578183409116398,-0.00833449602574396,-0.0626021551427481,0.15938380338645
876,10401,"s14","m2",0.446420406457232,0.670783524128095,-0.195090833961539,0.0336545062646424,-0.066420679290524
877,10422,"s14","m2",0.326390165113053,0.512600597908116,-0.202804277683734,-0.0402218565756153,0.916393237449124
878,10443,"s14","m2",0.484285548733234,0.674031108009715,-0.0998637128528406,0.0377666717355011,-0.0866300770586703
879,10454,"s14","m2",0.346845499635179,0.515197828638837,-0.109849693914843,-0.0046310499943291,0.978974787642285
880,10472,"s14","m2",0.465520678816571,0.596138029031783,0.019798616973978,0.0421130346015717,0.162477681938227
881,10476,"s14","m2",0.567726767546041,0.688767276721469,0.0071459757464213,0.0702464021008166,-0.43398201227642
882,10480,"s14","m2",0.410168181831165,0.590363813238984,-0.033259800559074,0.0242450362868795,0.437919600734892
883,10481,"s14","m2",0.460003634504696,0.600794533020321,-0.0457529696782028,-0.0630286233918987,0.125898498018092
884,10495,"s14","m2",0.471120016464344,0.58208289981608,0.0349173850498235,-0.13933969130691,0.0771612702206269
885,10531,"s14","m2",0.518490045485133,0.650147578551369,0.0150716498897762,-0.0376755880469711,-0.771901777883751
886,10534,"s14","m2",0.25331975775843,0.507670331847936,-0.272022901804632,-0.188529572586995,0.770641551222133
887,10541,"s14","m2",0.410867120594932,0.551302781321487,-0.0488928278831566,-0.109388348797763,0.84014771197294
888,10542,"s14","m2",0.425331039730401,0.566514450158194,-0.0522012306404008,-0.00283983372154525,0.277538239514057
889,10544,"s14","m2",0.515515231199131,0.695705852295273,-0.0528448448732019,0.0738101890364257,-0.79423688485838
890,10553,"s14","m2",0.452081659268408,0.635783929724733,-0.0110738042944516,0.107015369637443,0.145332498259912
891,10556,"s14","m2",0.348558297836503,0.501677940970312,-0.108790919600348,-0.125738805138005,0.466814285845606
892,10574,"s14","m2",0.544230796550467,0.766280718292857,0.0109078639404412,0.203208819679319,-0.586753234370388
893,10584,"s14","m2",0.392107032961698,0.688807327360856,-0.0836982778892364,0.179700274366118,0.38095940770932
894,10589,"s14","m2",0.494030030768012,0.721934392470357,-0.125639386426195,0.0699747791684347,-0.776564782185764
895,10599,"s14","m2",0.532594850835565,0.639511617267546,0.0595490989555707,0.0677788037117244,-0.256177095837796
896,10601,"s14","m2",0.367843732350985,0.457546326598029,-0.135232492396149,-0.158592505776043,0.554563620885798
897,10632,"s14","m2",0.487282794115346,0.659830009940504,0.052097101769114,0.135451595962701,0.415394270926966
898,10658,"s14","m2",0.542456129283578,0.640914193417312,-0.0510548163027475,-0.214385020156324,-0.847853124706164
899,10666,"s14","m2",0.329011200830156,0.491316358489844,-0.158584547235102,-0.106130183668103,0.844965258894059
900,10670,"s14","m2",0.550538103541685,0.586917753178344,0.0250747050557297,-0.0419411620848974,-0.424849882191444
901,10677,"s14","m2",0.354924056968299,0.494782704145598,-0.21007018665043,-0.0636253095083321,0.702663407461598
902,10720,"s14","m2",0.404213744228839,0.499478247566778,-0.0733621793982083,-0.222023740738547,0.575662143562802
903,10752,"s14","m2",0.523711696313603,0.65967535952456,-0.114263061838153,0.0447662340293892,-0.371132439921085
904,10754,"s14","m2",0.529026816823456,0.695134674009787,0.0169471548110698,0.182398954086304,-0.509841105024934
905,10761,"s14","m2",0.419303178982427,0.610050535074658,-0.207888324143732,-0.0415646204448567,0.121596259631365
906,10778,"s14","m2",0.497447137074748,0.593447585077601,-0.0752220190734728,0.00625089453232889,-0.0819313791491451
907,10821,"s14","m2",0.418124101528689,0.625870329454308,-0.195313637912279,0.0258933315448559,-0.0469061305908833
908,10845,"s14","m2",0.488935982199279,0.637071772239847,-0.00146584286569824,-0.000234529984911604,-0.296185898757629
909,10868,"s14","m2",0.45096423725557,0.516329552156381,-0.149861241197295,-0.194341902662767,-0.0927906243612597
910,10879,"s14","m2",0.417981970409576,0.564621423658253,-0.170863893535429,-0.136471805008396,0.233078141107475
911,10882,"s14","m2",0.361727771243704,0.542736530810954,-0.246770678663427,-0.0427546170894477,0.317838729944165
912,10892,"s14","m2",0.407327871588839,0.546529517145325,-0.255835787369855,-0.153089468837283,0.151160273031018
913,10896,"s14","m2",0.264144533383123,0.452827503361885,-0.223631947278954,-0.158477987939795,1.0943611269445
914,10897,"s14","m2",0.426334972250018,0.522802000112512,-0.0868754557560103,0.0724894414661028,0.664125505402111
915,10898,"s14","m2",0.514013553226544,0.664282639609451,-0.11816169671692,0.0197200013608234,-0.375162930630513
916,10904,"s14","m2",0.444579734685718,0.583383784885862,-0.162539446164834,-0.0999693312643093,0.0134827460569125
917,10911,"s14","m2",0.380919166982179,0.569882476639724,-0.114336473518663,0.0122649310291145,0.685547047994951
918,10919,"s14","m2",0.382594967966835,0.632437454557109,-0.158629874548268,-0.0666161585415341,0.0869571137227566
919,10933,"s14","m2",0.538775846004766,0.716928548282537,-0.00153877066880201,0.0517525792586903,-0.470611812560509
920,10945,"s14","m2",0.423012474975038,0.531199263376066,-0.00887180136062532,-0.185244081968783,0.630204694255157
921,10957,"s14","m2",0.462393849427521,0.610577175603824,-0.0802720525776126,0.0406119662361664,0.311182037126481
922,10966,"s14","m2",0.352272368106876,0.606594808540283,-0.257784547172808,0.015970525277553,0.320794741659108
923,11000,"s14","m2",0.511661491448987,0.661334318836384,0.0599257647954957,0.00889590408014422,-0.114871596476206
924,11007,"s14","m2",0.511409873848646,0.638461585395511,-0.000364489816323076,0.053130235175866,-0.503059917432688
925,11015,"s14","m2",0.413456249118537,0.543757923842767,-0.0400628009964492,-0.206807987669931,0.351114651736431
926,11029,"s14","m2",0.366805592277834,0.613028018117532,-0.162082046394497,0.0336615565807661,0.465044909523832
927,11053,"s14","m2",0.401261995212666,0.572664939626774,-0.0680295426565771,-0.0459134817700024,0.312855090589205
928,11060,"s14","m2",0.315988697749169,0.459818214921746,-0.241235801784656,-0.347187453375206,1.09837091334335
929,11067,"s14","m2",0.469841052449008,0.63360171535718,-0.0668510649627228,-0.00531053044358829,-0.176999928211336
930,11083,"s14","m2",0.369431286406033,0.506941746362341,-0.193230556470188,-0.177927504583787,0.618074590640786
931,11093,"s14","m2",0.516578004397453,0.596586199992332,0.042879069499582,-0.00602359946928612,-0.0434136587043691
932,11107,"s14","m2",0.377041982101079,0.578698142251402,-0.0885579086833189,0.0956839893106292,0.525462916080367
933,11115,"s14","m2",0.401945458940246,0.511926705857693,-0.162825254931912,-0.166800532240749,0.370247488160484
934,11117,"s14","m2",0.466863034840634,0.590062778044799,-0.0785438064536638,0.0890956587352856,0.0865580212874336
935,11135,"s14","m2",0.383703468656442,0.505681343670492,-0.132279335376542,-0.213470530385829,0.800283975356382
936,11140,"s14","m2",0.361848665325383,0.628845173971319,-0.136068922728085,0.0910751880296631,0.25689692278719
937,11162,"s14","m2",0.344505377518915,0.567820861449392,-0.284400349359193,-0.0399912737981204,0.387577392301831
938,11182,"s14","m2",0.398454765622841,0.533294803028649,-0.137569167778743,-0.051239282764807,0.0582224153775207
939,11195,"s14","m2",0.360777977793584,0.543007771833396,-0.238220774000152,-0.0725186859151342,0.540435148299241
940,11201,"s14","m2",0.513051986399684,0.682447713491795,0.0688535479434654,0.149697300418802,-0.0455440749318878
941,11225,"s14","m2",0.413030929776842,0.540495922855752,-0.0419773765647791,-0.139167744647278,0.472477369142915
942,11226,"s14","m2",0.386842877091933,0.597010468507639,-0.162118874649751,-0.0972615585321674,0.198363678925041
943,11228,"s14","m2",0.478236438419245,0.626214737716174,-0.120895515110403,-0.0284403169629781,-0.821975728660448
944,11239,"s14","m2",0.427330731500322,0.582356095425856,-0.118918296560525,-0.157339367664291,0.363390996637039
945,11258,"s14","m2",0.432857639276681,0.581184075163452,-0.0747901909689163,0.00451093789359264,0.182715584336925
946,11259,"s14","m2",0.411875498755255,0.590611677442889,-0.0935993267771775,-0.0227251987944905,0.570877654813421
947,11267,"s14","m2",0.379202616577566,0.528023059002096,-0.117190982862321,-0.0898727749146446,0.749412808669192
948,11273,"s14","m2",0.389523408013047,0.561786554218719,-0.11723536072598,0.0661258268253851,0.556166797777337
949,11289,"s14","m2",0.472718678765016,0.599321469087608,-0.0926172314296727,0.0690799451604886,-0.0664318343033692
950,11290,"s14","m2",0.377629959172016,0.580862961330613,-0.164029364406308,-0.0347333052106701,0.549661586029588
951,11291,"s14","m2",0.454050195642414,0.529783517175363,-0.0486770499643256,-0.19080930811997,0.203532636001131
952,11305,"s14","m2",0.512965648841685,0.646512589059423,0.0518228150680508,0.0721652790543392,-0.194499523745106
953,11316,"s14","m2",0.41302563409018,0.576965092033429,-0.218190855279235,-0.162715938380703,-0.14424281399175
954,11326,"s14","m2",0.466326612712502,0.534524319009965,-0.0868254170477747,-0.0106381331133858,0.148914729956276
955,11337,"s14","m2",0.476296912804554,0.667836419022792,-0.019602211125241,0.0711874447467191,-0.280872402253856
956,11354,"s14","m2",0.427113949427911,0.58311337440524,-0.0148350603501332,0.0363988541510529,0.322097820654974
957,11356,"s14","m2",0.433499658303604,0.520075406508439,-0.153637198717926,-0.21419436721091,-0.0266596921259809
958,11358,"s14","m2",0.538739062671776,0.591914868353549,0.0321375037643492,-0.103492567559622,-0.543798619401378
959,11360,"s14","m2",0.303847712323738,0.526607582783801,-0.31395544763282,-0.197860456601658,0.904460922612648
960,11374,"s14","m2",0.445884089529296,0.583677877370073,-0.0698767738656873,-0.0977245398675775,0.505923356545844
961,11382,"s14","m2",0.407402604763526,0.541116330635704,-0.106468436690781,-0.136494127097887,0.585006212507424
962,11388,"s14","m2",0.349174179100778,0.563062893493035,-0.216085797378664,-0.131595497198106,0.4691987642897
963,11389,"s14","m2",0.534214695198255,0.645859280232205,-0.0457814740963121,-0.212218466352721,-0.927060797546884
964,11394,"s14","m2",0.412332486715381,0.611854324620158,-0.149437170655743,0.00621022446252542,0.0389694450987658
965,11398,"s14","m2",0.490864056509802,0.636948365987436,-0.0207479089957564,-0.0100071639789793,-0.0325595003709776
966,11439,"s14","m2",0.51315117541065,0.634404915423861,-0.0745247805725829,0.0297617655868853,-0.401997269925072
967,11444,"s14","m2",0.37729067976741,0.57544242690116,-0.195050622208046,-0.111548649767878,0.354331996323529
968,11467,"s14","m2",0.514831194907052,0.644991644648574,-0.16050929855107,-0.00547540039639318,-0.788433495708013
969,11498,"s14","m2",0.352742604797674,0.510041216018555,-0.238824061492641,-0.0765250782421112,0.582964437898556
970,11518,"s14","m2",0.427267937559222,0.471752297261793,-0.119346510035869,-0.275338513434684,0.447288170187994
971,11525,"s14","m2",0.446898284595788,0.613320807599634,-0.12998838099231,0.0869760082161362,0.292385449580441
972,11538,"s14","m2",0.547509460015243,0.686018025756853,0.00461242048687097,0.0143387717309853,-0.640729522979104
973,11570,"s14","m2",0.461796105755252,0.488482981503061,-0.0793201763347418,-0.105668240762835,0.197586255365464
974,11572,"s14","m2",0.417803495383276,0.561856159234901,-0.140342391380549,-0.0707605575833324,0.479868100122463
975,11589,"s14","m2",0.410514932435218,0.501279520412062,-0.110449521975585,-0.165661987571992,0.341409316348779
976,11598,"s14","m2",0.429166913073518,0.512561493309427,0.000936221696876299,-0.271717393416756,0.454358840733921
977,11630,"s14","m2",0.344880303993871,0.526414622976559,-0.198544107354296,-0.135945121528474,1.1651676360218
978,11648,"s14","m2",0.466492232269016,0.649189422681481,0.0232446523517764,-0.00712362598270163,0.0157495939471381
979,11650,"s14","m2",0.336618468822025,0.48286008868066,-0.178584596683375,-0.120814908307854,0.859659980007366
980,11666,"s14","m2",0.398622088428566,0.600686571391468,-0.042967857082801,-0.0303352911958644,0.0973369392362834
981,11669,"s14","m2",0.398854635234557,0.594905759898538,-0.205856865330805,0.0370672878291556,0.494006209132424
982,11674,"s14","m2",0.295100591149775,0.494283325025788,-0.146230837700944,-0.0875104015478242,0.953382272997982
983,11680,"s14","m2",0.373370550782237,0.755186810219973,-0.165016384122845,0.155286955158736,-0.133403067000455
984,11684,"s14","m2",0.528278745506373,0.604749752149126,-0.0139011714413675,-0.0543688928334792,-0.149531837813959
985,11712,"s14","m2",0.3724391296315,0.521881546448064,-0.10116106639777,-0.194362201630534,0.572988743419181
986,11713,"s14","m2",0.512820242086181,0.667479081142967,0.0176537376788324,0.0613526990447391,-0.300825932510012
987,11719,"s14","m2",0.441570953603777,0.587584828772417,-0.0294831968274148,-0.0769136373149686,0.236365927804512
988,11729,"s14","m2",0.383562992345877,0.550655070550721,-0.0260753483075856,-0.108999996927571,0.601421708638393
989,11754,"s14","m2",0.530582006363624,0.619350948420559,0.0503953880918863,-0.174072621202608,-0.422745757620025
990,11780,"s14","m2",0.513794244398638,0.653976362606046,0.033600199522914,0.0650003191745435,-0.323351621528736
991,11787,"s14","m2",0.51374586798584,0.610281176502458,0.0862606647161268,-0.0990541755400751,-0.197510184362789
992,11796,"s14","m2",0.354136386685754,0.49920618325655,-0.039349316853484,-0.130898961484476,0.679565230995522
993,11797,"s14","m2",0.346623215878475,0.56484451556097,-0.203800132358386,0.0473718546321731,0.638781889628995
994,11801,"s14","m2",0.505456354365403,0.648960466555552,0.0535590199238727,0.0773472347666782,0.177752590737198
995,11823,"s14","m2",0.400951969265842,0.655637112059689,-0.0735227361615894,0.120964214974907,0.246632870320523
996,11841,"s14","m2",0.429457231092186,0.503969881064464,-0.0881029499449506,-0.237352547650418,0.4208581209791
997,11843,"s14","m2",0.459322411950837,0.524869641629077,0.00289727983500229,-0.115427825088744,0.0190831114575332
998,11846,"s14","m2",0.463806513422556,0.631643923816645,-0.144786324100847,0.0125986709668637,-0.306867158770731
999,11874,"s14","m2",0.446018561937835,0.696495235108888,-0.118844824383255,-0.00582950395173807,0.00802915476117261
1000,11878,"s14","m2",0.268654232198057,0.587299578056037,-0.393265923079218,0.042348742894338,0.559921803561477
1001,11888,"s14","m2",0.382760534243835,0.617410309013919,-0.136509915132086,-0.0404488049685601,0.0263594320703194
1002,11901,"s14","m2",0.465970681190066,0.666051041046384,-0.147094614346182,-0.0150577868114561,-0.238597241695447
1003,11917,"s14","m2",0.368916733782351,0.607208267601477,-0.0100453751987891,-0.044635375551354,0.496031054891857
1004,11933,"s14","m2",0.314559376127046,0.5475745223633,-0.271944759514883,-0.0899356838969242,0.35335445105857
1005,11951,"s14","m2",0.43408426463201,0.520375993905278,-0.0641878925541497,-0.143225227720938,0.0630094562506344
1006,11974,"s14","m2",0.430102869455453,0.533623130275127,-0.0367146676468021,-0.107858337167126,0.446469712025383
1007,11976,"s14","m2",0.388810238283513,0.561934811315418,-0.0946602381161698,0.0395427215473981,0.526714258612639
1008,11996,"s14","m2",0.348071044195354,0.584231569296637,-0.208635941036823,-0.008263791227358,0.793893550007494
1009,12006,"s14","m2",0.491787265965392,0.630271903324469,-0.0522378755441913,-0.0297817740574305,-0.179542807050881
1010,12019,"s14","m2",0.360410863603427,0.51473447510121,-0.193540288690616,-0.0814030407296974,0.557999973468055
1011,12021,"s14","m2",0.366520984416316,0.474546472441033,-0.158763430382431,-0.0877669347946629,0.631134123826469
1012,12031,"s14","m2",0.48897713699939,0.743910166109972,-0.0591339515174475,0.143536413425816,-0.592591359332375
1013,12060,"s14","m2",0.411663791032881,0.686235079836345,-0.0326843600019451,0.139147581478099,0.0328493852535821
1014,12079,"s14","m2",0.310444144875138,0.542951878213464,-0.1907125175969,-0.086961368300406,0.690150390249129
1015,12087,"s14","m2",0.387765925813797,0.547101137061244,-0.138918920810266,-0.0610990535553856,0.567659398512074
1016,12099,"s14","m2",0.40007224040689,0.571838242175539,-0.106349692454596,-0.0769520179555114,-0.103413337008123
1017,12107,"s14","m2",0.403474947693919,0.683331740843873,-0.143024193293522,0.0981135690144397,-0.0468017859182955
1018,12128,"s14","m2",0.437243216739195,0.551421485154724,-0.0752556050762884,-0.146671542504319,-0.0841239632720383
1019,12157,"s14","m2",0.454136947873732,0.537001166510769,-0.0330822949948521,-0.113904586663754,0.476121295876011
1020,12159,"s14","m2",0.338778529389759,0.51765479730634,-0.147745215150338,-0.062572738429253,0.625681015525003
1021,12168,"s14","m2",0.312981972008422,0.632568680251909,-0.331902910168523,0.0328538802081333,0.368749858288591
1022,12188,"s14","m2",0.385018198520453,0.602963392075154,-0.0958540054699476,0.0634576449881604,0.025061740357677
1023,12216,"s14","m2",0.337998207285889,0.517923803910949,-0.157816409612356,-0.166220138827186,0.985965608184479
1024,12224,"s14","m2",0.445253591450547,0.595253682881088,-0.0867521117846776,-0.137206633209662,-0.33283850038568
1025,12228,"s14","m2",0.355080688517994,0.645497302116456,-0.27596578079123,0.109557991445533,0.303618763348032
1026,12231,"s14","m2",0.391404258969012,0.579238007753011,-0.18309692553937,-0.0426603480181225,0.467296439657652
1027,12236,"s14","m2",0.450495784368049,0.542005681555344,0.00617270135027622,-0.0882961440861183,0.868922086132197
1028,12243,"s14","m2",0.355834055920353,0.500996803982956,-0.467911310019573,-0.11159577402565,0.824479620956295
1029,12270,"s14","m2",0.347351068654681,0.489016468422089,-0.0656974913588464,-0.0967676610962749,1.0950188819235
1030,12282,"s14","m2",0.538244590739498,0.744982931556429,0.0735235353931568,0.26708542219598,-0.0719572119472517
1031,12299,"s14","m2",0.562008573564877,0.648161527925388,0.0871775016068176,0.0353509935868744,-0.477648989698777
1032,12314,"s14","m2",0.505661155666125,0.671530478716814,0.0212371112969644,0.0331467142273134,-0.309988520988893
1033,12322,"s14","m2",0.321578833047274,0.499599331752559,-0.215089202800684,-0.137675637169604,0.767406723947268
1034,12354,"s14","m2",0.488643871250696,0.705975384407517,-0.00186012994634489,0.0487578065822739,-0.18151625439437
1035,12359,"s14","m2",0.526495523666243,0.543281666729434,0.0747090569089872,-0.0805852815524965,0.0673295232401824
1036,12360,"s14","m2",0.326355144450151,0.594995084126222,-0.305662986529028,0.114324156616615,0.577044613773623
1037,12366,"s14","m2",0.460146050679426,0.618736197501764,-0.0487541828621709,-0.0714262583101895,0.0593500923726259
1038,12370,"s14","m2",0.344993587211523,0.50547576509429,-0.217189942202158,-0.127033048654129,0.884135683427586
1039,12398,"s14","m2",0.475001446572594,0.669942455294915,-0.108863975528628,0.0943284657529984,-0.247378629773558
1040,12413,"s14","m2",0.707048490133159,0.756678365861633,0.107742490144566,0.0694982173102549,-1.69591573038974
1041,12428,"s14","m2",0.507405105862686,0.660689081831475,-0.0215764680053788,0.0556065477712569,-0.402526740660703
1042,12438,"s14","m2",0.433543905184026,0.48062443743118,0.0167557468912136,-0.0463749469179627,0.484770150918535
1043,12455,"s14","m2",0.396936319551934,0.544170977414093,-0.0594852609430494,-0.00696655085056387,0.339883530031282
1044,12466,"s14","m2",0.432511753423838,0.511753693867618,-0.00171911920205144,-0.0096694564014753,0.829645383741685
1045,12474,"s14","m2",0.47477106013377,0.60217148340532,0.0495724489370174,-0.022779485901023,0.153826219111811
1046,12484,"s14","m2",0.445267411336286,0.593113827428569,-0.0619950412417966,-0.0487507586961381,0.429873470443181
1047,12485,"s14","m2",0.371635692321608,0.579017796521017,-0.158781832930374,-0.0432693614759322,0.436945447421999
1048,12490,"s14","m2",0.404462361212257,0.450200002921069,-0.0536114276810673,-0.237881780863049,0.659326746420078
1049,12506,"s14","m2",0.506600229865248,0.603152169502791,-0.0617272570534194,-0.129672641707489,0.0218977027970171
1050,12519,"s14","m2",0.438191895232768,0.568939038794044,-0.136542896298965,-0.0629690349514343,0.0640502795121703
1051,12524,"s14","m2",0.380447952665235,0.568003150246452,-0.128456770087039,-0.184290480038466,0.237309071628502
1052,12529,"s14","m2",0.421283917291881,0.621930685896453,-0.0272676275170333,-0.0882818103090045,0.156498161044473
1053,12532,"s14","m2",0.564977982078945,0.623044716473788,0.0672103918446439,-0.0262274164359382,-0.399394174165863
1054,12535,"s14","m2",0.492104139848697,0.645660814267747,-0.0550925936082784,0.0868422694605347,-0.253803000725623
1055,12546,"s14","m2",0.485972136699961,0.503602810497086,-0.00386334099456466,-0.0750178759782308,-0.157353419651341
1056,12559,"s14","m2",0.403980507074341,0.586716678210558,-0.18672985728843,0.0349767875432311,0.349548971894653
1057,12569,"s14","m2",0.490399996125571,0.6652998153348,-0.0960269071073676,0.0801970087929874,0.119514870882479
1058,12578,"s14","m2",0.418036279789393,0.508227919019025,0.0106588201812345,0.0149928579210679,0.69513550511949
1059,12581,"s14","m2",0.378342136407057,0.553485396449965,-0.172929964457883,-0.0263479820512384,0.0261861741493862
1060,12590,"s14","m2",0.32006568580338,0.50429336460209,-0.242692848759094,-0.0429000355128148,1.0810295896448
1061,12617,"s14","m2",0.409971816517266,0.571002708306312,-0.195642095481434,-0.0827329943451555,0.572531393307205
1062,12620,"s14","m2",0.610580725485013,0.721519470010983,0.0802661523694566,0.0645807294720619,-1.03191963500689
1063,12621,"s14","m2",0.498509845219966,0.613811184703239,-0.0754376459029489,0.0164882244026075,-0.0612080167224716
1064,12627,"s14","m2",0.579478843446146,0.666702624433491,0.19781697709978,0.119167259411624,-0.590352546737014
1065,12653,"s14","m2",0.397208485177378,0.579572704649862,-0.262376693666051,-0.069352679571227,0.378045108043815
1066,12656,"s14","m2",0.444143593025707,0.567105904210302,-0.182269716884357,-0.109662077353431,0.0428462984557707
1067,12676,"s14","m2",0.490619951746928,0.585450254713473,0.0449601063829132,-0.0618324976175071,0.234502277790845
1068,12684,"s14","m2",0.39152601596795,0.49744107374152,-0.0903098162834533,-0.277268122669691,0.227545880547704
1069,12693,"s14","m2",0.443282298576513,0.671446333365896,-0.13681020290744,0.0567692295646272,-0.126364203715337
1070,12694,"s14","m2",0.305783488180827,0.513447396006862,-0.236570500624912,-0.0523031790725425,0.601679131237474
1071,12704,"s14","m2",0.404268003418915,0.496182460878481,-0.0557475599818681,-0.0823538042474869,0.474435025040989
1072,12714,"s14","m2",0.480291637940922,0.599450873172016,0.0136294103045348,-0.0698877893677887,-0.0976719518891175
1073,12719,"s14","m2",0.393225088619455,0.584928966856071,-0.212263720180548,-0.00873230445538636,0.146320564862683
1074,12724,"s14","m2",0.438431008560921,0.582666259470953,-0.0706251240904088,-0.0263768659984191,0.120985122679141
1075,12751,"s14","m2",0.400325070130323,0.605651088504516,-0.0587514298867866,-0.0854301040879912,0.684381659209119
1076,12757,"s14","m2",0.436798954181581,0.668284357883643,-0.133700043176704,0.0476429850547243,-0.516595290475064
1077,12761,"s14","m2",0.347254855398469,0.446448940154383,-0.17124878330914,-0.21127670104862,0.813348159333441
1078,12770,"s14","m2",0.351837638451499,0.59436286007985,-0.118013848211175,0.0113197687504141,0.435902463235852
1079,12778,"s14","m2",0.353433568725533,0.579012162822208,-0.121274869367383,-0.17382398197574,0.280506393685197
1080,12813,"s14","m2",0.61841143794459,0.643805708704718,0.0966040037495166,0.0598801029220272,-0.432661006921499
1081,12820,"s14","m2",0.299259251402682,0.487609948547759,-0.198881633471845,-0.186413080655243,0.415809389036612
1082,12835,"s14","m2",0.394306302946527,0.568566749250969,-0.0868795397315788,-0.0537844380919612,0.451353659760672
1083,12854,"s14","m2",0.466071230243291,0.592988448374736,-0.105135799756496,-0.0754976782414914,-0.136803365527932
1084,12874,"s14","m2",0.503583013041022,0.646592966912198,0.1121531421952,0.040148403648249,0.346551275959568
1085,12889,"s14","m2",0.369712538409854,0.528574799415113,-0.190892640070276,-0.215746057092968,0.529022222294606
1086,12892,"s14","m2",0.383806195047887,0.678843588105168,-0.190152422167833,0.0996116974151642,0.0639356010144699
1087,12916,"s14","m2",0.349504541693187,0.582113078363934,-0.197849608693953,0.018604746706352,0.396373045249533
1088,12921,"s14","m2",0.434704625898879,0.709980333860474,-0.0741124857865014,0.0889938510329899,-0.12462789555892
1089,12941,"s14","m2",0.352732852542821,0.553718880738944,-0.215399803166505,-0.181348831177134,0.374130963983632
1090,12969,"s14","m2",0.61978244972089,0.683436784677603,0.0826862911703072,0.0530368054687199,-0.683355909259018
1091,12987,"s14","m2",0.384122865057191,0.469731140524719,-0.156189010166037,-0.0786514027646883,0.668720290180384
1092,12998,"s14","m2",0.472765833897426,0.693414374015025,0.0393670529190186,0.13625467200054,-0.0856758189963638
1093,13003,"s14","m2",0.533874167391472,0.591341773511965,-0.0849609605819561,-0.0530963660815274,-0.508331330925611
1094,13004,"s14","m2",0.490241608578679,0.614800605394935,-0.0376434177645606,-0.0431356897922606,0.15301787502691
1095,13020,"s14","m2",0.480303129807594,0.736425485524957,-0.080373997298586,0.180545934942651,-0.548796503165506
1096,13035,"s14","m2",0.476972378610679,0.744996446471827,-0.0699396786372813,0.238472350685788,-0.867282916440676
1097,13037,"s14","m2",0.400565660355101,0.557094822289652,-0.116905018302071,-0.0266456329287558,0.393680137093428
1098,13049,"s14","m2",0.609025578568348,0.76918875816026,0.0664021655487758,0.169563357960029,-1.27773258032584
1099,13065,"s14","m2",0.434066147666717,0.66259833106237,-0.0626395495273914,0.0645524180110568,-0.0989962173489184
1100,13068,"s14","m2",0.479076542609672,0.5303662993969,0.128843941275279,-0.163664676605961,0.200992987284018
1101,13072,"s14","m2",0.363001345161471,0.500982031896388,-0.139867260760261,-0.202562199372351,0.588362249923837
1102,13081,"s14","m2",0.436509981811229,0.498645251600252,-0.0418601911316048,-0.209772221172235,0.440158892747572
1103,13090,"s14","m2",0.591952561435767,0.612365274296775,0.170222721599825,-0.0220364840496577,-0.0576077054658122
1104,13100,"s14","m2",0.411305912925879,0.613507994097949,-0.0561481046428859,0.079832748991628,0.182295175865465
1105,13111,"s14","m2",0.363963308209731,0.548553139014247,-0.119554286671334,-0.160196749817391,0.268851164273592
1106,13131,"s14","m2",0.546910432625178,0.808749155980672,-0.005883506521359,0.197628506379422,-1.30067249633234
1107,13146,"s14","m2",0.351772470599324,0.466652829753929,-0.232794664557471,-0.243500140784319,0.646367334549428
1108,13157,"s14","m2",0.52340961787471,0.61603941998146,0.107472383211216,-0.0186799236793732,-0.141244884875593
1109,13159,"s14","m2",0.310736965545844,0.561907797835998,-0.304214418634,0.00484213337308317,0.623470335293764
1110,13169,"s14","m2",0.31231158218123,0.553767457996798,-0.170076501815362,-0.0890551488514732,0.796563703296959
1111,13201,"s14","m2",0.491751081731702,0.657517038966301,-0.0579578955319649,0.0560647566814081,-0.376618204554586
1112,13202,"s14","m2",0.46098691472321,0.645258088102433,-0.128551368719895,-0.0407982332721813,-0.0267174438681451
1113,13205,"s14","m2",0.470670110288125,0.651373344230744,0.0872406823654685,0.0461164756641558,-0.0985127969239942
1114,13206,"s14","m2",0.406272252474261,0.514612514545705,-0.151256016855616,-0.0383535359588675,0.737047207840641
1115,13218,"s14","m2",0.444721670568968,0.468242698830914,-0.138417151192254,-0.254457271035559,0.122767227833091
1116,13249,"s14","m2",0.542488871837913,0.764193782184128,0.085467217971473,0.188376801974078,-0.493481971699977
1117,13258,"s14","m2",0.481875177831273,0.581312316843995,-0.0319963480210064,0.00483856085897925,0.114565094188566
1118,13263,"s14","m2",0.377319995344587,0.597097137240933,-0.240631798259039,-0.0371427596862337,0.447284453618691
1119,13265,"s14","m2",0.460238671422774,0.555768030651609,-0.0540255580600091,-0.0118731139331529,0.378650044926356
1120,13280,"s14","m2",0.355344095529954,0.592227448879204,-0.250264411490417,-0.0529310924676101,0.228351128485596
1121,13321,"s14","m2",0.387544783942506,0.545633283506446,-0.00442847142846707,-0.0370078048753653,0.604249429263993
1122,13325,"s14","m2",0.407816481321731,0.576346343476565,-0.105814831014969,0.0477041357099282,0.476368754221811
1123,13331,"s14","m2",0.421973276052642,0.556849888404703,-0.0607570060903598,-0.0919995226766903,0.62966471309637
1124,13337,"s14","m2",0.479611852891277,0.634096097942716,-0.0242927078415674,-0.0744082513575531,-0.391522366518317
1125,13341,"s14","m2",0.444824088918087,0.530394977265911,-0.0519064760453648,-0.154963398773839,0.431415123299289
1126,13345,"s14","m2",0.366007224944278,0.542290855548614,-0.231537619264534,-0.0257395205708298,0.561273764843314
1127,13357,"s14","m2",0.393207768902394,0.62828705390054,-0.188722368896317,0.0287478344054943,-0.0539047401586388
1128,13363,"s14","m2",0.393156613849639,0.59876029521717,-0.00951908999861544,-0.00765932471424055,0.288583463808951
1129,13381,"s14","m2",0.46458498477672,0.617480581993879,-0.0308323188290281,0.0279468324968434,0.241564648862271
1130,13385,"s14","m2",0.493435508155612,0.605905524733026,0.052850996408876,-0.000388228069185453,0.150313620619251
1131,13386,"s14","m2",0.349439650412025,0.472503665062381,-0.278301709584627,-0.176857532801215,0.296160608447713
1132,13435,"s14","m2",0.486587989904889,0.665294241288144,-0.0350096300899398,0.00631732410963484,-0.187769049446278
1133,13440,"s14","m2",0.35233001942131,0.50654760153597,-0.207595384688773,-0.010376628232701,0.810105574456917
1134,13447,"s14","m2",0.359350096818654,0.494407463813946,-0.247114004666108,-0.022522734171427,0.628630936117758
1135,13449,"s14","m2",0.475778958875287,0.524711551604805,-0.0300227050160614,-0.140089216227788,0.156475522912826
1136,13451,"s14","m2",0.439830660591753,0.618196858555089,-0.121795129149257,0.0109041916429024,0.189358808737552
1137,13467,"s14","m2",0.453804783800207,0.572197614383217,0.00142954804918821,-0.156710491775266,0.154819203664597
1138,13475,"s14","m2",0.383317256306578,0.579325083089183,-0.195607721891707,0.00960415056471646,0.351873771745505
1139,13483,"s14","m2",0.52355830270073,0.577405389967563,-0.0856812997776745,-0.0797517145225804,-0.166181887457148
1140,13486,"s14","m2",0.635859546231773,0.78706417130962,0.082820989592064,0.118606906325381,-2.10150714801856
1141,13488,"s14","m2",0.520986399546216,0.622738068483077,-0.0427875088826567,-0.0962859291603653,-0.595816674585593
1142,13498,"s14","m2",0.546075971200531,0.598607638927146,0.123407356693961,-0.0829324046664579,0.0961180776577697
1143,13509,"s14","m2",0.603672626049722,0.717001609710343,0.0646999427510314,0.0512826698047373,-1.33677457618583
1144,13532,"s14","m2",0.464367298975487,0.636497283287635,-0.159330202445244,-0.0294689385503893,-0.00362607556661994
1145,13543,"s14","m2",0.465984238309396,0.650230561836131,-0.0719875351907047,0.0976883084378862,0.152412358012534
1146,13550,"s14","m2",0.35249840220647,0.594401994720245,-0.247797217213568,-0.057876865815808,0.594600499265864
1147,13567,"s14","m2",0.430460954556163,0.621736107174827,-0.16056269452235,-0.174716311192188,-0.0104500259263806
1148,13579,"s14","m2",0.327361768512025,0.538167279111098,-0.0428012263501246,-0.0641815582988567,0.470519006654471
1149,13592,"s14","m2",0.502886412579909,0.629296824271065,-0.0293723306344373,0.0175555504069735,-0.15438191680865
1150,13593,"s14","m2",0.348573542639369,0.52604703667998,-0.237444855881343,-0.0418645022625386,0.529448992688059
1151,13617,"s14","m2",0.383751609226598,0.615211100653029,-0.0926534768266809,-0.0209684326144102,0.441706385031804
1152,13625,"s14","m2",0.461813140861582,0.582225627762852,-0.018682877654255,0.00150114531766354,0.35155891268459
1153,13631,"s14","m2",0.324530030912765,0.536020240534612,-0.166061466785136,-0.0072018478847377,0.734319617549014
1154,13639,"s14","m2",0.481305260350985,0.578929491389244,0.00122404568705025,-0.00212457828261236,-0.198480519786939
1155,13642,"s14","m2",0.454941795500499,0.58702115414684,-0.149774537085445,-0.0583430184835155,-0.0325349397915875
1156,13658,"s14","m2",0.425323683651725,0.633819704156516,-0.122641955543518,0.049601829860165,0.266368764424219
1157,13666,"s14","m2",0.467374113674455,0.620834787472433,0.039453923533315,-0.0522039174254986,0.0037453778718683
1158,13690,"s14","m2",0.40242246426806,0.646956946579835,-0.231934693906815,0.0456252434587094,-0.0329940659881689
1159,13702,"s14","m2",0.345421640784023,0.537597430833269,-0.19680515217469,0.0082739662495018,0.695247476416481
1160,13717,"s14","m2",0.495239252674958,0.61829069197403,-0.0995174856345508,-0.0362845130026948,-0.0755118116145386
1161,13726,"s14","m2",0.471124985849327,0.562358599417162,0.0879718128503889,-0.0596439644688301,0.280910460767125
1162,13746,"s14","m2",0.407939216724613,0.644157039714398,-0.232876510327494,0.0792004294958048,0.236008754942344
1163,13797,"s14","m2",0.456873723765553,0.572661011602338,-0.0973018407742083,-0.199668265718403,0.205269266660936
1164,13798,"s14","m2",0.459126984590678,0.593286856870597,-0.0483455681546542,-0.0538603732432227,0.0673990006610005
1165,13814,"s14","m2",0.377980424711342,0.547269393128202,-0.287191315982835,-0.0684405963397907,0.227950772056857
1166,13820,"s14","m2",0.350709750007134,0.478408698632646,-0.208579190125542,-0.119417306126543,0.7909196488706
1167,13824,"s14","m2",0.453669293929626,0.594113057510475,-0.0994478444849788,-0.0959324136959718,-0.313465423284494
1168,13828,"s14","m2",0.467302108251288,0.645964327199273,-0.0586356288473364,0.0451558167706963,-0.0125639498762225
1169,13858,"s14","m2",0.38497230369797,0.5517634161233,-0.254886507386292,-0.172691738686456,0.00630473585032986
1170,13869,"s14","m2",0.49206941493506,0.491836285229636,0.0728637576867319,-0.155310380344813,0.308737228149673
1171,13875,"s14","m2",0.503160239667081,0.547425903963216,0.00133861158978066,-0.162514364418555,0.0497757569074479
1172,13890,"s14","m2",0.374503769635422,0.587634938792561,-0.0910211764518113,-0.0165339696820017,0.521721133927898
1173,13891,"s14","m2",0.33378265104138,0.618287650867097,-0.230531423928124,0.122760094052603,0.627297373539918
1174,13915,"s14","m2",0.337692775425592,0.55375873512138,-0.27498097223393,-0.0172412022812583,0.405674047577386
1175,13925,"s14","m2",0.4762552816684,0.577656161687064,-0.0682439733292017,-0.0856989075125086,0.322315393175274
1176,13926,"s14","m2",0.609008233977403,0.760972835275112,0.161968343564314,0.197518289505735,-0.734728740653161
1177,13930,"s14","m2",0.594040967730015,0.66876713450572,0.058142775121598,-0.0580886292227649,-0.504799735430115
1178,13940,"s14","m2",0.328845794927716,0.50084009035009,-0.199184974503957,-0.111266779569709,0.669557565170666
1179,13954,"s14","m2",0.503373142058434,0.49693285940326,-0.0114170129288133,-0.103302355719277,0.134701996154209
1180,13968,"s14","m2",0.512693422873549,0.595430596449033,0.181678634509165,-0.0414892962834387,0.464063876331834
1181,13976,"s14","m2",0.515975117900676,0.673350819182878,0.00441810322437907,0.118467503098696,-0.307051564198028
1182,14025,"s14","m2",0.497267772423631,0.577016551284322,-0.00611404165331312,-0.0780309019360246,0.0260264058211525
1183,14029,"s14","m2",0.319278633263704,0.529598306992531,-0.168002763355003,-0.188375514553364,0.642991640734608
1184,14031,"s14","m2",0.497240376879409,0.589721941189538,0.00226191437825077,-0.0164362585897398,-0.0531050404485631
1185,14043,"s14","m2",0.297581709829795,0.566013765019973,-0.281562747477729,-0.0600881711606588,0.696992266280569
1186,14049,"s14","m2",0.503902314208934,0.625734651890657,0.0434951186217329,-0.082467618028042,-0.353312424719225
1187,14076,"s14","m2",0.427409207362383,0.65990315242496,-0.156808829175343,0.0829706134797009,0.257836138237584
1188,14087,"s14","m2",0.517211413666925,0.558697262400729,0.0881170330621115,-0.2055901049501,0.174998369772776
1189,14105,"s14","m2",0.321525516416486,0.618614020075099,-0.104708013375504,0.121187099247896,0.413113704272052
1190,14118,"s14","m2",0.553930167092227,0.720862340458806,0.144663844405559,0.135306735571438,-0.834370536504745
1191,14130,"s14","m2",0.446891650923779,0.590745382504739,-0.16841935383112,-0.137212746019245,-0.0146450780663599
1192,14137,"s14","m2",0.519732282620862,0.687087929654991,0.0133815407367845,-0.00541583686879791,-0.334766031783759
1193,14142,"s14","m2",0.466226888299907,0.60439705913712,-0.0625283099830868,0.0839267791295727,0.0553340799507894
1194,14147,"s14","m2",0.452804707296577,0.657846357586941,-0.00964776321320725,-0.0265388875084558,-0.16897523018829
1195,14164,"s14","m2",0.284362572516607,0.574264144812251,-0.335531410624586,0.0497857970760248,0.705990031731448
1196,14175,"s14","m2",0.414938760464704,0.56752550558755,-0.0222168554811595,-0.0451497216536915,0.713521402146245
1197,14198,"s14","m2",0.411641184644046,0.596845276104109,0.0246286271502856,0.0581378397104411,0.599558193082441
1198,14202,"s14","m2",0.335152272074977,0.573743525051167,-0.306759679930296,-0.0954427444031004,0.645802173762497
1199,14204,"s14","m2",0.517437973783112,0.532013055556309,-0.059614622340435,-0.105797447293305,0.201136197604579
1200,14207,"s14","m2",0.380523988984945,0.503320991826348,-0.181427048257855,-0.251558067898597,0.381307212235
1201,14209,"s14","m2",0.456116984674224,0.584705746767166,0.0789519987742701,-0.0289589817127458,0.3221712395458
1202,14212,"s14","m2",0.38882904826685,0.616640164537243,-0.308875031543034,0.0426003670833374,0.513843910048537
1203,14213,"s14","m2",0.424177349818082,0.573531219786659,-0.0925367410562467,0.0311750781913552,0.284686472561229
1204,14224,"s14","m2",0.454854200780903,0.545949557453747,-0.0669602027190548,-0.102471773524765,0.120030386785366
1205,14238,"s14","m2",0.451552791967973,0.611795205164975,-0.0513618139181308,-0.014940252417426,-0.087370654108956
1206,14245,"s14","m2",0.382317459080828,0.660396358126532,-0.0919149848193536,0.161279517540439,-0.0028563982762266
1207,14246,"s14","m2",0.420413299686478,0.566140603834043,-0.0810770985356,-0.128216866752088,0.5385104914958
1208,14251,"s14","m2",0.40033179523995,0.646427250709141,-0.121136832751842,0.13875157135376,0.00952247202394576
1209,14253,"s14","m2",0.426730024609619,0.521266578278498,-0.0789881917770465,-0.196224046498903,0.826648249895845
1210,14280,"s14","m2",0.357601819052327,0.544132087511494,-0.109774807716955,0.0504074058095632,0.806364088206042
1211,14281,"s14","m2",0.364817922723537,0.523448224080836,-0.078861224717764,-0.0763713549269407,0.657681305933697
1212,14292,"s14","m2",0.416851737740303,0.554797461696789,0.0482276669968145,-0.188412968835935,0.287685684935135
1213,14295,"s14","m2",0.522316607169078,0.542396774781596,0.107885851332616,-0.147718762467921,0.0382141992459407
1214,14319,"s14","m2",0.397612531780113,0.546272527214186,-0.19055020427497,-0.153558546102434,0.371639714693674
1215,14337,"s14","m2",0.409239469024269,0.576406306525027,-0.233439891517083,0.00643720401904275,0.489766110294755
1216,14338,"s14","m2",0.370720391292198,0.519943473833516,-0.267470910143558,-0.11557826297924,0.0100750892600227
1217,14359,"s14","m2",0.436964541841897,0.662881954924505,-0.0905694690586931,0.0448784840783786,0.0263786038296936
1218,14377,"s14","m2",0.368194297673463,0.541241601980062,-0.0896801770038847,-0.0727240761417812,0.540273866656144
1219,14378,"s14","m2",0.506294627608911,0.639990398434056,-0.00383731828867552,-0.0527769487519008,-0.822340357072861
1220,14405,"s14","m2",0.465712485032504,0.678057724383926,-0.0777625761945961,0.102994174850172,-0.183886380508719
1221,14408,"s14","m2",0.473737649708025,0.675962111731049,-0.0687274915573202,0.0358316480690632,-0.520978960002399
1222,14409,"s14","m2",0.39127096551693,0.594788875555956,-0.12632181942062,-0.100818390101311,-0.0674290922796976
1223,14419,"s14","m2",0.409763462856877,0.581545164872777,-0.104996243393472,-0.0790424539373682,0.239657093086111
1224,14440,"s14","m2",0.428440498241699,0.628669807909811,-0.0470670114524309,0.116208020881845,0.403354069090378
1225,14449,"s14","m2",0.346412532604056,0.478916686214114,-0.138762451289443,-0.128599119805233,0.795466419753137
1226,14450,"s14","m2",0.422335052908499,0.609225744157118,-0.0924915983202513,-0.021557813923976,0.396851031079812
1227,14456,"s14","m2",0.498311396939114,0.649904424058547,0.0642122816603919,0.121777683313199,0.252785741768258
1228,14465,"s14","m2",0.350837275720323,0.597098654304668,-0.144076642612768,-0.0883228697483434,0.310865358706605
1229,14479,"s14","m2",0.376128441029273,0.646797409545,-0.166140466694844,0.169802023313264,0.366402972233588
1230,14491,"s14","m2",0.488144746475924,0.601483305712432,0.00607114356292616,-0.110898946822241,0.131870749847577
1231,14523,"s14","m2",0.486858256936664,0.610184434362629,0.0129636687492255,0.0418629542644094,-0.0924837024906597
1232,14529,"s14","m2",0.445313537458169,0.588506036978881,-0.0514252307280349,-0.108985132669932,0.22555243682845
1233,14534,"s14","m2",0.382324869943635,0.548341341361455,-0.192987084771852,-0.043495052343398,0.775472918668203
1234,14536,"s14","m2",0.400335047265512,0.633101925874641,-0.151719536534464,0.161611407497516,-0.0821639747191432
1235,14560,"s14","m2",0.525530406918649,0.580031442619457,-0.0722922403977644,-0.0185843613153612,-0.370999530937582
1236,14565,"s14","m2",0.445583353563124,0.607502521511197,-0.0250521736518621,0.0236990794438842,0.146445204714348
1237,14611,"s14","m2",0.386480425258946,0.507718799492542,-0.138512913346089,-0.164544091534098,0.798393594113575
1238,14615,"s14","m2",0.333737943010973,0.500411757157986,-0.254922839182386,-0.0754862896412578,0.853469598018289
1239,14631,"s14","m2",0.402327780005503,0.617101766942613,-0.151395909083679,0.0282488653912848,0.0625210115891634
1240,14655,"s14","m2",0.460251176558621,0.598382954830893,-0.0789279380648416,-0.089718608396924,-0.187778800697793
1241,14673,"s14","m2",0.449143533609258,0.565049040360191,0.0909489607231907,-0.02322253631728,0.531077726807052
1242,14674,"s14","m2",0.540267420578745,0.720251651708582,-0.117742844079837,0.103177154566229,-0.962981156356869
1243,14679,"s14","m2",0.489902036187563,0.594913788491013,-0.0456413925432327,-0.0786720321911337,-0.0410887649814992
1244,14684,"s14","m2",0.417462231223036,0.593398196306486,-0.007153177025244,-0.00709016496538935,0.536267973755307
1245,14697,"s14","m2",0.325710314945801,0.45394265387822,-0.160524071461323,-0.261381878450211,1.31692260436554
1246,14699,"s14","m2",0.466904058942668,0.50709682167138,-0.00164799014292468,-0.16221334432658,0.242792844227692
1247,14723,"s14","m2",0.327404729118126,0.552865382622327,-0.139588824925598,-0.0013961536128761,0.488064703814906
1248,14726,"s14","m2",0.456527711021491,0.533663097583675,0.00935363436732948,-0.118275637315453,0.358211737661136
1249,14729,"s14","m2",0.509921707282723,0.5581907446724,-0.0154613115886751,-0.147555008843742,0.0503528030975137
1250,14736,"s14","m2",0.354385660096681,0.567622892548529,-0.165934254889088,-0.0857925263086333,0.069983703704025
1251,14745,"s14","m2",0.472144793955404,0.636976442084044,-0.0616689861059494,-0.0224753074717446,-0.200961562760934
1252,14764,"s14","m2",0.328766424266938,0.548918318498341,-0.159950919296882,0.00883010475456946,0.740607807135794
1253,14781,"s14","m2",0.458917531322195,0.655284355469857,-0.066982568702252,-0.000855102736296111,0.0725115389163644
1254,14790,"s14","m2",0.545063198200431,0.678356088279733,-0.0917665941943793,-0.0343603513342491,-1.05725013409472
1255,14851,"s14","m2",0.395438005334059,0.585747675179837,-0.115218374980895,-0.148677615425981,-0.268188247228597
1256,14857,"s14","m2",0.315858321954803,0.565776919887808,-0.282973369078391,-0.0966741968029011,0.766068615266587
1257,14865,"s14","m2",0.578894725080559,0.709047446873199,0.0287110330958498,0.0718617747206526,-0.862010135638908
1258,14877,"s14","m2",0.516071036074347,0.621093374859942,-0.0847233982752214,0.103128566676737,-0.284622849794205
1259,14879,"s14","m2",0.527482130043448,0.654385022696273,-0.0480925270367967,-0.182653720699554,-0.56954822580919
1260,14881,"s14","m2",0.470927734969802,0.714506174013627,-0.12018631095905,0.110893674151343,-0.142287531871534
1261,14882,"s14","m2",0.304009305841828,0.481421956898092,-0.30573558291694,-0.151441400204726,0.779805707836212
1262,14883,"s14","m2",0.496198004459097,0.59001795208879,-0.0459533974107237,-0.217224230052119,-0.139365431394562
1263,14907,"s14","m2",0.477814206907286,0.5953398355921,-0.104751706130343,-0.0765541203061705,0.0381686364576919
1264,14932,"s14","m2",0.366417838627041,0.557802900130165,-0.138868104055555,-0.0111822102787102,0.559356520117211
1265,14934,"s14","m2",0.386193424593701,0.533185990298148,-0.121058509445745,-0.0685055272938884,0.369027991608771
1266,14956,"s14","m2",0.428351404750113,0.614597236678781,-0.0759802969775842,-0.0280334656914706,-0.0382224070202958
1267,14966,"s14","m2",0.461825542915802,0.654931002749454,-0.0819393827120071,0.0828166896765334,-0.23316826856455
1268,14980,"s14","m2",0.423164787603876,0.540566836593514,-0.0322177991222676,-0.110999785559218,0.42313694439883
1269,14985,"s14","m2",0.405086682064974,0.52283368057448,-0.173447176470203,-0.107053826575708,0.56052279070077
1270,14988,"s14","m2",0.346134709334562,0.488254651627607,-0.37992824857968,-0.2307794382314,0.544574543376922
1271,15021,"s14","m2",0.289395076026627,0.554881679747745,-0.214322466508707,0.00298607962184583,0.824739529118521
1272,15030,"s14","m2",0.386222822521195,0.538257297029525,-0.249640516340611,-0.166439558161874,0.256578759764382
1273,15039,"s14","m2",0.452347220521303,0.614790381366009,-0.00495124876357026,-0.00459703948519944,0.22035222134558
1274,15045,"s14","m2",0.473232359837101,0.590916893496575,0.0546227833103048,0.0274768299130872,0.40738015122047
1275,15047,"s14","m2",0.560758790372986,0.667957070400621,0.0631763327955202,0.0493611787638679,-0.340596260839762
1276,15049,"s14","m2",0.303538061312333,0.601294653333082,-0.29747670830236,-0.0477310465098525,0.90244328340153
1277,15053,"s14","m2",0.350066139911311,0.540627992962935,-0.184303599075622,-0.05026091797014,0.584412807831042
1278,15059,"s14","m2",0.383138676337484,0.596613860408308,-0.176229436608019,-0.0470485777172279,0.490034436948555
1279,15126,"s14","m2",0.483695487092545,0.581749334286372,0.0749377314144127,-0.0852969441798039,-0.197569014828706
1280,15134,"s14","m2",0.461566162779111,0.600880926712456,-0.142433141327212,-0.00458890387323946,-0.182957604742976
1281,15141,"s14","m2",0.515671584515559,0.632391742241453,-0.0435807857487497,-0.0215067364805678,-0.4357416839491
1282,15144,"s14","m2",0.37885273783054,0.58822901931246,-0.219739459969682,-0.0512971349006417,0.34504241667734
1283,15149,"s14","m2",0.5397719197856,0.595081378386972,0.0254625410176561,-0.0871108695976893,-0.378856343969358
1284,15166,"s14","m2",0.503777684792884,0.639523480636112,0.0399533693156624,0.0430876994429888,0.00789277189276285
1285,15170,"s14","m2",0.401577865186476,0.506450719746692,-0.228233649887301,-0.24120825884977,0.303936987448255
1286,15175,"s14","m2",0.456876158097469,0.585568777185288,-0.225770981913054,-0.045501895804208,0.265999289007468
1287,15185,"s14","m2",0.530363338978063,0.565678482142251,0.0670063786766791,0.0593749715995936,-0.132810405913264
1288,15210,"s14","m2",0.485822323565632,0.681325386407722,-0.0859208402724484,0.128634965531313,-0.160305914997668
1289,15218,"s14","m2",0.279231149116294,0.379433792195947,-0.185839702089449,-0.27461053719561,1.28206802744397
1290,15219,"s14","m2",0.40113718691322,0.464359829777518,-0.106063593783496,-0.148362017319264,0.611459403203612
1291,15220,"s14","m2",0.40146242962269,0.579229025058138,-0.149381373226059,0.0605974559026658,0.304405612135081
1292,15221,"s14","m2",0.43259700310308,0.505982295375227,-0.0174202572250502,-0.157282902647103,0.591275878926146
1293,15228,"s14","m2",0.604557612742717,0.64521705591196,0.0553661519818049,0.00959738663540901,-0.799807650162144
1294,15249,"s14","m2",0.571213466724675,0.61641999090042,0.0112909280097911,-0.0917557252663684,-0.28397790938707
1295,15253,"s14","m2",0.364916790699623,0.48829492796193,-0.184702176286997,-0.219047136470139,0.6156156182407
1296,15258,"s14","m2",0.394883776619903,0.452209171739207,-0.147199415583687,-0.244200785373518,0.82585330251411
1297,15272,"s14","m2",0.545962015562943,0.584601776793246,-0.0392633409332912,-0.111074734229002,-0.251132342821643
1298,15290,"s14","m2",0.429992320201116,0.55358577369891,-0.0359189832910151,-0.0145085378326928,0.529745853411184
1299,15314,"s14","m2",0.476778234908163,0.671265884093981,0.00171648141627364,0.0791258401681318,-0.245605061446983
1300,15344,"s14","m2",0.442197142690456,0.645976896600575,-0.034436215710725,0.0198829772074466,-0.0958111091406761
1301,15347,"s14","m2",0.447826581341641,0.492059190460268,-0.0199315686738714,-0.105674143659775,0.428035172852966
1302,15350,"s14","m2",0.490372424328434,0.506963191971663,-0.0641391241233395,-0.211309019338758,-0.185598359392151
1303,15364,"s14","m2",0.408464912417062,0.555797935540218,-0.126292380143466,-0.113430699490196,0.207110820076184
1304,15368,"s14","m2",0.465475621526297,0.675385272541475,0.021640733712682,0.085488538038845,-0.105006341672855
1305,15377,"s14","m2",0.430033604553486,0.556671321181628,0.0370209777963473,-0.00683495111751765,0.387294426825677
1306,15397,"s14","m2",0.579043189715601,0.690468649969553,-0.0431400401089674,0.0155724415542647,-0.959194751811652
1307,15400,"s14","m2",0.311845661816016,0.418625208269523,-0.279867333514942,-0.240293136448682,1.09444706032244
1308,15426,"s14","m2",0.402304860066606,0.591291655178247,-0.216332269502529,-0.121700764033723,0.224775156645105
1309,15441,"s14","m2",0.321450064173736,0.464361098881489,-0.325442008675568,-0.297271525446494,0.68379808493
1310,15445,"s14","m2",0.464029169926234,0.533383694316814,-0.041602734982883,-0.252620735831712,-0.212847532161933
1311,15458,"s14","m2",0.42658196195625,0.617500222840945,0.0454657603931851,0.0617963747657085,0.317448524240707
1312,15459,"s14","m2",0.410806772689831,0.606426195857966,0.0702942404917892,0.120386666832107,0.609033829634779
1313,15470,"s14","m2",0.336215183789288,0.446298335471888,-0.196397911713176,-0.299981704593289,0.884950049857516
1314,15479,"s14","m2",0.412569180353047,0.53955445537388,-0.092023401824502,-0.149954415147274,0.643265534580601
1315,15480,"s14","m2",0.431400097552633,0.536721108489513,-0.10154102360959,0.00784052632505455,0.310418565515231
1316,15486,"s14","m2",0.403159841825084,0.614551192328814,-0.141728392133283,-0.13783812276058,0.420291713774086
1317,15490,"s14","m2",0.552750292437616,0.708965966127658,0.0346123480982476,0.0255140470524282,-0.641387487021866
1318,15532,"s14","m2",0.410204461480228,0.554370557723682,-0.11244319323897,-0.0504252763096565,0.355395484652297
1319,15533,"s14","m2",0.384718666160354,0.583357606916067,-0.0569610411241948,-0.0123247920512553,0.586502389715389
1320,15549,"s14","m2",0.484634396242641,0.602251735723553,0.051495479376596,-0.00945890352660241,0.113065893281279
1321,15551,"s14","m2",0.488028449692295,0.653097760606479,-0.0715493647984472,0.0366261747408774,-0.330872346773715
1322,15556,"s14","m2",0.413295856243346,0.542273409689573,-0.0557092960216222,-0.158012049293654,0.417377043154487
1323,15563,"s14","m2",0.412668995917339,0.611857004995727,-0.178072512323587,0.0318248196509491,-0.14118741837886
1324,15577,"s14","m2",0.318277236137023,0.597510566973157,-0.330972511770646,0.0959155702728758,0.46604425322819
1325,15578,"s14","m2",0.441664980926749,0.573625818415575,-0.0823858652919095,-0.127730686952763,0.0478501682820967
1326,15585,"s14","m2",0.404694011490961,0.612761222659977,-0.0857374344685998,0.0156023417782972,0.377184351223797
1327,15606,"s14","m2",0.495164338296253,0.653020399082116,-0.0558429037694886,0.0917246865349653,0.0279624474979003
1328,15610,"s14","m2",0.351716708744594,0.53773988776925,-0.1917998434083,-0.114138352933827,0.384985038870046
1329,15612,"s14","m2",0.320869526321714,0.540728768326625,-0.328764479162022,-0.123667134554096,0.584971592275138
1330,15616,"s14","m2",0.384803121174678,0.570171166938322,-0.161887053407357,0.0491880814465995,0.515102102726743
1331,15626,"s14","m2",0.492135245189979,0.595923882774644,0.045184284456503,0.10949159555172,0.189779527297952
1332,15633,"s14","m2",0.300759398101131,0.600440826982739,-0.283174705715016,0.0332742845231253,0.672332444645132
1333,15635,"s14","m2",0.405632157427827,0.534513194452581,-0.134555717308203,-0.199033654070557,0.337539142282692
1334,15638,"s14","m2",0.465887081286787,0.629352078221127,-0.0786490215116878,-0.0224802854583045,-0.228453285789378
1335,15647,"s14","m2",0.427679950045718,0.674834930154976,0.0243826909000974,0.0948549546131549,0.301987052106525
1336,15658,"s14","m2",0.531359180759635,0.649641060574242,-0.0883492142653271,0.0420677878284191,-0.282430225756277
1337,15675,"s14","m2",0.451430368187709,0.584933404645943,-0.0795469218184504,-0.136785887301461,0.022163201397209
1338,15678,"s14","m2",0.341626559591161,0.492390134978592,-0.265250023934978,-0.209867677188964,0.59169011578148
1339,15683,"s14","m2",0.630980860365262,0.738782100102887,0.171037428942746,0.0731508931844461,-1.02126747615869
1340,15687,"s14","m2",0.543801639372084,0.653172474538945,0.0303418641809334,0.0362346004602115,-0.172662875067266
1341,15714,"s14","m2",0.398695799145813,0.550038309256217,-0.156477819529376,-0.0803351449633926,0.374956620401427
1342,15728,"s14","m2",0.38184123814047,0.566492281930561,-0.00202656604182379,-0.0398869963071422,0.386100260672371
1343,15731,"s14","m2",0.255732303320719,0.549202077994293,-0.372683531462966,0.077001580943006,1.14753540127946
1344,15744,"s14","m2",0.397664161724269,0.518827126170941,-0.0778924060358706,-0.165141296135649,0.463050837705352
1345,15747,"s14","m2",0.348817265417528,0.501407712828942,-0.187470259098386,-0.236291499495614,0.462625689154129
1346,15758,"s14","m2",0.422867346493975,0.533115867780376,-0.112879187260909,-0.0555591694329503,0.449477157083364
1347,15778,"s14","m2",0.337867655918875,0.533839560560409,-0.278319369153437,-0.0159204613305423,0.873832145029817
1348,15788,"s14","m2",0.355714518714868,0.556302453989572,-0.277378186774553,0.0184572276255151,0.35390050077236
1349,15800,"s14","m2",0.499592401832941,0.514089979576428,0.0749766020703114,-0.125833570487506,0.0129113687571152
1350,15833,"s14","m2",0.454526048627597,0.534251979802458,-0.0121856570665665,-0.190756536682978,0.15655185621704
1351,15842,"s14","m2",0.428377321816334,0.63470979237588,-0.137088449884372,0.00929219100591972,0.044242064060027
1352,15847,"s14","m2",0.461528426171464,0.568972245160716,-0.050948581581832,-0.102468304534216,-0.179711379641991
1353,15863,"s14","m2",0.380499233827561,0.552913795604653,-0.00243082960245513,-0.0872932592581649,0.521342977618754
1354,15866,"s14","m2",0.412476274103543,0.618579597767762,-0.109266428231258,0.0992450096357916,0.299360451069702
1355,15871,"s14","m2",0.465211173725264,0.722825081721459,-0.0478346958611071,0.206677787209576,-0.601917212293386
1356,15874,"s14","m2",0.338088098109782,0.465539313917066,-0.427173542438993,-0.139541114757118,0.814268276394633
1357,15876,"s14","m2",0.523322849661655,0.608071829473481,0.00653053026173625,-0.114969465289847,-0.516037027055094
1358,15880,"s14","m2",0.411733961041396,0.559317033964162,-0.0394634776497521,-0.235685035470931,0.314301981099887
1359,15884,"s14","m2",0.391919710925731,0.530946729370815,-0.0222803104905791,-0.166501175028176,0.399984445026513
1360,15900,"s14","m2",0.482653150545129,0.614126861449164,0.0646753557321929,0.0608395709934195,0.0843043229730581
1361,15916,"s14","m2",0.446677478624661,0.523819201880989,-0.0684122867790509,-0.115716628211364,0.185832374934798
1362,15923,"s14","m2",0.34914064499755,0.503951752818429,-0.146848711311099,-0.117478429467944,1.10543910658056
1363,15940,"s14","m2",0.423120327739475,0.530338146498779,-0.0574128639894927,-0.0625765755578516,0.37676989443301
1364,15942,"s14","m2",0.413030345310031,0.558297659832338,-0.0911953751885614,0.0501285980194879,0.497562336660067
1365,15957,"s14","m2",0.563182095646686,0.61767880721859,-0.00145504584520181,-0.0852869158343632,-0.302086607274909
1366,15963,"s14","m2",0.424473588049165,0.622210274503216,-0.0765703740612473,-0.027657388379286,0.164236473486741
1367,15966,"s14","m2",0.412846451415762,0.615457252085061,-0.0842640992418633,-0.0156472125215585,-0.177276706594161
1368,16004,"s14","m2",0.435842994836522,0.564533211088206,-0.0261965902280731,-0.0730712351559222,0.140302232648967
1369,16010,"s14","m2",0.398343453314688,0.619703197442002,-0.20651626052938,0.00709003445150118,0.406691397462131
1370,16017,"s14","m2",0.452826794767666,0.541103508577891,-0.161320907286826,-0.124187351750522,0.0461599656825082
1371,16021,"s14","m2",0.309958634018249,0.502841517958228,-0.103642711744088,-0.12336560171596,0.976798611091892
1372,16030,"s14","m2",0.40848392004987,0.559018430752721,-0.194313779140623,-0.137243397785091,0.433874070428369
1373,16040,"s14","m2",0.324685087131982,0.507209051257224,-0.110462824751415,-0.0645335619764361,0.635266057090584
1374,16044,"s14","m2",0.507173784856051,0.720696987493041,-0.0611544670901259,0.0296518538096715,-0.472145477455051
1375,16050,"s14","m2",0.3382894415468,0.530978031041549,-0.192991686482483,0.0494412482564424,0.652935271781765
1376,16054,"s14","m2",0.401632648664464,0.620566323111795,-0.128447601811701,0.0170873295714238,0.227935332626588
1377,16064,"s14","m2",0.419371942750093,0.639386418255421,-0.162610814427924,0.0822716834212866,0.244370877639438
1378,16075,"s14","m2",0.559566323846622,0.772898301077242,0.0458532821651643,0.108828736651701,-0.6205334015842
1379,16080,"s14","m2",0.455235886357434,0.618529681994746,-0.0606934576169652,0.0115179686177274,0.00350128187686637
1380,16094,"s14","m2",0.447748611615033,0.562523306091192,-0.00915588889044507,-0.102472933775998,0.210608544596036
1381,16133,"s14","m2",0.522883271306703,0.541380847112867,-0.0575288739619268,-0.0852196458783386,-0.134232161818976
1382,16150,"s14","m2",0.481806129159217,0.601303891541898,0.0248670073149439,-0.0283441763907262,0.123655877023206
1383,16163,"s14","m2",0.513188892142748,0.636720154485682,-0.0229114739061534,-0.0993744984652791,-0.395440746031602
1384,16164,"s14","m2",0.327359934107959,0.49427316679245,-0.235279545305969,-0.163805003302726,1.04482783360212
1385,16169,"s14","m2",0.377681176134946,0.570727561541594,-0.204176388825585,-0.156238619834016,0.456248912353863
1386,16175,"s14","m2",0.39609622580881,0.53312721592825,-0.241909874560846,-0.0887987353414042,0.742939924929203
1387,16199,"s14","m2",0.460592117174144,0.469759270069449,-0.036646524500718,-0.343993552872439,0.460569429033391
1388,16203,"s14","m2",0.41812703499749,0.539442343314737,-0.058884053625564,-0.119751410165999,0.466494465163025
1389,16216,"s14","m2",0.330486077060109,0.498328883839971,-0.235318466240122,-0.111426064877719,0.568373807418984
1390,16217,"s14","m2",0.484478580185201,0.571647443293609,0.0537415496219192,-0.154415214385996,-0.0904839593724814
1391,16222,"s14","m2",0.380135614010346,0.555791397800419,-0.140071212906029,-0.0417540405827157,0.450462358118485
1392,16229,"s14","m2",0.479410183389342,0.673239407278606,-0.0727287834864004,0.0638062805588133,-0.523360631537033
1393,16244,"s14","m2",0.333814144735961,0.403473360385585,-0.214887158956652,-0.192643280503721,0.539422660148272
1394,16260,"s14","m2",0.479871177916987,0.635017433665178,-0.10859401948326,0.000565229575069404,-0.412724382980633
1395,16278,"s14","m2",0.350349445462439,0.485516944906826,-0.204505294635256,-0.247739274510314,0.559852033769988
1396,16280,"s14","m2",0.435115202698854,0.519774555986533,-0.0372916153885121,-0.1116826157805,0.347091485327272
1397,16281,"s14","m2",0.341179270274864,0.5246202521679,-0.26782689700643,-0.176244063134546,0.47602926893587
1398,16283,"s14","m2",0.446071188570599,0.517530579443791,-0.0580986989342478,-0.0943257261411867,0.118721348788007
1399,16302,"s14","m2",0.348559939984434,0.5806623260721,-0.0910463430963936,-0.0142618128541178,0.537190548220074
1400,16334,"s14","m2",0.447812787509268,0.609334093101109,-0.0227044913595051,0.0185204221358635,0.0515140555534003
1401,16383,"s14","m2",0.38974277146114,0.516540622587377,-0.0553006802280225,-0.122478706840482,0.401912004915126
1402,16385,"s14","m2",0.399042066157653,0.617228748697423,-0.0292022324758295,-0.0237535074057655,0.343435602093248
1403,16402,"s14","m2",0.532576504604088,0.622751723592117,0.13655200119056,0.0785143671901184,-0.111392263139729
1404,16427,"s14","m2",0.440736835810625,0.560253074455577,0.0245775946456579,-0.0659544929652584,0.455832379786183
1405,16432,"s14","m2",0.413081104356494,0.590655861998743,-0.0530199295760459,-0.00442030253227264,0.0535302609641343
1406,16443,"s14","m2",0.497063411065,0.635210749909727,-0.0369821452312786,0.0320242508972173,-0.361900640967269
1407,16445,"s14","m2",0.464853942121254,0.55668690532784,-0.110010708189433,-0.0908184603736169,-0.184613926680934
1408,16446,"s14","m2",0.500296402581859,0.528540065062434,0.0246728741306925,-0.0575642871261698,0.537118516424809
1409,16452,"s14","m2",0.439935668861251,0.604865057685326,-0.113921731635856,-0.00150696758958674,-0.170617298072298
1410,16462,"s14","m2",0.396258746851147,0.544202175365069,-0.186299193388316,-0.139020092527579,0.00708301133364148
1411,16472,"s14","m2",0.457231730456319,0.597472219377599,-0.229620379287859,-0.0504088454544481,0.289968772210224
1412,16475,"s14","m2",0.393457633767603,0.540178344648232,-0.206457565289858,-0.145515086992929,0.5817380228858
1413,16493,"s14","m2",0.331485156682241,0.589029898423282,-0.260361307648733,0.0628074785192491,0.551713265448413
1414,16494,"s14","m2",0.397634183917366,0.634785799893661,-0.129788240966846,-0.0369556817533498,-0.131858340555907
1415,16503,"s14","m2",0.503150801419841,0.601802801157158,-0.15515934992717,0.0527092174404707,-0.353727228599659
1416,16527,"s14","m2",0.325147151034175,0.515781366002383,-0.275190372946529,-0.0835063217445772,0.137807511351154
1417,16529,"s14","m2",0.446602154763935,0.631015199065071,-0.157612886945566,0.124799173309114,0.0262896282907758
1418,16535,"s14","m2",0.617083005011309,0.714558505478458,0.113633559801752,0.0716601618414229,-0.75927261566984
1419,16550,"s14","m2",0.515588170299006,0.531753000315434,-0.00271274874788895,-0.128201738397651,0.00638451542630909
1420,16554,"s14","m2",0.502034899666145,0.655452459176282,-0.0477651294322997,0.00528851629239126,-0.341092259288862
1421,16555,"s14","m2",0.465766584343289,0.595348810760107,-0.0923206450099028,0.0435719703598871,0.123170960645773
1422,16563,"s14","m2",0.41673365212265,0.566111036598467,-0.112334261945768,-0.0996173965502533,-0.184365434049872
1423,16571,"s14","m2",0.232139253757224,0.386975770326272,-0.356136502874489,-0.279702313317055,1.72639146885673
1424,16595,"s14","m2",0.554891524783584,0.735195994715122,0.0581884834660543,0.109023350281053,-0.599965528076916
1425,16599,"s14","m2",0.590445561162103,0.682865015561652,0.0432202638864693,0.146910577994331,-0.556773166851365
1426,16609,"s14","m2",0.493070315209157,0.553936792304794,0.0230128491751476,-0.114550942327261,0.0952757612754655
1427,16629,"s14","m2",0.471429753261554,0.566491088997969,-0.0529376415921211,0.0300343053965862,0.22405039143186
1428,16638,"s14","m2",0.40320584273819,0.697806109633297,-0.166452520181143,0.187862831893828,0.0739008473035223
1429,16643,"s14","m2",0.458260802935798,0.575183497759299,-0.028959071563998,0.0513250577537946,0.41423286288532
1430,16647,"s14","m2",0.485430430176058,0.582909945416477,0.0200105038816676,-0.103928262450785,0.209025560272749
1431,16653,"s14","m2",0.358888579999091,0.597061651234735,-0.297248919834208,0.0025246751601767,0.517371625881394
1432,16658,"s14","m2",0.442162853551784,0.577171929614376,-0.014835083409347,-0.0922533093188348,0.214867030836507
1433,16661,"s14","m2",0.484929000687802,0.686922408728711,-0.183577424226745,0.0984983951451483,-0.848807161166464
1434,16662,"s14","m2",0.473370898073051,0.551751894330855,0.00578856637628242,-0.0740926208335678,0.441970671975457
1435,16668,"s14","m2",0.373891351546044,0.642603550069807,-0.19620025150364,-0.0336189953261174,0.068889307362129
1436,16673,"s14","m2",0.487941393101407,0.575726704836451,-0.0878411497802974,-0.193807723320906,-0.44825056305663
1437,16713,"s14","m2",0.558417512631996,0.673025422846067,0.0573823492945343,-0.0319628114048094,-0.466983756099893
1438,16716,"s14","m2",0.494775229760854,0.695615573610971,0.038244470028107,0.127808756064381,0.00653084567100766
1439,16742,"s14","m2",0.482695599804156,0.572938733114643,-0.0797589044960454,-0.000814148064313276,0.113019975770908
1440,16753,"s14","m2",0.460196863081295,0.641568512691241,-0.00767369537960239,0.0277598181392558,0.457073134405601
1441,16762,"s14","m2",0.42295889181631,0.570101501216656,-0.106133588089992,-0.107575940262958,0.0630542327658391
1442,16770,"s14","m2",0.395534109805374,0.587550212342847,-0.152161399062567,-0.0052634844271409,0.489678525041131
1443,16777,"s14","m2",0.526493082518539,0.578321440583324,0.0224195886548142,-0.0762046440899963,-0.561881361003645
1444,16815,"s14","m2",0.441171564384987,0.644896069382861,-0.21452570957426,-0.00500765075312637,-0.19673167522916
1445,16816,"s14","m2",0.413920416189252,0.586371438631287,-0.11992465973773,0.0133860385914059,0.336008979352615
1446,16836,"s14","m2",0.359338064988638,0.570740768374077,-0.131097132124047,-0.11781673230314,0.309560230045589
1447,16839,"s14","m2",0.379860414699548,0.527251873638914,-0.160280900077574,-0.0327382459051549,0.641172338676694
1448,16847,"s14","m2",0.474443052907621,0.462042021609345,-0.0144921539556639,-0.230211885641462,-0.205511269147887
1449,16850,"s14","m2",0.441523794772256,0.706430427143819,-0.181922848700386,0.0609194443201746,-0.725588568684057
1450,16868,"s14","m2",0.458059450864462,0.566194106549489,-0.0750362264130734,-0.0505091616386937,0.164801598649653
1451,16902,"s14","m2",0.524848126418933,0.517002113967883,0.134896097491904,-0.196887278742711,0.0954886089844592
1452,16905,"s14","m2",0.448636423712229,0.612148811134698,-0.07253711855875,-0.0643266125418765,-0.110107057551488
1453,16909,"s14","m2",0.535486599272144,0.608186459162361,0.0748354731912497,-0.0148308459082702,-0.24224948711995
1454,16918,"s14","m2",0.469094430088349,0.742150499268543,-0.0828755123790621,0.117283142392848,-0.464822876132065
1455,16952,"s14","m2",0.521984252681512,0.708961119412424,0.031184903635086,0.0545456049469223,-0.185870599758971
1456,16958,"s14","m2",0.519597502020243,0.642754040210761,0.00344073177346624,0.0252793077524863,-0.389754538362691
1457,16969,"s14","m2",0.475423300217506,0.589875971208556,-0.0352898741359297,-0.130946899420622,-0.180028364855928
1458,16974,"s14","m2",0.452064019833015,0.579938878469822,-0.0318775684078397,-0.0788380885587563,-0.0309919282145534
1459,16982,"s14","m2",0.426235980692705,0.542709012058936,-0.150689919918094,-0.165876862868112,0.126951570684548
1460,16998,"s14","m2",0.50727727625345,0.641728046482762,-0.0300875712458289,0.0147146087675679,0.00344148813807837
1461,17028,"s14","m2",0.41848046082916,0.594790577474459,-0.0779384845953213,0.0160789103223567,0.262234384016065
1462,17029,"s14","m2",0.516188313397469,0.611165289832866,-0.166191650654955,-0.120352018071564,-0.384626349825569
1463,17032,"s14","m2",0.391241973095941,0.575526018165933,0.0373794541711003,-0.216214527755176,0.00809177992385133
1464,17038,"s14","m2",0.240438971002078,0.544777025842097,-0.48616980193141,0.0610084401374553,0.728459421940282
1465,17066,"s14","m2",0.545455514309944,0.727416336767282,0.0868165570540578,0.057667667500311,-0.516873020466631
1466,17070,"s14","m2",0.417124555311562,0.591192602465426,-0.188933369270916,-0.0232009771350317,-0.0595189724964843
1467,17081,"s14","m2",0.445780832417102,0.595998309821936,-0.0465894617186872,-0.078479637299432,0.0819441725559733
1468,17082,"s14","m2",0.466642884544057,0.607393260758781,-0.105655626950312,0.0457475371254768,-0.239127211314514
1469,17096,"s14","m2",0.3183817613579,0.452092409964281,-0.208911568755088,-0.134018500514236,0.993558395766583
1470,17099,"s14","m2",0.497738326036884,0.676315165141154,-0.000573993628701881,0.0629832073043937,-0.236538792874842
1471,17110,"s14","m2",0.497072079635484,0.570926300132038,0.0875658826271755,0.0526326824340204,0.0490626338700134
1472,17116,"s14","m2",0.333887023681401,0.555007008753382,-0.154789147980634,0.0786506865822632,0.791111802800026
1473,17119,"s14","m2",0.33520035611435,0.574185192339604,-0.273688420433736,-0.000596780201487453,0.46488865268094
1474,17145,"s14","m2",0.408180359837968,0.559925088059678,-0.12656743619634,-0.115078160636197,0.398571412557156
1475,17160,"s14","m2",0.534624365364051,0.483584806316736,0.10544042952789,-0.109235618831331,0.000379538013925221
1476,17172,"s14","m2",0.395326326981978,0.541727486702406,-0.0144255570235969,-0.0546870628890642,0.376264669096499
1477,17174,"s14","m2",0.405891122187991,0.57233208555872,-0.20816264145808,-0.0168411872769711,0.166378591605534
1478,17177,"s14","m2",0.496493022453055,0.540943460822053,-0.0201834534609785,-0.100872345935974,0.187185553581941
1479,17182,"s14","m2",0.48289116574352,0.60558730568702,-0.128090760536948,0.0484005636228246,-0.398528930279553
1480,17183,"s14","m2",0.44879793649456,0.70817152333056,0.0183165573886939,0.133012745631768,-0.213583101093967
1481,17198,"s14","m2",0.411027427545846,0.575580260295545,-0.0468867619569438,-0.0824827689394464,0.334010976033596
1482,17218,"s14","m2",0.330620335064708,0.540143992852377,-0.344127707680385,-0.130225495381051,0.345889688818778
1483,17220,"s14","m2",0.373151973771084,0.582832805890198,-0.273261732795854,-0.116909799744555,0.0652729735132123
1484,17224,"s14","m2",0.429396175211478,0.62867688357931,-0.103401192801405,0.0843353243211682,-0.152975347396753
1485,17237,"s14","m2",0.366157243359159,0.551782617125169,-0.250907267777869,-0.126235893011425,-0.033565417103132
1486,17241,"s14","m2",0.5130153125932,0.555299920231131,0.0299263415025596,-0.128913049205549,-0.252971293148411
1487,17297,"s14","m2",0.466493115497202,0.548421677439816,-0.0969703328816773,-0.0751327811841476,0.292175296810816
1488,17314,"s14","m2",0.422214103326242,0.678169474585726,-0.0952660942474178,0.13581169521089,-0.00302481149185778
1489,17315,"s14","m2",0.533819331458267,0.661847287463852,0.135423114724169,0.0917155661161508,-0.455997648896006
1490,17337,"s14","m2",0.359410533434332,0.474309384556757,-0.190207205294043,-0.310223887273056,0.695095821078892
1491,17339,"s14","m2",0.472986666915203,0.606619605736468,-0.0892816960590503,-0.0217621896443159,-0.00345159236171465
1492,17367,"s14","m2",0.491237478663812,0.680520827010728,-0.0221489183516193,0.0630678445839257,-0.40986504252324
1493,17382,"s14","m2",0.433429318514416,0.655015943787385,-0.11573222152428,0.0460118345463619,-0.338150257557889
1494,17383,"s14","m2",0.307654059224962,0.442759204781558,-0.360811747918824,-0.122716255660534,0.822262306996637
1495,17389,"s14","m2",0.413980713198,0.632031471920425,-0.188011080529177,-0.0701613553761814,0.11864756737612
1496,17396,"s14","m2",0.492057772507899,0.605147438243456,-0.0696276771308419,-0.0666917099626239,0.0122371833498616
1497,17412,"s14","m2",0.363270261414011,0.504340712893531,-0.249360198250378,-0.181313844080041,0.863854635358846
1498,17416,"s14","m2",0.40427259096559,0.460574136209445,-0.00342266531666594,-0.134774842703383,0.639317111195689
1499,17429,"s14","m2",0.425157423258542,0.682016810531823,0.00323758006680338,-0.00139372016359948,0.245439523089121
1500,17454,"s14","m2",0.508191448624463,0.611259760484631,-0.010680689402538,0.00100458513288186,0.0485879707649125
1501,17461,"s14","m2",0.540927383654745,0.548739483525774,0.131599678859384,-0.121805794600931,0.104412777235137
1502,17465,"s14","m2",0.450395299567386,0.566959588344443,-0.0653859785208037,-0.097654312551319,-0.215716817575962
1503,17495,"s14","m2",0.439964082160085,0.514009265969873,-0.143010556842855,-0.161600972229979,0.573692339784666
1504,17499,"s14","m2",0.445018721508878,0.550732352085145,-0.119723519569355,-0.0138726311604053,0.192623781299266
1505,17501,"s14","m2",0.253103937260879,0.57348553409913,-0.337902613488476,-0.121127104560697,0.648624295854771
1506,17526,"s14","m2",0.361150458425384,0.636528189391429,-0.146391319208736,0.163732566103488,0.442938059748507
1507,17529,"s14","m2",0.451569902098995,0.625160892365678,-0.075217989663836,-0.0553214989143705,-0.321549043689261
1508,17550,"s14","m2",0.492861053184044,0.505258479187138,-0.110079646667647,-0.18865404376814,-0.0799313730862213
1509,17561,"s14","m2",0.34436236887465,0.533056878859831,-0.0706884035473157,-0.0178732065473406,0.866959782128214
1510,17576,"s14","m2",0.428031736498632,0.627988743323858,-0.216479926669156,0.0664564342043872,0.311199402464537
1511,17578,"s14","m2",0.289094466402119,0.525437495904036,-0.328648263229799,-0.0542518560691248,0.764823630707515
1512,17592,"s14","m2",0.343025040096579,0.594761152538483,-0.229372540373733,-0.0954646508857839,0.344819983638905
1513,17637,"s14","m2",0.487119462259015,0.684403247725125,0.0443723994697683,0.0798913256008772,0.0415034887217205
1514,17648,"s14","m2",0.387633382938176,0.579679537823989,-0.0937613469000958,-0.108272276728438,0.110577410362507
1515,17654,"s14","m2",0.46849897752957,0.638022941043414,-0.0455341861811519,0.0410131395897741,-0.0809028329262604
1516,17660,"s14","m2",0.448587074886188,0.649252238327607,-0.018837489204609,0.0311353970123003,0.0956449174937425
1517,17666,"s14","m2",0.505241225343908,0.602732020181055,0.0750454180790688,-0.0036136458585454,-0.0418851032503983
1518,17671,"s14","m2",0.298318364450025,0.546295276839074,-0.25593948795131,-0.0990782875984643,0.379547505494636
1519,17675,"s14","m2",0.390534464638452,0.582322635554996,-0.147822107064101,0.0214882738198958,0.4536379893609
1520,17676,"s14","m2",0.509096580542452,0.692536888474876,-0.109798618780332,-0.0136765952052065,-0.485456742190386
1521,17708,"s14","m2",0.470423014031814,0.641921438243223,-0.0211973410164703,-0.065570201234536,-0.362312338767399
1522,17732,"s14","m2",0.40776961496404,0.554829616317913,-0.0898677696353918,-0.0973270698513191,0.589722894643724
1523,17754,"s14","m2",0.376780412004038,0.472910663912587,-0.0469643598768375,-0.136884375014451,0.450855855990894
1524,17758,"s14","m2",0.436556117348438,0.646212292008592,0.00467628416227438,0.0161354444350735,-0.107146631025351
1525,17767,"s14","m2",0.478109990100929,0.63664172558329,0.0328241836811069,-0.0533538258592894,0.0595323124882573
1526,17784,"s14","m2",0.348453787190641,0.466156499438638,-0.236862566457326,-0.215469600529672,0.570081680559398
1527,17790,"s14","m2",0.399668756535746,0.515761654578606,-0.230887889467785,-0.215279390817987,0.609440668701044
1528,17791,"s14","m2",0.433965590496606,0.576477335761283,-0.102125762396619,-0.136965084827164,-0.22832727003539
1529,17804,"s14","m2",0.367567713344748,0.660434214872555,-0.225996278355833,0.0836179489771952,0.510712062450595
1530,17808,"s14","m2",0.325216119542524,0.531010402130896,-0.199458249344152,-0.0403478119531606,0.81364695418902
1531,17822,"s14","m2",0.489258532432294,0.685958604538759,-0.028706654332915,0.124806580985445,-0.285099893102334
1532,17829,"s14","m2",0.418785424399487,0.588671153632857,-0.153685220742324,-0.0705177736609431,0.296053057697848
1533,17860,"s14","m2",0.428818384254218,0.687956744773242,-0.0915993640646549,0.163418931575233,-0.159960401505719
1534,17861,"s14","m2",0.405074179485177,0.603669165242723,-0.125900109112771,-0.0505221370949183,0.176090138859457
1535,17882,"s14","m2",0.490259956802671,0.76249980503009,0.0106438717115479,0.152706773671781,-0.805237351041707
1536,17888,"s14","m2",0.435985336167211,0.472907260916014,-0.0267679475218337,-0.233982034296277,0.331507612149528
1537,17930,"s14","m2",0.286615733937536,0.494668807009284,-0.240833685734418,-0.0245304540009433,0.721613111400599
1538,17932,"s14","m2",0.458214944763354,0.656064815871791,-0.174536378804422,0.0114517177133689,-0.0291010208128634
1539,17942,"s14","m2",0.33008229130931,0.523991041761945,-0.14918008069665,-0.098692322177674,0.610913048006309
1540,17946,"s14","m2",0.419179430451595,0.577035846394159,-0.2424572332839,0.0467606355927512,0.512231104712855
1541,17958,"s14","m2",0.397436377023959,0.57274610748254,-0.1923681216572,-0.052934227915514,0.618201357101379
1542,17965,"s14","m2",0.435984420925624,0.537562534680884,-0.114210379561845,-0.101533459421999,0.252537070469638
1543,17967,"s14","m2",0.417887430260202,0.656746044282087,-0.0734690229499239,0.0185435481968413,0.201516473103149
1544,17970,"s14","m2",0.514946275918946,0.542089416440756,0.059355825032803,-0.167518097498319,0.0514587020621464
1545,17972,"s14","m2",0.552513307790576,0.5874662174356,0.0496775540178447,-0.09615002157971,-0.469843913390615
1546,18013,"s14","m2",0.476596884868697,0.616636624132555,-0.092589148869467,0.138960703399063,0.111320206825881
1547,18032,"s14","m2",0.467538547702544,0.664594837674389,-0.00870985594835729,0.104172477705132,-0.248689030851619
1548,18052,"s14","m2",0.447330649026926,0.606920129099226,-0.136405365021653,0.00123155573391271,-0.139027069482686
1549,18072,"s14","m2",0.354732020339895,0.559744331570671,-0.176739269828905,-0.10667209323154,0.820870318851518
1550,18073,"s14","m2",0.468909047078361,0.646479430186477,-0.0750898999198795,-0.0709255046333675,-0.135338644382362
1551,18086,"s14","m2",0.387014962719244,0.525951290151552,-0.171458956592679,-0.037972130856727,0.559354291568776
1552,18101,"s14","m2",0.302514312101096,0.552231975258055,-0.207897401279013,-0.0902969202796343,0.85036804189864
1553,18111,"s14","m2",0.420167949557626,0.58542213213004,-0.170121941265309,-0.0430209435497765,0.0685945302136397
1554,18118,"s14","m2",0.504585219868217,0.612675259943557,-0.0146994808385157,-0.055148980612967,-0.718593252688895
1555,18145,"s14","m2",0.366406645720896,0.616063148528614,-0.174756426345773,0.0267855466073412,0.0406722530167149
1556,18160,"s14","m2",0.271413898209328,0.504238197871854,-0.214751793136371,-0.0472995914596425,1.20292807232905
1557,18171,"s14","m2",0.351490998821627,0.579974466732089,-0.152241820771933,-0.0480885676859748,0.540843536777977
1558,18184,"s14","m2",0.397326421462959,0.571161577393316,-0.163042231243789,0.074268008842292,0.654870580699666
1559,18186,"s14","m2",0.421112260288907,0.549137592289838,-0.0262509229195915,-0.120178909005205,0.69963975231826
1560,18187,"s14","m2",0.400239619798653,0.493585350119702,-0.11895580004389,-0.119955613251524,0.404357417302723
1561,18202,"s14","m2",0.432591119180633,0.538373864454239,-0.0757656426436867,-0.135673662947601,0.155737645188289
1562,18204,"s14","m2",0.490936237421228,0.716291686678717,-0.0858394174609608,0.0638134643059717,-0.653892860820105
1563,18205,"s14","m2",0.403077695237615,0.543559986538248,-0.19940662811073,-0.0856596704434573,-0.0598720425349748
1564,18207,"s14","m2",0.413005219017206,0.563016579236087,-0.116254199978958,-0.0492788959224826,0.219427301787286
1565,18241,"s14","m2",0.559304992353456,0.716070658972752,0.0427948838517249,0.0662536900278086,-0.685529401431797
1566,18255,"s14","m2",0.429542891461722,0.630548094563738,-0.0419314001435821,-0.0824577584052519,0.147269504573369
1567,18270,"s14","m2",0.46643429659207,0.606133709324314,-0.131193240828023,-0.011272570044516,-0.110002752190448
1568,18279,"s14","m2",0.407210250924645,0.564940117508826,-0.10954836838931,-0.0344622657449002,0.424426874089147
1569,18282,"s14","m2",0.459508790424182,0.589629477321458,-0.100647387865019,-0.0837121294477397,-0.0198762031395263
1570,18302,"s14","m2",0.467605035935131,0.636038700829146,-0.13351222100796,0.0949285413689965,0.221077262775484
1571,18311,"s14","m2",0.578727760337429,0.626645088040433,0.0309764287956707,-0.123635391102926,-0.510145065141426
1572,18322,"s14","m2",0.49098003189858,0.551595007039888,-0.0352626501152235,-0.0701282278372924,-0.0602366322560678
1573,18330,"s14","m2",0.402084283894419,0.512451227906635,-0.0378257866207037,-0.11085718469671,0.74735893002919
1574,18335,"s14","m2",0.354404299876462,0.568886188298774,-0.107107041194946,0.0314256546685985,0.79940044261127
1575,18338,"s14","m2",0.419205905768656,0.570472735412039,-0.144207597935005,-0.196109003345224,0.117047816975877
1576,18346,"s14","m2",0.561729859027879,0.530943196151471,0.20219493974405,-0.1579445443461,0.232245390933547
1577,18349,"s14","m2",0.404982832868245,0.622445080519936,-0.0670949589388361,-0.0252982188881434,0.259136755166051
1578,18353,"s14","m2",0.533331446477561,0.750763972818725,0.0500859389515926,0.232813882405123,-0.462602082516887
1579,18375,"s14","m2",0.429542087631933,0.622549075546704,-0.128214851645957,-0.123334886815201,-0.42058196402042
1580,18378,"s14","m2",0.402471386772878,0.509536065612381,-0.143562865424978,-0.243328064585488,0.154163964991303
1581,18383,"s14","m2",0.462324377960344,0.616004125037061,-0.100109012535241,0.0880252356114107,-0.404555684059764
1582,18399,"s14","m2",0.530428827093173,0.527511928417567,0.102416689094036,-0.13881906079201,0.0103578086057458
1583,18421,"s14","m2",0.359696469637906,0.514505601715405,-0.111299515921232,-0.115093176701055,0.477278907921269
1584,18423,"s14","m2",0.401029358139332,0.509471078085457,-0.106476830998645,-0.256598693527537,0.462819784676561
1585,18426,"s14","m2",0.650258912347051,0.674612663700897,0.186835505270598,0.00748993013393194,-0.694823051315204
1586,18428,"s14","m2",0.349201907870211,0.489920055177702,-0.262311893626744,-0.0788890054192727,0.62512151092931
1587,18432,"s14","m2",0.371500840519753,0.577900066220413,-0.0672880372763678,0.0314864516373442,0.413291471834973
1588,18433,"s14","m2",0.427687903666658,0.65134222403141,-0.1497385990337,0.0175312733596737,0.00618952059450066
1589,18442,"s14","m2",0.39047640201088,0.56677758262381,-0.126112445609425,-0.186552589507189,0.579685009314586
1590,18444,"s14","m2",0.340514309480404,0.474404950242875,-0.148687500167165,-0.291333773338905,0.521511709544912
1591,18446,"s14","m2",0.428122277018822,0.584371954736443,-0.0660348646553668,-0.0406842421901633,0.356353716721889
1592,18479,"s14","m2",0.524308898071285,0.604281661905722,0.102418712579791,0.00294794253713821,0.0284947250122342
1593,18494,"s14","m2",0.327667235519592,0.492531901290615,-0.133505330425004,-0.0923717925146505,0.284844192664386
1594,18500,"s14","m2",0.342661816291385,0.504231201998357,-0.0865663375322986,-0.0846027392930675,0.564539699749105
1595,18512,"s14","m2",0.537196549480619,0.578140901043613,0.0174477351139978,-0.00234964283689202,-0.197284170621626
1596,18519,"s14","m2",0.303827911610491,0.509847010897419,-0.226642692253178,-0.146148507281628,0.796173949462153
1597,18531,"s14","m2",0.434215057034156,0.623911781258014,0.0615779946736542,0.0295854070472787,-0.00953852049016157
1598,18538,"s14","m2",0.443803233439983,0.703512868586723,-0.090890242713838,0.137305716865508,0.160146230593494
1599,18543,"s14","m2",0.446615189244853,0.539925318106409,-0.119470350065272,-0.133865049544368,0.0536499866482715
1600,18569,"s14","m2",0.375679265669762,0.563230652921759,-0.102476661005385,-0.0348042395277257,0.610410796283725
1601,18575,"s14","m2",0.310426379751482,0.575327469607585,-0.195099930381615,0.00393877314490688,0.778804177580803
1602,18590,"s14","m2",0.382906641272567,0.545769623769094,-0.204347649298271,-0.023184321017713,0.709595967189026
1603,18604,"s14","m2",0.48570764480027,0.628799172810161,0.0467573182131462,-0.00813072841861189,0.141248045935974
1604,18625,"s14","m2",0.481250868270802,0.599572687700577,-0.0453424162825746,0.0504554881007576,-0.204003840283077
1605,18635,"s14","m2",0.36299941215954,0.544454866958871,-0.168676218490918,-0.110677654541117,0.707782228345173
1606,18643,"s14","m2",0.255912220978673,0.447065978875812,-0.312944536417299,-0.137193118824986,0.958888750108249
1607,18654,"s14","m2",0.41857339888525,0.687671459071134,-0.25435627585193,0.118734488662927,0.0771574521564293
1608,18671,"s14","m2",0.587899829146155,0.61934862346716,0.155476986128242,0.0791466789620311,-0.220899046299963
1609,18689,"s14","m2",0.434442314725255,0.485712692878732,-0.0876733123839279,-0.0669212582459953,0.745423699759407
1610,18702,"s14","m2",0.329801392294869,0.652357380287844,-0.222099423314085,0.0827207607616744,0.308149006522534
1611,18707,"s14","m2",0.44343395323136,0.523882860876718,-0.0405153756068014,-0.154528480251002,0.209625883565411
1612,18712,"s14","m2",0.43066275949779,0.6763525707496,-0.198850978933815,-0.0555123331775786,-0.186861789721786
1613,18714,"s14","m2",0.287683493505287,0.553954268052127,-0.314168271746361,-0.0895953957277311,0.538265211001585
1614,18724,"s14","m2",0.56679047476131,0.627680007404451,-0.0291368385324891,-0.0436254441159192,-0.660332408860358
1615,18728,"s14","m2",0.363650048635579,0.565955238045544,-0.20838905462896,-0.120716740684256,0.450894683592577
1616,18731,"s14","m2",0.312533032452512,0.556531357251626,-0.243943147990581,-0.0576907773699492,0.52760070569426
1617,18737,"s14","m2",0.428172258005334,0.667364538537263,-0.216472218108343,0.0980352698999378,0.197686367782857
1618,18745,"s14","m2",0.396009414385341,0.463611493374651,0.0369534243431326,-0.120968594883949,0.727522751356106
1619,18768,"s14","m2",0.280583917810691,0.487226387233109,-0.1953669248812,-0.153021106582451,1.03056323884998
1620,18806,"s14","m2",0.486393360294362,0.604683300414379,-0.0125665018854764,-0.0424731625549513,0.141585201434627
1621,18818,"s14","m2",0.496865178148369,0.555336005550295,0.0238443403333634,-0.141803988818104,-0.297889176914391
1622,18823,"s14","m2",0.526758289241668,0.643298382270136,0.0792068157265267,0.0633878902847935,-0.211015852329073
1623,18833,"s14","m2",0.409132116190809,0.612505240346665,-0.17148560063347,0.0441966077784316,0.238951095258312
1624,18834,"s14","m2",0.344591711513424,0.5615616544554,-0.172779653136099,-0.0446867056265092,0.601927590859946
1625,18865,"s14","m2",0.408260680108052,0.631207183044231,-0.348175088936185,0.117368703078627,0.322010566173079
1626,18867,"s14","m2",0.335896423627069,0.518833446808044,-0.151880533140044,-0.0065221804261509,0.790514965733651
1627,18882,"s14","m2",0.58922315303485,0.649084857315369,0.0646161811726065,0.0400844421642337,-0.712805165909176
1628,18888,"s14","m2",0.505300194636691,0.639449625544986,-0.0699557521867702,0.0687537139134891,-0.276441963284492
1629,18897,"s14","m2",0.391448519025469,0.581843811131923,-0.122417807222474,-0.0378741197180233,0.319361796253659
1630,18900,"s14","m2",0.416864913361907,0.499569414354803,-0.144619755648272,-0.0331985043179296,0.603948216841585
1631,18914,"s14","m2",0.421702225271036,0.631803706361185,-0.0704055472090207,-2.81015714698072e-05,0.0338040755710357
1632,18945,"s14","m2",0.473285809635928,0.657351857095973,-0.035032264301746,0.0573623139522264,0.296444216140757
1633,18948,"s14","m2",0.452053655438797,0.706512932924559,-0.139598849700081,0.168928631612315,-0.465548979305463
1634,18952,"s14","m2",0.437752557824058,0.540489615343089,0.013315852000783,-0.253115734131068,0.337853123018222
1635,18958,"s14","m2",0.490595276952208,0.61759723672119,0.0218410427258589,-0.0430950388674796,-0.0413265128662454
1636,18972,"s14","m2",0.50306372647287,0.626118424403709,0.0244834872210485,-0.0658795240014095,-0.251582360147143
1637,18989,"s14","m2",0.419607449595601,0.573106863456059,-0.138272681939129,-0.0327768013239439,0.647390781096713
1638,19010,"s14","m2",0.378287980782038,0.611797480715261,-0.204360108668381,0.0910882759177308,0.118317934636832
1639,19035,"s14","m2",0.566102541038778,0.681989900017585,-0.00118246845421105,-0.0970733116159394,-1.05944632630963
1640,19062,"s14","m2",0.482618630068711,0.585700776805088,0.0188185291160128,-0.132179760296541,0.207022221538289
1641,19071,"s14","m2",0.488728660606678,0.545720645536033,0.100033701086538,-0.0865785273505827,0.45195876774776
1642,19075,"s14","m2",0.417436498295739,0.495663482081961,-0.148069579760705,-0.207400057388841,0.209953153961005
1643,19083,"s14","m2",0.515014234634098,0.708943390172004,-0.0431595030415102,0.0855179633787248,-0.151201743097987
1644,19087,"s14","m2",0.492915426478823,0.657314580118821,-0.0304093050466199,0.0434875360545309,-0.379444208526263
1645,19089,"s14","m2",0.457198012377878,0.645457537416006,-0.164036716676601,-0.0131361956983805,-0.328108026113324
1646,19093,"s14","m2",0.393541554103744,0.4837471754384,-0.159690488833267,-0.196670358869812,0.341819000732653
1647,19101,"s14","m2",0.539048851350859,0.660281938574519,0.00870065724428758,0.120682127348297,-0.556506087269185
1648,19109,"s14","m2",0.451757270950699,0.587851188238263,-0.129861893002116,-0.0432124963319593,-0.0500647399364032
1649,19110,"s14","m2",0.320042654635459,0.515882175701101,-0.244533625243281,-0.193109002160664,0.917731021850612
1650,19124,"s14","m2",0.364747612381896,0.430606948442607,-0.219711630590636,-0.291394694347077,0.549028122813676
1651,19134,"s14","m2",0.429505131573533,0.625325812225943,-0.119800671457743,0.0567349586928341,0.161832887058368
1652,19139,"s14","m2",0.393878826289762,0.45989641990767,-0.153404352321639,-0.162560043858861,0.644407378589174
1653,19140,"s14","m2",0.35083739403952,0.529071582991318,-0.245953750705666,-0.177315655471974,0.697745725528127
1654,19143,"s14","m2",0.351747329879051,0.503847493877661,-0.117853605700491,-0.169246529028318,0.817527381554829
1655,19145,"s14","m2",0.37174697684089,0.565549259472394,-0.195908142930504,-0.0120959473874497,0.564195614173111
1656,19152,"s14","m2",0.413976305846656,0.519998901712077,0.0107316235113192,-0.0721984700319261,0.469262010732675
1657,19163,"s14","m2",0.379696148159081,0.536048432083853,-0.124138680304148,-0.0547400067461776,0.301676059438544
1658,19173,"s14","m2",0.378061005721092,0.485685868150965,-0.219230304197741,-0.207756616447399,0.165688748562887
1659,19176,"s14","m2",0.374644444122294,0.616802212661846,-0.0932679268589088,0.0353253633963137,0.530761133348905
1660,19199,"s14","m2",0.39673304326764,0.61194977984499,-0.124228549519009,0.0617785476258998,0.110113625963847
1661,19200,"s14","m2",0.396804232123325,0.542058993472919,-0.194600752442763,-0.0808704906120192,0.602100669865729
1662,19211,"s14","m2",0.474547997689786,0.618134695830434,-0.1077303875701,-0.0450871878869586,-0.0245217635045
1663,19229,"s14","m2",0.428636011069447,0.547701100694487,-0.110646165856228,-0.0911973400699158,0.281059148807302
1664,19237,"s14","m2",0.4121928380778,0.619712974263647,-0.149896256208618,0.0597169151366863,0.344164368281151
1665,19242,"s14","m2",0.445334295992772,0.630220571522265,-0.00860950580762805,0.014986625701242,0.0974295167519189
1666,19244,"s14","m2",0.490220751354486,0.594332314148162,-0.00943965333081631,0.0306206817033808,-0.38521618171012
1667,19250,"s14","m2",0.563428799267196,0.784490457316747,0.0604406221988789,0.142428101424867,-0.817597978685606
1668,19269,"s14","m2",0.448216165223135,0.576384617825911,-0.0448670949486177,-0.0100190473918046,0.240540945319495
1669,19272,"s14","m2",0.429944185407378,0.597609490599653,-0.0163899813989706,-0.0515779983470575,0.151702904013481
1670,19273,"s14","m2",0.505036351176812,0.712726275618588,0.141265126806707,0.103181223301236,-0.356144835417341
1671,19282,"s14","m2",0.607193407306388,0.683698557389456,0.038691433243535,-0.107033557718784,-0.863344588885924
1672,19284,"s14","m2",0.395797762083637,0.634138794140196,-0.181310104435936,0.0297114949711553,-0.0163445803895142
1673,19356,"s14","m2",0.398356432963997,0.42921433109878,-0.198203226408552,-0.253008250357234,0.63752772293199
1674,19368,"s14","m2",0.391566309082474,0.573880399873639,-0.136935865146538,-0.0102714775058591,0.685129337307694
1675,19426,"s14","m2",0.415165128648334,0.53821451020191,-0.111827839489622,-0.102837391094456,0.505406423853352
1676,19442,"s14","m2",0.253062285468894,0.603109536867515,-0.377050788334316,0.028679124425078,0.736232244252851
1677,19465,"s14","m2",0.468892485272935,0.53233367901308,0.000104360243215421,-0.138366433164237,0.327025757569419
1678,19468,"s14","m2",0.390096354638493,0.468076563062351,-0.04758068891913,-0.221163204078748,0.567855744490916
1679,19470,"s14","m2",0.382400650033889,0.695830257515041,-0.167052293269525,0.142251925479155,0.327049395031715
1680,19473,"s14","m2",0.422727031763074,0.591884594014462,0.00874517301619316,-0.0672293506916121,0.237351389332531
1681,19479,"s14","m2",0.363274903548531,0.581199167605787,-0.214859110850689,-0.0196297408380137,0.351335786022276
1682,19487,"s14","m2",0.463451900897322,0.742669092135022,-0.00903518717399847,0.153291697295047,-0.708693059403197
1683,19500,"s14","m2",0.393964489141131,0.574275494009494,-0.123621082253263,-0.0787710357904743,0.151161319199188
1684,19511,"s14","m2",0.489818544891032,0.562172349496594,0.0184959095514641,-0.117053129943651,0.161709759534794
1685,19518,"s14","m2",0.47796557766634,0.59537129404684,-0.052027725877686,-0.0112213709957832,0.0672428761541858
1686,19520,"s14","m2",0.363109785176023,0.58251116863815,-0.165774146782521,-0.0159230566276742,0.220775105629158
1687,19528,"s14","m2",0.534811790143959,0.735484462108904,-0.0164632158837995,0.0738147928722611,-0.528267134881488
1688,19547,"s14","m2",0.402915408074831,0.417817161506639,-0.174783314333135,-0.330243440906686,0.217997458168069
1689,19550,"s14","m2",0.355435057300516,0.558886911547343,-0.23009587658713,-0.114390533883787,0.217406211522096
1690,19552,"s14","m2",0.515685203787838,0.753993442804597,-0.0856924589565764,0.151266513420442,-0.95912875017894
1691,19575,"s14","m2",0.4068655732,0.611241195322954,-0.130419476718594,-0.0235833772601603,0.400555455229129
1692,19578,"s14","m2",0.482658859177648,0.627074399775232,-0.144186536537101,-0.0376510269591859,-0.283631022541667
1693,19598,"s14","m2",0.382069380483818,0.533906606525148,-0.075167113290754,-0.0935445393052996,0.283625051702696
1694,19615,"s14","m2",0.316176687684538,0.537495619564011,-0.143916028947875,-0.115284950635094,0.855002882291539
1695,19643,"s14","m2",0.46794471510836,0.608533538220534,-0.126493056947327,-0.0821508767977158,-0.15564967482905
1696,19651,"s14","m2",0.465567782758514,0.646200012759157,-0.0617992235002579,0.0283846824263767,-0.194105130191524
1697,19660,"s14","m2",0.38264648395257,0.599025428059939,-0.181947636422638,-0.101929844691295,-0.165312606315655
1698,19680,"s14","m2",0.324288681478841,0.594440101700045,-0.301902644097967,0.0243742673768742,0.330833564325391
1699,19703,"s14","m2",0.500280139819153,0.610836241883475,0.016449587504601,0.0699041306611417,0.175186946089099
1700,19713,"s14","m2",0.303952308327482,0.461447245827798,-0.233819855421555,-0.157908720849877,0.915585573435793
1701,19734,"s14","m2",0.440175408763946,0.617410062449627,-0.137665800167916,0.0622383255734166,0.125458576762407
1702,19744,"s14","m2",0.351092551343133,0.536534867415984,-0.0402680657233665,-0.108450512561062,0.727178488405106
1703,19754,"s14","m2",0.461145687929401,0.510540671710969,-0.0346179967432332,-0.216367258097914,-0.155801681020578
1704,19758,"s14","m2",0.353650270714669,0.608775917986862,-0.100866288013766,0.00067999295001973,0.437740074544515
1705,19767,"s14","m2",0.428279710064717,0.625917577898624,-0.101957426164678,-0.0320909723973809,0.0706786973247493
1706,19773,"s14","m2",0.489546606072353,0.589880510254804,-0.0699894099152506,0.0292057260693232,0.242532367755027
1707,19792,"s14","m2",0.372988359826461,0.571974929407657,-0.252507805044609,0.0442842460446082,0.624390652481368
1708,19801,"s14","m2",0.449095031830901,0.572524740043352,0.0579764244392956,-0.0272200595881562,0.0735266429667107
1709,19806,"s14","m2",0.422239858602983,0.556504018991987,-0.0167594886220042,-0.0818560481035121,0.494933556880802
1710,19827,"s14","m2",0.498958051596599,0.650795158692428,-0.0277793248728198,0.076474581896814,-0.0417878384191528
1711,19856,"s14","m2",0.427595434838709,0.565085265272166,-0.132075928227214,-0.127816258912706,0.151402121881028
1712,19877,"s14","m2",0.378452279929054,0.575218498118866,-0.153806885848825,-0.129074060623769,0.288909839955742
1713,19883,"s14","m2",0.668916712933343,0.677553076812634,0.135120333762178,0.0153714173041266,-0.648732059562729
1714,19893,"s14","m2",0.352036396575855,0.547550359299525,-0.148102541976265,-0.0859254723037153,0.500348171600689
1715,19894,"s14","m2",0.470036541263208,0.548623902410348,0.0635111702697724,-0.0792580875589772,0.349555442469492
1716,19898,"s14","m2",0.543465697277156,0.625070129444511,0.142561455567888,0.0718899144683897,-0.0170438941210771
1717,19900,"s14","m2",0.393169777666879,0.627025042794871,-0.182066995561273,0.148104426871002,0.330981175831271
1718,19909,"s14","m2",0.433174736038049,0.622580948775426,-0.138221920037493,-0.00914902203775669,0.16389067630976
1719,19912,"s14","m2",0.38198651956672,0.535956072411876,-0.0908521510104017,-0.0452111581157641,0.411933106642509
1720,19941,"s14","m2",0.336145431267661,0.623582665336232,-0.267764313789253,0.112812979694585,0.281976230297342
1721,19978,"s14","m2",0.447635272254594,0.621258747985165,0.000782987266400822,-0.00492763033688862,-0.0733352725666559
1722,19997,"s14","m2",0.452796013365125,0.571657614157582,-0.0341247429737668,0.0376413480940657,-0.009920159706537
1723,20007,"s14","m2",0.434838280260106,0.614109747532578,-0.121945818565092,-0.00680078406808339,0.148801274564995
1724,20029,"s14","m2",0.435363395801762,0.561660503112221,-0.0541633046912163,-0.0322899944051546,0.198037118459521
1725,20031,"s14","m2",0.288765742698099,0.538144298692541,-0.239284033168436,-0.0404176185183392,0.954968259596679
1726,20034,"s14","m2",0.431954180711619,0.583212764256853,-0.079555756574477,-0.0456332043203358,0.456099304145485
1727,20039,"s14","m2",0.350935713468399,0.544392624605964,-0.326470124449952,-0.150540343346872,0.0905334303449875
1728,20058,"s14","m2",0.355075079589859,0.545609957840223,-0.289355908491429,-0.0495229305747011,0.411175721000013
1729,20070,"s14","m2",0.483964130602566,0.593712759156907,-0.0186007421330337,0.0438550582258076,0.0260822637257441
1730,20080,"s14","m2",0.460317330698354,0.667354214727689,-0.073617755016828,0.116238786120001,-0.513965913386154
1731,20102,"s14","m2",0.52001607504387,0.663174402615773,0.0946434930669126,0.0153615887942978,-0.226535991619333
1732,20107,"s14","m2",0.296220904396542,0.438989729253938,-0.145561527159688,-0.365572603071881,0.78703148580487
1733,20111,"s14","m2",0.384010315655899,0.569485213029963,-0.0249074531766567,-0.106067361783705,0.428342235514375
1734,20122,"s14","m2",0.385869315568523,0.561460939918404,-0.273379824471772,-0.196152673511878,0.0942870140827808
1735,20143,"s14","m2",0.328944851129854,0.477936266494452,-0.228425572073547,-0.194838130055022,0.957594584578092
1736,20150,"s14","m2",0.494761230493903,0.700757861361723,0.0279387490034466,0.176732333157757,-0.244136471023762
1737,20153,"s14","m2",0.364929318416469,0.377302190379309,-0.12457641670136,-0.370909774213224,0.645622460755007
1738,20161,"s14","m2",0.517256018005189,0.647693824222914,0.028895101401389,0.0417977690298296,-0.0468110495419822
1739,20163,"s14","m2",0.569913684030254,0.737508722992045,0.00759571315055078,0.192935769699821,-0.790508928041067
1740,20175,"s14","m2",0.39099892129886,0.504044257316937,0.0634758891879444,-0.169541611810704,0.490927635907115
1741,20211,"s14","m2",0.442434366018601,0.620052986253144,-0.187047395510393,-0.0729715754658708,-0.521666820145282
1742,20227,"s14","m2",0.295267369417933,0.366217219164359,-0.176055744749101,-0.420717231142462,0.952771084852916
1743,20230,"s14","m2",0.480600303019989,0.58112191362273,-0.00480410645048731,-0.0460468470309087,0.208275385823641
1744,20240,"s14","m2",0.466825585713963,0.575069402433649,-0.0947586336105423,-0.0750893726211798,-0.125353025684704
1745,20280,"s14","m2",0.424850130925564,0.474748414216736,-0.103209930787125,-0.181017597424425,0.444569063823808
1746,20292,"s14","m2",0.590152930586748,0.67044185151054,-0.0118247799834374,-0.0946142177690171,-0.949794202152504
1747,20301,"s14","m2",0.453678787728147,0.564134150836628,-0.0433264377308779,-0.0620397854685322,0.433416853575999
1748,20310,"s14","m2",0.516226373242704,0.567912027467996,0.145079629824158,-0.179073904480325,-0.514733981411478
1749,20311,"s14","m2",0.359259532141613,0.541974417322912,-0.251665231836593,-0.0731473119403786,0.550849277499898
1750,20322,"s14","m2",0.388238868002581,0.586634946898077,-0.0299924413586745,-0.0535812774570646,0.18910516201676
1751,20347,"s14","m2",0.50047067262358,0.642758949549177,-0.0567257216492412,0.00249228863285059,-0.149041996465756
1752,20356,"s14","m2",0.379456630536134,0.508102832498259,-0.179473335435976,-0.121122715341416,0.391600186712756
1753,20363,"s14","m2",0.390320396539766,0.640576604523859,-0.0187610928832847,0.119438179777807,0.258984933584946
1754,20366,"s14","m2",0.478059576891646,0.552782507559108,-0.0165362104730214,-0.0539315202076306,-0.0917548119773817
1755,20377,"s14","m2",0.409081366719681,0.50165895637677,-0.0808138924078316,-0.130768365942085,0.320667238636136
1756,20396,"s14","m2",0.448336743811994,0.599334722908781,-0.109104300790537,0.0464990832243053,0.00641542819013556
1757,20397,"s14","m2",0.450193538102754,0.648124577968622,0.061951848176638,0.0186538621095548,-0.248142352605952
1758,20406,"s14","m2",0.387467308428061,0.497869336348688,-0.0017779052682124,-0.12769502001279,0.764329225205225
1759,20436,"s14","m2",0.431304855409431,0.590328033456816,0.0296015768288632,-0.0308345878798991,0.161666122340258
1760,20444,"s14","m2",0.432611381206517,0.598398670718155,-0.109581630062706,-0.10121274059031,0.0977049704185066
1761,20445,"s14","m2",0.380724588620201,0.556826500156329,0.000954578486192435,-0.0222876004997643,0.3007280077928
1762,20453,"s14","m2",0.388950233026386,0.535177655345941,-0.15144879001683,0.00161796077753398,0.501387902374262
1763,20456,"s14","m2",0.425214913728609,0.55784142913844,-0.0128143035638055,-0.0853775660554723,0.467245135762819
1764,20464,"s14","m2",0.458062822311486,0.592509468256149,-0.0474453884558075,-0.101779035525144,0.028633129511197
1765,20465,"s14","m2",0.461035938890776,0.646477950841486,-0.0302289151526416,0.0789171309499574,-0.192373909106357
1766,20499,"s14","m2",0.566727966363338,0.605792627047209,0.0961305141523588,-0.018978991851711,-0.278238254094676
1767,20503,"s14","m2",0.463382553498482,0.720495622874095,-0.124610746987296,0.0389008717529723,-0.337432060919452
1768,20509,"s14","m2",0.325611623419505,0.54232115357751,-0.30123722655763,-0.0852684414423541,0.503668335032254
1769,20511,"s14","m2",0.473214719804917,0.569977069677236,-0.0269885636485203,-0.131543727835799,0.0960228890462793
1770,20534,"s14","m2",0.417540803671925,0.65999112256732,-0.293019706165757,0.0743277719121556,0.297338451860056
1771,20569,"s14","m2",0.478985535409217,0.658959790289627,-0.0510210548825396,0.0986747136991245,-0.0375779495122945
1772,20587,"s14","m2",0.397847383645459,0.491761061930815,-0.0223190107598244,-0.271081411463246,0.774937199381399
1773,20590,"s14","m2",0.391154702792011,0.514721805913819,-0.240294537551171,-0.155220739631295,0.87503795363973
1774,20604,"s14","m2",0.422841597474524,0.579064745970829,-0.211412877457124,-0.178962448375573,0.0134243498583894
1775,20609,"s14","m2",0.447618243466411,0.56031266278986,-0.241388132566456,-0.189213738678026,-0.0974651472911842
1776,20615,"s14","m2",0.358204539628946,0.544259713971827,-0.275336779813392,-0.180694367362216,0.111734705563801
1777,20624,"s14","m2",0.49187739139362,0.668314355878199,0.0372456633470662,0.0937386845024842,0.0228544760424158
1778,20630,"s14","m2",0.422784331586086,0.595121942886816,-0.0688657620233763,-0.00734126891667994,0.279368902936564
1779,20631,"s14","m2",0.42894277905774,0.462315654556508,-0.0389840343518599,-0.273348426051731,0.504293962286979
1780,20633,"s14","m2",0.419119092282407,0.451399423791581,-0.154764738259641,-0.178033391714418,0.441628246807125
1781,20643,"s14","m2",0.370444779907802,0.566467553276129,-0.129186801338676,-0.110109419196479,0.457722222103187
1782,20701,"s14","m2",0.556910570211834,0.738066429526115,0.0967408357975032,0.162732235819666,-0.793561244698883
1783,20708,"s14","m2",0.471641834193104,0.647692197084013,-0.0906987304739527,0.082385828950672,-0.232754775488381
1784,20718,"s14","m2",0.508713578861157,0.61915709808214,0.028611577896122,0.0977284221486415,0.180248052393472
1785,20728,"s14","m2",0.404028976687876,0.686845436693974,-0.141324768153501,0.106073608394363,-0.510378797306773
1786,20734,"s14","m2",0.46112334418837,0.558159413218316,-0.0793606214796203,0.019922296798929,0.191339482165673
1787,20740,"s14","m2",0.469902356334932,0.696441145243851,-0.00214673111483628,0.108393139110466,-0.576115023568009
1788,20746,"s14","m2",0.446385632415313,0.700018775440857,-0.0866579044301505,0.129820086743982,-0.492495948982592
1789,20754,"s14","m2",0.485725448903233,0.55985198003122,-0.0941360993073831,0.0252496345896377,0.104910998770078
1790,20770,"s14","m2",0.455212597499528,0.592947199664171,-0.0470536647895626,0.00308563394196384,0.000903348368283728
1791,20771,"s14","m2",0.365040373419974,0.565074510142638,-0.180010422386423,-0.0143444399153497,0.384017315652961
1792,20809,"s14","m2",0.239301331150577,0.499572559460198,-0.338493543142266,-0.141522313998662,0.889137328363661
1793,20811,"s14","m2",0.410263882913601,0.549520689830271,-0.0919688372868776,-0.084858985391166,0.344939743122069
1794,20817,"s14","m2",0.513652982863253,0.667032960472317,0.021020517172692,0.00620523057105891,-0.3696025823522
1795,20819,"s14","m2",0.402718417683721,0.598116249049032,-0.270118098805291,-0.0683241393342501,0.545431037834268
1796,20828,"s14","m2",0.421722481290198,0.520681195322629,-0.11852434168338,-0.13735987699126,0.254914697733259
1797,20834,"s14","m2",0.55694760713182,0.560335859508626,0.067053828138402,-0.113365803472244,-0.543364453487633
1798,20870,"s14","m2",0.374109199554279,0.533037711869596,-0.0262333353805875,-0.0223228750171793,0.326279221640542
1799,20886,"s14","m2",0.279868222097689,0.449268941260418,-0.103904384410681,-0.0631994113541051,1.12745174700917
1800,20889,"s14","m2",0.466057800152892,0.545807740522877,-0.031396623094997,-0.0910040231199358,0.227663283524607
1801,20926,"s14","m2",0.442427171852479,0.529418838270349,-0.0870275124564892,-0.142283304101131,0.395598585720961
1802,20937,"s14","m2",0.396142896273616,0.575767289634403,-0.188828117665125,-0.16497827064797,0.31309632127858
1803,20941,"s14","m2",0.345083109680648,0.585230097498293,-0.216144722124479,-0.154329648242417,0.354009522582602
1804,20947,"s14","m2",0.35746420428867,0.542433043623413,-0.167551968171704,0.000370574106898113,0.713410934744745
1805,20964,"s14","m2",0.344205407312955,0.588582217027808,-0.21452050728438,-0.0187711989158687,0.385299290975427
1806,20970,"s14","m2",0.496269480244535,0.708543897026426,-0.0623816916933508,0.109465285694157,-0.274484072655592
1807,21018,"s14","m2",0.35766879973875,0.569883718270954,-0.187108819092468,-0.0525050536394887,0.30792306973612
1808,21021,"s14","m2",0.471926392144291,0.585461346269925,-0.129620872156306,-0.121013420576527,-0.17781286813297
1809,21038,"s14","m2",0.512708104503362,0.626412999164179,-0.092156903147707,0.0112267017925433,-0.170503797038026
1810,21050,"s14","m2",0.436105832891283,0.615092134702958,-0.0544541659257363,-0.0169650274127925,-0.0818930215759714
1811,21052,"s14","m2",0.46238667819636,0.624416055494836,-0.101241528327217,-0.0840413905782704,-0.3115748541958
1812,21057,"s14","m2",0.360980940000432,0.372340867032976,-0.158746051596851,-0.255119573720269,1.10737301244637
1813,21083,"s14","m2",0.463472667793886,0.597575625117047,-0.0669296730793157,-0.0350497283245385,0.147032210578655
1814,21090,"s14","m2",0.476583900186879,0.661741825794347,-0.0394119792561055,0.12907357013067,-0.0919188141246408
1815,21091,"s14","m2",0.344181071093753,0.558969362312075,-0.217583013131238,0.0204870442184564,0.783314654415887
1816,21097,"s14","m2",0.382018066442516,0.530030225577749,-0.104593779919262,-0.191571465813078,0.551633545867163
1817,21105,"s14","m2",0.472218209149257,0.615069234450433,-0.0254304285504619,-0.144995856578903,-0.0694554595404888
1818,21143,"s14","m2",0.384194124383834,0.558649470518602,-0.083309205650243,0.00920345672033022,0.560255335336754
1819,21161,"s14","m2",0.452048156587898,0.605556661437096,-0.0272154447691047,-0.068483641786146,-0.286577688672369
1820,21178,"s14","m2",0.456778725456552,0.581975740491992,-0.153969577495001,-0.00877239664345941,0.330167115561343
1821,21182,"s14","m2",0.330635758135403,0.424108365669456,-0.229374532123215,-0.325046699330273,0.821847228102833
1822,21185,"s14","m2",0.431387600752738,0.660655998165302,-0.174768686742601,0.0114913551068218,-0.017871404579567
1823,21217,"s14","m2",0.508992300662524,0.7553099026284,-0.0432636289512378,0.186114289354966,-0.503389573730985
1824,21222,"s14","m2",0.396698945502027,0.697657913115526,-0.267486984330924,0.0776745367555325,-0.315588013501264
1825,21233,"s14","m2",0.409065732354272,0.697282720065605,-0.13638100306461,0.229933204882253,0.227856824519874
1826,21246,"s14","m2",0.423761993068134,0.604496780265589,-0.210719559186499,0.0403769830608528,0.809343367104124
1827,21267,"s14","m2",0.335578281674465,0.626386634573466,-0.225393654188704,0.0195638319503811,0.806543497152805
1828,21269,"s14","m2",0.424599528188224,0.584655202345484,-0.144169672690089,-0.0258233824969873,0.173407679752994
1829,21284,"s14","m2",0.525535316047438,0.616411249028744,-0.11379207295953,-0.103509139848847,-0.685707718286175
1830,21286,"s14","m2",0.478182526623554,0.639700201832054,-0.142332890738366,0.0487616621328104,-0.436607375663336
1831,21288,"s14","m2",0.506197742312947,0.61341694816846,-0.00362069654117095,-0.0162031461925631,-0.219774294149315
1832,21293,"s14","m2",0.276958281636346,0.628260494789127,-0.254525157250167,0.0348823478790468,0.502216808315843
1833,21311,"s14","m2",0.428825282689609,0.669346509403826,-0.0685268515732335,0.133500817653445,0.12914216214774
1834,21312,"s14","m2",0.515911370156617,0.631125725536872,0.0834299467599011,-0.029723494186779,0.0821114974958604
1835,21315,"s14","m2",0.56221587377739,0.598628809808221,0.0674538569899145,-0.0238242441773057,-0.305008230457448
1836,21321,"s14","m2",0.430682860018606,0.664299499522804,-0.14224371273953,0.0997166882667755,-0.232870472217379
1837,21347,"s14","m2",0.506654722576582,0.632484213578584,-0.0238217587014663,0.0151383935405766,-0.187861616714667
1838,21350,"s14","m2",0.311146227977907,0.505585285222732,-0.284791015511705,-0.136142351152254,0.646764874935737
1839,21351,"s14","m2",0.504612657559959,0.663693126644241,-0.0258798950713238,0.155269730142898,0.0195651275578446
1840,21360,"s14","m2",0.417185670693805,0.602735407219029,-0.0240551679569438,-0.0876150564353786,0.43197192687464
1841,21361,"s14","m2",0.398552904912128,0.632543339387995,-0.129330535982406,0.0814739105006115,0.103362237244366
1842,21376,"s14","m2",0.460251261066338,0.66350634612191,-0.0394510646125483,0.12529794743866,0.135077638198749
1843,21377,"s14","m2",0.35580028278373,0.514272220504372,-0.0586630478438276,-0.0989366061543562,1.00149123757347
1844,21382,"s14","m2",0.356504923318282,0.565078482320422,-0.160416586945259,-0.0789606514757742,0.566576667154648
1845,21404,"s14","m2",0.502795765853485,0.693328416125328,0.0234101453997596,0.0215993010235446,-0.416281680896304
1846,21410,"s14","m2",0.566365892093308,0.549749474923875,0.116590701102598,-0.114752937487009,0.0436235583936703
1847,21413,"s14","m2",0.477667567116999,0.681314400419679,-0.0282802349627892,0.0278969452780518,-0.355563112560592
1848,21419,"s14","m2",0.428163709435887,0.612480842810703,0.0406615486390942,0.0821279818594579,0.319775491230781
1849,21443,"s14","m2",0.571804686060721,0.677619937974881,-0.0757879685003997,0.0238311164451977,-0.470537956089653
1850,21457,"s14","m2",0.378057473156083,0.435161528350663,-0.151039769293757,-0.18530374599152,0.588277141013941
1851,21467,"s14","m2",0.39757705062783,0.630187822439415,-0.127396665322414,-0.0216350568718944,0.251935012480184
1852,21509,"s14","m2",0.501880940564935,0.645436261383169,-0.0287957176212134,-0.0216227451867488,-0.345283779518345
1853,21519,"s14","m2",0.335101418049517,0.536982274982134,-0.195424732907896,-0.0910504995994023,0.530212670364356
1854,21541,"s14","m2",0.416111032775766,0.54787867159214,-0.167017738710949,-0.0960665049820721,0.0657189483690188
1855,21565,"s14","m2",0.454831896145611,0.635798665315175,-0.107325808208046,0.00913160850229752,-0.113608922939687
1856,21570,"s14","m2",0.443273521434247,0.630940852238851,-0.142495761771541,0.0270844738826596,0.0177046609319448
1857,21580,"s14","m2",0.333364132003754,0.561921363626546,-0.213357075072988,-0.063310181658429,0.413492129801703
1858,21582,"s14","m2",0.450315620337217,0.578731254875601,-0.0969004934294664,-0.0546774151624562,0.178905135850726
1859,21585,"s14","m2",0.404943957403492,0.483242047442652,-0.042223994626682,-0.055383878722613,0.836357582375352
1860,21606,"s14","m2",0.412866606356855,0.546862509164113,-0.188402095707113,-0.1961356368207,0.283302549227895
1861,21615,"s14","m2",0.490923023644044,0.526646048605832,-0.0808338208106382,-0.0581240405013705,-0.0207346615402569
1862,21625,"s14","m2",0.50961360421159,0.704769601362446,-0.0481924159515083,0.15382398106008,0.0335181643312085
1863,21632,"s14","m2",0.510952154082651,0.601183765209704,0.00696782469103191,-0.145082185532363,-0.223681811581133
1864,21634,"s14","m2",0.380871943602536,0.52862855436303,-0.172313915068064,-0.0419528667304365,0.881941766324728
1865,21650,"s14","m2",0.459306371546198,0.610041354284267,-0.0594342763520393,0.0102509077653329,-0.183964375648938
1866,21651,"s14","m2",0.449542832045776,0.573660730285291,-0.0517225173354983,-0.0875627885322239,-0.0167337159183409
1867,21674,"s14","m2",0.488256414655599,0.643803402882003,-0.0418558722173047,0.0710863478852372,-0.23042718511013
1868,21689,"s14","m2",0.535233943666994,0.694609662481278,0.00414711355652422,0.00782292277400271,-0.584360446236997
1869,21707,"s14","m2",0.360562208508989,0.534060546346497,-0.183597173761878,-0.0249548405752469,0.863951103887837
1870,21733,"s14","m2",0.304119388664722,0.563068675428145,-0.217236448113267,-0.0953867614995953,0.398487935961354
1871,21741,"s14","m2",0.252899256604047,0.468016717520433,-0.399251631261655,-0.240100254877836,1.02294626673154
1872,21750,"s14","m2",0.564775674860814,0.603487483409129,0.0267173895344788,-0.0394890644079294,-0.268535586216069
1873,21755,"s14","m2",0.436577073144708,0.660249997037628,-0.211062382362594,0.0625785877021525,-0.105765726756145
1874,21764,"s14","m2",0.446610827221263,0.674354243334176,-0.210281592962191,0.0770606179790304,-0.370571518604489
1875,21771,"s14","m2",0.485362737398639,0.578489254327306,-0.0386399205615296,-0.0136764198133895,-0.166976729107364
1876,21779,"s14","m2",0.479968039206619,0.618904426304375,-0.0492340406414014,0.0120012897065221,0.027893639543977
1877,21800,"s14","m2",0.461444733052611,0.718401738591793,-0.0823193752109564,0.174968639888738,-0.279659049529908
1878,21803,"s14","m2",0.281989097263626,0.472378496811044,-0.23746756017073,-0.254076016874899,1.0191299882863
1879,21808,"s14","m2",0.417519696627559,0.564352214364417,-0.108675512547479,-0.0177054580842834,0.209765433723319
1880,21829,"s14","m2",0.341962520433617,0.426066861570934,-0.184722776208138,-0.241726969102565,0.423744026285438
1881,21833,"s14","m2",0.387514399913978,0.592371220145246,-0.140297001129933,-0.103414530341212,-0.143440196029153
1882,21834,"s14","m2",0.311608792780327,0.556748288338016,-0.370456007043328,-0.109733344021209,0.505308742231662
1883,21842,"s14","m2",0.472170995591193,0.545553778853985,-0.118582103107208,-0.10803645798881,-0.147658545063015
1884,21846,"s14","m2",0.439131664002183,0.574252534018491,-0.0936103774678916,-0.0130413000286304,0.362001858467901
1885,21851,"s14","m2",0.457066290204229,0.609347021061897,-0.0591091111729319,-0.108696577843081,-0.174374955367409
1886,21860,"s14","m2",0.481157434382489,0.634317581987897,-0.0690368674709731,0.0525183425341062,0.0625507181444064
1887,21903,"s14","m2",0.38124373839294,0.547857653633417,-0.241908682161992,0.0159499080759965,0.371231270000343
1888,21945,"s14","m2",0.458855652486139,0.555767064743869,-0.0721918992384548,-0.132346768972075,0.228527184797731
1889,21954,"s14","m2",0.453018630536186,0.614227282907707,0.0188027008506119,-0.0369979348092579,0.260841576011182
1890,21961,"s14","m2",0.416105268006873,0.489514905667718,-0.186915216514212,-0.233072983167674,0.398001650063217
1891,21966,"s14","m2",0.408444095765956,0.637193010858577,-0.025455364678913,0.0440087266797648,0.307036389117911
1892,21971,"s14","m2",0.47450913392353,0.643710782174731,-0.193888309477071,-0.0264910826806539,0.0254749199859963
1893,21973,"s14","m2",0.415986676020891,0.650542578973877,-0.104392154738154,0.00428723669186748,0.0949774722103744
1894,22024,"s14","m2",0.403840989093349,0.623343593352014,-0.108928829056738,0.0482222642965248,0.140323578509582
1895,22027,"s14","m2",0.454857719306499,0.574169025924649,-0.127716456381914,-0.113794437891952,-0.223716646060706
1896,22039,"s14","m2",0.442595067855693,0.513205733111068,-0.0895706477214855,-0.0886206485732846,0.182998803530771
1897,22043,"s14","m2",0.449215381540468,0.697329473573954,-0.0104774749754006,0.113767674552085,-0.0499954831393363
1898,22049,"s14","m2",0.22959400472907,0.546683078220773,-0.364819191785899,-0.0438752714120927,0.858186073772226
1899,22073,"s14","m2",0.459029255080733,0.574646978720429,-0.164504405287234,-0.0324539142690044,-0.200633429128581
1900,22095,"s14","m2",0.333080913476102,0.572464055838591,-0.225193657239134,-0.0923892199084303,0.799542643740323
1901,22097,"s14","m2",0.528355666719594,0.569376240693806,0.130675957173766,0.0293657048599484,-0.317350262564645
1902,22109,"s14","m2",0.423405408234814,0.604514508199991,-0.147759570282792,0.0113396664235066,0.335141235594813
1903,22121,"s14","m2",0.477955750376325,0.522515986431997,-0.0356220121910618,-0.137303648533856,-0.217321200774662
1904,22142,"s14","m2",0.47148337192152,0.636347679029939,-0.03803585397114,-0.0243382173288802,-0.0859986385640626
1905,22151,"s14","m2",0.451610778431815,0.627882494001625,-0.0210878227488353,0.0138663270649503,0.19331620922713
1906,22155,"s14","m2",0.365259834817107,0.596074516654769,-0.158166171685627,-0.0347877929767609,0.180495733158165
1907,22167,"s14","m2",0.320854243362733,0.517294193734514,-0.230826840367141,-0.0603673802439594,0.610347150327195
1908,22173,"s14","m2",0.353798001414286,0.510282328790071,-0.246022135412437,-0.00967598698216708,0.545304726257937
1909,22182,"s14","m2",0.468907202265458,0.6247117406904,-0.00295773270647157,0.0261061956936275,-0.0611937568120074
1910,22186,"s14","m2",0.578868146687138,0.65788898190125,0.0738269058142132,-0.0127963996102466,-0.368737549935635
1911,22202,"s14","m2",0.452367320830941,0.566969253004138,-0.0865011367934035,-0.0469197949355701,-0.00798985102222926
1912,22218,"s14","m2",0.379176353068787,0.614108376871279,-0.0882219766271973,0.0160007775013128,0.532747099606465
1913,22235,"s14","m2",0.42566268321932,0.621250565233529,-0.0560886562259425,-0.0182006004446605,-0.165022978734648
1914,22254,"s14","m2",0.43095780069967,0.664835589068384,-0.00217655681228316,0.0713340455322274,0.202183311191379
1915,22256,"s14","m2",0.464052369388636,0.633802860462296,-0.012807287094835,0.0980039615463204,0.414782050809377
1916,22268,"s14","m2",0.355118897382644,0.524489607163068,-0.046294981668068,-0.169883622940923,0.659887701913429
1917,22282,"s14","m2",0.399248634794056,0.50842809644496,-0.11837549377543,-0.203011051571977,0.573423652440957
1918,22302,"s14","m2",0.404984517616088,0.624966964304208,-0.219962367415923,0.0718555427810442,0.454709649311748
1919,22303,"s14","m2",0.286471441634104,0.640587932859108,-0.285742413117473,0.168656755290469,0.575038345446491
1920,22321,"s14","m2",0.435866965625863,0.588670504172959,-0.085642839534051,-0.037418096053811,0.121638868284614
1921,22329,"s14","m2",0.397123702774356,0.536485939241967,-0.225230237164991,-0.172220189294348,0.478588268961484
1922,22364,"s14","m2",0.379290284456977,0.6149305792426,-0.136668548532447,0.0905027312004911,0.646620504990556
1923,22378,"s14","m2",0.491613851865744,0.675881945993866,-0.0467970457457274,-0.0628417862376239,-0.358285927381403
1924,22403,"s14","m2",0.564851258019218,0.603059987499223,0.0995207933030764,-0.0555577420296264,-0.184582475830023
1925,22415,"s14","m2",0.341023816923857,0.531872113265864,-0.249359373928743,-0.130191094584133,0.789598173240854
1926,22439,"s14","m2",0.498352200527723,0.603921945842536,-0.00197907052689297,0.0388532896411548,0.321918791484319
1927,22461,"s14","m2",0.440143752274614,0.533424251496165,-0.18699370711156,-0.167946411293808,0.275742490574893
1928,22467,"s14","m2",0.546465107760703,0.677432596554103,0.0867150906942337,0.175748523646428,-0.190973717732429
1929,22495,"s14","m2",0.336133776493448,0.527462869871287,-0.150753177783841,-0.0974453941284825,0.640749149720348
1930,22507,"s14","m2",0.46009845008184,0.639896664200943,-0.104426266435325,0.107599485939873,-0.0451454472117781
1931,22525,"s14","m2",0.414638739654299,0.640882776985401,-0.26868372695246,-0.0589145184566999,0.00429621157508925
1932,22533,"s14","m2",0.464398560664757,0.604383488143094,-0.0516481774646148,-0.12183852508517,-0.150610031370153
1933,22537,"s14","m2",0.333474658787998,0.586920374965293,-0.390695770199123,0.0175096606925572,0.343294481723715
1934,22570,"s14","m2",0.418836278741182,0.562413849863537,-0.225111432627667,-0.0964629851019406,0.155679744076111
1935,22580,"s14","m2",0.435417034803005,0.630741458474508,-0.0922393440362134,-0.000341926189506467,-0.493863613419652
1936,22594,"s14","m2",0.454911709962909,0.595072577179073,-0.0939934974306978,-0.0835438318349602,-0.118858093339385
1937,22603,"s14","m2",0.494256086761637,0.639998796743823,-0.0106961654483983,-0.0128638132555891,-0.465378829670618
1938,22604,"s14","m2",0.45523750633136,0.620789636176353,-0.023594619340223,-0.0183268892676755,0.0837791804672351
1939,22628,"s14","m2",0.431918486277355,0.647721331152813,-0.210586133244394,0.04493324773507,0.0774675306368605
1940,22639,"s14","m2",0.346435856864418,0.479734988746512,-0.108241755665297,-0.241178204183705,0.787422532337909
1941,22643,"s14","m2",0.331148338795217,0.477661181367941,-0.283072479933771,-0.140317662256588,0.855349499373859
1942,22679,"s14","m2",0.474786434344883,0.590758909666787,-0.101096904425256,-0.0530611951080537,0.146518433977981
1943,22682,"s14","m2",0.447262626097132,0.613695660642082,-0.0673946183757477,-0.0672879193323849,0.0680895549909377
1944,22685,"s14","m2",0.422876059052933,0.4798963744627,0.0147905503988466,-0.196637172364817,0.348495820813598
1945,22686,"s14","m2",0.462601653761156,0.599122980156514,-0.00939717284723118,0.0620663080765284,0.171654342463859
1946,22698,"s14","m2",0.333991757268194,0.55940058017974,-0.207529278551664,0.0475614637326154,0.567509615172989
1947,22709,"s14","m2",0.425321452959995,0.552726441888744,-0.0664062146893613,-0.00957312330925286,0.315627108717988
1948,22716,"s14","m2",0.281822226119005,0.487986348433512,-0.248221359802795,-0.123435467725548,0.618850058521089
1949,22724,"s14","m2",0.300906317517284,0.489467783160078,-0.103926763399896,-0.165845705272626,0.936151951413732
1950,22763,"s14","m2",0.476532769879645,0.632122397779918,0.0850445535120393,-0.0140121044517864,-0.11325988582919
1951,22765,"s14","m2",0.455336868884904,0.52505018263631,-0.0761511426146743,-0.177823505616348,-0.278147348340281
1952,22768,"s14","m2",0.467157807701829,0.575032385748777,-0.163517062727643,-0.0495519501580985,-0.199250349967448
1953,22792,"s14","m2",0.299311354095143,0.559472208892479,-0.260656702541879,-0.0985911422384204,0.770155920867591
1954,22793,"s14","m2",0.506187615571388,0.61255255092488,0.00835710917267114,0.0643677639833443,0.0667766711694764
1955,22804,"s14","m2",0.448177950161701,0.60177236403939,-0.0390090672899473,-0.0642988384865937,0.312391614706044
1956,22812,"s14","m2",0.4724431436141,0.55702533216936,-0.0787414653410399,-0.148753194838348,-0.00339675517738664
1957,22830,"s14","m2",0.417416682939088,0.572550644958046,-0.0233511022088195,-0.0154900397984469,0.12582525898775
1958,22841,"s14","m2",0.42938523912745,0.569219851339041,-0.168765919555347,-0.12526798087604,-0.18226959307994
1959,22850,"s14","m2",0.451786578454603,0.541935093680406,-0.110883122610677,-0.0382213808526361,0.394870371603365
1960,22863,"s14","m2",0.620481200540501,0.655587715631188,0.0837805564529836,0.104003668945213,-0.857623108914778
1961,22876,"s14","m2",0.373230051388699,0.564498157675475,-0.105756328047096,-0.0976344574008171,0.403541240161216
1962,22881,"s14","m2",0.375409948931407,0.512905942248542,-0.11244565160699,-0.146122517217328,0.467338849869056
1963,22883,"s14","m2",0.483605612741861,0.636462797228196,0.0330059407137588,0.0189067919032356,0.0623858800347735
1964,22887,"s14","m2",0.500480629208862,0.640331616502488,-0.102753658812968,-0.00949356816460301,-0.353886111093916
1965,22924,"s14","m2",0.518529145067351,0.709479619202813,-0.0588404014220758,0.0744687207621241,-0.503813491746095
1966,22939,"s14","m2",0.354499770625928,0.534556443892095,-0.176740608083648,-0.0919918790192591,0.885589232759822
1967,22956,"s14","m2",0.489680636339139,0.550874188178002,0.0264142987050389,-0.197485243200051,0.00176707023152273
1968,22961,"s14","m2",0.275430706027971,0.522357345547631,-0.363550254179866,-0.0435116161467159,0.693166230024246
1969,22999,"s14","m2",0.515524340489308,0.62542113253636,-0.058878793833559,0.0234445770563922,-0.321822838340859
1970,23010,"s14","m2",0.428092781883002,0.637761503187679,-0.181389817226273,0.00899897910870925,0.0445310038682669
1971,23019,"s14","m2",0.470073244176291,0.586173043197559,0.0410768849392759,-0.00203791508496902,0.276432249460024
1972,23037,"s14","m2",0.433622824326663,0.591660905487637,-0.090740609228058,-0.0107434453217198,0.102995075952765
1973,23051,"s14","m2",0.48933195047365,0.581977622262713,-0.0960692729324671,-0.0133740679264801,0.0356671764068978
1974,23055,"s14","m2",0.331784988558253,0.549096963370481,-0.344189495129323,-0.0182966903932426,0.388396538254123
1975,23056,"s14","m2",0.463886755736447,0.685641124874733,-0.0445047758492515,0.145048171998823,-0.232266067359921
1976,23085,"s14","m2",0.513588345536197,0.653355833829583,-0.0733017226616773,0.137359126817257,-0.240262868981143
1977,23094,"s14","m2",0.367584155877847,0.476796436101134,-0.0857593611416378,-0.157479071399154,0.861367952437976
1978,23096,"s14","m2",0.449777591895619,0.638309977847822,-0.0606816782456944,0.017489164115256,-0.119823015728874
1979,23103,"s14","m2",0.447210426726293,0.547821298786701,0.0524300253858862,-0.053490049403789,0.591448546936931
1980,23129,"s14","m2",0.411622102829552,0.522715422408263,-0.00263230246211407,-0.04196583184425,0.561953296405084
1981,23158,"s14","m2",0.348884948172019,0.608410317506467,-0.0243276879628077,-0.00432935404039664,0.475011656137224
1982,23166,"s14","m2",0.494042704970148,0.603620877321042,-0.0137120687291595,-0.0210815367183772,0.114328910708348
1983,23170,"s14","m2",0.514164299315784,0.578318575633817,-0.0563921619393021,-0.0747751178899899,-0.203239528651093
1984,23185,"s14","m2",0.471071252314261,0.569420374821539,-0.097936189228237,-0.0625596922583945,-0.0474618394884383
1985,23189,"s14","m2",0.416365317887644,0.452125538719599,-0.0486256403205722,-0.204465316903006,0.404781469089742
1986,23201,"s14","m2",0.567539709739861,0.644399250851924,0.0525587160308102,0.00319061562578225,-0.647975671133219
1987,23210,"s14","m2",0.4521029307167,0.651119606820693,0.0508124657193582,0.115142651841664,0.0162969102538354
1988,23219,"s14","m2",0.472398520713478,0.665765586588968,-0.119350107030835,0.0669565309557713,-0.190472488559665
1989,23261,"s14","m2",0.462189033428114,0.550941354704587,0.0275314913585069,-0.128724667713232,0.341707499773736
1990,23264,"s14","m2",0.315192305553225,0.535489545723559,-0.0739931297240416,-0.00623197945765734,0.949779287914695
1991,23266,"s14","m2",0.403552734105308,0.529011261965211,-0.158032105270574,-0.0864880543006809,0.0705388097576276
1992,23278,"s14","m2",0.303565089847412,0.632329781116297,-0.227109035986416,0.00607823131364948,0.211103412180969
1993,23287,"s14","m2",0.373878106988747,0.545863438997999,0.0163949549965296,-0.0984996249645039,0.561846879378723
1994,23290,"s14","m2",0.315087053053834,0.56316656276284,-0.345619080527737,-0.0246777435304488,0.540506426902011
1995,23295,"s14","m2",0.539363270489612,0.68214805598791,-0.121966374944199,0.0322570855352911,-0.45425491370693
1996,23312,"s14","m2",0.41210885753391,0.577202879113113,-0.257148992789364,-0.116307777469111,0.0529913358075928
1997,23317,"s14","m2",0.449506353829953,0.579608843342217,-0.117280464303399,-0.0096433797752017,-0.491833472085635
1998,23330,"s14","m2",0.396363472273609,0.590576351059115,-0.139505118926614,0.0632361292142168,0.504819891681141
1999,23348,"s14","m2",0.435781634453839,0.630187676481867,-0.164606016992969,-0.00284857821230486,-0.308226413391803
2000,23352,"s14","m2",0.354890841523175,0.59106009292687,-0.198397760337819,-0.0354405505915228,0.256612808807724
2001,23361,"s14","m2",0.354048250778277,0.571778163280732,-0.238567789656704,-0.0530590309547286,0.317755305585519
2002,23362,"s14","m2",0.384373896960225,0.491323517914656,-0.284335390543631,-0.18306442753966,0.529709560688079
2003,23364,"s14","m2",0.283299388262396,0.428553089571128,-0.215046291631974,-0.24278268380563,0.839500537143662
2004,23366,"s14","m2",0.345518550715124,0.496819981380337,-0.128740215411353,-0.171700725099996,0.45925400273102
2005,23371,"s14","m2",0.345092284901075,0.50046623530334,-0.22321350080947,-0.095215138479539,0.556425790189202
2006,23428,"s14","m2",0.396369270622935,0.45685895871276,-0.111951339366607,-0.278348044222828,0.730085399360884
2007,23429,"s14","m2",0.415661351784515,0.47705864783006,-0.119207208072803,-0.209410374586127,0.602373290708218
2008,23442,"s14","m2",0.508610975759625,0.571918764355091,0.0137754569493861,-0.0476553593779461,-0.491439826959649
2009,23458,"s14","m2",0.338652180339687,0.515859702116418,-0.119986570434553,-0.164629820439414,0.307009375448694
2010,23468,"s14","m2",0.449974273356101,0.573048846926962,-0.131438572951992,-0.0446732108283031,0.123136916970954
2011,23473,"s14","m2",0.48467234337402,0.50170735187752,0.0203096711420403,-0.0695214427345925,0.149285512021612
2012,23506,"s14","m2",0.415445036710631,0.573372878978776,-0.179758959020007,-0.00951799812935048,0.266531948730325
2013,23524,"s14","m2",0.465300165543617,0.627118294006334,-0.0409407446656068,0.00646641296817088,0.103430670743728
2014,23570,"s14","m2",0.342202287544796,0.584077383678797,-0.112049914484216,-0.0012057631819158,0.522330942549032
2015,23587,"s14","m2",0.551766520240743,0.635434004218616,0.0269349890981883,-0.041514463556465,-0.299871489477748
2016,23595,"s14","m2",0.368278298774624,0.536781293523995,-0.0988185489908758,-0.00461432197264213,0.771595329256424
2017,23601,"s14","m2",0.418854229426461,0.585260681772476,-0.0783403433795058,-0.152025801968664,-0.328582744011625
2018,23604,"s14","m2",0.449908425136141,0.687488152918617,-0.0870862273265018,0.127253159503139,0.243109931184719
2019,23611,"s14","m2",0.431321121610233,0.555733814372439,-0.0801358540635801,-0.0904445258487963,0.307534594911528
2020,23619,"s14","m2",0.38851661246227,0.578780639006849,-0.177531280674206,0.0168705795948092,0.512407674198231
2021,23620,"s14","m2",0.436476748580245,0.622648554092861,-0.0614433774594797,0.0067865865737592,0.0556108266976231
2022,23623,"s14","m2",0.511659977905072,0.740680516047196,0.0844075275479951,0.194804128481509,-0.0408500869645303
2023,23625,"s14","m2",0.362958309414251,0.552637512361759,-0.188552491271048,-0.0633421794308058,0.534052532858199
2024,23644,"s14","m2",0.38152363645689,0.616082969753924,-0.153723616777324,0.110282113523034,0.467457101560791
2025,23659,"s14","m2",0.524206453777095,0.697475764416281,0.0302788401171455,0.110028599003138,-0.167051147880577
2026,23660,"s14","m2",0.361265861019634,0.602466947278378,-0.188326637648338,0.0366703156480441,0.503417515636035
2027,23694,"s14","m2",0.356788572336918,0.574814249917792,-0.216406432259598,0.0125826982665082,0.536622489986645
2028,23731,"s14","m2",0.380734182364268,0.541257728221102,-0.147258704859131,-0.0254700394587191,0.396285039828733
2029,23743,"s14","m2",0.325994262057497,0.431569077155219,-0.353846954968628,-0.334853280947774,0.856607804242258
2030,23755,"s14","m2",0.455048236810137,0.645261612711969,-0.0393250495723977,0.0367586998434411,0.107156582417166
2031,23772,"s14","m2",0.468972960598078,0.619176116007535,-0.0336073435325534,0.0184848096540152,-0.00454178672797864
2032,23788,"s14","m2",0.460246028947092,0.614470071476407,-0.0825582236335602,0.0256087075677352,-0.0776168047013366
2033,23793,"s14","m2",0.38804332884762,0.54781479185063,-0.153328231552197,-0.00990980132044869,0.482005837304755
2034,23801,"s14","m2",0.372971912298266,0.507924675411558,-0.101020184396328,-0.101142346744601,0.662287552898509
2035,23803,"s14","m2",0.502440709260993,0.715608503649894,-0.0118763925771401,0.140544074400375,-0.0922158423062849
2036,23832,"s14","m2",0.445656800381988,0.617317215072681,-0.159705921774258,0.0393594920624218,-0.026939435470931
2037,23841,"s14","m2",0.389614855488579,0.622888201102422,-0.10780217401125,0.0373853001214967,0.361342219658148
2038,23848,"s14","m2",0.457126315341346,0.592958750251722,-0.0694171862196436,0.0289242653172677,-0.311093942580597
2039,23858,"s14","m2",0.432948375094109,0.531623079682407,-0.0138109179546584,-0.137525748418171,0.0492769867822523
2040,23887,"s14","m2",0.527168770769998,0.746123465184311,-0.115040958898561,0.118010048952219,-0.876814434792724
2041,23899,"s14","m2",0.383290077698594,0.468183962396523,-0.15225270616346,-0.257604946944986,0.314861329210276
2042,23907,"s14","m2",0.318155452965021,0.491723439034596,-0.142817541817661,-0.157886523553283,1.0961470837454
2043,23918,"s14","m2",0.307832689535463,0.534360036557382,-0.291727959267097,-0.0360198388277669,0.623928153193908
2044,23927,"s14","m2",0.310847293005574,0.593385684627616,-0.248736848037318,-0.0371320830857596,0.17094923561013
2045,23945,"s14","m2",0.390251397430894,0.580103791511472,-0.133672878271623,-0.000158575712629386,0.605664557150234
2046,23972,"s14","m2",0.347041675593691,0.513825429697567,-0.146712743246335,-0.220504545234803,0.567059847335344
2047,23994,"s14","m2",0.347669267465689,0.595921152558708,-0.216464034525455,-0.00366768744641259,0.500551954203878
2048,23999,"s14","m2",0.348136316775539,0.553995750146681,-0.134998459682306,-0.0621619670333073,1.13166764054216
